#VRML V2.0 utf8
# 3D model generated by easyeda2kicad.py (https://github.com/uPesy/easyeda2kicad.py)

Shape{
    appearance Appearance {
        material  Material 	{
            diffuseColor 0.8313725490196079 0.6705882352941176 0.12941176470588237
            specularColor 0.6666666666666666 0.5372549019607843 0.10196078431372549
            ambientIntensity 0.657
            transparency 0.0
            shininess 0.5
        }
    }
    geometry IndexedFaceSet {
        ccw TRUE
        solid FALSE
        coord DEF co Coordinate {
            point [
                0.4429 0.5846 0.0236, 0.5019 0.5846 0.0236, 0.4429 0.5846 0.0, 0.5019 0.5846 0.0, 0.5019 0.546 0.0, 0.4429 0.546 0.0, 0.5019 0.5206 0.0, 0.4429 0.5206 0.0, 0.4429 0.5051 0.0, 0.5019 0.5051 0.0, 0.4429 0.4976 0.0004, 0.5019 0.4976 0.0004, 0.5019 0.4805 0.0044, 0.4429 0.4805 0.0044, 0.5019 0.4649 0.0125, 0.4429 0.4649 0.0125, 0.5019 0.4523 0.0236, 0.4429 0.4523 0.0236, 0.5019 0.4376 0.0412, 0.4429 0.4376 0.0412, 0.5019 0.4248 0.0556, 0.4429 0.4248 0.0556, 0.5019 0.4151 0.062, 0.4429 0.4151 0.062, 0.5019 0.4046 0.0658, 0.4429 0.4046 0.0658, 0.5019 0.3914 0.0669, 0.4429 0.3914 0.0669, 0.5019 0.3642 0.0669, 0.4429 0.3642 0.0669, 0.4429 0.5304 0.0236, 0.5019 0.5304 0.0236, 0.4429 0.4999 0.0239, 0.5019 0.4999 0.0239, 0.4429 0.4885 0.0266, 0.5019 0.4885 0.0266, 0.4429 0.4781 0.0321, 0.5019 0.4781 0.0321, 0.4429 0.4696 0.0397, 0.5019 0.4696 0.0397, 0.4429 0.4545 0.0579, 0.5019 0.4545 0.0579, 0.4429 0.4404 0.0733, 0.5019 0.4404 0.0733, 0.4429 0.4258 0.083, 0.5019 0.4258 0.083, 0.4429 0.4101 0.0887, 0.5019 0.4101 0.0887, 0.4429 0.3941 0.0906, 0.5019 0.3918 0.0906, 0.4429 0.3918 0.0906, 0.4429 0.3642 0.0906, 0.5019 0.3642 0.0906, 0.2854 0.5846 0.0236, 0.3444 0.5846 0.0236, 0.2854 0.5846 0.0, 0.3444 0.5846 0.0, 0.3444 0.5206 0.0, 0.2854 0.5206 0.0, 0.2854 0.5051 0.0, 0.3444 0.5051 0.0, 0.2854 0.4976 0.0004, 0.3444 0.4976 0.0004, 0.3444 0.4805 0.0044, 0.2854 0.4805 0.0044, 0.3444 0.4649 0.0125, 0.2854 0.4649 0.0125, 0.3444 0.4523 0.0236, 0.2854 0.4523 0.0236, 0.3444 0.4376 0.0412, 0.2854 0.4376 0.0412, 0.3444 0.4248 0.0556, 0.2854 0.4248 0.0556, 0.3444 0.4151 0.062, 0.2854 0.4151 0.062, 0.3444 0.4046 0.0658, 0.2854 0.4046 0.0658, 0.3444 0.3914 0.0669, 0.2854 0.3914 0.0669, 0.3444 0.3642 0.0669, 0.2854 0.3642 0.0669, 0.2854 0.5304 0.0236, 0.3444 0.5304 0.0236, 0.2854 0.4999 0.0239, 0.3444 0.4999 0.0239, 0.2854 0.4885 0.0266, 0.3444 0.4885 0.0266, 0.2854 0.4781 0.0321, 0.3444 0.4781 0.0321, 0.2854 0.4696 0.0397, 0.3444 0.4696 0.0397, 0.2854 0.4545 0.0579, 0.3444 0.4545 0.0579, 0.2854 0.4404 0.0733, 0.3444 0.4404 0.0733, 0.2854 0.4258 0.083, 0.3444 0.4258 0.083, 0.2854 0.4101 0.0887, 0.3444 0.4101 0.0887, 0.2854 0.3941 0.0906, 0.3444 0.3918 0.0906, 0.2854 0.3918 0.0906, 0.2854 0.3642 0.0906, 0.3444 0.3642 0.0906, 0.1279 0.5846 0.0236, 0.187 0.5846 0.0236, 0.1279 0.5846 0.0, 0.187 0.5846 0.0, 0.187 0.5713 0.0, 0.1279 0.5713 0.0, 0.187 0.5206 0.0, 0.1279 0.5206 0.0, 0.1279 0.5051 0.0, 0.187 0.5051 0.0, 0.1279 0.4976 0.0004, 0.187 0.4976 0.0004, 0.187 0.4805 0.0044, 0.1279 0.4805 0.0044, 0.187 0.4649 0.0125, 0.1279 0.4649 0.0125, 0.187 0.4523 0.0236, 0.1279 0.4523 0.0236, 0.187 0.4376 0.0412, 0.1279 0.4376 0.0412, 0.187 0.4248 0.0556, 0.1279 0.4248 0.0556, 0.187 0.4151 0.062, 0.1279 0.4151 0.062, 0.187 0.4046 0.0658, 0.1279 0.4046 0.0658, 0.187 0.3914 0.0669, 0.1279 0.3914 0.0669, 0.187 0.3642 0.0669, 0.1279 0.3642 0.0669, 0.1279 0.5304 0.0236, 0.187 0.5304 0.0236, 0.1279 0.4999 0.0239, 0.187 0.4999 0.0239, 0.1279 0.4885 0.0266, 0.187 0.4885 0.0266, 0.1279 0.4781 0.0321, 0.187 0.4781 0.0321, 0.1279 0.4696 0.0397, 0.187 0.4696 0.0397, 0.1279 0.4545 0.0579, 0.187 0.4545 0.0579, 0.1279 0.4404 0.0733, 0.187 0.4404 0.0733, 0.1279 0.4258 0.083, 0.187 0.4258 0.083, 0.1279 0.4101 0.0887, 0.187 0.4101 0.0887, 0.1279 0.3941 0.0906, 0.187 0.3918 0.0906, 0.1279 0.3918 0.0906, 0.1279 0.3642 0.0906, 0.187 0.3642 0.0906, -0.0296 0.5846 0.0236, 0.0295 0.5846 0.0236, -0.0296 0.5846 0.0, 0.0295 0.5846 0.0, 0.0295 0.5206 0.0, -0.0296 0.5206 0.0, -0.0296 0.5051 0.0, 0.0295 0.5051 0.0, -0.0296 0.4976 0.0004, 0.0295 0.4976 0.0004, 0.0295 0.4805 0.0044, -0.0296 0.4805 0.0044, 0.0295 0.4649 0.0125, -0.0296 0.4649 0.0125, 0.0295 0.4523 0.0236, -0.0296 0.4523 0.0236, 0.0295 0.4376 0.0412, -0.0296 0.4376 0.0412, 0.0295 0.4248 0.0556, -0.0296 0.4248 0.0556, 0.0295 0.4151 0.062, -0.0296 0.4151 0.062, 0.0295 0.4046 0.0658, -0.0296 0.4046 0.0658, 0.0295 0.3914 0.0669, -0.0296 0.3914 0.0669, 0.0295 0.3642 0.0669, -0.0296 0.3642 0.0669, -0.0296 0.5656 0.0236, 0.0295 0.5656 0.0236, -0.0296 0.5304 0.0236, 0.0295 0.5304 0.0236, -0.0296 0.4999 0.0239, 0.0295 0.4999 0.0239, -0.0296 0.4885 0.0266, 0.0295 0.4885 0.0266, -0.0296 0.4781 0.0321, 0.0295 0.4781 0.0321, -0.0296 0.4696 0.0397, 0.0295 0.4696 0.0397, -0.0296 0.4545 0.0579, 0.0295 0.4545 0.0579, -0.0296 0.4404 0.0733, 0.0295 0.4404 0.0733, -0.0296 0.4258 0.083, 0.0295 0.4258 0.083, -0.0296 0.4101 0.0887, 0.0295 0.4101 0.0887, -0.0296 0.3941 0.0906, 0.0295 0.3918 0.0906, -0.0296 0.3918 0.0906, -0.0296 0.3642 0.0906, 0.0295 0.3642 0.0906, -0.187 0.5846 0.0236, -0.128 0.5846 0.0236, -0.187 0.5846 0.0, -0.128 0.5846 0.0, -0.128 0.546 0.0, -0.187 0.546 0.0, -0.128 0.5206 0.0, -0.187 0.5206 0.0, -0.187 0.5051 0.0, -0.128 0.5051 0.0, -0.187 0.4976 0.0004, -0.128 0.4976 0.0004, -0.128 0.4805 0.0044, -0.187 0.4805 0.0044, -0.128 0.4649 0.0125, -0.187 0.4649 0.0125, -0.128 0.4523 0.0236, -0.187 0.4523 0.0236, -0.128 0.4376 0.0412, -0.187 0.4376 0.0412, -0.128 0.4248 0.0556, -0.187 0.4248 0.0556, -0.128 0.4151 0.062, -0.187 0.4151 0.062, -0.128 0.4046 0.0658, -0.187 0.4046 0.0658, -0.128 0.3914 0.0669, -0.187 0.3914 0.0669, -0.128 0.3642 0.0669, -0.187 0.3642 0.0669, -0.187 0.5304 0.0236, -0.128 0.5304 0.0236, -0.187 0.4999 0.0239, -0.128 0.4999 0.0239, -0.187 0.4885 0.0266, -0.128 0.4885 0.0266, -0.187 0.4781 0.0321, -0.128 0.4781 0.0321, -0.187 0.4696 0.0397, -0.128 0.4696 0.0397, -0.187 0.4545 0.0579, -0.128 0.4545 0.0579, -0.187 0.4404 0.0733, -0.128 0.4404 0.0733, -0.187 0.4258 0.083, -0.128 0.4258 0.083, -0.187 0.4101 0.0887, -0.128 0.4101 0.0887, -0.187 0.3941 0.0906, -0.128 0.3918 0.0906, -0.187 0.3918 0.0906, -0.187 0.3642 0.0906, -0.128 0.3642 0.0906, -0.3445 0.5846 0.0236, -0.2855 0.5846 0.0236, -0.3445 0.5846 0.0, -0.2855 0.5846 0.0, -0.2855 0.5206 0.0, -0.3445 0.5206 0.0, -0.3445 0.5051 0.0, -0.2855 0.5051 0.0, -0.3445 0.4976 0.0004, -0.2855 0.4976 0.0004, -0.2855 0.4805 0.0044, -0.3445 0.4805 0.0044, -0.2855 0.4649 0.0125, -0.3445 0.4649 0.0125, -0.2855 0.4523 0.0236, -0.3445 0.4523 0.0236, -0.2855 0.4376 0.0412, -0.3445 0.4376 0.0412, -0.2855 0.4248 0.0556, -0.3445 0.4248 0.0556, -0.2855 0.4151 0.062, -0.3445 0.4151 0.062, -0.2855 0.4046 0.0658, -0.3445 0.4046 0.0658, -0.2855 0.3914 0.0669, -0.3445 0.3914 0.0669, -0.2855 0.3642 0.0669, -0.3445 0.3642 0.0669, -0.3445 0.5304 0.0236, -0.2855 0.5304 0.0236, -0.3445 0.4999 0.0239, -0.2855 0.4999 0.0239, -0.3445 0.4885 0.0266, -0.2855 0.4885 0.0266, -0.3445 0.4781 0.0321, -0.2855 0.4781 0.0321, -0.3445 0.4696 0.0397, -0.2855 0.4696 0.0397, -0.3445 0.4545 0.0579, -0.2855 0.4545 0.0579, -0.3445 0.4404 0.0733, -0.2855 0.4404 0.0733, -0.3445 0.4258 0.083, -0.2855 0.4258 0.083, -0.3445 0.4101 0.0887, -0.2855 0.4101 0.0887, -0.3445 0.3941 0.0906, -0.2855 0.3918 0.0906, -0.3445 0.3918 0.0906, -0.3445 0.3642 0.0906, -0.2855 0.3642 0.0906, -0.2855 -0.5846 0.0, -0.2855 -0.5846 0.0236, -0.3445 -0.5846 0.0, -0.3445 -0.5846 0.0236, -0.3445 -0.546 0.0, -0.2855 -0.546 0.0, -0.3445 -0.5206 0.0, -0.2855 -0.5206 0.0, -0.2855 -0.5051 0.0, -0.3445 -0.5051 0.0, -0.2855 -0.4976 0.0004, -0.3445 -0.4976 0.0004, -0.3445 -0.4805 0.0044, -0.2855 -0.4805 0.0044, -0.3445 -0.4649 0.0125, -0.2855 -0.4649 0.0125, -0.3445 -0.4523 0.0236, -0.2855 -0.4523 0.0236, -0.3445 -0.4376 0.0412, -0.2855 -0.4376 0.0412, -0.3445 -0.4248 0.0556, -0.2855 -0.4248 0.0556, -0.3445 -0.4151 0.062, -0.2855 -0.4151 0.062, -0.3445 -0.4046 0.0658, -0.2855 -0.4046 0.0658, -0.3445 -0.3914 0.0669, -0.2855 -0.3914 0.0669, -0.3445 -0.3642 0.0669, -0.2855 -0.3642 0.0669, -0.2855 -0.5304 0.0236, -0.3445 -0.5304 0.0236, -0.2855 -0.4999 0.0239, -0.3445 -0.4999 0.0239, -0.2855 -0.4885 0.0266, -0.3445 -0.4885 0.0266, -0.2855 -0.4781 0.0321, -0.3445 -0.4781 0.0321, -0.2855 -0.4696 0.0397, -0.3445 -0.4696 0.0397, -0.2855 -0.4545 0.0579, -0.3445 -0.4545 0.0579, -0.2855 -0.4404 0.0733, -0.3445 -0.4404 0.0733, -0.2855 -0.4258 0.083, -0.3445 -0.4258 0.083, -0.2855 -0.4101 0.0887, -0.3445 -0.4101 0.0887, -0.2855 -0.3941 0.0906, -0.3445 -0.3918 0.0906, -0.2855 -0.3918 0.0906, -0.2855 -0.3642 0.0906, -0.3445 -0.3642 0.0906, -0.128 -0.5846 0.0, -0.128 -0.5846 0.0236, -0.187 -0.5846 0.0, -0.187 -0.5846 0.0236, -0.187 -0.546 0.0, -0.128 -0.546 0.0, -0.187 -0.5206 0.0, -0.128 -0.5206 0.0, -0.128 -0.5051 0.0, -0.187 -0.5051 0.0, -0.128 -0.4976 0.0004, -0.187 -0.4976 0.0004, -0.187 -0.4805 0.0044, -0.128 -0.4805 0.0044, -0.187 -0.4649 0.0125, -0.128 -0.4649 0.0125, -0.187 -0.4523 0.0236, -0.128 -0.4523 0.0236, -0.187 -0.4376 0.0412, -0.128 -0.4376 0.0412, -0.187 -0.4248 0.0556, -0.128 -0.4248 0.0556, -0.187 -0.4151 0.062, -0.128 -0.4151 0.062, -0.187 -0.4046 0.0658, -0.128 -0.4046 0.0658, -0.187 -0.3914 0.0669, -0.128 -0.3914 0.0669, -0.187 -0.3642 0.0669, -0.128 -0.3642 0.0669, -0.128 -0.5304 0.0236, -0.187 -0.5304 0.0236, -0.128 -0.4999 0.0239, -0.187 -0.4999 0.0239, -0.128 -0.4885 0.0266, -0.187 -0.4885 0.0266, -0.128 -0.4781 0.0321, -0.187 -0.4781 0.0321, -0.128 -0.4696 0.0397, -0.187 -0.4696 0.0397, -0.128 -0.4545 0.0579, -0.187 -0.4545 0.0579, -0.128 -0.4404 0.0733, -0.187 -0.4404 0.0733, -0.128 -0.4258 0.083, -0.187 -0.4258 0.083, -0.128 -0.4101 0.0887, -0.187 -0.4101 0.0887, -0.128 -0.3941 0.0906, -0.187 -0.3918 0.0906, -0.128 -0.3918 0.0906, -0.128 -0.3642 0.0906, -0.187 -0.3642 0.0906, 0.0295 -0.5846 0.0, 0.0295 -0.5846 0.0236, -0.0296 -0.5846 0.0, -0.0296 -0.5846 0.0236, -0.0296 -0.546 0.0, 0.0295 -0.546 0.0, -0.0296 -0.5206 0.0, 0.0295 -0.5206 0.0, 0.0295 -0.5051 0.0, -0.0296 -0.5051 0.0, 0.0295 -0.4976 0.0004, -0.0296 -0.4976 0.0004, -0.0296 -0.4805 0.0044, 0.0295 -0.4805 0.0044, -0.0296 -0.4649 0.0125, 0.0295 -0.4649 0.0125, -0.0296 -0.4523 0.0236, 0.0295 -0.4523 0.0236, -0.0296 -0.4376 0.0412, 0.0295 -0.4376 0.0412, -0.0296 -0.4248 0.0556, 0.0295 -0.4248 0.0556, -0.0296 -0.4151 0.062, 0.0295 -0.4151 0.062, -0.0296 -0.4046 0.0658, 0.0295 -0.4046 0.0658, -0.0296 -0.3914 0.0669, 0.0295 -0.3914 0.0669, -0.0296 -0.3642 0.0669, 0.0295 -0.3642 0.0669, 0.0295 -0.5304 0.0236, -0.0296 -0.5304 0.0236, 0.0295 -0.4999 0.0239, -0.0296 -0.4999 0.0239, 0.0295 -0.4885 0.0266, -0.0296 -0.4885 0.0266, 0.0295 -0.4781 0.0321, -0.0296 -0.4781 0.0321, 0.0295 -0.4696 0.0397, -0.0296 -0.4696 0.0397, 0.0295 -0.4545 0.0579, -0.0296 -0.4545 0.0579, 0.0295 -0.4404 0.0733, -0.0296 -0.4404 0.0733, 0.0295 -0.4258 0.083, -0.0296 -0.4258 0.083, 0.0295 -0.4101 0.0887, -0.0296 -0.4101 0.0887, 0.0295 -0.3941 0.0906, -0.0296 -0.3918 0.0906, 0.0295 -0.3918 0.0906, 0.0295 -0.3642 0.0906, -0.0296 -0.3642 0.0906, 0.187 -0.5846 0.0, 0.187 -0.5846 0.0236, 0.1279 -0.5846 0.0, 0.1279 -0.5846 0.0236, 0.1279 -0.5713 0.0, 0.187 -0.5713 0.0, 0.1279 -0.5206 0.0, 0.187 -0.5206 0.0, 0.187 -0.5051 0.0, 0.1279 -0.5051 0.0, 0.187 -0.4976 0.0004, 0.1279 -0.4976 0.0004, 0.1279 -0.4805 0.0044, 0.187 -0.4805 0.0044, 0.1279 -0.4649 0.0125, 0.187 -0.4649 0.0125, 0.1279 -0.4523 0.0236, 0.187 -0.4523 0.0236, 0.1279 -0.4376 0.0412, 0.187 -0.4376 0.0412, 0.1279 -0.4248 0.0556, 0.187 -0.4248 0.0556, 0.1279 -0.4151 0.062, 0.187 -0.4151 0.062, 0.1279 -0.4046 0.0658, 0.187 -0.4046 0.0658, 0.1279 -0.3914 0.0669, 0.187 -0.3914 0.0669, 0.1279 -0.3642 0.0669, 0.187 -0.3642 0.0669, 0.187 -0.5656 0.0236, 0.1279 -0.5656 0.0236, 0.187 -0.5304 0.0236, 0.1279 -0.5304 0.0236, 0.187 -0.4999 0.0239, 0.1279 -0.4999 0.0239, 0.187 -0.4885 0.0266, 0.1279 -0.4885 0.0266, 0.187 -0.4781 0.0321, 0.1279 -0.4781 0.0321, 0.187 -0.4696 0.0397, 0.1279 -0.4696 0.0397, 0.187 -0.4545 0.0579, 0.1279 -0.4545 0.0579, 0.187 -0.4404 0.0733, 0.1279 -0.4404 0.0733, 0.187 -0.4258 0.083, 0.1279 -0.4258 0.083, 0.187 -0.4101 0.0887, 0.1279 -0.4101 0.0887, 0.187 -0.3941 0.0906, 0.1279 -0.3918 0.0906, 0.187 -0.3918 0.0906, 0.187 -0.3642 0.0906, 0.1279 -0.3642 0.0906, 0.3444 -0.5846 0.0, 0.3444 -0.5846 0.0236, 0.2854 -0.5846 0.0, 0.2854 -0.5846 0.0236, 0.2854 -0.5206 0.0, 0.3444 -0.5206 0.0, 0.3444 -0.5051 0.0, 0.2854 -0.5051 0.0, 0.3444 -0.4976 0.0004, 0.2854 -0.4976 0.0004, 0.2854 -0.4805 0.0044, 0.3444 -0.4805 0.0044, 0.2854 -0.4649 0.0125, 0.3444 -0.4649 0.0125, 0.2854 -0.4523 0.0236, 0.3444 -0.4523 0.0236, 0.2854 -0.4376 0.0412, 0.3444 -0.4376 0.0412, 0.2854 -0.4248 0.0556, 0.3444 -0.4248 0.0556, 0.2854 -0.4151 0.062, 0.3444 -0.4151 0.062, 0.2854 -0.4046 0.0658, 0.3444 -0.4046 0.0658, 0.2854 -0.3914 0.0669, 0.3444 -0.3914 0.0669, 0.2854 -0.3642 0.0669, 0.3444 -0.3642 0.0669, 0.3444 -0.5304 0.0236, 0.2854 -0.5304 0.0236, 0.3444 -0.4999 0.0239, 0.2854 -0.4999 0.0239, 0.3444 -0.4885 0.0266, 0.2854 -0.4885 0.0266, 0.3444 -0.4781 0.0321, 0.2854 -0.4781 0.0321, 0.3444 -0.4696 0.0397, 0.2854 -0.4696 0.0397, 0.3444 -0.4545 0.0579, 0.2854 -0.4545 0.0579, 0.3444 -0.4404 0.0733, 0.2854 -0.4404 0.0733, 0.3444 -0.4258 0.083, 0.2854 -0.4258 0.083, 0.3444 -0.4101 0.0887, 0.2854 -0.4101 0.0887, 0.3444 -0.3941 0.0906, 0.2854 -0.3918 0.0906, 0.3444 -0.3918 0.0906, 0.3444 -0.3642 0.0906, 0.2854 -0.3642 0.0906, 0.5019 -0.5846 0.0, 0.5019 -0.5846 0.0236, 0.4429 -0.5846 0.0, 0.4429 -0.5846 0.0236, 0.4429 -0.546 0.0, 0.5019 -0.546 0.0, 0.4429 -0.5206 0.0, 0.5019 -0.5206 0.0, 0.5019 -0.5051 0.0, 0.4429 -0.5051 0.0, 0.5019 -0.4976 0.0004, 0.4429 -0.4976 0.0004, 0.4429 -0.4805 0.0044, 0.5019 -0.4805 0.0044, 0.4429 -0.4649 0.0125, 0.5019 -0.4649 0.0125, 0.4429 -0.4523 0.0236, 0.5019 -0.4523 0.0236, 0.4429 -0.4376 0.0412, 0.5019 -0.4376 0.0412, 0.4429 -0.4248 0.0556, 0.5019 -0.4248 0.0556, 0.4429 -0.4151 0.062, 0.5019 -0.4151 0.062, 0.4429 -0.4046 0.0658, 0.5019 -0.4046 0.0658, 0.4429 -0.3914 0.0669, 0.5019 -0.3914 0.0669, 0.4429 -0.3642 0.0669, 0.5019 -0.3642 0.0669, 0.5019 -0.5656 0.0236, 0.4429 -0.5656 0.0236, 0.5019 -0.5304 0.0236, 0.4429 -0.5304 0.0236, 0.5019 -0.4999 0.0239, 0.4429 -0.4999 0.0239, 0.5019 -0.4885 0.0266, 0.4429 -0.4885 0.0266, 0.5019 -0.4781 0.0321, 0.4429 -0.4781 0.0321, 0.5019 -0.4696 0.0397, 0.4429 -0.4696 0.0397, 0.5019 -0.4545 0.0579, 0.4429 -0.4545 0.0579, 0.5019 -0.4404 0.0733, 0.4429 -0.4404 0.0733, 0.5019 -0.4258 0.083, 0.4429 -0.4258 0.083, 0.5019 -0.4101 0.0887, 0.4429 -0.4101 0.0887, 0.5019 -0.3941 0.0906, 0.4429 -0.3918 0.0906, 0.5019 -0.3918 0.0906, 0.5019 -0.3642 0.0906, 0.4429 -0.3642 0.0906
            ]
        }
        coordIndex [
            0,1,2,-1,2,1,3,-1,2,3,4,-1,2,4,5,-1,5,4,6,-1,5,6,7,-1,7,6,8,-1,8,6,9,-1,8,9,10,-1,9,11,10,-1,10,11,12,-1,10,12,13,-1,13,12,14,-1,13,14,15,-1,15,14,16,-1,15,16,17,-1,17,16,18,-1,17,18,19,-1,19,18,20,-1,19,20,21,-1,21,20,22,-1,21,22,23,-1,23,22,24,-1,23,24,25,-1,25,24,26,-1,25,26,27,-1,27,26,28,-1,27,28,29,-1,1,0,30,-1,1,30,31,-1,31,30,32,-1,31,32,33,-1,33,32,34,-1,33,34,35,-1,35,34,36,-1,35,36,37,-1,37,36,38,-1,37,38,39,-1,39,38,40,-1,39,40,41,-1,41,40,42,-1,41,42,43,-1,43,42,44,-1,43,44,45,-1,45,44,46,-1,45,46,47,-1,47,46,48,-1,47,48,49,-1,48,50,49,-1,49,50,51,-1,49,51,52,-1,53,54,55,-1,55,54,56,-1,56,57,55,-1,55,57,58,-1,58,57,59,-1,59,57,60,-1,59,60,61,-1,60,62,61,-1,61,62,63,-1,61,63,64,-1,64,63,65,-1,64,65,66,-1,66,65,67,-1,66,67,68,-1,68,67,69,-1,68,69,70,-1,70,69,71,-1,70,71,72,-1,72,71,73,-1,72,73,74,-1,74,73,75,-1,74,75,76,-1,76,75,77,-1,76,77,78,-1,78,77,79,-1,78,79,80,-1,54,53,81,-1,54,81,82,-1,82,81,83,-1,82,83,84,-1,84,83,85,-1,84,85,86,-1,86,85,87,-1,86,87,88,-1,88,87,89,-1,88,89,90,-1,90,89,91,-1,90,91,92,-1,92,91,93,-1,92,93,94,-1,94,93,95,-1,94,95,96,-1,96,95,97,-1,96,97,98,-1,98,97,99,-1,98,99,100,-1,99,101,100,-1,100,101,102,-1,100,102,103,-1,104,105,106,-1,106,105,107,-1,106,107,108,-1,106,108,109,-1,109,108,110,-1,109,110,111,-1,111,110,112,-1,112,110,113,-1,112,113,114,-1,113,115,114,-1,114,115,116,-1,114,116,117,-1,117,116,118,-1,117,118,119,-1,119,118,120,-1,119,120,121,-1,121,120,122,-1,121,122,123,-1,123,122,124,-1,123,124,125,-1,125,124,126,-1,125,126,127,-1,127,126,128,-1,127,128,129,-1,129,128,130,-1,129,130,131,-1,131,130,132,-1,131,132,133,-1,105,104,134,-1,105,134,135,-1,135,134,136,-1,135,136,137,-1,137,136,138,-1,137,138,139,-1,139,138,140,-1,139,140,141,-1,141,140,142,-1,141,142,143,-1,143,142,144,-1,143,144,145,-1,145,144,146,-1,145,146,147,-1,147,146,148,-1,147,148,149,-1,149,148,150,-1,149,150,151,-1,151,150,152,-1,151,152,153,-1,152,154,153,-1,153,154,155,-1,153,155,156,-1,157,158,159,-1,159,158,160,-1,160,161,159,-1,159,161,162,-1,162,161,163,-1,163,161,164,-1,163,164,165,-1,164,166,165,-1,165,166,167,-1,165,167,168,-1,168,167,169,-1,168,169,170,-1,170,169,171,-1,170,171,172,-1,172,171,173,-1,172,173,174,-1,174,173,175,-1,174,175,176,-1,176,175,177,-1,176,177,178,-1,178,177,179,-1,178,179,180,-1,180,179,181,-1,180,181,182,-1,182,181,183,-1,182,183,184,-1,158,157,185,-1,158,185,186,-1,186,185,187,-1,186,187,188,-1,188,187,189,-1,188,189,190,-1,190,189,191,-1,190,191,192,-1,192,191,193,-1,192,193,194,-1,194,193,195,-1,194,195,196,-1,196,195,197,-1,196,197,198,-1,198,197,199,-1,198,199,200,-1,200,199,201,-1,200,201,202,-1,202,201,203,-1,202,203,204,-1,204,203,205,-1,204,205,206,-1,205,207,206,-1,206,207,208,-1,206,208,209,-1,210,211,212,-1,212,211,213,-1,212,213,214,-1,212,214,215,-1,215,214,216,-1,215,216,217,-1,217,216,218,-1,218,216,219,-1,218,219,220,-1,219,221,220,-1,220,221,222,-1,220,222,223,-1,223,222,224,-1,223,224,225,-1,225,224,226,-1,225,226,227,-1,227,226,228,-1,227,228,229,-1,229,228,230,-1,229,230,231,-1,231,230,232,-1,231,232,233,-1,233,232,234,-1,233,234,235,-1,235,234,236,-1,235,236,237,-1,237,236,238,-1,237,238,239,-1,211,210,240,-1,211,240,241,-1,241,240,242,-1,241,242,243,-1,243,242,244,-1,243,244,245,-1,245,244,246,-1,245,246,247,-1,247,246,248,-1,247,248,249,-1,249,248,250,-1,249,250,251,-1,251,250,252,-1,251,252,253,-1,253,252,254,-1,253,254,255,-1,255,254,256,-1,255,256,257,-1,257,256,258,-1,257,258,259,-1,258,260,259,-1,259,260,261,-1,259,261,262,-1,263,264,265,-1,265,264,266,-1,266,267,265,-1,265,267,268,-1,268,267,269,-1,269,267,270,-1,269,270,271,-1,270,272,271,-1,271,272,273,-1,271,273,274,-1,274,273,275,-1,274,275,276,-1,276,275,277,-1,276,277,278,-1,278,277,279,-1,278,279,280,-1,280,279,281,-1,280,281,282,-1,282,281,283,-1,282,283,284,-1,284,283,285,-1,284,285,286,-1,286,285,287,-1,286,287,288,-1,288,287,289,-1,288,289,290,-1,264,263,291,-1,264,291,292,-1,292,291,293,-1,292,293,294,-1,294,293,295,-1,294,295,296,-1,296,295,297,-1,296,297,298,-1,298,297,299,-1,298,299,300,-1,300,299,301,-1,300,301,302,-1,302,301,303,-1,302,303,304,-1,304,303,305,-1,304,305,306,-1,306,305,307,-1,306,307,308,-1,308,307,309,-1,308,309,310,-1,309,311,310,-1,310,311,312,-1,310,312,313,-1,314,315,316,-1,316,315,317,-1,314,316,318,-1,314,318,319,-1,319,318,320,-1,319,320,321,-1,321,320,322,-1,322,320,323,-1,322,323,324,-1,323,325,324,-1,324,325,326,-1,324,326,327,-1,327,326,328,-1,327,328,329,-1,329,328,330,-1,329,330,331,-1,331,330,332,-1,331,332,333,-1,333,332,334,-1,333,334,335,-1,335,334,336,-1,335,336,337,-1,337,336,338,-1,337,338,339,-1,339,338,340,-1,339,340,341,-1,341,340,342,-1,341,342,343,-1,317,315,344,-1,317,344,345,-1,345,344,346,-1,345,346,347,-1,347,346,348,-1,347,348,349,-1,349,348,350,-1,349,350,351,-1,351,350,352,-1,351,352,353,-1,353,352,354,-1,353,354,355,-1,355,354,356,-1,355,356,357,-1,357,356,358,-1,357,358,359,-1,359,358,360,-1,359,360,361,-1,361,360,362,-1,361,362,363,-1,362,364,363,-1,363,364,365,-1,363,365,366,-1,367,368,369,-1,369,368,370,-1,367,369,371,-1,367,371,372,-1,372,371,373,-1,372,373,374,-1,374,373,375,-1,375,373,376,-1,375,376,377,-1,376,378,377,-1,377,378,379,-1,377,379,380,-1,380,379,381,-1,380,381,382,-1,382,381,383,-1,382,383,384,-1,384,383,385,-1,384,385,386,-1,386,385,387,-1,386,387,388,-1,388,387,389,-1,388,389,390,-1,390,389,391,-1,390,391,392,-1,392,391,393,-1,392,393,394,-1,394,393,395,-1,394,395,396,-1,370,368,397,-1,370,397,398,-1,398,397,399,-1,398,399,400,-1,400,399,401,-1,400,401,402,-1,402,401,403,-1,402,403,404,-1,404,403,405,-1,404,405,406,-1,406,405,407,-1,406,407,408,-1,408,407,409,-1,408,409,410,-1,410,409,411,-1,410,411,412,-1,412,411,413,-1,412,413,414,-1,414,413,415,-1,414,415,416,-1,415,417,416,-1,416,417,418,-1,416,418,419,-1,420,421,422,-1,422,421,423,-1,420,422,424,-1,420,424,425,-1,425,424,426,-1,425,426,427,-1,427,426,428,-1,428,426,429,-1,428,429,430,-1,429,431,430,-1,430,431,432,-1,430,432,433,-1,433,432,434,-1,433,434,435,-1,435,434,436,-1,435,436,437,-1,437,436,438,-1,437,438,439,-1,439,438,440,-1,439,440,441,-1,441,440,442,-1,441,442,443,-1,443,442,444,-1,443,444,445,-1,445,444,446,-1,445,446,447,-1,447,446,448,-1,447,448,449,-1,423,421,450,-1,423,450,451,-1,451,450,452,-1,451,452,453,-1,453,452,454,-1,453,454,455,-1,455,454,456,-1,455,456,457,-1,457,456,458,-1,457,458,459,-1,459,458,460,-1,459,460,461,-1,461,460,462,-1,461,462,463,-1,463,462,464,-1,463,464,465,-1,465,464,466,-1,465,466,467,-1,467,466,468,-1,467,468,469,-1,468,470,469,-1,469,470,471,-1,469,471,472,-1,473,474,475,-1,475,474,476,-1,473,475,477,-1,473,477,478,-1,478,477,479,-1,478,479,480,-1,480,479,481,-1,481,479,482,-1,481,482,483,-1,482,484,483,-1,483,484,485,-1,483,485,486,-1,486,485,487,-1,486,487,488,-1,488,487,489,-1,488,489,490,-1,490,489,491,-1,490,491,492,-1,492,491,493,-1,492,493,494,-1,494,493,495,-1,494,495,496,-1,496,495,497,-1,496,497,498,-1,498,497,499,-1,498,499,500,-1,500,499,501,-1,500,501,502,-1,476,474,503,-1,476,503,504,-1,504,503,505,-1,504,505,506,-1,506,505,507,-1,506,507,508,-1,508,507,509,-1,508,509,510,-1,510,509,511,-1,510,511,512,-1,512,511,513,-1,512,513,514,-1,514,513,515,-1,514,515,516,-1,516,515,517,-1,516,517,518,-1,518,517,519,-1,518,519,520,-1,520,519,521,-1,520,521,522,-1,522,521,523,-1,522,523,524,-1,523,525,524,-1,524,525,526,-1,524,526,527,-1,528,529,530,-1,530,529,531,-1,530,532,528,-1,528,532,533,-1,533,532,534,-1,534,532,535,-1,534,535,536,-1,535,537,536,-1,536,537,538,-1,536,538,539,-1,539,538,540,-1,539,540,541,-1,541,540,542,-1,541,542,543,-1,543,542,544,-1,543,544,545,-1,545,544,546,-1,545,546,547,-1,547,546,548,-1,547,548,549,-1,549,548,550,-1,549,550,551,-1,551,550,552,-1,551,552,553,-1,553,552,554,-1,553,554,555,-1,531,529,556,-1,531,556,557,-1,557,556,558,-1,557,558,559,-1,559,558,560,-1,559,560,561,-1,561,560,562,-1,561,562,563,-1,563,562,564,-1,563,564,565,-1,565,564,566,-1,565,566,567,-1,567,566,568,-1,567,568,569,-1,569,568,570,-1,569,570,571,-1,571,570,572,-1,571,572,573,-1,573,572,574,-1,573,574,575,-1,574,576,575,-1,575,576,577,-1,575,577,578,-1,579,580,581,-1,581,580,582,-1,579,581,583,-1,579,583,584,-1,584,583,585,-1,584,585,586,-1,586,585,587,-1,587,585,588,-1,587,588,589,-1,588,590,589,-1,589,590,591,-1,589,591,592,-1,592,591,593,-1,592,593,594,-1,594,593,595,-1,594,595,596,-1,596,595,597,-1,596,597,598,-1,598,597,599,-1,598,599,600,-1,600,599,601,-1,600,601,602,-1,602,601,603,-1,602,603,604,-1,604,603,605,-1,604,605,606,-1,606,605,607,-1,606,607,608,-1,582,580,609,-1,582,609,610,-1,610,609,611,-1,610,611,612,-1,612,611,613,-1,612,613,614,-1,614,613,615,-1,614,615,616,-1,616,615,617,-1,616,617,618,-1,618,617,619,-1,618,619,620,-1,620,619,621,-1,620,621,622,-1,622,621,623,-1,622,623,624,-1,624,623,625,-1,624,625,626,-1,626,625,627,-1,626,627,628,-1,628,627,629,-1,628,629,630,-1,629,631,630,-1,630,631,632,-1,630,632,633,-1,
        ]
    }
}
Shape{
    appearance Appearance {
        material  Material 	{
            diffuseColor 0.2235294117647059 0.2235294117647059 0.2235294117647059
            specularColor 0.11372549019607843 0.11372549019607843 0.11372549019607843
            ambientIntensity 0.2235
            transparency 0.0
            shininess 0.5
        }
    }
    geometry IndexedFaceSet {
        ccw TRUE
        solid FALSE
        coord DEF co Coordinate {
            point [
                0.0866 -0.2618 0.4724, 0.0708 -0.2618 0.4724, 0.0866 -0.3248 0.4724, 0.0708 -0.3248 0.4724, 0.0866 0.3248 0.4724, 0.0708 0.3248 0.4724, 0.0866 0.2618 0.4724, 0.0708 0.2618 0.4724, 0.2441 -0.2618 0.4724, 0.2283 -0.2618 0.4724, 0.2441 -0.3248 0.4724, 0.2283 -0.3248 0.4724, 0.2441 0.3248 0.4724, 0.2283 0.3248 0.4724, 0.2441 0.2618 0.4724, 0.2283 0.2618 0.4724, -0.2284 -0.2618 0.4724, -0.2441 -0.2618 0.4724, -0.2284 -0.3248 0.4724, -0.2441 -0.3248 0.4724, -0.2284 0.3248 0.4724, -0.2441 0.3248 0.4724, -0.2284 0.2618 0.4724, -0.2441 0.2618 0.4724, -0.0709 -0.2618 0.4724, -0.0867 -0.2618 0.4724, -0.0709 -0.3248 0.4724, -0.0867 -0.3248 0.4724, -0.0709 0.3248 0.4724, -0.0867 0.3248 0.4724, -0.0709 0.2618 0.4724, -0.0867 0.2618 0.4724, 0.5433 -0.2618 0.4724, 0.5433 -0.3248 0.4724, 0.5905 -0.2618 0.4724, 0.6141 -0.3248 0.4724, 0.6243 -0.3235 0.4724, 0.6338 -0.3195 0.4724, 0.642 -0.3133 0.4724, 0.6482 -0.3051 0.4724, 0.5433 0.3248 0.4724, 0.5433 0.2618 0.4724, 0.6141 0.3248 0.4724, 0.5905 0.2618 0.4724, 0.6243 0.3235 0.4724, 0.6338 0.3195 0.4724, 0.6522 -0.2956 0.4724, 0.6535 -0.2854 0.4724, 0.6535 0.2854 0.4724, 0.6522 0.2956 0.4724, 0.6482 0.3051 0.4724, 0.642 0.3133 0.4724, 0.4015 0.3248 0.4724, 0.3858 0.3248 0.4724, 0.4015 0.2618 0.4724, 0.3858 0.2618 0.4724, 0.4015 -0.2618 0.4724, 0.3858 -0.2618 0.4724, 0.4015 -0.3248 0.4724, 0.3858 -0.3248 0.4724, -0.3859 0.3248 0.4724, -0.4016 0.3248 0.4724, -0.3859 0.2618 0.4724, -0.4016 0.2618 0.4724, 0.2441 0.2224 0.4331, 0.2283 0.2224 0.4331, 0.2441 0.2224 0.1181, 0.2283 0.2224 0.1181, 0.4015 0.2224 0.4331, 0.3858 0.2224 0.4331, 0.4015 0.2224 0.1181, 0.3858 0.2224 0.1181, -0.0709 0.2224 0.4331, -0.0867 0.2224 0.4331, -0.0709 0.2224 0.1181, -0.0867 0.2224 0.1181, 0.0866 0.2224 0.4331, 0.0708 0.2224 0.4331, 0.0866 0.2224 0.1181, 0.0708 0.2224 0.1181, 0.5433 0.2224 0.1181, 0.5511 0.2224 0.1181, 0.5433 0.2224 0.4331, 0.5511 0.2224 0.4331, -0.2284 0.2224 0.4331, -0.2441 0.2224 0.4331, -0.2284 0.2224 0.1181, -0.2441 0.2224 0.1181, 0.2441 0.2238 0.4433, 0.2283 0.2238 0.4433, 0.2441 0.2277 0.4528, 0.2283 0.2277 0.4528, 0.2441 0.234 0.4609, 0.2283 0.234 0.4609, 0.2441 0.2421 0.4672, 0.2283 0.2421 0.4672, 0.2441 0.2516 0.4711, 0.2283 0.2516 0.4711, 0.4015 0.2238 0.4433, 0.3858 0.2238 0.4433, 0.4015 0.2277 0.4528, 0.3858 0.2277 0.4528, 0.4015 0.234 0.4609, 0.3858 0.234 0.4609, 0.4015 0.2421 0.4672, 0.3858 0.2421 0.4672, 0.4015 0.2516 0.4711, 0.3858 0.2516 0.4711, -0.0709 0.2238 0.4433, -0.0867 0.2238 0.4433, -0.0709 0.2277 0.4528, -0.0867 0.2277 0.4528, -0.0709 0.234 0.4609, -0.0867 0.234 0.4609, -0.0709 0.2421 0.4672, -0.0867 0.2421 0.4672, -0.0709 0.2516 0.4711, -0.0867 0.2516 0.4711, 0.0866 0.2238 0.4433, 0.0708 0.2238 0.4433, 0.0866 0.2277 0.4528, 0.0708 0.2277 0.4528, 0.0866 0.234 0.4609, 0.0708 0.234 0.4609, 0.0866 0.2421 0.4672, 0.0708 0.2421 0.4672, 0.0866 0.2516 0.4711, 0.0708 0.2516 0.4711, 0.5433 0.2516 0.4711, 0.5803 0.2516 0.4711, 0.5433 0.2421 0.4672, 0.5708 0.2421 0.4672, 0.5433 0.234 0.4609, 0.5627 0.234 0.4609, 0.5433 0.2277 0.4528, 0.5564 0.2277 0.4528, 0.5593 0.2306 0.457, 0.5433 0.2238 0.4433, 0.5515 0.2228 0.4382, 0.5525 0.2238 0.4433, 0.5541 0.2254 0.4481, -0.2284 0.2238 0.4433, -0.2441 0.2238 0.4433, -0.2284 0.2277 0.4528, -0.2441 0.2277 0.4528, -0.2284 0.234 0.4609, -0.2441 0.234 0.4609, -0.2284 0.2421 0.4672, -0.2441 0.2421 0.4672, -0.2284 0.2516 0.4711, -0.2441 0.2516 0.4711, -0.0709 -0.2224 0.1181, -0.0867 -0.2224 0.1181, -0.0709 -0.2224 0.4331, -0.0867 -0.2224 0.4331, 0.0866 -0.2224 0.1181, 0.0708 -0.2224 0.1181, 0.0866 -0.2224 0.4331, 0.0708 -0.2224 0.4331, -0.3859 -0.2224 0.1181, -0.4016 -0.2224 0.1181, -0.3859 -0.2224 0.4331, -0.4016 -0.2224 0.4331, -0.2284 -0.2224 0.1181, -0.2441 -0.2224 0.1181, -0.2284 -0.2224 0.4331, -0.2441 -0.2224 0.4331, 0.4015 -0.2224 0.1181, 0.3858 -0.2224 0.1181, 0.4015 -0.2224 0.4331, 0.3858 -0.2224 0.4331, 0.2441 -0.2224 0.1181, 0.2283 -0.2224 0.1181, 0.2441 -0.2224 0.4331, 0.2283 -0.2224 0.4331, -0.0867 -0.2238 0.4433, -0.0709 -0.2238 0.4433, -0.0867 -0.2277 0.4528, -0.0709 -0.2277 0.4528, -0.0867 -0.234 0.4609, -0.0709 -0.234 0.4609, -0.0867 -0.2421 0.4672, -0.0709 -0.2421 0.4672, -0.0867 -0.2516 0.4711, -0.0709 -0.2516 0.4711, 0.0708 -0.2238 0.4433, 0.0866 -0.2238 0.4433, 0.0708 -0.2277 0.4528, 0.0866 -0.2277 0.4528, 0.0708 -0.234 0.4609, 0.0866 -0.234 0.4609, 0.0708 -0.2421 0.4672, 0.0866 -0.2421 0.4672, 0.0708 -0.2516 0.4711, 0.0866 -0.2516 0.4711, -0.4016 -0.2238 0.4433, -0.3859 -0.2238 0.4433, -0.4016 -0.2277 0.4528, -0.3859 -0.2277 0.4528, -0.4016 -0.234 0.4609, -0.3859 -0.234 0.4609, -0.4016 -0.2421 0.4672, -0.3859 -0.2421 0.4672, -0.4016 -0.2516 0.4711, -0.3859 -0.2516 0.4711, -0.4016 -0.2618 0.4724, -0.3859 -0.2618 0.4724, -0.2441 -0.2238 0.4433, -0.2284 -0.2238 0.4433, -0.2441 -0.2277 0.4528, -0.2284 -0.2277 0.4528, -0.2441 -0.234 0.4609, -0.2284 -0.234 0.4609, -0.2441 -0.2421 0.4672, -0.2284 -0.2421 0.4672, -0.2441 -0.2516 0.4711, -0.2284 -0.2516 0.4711, 0.3858 -0.2238 0.4433, 0.4015 -0.2238 0.4433, 0.3858 -0.2277 0.4528, 0.4015 -0.2277 0.4528, 0.3858 -0.234 0.4609, 0.4015 -0.234 0.4609, 0.3858 -0.2421 0.4672, 0.4015 -0.2421 0.4672, 0.3858 -0.2516 0.4711, 0.4015 -0.2516 0.4711, 0.2283 -0.2238 0.4433, 0.2441 -0.2238 0.4433, 0.2283 -0.2277 0.4528, 0.2441 -0.2277 0.4528, 0.2283 -0.234 0.4609, 0.2441 -0.234 0.4609, 0.2283 -0.2421 0.4672, 0.2441 -0.2421 0.4672, 0.2283 -0.2516 0.4711, 0.2441 -0.2516 0.4711
            ]
        }
        coordIndex [
            0,1,2,-1,2,1,3,-1,4,5,6,-1,6,5,7,-1,8,9,10,-1,10,9,11,-1,12,13,14,-1,14,13,15,-1,16,17,18,-1,18,17,19,-1,20,21,22,-1,22,21,23,-1,24,25,26,-1,26,25,27,-1,28,29,30,-1,30,29,31,-1,32,33,34,-1,34,33,35,-1,34,35,36,-1,36,37,34,-1,34,37,38,-1,34,38,39,-1,40,41,42,-1,42,41,43,-1,42,43,44,-1,44,43,45,-1,39,46,34,-1,34,46,47,-1,34,47,43,-1,43,47,48,-1,43,48,49,-1,49,50,43,-1,43,50,51,-1,43,51,45,-1,52,53,54,-1,54,53,55,-1,56,57,58,-1,58,57,59,-1,60,61,62,-1,62,61,63,-1,64,65,66,-1,66,65,67,-1,68,69,70,-1,70,69,71,-1,72,73,74,-1,74,73,75,-1,76,77,78,-1,78,77,79,-1,80,81,82,-1,82,81,83,-1,84,85,86,-1,86,85,87,-1,65,64,88,-1,65,88,89,-1,89,88,90,-1,89,90,91,-1,91,90,92,-1,91,92,93,-1,93,92,94,-1,93,94,95,-1,95,94,96,-1,95,96,97,-1,97,96,14,-1,97,14,15,-1,69,68,98,-1,69,98,99,-1,99,98,100,-1,99,100,101,-1,101,100,102,-1,101,102,103,-1,103,102,104,-1,103,104,105,-1,105,104,106,-1,105,106,107,-1,107,106,54,-1,107,54,55,-1,73,72,108,-1,73,108,109,-1,109,108,110,-1,109,110,111,-1,111,110,112,-1,111,112,113,-1,113,112,114,-1,113,114,115,-1,115,114,116,-1,115,116,117,-1,117,116,30,-1,117,30,31,-1,77,76,118,-1,77,118,119,-1,119,118,120,-1,119,120,121,-1,121,120,122,-1,121,122,123,-1,123,122,124,-1,123,124,125,-1,125,124,126,-1,125,126,127,-1,127,126,6,-1,127,6,7,-1,43,41,128,-1,43,128,129,-1,129,128,130,-1,129,130,131,-1,131,130,132,-1,131,132,133,-1,134,135,132,-1,132,135,136,-1,132,136,133,-1,137,82,83,-1,83,138,137,-1,137,138,139,-1,137,139,134,-1,134,139,140,-1,134,140,135,-1,85,84,141,-1,85,141,142,-1,142,141,143,-1,142,143,144,-1,144,143,145,-1,144,145,146,-1,146,145,147,-1,146,147,148,-1,148,147,149,-1,148,149,150,-1,150,149,22,-1,150,22,23,-1,151,152,153,-1,153,152,154,-1,155,156,157,-1,157,156,158,-1,159,160,161,-1,161,160,162,-1,163,164,165,-1,165,164,166,-1,167,168,169,-1,169,168,170,-1,171,172,173,-1,173,172,174,-1,153,154,175,-1,153,175,176,-1,176,175,177,-1,176,177,178,-1,178,177,179,-1,178,179,180,-1,180,179,181,-1,180,181,182,-1,182,181,183,-1,182,183,184,-1,184,183,25,-1,184,25,24,-1,157,158,185,-1,157,185,186,-1,186,185,187,-1,186,187,188,-1,188,187,189,-1,188,189,190,-1,190,189,191,-1,190,191,192,-1,192,191,193,-1,192,193,194,-1,194,193,1,-1,194,1,0,-1,161,162,195,-1,161,195,196,-1,196,195,197,-1,196,197,198,-1,198,197,199,-1,198,199,200,-1,200,199,201,-1,200,201,202,-1,202,201,203,-1,202,203,204,-1,204,203,205,-1,204,205,206,-1,165,166,207,-1,165,207,208,-1,208,207,209,-1,208,209,210,-1,210,209,211,-1,210,211,212,-1,212,211,213,-1,212,213,214,-1,214,213,215,-1,214,215,216,-1,216,215,17,-1,216,17,16,-1,169,170,217,-1,169,217,218,-1,218,217,219,-1,218,219,220,-1,220,219,221,-1,220,221,222,-1,222,221,223,-1,222,223,224,-1,224,223,225,-1,224,225,226,-1,226,225,57,-1,226,57,56,-1,173,174,227,-1,173,227,228,-1,228,227,229,-1,228,229,230,-1,230,229,231,-1,230,231,232,-1,232,231,233,-1,232,233,234,-1,234,233,235,-1,234,235,236,-1,236,235,9,-1,236,9,8,-1,
        ]
    }
}
Shape{
    appearance Appearance {
        material  Material 	{
            diffuseColor 0.8313725490196079 0.6705882352941176 0.12941176470588237
            specularColor 0.6666666666666666 0.5372549019607843 0.10196078431372549
            ambientIntensity 0.657
            transparency 0.0
            shininess 0.5
        }
    }
    geometry IndexedFaceSet {
        ccw TRUE
        solid FALSE
        coord DEF co Coordinate {
            point [
                -0.502 0.5846 0.0236, -0.443 0.5846 0.0236, -0.502 0.5846 0.0, -0.443 0.5846 0.0, -0.443 0.5713 0.0, -0.502 0.5713 0.0, -0.443 0.5206 0.0, -0.502 0.5206 0.0, -0.502 0.5051 0.0, -0.443 0.5051 0.0, -0.502 0.4976 0.0004, -0.443 0.4976 0.0004, -0.443 0.4805 0.0044, -0.502 0.4805 0.0044, -0.443 0.4649 0.0125, -0.502 0.4649 0.0125, -0.443 0.4523 0.0236, -0.502 0.4523 0.0236, -0.443 0.4376 0.0412, -0.502 0.4376 0.0412, -0.443 0.4248 0.0556, -0.502 0.4248 0.0556, -0.443 0.4151 0.062, -0.502 0.4151 0.062, -0.443 0.4046 0.0658, -0.502 0.4046 0.0658, -0.443 0.3914 0.0669, -0.502 0.3914 0.0669, -0.443 0.3642 0.0669, -0.502 0.3642 0.0669, -0.502 0.5656 0.0236, -0.443 0.5656 0.0236, -0.502 0.5304 0.0236, -0.443 0.5304 0.0236, -0.502 0.4999 0.0239, -0.443 0.4999 0.0239, -0.502 0.4885 0.0266, -0.443 0.4885 0.0266, -0.502 0.4781 0.0321, -0.443 0.4781 0.0321, -0.502 0.4696 0.0397, -0.443 0.4696 0.0397, -0.502 0.4545 0.0579, -0.443 0.4545 0.0579, -0.502 0.4404 0.0733, -0.443 0.4404 0.0733, -0.502 0.4258 0.083, -0.443 0.4258 0.083, -0.502 0.4101 0.0887, -0.443 0.4101 0.0887, -0.502 0.3941 0.0906, -0.443 0.3918 0.0906, -0.502 0.3918 0.0906, -0.502 0.3642 0.0906, -0.443 0.3642 0.0906
            ]
        }
        coordIndex [
            0,1,2,-1,2,1,3,-1,2,3,4,-1,2,4,5,-1,5,4,6,-1,5,6,7,-1,7,6,8,-1,8,6,9,-1,8,9,10,-1,9,11,10,-1,10,11,12,-1,10,12,13,-1,13,12,14,-1,13,14,15,-1,15,14,16,-1,15,16,17,-1,17,16,18,-1,17,18,19,-1,19,18,20,-1,19,20,21,-1,21,20,22,-1,21,22,23,-1,23,22,24,-1,23,24,25,-1,25,24,26,-1,25,26,27,-1,27,26,28,-1,27,28,29,-1,1,0,30,-1,1,30,31,-1,31,30,32,-1,31,32,33,-1,33,32,34,-1,33,34,35,-1,35,34,36,-1,35,36,37,-1,37,36,38,-1,37,38,39,-1,39,38,40,-1,39,40,41,-1,41,40,42,-1,41,42,43,-1,43,42,44,-1,43,44,45,-1,45,44,46,-1,45,46,47,-1,47,46,48,-1,47,48,49,-1,49,48,50,-1,49,50,51,-1,50,52,51,-1,51,52,53,-1,51,53,54,-1,
        ]
    }
}
Shape{
    appearance Appearance {
        material  Material 	{
            diffuseColor 0.2235294117647059 0.2235294117647059 0.2235294117647059
            specularColor 0.11372549019607843 0.11372549019607843 0.11372549019607843
            ambientIntensity 0.2235
            transparency 0.0
            shininess 0.5
        }
    }
    geometry IndexedFaceSet {
        ccw TRUE
        solid FALSE
        coord DEF co Coordinate {
            point [
                -0.2617 -0.1249 0.0197, -0.2329 -0.1249 0.0197, -0.0409 -0.1261 0.0197, -0.3817 -0.1249 0.0197, -0.3618 -0.0697 0.0197, -0.2805 -0.0697 0.0197, -0.2018 0.3642 0.0197, -0.0443 0.3642 0.0197, -0.3073 0.072 0.0197, -0.693 -0.1261 0.0197, -0.4105 -0.1249 0.0197, -0.199 0.0356 0.0197, -0.2094 0.0193 0.0197, -0.2097 -0.0687 0.0197, -0.199 -0.0865 0.0197, -0.1832 -0.1025 0.0197, -0.1634 -0.1148 0.0197, -0.1156 0.072 0.0197, -0.0601 0.072 0.0197, -0.0409 0.3642 0.0197, -0.1398 0.0698 0.0197, -0.1627 0.0629 0.0197, -0.1847 0.0497 0.0197, -0.216 0.0 0.0197, -0.2185 -0.024 0.0197, -0.2164 -0.0471 0.0197, -0.6142 0.3642 0.0197, -0.5168 0.3642 0.0197, -0.3337 0.072 0.0197, -0.1408 -0.1222 0.0197, -0.1136 -0.1249 0.0197, -0.0601 -0.1249 0.0197, -0.3937 0.3642 0.0197, -0.3593 0.3642 0.0197, -0.2363 0.3642 0.0197, -0.6699 0.3411 0.0197, -0.6536 0.3536 0.0197, -0.6346 0.3615 0.0197, -0.693 0.2854 0.0197, -0.6903 0.3058 0.0197, -0.6824 0.3248 0.0197, -0.0788 -0.3642 0.0197, -0.1132 -0.3642 0.0197, -0.2363 -0.3642 0.0197, -0.2707 -0.3642 0.0197, -0.3937 -0.3642 0.0197, -0.4282 -0.3642 0.0197, -0.6142 -0.3642 0.0197, -0.693 -0.2854 0.0197, -0.6536 -0.3536 0.0197, -0.6699 -0.3411 0.0197, -0.6824 -0.3248 0.0197, -0.6346 -0.3615 0.0197, -0.6903 -0.3058 0.0197, 0.0443 -0.3642 0.0197, -0.0409 -0.3642 0.0197, -0.0443 -0.3642 0.0197, 0.1608 -0.1261 0.0197, 0.2017 -0.3642 0.0197, 0.6929 -0.2854 0.0197, 0.6141 -0.3642 0.0197, 0.6929 -0.1261 0.0197, 0.5167 -0.3642 0.0197, 0.1894 -0.1261 0.0197, 0.3937 -0.3642 0.0197, 0.6823 -0.3248 0.0197, 0.6698 -0.3411 0.0197, 0.6535 -0.3536 0.0197, 0.1662 -0.127 0.0197, 0.1766 -0.1273 0.0197, 0.2362 -0.3642 0.0197, 0.3592 -0.3642 0.0197, 0.6902 -0.3058 0.0197, 0.6345 -0.3615 0.0197, 0.1685 0.0528 0.0197, 0.1879 0.0506 0.0197, 0.1259 -0.095 0.0197, 0.084 -0.1249 0.0197, 0.1434 -0.1233 0.0197, 0.084 0.072 0.0197, -0.0168 0.072 0.0197, -0.0168 0.0504 0.0197, -0.0216 -0.1033 0.0197, -0.0216 -0.1249 0.0197, 0.1468 -0.1028 0.0197, 0.2406 -0.0491 0.0197, 0.2424 -0.0286 0.0197, 0.1446 0.0497 0.0197, 0.1224 -0.0931 0.0197, 0.1224 0.0402 0.0197, 0.0576 -0.0361 0.0197, 0.0576 -0.1033 0.0197, -0.012 -0.0361 0.0197, -0.012 -0.0145 0.0197, 0.0576 -0.0145 0.0197, 0.0576 0.0504 0.0197, 0.3601 0.072 0.0197, 0.0787 0.3642 0.0197, 0.1131 0.3642 0.0197, 0.2026 0.0453 0.0197, 0.2162 0.0362 0.0197, 0.2281 0.0231 0.0197, 0.2049 -0.0987 0.0197, 0.1906 -0.1038 0.0197, 0.2171 -0.0907 0.0197, 0.1729 -0.1057 0.0197, 0.2271 -0.0802 0.0197, 0.3865 -0.1249 0.0197, 0.6902 0.3058 0.0197, 0.6929 0.2854 0.0197, 0.2362 0.0079 0.0197, 0.2415 -0.0132 0.0197, 0.2352 -0.0665 0.0197, 0.2856 -0.1249 0.0197, 0.1987 -0.1252 0.0197, 0.2186 -0.1188 0.0197, 0.26 0.0166 0.0197, 0.2492 0.0356 0.0197, 0.2334 0.0523 0.0197, 0.2129 0.0653 0.0197, 0.1909 0.0723 0.0197, 0.2362 0.3642 0.0197, 0.2706 0.3642 0.0197, 0.3865 0.072 0.0197, 0.3937 0.3642 0.0197, 0.1687 0.0744 0.0197, 0.1452 0.0727 0.0197, 0.0443 0.3642 0.0197, 0.1224 0.0666 0.0197, 0.1224 -0.1147 0.0197, 0.4281 0.3642 0.0197, 0.6141 0.3642 0.0197, 0.6345 0.3615 0.0197, 0.2346 -0.109 0.0197, 0.2496 -0.0937 0.0197, 0.2856 -0.1033 0.0197, 0.2604 -0.0752 0.0197, 0.3601 -0.1033 0.0197, 0.6535 0.3536 0.0197, 0.6698 0.3411 0.0197, 0.6823 0.3248 0.0197, 0.2667 -0.0545 0.0197, 0.2688 -0.0302 0.0197, 0.2668 -0.0064 0.0197
            ]
        }
        coordIndex [
            0,1,2,-1,3,4,5,-1,6,7,8,-1,9,10,3,-1,11,12,8,-1,13,14,1,-1,1,14,15,-1,1,15,16,-1,17,7,18,-1,18,7,19,-1,18,19,2,-1,17,20,7,-1,7,20,21,-1,7,21,8,-1,8,21,22,-1,8,22,11,-1,12,23,8,-1,8,23,24,-1,8,24,1,-1,1,24,25,-1,1,25,13,-1,26,27,9,-1,9,27,28,-1,9,28,10,-1,16,29,1,-1,1,29,30,-1,1,30,2,-1,2,30,31,-1,2,31,18,-1,27,32,28,-1,28,32,33,-1,28,33,8,-1,8,33,34,-1,8,34,6,-1,35,36,37,-1,9,38,26,-1,26,38,39,-1,26,39,37,-1,37,39,40,-1,37,40,35,-1,41,42,2,-1,2,42,43,-1,2,43,44,-1,5,0,3,-1,3,0,2,-1,3,2,9,-1,9,2,44,-1,9,44,45,-1,45,46,9,-1,9,46,47,-1,9,47,48,-1,49,50,51,-1,47,52,48,-1,48,52,49,-1,48,49,53,-1,53,49,51,-1,54,55,2,-1,2,55,56,-1,2,56,41,-1,57,58,54,-1,59,60,61,-1,61,60,62,-1,61,62,63,-1,63,62,64,-1,65,66,67,-1,57,68,58,-1,58,68,69,-1,58,69,70,-1,70,69,63,-1,70,63,71,-1,71,63,64,-1,59,72,60,-1,60,72,65,-1,60,65,73,-1,73,65,67,-1,74,75,76,-1,54,2,57,-1,57,2,77,-1,57,77,78,-1,79,80,19,-1,80,81,19,-1,19,81,82,-1,19,82,2,-1,2,82,83,-1,2,83,77,-1,84,76,85,-1,85,76,86,-1,74,76,87,-1,87,76,88,-1,87,88,89,-1,90,91,92,-1,92,91,82,-1,92,82,93,-1,93,82,81,-1,93,81,94,-1,94,81,95,-1,96,97,98,-1,75,99,76,-1,76,99,100,-1,76,100,101,-1,102,103,104,-1,104,103,105,-1,104,105,106,-1,107,108,109,-1,101,110,76,-1,76,110,111,-1,76,111,86,-1,84,85,105,-1,105,85,112,-1,105,112,106,-1,109,61,107,-1,107,61,63,-1,107,63,113,-1,113,63,114,-1,113,114,115,-1,116,117,96,-1,96,117,118,-1,96,118,97,-1,97,118,119,-1,97,119,120,-1,98,121,96,-1,96,121,122,-1,96,122,123,-1,123,122,124,-1,120,125,97,-1,97,125,126,-1,97,126,127,-1,127,126,128,-1,127,128,19,-1,19,128,89,-1,19,89,79,-1,79,89,88,-1,79,88,77,-1,77,88,129,-1,77,129,78,-1,124,130,123,-1,123,130,131,-1,123,131,132,-1,115,133,113,-1,113,133,134,-1,113,134,135,-1,135,134,136,-1,135,136,137,-1,132,138,123,-1,123,138,139,-1,123,139,107,-1,107,139,140,-1,107,140,108,-1,136,141,137,-1,137,141,142,-1,137,142,96,-1,96,142,143,-1,96,143,116,-1,
        ]
    }
}
Shape{
    appearance Appearance {
        material  Material 	{
            diffuseColor 0.8313725490196079 0.6705882352941176 0.12941176470588237
            specularColor 0.6666666666666666 0.5372549019607843 0.10196078431372549
            ambientIntensity 0.657
            transparency 0.0
            shininess 0.5
        }
    }
    geometry IndexedFaceSet {
        ccw TRUE
        solid FALSE
        coord DEF co Coordinate {
            point [
                -0.443 -0.5846 0.0, -0.443 -0.5846 0.0236, -0.502 -0.5846 0.0, -0.502 -0.5846 0.0236, -0.502 -0.5713 0.0, -0.443 -0.5713 0.0, -0.502 -0.5206 0.0, -0.443 -0.5206 0.0, -0.443 -0.5051 0.0, -0.502 -0.5051 0.0, -0.443 -0.4976 0.0004, -0.502 -0.4976 0.0004, -0.502 -0.4805 0.0044, -0.443 -0.4805 0.0044, -0.502 -0.4649 0.0125, -0.443 -0.4649 0.0125, -0.502 -0.4523 0.0236, -0.443 -0.4523 0.0236, -0.502 -0.4376 0.0412, -0.443 -0.4376 0.0412, -0.502 -0.4248 0.0556, -0.443 -0.4248 0.0556, -0.502 -0.4151 0.062, -0.443 -0.4151 0.062, -0.502 -0.4046 0.0658, -0.443 -0.4046 0.0658, -0.502 -0.3914 0.0669, -0.443 -0.3914 0.0669, -0.502 -0.3642 0.0669, -0.443 -0.3642 0.0669, -0.443 -0.5656 0.0236, -0.502 -0.5656 0.0236, -0.443 -0.5304 0.0236, -0.502 -0.5304 0.0236, -0.443 -0.4999 0.0239, -0.502 -0.4999 0.0239, -0.443 -0.4885 0.0266, -0.502 -0.4885 0.0266, -0.443 -0.4781 0.0321, -0.502 -0.4781 0.0321, -0.443 -0.4696 0.0397, -0.502 -0.4696 0.0397, -0.443 -0.4545 0.0579, -0.502 -0.4545 0.0579, -0.443 -0.4404 0.0733, -0.502 -0.4404 0.0733, -0.443 -0.4258 0.083, -0.502 -0.4258 0.083, -0.443 -0.4101 0.0887, -0.502 -0.4101 0.0887, -0.443 -0.3941 0.0906, -0.502 -0.3918 0.0906, -0.443 -0.3918 0.0906, -0.443 -0.3642 0.0906, -0.502 -0.3642 0.0906
            ]
        }
        coordIndex [
            0,1,2,-1,2,1,3,-1,0,2,4,-1,0,4,5,-1,5,4,6,-1,5,6,7,-1,7,6,8,-1,8,6,9,-1,8,9,10,-1,9,11,10,-1,10,11,12,-1,10,12,13,-1,13,12,14,-1,13,14,15,-1,15,14,16,-1,15,16,17,-1,17,16,18,-1,17,18,19,-1,19,18,20,-1,19,20,21,-1,21,20,22,-1,21,22,23,-1,23,22,24,-1,23,24,25,-1,25,24,26,-1,25,26,27,-1,27,26,28,-1,27,28,29,-1,3,1,30,-1,3,30,31,-1,31,30,32,-1,31,32,33,-1,33,32,34,-1,33,34,35,-1,35,34,36,-1,35,36,37,-1,37,36,38,-1,37,38,39,-1,39,38,40,-1,39,40,41,-1,41,40,42,-1,41,42,43,-1,43,42,44,-1,43,44,45,-1,45,44,46,-1,45,46,47,-1,47,46,48,-1,47,48,49,-1,49,48,50,-1,49,50,51,-1,50,52,51,-1,51,52,53,-1,51,53,54,-1,
        ]
    }
}
Shape{
    appearance Appearance {
        material  Material 	{
            diffuseColor 0.2235294117647059 0.2235294117647059 0.2235294117647059
            specularColor 0.11372549019607843 0.11372549019607843 0.11372549019607843
            ambientIntensity 0.2235
            transparency 0.0
            shininess 0.5
        }
    }
    geometry IndexedFaceSet {
        ccw TRUE
        solid FALSE
        coord DEF co Coordinate {
            point [
                -0.5906 0.2618 0.4724, -0.5433 0.2618 0.4724, -0.5433 0.3248 0.4724, -0.5433 -0.3248 0.4724, -0.5433 -0.2618 0.4724, -0.6142 -0.3248 0.4724, -0.5906 -0.2618 0.4724, -0.6142 0.3248 0.4724, -0.623 0.3238 0.4724, -0.6313 0.3209 0.4724, -0.6388 0.3162 0.4724, -0.645 0.31 0.4724, -0.6497 0.3025 0.4724, -0.6526 -0.2942 0.4724, -0.6497 -0.3025 0.4724, -0.645 -0.31 0.4724, -0.6388 -0.3162 0.4724, -0.6313 -0.3209 0.4724, -0.623 -0.3238 0.4724, -0.6526 0.2942 0.4724, -0.6536 0.2854 0.4724, -0.6536 -0.2854 0.4724, -0.5433 -0.2224 0.1181, -0.5512 -0.2224 0.1181, -0.5433 -0.2224 0.4331, -0.5512 -0.2224 0.4331, -0.3859 0.2224 0.4331, -0.4016 0.2224 0.4331, -0.3859 0.2224 0.1181, -0.4016 0.2224 0.1181, -0.5433 -0.2516 0.4711, -0.5804 -0.2516 0.4711, -0.5433 -0.2421 0.4672, -0.5709 -0.2421 0.4672, -0.5433 -0.234 0.4609, -0.5628 -0.234 0.4609, -0.5433 -0.2277 0.4528, -0.5565 -0.2277 0.4528, -0.5594 -0.2306 0.457, -0.5433 -0.2238 0.4433, -0.5516 -0.2228 0.4382, -0.5526 -0.2238 0.4433, -0.5542 -0.2254 0.4481, -0.3859 0.2238 0.4433, -0.4016 0.2238 0.4433, -0.3859 0.2277 0.4528, -0.4016 0.2277 0.4528, -0.3859 0.234 0.4609, -0.4016 0.234 0.4609, -0.3859 0.2421 0.4672, -0.4016 0.2421 0.4672, -0.3859 0.2516 0.4711, -0.4016 0.2516 0.4711, -0.3859 0.2618 0.4724, -0.4016 0.2618 0.4724, -0.693 -0.2854 0.0197, -0.693 -0.2854 0.4331, -0.693 -0.1261 0.0197, -0.693 0.2854 0.4331, -0.693 0.2854 0.0197, 0.3592 -0.3642 0.0433, 0.3937 -0.3642 0.0433, 0.3937 -0.3642 0.2265, 0.2017 -0.3642 0.0433, 0.2362 -0.3642 0.0433, 0.2362 -0.3642 0.2265, -0.2707 -0.3642 0.0433, -0.2363 -0.3642 0.0433, -0.2363 -0.3642 0.2265, -0.4282 -0.3642 0.0433, -0.3937 -0.3642 0.0433, -0.3937 -0.3642 0.2265, 0.374 -0.3642 0.3624, 0.3592 -0.3642 0.3624, 0.3592 -0.3642 0.2265, 0.2165 -0.3642 0.3624, 0.2017 -0.3642 0.3624, 0.2017 -0.3642 0.2265, -0.0985 -0.3642 0.3624, -0.1132 -0.3642 0.3624, -0.1132 -0.3642 0.2265, -0.2559 -0.3642 0.3624, -0.2707 -0.3642 0.3624, -0.2707 -0.3642 0.2265, -0.4134 -0.3642 0.3624, -0.4282 -0.3642 0.3624, -0.4282 -0.3642 0.2265, -0.6142 -0.3642 0.2265, -0.5315 -0.3642 0.3624, -0.6142 -0.3642 0.4331, -0.5315 -0.3642 0.3864, -0.4282 -0.3642 0.4331, -0.4282 -0.3642 0.3864, -0.3937 -0.3642 0.4331, -0.3741 -0.3642 0.3624, -0.3741 -0.3642 0.3864, -0.2707 -0.3642 0.4331, -0.2707 -0.3642 0.3864, -0.2363 -0.3642 0.4331, -0.2166 -0.3642 0.3624, -0.2166 -0.3642 0.3864, -0.1132 -0.3642 0.4331, -0.1132 -0.3642 0.3864, -0.0788 -0.3642 0.4331, -0.0443 -0.3642 0.3624, -0.0591 -0.3642 0.3624, -0.0788 -0.3642 0.2265, 0.059 -0.3642 0.3864, 0.2017 -0.3642 0.4331, 0.0443 -0.3642 0.3864, 0.0443 -0.3642 0.4331, -0.0443 -0.3642 0.4331, 0.0443 -0.3642 0.2265, 0.0984 -0.3642 0.3624, 0.059 -0.3642 0.3624, -0.0591 -0.3642 0.3864, -0.0443 -0.3642 0.3864, 0.0984 -0.3642 0.3864, 0.2017 -0.3642 0.3864, 0.2362 -0.3642 0.4331, 0.2559 -0.3642 0.3624, 0.2559 -0.3642 0.3864, 0.3592 -0.3642 0.4331, 0.3592 -0.3642 0.3864, 0.3937 -0.3642 0.4331, 0.5315 -0.3642 0.3624, 0.6141 -0.3642 0.2265, 0.5315 -0.3642 0.3864, 0.6141 -0.3642 0.4331, 0.5167 -0.3642 0.3864, 0.5167 -0.3642 0.4331, 0.4133 -0.3642 0.3864, 0.4133 -0.3642 0.3624, 0.5167 -0.3642 0.3624, 0.5167 -0.3642 0.2265, -0.4282 -0.3642 0.0197, -0.3937 -0.3642 0.0197, -0.2707 -0.3642 0.0197, -0.2363 -0.3642 0.0197, -0.1132 -0.3642 0.0433, 0.0443 -0.3642 0.0197, 0.0443 -0.3642 0.0433, -0.0409 -0.3642 0.0197, -0.0443 -0.3642 0.0433, -0.0443 -0.3642 0.0197, -0.0788 -0.3642 0.0197, 0.5167 -0.3642 0.0197, 0.5167 -0.3642 0.0433, 0.3937 -0.3642 0.0197, 0.3592 -0.3642 0.0197, 0.2362 -0.3642 0.0197, 0.2017 -0.3642 0.0197, -0.443 -0.3642 0.0669, -0.502 -0.3642 0.0669, -0.443 -0.3642 0.0906, -0.502 -0.3642 0.0906, -0.6142 -0.3642 0.0433, -0.6142 -0.3642 0.0197, -0.4134 -0.3642 0.3864, -0.2855 -0.3642 0.0669, -0.3445 -0.3642 0.0669, -0.3445 -0.3642 0.0906, -0.2855 -0.3642 0.0906, -0.2559 -0.3642 0.3864, -0.128 -0.3642 0.0669, -0.187 -0.3642 0.0669, -0.187 -0.3642 0.0906, -0.128 -0.3642 0.0906, -0.0985 -0.3642 0.3864, -0.1132 -0.3642 0.0197, -0.0788 -0.3642 0.0433, -0.0443 -0.3642 0.2265, 0.0443 -0.3642 0.3624, -0.0296 -0.3642 0.0906, 0.0295 -0.3642 0.0906, 0.0295 -0.3642 0.0669, -0.0296 -0.3642 0.0669, 0.187 -0.3642 0.0669, 0.1279 -0.3642 0.0669, 0.187 -0.3642 0.0906, 0.1279 -0.3642 0.0906, 0.2165 -0.3642 0.3864, 0.3444 -0.3642 0.0669, 0.2854 -0.3642 0.0669, 0.2854 -0.3642 0.0906, 0.3444 -0.3642 0.0906, 0.374 -0.3642 0.3864, 0.5019 -0.3642 0.0906, 0.4429 -0.3642 0.0906, 0.4429 -0.3642 0.0669, 0.5019 -0.3642 0.0669, 0.6141 -0.3642 0.0433, 0.6141 -0.3642 0.0197, 0.6929 0.2854 0.0197, 0.6929 0.2854 0.4331, 0.6929 -0.1261 0.0197, 0.6929 -0.2854 0.4331, 0.6929 -0.2854 0.0197, -0.3593 0.3642 0.0433, -0.3937 0.3642 0.0433, -0.3937 0.3642 0.2265, -0.2018 0.3642 0.0433, -0.2363 0.3642 0.0433, -0.2363 0.3642 0.2265, 0.2706 0.3642 0.0433, 0.2362 0.3642 0.0433, 0.2362 0.3642 0.2265, 0.4281 0.3642 0.0433, 0.3937 0.3642 0.0433, 0.3937 0.3642 0.2265, 0.2559 0.3642 0.3624, 0.2706 0.3642 0.3624, 0.2706 0.3642 0.2265, -0.3741 0.3642 0.3624, -0.3593 0.3642 0.3624, -0.3593 0.3642 0.2265, -0.2166 0.3642 0.3624, -0.2018 0.3642 0.3624, -0.2018 0.3642 0.2265, 0.0984 0.3642 0.3624, 0.1131 0.3642 0.3624, 0.1131 0.3642 0.2265, 0.4133 0.3642 0.3624, 0.4281 0.3642 0.3624, 0.4281 0.3642 0.2265, 0.6141 0.3642 0.2265, 0.5315 0.3642 0.3624, 0.6141 0.3642 0.4331, 0.5315 0.3642 0.3864, 0.4281 0.3642 0.4331, 0.4281 0.3642 0.3864, 0.3937 0.3642 0.4331, 0.2165 0.3642 0.3624, 0.2362 0.3642 0.4331, 0.2165 0.3642 0.3864, 0.1131 0.3642 0.4331, 0.1131 0.3642 0.3864, 0.0787 0.3642 0.4331, -0.0591 0.3642 0.3864, -0.2018 0.3642 0.4331, -0.0443 0.3642 0.3864, -0.0443 0.3642 0.4331, 0.0443 0.3642 0.4331, -0.0443 0.3642 0.2265, -0.0985 0.3642 0.3624, -0.0591 0.3642 0.3624, -0.0985 0.3642 0.3864, -0.2018 0.3642 0.3864, -0.2363 0.3642 0.4331, -0.5315 0.3642 0.3624, -0.6142 0.3642 0.2265, -0.5315 0.3642 0.3864, -0.6142 0.3642 0.4331, -0.5168 0.3642 0.3864, -0.5168 0.3642 0.4331, -0.4134 0.3642 0.3864, -0.3937 0.3642 0.4331, -0.4134 0.3642 0.3624, -0.5168 0.3642 0.3624, -0.5168 0.3642 0.2265, -0.2559 0.3642 0.3624, -0.2559 0.3642 0.3864, -0.3593 0.3642 0.4331, -0.3593 0.3642 0.3864, 0.0443 0.3642 0.3624, 0.059 0.3642 0.3624, 0.0787 0.3642 0.2265, 0.059 0.3642 0.3864, 0.0443 0.3642 0.3864, 0.374 0.3642 0.3624, 0.374 0.3642 0.3864, 0.2706 0.3642 0.4331, 0.2706 0.3642 0.3864, 0.4281 0.3642 0.0197, 0.3937 0.3642 0.0197, 0.2706 0.3642 0.0197, 0.2362 0.3642 0.0197, 0.1131 0.3642 0.0433, -0.0443 0.3642 0.0197, -0.0443 0.3642 0.0433, -0.0409 0.3642 0.0197, 0.0443 0.3642 0.0433, 0.0443 0.3642 0.0197, 0.0787 0.3642 0.0197, -0.5168 0.3642 0.0197, -0.5168 0.3642 0.0433, -0.3937 0.3642 0.0197, -0.3593 0.3642 0.0197, -0.2363 0.3642 0.0197, -0.2018 0.3642 0.0197, 0.4429 0.3642 0.0669, 0.5019 0.3642 0.0669, 0.4429 0.3642 0.0906, 0.5019 0.3642 0.0906, 0.6141 0.3642 0.0433, 0.6141 0.3642 0.0197, 0.4133 0.3642 0.3864, 0.2854 0.3642 0.0906, 0.3444 0.3642 0.0906, 0.3444 0.3642 0.0669, 0.2854 0.3642 0.0669, 0.2559 0.3642 0.3864, 0.1279 0.3642 0.0906, 0.187 0.3642 0.0906, 0.187 0.3642 0.0669, 0.1279 0.3642 0.0669, 0.0984 0.3642 0.3864, 0.1131 0.3642 0.0197, 0.0787 0.3642 0.0433, 0.0443 0.3642 0.2265, -0.0443 0.3642 0.3624, 0.0295 0.3642 0.0906, -0.0296 0.3642 0.0906, -0.0296 0.3642 0.0669, 0.0295 0.3642 0.0669, -0.187 0.3642 0.0669, -0.128 0.3642 0.0669, -0.187 0.3642 0.0906, -0.128 0.3642 0.0906, -0.2166 0.3642 0.3864, -0.3445 0.3642 0.0906, -0.2855 0.3642 0.0906, -0.2855 0.3642 0.0669, -0.3445 0.3642 0.0669, -0.3741 0.3642 0.3864, -0.443 0.3642 0.0906, -0.443 0.3642 0.0669, -0.502 0.3642 0.0669, -0.502 0.3642 0.0906, -0.6142 0.3642 0.0433, -0.6142 0.3642 0.0197, -0.3859 -0.2618 0.4724, -0.4016 -0.2618 0.4724, -0.3859 -0.3248 0.4724, -0.4016 -0.3248 0.4724, 0.6909 0.303 0.4331, 0.6902 0.3058 0.0197, 0.6899 0.3057 0.4331, 0.6851 0.3196 0.4331, 0.6823 0.3248 0.0197, 0.682 0.3246 0.4331, 0.6757 0.3345 0.4331, 0.6698 0.3411 0.0197, 0.6695 0.3408 0.4331, 0.6632 0.347 0.4331, 0.6535 0.3536 0.0197, 0.6533 0.3533 0.4331, 0.6483 0.3564 0.4331, 0.6345 0.3615 0.0197, 0.6344 0.3612 0.4331, 0.6317 0.3622 0.4331, 0.6317 -0.3622 0.4331, 0.6345 -0.3615 0.0197, 0.6344 -0.3612 0.4331, 0.6483 -0.3564 0.4331, 0.6535 -0.3536 0.0197, 0.6533 -0.3533 0.4331, 0.6632 -0.347 0.4331, 0.6698 -0.3411 0.0197, 0.6695 -0.3408 0.4331, 0.6757 -0.3345 0.4331, 0.6823 -0.3248 0.0197, 0.682 -0.3246 0.4331, 0.6851 -0.3196 0.4331, 0.6902 -0.3058 0.0197, 0.6899 -0.3057 0.4331, 0.6909 -0.303 0.4331, -0.691 -0.303 0.4331, -0.6903 -0.3058 0.0197, -0.69 -0.3057 0.4331, -0.6852 -0.3196 0.4331, -0.6824 -0.3248 0.0197, -0.682 -0.3246 0.4331, -0.6758 -0.3345 0.4331, -0.6699 -0.3411 0.0197, -0.6695 -0.3408 0.4331, -0.6633 -0.347 0.4331, -0.6536 -0.3536 0.0197, -0.6533 -0.3533 0.4331, -0.6484 -0.3564 0.4331, -0.6346 -0.3615 0.0197, -0.6345 -0.3612 0.4331, -0.6317 -0.3622 0.4331, -0.6317 0.3622 0.4331, -0.6346 0.3615 0.0197, -0.6345 0.3612 0.4331, -0.6484 0.3564 0.4331, -0.6536 0.3536 0.0197, -0.6533 0.3533 0.4331, -0.6633 0.347 0.4331, -0.6699 0.3411 0.0197, -0.6695 0.3408 0.4331, -0.6758 0.3345 0.4331, -0.6824 0.3248 0.0197, -0.682 0.3246 0.4331, -0.6852 0.3196 0.4331, -0.6903 0.3058 0.0197, -0.69 0.3057 0.4331, -0.691 0.303 0.4331, 0.5511 0.2224 0.4331, 0.5511 0.2224 0.1181, 0.5511 -0.2224 0.4331, 0.5511 -0.2224 0.1181, 0.5433 -0.2224 0.4331, 0.5433 -0.2224 0.1181, -0.5512 0.2224 0.4331, -0.5512 0.2224 0.1181, -0.5433 0.2224 0.4331, -0.5433 0.2224 0.1181, 0.5319 0.2312 0.1181, 0.5315 0.2343 0.1181, 0.5315 0.2303 0.1181, 0.0594 0.2312 0.1181, 0.059 0.2343 0.1181, 0.059 0.2303 0.1181, 0.533 -0.2283 0.1181, 0.5315 -0.2303 0.1181, 0.5319 -0.2312 0.1181, 0.5315 -0.2343 0.1181, 0.5349 -0.2259 0.1181, 0.5374 -0.224 0.1181, 0.5402 -0.2228 0.1181, 0.3744 0.2312 0.1181, 0.374 0.2343 0.1181, 0.374 0.2303 0.1181, 0.374 -0.2303 0.1181, 0.374 -0.2343 0.1181, 0.3744 -0.2312 0.1181, -0.413 0.2312 0.1181, -0.4134 0.2343 0.1181, -0.4134 0.2303 0.1181, 0.2169 0.2312 0.1181, 0.2165 0.2343 0.1181, 0.2165 0.2303 0.1181, -0.0981 0.2312 0.1181, -0.0985 0.2343 0.1181, -0.0985 0.2303 0.1181, -0.2559 0.2343 0.1181, -0.2559 0.2303 0.1181, -0.2555 0.2312 0.1181, -0.2544 0.2283 0.1181, -0.217 -0.2312 0.1181, -0.2166 -0.2343 0.1181, -0.2166 -0.2303 0.1181, -0.2166 0.2303 0.1181, -0.2166 0.2343 0.1181, -0.217 0.2312 0.1181, -0.5319 -0.2312 0.1181, -0.5315 -0.2343 0.1181, -0.5315 -0.2303 0.1181, -0.5331 0.2283 0.1181, -0.5315 0.2303 0.1181, -0.5319 0.2312 0.1181, -0.5315 0.2343 0.1181, -0.535 0.2259 0.1181, -0.5374 0.224 0.1181, 0.098 -0.2312 0.1181, 0.0984 -0.2343 0.1181, 0.0984 -0.2303 0.1181, -0.3775 -0.2259 0.1181, -0.3756 -0.2283 0.1181, -0.3741 -0.2303 0.1181, -0.3745 -0.2312 0.1181, -0.3741 -0.2343 0.1181, -0.5403 0.2228 0.1181, 0.0968 0.2283 0.1181, 0.0984 0.2303 0.1181, 0.098 0.2312 0.1181, 0.0984 0.2343 0.1181, 0.2555 -0.2312 0.1181, 0.2559 -0.2343 0.1181, 0.2559 -0.2303 0.1181, 0.2543 0.2283 0.1181, 0.2559 0.2303 0.1181, 0.2555 0.2312 0.1181, 0.2559 0.2343 0.1181, -0.3741 0.2303 0.1181, -0.3741 0.2343 0.1181, -0.3745 0.2312 0.1181, -0.4075 0.224 0.1181, -0.41 0.2259 0.1181, -0.0595 -0.2312 0.1181, -0.0591 -0.2343 0.1181, -0.0591 -0.2303 0.1181, -0.3828 0.2228 0.1181, -0.4118 0.2283 0.1181, 0.4129 -0.2312 0.1181, 0.4133 -0.2343 0.1181, 0.4133 -0.2303 0.1181, -0.3756 0.2283 0.1181, -0.3775 0.2259 0.1181, -0.38 0.224 0.1181, -0.4047 0.2228 0.1181, 0.3756 -0.2283 0.1181, 0.3774 -0.2259 0.1181, 0.2524 -0.2259 0.1181, 0.4118 0.2283 0.1181, 0.4099 0.2259 0.1181, -0.2182 0.2283 0.1181, -0.22 0.2259 0.1181, -0.095 0.2259 0.1181, 0.5433 0.2224 0.1181, 0.5402 0.2228 0.1181, -0.0867 0.2224 0.1181, -0.0897 0.2228 0.1181, -0.2225 -0.224 0.1181, -0.095 -0.2259 0.1181, -0.0926 -0.224 0.1181, -0.0709 0.2224 0.1181, 0.2524 0.2259 0.1181, 0.25 0.224 0.1181, 0.4133 0.2303 0.1181, 0.5349 0.2259 0.1181, 0.533 0.2283 0.1181, 0.0625 -0.2259 0.1181, 0.0649 -0.224 0.1181, -0.0969 0.2283 0.1181, -0.38 -0.224 0.1181, -0.2225 0.224 0.1181, -0.0926 0.224 0.1181, -0.5374 -0.224 0.1181, -0.5403 -0.2228 0.1181, 0.4133 0.2343 0.1181, 0.4129 0.2312 0.1181, 0.5374 0.224 0.1181, -0.2559 -0.2343 0.1181, -0.2555 -0.2312 0.1181, -0.2559 -0.2303 0.1181, -0.2544 -0.2283 0.1181, -0.2525 -0.2259 0.1181, -0.25 -0.224 0.1181, -0.2472 -0.2228 0.1181, -0.2441 -0.2224 0.1181, -0.0985 -0.2303 0.1181, -0.22 -0.2259 0.1181, -0.2182 -0.2283 0.1181, -0.2525 0.2259 0.1181, -0.25 0.224 0.1181, -0.535 -0.2259 0.1181, -0.5331 -0.2283 0.1181, -0.2284 -0.2224 0.1181, -0.2253 -0.2228 0.1181, -0.0985 -0.2343 0.1181, -0.0981 -0.2312 0.1181, -0.0969 -0.2283 0.1181, -0.4134 -0.2343 0.1181, -0.413 -0.2312 0.1181, -0.4134 -0.2303 0.1181, -0.4118 -0.2283 0.1181, -0.41 -0.2259 0.1181, -0.4075 -0.224 0.1181, -0.4047 -0.2228 0.1181, -0.4016 -0.2224 0.1181, -0.3859 -0.2224 0.1181, -0.3828 -0.2228 0.1181, 0.4074 0.224 0.1181, 0.4046 0.2228 0.1181, 0.4015 0.2224 0.1181, 0.2441 0.2224 0.1181, 0.2471 0.2228 0.1181, 0.3799 -0.224 0.1181, 0.3827 -0.2228 0.1181, 0.3858 -0.2224 0.1181, 0.2283 0.2224 0.1181, 0.2252 0.2228 0.1181, 0.2224 0.224 0.1181, 0.0949 0.2259 0.1181, 0.0925 0.224 0.1181, 0.0896 0.2228 0.1181, 0.0866 0.2224 0.1181, -0.0897 -0.2228 0.1181, -0.0867 -0.2224 0.1181, -0.0709 -0.2224 0.1181, 0.059 -0.2303 0.1181, -0.0626 -0.2259 0.1181, -0.0607 -0.2283 0.1181, -0.2253 0.2228 0.1181, -0.2284 0.2224 0.1181, 0.3858 0.2224 0.1181, 0.3827 0.2228 0.1181, 0.3799 0.224 0.1181, 0.4015 -0.2224 0.1181, 0.4046 -0.2228 0.1181, 0.4074 -0.224 0.1181, 0.4099 -0.2259 0.1181, 0.4118 -0.2283 0.1181, 0.22 0.2259 0.1181, 0.2181 0.2283 0.1181, 0.0708 0.2224 0.1181, 0.0678 0.2228 0.1181, 0.0649 0.224 0.1181, -0.0678 0.2228 0.1181, -0.0591 0.2303 0.1181, 0.0625 0.2259 0.1181, 0.0606 0.2283 0.1181, -0.0678 -0.2228 0.1181, -0.065 -0.224 0.1181, 0.0606 -0.2283 0.1181, 0.0594 -0.2312 0.1181, 0.059 -0.2343 0.1181, -0.2441 0.2224 0.1181, -0.2472 0.2228 0.1181, 0.3774 0.2259 0.1181, 0.3756 0.2283 0.1181, -0.0591 0.2343 0.1181, -0.0595 0.2312 0.1181, -0.0607 0.2283 0.1181, -0.0626 0.2259 0.1181, -0.065 0.224 0.1181, 0.0678 -0.2228 0.1181, 0.0708 -0.2224 0.1181, 0.0866 -0.2224 0.1181, 0.2165 -0.2303 0.1181, 0.0949 -0.2259 0.1181, 0.0968 -0.2283 0.1181, 0.0896 -0.2228 0.1181, 0.0925 -0.224 0.1181, 0.22 -0.2259 0.1181, 0.2181 -0.2283 0.1181, 0.2169 -0.2312 0.1181, 0.2165 -0.2343 0.1181, 0.2224 -0.224 0.1181, 0.2252 -0.2228 0.1181, 0.2283 -0.2224 0.1181, 0.2543 -0.2283 0.1181, 0.2441 -0.2224 0.1181, 0.2471 -0.2228 0.1181, 0.25 -0.224 0.1181, -0.6478 0.3552 0.4433, -0.6625 0.3459 0.4433, -0.6747 0.3337 0.4433, -0.6839 0.319 0.4433, -0.6897 0.3027 0.4433, -0.6638 0.2854 0.4711, -0.6625 0.2965 0.4711, -0.6733 0.2854 0.4672, -0.6718 0.2986 0.4672, -0.6814 0.2854 0.4609, -0.6797 0.3004 0.4609, -0.6877 0.2854 0.4528, -0.6858 0.3018 0.4528, -0.6916 0.2854 0.4433, -0.6804 0.3173 0.4528, -0.6748 0.3146 0.4609, -0.6674 0.3111 0.4672, -0.6589 0.3069 0.4711, -0.6717 0.3312 0.4528, -0.6668 0.3273 0.4609, -0.6604 0.3223 0.4672, -0.653 0.3163 0.4711, -0.66 0.3429 0.4528, -0.6561 0.338 0.4609, -0.651 0.3316 0.4672, -0.6451 0.3242 0.4711, -0.6461 0.3516 0.4528, -0.6434 0.346 0.4609, -0.6398 0.3386 0.4672, -0.6357 0.3301 0.4711, -0.6314 0.3609 0.4433, -0.6306 0.3571 0.4528, -0.6292 0.351 0.4609, -0.6274 0.343 0.4672, -0.6252 0.3338 0.4711, -0.6142 0.335 0.4711, -0.6142 0.3445 0.4672, -0.6142 0.3526 0.4609, -0.6142 0.3589 0.4528, -0.6142 0.3628 0.4433, -0.6638 -0.2854 0.4711, -0.6733 -0.2854 0.4672, -0.6814 -0.2854 0.4609, -0.6877 -0.2854 0.4528, -0.6916 -0.2854 0.4433, 0.0708 0.3248 0.4724, 0.0866 0.3248 0.4724, 0.6141 0.335 0.4711, -0.4016 0.3248 0.4724, -0.3859 0.3248 0.4724, -0.2441 0.3248 0.4724, -0.2284 0.3248 0.4724, -0.0867 0.3248 0.4724, -0.0709 0.3248 0.4724, 0.2283 0.3248 0.4724, 0.2441 0.3248 0.4724, 0.3858 0.3248 0.4724, 0.4015 0.3248 0.4724, 0.5433 0.3248 0.4724, 0.6141 0.3248 0.4724, 0.6141 0.3628 0.4433, 0.6141 0.3445 0.4672, 0.6141 0.3526 0.4609, 0.6141 0.3589 0.4528, -0.6839 -0.319 0.4433, -0.6747 -0.3337 0.4433, -0.6625 -0.3459 0.4433, -0.6478 -0.3552 0.4433, -0.6314 -0.3609 0.4433, -0.6142 -0.335 0.4711, -0.6252 -0.3338 0.4711, -0.6142 -0.3445 0.4672, -0.6274 -0.343 0.4672, -0.6142 -0.3526 0.4609, -0.6292 -0.351 0.4609, -0.6142 -0.3589 0.4528, -0.6306 -0.3571 0.4528, -0.6142 -0.3628 0.4433, -0.6461 -0.3516 0.4528, -0.6434 -0.346 0.4609, -0.6398 -0.3386 0.4672, -0.6357 -0.3301 0.4711, -0.66 -0.3429 0.4528, -0.6561 -0.338 0.4609, -0.651 -0.3316 0.4672, -0.6451 -0.3242 0.4711, -0.6717 -0.3312 0.4528, -0.6668 -0.3273 0.4609, -0.6604 -0.3223 0.4672, -0.653 -0.3163 0.4711, -0.6804 -0.3173 0.4528, -0.6748 -0.3146 0.4609, -0.6674 -0.3111 0.4672, -0.6589 -0.3069 0.4711, -0.6897 -0.3027 0.4433, -0.6858 -0.3018 0.4528, -0.6797 -0.3004 0.4609, -0.6718 -0.2986 0.4672, -0.6625 -0.2965 0.4711, 0.6839 0.319 0.4433, 0.6746 0.3337 0.4433, 0.6477 0.3552 0.4433, 0.6314 0.3609 0.4433, 0.6387 0.3162 0.4724, 0.6449 0.31 0.4724, 0.645 0.3242 0.4711, 0.6529 0.3163 0.4711, 0.651 0.3316 0.4672, 0.6603 0.3223 0.4672, 0.656 0.338 0.4609, 0.6667 0.3273 0.4609, 0.6599 0.3429 0.4528, 0.6716 0.3312 0.4528, 0.6624 0.3459 0.4433, 0.6229 0.3238 0.4724, 0.6252 0.3338 0.4711, 0.6273 0.343 0.4672, 0.6291 0.351 0.4609, 0.6305 0.3571 0.4528, 0.646 0.3516 0.4528, 0.6433 0.346 0.4609, 0.6398 0.3386 0.4672, 0.6356 0.3301 0.4711, 0.6312 0.3209 0.4724, 0.6803 0.3173 0.4528, 0.6747 0.3146 0.4609, 0.6673 0.3111 0.4672, 0.6588 0.3069 0.4711, 0.6496 0.3025 0.4724, 0.6896 0.3027 0.4433, 0.6858 0.3018 0.4528, 0.6797 0.3004 0.4609, 0.6717 0.2986 0.4672, 0.6625 0.2965 0.4711, 0.6525 0.2942 0.4724, 0.6535 0.2854 0.4724, 0.6637 0.2854 0.4711, 0.6732 0.2854 0.4672, 0.6813 0.2854 0.4609, 0.6876 0.2854 0.4528, 0.6915 0.2854 0.4433, 0.6141 -0.335 0.4711, 0.6141 -0.3248 0.4724, 0.5433 -0.3248 0.4724, 0.4015 -0.3248 0.4724, 0.3858 -0.3248 0.4724, 0.2441 -0.3248 0.4724, 0.2283 -0.3248 0.4724, 0.0866 -0.3248 0.4724, 0.0708 -0.3248 0.4724, -0.0709 -0.3248 0.4724, -0.0867 -0.3248 0.4724, -0.2284 -0.3248 0.4724, -0.2441 -0.3248 0.4724, 0.6141 -0.3445 0.4672, 0.6141 -0.3526 0.4609, 0.6141 -0.3589 0.4528, 0.6141 -0.3628 0.4433, 0.6535 -0.2854 0.4724, 0.6637 -0.2854 0.4711, 0.6732 -0.2854 0.4672, 0.6813 -0.2854 0.4609, 0.6876 -0.2854 0.4528, 0.6915 -0.2854 0.4433, 0.6477 -0.3552 0.4433, 0.6624 -0.3459 0.4433, 0.6839 -0.319 0.4433, 0.6896 -0.3027 0.4433, 0.6449 -0.31 0.4724, 0.6387 -0.3162 0.4724, 0.6529 -0.3163 0.4711, 0.645 -0.3242 0.4711, 0.6603 -0.3223 0.4672, 0.651 -0.3316 0.4672, 0.6667 -0.3273 0.4609, 0.656 -0.338 0.4609, 0.6716 -0.3312 0.4528, 0.6599 -0.3429 0.4528, 0.6746 -0.3337 0.4433, 0.6525 -0.2942 0.4724, 0.6625 -0.2965 0.4711, 0.6717 -0.2986 0.4672, 0.6797 -0.3004 0.4609, 0.6858 -0.3018 0.4528, 0.6803 -0.3173 0.4528, 0.6747 -0.3146 0.4609, 0.6673 -0.3111 0.4672, 0.6588 -0.3069 0.4711, 0.6496 -0.3025 0.4724, 0.646 -0.3516 0.4528, 0.6433 -0.346 0.4609, 0.6398 -0.3386 0.4672, 0.6356 -0.3301 0.4711, 0.6312 -0.3209 0.4724, 0.6314 -0.3609 0.4433, 0.6305 -0.3571 0.4528, 0.6291 -0.351 0.4609, 0.6273 -0.343 0.4672, 0.6252 -0.3338 0.4711, 0.6229 -0.3238 0.4724, 0.5515 -0.2228 0.4382, 0.5433 -0.2238 0.4433, 0.5525 -0.2238 0.4433, 0.5541 -0.2254 0.4481, 0.5433 -0.2277 0.4528, 0.5564 -0.2277 0.4528, 0.5593 -0.2306 0.457, 0.5433 -0.234 0.4609, 0.5627 -0.234 0.4609, 0.5433 -0.2421 0.4672, 0.5708 -0.2421 0.4672, 0.5433 -0.2516 0.4711, 0.5803 -0.2516 0.4711, 0.5433 -0.2618 0.4724, 0.5905 -0.2618 0.4724, 0.5525 0.2238 0.4433, 0.5515 0.2228 0.4382, 0.5541 0.2254 0.4481, 0.5564 0.2277 0.4528, 0.5593 0.2306 0.457, 0.5627 0.234 0.4609, 0.5708 0.2421 0.4672, 0.5803 0.2516 0.4711, 0.5905 0.2618 0.4724, -0.5804 0.2516 0.4711, -0.5709 0.2421 0.4672, -0.5628 0.234 0.4609, -0.5594 0.2306 0.457, -0.5565 0.2277 0.4528, -0.5516 0.2228 0.4382, -0.5526 0.2238 0.4433, -0.5542 0.2254 0.4481, -0.5433 0.2238 0.4433, -0.5433 0.2277 0.4528, -0.5433 0.234 0.4609, -0.5433 0.2421 0.4672, -0.5433 0.2516 0.4711, -0.4047 -0.3248 0.472, -0.5315 -0.3248 0.4628, -0.4075 -0.3248 0.4709, -0.41 -0.3248 0.469, -0.5331 -0.3248 0.4665, -0.535 -0.3248 0.469, -0.4118 -0.3248 0.4665, -0.413 -0.3248 0.4637, -0.4134 -0.3248 0.4628, -0.4134 -0.3248 0.4606, -0.5374 -0.3248 0.4709, -0.5403 -0.3248 0.472, -0.5319 -0.3248 0.4637, -0.5315 -0.3248 0.4606, -0.5403 0.3248 0.472, -0.4134 0.3248 0.4628, -0.5374 0.3248 0.4709, -0.535 0.3248 0.469, -0.4118 0.3248 0.4665, -0.41 0.3248 0.469, -0.4075 0.3248 0.4709, -0.4047 0.3248 0.472, -0.5331 0.3248 0.4665, -0.5319 0.3248 0.4637, -0.5315 0.3248 0.4628, -0.5315 0.3248 0.4606, -0.413 0.3248 0.4637, -0.4134 0.3248 0.4606, -0.5315 0.2618 0.4606, -0.5319 0.2618 0.4637, -0.5331 0.2618 0.4665, -0.535 0.2618 0.469, -0.5374 0.2618 0.4709, -0.5403 0.2618 0.472, -0.5403 0.2517 0.4707, -0.5374 0.252 0.4696, -0.535 0.2525 0.4678, -0.5331 0.2531 0.4654, -0.5319 0.2539 0.4626, -0.5315 0.2547 0.4597, -0.5403 0.2423 0.4668, -0.5374 0.2429 0.4658, -0.535 0.2439 0.4642, -0.5331 0.2451 0.4621, -0.5319 0.2465 0.4596, -0.5315 0.248 0.4569, -0.5403 0.2343 0.4606, -0.5374 0.2351 0.4598, -0.535 0.2364 0.4585, -0.5331 0.2381 0.4567, -0.5319 0.2402 0.4547, -0.5315 0.2423 0.4526, -0.5403 0.2281 0.4526, -0.5374 0.2291 0.452, -0.535 0.2307 0.451, -0.5331 0.2328 0.4498, -0.5319 0.2353 0.4484, -0.5315 0.2379 0.4469, -0.5403 0.2242 0.4432, -0.5374 0.2253 0.4429, -0.535 0.2271 0.4424, -0.5331 0.2295 0.4417, -0.5319 0.2322 0.441, -0.5315 0.2352 0.4402, -0.5403 0.2228 0.4331, -0.5374 0.224 0.4331, -0.535 0.2259 0.4331, -0.5331 0.2283 0.4331, -0.5319 0.2312 0.4331, -0.5315 0.2343 0.4331, -0.4134 -0.2618 0.4606, -0.413 -0.2618 0.4637, -0.4118 -0.2618 0.4665, -0.41 -0.2618 0.469, -0.4075 -0.2618 0.4709, -0.4047 -0.2618 0.472, -0.4016 -0.2516 0.4711, -0.4047 -0.2517 0.4707, -0.4075 -0.252 0.4696, -0.41 -0.2525 0.4678, -0.4118 -0.2531 0.4654, -0.413 -0.2539 0.4626, -0.4134 -0.2547 0.4597, -0.4016 -0.2421 0.4672, -0.4047 -0.2423 0.4668, -0.4075 -0.2429 0.4658, -0.41 -0.2439 0.4642, -0.4118 -0.2451 0.4621, -0.413 -0.2465 0.4596, -0.4134 -0.248 0.4569, -0.4016 -0.234 0.4609, -0.4047 -0.2343 0.4606, -0.4075 -0.2351 0.4598, -0.41 -0.2364 0.4585, -0.4118 -0.2381 0.4567, -0.413 -0.2402 0.4547, -0.4134 -0.2423 0.4526, -0.4016 -0.2277 0.4528, -0.4047 -0.2281 0.4526, -0.4075 -0.2291 0.452, -0.41 -0.2307 0.451, -0.4118 -0.2328 0.4498, -0.413 -0.2353 0.4484, -0.4134 -0.2379 0.4469, -0.4016 -0.2238 0.4433, -0.4047 -0.2242 0.4432, -0.4075 -0.2253 0.4429, -0.41 -0.2271 0.4424, -0.4118 -0.2295 0.4417, -0.413 -0.2322 0.441, -0.4134 -0.2352 0.4402, -0.4016 -0.2224 0.4331, -0.4047 -0.2228 0.4331, -0.4075 -0.224 0.4331, -0.41 -0.2259 0.4331, -0.4118 -0.2283 0.4331, -0.413 -0.2312 0.4331, -0.4134 -0.2343 0.4331, -0.4047 0.2228 0.4331, -0.4075 0.224 0.4331, -0.41 0.2259 0.4331, -0.4118 0.2283 0.4331, -0.413 0.2312 0.4331, -0.4134 0.2343 0.4331, -0.4047 0.2242 0.4432, -0.4075 0.2253 0.4429, -0.41 0.2271 0.4424, -0.4118 0.2295 0.4417, -0.413 0.2322 0.441, -0.4134 0.2352 0.4402, -0.4047 0.2281 0.4526, -0.4075 0.2291 0.452, -0.41 0.2307 0.451, -0.4118 0.2328 0.4498, -0.413 0.2353 0.4484, -0.4134 0.2379 0.4469, -0.4047 0.2343 0.4606, -0.4075 0.2351 0.4598, -0.41 0.2364 0.4585, -0.4118 0.2381 0.4567, -0.413 0.2402 0.4547, -0.4134 0.2423 0.4526, -0.4047 0.2423 0.4668, -0.4075 0.2429 0.4658, -0.41 0.2439 0.4642, -0.4118 0.2451 0.4621, -0.413 0.2465 0.4596, -0.4134 0.248 0.4569, -0.4047 0.2517 0.4707, -0.4075 0.252 0.4696, -0.41 0.2525 0.4678, -0.4118 0.2531 0.4654, -0.413 0.2539 0.4626, -0.4134 0.2547 0.4597, -0.4047 0.2618 0.472, -0.4075 0.2618 0.4709, -0.41 0.2618 0.469, -0.4118 0.2618 0.4665, -0.413 0.2618 0.4637, -0.4134 0.2618 0.4606, -0.5315 -0.2618 0.4606, -0.5319 -0.2618 0.4637, -0.5331 -0.2618 0.4665, -0.535 -0.2618 0.469, -0.5374 -0.2618 0.4709, -0.5403 -0.2618 0.472, -0.5403 -0.2228 0.4331, -0.5403 -0.2242 0.4432, -0.5374 -0.224 0.4331, -0.5374 -0.2253 0.4429, -0.535 -0.2259 0.4331, -0.535 -0.2271 0.4424, -0.5331 -0.2283 0.4331, -0.5331 -0.2295 0.4417, -0.5319 -0.2312 0.4331, -0.5319 -0.2322 0.441, -0.5315 -0.2343 0.4331, -0.5315 -0.2352 0.4402, -0.5403 -0.2281 0.4526, -0.5374 -0.2291 0.452, -0.535 -0.2307 0.451, -0.5331 -0.2328 0.4498, -0.5319 -0.2353 0.4484, -0.5315 -0.2379 0.4469, -0.5403 -0.2343 0.4606, -0.5374 -0.2351 0.4598, -0.535 -0.2364 0.4585, -0.5331 -0.2381 0.4567, -0.5319 -0.2402 0.4547, -0.5315 -0.2423 0.4526, -0.5403 -0.2423 0.4668, -0.5374 -0.2429 0.4658, -0.535 -0.2439 0.4642, -0.5331 -0.2451 0.4621, -0.5319 -0.2465 0.4596, -0.5315 -0.248 0.4569, -0.5403 -0.2517 0.4707, -0.5374 -0.252 0.4696, -0.535 -0.2525 0.4678, -0.5331 -0.2531 0.4654, -0.5319 -0.2539 0.4626, -0.5315 -0.2547 0.4597
            ]
        }
        coordIndex [
            0,1,2,-1,3,4,5,-1,5,4,6,-1,2,7,0,-1,0,7,8,-1,0,8,9,-1,9,10,0,-1,0,10,11,-1,0,11,12,-1,13,14,6,-1,6,14,15,-1,6,15,16,-1,16,17,6,-1,6,17,18,-1,6,18,5,-1,12,19,0,-1,0,19,20,-1,0,20,6,-1,6,20,21,-1,6,21,13,-1,22,23,24,-1,24,23,25,-1,26,27,28,-1,28,27,29,-1,6,4,30,-1,6,30,31,-1,31,30,32,-1,31,32,33,-1,33,32,34,-1,33,34,35,-1,36,37,34,-1,34,37,38,-1,34,38,35,-1,39,24,25,-1,25,40,39,-1,39,40,41,-1,39,41,36,-1,36,41,42,-1,36,42,37,-1,27,26,43,-1,27,43,44,-1,44,43,45,-1,44,45,46,-1,46,45,47,-1,46,47,48,-1,48,47,49,-1,48,49,50,-1,50,49,51,-1,50,51,52,-1,52,51,53,-1,52,53,54,-1,55,56,57,-1,57,56,58,-1,57,58,59,-1,60,61,62,-1,63,64,65,-1,66,67,68,-1,69,70,71,-1,72,73,74,-1,75,76,77,-1,78,79,80,-1,81,82,83,-1,84,85,86,-1,86,85,87,-1,87,85,88,-1,87,88,89,-1,89,88,90,-1,89,90,91,-1,91,90,92,-1,91,92,93,-1,83,82,71,-1,71,82,94,-1,71,94,93,-1,93,94,95,-1,93,95,96,-1,96,95,97,-1,96,97,98,-1,80,79,68,-1,68,79,99,-1,68,99,98,-1,98,99,100,-1,98,100,101,-1,101,100,102,-1,101,102,103,-1,104,105,106,-1,107,108,109,-1,109,108,110,-1,109,110,111,-1,77,76,112,-1,112,76,113,-1,112,113,114,-1,106,105,103,-1,103,105,115,-1,103,115,111,-1,111,115,116,-1,111,116,109,-1,114,113,107,-1,107,113,117,-1,107,117,108,-1,108,117,118,-1,108,118,119,-1,74,73,65,-1,65,73,120,-1,65,120,119,-1,119,120,121,-1,119,121,122,-1,122,121,123,-1,122,123,124,-1,125,126,127,-1,127,126,128,-1,127,128,129,-1,129,128,130,-1,129,130,131,-1,131,130,124,-1,131,124,132,-1,132,124,62,-1,132,62,133,-1,133,62,134,-1,133,134,125,-1,69,135,70,-1,70,135,136,-1,70,136,66,-1,66,136,137,-1,66,137,67,-1,67,137,138,-1,67,138,139,-1,140,141,142,-1,142,141,143,-1,142,143,144,-1,144,143,145,-1,146,147,148,-1,148,147,61,-1,148,61,149,-1,149,61,60,-1,149,60,150,-1,150,60,64,-1,150,64,151,-1,151,64,63,-1,69,152,153,-1,154,86,155,-1,155,86,87,-1,155,87,153,-1,153,87,156,-1,153,156,69,-1,69,156,157,-1,69,157,135,-1,92,158,93,-1,93,158,84,-1,93,84,71,-1,71,84,86,-1,71,86,69,-1,69,86,154,-1,69,154,152,-1,66,159,70,-1,70,159,160,-1,70,160,71,-1,71,160,161,-1,71,161,83,-1,83,161,162,-1,97,163,98,-1,98,163,81,-1,98,81,68,-1,68,81,83,-1,68,83,66,-1,66,83,162,-1,66,162,159,-1,139,164,67,-1,67,164,165,-1,67,165,68,-1,68,165,166,-1,68,166,80,-1,80,166,167,-1,102,168,103,-1,103,168,78,-1,103,78,106,-1,106,78,80,-1,106,80,139,-1,139,80,167,-1,139,167,164,-1,138,169,139,-1,139,169,170,-1,139,170,106,-1,106,170,171,-1,106,171,104,-1,104,171,112,-1,104,112,172,-1,172,112,114,-1,169,145,170,-1,170,145,143,-1,170,143,171,-1,171,143,173,-1,171,173,112,-1,112,173,174,-1,112,174,141,-1,141,174,175,-1,141,175,143,-1,143,175,176,-1,143,176,173,-1,63,177,178,-1,179,77,180,-1,180,77,112,-1,180,112,178,-1,178,112,141,-1,178,141,63,-1,63,141,140,-1,63,140,151,-1,118,181,119,-1,119,181,75,-1,119,75,65,-1,65,75,77,-1,65,77,63,-1,63,77,179,-1,63,179,177,-1,60,182,64,-1,64,182,183,-1,64,183,65,-1,65,183,184,-1,65,184,74,-1,74,184,185,-1,123,186,124,-1,124,186,72,-1,124,72,62,-1,62,72,74,-1,62,74,60,-1,60,74,185,-1,60,185,182,-1,187,134,188,-1,188,134,62,-1,188,62,189,-1,189,62,61,-1,189,61,190,-1,190,61,147,-1,190,147,187,-1,187,147,134,-1,125,134,126,-1,126,134,147,-1,126,147,191,-1,191,147,146,-1,191,146,192,-1,193,194,195,-1,195,194,196,-1,195,196,197,-1,198,199,200,-1,201,202,203,-1,204,205,206,-1,207,208,209,-1,210,211,212,-1,213,214,215,-1,216,217,218,-1,219,220,221,-1,222,223,224,-1,224,223,225,-1,225,223,226,-1,225,226,227,-1,227,226,228,-1,227,228,229,-1,229,228,230,-1,229,230,231,-1,221,220,206,-1,206,220,232,-1,206,232,233,-1,233,232,234,-1,233,234,235,-1,235,234,236,-1,235,236,237,-1,238,239,240,-1,240,239,241,-1,240,241,242,-1,218,217,243,-1,243,217,244,-1,243,244,245,-1,245,244,238,-1,238,244,246,-1,238,246,239,-1,239,246,247,-1,239,247,248,-1,249,250,251,-1,251,250,252,-1,251,252,253,-1,253,252,254,-1,253,254,255,-1,255,254,256,-1,255,256,257,-1,257,256,200,-1,257,200,258,-1,258,200,259,-1,258,259,249,-1,215,214,203,-1,203,214,260,-1,203,260,248,-1,248,260,261,-1,248,261,262,-1,262,261,263,-1,262,263,256,-1,264,265,266,-1,266,265,237,-1,237,265,267,-1,237,267,242,-1,242,267,268,-1,242,268,240,-1,212,211,209,-1,209,211,269,-1,209,269,231,-1,231,269,270,-1,231,270,271,-1,271,270,272,-1,271,272,233,-1,207,273,208,-1,208,273,274,-1,208,274,204,-1,204,274,275,-1,204,275,205,-1,205,275,276,-1,205,276,277,-1,278,279,280,-1,280,279,281,-1,280,281,282,-1,282,281,283,-1,284,285,286,-1,286,285,199,-1,286,199,287,-1,287,199,198,-1,287,198,288,-1,288,198,202,-1,288,202,289,-1,289,202,201,-1,207,290,291,-1,292,224,293,-1,293,224,225,-1,293,225,291,-1,291,225,294,-1,291,294,207,-1,207,294,295,-1,207,295,273,-1,230,296,231,-1,231,296,222,-1,231,222,209,-1,209,222,224,-1,209,224,207,-1,207,224,292,-1,207,292,290,-1,297,212,298,-1,298,212,209,-1,298,209,299,-1,299,209,208,-1,299,208,300,-1,300,208,204,-1,272,301,233,-1,233,301,210,-1,233,210,206,-1,206,210,212,-1,206,212,204,-1,204,212,297,-1,204,297,300,-1,302,221,303,-1,303,221,206,-1,303,206,304,-1,304,206,205,-1,304,205,305,-1,305,205,277,-1,236,306,237,-1,237,306,219,-1,237,219,266,-1,266,219,221,-1,266,221,277,-1,277,221,302,-1,277,302,305,-1,276,307,277,-1,277,307,308,-1,277,308,266,-1,266,308,309,-1,266,309,264,-1,264,309,243,-1,264,243,310,-1,310,243,245,-1,307,283,308,-1,308,283,281,-1,308,281,309,-1,309,281,311,-1,309,311,243,-1,243,311,312,-1,243,312,279,-1,279,312,313,-1,279,313,281,-1,281,313,314,-1,281,314,311,-1,201,315,316,-1,317,218,318,-1,318,218,243,-1,318,243,316,-1,316,243,279,-1,316,279,201,-1,201,279,278,-1,201,278,289,-1,247,319,248,-1,248,319,216,-1,248,216,203,-1,203,216,218,-1,203,218,201,-1,201,218,317,-1,201,317,315,-1,320,215,321,-1,321,215,203,-1,321,203,322,-1,322,203,202,-1,322,202,323,-1,323,202,198,-1,263,324,256,-1,256,324,213,-1,256,213,200,-1,200,213,215,-1,200,215,198,-1,198,215,320,-1,198,320,323,-1,325,200,326,-1,326,200,199,-1,326,199,327,-1,327,199,285,-1,327,285,328,-1,328,285,259,-1,328,259,325,-1,325,259,200,-1,249,259,250,-1,250,259,285,-1,250,285,329,-1,329,285,284,-1,329,284,330,-1,331,332,333,-1,333,332,334,-1,194,193,335,-1,335,193,336,-1,335,336,337,-1,337,336,338,-1,338,336,339,-1,338,339,340,-1,340,339,341,-1,341,339,342,-1,341,342,343,-1,343,342,344,-1,344,342,345,-1,344,345,346,-1,346,345,347,-1,347,345,348,-1,347,348,349,-1,349,348,350,-1,350,348,295,-1,350,295,227,-1,128,192,351,-1,351,192,352,-1,351,352,353,-1,353,352,354,-1,354,352,355,-1,354,355,356,-1,356,355,357,-1,357,355,358,-1,357,358,359,-1,359,358,360,-1,360,358,361,-1,360,361,362,-1,362,361,363,-1,363,361,364,-1,363,364,365,-1,365,364,366,-1,366,364,197,-1,366,197,196,-1,56,55,367,-1,367,55,368,-1,367,368,369,-1,369,368,370,-1,370,368,371,-1,370,371,372,-1,372,371,373,-1,373,371,374,-1,373,374,375,-1,375,374,376,-1,376,374,377,-1,376,377,378,-1,378,377,379,-1,379,377,380,-1,379,380,381,-1,381,380,382,-1,382,380,157,-1,382,157,89,-1,252,330,383,-1,383,330,384,-1,383,384,385,-1,385,384,386,-1,386,384,387,-1,386,387,388,-1,388,387,389,-1,389,387,390,-1,389,390,391,-1,391,390,392,-1,392,390,393,-1,392,393,394,-1,394,393,395,-1,395,393,396,-1,395,396,397,-1,397,396,398,-1,398,396,59,-1,398,59,58,-1,399,400,401,-1,401,400,402,-1,403,401,404,-1,404,401,402,-1,25,23,405,-1,405,23,406,-1,407,405,408,-1,408,405,406,-1,409,410,411,-1,412,413,414,-1,415,416,417,-1,417,416,418,-1,415,419,400,-1,400,419,420,-1,420,421,400,-1,400,421,404,-1,400,404,402,-1,422,423,424,-1,425,426,427,-1,428,429,430,-1,431,432,433,-1,434,435,436,-1,437,438,439,-1,439,438,440,-1,441,442,443,-1,444,445,446,-1,447,448,449,-1,450,451,452,-1,452,451,453,-1,454,455,23,-1,456,457,458,-1,454,23,450,-1,459,460,461,-1,461,460,462,-1,461,462,463,-1,455,464,23,-1,23,464,408,-1,23,408,406,-1,465,466,467,-1,467,466,468,-1,469,470,471,-1,472,473,474,-1,474,473,475,-1,476,477,478,-1,23,479,480,-1,481,482,483,-1,484,28,23,-1,450,23,451,-1,451,23,480,-1,451,480,430,-1,430,480,485,-1,430,485,428,-1,486,487,488,-1,478,489,476,-1,476,489,490,-1,476,490,23,-1,23,490,491,-1,23,491,484,-1,28,29,23,-1,23,29,492,-1,23,492,479,-1,493,494,495,-1,496,497,416,-1,498,499,500,-1,415,400,416,-1,416,400,501,-1,416,501,502,-1,503,504,505,-1,506,507,508,-1,509,510,416,-1,511,512,411,-1,411,512,513,-1,411,513,409,-1,514,515,508,-1,446,498,444,-1,444,498,500,-1,444,500,436,-1,436,500,516,-1,436,516,434,-1,517,459,518,-1,518,459,461,-1,518,461,499,-1,499,461,519,-1,499,519,500,-1,520,438,521,-1,521,438,476,-1,521,476,22,-1,22,476,23,-1,522,523,511,-1,511,523,496,-1,511,496,512,-1,512,496,416,-1,512,416,524,-1,524,416,502,-1,525,526,527,-1,527,526,528,-1,527,528,461,-1,461,528,529,-1,461,529,519,-1,519,529,530,-1,519,530,504,-1,504,530,531,-1,504,531,532,-1,533,534,443,-1,443,534,535,-1,443,535,441,-1,440,438,536,-1,536,438,520,-1,536,520,537,-1,537,520,538,-1,537,538,449,-1,449,538,539,-1,449,539,447,-1,532,540,504,-1,504,540,541,-1,504,541,505,-1,542,543,533,-1,533,543,544,-1,533,544,534,-1,534,544,506,-1,534,506,505,-1,505,506,508,-1,505,508,503,-1,545,546,547,-1,547,546,548,-1,547,548,449,-1,449,548,549,-1,449,549,537,-1,537,549,550,-1,537,550,551,-1,551,552,537,-1,537,552,553,-1,537,553,554,-1,497,555,416,-1,416,555,556,-1,416,556,557,-1,558,494,559,-1,559,494,560,-1,559,560,510,-1,510,560,561,-1,510,561,562,-1,558,563,494,-1,494,563,564,-1,494,564,565,-1,566,567,494,-1,494,567,568,-1,494,568,569,-1,507,570,508,-1,508,570,571,-1,508,571,572,-1,573,574,483,-1,483,574,575,-1,483,575,481,-1,517,518,554,-1,554,518,576,-1,554,576,577,-1,557,578,416,-1,416,578,579,-1,416,579,580,-1,562,581,510,-1,510,581,582,-1,510,582,416,-1,582,583,416,-1,416,583,584,-1,416,584,488,-1,488,584,585,-1,488,585,486,-1,566,494,465,-1,465,494,565,-1,465,565,466,-1,466,565,586,-1,466,586,433,-1,433,586,587,-1,433,587,431,-1,569,588,494,-1,494,588,589,-1,494,589,508,-1,508,589,590,-1,508,590,591,-1,592,593,414,-1,414,593,594,-1,414,594,412,-1,572,595,508,-1,508,595,596,-1,508,596,514,-1,514,596,574,-1,514,574,597,-1,597,574,573,-1,597,573,598,-1,598,573,599,-1,577,600,554,-1,554,600,601,-1,554,601,537,-1,509,416,472,-1,472,416,580,-1,472,580,473,-1,473,580,602,-1,473,602,424,-1,424,602,603,-1,424,603,422,-1,604,605,592,-1,592,605,606,-1,592,606,593,-1,593,606,607,-1,593,607,590,-1,590,607,608,-1,590,608,591,-1,515,609,508,-1,508,609,610,-1,508,610,611,-1,612,613,458,-1,458,613,614,-1,458,614,456,-1,611,615,508,-1,508,615,616,-1,508,616,617,-1,617,616,613,-1,617,613,618,-1,618,613,612,-1,618,612,619,-1,619,612,620,-1,617,621,508,-1,508,621,622,-1,508,622,623,-1,427,493,425,-1,425,493,495,-1,425,495,471,-1,471,495,624,-1,471,624,469,-1,623,625,508,-1,508,625,626,-1,508,626,494,-1,494,626,627,-1,494,627,495,-1,385,386,628,-1,388,389,629,-1,391,392,630,-1,394,395,631,-1,397,398,632,-1,20,19,633,-1,633,19,634,-1,633,634,635,-1,635,634,636,-1,635,636,637,-1,637,636,638,-1,637,638,639,-1,639,638,640,-1,639,640,641,-1,641,640,632,-1,641,632,58,-1,58,632,398,-1,395,397,631,-1,631,397,632,-1,631,632,642,-1,642,632,640,-1,642,640,643,-1,643,640,638,-1,643,638,644,-1,644,638,636,-1,644,636,645,-1,645,636,634,-1,645,634,12,-1,12,634,19,-1,392,394,630,-1,630,394,631,-1,630,631,646,-1,646,631,642,-1,646,642,647,-1,647,642,643,-1,647,643,648,-1,648,643,644,-1,648,644,649,-1,649,644,645,-1,649,645,11,-1,11,645,12,-1,389,391,629,-1,629,391,630,-1,629,630,650,-1,650,630,646,-1,650,646,651,-1,651,646,647,-1,651,647,652,-1,652,647,648,-1,652,648,653,-1,653,648,649,-1,653,649,10,-1,10,649,11,-1,386,388,628,-1,628,388,629,-1,628,629,654,-1,654,629,650,-1,654,650,655,-1,655,650,651,-1,655,651,656,-1,656,651,652,-1,656,652,657,-1,657,652,653,-1,657,653,9,-1,9,653,10,-1,383,385,658,-1,658,385,628,-1,658,628,659,-1,659,628,654,-1,659,654,660,-1,660,654,655,-1,660,655,661,-1,661,655,656,-1,661,656,662,-1,662,656,657,-1,662,657,8,-1,8,657,9,-1,8,7,662,-1,662,7,663,-1,662,663,661,-1,661,663,664,-1,661,664,660,-1,660,664,665,-1,660,665,659,-1,659,665,666,-1,659,666,658,-1,658,666,667,-1,658,667,383,-1,383,667,252,-1,21,20,633,-1,21,633,668,-1,668,633,635,-1,668,635,669,-1,669,635,637,-1,669,637,670,-1,670,637,639,-1,670,639,671,-1,671,639,641,-1,671,641,672,-1,672,641,58,-1,672,58,56,-1,673,674,675,-1,663,7,2,-1,2,676,663,-1,663,676,677,-1,663,677,678,-1,678,679,663,-1,663,679,680,-1,663,680,681,-1,673,675,681,-1,674,682,675,-1,675,682,683,-1,675,683,684,-1,684,685,675,-1,675,685,686,-1,675,686,687,-1,688,227,229,-1,229,231,688,-1,688,231,271,-1,688,271,233,-1,681,675,663,-1,663,675,689,-1,663,689,664,-1,664,689,690,-1,664,690,665,-1,665,690,691,-1,665,691,666,-1,666,691,688,-1,666,688,667,-1,667,688,233,-1,667,233,235,-1,235,237,667,-1,667,237,242,-1,667,242,241,-1,241,239,667,-1,667,239,248,-1,667,248,262,-1,262,256,667,-1,667,256,254,-1,667,254,252,-1,369,370,692,-1,372,373,693,-1,375,376,694,-1,378,379,695,-1,381,382,696,-1,5,18,697,-1,697,18,698,-1,697,698,699,-1,699,698,700,-1,699,700,701,-1,701,700,702,-1,701,702,703,-1,703,702,704,-1,703,704,705,-1,705,704,696,-1,705,696,89,-1,89,696,382,-1,379,381,695,-1,695,381,696,-1,695,696,706,-1,706,696,704,-1,706,704,707,-1,707,704,702,-1,707,702,708,-1,708,702,700,-1,708,700,709,-1,709,700,698,-1,709,698,17,-1,17,698,18,-1,376,378,694,-1,694,378,695,-1,694,695,710,-1,710,695,706,-1,710,706,711,-1,711,706,707,-1,711,707,712,-1,712,707,708,-1,712,708,713,-1,713,708,709,-1,713,709,16,-1,16,709,17,-1,373,375,693,-1,693,375,694,-1,693,694,714,-1,714,694,710,-1,714,710,715,-1,715,710,711,-1,715,711,716,-1,716,711,712,-1,716,712,717,-1,717,712,713,-1,717,713,15,-1,15,713,16,-1,370,372,692,-1,692,372,693,-1,692,693,718,-1,718,693,714,-1,718,714,719,-1,719,714,715,-1,719,715,720,-1,720,715,716,-1,720,716,721,-1,721,716,717,-1,721,717,14,-1,14,717,15,-1,367,369,722,-1,722,369,692,-1,722,692,723,-1,723,692,718,-1,723,718,724,-1,724,718,719,-1,724,719,725,-1,725,719,720,-1,725,720,726,-1,726,720,721,-1,726,721,13,-1,13,721,14,-1,13,21,726,-1,726,21,668,-1,726,668,725,-1,725,668,669,-1,725,669,724,-1,724,669,670,-1,724,670,723,-1,723,670,671,-1,723,671,722,-1,722,671,672,-1,722,672,367,-1,367,672,56,-1,337,338,727,-1,340,341,728,-1,346,347,729,-1,349,350,730,-1,731,732,733,-1,733,732,734,-1,733,734,735,-1,735,734,736,-1,735,736,737,-1,737,736,738,-1,737,738,739,-1,739,738,740,-1,739,740,741,-1,741,740,728,-1,687,742,675,-1,675,742,743,-1,675,743,689,-1,689,743,744,-1,689,744,690,-1,690,744,745,-1,690,745,691,-1,691,745,746,-1,691,746,688,-1,688,746,730,-1,688,730,227,-1,227,730,350,-1,347,349,729,-1,729,349,730,-1,729,730,747,-1,747,730,746,-1,747,746,748,-1,748,746,745,-1,748,745,749,-1,749,745,744,-1,749,744,750,-1,750,744,743,-1,750,743,751,-1,751,743,742,-1,344,346,741,-1,741,346,729,-1,741,729,739,-1,739,729,747,-1,739,747,737,-1,737,747,748,-1,737,748,735,-1,735,748,749,-1,735,749,733,-1,733,749,750,-1,733,750,731,-1,731,750,751,-1,728,341,741,-1,741,341,343,-1,741,343,344,-1,338,340,727,-1,727,340,728,-1,727,728,752,-1,752,728,740,-1,752,740,753,-1,753,740,738,-1,753,738,754,-1,754,738,736,-1,754,736,755,-1,755,736,734,-1,755,734,756,-1,756,734,732,-1,335,337,757,-1,757,337,727,-1,757,727,758,-1,758,727,752,-1,758,752,759,-1,759,752,753,-1,759,753,760,-1,760,753,754,-1,760,754,761,-1,761,754,755,-1,761,755,762,-1,762,755,756,-1,762,763,761,-1,761,763,764,-1,761,764,760,-1,760,764,765,-1,760,765,759,-1,759,765,766,-1,759,766,758,-1,758,766,767,-1,758,767,757,-1,757,767,768,-1,757,768,335,-1,335,768,194,-1,769,770,771,-1,771,772,769,-1,769,772,773,-1,769,773,774,-1,774,775,769,-1,769,775,776,-1,769,776,777,-1,778,779,697,-1,778,697,777,-1,779,780,697,-1,697,780,781,-1,697,781,333,-1,333,334,697,-1,697,334,3,-1,697,3,5,-1,705,89,91,-1,91,93,705,-1,705,93,96,-1,705,96,98,-1,777,697,769,-1,769,697,699,-1,769,699,782,-1,782,699,701,-1,782,701,783,-1,783,701,703,-1,783,703,784,-1,784,703,705,-1,784,705,785,-1,785,705,98,-1,785,98,101,-1,101,103,785,-1,785,103,111,-1,785,111,110,-1,110,108,785,-1,785,108,119,-1,785,119,122,-1,122,124,785,-1,785,124,130,-1,785,130,128,-1,763,786,787,-1,763,787,764,-1,764,787,788,-1,764,788,765,-1,765,788,789,-1,765,789,766,-1,766,789,790,-1,766,790,767,-1,767,790,791,-1,767,791,768,-1,768,791,196,-1,768,196,194,-1,353,354,792,-1,356,357,793,-1,362,363,794,-1,365,366,795,-1,796,797,798,-1,798,797,799,-1,798,799,800,-1,800,799,801,-1,800,801,802,-1,802,801,803,-1,802,803,804,-1,804,803,805,-1,804,805,806,-1,806,805,793,-1,786,807,787,-1,787,807,808,-1,787,808,788,-1,788,808,809,-1,788,809,789,-1,789,809,810,-1,789,810,790,-1,790,810,811,-1,790,811,791,-1,791,811,795,-1,791,795,196,-1,196,795,366,-1,363,365,794,-1,794,365,795,-1,794,795,812,-1,812,795,811,-1,812,811,813,-1,813,811,810,-1,813,810,814,-1,814,810,809,-1,814,809,815,-1,815,809,808,-1,815,808,816,-1,816,808,807,-1,360,362,806,-1,806,362,794,-1,806,794,804,-1,804,794,812,-1,804,812,802,-1,802,812,813,-1,802,813,800,-1,800,813,814,-1,800,814,798,-1,798,814,815,-1,798,815,796,-1,796,815,816,-1,793,357,806,-1,806,357,359,-1,806,359,360,-1,354,356,792,-1,792,356,793,-1,792,793,817,-1,817,793,805,-1,817,805,818,-1,818,805,803,-1,818,803,819,-1,819,803,801,-1,819,801,820,-1,820,801,799,-1,820,799,821,-1,821,799,797,-1,351,353,822,-1,822,353,792,-1,822,792,823,-1,823,792,817,-1,823,817,824,-1,824,817,818,-1,824,818,825,-1,825,818,819,-1,825,819,826,-1,826,819,820,-1,826,820,827,-1,827,820,821,-1,827,770,826,-1,826,770,769,-1,826,769,825,-1,825,769,782,-1,825,782,824,-1,824,782,783,-1,824,783,823,-1,823,783,784,-1,823,784,822,-1,822,784,785,-1,822,785,351,-1,351,785,128,-1,401,403,828,-1,828,403,829,-1,828,829,830,-1,830,829,831,-1,831,829,832,-1,831,832,833,-1,833,832,834,-1,834,832,835,-1,834,835,836,-1,836,835,837,-1,836,837,838,-1,838,837,839,-1,838,839,840,-1,840,839,841,-1,840,841,842,-1,830,843,844,-1,399,401,844,-1,844,401,828,-1,844,828,830,-1,843,830,845,-1,845,830,831,-1,845,831,846,-1,846,831,833,-1,846,833,847,-1,833,834,847,-1,847,834,836,-1,847,836,848,-1,848,836,838,-1,848,838,849,-1,849,838,840,-1,849,840,850,-1,850,840,842,-1,850,842,851,-1,0,6,31,-1,0,31,852,-1,852,31,33,-1,852,33,853,-1,853,33,35,-1,853,35,854,-1,854,35,38,-1,854,38,855,-1,855,38,856,-1,856,38,37,-1,856,37,42,-1,25,405,40,-1,40,405,857,-1,40,857,41,-1,41,857,858,-1,41,858,42,-1,42,858,859,-1,42,859,856,-1,405,407,857,-1,857,407,860,-1,857,860,858,-1,858,860,859,-1,859,860,861,-1,859,861,856,-1,856,861,855,-1,855,861,862,-1,855,862,854,-1,854,862,863,-1,854,863,853,-1,853,863,864,-1,853,864,852,-1,852,864,1,-1,852,1,0,-1,334,865,866,-1,866,865,867,-1,866,867,868,-1,869,870,334,-1,868,871,866,-1,866,871,872,-1,866,872,873,-1,873,872,874,-1,870,875,334,-1,334,875,876,-1,334,876,3,-1,869,334,877,-1,877,334,866,-1,877,866,878,-1,2,879,880,-1,880,879,881,-1,880,881,882,-1,883,884,2,-1,884,885,2,-1,2,885,886,-1,2,886,676,-1,882,887,880,-1,880,887,888,-1,880,888,889,-1,889,888,890,-1,883,2,891,-1,891,2,880,-1,891,880,892,-1,893,890,888,-1,893,888,894,-1,894,888,887,-1,894,887,895,-1,895,887,882,-1,895,882,896,-1,896,882,881,-1,896,881,897,-1,897,881,879,-1,897,879,898,-1,898,879,2,-1,898,2,1,-1,1,864,898,-1,898,864,899,-1,898,899,897,-1,897,899,900,-1,897,900,896,-1,896,900,901,-1,896,901,895,-1,895,901,902,-1,895,902,894,-1,894,902,903,-1,894,903,893,-1,893,903,904,-1,864,863,899,-1,899,863,905,-1,899,905,900,-1,900,905,906,-1,900,906,901,-1,901,906,907,-1,901,907,902,-1,902,907,908,-1,902,908,903,-1,903,908,909,-1,903,909,904,-1,904,909,910,-1,863,862,905,-1,905,862,911,-1,905,911,906,-1,906,911,912,-1,906,912,907,-1,907,912,913,-1,907,913,908,-1,908,913,914,-1,908,914,909,-1,909,914,915,-1,909,915,910,-1,910,915,916,-1,862,861,911,-1,911,861,917,-1,911,917,912,-1,912,917,918,-1,912,918,913,-1,913,918,919,-1,913,919,914,-1,914,919,920,-1,914,920,915,-1,915,920,921,-1,915,921,916,-1,916,921,922,-1,861,860,917,-1,917,860,923,-1,917,923,918,-1,918,923,924,-1,918,924,919,-1,919,924,925,-1,919,925,920,-1,920,925,926,-1,920,926,921,-1,921,926,927,-1,921,927,922,-1,922,927,928,-1,860,407,923,-1,923,407,929,-1,923,929,924,-1,924,929,930,-1,924,930,925,-1,925,930,931,-1,925,931,926,-1,926,931,932,-1,926,932,927,-1,927,932,933,-1,927,933,928,-1,928,933,934,-1,453,934,933,-1,453,933,452,-1,452,933,932,-1,452,932,450,-1,450,932,931,-1,450,931,454,-1,454,931,930,-1,454,930,455,-1,455,930,929,-1,455,929,464,-1,464,929,407,-1,464,407,408,-1,935,874,872,-1,935,872,936,-1,936,872,871,-1,936,871,937,-1,937,871,868,-1,937,868,938,-1,938,868,867,-1,938,867,939,-1,939,867,865,-1,939,865,940,-1,940,865,334,-1,940,334,332,-1,332,941,940,-1,940,941,942,-1,940,942,939,-1,939,942,943,-1,939,943,938,-1,938,943,944,-1,938,944,937,-1,937,944,945,-1,937,945,936,-1,936,945,946,-1,936,946,935,-1,935,946,947,-1,941,948,942,-1,942,948,949,-1,942,949,943,-1,943,949,950,-1,943,950,944,-1,944,950,951,-1,944,951,945,-1,945,951,952,-1,945,952,946,-1,946,952,953,-1,946,953,947,-1,947,953,954,-1,948,955,949,-1,949,955,956,-1,949,956,950,-1,950,956,957,-1,950,957,951,-1,951,957,958,-1,951,958,952,-1,952,958,959,-1,952,959,953,-1,953,959,960,-1,953,960,954,-1,954,960,961,-1,955,962,956,-1,956,962,963,-1,956,963,957,-1,957,963,964,-1,957,964,958,-1,958,964,965,-1,958,965,959,-1,959,965,966,-1,959,966,960,-1,960,966,967,-1,960,967,961,-1,961,967,968,-1,962,969,963,-1,963,969,970,-1,963,970,964,-1,964,970,971,-1,964,971,965,-1,965,971,972,-1,965,972,966,-1,966,972,973,-1,966,973,967,-1,967,973,974,-1,967,974,968,-1,968,974,975,-1,969,976,970,-1,970,976,977,-1,970,977,971,-1,971,977,978,-1,971,978,972,-1,972,978,979,-1,972,979,973,-1,973,979,980,-1,973,980,974,-1,974,980,981,-1,974,981,975,-1,975,981,982,-1,545,982,981,-1,545,981,546,-1,546,981,980,-1,546,980,548,-1,548,980,979,-1,548,979,549,-1,549,979,978,-1,549,978,550,-1,550,978,977,-1,550,977,551,-1,551,977,976,-1,551,976,552,-1,29,27,983,-1,29,983,492,-1,492,983,984,-1,492,984,479,-1,479,984,985,-1,479,985,480,-1,480,985,986,-1,480,986,485,-1,485,986,987,-1,485,987,428,-1,428,987,988,-1,428,988,429,-1,27,44,983,-1,983,44,989,-1,983,989,984,-1,984,989,990,-1,984,990,985,-1,985,990,991,-1,985,991,986,-1,986,991,992,-1,986,992,987,-1,987,992,993,-1,987,993,988,-1,988,993,994,-1,44,46,989,-1,989,46,995,-1,989,995,990,-1,990,995,996,-1,990,996,991,-1,991,996,997,-1,991,997,992,-1,992,997,998,-1,992,998,993,-1,993,998,999,-1,993,999,994,-1,994,999,1000,-1,46,48,995,-1,995,48,1001,-1,995,1001,996,-1,996,1001,1002,-1,996,1002,997,-1,997,1002,1003,-1,997,1003,998,-1,998,1003,1004,-1,998,1004,999,-1,999,1004,1005,-1,999,1005,1000,-1,1000,1005,1006,-1,48,50,1001,-1,1001,50,1007,-1,1001,1007,1002,-1,1002,1007,1008,-1,1002,1008,1003,-1,1003,1008,1009,-1,1003,1009,1004,-1,1004,1009,1010,-1,1004,1010,1005,-1,1005,1010,1011,-1,1005,1011,1006,-1,1006,1011,1012,-1,50,52,1007,-1,1007,52,1013,-1,1007,1013,1008,-1,1008,1013,1014,-1,1008,1014,1009,-1,1009,1014,1015,-1,1009,1015,1010,-1,1010,1015,1016,-1,1010,1016,1011,-1,1011,1016,1017,-1,1011,1017,1012,-1,1012,1017,1018,-1,52,54,1013,-1,1013,54,1019,-1,1013,1019,1014,-1,1014,1019,1020,-1,1014,1020,1015,-1,1015,1020,1021,-1,1015,1021,1016,-1,1016,1021,1022,-1,1016,1022,1017,-1,1017,1022,1023,-1,1017,1023,1018,-1,1018,1023,1024,-1,892,1024,1023,-1,892,1023,891,-1,891,1023,1022,-1,891,1022,883,-1,883,1022,1021,-1,883,1021,884,-1,884,1021,1020,-1,884,1020,885,-1,885,1020,1019,-1,885,1019,886,-1,886,1019,54,-1,886,54,676,-1,878,1025,1026,-1,878,1026,877,-1,877,1026,1027,-1,877,1027,869,-1,869,1027,1028,-1,869,1028,870,-1,870,1028,1029,-1,870,1029,875,-1,875,1029,1030,-1,875,1030,876,-1,876,1030,4,-1,876,4,3,-1,24,39,1031,-1,1031,39,1032,-1,1031,1032,1033,-1,1033,1032,1034,-1,1033,1034,1035,-1,1035,1034,1036,-1,1035,1036,1037,-1,1037,1036,1038,-1,1037,1038,1039,-1,1039,1038,1040,-1,1039,1040,1041,-1,1041,1040,1042,-1,39,36,1032,-1,1032,36,1043,-1,1032,1043,1034,-1,1034,1043,1044,-1,1034,1044,1036,-1,1036,1044,1045,-1,1036,1045,1038,-1,1038,1045,1046,-1,1038,1046,1040,-1,1040,1046,1047,-1,1040,1047,1042,-1,1042,1047,1048,-1,36,34,1043,-1,1043,34,1049,-1,1043,1049,1044,-1,1044,1049,1050,-1,1044,1050,1045,-1,1045,1050,1051,-1,1045,1051,1046,-1,1046,1051,1052,-1,1046,1052,1047,-1,1047,1052,1053,-1,1047,1053,1048,-1,1048,1053,1054,-1,34,32,1049,-1,1049,32,1055,-1,1049,1055,1050,-1,1050,1055,1056,-1,1050,1056,1051,-1,1051,1056,1057,-1,1051,1057,1052,-1,1052,1057,1058,-1,1052,1058,1053,-1,1053,1058,1059,-1,1053,1059,1054,-1,1054,1059,1060,-1,32,30,1055,-1,1055,30,1061,-1,1055,1061,1056,-1,1056,1061,1062,-1,1056,1062,1057,-1,1057,1062,1063,-1,1057,1063,1058,-1,1058,1063,1064,-1,1058,1064,1059,-1,1059,1064,1065,-1,1059,1065,1060,-1,1060,1065,1066,-1,30,4,1061,-1,1061,4,1030,-1,1061,1030,1062,-1,1062,1030,1029,-1,1062,1029,1063,-1,1063,1029,1028,-1,1063,1028,1064,-1,1064,1028,1027,-1,1064,1027,1065,-1,1065,1027,1026,-1,1065,1026,1066,-1,1066,1026,1025,-1,22,24,1031,-1,22,1031,521,-1,521,1031,1033,-1,521,1033,520,-1,520,1033,1035,-1,520,1035,538,-1,538,1035,1037,-1,538,1037,539,-1,539,1037,1039,-1,539,1039,447,-1,447,1039,1041,-1,447,1041,448,-1,
        ]
    }
}
Shape{
    appearance Appearance {
        material  Material 	{
            diffuseColor 0.8313725490196079 0.6705882352941176 0.12941176470588237
            specularColor 0.6666666666666666 0.5372549019607843 0.10196078431372549
            ambientIntensity 0.657
            transparency 0.0
            shininess 0.5
        }
    }
    geometry IndexedFaceSet {
        ccw TRUE
        solid FALSE
        coord DEF co Coordinate {
            point [
                -0.4134 -0.3155 0.4645, -0.4134 -0.3248 0.4628, -0.4134 -0.3248 0.4606, -0.4134 -0.2303 0.3913, -0.4134 -0.2303 0.4011, -0.4134 -0.2343 0.4331, -0.4134 -0.2303 0.4252, -0.4134 -0.2304 0.4271, -0.4134 -0.2318 0.4358, -0.4134 -0.2352 0.4402, -0.4134 -0.2356 0.4448, -0.4134 -0.2379 0.4469, -0.4134 -0.2415 0.4526, -0.4134 -0.2423 0.4526, -0.4134 -0.248 0.4569, -0.4134 -0.2491 0.4587, -0.4134 -0.2547 0.4597, -0.4134 -0.2579 0.4628, -0.4134 -0.2618 0.4606, -0.4134 -0.2672 0.4645, -0.4134 -0.2697 0.4646, -0.4134 -0.2303 0.1902, -0.4134 -0.2343 0.1181, -0.4134 -0.2303 0.1181, -0.4134 -0.2792 0.4646, -0.4134 -0.3016 0.4646, -0.4134 -0.313 0.4646, -0.5315 -0.2579 0.4628, -0.5315 -0.2491 0.4587, -0.5315 -0.248 0.4569, -0.5315 -0.2303 0.4252, -0.5315 -0.2303 0.4011, -0.5315 -0.2343 0.4331, -0.5315 -0.2423 0.4526, -0.5315 -0.2415 0.4526, -0.5315 -0.2379 0.4469, -0.5315 -0.2356 0.4448, -0.5315 -0.2352 0.4402, -0.5315 -0.2318 0.4358, -0.5315 -0.2304 0.4271, -0.5315 -0.2303 0.3913, -0.5315 -0.2303 0.1902, -0.5315 -0.2343 0.1181, -0.5315 -0.2303 0.1181, -0.5315 -0.3248 0.4606, -0.5315 -0.3248 0.4628, -0.5315 -0.3155 0.4645, -0.5315 -0.313 0.4646, -0.5315 -0.3016 0.4646, -0.5315 -0.2618 0.4606, -0.5315 -0.2792 0.4646, -0.5315 -0.2697 0.4646, -0.5315 -0.2547 0.4597, -0.5315 -0.2672 0.4645, -0.5315 -0.3642 0.3624, -0.4134 -0.3642 0.3624, -0.4134 -0.3661 0.3623, -0.5315 -0.3661 0.3623, -0.4134 -0.368 0.3622, -0.5315 -0.368 0.3622, -0.4134 -0.3642 0.3864, -0.5315 -0.3642 0.3864, -0.5315 -0.3662 0.3861, -0.4134 -0.3662 0.386, -0.5315 -0.3682 0.3858, -0.4134 -0.3682 0.3858, -0.443 -0.3914 0.0669, -0.443 -0.3642 0.0669, -0.443 -0.3642 0.0906, -0.443 -0.3918 0.0906, -0.443 -0.3941 0.0906, -0.443 -0.4046 0.0658, -0.443 -0.4101 0.0887, -0.443 -0.4151 0.062, -0.443 -0.4258 0.083, -0.443 -0.4248 0.0556, -0.443 -0.4404 0.0733, -0.443 -0.4376 0.0412, -0.443 -0.4545 0.0579, -0.443 -0.4523 0.0236, -0.443 -0.4696 0.0397, -0.443 -0.4649 0.0125, -0.443 -0.4781 0.0321, -0.443 -0.4805 0.0044, -0.443 -0.4885 0.0266, -0.443 -0.4976 0.0004, -0.443 -0.4999 0.0239, -0.443 -0.5051 0.0, -0.443 -0.5304 0.0236, -0.443 -0.5846 0.0236, -0.443 -0.5846 0.0, -0.443 -0.5656 0.0236, -0.443 -0.5713 0.0, -0.443 -0.5206 0.0, -0.502 -0.5846 0.0, -0.502 -0.5846 0.0236, -0.502 -0.5713 0.0, -0.502 -0.5656 0.0236, -0.502 -0.5206 0.0, -0.502 -0.5304 0.0236, -0.502 -0.5051 0.0, -0.502 -0.4999 0.0239, -0.502 -0.3642 0.0906, -0.502 -0.3642 0.0669, -0.502 -0.3918 0.0906, -0.502 -0.3914 0.0669, -0.502 -0.4101 0.0887, -0.502 -0.4046 0.0658, -0.502 -0.4258 0.083, -0.502 -0.4151 0.062, -0.502 -0.4404 0.0733, -0.502 -0.4248 0.0556, -0.502 -0.4545 0.0579, -0.502 -0.4376 0.0412, -0.502 -0.4696 0.0397, -0.502 -0.4523 0.0236, -0.502 -0.4781 0.0321, -0.502 -0.4649 0.0125, -0.502 -0.4885 0.0266, -0.502 -0.4805 0.0044, -0.502 -0.4976 0.0004
            ]
        }
        coordIndex [
            0,1,2,-1,3,4,5,-1,5,4,6,-1,6,7,5,-1,5,7,8,-1,5,8,9,-1,9,8,10,-1,9,10,11,-1,11,10,12,-1,11,12,13,-1,13,12,14,-1,14,12,15,-1,14,15,16,-1,16,15,17,-1,16,17,18,-1,18,17,19,-1,18,19,20,-1,3,5,21,-1,21,5,22,-1,21,22,23,-1,20,24,18,-1,18,24,25,-1,18,25,2,-1,2,25,26,-1,2,26,0,-1,27,28,29,-1,30,31,32,-1,29,28,33,-1,33,28,34,-1,33,34,35,-1,35,34,36,-1,35,36,37,-1,37,36,38,-1,37,38,32,-1,32,38,39,-1,32,39,30,-1,31,40,32,-1,32,40,41,-1,32,41,42,-1,42,41,43,-1,44,45,46,-1,46,47,44,-1,44,47,48,-1,44,48,49,-1,49,48,50,-1,49,50,51,-1,29,52,27,-1,27,52,49,-1,27,49,53,-1,53,49,51,-1,23,43,41,-1,23,41,21,-1,21,41,40,-1,21,40,3,-1,3,40,31,-1,3,31,4,-1,4,31,6,-1,6,31,30,-1,6,30,7,-1,30,39,7,-1,7,39,38,-1,7,38,8,-1,8,38,36,-1,8,36,10,-1,10,36,34,-1,10,34,12,-1,12,34,28,-1,12,28,15,-1,15,28,27,-1,15,27,17,-1,17,27,53,-1,17,53,19,-1,19,53,20,-1,20,53,51,-1,20,51,24,-1,51,50,24,-1,24,50,48,-1,24,48,25,-1,25,48,26,-1,26,48,47,-1,26,47,0,-1,47,46,0,-1,0,46,45,-1,0,45,1,-1,54,55,56,-1,54,56,57,-1,57,56,58,-1,57,58,59,-1,60,61,62,-1,60,62,63,-1,63,62,64,-1,63,64,65,-1,55,60,63,-1,55,63,56,-1,56,63,65,-1,56,65,58,-1,59,64,57,-1,57,64,62,-1,57,62,54,-1,54,62,61,-1,64,59,65,-1,65,59,58,-1,66,67,68,-1,68,69,66,-1,66,69,70,-1,66,70,71,-1,71,70,72,-1,71,72,73,-1,73,72,74,-1,73,74,75,-1,75,74,76,-1,75,76,77,-1,77,76,78,-1,77,78,79,-1,79,78,80,-1,79,80,81,-1,81,80,82,-1,81,82,83,-1,83,82,84,-1,83,84,85,-1,85,84,86,-1,85,86,87,-1,87,86,88,-1,89,90,91,-1,91,90,92,-1,91,92,88,-1,88,92,93,-1,88,93,87,-1,94,95,96,-1,96,95,97,-1,96,97,98,-1,98,97,99,-1,98,99,100,-1,100,99,101,-1,102,103,104,-1,104,103,105,-1,104,105,106,-1,106,105,107,-1,106,107,108,-1,108,107,109,-1,108,109,110,-1,110,109,111,-1,110,111,112,-1,112,111,113,-1,112,113,114,-1,114,113,115,-1,114,115,116,-1,116,115,117,-1,116,117,118,-1,118,117,119,-1,118,119,101,-1,101,119,120,-1,101,120,100,-1,
        ]
    }
}
Shape{
    appearance Appearance {
        material  Material 	{
            diffuseColor 1.0 1.0 1.0
            specularColor 0.8784313725490196 0.8784313725490196 0.8784313725490196
            ambientIntensity 1.0
            transparency 0.0
            shininess 0.5
        }
    }
    geometry IndexedFaceSet {
        ccw TRUE
        solid FALSE
        coord DEF co Coordinate {
            point [
                -0.3337 0.072 0.0236, -0.4105 -0.1249 0.0236, -0.3337 0.072 0.0197, -0.4105 -0.1249 0.0197, -0.3817 -0.1249 0.0236, -0.3817 -0.1249 0.0197, -0.3618 -0.0697 0.0236, -0.3618 -0.0697 0.0197, -0.2805 -0.0697 0.0236, -0.2805 -0.0697 0.0197, -0.2617 -0.1249 0.0236, -0.2617 -0.1249 0.0197, -0.2329 -0.1249 0.0236, -0.2329 -0.1249 0.0197, -0.3073 0.072 0.0236, -0.3073 0.072 0.0197, -0.2871 -0.0481 0.0236, -0.353 -0.0481 0.0236, -0.3165 0.0342 0.0236, -0.3184 0.041 0.0236, -0.3197 0.048 0.0236, -0.3203 0.048 0.0236, -0.3216 0.041 0.0236, -0.3233 0.0342 0.0236, -0.2871 -0.0481 0.0197, -0.353 -0.0481 0.0197, -0.3165 0.0342 0.0197, -0.3184 0.041 0.0197, -0.3197 0.048 0.0197, -0.3203 0.048 0.0197, -0.3216 0.041 0.0197, -0.3233 0.0342 0.0197, -0.1136 -0.1249 0.0236, -0.0601 -0.1249 0.0236, -0.1136 -0.1249 0.0197, -0.0601 -0.1249 0.0197, -0.0601 0.072 0.0236, -0.0601 0.072 0.0197, -0.1156 0.072 0.0236, -0.1156 0.072 0.0197, -0.2185 -0.024 0.0236, -0.2185 -0.024 0.0197, -0.216 0.0 0.0197, -0.216 0.0 0.0236, -0.2094 0.0193 0.0197, -0.2094 0.0193 0.0236, -0.199 0.0356 0.0197, -0.199 0.0356 0.0236, -0.1847 0.0497 0.0197, -0.1847 0.0497 0.0236, -0.1627 0.0629 0.0197, -0.1627 0.0629 0.0236, -0.1398 0.0698 0.0197, -0.1398 0.0698 0.0236, -0.1408 -0.1222 0.0197, -0.1408 -0.1222 0.0236, -0.1634 -0.1148 0.0197, -0.1634 -0.1148 0.0236, -0.1832 -0.1025 0.0197, -0.1832 -0.1025 0.0236, -0.199 -0.0865 0.0197, -0.199 -0.0865 0.0236, -0.2097 -0.0687 0.0197, -0.2097 -0.0687 0.0236, -0.2164 -0.0471 0.0197, -0.2164 -0.0471 0.0236, -0.1921 -0.0245 0.0236, -0.1905 -0.0053 0.0236, -0.1858 0.0107 0.0236, -0.1789 0.0228 0.0236, -0.1694 0.033 0.0236, -0.155 0.0422 0.0236, -0.1387 0.0479 0.0236, -0.1155 0.0504 0.0236, -0.0865 0.0504 0.0236, -0.0865 -0.1033 0.0236, -0.1144 -0.1033 0.0236, -0.1345 -0.1015 0.0236, -0.1515 -0.0963 0.0236, -0.165 -0.0883 0.0236, -0.1761 -0.0775 0.0236, -0.1844 -0.0639 0.0236, -0.1896 -0.0485 0.0236, -0.1155 0.0504 0.0197, -0.0865 0.0504 0.0197, -0.1387 0.0479 0.0197, -0.155 0.0422 0.0197, -0.1694 0.033 0.0197, -0.1789 0.0228 0.0197, -0.1858 0.0107 0.0197, -0.1905 -0.0053 0.0197, -0.1921 -0.0245 0.0197, -0.1896 -0.0485 0.0197, -0.1844 -0.0639 0.0197, -0.1761 -0.0775 0.0197, -0.165 -0.0883 0.0197, -0.1515 -0.0963 0.0197, -0.1345 -0.1015 0.0197, -0.1144 -0.1033 0.0197, -0.0865 -0.1033 0.0197, -0.0216 -0.1033 0.0236, -0.0216 -0.1249 0.0236, -0.0216 -0.1033 0.0197, -0.0216 -0.1249 0.0197, 0.084 -0.1249 0.0236, 0.084 -0.1249 0.0197, 0.084 0.072 0.0236, 0.084 0.072 0.0197, -0.0168 0.072 0.0236, -0.0168 0.072 0.0197, -0.0168 0.0504 0.0236, -0.0168 0.0504 0.0197, 0.0576 0.0504 0.0236, 0.0576 0.0504 0.0197, 0.0576 -0.0145 0.0236, 0.0576 -0.0145 0.0197, -0.012 -0.0145 0.0236, -0.012 -0.0145 0.0197, -0.012 -0.0361 0.0236, -0.012 -0.0361 0.0197, 0.0576 -0.0361 0.0236, 0.0576 -0.0361 0.0197, 0.0576 -0.1033 0.0236, 0.0576 -0.1033 0.0197, 0.1224 -0.0931 0.0236, 0.1224 -0.1147 0.0236, 0.1224 -0.0931 0.0197, 0.1224 -0.1147 0.0197, 0.1434 -0.1233 0.0236, 0.1766 -0.1273 0.0236, 0.1766 -0.1273 0.0197, 0.1662 -0.127 0.0197, 0.1662 -0.127 0.0236, 0.1608 -0.1261 0.0197, 0.1434 -0.1233 0.0197, 0.1894 -0.1261 0.0197, 0.1987 -0.1252 0.0236, 0.1987 -0.1252 0.0197, 0.2186 -0.1188 0.0236, 0.2186 -0.1188 0.0197, 0.2346 -0.109 0.0236, 0.2346 -0.109 0.0197, 0.2496 -0.0937 0.0236, 0.2496 -0.0937 0.0197, 0.2604 -0.0752 0.0236, 0.2604 -0.0752 0.0197, 0.2667 -0.0545 0.0236, 0.2667 -0.0545 0.0197, 0.2688 -0.0302 0.0236, 0.2688 -0.0302 0.0197, 0.1687 0.0744 0.0236, 0.1687 0.0744 0.0197, 0.1909 0.0723 0.0197, 0.1909 0.0723 0.0236, 0.2129 0.0653 0.0197, 0.2129 0.0653 0.0236, 0.2334 0.0523 0.0197, 0.2334 0.0523 0.0236, 0.2492 0.0356 0.0197, 0.2492 0.0356 0.0236, 0.26 0.0166 0.0197, 0.26 0.0166 0.0236, 0.2668 -0.0064 0.0197, 0.2668 -0.0064 0.0236, 0.1224 0.0666 0.0236, 0.1224 0.0666 0.0197, 0.1452 0.0727 0.0197, 0.1452 0.0727 0.0236, 0.1224 0.0402 0.0236, 0.1224 0.0402 0.0197, 0.1685 0.0528 0.0236, 0.1685 0.0528 0.0197, 0.1446 0.0497 0.0197, 0.1446 0.0497 0.0236, 0.2424 -0.0286 0.0236, 0.2424 -0.0286 0.0197, 0.2415 -0.0132 0.0197, 0.2415 -0.0132 0.0236, 0.2362 0.0079 0.0197, 0.2362 0.0079 0.0236, 0.2281 0.0231 0.0197, 0.2281 0.0231 0.0236, 0.2162 0.0362 0.0197, 0.2162 0.0362 0.0236, 0.2026 0.0453 0.0197, 0.2026 0.0453 0.0236, 0.1879 0.0506 0.0197, 0.1879 0.0506 0.0236, 0.1729 -0.1057 0.0236, 0.1729 -0.1057 0.0197, 0.1906 -0.1038 0.0197, 0.1906 -0.1038 0.0236, 0.2049 -0.0987 0.0197, 0.2049 -0.0987 0.0236, 0.2171 -0.0907 0.0197, 0.2171 -0.0907 0.0236, 0.2271 -0.0802 0.0197, 0.2271 -0.0802 0.0236, 0.2352 -0.0665 0.0197, 0.2352 -0.0665 0.0236, 0.2406 -0.0491 0.0197, 0.2406 -0.0491 0.0236, 0.1259 -0.095 0.0197, 0.1259 -0.095 0.0236, 0.1468 -0.1028 0.0197, 0.1468 -0.1028 0.0236, 0.2856 -0.1033 0.0236, 0.2856 -0.1249 0.0236, 0.2856 -0.1033 0.0197, 0.2856 -0.1249 0.0197, 0.3865 -0.1249 0.0236, 0.3865 -0.1249 0.0197, 0.3865 0.072 0.0236, 0.3865 0.072 0.0197, 0.3601 0.072 0.0236, 0.3601 0.072 0.0197, 0.3601 -0.1033 0.0236, 0.3601 -0.1033 0.0197
            ]
        }
        coordIndex [
            0,1,2,-1,2,1,3,-1,1,4,3,-1,3,4,5,-1,4,6,5,-1,5,6,7,-1,6,8,7,-1,7,8,9,-1,8,10,9,-1,9,10,11,-1,10,12,11,-1,11,12,13,-1,12,14,13,-1,13,14,15,-1,14,0,15,-1,15,0,2,-1,16,8,17,-1,17,8,6,-1,18,14,16,-1,16,14,12,-1,16,12,8,-1,8,12,10,-1,18,19,14,-1,14,19,20,-1,14,20,0,-1,0,20,21,-1,0,21,22,-1,22,23,0,-1,0,23,17,-1,0,17,1,-1,1,17,6,-1,1,6,4,-1,16,17,24,-1,24,17,25,-1,18,16,26,-1,26,16,24,-1,18,26,27,-1,18,27,19,-1,19,27,28,-1,19,28,20,-1,21,20,29,-1,29,20,28,-1,21,29,30,-1,21,30,22,-1,22,30,31,-1,22,31,23,-1,17,23,25,-1,25,23,31,-1,32,33,34,-1,34,33,35,-1,33,36,35,-1,35,36,37,-1,36,38,37,-1,37,38,39,-1,40,41,42,-1,40,42,43,-1,43,42,44,-1,43,44,45,-1,45,44,46,-1,45,46,47,-1,47,46,48,-1,47,48,49,-1,49,48,50,-1,49,50,51,-1,51,50,52,-1,51,52,53,-1,53,52,39,-1,53,39,38,-1,32,34,54,-1,32,54,55,-1,55,54,56,-1,55,56,57,-1,57,56,58,-1,57,58,59,-1,59,58,60,-1,59,60,61,-1,61,60,62,-1,61,62,63,-1,63,62,64,-1,63,64,65,-1,65,64,41,-1,65,41,40,-1,66,40,67,-1,67,40,43,-1,67,43,68,-1,68,43,45,-1,68,45,69,-1,69,45,47,-1,69,47,70,-1,70,47,49,-1,70,49,71,-1,71,49,51,-1,71,51,72,-1,72,51,53,-1,72,53,73,-1,73,53,38,-1,73,38,74,-1,74,38,36,-1,74,36,75,-1,75,36,33,-1,75,33,76,-1,76,33,32,-1,76,32,77,-1,77,32,55,-1,77,55,78,-1,78,55,57,-1,78,57,79,-1,79,57,59,-1,79,59,80,-1,80,59,61,-1,80,61,81,-1,81,61,63,-1,81,63,82,-1,82,63,65,-1,82,65,66,-1,66,65,40,-1,73,74,83,-1,83,74,84,-1,73,83,85,-1,73,85,72,-1,72,85,86,-1,72,86,71,-1,71,86,87,-1,71,87,70,-1,70,87,88,-1,70,88,69,-1,69,88,89,-1,69,89,68,-1,68,89,90,-1,68,90,67,-1,67,90,91,-1,67,91,66,-1,66,91,92,-1,66,92,82,-1,82,92,93,-1,82,93,81,-1,81,93,94,-1,81,94,80,-1,80,94,95,-1,80,95,79,-1,79,95,96,-1,79,96,78,-1,78,96,97,-1,78,97,77,-1,77,97,98,-1,77,98,76,-1,75,76,99,-1,99,76,98,-1,74,75,84,-1,84,75,99,-1,100,101,102,-1,102,101,103,-1,101,104,103,-1,103,104,105,-1,104,106,105,-1,105,106,107,-1,106,108,107,-1,107,108,109,-1,108,110,109,-1,109,110,111,-1,110,112,111,-1,111,112,113,-1,112,114,113,-1,113,114,115,-1,114,116,115,-1,115,116,117,-1,116,118,117,-1,117,118,119,-1,118,120,119,-1,119,120,121,-1,120,122,121,-1,121,122,123,-1,122,100,123,-1,123,100,102,-1,104,101,100,-1,100,122,104,-1,104,122,120,-1,104,120,106,-1,110,108,112,-1,112,108,106,-1,112,106,114,-1,114,106,120,-1,114,120,116,-1,116,120,118,-1,124,125,126,-1,126,125,127,-1,127,125,128,-1,129,130,131,-1,129,131,132,-1,132,131,133,-1,132,133,128,-1,128,133,134,-1,128,134,127,-1,130,129,135,-1,135,129,136,-1,135,136,137,-1,137,136,138,-1,137,138,139,-1,139,138,140,-1,139,140,141,-1,141,140,142,-1,141,142,143,-1,143,142,144,-1,143,144,145,-1,145,144,146,-1,145,146,147,-1,147,146,148,-1,147,148,149,-1,150,151,152,-1,150,152,153,-1,153,152,154,-1,153,154,155,-1,155,154,156,-1,155,156,157,-1,157,156,158,-1,157,158,159,-1,159,158,160,-1,159,160,161,-1,161,160,162,-1,161,162,163,-1,163,162,149,-1,163,149,148,-1,164,165,166,-1,164,166,167,-1,167,166,151,-1,167,151,150,-1,164,168,165,-1,165,168,169,-1,170,171,172,-1,170,172,173,-1,173,172,169,-1,173,169,168,-1,174,175,176,-1,174,176,177,-1,177,176,178,-1,177,178,179,-1,179,178,180,-1,179,180,181,-1,181,180,182,-1,181,182,183,-1,183,182,184,-1,183,184,185,-1,185,184,186,-1,185,186,187,-1,187,186,171,-1,187,171,170,-1,188,189,190,-1,188,190,191,-1,191,190,192,-1,191,192,193,-1,193,192,194,-1,193,194,195,-1,195,194,196,-1,195,196,197,-1,197,196,198,-1,197,198,199,-1,199,198,200,-1,199,200,201,-1,201,200,175,-1,201,175,174,-1,124,126,202,-1,124,202,203,-1,203,202,204,-1,203,204,205,-1,205,204,189,-1,205,189,188,-1,188,132,205,-1,205,132,128,-1,205,128,203,-1,203,128,125,-1,203,125,124,-1,168,164,173,-1,173,164,167,-1,173,167,170,-1,170,167,150,-1,170,150,187,-1,187,150,153,-1,187,153,185,-1,185,153,155,-1,185,155,183,-1,183,155,157,-1,183,157,181,-1,181,157,159,-1,181,159,179,-1,179,159,161,-1,179,161,177,-1,177,161,163,-1,177,163,174,-1,174,163,148,-1,174,148,201,-1,201,148,146,-1,201,146,199,-1,199,146,144,-1,199,144,197,-1,197,144,142,-1,197,142,195,-1,195,142,140,-1,195,140,193,-1,193,140,138,-1,193,138,191,-1,191,138,136,-1,191,136,188,-1,188,136,129,-1,188,129,132,-1,206,207,208,-1,208,207,209,-1,207,210,209,-1,209,210,211,-1,210,212,211,-1,211,212,213,-1,212,214,213,-1,213,214,215,-1,214,216,215,-1,215,216,217,-1,216,206,217,-1,217,206,208,-1,214,212,216,-1,216,212,210,-1,216,210,206,-1,206,210,207,-1,
        ]
    }
}
Shape{
    appearance Appearance {
        material  Material 	{
            diffuseColor 0.2235294117647059 0.2235294117647059 0.2235294117647059
            specularColor 0.11372549019607843 0.11372549019607843 0.11372549019607843
            ambientIntensity 0.2235
            transparency 0.0
            shininess 0.5
        }
    }
    geometry IndexedFaceSet {
        ccw TRUE
        solid FALSE
        coord DEF co Coordinate {
            point [
                -0.2871 -0.0481 0.0197, -0.353 -0.0481 0.0197, -0.3165 0.0342 0.0197, -0.3233 0.0342 0.0197, -0.3184 0.041 0.0197, -0.3216 0.041 0.0197, -0.3197 0.048 0.0197, -0.3203 0.048 0.0197, -0.1155 0.0504 0.0197, -0.0865 0.0504 0.0197, -0.0865 -0.1033 0.0197, -0.1896 -0.0485 0.0197, -0.1921 -0.0245 0.0197, -0.1844 -0.0639 0.0197, -0.1905 -0.0053 0.0197, -0.1858 0.0107 0.0197, -0.1387 0.0479 0.0197, -0.1144 -0.1033 0.0197, -0.1345 -0.1015 0.0197, -0.1515 -0.0963 0.0197, -0.1789 0.0228 0.0197, -0.1694 0.033 0.0197, -0.155 0.0422 0.0197, -0.165 -0.0883 0.0197, -0.1761 -0.0775 0.0197
            ]
        }
        coordIndex [
            0,1,2,-1,2,1,3,-1,2,3,4,-1,4,3,5,-1,4,5,6,-1,6,5,7,-1,8,9,10,-1,11,12,8,-1,11,8,13,-1,12,14,8,-1,8,14,15,-1,8,15,16,-1,10,17,8,-1,8,17,18,-1,8,18,19,-1,20,21,15,-1,15,21,22,-1,15,22,16,-1,19,23,8,-1,8,23,24,-1,8,24,13,-1,
        ]
    }
}
Shape{
    appearance Appearance {
        material  Material 	{
            diffuseColor 0.8313725490196079 0.6705882352941176 0.12941176470588237
            specularColor 0.6666666666666666 0.5372549019607843 0.10196078431372549
            ambientIntensity 0.657
            transparency 0.0
            shininess 0.5
        }
    }
    geometry IndexedFaceSet {
        ccw TRUE
        solid FALSE
        coord DEF co Coordinate {
            point [
                -0.5315 0.3155 0.4645, -0.5315 0.3248 0.4628, -0.5315 0.3248 0.4606, -0.5315 0.2303 0.3913, -0.5315 0.2303 0.4011, -0.5315 0.2343 0.4331, -0.5315 0.2303 0.4252, -0.5315 0.2304 0.4271, -0.5315 0.2318 0.4358, -0.5315 0.2352 0.4402, -0.5315 0.2356 0.4448, -0.5315 0.2379 0.4469, -0.5315 0.2415 0.4526, -0.5315 0.2423 0.4526, -0.5315 0.248 0.4569, -0.5315 0.2491 0.4587, -0.5315 0.2547 0.4597, -0.5315 0.2579 0.4628, -0.5315 0.2618 0.4606, -0.5315 0.2672 0.4645, -0.5315 0.2697 0.4646, -0.5315 0.2303 0.1902, -0.5315 0.2343 0.1181, -0.5315 0.2303 0.1181, -0.5315 0.2792 0.4646, -0.5315 0.3016 0.4646, -0.5315 0.313 0.4646, -0.4134 0.2579 0.4628, -0.4134 0.2491 0.4587, -0.4134 0.248 0.4569, -0.4134 0.2303 0.4252, -0.4134 0.2303 0.4011, -0.4134 0.2343 0.4331, -0.4134 0.2423 0.4526, -0.4134 0.2415 0.4526, -0.4134 0.2379 0.4469, -0.4134 0.2356 0.4448, -0.4134 0.2352 0.4402, -0.4134 0.2318 0.4358, -0.4134 0.2304 0.4271, -0.4134 0.2303 0.3913, -0.4134 0.2303 0.1902, -0.4134 0.2343 0.1181, -0.4134 0.2303 0.1181, -0.4134 0.3248 0.4606, -0.4134 0.3248 0.4628, -0.4134 0.3155 0.4645, -0.4134 0.313 0.4646, -0.4134 0.3016 0.4646, -0.4134 0.2618 0.4606, -0.4134 0.2792 0.4646, -0.4134 0.2697 0.4646, -0.4134 0.2547 0.4597, -0.4134 0.2672 0.4645, -0.4134 0.3642 0.3624, -0.5315 0.3642 0.3624, -0.5315 0.3661 0.3623, -0.4134 0.3661 0.3623, -0.5315 0.368 0.3622, -0.4134 0.368 0.3622, -0.5315 0.3642 0.3864, -0.4134 0.3642 0.3864, -0.4134 0.3662 0.3861, -0.5315 0.3662 0.386, -0.4134 0.3682 0.3858, -0.5315 0.3682 0.3858, -0.502 0.3914 0.0669, -0.502 0.3642 0.0669, -0.502 0.3642 0.0906, -0.502 0.3918 0.0906, -0.502 0.3941 0.0906, -0.502 0.4046 0.0658, -0.502 0.4101 0.0887, -0.502 0.4151 0.062, -0.502 0.4258 0.083, -0.502 0.4248 0.0556, -0.502 0.4404 0.0733, -0.502 0.4376 0.0412, -0.502 0.4545 0.0579, -0.502 0.4523 0.0236, -0.502 0.4696 0.0397, -0.502 0.4649 0.0125, -0.502 0.4781 0.0321, -0.502 0.4805 0.0044, -0.502 0.4885 0.0266, -0.502 0.4976 0.0004, -0.502 0.4999 0.0239, -0.502 0.5051 0.0, -0.502 0.5304 0.0236, -0.502 0.5846 0.0236, -0.502 0.5846 0.0, -0.502 0.5656 0.0236, -0.502 0.5713 0.0, -0.502 0.5206 0.0, -0.443 0.5846 0.0, -0.443 0.5846 0.0236, -0.443 0.5713 0.0, -0.443 0.5656 0.0236, -0.443 0.5206 0.0, -0.443 0.5304 0.0236, -0.443 0.5051 0.0, -0.443 0.4999 0.0239, -0.443 0.3642 0.0906, -0.443 0.3642 0.0669, -0.443 0.3918 0.0906, -0.443 0.3914 0.0669, -0.443 0.4101 0.0887, -0.443 0.4046 0.0658, -0.443 0.4258 0.083, -0.443 0.4151 0.062, -0.443 0.4404 0.0733, -0.443 0.4248 0.0556, -0.443 0.4545 0.0579, -0.443 0.4376 0.0412, -0.443 0.4696 0.0397, -0.443 0.4523 0.0236, -0.443 0.4781 0.0321, -0.443 0.4649 0.0125, -0.443 0.4885 0.0266, -0.443 0.4805 0.0044, -0.443 0.4976 0.0004
            ]
        }
        coordIndex [
            0,1,2,-1,3,4,5,-1,5,4,6,-1,6,7,5,-1,5,7,8,-1,5,8,9,-1,9,8,10,-1,9,10,11,-1,11,10,12,-1,11,12,13,-1,13,12,14,-1,14,12,15,-1,14,15,16,-1,16,15,17,-1,16,17,18,-1,18,17,19,-1,18,19,20,-1,3,5,21,-1,21,5,22,-1,21,22,23,-1,20,24,18,-1,18,24,25,-1,18,25,2,-1,2,25,26,-1,2,26,0,-1,27,28,29,-1,30,31,32,-1,29,28,33,-1,33,28,34,-1,33,34,35,-1,35,34,36,-1,35,36,37,-1,37,36,38,-1,37,38,32,-1,32,38,39,-1,32,39,30,-1,31,40,32,-1,32,40,41,-1,32,41,42,-1,42,41,43,-1,44,45,46,-1,46,47,44,-1,44,47,48,-1,44,48,49,-1,49,48,50,-1,49,50,51,-1,29,52,27,-1,27,52,49,-1,27,49,53,-1,53,49,51,-1,23,43,41,-1,23,41,21,-1,21,41,40,-1,21,40,3,-1,3,40,31,-1,3,31,4,-1,4,31,6,-1,6,31,30,-1,6,30,7,-1,30,39,7,-1,7,39,38,-1,7,38,8,-1,8,38,36,-1,8,36,10,-1,10,36,34,-1,10,34,12,-1,12,34,28,-1,12,28,15,-1,15,28,27,-1,15,27,17,-1,17,27,53,-1,17,53,19,-1,19,53,20,-1,20,53,51,-1,20,51,24,-1,51,50,24,-1,24,50,48,-1,24,48,25,-1,25,48,26,-1,26,48,47,-1,26,47,0,-1,47,46,0,-1,0,46,45,-1,0,45,1,-1,54,55,56,-1,54,56,57,-1,57,56,58,-1,57,58,59,-1,60,61,62,-1,60,62,63,-1,63,62,64,-1,63,64,65,-1,55,60,63,-1,55,63,56,-1,56,63,65,-1,56,65,58,-1,59,64,57,-1,57,64,62,-1,57,62,54,-1,54,62,61,-1,58,65,59,-1,59,65,64,-1,66,67,68,-1,68,69,66,-1,66,69,70,-1,66,70,71,-1,71,70,72,-1,71,72,73,-1,73,72,74,-1,73,74,75,-1,75,74,76,-1,75,76,77,-1,77,76,78,-1,77,78,79,-1,79,78,80,-1,79,80,81,-1,81,80,82,-1,81,82,83,-1,83,82,84,-1,83,84,85,-1,85,84,86,-1,85,86,87,-1,87,86,88,-1,89,90,91,-1,91,90,92,-1,91,92,88,-1,88,92,93,-1,88,93,87,-1,94,95,96,-1,96,95,97,-1,96,97,98,-1,98,97,99,-1,98,99,100,-1,100,99,101,-1,102,103,104,-1,104,103,105,-1,104,105,106,-1,106,105,107,-1,106,107,108,-1,108,107,109,-1,108,109,110,-1,110,109,111,-1,110,111,112,-1,112,111,113,-1,112,113,114,-1,114,113,115,-1,114,115,116,-1,116,115,117,-1,116,117,118,-1,118,117,119,-1,118,119,101,-1,101,119,120,-1,101,120,100,-1,
        ]
    }
}
Shape{
    appearance Appearance {
        material  Material 	{
            diffuseColor 0.2235294117647059 0.2235294117647059 0.2235294117647059
            specularColor 0.11372549019607843 0.11372549019607843 0.11372549019607843
            ambientIntensity 0.2235
            transparency 0.0
            shininess 0.5
        }
    }
    geometry IndexedFaceSet {
        ccw TRUE
        solid FALSE
        coord DEF co Coordinate {
            point [
                0.2181 0.3248 0.4665, 0.22 0.3248 0.469, 0.0866 0.3248 0.4724, 0.0896 0.3248 0.472, 0.2165 0.3248 0.4628, 0.0925 0.3248 0.4709, 0.0949 0.3248 0.469, 0.0968 0.3248 0.4665, 0.098 0.3248 0.4637, 0.0984 0.3248 0.4628, 0.0984 0.3248 0.4606, 0.2169 0.3248 0.4637, 0.2165 0.3248 0.4606, 0.2224 0.3248 0.4709, 0.2252 0.3248 0.472, 0.2283 0.3248 0.4724, 0.3756 0.3248 0.4665, 0.3774 0.3248 0.469, 0.2441 0.3248 0.4724, 0.2471 0.3248 0.472, 0.374 0.3248 0.4628, 0.25 0.3248 0.4709, 0.2524 0.3248 0.469, 0.2543 0.3248 0.4665, 0.2555 0.3248 0.4637, 0.2559 0.3248 0.4628, 0.2559 0.3248 0.4606, 0.3744 0.3248 0.4637, 0.374 0.3248 0.4606, 0.3799 0.3248 0.4709, 0.3827 0.3248 0.472, 0.3858 0.3248 0.4724, -0.0985 0.3248 0.4628, -0.0985 0.3248 0.4606, -0.0981 0.3248 0.4637, -0.2284 0.3248 0.4724, -0.2253 0.3248 0.472, -0.2225 0.3248 0.4709, -0.22 0.3248 0.469, -0.2182 0.3248 0.4665, -0.217 0.3248 0.4637, -0.2166 0.3248 0.4628, -0.2166 0.3248 0.4606, -0.0969 0.3248 0.4665, -0.095 0.3248 0.469, -0.0926 0.3248 0.4709, -0.0897 0.3248 0.472, -0.0867 0.3248 0.4724, 0.059 0.3248 0.4628, 0.059 0.3248 0.4606, 0.0594 0.3248 0.4637, -0.0709 0.3248 0.4724, -0.0678 0.3248 0.472, -0.065 0.3248 0.4709, -0.0626 0.3248 0.469, -0.0607 0.3248 0.4665, -0.0595 0.3248 0.4637, -0.0591 0.3248 0.4628, -0.0591 0.3248 0.4606, 0.0606 0.3248 0.4665, 0.0625 0.3248 0.469, 0.0649 0.3248 0.4709, 0.0678 0.3248 0.472, 0.0708 0.3248 0.4724, 0.533 0.3248 0.4665, 0.5349 0.3248 0.469, 0.4015 0.3248 0.4724, 0.4046 0.3248 0.472, 0.5315 0.3248 0.4628, 0.4074 0.3248 0.4709, 0.4099 0.3248 0.469, 0.4118 0.3248 0.4665, 0.4129 0.3248 0.4637, 0.4133 0.3248 0.4628, 0.4133 0.3248 0.4606, 0.5319 0.3248 0.4637, 0.5315 0.3248 0.4606, 0.5374 0.3248 0.4709, 0.5402 0.3248 0.472, 0.5433 0.3248 0.4724, -0.2559 0.3248 0.4628, -0.2559 0.3248 0.4606, -0.2555 0.3248 0.4637, -0.3859 0.3248 0.4724, -0.3828 0.3248 0.472, -0.38 0.3248 0.4709, -0.3775 0.3248 0.469, -0.3756 0.3248 0.4665, -0.3745 0.3248 0.4637, -0.3741 0.3248 0.4628, -0.3741 0.3248 0.4606, -0.2544 0.3248 0.4665, -0.2525 0.3248 0.469, -0.25 0.3248 0.4709, -0.2472 0.3248 0.472, -0.2441 0.3248 0.4724, -0.0591 -0.3248 0.4628, -0.0591 -0.3248 0.4606, -0.0595 -0.3248 0.4637, 0.059 -0.3248 0.4606, 0.059 -0.3248 0.4628, 0.0594 -0.3248 0.4637, 0.0649 -0.3248 0.4709, 0.0678 -0.3248 0.472, 0.0708 -0.3248 0.4724, 0.0625 -0.3248 0.469, 0.0606 -0.3248 0.4665, -0.0607 -0.3248 0.4665, -0.0626 -0.3248 0.469, -0.065 -0.3248 0.4709, -0.0678 -0.3248 0.472, -0.0709 -0.3248 0.4724, 0.0984 -0.3248 0.4628, 0.0984 -0.3248 0.4606, 0.098 -0.3248 0.4637, 0.2283 -0.3248 0.4724, 0.2252 -0.3248 0.472, 0.2224 -0.3248 0.4709, 0.22 -0.3248 0.469, 0.2181 -0.3248 0.4665, 0.2169 -0.3248 0.4637, 0.2165 -0.3248 0.4628, 0.2165 -0.3248 0.4606, 0.0968 -0.3248 0.4665, 0.0949 -0.3248 0.469, 0.0925 -0.3248 0.4709, 0.0896 -0.3248 0.472, 0.0866 -0.3248 0.4724, -0.3741 -0.3248 0.4628, -0.3741 -0.3248 0.4606, -0.3745 -0.3248 0.4637, -0.2441 -0.3248 0.4724, -0.2472 -0.3248 0.472, -0.25 -0.3248 0.4709, -0.2525 -0.3248 0.469, -0.2544 -0.3248 0.4665, -0.2555 -0.3248 0.4637, -0.2559 -0.3248 0.4628, -0.2559 -0.3248 0.4606, -0.3756 -0.3248 0.4665, -0.3775 -0.3248 0.469, -0.38 -0.3248 0.4709, -0.3828 -0.3248 0.472, -0.3859 -0.3248 0.4724, -0.2166 -0.3248 0.4628, -0.2166 -0.3248 0.4606, -0.217 -0.3248 0.4637, -0.0867 -0.3248 0.4724, -0.0897 -0.3248 0.472, -0.0926 -0.3248 0.4709, -0.095 -0.3248 0.469, -0.0969 -0.3248 0.4665, -0.0981 -0.3248 0.4637, -0.0985 -0.3248 0.4628, -0.0985 -0.3248 0.4606, -0.2182 -0.3248 0.4665, -0.22 -0.3248 0.469, -0.2225 -0.3248 0.4709, -0.2253 -0.3248 0.472, -0.2284 -0.3248 0.4724, 0.4118 -0.3248 0.4665, 0.4099 -0.3248 0.469, 0.5433 -0.3248 0.4724, 0.5402 -0.3248 0.472, 0.4133 -0.3248 0.4628, 0.5374 -0.3248 0.4709, 0.5349 -0.3248 0.469, 0.533 -0.3248 0.4665, 0.5319 -0.3248 0.4637, 0.5315 -0.3248 0.4628, 0.5315 -0.3248 0.4606, 0.4129 -0.3248 0.4637, 0.4133 -0.3248 0.4606, 0.4074 -0.3248 0.4709, 0.4046 -0.3248 0.472, 0.4015 -0.3248 0.4724, 0.2559 -0.3248 0.4628, 0.2559 -0.3248 0.4606, 0.2555 -0.3248 0.4637, 0.3858 -0.3248 0.4724, 0.3827 -0.3248 0.472, 0.3799 -0.3248 0.4709, 0.3774 -0.3248 0.469, 0.3756 -0.3248 0.4665, 0.3744 -0.3248 0.4637, 0.374 -0.3248 0.4628, 0.374 -0.3248 0.4606, 0.2543 -0.3248 0.4665, 0.2524 -0.3248 0.469, 0.25 -0.3248 0.4709, 0.2471 -0.3248 0.472, 0.2441 -0.3248 0.4724, -0.3741 0.2618 0.4606, -0.3745 0.2618 0.4637, -0.3756 0.2618 0.4665, -0.3775 0.2618 0.469, -0.38 0.2618 0.4709, -0.3828 0.2618 0.472, -0.3859 0.2618 0.4724, -0.3859 0.2516 0.4711, -0.3828 0.2517 0.4707, -0.38 0.252 0.4696, -0.3775 0.2525 0.4678, -0.3756 0.2531 0.4654, -0.3745 0.2539 0.4626, -0.3741 0.2547 0.4597, -0.3859 0.2421 0.4672, -0.3828 0.2423 0.4668, -0.38 0.2429 0.4658, -0.3775 0.2439 0.4642, -0.3756 0.2451 0.4621, -0.3745 0.2465 0.4596, -0.3741 0.248 0.4569, -0.3859 0.234 0.4609, -0.3828 0.2343 0.4606, -0.38 0.2351 0.4598, -0.3775 0.2364 0.4585, -0.3756 0.2381 0.4567, -0.3745 0.2402 0.4547, -0.3741 0.2423 0.4526, -0.3859 0.2277 0.4528, -0.3828 0.2281 0.4526, -0.38 0.2291 0.452, -0.3775 0.2307 0.451, -0.3756 0.2328 0.4498, -0.3745 0.2353 0.4484, -0.3741 0.2379 0.4469, -0.3859 0.2238 0.4433, -0.3828 0.2242 0.4432, -0.38 0.2253 0.4429, -0.3775 0.2271 0.4424, -0.3756 0.2295 0.4417, -0.3745 0.2322 0.441, -0.3741 0.2352 0.4402, -0.3859 0.2224 0.4331, -0.3828 0.2228 0.4331, -0.38 0.224 0.4331, -0.3775 0.2259 0.4331, -0.3756 0.2283 0.4331, -0.3745 0.2312 0.4331, -0.3741 0.2343 0.4331, -0.3741 0.2343 0.1181, -0.3745 0.2312 0.1181, -0.3756 0.2283 0.1181, -0.3775 0.2259 0.1181, -0.38 0.224 0.1181, -0.3828 0.2228 0.1181, -0.3859 0.2224 0.1181, -0.2559 -0.2618 0.4606, -0.2555 -0.2618 0.4637, -0.2544 -0.2618 0.4665, -0.2525 -0.2618 0.469, -0.25 -0.2618 0.4709, -0.2472 -0.2618 0.472, -0.2441 -0.2618 0.4724, -0.2441 -0.2516 0.4711, -0.2472 -0.2517 0.4707, -0.25 -0.252 0.4696, -0.2525 -0.2525 0.4678, -0.2544 -0.2531 0.4654, -0.2555 -0.2539 0.4626, -0.2559 -0.2547 0.4597, -0.2441 -0.2421 0.4672, -0.2472 -0.2423 0.4668, -0.25 -0.2429 0.4658, -0.2525 -0.2439 0.4642, -0.2544 -0.2451 0.4621, -0.2555 -0.2465 0.4596, -0.2559 -0.248 0.4569, -0.2441 -0.234 0.4609, -0.2472 -0.2343 0.4606, -0.25 -0.2351 0.4598, -0.2525 -0.2364 0.4585, -0.2544 -0.2381 0.4567, -0.2555 -0.2402 0.4547, -0.2559 -0.2423 0.4526, -0.2441 -0.2277 0.4528, -0.2472 -0.2281 0.4526, -0.25 -0.2291 0.452, -0.2525 -0.2307 0.451, -0.2544 -0.2328 0.4498, -0.2555 -0.2353 0.4484, -0.2559 -0.2379 0.4469, -0.2441 -0.2238 0.4433, -0.2472 -0.2242 0.4432, -0.25 -0.2253 0.4429, -0.2525 -0.2271 0.4424, -0.2544 -0.2295 0.4417, -0.2555 -0.2322 0.441, -0.2559 -0.2352 0.4402, -0.2441 -0.2224 0.4331, -0.2472 -0.2228 0.4331, -0.25 -0.224 0.4331, -0.2525 -0.2259 0.4331, -0.2544 -0.2283 0.4331, -0.2555 -0.2312 0.4331, -0.2559 -0.2343 0.4331, -0.2559 -0.2343 0.1181, -0.2555 -0.2312 0.1181, -0.2544 -0.2283 0.1181, -0.2525 -0.2259 0.1181, -0.25 -0.224 0.1181, -0.2472 -0.2228 0.1181, -0.2441 -0.2224 0.1181, -0.2441 0.2224 0.1181, -0.2441 0.2224 0.4331, -0.2472 0.2228 0.4331, -0.2472 0.2228 0.1181, -0.25 0.224 0.4331, -0.25 0.224 0.1181, -0.2525 0.2259 0.4331, -0.2525 0.2259 0.1181, -0.2544 0.2283 0.4331, -0.2544 0.2283 0.1181, -0.2555 0.2312 0.4331, -0.2555 0.2312 0.1181, -0.2559 0.2343 0.4331, -0.2559 0.2343 0.1181, -0.2441 0.2238 0.4433, -0.2472 0.2242 0.4432, -0.25 0.2253 0.4429, -0.2525 0.2271 0.4424, -0.2544 0.2295 0.4417, -0.2555 0.2322 0.441, -0.2559 0.2352 0.4402, -0.2441 0.2277 0.4528, -0.2472 0.2281 0.4526, -0.25 0.2291 0.452, -0.2525 0.2307 0.451, -0.2544 0.2328 0.4498, -0.2555 0.2353 0.4484, -0.2559 0.2379 0.4469, -0.2441 0.234 0.4609, -0.2472 0.2343 0.4606, -0.25 0.2351 0.4598, -0.2525 0.2364 0.4585, -0.2544 0.2381 0.4567, -0.2555 0.2402 0.4547, -0.2559 0.2423 0.4526, -0.2441 0.2421 0.4672, -0.2472 0.2423 0.4668, -0.25 0.2429 0.4658, -0.2525 0.2439 0.4642, -0.2544 0.2451 0.4621, -0.2555 0.2465 0.4596, -0.2559 0.248 0.4569, -0.2441 0.2516 0.4711, -0.2472 0.2517 0.4707, -0.25 0.252 0.4696, -0.2525 0.2525 0.4678, -0.2544 0.2531 0.4654, -0.2555 0.2539 0.4626, -0.2559 0.2547 0.4597, -0.2441 0.2618 0.4724, -0.2472 0.2618 0.472, -0.25 0.2618 0.4709, -0.2525 0.2618 0.469, -0.2544 0.2618 0.4665, -0.2555 0.2618 0.4637, -0.2559 0.2618 0.4606, -0.3741 -0.2618 0.4606, -0.3745 -0.2618 0.4637, -0.3756 -0.2618 0.4665, -0.3775 -0.2618 0.469, -0.38 -0.2618 0.4709, -0.3828 -0.2618 0.472, -0.3859 -0.2618 0.4724, -0.3859 -0.2224 0.4331, -0.3859 -0.2238 0.4433, -0.3828 -0.2228 0.4331, -0.3828 -0.2242 0.4432, -0.38 -0.224 0.4331, -0.38 -0.2253 0.4429, -0.3775 -0.2259 0.4331, -0.3775 -0.2271 0.4424, -0.3756 -0.2283 0.4331, -0.3756 -0.2295 0.4417, -0.3745 -0.2312 0.4331, -0.3745 -0.2322 0.441, -0.3741 -0.2343 0.4331, -0.3741 -0.2352 0.4402, -0.3859 -0.2277 0.4528, -0.3828 -0.2281 0.4526, -0.38 -0.2291 0.452, -0.3775 -0.2307 0.451, -0.3756 -0.2328 0.4498, -0.3745 -0.2353 0.4484, -0.3741 -0.2379 0.4469, -0.3859 -0.234 0.4609, -0.3828 -0.2343 0.4606, -0.38 -0.2351 0.4598, -0.3775 -0.2364 0.4585, -0.3756 -0.2381 0.4567, -0.3745 -0.2402 0.4547, -0.3741 -0.2423 0.4526, -0.3859 -0.2421 0.4672, -0.3828 -0.2423 0.4668, -0.38 -0.2429 0.4658, -0.3775 -0.2439 0.4642, -0.3756 -0.2451 0.4621, -0.3745 -0.2465 0.4596, -0.3741 -0.248 0.4569, -0.3859 -0.2516 0.4711, -0.3828 -0.2517 0.4707, -0.38 -0.252 0.4696, -0.3775 -0.2525 0.4678, -0.3756 -0.2531 0.4654, -0.3745 -0.2539 0.4626, -0.3741 -0.2547 0.4597, -0.3859 -0.2224 0.1181, -0.3828 -0.2228 0.1181, -0.38 -0.224 0.1181, -0.3775 -0.2259 0.1181, -0.3756 -0.2283 0.1181, -0.3745 -0.2312 0.1181, -0.3741 -0.2343 0.1181, -0.2166 0.2618 0.4606, -0.217 0.2618 0.4637, -0.2182 0.2618 0.4665, -0.22 0.2618 0.469, -0.2225 0.2618 0.4709, -0.2253 0.2618 0.472, -0.2284 0.2618 0.4724, -0.2284 0.2516 0.4711, -0.2253 0.2517 0.4707, -0.2225 0.252 0.4696, -0.22 0.2525 0.4678, -0.2182 0.2531 0.4654, -0.217 0.2539 0.4626, -0.2166 0.2547 0.4597, -0.2284 0.2421 0.4672, -0.2253 0.2423 0.4668, -0.2225 0.2429 0.4658, -0.22 0.2439 0.4642, -0.2182 0.2451 0.4621, -0.217 0.2465 0.4596, -0.2166 0.248 0.4569, -0.2284 0.234 0.4609, -0.2253 0.2343 0.4606, -0.2225 0.2351 0.4598, -0.22 0.2364 0.4585, -0.2182 0.2381 0.4567, -0.217 0.2402 0.4547, -0.2166 0.2423 0.4526, -0.2284 0.2277 0.4528, -0.2253 0.2281 0.4526, -0.2225 0.2291 0.452, -0.22 0.2307 0.451, -0.2182 0.2328 0.4498, -0.217 0.2353 0.4484, -0.2166 0.2379 0.4469, -0.2284 0.2238 0.4433, -0.2253 0.2242 0.4432, -0.2225 0.2253 0.4429, -0.22 0.2271 0.4424, -0.2182 0.2295 0.4417, -0.217 0.2322 0.441, -0.2166 0.2352 0.4402, -0.2284 0.2224 0.4331, -0.2253 0.2228 0.4331, -0.2225 0.224 0.4331, -0.22 0.2259 0.4331, -0.2182 0.2283 0.4331, -0.217 0.2312 0.4331, -0.2166 0.2343 0.4331, -0.2166 0.2343 0.1181, -0.217 0.2312 0.1181, -0.2182 0.2283 0.1181, -0.22 0.2259 0.1181, -0.2225 0.224 0.1181, -0.2253 0.2228 0.1181, -0.2284 0.2224 0.1181, -0.0985 -0.2618 0.4606, -0.0981 -0.2618 0.4637, -0.0969 -0.2618 0.4665, -0.095 -0.2618 0.469, -0.0926 -0.2618 0.4709, -0.0897 -0.2618 0.472, -0.0867 -0.2618 0.4724, -0.0867 -0.2516 0.4711, -0.0897 -0.2517 0.4707, -0.0926 -0.252 0.4696, -0.095 -0.2525 0.4678, -0.0969 -0.2531 0.4654, -0.0981 -0.2539 0.4626, -0.0985 -0.2547 0.4597, -0.0867 -0.2421 0.4672, -0.0897 -0.2423 0.4668, -0.0926 -0.2429 0.4658, -0.095 -0.2439 0.4642, -0.0969 -0.2451 0.4621, -0.0981 -0.2465 0.4596, -0.0985 -0.248 0.4569, -0.0867 -0.234 0.4609, -0.0897 -0.2343 0.4606, -0.0926 -0.2351 0.4598, -0.095 -0.2364 0.4585, -0.0969 -0.2381 0.4567, -0.0981 -0.2402 0.4547, -0.0985 -0.2423 0.4526, -0.0867 -0.2277 0.4528, -0.0897 -0.2281 0.4526, -0.0926 -0.2291 0.452, -0.095 -0.2307 0.451, -0.0969 -0.2328 0.4498, -0.0981 -0.2353 0.4484, -0.0985 -0.2379 0.4469, -0.0867 -0.2238 0.4433, -0.0897 -0.2242 0.4432, -0.0926 -0.2253 0.4429, -0.095 -0.2271 0.4424, -0.0969 -0.2295 0.4417, -0.0981 -0.2322 0.441, -0.0985 -0.2352 0.4402, -0.0867 -0.2224 0.4331, -0.0897 -0.2228 0.4331, -0.0926 -0.224 0.4331, -0.095 -0.2259 0.4331, -0.0969 -0.2283 0.4331, -0.0981 -0.2312 0.4331, -0.0985 -0.2343 0.4331, -0.0985 -0.2343 0.1181, -0.0981 -0.2312 0.1181, -0.0969 -0.2283 0.1181, -0.095 -0.2259 0.1181, -0.0926 -0.224 0.1181, -0.0897 -0.2228 0.1181, -0.0867 -0.2224 0.1181, -0.0867 0.2224 0.1181, -0.0867 0.2224 0.4331, -0.0897 0.2228 0.4331, -0.0897 0.2228 0.1181, -0.0926 0.224 0.4331, -0.0926 0.224 0.1181, -0.095 0.2259 0.4331, -0.095 0.2259 0.1181, -0.0969 0.2283 0.4331, -0.0969 0.2283 0.1181, -0.0981 0.2312 0.4331, -0.0981 0.2312 0.1181, -0.0985 0.2343 0.4331, -0.0985 0.2343 0.1181, -0.0867 0.2238 0.4433, -0.0897 0.2242 0.4432, -0.0926 0.2253 0.4429, -0.095 0.2271 0.4424, -0.0969 0.2295 0.4417, -0.0981 0.2322 0.441, -0.0985 0.2352 0.4402, -0.0867 0.2277 0.4528, -0.0897 0.2281 0.4526, -0.0926 0.2291 0.452, -0.095 0.2307 0.451, -0.0969 0.2328 0.4498, -0.0981 0.2353 0.4484, -0.0985 0.2379 0.4469, -0.0867 0.234 0.4609, -0.0897 0.2343 0.4606, -0.0926 0.2351 0.4598, -0.095 0.2364 0.4585, -0.0969 0.2381 0.4567, -0.0981 0.2402 0.4547, -0.0985 0.2423 0.4526, -0.0867 0.2421 0.4672, -0.0897 0.2423 0.4668, -0.0926 0.2429 0.4658, -0.095 0.2439 0.4642, -0.0969 0.2451 0.4621, -0.0981 0.2465 0.4596, -0.0985 0.248 0.4569, -0.0867 0.2516 0.4711, -0.0897 0.2517 0.4707, -0.0926 0.252 0.4696, -0.095 0.2525 0.4678, -0.0969 0.2531 0.4654, -0.0981 0.2539 0.4626, -0.0985 0.2547 0.4597, -0.0867 0.2618 0.4724, -0.0897 0.2618 0.472, -0.0926 0.2618 0.4709, -0.095 0.2618 0.469, -0.0969 0.2618 0.4665, -0.0981 0.2618 0.4637, -0.0985 0.2618 0.4606, -0.2166 -0.2618 0.4606, -0.217 -0.2618 0.4637, -0.2182 -0.2618 0.4665, -0.22 -0.2618 0.469, -0.2225 -0.2618 0.4709, -0.2253 -0.2618 0.472, -0.2284 -0.2618 0.4724, -0.2284 -0.2224 0.4331, -0.2284 -0.2238 0.4433, -0.2253 -0.2228 0.4331, -0.2253 -0.2242 0.4432, -0.2225 -0.224 0.4331, -0.2225 -0.2253 0.4429, -0.22 -0.2259 0.4331, -0.22 -0.2271 0.4424, -0.2182 -0.2283 0.4331, -0.2182 -0.2295 0.4417, -0.217 -0.2312 0.4331, -0.217 -0.2322 0.441, -0.2166 -0.2343 0.4331, -0.2166 -0.2352 0.4402, -0.2284 -0.2277 0.4528, -0.2253 -0.2281 0.4526, -0.2225 -0.2291 0.452, -0.22 -0.2307 0.451, -0.2182 -0.2328 0.4498, -0.217 -0.2353 0.4484, -0.2166 -0.2379 0.4469, -0.2284 -0.234 0.4609, -0.2253 -0.2343 0.4606, -0.2225 -0.2351 0.4598, -0.22 -0.2364 0.4585, -0.2182 -0.2381 0.4567, -0.217 -0.2402 0.4547, -0.2166 -0.2423 0.4526, -0.2284 -0.2421 0.4672, -0.2253 -0.2423 0.4668, -0.2225 -0.2429 0.4658, -0.22 -0.2439 0.4642, -0.2182 -0.2451 0.4621, -0.217 -0.2465 0.4596, -0.2166 -0.248 0.4569, -0.2284 -0.2516 0.4711, -0.2253 -0.2517 0.4707, -0.2225 -0.252 0.4696, -0.22 -0.2525 0.4678, -0.2182 -0.2531 0.4654, -0.217 -0.2539 0.4626, -0.2166 -0.2547 0.4597, -0.2284 -0.2224 0.1181, -0.2253 -0.2228 0.1181, -0.2225 -0.224 0.1181, -0.22 -0.2259 0.1181, -0.2182 -0.2283 0.1181, -0.217 -0.2312 0.1181, -0.2166 -0.2343 0.1181, -0.0591 0.2618 0.4606, -0.0595 0.2618 0.4637, -0.0607 0.2618 0.4665, -0.0626 0.2618 0.469, -0.065 0.2618 0.4709, -0.0678 0.2618 0.472, -0.0709 0.2618 0.4724, -0.0709 0.2516 0.4711, -0.0678 0.2517 0.4707, -0.065 0.252 0.4696, -0.0626 0.2525 0.4678, -0.0607 0.2531 0.4654, -0.0595 0.2539 0.4626, -0.0591 0.2547 0.4597, -0.0709 0.2421 0.4672, -0.0678 0.2423 0.4668, -0.065 0.2429 0.4658, -0.0626 0.2439 0.4642, -0.0607 0.2451 0.4621, -0.0595 0.2465 0.4596, -0.0591 0.248 0.4569, -0.0709 0.234 0.4609, -0.0678 0.2343 0.4606, -0.065 0.2351 0.4598, -0.0626 0.2364 0.4585, -0.0607 0.2381 0.4567, -0.0595 0.2402 0.4547, -0.0591 0.2423 0.4526, -0.0709 0.2277 0.4528, -0.0678 0.2281 0.4526, -0.065 0.2291 0.452, -0.0626 0.2307 0.451, -0.0607 0.2328 0.4498, -0.0595 0.2353 0.4484, -0.0591 0.2379 0.4469, -0.0709 0.2238 0.4433, -0.0678 0.2242 0.4432, -0.065 0.2253 0.4429, -0.0626 0.2271 0.4424, -0.0607 0.2295 0.4417, -0.0595 0.2322 0.441, -0.0591 0.2352 0.4402, -0.0709 0.2224 0.4331, -0.0678 0.2228 0.4331, -0.065 0.224 0.4331, -0.0626 0.2259 0.4331, -0.0607 0.2283 0.4331, -0.0595 0.2312 0.4331, -0.0591 0.2343 0.4331, -0.0591 0.2343 0.1181, -0.0595 0.2312 0.1181, -0.0607 0.2283 0.1181, -0.0626 0.2259 0.1181, -0.065 0.224 0.1181, -0.0678 0.2228 0.1181, -0.0709 0.2224 0.1181, 0.059 -0.2618 0.4606, 0.0594 -0.2618 0.4637, 0.0606 -0.2618 0.4665, 0.0625 -0.2618 0.469, 0.0649 -0.2618 0.4709, 0.0678 -0.2618 0.472, 0.0708 -0.2618 0.4724, 0.0708 -0.2516 0.4711, 0.0678 -0.2517 0.4707, 0.0649 -0.252 0.4696, 0.0625 -0.2525 0.4678, 0.0606 -0.2531 0.4654, 0.0594 -0.2539 0.4626, 0.059 -0.2547 0.4597, 0.0708 -0.2421 0.4672, 0.0678 -0.2423 0.4668, 0.0649 -0.2429 0.4658, 0.0625 -0.2439 0.4642, 0.0606 -0.2451 0.4621, 0.0594 -0.2465 0.4596, 0.059 -0.248 0.4569, 0.0708 -0.234 0.4609, 0.0678 -0.2343 0.4606, 0.0649 -0.2351 0.4598, 0.0625 -0.2364 0.4585, 0.0606 -0.2381 0.4567, 0.0594 -0.2402 0.4547, 0.059 -0.2423 0.4526, 0.0708 -0.2277 0.4528, 0.0678 -0.2281 0.4526, 0.0649 -0.2291 0.452, 0.0625 -0.2307 0.451, 0.0606 -0.2328 0.4498, 0.0594 -0.2353 0.4484, 0.059 -0.2379 0.4469, 0.0708 -0.2238 0.4433, 0.0678 -0.2242 0.4432, 0.0649 -0.2253 0.4429, 0.0625 -0.2271 0.4424, 0.0606 -0.2295 0.4417, 0.0594 -0.2322 0.441, 0.059 -0.2352 0.4402, 0.0708 -0.2224 0.4331, 0.0678 -0.2228 0.4331, 0.0649 -0.224 0.4331, 0.0625 -0.2259 0.4331, 0.0606 -0.2283 0.4331, 0.0594 -0.2312 0.4331, 0.059 -0.2343 0.4331, 0.059 -0.2343 0.1181, 0.0594 -0.2312 0.1181, 0.0606 -0.2283 0.1181, 0.0625 -0.2259 0.1181, 0.0649 -0.224 0.1181, 0.0678 -0.2228 0.1181, 0.0708 -0.2224 0.1181, 0.0708 0.2224 0.1181, 0.0708 0.2224 0.4331, 0.0678 0.2228 0.4331, 0.0678 0.2228 0.1181, 0.0649 0.224 0.4331, 0.0649 0.224 0.1181, 0.0625 0.2259 0.4331, 0.0625 0.2259 0.1181, 0.0606 0.2283 0.4331, 0.0606 0.2283 0.1181, 0.0594 0.2312 0.4331, 0.0594 0.2312 0.1181, 0.059 0.2343 0.4331, 0.059 0.2343 0.1181, 0.0708 0.2238 0.4433, 0.0678 0.2242 0.4432, 0.0649 0.2253 0.4429, 0.0625 0.2271 0.4424, 0.0606 0.2295 0.4417, 0.0594 0.2322 0.441, 0.059 0.2352 0.4402, 0.0708 0.2277 0.4528, 0.0678 0.2281 0.4526, 0.0649 0.2291 0.452, 0.0625 0.2307 0.451, 0.0606 0.2328 0.4498, 0.0594 0.2353 0.4484, 0.059 0.2379 0.4469, 0.0708 0.234 0.4609, 0.0678 0.2343 0.4606, 0.0649 0.2351 0.4598, 0.0625 0.2364 0.4585, 0.0606 0.2381 0.4567, 0.0594 0.2402 0.4547, 0.059 0.2423 0.4526, 0.0708 0.2421 0.4672, 0.0678 0.2423 0.4668, 0.0649 0.2429 0.4658, 0.0625 0.2439 0.4642, 0.0606 0.2451 0.4621, 0.0594 0.2465 0.4596, 0.059 0.248 0.4569, 0.0708 0.2516 0.4711, 0.0678 0.2517 0.4707, 0.0649 0.252 0.4696, 0.0625 0.2525 0.4678, 0.0606 0.2531 0.4654, 0.0594 0.2539 0.4626, 0.059 0.2547 0.4597, 0.0708 0.2618 0.4724, 0.0678 0.2618 0.472, 0.0649 0.2618 0.4709, 0.0625 0.2618 0.469, 0.0606 0.2618 0.4665, 0.0594 0.2618 0.4637, 0.059 0.2618 0.4606, -0.0591 -0.2618 0.4606, -0.0595 -0.2618 0.4637, -0.0607 -0.2618 0.4665, -0.0626 -0.2618 0.469, -0.065 -0.2618 0.4709, -0.0678 -0.2618 0.472, -0.0709 -0.2618 0.4724, -0.0709 -0.2224 0.4331, -0.0709 -0.2238 0.4433, -0.0678 -0.2228 0.4331, -0.0678 -0.2242 0.4432, -0.065 -0.224 0.4331, -0.065 -0.2253 0.4429, -0.0626 -0.2259 0.4331, -0.0626 -0.2271 0.4424, -0.0607 -0.2283 0.4331, -0.0607 -0.2295 0.4417, -0.0595 -0.2312 0.4331, -0.0595 -0.2322 0.441, -0.0591 -0.2343 0.4331, -0.0591 -0.2352 0.4402, -0.0709 -0.2277 0.4528, -0.0678 -0.2281 0.4526, -0.065 -0.2291 0.452, -0.0626 -0.2307 0.451, -0.0607 -0.2328 0.4498, -0.0595 -0.2353 0.4484, -0.0591 -0.2379 0.4469, -0.0709 -0.234 0.4609, -0.0678 -0.2343 0.4606, -0.065 -0.2351 0.4598, -0.0626 -0.2364 0.4585, -0.0607 -0.2381 0.4567, -0.0595 -0.2402 0.4547, -0.0591 -0.2423 0.4526, -0.0709 -0.2421 0.4672, -0.0678 -0.2423 0.4668, -0.065 -0.2429 0.4658, -0.0626 -0.2439 0.4642, -0.0607 -0.2451 0.4621, -0.0595 -0.2465 0.4596, -0.0591 -0.248 0.4569, -0.0709 -0.2516 0.4711, -0.0678 -0.2517 0.4707, -0.065 -0.252 0.4696, -0.0626 -0.2525 0.4678, -0.0607 -0.2531 0.4654, -0.0595 -0.2539 0.4626, -0.0591 -0.2547 0.4597, -0.0709 -0.2224 0.1181, -0.0678 -0.2228 0.1181, -0.065 -0.224 0.1181, -0.0626 -0.2259 0.1181, -0.0607 -0.2283 0.1181, -0.0595 -0.2312 0.1181, -0.0591 -0.2343 0.1181, 0.0984 0.2618 0.4606, 0.098 0.2618 0.4637, 0.0968 0.2618 0.4665, 0.0949 0.2618 0.469, 0.0925 0.2618 0.4709, 0.0896 0.2618 0.472, 0.0866 0.2618 0.4724, 0.0866 0.2516 0.4711, 0.0896 0.2517 0.4707, 0.0925 0.252 0.4696, 0.0949 0.2525 0.4678, 0.0968 0.2531 0.4654, 0.098 0.2539 0.4626, 0.0984 0.2547 0.4597, 0.0866 0.2421 0.4672, 0.0896 0.2423 0.4668, 0.0925 0.2429 0.4658, 0.0949 0.2439 0.4642, 0.0968 0.2451 0.4621, 0.098 0.2465 0.4596, 0.0984 0.248 0.4569, 0.0866 0.234 0.4609, 0.0896 0.2343 0.4606, 0.0925 0.2351 0.4598, 0.0949 0.2364 0.4585, 0.0968 0.2381 0.4567, 0.098 0.2402 0.4547, 0.0984 0.2423 0.4526, 0.0866 0.2277 0.4528, 0.0896 0.2281 0.4526, 0.0925 0.2291 0.452, 0.0949 0.2307 0.451, 0.0968 0.2328 0.4498, 0.098 0.2353 0.4484, 0.0984 0.2379 0.4469, 0.0866 0.2238 0.4433, 0.0896 0.2242 0.4432, 0.0925 0.2253 0.4429, 0.0949 0.2271 0.4424, 0.0968 0.2295 0.4417, 0.098 0.2322 0.441, 0.0984 0.2352 0.4402, 0.0866 0.2224 0.4331, 0.0896 0.2228 0.4331, 0.0925 0.224 0.4331, 0.0949 0.2259 0.4331, 0.0968 0.2283 0.4331, 0.098 0.2312 0.4331, 0.0984 0.2343 0.4331, 0.0984 0.2343 0.1181, 0.098 0.2312 0.1181, 0.0968 0.2283 0.1181, 0.0949 0.2259 0.1181, 0.0925 0.224 0.1181, 0.0896 0.2228 0.1181, 0.0866 0.2224 0.1181, 0.2165 -0.2618 0.4606, 0.2169 -0.2618 0.4637, 0.2181 -0.2618 0.4665, 0.22 -0.2618 0.469, 0.2224 -0.2618 0.4709, 0.2252 -0.2618 0.472, 0.2283 -0.2618 0.4724, 0.2283 -0.2516 0.4711, 0.2252 -0.2517 0.4707, 0.2224 -0.252 0.4696, 0.22 -0.2525 0.4678, 0.2181 -0.2531 0.4654, 0.2169 -0.2539 0.4626, 0.2165 -0.2547 0.4597, 0.2283 -0.2421 0.4672, 0.2252 -0.2423 0.4668, 0.2224 -0.2429 0.4658, 0.22 -0.2439 0.4642, 0.2181 -0.2451 0.4621, 0.2169 -0.2465 0.4596, 0.2165 -0.248 0.4569, 0.2283 -0.234 0.4609, 0.2252 -0.2343 0.4606, 0.2224 -0.2351 0.4598, 0.22 -0.2364 0.4585, 0.2181 -0.2381 0.4567, 0.2169 -0.2402 0.4547, 0.2165 -0.2423 0.4526, 0.2283 -0.2277 0.4528, 0.2252 -0.2281 0.4526, 0.2224 -0.2291 0.452, 0.22 -0.2307 0.451, 0.2181 -0.2328 0.4498, 0.2169 -0.2353 0.4484, 0.2165 -0.2379 0.4469, 0.2283 -0.2238 0.4433, 0.2252 -0.2242 0.4432, 0.2224 -0.2253 0.4429, 0.22 -0.2271 0.4424, 0.2181 -0.2295 0.4417, 0.2169 -0.2322 0.441, 0.2165 -0.2352 0.4402, 0.2283 -0.2224 0.4331, 0.2252 -0.2228 0.4331, 0.2224 -0.224 0.4331, 0.22 -0.2259 0.4331, 0.2181 -0.2283 0.4331, 0.2169 -0.2312 0.4331, 0.2165 -0.2343 0.4331, 0.2165 -0.2343 0.1181, 0.2169 -0.2312 0.1181, 0.2181 -0.2283 0.1181, 0.22 -0.2259 0.1181, 0.2224 -0.224 0.1181, 0.2252 -0.2228 0.1181, 0.2283 -0.2224 0.1181, 0.2283 0.2224 0.1181, 0.2283 0.2224 0.4331, 0.2252 0.2228 0.4331, 0.2252 0.2228 0.1181, 0.2224 0.224 0.4331, 0.2224 0.224 0.1181, 0.22 0.2259 0.4331, 0.22 0.2259 0.1181, 0.2181 0.2283 0.4331, 0.2181 0.2283 0.1181, 0.2169 0.2312 0.4331, 0.2169 0.2312 0.1181, 0.2165 0.2343 0.4331, 0.2165 0.2343 0.1181, 0.2283 0.2238 0.4433, 0.2252 0.2242 0.4432, 0.2224 0.2253 0.4429, 0.22 0.2271 0.4424, 0.2181 0.2295 0.4417, 0.2169 0.2322 0.441, 0.2165 0.2352 0.4402, 0.2283 0.2277 0.4528, 0.2252 0.2281 0.4526, 0.2224 0.2291 0.452, 0.22 0.2307 0.451, 0.2181 0.2328 0.4498, 0.2169 0.2353 0.4484, 0.2165 0.2379 0.4469, 0.2283 0.234 0.4609, 0.2252 0.2343 0.4606, 0.2224 0.2351 0.4598, 0.22 0.2364 0.4585, 0.2181 0.2381 0.4567, 0.2169 0.2402 0.4547, 0.2165 0.2423 0.4526, 0.2283 0.2421 0.4672, 0.2252 0.2423 0.4668, 0.2224 0.2429 0.4658, 0.22 0.2439 0.4642, 0.2181 0.2451 0.4621, 0.2169 0.2465 0.4596, 0.2165 0.248 0.4569, 0.2283 0.2516 0.4711, 0.2252 0.2517 0.4707, 0.2224 0.252 0.4696, 0.22 0.2525 0.4678, 0.2181 0.2531 0.4654, 0.2169 0.2539 0.4626, 0.2165 0.2547 0.4597, 0.2283 0.2618 0.4724, 0.2252 0.2618 0.472, 0.2224 0.2618 0.4709, 0.22 0.2618 0.469, 0.2181 0.2618 0.4665, 0.2169 0.2618 0.4637, 0.2165 0.2618 0.4606, 0.0984 -0.2618 0.4606, 0.098 -0.2618 0.4637, 0.0968 -0.2618 0.4665, 0.0949 -0.2618 0.469, 0.0925 -0.2618 0.4709, 0.0896 -0.2618 0.472, 0.0866 -0.2618 0.4724, 0.0866 -0.2224 0.4331, 0.0866 -0.2238 0.4433, 0.0896 -0.2228 0.4331, 0.0896 -0.2242 0.4432, 0.0925 -0.224 0.4331, 0.0925 -0.2253 0.4429, 0.0949 -0.2259 0.4331, 0.0949 -0.2271 0.4424, 0.0968 -0.2283 0.4331, 0.0968 -0.2295 0.4417, 0.098 -0.2312 0.4331, 0.098 -0.2322 0.441, 0.0984 -0.2343 0.4331, 0.0984 -0.2352 0.4402, 0.0866 -0.2277 0.4528, 0.0896 -0.2281 0.4526, 0.0925 -0.2291 0.452, 0.0949 -0.2307 0.451, 0.0968 -0.2328 0.4498, 0.098 -0.2353 0.4484, 0.0984 -0.2379 0.4469, 0.0866 -0.234 0.4609, 0.0896 -0.2343 0.4606, 0.0925 -0.2351 0.4598, 0.0949 -0.2364 0.4585, 0.0968 -0.2381 0.4567, 0.098 -0.2402 0.4547, 0.0984 -0.2423 0.4526, 0.0866 -0.2421 0.4672, 0.0896 -0.2423 0.4668, 0.0925 -0.2429 0.4658, 0.0949 -0.2439 0.4642, 0.0968 -0.2451 0.4621, 0.098 -0.2465 0.4596, 0.0984 -0.248 0.4569, 0.0866 -0.2516 0.4711, 0.0896 -0.2517 0.4707, 0.0925 -0.252 0.4696, 0.0949 -0.2525 0.4678, 0.0968 -0.2531 0.4654, 0.098 -0.2539 0.4626, 0.0984 -0.2547 0.4597, 0.0866 -0.2224 0.1181, 0.0896 -0.2228 0.1181, 0.0925 -0.224 0.1181, 0.0949 -0.2259 0.1181, 0.0968 -0.2283 0.1181, 0.098 -0.2312 0.1181, 0.0984 -0.2343 0.1181, 0.2559 0.2618 0.4606, 0.2555 0.2618 0.4637, 0.2543 0.2618 0.4665, 0.2524 0.2618 0.469, 0.25 0.2618 0.4709, 0.2471 0.2618 0.472, 0.2441 0.2618 0.4724, 0.2441 0.2516 0.4711, 0.2471 0.2517 0.4707, 0.25 0.252 0.4696, 0.2524 0.2525 0.4678, 0.2543 0.2531 0.4654, 0.2555 0.2539 0.4626, 0.2559 0.2547 0.4597, 0.2441 0.2421 0.4672, 0.2471 0.2423 0.4668, 0.25 0.2429 0.4658, 0.2524 0.2439 0.4642, 0.2543 0.2451 0.4621, 0.2555 0.2465 0.4596, 0.2559 0.248 0.4569, 0.2441 0.234 0.4609, 0.2471 0.2343 0.4606, 0.25 0.2351 0.4598, 0.2524 0.2364 0.4585, 0.2543 0.2381 0.4567, 0.2555 0.2402 0.4547, 0.2559 0.2423 0.4526, 0.2441 0.2277 0.4528, 0.2471 0.2281 0.4526, 0.25 0.2291 0.452, 0.2524 0.2307 0.451, 0.2543 0.2328 0.4498, 0.2555 0.2353 0.4484, 0.2559 0.2379 0.4469, 0.2441 0.2238 0.4433, 0.2471 0.2242 0.4432, 0.25 0.2253 0.4429, 0.2524 0.2271 0.4424, 0.2543 0.2295 0.4417, 0.2555 0.2322 0.441, 0.2559 0.2352 0.4402, 0.2441 0.2224 0.4331, 0.2471 0.2228 0.4331, 0.25 0.224 0.4331, 0.2524 0.2259 0.4331, 0.2543 0.2283 0.4331, 0.2555 0.2312 0.4331, 0.2559 0.2343 0.4331, 0.2559 0.2343 0.1181, 0.2555 0.2312 0.1181, 0.2543 0.2283 0.1181, 0.2524 0.2259 0.1181, 0.25 0.224 0.1181, 0.2471 0.2228 0.1181, 0.2441 0.2224 0.1181, 0.374 -0.2618 0.4606, 0.3744 -0.2618 0.4637, 0.3756 -0.2618 0.4665, 0.3774 -0.2618 0.469, 0.3799 -0.2618 0.4709, 0.3827 -0.2618 0.472, 0.3858 -0.2618 0.4724, 0.3858 -0.2516 0.4711, 0.3827 -0.2517 0.4707, 0.3799 -0.252 0.4696, 0.3774 -0.2525 0.4678, 0.3756 -0.2531 0.4654, 0.3744 -0.2539 0.4626, 0.374 -0.2547 0.4597, 0.3858 -0.2421 0.4672, 0.3827 -0.2423 0.4668, 0.3799 -0.2429 0.4658, 0.3774 -0.2439 0.4642, 0.3756 -0.2451 0.4621, 0.3744 -0.2465 0.4596, 0.374 -0.248 0.4569, 0.3858 -0.234 0.4609, 0.3827 -0.2343 0.4606, 0.3799 -0.2351 0.4598, 0.3774 -0.2364 0.4585, 0.3756 -0.2381 0.4567, 0.3744 -0.2402 0.4547, 0.374 -0.2423 0.4526, 0.3858 -0.2277 0.4528, 0.3827 -0.2281 0.4526, 0.3799 -0.2291 0.452, 0.3774 -0.2307 0.451, 0.3756 -0.2328 0.4498, 0.3744 -0.2353 0.4484, 0.374 -0.2379 0.4469, 0.3858 -0.2238 0.4433, 0.3827 -0.2242 0.4432, 0.3799 -0.2253 0.4429, 0.3774 -0.2271 0.4424, 0.3756 -0.2295 0.4417, 0.3744 -0.2322 0.441, 0.374 -0.2352 0.4402, 0.3858 -0.2224 0.4331, 0.3827 -0.2228 0.4331, 0.3799 -0.224 0.4331, 0.3774 -0.2259 0.4331, 0.3756 -0.2283 0.4331, 0.3744 -0.2312 0.4331, 0.374 -0.2343 0.4331, 0.374 -0.2343 0.1181, 0.3744 -0.2312 0.1181, 0.3756 -0.2283 0.1181, 0.3774 -0.2259 0.1181, 0.3799 -0.224 0.1181, 0.3827 -0.2228 0.1181, 0.3858 -0.2224 0.1181, 0.3858 0.2224 0.1181, 0.3858 0.2224 0.4331, 0.3827 0.2228 0.4331, 0.3827 0.2228 0.1181, 0.3799 0.224 0.4331, 0.3799 0.224 0.1181, 0.3774 0.2259 0.4331, 0.3774 0.2259 0.1181, 0.3756 0.2283 0.4331, 0.3756 0.2283 0.1181, 0.3744 0.2312 0.4331, 0.3744 0.2312 0.1181, 0.374 0.2343 0.4331, 0.374 0.2343 0.1181, 0.3858 0.2238 0.4433, 0.3827 0.2242 0.4432, 0.3799 0.2253 0.4429, 0.3774 0.2271 0.4424, 0.3756 0.2295 0.4417, 0.3744 0.2322 0.441, 0.374 0.2352 0.4402, 0.3858 0.2277 0.4528, 0.3827 0.2281 0.4526, 0.3799 0.2291 0.452, 0.3774 0.2307 0.451, 0.3756 0.2328 0.4498, 0.3744 0.2353 0.4484, 0.374 0.2379 0.4469, 0.3858 0.234 0.4609, 0.3827 0.2343 0.4606, 0.3799 0.2351 0.4598, 0.3774 0.2364 0.4585, 0.3756 0.2381 0.4567, 0.3744 0.2402 0.4547, 0.374 0.2423 0.4526, 0.3858 0.2421 0.4672, 0.3827 0.2423 0.4668, 0.3799 0.2429 0.4658, 0.3774 0.2439 0.4642, 0.3756 0.2451 0.4621, 0.3744 0.2465 0.4596, 0.374 0.248 0.4569, 0.3858 0.2516 0.4711, 0.3827 0.2517 0.4707, 0.3799 0.252 0.4696, 0.3774 0.2525 0.4678, 0.3756 0.2531 0.4654, 0.3744 0.2539 0.4626, 0.374 0.2547 0.4597, 0.3858 0.2618 0.4724, 0.3827 0.2618 0.472, 0.3799 0.2618 0.4709, 0.3774 0.2618 0.469, 0.3756 0.2618 0.4665, 0.3744 0.2618 0.4637, 0.374 0.2618 0.4606, 0.2559 -0.2618 0.4606, 0.2555 -0.2618 0.4637, 0.2543 -0.2618 0.4665, 0.2524 -0.2618 0.469, 0.25 -0.2618 0.4709, 0.2471 -0.2618 0.472, 0.2441 -0.2618 0.4724, 0.2441 -0.2224 0.4331, 0.2441 -0.2238 0.4433, 0.2471 -0.2228 0.4331, 0.2471 -0.2242 0.4432, 0.25 -0.224 0.4331, 0.25 -0.2253 0.4429, 0.2524 -0.2259 0.4331, 0.2524 -0.2271 0.4424, 0.2543 -0.2283 0.4331, 0.2543 -0.2295 0.4417, 0.2555 -0.2312 0.4331, 0.2555 -0.2322 0.441, 0.2559 -0.2343 0.4331, 0.2559 -0.2352 0.4402, 0.2441 -0.2277 0.4528, 0.2471 -0.2281 0.4526, 0.25 -0.2291 0.452, 0.2524 -0.2307 0.451, 0.2543 -0.2328 0.4498, 0.2555 -0.2353 0.4484, 0.2559 -0.2379 0.4469, 0.2441 -0.234 0.4609, 0.2471 -0.2343 0.4606, 0.25 -0.2351 0.4598, 0.2524 -0.2364 0.4585, 0.2543 -0.2381 0.4567, 0.2555 -0.2402 0.4547, 0.2559 -0.2423 0.4526, 0.2441 -0.2421 0.4672, 0.2471 -0.2423 0.4668, 0.25 -0.2429 0.4658, 0.2524 -0.2439 0.4642, 0.2543 -0.2451 0.4621, 0.2555 -0.2465 0.4596, 0.2559 -0.248 0.4569, 0.2441 -0.2516 0.4711, 0.2471 -0.2517 0.4707, 0.25 -0.252 0.4696, 0.2524 -0.2525 0.4678, 0.2543 -0.2531 0.4654, 0.2555 -0.2539 0.4626, 0.2559 -0.2547 0.4597, 0.2441 -0.2224 0.1181, 0.2471 -0.2228 0.1181, 0.25 -0.224 0.1181, 0.2524 -0.2259 0.1181, 0.2543 -0.2283 0.1181, 0.2555 -0.2312 0.1181, 0.2559 -0.2343 0.1181, 0.4133 0.2618 0.4606, 0.4129 0.2618 0.4637, 0.4118 0.2618 0.4665, 0.4099 0.2618 0.469, 0.4074 0.2618 0.4709, 0.4046 0.2618 0.472, 0.4015 0.2618 0.4724, 0.4015 0.2516 0.4711, 0.4046 0.2517 0.4707, 0.4074 0.252 0.4696, 0.4099 0.2525 0.4678, 0.4118 0.2531 0.4654, 0.4129 0.2539 0.4626, 0.4133 0.2547 0.4597, 0.4015 0.2421 0.4672, 0.4046 0.2423 0.4668, 0.4074 0.2429 0.4658, 0.4099 0.2439 0.4642, 0.4118 0.2451 0.4621, 0.4129 0.2465 0.4596, 0.4133 0.248 0.4569, 0.4015 0.234 0.4609, 0.4046 0.2343 0.4606, 0.4074 0.2351 0.4598, 0.4099 0.2364 0.4585, 0.4118 0.2381 0.4567, 0.4129 0.2402 0.4547, 0.4133 0.2423 0.4526, 0.4015 0.2277 0.4528, 0.4046 0.2281 0.4526, 0.4074 0.2291 0.452, 0.4099 0.2307 0.451, 0.4118 0.2328 0.4498, 0.4129 0.2353 0.4484, 0.4133 0.2379 0.4469, 0.4015 0.2238 0.4433, 0.4046 0.2242 0.4432, 0.4074 0.2253 0.4429, 0.4099 0.2271 0.4424, 0.4118 0.2295 0.4417, 0.4129 0.2322 0.441, 0.4133 0.2352 0.4402, 0.4015 0.2224 0.4331, 0.4046 0.2228 0.4331, 0.4074 0.224 0.4331, 0.4099 0.2259 0.4331, 0.4118 0.2283 0.4331, 0.4129 0.2312 0.4331, 0.4133 0.2343 0.4331, 0.4133 0.2343 0.1181, 0.4129 0.2312 0.1181, 0.4118 0.2283 0.1181, 0.4099 0.2259 0.1181, 0.4074 0.224 0.1181, 0.4046 0.2228 0.1181, 0.4015 0.2224 0.1181, 0.5315 -0.2618 0.4606, 0.5319 -0.2618 0.4637, 0.533 -0.2618 0.4665, 0.5349 -0.2618 0.469, 0.5374 -0.2618 0.4709, 0.5402 -0.2618 0.472, 0.5433 -0.2618 0.4724, 0.5433 -0.2516 0.4711, 0.5402 -0.2517 0.4707, 0.5374 -0.252 0.4696, 0.5349 -0.2525 0.4678, 0.533 -0.2531 0.4654, 0.5319 -0.2539 0.4626, 0.5315 -0.2547 0.4597, 0.5433 -0.2421 0.4672, 0.5402 -0.2423 0.4668, 0.5374 -0.2429 0.4658, 0.5349 -0.2439 0.4642, 0.533 -0.2451 0.4621, 0.5319 -0.2465 0.4596, 0.5315 -0.248 0.4569, 0.5433 -0.234 0.4609, 0.5402 -0.2343 0.4606, 0.5374 -0.2351 0.4598, 0.5349 -0.2364 0.4585, 0.533 -0.2381 0.4567, 0.5319 -0.2402 0.4547, 0.5315 -0.2423 0.4526, 0.5433 -0.2277 0.4528, 0.5402 -0.2281 0.4526, 0.5374 -0.2291 0.452, 0.5349 -0.2307 0.451, 0.533 -0.2328 0.4498, 0.5319 -0.2353 0.4484, 0.5315 -0.2379 0.4469, 0.5433 -0.2238 0.4433, 0.5402 -0.2242 0.4432, 0.5374 -0.2253 0.4429, 0.5349 -0.2271 0.4424, 0.533 -0.2295 0.4417, 0.5319 -0.2322 0.441, 0.5315 -0.2352 0.4402, 0.5433 -0.2224 0.4331, 0.5402 -0.2228 0.4331, 0.5374 -0.224 0.4331, 0.5349 -0.2259 0.4331, 0.533 -0.2283 0.4331, 0.5319 -0.2312 0.4331, 0.5315 -0.2343 0.4331, 0.5315 -0.2343 0.1181, 0.5319 -0.2312 0.1181, 0.533 -0.2283 0.1181, 0.5349 -0.2259 0.1181, 0.5374 -0.224 0.1181, 0.5402 -0.2228 0.1181, 0.5433 -0.2224 0.1181, 0.5433 0.2224 0.1181, 0.5433 0.2224 0.4331, 0.5402 0.2228 0.4331, 0.5402 0.2228 0.1181, 0.5374 0.224 0.4331, 0.5374 0.224 0.1181, 0.5349 0.2259 0.4331, 0.5349 0.2259 0.1181, 0.533 0.2283 0.4331, 0.533 0.2283 0.1181, 0.5319 0.2312 0.4331, 0.5319 0.2312 0.1181, 0.5315 0.2343 0.4331, 0.5315 0.2343 0.1181, 0.5433 0.2238 0.4433, 0.5402 0.2242 0.4432, 0.5374 0.2253 0.4429, 0.5349 0.2271 0.4424, 0.533 0.2295 0.4417, 0.5319 0.2322 0.441, 0.5315 0.2352 0.4402, 0.5433 0.2277 0.4528, 0.5402 0.2281 0.4526, 0.5374 0.2291 0.452, 0.5349 0.2307 0.451, 0.533 0.2328 0.4498, 0.5319 0.2353 0.4484, 0.5315 0.2379 0.4469, 0.5433 0.234 0.4609, 0.5402 0.2343 0.4606, 0.5374 0.2351 0.4598, 0.5349 0.2364 0.4585, 0.533 0.2381 0.4567, 0.5319 0.2402 0.4547, 0.5315 0.2423 0.4526, 0.5433 0.2421 0.4672, 0.5402 0.2423 0.4668, 0.5374 0.2429 0.4658, 0.5349 0.2439 0.4642, 0.533 0.2451 0.4621, 0.5319 0.2465 0.4596, 0.5315 0.248 0.4569, 0.5433 0.2516 0.4711, 0.5402 0.2517 0.4707, 0.5374 0.252 0.4696, 0.5349 0.2525 0.4678, 0.533 0.2531 0.4654, 0.5319 0.2539 0.4626, 0.5315 0.2547 0.4597, 0.5433 0.2618 0.4724, 0.5402 0.2618 0.472, 0.5374 0.2618 0.4709, 0.5349 0.2618 0.469, 0.533 0.2618 0.4665, 0.5319 0.2618 0.4637, 0.5315 0.2618 0.4606, 0.4133 -0.2618 0.4606, 0.4129 -0.2618 0.4637, 0.4118 -0.2618 0.4665, 0.4099 -0.2618 0.469, 0.4074 -0.2618 0.4709, 0.4046 -0.2618 0.472, 0.4015 -0.2618 0.4724, 0.4015 -0.2224 0.4331, 0.4015 -0.2238 0.4433, 0.4046 -0.2228 0.4331, 0.4046 -0.2242 0.4432, 0.4074 -0.224 0.4331, 0.4074 -0.2253 0.4429, 0.4099 -0.2259 0.4331, 0.4099 -0.2271 0.4424, 0.4118 -0.2283 0.4331, 0.4118 -0.2295 0.4417, 0.4129 -0.2312 0.4331, 0.4129 -0.2322 0.441, 0.4133 -0.2343 0.4331, 0.4133 -0.2352 0.4402, 0.4015 -0.2277 0.4528, 0.4046 -0.2281 0.4526, 0.4074 -0.2291 0.452, 0.4099 -0.2307 0.451, 0.4118 -0.2328 0.4498, 0.4129 -0.2353 0.4484, 0.4133 -0.2379 0.4469, 0.4015 -0.234 0.4609, 0.4046 -0.2343 0.4606, 0.4074 -0.2351 0.4598, 0.4099 -0.2364 0.4585, 0.4118 -0.2381 0.4567, 0.4129 -0.2402 0.4547, 0.4133 -0.2423 0.4526, 0.4015 -0.2421 0.4672, 0.4046 -0.2423 0.4668, 0.4074 -0.2429 0.4658, 0.4099 -0.2439 0.4642, 0.4118 -0.2451 0.4621, 0.4129 -0.2465 0.4596, 0.4133 -0.248 0.4569, 0.4015 -0.2516 0.4711, 0.4046 -0.2517 0.4707, 0.4074 -0.252 0.4696, 0.4099 -0.2525 0.4678, 0.4118 -0.2531 0.4654, 0.4129 -0.2539 0.4626, 0.4133 -0.2547 0.4597, 0.4015 -0.2224 0.1181, 0.4046 -0.2228 0.1181, 0.4074 -0.224 0.1181, 0.4099 -0.2259 0.1181, 0.4118 -0.2283 0.1181, 0.4129 -0.2312 0.1181, 0.4133 -0.2343 0.1181
            ]
        }
        coordIndex [
            0,1,2,-1,2,3,4,-1,4,3,5,-1,4,5,6,-1,6,7,4,-1,4,7,8,-1,4,8,9,-1,9,8,10,-1,0,2,11,-1,11,2,4,-1,11,4,12,-1,1,13,2,-1,2,13,14,-1,2,14,15,-1,16,17,18,-1,18,19,20,-1,20,19,21,-1,20,21,22,-1,22,23,20,-1,20,23,24,-1,20,24,25,-1,25,24,26,-1,16,18,27,-1,27,18,20,-1,27,20,28,-1,17,29,18,-1,18,29,30,-1,18,30,31,-1,32,33,34,-1,35,36,32,-1,32,36,37,-1,32,37,38,-1,38,39,32,-1,32,39,40,-1,32,40,41,-1,41,40,42,-1,32,34,35,-1,35,34,43,-1,35,43,44,-1,44,45,35,-1,35,45,46,-1,35,46,47,-1,48,49,50,-1,51,52,48,-1,48,52,53,-1,48,53,54,-1,54,55,48,-1,48,55,56,-1,48,56,57,-1,57,56,58,-1,48,50,51,-1,51,50,59,-1,51,59,60,-1,60,61,51,-1,51,61,62,-1,51,62,63,-1,64,65,66,-1,66,67,68,-1,68,67,69,-1,68,69,70,-1,70,71,68,-1,68,71,72,-1,68,72,73,-1,73,72,74,-1,64,66,75,-1,75,66,68,-1,75,68,76,-1,65,77,66,-1,66,77,78,-1,66,78,79,-1,80,81,82,-1,83,84,80,-1,80,84,85,-1,80,85,86,-1,86,87,80,-1,80,87,88,-1,80,88,89,-1,89,88,90,-1,80,82,83,-1,83,82,91,-1,83,91,92,-1,92,93,83,-1,83,93,94,-1,83,94,95,-1,96,97,98,-1,99,100,101,-1,101,100,96,-1,102,96,103,-1,103,96,104,-1,102,105,96,-1,96,105,106,-1,96,106,101,-1,96,98,104,-1,104,98,107,-1,104,107,108,-1,108,109,104,-1,104,109,110,-1,104,110,111,-1,112,113,114,-1,115,116,112,-1,112,116,117,-1,112,117,118,-1,118,119,112,-1,112,119,120,-1,112,120,121,-1,121,120,122,-1,112,114,115,-1,115,114,123,-1,115,123,124,-1,124,125,115,-1,115,125,126,-1,115,126,127,-1,128,129,130,-1,131,132,128,-1,128,132,133,-1,128,133,134,-1,134,135,128,-1,128,135,136,-1,128,136,137,-1,137,136,138,-1,128,130,131,-1,131,130,139,-1,131,139,140,-1,140,141,131,-1,131,141,142,-1,131,142,143,-1,144,145,146,-1,147,148,144,-1,144,148,149,-1,144,149,150,-1,150,151,144,-1,144,151,152,-1,144,152,153,-1,153,152,154,-1,144,146,147,-1,147,146,155,-1,147,155,156,-1,156,157,147,-1,147,157,158,-1,147,158,159,-1,160,161,162,-1,162,163,164,-1,164,163,165,-1,164,165,166,-1,166,167,164,-1,164,167,168,-1,164,168,169,-1,169,168,170,-1,160,162,171,-1,171,162,164,-1,171,164,172,-1,161,173,162,-1,162,173,174,-1,162,174,175,-1,176,177,178,-1,179,180,176,-1,176,180,181,-1,176,181,182,-1,182,183,176,-1,176,183,184,-1,176,184,185,-1,185,184,186,-1,176,178,179,-1,179,178,187,-1,179,187,188,-1,188,189,179,-1,179,189,190,-1,179,190,191,-1,192,90,88,-1,192,88,193,-1,193,88,87,-1,193,87,194,-1,194,87,86,-1,194,86,195,-1,195,86,85,-1,195,85,196,-1,196,85,84,-1,196,84,197,-1,197,84,83,-1,197,83,198,-1,198,199,197,-1,197,199,200,-1,197,200,196,-1,196,200,201,-1,196,201,195,-1,195,201,202,-1,195,202,194,-1,194,202,203,-1,194,203,193,-1,193,203,204,-1,193,204,192,-1,192,204,205,-1,199,206,200,-1,200,206,207,-1,200,207,201,-1,201,207,208,-1,201,208,202,-1,202,208,209,-1,202,209,203,-1,203,209,210,-1,203,210,204,-1,204,210,211,-1,204,211,205,-1,205,211,212,-1,206,213,207,-1,207,213,214,-1,207,214,208,-1,208,214,215,-1,208,215,209,-1,209,215,216,-1,209,216,210,-1,210,216,217,-1,210,217,211,-1,211,217,218,-1,211,218,212,-1,212,218,219,-1,213,220,214,-1,214,220,221,-1,214,221,215,-1,215,221,222,-1,215,222,216,-1,216,222,223,-1,216,223,217,-1,217,223,224,-1,217,224,218,-1,218,224,225,-1,218,225,219,-1,219,225,226,-1,220,227,221,-1,221,227,228,-1,221,228,222,-1,222,228,229,-1,222,229,223,-1,223,229,230,-1,223,230,224,-1,224,230,231,-1,224,231,225,-1,225,231,232,-1,225,232,226,-1,226,232,233,-1,227,234,228,-1,228,234,235,-1,228,235,229,-1,229,235,236,-1,229,236,230,-1,230,236,237,-1,230,237,231,-1,231,237,238,-1,231,238,232,-1,232,238,239,-1,232,239,233,-1,233,239,240,-1,241,240,239,-1,241,239,242,-1,242,239,238,-1,242,238,243,-1,243,238,237,-1,243,237,244,-1,244,237,236,-1,244,236,245,-1,245,236,235,-1,245,235,246,-1,246,235,234,-1,246,234,247,-1,248,138,136,-1,248,136,249,-1,249,136,135,-1,249,135,250,-1,250,135,134,-1,250,134,251,-1,251,134,133,-1,251,133,252,-1,252,133,132,-1,252,132,253,-1,253,132,131,-1,253,131,254,-1,254,255,253,-1,253,255,256,-1,253,256,252,-1,252,256,257,-1,252,257,251,-1,251,257,258,-1,251,258,250,-1,250,258,259,-1,250,259,249,-1,249,259,260,-1,249,260,248,-1,248,260,261,-1,255,262,256,-1,256,262,263,-1,256,263,257,-1,257,263,264,-1,257,264,258,-1,258,264,265,-1,258,265,259,-1,259,265,266,-1,259,266,260,-1,260,266,267,-1,260,267,261,-1,261,267,268,-1,262,269,263,-1,263,269,270,-1,263,270,264,-1,264,270,271,-1,264,271,265,-1,265,271,272,-1,265,272,266,-1,266,272,273,-1,266,273,267,-1,267,273,274,-1,267,274,268,-1,268,274,275,-1,269,276,270,-1,270,276,277,-1,270,277,271,-1,271,277,278,-1,271,278,272,-1,272,278,279,-1,272,279,273,-1,273,279,280,-1,273,280,274,-1,274,280,281,-1,274,281,275,-1,275,281,282,-1,276,283,277,-1,277,283,284,-1,277,284,278,-1,278,284,285,-1,278,285,279,-1,279,285,286,-1,279,286,280,-1,280,286,287,-1,280,287,281,-1,281,287,288,-1,281,288,282,-1,282,288,289,-1,283,290,284,-1,284,290,291,-1,284,291,285,-1,285,291,292,-1,285,292,286,-1,286,292,293,-1,286,293,287,-1,287,293,294,-1,287,294,288,-1,288,294,295,-1,288,295,289,-1,289,295,296,-1,297,296,295,-1,297,295,298,-1,298,295,294,-1,298,294,299,-1,299,294,293,-1,299,293,300,-1,300,293,292,-1,300,292,301,-1,301,292,291,-1,301,291,302,-1,302,291,290,-1,302,290,303,-1,304,305,306,-1,304,306,307,-1,307,306,308,-1,307,308,309,-1,309,308,310,-1,309,310,311,-1,311,310,312,-1,311,312,313,-1,313,312,314,-1,313,314,315,-1,315,314,316,-1,315,316,317,-1,305,318,306,-1,306,318,319,-1,306,319,308,-1,308,319,320,-1,308,320,310,-1,310,320,321,-1,310,321,312,-1,312,321,322,-1,312,322,314,-1,314,322,323,-1,314,323,316,-1,316,323,324,-1,318,325,319,-1,319,325,326,-1,319,326,320,-1,320,326,327,-1,320,327,321,-1,321,327,328,-1,321,328,322,-1,322,328,329,-1,322,329,323,-1,323,329,330,-1,323,330,324,-1,324,330,331,-1,325,332,326,-1,326,332,333,-1,326,333,327,-1,327,333,334,-1,327,334,328,-1,328,334,335,-1,328,335,329,-1,329,335,336,-1,329,336,330,-1,330,336,337,-1,330,337,331,-1,331,337,338,-1,332,339,333,-1,333,339,340,-1,333,340,334,-1,334,340,341,-1,334,341,335,-1,335,341,342,-1,335,342,336,-1,336,342,343,-1,336,343,337,-1,337,343,344,-1,337,344,338,-1,338,344,345,-1,339,346,340,-1,340,346,347,-1,340,347,341,-1,341,347,348,-1,341,348,342,-1,342,348,349,-1,342,349,343,-1,343,349,350,-1,343,350,344,-1,344,350,351,-1,344,351,345,-1,345,351,352,-1,346,353,347,-1,347,353,354,-1,347,354,348,-1,348,354,355,-1,348,355,349,-1,349,355,356,-1,349,356,350,-1,350,356,357,-1,350,357,351,-1,351,357,358,-1,351,358,352,-1,352,358,359,-1,81,359,358,-1,81,358,82,-1,82,358,357,-1,82,357,91,-1,91,357,356,-1,91,356,92,-1,92,356,355,-1,92,355,93,-1,93,355,354,-1,93,354,94,-1,94,354,353,-1,94,353,95,-1,129,360,361,-1,129,361,130,-1,130,361,362,-1,130,362,139,-1,139,362,363,-1,139,363,140,-1,140,363,364,-1,140,364,141,-1,141,364,365,-1,141,365,142,-1,142,365,366,-1,142,366,143,-1,367,368,369,-1,369,368,370,-1,369,370,371,-1,371,370,372,-1,371,372,373,-1,373,372,374,-1,373,374,375,-1,375,374,376,-1,375,376,377,-1,377,376,378,-1,377,378,379,-1,379,378,380,-1,368,381,370,-1,370,381,382,-1,370,382,372,-1,372,382,383,-1,372,383,374,-1,374,383,384,-1,374,384,376,-1,376,384,385,-1,376,385,378,-1,378,385,386,-1,378,386,380,-1,380,386,387,-1,381,388,382,-1,382,388,389,-1,382,389,383,-1,383,389,390,-1,383,390,384,-1,384,390,391,-1,384,391,385,-1,385,391,392,-1,385,392,386,-1,386,392,393,-1,386,393,387,-1,387,393,394,-1,388,395,389,-1,389,395,396,-1,389,396,390,-1,390,396,397,-1,390,397,391,-1,391,397,398,-1,391,398,392,-1,392,398,399,-1,392,399,393,-1,393,399,400,-1,393,400,394,-1,394,400,401,-1,395,402,396,-1,396,402,403,-1,396,403,397,-1,397,403,404,-1,397,404,398,-1,398,404,405,-1,398,405,399,-1,399,405,406,-1,399,406,400,-1,400,406,407,-1,400,407,401,-1,401,407,408,-1,402,366,403,-1,403,366,365,-1,403,365,404,-1,404,365,364,-1,404,364,405,-1,405,364,363,-1,405,363,406,-1,406,363,362,-1,406,362,407,-1,407,362,361,-1,407,361,408,-1,408,361,360,-1,409,367,369,-1,409,369,410,-1,410,369,371,-1,410,371,411,-1,411,371,373,-1,411,373,412,-1,412,373,375,-1,412,375,413,-1,413,375,377,-1,413,377,414,-1,414,377,379,-1,414,379,415,-1,416,42,40,-1,416,40,417,-1,417,40,39,-1,417,39,418,-1,418,39,38,-1,418,38,419,-1,419,38,37,-1,419,37,420,-1,420,37,36,-1,420,36,421,-1,421,36,35,-1,421,35,422,-1,422,423,421,-1,421,423,424,-1,421,424,420,-1,420,424,425,-1,420,425,419,-1,419,425,426,-1,419,426,418,-1,418,426,427,-1,418,427,417,-1,417,427,428,-1,417,428,416,-1,416,428,429,-1,423,430,424,-1,424,430,431,-1,424,431,425,-1,425,431,432,-1,425,432,426,-1,426,432,433,-1,426,433,427,-1,427,433,434,-1,427,434,428,-1,428,434,435,-1,428,435,429,-1,429,435,436,-1,430,437,431,-1,431,437,438,-1,431,438,432,-1,432,438,439,-1,432,439,433,-1,433,439,440,-1,433,440,434,-1,434,440,441,-1,434,441,435,-1,435,441,442,-1,435,442,436,-1,436,442,443,-1,437,444,438,-1,438,444,445,-1,438,445,439,-1,439,445,446,-1,439,446,440,-1,440,446,447,-1,440,447,441,-1,441,447,448,-1,441,448,442,-1,442,448,449,-1,442,449,443,-1,443,449,450,-1,444,451,445,-1,445,451,452,-1,445,452,446,-1,446,452,453,-1,446,453,447,-1,447,453,454,-1,447,454,448,-1,448,454,455,-1,448,455,449,-1,449,455,456,-1,449,456,450,-1,450,456,457,-1,451,458,452,-1,452,458,459,-1,452,459,453,-1,453,459,460,-1,453,460,454,-1,454,460,461,-1,454,461,455,-1,455,461,462,-1,455,462,456,-1,456,462,463,-1,456,463,457,-1,457,463,464,-1,465,464,463,-1,465,463,466,-1,466,463,462,-1,466,462,467,-1,467,462,461,-1,467,461,468,-1,468,461,460,-1,468,460,469,-1,469,460,459,-1,469,459,470,-1,470,459,458,-1,470,458,471,-1,472,154,152,-1,472,152,473,-1,473,152,151,-1,473,151,474,-1,474,151,150,-1,474,150,475,-1,475,150,149,-1,475,149,476,-1,476,149,148,-1,476,148,477,-1,477,148,147,-1,477,147,478,-1,478,479,477,-1,477,479,480,-1,477,480,476,-1,476,480,481,-1,476,481,475,-1,475,481,482,-1,475,482,474,-1,474,482,483,-1,474,483,473,-1,473,483,484,-1,473,484,472,-1,472,484,485,-1,479,486,480,-1,480,486,487,-1,480,487,481,-1,481,487,488,-1,481,488,482,-1,482,488,489,-1,482,489,483,-1,483,489,490,-1,483,490,484,-1,484,490,491,-1,484,491,485,-1,485,491,492,-1,486,493,487,-1,487,493,494,-1,487,494,488,-1,488,494,495,-1,488,495,489,-1,489,495,496,-1,489,496,490,-1,490,496,497,-1,490,497,491,-1,491,497,498,-1,491,498,492,-1,492,498,499,-1,493,500,494,-1,494,500,501,-1,494,501,495,-1,495,501,502,-1,495,502,496,-1,496,502,503,-1,496,503,497,-1,497,503,504,-1,497,504,498,-1,498,504,505,-1,498,505,499,-1,499,505,506,-1,500,507,501,-1,501,507,508,-1,501,508,502,-1,502,508,509,-1,502,509,503,-1,503,509,510,-1,503,510,504,-1,504,510,511,-1,504,511,505,-1,505,511,512,-1,505,512,506,-1,506,512,513,-1,507,514,508,-1,508,514,515,-1,508,515,509,-1,509,515,516,-1,509,516,510,-1,510,516,517,-1,510,517,511,-1,511,517,518,-1,511,518,512,-1,512,518,519,-1,512,519,513,-1,513,519,520,-1,521,520,519,-1,521,519,522,-1,522,519,518,-1,522,518,523,-1,523,518,517,-1,523,517,524,-1,524,517,516,-1,524,516,525,-1,525,516,515,-1,525,515,526,-1,526,515,514,-1,526,514,527,-1,528,529,530,-1,528,530,531,-1,531,530,532,-1,531,532,533,-1,533,532,534,-1,533,534,535,-1,535,534,536,-1,535,536,537,-1,537,536,538,-1,537,538,539,-1,539,538,540,-1,539,540,541,-1,529,542,530,-1,530,542,543,-1,530,543,532,-1,532,543,544,-1,532,544,534,-1,534,544,545,-1,534,545,536,-1,536,545,546,-1,536,546,538,-1,538,546,547,-1,538,547,540,-1,540,547,548,-1,542,549,543,-1,543,549,550,-1,543,550,544,-1,544,550,551,-1,544,551,545,-1,545,551,552,-1,545,552,546,-1,546,552,553,-1,546,553,547,-1,547,553,554,-1,547,554,548,-1,548,554,555,-1,549,556,550,-1,550,556,557,-1,550,557,551,-1,551,557,558,-1,551,558,552,-1,552,558,559,-1,552,559,553,-1,553,559,560,-1,553,560,554,-1,554,560,561,-1,554,561,555,-1,555,561,562,-1,556,563,557,-1,557,563,564,-1,557,564,558,-1,558,564,565,-1,558,565,559,-1,559,565,566,-1,559,566,560,-1,560,566,567,-1,560,567,561,-1,561,567,568,-1,561,568,562,-1,562,568,569,-1,563,570,564,-1,564,570,571,-1,564,571,565,-1,565,571,572,-1,565,572,566,-1,566,572,573,-1,566,573,567,-1,567,573,574,-1,567,574,568,-1,568,574,575,-1,568,575,569,-1,569,575,576,-1,570,577,571,-1,571,577,578,-1,571,578,572,-1,572,578,579,-1,572,579,573,-1,573,579,580,-1,573,580,574,-1,574,580,581,-1,574,581,575,-1,575,581,582,-1,575,582,576,-1,576,582,583,-1,33,583,582,-1,33,582,34,-1,34,582,581,-1,34,581,43,-1,43,581,580,-1,43,580,44,-1,44,580,579,-1,44,579,45,-1,45,579,578,-1,45,578,46,-1,46,578,577,-1,46,577,47,-1,145,584,585,-1,145,585,146,-1,146,585,586,-1,146,586,155,-1,155,586,587,-1,155,587,156,-1,156,587,588,-1,156,588,157,-1,157,588,589,-1,157,589,158,-1,158,589,590,-1,158,590,159,-1,591,592,593,-1,593,592,594,-1,593,594,595,-1,595,594,596,-1,595,596,597,-1,597,596,598,-1,597,598,599,-1,599,598,600,-1,599,600,601,-1,601,600,602,-1,601,602,603,-1,603,602,604,-1,592,605,594,-1,594,605,606,-1,594,606,596,-1,596,606,607,-1,596,607,598,-1,598,607,608,-1,598,608,600,-1,600,608,609,-1,600,609,602,-1,602,609,610,-1,602,610,604,-1,604,610,611,-1,605,612,606,-1,606,612,613,-1,606,613,607,-1,607,613,614,-1,607,614,608,-1,608,614,615,-1,608,615,609,-1,609,615,616,-1,609,616,610,-1,610,616,617,-1,610,617,611,-1,611,617,618,-1,612,619,613,-1,613,619,620,-1,613,620,614,-1,614,620,621,-1,614,621,615,-1,615,621,622,-1,615,622,616,-1,616,622,623,-1,616,623,617,-1,617,623,624,-1,617,624,618,-1,618,624,625,-1,619,626,620,-1,620,626,627,-1,620,627,621,-1,621,627,628,-1,621,628,622,-1,622,628,629,-1,622,629,623,-1,623,629,630,-1,623,630,624,-1,624,630,631,-1,624,631,625,-1,625,631,632,-1,626,590,627,-1,627,590,589,-1,627,589,628,-1,628,589,588,-1,628,588,629,-1,629,588,587,-1,629,587,630,-1,630,587,586,-1,630,586,631,-1,631,586,585,-1,631,585,632,-1,632,585,584,-1,633,591,593,-1,633,593,634,-1,634,593,595,-1,634,595,635,-1,635,595,597,-1,635,597,636,-1,636,597,599,-1,636,599,637,-1,637,599,601,-1,637,601,638,-1,638,601,603,-1,638,603,639,-1,640,58,56,-1,640,56,641,-1,641,56,55,-1,641,55,642,-1,642,55,54,-1,642,54,643,-1,643,54,53,-1,643,53,644,-1,644,53,52,-1,644,52,645,-1,645,52,51,-1,645,51,646,-1,646,647,645,-1,645,647,648,-1,645,648,644,-1,644,648,649,-1,644,649,643,-1,643,649,650,-1,643,650,642,-1,642,650,651,-1,642,651,641,-1,641,651,652,-1,641,652,640,-1,640,652,653,-1,647,654,648,-1,648,654,655,-1,648,655,649,-1,649,655,656,-1,649,656,650,-1,650,656,657,-1,650,657,651,-1,651,657,658,-1,651,658,652,-1,652,658,659,-1,652,659,653,-1,653,659,660,-1,654,661,655,-1,655,661,662,-1,655,662,656,-1,656,662,663,-1,656,663,657,-1,657,663,664,-1,657,664,658,-1,658,664,665,-1,658,665,659,-1,659,665,666,-1,659,666,660,-1,660,666,667,-1,661,668,662,-1,662,668,669,-1,662,669,663,-1,663,669,670,-1,663,670,664,-1,664,670,671,-1,664,671,665,-1,665,671,672,-1,665,672,666,-1,666,672,673,-1,666,673,667,-1,667,673,674,-1,668,675,669,-1,669,675,676,-1,669,676,670,-1,670,676,677,-1,670,677,671,-1,671,677,678,-1,671,678,672,-1,672,678,679,-1,672,679,673,-1,673,679,680,-1,673,680,674,-1,674,680,681,-1,675,682,676,-1,676,682,683,-1,676,683,677,-1,677,683,684,-1,677,684,678,-1,678,684,685,-1,678,685,679,-1,679,685,686,-1,679,686,680,-1,680,686,687,-1,680,687,681,-1,681,687,688,-1,689,688,687,-1,689,687,690,-1,690,687,686,-1,690,686,691,-1,691,686,685,-1,691,685,692,-1,692,685,684,-1,692,684,693,-1,693,684,683,-1,693,683,694,-1,694,683,682,-1,694,682,695,-1,696,99,101,-1,696,101,697,-1,697,101,106,-1,697,106,698,-1,698,106,105,-1,698,105,699,-1,699,105,102,-1,699,102,700,-1,700,102,103,-1,700,103,701,-1,701,103,104,-1,701,104,702,-1,702,703,701,-1,701,703,704,-1,701,704,700,-1,700,704,705,-1,700,705,699,-1,699,705,706,-1,699,706,698,-1,698,706,707,-1,698,707,697,-1,697,707,708,-1,697,708,696,-1,696,708,709,-1,703,710,704,-1,704,710,711,-1,704,711,705,-1,705,711,712,-1,705,712,706,-1,706,712,713,-1,706,713,707,-1,707,713,714,-1,707,714,708,-1,708,714,715,-1,708,715,709,-1,709,715,716,-1,710,717,711,-1,711,717,718,-1,711,718,712,-1,712,718,719,-1,712,719,713,-1,713,719,720,-1,713,720,714,-1,714,720,721,-1,714,721,715,-1,715,721,722,-1,715,722,716,-1,716,722,723,-1,717,724,718,-1,718,724,725,-1,718,725,719,-1,719,725,726,-1,719,726,720,-1,720,726,727,-1,720,727,721,-1,721,727,728,-1,721,728,722,-1,722,728,729,-1,722,729,723,-1,723,729,730,-1,724,731,725,-1,725,731,732,-1,725,732,726,-1,726,732,733,-1,726,733,727,-1,727,733,734,-1,727,734,728,-1,728,734,735,-1,728,735,729,-1,729,735,736,-1,729,736,730,-1,730,736,737,-1,731,738,732,-1,732,738,739,-1,732,739,733,-1,733,739,740,-1,733,740,734,-1,734,740,741,-1,734,741,735,-1,735,741,742,-1,735,742,736,-1,736,742,743,-1,736,743,737,-1,737,743,744,-1,745,744,743,-1,745,743,746,-1,746,743,742,-1,746,742,747,-1,747,742,741,-1,747,741,748,-1,748,741,740,-1,748,740,749,-1,749,740,739,-1,749,739,750,-1,750,739,738,-1,750,738,751,-1,752,753,754,-1,752,754,755,-1,755,754,756,-1,755,756,757,-1,757,756,758,-1,757,758,759,-1,759,758,760,-1,759,760,761,-1,761,760,762,-1,761,762,763,-1,763,762,764,-1,763,764,765,-1,753,766,754,-1,754,766,767,-1,754,767,756,-1,756,767,768,-1,756,768,758,-1,758,768,769,-1,758,769,760,-1,760,769,770,-1,760,770,762,-1,762,770,771,-1,762,771,764,-1,764,771,772,-1,766,773,767,-1,767,773,774,-1,767,774,768,-1,768,774,775,-1,768,775,769,-1,769,775,776,-1,769,776,770,-1,770,776,777,-1,770,777,771,-1,771,777,778,-1,771,778,772,-1,772,778,779,-1,773,780,774,-1,774,780,781,-1,774,781,775,-1,775,781,782,-1,775,782,776,-1,776,782,783,-1,776,783,777,-1,777,783,784,-1,777,784,778,-1,778,784,785,-1,778,785,779,-1,779,785,786,-1,780,787,781,-1,781,787,788,-1,781,788,782,-1,782,788,789,-1,782,789,783,-1,783,789,790,-1,783,790,784,-1,784,790,791,-1,784,791,785,-1,785,791,792,-1,785,792,786,-1,786,792,793,-1,787,794,788,-1,788,794,795,-1,788,795,789,-1,789,795,796,-1,789,796,790,-1,790,796,797,-1,790,797,791,-1,791,797,798,-1,791,798,792,-1,792,798,799,-1,792,799,793,-1,793,799,800,-1,794,801,795,-1,795,801,802,-1,795,802,796,-1,796,802,803,-1,796,803,797,-1,797,803,804,-1,797,804,798,-1,798,804,805,-1,798,805,799,-1,799,805,806,-1,799,806,800,-1,800,806,807,-1,49,807,806,-1,49,806,50,-1,50,806,805,-1,50,805,59,-1,59,805,804,-1,59,804,60,-1,60,804,803,-1,60,803,61,-1,61,803,802,-1,61,802,62,-1,62,802,801,-1,62,801,63,-1,97,808,809,-1,97,809,98,-1,98,809,810,-1,98,810,107,-1,107,810,811,-1,107,811,108,-1,108,811,812,-1,108,812,109,-1,109,812,813,-1,109,813,110,-1,110,813,814,-1,110,814,111,-1,815,816,817,-1,817,816,818,-1,817,818,819,-1,819,818,820,-1,819,820,821,-1,821,820,822,-1,821,822,823,-1,823,822,824,-1,823,824,825,-1,825,824,826,-1,825,826,827,-1,827,826,828,-1,816,829,818,-1,818,829,830,-1,818,830,820,-1,820,830,831,-1,820,831,822,-1,822,831,832,-1,822,832,824,-1,824,832,833,-1,824,833,826,-1,826,833,834,-1,826,834,828,-1,828,834,835,-1,829,836,830,-1,830,836,837,-1,830,837,831,-1,831,837,838,-1,831,838,832,-1,832,838,839,-1,832,839,833,-1,833,839,840,-1,833,840,834,-1,834,840,841,-1,834,841,835,-1,835,841,842,-1,836,843,837,-1,837,843,844,-1,837,844,838,-1,838,844,845,-1,838,845,839,-1,839,845,846,-1,839,846,840,-1,840,846,847,-1,840,847,841,-1,841,847,848,-1,841,848,842,-1,842,848,849,-1,843,850,844,-1,844,850,851,-1,844,851,845,-1,845,851,852,-1,845,852,846,-1,846,852,853,-1,846,853,847,-1,847,853,854,-1,847,854,848,-1,848,854,855,-1,848,855,849,-1,849,855,856,-1,850,814,851,-1,851,814,813,-1,851,813,852,-1,852,813,812,-1,852,812,853,-1,853,812,811,-1,853,811,854,-1,854,811,810,-1,854,810,855,-1,855,810,809,-1,855,809,856,-1,856,809,808,-1,857,815,817,-1,857,817,858,-1,858,817,819,-1,858,819,859,-1,859,819,821,-1,859,821,860,-1,860,821,823,-1,860,823,861,-1,861,823,825,-1,861,825,862,-1,862,825,827,-1,862,827,863,-1,864,10,8,-1,864,8,865,-1,865,8,7,-1,865,7,866,-1,866,7,6,-1,866,6,867,-1,867,6,5,-1,867,5,868,-1,868,5,3,-1,868,3,869,-1,869,3,2,-1,869,2,870,-1,870,871,869,-1,869,871,872,-1,869,872,868,-1,868,872,873,-1,868,873,867,-1,867,873,874,-1,867,874,866,-1,866,874,875,-1,866,875,865,-1,865,875,876,-1,865,876,864,-1,864,876,877,-1,871,878,872,-1,872,878,879,-1,872,879,873,-1,873,879,880,-1,873,880,874,-1,874,880,881,-1,874,881,875,-1,875,881,882,-1,875,882,876,-1,876,882,883,-1,876,883,877,-1,877,883,884,-1,878,885,879,-1,879,885,886,-1,879,886,880,-1,880,886,887,-1,880,887,881,-1,881,887,888,-1,881,888,882,-1,882,888,889,-1,882,889,883,-1,883,889,890,-1,883,890,884,-1,884,890,891,-1,885,892,886,-1,886,892,893,-1,886,893,887,-1,887,893,894,-1,887,894,888,-1,888,894,895,-1,888,895,889,-1,889,895,896,-1,889,896,890,-1,890,896,897,-1,890,897,891,-1,891,897,898,-1,892,899,893,-1,893,899,900,-1,893,900,894,-1,894,900,901,-1,894,901,895,-1,895,901,902,-1,895,902,896,-1,896,902,903,-1,896,903,897,-1,897,903,904,-1,897,904,898,-1,898,904,905,-1,899,906,900,-1,900,906,907,-1,900,907,901,-1,901,907,908,-1,901,908,902,-1,902,908,909,-1,902,909,903,-1,903,909,910,-1,903,910,904,-1,904,910,911,-1,904,911,905,-1,905,911,912,-1,913,912,911,-1,913,911,914,-1,914,911,910,-1,914,910,915,-1,915,910,909,-1,915,909,916,-1,916,909,908,-1,916,908,917,-1,917,908,907,-1,917,907,918,-1,918,907,906,-1,918,906,919,-1,920,122,120,-1,920,120,921,-1,921,120,119,-1,921,119,922,-1,922,119,118,-1,922,118,923,-1,923,118,117,-1,923,117,924,-1,924,117,116,-1,924,116,925,-1,925,116,115,-1,925,115,926,-1,926,927,925,-1,925,927,928,-1,925,928,924,-1,924,928,929,-1,924,929,923,-1,923,929,930,-1,923,930,922,-1,922,930,931,-1,922,931,921,-1,921,931,932,-1,921,932,920,-1,920,932,933,-1,927,934,928,-1,928,934,935,-1,928,935,929,-1,929,935,936,-1,929,936,930,-1,930,936,937,-1,930,937,931,-1,931,937,938,-1,931,938,932,-1,932,938,939,-1,932,939,933,-1,933,939,940,-1,934,941,935,-1,935,941,942,-1,935,942,936,-1,936,942,943,-1,936,943,937,-1,937,943,944,-1,937,944,938,-1,938,944,945,-1,938,945,939,-1,939,945,946,-1,939,946,940,-1,940,946,947,-1,941,948,942,-1,942,948,949,-1,942,949,943,-1,943,949,950,-1,943,950,944,-1,944,950,951,-1,944,951,945,-1,945,951,952,-1,945,952,946,-1,946,952,953,-1,946,953,947,-1,947,953,954,-1,948,955,949,-1,949,955,956,-1,949,956,950,-1,950,956,957,-1,950,957,951,-1,951,957,958,-1,951,958,952,-1,952,958,959,-1,952,959,953,-1,953,959,960,-1,953,960,954,-1,954,960,961,-1,955,962,956,-1,956,962,963,-1,956,963,957,-1,957,963,964,-1,957,964,958,-1,958,964,965,-1,958,965,959,-1,959,965,966,-1,959,966,960,-1,960,966,967,-1,960,967,961,-1,961,967,968,-1,969,968,967,-1,969,967,970,-1,970,967,966,-1,970,966,971,-1,971,966,965,-1,971,965,972,-1,972,965,964,-1,972,964,973,-1,973,964,963,-1,973,963,974,-1,974,963,962,-1,974,962,975,-1,976,977,978,-1,976,978,979,-1,979,978,980,-1,979,980,981,-1,981,980,982,-1,981,982,983,-1,983,982,984,-1,983,984,985,-1,985,984,986,-1,985,986,987,-1,987,986,988,-1,987,988,989,-1,977,990,978,-1,978,990,991,-1,978,991,980,-1,980,991,992,-1,980,992,982,-1,982,992,993,-1,982,993,984,-1,984,993,994,-1,984,994,986,-1,986,994,995,-1,986,995,988,-1,988,995,996,-1,990,997,991,-1,991,997,998,-1,991,998,992,-1,992,998,999,-1,992,999,993,-1,993,999,1000,-1,993,1000,994,-1,994,1000,1001,-1,994,1001,995,-1,995,1001,1002,-1,995,1002,996,-1,996,1002,1003,-1,997,1004,998,-1,998,1004,1005,-1,998,1005,999,-1,999,1005,1006,-1,999,1006,1000,-1,1000,1006,1007,-1,1000,1007,1001,-1,1001,1007,1008,-1,1001,1008,1002,-1,1002,1008,1009,-1,1002,1009,1003,-1,1003,1009,1010,-1,1004,1011,1005,-1,1005,1011,1012,-1,1005,1012,1006,-1,1006,1012,1013,-1,1006,1013,1007,-1,1007,1013,1014,-1,1007,1014,1008,-1,1008,1014,1015,-1,1008,1015,1009,-1,1009,1015,1016,-1,1009,1016,1010,-1,1010,1016,1017,-1,1011,1018,1012,-1,1012,1018,1019,-1,1012,1019,1013,-1,1013,1019,1020,-1,1013,1020,1014,-1,1014,1020,1021,-1,1014,1021,1015,-1,1015,1021,1022,-1,1015,1022,1016,-1,1016,1022,1023,-1,1016,1023,1017,-1,1017,1023,1024,-1,1018,1025,1019,-1,1019,1025,1026,-1,1019,1026,1020,-1,1020,1026,1027,-1,1020,1027,1021,-1,1021,1027,1028,-1,1021,1028,1022,-1,1022,1028,1029,-1,1022,1029,1023,-1,1023,1029,1030,-1,1023,1030,1024,-1,1024,1030,1031,-1,12,1031,1030,-1,12,1030,11,-1,11,1030,1029,-1,11,1029,0,-1,0,1029,1028,-1,0,1028,1,-1,1,1028,1027,-1,1,1027,13,-1,13,1027,1026,-1,13,1026,14,-1,14,1026,1025,-1,14,1025,15,-1,113,1032,1033,-1,113,1033,114,-1,114,1033,1034,-1,114,1034,123,-1,123,1034,1035,-1,123,1035,124,-1,124,1035,1036,-1,124,1036,125,-1,125,1036,1037,-1,125,1037,126,-1,126,1037,1038,-1,126,1038,127,-1,1039,1040,1041,-1,1041,1040,1042,-1,1041,1042,1043,-1,1043,1042,1044,-1,1043,1044,1045,-1,1045,1044,1046,-1,1045,1046,1047,-1,1047,1046,1048,-1,1047,1048,1049,-1,1049,1048,1050,-1,1049,1050,1051,-1,1051,1050,1052,-1,1040,1053,1042,-1,1042,1053,1054,-1,1042,1054,1044,-1,1044,1054,1055,-1,1044,1055,1046,-1,1046,1055,1056,-1,1046,1056,1048,-1,1048,1056,1057,-1,1048,1057,1050,-1,1050,1057,1058,-1,1050,1058,1052,-1,1052,1058,1059,-1,1053,1060,1054,-1,1054,1060,1061,-1,1054,1061,1055,-1,1055,1061,1062,-1,1055,1062,1056,-1,1056,1062,1063,-1,1056,1063,1057,-1,1057,1063,1064,-1,1057,1064,1058,-1,1058,1064,1065,-1,1058,1065,1059,-1,1059,1065,1066,-1,1060,1067,1061,-1,1061,1067,1068,-1,1061,1068,1062,-1,1062,1068,1069,-1,1062,1069,1063,-1,1063,1069,1070,-1,1063,1070,1064,-1,1064,1070,1071,-1,1064,1071,1065,-1,1065,1071,1072,-1,1065,1072,1066,-1,1066,1072,1073,-1,1067,1074,1068,-1,1068,1074,1075,-1,1068,1075,1069,-1,1069,1075,1076,-1,1069,1076,1070,-1,1070,1076,1077,-1,1070,1077,1071,-1,1071,1077,1078,-1,1071,1078,1072,-1,1072,1078,1079,-1,1072,1079,1073,-1,1073,1079,1080,-1,1074,1038,1075,-1,1075,1038,1037,-1,1075,1037,1076,-1,1076,1037,1036,-1,1076,1036,1077,-1,1077,1036,1035,-1,1077,1035,1078,-1,1078,1035,1034,-1,1078,1034,1079,-1,1079,1034,1033,-1,1079,1033,1080,-1,1080,1033,1032,-1,1081,1039,1041,-1,1081,1041,1082,-1,1082,1041,1043,-1,1082,1043,1083,-1,1083,1043,1045,-1,1083,1045,1084,-1,1084,1045,1047,-1,1084,1047,1085,-1,1085,1047,1049,-1,1085,1049,1086,-1,1086,1049,1051,-1,1086,1051,1087,-1,1088,26,24,-1,1088,24,1089,-1,1089,24,23,-1,1089,23,1090,-1,1090,23,22,-1,1090,22,1091,-1,1091,22,21,-1,1091,21,1092,-1,1092,21,19,-1,1092,19,1093,-1,1093,19,18,-1,1093,18,1094,-1,1094,1095,1093,-1,1093,1095,1096,-1,1093,1096,1092,-1,1092,1096,1097,-1,1092,1097,1091,-1,1091,1097,1098,-1,1091,1098,1090,-1,1090,1098,1099,-1,1090,1099,1089,-1,1089,1099,1100,-1,1089,1100,1088,-1,1088,1100,1101,-1,1095,1102,1096,-1,1096,1102,1103,-1,1096,1103,1097,-1,1097,1103,1104,-1,1097,1104,1098,-1,1098,1104,1105,-1,1098,1105,1099,-1,1099,1105,1106,-1,1099,1106,1100,-1,1100,1106,1107,-1,1100,1107,1101,-1,1101,1107,1108,-1,1102,1109,1103,-1,1103,1109,1110,-1,1103,1110,1104,-1,1104,1110,1111,-1,1104,1111,1105,-1,1105,1111,1112,-1,1105,1112,1106,-1,1106,1112,1113,-1,1106,1113,1107,-1,1107,1113,1114,-1,1107,1114,1108,-1,1108,1114,1115,-1,1109,1116,1110,-1,1110,1116,1117,-1,1110,1117,1111,-1,1111,1117,1118,-1,1111,1118,1112,-1,1112,1118,1119,-1,1112,1119,1113,-1,1113,1119,1120,-1,1113,1120,1114,-1,1114,1120,1121,-1,1114,1121,1115,-1,1115,1121,1122,-1,1116,1123,1117,-1,1117,1123,1124,-1,1117,1124,1118,-1,1118,1124,1125,-1,1118,1125,1119,-1,1119,1125,1126,-1,1119,1126,1120,-1,1120,1126,1127,-1,1120,1127,1121,-1,1121,1127,1128,-1,1121,1128,1122,-1,1122,1128,1129,-1,1123,1130,1124,-1,1124,1130,1131,-1,1124,1131,1125,-1,1125,1131,1132,-1,1125,1132,1126,-1,1126,1132,1133,-1,1126,1133,1127,-1,1127,1133,1134,-1,1127,1134,1128,-1,1128,1134,1135,-1,1128,1135,1129,-1,1129,1135,1136,-1,1137,1136,1135,-1,1137,1135,1138,-1,1138,1135,1134,-1,1138,1134,1139,-1,1139,1134,1133,-1,1139,1133,1140,-1,1140,1133,1132,-1,1140,1132,1141,-1,1141,1132,1131,-1,1141,1131,1142,-1,1142,1131,1130,-1,1142,1130,1143,-1,1144,186,184,-1,1144,184,1145,-1,1145,184,183,-1,1145,183,1146,-1,1146,183,182,-1,1146,182,1147,-1,1147,182,181,-1,1147,181,1148,-1,1148,181,180,-1,1148,180,1149,-1,1149,180,179,-1,1149,179,1150,-1,1150,1151,1149,-1,1149,1151,1152,-1,1149,1152,1148,-1,1148,1152,1153,-1,1148,1153,1147,-1,1147,1153,1154,-1,1147,1154,1146,-1,1146,1154,1155,-1,1146,1155,1145,-1,1145,1155,1156,-1,1145,1156,1144,-1,1144,1156,1157,-1,1151,1158,1152,-1,1152,1158,1159,-1,1152,1159,1153,-1,1153,1159,1160,-1,1153,1160,1154,-1,1154,1160,1161,-1,1154,1161,1155,-1,1155,1161,1162,-1,1155,1162,1156,-1,1156,1162,1163,-1,1156,1163,1157,-1,1157,1163,1164,-1,1158,1165,1159,-1,1159,1165,1166,-1,1159,1166,1160,-1,1160,1166,1167,-1,1160,1167,1161,-1,1161,1167,1168,-1,1161,1168,1162,-1,1162,1168,1169,-1,1162,1169,1163,-1,1163,1169,1170,-1,1163,1170,1164,-1,1164,1170,1171,-1,1165,1172,1166,-1,1166,1172,1173,-1,1166,1173,1167,-1,1167,1173,1174,-1,1167,1174,1168,-1,1168,1174,1175,-1,1168,1175,1169,-1,1169,1175,1176,-1,1169,1176,1170,-1,1170,1176,1177,-1,1170,1177,1171,-1,1171,1177,1178,-1,1172,1179,1173,-1,1173,1179,1180,-1,1173,1180,1174,-1,1174,1180,1181,-1,1174,1181,1175,-1,1175,1181,1182,-1,1175,1182,1176,-1,1176,1182,1183,-1,1176,1183,1177,-1,1177,1183,1184,-1,1177,1184,1178,-1,1178,1184,1185,-1,1179,1186,1180,-1,1180,1186,1187,-1,1180,1187,1181,-1,1181,1187,1188,-1,1181,1188,1182,-1,1182,1188,1189,-1,1182,1189,1183,-1,1183,1189,1190,-1,1183,1190,1184,-1,1184,1190,1191,-1,1184,1191,1185,-1,1185,1191,1192,-1,1193,1192,1191,-1,1193,1191,1194,-1,1194,1191,1190,-1,1194,1190,1195,-1,1195,1190,1189,-1,1195,1189,1196,-1,1196,1189,1188,-1,1196,1188,1197,-1,1197,1188,1187,-1,1197,1187,1198,-1,1198,1187,1186,-1,1198,1186,1199,-1,1200,1201,1202,-1,1200,1202,1203,-1,1203,1202,1204,-1,1203,1204,1205,-1,1205,1204,1206,-1,1205,1206,1207,-1,1207,1206,1208,-1,1207,1208,1209,-1,1209,1208,1210,-1,1209,1210,1211,-1,1211,1210,1212,-1,1211,1212,1213,-1,1201,1214,1202,-1,1202,1214,1215,-1,1202,1215,1204,-1,1204,1215,1216,-1,1204,1216,1206,-1,1206,1216,1217,-1,1206,1217,1208,-1,1208,1217,1218,-1,1208,1218,1210,-1,1210,1218,1219,-1,1210,1219,1212,-1,1212,1219,1220,-1,1214,1221,1215,-1,1215,1221,1222,-1,1215,1222,1216,-1,1216,1222,1223,-1,1216,1223,1217,-1,1217,1223,1224,-1,1217,1224,1218,-1,1218,1224,1225,-1,1218,1225,1219,-1,1219,1225,1226,-1,1219,1226,1220,-1,1220,1226,1227,-1,1221,1228,1222,-1,1222,1228,1229,-1,1222,1229,1223,-1,1223,1229,1230,-1,1223,1230,1224,-1,1224,1230,1231,-1,1224,1231,1225,-1,1225,1231,1232,-1,1225,1232,1226,-1,1226,1232,1233,-1,1226,1233,1227,-1,1227,1233,1234,-1,1228,1235,1229,-1,1229,1235,1236,-1,1229,1236,1230,-1,1230,1236,1237,-1,1230,1237,1231,-1,1231,1237,1238,-1,1231,1238,1232,-1,1232,1238,1239,-1,1232,1239,1233,-1,1233,1239,1240,-1,1233,1240,1234,-1,1234,1240,1241,-1,1235,1242,1236,-1,1236,1242,1243,-1,1236,1243,1237,-1,1237,1243,1244,-1,1237,1244,1238,-1,1238,1244,1245,-1,1238,1245,1239,-1,1239,1245,1246,-1,1239,1246,1240,-1,1240,1246,1247,-1,1240,1247,1241,-1,1241,1247,1248,-1,1242,1249,1243,-1,1243,1249,1250,-1,1243,1250,1244,-1,1244,1250,1251,-1,1244,1251,1245,-1,1245,1251,1252,-1,1245,1252,1246,-1,1246,1252,1253,-1,1246,1253,1247,-1,1247,1253,1254,-1,1247,1254,1248,-1,1248,1254,1255,-1,28,1255,1254,-1,28,1254,27,-1,27,1254,1253,-1,27,1253,16,-1,16,1253,1252,-1,16,1252,17,-1,17,1252,1251,-1,17,1251,29,-1,29,1251,1250,-1,29,1250,30,-1,30,1250,1249,-1,30,1249,31,-1,177,1256,1257,-1,177,1257,178,-1,178,1257,1258,-1,178,1258,187,-1,187,1258,1259,-1,187,1259,188,-1,188,1259,1260,-1,188,1260,189,-1,189,1260,1261,-1,189,1261,190,-1,190,1261,1262,-1,190,1262,191,-1,1263,1264,1265,-1,1265,1264,1266,-1,1265,1266,1267,-1,1267,1266,1268,-1,1267,1268,1269,-1,1269,1268,1270,-1,1269,1270,1271,-1,1271,1270,1272,-1,1271,1272,1273,-1,1273,1272,1274,-1,1273,1274,1275,-1,1275,1274,1276,-1,1264,1277,1266,-1,1266,1277,1278,-1,1266,1278,1268,-1,1268,1278,1279,-1,1268,1279,1270,-1,1270,1279,1280,-1,1270,1280,1272,-1,1272,1280,1281,-1,1272,1281,1274,-1,1274,1281,1282,-1,1274,1282,1276,-1,1276,1282,1283,-1,1277,1284,1278,-1,1278,1284,1285,-1,1278,1285,1279,-1,1279,1285,1286,-1,1279,1286,1280,-1,1280,1286,1287,-1,1280,1287,1281,-1,1281,1287,1288,-1,1281,1288,1282,-1,1282,1288,1289,-1,1282,1289,1283,-1,1283,1289,1290,-1,1284,1291,1285,-1,1285,1291,1292,-1,1285,1292,1286,-1,1286,1292,1293,-1,1286,1293,1287,-1,1287,1293,1294,-1,1287,1294,1288,-1,1288,1294,1295,-1,1288,1295,1289,-1,1289,1295,1296,-1,1289,1296,1290,-1,1290,1296,1297,-1,1291,1298,1292,-1,1292,1298,1299,-1,1292,1299,1293,-1,1293,1299,1300,-1,1293,1300,1294,-1,1294,1300,1301,-1,1294,1301,1295,-1,1295,1301,1302,-1,1295,1302,1296,-1,1296,1302,1303,-1,1296,1303,1297,-1,1297,1303,1304,-1,1298,1262,1299,-1,1299,1262,1261,-1,1299,1261,1300,-1,1300,1261,1260,-1,1300,1260,1301,-1,1301,1260,1259,-1,1301,1259,1302,-1,1302,1259,1258,-1,1302,1258,1303,-1,1303,1258,1257,-1,1303,1257,1304,-1,1304,1257,1256,-1,1305,1263,1265,-1,1305,1265,1306,-1,1306,1265,1267,-1,1306,1267,1307,-1,1307,1267,1269,-1,1307,1269,1308,-1,1308,1269,1271,-1,1308,1271,1309,-1,1309,1271,1273,-1,1309,1273,1310,-1,1310,1273,1275,-1,1310,1275,1311,-1,1312,74,72,-1,1312,72,1313,-1,1313,72,71,-1,1313,71,1314,-1,1314,71,70,-1,1314,70,1315,-1,1315,70,69,-1,1315,69,1316,-1,1316,69,67,-1,1316,67,1317,-1,1317,67,66,-1,1317,66,1318,-1,1318,1319,1317,-1,1317,1319,1320,-1,1317,1320,1316,-1,1316,1320,1321,-1,1316,1321,1315,-1,1315,1321,1322,-1,1315,1322,1314,-1,1314,1322,1323,-1,1314,1323,1313,-1,1313,1323,1324,-1,1313,1324,1312,-1,1312,1324,1325,-1,1319,1326,1320,-1,1320,1326,1327,-1,1320,1327,1321,-1,1321,1327,1328,-1,1321,1328,1322,-1,1322,1328,1329,-1,1322,1329,1323,-1,1323,1329,1330,-1,1323,1330,1324,-1,1324,1330,1331,-1,1324,1331,1325,-1,1325,1331,1332,-1,1326,1333,1327,-1,1327,1333,1334,-1,1327,1334,1328,-1,1328,1334,1335,-1,1328,1335,1329,-1,1329,1335,1336,-1,1329,1336,1330,-1,1330,1336,1337,-1,1330,1337,1331,-1,1331,1337,1338,-1,1331,1338,1332,-1,1332,1338,1339,-1,1333,1340,1334,-1,1334,1340,1341,-1,1334,1341,1335,-1,1335,1341,1342,-1,1335,1342,1336,-1,1336,1342,1343,-1,1336,1343,1337,-1,1337,1343,1344,-1,1337,1344,1338,-1,1338,1344,1345,-1,1338,1345,1339,-1,1339,1345,1346,-1,1340,1347,1341,-1,1341,1347,1348,-1,1341,1348,1342,-1,1342,1348,1349,-1,1342,1349,1343,-1,1343,1349,1350,-1,1343,1350,1344,-1,1344,1350,1351,-1,1344,1351,1345,-1,1345,1351,1352,-1,1345,1352,1346,-1,1346,1352,1353,-1,1347,1354,1348,-1,1348,1354,1355,-1,1348,1355,1349,-1,1349,1355,1356,-1,1349,1356,1350,-1,1350,1356,1357,-1,1350,1357,1351,-1,1351,1357,1358,-1,1351,1358,1352,-1,1352,1358,1359,-1,1352,1359,1353,-1,1353,1359,1360,-1,1361,1360,1359,-1,1361,1359,1362,-1,1362,1359,1358,-1,1362,1358,1363,-1,1363,1358,1357,-1,1363,1357,1364,-1,1364,1357,1356,-1,1364,1356,1365,-1,1365,1356,1355,-1,1365,1355,1366,-1,1366,1355,1354,-1,1366,1354,1367,-1,1368,170,168,-1,1368,168,1369,-1,1369,168,167,-1,1369,167,1370,-1,1370,167,166,-1,1370,166,1371,-1,1371,166,165,-1,1371,165,1372,-1,1372,165,163,-1,1372,163,1373,-1,1373,163,162,-1,1373,162,1374,-1,1374,1375,1373,-1,1373,1375,1376,-1,1373,1376,1372,-1,1372,1376,1377,-1,1372,1377,1371,-1,1371,1377,1378,-1,1371,1378,1370,-1,1370,1378,1379,-1,1370,1379,1369,-1,1369,1379,1380,-1,1369,1380,1368,-1,1368,1380,1381,-1,1375,1382,1376,-1,1376,1382,1383,-1,1376,1383,1377,-1,1377,1383,1384,-1,1377,1384,1378,-1,1378,1384,1385,-1,1378,1385,1379,-1,1379,1385,1386,-1,1379,1386,1380,-1,1380,1386,1387,-1,1380,1387,1381,-1,1381,1387,1388,-1,1382,1389,1383,-1,1383,1389,1390,-1,1383,1390,1384,-1,1384,1390,1391,-1,1384,1391,1385,-1,1385,1391,1392,-1,1385,1392,1386,-1,1386,1392,1393,-1,1386,1393,1387,-1,1387,1393,1394,-1,1387,1394,1388,-1,1388,1394,1395,-1,1389,1396,1390,-1,1390,1396,1397,-1,1390,1397,1391,-1,1391,1397,1398,-1,1391,1398,1392,-1,1392,1398,1399,-1,1392,1399,1393,-1,1393,1399,1400,-1,1393,1400,1394,-1,1394,1400,1401,-1,1394,1401,1395,-1,1395,1401,1402,-1,1396,1403,1397,-1,1397,1403,1404,-1,1397,1404,1398,-1,1398,1404,1405,-1,1398,1405,1399,-1,1399,1405,1406,-1,1399,1406,1400,-1,1400,1406,1407,-1,1400,1407,1401,-1,1401,1407,1408,-1,1401,1408,1402,-1,1402,1408,1409,-1,1403,1410,1404,-1,1404,1410,1411,-1,1404,1411,1405,-1,1405,1411,1412,-1,1405,1412,1406,-1,1406,1412,1413,-1,1406,1413,1407,-1,1407,1413,1414,-1,1407,1414,1408,-1,1408,1414,1415,-1,1408,1415,1409,-1,1409,1415,1416,-1,1417,1416,1415,-1,1417,1415,1418,-1,1418,1415,1414,-1,1418,1414,1419,-1,1419,1414,1413,-1,1419,1413,1420,-1,1420,1413,1412,-1,1420,1412,1421,-1,1421,1412,1411,-1,1421,1411,1422,-1,1422,1411,1410,-1,1422,1410,1423,-1,1424,1425,1426,-1,1424,1426,1427,-1,1427,1426,1428,-1,1427,1428,1429,-1,1429,1428,1430,-1,1429,1430,1431,-1,1431,1430,1432,-1,1431,1432,1433,-1,1433,1432,1434,-1,1433,1434,1435,-1,1435,1434,1436,-1,1435,1436,1437,-1,1425,1438,1426,-1,1426,1438,1439,-1,1426,1439,1428,-1,1428,1439,1440,-1,1428,1440,1430,-1,1430,1440,1441,-1,1430,1441,1432,-1,1432,1441,1442,-1,1432,1442,1434,-1,1434,1442,1443,-1,1434,1443,1436,-1,1436,1443,1444,-1,1438,1445,1439,-1,1439,1445,1446,-1,1439,1446,1440,-1,1440,1446,1447,-1,1440,1447,1441,-1,1441,1447,1448,-1,1441,1448,1442,-1,1442,1448,1449,-1,1442,1449,1443,-1,1443,1449,1450,-1,1443,1450,1444,-1,1444,1450,1451,-1,1445,1452,1446,-1,1446,1452,1453,-1,1446,1453,1447,-1,1447,1453,1454,-1,1447,1454,1448,-1,1448,1454,1455,-1,1448,1455,1449,-1,1449,1455,1456,-1,1449,1456,1450,-1,1450,1456,1457,-1,1450,1457,1451,-1,1451,1457,1458,-1,1452,1459,1453,-1,1453,1459,1460,-1,1453,1460,1454,-1,1454,1460,1461,-1,1454,1461,1455,-1,1455,1461,1462,-1,1455,1462,1456,-1,1456,1462,1463,-1,1456,1463,1457,-1,1457,1463,1464,-1,1457,1464,1458,-1,1458,1464,1465,-1,1459,1466,1460,-1,1460,1466,1467,-1,1460,1467,1461,-1,1461,1467,1468,-1,1461,1468,1462,-1,1462,1468,1469,-1,1462,1469,1463,-1,1463,1469,1470,-1,1463,1470,1464,-1,1464,1470,1471,-1,1464,1471,1465,-1,1465,1471,1472,-1,1466,1473,1467,-1,1467,1473,1474,-1,1467,1474,1468,-1,1468,1474,1475,-1,1468,1475,1469,-1,1469,1475,1476,-1,1469,1476,1470,-1,1470,1476,1477,-1,1470,1477,1471,-1,1471,1477,1478,-1,1471,1478,1472,-1,1472,1478,1479,-1,76,1479,1478,-1,76,1478,75,-1,75,1478,1477,-1,75,1477,64,-1,64,1477,1476,-1,64,1476,65,-1,65,1476,1475,-1,65,1475,77,-1,77,1475,1474,-1,77,1474,78,-1,78,1474,1473,-1,78,1473,79,-1,172,1480,1481,-1,172,1481,171,-1,171,1481,1482,-1,171,1482,160,-1,160,1482,1483,-1,160,1483,161,-1,161,1483,1484,-1,161,1484,173,-1,173,1484,1485,-1,173,1485,174,-1,174,1485,1486,-1,174,1486,175,-1,1487,1488,1489,-1,1489,1488,1490,-1,1489,1490,1491,-1,1491,1490,1492,-1,1491,1492,1493,-1,1493,1492,1494,-1,1493,1494,1495,-1,1495,1494,1496,-1,1495,1496,1497,-1,1497,1496,1498,-1,1497,1498,1499,-1,1499,1498,1500,-1,1488,1501,1490,-1,1490,1501,1502,-1,1490,1502,1492,-1,1492,1502,1503,-1,1492,1503,1494,-1,1494,1503,1504,-1,1494,1504,1496,-1,1496,1504,1505,-1,1496,1505,1498,-1,1498,1505,1506,-1,1498,1506,1500,-1,1500,1506,1507,-1,1501,1508,1502,-1,1502,1508,1509,-1,1502,1509,1503,-1,1503,1509,1510,-1,1503,1510,1504,-1,1504,1510,1511,-1,1504,1511,1505,-1,1505,1511,1512,-1,1505,1512,1506,-1,1506,1512,1513,-1,1506,1513,1507,-1,1507,1513,1514,-1,1508,1515,1509,-1,1509,1515,1516,-1,1509,1516,1510,-1,1510,1516,1517,-1,1510,1517,1511,-1,1511,1517,1518,-1,1511,1518,1512,-1,1512,1518,1519,-1,1512,1519,1513,-1,1513,1519,1520,-1,1513,1520,1514,-1,1514,1520,1521,-1,1515,1522,1516,-1,1516,1522,1523,-1,1516,1523,1517,-1,1517,1523,1524,-1,1517,1524,1518,-1,1518,1524,1525,-1,1518,1525,1519,-1,1519,1525,1526,-1,1519,1526,1520,-1,1520,1526,1527,-1,1520,1527,1521,-1,1521,1527,1528,-1,1522,1486,1523,-1,1523,1486,1485,-1,1523,1485,1524,-1,1524,1485,1484,-1,1524,1484,1525,-1,1525,1484,1483,-1,1525,1483,1526,-1,1526,1483,1482,-1,1526,1482,1527,-1,1527,1482,1481,-1,1527,1481,1528,-1,1528,1481,1480,-1,1529,1487,1489,-1,1529,1489,1530,-1,1530,1489,1491,-1,1530,1491,1531,-1,1531,1491,1493,-1,1531,1493,1532,-1,1532,1493,1495,-1,1532,1495,1533,-1,1533,1495,1497,-1,1533,1497,1534,-1,1534,1497,1499,-1,1534,1499,1535,-1,
        ]
    }
}
Shape{
    appearance Appearance {
        material  Material 	{
            diffuseColor 0.8313725490196079 0.6705882352941176 0.12941176470588237
            specularColor 0.6666666666666666 0.5372549019607843 0.10196078431372549
            ambientIntensity 0.657
            transparency 0.0
            shininess 0.5
        }
    }
    geometry IndexedFaceSet {
        ccw TRUE
        solid FALSE
        coord DEF co Coordinate {
            point [
                -0.2559 -0.3155 0.4645, -0.2559 -0.3248 0.4628, -0.2559 -0.3248 0.4606, -0.2559 -0.2303 0.3913, -0.2559 -0.2303 0.4011, -0.2559 -0.2343 0.4331, -0.2559 -0.2303 0.4252, -0.2559 -0.2304 0.4271, -0.2559 -0.2318 0.4358, -0.2559 -0.2352 0.4402, -0.2559 -0.2356 0.4448, -0.2559 -0.2379 0.4469, -0.2559 -0.2415 0.4526, -0.2559 -0.2423 0.4526, -0.2559 -0.2697 0.4646, -0.2559 -0.2792 0.4646, -0.2559 -0.2618 0.4606, -0.2559 -0.3016 0.4646, -0.2559 -0.313 0.4646, -0.2559 -0.2303 0.1902, -0.2559 -0.2343 0.1181, -0.2559 -0.2303 0.1181, -0.2559 -0.248 0.4569, -0.2559 -0.2491 0.4587, -0.2559 -0.2547 0.4597, -0.2559 -0.2579 0.4628, -0.2559 -0.2672 0.4645, -0.3741 -0.2579 0.4628, -0.3741 -0.2491 0.4587, -0.3741 -0.248 0.4569, -0.3741 -0.2303 0.4252, -0.3741 -0.2303 0.4011, -0.3741 -0.2343 0.4331, -0.3741 -0.2423 0.4526, -0.3741 -0.2415 0.4526, -0.3741 -0.2379 0.4469, -0.3741 -0.2356 0.4448, -0.3741 -0.2352 0.4402, -0.3741 -0.2318 0.4358, -0.3741 -0.2304 0.4271, -0.3741 -0.2303 0.3913, -0.3741 -0.2303 0.1902, -0.3741 -0.2343 0.1181, -0.3741 -0.2303 0.1181, -0.3741 -0.3248 0.4606, -0.3741 -0.3248 0.4628, -0.3741 -0.3155 0.4645, -0.3741 -0.313 0.4646, -0.3741 -0.3016 0.4646, -0.3741 -0.2618 0.4606, -0.3741 -0.2792 0.4646, -0.3741 -0.2697 0.4646, -0.3741 -0.2547 0.4597, -0.3741 -0.2672 0.4645, -0.2707 -0.3642 0.3624, -0.2559 -0.3642 0.3624, -0.2559 -0.3661 0.3623, -0.3741 -0.3661 0.3623, -0.3741 -0.3642 0.3624, -0.2559 -0.368 0.3622, -0.3741 -0.368 0.3622, -0.2707 -0.3642 0.3864, -0.3741 -0.3642 0.3864, -0.3741 -0.3662 0.3861, -0.2559 -0.3662 0.386, -0.2559 -0.3642 0.3864, -0.3741 -0.3682 0.3858, -0.2559 -0.3682 0.3858, -0.0985 -0.3155 0.4645, -0.0985 -0.3248 0.4628, -0.0985 -0.3248 0.4606, -0.0985 -0.2303 0.3913, -0.0985 -0.2303 0.4011, -0.0985 -0.2343 0.4331, -0.0985 -0.2303 0.4252, -0.0985 -0.2304 0.4271, -0.0985 -0.2318 0.4358, -0.0985 -0.2352 0.4402, -0.0985 -0.2356 0.4448, -0.0985 -0.2379 0.4469, -0.0985 -0.2415 0.4526, -0.0985 -0.2423 0.4526, -0.0985 -0.2697 0.4646, -0.0985 -0.2792 0.4646, -0.0985 -0.2618 0.4606, -0.0985 -0.3016 0.4646, -0.0985 -0.313 0.4646, -0.0985 -0.2303 0.1902, -0.0985 -0.2343 0.1181, -0.0985 -0.2303 0.1181, -0.0985 -0.248 0.4569, -0.0985 -0.2491 0.4587, -0.0985 -0.2547 0.4597, -0.0985 -0.2579 0.4628, -0.0985 -0.2672 0.4645, -0.2166 -0.2579 0.4628, -0.2166 -0.2491 0.4587, -0.2166 -0.248 0.4569, -0.2166 -0.2303 0.4252, -0.2166 -0.2303 0.4011, -0.2166 -0.2343 0.4331, -0.2166 -0.2423 0.4526, -0.2166 -0.2415 0.4526, -0.2166 -0.2379 0.4469, -0.2166 -0.2356 0.4448, -0.2166 -0.2352 0.4402, -0.2166 -0.2318 0.4358, -0.2166 -0.2304 0.4271, -0.2166 -0.2303 0.3913, -0.2166 -0.2303 0.1902, -0.2166 -0.2343 0.1181, -0.2166 -0.2303 0.1181, -0.2166 -0.3248 0.4606, -0.2166 -0.3248 0.4628, -0.2166 -0.3155 0.4645, -0.2166 -0.313 0.4646, -0.2166 -0.3016 0.4646, -0.2166 -0.2618 0.4606, -0.2166 -0.2792 0.4646, -0.2166 -0.2697 0.4646, -0.2166 -0.2547 0.4597, -0.2166 -0.2672 0.4645, -0.1132 -0.3642 0.3624, -0.0985 -0.3642 0.3624, -0.0985 -0.3661 0.3623, -0.2166 -0.3661 0.3623, -0.2166 -0.3642 0.3624, -0.0985 -0.368 0.3622, -0.2166 -0.368 0.3622, -0.1132 -0.3642 0.3864, -0.2166 -0.3642 0.3864, -0.2166 -0.3662 0.3861, -0.0985 -0.3662 0.386, -0.0985 -0.3642 0.3864, -0.2166 -0.3682 0.3858, -0.0985 -0.3682 0.3858, 0.059 -0.3155 0.4645, 0.059 -0.3248 0.4628, 0.059 -0.3248 0.4606, 0.059 -0.2303 0.3913, 0.059 -0.2303 0.4011, 0.059 -0.2343 0.4331, 0.059 -0.2303 0.4252, 0.059 -0.2304 0.4271, 0.059 -0.2318 0.4358, 0.059 -0.2352 0.4402, 0.059 -0.2356 0.4448, 0.059 -0.2379 0.4469, 0.059 -0.2415 0.4526, 0.059 -0.2423 0.4526, 0.059 -0.2697 0.4646, 0.059 -0.2792 0.4646, 0.059 -0.2618 0.4606, 0.059 -0.3016 0.4646, 0.059 -0.313 0.4646, 0.059 -0.2303 0.1902, 0.059 -0.2343 0.1181, 0.059 -0.2303 0.1181, 0.059 -0.248 0.4569, 0.059 -0.2491 0.4587, 0.059 -0.2547 0.4597, 0.059 -0.2579 0.4628, 0.059 -0.2672 0.4645, -0.0591 -0.2579 0.4628, -0.0591 -0.2491 0.4587, -0.0591 -0.248 0.4569, -0.0591 -0.2303 0.4252, -0.0591 -0.2303 0.4011, -0.0591 -0.2343 0.4331, -0.0591 -0.2423 0.4526, -0.0591 -0.2415 0.4526, -0.0591 -0.2379 0.4469, -0.0591 -0.2356 0.4448, -0.0591 -0.2352 0.4402, -0.0591 -0.2318 0.4358, -0.0591 -0.2304 0.4271, -0.0591 -0.2303 0.3913, -0.0591 -0.2303 0.1902, -0.0591 -0.2343 0.1181, -0.0591 -0.2303 0.1181, -0.0591 -0.3248 0.4606, -0.0591 -0.3248 0.4628, -0.0591 -0.3155 0.4645, -0.0591 -0.313 0.4646, -0.0591 -0.3016 0.4646, -0.0591 -0.2618 0.4606, -0.0591 -0.2792 0.4646, -0.0591 -0.2697 0.4646, -0.0591 -0.2547 0.4597, -0.0591 -0.2672 0.4645, 0.0443 -0.3642 0.3624, 0.059 -0.3642 0.3624, 0.059 -0.3661 0.3623, -0.0591 -0.3642 0.3624, -0.0443 -0.3642 0.3624, -0.0591 -0.3661 0.3623, 0.059 -0.368 0.3622, -0.0591 -0.368 0.3622, -0.0443 -0.3642 0.3864, -0.0591 -0.3642 0.3864, -0.0591 -0.3662 0.3861, 0.059 -0.3642 0.3864, 0.0443 -0.3642 0.3864, 0.059 -0.3662 0.386, -0.0591 -0.3682 0.3858, 0.059 -0.3682 0.3858, 0.2165 -0.3155 0.4645, 0.2165 -0.3248 0.4628, 0.2165 -0.3248 0.4606, 0.2165 -0.2303 0.3913, 0.2165 -0.2303 0.4011, 0.2165 -0.2343 0.4331, 0.2165 -0.2303 0.4252, 0.2165 -0.2304 0.4271, 0.2165 -0.2318 0.4358, 0.2165 -0.2352 0.4402, 0.2165 -0.2356 0.4448, 0.2165 -0.2379 0.4469, 0.2165 -0.2415 0.4526, 0.2165 -0.2423 0.4526, 0.2165 -0.248 0.4569, 0.2165 -0.2491 0.4587, 0.2165 -0.2547 0.4597, 0.2165 -0.2579 0.4628, 0.2165 -0.2618 0.4606, 0.2165 -0.2672 0.4645, 0.2165 -0.2697 0.4646, 0.2165 -0.2303 0.1902, 0.2165 -0.2343 0.1181, 0.2165 -0.2303 0.1181, 0.2165 -0.2792 0.4646, 0.2165 -0.3016 0.4646, 0.2165 -0.313 0.4646, 0.0984 -0.2579 0.4628, 0.0984 -0.2491 0.4587, 0.0984 -0.248 0.4569, 0.0984 -0.2303 0.4252, 0.0984 -0.2303 0.4011, 0.0984 -0.2343 0.4331, 0.0984 -0.2423 0.4526, 0.0984 -0.2415 0.4526, 0.0984 -0.2379 0.4469, 0.0984 -0.2356 0.4448, 0.0984 -0.2352 0.4402, 0.0984 -0.2318 0.4358, 0.0984 -0.2304 0.4271, 0.0984 -0.2303 0.3913, 0.0984 -0.2303 0.1902, 0.0984 -0.2343 0.1181, 0.0984 -0.2303 0.1181, 0.0984 -0.3248 0.4606, 0.0984 -0.3248 0.4628, 0.0984 -0.3155 0.4645, 0.0984 -0.313 0.4646, 0.0984 -0.3016 0.4646, 0.0984 -0.2618 0.4606, 0.0984 -0.2792 0.4646, 0.0984 -0.2697 0.4646, 0.0984 -0.2547 0.4597, 0.0984 -0.2672 0.4645, 0.2017 -0.3642 0.3624, 0.2165 -0.3642 0.3624, 0.2165 -0.3661 0.3623, 0.0984 -0.3661 0.3623, 0.0984 -0.3642 0.3624, 0.2165 -0.368 0.3622, 0.0984 -0.368 0.3622, 0.2017 -0.3642 0.3864, 0.0984 -0.3642 0.3864, 0.0984 -0.3662 0.3861, 0.2165 -0.3662 0.386, 0.2165 -0.3642 0.3864, 0.0984 -0.3682 0.3858, 0.2165 -0.3682 0.3858, 0.374 -0.3155 0.4645, 0.374 -0.3248 0.4628, 0.374 -0.3248 0.4606, 0.374 -0.2303 0.3986, 0.374 -0.2303 0.4011, 0.374 -0.2343 0.4331, 0.374 -0.2303 0.4252, 0.374 -0.2304 0.4271, 0.374 -0.2318 0.4358, 0.374 -0.2352 0.4402, 0.374 -0.2356 0.4448, 0.374 -0.2379 0.4469, 0.374 -0.2415 0.4526, 0.374 -0.2423 0.4526, 0.374 -0.248 0.4569, 0.374 -0.2491 0.4587, 0.374 -0.2547 0.4597, 0.374 -0.2579 0.4628, 0.374 -0.2618 0.4606, 0.374 -0.2672 0.4645, 0.374 -0.2697 0.4646, 0.374 -0.2303 0.2312, 0.374 -0.2343 0.1181, 0.374 -0.2303 0.1181, 0.374 -0.2792 0.4646, 0.374 -0.3016 0.4646, 0.374 -0.313 0.4646, 0.2559 -0.2579 0.4628, 0.2559 -0.2491 0.4587, 0.2559 -0.248 0.4569, 0.2559 -0.2303 0.4252, 0.2559 -0.2303 0.4011, 0.2559 -0.2343 0.4331, 0.2559 -0.2423 0.4526, 0.2559 -0.2415 0.4526, 0.2559 -0.2379 0.4469, 0.2559 -0.2356 0.4448, 0.2559 -0.2352 0.4402, 0.2559 -0.2318 0.4358, 0.2559 -0.2304 0.4271, 0.2559 -0.2303 0.3986, 0.2559 -0.2303 0.2312, 0.2559 -0.2343 0.1181, 0.2559 -0.2303 0.1181, 0.2559 -0.3248 0.4606, 0.2559 -0.3248 0.4628, 0.2559 -0.3155 0.4645, 0.2559 -0.313 0.4646, 0.2559 -0.3016 0.4646, 0.2559 -0.2618 0.4606, 0.2559 -0.2792 0.4646, 0.2559 -0.2697 0.4646, 0.2559 -0.2547 0.4597, 0.2559 -0.2672 0.4645, 0.3592 -0.3642 0.3624, 0.374 -0.3642 0.3624, 0.374 -0.3661 0.3623, 0.2559 -0.3661 0.3623, 0.2559 -0.3642 0.3624, 0.374 -0.368 0.3622, 0.2559 -0.368 0.3622, 0.3592 -0.3642 0.3864, 0.2559 -0.3642 0.3864, 0.2559 -0.3662 0.3861, 0.374 -0.3662 0.386, 0.374 -0.3642 0.3864, 0.2559 -0.3682 0.3858, 0.374 -0.3682 0.3858, 0.5315 -0.3155 0.4645, 0.5315 -0.3248 0.4628, 0.5315 -0.3248 0.4606, 0.5315 -0.2303 0.3913, 0.5315 -0.2303 0.4011, 0.5315 -0.2343 0.4331, 0.5315 -0.2303 0.4252, 0.5315 -0.2304 0.4271, 0.5315 -0.2318 0.4358, 0.5315 -0.2352 0.4402, 0.5315 -0.2356 0.4448, 0.5315 -0.2379 0.4469, 0.5315 -0.2415 0.4526, 0.5315 -0.2423 0.4526, 0.5315 -0.248 0.4569, 0.5315 -0.2491 0.4587, 0.5315 -0.2547 0.4597, 0.5315 -0.2579 0.4628, 0.5315 -0.2618 0.4606, 0.5315 -0.2672 0.4645, 0.5315 -0.2697 0.4646, 0.5315 -0.2303 0.1902, 0.5315 -0.2343 0.1181, 0.5315 -0.2303 0.1181, 0.5315 -0.2792 0.4646, 0.5315 -0.3016 0.4646, 0.5315 -0.313 0.4646, 0.4133 -0.2579 0.4628, 0.4133 -0.2491 0.4587, 0.4133 -0.248 0.4569, 0.4133 -0.2303 0.4252, 0.4133 -0.2303 0.4011, 0.4133 -0.2343 0.4331, 0.4133 -0.2423 0.4526, 0.4133 -0.2415 0.4526, 0.4133 -0.2379 0.4469, 0.4133 -0.2356 0.4448, 0.4133 -0.2352 0.4402, 0.4133 -0.2318 0.4358, 0.4133 -0.2304 0.4271, 0.4133 -0.2303 0.3913, 0.4133 -0.2303 0.1902, 0.4133 -0.2343 0.1181, 0.4133 -0.2303 0.1181, 0.4133 -0.3248 0.4606, 0.4133 -0.3248 0.4628, 0.4133 -0.3155 0.4645, 0.4133 -0.313 0.4646, 0.4133 -0.3016 0.4646, 0.4133 -0.2618 0.4606, 0.4133 -0.2792 0.4646, 0.4133 -0.2697 0.4646, 0.4133 -0.2547 0.4597, 0.4133 -0.2672 0.4645, 0.5167 -0.3642 0.3624, 0.5315 -0.3642 0.3624, 0.5315 -0.3661 0.3623, 0.4133 -0.3661 0.3623, 0.4133 -0.3642 0.3624, 0.5315 -0.368 0.3622, 0.4133 -0.368 0.3622, 0.5167 -0.3642 0.3864, 0.4133 -0.3642 0.3864, 0.4133 -0.3662 0.3861, 0.5315 -0.3662 0.386, 0.5315 -0.3642 0.3864, 0.4133 -0.3682 0.3858, 0.5315 -0.3682 0.3858, 0.5019 -0.3914 0.0669, 0.5019 -0.3642 0.0669, 0.5019 -0.3642 0.0906, 0.5019 -0.5656 0.0236, 0.5019 -0.5846 0.0236, 0.5019 -0.5846 0.0, 0.5019 -0.3918 0.0906, 0.5019 -0.3941 0.0906, 0.5019 -0.4046 0.0658, 0.5019 -0.4101 0.0887, 0.5019 -0.4151 0.062, 0.5019 -0.4258 0.083, 0.5019 -0.4248 0.0556, 0.5019 -0.4404 0.0733, 0.5019 -0.4376 0.0412, 0.5019 -0.4545 0.0579, 0.5019 -0.4523 0.0236, 0.5019 -0.4696 0.0397, 0.5019 -0.4649 0.0125, 0.5019 -0.4781 0.0321, 0.5019 -0.4805 0.0044, 0.5019 -0.4885 0.0266, 0.5019 -0.4976 0.0004, 0.5019 -0.4999 0.0239, 0.5019 -0.5051 0.0, 0.5019 -0.5304 0.0236, 0.5019 -0.5206 0.0, 0.5019 -0.546 0.0, 0.4429 -0.5304 0.0236, 0.4429 -0.4999 0.0239, 0.4429 -0.5051 0.0, 0.4429 -0.3642 0.0906, 0.4429 -0.3642 0.0669, 0.4429 -0.3918 0.0906, 0.4429 -0.3914 0.0669, 0.4429 -0.4101 0.0887, 0.4429 -0.4046 0.0658, 0.4429 -0.4258 0.083, 0.4429 -0.4151 0.062, 0.4429 -0.4404 0.0733, 0.4429 -0.4248 0.0556, 0.4429 -0.4545 0.0579, 0.4429 -0.4376 0.0412, 0.4429 -0.4696 0.0397, 0.4429 -0.4523 0.0236, 0.4429 -0.4781 0.0321, 0.4429 -0.4649 0.0125, 0.4429 -0.4885 0.0266, 0.4429 -0.4805 0.0044, 0.4429 -0.4976 0.0004, 0.4429 -0.5206 0.0, 0.4429 -0.546 0.0, 0.4429 -0.5656 0.0236, 0.4429 -0.5846 0.0, 0.4429 -0.5846 0.0236, 0.3444 -0.3914 0.0669, 0.3444 -0.3642 0.0669, 0.3444 -0.3642 0.0906, 0.3444 -0.5304 0.0236, 0.3444 -0.5846 0.0236, 0.3444 -0.5846 0.0, 0.3444 -0.3918 0.0906, 0.3444 -0.3941 0.0906, 0.3444 -0.4046 0.0658, 0.3444 -0.4101 0.0887, 0.3444 -0.4151 0.062, 0.3444 -0.4258 0.083, 0.3444 -0.4248 0.0556, 0.3444 -0.4404 0.0733, 0.3444 -0.4376 0.0412, 0.3444 -0.4545 0.0579, 0.3444 -0.4523 0.0236, 0.3444 -0.4696 0.0397, 0.3444 -0.4649 0.0125, 0.3444 -0.4781 0.0321, 0.3444 -0.4805 0.0044, 0.3444 -0.4885 0.0266, 0.3444 -0.4976 0.0004, 0.3444 -0.4999 0.0239, 0.3444 -0.5051 0.0, 0.3444 -0.5206 0.0, 0.2854 -0.5846 0.0, 0.2854 -0.5846 0.0236, 0.2854 -0.5206 0.0, 0.2854 -0.5304 0.0236, 0.2854 -0.5051 0.0, 0.2854 -0.4999 0.0239, 0.2854 -0.3642 0.0906, 0.2854 -0.3642 0.0669, 0.2854 -0.3918 0.0906, 0.2854 -0.3914 0.0669, 0.2854 -0.4101 0.0887, 0.2854 -0.4046 0.0658, 0.2854 -0.4258 0.083, 0.2854 -0.4151 0.062, 0.2854 -0.4404 0.0733, 0.2854 -0.4248 0.0556, 0.2854 -0.4545 0.0579, 0.2854 -0.4376 0.0412, 0.2854 -0.4696 0.0397, 0.2854 -0.4523 0.0236, 0.2854 -0.4781 0.0321, 0.2854 -0.4649 0.0125, 0.2854 -0.4885 0.0266, 0.2854 -0.4805 0.0044, 0.2854 -0.4976 0.0004, 0.187 -0.3914 0.0669, 0.187 -0.3642 0.0669, 0.187 -0.3642 0.0906, 0.187 -0.3918 0.0906, 0.187 -0.3941 0.0906, 0.187 -0.4046 0.0658, 0.187 -0.4101 0.0887, 0.187 -0.4151 0.062, 0.187 -0.4258 0.083, 0.187 -0.4248 0.0556, 0.187 -0.4404 0.0733, 0.187 -0.4376 0.0412, 0.187 -0.4545 0.0579, 0.187 -0.4523 0.0236, 0.187 -0.4696 0.0397, 0.187 -0.4649 0.0125, 0.187 -0.4781 0.0321, 0.187 -0.4805 0.0044, 0.187 -0.4885 0.0266, 0.187 -0.4976 0.0004, 0.187 -0.4999 0.0239, 0.187 -0.5051 0.0, 0.187 -0.5304 0.0236, 0.187 -0.5846 0.0236, 0.187 -0.5846 0.0, 0.187 -0.5656 0.0236, 0.187 -0.5713 0.0, 0.187 -0.5206 0.0, 0.1279 -0.5846 0.0, 0.1279 -0.5846 0.0236, 0.1279 -0.5713 0.0, 0.1279 -0.5656 0.0236, 0.1279 -0.5206 0.0, 0.1279 -0.5304 0.0236, 0.1279 -0.5051 0.0, 0.1279 -0.4999 0.0239, 0.1279 -0.3642 0.0906, 0.1279 -0.3642 0.0669, 0.1279 -0.3918 0.0906, 0.1279 -0.3914 0.0669, 0.1279 -0.4101 0.0887, 0.1279 -0.4046 0.0658, 0.1279 -0.4258 0.083, 0.1279 -0.4151 0.062, 0.1279 -0.4404 0.0733, 0.1279 -0.4248 0.0556, 0.1279 -0.4545 0.0579, 0.1279 -0.4376 0.0412, 0.1279 -0.4696 0.0397, 0.1279 -0.4523 0.0236, 0.1279 -0.4781 0.0321, 0.1279 -0.4649 0.0125, 0.1279 -0.4885 0.0266, 0.1279 -0.4805 0.0044, 0.1279 -0.4976 0.0004, 0.0295 -0.3914 0.0669, 0.0295 -0.3642 0.0669, 0.0295 -0.3642 0.0906, 0.0295 -0.3918 0.0906, 0.0295 -0.3941 0.0906, 0.0295 -0.4046 0.0658, 0.0295 -0.4101 0.0887, 0.0295 -0.4151 0.062, 0.0295 -0.4258 0.083, 0.0295 -0.4248 0.0556, 0.0295 -0.4404 0.0733, 0.0295 -0.4376 0.0412, 0.0295 -0.4545 0.0579, 0.0295 -0.4523 0.0236, 0.0295 -0.4696 0.0397, 0.0295 -0.4649 0.0125, 0.0295 -0.4781 0.0321, 0.0295 -0.4805 0.0044, 0.0295 -0.4885 0.0266, 0.0295 -0.4976 0.0004, 0.0295 -0.4999 0.0239, 0.0295 -0.5051 0.0, 0.0295 -0.5304 0.0236, 0.0295 -0.5206 0.0, 0.0295 -0.5846 0.0236, 0.0295 -0.5846 0.0, 0.0295 -0.546 0.0, -0.0296 -0.5846 0.0, -0.0296 -0.5846 0.0236, -0.0296 -0.546 0.0, -0.0296 -0.5304 0.0236, -0.0296 -0.4999 0.0239, -0.0296 -0.5051 0.0, -0.0296 -0.5206 0.0, -0.0296 -0.3642 0.0906, -0.0296 -0.3642 0.0669, -0.0296 -0.3918 0.0906, -0.0296 -0.3914 0.0669, -0.0296 -0.4101 0.0887, -0.0296 -0.4046 0.0658, -0.0296 -0.4258 0.083, -0.0296 -0.4151 0.062, -0.0296 -0.4404 0.0733, -0.0296 -0.4248 0.0556, -0.0296 -0.4545 0.0579, -0.0296 -0.4376 0.0412, -0.0296 -0.4696 0.0397, -0.0296 -0.4523 0.0236, -0.0296 -0.4781 0.0321, -0.0296 -0.4649 0.0125, -0.0296 -0.4885 0.0266, -0.0296 -0.4805 0.0044, -0.0296 -0.4976 0.0004, -0.128 -0.3914 0.0669, -0.128 -0.3642 0.0669, -0.128 -0.3642 0.0906, -0.128 -0.3918 0.0906, -0.128 -0.3941 0.0906, -0.128 -0.4046 0.0658, -0.128 -0.4101 0.0887, -0.128 -0.4151 0.062, -0.128 -0.4258 0.083, -0.128 -0.4248 0.0556, -0.128 -0.4404 0.0733, -0.128 -0.4376 0.0412, -0.128 -0.4545 0.0579, -0.128 -0.4523 0.0236, -0.128 -0.4696 0.0397, -0.128 -0.4649 0.0125, -0.128 -0.4781 0.0321, -0.128 -0.4805 0.0044, -0.128 -0.4885 0.0266, -0.128 -0.4976 0.0004, -0.128 -0.4999 0.0239, -0.128 -0.5051 0.0, -0.128 -0.5304 0.0236, -0.128 -0.5206 0.0, -0.128 -0.5846 0.0236, -0.128 -0.5846 0.0, -0.128 -0.546 0.0, -0.187 -0.5846 0.0, -0.187 -0.5846 0.0236, -0.187 -0.546 0.0, -0.187 -0.5304 0.0236, -0.187 -0.4999 0.0239, -0.187 -0.5051 0.0, -0.187 -0.5206 0.0, -0.187 -0.3642 0.0906, -0.187 -0.3642 0.0669, -0.187 -0.3918 0.0906, -0.187 -0.3914 0.0669, -0.187 -0.4101 0.0887, -0.187 -0.4046 0.0658, -0.187 -0.4258 0.083, -0.187 -0.4151 0.062, -0.187 -0.4404 0.0733, -0.187 -0.4248 0.0556, -0.187 -0.4545 0.0579, -0.187 -0.4376 0.0412, -0.187 -0.4696 0.0397, -0.187 -0.4523 0.0236, -0.187 -0.4781 0.0321, -0.187 -0.4649 0.0125, -0.187 -0.4885 0.0266, -0.187 -0.4805 0.0044, -0.187 -0.4976 0.0004, -0.2855 -0.3914 0.0669, -0.2855 -0.3642 0.0669, -0.2855 -0.3642 0.0906, -0.2855 -0.3918 0.0906, -0.2855 -0.3941 0.0906, -0.2855 -0.4046 0.0658, -0.2855 -0.4101 0.0887, -0.2855 -0.4151 0.062, -0.2855 -0.4258 0.083, -0.2855 -0.4248 0.0556, -0.2855 -0.4404 0.0733, -0.2855 -0.4376 0.0412, -0.2855 -0.4545 0.0579, -0.2855 -0.4523 0.0236, -0.2855 -0.4696 0.0397, -0.2855 -0.4649 0.0125, -0.2855 -0.4781 0.0321, -0.2855 -0.4805 0.0044, -0.2855 -0.4885 0.0266, -0.2855 -0.4976 0.0004, -0.2855 -0.4999 0.0239, -0.2855 -0.5051 0.0, -0.2855 -0.5304 0.0236, -0.2855 -0.5206 0.0, -0.2855 -0.5846 0.0236, -0.2855 -0.5846 0.0, -0.2855 -0.546 0.0, -0.3445 -0.5846 0.0, -0.3445 -0.5846 0.0236, -0.3445 -0.546 0.0, -0.3445 -0.5304 0.0236, -0.3445 -0.4999 0.0239, -0.3445 -0.5051 0.0, -0.3445 -0.5206 0.0, -0.3445 -0.3642 0.0906, -0.3445 -0.3642 0.0669, -0.3445 -0.3918 0.0906, -0.3445 -0.3914 0.0669, -0.3445 -0.4101 0.0887, -0.3445 -0.4046 0.0658, -0.3445 -0.4258 0.083, -0.3445 -0.4151 0.062, -0.3445 -0.4404 0.0733, -0.3445 -0.4248 0.0556, -0.3445 -0.4545 0.0579, -0.3445 -0.4376 0.0412, -0.3445 -0.4696 0.0397, -0.3445 -0.4523 0.0236, -0.3445 -0.4781 0.0321, -0.3445 -0.4649 0.0125, -0.3445 -0.4885 0.0266, -0.3445 -0.4805 0.0044, -0.3445 -0.4976 0.0004, -0.3741 0.3155 0.4645, -0.3741 0.3248 0.4628, -0.3741 0.3248 0.4606, -0.3741 0.2303 0.3913, -0.3741 0.2303 0.4011, -0.3741 0.2343 0.4331, -0.3741 0.2303 0.4252, -0.3741 0.2304 0.4271, -0.3741 0.2318 0.4358, -0.3741 0.2352 0.4402, -0.3741 0.2356 0.4448, -0.3741 0.2379 0.4469, -0.3741 0.2415 0.4526, -0.3741 0.2423 0.4526, -0.3741 0.2697 0.4646, -0.3741 0.2792 0.4646, -0.3741 0.2618 0.4606, -0.3741 0.3016 0.4646, -0.3741 0.313 0.4646, -0.3741 0.2303 0.1902, -0.3741 0.2343 0.1181, -0.3741 0.2303 0.1181, -0.3741 0.248 0.4569, -0.3741 0.2491 0.4587, -0.3741 0.2547 0.4597, -0.3741 0.2579 0.4628, -0.3741 0.2672 0.4645, -0.2559 0.2579 0.4628, -0.2559 0.2491 0.4587, -0.2559 0.248 0.4569, -0.2559 0.2303 0.4252, -0.2559 0.2303 0.4011, -0.2559 0.2343 0.4331, -0.2559 0.2423 0.4526, -0.2559 0.2415 0.4526, -0.2559 0.2379 0.4469, -0.2559 0.2356 0.4448, -0.2559 0.2352 0.4402, -0.2559 0.2318 0.4358, -0.2559 0.2304 0.4271, -0.2559 0.2303 0.3913, -0.2559 0.2303 0.1902, -0.2559 0.2343 0.1181, -0.2559 0.2303 0.1181, -0.2559 0.3248 0.4606, -0.2559 0.3248 0.4628, -0.2559 0.3155 0.4645, -0.2559 0.313 0.4646, -0.2559 0.3016 0.4646, -0.2559 0.2618 0.4606, -0.2559 0.2792 0.4646, -0.2559 0.2697 0.4646, -0.2559 0.2547 0.4597, -0.2559 0.2672 0.4645, -0.3593 0.3642 0.3624, -0.3741 0.3642 0.3624, -0.3741 0.3661 0.3623, -0.2559 0.3661 0.3623, -0.2559 0.3642 0.3624, -0.3741 0.368 0.3622, -0.2559 0.368 0.3622, -0.3593 0.3642 0.3864, -0.2559 0.3642 0.3864, -0.2559 0.3662 0.3861, -0.3741 0.3662 0.386, -0.3741 0.3642 0.3864, -0.2559 0.3682 0.3858, -0.3741 0.3682 0.3858, -0.3445 0.3914 0.0669, -0.3445 0.3642 0.0669, -0.3445 0.3642 0.0906, -0.3445 0.5304 0.0236, -0.3445 0.5846 0.0236, -0.3445 0.5846 0.0, -0.3445 0.3918 0.0906, -0.3445 0.3941 0.0906, -0.3445 0.4046 0.0658, -0.3445 0.4101 0.0887, -0.3445 0.4151 0.062, -0.3445 0.4258 0.083, -0.3445 0.4248 0.0556, -0.3445 0.4404 0.0733, -0.3445 0.4376 0.0412, -0.3445 0.4545 0.0579, -0.3445 0.4523 0.0236, -0.3445 0.4696 0.0397, -0.3445 0.4649 0.0125, -0.3445 0.4781 0.0321, -0.3445 0.4805 0.0044, -0.3445 0.4885 0.0266, -0.3445 0.4976 0.0004, -0.3445 0.4999 0.0239, -0.3445 0.5051 0.0, -0.3445 0.5206 0.0, -0.2855 0.5846 0.0, -0.2855 0.5846 0.0236, -0.2855 0.5206 0.0, -0.2855 0.5304 0.0236, -0.2855 0.5051 0.0, -0.2855 0.4999 0.0239, -0.2855 0.3642 0.0906, -0.2855 0.3642 0.0669, -0.2855 0.3918 0.0906, -0.2855 0.3914 0.0669, -0.2855 0.4101 0.0887, -0.2855 0.4046 0.0658, -0.2855 0.4258 0.083, -0.2855 0.4151 0.062, -0.2855 0.4404 0.0733, -0.2855 0.4248 0.0556, -0.2855 0.4545 0.0579, -0.2855 0.4376 0.0412, -0.2855 0.4696 0.0397, -0.2855 0.4523 0.0236, -0.2855 0.4781 0.0321, -0.2855 0.4649 0.0125, -0.2855 0.4885 0.0266, -0.2855 0.4805 0.0044, -0.2855 0.4976 0.0004, -0.2166 0.3155 0.4645, -0.2166 0.3248 0.4628, -0.2166 0.3248 0.4606, -0.2166 0.2303 0.3913, -0.2166 0.2303 0.4011, -0.2166 0.2343 0.4331, -0.2166 0.2303 0.4252, -0.2166 0.2304 0.4271, -0.2166 0.2318 0.4358, -0.2166 0.2352 0.4402, -0.2166 0.2356 0.4448, -0.2166 0.2379 0.4469, -0.2166 0.2415 0.4526, -0.2166 0.2423 0.4526, -0.2166 0.248 0.4569, -0.2166 0.2491 0.4587, -0.2166 0.2547 0.4597, -0.2166 0.2579 0.4628, -0.2166 0.2618 0.4606, -0.2166 0.2672 0.4645, -0.2166 0.2697 0.4646, -0.2166 0.2303 0.1902, -0.2166 0.2343 0.1181, -0.2166 0.2303 0.1181, -0.2166 0.2792 0.4646, -0.2166 0.3016 0.4646, -0.2166 0.313 0.4646, -0.0985 0.2579 0.4628, -0.0985 0.2491 0.4587, -0.0985 0.248 0.4569, -0.0985 0.2303 0.4252, -0.0985 0.2303 0.4011, -0.0985 0.2343 0.4331, -0.0985 0.2423 0.4526, -0.0985 0.2415 0.4526, -0.0985 0.2379 0.4469, -0.0985 0.2356 0.4448, -0.0985 0.2352 0.4402, -0.0985 0.2318 0.4358, -0.0985 0.2304 0.4271, -0.0985 0.2303 0.3913, -0.0985 0.2303 0.1902, -0.0985 0.2343 0.1181, -0.0985 0.2303 0.1181, -0.0985 0.3248 0.4606, -0.0985 0.3248 0.4628, -0.0985 0.3155 0.4645, -0.0985 0.313 0.4646, -0.0985 0.3016 0.4646, -0.0985 0.2618 0.4606, -0.0985 0.2792 0.4646, -0.0985 0.2697 0.4646, -0.0985 0.2547 0.4597, -0.0985 0.2672 0.4645, -0.2018 0.3642 0.3624, -0.2166 0.3642 0.3624, -0.2166 0.3661 0.3623, -0.0985 0.3661 0.3623, -0.0985 0.3642 0.3624, -0.2166 0.368 0.3622, -0.0985 0.368 0.3622, -0.2018 0.3642 0.3864, -0.0985 0.3642 0.3864, -0.0985 0.3662 0.3861, -0.2166 0.3662 0.386, -0.2166 0.3642 0.3864, -0.0985 0.3682 0.3858, -0.2166 0.3682 0.3858, -0.187 0.3914 0.0669, -0.187 0.3642 0.0669, -0.187 0.3642 0.0906, -0.187 0.3918 0.0906, -0.187 0.3941 0.0906, -0.187 0.4046 0.0658, -0.187 0.4101 0.0887, -0.187 0.4151 0.062, -0.187 0.4258 0.083, -0.187 0.4248 0.0556, -0.187 0.4404 0.0733, -0.187 0.4376 0.0412, -0.187 0.4545 0.0579, -0.187 0.4523 0.0236, -0.187 0.4696 0.0397, -0.187 0.4649 0.0125, -0.187 0.4781 0.0321, -0.187 0.4805 0.0044, -0.187 0.4885 0.0266, -0.187 0.4976 0.0004, -0.187 0.4999 0.0239, -0.187 0.5051 0.0, -0.187 0.5304 0.0236, -0.187 0.5206 0.0, -0.187 0.5846 0.0236, -0.187 0.5846 0.0, -0.187 0.546 0.0, -0.128 0.5846 0.0, -0.128 0.5846 0.0236, -0.128 0.546 0.0, -0.128 0.5304 0.0236, -0.128 0.4999 0.0239, -0.128 0.5051 0.0, -0.128 0.5206 0.0, -0.128 0.3642 0.0906, -0.128 0.3642 0.0669, -0.128 0.3918 0.0906, -0.128 0.3914 0.0669, -0.128 0.4101 0.0887, -0.128 0.4046 0.0658, -0.128 0.4258 0.083, -0.128 0.4151 0.062, -0.128 0.4404 0.0733, -0.128 0.4248 0.0556, -0.128 0.4545 0.0579, -0.128 0.4376 0.0412, -0.128 0.4696 0.0397, -0.128 0.4523 0.0236, -0.128 0.4781 0.0321, -0.128 0.4649 0.0125, -0.128 0.4885 0.0266, -0.128 0.4805 0.0044, -0.128 0.4976 0.0004, -0.0591 0.3155 0.4645, -0.0591 0.3248 0.4628, -0.0591 0.3248 0.4606, -0.0591 0.2303 0.3913, -0.0591 0.2303 0.4011, -0.0591 0.2343 0.4331, -0.0591 0.2303 0.4252, -0.0591 0.2304 0.4271, -0.0591 0.2318 0.4358, -0.0591 0.2352 0.4402, -0.0591 0.2356 0.4448, -0.0591 0.2379 0.4469, -0.0591 0.2415 0.4526, -0.0591 0.2423 0.4526, -0.0591 0.248 0.4569, -0.0591 0.2491 0.4587, -0.0591 0.2547 0.4597, -0.0591 0.2579 0.4628, -0.0591 0.2618 0.4606, -0.0591 0.2672 0.4645, -0.0591 0.2697 0.4646, -0.0591 0.2303 0.1902, -0.0591 0.2343 0.1181, -0.0591 0.2303 0.1181, -0.0591 0.2792 0.4646, -0.0591 0.3016 0.4646, -0.0591 0.313 0.4646, 0.059 0.2579 0.4628, 0.059 0.2491 0.4587, 0.059 0.248 0.4569, 0.059 0.2303 0.4252, 0.059 0.2303 0.4011, 0.059 0.2343 0.4331, 0.059 0.2423 0.4526, 0.059 0.2415 0.4526, 0.059 0.2379 0.4469, 0.059 0.2356 0.4448, 0.059 0.2352 0.4402, 0.059 0.2318 0.4358, 0.059 0.2304 0.4271, 0.059 0.2303 0.3913, 0.059 0.2303 0.1902, 0.059 0.2343 0.1181, 0.059 0.2303 0.1181, 0.059 0.3248 0.4606, 0.059 0.3016 0.4646, 0.059 0.2618 0.4606, 0.059 0.2792 0.4646, 0.059 0.2697 0.4646, 0.059 0.2547 0.4597, 0.059 0.2672 0.4645, 0.059 0.3248 0.4628, 0.059 0.3155 0.4645, 0.059 0.313 0.4646, -0.0443 0.3642 0.3624, -0.0591 0.3642 0.3624, -0.0591 0.3661 0.3623, 0.059 0.3642 0.3624, 0.0443 0.3642 0.3624, 0.059 0.3661 0.3623, -0.0591 0.368 0.3622, 0.059 0.368 0.3622, 0.0443 0.3642 0.3864, 0.059 0.3642 0.3864, 0.059 0.3662 0.3861, -0.0591 0.3642 0.3864, -0.0443 0.3642 0.3864, -0.0591 0.3662 0.386, 0.059 0.3682 0.3858, -0.0591 0.3682 0.3858, -0.0296 0.3914 0.0669, -0.0296 0.3642 0.0669, -0.0296 0.3642 0.0906, -0.0296 0.3918 0.0906, -0.0296 0.3941 0.0906, -0.0296 0.4046 0.0658, -0.0296 0.4101 0.0887, -0.0296 0.4151 0.062, -0.0296 0.4258 0.083, -0.0296 0.4248 0.0556, -0.0296 0.4404 0.0733, -0.0296 0.4376 0.0412, -0.0296 0.4545 0.0579, -0.0296 0.4523 0.0236, -0.0296 0.4696 0.0397, -0.0296 0.4649 0.0125, -0.0296 0.4781 0.0321, -0.0296 0.4805 0.0044, -0.0296 0.4885 0.0266, -0.0296 0.4976 0.0004, -0.0296 0.4999 0.0239, -0.0296 0.5051 0.0, -0.0296 0.5304 0.0236, -0.0296 0.5206 0.0, -0.0296 0.5846 0.0, -0.0296 0.5656 0.0236, -0.0296 0.5846 0.0236, 0.0295 0.4999 0.0239, 0.0295 0.5051 0.0, 0.0295 0.5304 0.0236, 0.0295 0.5206 0.0, 0.0295 0.5656 0.0236, 0.0295 0.5846 0.0, 0.0295 0.5846 0.0236, 0.0295 0.3642 0.0906, 0.0295 0.3642 0.0669, 0.0295 0.3918 0.0906, 0.0295 0.3914 0.0669, 0.0295 0.4101 0.0887, 0.0295 0.4046 0.0658, 0.0295 0.4258 0.083, 0.0295 0.4151 0.062, 0.0295 0.4404 0.0733, 0.0295 0.4248 0.0556, 0.0295 0.4545 0.0579, 0.0295 0.4376 0.0412, 0.0295 0.4696 0.0397, 0.0295 0.4523 0.0236, 0.0295 0.4781 0.0321, 0.0295 0.4649 0.0125, 0.0295 0.4885 0.0266, 0.0295 0.4805 0.0044, 0.0295 0.4976 0.0004, 0.0984 0.3155 0.4645, 0.0984 0.3248 0.4628, 0.0984 0.3248 0.4606, 0.0984 0.2303 0.3913, 0.0984 0.2303 0.4011, 0.0984 0.2343 0.4331, 0.0984 0.2303 0.4252, 0.0984 0.2304 0.4271, 0.0984 0.2318 0.4358, 0.0984 0.2352 0.4402, 0.0984 0.2356 0.4448, 0.0984 0.2379 0.4469, 0.0984 0.2415 0.4526, 0.0984 0.2423 0.4526, 0.0984 0.248 0.4569, 0.0984 0.2491 0.4587, 0.0984 0.2547 0.4597, 0.0984 0.2579 0.4628, 0.0984 0.2618 0.4606, 0.0984 0.2672 0.4645, 0.0984 0.2697 0.4646, 0.0984 0.2303 0.1902, 0.0984 0.2343 0.1181, 0.0984 0.2303 0.1181, 0.0984 0.2792 0.4646, 0.0984 0.3016 0.4646, 0.0984 0.313 0.4646, 0.2165 0.2579 0.4628, 0.2165 0.2491 0.4587, 0.2165 0.248 0.4569, 0.2165 0.2303 0.4252, 0.2165 0.2303 0.4011, 0.2165 0.2343 0.4331, 0.2165 0.2423 0.4526, 0.2165 0.2415 0.4526, 0.2165 0.2379 0.4469, 0.2165 0.2356 0.4448, 0.2165 0.2352 0.4402, 0.2165 0.2318 0.4358, 0.2165 0.2304 0.4271, 0.2165 0.2303 0.3913, 0.2165 0.2303 0.1902, 0.2165 0.2343 0.1181, 0.2165 0.2303 0.1181, 0.2165 0.3248 0.4606, 0.2165 0.3016 0.4646, 0.2165 0.2618 0.4606, 0.2165 0.2792 0.4646, 0.2165 0.2697 0.4646, 0.2165 0.2547 0.4597, 0.2165 0.2672 0.4645, 0.2165 0.3248 0.4628, 0.2165 0.3155 0.4645, 0.2165 0.313 0.4646, 0.1131 0.3642 0.3624, 0.0984 0.3642 0.3624, 0.0984 0.3661 0.3623, 0.2165 0.3661 0.3623, 0.2165 0.3642 0.3624, 0.0984 0.368 0.3622, 0.2165 0.368 0.3622, 0.1131 0.3642 0.3864, 0.2165 0.3642 0.3864, 0.2165 0.3662 0.3861, 0.0984 0.3662 0.386, 0.0984 0.3642 0.3864, 0.2165 0.3682 0.3858, 0.0984 0.3682 0.3858, 0.1279 0.3914 0.0669, 0.1279 0.3642 0.0669, 0.1279 0.3642 0.0906, 0.1279 0.3918 0.0906, 0.1279 0.3941 0.0906, 0.1279 0.4046 0.0658, 0.1279 0.4101 0.0887, 0.1279 0.4151 0.062, 0.1279 0.4258 0.083, 0.1279 0.4248 0.0556, 0.1279 0.4404 0.0733, 0.1279 0.4376 0.0412, 0.1279 0.4545 0.0579, 0.1279 0.4523 0.0236, 0.1279 0.4696 0.0397, 0.1279 0.4649 0.0125, 0.1279 0.4781 0.0321, 0.1279 0.4805 0.0044, 0.1279 0.4885 0.0266, 0.1279 0.4976 0.0004, 0.1279 0.4999 0.0239, 0.1279 0.5051 0.0, 0.1279 0.5304 0.0236, 0.1279 0.5206 0.0, 0.1279 0.5713 0.0, 0.1279 0.5846 0.0236, 0.1279 0.5846 0.0, 0.187 0.5846 0.0, 0.187 0.5846 0.0236, 0.187 0.5713 0.0, 0.187 0.5304 0.0236, 0.187 0.4999 0.0239, 0.187 0.5051 0.0, 0.187 0.5206 0.0, 0.187 0.3642 0.0906, 0.187 0.3642 0.0669, 0.187 0.3918 0.0906, 0.187 0.3914 0.0669, 0.187 0.4101 0.0887, 0.187 0.4046 0.0658, 0.187 0.4258 0.083, 0.187 0.4151 0.062, 0.187 0.4404 0.0733, 0.187 0.4248 0.0556, 0.187 0.4545 0.0579, 0.187 0.4376 0.0412, 0.187 0.4696 0.0397, 0.187 0.4523 0.0236, 0.187 0.4781 0.0321, 0.187 0.4649 0.0125, 0.187 0.4885 0.0266, 0.187 0.4805 0.0044, 0.187 0.4976 0.0004, 0.2559 0.3155 0.4645, 0.2559 0.3248 0.4628, 0.2559 0.3248 0.4606, 0.2559 0.2303 0.3913, 0.2559 0.2303 0.4011, 0.2559 0.2343 0.4331, 0.2559 0.2303 0.4252, 0.2559 0.2304 0.4271, 0.2559 0.2318 0.4358, 0.2559 0.2352 0.4402, 0.2559 0.2356 0.4448, 0.2559 0.2379 0.4469, 0.2559 0.2415 0.4526, 0.2559 0.2423 0.4526, 0.2559 0.2697 0.4646, 0.2559 0.2792 0.4646, 0.2559 0.2618 0.4606, 0.2559 0.3016 0.4646, 0.2559 0.313 0.4646, 0.2559 0.2303 0.1902, 0.2559 0.2343 0.1181, 0.2559 0.2303 0.1181, 0.2559 0.248 0.4569, 0.2559 0.2491 0.4587, 0.2559 0.2547 0.4597, 0.2559 0.2579 0.4628, 0.2559 0.2672 0.4645, 0.374 0.2579 0.4628, 0.374 0.2491 0.4587, 0.374 0.248 0.4569, 0.374 0.2303 0.4252, 0.374 0.2303 0.4011, 0.374 0.2343 0.4331, 0.374 0.2423 0.4526, 0.374 0.2415 0.4526, 0.374 0.2379 0.4469, 0.374 0.2356 0.4448, 0.374 0.2352 0.4402, 0.374 0.2318 0.4358, 0.374 0.2304 0.4271, 0.374 0.2303 0.3913, 0.374 0.2303 0.1902, 0.374 0.2343 0.1181, 0.374 0.2303 0.1181, 0.374 0.3248 0.4606, 0.374 0.3248 0.4628, 0.374 0.3155 0.4645, 0.374 0.313 0.4646, 0.374 0.3016 0.4646, 0.374 0.2618 0.4606, 0.374 0.2792 0.4646, 0.374 0.2697 0.4646, 0.374 0.2547 0.4597, 0.374 0.2672 0.4645, 0.2706 0.3642 0.3624, 0.2559 0.3642 0.3624, 0.2559 0.3661 0.3623, 0.374 0.3661 0.3623, 0.374 0.3642 0.3624, 0.2559 0.368 0.3622, 0.374 0.368 0.3622, 0.2706 0.3642 0.3864, 0.374 0.3642 0.3864, 0.374 0.3662 0.3861, 0.2559 0.3662 0.386, 0.2559 0.3642 0.3864, 0.374 0.3682 0.3858, 0.2559 0.3682 0.3858, 0.2854 0.3914 0.0669, 0.2854 0.3642 0.0669, 0.2854 0.3642 0.0906, 0.2854 0.5304 0.0236, 0.2854 0.5846 0.0236, 0.2854 0.5846 0.0, 0.2854 0.3918 0.0906, 0.2854 0.3941 0.0906, 0.2854 0.4046 0.0658, 0.2854 0.4101 0.0887, 0.2854 0.4151 0.062, 0.2854 0.4258 0.083, 0.2854 0.4248 0.0556, 0.2854 0.4404 0.0733, 0.2854 0.4376 0.0412, 0.2854 0.4545 0.0579, 0.2854 0.4523 0.0236, 0.2854 0.4696 0.0397, 0.2854 0.4649 0.0125, 0.2854 0.4781 0.0321, 0.2854 0.4805 0.0044, 0.2854 0.4885 0.0266, 0.2854 0.4976 0.0004, 0.2854 0.4999 0.0239, 0.2854 0.5051 0.0, 0.2854 0.5206 0.0, 0.3444 0.5846 0.0, 0.3444 0.5846 0.0236, 0.3444 0.5206 0.0, 0.3444 0.5304 0.0236, 0.3444 0.5051 0.0, 0.3444 0.4999 0.0239, 0.3444 0.3642 0.0906, 0.3444 0.3642 0.0669, 0.3444 0.3918 0.0906, 0.3444 0.3914 0.0669, 0.3444 0.4101 0.0887, 0.3444 0.4046 0.0658, 0.3444 0.4258 0.083, 0.3444 0.4151 0.062, 0.3444 0.4404 0.0733, 0.3444 0.4248 0.0556, 0.3444 0.4545 0.0579, 0.3444 0.4376 0.0412, 0.3444 0.4696 0.0397, 0.3444 0.4523 0.0236, 0.3444 0.4781 0.0321, 0.3444 0.4649 0.0125, 0.3444 0.4885 0.0266, 0.3444 0.4805 0.0044, 0.3444 0.4976 0.0004, 0.4133 0.3155 0.4645, 0.4133 0.3248 0.4628, 0.4133 0.3248 0.4606, 0.4133 0.2303 0.3913, 0.4133 0.2303 0.4011, 0.4133 0.2343 0.4331, 0.4133 0.2303 0.4252, 0.4133 0.2304 0.4271, 0.4133 0.2318 0.4358, 0.4133 0.2352 0.4402, 0.4133 0.2356 0.4448, 0.4133 0.2379 0.4469, 0.4133 0.2415 0.4526, 0.4133 0.2423 0.4526, 0.4133 0.248 0.4569, 0.4133 0.2491 0.4587, 0.4133 0.2547 0.4597, 0.4133 0.2579 0.4628, 0.4133 0.2618 0.4606, 0.4133 0.2672 0.4645, 0.4133 0.2697 0.4646, 0.4133 0.2303 0.1902, 0.4133 0.2343 0.1181, 0.4133 0.2303 0.1181, 0.4133 0.2792 0.4646, 0.4133 0.3016 0.4646, 0.4133 0.313 0.4646, 0.5315 0.2579 0.4628, 0.5315 0.2491 0.4587, 0.5315 0.248 0.4569, 0.5315 0.2303 0.4252, 0.5315 0.2303 0.4011, 0.5315 0.2343 0.4331, 0.5315 0.2423 0.4526, 0.5315 0.2415 0.4526, 0.5315 0.2379 0.4469, 0.5315 0.2356 0.4448, 0.5315 0.2352 0.4402, 0.5315 0.2318 0.4358, 0.5315 0.2304 0.4271, 0.5315 0.2303 0.3913, 0.5315 0.2303 0.1902, 0.5315 0.2343 0.1181, 0.5315 0.2303 0.1181, 0.5315 0.3248 0.4606, 0.5315 0.3248 0.4628, 0.5315 0.3155 0.4645, 0.5315 0.313 0.4646, 0.5315 0.3016 0.4646, 0.5315 0.2618 0.4606, 0.5315 0.2792 0.4646, 0.5315 0.2697 0.4646, 0.5315 0.2547 0.4597, 0.5315 0.2672 0.4645, 0.4281 0.3642 0.3624, 0.4133 0.3642 0.3624, 0.4133 0.3661 0.3623, 0.5315 0.3661 0.3623, 0.5315 0.3642 0.3624, 0.4133 0.368 0.3622, 0.5315 0.368 0.3622, 0.4281 0.3642 0.3864, 0.5315 0.3642 0.3864, 0.5315 0.3662 0.3861, 0.4133 0.3662 0.386, 0.4133 0.3642 0.3864, 0.5315 0.3682 0.3858, 0.4133 0.3682 0.3858, 0.4429 0.3914 0.0669, 0.4429 0.3642 0.0669, 0.4429 0.3642 0.0906, 0.4429 0.3918 0.0906, 0.4429 0.3941 0.0906, 0.4429 0.4046 0.0658, 0.4429 0.4101 0.0887, 0.4429 0.4151 0.062, 0.4429 0.4258 0.083, 0.4429 0.4248 0.0556, 0.4429 0.4404 0.0733, 0.4429 0.4376 0.0412, 0.4429 0.4545 0.0579, 0.4429 0.4523 0.0236, 0.4429 0.4696 0.0397, 0.4429 0.4649 0.0125, 0.4429 0.4781 0.0321, 0.4429 0.4805 0.0044, 0.4429 0.4885 0.0266, 0.4429 0.4976 0.0004, 0.4429 0.4999 0.0239, 0.4429 0.5051 0.0, 0.4429 0.5304 0.0236, 0.4429 0.5206 0.0, 0.4429 0.5846 0.0236, 0.4429 0.5846 0.0, 0.4429 0.546 0.0, 0.5019 0.5846 0.0, 0.5019 0.5846 0.0236, 0.5019 0.546 0.0, 0.5019 0.5304 0.0236, 0.5019 0.4999 0.0239, 0.5019 0.5051 0.0, 0.5019 0.5206 0.0, 0.5019 0.3642 0.0906, 0.5019 0.3642 0.0669, 0.5019 0.3918 0.0906, 0.5019 0.3914 0.0669, 0.5019 0.4101 0.0887, 0.5019 0.4046 0.0658, 0.5019 0.4258 0.083, 0.5019 0.4151 0.062, 0.5019 0.4404 0.0733, 0.5019 0.4248 0.0556, 0.5019 0.4545 0.0579, 0.5019 0.4376 0.0412, 0.5019 0.4696 0.0397, 0.5019 0.4523 0.0236, 0.5019 0.4781 0.0321, 0.5019 0.4649 0.0125, 0.5019 0.4885 0.0266, 0.5019 0.4805 0.0044, 0.5019 0.4976 0.0004
            ]
        }
        coordIndex [
            0,1,2,-1,3,4,5,-1,5,4,6,-1,6,7,5,-1,5,7,8,-1,5,8,9,-1,9,8,10,-1,9,10,11,-1,11,10,12,-1,11,12,13,-1,14,15,16,-1,16,15,17,-1,16,17,2,-1,2,17,18,-1,2,18,0,-1,3,5,19,-1,19,5,20,-1,19,20,21,-1,13,12,22,-1,22,12,23,-1,22,23,24,-1,24,23,25,-1,24,25,16,-1,16,25,26,-1,16,26,14,-1,27,28,29,-1,30,31,32,-1,29,28,33,-1,33,28,34,-1,33,34,35,-1,35,34,36,-1,35,36,37,-1,37,36,38,-1,37,38,32,-1,32,38,39,-1,32,39,30,-1,31,40,32,-1,32,40,41,-1,32,41,42,-1,42,41,43,-1,44,45,46,-1,46,47,44,-1,44,47,48,-1,44,48,49,-1,49,48,50,-1,49,50,51,-1,29,52,27,-1,27,52,49,-1,27,49,53,-1,53,49,51,-1,21,43,41,-1,21,41,19,-1,19,41,40,-1,19,40,3,-1,3,40,31,-1,3,31,4,-1,4,31,6,-1,6,31,30,-1,6,30,7,-1,30,39,7,-1,7,39,38,-1,7,38,8,-1,8,38,36,-1,8,36,10,-1,10,36,34,-1,10,34,12,-1,12,34,28,-1,12,28,23,-1,23,28,27,-1,23,27,25,-1,25,27,53,-1,25,53,26,-1,26,53,14,-1,14,53,51,-1,14,51,15,-1,51,50,15,-1,15,50,48,-1,15,48,17,-1,17,48,18,-1,18,48,47,-1,18,47,0,-1,47,46,0,-1,0,46,45,-1,0,45,1,-1,54,55,56,-1,57,58,54,-1,54,56,57,-1,57,56,59,-1,57,59,60,-1,61,62,63,-1,64,65,61,-1,61,63,64,-1,64,63,66,-1,64,66,67,-1,55,65,64,-1,55,64,56,-1,56,64,67,-1,56,67,59,-1,60,66,57,-1,57,66,63,-1,57,63,58,-1,58,63,62,-1,66,60,67,-1,67,60,59,-1,68,69,70,-1,71,72,73,-1,73,72,74,-1,74,75,73,-1,73,75,76,-1,73,76,77,-1,77,76,78,-1,77,78,79,-1,79,78,80,-1,79,80,81,-1,82,83,84,-1,84,83,85,-1,84,85,70,-1,70,85,86,-1,70,86,68,-1,71,73,87,-1,87,73,88,-1,87,88,89,-1,81,80,90,-1,90,80,91,-1,90,91,92,-1,92,91,93,-1,92,93,84,-1,84,93,94,-1,84,94,82,-1,95,96,97,-1,98,99,100,-1,97,96,101,-1,101,96,102,-1,101,102,103,-1,103,102,104,-1,103,104,105,-1,105,104,106,-1,105,106,100,-1,100,106,107,-1,100,107,98,-1,99,108,100,-1,100,108,109,-1,100,109,110,-1,110,109,111,-1,112,113,114,-1,114,115,112,-1,112,115,116,-1,112,116,117,-1,117,116,118,-1,117,118,119,-1,97,120,95,-1,95,120,117,-1,95,117,121,-1,121,117,119,-1,89,111,109,-1,89,109,87,-1,87,109,108,-1,87,108,71,-1,71,108,99,-1,71,99,72,-1,72,99,74,-1,74,99,98,-1,74,98,75,-1,98,107,75,-1,75,107,106,-1,75,106,76,-1,76,106,104,-1,76,104,78,-1,78,104,102,-1,78,102,80,-1,80,102,96,-1,80,96,91,-1,91,96,95,-1,91,95,93,-1,93,95,121,-1,93,121,94,-1,94,121,82,-1,82,121,119,-1,82,119,83,-1,119,118,83,-1,83,118,116,-1,83,116,85,-1,85,116,86,-1,86,116,115,-1,86,115,68,-1,115,114,68,-1,68,114,113,-1,68,113,69,-1,122,123,124,-1,125,126,122,-1,122,124,125,-1,125,124,127,-1,125,127,128,-1,129,130,131,-1,132,133,129,-1,129,131,132,-1,132,131,134,-1,132,134,135,-1,123,133,132,-1,123,132,124,-1,124,132,135,-1,124,135,127,-1,128,134,125,-1,125,134,131,-1,125,131,126,-1,126,131,130,-1,134,128,135,-1,135,128,127,-1,136,137,138,-1,139,140,141,-1,141,140,142,-1,142,143,141,-1,141,143,144,-1,141,144,145,-1,145,144,146,-1,145,146,147,-1,147,146,148,-1,147,148,149,-1,150,151,152,-1,152,151,153,-1,152,153,138,-1,138,153,154,-1,138,154,136,-1,139,141,155,-1,155,141,156,-1,155,156,157,-1,149,148,158,-1,158,148,159,-1,158,159,160,-1,160,159,161,-1,160,161,152,-1,152,161,162,-1,152,162,150,-1,163,164,165,-1,166,167,168,-1,165,164,169,-1,169,164,170,-1,169,170,171,-1,171,170,172,-1,171,172,173,-1,173,172,174,-1,173,174,168,-1,168,174,175,-1,168,175,166,-1,167,176,168,-1,168,176,177,-1,168,177,178,-1,178,177,179,-1,180,181,182,-1,182,183,180,-1,180,183,184,-1,180,184,185,-1,185,184,186,-1,185,186,187,-1,165,188,163,-1,163,188,185,-1,163,185,189,-1,189,185,187,-1,157,179,177,-1,157,177,155,-1,155,177,176,-1,155,176,139,-1,139,176,167,-1,139,167,140,-1,140,167,142,-1,142,167,166,-1,142,166,143,-1,166,175,143,-1,143,175,174,-1,143,174,144,-1,144,174,172,-1,144,172,146,-1,146,172,170,-1,146,170,148,-1,148,170,164,-1,148,164,159,-1,159,164,163,-1,159,163,161,-1,161,163,189,-1,161,189,162,-1,162,189,150,-1,150,189,187,-1,150,187,151,-1,187,186,151,-1,151,186,184,-1,151,184,153,-1,153,184,154,-1,154,184,183,-1,154,183,136,-1,183,182,136,-1,136,182,181,-1,136,181,137,-1,190,191,192,-1,193,194,195,-1,195,194,190,-1,190,192,195,-1,195,192,196,-1,195,196,197,-1,198,199,200,-1,201,202,203,-1,203,202,198,-1,198,200,203,-1,203,200,204,-1,203,204,205,-1,191,201,203,-1,191,203,192,-1,192,203,205,-1,192,205,196,-1,197,204,195,-1,195,204,200,-1,195,200,193,-1,193,200,199,-1,204,197,205,-1,205,197,196,-1,206,207,208,-1,209,210,211,-1,211,210,212,-1,212,213,211,-1,211,213,214,-1,211,214,215,-1,215,214,216,-1,215,216,217,-1,217,216,218,-1,217,218,219,-1,219,218,220,-1,220,218,221,-1,220,221,222,-1,222,221,223,-1,222,223,224,-1,224,223,225,-1,224,225,226,-1,209,211,227,-1,227,211,228,-1,227,228,229,-1,226,230,224,-1,224,230,231,-1,224,231,208,-1,208,231,232,-1,208,232,206,-1,233,234,235,-1,236,237,238,-1,235,234,239,-1,239,234,240,-1,239,240,241,-1,241,240,242,-1,241,242,243,-1,243,242,244,-1,243,244,238,-1,238,244,245,-1,238,245,236,-1,237,246,238,-1,238,246,247,-1,238,247,248,-1,248,247,249,-1,250,251,252,-1,252,253,250,-1,250,253,254,-1,250,254,255,-1,255,254,256,-1,255,256,257,-1,235,258,233,-1,233,258,255,-1,233,255,259,-1,259,255,257,-1,229,249,247,-1,229,247,227,-1,227,247,246,-1,227,246,209,-1,209,246,237,-1,209,237,210,-1,210,237,212,-1,212,237,236,-1,212,236,213,-1,236,245,213,-1,213,245,244,-1,213,244,214,-1,214,244,242,-1,214,242,216,-1,216,242,240,-1,216,240,218,-1,218,240,234,-1,218,234,221,-1,221,234,233,-1,221,233,223,-1,223,233,259,-1,223,259,225,-1,225,259,226,-1,226,259,257,-1,226,257,230,-1,257,256,230,-1,230,256,254,-1,230,254,231,-1,231,254,232,-1,232,254,253,-1,232,253,206,-1,253,252,206,-1,206,252,251,-1,206,251,207,-1,260,261,262,-1,263,264,260,-1,260,262,263,-1,263,262,265,-1,263,265,266,-1,267,268,269,-1,270,271,267,-1,267,269,270,-1,270,269,272,-1,270,272,273,-1,261,271,270,-1,261,270,262,-1,262,270,273,-1,262,273,265,-1,266,272,263,-1,263,272,269,-1,263,269,264,-1,264,269,268,-1,272,266,273,-1,273,266,265,-1,274,275,276,-1,277,278,279,-1,279,278,280,-1,280,281,279,-1,279,281,282,-1,279,282,283,-1,283,282,284,-1,283,284,285,-1,285,284,286,-1,285,286,287,-1,287,286,288,-1,288,286,289,-1,288,289,290,-1,290,289,291,-1,290,291,292,-1,292,291,293,-1,292,293,294,-1,277,279,295,-1,295,279,296,-1,295,296,297,-1,294,298,292,-1,292,298,299,-1,292,299,276,-1,276,299,300,-1,276,300,274,-1,301,302,303,-1,304,305,306,-1,303,302,307,-1,307,302,308,-1,307,308,309,-1,309,308,310,-1,309,310,311,-1,311,310,312,-1,311,312,306,-1,306,312,313,-1,306,313,304,-1,305,314,306,-1,306,314,315,-1,306,315,316,-1,316,315,317,-1,318,319,320,-1,320,321,318,-1,318,321,322,-1,318,322,323,-1,323,322,324,-1,323,324,325,-1,303,326,301,-1,301,326,323,-1,301,323,327,-1,327,323,325,-1,297,317,315,-1,297,315,295,-1,295,315,314,-1,295,314,277,-1,277,314,305,-1,277,305,278,-1,278,305,280,-1,280,305,304,-1,280,304,281,-1,304,313,281,-1,281,313,312,-1,281,312,282,-1,282,312,310,-1,282,310,284,-1,284,310,308,-1,284,308,286,-1,286,308,302,-1,286,302,289,-1,289,302,301,-1,289,301,291,-1,291,301,327,-1,291,327,293,-1,293,327,294,-1,294,327,325,-1,294,325,298,-1,325,324,298,-1,298,324,322,-1,298,322,299,-1,299,322,300,-1,300,322,321,-1,300,321,274,-1,321,320,274,-1,274,320,319,-1,274,319,275,-1,328,329,330,-1,331,332,328,-1,328,330,331,-1,331,330,333,-1,331,333,334,-1,335,336,337,-1,338,339,335,-1,335,337,338,-1,338,337,340,-1,338,340,341,-1,329,339,338,-1,329,338,330,-1,330,338,341,-1,330,341,333,-1,334,340,331,-1,331,340,337,-1,331,337,332,-1,332,337,336,-1,340,334,341,-1,341,334,333,-1,342,343,344,-1,345,346,347,-1,347,346,348,-1,348,349,347,-1,347,349,350,-1,347,350,351,-1,351,350,352,-1,351,352,353,-1,353,352,354,-1,353,354,355,-1,355,354,356,-1,356,354,357,-1,356,357,358,-1,358,357,359,-1,358,359,360,-1,360,359,361,-1,360,361,362,-1,345,347,363,-1,363,347,364,-1,363,364,365,-1,362,366,360,-1,360,366,367,-1,360,367,344,-1,344,367,368,-1,344,368,342,-1,369,370,371,-1,372,373,374,-1,371,370,375,-1,375,370,376,-1,375,376,377,-1,377,376,378,-1,377,378,379,-1,379,378,380,-1,379,380,374,-1,374,380,381,-1,374,381,372,-1,373,382,374,-1,374,382,383,-1,374,383,384,-1,384,383,385,-1,386,387,388,-1,388,389,386,-1,386,389,390,-1,386,390,391,-1,391,390,392,-1,391,392,393,-1,371,394,369,-1,369,394,391,-1,369,391,395,-1,395,391,393,-1,365,385,383,-1,365,383,363,-1,363,383,382,-1,363,382,345,-1,345,382,373,-1,345,373,346,-1,346,373,348,-1,348,373,372,-1,348,372,349,-1,372,381,349,-1,349,381,380,-1,349,380,350,-1,350,380,378,-1,350,378,352,-1,352,378,376,-1,352,376,354,-1,354,376,370,-1,354,370,357,-1,357,370,369,-1,357,369,359,-1,359,369,395,-1,359,395,361,-1,361,395,362,-1,362,395,393,-1,362,393,366,-1,393,392,366,-1,366,392,390,-1,366,390,367,-1,367,390,368,-1,368,390,389,-1,368,389,342,-1,389,388,342,-1,342,388,387,-1,342,387,343,-1,396,397,398,-1,399,400,396,-1,396,398,399,-1,399,398,401,-1,399,401,402,-1,403,404,405,-1,406,407,403,-1,403,405,406,-1,406,405,408,-1,406,408,409,-1,397,407,406,-1,397,406,398,-1,398,406,409,-1,398,409,401,-1,402,408,399,-1,399,408,405,-1,399,405,400,-1,400,405,404,-1,408,402,409,-1,409,402,401,-1,410,411,412,-1,413,414,415,-1,412,416,410,-1,410,416,417,-1,410,417,418,-1,418,417,419,-1,418,419,420,-1,420,419,421,-1,420,421,422,-1,422,421,423,-1,422,423,424,-1,424,423,425,-1,424,425,426,-1,426,425,427,-1,426,427,428,-1,428,427,429,-1,428,429,430,-1,430,429,431,-1,430,431,432,-1,432,431,433,-1,432,433,434,-1,434,433,435,-1,434,435,436,-1,413,415,435,-1,435,415,437,-1,435,437,436,-1,438,439,440,-1,441,442,443,-1,443,442,444,-1,443,444,445,-1,445,444,446,-1,445,446,447,-1,447,446,448,-1,447,448,449,-1,449,448,450,-1,449,450,451,-1,451,450,452,-1,451,452,453,-1,453,452,454,-1,453,454,455,-1,455,454,456,-1,455,456,457,-1,457,456,458,-1,457,458,439,-1,439,458,459,-1,439,459,440,-1,440,460,438,-1,438,460,461,-1,438,461,462,-1,462,461,463,-1,462,463,464,-1,465,466,467,-1,468,469,470,-1,467,471,465,-1,465,471,472,-1,465,472,473,-1,473,472,474,-1,473,474,475,-1,475,474,476,-1,475,476,477,-1,477,476,478,-1,477,478,479,-1,479,478,480,-1,479,480,481,-1,481,480,482,-1,481,482,483,-1,483,482,484,-1,483,484,485,-1,485,484,486,-1,485,486,487,-1,487,486,488,-1,487,488,489,-1,489,488,468,-1,489,468,490,-1,490,468,470,-1,491,492,493,-1,493,492,494,-1,493,494,495,-1,495,494,496,-1,497,498,499,-1,499,498,500,-1,499,500,501,-1,501,500,502,-1,501,502,503,-1,503,502,504,-1,503,504,505,-1,505,504,506,-1,505,506,507,-1,507,506,508,-1,507,508,509,-1,509,508,510,-1,509,510,511,-1,511,510,512,-1,511,512,513,-1,513,512,514,-1,513,514,496,-1,496,514,515,-1,496,515,495,-1,516,517,518,-1,518,519,516,-1,516,519,520,-1,516,520,521,-1,521,520,522,-1,521,522,523,-1,523,522,524,-1,523,524,525,-1,525,524,526,-1,525,526,527,-1,527,526,528,-1,527,528,529,-1,529,528,530,-1,529,530,531,-1,531,530,532,-1,531,532,533,-1,533,532,534,-1,533,534,535,-1,535,534,536,-1,535,536,537,-1,537,536,538,-1,539,540,541,-1,541,540,542,-1,541,542,538,-1,538,542,543,-1,538,543,537,-1,544,545,546,-1,546,545,547,-1,546,547,548,-1,548,547,549,-1,548,549,550,-1,550,549,551,-1,552,553,554,-1,554,553,555,-1,554,555,556,-1,556,555,557,-1,556,557,558,-1,558,557,559,-1,558,559,560,-1,560,559,561,-1,560,561,562,-1,562,561,563,-1,562,563,564,-1,564,563,565,-1,564,565,566,-1,566,565,567,-1,566,567,568,-1,568,567,569,-1,568,569,551,-1,551,569,570,-1,551,570,550,-1,571,572,573,-1,573,574,571,-1,571,574,575,-1,571,575,576,-1,576,575,577,-1,576,577,578,-1,578,577,579,-1,578,579,580,-1,580,579,581,-1,580,581,582,-1,582,581,583,-1,582,583,584,-1,584,583,585,-1,584,585,586,-1,586,585,587,-1,586,587,588,-1,588,587,589,-1,588,589,590,-1,590,589,591,-1,590,591,592,-1,592,591,593,-1,592,593,594,-1,595,596,593,-1,593,596,597,-1,593,597,594,-1,598,599,600,-1,600,599,601,-1,602,603,601,-1,601,603,604,-1,601,604,600,-1,605,606,607,-1,607,606,608,-1,607,608,609,-1,609,608,610,-1,609,610,611,-1,611,610,612,-1,611,612,613,-1,613,612,614,-1,613,614,615,-1,615,614,616,-1,615,616,617,-1,617,616,618,-1,617,618,619,-1,619,618,620,-1,619,620,621,-1,621,620,622,-1,621,622,602,-1,602,622,623,-1,602,623,603,-1,624,625,626,-1,626,627,624,-1,624,627,628,-1,624,628,629,-1,629,628,630,-1,629,630,631,-1,631,630,632,-1,631,632,633,-1,633,632,634,-1,633,634,635,-1,635,634,636,-1,635,636,637,-1,637,636,638,-1,637,638,639,-1,639,638,640,-1,639,640,641,-1,641,640,642,-1,641,642,643,-1,643,642,644,-1,643,644,645,-1,645,644,646,-1,645,646,647,-1,648,649,646,-1,646,649,650,-1,646,650,647,-1,651,652,653,-1,653,652,654,-1,655,656,654,-1,654,656,657,-1,654,657,653,-1,658,659,660,-1,660,659,661,-1,660,661,662,-1,662,661,663,-1,662,663,664,-1,664,663,665,-1,664,665,666,-1,666,665,667,-1,666,667,668,-1,668,667,669,-1,668,669,670,-1,670,669,671,-1,670,671,672,-1,672,671,673,-1,672,673,674,-1,674,673,675,-1,674,675,655,-1,655,675,676,-1,655,676,656,-1,677,678,679,-1,679,680,677,-1,677,680,681,-1,677,681,682,-1,682,681,683,-1,682,683,684,-1,684,683,685,-1,684,685,686,-1,686,685,687,-1,686,687,688,-1,688,687,689,-1,688,689,690,-1,690,689,691,-1,690,691,692,-1,692,691,693,-1,692,693,694,-1,694,693,695,-1,694,695,696,-1,696,695,697,-1,696,697,698,-1,698,697,699,-1,698,699,700,-1,701,702,699,-1,699,702,703,-1,699,703,700,-1,704,705,706,-1,706,705,707,-1,708,709,707,-1,707,709,710,-1,707,710,706,-1,711,712,713,-1,713,712,714,-1,713,714,715,-1,715,714,716,-1,715,716,717,-1,717,716,718,-1,717,718,719,-1,719,718,720,-1,719,720,721,-1,721,720,722,-1,721,722,723,-1,723,722,724,-1,723,724,725,-1,725,724,726,-1,725,726,727,-1,727,726,728,-1,727,728,708,-1,708,728,729,-1,708,729,709,-1,730,731,732,-1,733,734,735,-1,735,734,736,-1,736,737,735,-1,735,737,738,-1,735,738,739,-1,739,738,740,-1,739,740,741,-1,741,740,742,-1,741,742,743,-1,744,745,746,-1,746,745,747,-1,746,747,732,-1,732,747,748,-1,732,748,730,-1,733,735,749,-1,749,735,750,-1,749,750,751,-1,743,742,752,-1,752,742,753,-1,752,753,754,-1,754,753,755,-1,754,755,746,-1,746,755,756,-1,746,756,744,-1,757,758,759,-1,760,761,762,-1,759,758,763,-1,763,758,764,-1,763,764,765,-1,765,764,766,-1,765,766,767,-1,767,766,768,-1,767,768,762,-1,762,768,769,-1,762,769,760,-1,761,770,762,-1,762,770,771,-1,762,771,772,-1,772,771,773,-1,774,775,776,-1,776,777,774,-1,774,777,778,-1,774,778,779,-1,779,778,780,-1,779,780,781,-1,759,782,757,-1,757,782,779,-1,757,779,783,-1,783,779,781,-1,751,773,771,-1,751,771,749,-1,749,771,770,-1,749,770,733,-1,733,770,761,-1,733,761,734,-1,734,761,736,-1,736,761,760,-1,736,760,737,-1,760,769,737,-1,737,769,768,-1,737,768,738,-1,738,768,766,-1,738,766,740,-1,740,766,764,-1,740,764,742,-1,742,764,758,-1,742,758,753,-1,753,758,757,-1,753,757,755,-1,755,757,783,-1,755,783,756,-1,756,783,744,-1,744,783,781,-1,744,781,745,-1,781,780,745,-1,745,780,778,-1,745,778,747,-1,747,778,748,-1,748,778,777,-1,748,777,730,-1,777,776,730,-1,730,776,775,-1,730,775,731,-1,784,785,786,-1,787,788,784,-1,784,786,787,-1,787,786,789,-1,787,789,790,-1,791,792,793,-1,794,795,791,-1,791,793,794,-1,794,793,796,-1,794,796,797,-1,785,795,794,-1,785,794,786,-1,786,794,797,-1,786,797,789,-1,790,796,787,-1,787,796,793,-1,787,793,788,-1,788,793,792,-1,789,797,790,-1,790,797,796,-1,798,799,800,-1,801,802,803,-1,800,804,798,-1,798,804,805,-1,798,805,806,-1,806,805,807,-1,806,807,808,-1,808,807,809,-1,808,809,810,-1,810,809,811,-1,810,811,812,-1,812,811,813,-1,812,813,814,-1,814,813,815,-1,814,815,816,-1,816,815,817,-1,816,817,818,-1,818,817,819,-1,818,819,820,-1,820,819,821,-1,820,821,822,-1,822,821,801,-1,822,801,823,-1,823,801,803,-1,824,825,826,-1,826,825,827,-1,826,827,828,-1,828,827,829,-1,830,831,832,-1,832,831,833,-1,832,833,834,-1,834,833,835,-1,834,835,836,-1,836,835,837,-1,836,837,838,-1,838,837,839,-1,838,839,840,-1,840,839,841,-1,840,841,842,-1,842,841,843,-1,842,843,844,-1,844,843,845,-1,844,845,846,-1,846,845,847,-1,846,847,829,-1,829,847,848,-1,829,848,828,-1,849,850,851,-1,852,853,854,-1,854,853,855,-1,855,856,854,-1,854,856,857,-1,854,857,858,-1,858,857,859,-1,858,859,860,-1,860,859,861,-1,860,861,862,-1,862,861,863,-1,863,861,864,-1,863,864,865,-1,865,864,866,-1,865,866,867,-1,867,866,868,-1,867,868,869,-1,852,854,870,-1,870,854,871,-1,870,871,872,-1,869,873,867,-1,867,873,874,-1,867,874,851,-1,851,874,875,-1,851,875,849,-1,876,877,878,-1,879,880,881,-1,878,877,882,-1,882,877,883,-1,882,883,884,-1,884,883,885,-1,884,885,886,-1,886,885,887,-1,886,887,881,-1,881,887,888,-1,881,888,879,-1,880,889,881,-1,881,889,890,-1,881,890,891,-1,891,890,892,-1,893,894,895,-1,895,896,893,-1,893,896,897,-1,893,897,898,-1,898,897,899,-1,898,899,900,-1,878,901,876,-1,876,901,898,-1,876,898,902,-1,902,898,900,-1,872,892,890,-1,872,890,870,-1,870,890,889,-1,870,889,852,-1,852,889,880,-1,852,880,853,-1,853,880,855,-1,855,880,879,-1,855,879,856,-1,879,888,856,-1,856,888,887,-1,856,887,857,-1,857,887,885,-1,857,885,859,-1,859,885,883,-1,859,883,861,-1,861,883,877,-1,861,877,864,-1,864,877,876,-1,864,876,866,-1,866,876,902,-1,866,902,868,-1,868,902,869,-1,869,902,900,-1,869,900,873,-1,900,899,873,-1,873,899,897,-1,873,897,874,-1,874,897,875,-1,875,897,896,-1,875,896,849,-1,896,895,849,-1,849,895,894,-1,849,894,850,-1,903,904,905,-1,906,907,903,-1,903,905,906,-1,906,905,908,-1,906,908,909,-1,910,911,912,-1,913,914,910,-1,910,912,913,-1,913,912,915,-1,913,915,916,-1,904,914,913,-1,904,913,905,-1,905,913,916,-1,905,916,908,-1,909,915,906,-1,906,915,912,-1,906,912,907,-1,907,912,911,-1,908,916,909,-1,909,916,915,-1,917,918,919,-1,919,920,917,-1,917,920,921,-1,917,921,922,-1,922,921,923,-1,922,923,924,-1,924,923,925,-1,924,925,926,-1,926,925,927,-1,926,927,928,-1,928,927,929,-1,928,929,930,-1,930,929,931,-1,930,931,932,-1,932,931,933,-1,932,933,934,-1,934,933,935,-1,934,935,936,-1,936,935,937,-1,936,937,938,-1,938,937,939,-1,938,939,940,-1,941,942,939,-1,939,942,943,-1,939,943,940,-1,944,945,946,-1,946,945,947,-1,948,949,947,-1,947,949,950,-1,947,950,946,-1,951,952,953,-1,953,952,954,-1,953,954,955,-1,955,954,956,-1,955,956,957,-1,957,956,958,-1,957,958,959,-1,959,958,960,-1,959,960,961,-1,961,960,962,-1,961,962,963,-1,963,962,964,-1,963,964,965,-1,965,964,966,-1,965,966,967,-1,967,966,968,-1,967,968,948,-1,948,968,969,-1,948,969,949,-1,970,971,972,-1,973,974,975,-1,975,974,976,-1,976,977,975,-1,975,977,978,-1,975,978,979,-1,979,978,980,-1,979,980,981,-1,981,980,982,-1,981,982,983,-1,983,982,984,-1,984,982,985,-1,984,985,986,-1,986,985,987,-1,986,987,988,-1,988,987,989,-1,988,989,990,-1,973,975,991,-1,991,975,992,-1,991,992,993,-1,990,994,988,-1,988,994,995,-1,988,995,972,-1,972,995,996,-1,972,996,970,-1,997,998,999,-1,1000,1001,1002,-1,999,998,1003,-1,1003,998,1004,-1,1003,1004,1005,-1,1005,1004,1006,-1,1005,1006,1007,-1,1007,1006,1008,-1,1007,1008,1002,-1,1002,1008,1009,-1,1002,1009,1000,-1,1001,1010,1002,-1,1002,1010,1011,-1,1002,1011,1012,-1,1012,1011,1013,-1,1014,1015,1016,-1,1016,1015,1017,-1,1016,1017,1018,-1,999,1019,997,-1,997,1019,1016,-1,997,1016,1020,-1,1020,1016,1018,-1,1021,1022,1014,-1,1014,1022,1023,-1,1014,1023,1015,-1,993,1013,1011,-1,993,1011,991,-1,991,1011,1010,-1,991,1010,973,-1,973,1010,1001,-1,973,1001,974,-1,974,1001,976,-1,976,1001,1000,-1,976,1000,977,-1,1000,1009,977,-1,977,1009,1008,-1,977,1008,978,-1,978,1008,1006,-1,978,1006,980,-1,980,1006,1004,-1,980,1004,982,-1,982,1004,998,-1,982,998,985,-1,985,998,997,-1,985,997,987,-1,987,997,1020,-1,987,1020,989,-1,989,1020,990,-1,990,1020,1018,-1,990,1018,994,-1,1018,1017,994,-1,994,1017,1015,-1,994,1015,995,-1,995,1015,996,-1,996,1015,1023,-1,996,1023,970,-1,1023,1022,970,-1,970,1022,1021,-1,970,1021,971,-1,1024,1025,1026,-1,1027,1028,1029,-1,1029,1028,1024,-1,1024,1026,1029,-1,1029,1026,1030,-1,1029,1030,1031,-1,1032,1033,1034,-1,1035,1036,1037,-1,1037,1036,1032,-1,1032,1034,1037,-1,1037,1034,1038,-1,1037,1038,1039,-1,1025,1035,1037,-1,1025,1037,1026,-1,1026,1037,1039,-1,1026,1039,1030,-1,1031,1038,1029,-1,1029,1038,1034,-1,1029,1034,1027,-1,1027,1034,1033,-1,1030,1039,1031,-1,1031,1039,1038,-1,1040,1041,1042,-1,1042,1043,1040,-1,1040,1043,1044,-1,1040,1044,1045,-1,1045,1044,1046,-1,1045,1046,1047,-1,1047,1046,1048,-1,1047,1048,1049,-1,1049,1048,1050,-1,1049,1050,1051,-1,1051,1050,1052,-1,1051,1052,1053,-1,1053,1052,1054,-1,1053,1054,1055,-1,1055,1054,1056,-1,1055,1056,1057,-1,1057,1056,1058,-1,1057,1058,1059,-1,1059,1058,1060,-1,1059,1060,1061,-1,1061,1060,1062,-1,1061,1062,1063,-1,1063,1062,1064,-1,1064,1062,1065,-1,1064,1065,1066,-1,1067,1068,1069,-1,1069,1068,1070,-1,1069,1070,1071,-1,1071,1070,1072,-1,1071,1072,1073,-1,1074,1075,1076,-1,1076,1075,1077,-1,1076,1077,1078,-1,1078,1077,1079,-1,1078,1079,1080,-1,1080,1079,1081,-1,1080,1081,1082,-1,1082,1081,1083,-1,1082,1083,1084,-1,1084,1083,1085,-1,1084,1085,1086,-1,1086,1085,1087,-1,1086,1087,1088,-1,1088,1087,1089,-1,1088,1089,1090,-1,1090,1089,1091,-1,1090,1091,1067,-1,1067,1091,1092,-1,1067,1092,1068,-1,1093,1094,1095,-1,1096,1097,1098,-1,1098,1097,1099,-1,1099,1100,1098,-1,1098,1100,1101,-1,1098,1101,1102,-1,1102,1101,1103,-1,1102,1103,1104,-1,1104,1103,1105,-1,1104,1105,1106,-1,1106,1105,1107,-1,1107,1105,1108,-1,1107,1108,1109,-1,1109,1108,1110,-1,1109,1110,1111,-1,1111,1110,1112,-1,1111,1112,1113,-1,1096,1098,1114,-1,1114,1098,1115,-1,1114,1115,1116,-1,1113,1117,1111,-1,1111,1117,1118,-1,1111,1118,1095,-1,1095,1118,1119,-1,1095,1119,1093,-1,1120,1121,1122,-1,1123,1124,1125,-1,1122,1121,1126,-1,1126,1121,1127,-1,1126,1127,1128,-1,1128,1127,1129,-1,1128,1129,1130,-1,1130,1129,1131,-1,1130,1131,1125,-1,1125,1131,1132,-1,1125,1132,1123,-1,1124,1133,1125,-1,1125,1133,1134,-1,1125,1134,1135,-1,1135,1134,1136,-1,1137,1138,1139,-1,1139,1138,1140,-1,1139,1140,1141,-1,1122,1142,1120,-1,1120,1142,1139,-1,1120,1139,1143,-1,1143,1139,1141,-1,1144,1145,1137,-1,1137,1145,1146,-1,1137,1146,1138,-1,1116,1136,1134,-1,1116,1134,1114,-1,1114,1134,1133,-1,1114,1133,1096,-1,1096,1133,1124,-1,1096,1124,1097,-1,1097,1124,1099,-1,1099,1124,1123,-1,1099,1123,1100,-1,1123,1132,1100,-1,1100,1132,1131,-1,1100,1131,1101,-1,1101,1131,1129,-1,1101,1129,1103,-1,1103,1129,1127,-1,1103,1127,1105,-1,1105,1127,1121,-1,1105,1121,1108,-1,1108,1121,1120,-1,1108,1120,1110,-1,1110,1120,1143,-1,1110,1143,1112,-1,1112,1143,1113,-1,1113,1143,1141,-1,1113,1141,1117,-1,1141,1140,1117,-1,1117,1140,1138,-1,1117,1138,1118,-1,1118,1138,1119,-1,1119,1138,1146,-1,1119,1146,1093,-1,1146,1145,1093,-1,1093,1145,1144,-1,1093,1144,1094,-1,1147,1148,1149,-1,1150,1151,1147,-1,1147,1149,1150,-1,1150,1149,1152,-1,1150,1152,1153,-1,1154,1155,1156,-1,1157,1158,1154,-1,1154,1156,1157,-1,1157,1156,1159,-1,1157,1159,1160,-1,1148,1158,1157,-1,1148,1157,1149,-1,1149,1157,1160,-1,1149,1160,1152,-1,1153,1159,1150,-1,1150,1159,1156,-1,1150,1156,1151,-1,1151,1156,1155,-1,1152,1160,1153,-1,1153,1160,1159,-1,1161,1162,1163,-1,1163,1164,1161,-1,1161,1164,1165,-1,1161,1165,1166,-1,1166,1165,1167,-1,1166,1167,1168,-1,1168,1167,1169,-1,1168,1169,1170,-1,1170,1169,1171,-1,1170,1171,1172,-1,1172,1171,1173,-1,1172,1173,1174,-1,1174,1173,1175,-1,1174,1175,1176,-1,1176,1175,1177,-1,1176,1177,1178,-1,1178,1177,1179,-1,1178,1179,1180,-1,1180,1179,1181,-1,1180,1181,1182,-1,1182,1181,1183,-1,1182,1183,1184,-1,1184,1183,1185,-1,1185,1183,1186,-1,1185,1186,1187,-1,1188,1189,1190,-1,1190,1189,1191,-1,1192,1193,1191,-1,1191,1193,1194,-1,1191,1194,1190,-1,1195,1196,1197,-1,1197,1196,1198,-1,1197,1198,1199,-1,1199,1198,1200,-1,1199,1200,1201,-1,1201,1200,1202,-1,1201,1202,1203,-1,1203,1202,1204,-1,1203,1204,1205,-1,1205,1204,1206,-1,1205,1206,1207,-1,1207,1206,1208,-1,1207,1208,1209,-1,1209,1208,1210,-1,1209,1210,1211,-1,1211,1210,1212,-1,1211,1212,1192,-1,1192,1212,1213,-1,1192,1213,1193,-1,1214,1215,1216,-1,1217,1218,1219,-1,1219,1218,1220,-1,1220,1221,1219,-1,1219,1221,1222,-1,1219,1222,1223,-1,1223,1222,1224,-1,1223,1224,1225,-1,1225,1224,1226,-1,1225,1226,1227,-1,1228,1229,1230,-1,1230,1229,1231,-1,1230,1231,1216,-1,1216,1231,1232,-1,1216,1232,1214,-1,1217,1219,1233,-1,1233,1219,1234,-1,1233,1234,1235,-1,1227,1226,1236,-1,1236,1226,1237,-1,1236,1237,1238,-1,1238,1237,1239,-1,1238,1239,1230,-1,1230,1239,1240,-1,1230,1240,1228,-1,1241,1242,1243,-1,1244,1245,1246,-1,1243,1242,1247,-1,1247,1242,1248,-1,1247,1248,1249,-1,1249,1248,1250,-1,1249,1250,1251,-1,1251,1250,1252,-1,1251,1252,1246,-1,1246,1252,1253,-1,1246,1253,1244,-1,1245,1254,1246,-1,1246,1254,1255,-1,1246,1255,1256,-1,1256,1255,1257,-1,1258,1259,1260,-1,1260,1261,1258,-1,1258,1261,1262,-1,1258,1262,1263,-1,1263,1262,1264,-1,1263,1264,1265,-1,1243,1266,1241,-1,1241,1266,1263,-1,1241,1263,1267,-1,1267,1263,1265,-1,1235,1257,1255,-1,1235,1255,1233,-1,1233,1255,1254,-1,1233,1254,1217,-1,1217,1254,1245,-1,1217,1245,1218,-1,1218,1245,1220,-1,1220,1245,1244,-1,1220,1244,1221,-1,1244,1253,1221,-1,1221,1253,1252,-1,1221,1252,1222,-1,1222,1252,1250,-1,1222,1250,1224,-1,1224,1250,1248,-1,1224,1248,1226,-1,1226,1248,1242,-1,1226,1242,1237,-1,1237,1242,1241,-1,1237,1241,1239,-1,1239,1241,1267,-1,1239,1267,1240,-1,1240,1267,1228,-1,1228,1267,1265,-1,1228,1265,1229,-1,1265,1264,1229,-1,1229,1264,1262,-1,1229,1262,1231,-1,1231,1262,1232,-1,1232,1262,1261,-1,1232,1261,1214,-1,1261,1260,1214,-1,1214,1260,1259,-1,1214,1259,1215,-1,1268,1269,1270,-1,1271,1272,1268,-1,1268,1270,1271,-1,1271,1270,1273,-1,1271,1273,1274,-1,1275,1276,1277,-1,1278,1279,1275,-1,1275,1277,1278,-1,1278,1277,1280,-1,1278,1280,1281,-1,1269,1279,1278,-1,1269,1278,1270,-1,1270,1278,1281,-1,1270,1281,1273,-1,1274,1280,1271,-1,1271,1280,1277,-1,1271,1277,1272,-1,1272,1277,1276,-1,1273,1281,1274,-1,1274,1281,1280,-1,1282,1283,1284,-1,1285,1286,1287,-1,1284,1288,1282,-1,1282,1288,1289,-1,1282,1289,1290,-1,1290,1289,1291,-1,1290,1291,1292,-1,1292,1291,1293,-1,1292,1293,1294,-1,1294,1293,1295,-1,1294,1295,1296,-1,1296,1295,1297,-1,1296,1297,1298,-1,1298,1297,1299,-1,1298,1299,1300,-1,1300,1299,1301,-1,1300,1301,1302,-1,1302,1301,1303,-1,1302,1303,1304,-1,1304,1303,1305,-1,1304,1305,1306,-1,1306,1305,1285,-1,1306,1285,1307,-1,1307,1285,1287,-1,1308,1309,1310,-1,1310,1309,1311,-1,1310,1311,1312,-1,1312,1311,1313,-1,1314,1315,1316,-1,1316,1315,1317,-1,1316,1317,1318,-1,1318,1317,1319,-1,1318,1319,1320,-1,1320,1319,1321,-1,1320,1321,1322,-1,1322,1321,1323,-1,1322,1323,1324,-1,1324,1323,1325,-1,1324,1325,1326,-1,1326,1325,1327,-1,1326,1327,1328,-1,1328,1327,1329,-1,1328,1329,1330,-1,1330,1329,1331,-1,1330,1331,1313,-1,1313,1331,1332,-1,1313,1332,1312,-1,1333,1334,1335,-1,1336,1337,1338,-1,1338,1337,1339,-1,1339,1340,1338,-1,1338,1340,1341,-1,1338,1341,1342,-1,1342,1341,1343,-1,1342,1343,1344,-1,1344,1343,1345,-1,1344,1345,1346,-1,1346,1345,1347,-1,1347,1345,1348,-1,1347,1348,1349,-1,1349,1348,1350,-1,1349,1350,1351,-1,1351,1350,1352,-1,1351,1352,1353,-1,1336,1338,1354,-1,1354,1338,1355,-1,1354,1355,1356,-1,1353,1357,1351,-1,1351,1357,1358,-1,1351,1358,1335,-1,1335,1358,1359,-1,1335,1359,1333,-1,1360,1361,1362,-1,1363,1364,1365,-1,1362,1361,1366,-1,1366,1361,1367,-1,1366,1367,1368,-1,1368,1367,1369,-1,1368,1369,1370,-1,1370,1369,1371,-1,1370,1371,1365,-1,1365,1371,1372,-1,1365,1372,1363,-1,1364,1373,1365,-1,1365,1373,1374,-1,1365,1374,1375,-1,1375,1374,1376,-1,1377,1378,1379,-1,1379,1380,1377,-1,1377,1380,1381,-1,1377,1381,1382,-1,1382,1381,1383,-1,1382,1383,1384,-1,1362,1385,1360,-1,1360,1385,1382,-1,1360,1382,1386,-1,1386,1382,1384,-1,1356,1376,1374,-1,1356,1374,1354,-1,1354,1374,1373,-1,1354,1373,1336,-1,1336,1373,1364,-1,1336,1364,1337,-1,1337,1364,1339,-1,1339,1364,1363,-1,1339,1363,1340,-1,1363,1372,1340,-1,1340,1372,1371,-1,1340,1371,1341,-1,1341,1371,1369,-1,1341,1369,1343,-1,1343,1369,1367,-1,1343,1367,1345,-1,1345,1367,1361,-1,1345,1361,1348,-1,1348,1361,1360,-1,1348,1360,1350,-1,1350,1360,1386,-1,1350,1386,1352,-1,1352,1386,1353,-1,1353,1386,1384,-1,1353,1384,1357,-1,1384,1383,1357,-1,1357,1383,1381,-1,1357,1381,1358,-1,1358,1381,1359,-1,1359,1381,1380,-1,1359,1380,1333,-1,1380,1379,1333,-1,1333,1379,1378,-1,1333,1378,1334,-1,1387,1388,1389,-1,1390,1391,1387,-1,1387,1389,1390,-1,1390,1389,1392,-1,1390,1392,1393,-1,1394,1395,1396,-1,1397,1398,1394,-1,1394,1396,1397,-1,1397,1396,1399,-1,1397,1399,1400,-1,1388,1398,1397,-1,1388,1397,1389,-1,1389,1397,1400,-1,1389,1400,1392,-1,1393,1399,1390,-1,1390,1399,1396,-1,1390,1396,1391,-1,1391,1396,1395,-1,1392,1400,1393,-1,1393,1400,1399,-1,1401,1402,1403,-1,1403,1404,1401,-1,1401,1404,1405,-1,1401,1405,1406,-1,1406,1405,1407,-1,1406,1407,1408,-1,1408,1407,1409,-1,1408,1409,1410,-1,1410,1409,1411,-1,1410,1411,1412,-1,1412,1411,1413,-1,1412,1413,1414,-1,1414,1413,1415,-1,1414,1415,1416,-1,1416,1415,1417,-1,1416,1417,1418,-1,1418,1417,1419,-1,1418,1419,1420,-1,1420,1419,1421,-1,1420,1421,1422,-1,1422,1421,1423,-1,1422,1423,1424,-1,1425,1426,1423,-1,1423,1426,1427,-1,1423,1427,1424,-1,1428,1429,1430,-1,1430,1429,1431,-1,1432,1433,1431,-1,1431,1433,1434,-1,1431,1434,1430,-1,1435,1436,1437,-1,1437,1436,1438,-1,1437,1438,1439,-1,1439,1438,1440,-1,1439,1440,1441,-1,1441,1440,1442,-1,1441,1442,1443,-1,1443,1442,1444,-1,1443,1444,1445,-1,1445,1444,1446,-1,1445,1446,1447,-1,1447,1446,1448,-1,1447,1448,1449,-1,1449,1448,1450,-1,1449,1450,1451,-1,1451,1450,1452,-1,1451,1452,1432,-1,1432,1452,1453,-1,1432,1453,1433,-1,
        ]
    }
}
Shape{
    appearance Appearance {
        material  Material 	{
            diffuseColor 0.2235294117647059 0.2235294117647059 0.2235294117647059
            specularColor 0.11372549019607843 0.11372549019607843 0.11372549019607843
            ambientIntensity 0.2235
            transparency 0.0
            shininess 0.5
        }
    }
    geometry IndexedFaceSet {
        ccw TRUE
        solid FALSE
        coord DEF co Coordinate {
            point [
                0.4133 0.2618 0.4213, 0.5315 0.2618 0.4213, 0.5315 0.2622 0.4243, 0.4133 0.2622 0.4243, 0.5315 0.2634 0.4272, 0.4133 0.2634 0.4272, 0.5315 0.2653 0.4296, 0.4133 0.2653 0.4296, 0.5315 0.2677 0.4315, 0.4133 0.2677 0.4315, 0.5315 0.2706 0.4327, 0.4133 0.2706 0.4327, 0.5315 0.2736 0.4331, 0.4133 0.2736 0.4331, 0.4133 0.2618 0.1181, 0.5315 0.2618 0.1181, 0.5315 0.3248 0.4331, 0.4133 0.3248 0.4331, 0.4133 0.3248 0.4356, 0.5315 0.3248 0.4356, 0.4133 0.2539 0.4217, 0.4133 0.2539 0.4252, 0.4133 0.2542 0.4282, 0.4133 0.2604 0.4379, 0.4133 0.2575 0.4352, 0.4133 0.2555 0.4319, 0.4133 0.292 0.4409, 0.4133 0.2747 0.4409, 0.4133 0.2697 0.4409, 0.4133 0.2674 0.4408, 0.4133 0.2638 0.4398, 0.4133 0.3068 0.4409, 0.4133 0.313 0.4409, 0.4133 0.323 0.4374, 0.4133 0.2539 0.3766, 0.4133 0.2539 0.1669, 0.4133 0.2539 0.1181, 0.4133 0.3197 0.4394, 0.4133 0.316 0.4407, 0.5315 0.2555 0.4319, 0.5315 0.292 0.4409, 0.5315 0.2697 0.4409, 0.5315 0.2747 0.4409, 0.5315 0.2542 0.4282, 0.5315 0.2539 0.4252, 0.5315 0.2539 0.4217, 0.5315 0.2539 0.3766, 0.5315 0.2575 0.4352, 0.5315 0.2604 0.4379, 0.5315 0.2638 0.4398, 0.5315 0.2674 0.4408, 0.5315 0.3068 0.4409, 0.5315 0.313 0.4409, 0.5315 0.316 0.4407, 0.5315 0.2539 0.1669, 0.5315 0.2539 0.1181, 0.5315 0.3197 0.4394, 0.5315 0.323 0.4374
            ]
        }
        coordIndex [
            0,1,2,-1,0,2,3,-1,3,2,4,-1,3,4,5,-1,5,4,6,-1,5,6,7,-1,7,6,8,-1,7,8,9,-1,9,8,10,-1,9,10,11,-1,11,10,12,-1,11,12,13,-1,0,14,1,-1,1,14,15,-1,12,16,13,-1,13,16,17,-1,18,17,19,-1,19,17,16,-1,20,0,21,-1,21,0,3,-1,21,3,22,-1,22,3,5,-1,9,23,7,-1,7,23,24,-1,7,24,5,-1,5,24,25,-1,5,25,22,-1,26,27,13,-1,13,27,28,-1,13,28,11,-1,11,28,29,-1,11,29,9,-1,9,29,30,-1,9,30,23,-1,26,13,31,-1,31,13,17,-1,31,17,32,-1,17,18,33,-1,20,34,0,-1,0,34,35,-1,0,35,14,-1,14,35,36,-1,33,37,17,-1,17,37,38,-1,17,38,32,-1,6,4,39,-1,16,12,40,-1,10,41,12,-1,12,41,42,-1,12,42,40,-1,39,4,43,-1,43,4,2,-1,43,2,44,-1,44,2,45,-1,45,2,1,-1,45,1,46,-1,39,47,6,-1,6,47,48,-1,6,48,8,-1,8,48,49,-1,8,49,10,-1,10,49,50,-1,10,50,41,-1,40,51,16,-1,16,51,52,-1,16,52,53,-1,46,1,54,-1,54,1,15,-1,54,15,55,-1,53,56,16,-1,16,56,57,-1,16,57,19,-1,55,15,36,-1,36,15,14,-1,
        ]
    }
}
Shape{
    appearance Appearance {
        material  Material 	{
            diffuseColor 0.8313725490196079 0.6705882352941176 0.12941176470588237
            specularColor 0.6666666666666666 0.5372549019607843 0.10196078431372549
            ambientIntensity 0.657
            transparency 0.0
            shininess 0.5
        }
    }
    geometry IndexedFaceSet {
        ccw TRUE
        solid FALSE
        coord DEF co Coordinate {
            point [
                0.5315 0.2539 0.1181, 0.4133 0.2539 0.1181, 0.4133 0.2539 0.1669, 0.4133 0.323 0.4374, 0.4133 0.3248 0.4356, 0.5315 0.3248 0.4356, 0.5315 0.2539 0.1669, 0.4133 0.2539 0.3766, 0.5315 0.2539 0.3766, 0.4133 0.2539 0.4217, 0.5315 0.2539 0.4217, 0.5315 0.2539 0.4252, 0.4133 0.2539 0.4252, 0.5315 0.2542 0.4282, 0.4133 0.2542 0.4282, 0.4133 0.2555 0.4319, 0.5315 0.2555 0.4319, 0.4133 0.2575 0.4352, 0.5315 0.2575 0.4352, 0.4133 0.2604 0.4379, 0.5315 0.2604 0.4379, 0.4133 0.2638 0.4398, 0.5315 0.2638 0.4398, 0.4133 0.2674 0.4408, 0.5315 0.2674 0.4408, 0.5315 0.2697 0.4409, 0.4133 0.2697 0.4409, 0.5315 0.2747 0.4409, 0.4133 0.2747 0.4409, 0.4133 0.292 0.4409, 0.5315 0.292 0.4409, 0.4133 0.3068 0.4409, 0.5315 0.3068 0.4409, 0.5315 0.313 0.4409, 0.4133 0.313 0.4409, 0.5315 0.316 0.4407, 0.5315 0.323 0.4374, 0.5315 0.3197 0.4394, 0.4133 0.3197 0.4394, 0.4133 0.316 0.4407
            ]
        }
        coordIndex [
            0,1,2,-1,3,4,5,-1,0,2,6,-1,6,2,7,-1,6,7,8,-1,8,7,9,-1,8,9,10,-1,10,9,11,-1,11,9,12,-1,11,12,13,-1,12,14,13,-1,13,14,15,-1,13,15,16,-1,16,15,17,-1,16,17,18,-1,18,17,19,-1,18,19,20,-1,20,19,21,-1,20,21,22,-1,22,21,23,-1,22,23,24,-1,24,23,25,-1,25,23,26,-1,25,26,27,-1,26,28,27,-1,27,28,29,-1,27,29,30,-1,30,29,31,-1,30,31,32,-1,32,31,33,-1,33,31,34,-1,33,34,35,-1,5,36,3,-1,3,36,37,-1,3,37,38,-1,38,37,35,-1,38,35,39,-1,39,35,34,-1,
        ]
    }
}
Shape{
    appearance Appearance {
        material  Material 	{
            diffuseColor 0.2235294117647059 0.2235294117647059 0.2235294117647059
            specularColor 0.11372549019607843 0.11372549019607843 0.11372549019607843
            ambientIntensity 0.2235
            transparency 0.0
            shininess 0.5
        }
    }
    geometry IndexedFaceSet {
        ccw TRUE
        solid FALSE
        coord DEF co Coordinate {
            point [
                0.2559 0.2618 0.4213, 0.374 0.2618 0.4213, 0.374 0.2622 0.4243, 0.2559 0.2622 0.4243, 0.374 0.2634 0.4272, 0.2559 0.2634 0.4272, 0.374 0.2653 0.4296, 0.2559 0.2653 0.4296, 0.374 0.2677 0.4315, 0.2559 0.2677 0.4315, 0.374 0.2706 0.4327, 0.2559 0.2706 0.4327, 0.374 0.2736 0.4331, 0.2559 0.2736 0.4331, 0.2559 0.2618 0.1181, 0.374 0.2618 0.1181, 0.374 0.3248 0.4331, 0.2559 0.3248 0.4331, 0.2559 0.3248 0.4356, 0.374 0.3248 0.4356, 0.2559 0.2539 0.4249, 0.2559 0.2539 0.3963, 0.2559 0.2539 0.1866, 0.2559 0.2539 0.1181, 0.2559 0.2539 0.4252, 0.2559 0.2544 0.4289, 0.2559 0.2558 0.4325, 0.2559 0.258 0.4357, 0.2559 0.261 0.4383, 0.2559 0.2644 0.44, 0.2559 0.2681 0.4409, 0.2559 0.2697 0.4409, 0.2559 0.2772 0.4409, 0.2559 0.3068 0.4409, 0.2559 0.313 0.4409, 0.2559 0.323 0.4374, 0.2559 0.3197 0.4394, 0.2559 0.316 0.4407, 0.374 0.2539 0.3963, 0.374 0.2539 0.4249, 0.374 0.2539 0.4252, 0.374 0.2544 0.4289, 0.374 0.2558 0.4325, 0.374 0.2539 0.1866, 0.374 0.2539 0.1181, 0.374 0.2772 0.4409, 0.374 0.258 0.4357, 0.374 0.261 0.4383, 0.374 0.2644 0.44, 0.374 0.2681 0.4409, 0.374 0.2697 0.4409, 0.374 0.3068 0.4409, 0.374 0.313 0.4409, 0.374 0.316 0.4407, 0.374 0.3197 0.4394, 0.374 0.323 0.4374
            ]
        }
        coordIndex [
            0,1,2,-1,0,2,3,-1,3,2,4,-1,3,4,5,-1,5,4,6,-1,5,6,7,-1,7,6,8,-1,7,8,9,-1,9,8,10,-1,9,10,11,-1,11,10,12,-1,11,12,13,-1,0,14,1,-1,1,14,15,-1,12,16,13,-1,13,16,17,-1,18,17,19,-1,19,17,16,-1,20,21,0,-1,0,21,22,-1,0,22,14,-1,14,22,23,-1,20,0,24,-1,24,0,3,-1,24,3,25,-1,25,3,5,-1,25,5,26,-1,26,5,27,-1,27,5,7,-1,27,7,28,-1,28,7,9,-1,28,9,29,-1,29,9,30,-1,30,9,11,-1,30,11,31,-1,31,11,13,-1,31,13,32,-1,32,13,33,-1,33,13,17,-1,33,17,34,-1,17,18,35,-1,35,36,17,-1,17,36,37,-1,17,37,34,-1,38,39,1,-1,1,39,2,-1,39,40,2,-1,2,40,41,-1,2,41,4,-1,4,41,42,-1,4,42,6,-1,38,1,43,-1,43,1,15,-1,43,15,44,-1,16,12,45,-1,42,46,6,-1,6,46,47,-1,6,47,8,-1,8,47,48,-1,8,48,10,-1,10,48,49,-1,10,49,12,-1,12,49,50,-1,12,50,45,-1,45,51,16,-1,16,51,52,-1,16,52,53,-1,53,54,16,-1,16,54,55,-1,16,55,19,-1,44,15,23,-1,23,15,14,-1,
        ]
    }
}
Shape{
    appearance Appearance {
        material  Material 	{
            diffuseColor 0.8313725490196079 0.6705882352941176 0.12941176470588237
            specularColor 0.6666666666666666 0.5372549019607843 0.10196078431372549
            ambientIntensity 0.657
            transparency 0.0
            shininess 0.5
        }
    }
    geometry IndexedFaceSet {
        ccw TRUE
        solid FALSE
        coord DEF co Coordinate {
            point [
                0.374 0.2539 0.1181, 0.2559 0.2539 0.1181, 0.2559 0.2539 0.1866, 0.2559 0.323 0.4374, 0.2559 0.3248 0.4356, 0.374 0.3248 0.4356, 0.374 0.2539 0.1866, 0.2559 0.2539 0.3963, 0.374 0.2539 0.3963, 0.2559 0.2539 0.4249, 0.374 0.2539 0.4249, 0.374 0.2539 0.4252, 0.2559 0.2539 0.4252, 0.374 0.2544 0.4289, 0.2559 0.2544 0.4289, 0.2559 0.2558 0.4325, 0.374 0.2558 0.4325, 0.2559 0.258 0.4357, 0.374 0.258 0.4357, 0.2559 0.261 0.4383, 0.374 0.261 0.4383, 0.2559 0.2644 0.44, 0.374 0.2644 0.44, 0.2559 0.2681 0.4409, 0.374 0.2681 0.4409, 0.374 0.2697 0.4409, 0.2559 0.2697 0.4409, 0.374 0.2772 0.4409, 0.2559 0.2772 0.4409, 0.2559 0.3068 0.4409, 0.374 0.3068 0.4409, 0.374 0.313 0.4409, 0.2559 0.313 0.4409, 0.374 0.316 0.4407, 0.374 0.323 0.4374, 0.374 0.3197 0.4394, 0.2559 0.3197 0.4394, 0.2559 0.316 0.4407
            ]
        }
        coordIndex [
            0,1,2,-1,3,4,5,-1,0,2,6,-1,6,2,7,-1,6,7,8,-1,8,7,9,-1,8,9,10,-1,10,9,11,-1,11,9,12,-1,11,12,13,-1,12,14,13,-1,13,14,15,-1,13,15,16,-1,16,15,17,-1,16,17,18,-1,18,17,19,-1,18,19,20,-1,20,19,21,-1,20,21,22,-1,22,21,23,-1,22,23,24,-1,24,23,25,-1,25,23,26,-1,25,26,27,-1,26,28,27,-1,27,28,29,-1,27,29,30,-1,30,29,31,-1,31,29,32,-1,31,32,33,-1,5,34,3,-1,3,34,35,-1,3,35,36,-1,36,35,33,-1,36,33,37,-1,37,33,32,-1,
        ]
    }
}
Shape{
    appearance Appearance {
        material  Material 	{
            diffuseColor 0.2235294117647059 0.2235294117647059 0.2235294117647059
            specularColor 0.11372549019607843 0.11372549019607843 0.11372549019607843
            ambientIntensity 0.2235
            transparency 0.0
            shininess 0.5
        }
    }
    geometry IndexedFaceSet {
        ccw TRUE
        solid FALSE
        coord DEF co Coordinate {
            point [
                0.0984 0.2618 0.4213, 0.2165 0.2618 0.4213, 0.2165 0.2622 0.4243, 0.0984 0.2622 0.4243, 0.2165 0.2634 0.4272, 0.0984 0.2634 0.4272, 0.2165 0.2653 0.4296, 0.0984 0.2653 0.4296, 0.2165 0.2677 0.4315, 0.0984 0.2677 0.4315, 0.2165 0.2706 0.4327, 0.0984 0.2706 0.4327, 0.2165 0.2736 0.4331, 0.0984 0.2736 0.4331, 0.0984 0.2618 0.1181, 0.2165 0.2618 0.1181, 0.2165 0.3248 0.4331, 0.0984 0.3248 0.4331, 0.0984 0.3248 0.4356, 0.2165 0.3248 0.4356, 0.0984 0.2539 0.4217, 0.0984 0.2539 0.4252, 0.0984 0.2542 0.4282, 0.0984 0.2604 0.4379, 0.0984 0.2575 0.4352, 0.0984 0.2555 0.4319, 0.0984 0.292 0.4409, 0.0984 0.2747 0.4409, 0.0984 0.2697 0.4409, 0.0984 0.2674 0.4408, 0.0984 0.2638 0.4398, 0.0984 0.3068 0.4409, 0.0984 0.313 0.4409, 0.0984 0.323 0.4374, 0.0984 0.2539 0.3766, 0.0984 0.2539 0.1669, 0.0984 0.2539 0.1181, 0.0984 0.3197 0.4394, 0.0984 0.316 0.4407, 0.2165 0.2555 0.4319, 0.2165 0.292 0.4409, 0.2165 0.2697 0.4409, 0.2165 0.2747 0.4409, 0.2165 0.2542 0.4282, 0.2165 0.2539 0.4252, 0.2165 0.2539 0.4217, 0.2165 0.2539 0.3766, 0.2165 0.2575 0.4352, 0.2165 0.2604 0.4379, 0.2165 0.2638 0.4398, 0.2165 0.2674 0.4408, 0.2165 0.3068 0.4409, 0.2165 0.313 0.4409, 0.2165 0.316 0.4407, 0.2165 0.2539 0.1669, 0.2165 0.2539 0.1181, 0.2165 0.3197 0.4394, 0.2165 0.323 0.4374
            ]
        }
        coordIndex [
            0,1,2,-1,0,2,3,-1,3,2,4,-1,3,4,5,-1,5,4,6,-1,5,6,7,-1,7,6,8,-1,7,8,9,-1,9,8,10,-1,9,10,11,-1,11,10,12,-1,11,12,13,-1,0,14,1,-1,1,14,15,-1,12,16,13,-1,13,16,17,-1,18,17,19,-1,19,17,16,-1,20,0,21,-1,21,0,3,-1,21,3,22,-1,22,3,5,-1,9,23,7,-1,7,23,24,-1,7,24,5,-1,5,24,25,-1,5,25,22,-1,26,27,13,-1,13,27,28,-1,13,28,11,-1,11,28,29,-1,11,29,9,-1,9,29,30,-1,9,30,23,-1,26,13,31,-1,31,13,17,-1,31,17,32,-1,17,18,33,-1,20,34,0,-1,0,34,35,-1,0,35,14,-1,14,35,36,-1,33,37,17,-1,17,37,38,-1,17,38,32,-1,6,4,39,-1,16,12,40,-1,10,41,12,-1,12,41,42,-1,12,42,40,-1,39,4,43,-1,43,4,2,-1,43,2,44,-1,44,2,45,-1,45,2,1,-1,45,1,46,-1,39,47,6,-1,6,47,48,-1,6,48,8,-1,8,48,49,-1,8,49,10,-1,10,49,50,-1,10,50,41,-1,40,51,16,-1,16,51,52,-1,16,52,53,-1,46,1,54,-1,54,1,15,-1,54,15,55,-1,53,56,16,-1,16,56,57,-1,16,57,19,-1,55,15,36,-1,36,15,14,-1,
        ]
    }
}
Shape{
    appearance Appearance {
        material  Material 	{
            diffuseColor 0.8313725490196079 0.6705882352941176 0.12941176470588237
            specularColor 0.6666666666666666 0.5372549019607843 0.10196078431372549
            ambientIntensity 0.657
            transparency 0.0
            shininess 0.5
        }
    }
    geometry IndexedFaceSet {
        ccw TRUE
        solid FALSE
        coord DEF co Coordinate {
            point [
                0.2165 0.2539 0.1181, 0.0984 0.2539 0.1181, 0.0984 0.2539 0.1669, 0.0984 0.323 0.4374, 0.0984 0.3248 0.4356, 0.2165 0.3248 0.4356, 0.2165 0.2539 0.1669, 0.0984 0.2539 0.3766, 0.2165 0.2539 0.3766, 0.0984 0.2539 0.4217, 0.2165 0.2539 0.4217, 0.2165 0.2539 0.4252, 0.0984 0.2539 0.4252, 0.2165 0.2542 0.4282, 0.0984 0.2542 0.4282, 0.0984 0.2555 0.4319, 0.2165 0.2555 0.4319, 0.0984 0.2575 0.4352, 0.2165 0.2575 0.4352, 0.0984 0.2604 0.4379, 0.2165 0.2604 0.4379, 0.0984 0.2638 0.4398, 0.2165 0.2638 0.4398, 0.0984 0.2674 0.4408, 0.2165 0.2674 0.4408, 0.2165 0.2697 0.4409, 0.0984 0.2697 0.4409, 0.2165 0.2747 0.4409, 0.0984 0.2747 0.4409, 0.0984 0.292 0.4409, 0.2165 0.292 0.4409, 0.0984 0.3068 0.4409, 0.2165 0.3068 0.4409, 0.2165 0.313 0.4409, 0.0984 0.313 0.4409, 0.2165 0.316 0.4407, 0.2165 0.323 0.4374, 0.2165 0.3197 0.4394, 0.0984 0.3197 0.4394, 0.0984 0.316 0.4407
            ]
        }
        coordIndex [
            0,1,2,-1,3,4,5,-1,0,2,6,-1,6,2,7,-1,6,7,8,-1,8,7,9,-1,8,9,10,-1,10,9,11,-1,11,9,12,-1,11,12,13,-1,12,14,13,-1,13,14,15,-1,13,15,16,-1,16,15,17,-1,16,17,18,-1,18,17,19,-1,18,19,20,-1,20,19,21,-1,20,21,22,-1,22,21,23,-1,22,23,24,-1,24,23,25,-1,25,23,26,-1,25,26,27,-1,26,28,27,-1,27,28,29,-1,27,29,30,-1,30,29,31,-1,30,31,32,-1,32,31,33,-1,33,31,34,-1,33,34,35,-1,5,36,3,-1,3,36,37,-1,3,37,38,-1,38,37,35,-1,38,35,39,-1,39,35,34,-1,
        ]
    }
}
Shape{
    appearance Appearance {
        material  Material 	{
            diffuseColor 0.2235294117647059 0.2235294117647059 0.2235294117647059
            specularColor 0.11372549019607843 0.11372549019607843 0.11372549019607843
            ambientIntensity 0.2235
            transparency 0.0
            shininess 0.5
        }
    }
    geometry IndexedFaceSet {
        ccw TRUE
        solid FALSE
        coord DEF co Coordinate {
            point [
                -0.0591 0.2618 0.4213, 0.059 0.2618 0.4213, 0.059 0.2622 0.4243, -0.0591 0.2622 0.4243, 0.059 0.2634 0.4272, -0.0591 0.2634 0.4272, 0.059 0.2653 0.4296, -0.0591 0.2653 0.4296, 0.059 0.2677 0.4315, -0.0591 0.2677 0.4315, 0.059 0.2706 0.4327, -0.0591 0.2706 0.4327, 0.059 0.2736 0.4331, -0.0591 0.2736 0.4331, -0.0591 0.2618 0.1181, 0.059 0.2618 0.1181, 0.059 0.3248 0.4331, -0.0591 0.3248 0.4331, -0.0591 0.3248 0.4356, 0.059 0.3248 0.4356, -0.0591 0.2539 0.1181, -0.0591 0.2539 0.1669, -0.0591 0.2539 0.3766, -0.0591 0.2542 0.4282, -0.0591 0.2539 0.4252, -0.0591 0.2539 0.4217, -0.0591 0.2604 0.4379, -0.0591 0.2575 0.4352, -0.0591 0.2555 0.4319, -0.0591 0.292 0.4409, -0.0591 0.2747 0.4409, -0.0591 0.2697 0.4409, -0.0591 0.2674 0.4408, -0.0591 0.2638 0.4398, -0.0591 0.3068 0.4409, -0.0591 0.313 0.4409, -0.0591 0.323 0.4374, -0.0591 0.3197 0.4394, -0.0591 0.316 0.4407, 0.059 0.2539 0.3766, 0.059 0.2539 0.4217, 0.059 0.2539 0.4252, 0.059 0.2542 0.4282, 0.059 0.2555 0.4319, 0.059 0.2539 0.1669, 0.059 0.2539 0.1181, 0.059 0.292 0.4409, 0.059 0.2697 0.4409, 0.059 0.2747 0.4409, 0.059 0.2575 0.4352, 0.059 0.2604 0.4379, 0.059 0.2638 0.4398, 0.059 0.2674 0.4408, 0.059 0.3068 0.4409, 0.059 0.313 0.4409, 0.059 0.316 0.4407, 0.059 0.3197 0.4394, 0.059 0.323 0.4374
            ]
        }
        coordIndex [
            0,1,2,-1,0,2,3,-1,3,2,4,-1,3,4,5,-1,5,4,6,-1,5,6,7,-1,7,6,8,-1,7,8,9,-1,9,8,10,-1,9,10,11,-1,11,10,12,-1,11,12,13,-1,0,14,1,-1,1,14,15,-1,12,16,13,-1,13,16,17,-1,18,17,19,-1,19,17,16,-1,20,14,21,-1,21,14,0,-1,21,0,22,-1,5,23,3,-1,3,23,24,-1,3,24,0,-1,0,24,25,-1,0,25,22,-1,9,26,7,-1,7,26,27,-1,7,27,5,-1,5,27,28,-1,5,28,23,-1,29,30,13,-1,13,30,31,-1,13,31,11,-1,11,31,32,-1,11,32,9,-1,9,32,33,-1,9,33,26,-1,29,13,34,-1,34,13,17,-1,34,17,35,-1,17,18,36,-1,36,37,17,-1,17,37,38,-1,17,38,35,-1,39,40,1,-1,1,40,2,-1,40,41,2,-1,2,41,42,-1,2,42,4,-1,4,42,43,-1,4,43,6,-1,39,1,44,-1,44,1,15,-1,44,15,45,-1,16,12,46,-1,10,47,12,-1,12,47,48,-1,12,48,46,-1,43,49,6,-1,6,49,50,-1,6,50,8,-1,8,50,51,-1,8,51,10,-1,10,51,52,-1,10,52,47,-1,46,53,16,-1,16,53,54,-1,16,54,55,-1,55,56,16,-1,16,56,57,-1,16,57,19,-1,45,15,20,-1,20,15,14,-1,
        ]
    }
}
Shape{
    appearance Appearance {
        material  Material 	{
            diffuseColor 0.8313725490196079 0.6705882352941176 0.12941176470588237
            specularColor 0.6666666666666666 0.5372549019607843 0.10196078431372549
            ambientIntensity 0.657
            transparency 0.0
            shininess 0.5
        }
    }
    geometry IndexedFaceSet {
        ccw TRUE
        solid FALSE
        coord DEF co Coordinate {
            point [
                0.059 0.2539 0.1181, -0.0591 0.2539 0.1181, -0.0591 0.2539 0.1669, -0.0591 0.323 0.4374, -0.0591 0.3248 0.4356, 0.059 0.3248 0.4356, 0.059 0.2539 0.1669, -0.0591 0.2539 0.3766, 0.059 0.2539 0.3766, -0.0591 0.2539 0.4217, 0.059 0.2539 0.4217, 0.059 0.2539 0.4252, -0.0591 0.2539 0.4252, 0.059 0.2542 0.4282, -0.0591 0.2542 0.4282, -0.0591 0.2555 0.4319, 0.059 0.2555 0.4319, -0.0591 0.2575 0.4352, 0.059 0.2575 0.4352, -0.0591 0.2604 0.4379, 0.059 0.2604 0.4379, -0.0591 0.2638 0.4398, 0.059 0.2638 0.4398, -0.0591 0.2674 0.4408, 0.059 0.2674 0.4408, 0.059 0.2697 0.4409, -0.0591 0.2697 0.4409, 0.059 0.2747 0.4409, -0.0591 0.2747 0.4409, -0.0591 0.292 0.4409, 0.059 0.292 0.4409, -0.0591 0.3068 0.4409, 0.059 0.3068 0.4409, 0.059 0.313 0.4409, -0.0591 0.313 0.4409, 0.059 0.316 0.4407, 0.059 0.323 0.4374, 0.059 0.3197 0.4394, -0.0591 0.3197 0.4394, -0.0591 0.316 0.4407
            ]
        }
        coordIndex [
            0,1,2,-1,3,4,5,-1,0,2,6,-1,6,2,7,-1,6,7,8,-1,8,7,9,-1,8,9,10,-1,10,9,11,-1,11,9,12,-1,11,12,13,-1,12,14,13,-1,13,14,15,-1,13,15,16,-1,16,15,17,-1,16,17,18,-1,18,17,19,-1,18,19,20,-1,20,19,21,-1,20,21,22,-1,22,21,23,-1,22,23,24,-1,24,23,25,-1,25,23,26,-1,25,26,27,-1,26,28,27,-1,27,28,29,-1,27,29,30,-1,30,29,31,-1,30,31,32,-1,32,31,33,-1,33,31,34,-1,33,34,35,-1,5,36,3,-1,3,36,37,-1,3,37,38,-1,38,37,35,-1,38,35,39,-1,39,35,34,-1,
        ]
    }
}
Shape{
    appearance Appearance {
        material  Material 	{
            diffuseColor 0.2235294117647059 0.2235294117647059 0.2235294117647059
            specularColor 0.11372549019607843 0.11372549019607843 0.11372549019607843
            ambientIntensity 0.2235
            transparency 0.0
            shininess 0.5
        }
    }
    geometry IndexedFaceSet {
        ccw TRUE
        solid FALSE
        coord DEF co Coordinate {
            point [
                -0.2166 0.2618 0.4213, -0.0985 0.2618 0.4213, -0.0985 0.2622 0.4243, -0.2166 0.2622 0.4243, -0.0985 0.2634 0.4272, -0.2166 0.2634 0.4272, -0.0985 0.2653 0.4296, -0.2166 0.2653 0.4296, -0.0985 0.2677 0.4315, -0.2166 0.2677 0.4315, -0.0985 0.2706 0.4327, -0.2166 0.2706 0.4327, -0.0985 0.2736 0.4331, -0.2166 0.2736 0.4331, -0.2166 0.2618 0.1181, -0.0985 0.2618 0.1181, -0.0985 0.3248 0.4331, -0.2166 0.3248 0.4331, -0.2166 0.3248 0.4356, -0.0985 0.3248 0.4356, -0.2166 0.2539 0.4217, -0.2166 0.2539 0.4252, -0.2166 0.2542 0.4282, -0.2166 0.2604 0.4379, -0.2166 0.2575 0.4352, -0.2166 0.2555 0.4319, -0.2166 0.292 0.4409, -0.2166 0.2747 0.4409, -0.2166 0.2697 0.4409, -0.2166 0.2674 0.4408, -0.2166 0.2638 0.4398, -0.2166 0.3068 0.4409, -0.2166 0.313 0.4409, -0.2166 0.323 0.4374, -0.2166 0.2539 0.3766, -0.2166 0.2539 0.1669, -0.2166 0.2539 0.1181, -0.2166 0.3197 0.4394, -0.2166 0.316 0.4407, -0.0985 0.2555 0.4319, -0.0985 0.292 0.4409, -0.0985 0.2697 0.4409, -0.0985 0.2747 0.4409, -0.0985 0.2542 0.4282, -0.0985 0.2539 0.4252, -0.0985 0.2539 0.4217, -0.0985 0.2539 0.3766, -0.0985 0.2575 0.4352, -0.0985 0.2604 0.4379, -0.0985 0.2638 0.4398, -0.0985 0.2674 0.4408, -0.0985 0.3068 0.4409, -0.0985 0.313 0.4409, -0.0985 0.316 0.4407, -0.0985 0.2539 0.1669, -0.0985 0.2539 0.1181, -0.0985 0.3197 0.4394, -0.0985 0.323 0.4374
            ]
        }
        coordIndex [
            0,1,2,-1,0,2,3,-1,3,2,4,-1,3,4,5,-1,5,4,6,-1,5,6,7,-1,7,6,8,-1,7,8,9,-1,9,8,10,-1,9,10,11,-1,11,10,12,-1,11,12,13,-1,0,14,1,-1,1,14,15,-1,12,16,13,-1,13,16,17,-1,18,17,19,-1,19,17,16,-1,20,0,21,-1,21,0,3,-1,21,3,22,-1,22,3,5,-1,9,23,7,-1,7,23,24,-1,7,24,5,-1,5,24,25,-1,5,25,22,-1,26,27,13,-1,13,27,28,-1,13,28,11,-1,11,28,29,-1,11,29,9,-1,9,29,30,-1,9,30,23,-1,26,13,31,-1,31,13,17,-1,31,17,32,-1,17,18,33,-1,20,34,0,-1,0,34,35,-1,0,35,14,-1,14,35,36,-1,33,37,17,-1,17,37,38,-1,17,38,32,-1,6,4,39,-1,16,12,40,-1,10,41,12,-1,12,41,42,-1,12,42,40,-1,39,4,43,-1,43,4,2,-1,43,2,44,-1,44,2,45,-1,45,2,1,-1,45,1,46,-1,39,47,6,-1,6,47,48,-1,6,48,8,-1,8,48,49,-1,8,49,10,-1,10,49,50,-1,10,50,41,-1,40,51,16,-1,16,51,52,-1,16,52,53,-1,46,1,54,-1,54,1,15,-1,54,15,55,-1,53,56,16,-1,16,56,57,-1,16,57,19,-1,55,15,36,-1,36,15,14,-1,
        ]
    }
}
Shape{
    appearance Appearance {
        material  Material 	{
            diffuseColor 0.8313725490196079 0.6705882352941176 0.12941176470588237
            specularColor 0.6666666666666666 0.5372549019607843 0.10196078431372549
            ambientIntensity 0.657
            transparency 0.0
            shininess 0.5
        }
    }
    geometry IndexedFaceSet {
        ccw TRUE
        solid FALSE
        coord DEF co Coordinate {
            point [
                -0.0985 0.2539 0.1181, -0.2166 0.2539 0.1181, -0.2166 0.2539 0.1669, -0.2166 0.323 0.4374, -0.2166 0.3248 0.4356, -0.0985 0.3248 0.4356, -0.0985 0.2539 0.1669, -0.2166 0.2539 0.3766, -0.0985 0.2539 0.3766, -0.2166 0.2539 0.4217, -0.0985 0.2539 0.4217, -0.0985 0.2539 0.4252, -0.2166 0.2539 0.4252, -0.0985 0.2542 0.4282, -0.2166 0.2542 0.4282, -0.2166 0.2555 0.4319, -0.0985 0.2555 0.4319, -0.2166 0.2575 0.4352, -0.0985 0.2575 0.4352, -0.2166 0.2604 0.4379, -0.0985 0.2604 0.4379, -0.2166 0.2638 0.4398, -0.0985 0.2638 0.4398, -0.2166 0.2674 0.4408, -0.0985 0.2674 0.4408, -0.0985 0.2697 0.4409, -0.2166 0.2697 0.4409, -0.0985 0.2747 0.4409, -0.2166 0.2747 0.4409, -0.2166 0.292 0.4409, -0.0985 0.292 0.4409, -0.2166 0.3068 0.4409, -0.0985 0.3068 0.4409, -0.0985 0.313 0.4409, -0.2166 0.313 0.4409, -0.0985 0.316 0.4407, -0.0985 0.323 0.4374, -0.0985 0.3197 0.4394, -0.2166 0.3197 0.4394, -0.2166 0.316 0.4407
            ]
        }
        coordIndex [
            0,1,2,-1,3,4,5,-1,0,2,6,-1,6,2,7,-1,6,7,8,-1,8,7,9,-1,8,9,10,-1,10,9,11,-1,11,9,12,-1,11,12,13,-1,12,14,13,-1,13,14,15,-1,13,15,16,-1,16,15,17,-1,16,17,18,-1,18,17,19,-1,18,19,20,-1,20,19,21,-1,20,21,22,-1,22,21,23,-1,22,23,24,-1,24,23,25,-1,25,23,26,-1,25,26,27,-1,26,28,27,-1,27,28,29,-1,27,29,30,-1,30,29,31,-1,30,31,32,-1,32,31,33,-1,33,31,34,-1,33,34,35,-1,5,36,3,-1,3,36,37,-1,3,37,38,-1,38,37,35,-1,38,35,39,-1,39,35,34,-1,
        ]
    }
}
Shape{
    appearance Appearance {
        material  Material 	{
            diffuseColor 0.2235294117647059 0.2235294117647059 0.2235294117647059
            specularColor 0.11372549019607843 0.11372549019607843 0.11372549019607843
            ambientIntensity 0.2235
            transparency 0.0
            shininess 0.5
        }
    }
    geometry IndexedFaceSet {
        ccw TRUE
        solid FALSE
        coord DEF co Coordinate {
            point [
                -0.3741 0.2618 0.4213, -0.2559 0.2618 0.4213, -0.2559 0.2622 0.4243, -0.3741 0.2622 0.4243, -0.2559 0.2634 0.4272, -0.3741 0.2634 0.4272, -0.2559 0.2653 0.4296, -0.3741 0.2653 0.4296, -0.2559 0.2677 0.4315, -0.3741 0.2677 0.4315, -0.2559 0.2706 0.4327, -0.3741 0.2706 0.4327, -0.2559 0.2736 0.4331, -0.3741 0.2736 0.4331, -0.3741 0.2618 0.1181, -0.2559 0.2618 0.1181, -0.2559 0.3248 0.4331, -0.3741 0.3248 0.4331, -0.3741 0.3248 0.4356, -0.2559 0.3248 0.4356, -0.3741 0.2539 0.4249, -0.3741 0.2539 0.3963, -0.3741 0.2539 0.1866, -0.3741 0.2539 0.1181, -0.3741 0.2539 0.4252, -0.3741 0.2544 0.4289, -0.3741 0.2558 0.4325, -0.3741 0.258 0.4357, -0.3741 0.261 0.4383, -0.3741 0.2644 0.44, -0.3741 0.2681 0.4409, -0.3741 0.2697 0.4409, -0.3741 0.2772 0.4409, -0.3741 0.3068 0.4409, -0.3741 0.313 0.4409, -0.3741 0.323 0.4374, -0.3741 0.3197 0.4394, -0.3741 0.316 0.4407, -0.2559 0.2539 0.3963, -0.2559 0.2539 0.4249, -0.2559 0.2539 0.4252, -0.2559 0.2544 0.4289, -0.2559 0.2558 0.4325, -0.2559 0.2539 0.1866, -0.2559 0.2539 0.1181, -0.2559 0.2772 0.4409, -0.2559 0.258 0.4357, -0.2559 0.261 0.4383, -0.2559 0.2644 0.44, -0.2559 0.2681 0.4409, -0.2559 0.2697 0.4409, -0.2559 0.3068 0.4409, -0.2559 0.313 0.4409, -0.2559 0.316 0.4407, -0.2559 0.3197 0.4394, -0.2559 0.323 0.4374
            ]
        }
        coordIndex [
            0,1,2,-1,0,2,3,-1,3,2,4,-1,3,4,5,-1,5,4,6,-1,5,6,7,-1,7,6,8,-1,7,8,9,-1,9,8,10,-1,9,10,11,-1,11,10,12,-1,11,12,13,-1,0,14,1,-1,1,14,15,-1,12,16,13,-1,13,16,17,-1,18,17,19,-1,19,17,16,-1,20,21,0,-1,0,21,22,-1,0,22,14,-1,14,22,23,-1,20,0,24,-1,24,0,3,-1,24,3,25,-1,25,3,5,-1,25,5,26,-1,26,5,27,-1,27,5,7,-1,27,7,28,-1,28,7,9,-1,28,9,29,-1,29,9,30,-1,30,9,11,-1,30,11,31,-1,31,11,13,-1,31,13,32,-1,32,13,33,-1,33,13,17,-1,33,17,34,-1,17,18,35,-1,35,36,17,-1,17,36,37,-1,17,37,34,-1,38,39,1,-1,1,39,2,-1,39,40,2,-1,2,40,41,-1,2,41,4,-1,4,41,42,-1,4,42,6,-1,38,1,43,-1,43,1,15,-1,43,15,44,-1,16,12,45,-1,42,46,6,-1,6,46,47,-1,6,47,8,-1,8,47,48,-1,8,48,10,-1,10,48,49,-1,10,49,12,-1,12,49,50,-1,12,50,45,-1,45,51,16,-1,16,51,52,-1,16,52,53,-1,53,54,16,-1,16,54,55,-1,16,55,19,-1,44,15,23,-1,23,15,14,-1,
        ]
    }
}
Shape{
    appearance Appearance {
        material  Material 	{
            diffuseColor 0.8313725490196079 0.6705882352941176 0.12941176470588237
            specularColor 0.6666666666666666 0.5372549019607843 0.10196078431372549
            ambientIntensity 0.657
            transparency 0.0
            shininess 0.5
        }
    }
    geometry IndexedFaceSet {
        ccw TRUE
        solid FALSE
        coord DEF co Coordinate {
            point [
                -0.2559 0.2539 0.1181, -0.3741 0.2539 0.1181, -0.3741 0.2539 0.1866, -0.3741 0.323 0.4374, -0.3741 0.3248 0.4356, -0.2559 0.3248 0.4356, -0.2559 0.2539 0.1866, -0.3741 0.2539 0.3963, -0.2559 0.2539 0.3963, -0.3741 0.2539 0.4249, -0.2559 0.2539 0.4249, -0.2559 0.2539 0.4252, -0.3741 0.2539 0.4252, -0.2559 0.2544 0.4289, -0.3741 0.2544 0.4289, -0.3741 0.2558 0.4325, -0.2559 0.2558 0.4325, -0.3741 0.258 0.4357, -0.2559 0.258 0.4357, -0.3741 0.261 0.4383, -0.2559 0.261 0.4383, -0.3741 0.2644 0.44, -0.2559 0.2644 0.44, -0.3741 0.2681 0.4409, -0.2559 0.2681 0.4409, -0.2559 0.2697 0.4409, -0.3741 0.2697 0.4409, -0.2559 0.2772 0.4409, -0.3741 0.2772 0.4409, -0.3741 0.3068 0.4409, -0.2559 0.3068 0.4409, -0.2559 0.313 0.4409, -0.3741 0.313 0.4409, -0.2559 0.316 0.4407, -0.2559 0.323 0.4374, -0.2559 0.3197 0.4394, -0.3741 0.3197 0.4394, -0.3741 0.316 0.4407
            ]
        }
        coordIndex [
            0,1,2,-1,3,4,5,-1,0,2,6,-1,6,2,7,-1,6,7,8,-1,8,7,9,-1,8,9,10,-1,10,9,11,-1,11,9,12,-1,11,12,13,-1,12,14,13,-1,13,14,15,-1,13,15,16,-1,16,15,17,-1,16,17,18,-1,18,17,19,-1,18,19,20,-1,20,19,21,-1,20,21,22,-1,22,21,23,-1,22,23,24,-1,24,23,25,-1,25,23,26,-1,25,26,27,-1,26,28,27,-1,27,28,29,-1,27,29,30,-1,30,29,31,-1,31,29,32,-1,31,32,33,-1,5,34,3,-1,3,34,35,-1,3,35,36,-1,36,35,33,-1,36,33,37,-1,37,33,32,-1,
        ]
    }
}
Shape{
    appearance Appearance {
        material  Material 	{
            diffuseColor 0.2235294117647059 0.2235294117647059 0.2235294117647059
            specularColor 0.11372549019607843 0.11372549019607843 0.11372549019607843
            ambientIntensity 0.2235
            transparency 0.0
            shininess 0.5
        }
    }
    geometry IndexedFaceSet {
        ccw TRUE
        solid FALSE
        coord DEF co Coordinate {
            point [
                0.5315 -0.2618 0.4213, 0.4133 -0.2618 0.4213, 0.4133 -0.2622 0.4243, 0.5315 -0.2622 0.4243, 0.4133 -0.2634 0.4272, 0.5315 -0.2634 0.4272, 0.4133 -0.2653 0.4296, 0.5315 -0.2653 0.4296, 0.4133 -0.2677 0.4315, 0.5315 -0.2677 0.4315, 0.4133 -0.2706 0.4327, 0.5315 -0.2706 0.4327, 0.4133 -0.2736 0.4331, 0.5315 -0.2736 0.4331, 0.5315 -0.2618 0.1181, 0.4133 -0.2618 0.1181, 0.4133 -0.3248 0.4331, 0.5315 -0.3248 0.4331, 0.5315 -0.3248 0.4356, 0.4133 -0.3248 0.4356, 0.5315 -0.2539 0.4217, 0.5315 -0.2539 0.4252, 0.5315 -0.2542 0.4282, 0.5315 -0.2604 0.4379, 0.5315 -0.2575 0.4352, 0.5315 -0.2555 0.4319, 0.5315 -0.292 0.4409, 0.5315 -0.2747 0.4409, 0.5315 -0.2697 0.4409, 0.5315 -0.2674 0.4408, 0.5315 -0.2638 0.4398, 0.5315 -0.3068 0.4409, 0.5315 -0.313 0.4409, 0.5315 -0.323 0.4374, 0.5315 -0.2539 0.3766, 0.5315 -0.2539 0.1669, 0.5315 -0.2539 0.1181, 0.5315 -0.3197 0.4394, 0.5315 -0.316 0.4407, 0.4133 -0.2555 0.4319, 0.4133 -0.292 0.4409, 0.4133 -0.2697 0.4409, 0.4133 -0.2747 0.4409, 0.4133 -0.2542 0.4282, 0.4133 -0.2539 0.4252, 0.4133 -0.2539 0.4217, 0.4133 -0.2539 0.3766, 0.4133 -0.2575 0.4352, 0.4133 -0.2604 0.4379, 0.4133 -0.2638 0.4398, 0.4133 -0.2674 0.4408, 0.4133 -0.3068 0.4409, 0.4133 -0.313 0.4409, 0.4133 -0.316 0.4407, 0.4133 -0.2539 0.1669, 0.4133 -0.2539 0.1181, 0.4133 -0.3197 0.4394, 0.4133 -0.323 0.4374
            ]
        }
        coordIndex [
            0,1,2,-1,0,2,3,-1,3,2,4,-1,3,4,5,-1,5,4,6,-1,5,6,7,-1,7,6,8,-1,7,8,9,-1,9,8,10,-1,9,10,11,-1,11,10,12,-1,11,12,13,-1,0,14,1,-1,1,14,15,-1,12,16,13,-1,13,16,17,-1,18,17,19,-1,19,17,16,-1,20,0,21,-1,21,0,3,-1,21,3,22,-1,22,3,5,-1,9,23,7,-1,7,23,24,-1,7,24,5,-1,5,24,25,-1,5,25,22,-1,26,27,13,-1,13,27,28,-1,13,28,11,-1,11,28,29,-1,11,29,9,-1,9,29,30,-1,9,30,23,-1,26,13,31,-1,31,13,17,-1,31,17,32,-1,17,18,33,-1,20,34,0,-1,0,34,35,-1,0,35,14,-1,14,35,36,-1,33,37,17,-1,17,37,38,-1,17,38,32,-1,6,4,39,-1,16,12,40,-1,10,41,12,-1,12,41,42,-1,12,42,40,-1,39,4,43,-1,43,4,2,-1,43,2,44,-1,44,2,45,-1,45,2,1,-1,45,1,46,-1,39,47,6,-1,6,47,48,-1,6,48,8,-1,8,48,49,-1,8,49,10,-1,10,49,50,-1,10,50,41,-1,40,51,16,-1,16,51,52,-1,16,52,53,-1,46,1,54,-1,54,1,15,-1,54,15,55,-1,53,56,16,-1,16,56,57,-1,16,57,19,-1,55,15,36,-1,36,15,14,-1,
        ]
    }
}
Shape{
    appearance Appearance {
        material  Material 	{
            diffuseColor 0.8313725490196079 0.6705882352941176 0.12941176470588237
            specularColor 0.6666666666666666 0.5372549019607843 0.10196078431372549
            ambientIntensity 0.657
            transparency 0.0
            shininess 0.5
        }
    }
    geometry IndexedFaceSet {
        ccw TRUE
        solid FALSE
        coord DEF co Coordinate {
            point [
                0.4133 -0.2539 0.1181, 0.5315 -0.2539 0.1181, 0.5315 -0.2539 0.1669, 0.5315 -0.323 0.4374, 0.5315 -0.3248 0.4356, 0.4133 -0.3248 0.4356, 0.4133 -0.2539 0.1669, 0.5315 -0.2539 0.3766, 0.4133 -0.2539 0.3766, 0.5315 -0.2539 0.4217, 0.4133 -0.2539 0.4217, 0.4133 -0.2539 0.4252, 0.5315 -0.2539 0.4252, 0.4133 -0.2542 0.4282, 0.5315 -0.2542 0.4282, 0.5315 -0.2555 0.4319, 0.4133 -0.2555 0.4319, 0.5315 -0.2575 0.4352, 0.4133 -0.2575 0.4352, 0.5315 -0.2604 0.4379, 0.4133 -0.2604 0.4379, 0.5315 -0.2638 0.4398, 0.4133 -0.2638 0.4398, 0.5315 -0.2674 0.4408, 0.4133 -0.2674 0.4408, 0.4133 -0.2697 0.4409, 0.5315 -0.2697 0.4409, 0.4133 -0.2747 0.4409, 0.5315 -0.2747 0.4409, 0.5315 -0.292 0.4409, 0.4133 -0.292 0.4409, 0.5315 -0.3068 0.4409, 0.4133 -0.3068 0.4409, 0.4133 -0.313 0.4409, 0.5315 -0.313 0.4409, 0.4133 -0.316 0.4407, 0.4133 -0.323 0.4374, 0.4133 -0.3197 0.4394, 0.5315 -0.3197 0.4394, 0.5315 -0.316 0.4407
            ]
        }
        coordIndex [
            0,1,2,-1,3,4,5,-1,0,2,6,-1,6,2,7,-1,6,7,8,-1,8,7,9,-1,8,9,10,-1,10,9,11,-1,11,9,12,-1,11,12,13,-1,12,14,13,-1,13,14,15,-1,13,15,16,-1,16,15,17,-1,16,17,18,-1,18,17,19,-1,18,19,20,-1,20,19,21,-1,20,21,22,-1,22,21,23,-1,22,23,24,-1,24,23,25,-1,25,23,26,-1,25,26,27,-1,26,28,27,-1,27,28,29,-1,27,29,30,-1,30,29,31,-1,30,31,32,-1,32,31,33,-1,33,31,34,-1,33,34,35,-1,5,36,3,-1,3,36,37,-1,3,37,38,-1,38,37,35,-1,38,35,39,-1,39,35,34,-1,
        ]
    }
}
Shape{
    appearance Appearance {
        material  Material 	{
            diffuseColor 0.2235294117647059 0.2235294117647059 0.2235294117647059
            specularColor 0.11372549019607843 0.11372549019607843 0.11372549019607843
            ambientIntensity 0.2235
            transparency 0.0
            shininess 0.5
        }
    }
    geometry IndexedFaceSet {
        ccw TRUE
        solid FALSE
        coord DEF co Coordinate {
            point [
                0.374 -0.2618 0.4213, 0.2559 -0.2618 0.4213, 0.2559 -0.2622 0.4243, 0.374 -0.2622 0.4243, 0.2559 -0.2634 0.4272, 0.374 -0.2634 0.4272, 0.2559 -0.2653 0.4296, 0.374 -0.2653 0.4296, 0.2559 -0.2677 0.4315, 0.374 -0.2677 0.4315, 0.2559 -0.2706 0.4327, 0.374 -0.2706 0.4327, 0.2559 -0.2736 0.4331, 0.374 -0.2736 0.4331, 0.374 -0.2618 0.1181, 0.2559 -0.2618 0.1181, 0.2559 -0.3248 0.4331, 0.374 -0.3248 0.4331, 0.374 -0.3248 0.4356, 0.2559 -0.3248 0.4356, 0.374 -0.2539 0.4217, 0.374 -0.2539 0.4252, 0.374 -0.2542 0.4282, 0.374 -0.2604 0.4379, 0.374 -0.2575 0.4352, 0.374 -0.2555 0.4319, 0.374 -0.292 0.4409, 0.374 -0.2747 0.4409, 0.374 -0.2697 0.4409, 0.374 -0.2674 0.4408, 0.374 -0.2638 0.4398, 0.374 -0.3068 0.4409, 0.374 -0.313 0.4409, 0.374 -0.323 0.4374, 0.374 -0.2539 0.3766, 0.374 -0.2539 0.1669, 0.374 -0.2539 0.1181, 0.374 -0.3197 0.4394, 0.374 -0.316 0.4407, 0.2559 -0.2555 0.4319, 0.2559 -0.292 0.4409, 0.2559 -0.2697 0.4409, 0.2559 -0.2747 0.4409, 0.2559 -0.2542 0.4282, 0.2559 -0.2539 0.4252, 0.2559 -0.2539 0.4217, 0.2559 -0.2539 0.3766, 0.2559 -0.2575 0.4352, 0.2559 -0.2604 0.4379, 0.2559 -0.2638 0.4398, 0.2559 -0.2674 0.4408, 0.2559 -0.3068 0.4409, 0.2559 -0.313 0.4409, 0.2559 -0.316 0.4407, 0.2559 -0.2539 0.1669, 0.2559 -0.2539 0.1181, 0.2559 -0.3197 0.4394, 0.2559 -0.323 0.4374
            ]
        }
        coordIndex [
            0,1,2,-1,0,2,3,-1,3,2,4,-1,3,4,5,-1,5,4,6,-1,5,6,7,-1,7,6,8,-1,7,8,9,-1,9,8,10,-1,9,10,11,-1,11,10,12,-1,11,12,13,-1,0,14,1,-1,1,14,15,-1,12,16,13,-1,13,16,17,-1,18,17,19,-1,19,17,16,-1,20,0,21,-1,21,0,3,-1,21,3,22,-1,22,3,5,-1,9,23,7,-1,7,23,24,-1,7,24,5,-1,5,24,25,-1,5,25,22,-1,26,27,13,-1,13,27,28,-1,13,28,11,-1,11,28,29,-1,11,29,9,-1,9,29,30,-1,9,30,23,-1,26,13,31,-1,31,13,17,-1,31,17,32,-1,17,18,33,-1,20,34,0,-1,0,34,35,-1,0,35,14,-1,14,35,36,-1,33,37,17,-1,17,37,38,-1,17,38,32,-1,6,4,39,-1,16,12,40,-1,10,41,12,-1,12,41,42,-1,12,42,40,-1,39,4,43,-1,43,4,2,-1,43,2,44,-1,44,2,45,-1,45,2,1,-1,45,1,46,-1,39,47,6,-1,6,47,48,-1,6,48,8,-1,8,48,49,-1,8,49,10,-1,10,49,50,-1,10,50,41,-1,40,51,16,-1,16,51,52,-1,16,52,53,-1,46,1,54,-1,54,1,15,-1,54,15,55,-1,53,56,16,-1,16,56,57,-1,16,57,19,-1,55,15,36,-1,36,15,14,-1,
        ]
    }
}
Shape{
    appearance Appearance {
        material  Material 	{
            diffuseColor 0.8313725490196079 0.6705882352941176 0.12941176470588237
            specularColor 0.6666666666666666 0.5372549019607843 0.10196078431372549
            ambientIntensity 0.657
            transparency 0.0
            shininess 0.5
        }
    }
    geometry IndexedFaceSet {
        ccw TRUE
        solid FALSE
        coord DEF co Coordinate {
            point [
                0.2559 -0.2539 0.1181, 0.374 -0.2539 0.1181, 0.374 -0.2539 0.1669, 0.374 -0.323 0.4374, 0.374 -0.3248 0.4356, 0.2559 -0.3248 0.4356, 0.2559 -0.2539 0.1669, 0.374 -0.2539 0.3766, 0.2559 -0.2539 0.3766, 0.374 -0.2539 0.4217, 0.2559 -0.2539 0.4217, 0.2559 -0.2539 0.4252, 0.374 -0.2539 0.4252, 0.2559 -0.2542 0.4282, 0.374 -0.2542 0.4282, 0.374 -0.2555 0.4319, 0.2559 -0.2555 0.4319, 0.374 -0.2575 0.4352, 0.2559 -0.2575 0.4352, 0.374 -0.2604 0.4379, 0.2559 -0.2604 0.4379, 0.374 -0.2638 0.4398, 0.2559 -0.2638 0.4398, 0.374 -0.2674 0.4408, 0.2559 -0.2674 0.4408, 0.2559 -0.2697 0.4409, 0.374 -0.2697 0.4409, 0.2559 -0.2747 0.4409, 0.374 -0.2747 0.4409, 0.374 -0.292 0.4409, 0.2559 -0.292 0.4409, 0.374 -0.3068 0.4409, 0.2559 -0.3068 0.4409, 0.2559 -0.313 0.4409, 0.374 -0.313 0.4409, 0.2559 -0.316 0.4407, 0.2559 -0.323 0.4374, 0.2559 -0.3197 0.4394, 0.374 -0.3197 0.4394, 0.374 -0.316 0.4407
            ]
        }
        coordIndex [
            0,1,2,-1,3,4,5,-1,0,2,6,-1,6,2,7,-1,6,7,8,-1,8,7,9,-1,8,9,10,-1,10,9,11,-1,11,9,12,-1,11,12,13,-1,12,14,13,-1,13,14,15,-1,13,15,16,-1,16,15,17,-1,16,17,18,-1,18,17,19,-1,18,19,20,-1,20,19,21,-1,20,21,22,-1,22,21,23,-1,22,23,24,-1,24,23,25,-1,25,23,26,-1,25,26,27,-1,26,28,27,-1,27,28,29,-1,27,29,30,-1,30,29,31,-1,30,31,32,-1,32,31,33,-1,33,31,34,-1,33,34,35,-1,5,36,3,-1,3,36,37,-1,3,37,38,-1,38,37,35,-1,38,35,39,-1,39,35,34,-1,
        ]
    }
}
Shape{
    appearance Appearance {
        material  Material 	{
            diffuseColor 0.2235294117647059 0.2235294117647059 0.2235294117647059
            specularColor 0.11372549019607843 0.11372549019607843 0.11372549019607843
            ambientIntensity 0.2235
            transparency 0.0
            shininess 0.5
        }
    }
    geometry IndexedFaceSet {
        ccw TRUE
        solid FALSE
        coord DEF co Coordinate {
            point [
                0.2165 -0.2618 0.4213, 0.0984 -0.2618 0.4213, 0.0984 -0.2622 0.4243, 0.2165 -0.2622 0.4243, 0.0984 -0.2634 0.4272, 0.2165 -0.2634 0.4272, 0.0984 -0.2653 0.4296, 0.2165 -0.2653 0.4296, 0.0984 -0.2677 0.4315, 0.2165 -0.2677 0.4315, 0.0984 -0.2706 0.4327, 0.2165 -0.2706 0.4327, 0.0984 -0.2736 0.4331, 0.2165 -0.2736 0.4331, 0.2165 -0.2618 0.1181, 0.0984 -0.2618 0.1181, 0.0984 -0.3248 0.4331, 0.2165 -0.3248 0.4331, 0.2165 -0.3248 0.4356, 0.0984 -0.3248 0.4356, 0.2165 -0.2681 0.4409, 0.2165 -0.2697 0.4409, 0.2165 -0.2772 0.4409, 0.2165 -0.2539 0.4249, 0.2165 -0.2539 0.4252, 0.2165 -0.2544 0.4289, 0.2165 -0.2644 0.44, 0.2165 -0.261 0.4383, 0.2165 -0.258 0.4357, 0.2165 -0.2558 0.4325, 0.2165 -0.3068 0.4409, 0.2165 -0.313 0.4409, 0.2165 -0.323 0.4374, 0.2165 -0.2539 0.3963, 0.2165 -0.2539 0.1866, 0.2165 -0.2539 0.1181, 0.2165 -0.3197 0.4394, 0.2165 -0.316 0.4407, 0.0984 -0.2558 0.4325, 0.0984 -0.2772 0.4409, 0.0984 -0.2544 0.4289, 0.0984 -0.2539 0.4252, 0.0984 -0.2539 0.4249, 0.0984 -0.2539 0.3963, 0.0984 -0.258 0.4357, 0.0984 -0.261 0.4383, 0.0984 -0.2644 0.44, 0.0984 -0.2681 0.4409, 0.0984 -0.2697 0.4409, 0.0984 -0.3068 0.4409, 0.0984 -0.313 0.4409, 0.0984 -0.316 0.4407, 0.0984 -0.2539 0.1866, 0.0984 -0.2539 0.1181, 0.0984 -0.3197 0.4394, 0.0984 -0.323 0.4374
            ]
        }
        coordIndex [
            0,1,2,-1,0,2,3,-1,3,2,4,-1,3,4,5,-1,5,4,6,-1,5,6,7,-1,7,6,8,-1,7,8,9,-1,9,8,10,-1,9,10,11,-1,11,10,12,-1,11,12,13,-1,0,14,1,-1,1,14,15,-1,12,16,13,-1,13,16,17,-1,18,17,19,-1,19,17,16,-1,9,11,20,-1,20,11,21,-1,21,11,13,-1,21,13,22,-1,23,0,24,-1,24,0,3,-1,24,3,25,-1,25,3,5,-1,20,26,9,-1,9,26,27,-1,9,27,7,-1,7,27,28,-1,7,28,5,-1,5,28,29,-1,5,29,25,-1,22,13,30,-1,30,13,17,-1,30,17,31,-1,17,18,32,-1,23,33,0,-1,0,33,34,-1,0,34,14,-1,14,34,35,-1,32,36,17,-1,17,36,37,-1,17,37,31,-1,6,4,38,-1,16,12,39,-1,38,4,40,-1,40,4,2,-1,40,2,41,-1,41,2,42,-1,42,2,1,-1,42,1,43,-1,38,44,6,-1,6,44,45,-1,6,45,8,-1,8,45,46,-1,8,46,10,-1,10,46,47,-1,10,47,12,-1,12,47,48,-1,12,48,39,-1,39,49,16,-1,16,49,50,-1,16,50,51,-1,43,1,52,-1,52,1,15,-1,52,15,53,-1,51,54,16,-1,16,54,55,-1,16,55,19,-1,53,15,35,-1,35,15,14,-1,
        ]
    }
}
Shape{
    appearance Appearance {
        material  Material 	{
            diffuseColor 0.8313725490196079 0.6705882352941176 0.12941176470588237
            specularColor 0.6666666666666666 0.5372549019607843 0.10196078431372549
            ambientIntensity 0.657
            transparency 0.0
            shininess 0.5
        }
    }
    geometry IndexedFaceSet {
        ccw TRUE
        solid FALSE
        coord DEF co Coordinate {
            point [
                0.0984 -0.2539 0.1181, 0.2165 -0.2539 0.1181, 0.2165 -0.2539 0.1866, 0.2165 -0.323 0.4374, 0.2165 -0.3248 0.4356, 0.0984 -0.3248 0.4356, 0.0984 -0.2539 0.1866, 0.2165 -0.2539 0.3963, 0.0984 -0.2539 0.3963, 0.2165 -0.2539 0.4249, 0.0984 -0.2539 0.4249, 0.0984 -0.2539 0.4252, 0.2165 -0.2539 0.4252, 0.0984 -0.2544 0.4289, 0.2165 -0.2544 0.4289, 0.2165 -0.2558 0.4325, 0.0984 -0.2558 0.4325, 0.2165 -0.258 0.4357, 0.0984 -0.258 0.4357, 0.2165 -0.261 0.4383, 0.0984 -0.261 0.4383, 0.2165 -0.2644 0.44, 0.0984 -0.2644 0.44, 0.2165 -0.2681 0.4409, 0.0984 -0.2681 0.4409, 0.0984 -0.2697 0.4409, 0.2165 -0.2697 0.4409, 0.0984 -0.2772 0.4409, 0.2165 -0.2772 0.4409, 0.2165 -0.3068 0.4409, 0.0984 -0.3068 0.4409, 0.0984 -0.313 0.4409, 0.2165 -0.313 0.4409, 0.0984 -0.316 0.4407, 0.0984 -0.323 0.4374, 0.0984 -0.3197 0.4394, 0.2165 -0.3197 0.4394, 0.2165 -0.316 0.4407
            ]
        }
        coordIndex [
            0,1,2,-1,3,4,5,-1,0,2,6,-1,6,2,7,-1,6,7,8,-1,8,7,9,-1,8,9,10,-1,10,9,11,-1,11,9,12,-1,11,12,13,-1,12,14,13,-1,13,14,15,-1,13,15,16,-1,16,15,17,-1,16,17,18,-1,18,17,19,-1,18,19,20,-1,20,19,21,-1,20,21,22,-1,22,21,23,-1,22,23,24,-1,24,23,25,-1,25,23,26,-1,25,26,27,-1,26,28,27,-1,27,28,29,-1,27,29,30,-1,30,29,31,-1,31,29,32,-1,31,32,33,-1,5,34,3,-1,3,34,35,-1,3,35,36,-1,36,35,33,-1,36,33,37,-1,37,33,32,-1,
        ]
    }
}
Shape{
    appearance Appearance {
        material  Material 	{
            diffuseColor 0.2235294117647059 0.2235294117647059 0.2235294117647059
            specularColor 0.11372549019607843 0.11372549019607843 0.11372549019607843
            ambientIntensity 0.2235
            transparency 0.0
            shininess 0.5
        }
    }
    geometry IndexedFaceSet {
        ccw TRUE
        solid FALSE
        coord DEF co Coordinate {
            point [
                0.059 -0.2618 0.4213, -0.0591 -0.2618 0.4213, -0.0591 -0.2622 0.4243, 0.059 -0.2622 0.4243, -0.0591 -0.2634 0.4272, 0.059 -0.2634 0.4272, -0.0591 -0.2653 0.4296, 0.059 -0.2653 0.4296, -0.0591 -0.2677 0.4315, 0.059 -0.2677 0.4315, -0.0591 -0.2706 0.4327, 0.059 -0.2706 0.4327, -0.0591 -0.2736 0.4331, 0.059 -0.2736 0.4331, 0.059 -0.2618 0.1181, -0.0591 -0.2618 0.1181, -0.0591 -0.3248 0.4331, 0.059 -0.3248 0.4331, 0.059 -0.3248 0.4356, -0.0591 -0.3248 0.4356, 0.059 -0.2539 0.4217, 0.059 -0.2539 0.4252, 0.059 -0.2542 0.4282, 0.059 -0.2604 0.4379, 0.059 -0.2575 0.4352, 0.059 -0.2555 0.4319, 0.059 -0.292 0.4409, 0.059 -0.2747 0.4409, 0.059 -0.2697 0.4409, 0.059 -0.2674 0.4408, 0.059 -0.2638 0.4398, 0.059 -0.3068 0.4409, 0.059 -0.313 0.4409, 0.059 -0.323 0.4374, 0.059 -0.2539 0.3766, 0.059 -0.2539 0.1669, 0.059 -0.2539 0.1181, 0.059 -0.3197 0.4394, 0.059 -0.316 0.4407, -0.0591 -0.2555 0.4319, -0.0591 -0.292 0.4409, -0.0591 -0.2697 0.4409, -0.0591 -0.2747 0.4409, -0.0591 -0.2542 0.4282, -0.0591 -0.2539 0.4252, -0.0591 -0.2539 0.4217, -0.0591 -0.2539 0.3766, -0.0591 -0.2575 0.4352, -0.0591 -0.2604 0.4379, -0.0591 -0.2638 0.4398, -0.0591 -0.2674 0.4408, -0.0591 -0.3068 0.4409, -0.0591 -0.313 0.4409, -0.0591 -0.316 0.4407, -0.0591 -0.2539 0.1669, -0.0591 -0.2539 0.1181, -0.0591 -0.3197 0.4394, -0.0591 -0.323 0.4374
            ]
        }
        coordIndex [
            0,1,2,-1,0,2,3,-1,3,2,4,-1,3,4,5,-1,5,4,6,-1,5,6,7,-1,7,6,8,-1,7,8,9,-1,9,8,10,-1,9,10,11,-1,11,10,12,-1,11,12,13,-1,0,14,1,-1,1,14,15,-1,12,16,13,-1,13,16,17,-1,18,17,19,-1,19,17,16,-1,20,0,21,-1,21,0,3,-1,21,3,22,-1,22,3,5,-1,9,23,7,-1,7,23,24,-1,7,24,5,-1,5,24,25,-1,5,25,22,-1,26,27,13,-1,13,27,28,-1,13,28,11,-1,11,28,29,-1,11,29,9,-1,9,29,30,-1,9,30,23,-1,26,13,31,-1,31,13,17,-1,31,17,32,-1,17,18,33,-1,20,34,0,-1,0,34,35,-1,0,35,14,-1,14,35,36,-1,33,37,17,-1,17,37,38,-1,17,38,32,-1,6,4,39,-1,16,12,40,-1,10,41,12,-1,12,41,42,-1,12,42,40,-1,39,4,43,-1,43,4,2,-1,43,2,44,-1,44,2,45,-1,45,2,1,-1,45,1,46,-1,39,47,6,-1,6,47,48,-1,6,48,8,-1,8,48,49,-1,8,49,10,-1,10,49,50,-1,10,50,41,-1,40,51,16,-1,16,51,52,-1,16,52,53,-1,46,1,54,-1,54,1,15,-1,54,15,55,-1,53,56,16,-1,16,56,57,-1,16,57,19,-1,55,15,36,-1,36,15,14,-1,
        ]
    }
}
Shape{
    appearance Appearance {
        material  Material 	{
            diffuseColor 0.8313725490196079 0.6705882352941176 0.12941176470588237
            specularColor 0.6666666666666666 0.5372549019607843 0.10196078431372549
            ambientIntensity 0.657
            transparency 0.0
            shininess 0.5
        }
    }
    geometry IndexedFaceSet {
        ccw TRUE
        solid FALSE
        coord DEF co Coordinate {
            point [
                -0.0591 -0.2539 0.1181, 0.059 -0.2539 0.1181, 0.059 -0.2539 0.1669, 0.059 -0.323 0.4374, 0.059 -0.3248 0.4356, -0.0591 -0.3248 0.4356, -0.0591 -0.2539 0.1669, 0.059 -0.2539 0.3766, -0.0591 -0.2539 0.3766, 0.059 -0.2539 0.4217, -0.0591 -0.2539 0.4217, -0.0591 -0.2539 0.4252, 0.059 -0.2539 0.4252, -0.0591 -0.2542 0.4282, 0.059 -0.2542 0.4282, 0.059 -0.2555 0.4319, -0.0591 -0.2555 0.4319, 0.059 -0.2575 0.4352, -0.0591 -0.2575 0.4352, 0.059 -0.2604 0.4379, -0.0591 -0.2604 0.4379, 0.059 -0.2638 0.4398, -0.0591 -0.2638 0.4398, 0.059 -0.2674 0.4408, -0.0591 -0.2674 0.4408, -0.0591 -0.2697 0.4409, 0.059 -0.2697 0.4409, -0.0591 -0.2747 0.4409, 0.059 -0.2747 0.4409, 0.059 -0.292 0.4409, -0.0591 -0.292 0.4409, 0.059 -0.3068 0.4409, -0.0591 -0.3068 0.4409, -0.0591 -0.313 0.4409, 0.059 -0.313 0.4409, -0.0591 -0.316 0.4407, -0.0591 -0.323 0.4374, -0.0591 -0.3197 0.4394, 0.059 -0.3197 0.4394, 0.059 -0.316 0.4407
            ]
        }
        coordIndex [
            0,1,2,-1,3,4,5,-1,0,2,6,-1,6,2,7,-1,6,7,8,-1,8,7,9,-1,8,9,10,-1,10,9,11,-1,11,9,12,-1,11,12,13,-1,12,14,13,-1,13,14,15,-1,13,15,16,-1,16,15,17,-1,16,17,18,-1,18,17,19,-1,18,19,20,-1,20,19,21,-1,20,21,22,-1,22,21,23,-1,22,23,24,-1,24,23,25,-1,25,23,26,-1,25,26,27,-1,26,28,27,-1,27,28,29,-1,27,29,30,-1,30,29,31,-1,30,31,32,-1,32,31,33,-1,33,31,34,-1,33,34,35,-1,5,36,3,-1,3,36,37,-1,3,37,38,-1,38,37,35,-1,38,35,39,-1,39,35,34,-1,
        ]
    }
}
Shape{
    appearance Appearance {
        material  Material 	{
            diffuseColor 0.2235294117647059 0.2235294117647059 0.2235294117647059
            specularColor 0.11372549019607843 0.11372549019607843 0.11372549019607843
            ambientIntensity 0.2235
            transparency 0.0
            shininess 0.5
        }
    }
    geometry IndexedFaceSet {
        ccw TRUE
        solid FALSE
        coord DEF co Coordinate {
            point [
                -0.0985 -0.2618 0.4213, -0.2166 -0.2618 0.4213, -0.2166 -0.2622 0.4243, -0.0985 -0.2622 0.4243, -0.2166 -0.2634 0.4272, -0.0985 -0.2634 0.4272, -0.2166 -0.2653 0.4296, -0.0985 -0.2653 0.4296, -0.2166 -0.2677 0.4315, -0.0985 -0.2677 0.4315, -0.2166 -0.2706 0.4327, -0.0985 -0.2706 0.4327, -0.2166 -0.2736 0.4331, -0.0985 -0.2736 0.4331, -0.0985 -0.2618 0.1181, -0.2166 -0.2618 0.1181, -0.2166 -0.3248 0.4331, -0.0985 -0.3248 0.4331, -0.0985 -0.3248 0.4356, -0.2166 -0.3248 0.4356, -0.0985 -0.2681 0.4409, -0.0985 -0.2697 0.4409, -0.0985 -0.2772 0.4409, -0.0985 -0.2539 0.4249, -0.0985 -0.2539 0.4252, -0.0985 -0.2544 0.4289, -0.0985 -0.2644 0.44, -0.0985 -0.261 0.4383, -0.0985 -0.258 0.4357, -0.0985 -0.2558 0.4325, -0.0985 -0.3068 0.4409, -0.0985 -0.313 0.4409, -0.0985 -0.323 0.4374, -0.0985 -0.2539 0.3963, -0.0985 -0.2539 0.1866, -0.0985 -0.2539 0.1181, -0.0985 -0.3197 0.4394, -0.0985 -0.316 0.4407, -0.2166 -0.2558 0.4325, -0.2166 -0.2772 0.4409, -0.2166 -0.2544 0.4289, -0.2166 -0.2539 0.4252, -0.2166 -0.2539 0.4249, -0.2166 -0.2539 0.3963, -0.2166 -0.258 0.4357, -0.2166 -0.261 0.4383, -0.2166 -0.2644 0.44, -0.2166 -0.2681 0.4409, -0.2166 -0.2697 0.4409, -0.2166 -0.3068 0.4409, -0.2166 -0.313 0.4409, -0.2166 -0.316 0.4407, -0.2166 -0.2539 0.1866, -0.2166 -0.2539 0.1181, -0.2166 -0.3197 0.4394, -0.2166 -0.323 0.4374
            ]
        }
        coordIndex [
            0,1,2,-1,0,2,3,-1,3,2,4,-1,3,4,5,-1,5,4,6,-1,5,6,7,-1,7,6,8,-1,7,8,9,-1,9,8,10,-1,9,10,11,-1,11,10,12,-1,11,12,13,-1,0,14,1,-1,1,14,15,-1,12,16,13,-1,13,16,17,-1,18,17,19,-1,19,17,16,-1,9,11,20,-1,20,11,21,-1,21,11,13,-1,21,13,22,-1,23,0,24,-1,24,0,3,-1,24,3,25,-1,25,3,5,-1,20,26,9,-1,9,26,27,-1,9,27,7,-1,7,27,28,-1,7,28,5,-1,5,28,29,-1,5,29,25,-1,22,13,30,-1,30,13,17,-1,30,17,31,-1,17,18,32,-1,23,33,0,-1,0,33,34,-1,0,34,14,-1,14,34,35,-1,32,36,17,-1,17,36,37,-1,17,37,31,-1,6,4,38,-1,16,12,39,-1,38,4,40,-1,40,4,2,-1,40,2,41,-1,41,2,42,-1,42,2,1,-1,42,1,43,-1,38,44,6,-1,6,44,45,-1,6,45,8,-1,8,45,46,-1,8,46,10,-1,10,46,47,-1,10,47,12,-1,12,47,48,-1,12,48,39,-1,39,49,16,-1,16,49,50,-1,16,50,51,-1,43,1,52,-1,52,1,15,-1,52,15,53,-1,51,54,16,-1,16,54,55,-1,16,55,19,-1,53,15,35,-1,35,15,14,-1,
        ]
    }
}
Shape{
    appearance Appearance {
        material  Material 	{
            diffuseColor 0.8313725490196079 0.6705882352941176 0.12941176470588237
            specularColor 0.6666666666666666 0.5372549019607843 0.10196078431372549
            ambientIntensity 0.657
            transparency 0.0
            shininess 0.5
        }
    }
    geometry IndexedFaceSet {
        ccw TRUE
        solid FALSE
        coord DEF co Coordinate {
            point [
                -0.2166 -0.2539 0.1181, -0.0985 -0.2539 0.1181, -0.0985 -0.2539 0.1866, -0.0985 -0.323 0.4374, -0.0985 -0.3248 0.4356, -0.2166 -0.3248 0.4356, -0.2166 -0.2539 0.1866, -0.0985 -0.2539 0.3963, -0.2166 -0.2539 0.3963, -0.0985 -0.2539 0.4249, -0.2166 -0.2539 0.4249, -0.2166 -0.2539 0.4252, -0.0985 -0.2539 0.4252, -0.2166 -0.2544 0.4289, -0.0985 -0.2544 0.4289, -0.0985 -0.2558 0.4325, -0.2166 -0.2558 0.4325, -0.0985 -0.258 0.4357, -0.2166 -0.258 0.4357, -0.0985 -0.261 0.4383, -0.2166 -0.261 0.4383, -0.0985 -0.2644 0.44, -0.2166 -0.2644 0.44, -0.0985 -0.2681 0.4409, -0.2166 -0.2681 0.4409, -0.2166 -0.2697 0.4409, -0.0985 -0.2697 0.4409, -0.2166 -0.2772 0.4409, -0.0985 -0.2772 0.4409, -0.0985 -0.3068 0.4409, -0.2166 -0.3068 0.4409, -0.2166 -0.313 0.4409, -0.0985 -0.313 0.4409, -0.2166 -0.316 0.4407, -0.2166 -0.323 0.4374, -0.2166 -0.3197 0.4394, -0.0985 -0.3197 0.4394, -0.0985 -0.316 0.4407
            ]
        }
        coordIndex [
            0,1,2,-1,3,4,5,-1,0,2,6,-1,6,2,7,-1,6,7,8,-1,8,7,9,-1,8,9,10,-1,10,9,11,-1,11,9,12,-1,11,12,13,-1,12,14,13,-1,13,14,15,-1,13,15,16,-1,16,15,17,-1,16,17,18,-1,18,17,19,-1,18,19,20,-1,20,19,21,-1,20,21,22,-1,22,21,23,-1,22,23,24,-1,24,23,25,-1,25,23,26,-1,25,26,27,-1,26,28,27,-1,27,28,29,-1,27,29,30,-1,30,29,31,-1,31,29,32,-1,31,32,33,-1,5,34,3,-1,3,34,35,-1,3,35,36,-1,36,35,33,-1,36,33,37,-1,37,33,32,-1,
        ]
    }
}
Shape{
    appearance Appearance {
        material  Material 	{
            diffuseColor 0.2235294117647059 0.2235294117647059 0.2235294117647059
            specularColor 0.11372549019607843 0.11372549019607843 0.11372549019607843
            ambientIntensity 0.2235
            transparency 0.0
            shininess 0.5
        }
    }
    geometry IndexedFaceSet {
        ccw TRUE
        solid FALSE
        coord DEF co Coordinate {
            point [
                -0.2559 -0.2618 0.4213, -0.3741 -0.2618 0.4213, -0.3741 -0.2622 0.4243, -0.2559 -0.2622 0.4243, -0.3741 -0.2634 0.4272, -0.2559 -0.2634 0.4272, -0.3741 -0.2653 0.4296, -0.2559 -0.2653 0.4296, -0.3741 -0.2677 0.4315, -0.2559 -0.2677 0.4315, -0.3741 -0.2706 0.4327, -0.2559 -0.2706 0.4327, -0.3741 -0.2736 0.4331, -0.2559 -0.2736 0.4331, -0.2559 -0.2618 0.1181, -0.3741 -0.2618 0.1181, -0.3741 -0.3248 0.4331, -0.2559 -0.3248 0.4331, -0.2559 -0.3248 0.4356, -0.3741 -0.3248 0.4356, -0.2559 -0.2539 0.1181, -0.2559 -0.2539 0.1669, -0.2559 -0.2539 0.3766, -0.2559 -0.2542 0.4282, -0.2559 -0.2539 0.4252, -0.2559 -0.2539 0.4217, -0.2559 -0.2604 0.4379, -0.2559 -0.2575 0.4352, -0.2559 -0.2555 0.4319, -0.2559 -0.292 0.4409, -0.2559 -0.2747 0.4409, -0.2559 -0.2697 0.4409, -0.2559 -0.2674 0.4408, -0.2559 -0.2638 0.4398, -0.2559 -0.3068 0.4409, -0.2559 -0.313 0.4409, -0.2559 -0.323 0.4374, -0.2559 -0.3197 0.4394, -0.2559 -0.316 0.4407, -0.3741 -0.2539 0.3766, -0.3741 -0.2539 0.4217, -0.3741 -0.2539 0.4252, -0.3741 -0.2542 0.4282, -0.3741 -0.2555 0.4319, -0.3741 -0.292 0.4409, -0.3741 -0.2697 0.4409, -0.3741 -0.2747 0.4409, -0.3741 -0.2539 0.1669, -0.3741 -0.2539 0.1181, -0.3741 -0.2575 0.4352, -0.3741 -0.2604 0.4379, -0.3741 -0.2638 0.4398, -0.3741 -0.2674 0.4408, -0.3741 -0.3068 0.4409, -0.3741 -0.313 0.4409, -0.3741 -0.316 0.4407, -0.3741 -0.3197 0.4394, -0.3741 -0.323 0.4374
            ]
        }
        coordIndex [
            0,1,2,-1,0,2,3,-1,3,2,4,-1,3,4,5,-1,5,4,6,-1,5,6,7,-1,7,6,8,-1,7,8,9,-1,9,8,10,-1,9,10,11,-1,11,10,12,-1,11,12,13,-1,0,14,1,-1,1,14,15,-1,12,16,13,-1,13,16,17,-1,18,17,19,-1,19,17,16,-1,20,14,21,-1,21,14,0,-1,21,0,22,-1,5,23,3,-1,3,23,24,-1,3,24,0,-1,0,24,25,-1,0,25,22,-1,9,26,7,-1,7,26,27,-1,7,27,5,-1,5,27,28,-1,5,28,23,-1,29,30,13,-1,13,30,31,-1,13,31,11,-1,11,31,32,-1,11,32,9,-1,9,32,33,-1,9,33,26,-1,29,13,34,-1,34,13,17,-1,34,17,35,-1,17,18,36,-1,36,37,17,-1,17,37,38,-1,17,38,35,-1,39,40,1,-1,1,40,2,-1,40,41,2,-1,2,41,42,-1,2,42,4,-1,4,42,43,-1,4,43,6,-1,16,12,44,-1,10,45,12,-1,12,45,46,-1,12,46,44,-1,39,1,47,-1,47,1,15,-1,47,15,48,-1,43,49,6,-1,6,49,50,-1,6,50,8,-1,8,50,51,-1,8,51,10,-1,10,51,52,-1,10,52,45,-1,44,53,16,-1,16,53,54,-1,16,54,55,-1,55,56,16,-1,16,56,57,-1,16,57,19,-1,48,15,20,-1,20,15,14,-1,
        ]
    }
}
Shape{
    appearance Appearance {
        material  Material 	{
            diffuseColor 0.8313725490196079 0.6705882352941176 0.12941176470588237
            specularColor 0.6666666666666666 0.5372549019607843 0.10196078431372549
            ambientIntensity 0.657
            transparency 0.0
            shininess 0.5
        }
    }
    geometry IndexedFaceSet {
        ccw TRUE
        solid FALSE
        coord DEF co Coordinate {
            point [
                -0.3741 -0.2539 0.1181, -0.2559 -0.2539 0.1181, -0.2559 -0.2539 0.1669, -0.2559 -0.323 0.4374, -0.2559 -0.3248 0.4356, -0.3741 -0.3248 0.4356, -0.3741 -0.2539 0.1669, -0.2559 -0.2539 0.3766, -0.3741 -0.2539 0.3766, -0.2559 -0.2539 0.4217, -0.3741 -0.2539 0.4217, -0.3741 -0.2539 0.4252, -0.2559 -0.2539 0.4252, -0.3741 -0.2542 0.4282, -0.2559 -0.2542 0.4282, -0.2559 -0.2555 0.4319, -0.3741 -0.2555 0.4319, -0.2559 -0.2575 0.4352, -0.3741 -0.2575 0.4352, -0.2559 -0.2604 0.4379, -0.3741 -0.2604 0.4379, -0.2559 -0.2638 0.4398, -0.3741 -0.2638 0.4398, -0.2559 -0.2674 0.4408, -0.3741 -0.2674 0.4408, -0.3741 -0.2697 0.4409, -0.2559 -0.2697 0.4409, -0.3741 -0.2747 0.4409, -0.2559 -0.2747 0.4409, -0.2559 -0.292 0.4409, -0.3741 -0.292 0.4409, -0.2559 -0.3068 0.4409, -0.3741 -0.3068 0.4409, -0.3741 -0.313 0.4409, -0.2559 -0.313 0.4409, -0.3741 -0.316 0.4407, -0.3741 -0.323 0.4374, -0.3741 -0.3197 0.4394, -0.2559 -0.3197 0.4394, -0.2559 -0.316 0.4407
            ]
        }
        coordIndex [
            0,1,2,-1,3,4,5,-1,0,2,6,-1,6,2,7,-1,6,7,8,-1,8,7,9,-1,8,9,10,-1,10,9,11,-1,11,9,12,-1,11,12,13,-1,12,14,13,-1,13,14,15,-1,13,15,16,-1,16,15,17,-1,16,17,18,-1,18,17,19,-1,18,19,20,-1,20,19,21,-1,20,21,22,-1,22,21,23,-1,22,23,24,-1,24,23,25,-1,25,23,26,-1,25,26,27,-1,26,28,27,-1,27,28,29,-1,27,29,30,-1,30,29,31,-1,30,31,32,-1,32,31,33,-1,33,31,34,-1,33,34,35,-1,5,36,3,-1,3,36,37,-1,3,37,38,-1,38,37,35,-1,38,35,39,-1,39,35,34,-1,
        ]
    }
}
Shape{
    appearance Appearance {
        material  Material 	{
            diffuseColor 0.2235294117647059 0.2235294117647059 0.2235294117647059
            specularColor 0.11372549019607843 0.11372549019607843 0.11372549019607843
            ambientIntensity 0.2235
            transparency 0.0
            shininess 0.5
        }
    }
    geometry IndexedFaceSet {
        ccw TRUE
        solid FALSE
        coord DEF co Coordinate {
            point [
                -0.5315 0.2618 0.4213, -0.4134 0.2618 0.4213, -0.4134 0.2622 0.4243, -0.5315 0.2622 0.4243, -0.4134 0.2634 0.4272, -0.5315 0.2634 0.4272, -0.4134 0.2653 0.4296, -0.5315 0.2653 0.4296, -0.4134 0.2677 0.4315, -0.5315 0.2677 0.4315, -0.4134 0.2706 0.4327, -0.5315 0.2706 0.4327, -0.4134 0.2736 0.4331, -0.5315 0.2736 0.4331, -0.5315 0.2618 0.1181, -0.4134 0.2618 0.1181, -0.4134 0.3248 0.4331, -0.5315 0.3248 0.4331, -0.5315 0.3248 0.4356, -0.4134 0.3248 0.4356, -0.5315 0.2539 0.4217, -0.5315 0.2539 0.4252, -0.5315 0.2542 0.4282, -0.5315 0.2604 0.4379, -0.5315 0.2575 0.4352, -0.5315 0.2555 0.4319, -0.5315 0.292 0.4409, -0.5315 0.2747 0.4409, -0.5315 0.2697 0.4409, -0.5315 0.2674 0.4408, -0.5315 0.2638 0.4398, -0.5315 0.3068 0.4409, -0.5315 0.313 0.4409, -0.5315 0.323 0.4374, -0.5315 0.2539 0.3766, -0.5315 0.2539 0.1669, -0.5315 0.2539 0.1181, -0.5315 0.3197 0.4394, -0.5315 0.316 0.4407, -0.4134 0.2555 0.4319, -0.4134 0.292 0.4409, -0.4134 0.2697 0.4409, -0.4134 0.2747 0.4409, -0.4134 0.2542 0.4282, -0.4134 0.2539 0.4252, -0.4134 0.2539 0.4217, -0.4134 0.2539 0.3766, -0.4134 0.2575 0.4352, -0.4134 0.2604 0.4379, -0.4134 0.2638 0.4398, -0.4134 0.2674 0.4408, -0.4134 0.3068 0.4409, -0.4134 0.313 0.4409, -0.4134 0.316 0.4407, -0.4134 0.2539 0.1669, -0.4134 0.2539 0.1181, -0.4134 0.3197 0.4394, -0.4134 0.323 0.4374
            ]
        }
        coordIndex [
            0,1,2,-1,0,2,3,-1,3,2,4,-1,3,4,5,-1,5,4,6,-1,5,6,7,-1,7,6,8,-1,7,8,9,-1,9,8,10,-1,9,10,11,-1,11,10,12,-1,11,12,13,-1,0,14,1,-1,1,14,15,-1,12,16,13,-1,13,16,17,-1,18,17,19,-1,19,17,16,-1,20,0,21,-1,21,0,3,-1,21,3,22,-1,22,3,5,-1,9,23,7,-1,7,23,24,-1,7,24,5,-1,5,24,25,-1,5,25,22,-1,26,27,13,-1,13,27,28,-1,13,28,11,-1,11,28,29,-1,11,29,9,-1,9,29,30,-1,9,30,23,-1,26,13,31,-1,31,13,17,-1,31,17,32,-1,17,18,33,-1,20,34,0,-1,0,34,35,-1,0,35,14,-1,14,35,36,-1,33,37,17,-1,17,37,38,-1,17,38,32,-1,6,4,39,-1,16,12,40,-1,10,41,12,-1,12,41,42,-1,12,42,40,-1,39,4,43,-1,43,4,2,-1,43,2,44,-1,44,2,45,-1,45,2,1,-1,45,1,46,-1,39,47,6,-1,6,47,48,-1,6,48,8,-1,8,48,49,-1,8,49,10,-1,10,49,50,-1,10,50,41,-1,40,51,16,-1,16,51,52,-1,16,52,53,-1,46,1,54,-1,54,1,15,-1,54,15,55,-1,53,56,16,-1,16,56,57,-1,16,57,19,-1,55,15,36,-1,36,15,14,-1,
        ]
    }
}
Shape{
    appearance Appearance {
        material  Material 	{
            diffuseColor 0.8313725490196079 0.6705882352941176 0.12941176470588237
            specularColor 0.6666666666666666 0.5372549019607843 0.10196078431372549
            ambientIntensity 0.657
            transparency 0.0
            shininess 0.5
        }
    }
    geometry IndexedFaceSet {
        ccw TRUE
        solid FALSE
        coord DEF co Coordinate {
            point [
                -0.4134 0.2539 0.1181, -0.5315 0.2539 0.1181, -0.5315 0.2539 0.1669, -0.5315 0.323 0.4374, -0.5315 0.3248 0.4356, -0.4134 0.3248 0.4356, -0.4134 0.2539 0.1669, -0.5315 0.2539 0.3766, -0.4134 0.2539 0.3766, -0.5315 0.2539 0.4217, -0.4134 0.2539 0.4217, -0.4134 0.2539 0.4252, -0.5315 0.2539 0.4252, -0.4134 0.2542 0.4282, -0.5315 0.2542 0.4282, -0.5315 0.2555 0.4319, -0.4134 0.2555 0.4319, -0.5315 0.2575 0.4352, -0.4134 0.2575 0.4352, -0.5315 0.2604 0.4379, -0.4134 0.2604 0.4379, -0.5315 0.2638 0.4398, -0.4134 0.2638 0.4398, -0.5315 0.2674 0.4408, -0.4134 0.2674 0.4408, -0.4134 0.2697 0.4409, -0.5315 0.2697 0.4409, -0.4134 0.2747 0.4409, -0.5315 0.2747 0.4409, -0.5315 0.292 0.4409, -0.4134 0.292 0.4409, -0.5315 0.3068 0.4409, -0.4134 0.3068 0.4409, -0.4134 0.313 0.4409, -0.5315 0.313 0.4409, -0.4134 0.316 0.4407, -0.4134 0.323 0.4374, -0.4134 0.3197 0.4394, -0.5315 0.3197 0.4394, -0.5315 0.316 0.4407
            ]
        }
        coordIndex [
            0,1,2,-1,3,4,5,-1,0,2,6,-1,6,2,7,-1,6,7,8,-1,8,7,9,-1,8,9,10,-1,10,9,11,-1,11,9,12,-1,11,12,13,-1,12,14,13,-1,13,14,15,-1,13,15,16,-1,16,15,17,-1,16,17,18,-1,18,17,19,-1,18,19,20,-1,20,19,21,-1,20,21,22,-1,22,21,23,-1,22,23,24,-1,24,23,25,-1,25,23,26,-1,25,26,27,-1,26,28,27,-1,27,28,29,-1,27,29,30,-1,30,29,31,-1,30,31,32,-1,32,31,33,-1,33,31,34,-1,33,34,35,-1,5,36,3,-1,3,36,37,-1,3,37,38,-1,38,37,35,-1,38,35,39,-1,39,35,34,-1,
        ]
    }
}
Shape{
    appearance Appearance {
        material  Material 	{
            diffuseColor 0.2235294117647059 0.2235294117647059 0.2235294117647059
            specularColor 0.11372549019607843 0.11372549019607843 0.11372549019607843
            ambientIntensity 0.2235
            transparency 0.0
            shininess 0.5
        }
    }
    geometry IndexedFaceSet {
        ccw TRUE
        solid FALSE
        coord DEF co Coordinate {
            point [
                -0.4134 -0.2618 0.4213, -0.5315 -0.2618 0.4213, -0.5315 -0.2622 0.4243, -0.4134 -0.2622 0.4243, -0.5315 -0.2634 0.4272, -0.4134 -0.2634 0.4272, -0.5315 -0.2653 0.4296, -0.4134 -0.2653 0.4296, -0.5315 -0.2677 0.4315, -0.4134 -0.2677 0.4315, -0.5315 -0.2706 0.4327, -0.4134 -0.2706 0.4327, -0.5315 -0.2736 0.4331, -0.4134 -0.2736 0.4331, -0.4134 -0.2618 0.1181, -0.5315 -0.2618 0.1181, -0.5315 -0.3248 0.4331, -0.4134 -0.3248 0.4331, -0.4134 -0.3248 0.4356, -0.5315 -0.3248 0.4356, -0.4134 -0.2604 0.4379, -0.4134 -0.2575 0.4352, -0.4134 -0.292 0.4409, -0.4134 -0.2747 0.4409, -0.4134 -0.2697 0.4409, -0.4134 -0.2674 0.4408, -0.4134 -0.2638 0.4398, -0.4134 -0.3068 0.4409, -0.4134 -0.313 0.4409, -0.4134 -0.2555 0.4319, -0.4134 -0.2542 0.4282, -0.4134 -0.2539 0.4252, -0.4134 -0.2539 0.4217, -0.4134 -0.2539 0.4104, -0.4134 -0.323 0.4374, -0.4134 -0.2539 0.3868, -0.4134 -0.2539 0.1771, -0.4134 -0.2539 0.1181, -0.4134 -0.3197 0.4394, -0.4134 -0.316 0.4407, -0.5315 -0.292 0.4409, -0.5315 -0.2697 0.4409, -0.5315 -0.2747 0.4409, -0.5315 -0.2542 0.4282, -0.5315 -0.2555 0.4319, -0.5315 -0.2575 0.4352, -0.5315 -0.2604 0.4379, -0.5315 -0.2638 0.4398, -0.5315 -0.2674 0.4408, -0.5315 -0.2539 0.3868, -0.5315 -0.2539 0.4104, -0.5315 -0.2539 0.4217, -0.5315 -0.2539 0.4252, -0.5315 -0.3068 0.4409, -0.5315 -0.313 0.4409, -0.5315 -0.316 0.4407, -0.5315 -0.2539 0.1771, -0.5315 -0.2539 0.1181, -0.5315 -0.3197 0.4394, -0.5315 -0.323 0.4374
            ]
        }
        coordIndex [
            0,1,2,-1,0,2,3,-1,3,2,4,-1,3,4,5,-1,5,4,6,-1,5,6,7,-1,7,6,8,-1,7,8,9,-1,9,8,10,-1,9,10,11,-1,11,10,12,-1,11,12,13,-1,0,14,1,-1,1,14,15,-1,12,16,13,-1,13,16,17,-1,18,17,19,-1,19,17,16,-1,9,20,7,-1,7,20,21,-1,7,21,5,-1,22,23,13,-1,13,23,24,-1,13,24,11,-1,11,24,25,-1,11,25,9,-1,9,25,26,-1,9,26,20,-1,22,13,27,-1,27,13,17,-1,27,17,28,-1,21,29,5,-1,5,29,30,-1,5,30,3,-1,3,30,31,-1,3,31,0,-1,0,31,32,-1,0,32,33,-1,17,18,34,-1,33,35,0,-1,0,35,36,-1,0,36,14,-1,14,36,37,-1,34,38,17,-1,17,38,39,-1,17,39,28,-1,16,12,40,-1,10,41,12,-1,12,41,42,-1,12,42,40,-1,2,43,4,-1,4,43,44,-1,4,44,6,-1,44,45,6,-1,6,45,46,-1,6,46,8,-1,8,46,47,-1,8,47,10,-1,10,47,48,-1,10,48,41,-1,49,50,1,-1,1,50,51,-1,1,51,2,-1,2,51,52,-1,2,52,43,-1,40,53,16,-1,16,53,54,-1,16,54,55,-1,49,1,56,-1,56,1,15,-1,56,15,57,-1,55,58,16,-1,16,58,59,-1,16,59,19,-1,57,15,37,-1,37,15,14,-1,
        ]
    }
}
Shape{
    appearance Appearance {
        material  Material 	{
            diffuseColor 0.8313725490196079 0.6705882352941176 0.12941176470588237
            specularColor 0.6666666666666666 0.5372549019607843 0.10196078431372549
            ambientIntensity 0.657
            transparency 0.0
            shininess 0.5
        }
    }
    geometry IndexedFaceSet {
        ccw TRUE
        solid FALSE
        coord DEF co Coordinate {
            point [
                -0.5315 -0.2539 0.1181, -0.4134 -0.2539 0.1181, -0.4134 -0.2539 0.1771, -0.4134 -0.323 0.4374, -0.4134 -0.3248 0.4356, -0.5315 -0.3248 0.4356, -0.5315 -0.2539 0.1771, -0.4134 -0.2539 0.3868, -0.5315 -0.2539 0.3868, -0.4134 -0.2539 0.4104, -0.5315 -0.2539 0.4104, -0.4134 -0.2539 0.4217, -0.5315 -0.2539 0.4217, -0.5315 -0.2539 0.4252, -0.4134 -0.2539 0.4252, -0.5315 -0.2542 0.4282, -0.4134 -0.2542 0.4282, -0.4134 -0.2555 0.4319, -0.5315 -0.2555 0.4319, -0.4134 -0.2575 0.4352, -0.5315 -0.2575 0.4352, -0.4134 -0.2604 0.4379, -0.5315 -0.2604 0.4379, -0.4134 -0.2638 0.4398, -0.5315 -0.2638 0.4398, -0.4134 -0.2674 0.4408, -0.5315 -0.2674 0.4408, -0.5315 -0.2697 0.4409, -0.4134 -0.2697 0.4409, -0.5315 -0.2747 0.4409, -0.4134 -0.2747 0.4409, -0.4134 -0.292 0.4409, -0.5315 -0.292 0.4409, -0.4134 -0.3068 0.4409, -0.5315 -0.3068 0.4409, -0.5315 -0.313 0.4409, -0.4134 -0.313 0.4409, -0.5315 -0.316 0.4407, -0.5315 -0.323 0.4374, -0.5315 -0.3197 0.4394, -0.4134 -0.3197 0.4394, -0.4134 -0.316 0.4407
            ]
        }
        coordIndex [
            0,1,2,-1,3,4,5,-1,0,2,6,-1,6,2,7,-1,6,7,8,-1,8,7,9,-1,8,9,10,-1,10,9,11,-1,10,11,12,-1,12,11,13,-1,13,11,14,-1,13,14,15,-1,14,16,15,-1,15,16,17,-1,15,17,18,-1,18,17,19,-1,18,19,20,-1,20,19,21,-1,20,21,22,-1,22,21,23,-1,22,23,24,-1,24,23,25,-1,24,25,26,-1,26,25,27,-1,27,25,28,-1,27,28,29,-1,28,30,29,-1,29,30,31,-1,29,31,32,-1,32,31,33,-1,32,33,34,-1,34,33,35,-1,35,33,36,-1,35,36,37,-1,5,38,3,-1,3,38,39,-1,3,39,40,-1,40,39,37,-1,40,37,41,-1,41,37,36,-1,
        ]
    }
}