#VRML V2.0 utf8
# 3D model generated by easyeda2kicad.py (https://github.com/uPesy/easyeda2kicad.py)

Shape{
    appearance Appearance {
        material  Material 	{
            diffuseColor 0.2235294117647059 0.2235294117647059 0.2235294117647059
            specularColor 0.11372549019607843 0.11372549019607843 0.11372549019607843
            ambientIntensity 0.2235
            transparency 0.0
            shininess 0.5
        }
    }
    geometry IndexedFaceSet {
        ccw TRUE
        solid FALSE
        coord DEF co Coordinate {
            point [
                -0.7323 0.3642 0.4291, -0.4542 0.3642 0.4291, -0.4542 0.3642 0.2678, -0.0441 0.3642 0.1715, -0.0426 0.3642 0.1713, -0.0519 0.3642 0.1713, 0.0539 0.3642 0.225, 0.0516 0.3642 0.2192, 0.0343 0.3642 0.2192, 0.0492 0.3642 0.0984, 0.0492 0.3642 0.0591, 0.0343 0.3642 0.0591, 0.1016 0.3642 0.2716, 0.0959 0.3642 0.2678, 0.0343 0.3642 0.2678, 0.0593 0.3642 0.2325, 0.0576 0.3642 0.2301, 0.0343 0.3642 0.2301, 0.0898 0.3642 0.2637, 0.0887 0.3642 0.2627, 0.0804 0.3642 0.2525, 0.0756 0.3642 0.2429, 0.0743 0.3642 0.2425, 0.0665 0.3642 0.2386, 0.1148 0.3642 0.2763, 0.0343 0.3642 0.4291, 0.1257 0.3642 0.2774, 0.1369 0.3642 0.2762, 0.1492 0.3642 0.272, 0.7323 0.3642 0.4291, 0.1562 0.3642 0.2678, 0.7323 0.3642 0.2678, 0.1573 0.3642 0.2671, 0.185 0.3642 0.2549, 0.175 0.3642 0.2561, 0.1635 0.3642 0.2618, 0.1719 0.3642 0.2559, 0.1689 0.3642 0.2556, 0.2053 0.3642 0.2434, 0.2032 0.3642 0.2454, 0.1948 0.3642 0.2512, 0.7323 0.3642 0.2301, 0.7323 0.3642 0.2192, 0.217 0.3642 0.2192, 0.2157 0.3642 0.2261, 0.2139 0.3642 0.2301, 0.2115 0.3642 0.2356, 0.1894 0.3642 0.1732, 0.1988 0.3642 0.1779, 0.7323 0.3642 0.1713, 0.2066 0.3642 0.1847, 0.2128 0.3642 0.1936, 0.2165 0.3642 0.2034, 0.2177 0.3642 0.2134, 0.2176 0.3642 0.2162, 0.1714 0.3642 0.1566, 0.1738 0.3642 0.1576, 0.179 0.3642 0.1615, 0.1855 0.3642 0.172, 0.1852 0.3642 0.1713, 0.1829 0.3642 0.1664, 0.3641 0.3642 0.0984, 0.3641 0.3642 0.0591, 0.2657 0.3642 0.0591, 0.2067 0.3642 0.0984, 0.2067 0.3642 0.0591, 0.1082 0.3642 0.0591, 0.1605 0.3642 0.1541, 0.1615 0.3642 0.1541, 0.1082 0.3642 0.0984, 0.7323 0.3642 0.0591, 0.5807 0.3642 0.0591, 0.7323 0.3642 0.1566, 0.5807 0.3642 0.0984, 0.5216 0.3642 0.0984, 0.5216 0.3642 0.0591, 0.4232 0.3642 0.0591, 0.4232 0.3642 0.0984, 0.2657 0.3642 0.0984, 0.1677 0.3642 0.1551, 0.0343 0.3642 0.1566, 0.1496 0.3642 0.1566, 0.1541 0.3642 0.1549, 0.1358 0.3642 0.1713, 0.1358 0.3642 0.1712, 0.1389 0.3642 0.1653, 0.143 0.3642 0.1608, 0.1482 0.3642 0.1571, 0.1021 0.3642 0.1868, 0.1003 0.3642 0.1876, 0.0972 0.3642 0.2026, 0.1407 0.3642 0.1981, 0.1054 0.3642 0.2165, 0.1453 0.3642 0.2023, 0.1509 0.3642 0.2053, 0.1038 0.3642 0.1857, 0.054 0.3642 0.1906, 0.0593 0.3642 0.1833, 0.0343 0.3642 0.1713, 0.066 0.3642 0.2104, 0.0672 0.3642 0.2155, 0.0692 0.3642 0.2192, 0.2004 0.3642 0.2192, 0.0507 0.3642 0.217, 0.0495 0.3642 0.2084, 0.0507 0.3642 0.199, 0.0983 0.3642 0.1878, 0.098 0.3642 0.1878, 0.0972 0.3642 0.1876, 0.1989 0.3642 0.2034, 0.1957 0.3642 0.198, 0.1823 0.3642 0.1953, 0.191 0.3642 0.1932, 0.1853 0.3642 0.1897, 0.1726 0.3642 0.2041, 0.178 0.3642 0.2003, 0.2011 0.3642 0.2139, 0.2008 0.3642 0.2099, 0.1668 0.3642 0.2063, 0.1605 0.3642 0.2071, 0.1573 0.3642 0.2069, 0.0664 0.3642 0.1773, 0.0745 0.3642 0.1733, 0.0833 0.3642 0.1715, 0.1065 0.3642 0.1796, 0.1064 0.3642 0.1807, 0.1341 0.3642 0.1831, 0.1059 0.3642 0.1827, 0.1048 0.3642 0.1845, 0.0712 0.3642 0.1942, 0.0683 0.3642 0.1983, 0.0665 0.3642 0.203, 0.0659 0.3642 0.2081, 0.0988 0.3642 0.1715, 0.1003 0.3642 0.1717, 0.102 0.3642 0.1724, 0.1037 0.3642 0.1736, 0.1044 0.3642 0.1742, 0.1055 0.3642 0.1759, 0.1062 0.3642 0.1777, 0.1343 0.3642 0.1777, 0.1341 0.3642 0.1804, 0.0967 0.3642 0.1876, 0.0848 0.3642 0.1876, 0.0801 0.3642 0.1885, 0.0755 0.3642 0.1906, 0.0716 0.3642 0.1938, 0.0885 0.3642 0.2287, 0.198 0.3642 0.2262, 0.2003 0.3642 0.2203, 0.0864 0.3642 0.2287, 0.0697 0.3642 0.22, 0.0727 0.3642 0.2234, 0.0768 0.3642 0.2263, 0.0814 0.3642 0.2281, 0.0942 0.3642 0.2445, 0.1001 0.3642 0.2516, 0.1607 0.3642 0.2363, 0.1008 0.3642 0.2522, 0.1082 0.3642 0.2574, 0.1567 0.3642 0.2446, 0.1953 0.3642 0.2301, 0.1626 0.3642 0.2374, 0.0888 0.3642 0.2301, 0.0901 0.3642 0.236, 0.1686 0.3642 0.2395, 0.1747 0.3642 0.2403, 0.1774 0.3642 0.2401, 0.1508 0.3642 0.2517, 0.1165 0.3642 0.2605, 0.1437 0.3642 0.2569, 0.1254 0.3642 0.2616, 0.1351 0.3642 0.2604, 0.1839 0.3642 0.2386, 0.1898 0.3642 0.2355, 0.1944 0.3642 0.2314, -0.1416 0.3642 0.2301, -0.1296 0.3642 0.2304, -0.1243 0.3642 0.2304, -0.1155 0.3642 0.2675, -0.1416 0.3642 0.2678, -0.1069 0.3642 0.2678, -0.1015 0.3642 0.2304, -0.0963 0.3642 0.2304, -0.0952 0.3642 0.2301, -0.1069 0.3642 0.2301, -0.1069 0.3642 0.2406, -0.1051 0.3642 0.2406, -0.0952 0.3642 0.2678, -0.1069 0.3642 0.2585, -0.1104 0.3642 0.2675, -0.0605 0.3642 0.2678, -0.0519 0.3642 0.2678, -0.0562 0.3642 0.2675, -0.0519 0.3642 0.2675, -0.0419 0.3642 0.2632, -0.0419 0.3642 0.2514, -0.0519 0.3642 0.2632, -0.0519 0.3642 0.2514, -0.0562 0.3642 0.2632, -0.0551 0.3642 0.2514, -0.057 0.3642 0.2346, -0.0551 0.3642 0.2471, -0.0519 0.3642 0.2346, -0.0519 0.3642 0.2471, -0.0419 0.3642 0.2346, -0.0419 0.3642 0.2471, -0.0371 0.3642 0.2304, -0.0349 0.3642 0.2301, -0.0519 0.3642 0.2301, -0.0371 0.3642 0.2675, -0.0349 0.3642 0.2678, -0.0605 0.3642 0.2301, -0.057 0.3642 0.2304, -0.0519 0.3642 0.2304, -0.0255 0.3642 0.2632, -0.0209 0.3642 0.2638, -0.0281 0.3642 0.2358, -0.0297 0.3642 0.2616, -0.0297 0.3642 0.2365, -0.0292 0.3642 0.2618, -0.0281 0.3642 0.2623, -0.019 0.3642 0.2637, -0.0158 0.3642 0.263, -0.013 0.3642 0.2615, -0.0108 0.3642 0.2597, -0.0106 0.3642 0.2594, -0.0088 0.3642 0.2568, -0.0075 0.3642 0.2536, -0.0069 0.3642 0.2485, -0.007 0.3642 0.2466, -0.0077 0.3642 0.243, -0.0218 0.3642 0.2341, -0.026 0.3642 0.2349, -0.0137 0.3642 0.2355, -0.0164 0.3642 0.2345, -0.0201 0.3642 0.234, -0.0089 0.3642 0.2401, -0.0106 0.3642 0.238, -0.0113 0.3642 0.2372, -0.0248 0.3642 0.2678, -0.0257 0.3642 0.2677, -0.0281 0.3642 0.2678, -0.0281 0.3642 0.267, -0.0297 0.3642 0.2666, -0.0209 0.3642 0.2681, -0.0281 0.3642 0.4291, -0.0209 0.3642 0.2681, -0.0036 0.3642 0.4291, -0.0183 0.3642 0.2678, -0.0036 0.3642 0.2678, -0.0046 0.3642 0.2591, -0.0073 0.3642 0.2626, -0.0082 0.3642 0.2635, -0.0116 0.3642 0.2659, -0.0155 0.3642 0.2675, -0.0019 0.3642 0.2482, -0.002 0.3642 0.2502, -0.0013 0.3642 0.2678, -0.0028 0.3642 0.255, -0.0036 0.3642 0.2568, -0.0026 0.3642 0.2422, -0.0013 0.3642 0.2301, -0.0036 0.3642 0.2398, -0.0036 0.3642 0.2301, -0.0041 0.3642 0.2383, -0.0067 0.3642 0.2348, -0.0161 0.3642 0.2301, -0.0131 0.3642 0.2307, -0.0096 0.3642 0.2324, -0.0172 0.3642 0.2299, -0.0036 0.3642 0.2192, -0.0194 0.3642 0.2298, -0.0281 0.3642 0.2192, -0.0227 0.3642 0.2301, -0.0297 0.3642 0.2319, -0.029 0.3642 0.2316, -0.0281 0.3642 0.2301, -0.0281 0.3642 0.2313, -0.025 0.3642 0.2303, -0.5807 0.3642 0.0591, -0.7323 0.3642 0.0591, -0.5807 0.3642 0.0984, -0.7323 0.3642 0.1566, -0.5217 0.3642 0.0984, -0.4542 0.3642 0.1566, -0.5217 0.3642 0.0591, -0.3642 0.3642 0.0984, -0.4233 0.3642 0.0984, -0.4542 0.3642 0.0591, -0.4233 0.3642 0.0591, -0.1416 0.3642 0.0591, -0.2067 0.3642 0.0591, -0.1416 0.3642 0.1566, -0.2067 0.3642 0.0984, -0.2658 0.3642 0.0984, -0.2658 0.3642 0.0591, -0.3642 0.3642 0.0591, -0.0349 0.3642 0.0591, -0.0492 0.3642 0.0591, -0.0492 0.3642 0.0984, -0.006 0.3642 0.1825, -0.0069 0.3642 0.1841, -0.0078 0.3642 0.1917, -0.0281 0.3642 0.1713, -0.0265 0.3642 0.1716, -0.0218 0.3642 0.1716, -0.0181 0.3642 0.1947, -0.0165 0.3642 0.1949, -0.014 0.3642 0.1873, -0.0083 0.3642 0.1853, -0.0102 0.3642 0.1863, -0.011 0.3642 0.1937, -0.0139 0.3642 0.1947, -0.0036 0.3642 0.1713, -0.006 0.3642 0.175, -0.0055 0.3642 0.1766, -0.026 0.3642 0.1925, -0.0265 0.3642 0.1886, -0.0218 0.3642 0.1757, -0.0217 0.3642 0.1757, -0.0208 0.3642 0.1743, -0.0193 0.3642 0.1728, -0.0091 0.3642 0.172, -0.0108 0.3642 0.1713, -0.0109 0.3642 0.1713, -0.0075 0.3642 0.1731, -0.007 0.3642 0.1736, -0.0052 0.3642 0.1787, -0.0054 0.3642 0.1808, -0.0218 0.3642 0.1884, -0.0217 0.3642 0.1905, -0.0212 0.3642 0.1921, -0.0207 0.3642 0.1931, -0.0078 0.3642 0.1962, -0.0201 0.3642 0.1984, -0.022 0.3642 0.1977, -0.0234 0.3642 0.1968, -0.0243 0.3642 0.196, -0.0253 0.3642 0.1945, -0.02 0.3642 0.1938, -0.0191 0.3642 0.1944, -0.0088 0.3642 0.1968, -0.0122 0.3642 0.1981, -0.0169 0.3642 0.1987, -0.0136 0.3642 0.171, -0.0036 0.3642 0.1566, -0.0161 0.3642 0.1713, -0.0281 0.3642 0.1566, -0.0162 0.3642 0.1713, -0.0328 0.3642 0.1909, -0.033 0.3642 0.1926, -0.0335 0.3642 0.1877, -0.033 0.3642 0.1891, -0.0328 0.3642 0.1773, -0.0348 0.3642 0.1761, -0.0349 0.3642 0.1761, -0.0349 0.3642 0.1859, -0.0341 0.3642 0.1867, -0.0349 0.3642 0.186, -0.037 0.3642 0.1713, -0.0361 0.3642 0.1714, -0.0349 0.3642 0.1713, -0.0349 0.3642 0.1718, -0.0328 0.3642 0.1725, -0.0494 0.3642 0.1975, -0.0494 0.3642 0.193, -0.0358 0.3642 0.1966, -0.0369 0.3642 0.1973, -0.0349 0.3642 0.2192, -0.0335 0.3642 0.1941, -0.0344 0.3642 0.1953, -0.0349 0.3642 0.1958, -0.0504 0.3642 0.1769, -0.0499 0.3642 0.1755, -0.049 0.3642 0.1742, -0.0394 0.3642 0.1982, -0.0431 0.3642 0.1987, -0.0519 0.3642 0.2192, -0.0464 0.3642 0.1984, -0.0491 0.3642 0.1832, -0.05 0.3642 0.1819, -0.0505 0.3642 0.1805, -0.0507 0.3642 0.1788, -0.0477 0.3642 0.1731, -0.0466 0.3642 0.1724, -0.0427 0.3642 0.1949, -0.0413 0.3642 0.1948, -0.0376 0.3642 0.1914, -0.04 0.3642 0.1945, -0.039 0.3642 0.1939, -0.0376 0.3642 0.1907, -0.0378 0.3642 0.19, -0.0382 0.3642 0.1894, -0.0386 0.3642 0.1889, -0.0402 0.3642 0.1879, -0.0455 0.3642 0.1946, -0.0431 0.3642 0.1866, -0.0481 0.3642 0.1937, -0.0449 0.3642 0.1859, -0.048 0.3642 0.1842, -0.0383 0.3642 0.1933, -0.0379 0.3642 0.1927, -0.0377 0.3642 0.1921, -0.0377 0.3642 0.1751, -0.0398 0.3642 0.1832, -0.0371 0.3642 0.1845, -0.0404 0.3642 0.1748, -0.0406 0.3642 0.1748, -0.0429 0.3642 0.182, -0.043 0.3642 0.175, -0.0459 0.3642 0.1784, -0.0459 0.3642 0.1789, -0.0442 0.3642 0.1755, -0.0446 0.3642 0.1757, -0.0452 0.3642 0.1762, -0.0456 0.3642 0.1768, -0.0458 0.3642 0.1775, -0.0456 0.3642 0.1797, -0.0453 0.3642 0.1803, -0.0447 0.3642 0.1809, -0.0835 0.3642 0.2087, -0.0952 0.3642 0.2087, -0.0952 0.3642 0.2192, -0.0652 0.3642 0.1782, -0.0658 0.3642 0.176, -0.0659 0.3642 0.176, -0.0785 0.3642 0.1981, -0.0605 0.3642 0.2192, -0.0737 0.3642 0.1981, -0.0605 0.3642 0.1916, -0.0664 0.3642 0.1781, -0.0661 0.3642 0.1769, -0.0605 0.3642 0.1713, -0.0605 0.3642 0.1792, -0.0531 0.3642 0.1981, -0.0583 0.3642 0.1981, -0.0635 0.3642 0.1717, -0.0633 0.3642 0.1713, -0.0614 0.3642 0.1668, -0.0519 0.3642 0.1566, -0.054 0.3642 0.1595, -0.054 0.3642 0.1636, -0.0596 0.3642 0.1642, -0.0605 0.3642 0.1651, -0.0605 0.3642 0.1652, -0.04 0.3642 0.171, -0.0349 0.3642 0.1566, -0.055 0.3642 0.1633, -0.0567 0.3642 0.1631, -0.0605 0.3642 0.16, -0.0589 0.3642 0.1594, -0.0605 0.3642 0.1566, -0.057 0.3642 0.1591, -0.056 0.3642 0.1592, -0.0579 0.3642 0.1633, -0.0589 0.3642 0.1637, -0.0665 0.3642 0.1676, -0.0644 0.3642 0.1635, -0.0952 0.3642 0.1566, -0.0679 0.3642 0.1713, -0.0627 0.3642 0.1615, -0.0624 0.3642 0.1612, -0.0607 0.3642 0.16, -0.1026 0.3642 0.2087, -0.1026 0.3642 0.2044, -0.1069 0.3642 0.2192, -0.1034 0.3642 0.1758, -0.1069 0.3642 0.1713, -0.1034 0.3642 0.1716, -0.0952 0.3642 0.1713, -0.0952 0.3642 0.1716, -0.0835 0.3642 0.1716, -0.0883 0.3642 0.2044, -0.0883 0.3642 0.1925, -0.0952 0.3642 0.2044, -0.0952 0.3642 0.1925, -0.1015 0.3642 0.1925, -0.1015 0.3642 0.1883, -0.0952 0.3642 0.1758, -0.0952 0.3642 0.1883, -0.0883 0.3642 0.1758, -0.0883 0.3642 0.1883, 0.0192 0.3642 0.2304, 0.0192 0.3642 0.2675, 0.0144 0.3642 0.2675, -0.0004 0.3642 0.2346, 0.0144 0.3642 0.2346, -0.0004 0.3642 0.2304, -0.0008 0.3642 0.1758, -0.0008 0.3642 0.1716, -0.0013 0.3642 0.1713, 0.0192 0.3642 0.1716, 0.0192 0.3642 0.2087, -0.0013 0.3642 0.2192, 0.0001 0.3642 0.2087, 0.0001 0.3642 0.2044, 0.0144 0.3642 0.2044, 0.0144 0.3642 0.1925, 0.0144 0.3642 0.1883, 0.0144 0.3642 0.1758, 0.0011 0.3642 0.1883, 0.0011 0.3642 0.1925, -0.0013 0.3642 0.4291, -0.0013 0.3642 0.1566, -0.0013 0.3642 0.0591, -0.0036 0.3642 0.0591, -0.0281 0.3642 0.0591, -0.018 0.3642 0.172, -0.1083 0.3642 0.0591, -0.1083 0.3642 0.0984, -0.1069 0.3642 0.0984, -0.1069 0.3642 0.1566, -0.0952 0.3642 0.0984, -0.0605 0.3642 0.0984, -0.0519 0.3642 0.0984, -0.0746 0.3642 0.2675, -0.0802 0.3642 0.2669, -0.0847 0.3642 0.2652, -0.0922 0.3642 0.2581, -0.0936 0.3642 0.2545, -0.0942 0.3642 0.2494, -0.0941 0.3642 0.2471, -0.0932 0.3642 0.2427, -0.0914 0.3642 0.2389, -0.0886 0.3642 0.2356, -0.0847 0.3642 0.2328, -0.0805 0.3642 0.2312, -0.0742 0.3642 0.2304, -0.064 0.3642 0.2304, -0.064 0.3642 0.2675, -0.0886 0.3642 0.2626, -0.0899 0.3642 0.2613, -0.0349 0.3642 0.4291, -0.0519 0.3642 0.4291, -0.0605 0.3642 0.4291, -0.0952 0.3642 0.4291, -0.1069 0.3642 0.4291, -0.1416 0.3642 0.4291, -0.1267 0.3642 0.208, -0.1311 0.3642 0.2064, -0.1416 0.3642 0.2192, -0.1386 0.3642 0.1993, -0.14 0.3642 0.1957, -0.1406 0.3642 0.1906, -0.1416 0.3642 0.1713, -0.1405 0.3642 0.1883, -0.1396 0.3642 0.1839, -0.1378 0.3642 0.1801, -0.135 0.3642 0.1768, -0.1312 0.3642 0.174, -0.1269 0.3642 0.1724, -0.1206 0.3642 0.1716, -0.1104 0.3642 0.1716, -0.1104 0.3642 0.2087, -0.121 0.3642 0.2087, -0.1205 0.3642 0.2406, -0.135 0.3642 0.2038, -0.1363 0.3642 0.2025, -0.1707 0.3642 0.1716, -0.176 0.3642 0.1716, -0.4542 0.3642 0.1713, -0.1619 0.3642 0.2087, -0.4542 0.3642 0.2192, -0.4542 0.3642 0.2301, -0.167 0.3642 0.1817, -0.1515 0.3642 0.1817, -0.148 0.3642 0.1716, -0.1427 0.3642 0.1716, -0.1568 0.3642 0.2087, -0.7323 0.3642 0.2678, -0.7323 0.3642 0.2301, -0.7323 0.3642 0.2192, -0.7323 0.3642 0.1713, -0.3642 -0.3641 0.0984, -0.3642 -0.3641 0.0591, -0.2658 -0.3641 0.0591, 0.0492 -0.3641 0.0984, 0.1082 -0.3641 0.0984, 0.7323 -0.3641 0.4291, 0.3641 -0.3641 0.0984, 0.4232 -0.3641 0.0984, -0.0492 -0.3641 0.0591, 0.0492 -0.3641 0.0591, -0.0492 -0.3641 0.0984, -0.7323 -0.3641 0.4291, 0.2657 -0.3641 0.0984, 0.2657 -0.3641 0.0591, 0.3641 -0.3641 0.0591, -0.2067 -0.3641 0.0591, -0.1083 -0.3641 0.0591, -0.2067 -0.3641 0.0984, -0.1083 -0.3641 0.0984, 0.2067 -0.3641 0.0984, 0.2067 -0.3641 0.0591, 0.1082 -0.3641 0.0591, -0.7323 -0.3641 0.0591, -0.5807 -0.3641 0.0591, -0.5807 -0.3641 0.0984, -0.5217 -0.3641 0.0984, -0.2658 -0.3641 0.0984, 0.5807 -0.3641 0.0591, 0.7323 -0.3641 0.0591, 0.5807 -0.3641 0.0984, 0.5216 -0.3641 0.0984, 0.5216 -0.3641 0.0591, 0.4232 -0.3641 0.0591, -0.4233 -0.3641 0.0984, -0.4233 -0.3641 0.0591, -0.5217 -0.3641 0.0591, 0.5787 0.1575 0.4488, 0.5787 -0.1574 0.4488, 0.6181 0.1575 0.4488, 0.6181 -0.1574 0.4488, -0.5217 -0.3338 0.4488, -0.5807 -0.3338 0.4488, -0.752 -0.3444 0.4488, -0.5807 -0.2814 0.4488, -0.6181 -0.2814 0.4488, -0.0492 0.3339 0.4488, -0.0492 0.2815 0.4488, 0.0492 0.2815 0.4488, 0.6181 0.2815 0.4488, 0.7519 0.3445 0.4488, 0.7519 -0.3444 0.4488, 0.6181 -0.2814 0.4488, 0.5807 -0.2814 0.4488, -0.1083 -0.3338 0.4488, -0.1083 -0.2814 0.4488, -0.2067 -0.2814 0.4488, -0.5788 -0.1574 0.4488, -0.5788 0.1575 0.4488, -0.6181 -0.1574 0.4488, -0.6181 0.1575 0.4488, -0.2067 -0.3338 0.4488, -0.2658 -0.3338 0.4488, -0.6181 0.2815 0.4488, -0.752 0.3445 0.4488, -0.5217 0.3339 0.4488, -0.5807 0.3339 0.4488, -0.5807 0.2815 0.4488, 0.5216 -0.2814 0.4488, 0.4232 -0.2814 0.4488, 0.5216 -0.3338 0.4488, 0.4232 -0.3338 0.4488, 0.5807 -0.3338 0.4488, 0.3641 -0.3338 0.4488, 0.0492 -0.3338 0.4488, 0.0492 -0.2814 0.4488, -0.0492 -0.2814 0.4488, -0.4233 -0.3338 0.4488, -0.4233 -0.2814 0.4488, -0.5217 -0.2814 0.4488, -0.3642 0.2815 0.4488, -0.2658 0.2815 0.4488, -0.3642 0.3339 0.4488, -0.2658 0.3339 0.4488, 0.2657 0.3339 0.4488, 0.2657 0.2815 0.4488, 0.3641 0.2815 0.4488, -0.3642 -0.3338 0.4488, -0.3642 -0.2814 0.4488, -0.2658 -0.2814 0.4488, 0.3641 0.3339 0.4488, 0.4232 0.3339 0.4488, -0.0492 -0.3338 0.4488, 0.0492 0.3339 0.4488, 0.1082 0.3339 0.4488, 0.2067 0.3339 0.4488, 0.2067 0.2815 0.4488, 0.1082 0.2815 0.4488, -0.1083 0.3339 0.4488, -0.2067 0.3339 0.4488, -0.1083 0.2815 0.4488, -0.2067 0.2815 0.4488, -0.5217 0.2815 0.4488, -0.4233 0.2815 0.4488, -0.4233 0.3339 0.4488, 0.5807 0.2815 0.4488, 0.5807 0.3339 0.4488, 0.5216 0.3339 0.4488, 0.5216 0.2815 0.4488, 0.4232 0.2815 0.4488, 0.3641 -0.2814 0.4488, 0.2657 -0.2814 0.4488, 0.2657 -0.3338 0.4488, 0.2067 -0.3338 0.4488, 0.2067 -0.2814 0.4488, 0.1082 -0.2814 0.4488, 0.1082 -0.3338 0.4488, -0.565 -0.2185 0.3701, -0.565 -0.1574 0.3701, -0.5807 -0.2185 0.3701, -0.6181 -0.1574 0.3701, -0.5807 -0.2224 0.3701, -0.6181 -0.2224 0.3701, 0.2067 -0.2224 0.1339, 0.1082 -0.2224 0.1339, 0.2067 -0.2224 0.3898, 0.1082 -0.2224 0.3898, 0.0492 -0.2224 0.1339, -0.0492 -0.2224 0.1339, 0.0492 -0.2224 0.3898, -0.0492 -0.2224 0.3898, 0.5216 -0.2224 0.1339, 0.4232 -0.2224 0.1339, 0.5216 -0.2224 0.3898, 0.4232 -0.2224 0.3898, 0.3641 -0.2224 0.3898, 0.3641 -0.2224 0.1339, 0.2657 -0.2224 0.3898, 0.2657 -0.2224 0.1339, -0.4233 -0.2224 0.1339, -0.5217 -0.2224 0.1339, -0.4233 -0.2224 0.3898, -0.5217 -0.2224 0.3898, -0.5807 -0.2224 0.3898, -0.6181 -0.2224 0.3898, -0.1083 -0.2224 0.1339, -0.2067 -0.2224 0.1339, -0.1083 -0.2224 0.3898, -0.2067 -0.2224 0.3898, -0.2658 -0.2224 0.3898, -0.2658 -0.2224 0.1339, -0.3642 -0.2224 0.3898, -0.3642 -0.2224 0.1339, 0.1082 -0.2244 0.405, 0.2067 -0.2244 0.405, 0.1082 -0.2303 0.4193, 0.2067 -0.2303 0.4193, 0.1082 -0.2397 0.4315, 0.2067 -0.2397 0.4315, 0.1082 -0.2519 0.4409, 0.2067 -0.2519 0.4409, 0.1082 -0.2662 0.4468, 0.2067 -0.2662 0.4468, -0.0492 -0.2244 0.405, 0.0492 -0.2244 0.405, -0.0492 -0.2303 0.4193, 0.0492 -0.2303 0.4193, -0.0492 -0.2397 0.4315, 0.0492 -0.2397 0.4315, -0.0492 -0.2519 0.4409, 0.0492 -0.2519 0.4409, -0.0492 -0.2662 0.4468, 0.0492 -0.2662 0.4468, 0.4232 -0.2244 0.405, 0.5216 -0.2244 0.405, 0.4232 -0.2303 0.4193, 0.5216 -0.2303 0.4193, 0.4232 -0.2397 0.4315, 0.5216 -0.2397 0.4315, 0.4232 -0.2519 0.4409, 0.5216 -0.2519 0.4409, 0.4232 -0.2662 0.4468, 0.5216 -0.2662 0.4468, 0.2657 -0.2244 0.405, 0.3641 -0.2244 0.405, 0.2657 -0.2303 0.4193, 0.3641 -0.2303 0.4193, 0.2657 -0.2397 0.4315, 0.3641 -0.2397 0.4315, 0.2657 -0.2519 0.4409, 0.3641 -0.2519 0.4409, 0.2657 -0.2662 0.4468, 0.3641 -0.2662 0.4468, -0.5217 -0.2244 0.405, -0.4233 -0.2244 0.405, -0.5217 -0.2303 0.4193, -0.4233 -0.2303 0.4193, -0.5217 -0.2397 0.4315, -0.4233 -0.2397 0.4315, -0.5217 -0.2519 0.4409, -0.4233 -0.2519 0.4409, -0.5217 -0.2662 0.4468, -0.4233 -0.2662 0.4468, -0.6181 -0.2244 0.405, -0.5807 -0.2244 0.405, -0.6181 -0.2303 0.4193, -0.5807 -0.2303 0.4193, -0.6181 -0.2397 0.4315, -0.5807 -0.2397 0.4315, -0.6181 -0.2519 0.4409, -0.5807 -0.2519 0.4409, -0.6181 -0.2662 0.4468, -0.5807 -0.2662 0.4468, -0.2067 -0.2244 0.405, -0.1083 -0.2244 0.405, -0.2067 -0.2303 0.4193, -0.1083 -0.2303 0.4193, -0.2067 -0.2397 0.4315, -0.1083 -0.2397 0.4315, -0.2067 -0.2519 0.4409, -0.1083 -0.2519 0.4409, -0.2067 -0.2662 0.4468, -0.1083 -0.2662 0.4468, -0.3642 -0.2244 0.405, -0.2658 -0.2244 0.405, -0.3642 -0.2303 0.4193, -0.2658 -0.2303 0.4193, -0.3642 -0.2397 0.4315, -0.2658 -0.2397 0.4315, -0.3642 -0.2519 0.4409, -0.2658 -0.2519 0.4409, -0.3642 -0.2662 0.4468, -0.2658 -0.2662 0.4468, -0.5226 -0.2216 0.1278, -0.5231 -0.222 0.1298, -0.5217 -0.222 0.1298, -0.4233 -0.222 0.1298, -0.3642 -0.222 0.1298, 0.1082 -0.222 0.1298, 0.2657 -0.222 0.1298, -0.2067 -0.222 0.1298, -0.1083 -0.222 0.1298, -0.0492 -0.222 0.1298, -0.2658 -0.222 0.1298, 0.3641 -0.222 0.1298, 0.2067 -0.222 0.1298, 0.0492 -0.222 0.1298, 0.4232 -0.222 0.1298, 0.5216 -0.222 0.1298, 0.5231 -0.222 0.1298, 0.5226 -0.2216 0.1278, 0.5224 -0.2214 0.127, 0.5214 -0.2204 0.1246, -0.5224 -0.2214 0.127, -0.5215 -0.2204 0.1246, -0.5139 -0.2128 0.1148, -0.515 -0.2139 0.1159, 0.5138 -0.2128 0.1148, -0.5208 -0.2197 0.1229, 0.5207 -0.2197 0.1229, -0.5202 -0.2192 0.1221, 0.5202 -0.2192 0.1221, -0.5187 -0.2177 0.1198, 0.5187 -0.2177 0.1198, -0.518 -0.2169 0.1188, 0.518 -0.2169 0.1188, -0.5164 -0.2154 0.1173, 0.5164 -0.2154 0.1173, 0.5149 -0.2139 0.1159, -0.5115 -0.2105 0.1136, 0.5115 -0.2105 0.1136, -0.5103 -0.2093 0.113, 0.5103 -0.2093 0.113, 0.5073 -0.2062 0.1115, 0.4998 -0.1988 0.1102, -0.4999 -0.1988 0.1102, 0.5052 -0.2042 0.1111, -0.5053 -0.2042 0.1111, 0.5059 -0.2048 0.1112, -0.5059 -0.2048 0.1112, -0.5073 -0.2062 0.1115, 0.4232 -0.4035 0.0591, 0.3641 -0.4035 0.0591, 0.7637 -0.3326 0.0591, 0.2657 -0.4035 0.0591, 0.2067 -0.4035 0.0591, 0.1082 -0.4035 0.0591, 0.0492 -0.4035 0.0591, -0.2067 -0.4035 0.0591, -0.2658 -0.4035 0.0591, -0.7638 -0.3326 0.0591, -0.5217 -0.4035 0.0591, -0.5807 -0.4035 0.0591, 0.5807 -0.4035 0.0591, 0.5216 -0.4035 0.0591, -0.0492 -0.4035 0.0591, -0.1083 -0.4035 0.0591, -0.3642 -0.4035 0.0591, -0.4233 -0.4035 0.0591, -0.5231 0.2186 0.1298, -0.565 0.2186 0.3701, -0.5231 -0.2185 0.1298, -0.565 0.1575 0.3701, 0.5807 -0.2224 0.3701, 0.6181 -0.2224 0.3701, 0.5807 -0.2185 0.3701, 0.6181 -0.1574 0.3701, 0.565 -0.2185 0.3701, 0.565 -0.1574 0.3701, 0.5231 -0.2185 0.1298, 0.5231 0.2186 0.1298, 0.565 0.2186 0.3701, 0.565 0.1575 0.3701, 0.0492 0.2225 0.3898, -0.0492 0.2225 0.3898, 0.0492 0.2225 0.1339, -0.0492 0.2225 0.1339, -0.1083 0.2225 0.3898, -0.2067 0.2225 0.3898, -0.1083 0.2225 0.1339, -0.2067 0.2225 0.1339, 0.3641 0.2225 0.3898, 0.2657 0.2225 0.3898, 0.3641 0.2225 0.1339, 0.2657 0.2225 0.1339, 0.2067 0.2225 0.1339, 0.2067 0.2225 0.3898, 0.1082 0.2225 0.1339, 0.1082 0.2225 0.3898, -0.5807 0.2225 0.3898, -0.6181 0.2225 0.3898, -0.5807 0.2225 0.3701, -0.6181 0.2225 0.3701, -0.2658 0.2225 0.3898, -0.3642 0.2225 0.3898, -0.2658 0.2225 0.1339, -0.3642 0.2225 0.1339, -0.4233 0.2225 0.1339, -0.4233 0.2225 0.3898, -0.5217 0.2225 0.1339, -0.5217 0.2225 0.3898, -0.0492 0.2684 0.4473, 0.0492 0.2684 0.4473, -0.0492 0.2559 0.443, 0.0492 0.2559 0.443, -0.0492 0.2447 0.4359, 0.0492 0.2447 0.4359, -0.0492 0.2354 0.4266, 0.0492 0.2354 0.4266, -0.0492 0.2283 0.4154, 0.0492 0.2283 0.4154, -0.0492 0.224 0.4029, 0.0492 0.224 0.4029, -0.2067 0.2684 0.4473, -0.1083 0.2684 0.4473, -0.2067 0.2559 0.443, -0.1083 0.2559 0.443, -0.2067 0.2447 0.4359, -0.1083 0.2447 0.4359, -0.2067 0.2354 0.4266, -0.1083 0.2354 0.4266, -0.2067 0.2283 0.4154, -0.1083 0.2283 0.4154, -0.2067 0.224 0.4029, -0.1083 0.224 0.4029, 0.2657 0.2684 0.4473, 0.3641 0.2684 0.4473, 0.2657 0.2559 0.443, 0.3641 0.2559 0.443, 0.2657 0.2447 0.4359, 0.3641 0.2447 0.4359, 0.2657 0.2354 0.4266, 0.3641 0.2354 0.4266, 0.2657 0.2283 0.4154, 0.3641 0.2283 0.4154, 0.2657 0.224 0.4029, 0.3641 0.224 0.4029, 0.1082 0.2684 0.4473, 0.2067 0.2684 0.4473, 0.1082 0.2559 0.443, 0.2067 0.2559 0.443, 0.1082 0.2447 0.4359, 0.2067 0.2447 0.4359, 0.1082 0.2354 0.4266, 0.2067 0.2354 0.4266, 0.1082 0.2283 0.4154, 0.2067 0.2283 0.4154, 0.1082 0.224 0.4029, 0.2067 0.224 0.4029, -0.6181 0.2684 0.4473, -0.5807 0.2684 0.4473, -0.6181 0.2559 0.443, -0.5807 0.2559 0.443, -0.6181 0.2447 0.4359, -0.5807 0.2447 0.4359, -0.6181 0.2354 0.4266, -0.5807 0.2354 0.4266, -0.6181 0.2283 0.4154, -0.5807 0.2283 0.4154, -0.6181 0.224 0.4029, -0.5807 0.224 0.4029, -0.3642 0.2684 0.4473, -0.2658 0.2684 0.4473, -0.3642 0.2559 0.443, -0.2658 0.2559 0.443, -0.3642 0.2447 0.4359, -0.2658 0.2447 0.4359, -0.3642 0.2354 0.4266, -0.2658 0.2354 0.4266, -0.3642 0.2283 0.4154, -0.2658 0.2283 0.4154, -0.3642 0.224 0.4029, -0.2658 0.224 0.4029, -0.5217 0.2684 0.4473, -0.4233 0.2684 0.4473, -0.5217 0.2559 0.443, -0.4233 0.2559 0.443, -0.5217 0.2447 0.4359, -0.4233 0.2447 0.4359, -0.5217 0.2354 0.4266, -0.4233 0.2354 0.4266, -0.5217 0.2283 0.4154, -0.4233 0.2283 0.4154, -0.5217 0.224 0.4029, -0.4233 0.224 0.4029, 0.5103 0.2094 0.113, 0.5115 0.2106 0.1136, -0.5115 0.2106 0.1136, 0.5224 0.2215 0.127, 0.5226 0.2217 0.1278, -0.5215 0.2205 0.1246, -0.5217 0.2221 0.1298, -0.5231 0.2221 0.1298, -0.5226 0.2217 0.1278, 0.3641 0.2221 0.1298, -0.1083 0.2221 0.1298, 0.5231 0.2221 0.1298, 0.5216 0.2221 0.1298, -0.2067 0.2221 0.1298, -0.2658 0.2221 0.1298, 0.2657 0.2221 0.1298, 0.2067 0.2221 0.1298, -0.4233 0.2221 0.1298, -0.3642 0.2221 0.1298, 0.1082 0.2221 0.1298, 0.0492 0.2221 0.1298, -0.0492 0.2221 0.1298, 0.5216 0.2225 0.1339, 0.4232 0.2225 0.1339, 0.4232 0.2221 0.1298, -0.5224 0.2215 0.127, 0.5214 0.2205 0.1246, -0.5208 0.2198 0.1229, 0.5207 0.2198 0.1229, -0.5202 0.2193 0.1221, 0.5202 0.2193 0.1221, -0.5187 0.2178 0.1198, 0.5187 0.2178 0.1198, 0.518 0.217 0.1188, -0.518 0.217 0.1188, 0.5164 0.2155 0.1173, -0.5164 0.2155 0.1173, 0.5149 0.214 0.1159, -0.515 0.214 0.1159, -0.5139 0.2129 0.1148, 0.5138 0.2129 0.1148, -0.5103 0.2094 0.113, -0.5073 0.2063 0.1115, 0.5073 0.2063 0.1115, 0.5059 0.205 0.1112, -0.5053 0.2043 0.1111, -0.4999 0.1989 0.1102, 0.4998 0.1989 0.1102, -0.5059 0.205 0.1112, 0.5052 0.2043 0.1111, 0.5216 0.2225 0.3898, 0.4232 0.2225 0.3898, 0.4232 0.2684 0.4473, 0.5216 0.2684 0.4473, 0.4232 0.2559 0.443, 0.5216 0.2559 0.443, 0.4232 0.2447 0.4359, 0.5216 0.2447 0.4359, 0.4232 0.2354 0.4266, 0.5216 0.2354 0.4266, 0.4232 0.2283 0.4154, 0.5216 0.2283 0.4154, 0.4232 0.224 0.4029, 0.5216 0.224 0.4029, -0.7638 0.3327 0.0197, 0.7637 0.3327 0.0197, 0.7716 0.3249 0.0197, 0.7716 -0.3248 0.0197, 0.7637 -0.3326 0.0197, -0.7717 0.3249 0.0197, -0.7717 -0.3248 0.0197, -0.7638 -0.3326 0.0197, 0.7637 0.3327 0.0591, -0.7638 0.3327 0.0591, 0.6181 0.2225 0.3701, 0.6181 0.2225 0.3898, 0.5807 0.2225 0.3701, 0.5807 0.2225 0.3898, 0.6181 -0.2224 0.3898, 0.5807 -0.2224 0.3898, 0.5807 -0.2244 0.405, 0.6181 -0.2244 0.405, 0.5807 -0.2303 0.4193, 0.6181 -0.2303 0.4193, 0.5807 -0.2397 0.4315, 0.6181 -0.2397 0.4315, 0.5807 -0.2519 0.4409, 0.6181 -0.2519 0.4409, 0.5807 -0.2662 0.4468, 0.6181 -0.2662 0.4468, -0.6181 0.1575 0.3701, -0.5807 0.2186 0.3701, 0.3641 0.4036 0.0591, 0.4232 0.4036 0.0591, -0.4233 0.4036 0.0591, -0.3642 0.4036 0.0591, -0.5807 0.4036 0.0591, -0.5217 0.4036 0.0591, -0.1083 0.4036 0.0591, -0.0492 0.4036 0.0591, 0.0492 0.4036 0.0591, 0.1082 0.4036 0.0591, 0.5216 0.4036 0.0591, 0.5807 0.4036 0.0591, -0.2658 0.4036 0.0591, -0.2067 0.4036 0.0591, 0.2067 0.4036 0.0591, 0.2657 0.4036 0.0591, 0.5807 0.2684 0.4473, 0.6181 0.2684 0.4473, 0.5807 0.2559 0.443, 0.6181 0.2559 0.443, 0.5807 0.2447 0.4359, 0.6181 0.2447 0.4359, 0.5807 0.2354 0.4266, 0.6181 0.2354 0.4266, 0.5807 0.2283 0.4154, 0.6181 0.2283 0.4154, 0.5807 0.224 0.4029, 0.6181 0.224 0.4029, -0.7717 0.3249 0.4291, -0.5224 0.2215 0.127, -0.5224 -0.2214 0.127, -0.7717 -0.3248 0.4291, 0.6181 0.1575 0.3701, 0.5807 0.2186 0.3701, 0.7716 -0.3248 0.4291, 0.5224 0.2215 0.127, 0.5224 -0.2214 0.127, 0.7716 0.3249 0.4291
            ]
        }
        coordIndex [
            0,1,2,-1,3,4,5,-1,6,7,8,-1,9,10,11,-1,12,13,14,-1,15,16,17,-1,13,18,14,-1,14,18,19,-1,14,19,20,-1,20,21,14,-1,14,21,22,-1,14,22,23,-1,24,25,26,-1,26,25,27,-1,27,25,28,-1,28,25,29,-1,28,29,30,-1,30,29,31,-1,30,31,32,-1,31,33,32,-1,32,33,34,-1,32,34,35,-1,35,34,36,-1,35,36,37,-1,38,39,31,-1,31,39,40,-1,31,40,33,-1,41,42,43,-1,43,44,41,-1,41,44,45,-1,41,45,31,-1,31,45,46,-1,31,46,38,-1,47,48,49,-1,49,48,50,-1,49,50,51,-1,51,52,49,-1,49,52,53,-1,49,53,42,-1,42,53,54,-1,42,54,43,-1,55,56,49,-1,49,56,57,-1,58,47,59,-1,59,47,49,-1,59,49,60,-1,60,49,57,-1,61,62,63,-1,64,65,66,-1,67,68,69,-1,70,71,72,-1,72,71,73,-1,72,73,74,-1,75,76,74,-1,74,76,77,-1,74,77,72,-1,72,77,61,-1,72,61,78,-1,78,61,63,-1,49,72,55,-1,55,72,78,-1,55,78,79,-1,79,78,64,-1,79,64,68,-1,68,64,66,-1,68,66,69,-1,80,81,69,-1,69,81,82,-1,69,82,67,-1,83,84,80,-1,80,84,85,-1,85,86,80,-1,80,86,87,-1,80,87,81,-1,88,89,90,-1,91,92,93,-1,93,92,94,-1,88,90,95,-1,96,97,98,-1,99,100,92,-1,92,100,101,-1,92,101,102,-1,7,103,8,-1,8,103,104,-1,8,104,98,-1,98,104,105,-1,98,105,96,-1,89,106,90,-1,90,106,107,-1,90,107,108,-1,109,110,111,-1,111,110,112,-1,111,112,113,-1,114,102,115,-1,115,102,116,-1,115,116,111,-1,111,116,117,-1,111,117,109,-1,114,118,102,-1,102,118,119,-1,102,119,92,-1,92,119,120,-1,92,120,94,-1,97,121,98,-1,98,121,122,-1,98,122,123,-1,124,125,126,-1,126,125,127,-1,126,127,90,-1,90,127,128,-1,90,128,95,-1,129,130,90,-1,90,130,131,-1,90,131,92,-1,92,131,132,-1,92,132,99,-1,133,134,83,-1,134,135,83,-1,83,135,136,-1,83,136,137,-1,137,138,83,-1,83,138,139,-1,83,139,140,-1,140,139,124,-1,140,124,141,-1,141,124,126,-1,108,142,90,-1,90,142,143,-1,90,143,144,-1,144,145,90,-1,90,145,146,-1,90,146,129,-1,147,148,149,-1,149,102,147,-1,147,102,101,-1,147,101,150,-1,150,101,151,-1,151,152,150,-1,150,152,153,-1,150,153,154,-1,155,156,157,-1,156,158,157,-1,157,158,159,-1,157,159,160,-1,161,157,162,-1,148,147,161,-1,161,147,163,-1,161,163,157,-1,157,163,164,-1,157,164,155,-1,162,165,161,-1,161,165,166,-1,161,166,167,-1,160,159,168,-1,168,159,169,-1,168,169,170,-1,170,169,171,-1,170,171,172,-1,173,174,167,-1,167,174,175,-1,167,175,161,-1,176,177,178,-1,177,176,179,-1,179,176,180,-1,179,180,181,-1,182,183,184,-1,185,186,187,-1,184,183,188,-1,188,183,189,-1,188,189,181,-1,181,189,190,-1,181,190,179,-1,191,192,193,-1,193,192,194,-1,195,196,197,-1,197,196,198,-1,197,198,199,-1,199,198,200,-1,199,200,201,-1,201,200,202,-1,201,202,203,-1,203,202,204,-1,203,204,205,-1,205,204,206,-1,207,208,209,-1,194,192,210,-1,210,192,211,-1,210,211,207,-1,193,199,191,-1,191,199,201,-1,191,201,212,-1,212,201,213,-1,212,213,209,-1,209,213,214,-1,209,214,207,-1,215,216,217,-1,207,211,208,-1,208,211,218,-1,208,218,219,-1,219,218,220,-1,219,220,217,-1,217,220,221,-1,217,221,215,-1,216,222,217,-1,217,222,223,-1,217,223,224,-1,224,225,217,-1,217,225,226,-1,217,226,227,-1,227,228,217,-1,217,228,229,-1,217,229,230,-1,231,232,230,-1,230,232,233,-1,230,233,217,-1,234,235,236,-1,231,237,232,-1,232,237,238,-1,232,238,236,-1,236,238,239,-1,236,239,234,-1,240,241,242,-1,242,241,243,-1,242,243,211,-1,211,243,244,-1,211,244,218,-1,245,246,247,-1,247,246,248,-1,247,248,249,-1,250,251,252,-1,252,253,250,-1,250,253,254,-1,250,254,255,-1,256,257,258,-1,258,257,259,-1,258,259,250,-1,250,259,260,-1,250,260,251,-1,261,262,263,-1,263,262,264,-1,263,264,265,-1,265,264,266,-1,267,268,264,-1,264,268,269,-1,264,269,266,-1,270,271,272,-1,272,271,273,-1,272,273,274,-1,219,275,208,-1,208,275,276,-1,208,276,277,-1,277,276,278,-1,277,278,279,-1,280,281,282,-1,282,281,283,-1,282,283,284,-1,284,283,285,-1,284,285,286,-1,287,288,285,-1,286,285,289,-1,289,285,288,-1,289,288,290,-1,291,292,293,-1,293,292,294,-1,293,294,295,-1,296,297,295,-1,295,297,287,-1,295,287,293,-1,293,287,285,-1,298,299,300,-1,301,302,303,-1,304,305,306,-1,307,308,309,-1,302,310,303,-1,303,310,311,-1,303,311,312,-1,312,311,309,-1,312,309,313,-1,313,309,308,-1,314,315,316,-1,273,317,318,-1,319,320,306,-1,306,320,321,-1,306,321,322,-1,323,314,324,-1,324,314,325,-1,323,326,314,-1,314,326,327,-1,314,327,315,-1,328,329,271,-1,330,331,309,-1,309,331,332,-1,309,332,333,-1,301,303,329,-1,329,303,334,-1,329,334,271,-1,335,336,273,-1,273,336,337,-1,337,338,273,-1,273,338,339,-1,273,339,317,-1,333,340,309,-1,309,340,341,-1,309,341,307,-1,334,342,271,-1,271,342,343,-1,271,343,273,-1,273,343,344,-1,273,344,335,-1,345,346,347,-1,347,346,348,-1,347,348,349,-1,350,351,273,-1,352,353,354,-1,355,356,357,-1,352,354,358,-1,353,350,354,-1,354,350,273,-1,354,273,304,-1,304,273,318,-1,304,318,305,-1,355,357,354,-1,354,357,359,-1,354,359,358,-1,360,361,362,-1,362,361,363,-1,362,363,304,-1,304,363,364,-1,304,364,354,-1,365,366,5,-1,367,368,369,-1,351,370,273,-1,273,370,371,-1,273,371,369,-1,369,371,372,-1,369,372,367,-1,373,374,5,-1,5,374,375,-1,368,376,369,-1,369,376,377,-1,369,377,378,-1,378,377,379,-1,378,379,365,-1,380,381,366,-1,366,381,382,-1,366,382,5,-1,5,382,383,-1,5,383,373,-1,375,384,5,-1,5,384,385,-1,5,385,3,-1,386,387,388,-1,388,387,389,-1,388,389,390,-1,388,391,386,-1,386,391,392,-1,386,392,393,-1,393,394,386,-1,386,394,395,-1,386,395,396,-1,396,395,397,-1,396,397,398,-1,398,397,399,-1,398,399,366,-1,366,399,400,-1,366,400,380,-1,401,402,390,-1,390,402,403,-1,390,403,388,-1,404,405,356,-1,356,405,406,-1,356,406,357,-1,404,407,405,-1,405,407,408,-1,405,408,409,-1,409,408,410,-1,409,411,412,-1,410,413,409,-1,409,413,414,-1,409,414,415,-1,415,416,409,-1,409,416,417,-1,409,417,411,-1,412,418,409,-1,409,418,419,-1,409,419,420,-1,421,422,423,-1,424,425,426,-1,427,428,429,-1,429,428,430,-1,429,430,431,-1,431,430,424,-1,431,424,432,-1,432,424,426,-1,433,434,5,-1,5,434,435,-1,365,5,378,-1,378,5,435,-1,378,435,428,-1,428,435,436,-1,428,436,430,-1,437,434,438,-1,438,434,433,-1,438,433,439,-1,440,441,442,-1,443,444,433,-1,433,444,445,-1,433,445,439,-1,446,447,4,-1,4,447,440,-1,4,440,5,-1,5,440,442,-1,5,442,433,-1,433,442,448,-1,433,448,449,-1,450,451,452,-1,452,451,453,-1,452,453,440,-1,440,453,454,-1,440,454,441,-1,449,455,433,-1,433,455,456,-1,433,456,443,-1,457,458,459,-1,457,459,460,-1,458,461,459,-1,459,461,462,-1,459,462,452,-1,452,462,463,-1,452,463,450,-1,464,465,466,-1,466,465,467,-1,466,467,468,-1,468,467,469,-1,468,469,470,-1,470,469,471,-1,470,471,472,-1,473,474,475,-1,475,474,476,-1,475,476,465,-1,465,476,477,-1,465,477,467,-1,467,477,478,-1,467,478,479,-1,479,478,480,-1,479,480,481,-1,481,480,482,-1,483,484,14,-1,14,484,485,-1,14,485,258,-1,261,256,262,-1,262,256,258,-1,262,258,486,-1,486,258,485,-1,486,485,487,-1,486,488,262,-1,262,488,483,-1,262,483,17,-1,17,483,14,-1,17,14,15,-1,15,14,23,-1,489,490,491,-1,491,490,492,-1,491,492,98,-1,98,492,8,-1,8,492,493,-1,8,493,494,-1,494,493,495,-1,494,495,496,-1,496,497,498,-1,499,500,501,-1,501,500,489,-1,501,489,502,-1,24,12,25,-1,25,12,14,-1,25,14,503,-1,503,14,258,-1,503,258,248,-1,248,258,250,-1,248,250,249,-1,249,250,255,-1,16,6,17,-1,17,6,8,-1,17,8,262,-1,262,8,494,-1,262,494,264,-1,264,494,271,-1,264,271,267,-1,267,271,270,-1,498,502,496,-1,496,502,489,-1,496,489,494,-1,494,489,491,-1,494,491,271,-1,271,491,314,-1,271,314,328,-1,328,314,316,-1,345,325,346,-1,346,325,314,-1,346,314,504,-1,504,314,491,-1,504,491,80,-1,80,491,98,-1,80,98,83,-1,83,98,123,-1,83,123,133,-1,69,9,80,-1,80,9,11,-1,80,11,504,-1,504,11,505,-1,504,505,346,-1,346,505,506,-1,346,506,348,-1,348,506,507,-1,348,507,447,-1,322,508,306,-1,306,508,349,-1,306,349,304,-1,304,349,348,-1,304,348,362,-1,362,348,447,-1,362,447,360,-1,360,447,446,-1,509,291,510,-1,510,291,293,-1,510,293,511,-1,511,293,512,-1,511,512,513,-1,513,512,459,-1,513,459,514,-1,514,459,452,-1,514,452,515,-1,515,452,440,-1,515,440,300,-1,300,440,447,-1,300,447,298,-1,298,447,507,-1,279,274,277,-1,277,274,273,-1,277,273,208,-1,208,273,369,-1,208,369,209,-1,209,369,378,-1,209,378,212,-1,212,378,428,-1,212,428,184,-1,191,516,188,-1,188,516,517,-1,188,517,518,-1,519,520,188,-1,188,520,521,-1,188,521,184,-1,184,521,522,-1,184,522,523,-1,523,524,184,-1,184,524,525,-1,184,525,526,-1,526,527,184,-1,184,527,528,-1,184,528,212,-1,212,528,529,-1,212,529,191,-1,191,529,530,-1,191,530,516,-1,518,531,188,-1,188,531,532,-1,188,532,519,-1,185,423,466,-1,466,423,422,-1,466,422,464,-1,245,240,246,-1,246,240,242,-1,246,242,533,-1,533,242,211,-1,533,211,534,-1,534,211,192,-1,534,192,535,-1,535,192,191,-1,535,191,536,-1,536,191,188,-1,536,188,537,-1,537,188,181,-1,537,181,538,-1,538,181,180,-1,539,540,541,-1,542,543,541,-1,541,543,544,-1,541,544,545,-1,545,544,546,-1,545,546,547,-1,547,548,545,-1,545,548,549,-1,545,549,550,-1,550,551,545,-1,545,551,552,-1,545,552,468,-1,468,552,553,-1,468,553,466,-1,466,553,554,-1,466,554,555,-1,556,186,178,-1,178,186,185,-1,178,185,176,-1,176,185,466,-1,176,466,541,-1,541,466,555,-1,541,555,539,-1,540,557,541,-1,541,557,558,-1,541,558,542,-1,559,545,560,-1,560,545,561,-1,560,561,562,-1,562,561,563,-1,562,563,541,-1,541,563,564,-1,541,564,176,-1,176,564,2,-1,176,2,180,-1,180,2,1,-1,180,1,538,-1,565,566,559,-1,559,566,567,-1,559,567,545,-1,545,567,568,-1,545,568,541,-1,541,568,569,-1,541,569,562,-1,0,2,570,-1,570,2,564,-1,570,564,571,-1,571,564,563,-1,571,563,572,-1,572,563,561,-1,572,561,573,-1,187,182,185,-1,185,182,184,-1,185,184,423,-1,423,184,428,-1,423,428,421,-1,421,428,427,-1,421,427,472,-1,472,427,460,-1,472,460,470,-1,470,460,459,-1,470,459,468,-1,468,459,512,-1,468,512,545,-1,545,512,293,-1,545,293,561,-1,561,293,285,-1,561,285,573,-1,573,285,283,-1,574,575,576,-1,577,578,579,-1,580,581,579,-1,582,583,584,-1,584,583,577,-1,584,577,585,-1,585,577,579,-1,586,587,588,-1,589,590,591,-1,591,590,592,-1,588,580,586,-1,586,580,579,-1,586,579,593,-1,593,579,578,-1,593,578,594,-1,594,578,595,-1,596,597,585,-1,585,597,598,-1,585,598,599,-1,600,591,585,-1,585,591,592,-1,585,592,584,-1,601,602,603,-1,603,602,579,-1,603,579,604,-1,604,579,581,-1,604,581,605,-1,605,581,606,-1,576,600,574,-1,574,600,585,-1,574,585,607,-1,607,585,599,-1,607,599,608,-1,608,599,609,-1,610,611,612,-1,612,611,613,-1,614,615,616,-1,616,615,617,-1,616,617,618,-1,619,620,621,-1,622,612,623,-1,623,612,613,-1,623,613,624,-1,624,613,625,-1,624,625,626,-1,627,628,629,-1,630,631,632,-1,632,631,633,-1,634,635,616,-1,636,637,633,-1,633,637,616,-1,633,616,632,-1,632,616,618,-1,638,637,639,-1,639,637,636,-1,639,636,640,-1,641,642,643,-1,643,642,644,-1,626,645,624,-1,624,645,643,-1,624,643,616,-1,616,643,644,-1,616,644,646,-1,647,648,649,-1,650,651,652,-1,653,654,655,-1,655,654,656,-1,657,658,659,-1,652,614,650,-1,650,614,616,-1,650,616,660,-1,660,616,635,-1,660,635,661,-1,661,635,662,-1,663,664,623,-1,629,634,627,-1,627,634,616,-1,627,616,665,-1,623,666,667,-1,659,663,657,-1,657,663,623,-1,657,623,668,-1,668,623,667,-1,668,667,669,-1,669,667,670,-1,621,666,619,-1,619,666,623,-1,619,623,671,-1,671,623,672,-1,671,672,673,-1,673,672,674,-1,675,676,638,-1,638,676,677,-1,638,677,637,-1,637,677,655,-1,637,655,623,-1,623,655,656,-1,623,656,672,-1,678,622,679,-1,679,622,623,-1,679,623,680,-1,680,623,664,-1,680,664,681,-1,681,664,682,-1,683,684,646,-1,646,684,685,-1,646,685,616,-1,616,685,686,-1,687,688,686,-1,686,688,689,-1,686,689,616,-1,616,689,647,-1,616,647,665,-1,665,647,649,-1,690,691,692,-1,692,691,693,-1,692,693,694,-1,694,693,695,-1,696,697,698,-1,698,697,699,-1,700,701,702,-1,702,701,703,-1,704,705,706,-1,706,705,707,-1,708,709,710,-1,710,709,711,-1,712,713,714,-1,714,713,715,-1,694,695,716,-1,716,695,717,-1,718,719,720,-1,720,719,721,-1,722,723,724,-1,724,723,725,-1,698,699,726,-1,698,726,727,-1,727,726,728,-1,727,728,729,-1,729,728,730,-1,729,730,731,-1,731,730,732,-1,731,732,733,-1,733,732,734,-1,733,734,735,-1,735,734,688,-1,735,688,687,-1,702,703,736,-1,702,736,737,-1,737,736,738,-1,737,738,739,-1,739,738,740,-1,739,740,741,-1,741,740,742,-1,741,742,743,-1,743,742,744,-1,743,744,745,-1,745,744,649,-1,745,649,648,-1,706,707,746,-1,706,746,747,-1,747,746,748,-1,747,748,749,-1,749,748,750,-1,749,750,751,-1,751,750,752,-1,751,752,753,-1,753,752,754,-1,753,754,755,-1,755,754,642,-1,755,642,641,-1,708,710,756,-1,708,756,757,-1,757,756,758,-1,757,758,759,-1,759,758,760,-1,759,760,761,-1,761,760,762,-1,761,762,763,-1,763,762,764,-1,763,764,765,-1,765,764,684,-1,765,684,683,-1,714,715,766,-1,714,766,767,-1,767,766,768,-1,767,768,769,-1,769,768,770,-1,769,770,771,-1,771,770,772,-1,771,772,773,-1,773,772,774,-1,773,774,775,-1,775,774,652,-1,775,652,651,-1,716,717,776,-1,716,776,777,-1,777,776,778,-1,777,778,779,-1,779,778,780,-1,779,780,781,-1,781,780,782,-1,781,782,783,-1,783,782,784,-1,783,784,785,-1,785,784,618,-1,785,618,617,-1,720,721,786,-1,720,786,787,-1,787,786,788,-1,787,788,789,-1,789,788,790,-1,789,790,791,-1,791,790,792,-1,791,792,793,-1,793,792,794,-1,793,794,795,-1,795,794,629,-1,795,629,628,-1,722,724,796,-1,722,796,797,-1,797,796,798,-1,797,798,799,-1,799,798,800,-1,799,800,801,-1,801,800,802,-1,801,802,803,-1,803,802,804,-1,803,804,805,-1,805,804,661,-1,805,661,662,-1,806,807,808,-1,713,712,808,-1,808,712,809,-1,808,809,806,-1,806,809,810,-1,811,697,696,-1,812,711,709,-1,813,719,718,-1,814,815,806,-1,718,814,813,-1,813,814,806,-1,813,806,816,-1,816,806,810,-1,816,810,723,-1,723,810,725,-1,709,817,812,-1,812,817,806,-1,812,806,818,-1,701,700,815,-1,815,700,819,-1,815,819,806,-1,806,819,811,-1,806,811,818,-1,818,811,696,-1,705,704,820,-1,820,704,821,-1,822,823,821,-1,821,823,806,-1,821,806,820,-1,820,806,817,-1,823,824,806,-1,806,824,825,-1,806,825,826,-1,826,825,827,-1,828,829,830,-1,827,825,831,-1,831,825,832,-1,831,832,833,-1,833,832,834,-1,833,834,835,-1,835,834,836,-1,835,836,837,-1,837,836,838,-1,837,838,839,-1,839,838,840,-1,839,840,829,-1,829,840,841,-1,829,841,830,-1,828,830,842,-1,842,830,843,-1,842,843,844,-1,844,843,845,-1,844,845,846,-1,847,848,849,-1,849,848,850,-1,849,850,851,-1,851,850,852,-1,851,852,846,-1,846,852,853,-1,846,853,844,-1,606,854,855,-1,856,588,587,-1,857,858,587,-1,587,858,594,-1,587,594,856,-1,856,594,595,-1,859,860,595,-1,595,860,583,-1,595,583,856,-1,856,583,582,-1,589,861,862,-1,597,596,863,-1,609,864,865,-1,856,602,601,-1,866,867,601,-1,601,867,605,-1,601,605,856,-1,856,605,606,-1,856,606,588,-1,588,606,855,-1,868,869,582,-1,582,869,590,-1,582,590,856,-1,856,590,589,-1,856,589,576,-1,576,589,862,-1,870,871,575,-1,575,871,608,-1,865,597,609,-1,609,597,863,-1,609,863,608,-1,608,863,856,-1,608,856,575,-1,575,856,576,-1,872,873,874,-1,874,873,875,-1,690,874,691,-1,691,874,875,-1,691,875,630,-1,630,875,631,-1,876,877,878,-1,878,877,879,-1,878,879,880,-1,880,879,881,-1,882,880,883,-1,883,880,881,-1,884,883,885,-1,885,883,881,-1,885,881,610,-1,610,881,611,-1,886,887,888,-1,888,887,889,-1,890,891,892,-1,892,891,893,-1,894,895,896,-1,896,895,897,-1,898,899,900,-1,900,899,901,-1,902,903,904,-1,904,903,905,-1,906,907,908,-1,908,907,909,-1,910,911,912,-1,912,911,913,-1,621,620,914,-1,621,914,915,-1,915,914,916,-1,915,916,917,-1,917,916,918,-1,917,918,919,-1,919,918,920,-1,919,920,921,-1,921,920,922,-1,921,922,923,-1,923,922,924,-1,923,924,925,-1,925,924,887,-1,925,887,886,-1,673,674,926,-1,673,926,927,-1,927,926,928,-1,927,928,929,-1,929,928,930,-1,929,930,931,-1,931,930,932,-1,931,932,933,-1,933,932,934,-1,933,934,935,-1,935,934,936,-1,935,936,937,-1,937,936,891,-1,937,891,890,-1,659,658,938,-1,659,938,939,-1,939,938,940,-1,939,940,941,-1,941,940,942,-1,941,942,943,-1,943,942,944,-1,943,944,945,-1,945,944,946,-1,945,946,947,-1,947,946,948,-1,947,948,949,-1,949,948,895,-1,949,895,894,-1,669,670,950,-1,669,950,951,-1,951,950,952,-1,951,952,953,-1,953,952,954,-1,953,954,955,-1,955,954,956,-1,955,956,957,-1,957,956,958,-1,957,958,959,-1,959,958,960,-1,959,960,961,-1,961,960,901,-1,961,901,899,-1,640,636,962,-1,640,962,963,-1,963,962,964,-1,963,964,965,-1,965,964,966,-1,965,966,967,-1,967,966,968,-1,967,968,969,-1,969,968,970,-1,969,970,971,-1,971,970,972,-1,971,972,973,-1,973,972,903,-1,973,903,902,-1,654,653,974,-1,654,974,975,-1,975,974,976,-1,975,976,977,-1,977,976,978,-1,977,978,979,-1,979,978,980,-1,979,980,981,-1,981,980,982,-1,981,982,983,-1,983,982,984,-1,983,984,985,-1,985,984,907,-1,985,907,906,-1,676,675,986,-1,676,986,987,-1,987,986,988,-1,987,988,989,-1,989,988,990,-1,989,990,991,-1,991,990,992,-1,991,992,993,-1,993,992,994,-1,993,994,995,-1,995,994,996,-1,995,996,997,-1,997,996,913,-1,997,913,911,-1,998,999,1000,-1,1001,1002,1003,-1,1004,1005,1006,-1,1007,896,897,-1,1008,892,893,-1,1002,1009,1010,-1,1011,1012,1002,-1,1002,1013,1014,-1,1015,1002,1016,-1,1016,1002,1012,-1,1016,1012,909,-1,909,1012,908,-1,898,900,1014,-1,1014,900,1017,-1,1014,1017,1002,-1,1002,1017,1018,-1,888,889,1018,-1,1018,889,1019,-1,1018,1019,1002,-1,1002,1019,1008,-1,1002,1008,1011,-1,1011,1008,893,-1,1020,1021,1010,-1,1010,1021,1022,-1,1010,1022,1002,-1,1002,1022,1007,-1,1002,1007,1013,-1,1013,1007,897,-1,1003,1002,1023,-1,910,912,1015,-1,1015,912,1004,-1,1015,1004,1002,-1,1002,1004,1006,-1,1002,1006,1023,-1,1001,1003,1024,-1,1024,1003,1025,-1,1024,1025,1026,-1,1026,1025,1027,-1,1026,1027,1028,-1,1028,1027,1029,-1,1028,1029,1030,-1,1030,1029,1031,-1,1031,1029,1032,-1,1031,1032,1033,-1,1033,1032,1034,-1,1033,1034,1035,-1,1035,1034,1036,-1,1035,1036,1037,-1,1000,999,1037,-1,1037,999,1038,-1,1037,1038,1035,-1,1000,1039,998,-1,998,1039,1040,-1,998,1040,1041,-1,1041,1040,1042,-1,1043,1044,1045,-1,1040,1046,1042,-1,1042,1046,1043,-1,1042,1043,1047,-1,1047,1043,1045,-1,1020,1048,1021,-1,1021,1048,1049,-1,681,682,1050,-1,681,1050,1051,-1,1051,1050,1052,-1,1051,1052,1053,-1,1053,1052,1054,-1,1053,1054,1055,-1,1055,1054,1056,-1,1055,1056,1057,-1,1057,1056,1058,-1,1057,1058,1059,-1,1059,1058,1060,-1,1059,1060,1061,-1,1061,1060,1049,-1,1061,1049,1048,-1,632,693,630,-1,630,693,691,-1,1062,1063,1064,-1,1064,1065,1066,-1,1067,1062,1068,-1,1068,1062,1064,-1,1068,1064,1069,-1,1069,1064,1066,-1,1063,1062,1070,-1,1070,1062,1071,-1,537,538,637,-1,637,538,1,-1,637,1,0,-1,29,25,623,-1,623,25,503,-1,623,503,637,-1,637,503,248,-1,248,246,637,-1,637,246,533,-1,637,533,534,-1,534,535,637,-1,637,535,536,-1,637,536,537,-1,1072,1073,1074,-1,1074,1073,1075,-1,1076,877,1077,-1,1077,877,876,-1,1076,1077,1078,-1,1076,1078,1079,-1,1079,1078,1080,-1,1079,1080,1081,-1,1081,1080,1082,-1,1081,1082,1083,-1,1083,1082,1084,-1,1083,1084,1085,-1,1085,1084,1086,-1,1085,1086,1087,-1,1087,1086,626,-1,1087,626,625,-1,1045,1044,847,-1,847,1044,848,-1,875,1088,631,-1,631,1088,633,-1,904,905,1089,-1,1089,905,1088,-1,1089,1088,873,-1,873,1088,875,-1,62,1090,1091,-1,1071,281,280,-1,1092,1093,290,-1,290,1093,297,-1,290,297,1071,-1,1071,297,296,-1,1094,1095,280,-1,280,1095,286,-1,280,286,1071,-1,1071,286,289,-1,1071,289,290,-1,1096,1097,509,-1,509,1097,299,-1,509,299,1071,-1,1098,1099,10,-1,10,1099,66,-1,10,66,1071,-1,1071,66,65,-1,1100,1101,75,-1,75,1101,71,-1,1102,1103,296,-1,296,1103,292,-1,296,292,1071,-1,1071,292,291,-1,1071,291,509,-1,70,1070,71,-1,71,1070,1071,-1,71,1071,75,-1,75,1071,76,-1,1104,1105,65,-1,65,1105,63,-1,65,63,1071,-1,1071,63,62,-1,1071,62,76,-1,76,62,1091,-1,299,298,1071,-1,1071,298,507,-1,1071,507,506,-1,506,505,1071,-1,1071,505,11,-1,1071,11,10,-1,856,863,1066,-1,1066,863,1069,-1,624,616,579,-1,579,616,585,-1,618,784,632,-1,632,784,782,-1,632,782,780,-1,780,778,632,-1,632,778,776,-1,632,776,693,-1,693,776,717,-1,693,717,695,-1,622,678,1106,-1,622,1106,1107,-1,1107,1106,1108,-1,1107,1108,1109,-1,1109,1108,1110,-1,1109,1110,1111,-1,1111,1110,1112,-1,1111,1112,1113,-1,1113,1112,1114,-1,1113,1114,1115,-1,1115,1114,1116,-1,1115,1116,1117,-1,1117,1116,1075,-1,1117,1075,1073,-1,283,281,1071,-1,1062,1067,1071,-1,1071,1067,1118,-1,637,0,1118,-1,1118,0,570,-1,570,571,1118,-1,1118,571,572,-1,1118,572,1071,-1,1071,572,573,-1,1071,573,283,-1,1006,1005,872,-1,1006,872,1119,-1,874,807,806,-1,806,1120,874,-1,874,1120,827,-1,874,827,872,-1,872,827,1003,-1,872,1003,1119,-1,835,1029,833,-1,833,1029,1027,-1,827,831,1003,-1,1003,831,833,-1,1003,833,1025,-1,1025,833,1027,-1,829,1036,839,-1,839,1036,1034,-1,835,837,1029,-1,1029,837,839,-1,1029,839,1032,-1,1032,839,1034,-1,844,1039,842,-1,842,1039,1000,-1,829,828,1036,-1,1036,828,842,-1,1036,842,1037,-1,1037,842,1000,-1,1043,1046,852,-1,844,853,1039,-1,1039,853,852,-1,1039,852,1040,-1,1040,852,1046,-1,852,850,1043,-1,1043,850,848,-1,1043,848,1044,-1,1067,1068,1118,-1,1118,1068,1121,-1,1118,1121,637,-1,637,1121,616,-1,1068,1069,863,-1,863,596,585,-1,1068,863,1121,-1,1121,863,585,-1,1121,585,616,-1,962,636,633,-1,972,970,633,-1,633,970,968,-1,968,966,633,-1,633,966,964,-1,633,964,962,-1,972,633,903,-1,903,633,1088,-1,903,1088,905,-1,881,879,611,-1,611,879,613,-1,1079,1081,613,-1,613,1081,1083,-1,1083,1085,613,-1,613,1085,1087,-1,613,1087,625,-1,1079,613,1076,-1,1076,613,879,-1,1076,879,877,-1,1115,1117,612,-1,1109,612,1107,-1,1107,612,622,-1,612,1117,1122,-1,1122,1117,1073,-1,1122,1073,1072,-1,1109,1111,612,-1,612,1111,1113,-1,612,1113,1115,-1,884,885,1123,-1,1123,885,1122,-1,1123,1122,1074,-1,1074,1122,1072,-1,579,602,856,-1,624,579,1124,-1,1124,579,856,-1,1124,856,1065,-1,1065,856,1066,-1,823,822,882,-1,883,1009,1002,-1,1002,1125,883,-1,883,1125,1024,-1,883,1024,882,-1,834,832,1024,-1,1024,832,825,-1,1024,825,882,-1,882,825,1126,-1,882,1126,823,-1,1024,1026,834,-1,834,1026,1028,-1,834,1028,836,-1,836,1028,1030,-1,836,1030,838,-1,838,1030,840,-1,1030,1031,840,-1,840,1031,1033,-1,840,1033,841,-1,841,1033,1035,-1,841,1035,830,-1,830,1035,843,-1,998,1041,851,-1,851,1041,1042,-1,851,1042,849,-1,1035,1038,843,-1,843,1038,999,-1,843,999,845,-1,845,999,998,-1,845,998,846,-1,846,998,851,-1,1042,1047,849,-1,849,1047,1045,-1,849,1045,847,-1,610,612,885,-1,885,612,1122,-1,1124,1127,624,-1,624,1127,623,-1,1127,1064,1070,-1,1070,1064,1063,-1,1070,70,72,-1,72,49,1070,-1,1070,49,42,-1,1070,42,1127,-1,29,623,31,-1,31,623,1127,-1,31,1127,41,-1,41,1127,42,-1,1124,1065,1127,-1,1127,1065,1064,-1,
        ]
    }
}
Shape{
    appearance Appearance {
        material  Material 	{
            diffuseColor 0.9686274509803922 0.8784313725490196 0.6
            specularColor 0.6784313725490196 0.615686274509804 0.4196078431372549
            ambientIntensity 0.8737
            transparency 0.0
            shininess 0.5
        }
    }
    geometry IndexedFaceSet {
        ccw TRUE
        solid FALSE
        coord DEF co Coordinate {
            point [
                0.5216 0.4036 0.0984, 0.5216 0.3642 0.0984, 0.5807 0.4036 0.0984, 0.5807 0.3642 0.0984, 0.5807 0.4163 0.0971, 0.5216 0.4163 0.0971, 0.5807 0.4283 0.093, 0.5216 0.4283 0.093, 0.5807 0.4393 0.0864, 0.5216 0.4393 0.0864, 0.5807 0.4485 0.0777, 0.5216 0.4485 0.0777, 0.5807 0.4557 0.0672, 0.5216 0.4557 0.0672, 0.5216 0.465 0.0498, 0.5807 0.465 0.0498, 0.5216 0.4674 0.0463, 0.5807 0.4674 0.0463, 0.5216 0.4704 0.0434, 0.5807 0.4704 0.0434, 0.5216 0.4741 0.0412, 0.5807 0.4741 0.0412, 0.5216 0.4781 0.0398, 0.5807 0.4781 0.0398, 0.5216 0.4823 0.0394, 0.5807 0.4823 0.0394, 0.5216 0.5847 0.0394, 0.5807 0.5847 0.0394, 0.5216 0.5847 0.0, 0.5807 0.5847 0.0, 0.5216 0.4823 0.0, 0.5807 0.4823 0.0, 0.5807 0.4697 0.0014, 0.5216 0.4697 0.0014, 0.5807 0.4576 0.0054, 0.5216 0.4576 0.0054, 0.5807 0.4467 0.012, 0.5216 0.4467 0.012, 0.5807 0.4374 0.0207, 0.5216 0.4374 0.0207, 0.5807 0.4302 0.0313, 0.5216 0.4302 0.0313, 0.5216 0.421 0.0486, 0.5807 0.421 0.0486, 0.5216 0.4186 0.0521, 0.5807 0.4186 0.0521, 0.5216 0.4155 0.0551, 0.5807 0.4155 0.0551, 0.5216 0.4118 0.0572, 0.5807 0.4118 0.0572, 0.5216 0.4078 0.0586, 0.5807 0.4078 0.0586, 0.5216 0.4036 0.0591, 0.5807 0.4036 0.0591, 0.5216 0.3642 0.0591, 0.5807 0.3642 0.0591, 0.5231 0.2186 0.1298, 0.5216 0.2186 0.1298, 0.5231 0.2221 0.1298, 0.5216 0.2221 0.1298, 0.5216 0.3339 0.4518, 0.5216 0.2776 0.4518, 0.5807 0.3339 0.4518, 0.5807 0.2776 0.4518, 0.5216 0.3339 0.4488, 0.5807 0.3339 0.4488, 0.5807 0.2186 0.3701, 0.5807 0.2186 0.3927, 0.565 0.2186 0.3701, 0.5216 0.2186 0.3927, 0.5807 0.22 0.4059, 0.5216 0.22 0.4059, 0.5807 0.2244 0.4184, 0.5216 0.2244 0.4184, 0.5807 0.2314 0.4296, 0.5216 0.2314 0.4296, 0.5807 0.2408 0.4389, 0.5216 0.2408 0.4389, 0.5807 0.252 0.4459, 0.5216 0.252 0.4459, 0.5807 0.2645 0.4503, 0.5216 0.2645 0.4503, 0.5216 0.2815 0.4488, 0.5216 0.2684 0.4473, 0.5216 0.2559 0.443, 0.5216 0.2447 0.4359, 0.5216 0.2354 0.4266, 0.5216 0.2283 0.4154, 0.5216 0.224 0.4029, 0.5216 0.2225 0.3898, 0.5216 0.2225 0.1339, 0.5807 0.2815 0.4488, 0.5807 0.2684 0.4473, 0.5807 0.2559 0.443, 0.5807 0.2447 0.4359, 0.5807 0.2354 0.4266, 0.5807 0.2283 0.4154, 0.5807 0.224 0.4029, 0.5807 0.2225 0.3898, 0.5807 0.2225 0.3701, 0.3641 0.4036 0.0984, 0.3641 0.3642 0.0984, 0.4232 0.4036 0.0984, 0.4232 0.3642 0.0984, 0.4232 0.4163 0.0971, 0.3641 0.4163 0.0971, 0.4232 0.4283 0.093, 0.3641 0.4283 0.093, 0.4232 0.4393 0.0864, 0.3641 0.4393 0.0864, 0.4232 0.4485 0.0777, 0.3641 0.4485 0.0777, 0.4232 0.4557 0.0672, 0.3641 0.4557 0.0672, 0.3641 0.465 0.0498, 0.4232 0.465 0.0498, 0.3641 0.4674 0.0463, 0.4232 0.4674 0.0463, 0.3641 0.4704 0.0434, 0.4232 0.4704 0.0434, 0.3641 0.4741 0.0412, 0.4232 0.4741 0.0412, 0.3641 0.4781 0.0398, 0.4232 0.4781 0.0398, 0.3641 0.4823 0.0394, 0.4232 0.4823 0.0394, 0.3641 0.5847 0.0394, 0.4232 0.5847 0.0394, 0.3641 0.5847 0.0, 0.4232 0.5847 0.0, 0.3641 0.4823 0.0, 0.4232 0.4823 0.0, 0.4232 0.4697 0.0014, 0.3641 0.4697 0.0014, 0.4232 0.4576 0.0054, 0.3641 0.4576 0.0054, 0.4232 0.4467 0.012, 0.3641 0.4467 0.012, 0.4232 0.4374 0.0207, 0.3641 0.4374 0.0207, 0.4232 0.4302 0.0313, 0.3641 0.4302 0.0313, 0.3641 0.421 0.0486, 0.4232 0.421 0.0486, 0.3641 0.4186 0.0521, 0.4232 0.4186 0.0521, 0.3641 0.4155 0.0551, 0.4232 0.4155 0.0551, 0.3641 0.4118 0.0572, 0.4232 0.4118 0.0572, 0.3641 0.4078 0.0586, 0.4232 0.4078 0.0586, 0.3641 0.4036 0.0591, 0.4232 0.4036 0.0591, 0.3641 0.3642 0.0591, 0.4232 0.3642 0.0591, 0.4232 0.2186 0.1298, 0.3641 0.2186 0.1298, 0.4232 0.2221 0.1298, 0.3641 0.2221 0.1298, 0.3641 0.3339 0.4518, 0.3641 0.2776 0.4518, 0.4232 0.3339 0.4518, 0.4232 0.2776 0.4518, 0.3641 0.3339 0.4488, 0.4232 0.3339 0.4488, 0.3641 0.2186 0.3927, 0.4232 0.2186 0.3927, 0.4232 0.22 0.4059, 0.3641 0.22 0.4059, 0.4232 0.2244 0.4184, 0.3641 0.2244 0.4184, 0.4232 0.2314 0.4296, 0.3641 0.2314 0.4296, 0.4232 0.2408 0.4389, 0.3641 0.2408 0.4389, 0.4232 0.252 0.4459, 0.3641 0.252 0.4459, 0.4232 0.2645 0.4503, 0.3641 0.2645 0.4503, 0.3641 0.2815 0.4488, 0.3641 0.2684 0.4473, 0.3641 0.2559 0.443, 0.3641 0.2447 0.4359, 0.3641 0.2354 0.4266, 0.3641 0.2283 0.4154, 0.3641 0.224 0.4029, 0.3641 0.2225 0.3898, 0.3641 0.2225 0.1339, 0.4232 0.2815 0.4488, 0.4232 0.2684 0.4473, 0.4232 0.2559 0.443, 0.4232 0.2447 0.4359, 0.4232 0.2354 0.4266, 0.4232 0.2283 0.4154, 0.4232 0.224 0.4029, 0.4232 0.2225 0.3898, 0.4232 0.2225 0.1339, 0.2067 0.4036 0.0984, 0.2067 0.3642 0.0984, 0.2657 0.4036 0.0984, 0.2657 0.3642 0.0984, 0.2657 0.4163 0.0971, 0.2067 0.4163 0.0971, 0.2657 0.4283 0.093, 0.2067 0.4283 0.093, 0.2657 0.4393 0.0864, 0.2067 0.4393 0.0864, 0.2657 0.4485 0.0777, 0.2067 0.4485 0.0777, 0.2657 0.4557 0.0672, 0.2067 0.4557 0.0672, 0.2067 0.465 0.0498, 0.2657 0.465 0.0498, 0.2067 0.4674 0.0463, 0.2657 0.4674 0.0463, 0.2067 0.4704 0.0434, 0.2657 0.4704 0.0434, 0.2067 0.4741 0.0412, 0.2657 0.4741 0.0412, 0.2067 0.4781 0.0398, 0.2657 0.4781 0.0398, 0.2067 0.4823 0.0394, 0.2657 0.4823 0.0394, 0.2067 0.5847 0.0394, 0.2657 0.5847 0.0394, 0.2067 0.5847 0.0, 0.2657 0.5847 0.0, 0.2067 0.4823 0.0, 0.2657 0.4823 0.0, 0.2657 0.4697 0.0014, 0.2067 0.4697 0.0014, 0.2657 0.4576 0.0054, 0.2067 0.4576 0.0054, 0.2657 0.4467 0.012, 0.2067 0.4467 0.012, 0.2657 0.4374 0.0207, 0.2067 0.4374 0.0207, 0.2657 0.4302 0.0313, 0.2067 0.4302 0.0313, 0.2067 0.421 0.0486, 0.2657 0.421 0.0486, 0.2067 0.4186 0.0521, 0.2657 0.4186 0.0521, 0.2067 0.4155 0.0551, 0.2657 0.4155 0.0551, 0.2067 0.4118 0.0572, 0.2657 0.4118 0.0572, 0.2067 0.4078 0.0586, 0.2657 0.4078 0.0586, 0.2067 0.4036 0.0591, 0.2657 0.4036 0.0591, 0.2067 0.3642 0.0591, 0.2657 0.3642 0.0591, 0.2657 0.2186 0.1298, 0.2067 0.2186 0.1298, 0.2657 0.2221 0.1298, 0.2067 0.2221 0.1298, 0.2067 0.3339 0.4518, 0.2067 0.2776 0.4518, 0.2657 0.3339 0.4518, 0.2657 0.2776 0.4518, 0.2067 0.3339 0.4488, 0.2657 0.3339 0.4488, 0.2067 0.2186 0.3927, 0.2657 0.2186 0.3927, 0.2657 0.22 0.4059, 0.2067 0.22 0.4059, 0.2657 0.2244 0.4184, 0.2067 0.2244 0.4184, 0.2657 0.2314 0.4296, 0.2067 0.2314 0.4296, 0.2657 0.2408 0.4389, 0.2067 0.2408 0.4389, 0.2657 0.252 0.4459, 0.2067 0.252 0.4459, 0.2657 0.2645 0.4503, 0.2067 0.2645 0.4503, 0.2067 0.2815 0.4488, 0.2067 0.2684 0.4473, 0.2067 0.2559 0.443, 0.2067 0.2447 0.4359, 0.2067 0.2354 0.4266, 0.2067 0.2283 0.4154, 0.2067 0.224 0.4029, 0.2067 0.2225 0.3898, 0.2067 0.2225 0.1339, 0.2657 0.2815 0.4488, 0.2657 0.2684 0.4473, 0.2657 0.2559 0.443, 0.2657 0.2447 0.4359, 0.2657 0.2354 0.4266, 0.2657 0.2283 0.4154, 0.2657 0.224 0.4029, 0.2657 0.2225 0.3898, 0.2657 0.2225 0.1339, 0.0492 0.4036 0.0984, 0.0492 0.3642 0.0984, 0.1082 0.4036 0.0984, 0.1082 0.3642 0.0984, 0.1082 0.4163 0.0971, 0.0492 0.4163 0.0971, 0.1082 0.4283 0.093, 0.0492 0.4283 0.093, 0.1082 0.4393 0.0864, 0.0492 0.4393 0.0864, 0.1082 0.4485 0.0777, 0.0492 0.4485 0.0777, 0.1082 0.4557 0.0672, 0.0492 0.4557 0.0672, 0.0492 0.465 0.0498, 0.1082 0.465 0.0498, 0.0492 0.4674 0.0463, 0.1082 0.4674 0.0463, 0.0492 0.4704 0.0434, 0.1082 0.4704 0.0434, 0.0492 0.4741 0.0412, 0.1082 0.4741 0.0412, 0.0492 0.4781 0.0398, 0.1082 0.4781 0.0398, 0.0492 0.4823 0.0394, 0.1082 0.4823 0.0394, 0.0492 0.5847 0.0394, 0.1082 0.5847 0.0394, 0.0492 0.5847 0.0, 0.1082 0.5847 0.0, 0.0492 0.4823 0.0, 0.1082 0.4823 0.0, 0.1082 0.4697 0.0014, 0.0492 0.4697 0.0014, 0.1082 0.4576 0.0054, 0.0492 0.4576 0.0054, 0.1082 0.4467 0.012, 0.0492 0.4467 0.012, 0.1082 0.4374 0.0207, 0.0492 0.4374 0.0207, 0.1082 0.4302 0.0313, 0.0492 0.4302 0.0313, 0.0492 0.421 0.0486, 0.1082 0.421 0.0486, 0.0492 0.4186 0.0521, 0.1082 0.4186 0.0521, 0.0492 0.4155 0.0551, 0.1082 0.4155 0.0551, 0.0492 0.4118 0.0572, 0.1082 0.4118 0.0572, 0.0492 0.4078 0.0586, 0.1082 0.4078 0.0586, 0.0492 0.4036 0.0591, 0.1082 0.4036 0.0591, 0.0492 0.3642 0.0591, 0.1082 0.3642 0.0591, 0.1082 0.2186 0.1298, 0.0492 0.2186 0.1298, 0.1082 0.2221 0.1298, 0.0492 0.2221 0.1298, 0.0492 0.3339 0.4518, 0.0492 0.2776 0.4518, 0.1082 0.3339 0.4518, 0.1082 0.2776 0.4518, 0.0492 0.3339 0.4488, 0.1082 0.3339 0.4488, 0.0492 0.2186 0.3927, 0.1082 0.2186 0.3927, 0.1082 0.22 0.4059, 0.0492 0.22 0.4059, 0.1082 0.2244 0.4184, 0.0492 0.2244 0.4184, 0.1082 0.2314 0.4296, 0.0492 0.2314 0.4296, 0.1082 0.2408 0.4389, 0.0492 0.2408 0.4389, 0.1082 0.252 0.4459, 0.0492 0.252 0.4459, 0.1082 0.2645 0.4503, 0.0492 0.2645 0.4503, 0.0492 0.2815 0.4488, 0.0492 0.2684 0.4473, 0.0492 0.2559 0.443, 0.0492 0.2447 0.4359, 0.0492 0.2354 0.4266, 0.0492 0.2283 0.4154, 0.0492 0.224 0.4029, 0.0492 0.2225 0.3898, 0.0492 0.2225 0.1339, 0.1082 0.2815 0.4488, 0.1082 0.2684 0.4473, 0.1082 0.2559 0.443, 0.1082 0.2447 0.4359, 0.1082 0.2354 0.4266, 0.1082 0.2283 0.4154, 0.1082 0.224 0.4029, 0.1082 0.2225 0.3898, 0.1082 0.2225 0.1339, -0.0519 0.3642 0.0984, -0.0492 0.3642 0.0984, -0.0492 0.4036 0.0984, -0.1083 0.3642 0.0984, -0.1069 0.3642 0.0984, -0.1083 0.4036 0.0984, -0.0952 0.3642 0.0984, -0.0605 0.3642 0.0984, -0.0492 0.4163 0.0971, -0.1083 0.4163 0.0971, -0.0492 0.4283 0.093, -0.1083 0.4283 0.093, -0.0492 0.4393 0.0864, -0.1083 0.4393 0.0864, -0.0492 0.4485 0.0777, -0.1083 0.4485 0.0777, -0.0492 0.4557 0.0672, -0.1083 0.4557 0.0672, -0.1083 0.465 0.0498, -0.0492 0.465 0.0498, -0.1083 0.4674 0.0463, -0.0492 0.4674 0.0463, -0.1083 0.4704 0.0434, -0.0492 0.4704 0.0434, -0.1083 0.4741 0.0412, -0.0492 0.4741 0.0412, -0.1083 0.4781 0.0398, -0.0492 0.4781 0.0398, -0.1083 0.4823 0.0394, -0.0492 0.4823 0.0394, -0.1083 0.5847 0.0394, -0.0492 0.5847 0.0394, -0.1083 0.5847 0.0, -0.0492 0.5847 0.0, -0.1083 0.4823 0.0, -0.0492 0.4823 0.0, -0.0492 0.4697 0.0014, -0.1083 0.4697 0.0014, -0.0492 0.4576 0.0054, -0.1083 0.4576 0.0054, -0.0492 0.4467 0.012, -0.1083 0.4467 0.012, -0.0492 0.4374 0.0207, -0.1083 0.4374 0.0207, -0.0492 0.4302 0.0313, -0.1083 0.4302 0.0313, -0.1083 0.421 0.0486, -0.0492 0.421 0.0486, -0.1083 0.4186 0.0521, -0.0492 0.4186 0.0521, -0.1083 0.4155 0.0551, -0.0492 0.4155 0.0551, -0.1083 0.4118 0.0572, -0.0492 0.4118 0.0572, -0.1083 0.4078 0.0586, -0.0492 0.4078 0.0586, -0.1083 0.4036 0.0591, -0.0492 0.4036 0.0591, -0.1083 0.3642 0.0591, -0.0492 0.3642 0.0591, -0.0492 0.2186 0.1298, -0.1083 0.2186 0.1298, -0.0492 0.2221 0.1298, -0.1083 0.2221 0.1298, -0.1083 0.3339 0.4518, -0.1083 0.2776 0.4518, -0.0492 0.3339 0.4518, -0.0492 0.2776 0.4518, -0.1083 0.3339 0.4488, -0.0492 0.3339 0.4488, -0.1083 0.2186 0.3927, -0.0492 0.2186 0.3927, -0.0492 0.22 0.4059, -0.1083 0.22 0.4059, -0.0492 0.2244 0.4184, -0.1083 0.2244 0.4184, -0.0492 0.2314 0.4296, -0.1083 0.2314 0.4296, -0.0492 0.2408 0.4389, -0.1083 0.2408 0.4389, -0.0492 0.252 0.4459, -0.1083 0.252 0.4459, -0.0492 0.2645 0.4503, -0.1083 0.2645 0.4503, -0.1083 0.2815 0.4488, -0.1083 0.2684 0.4473, -0.1083 0.2559 0.443, -0.1083 0.2447 0.4359, -0.1083 0.2354 0.4266, -0.1083 0.2283 0.4154, -0.1083 0.224 0.4029, -0.1083 0.2225 0.3898, -0.1083 0.2225 0.1339, -0.0492 0.2815 0.4488, -0.0492 0.2684 0.4473, -0.0492 0.2559 0.443, -0.0492 0.2447 0.4359, -0.0492 0.2354 0.4266, -0.0492 0.2283 0.4154, -0.0492 0.224 0.4029, -0.0492 0.2225 0.3898, -0.0492 0.2225 0.1339, -0.2658 0.4036 0.0984, -0.2658 0.3642 0.0984, -0.2067 0.4036 0.0984, -0.2067 0.3642 0.0984, -0.2067 0.4163 0.0971, -0.2658 0.4163 0.0971, -0.2067 0.4283 0.093, -0.2658 0.4283 0.093, -0.2067 0.4393 0.0864, -0.2658 0.4393 0.0864, -0.2067 0.4485 0.0777, -0.2658 0.4485 0.0777, -0.2067 0.4557 0.0672, -0.2658 0.4557 0.0672, -0.2658 0.465 0.0498, -0.2067 0.465 0.0498, -0.2658 0.4674 0.0463, -0.2067 0.4674 0.0463, -0.2658 0.4704 0.0434, -0.2067 0.4704 0.0434, -0.2658 0.4741 0.0412, -0.2067 0.4741 0.0412, -0.2658 0.4781 0.0398, -0.2067 0.4781 0.0398, -0.2658 0.4823 0.0394, -0.2067 0.4823 0.0394, -0.2658 0.5847 0.0394, -0.2067 0.5847 0.0394, -0.2658 0.5847 0.0, -0.2067 0.5847 0.0, -0.2658 0.4823 0.0, -0.2067 0.4823 0.0, -0.2067 0.4697 0.0014, -0.2658 0.4697 0.0014, -0.2067 0.4576 0.0054, -0.2658 0.4576 0.0054, -0.2067 0.4467 0.012, -0.2658 0.4467 0.012, -0.2067 0.4374 0.0207, -0.2658 0.4374 0.0207, -0.2067 0.4302 0.0313, -0.2658 0.4302 0.0313, -0.2658 0.421 0.0486, -0.2067 0.421 0.0486, -0.2658 0.4186 0.0521, -0.2067 0.4186 0.0521, -0.2658 0.4155 0.0551, -0.2067 0.4155 0.0551, -0.2658 0.4118 0.0572, -0.2067 0.4118 0.0572, -0.2658 0.4078 0.0586, -0.2067 0.4078 0.0586, -0.2658 0.4036 0.0591, -0.2067 0.4036 0.0591, -0.2658 0.3642 0.0591, -0.2067 0.3642 0.0591, -0.2067 0.2186 0.1298, -0.2658 0.2186 0.1298, -0.2067 0.2221 0.1298, -0.2658 0.2221 0.1298, -0.2658 0.3339 0.4518, -0.2658 0.2776 0.4518, -0.2067 0.3339 0.4518, -0.2067 0.2776 0.4518, -0.2658 0.3339 0.4488, -0.2067 0.3339 0.4488, -0.2658 0.2186 0.3927, -0.2067 0.2186 0.3927, -0.2067 0.22 0.4059, -0.2658 0.22 0.4059, -0.2067 0.2244 0.4184, -0.2658 0.2244 0.4184, -0.2067 0.2314 0.4296, -0.2658 0.2314 0.4296, -0.2067 0.2408 0.4389, -0.2658 0.2408 0.4389, -0.2067 0.252 0.4459, -0.2658 0.252 0.4459, -0.2067 0.2645 0.4503, -0.2658 0.2645 0.4503, -0.2658 0.2815 0.4488, -0.2658 0.2684 0.4473, -0.2658 0.2559 0.443, -0.2658 0.2447 0.4359, -0.2658 0.2354 0.4266, -0.2658 0.2283 0.4154, -0.2658 0.224 0.4029, -0.2658 0.2225 0.3898, -0.2658 0.2225 0.1339, -0.2067 0.2815 0.4488, -0.2067 0.2684 0.4473, -0.2067 0.2559 0.443, -0.2067 0.2447 0.4359, -0.2067 0.2354 0.4266, -0.2067 0.2283 0.4154, -0.2067 0.224 0.4029, -0.2067 0.2225 0.3898, -0.2067 0.2225 0.1339, -0.4233 0.4036 0.0984, -0.4233 0.3642 0.0984, -0.3642 0.4036 0.0984, -0.3642 0.3642 0.0984, -0.3642 0.4163 0.0971, -0.4233 0.4163 0.0971, -0.3642 0.4283 0.093, -0.4233 0.4283 0.093, -0.3642 0.4393 0.0864, -0.4233 0.4393 0.0864, -0.3642 0.4485 0.0777, -0.4233 0.4485 0.0777, -0.3642 0.4557 0.0672, -0.4233 0.4557 0.0672, -0.4233 0.465 0.0498, -0.3642 0.465 0.0498, -0.4233 0.4674 0.0463, -0.3642 0.4674 0.0463, -0.4233 0.4704 0.0434, -0.3642 0.4704 0.0434, -0.4233 0.4741 0.0412, -0.3642 0.4741 0.0412, -0.4233 0.4781 0.0398, -0.3642 0.4781 0.0398, -0.4233 0.4823 0.0394, -0.3642 0.4823 0.0394, -0.4233 0.5847 0.0394, -0.3642 0.5847 0.0394, -0.4233 0.5847 0.0, -0.3642 0.5847 0.0, -0.4233 0.4823 0.0, -0.3642 0.4823 0.0, -0.3642 0.4697 0.0014, -0.4233 0.4697 0.0014, -0.3642 0.4576 0.0054, -0.4233 0.4576 0.0054, -0.3642 0.4467 0.012, -0.4233 0.4467 0.012, -0.3642 0.4374 0.0207, -0.4233 0.4374 0.0207, -0.3642 0.4302 0.0313, -0.4233 0.4302 0.0313, -0.4233 0.421 0.0486, -0.3642 0.421 0.0486, -0.4233 0.4186 0.0521, -0.3642 0.4186 0.0521, -0.4233 0.4155 0.0551, -0.3642 0.4155 0.0551, -0.4233 0.4118 0.0572, -0.3642 0.4118 0.0572, -0.4233 0.4078 0.0586, -0.3642 0.4078 0.0586, -0.4233 0.4036 0.0591, -0.3642 0.4036 0.0591, -0.4233 0.3642 0.0591, -0.3642 0.3642 0.0591, -0.3642 0.2186 0.1298, -0.4233 0.2186 0.1298, -0.3642 0.2221 0.1298, -0.4233 0.2221 0.1298, -0.4233 0.3339 0.4518, -0.4233 0.2776 0.4518, -0.3642 0.3339 0.4518, -0.3642 0.2776 0.4518, -0.4233 0.3339 0.4488, -0.3642 0.3339 0.4488, -0.4233 0.2186 0.3927, -0.3642 0.2186 0.3927, -0.3642 0.22 0.4059, -0.4233 0.22 0.4059, -0.3642 0.2244 0.4184, -0.4233 0.2244 0.4184, -0.3642 0.2314 0.4296, -0.4233 0.2314 0.4296, -0.3642 0.2408 0.4389, -0.4233 0.2408 0.4389, -0.3642 0.252 0.4459, -0.4233 0.252 0.4459, -0.3642 0.2645 0.4503, -0.4233 0.2645 0.4503, -0.4233 0.2815 0.4488, -0.4233 0.2684 0.4473, -0.4233 0.2559 0.443, -0.4233 0.2447 0.4359, -0.4233 0.2354 0.4266, -0.4233 0.2283 0.4154, -0.4233 0.224 0.4029, -0.4233 0.2225 0.3898, -0.4233 0.2225 0.1339, -0.3642 0.2815 0.4488, -0.3642 0.2684 0.4473, -0.3642 0.2559 0.443, -0.3642 0.2447 0.4359, -0.3642 0.2354 0.4266, -0.3642 0.2283 0.4154, -0.3642 0.224 0.4029, -0.3642 0.2225 0.3898, -0.3642 0.2225 0.1339, -0.5807 0.4036 0.0984, -0.5807 0.3642 0.0984, -0.5217 0.4036 0.0984, -0.5217 0.3642 0.0984, -0.5217 0.4163 0.0971, -0.5807 0.4163 0.0971, -0.5217 0.4283 0.093, -0.5807 0.4283 0.093, -0.5217 0.4393 0.0864, -0.5807 0.4393 0.0864, -0.5217 0.4485 0.0777, -0.5807 0.4485 0.0777, -0.5217 0.4557 0.0672, -0.5807 0.4557 0.0672, -0.5807 0.465 0.0498, -0.5217 0.465 0.0498, -0.5807 0.4674 0.0463, -0.5217 0.4674 0.0463, -0.5807 0.4704 0.0434, -0.5217 0.4704 0.0434, -0.5807 0.4741 0.0412, -0.5217 0.4741 0.0412, -0.5807 0.4781 0.0398, -0.5217 0.4781 0.0398, -0.5807 0.4823 0.0394, -0.5217 0.4823 0.0394, -0.5807 0.5847 0.0394, -0.5217 0.5847 0.0394, -0.5807 0.5847 0.0, -0.5217 0.5847 0.0, -0.5807 0.4823 0.0, -0.5217 0.4823 0.0, -0.5217 0.4697 0.0014, -0.5807 0.4697 0.0014, -0.5217 0.4576 0.0054, -0.5807 0.4576 0.0054, -0.5217 0.4467 0.012, -0.5807 0.4467 0.012, -0.5217 0.4374 0.0207, -0.5807 0.4374 0.0207, -0.5217 0.4302 0.0313, -0.5807 0.4302 0.0313, -0.5807 0.421 0.0486, -0.5217 0.421 0.0486, -0.5807 0.4186 0.0521, -0.5217 0.4186 0.0521, -0.5807 0.4155 0.0551, -0.5217 0.4155 0.0551, -0.5807 0.4118 0.0572, -0.5217 0.4118 0.0572, -0.5807 0.4078 0.0586, -0.5217 0.4078 0.0586, -0.5807 0.4036 0.0591, -0.5217 0.4036 0.0591, -0.5807 0.3642 0.0591, -0.5217 0.3642 0.0591, -0.5217 0.2186 0.1298, -0.5231 0.2186 0.1298, -0.5217 0.2221 0.1298, -0.5231 0.2221 0.1298, -0.5807 0.3339 0.4518, -0.5807 0.2776 0.4518, -0.5217 0.3339 0.4518, -0.5217 0.2776 0.4518, -0.5807 0.3339 0.4488, -0.5217 0.3339 0.4488, -0.565 0.2186 0.3701, -0.5217 0.2186 0.3927, -0.5807 0.2186 0.3701, -0.5807 0.2186 0.3927, -0.5217 0.22 0.4059, -0.5807 0.22 0.4059, -0.5217 0.2244 0.4184, -0.5807 0.2244 0.4184, -0.5217 0.2314 0.4296, -0.5807 0.2314 0.4296, -0.5217 0.2408 0.4389, -0.5807 0.2408 0.4389, -0.5217 0.252 0.4459, -0.5807 0.252 0.4459, -0.5217 0.2645 0.4503, -0.5807 0.2645 0.4503, -0.5807 0.2225 0.3701, -0.5807 0.2225 0.3898, -0.5807 0.224 0.4029, -0.5807 0.2283 0.4154, -0.5807 0.2354 0.4266, -0.5807 0.2447 0.4359, -0.5807 0.2559 0.443, -0.5807 0.2684 0.4473, -0.5807 0.2815 0.4488, -0.5217 0.2815 0.4488, -0.5217 0.2684 0.4473, -0.5217 0.2559 0.443, -0.5217 0.2447 0.4359, -0.5217 0.2354 0.4266, -0.5217 0.2283 0.4154, -0.5217 0.224 0.4029, -0.5217 0.2225 0.3898, -0.5217 0.2225 0.1339, 0.5216 -0.3641 0.0984, 0.5216 -0.4035 0.0984, 0.5807 -0.3641 0.0984, 0.5807 -0.4035 0.0984, 0.5216 -0.4035 0.0591, 0.5807 -0.4035 0.0591, 0.5216 -0.4077 0.0586, 0.5807 -0.4077 0.0586, 0.5216 -0.4117 0.0572, 0.5807 -0.4117 0.0572, 0.5216 -0.4154 0.0551, 0.5807 -0.4154 0.0551, 0.5216 -0.4185 0.0521, 0.5807 -0.4185 0.0521, 0.5216 -0.4209 0.0486, 0.5807 -0.4209 0.0486, 0.5216 -0.4301 0.0313, 0.5807 -0.4301 0.0313, 0.5807 -0.4373 0.0207, 0.5216 -0.4373 0.0207, 0.5807 -0.4466 0.012, 0.5216 -0.4466 0.012, 0.5807 -0.4575 0.0054, 0.5216 -0.4575 0.0054, 0.5807 -0.4696 0.0014, 0.5216 -0.4696 0.0014, 0.5807 -0.4822 0.0, 0.5216 -0.4822 0.0, 0.5216 -0.5846 0.0, 0.5807 -0.5846 0.0, 0.5216 -0.5846 0.0394, 0.5807 -0.5846 0.0394, 0.5216 -0.4822 0.0394, 0.5807 -0.4822 0.0394, 0.5216 -0.478 0.0398, 0.5807 -0.478 0.0398, 0.5216 -0.474 0.0412, 0.5807 -0.474 0.0412, 0.5216 -0.4703 0.0434, 0.5807 -0.4703 0.0434, 0.5216 -0.4673 0.0463, 0.5807 -0.4673 0.0463, 0.5216 -0.4649 0.0498, 0.5807 -0.4649 0.0498, 0.5216 -0.4556 0.0672, 0.5807 -0.4556 0.0672, 0.5807 -0.4484 0.0777, 0.5216 -0.4484 0.0777, 0.5807 -0.4392 0.0864, 0.5216 -0.4392 0.0864, 0.5807 -0.4282 0.093, 0.5216 -0.4282 0.093, 0.5807 -0.4162 0.0971, 0.5216 -0.4162 0.0971, 0.5216 -0.3641 0.0591, 0.5807 -0.3641 0.0591, 0.5216 -0.222 0.1298, 0.5216 -0.2185 0.1298, 0.5231 -0.222 0.1298, 0.5231 -0.2185 0.1298, 0.5216 -0.2775 0.4518, 0.5216 -0.3338 0.4518, 0.5807 -0.2775 0.4518, 0.5807 -0.3338 0.4518, 0.5807 -0.2644 0.4503, 0.5216 -0.2644 0.4503, 0.5807 -0.2519 0.4459, 0.5216 -0.2519 0.4459, 0.5807 -0.2407 0.4389, 0.5216 -0.2407 0.4389, 0.5807 -0.2313 0.4296, 0.5216 -0.2313 0.4296, 0.5807 -0.2243 0.4184, 0.5216 -0.2243 0.4184, 0.5807 -0.2199 0.4059, 0.5216 -0.2199 0.4059, 0.5807 -0.2185 0.3927, 0.5216 -0.2185 0.3927, 0.565 -0.2185 0.3701, 0.5807 -0.2185 0.3701, 0.5807 -0.3338 0.4488, 0.5216 -0.3338 0.4488, 0.5216 -0.2397 0.4315, 0.5216 -0.2303 0.4193, 0.5216 -0.2244 0.405, 0.5216 -0.2224 0.3898, 0.5216 -0.2224 0.1339, 0.5216 -0.2814 0.4488, 0.5216 -0.2662 0.4468, 0.5216 -0.2519 0.4409, 0.5807 -0.2814 0.4488, 0.5807 -0.2662 0.4468, 0.5807 -0.2519 0.4409, 0.5807 -0.2397 0.4315, 0.5807 -0.2224 0.3701, 0.5807 -0.2224 0.3898, 0.5807 -0.2244 0.405, 0.5807 -0.2303 0.4193, 0.3641 -0.3641 0.0984, 0.3641 -0.4035 0.0984, 0.4232 -0.3641 0.0984, 0.4232 -0.4035 0.0984, 0.3641 -0.4035 0.0591, 0.4232 -0.4035 0.0591, 0.3641 -0.4077 0.0586, 0.4232 -0.4077 0.0586, 0.3641 -0.4117 0.0572, 0.4232 -0.4117 0.0572, 0.3641 -0.4154 0.0551, 0.4232 -0.4154 0.0551, 0.3641 -0.4185 0.0521, 0.4232 -0.4185 0.0521, 0.3641 -0.4209 0.0486, 0.4232 -0.4209 0.0486, 0.3641 -0.4301 0.0313, 0.4232 -0.4301 0.0313, 0.4232 -0.4373 0.0207, 0.3641 -0.4373 0.0207, 0.4232 -0.4466 0.012, 0.3641 -0.4466 0.012, 0.4232 -0.4575 0.0054, 0.3641 -0.4575 0.0054, 0.4232 -0.4696 0.0014, 0.3641 -0.4696 0.0014, 0.4232 -0.4822 0.0, 0.3641 -0.4822 0.0, 0.3641 -0.5846 0.0, 0.4232 -0.5846 0.0, 0.3641 -0.5846 0.0394, 0.4232 -0.5846 0.0394, 0.3641 -0.4822 0.0394, 0.4232 -0.4822 0.0394, 0.3641 -0.478 0.0398, 0.4232 -0.478 0.0398, 0.3641 -0.474 0.0412, 0.4232 -0.474 0.0412, 0.3641 -0.4703 0.0434, 0.4232 -0.4703 0.0434, 0.3641 -0.4673 0.0463, 0.4232 -0.4673 0.0463, 0.3641 -0.4649 0.0498, 0.4232 -0.4649 0.0498, 0.3641 -0.4556 0.0672, 0.4232 -0.4556 0.0672, 0.4232 -0.4484 0.0777, 0.3641 -0.4484 0.0777, 0.4232 -0.4392 0.0864, 0.3641 -0.4392 0.0864, 0.4232 -0.4282 0.093, 0.3641 -0.4282 0.093, 0.4232 -0.4162 0.0971, 0.3641 -0.4162 0.0971, 0.3641 -0.3641 0.0591, 0.4232 -0.3641 0.0591, 0.3641 -0.222 0.1298, 0.3641 -0.2185 0.1298, 0.4232 -0.222 0.1298, 0.4232 -0.2185 0.1298, 0.3641 -0.2775 0.4518, 0.3641 -0.3338 0.4518, 0.4232 -0.2775 0.4518, 0.4232 -0.3338 0.4518, 0.4232 -0.2644 0.4503, 0.3641 -0.2644 0.4503, 0.4232 -0.2519 0.4459, 0.3641 -0.2519 0.4459, 0.4232 -0.2407 0.4389, 0.3641 -0.2407 0.4389, 0.4232 -0.2313 0.4296, 0.3641 -0.2313 0.4296, 0.4232 -0.2243 0.4184, 0.3641 -0.2243 0.4184, 0.4232 -0.2199 0.4059, 0.3641 -0.2199 0.4059, 0.4232 -0.2185 0.3927, 0.3641 -0.2185 0.3927, 0.4232 -0.3338 0.4488, 0.3641 -0.3338 0.4488, 0.3641 -0.2397 0.4315, 0.3641 -0.2303 0.4193, 0.3641 -0.2244 0.405, 0.3641 -0.2224 0.3898, 0.3641 -0.2224 0.1339, 0.3641 -0.2814 0.4488, 0.3641 -0.2662 0.4468, 0.3641 -0.2519 0.4409, 0.4232 -0.2814 0.4488, 0.4232 -0.2662 0.4468, 0.4232 -0.2519 0.4409, 0.4232 -0.2397 0.4315, 0.4232 -0.2303 0.4193, 0.4232 -0.2244 0.405, 0.4232 -0.2224 0.3898, 0.4232 -0.2224 0.1339, 0.2067 -0.3641 0.0984, 0.2067 -0.4035 0.0984, 0.2657 -0.3641 0.0984, 0.2657 -0.4035 0.0984, 0.2067 -0.4035 0.0591, 0.2657 -0.4035 0.0591, 0.2067 -0.4077 0.0586, 0.2657 -0.4077 0.0586, 0.2067 -0.4117 0.0572, 0.2657 -0.4117 0.0572, 0.2067 -0.4154 0.0551, 0.2657 -0.4154 0.0551, 0.2067 -0.4185 0.0521, 0.2657 -0.4185 0.0521, 0.2067 -0.4209 0.0486, 0.2657 -0.4209 0.0486, 0.2067 -0.4301 0.0313, 0.2657 -0.4301 0.0313, 0.2657 -0.4373 0.0207, 0.2067 -0.4373 0.0207, 0.2657 -0.4466 0.012, 0.2067 -0.4466 0.012, 0.2657 -0.4575 0.0054, 0.2067 -0.4575 0.0054, 0.2657 -0.4696 0.0014, 0.2067 -0.4696 0.0014, 0.2657 -0.4822 0.0, 0.2067 -0.4822 0.0, 0.2067 -0.5846 0.0, 0.2657 -0.5846 0.0, 0.2067 -0.5846 0.0394, 0.2657 -0.5846 0.0394, 0.2067 -0.4822 0.0394, 0.2657 -0.4822 0.0394, 0.2067 -0.478 0.0398, 0.2657 -0.478 0.0398, 0.2067 -0.474 0.0412, 0.2657 -0.474 0.0412, 0.2067 -0.4703 0.0434, 0.2657 -0.4703 0.0434, 0.2067 -0.4673 0.0463, 0.2657 -0.4673 0.0463, 0.2067 -0.4649 0.0498, 0.2657 -0.4649 0.0498, 0.2067 -0.4556 0.0672, 0.2657 -0.4556 0.0672, 0.2657 -0.4484 0.0777, 0.2067 -0.4484 0.0777, 0.2657 -0.4392 0.0864, 0.2067 -0.4392 0.0864, 0.2657 -0.4282 0.093, 0.2067 -0.4282 0.093, 0.2657 -0.4162 0.0971, 0.2067 -0.4162 0.0971, 0.2067 -0.3641 0.0591, 0.2657 -0.3641 0.0591, 0.2067 -0.222 0.1298, 0.2067 -0.2185 0.1298, 0.2657 -0.222 0.1298, 0.2657 -0.2185 0.1298, 0.2067 -0.2775 0.4518, 0.2067 -0.3338 0.4518, 0.2657 -0.2775 0.4518, 0.2657 -0.3338 0.4518, 0.2657 -0.2644 0.4503, 0.2067 -0.2644 0.4503, 0.2657 -0.2519 0.4459, 0.2067 -0.2519 0.4459, 0.2657 -0.2407 0.4389, 0.2067 -0.2407 0.4389, 0.2657 -0.2313 0.4296, 0.2067 -0.2313 0.4296, 0.2657 -0.2243 0.4184, 0.2067 -0.2243 0.4184, 0.2657 -0.2199 0.4059, 0.2067 -0.2199 0.4059, 0.2657 -0.2185 0.3927, 0.2067 -0.2185 0.3927, 0.2657 -0.3338 0.4488, 0.2067 -0.3338 0.4488, 0.2067 -0.2397 0.4315, 0.2067 -0.2303 0.4193, 0.2067 -0.2244 0.405, 0.2067 -0.2224 0.3898, 0.2067 -0.2224 0.1339, 0.2067 -0.2814 0.4488, 0.2067 -0.2662 0.4468, 0.2067 -0.2519 0.4409, 0.2657 -0.2397 0.4315, 0.2657 -0.2303 0.4193, 0.2657 -0.2244 0.405, 0.2657 -0.2224 0.3898, 0.2657 -0.2224 0.1339, 0.2657 -0.2519 0.4409, 0.2657 -0.2662 0.4468, 0.2657 -0.2814 0.4488, 0.0492 -0.3641 0.0984, 0.0492 -0.4035 0.0984, 0.1082 -0.3641 0.0984, 0.1082 -0.4035 0.0984, 0.0492 -0.4035 0.0591, 0.1082 -0.4035 0.0591, 0.0492 -0.4077 0.0586, 0.1082 -0.4077 0.0586, 0.0492 -0.4117 0.0572, 0.1082 -0.4117 0.0572, 0.0492 -0.4154 0.0551, 0.1082 -0.4154 0.0551, 0.0492 -0.4185 0.0521, 0.1082 -0.4185 0.0521, 0.0492 -0.4209 0.0486, 0.1082 -0.4209 0.0486, 0.0492 -0.4301 0.0313, 0.1082 -0.4301 0.0313, 0.1082 -0.4373 0.0207, 0.0492 -0.4373 0.0207, 0.1082 -0.4466 0.012, 0.0492 -0.4466 0.012, 0.1082 -0.4575 0.0054, 0.0492 -0.4575 0.0054, 0.1082 -0.4696 0.0014, 0.0492 -0.4696 0.0014, 0.1082 -0.4822 0.0, 0.0492 -0.4822 0.0, 0.0492 -0.5846 0.0, 0.1082 -0.5846 0.0, 0.0492 -0.5846 0.0394, 0.1082 -0.5846 0.0394, 0.0492 -0.4822 0.0394, 0.1082 -0.4822 0.0394, 0.0492 -0.478 0.0398, 0.1082 -0.478 0.0398, 0.0492 -0.474 0.0412, 0.1082 -0.474 0.0412, 0.0492 -0.4703 0.0434, 0.1082 -0.4703 0.0434, 0.0492 -0.4673 0.0463, 0.1082 -0.4673 0.0463, 0.0492 -0.4649 0.0498, 0.1082 -0.4649 0.0498, 0.0492 -0.4556 0.0672, 0.1082 -0.4556 0.0672, 0.1082 -0.4484 0.0777, 0.0492 -0.4484 0.0777, 0.1082 -0.4392 0.0864, 0.0492 -0.4392 0.0864, 0.1082 -0.4282 0.093, 0.0492 -0.4282 0.093, 0.1082 -0.4162 0.0971, 0.0492 -0.4162 0.0971, 0.0492 -0.3641 0.0591, 0.1082 -0.3641 0.0591, 0.0492 -0.222 0.1298, 0.0492 -0.2185 0.1298, 0.1082 -0.222 0.1298, 0.1082 -0.2185 0.1298, 0.0492 -0.2775 0.4518, 0.0492 -0.3338 0.4518, 0.1082 -0.2775 0.4518, 0.1082 -0.3338 0.4518, 0.1082 -0.2644 0.4503, 0.0492 -0.2644 0.4503, 0.1082 -0.2519 0.4459, 0.0492 -0.2519 0.4459, 0.1082 -0.2407 0.4389, 0.0492 -0.2407 0.4389, 0.1082 -0.2313 0.4296, 0.0492 -0.2313 0.4296, 0.1082 -0.2243 0.4184, 0.0492 -0.2243 0.4184, 0.1082 -0.2199 0.4059, 0.0492 -0.2199 0.4059, 0.1082 -0.2185 0.3927, 0.0492 -0.2185 0.3927, 0.1082 -0.3338 0.4488, 0.0492 -0.3338 0.4488, 0.0492 -0.2397 0.4315, 0.0492 -0.2303 0.4193, 0.0492 -0.2244 0.405, 0.0492 -0.2224 0.3898, 0.0492 -0.2224 0.1339, 0.0492 -0.2814 0.4488, 0.0492 -0.2662 0.4468, 0.0492 -0.2519 0.4409, 0.1082 -0.2814 0.4488, 0.1082 -0.2662 0.4468, 0.1082 -0.2519 0.4409, 0.1082 -0.2397 0.4315, 0.1082 -0.2303 0.4193, 0.1082 -0.2244 0.405, 0.1082 -0.2224 0.3898, 0.1082 -0.2224 0.1339, -0.1083 -0.3641 0.0984, -0.1083 -0.4035 0.0984, -0.0492 -0.3641 0.0984, -0.0492 -0.4035 0.0984, -0.1083 -0.4035 0.0591, -0.0492 -0.4035 0.0591, -0.1083 -0.4077 0.0586, -0.0492 -0.4077 0.0586, -0.1083 -0.4117 0.0572, -0.0492 -0.4117 0.0572, -0.1083 -0.4154 0.0551, -0.0492 -0.4154 0.0551, -0.1083 -0.4185 0.0521, -0.0492 -0.4185 0.0521, -0.1083 -0.4209 0.0486, -0.0492 -0.4209 0.0486, -0.1083 -0.4301 0.0313, -0.0492 -0.4301 0.0313, -0.0492 -0.4373 0.0207, -0.1083 -0.4373 0.0207, -0.0492 -0.4466 0.012, -0.1083 -0.4466 0.012, -0.0492 -0.4575 0.0054, -0.1083 -0.4575 0.0054, -0.0492 -0.4696 0.0014, -0.1083 -0.4696 0.0014, -0.0492 -0.4822 0.0, -0.1083 -0.4822 0.0, -0.1083 -0.5846 0.0, -0.0492 -0.5846 0.0, -0.1083 -0.5846 0.0394, -0.0492 -0.5846 0.0394, -0.1083 -0.4822 0.0394, -0.0492 -0.4822 0.0394, -0.1083 -0.478 0.0398, -0.0492 -0.478 0.0398, -0.1083 -0.474 0.0412, -0.0492 -0.474 0.0412, -0.1083 -0.4703 0.0434, -0.0492 -0.4703 0.0434, -0.1083 -0.4673 0.0463, -0.0492 -0.4673 0.0463, -0.1083 -0.4649 0.0498, -0.0492 -0.4649 0.0498, -0.1083 -0.4556 0.0672, -0.0492 -0.4556 0.0672, -0.0492 -0.4484 0.0777, -0.1083 -0.4484 0.0777, -0.0492 -0.4392 0.0864, -0.1083 -0.4392 0.0864, -0.0492 -0.4282 0.093, -0.1083 -0.4282 0.093, -0.0492 -0.4162 0.0971, -0.1083 -0.4162 0.0971, -0.1083 -0.3641 0.0591, -0.0492 -0.3641 0.0591, -0.1083 -0.222 0.1298, -0.1083 -0.2185 0.1298, -0.0492 -0.222 0.1298, -0.0492 -0.2185 0.1298, -0.1083 -0.2775 0.4518, -0.1083 -0.3338 0.4518, -0.0492 -0.2775 0.4518, -0.0492 -0.3338 0.4518, -0.0492 -0.2644 0.4503, -0.1083 -0.2644 0.4503, -0.0492 -0.2519 0.4459, -0.1083 -0.2519 0.4459, -0.0492 -0.2407 0.4389, -0.1083 -0.2407 0.4389, -0.0492 -0.2313 0.4296, -0.1083 -0.2313 0.4296, -0.0492 -0.2243 0.4184, -0.1083 -0.2243 0.4184, -0.0492 -0.2199 0.4059, -0.1083 -0.2199 0.4059, -0.0492 -0.2185 0.3927, -0.1083 -0.2185 0.3927, -0.0492 -0.3338 0.4488, -0.1083 -0.3338 0.4488, -0.1083 -0.2397 0.4315, -0.1083 -0.2303 0.4193, -0.1083 -0.2244 0.405, -0.1083 -0.2224 0.3898, -0.1083 -0.2224 0.1339, -0.1083 -0.2814 0.4488, -0.1083 -0.2662 0.4468, -0.1083 -0.2519 0.4409, -0.0492 -0.2397 0.4315, -0.0492 -0.2303 0.4193, -0.0492 -0.2244 0.405, -0.0492 -0.2224 0.3898, -0.0492 -0.2224 0.1339, -0.0492 -0.2519 0.4409, -0.0492 -0.2662 0.4468, -0.0492 -0.2814 0.4488, -0.2658 -0.3641 0.0984, -0.2658 -0.4035 0.0984, -0.2067 -0.3641 0.0984, -0.2067 -0.4035 0.0984, -0.2658 -0.4035 0.0591, -0.2067 -0.4035 0.0591, -0.2658 -0.4077 0.0586, -0.2067 -0.4077 0.0586, -0.2658 -0.4117 0.0572, -0.2067 -0.4117 0.0572, -0.2658 -0.4154 0.0551, -0.2067 -0.4154 0.0551, -0.2658 -0.4185 0.0521, -0.2067 -0.4185 0.0521, -0.2658 -0.4209 0.0486, -0.2067 -0.4209 0.0486, -0.2658 -0.4301 0.0313, -0.2067 -0.4301 0.0313, -0.2067 -0.4373 0.0207, -0.2658 -0.4373 0.0207, -0.2067 -0.4466 0.012, -0.2658 -0.4466 0.012, -0.2067 -0.4575 0.0054, -0.2658 -0.4575 0.0054, -0.2067 -0.4696 0.0014, -0.2658 -0.4696 0.0014, -0.2067 -0.4822 0.0, -0.2658 -0.4822 0.0, -0.2658 -0.5846 0.0, -0.2067 -0.5846 0.0, -0.2658 -0.5846 0.0394, -0.2067 -0.5846 0.0394, -0.2658 -0.4822 0.0394, -0.2067 -0.4822 0.0394, -0.2658 -0.478 0.0398, -0.2067 -0.478 0.0398, -0.2658 -0.474 0.0412, -0.2067 -0.474 0.0412, -0.2658 -0.4703 0.0434, -0.2067 -0.4703 0.0434, -0.2658 -0.4673 0.0463, -0.2067 -0.4673 0.0463, -0.2658 -0.4649 0.0498, -0.2067 -0.4649 0.0498, -0.2658 -0.4556 0.0672, -0.2067 -0.4556 0.0672, -0.2067 -0.4484 0.0777, -0.2658 -0.4484 0.0777, -0.2067 -0.4392 0.0864, -0.2658 -0.4392 0.0864, -0.2067 -0.4282 0.093, -0.2658 -0.4282 0.093, -0.2067 -0.4162 0.0971, -0.2658 -0.4162 0.0971, -0.2658 -0.3641 0.0591, -0.2067 -0.3641 0.0591, -0.2658 -0.222 0.1298, -0.2658 -0.2185 0.1298, -0.2067 -0.222 0.1298, -0.2067 -0.2185 0.1298, -0.2658 -0.2775 0.4518, -0.2658 -0.3338 0.4518, -0.2067 -0.2775 0.4518, -0.2067 -0.3338 0.4518, -0.2067 -0.2644 0.4503, -0.2658 -0.2644 0.4503, -0.2067 -0.2519 0.4459, -0.2658 -0.2519 0.4459, -0.2067 -0.2407 0.4389, -0.2658 -0.2407 0.4389, -0.2067 -0.2313 0.4296, -0.2658 -0.2313 0.4296, -0.2067 -0.2243 0.4184, -0.2658 -0.2243 0.4184, -0.2067 -0.2199 0.4059, -0.2658 -0.2199 0.4059, -0.2067 -0.2185 0.3927, -0.2658 -0.2185 0.3927, -0.2067 -0.3338 0.4488, -0.2658 -0.3338 0.4488, -0.2658 -0.2397 0.4315, -0.2658 -0.2303 0.4193, -0.2658 -0.2244 0.405, -0.2658 -0.2224 0.3898, -0.2658 -0.2224 0.1339, -0.2658 -0.2814 0.4488, -0.2658 -0.2662 0.4468, -0.2658 -0.2519 0.4409, -0.2067 -0.2814 0.4488, -0.2067 -0.2662 0.4468, -0.2067 -0.2519 0.4409, -0.2067 -0.2397 0.4315, -0.2067 -0.2303 0.4193, -0.2067 -0.2244 0.405, -0.2067 -0.2224 0.3898, -0.2067 -0.2224 0.1339, -0.4233 -0.3641 0.0984, -0.4233 -0.4035 0.0984, -0.3642 -0.3641 0.0984, -0.3642 -0.4035 0.0984, -0.4233 -0.4035 0.0591, -0.3642 -0.4035 0.0591, -0.4233 -0.4077 0.0586, -0.3642 -0.4077 0.0586, -0.4233 -0.4117 0.0572, -0.3642 -0.4117 0.0572, -0.4233 -0.4154 0.0551, -0.3642 -0.4154 0.0551, -0.4233 -0.4185 0.0521, -0.3642 -0.4185 0.0521, -0.4233 -0.4209 0.0486, -0.3642 -0.4209 0.0486, -0.4233 -0.4301 0.0313, -0.3642 -0.4301 0.0313, -0.3642 -0.4373 0.0207, -0.4233 -0.4373 0.0207, -0.3642 -0.4466 0.012, -0.4233 -0.4466 0.012, -0.3642 -0.4575 0.0054, -0.4233 -0.4575 0.0054, -0.3642 -0.4696 0.0014, -0.4233 -0.4696 0.0014, -0.3642 -0.4822 0.0, -0.4233 -0.4822 0.0, -0.4233 -0.5846 0.0, -0.3642 -0.5846 0.0, -0.4233 -0.5846 0.0394, -0.3642 -0.5846 0.0394, -0.4233 -0.4822 0.0394, -0.3642 -0.4822 0.0394, -0.4233 -0.478 0.0398, -0.3642 -0.478 0.0398, -0.4233 -0.474 0.0412, -0.3642 -0.474 0.0412, -0.4233 -0.4703 0.0434, -0.3642 -0.4703 0.0434, -0.4233 -0.4673 0.0463, -0.3642 -0.4673 0.0463, -0.4233 -0.4649 0.0498, -0.3642 -0.4649 0.0498, -0.4233 -0.4556 0.0672, -0.3642 -0.4556 0.0672, -0.3642 -0.4484 0.0777, -0.4233 -0.4484 0.0777, -0.3642 -0.4392 0.0864, -0.4233 -0.4392 0.0864, -0.3642 -0.4282 0.093, -0.4233 -0.4282 0.093, -0.3642 -0.4162 0.0971, -0.4233 -0.4162 0.0971, -0.4233 -0.3641 0.0591, -0.3642 -0.3641 0.0591, -0.4233 -0.222 0.1298, -0.4233 -0.2185 0.1298, -0.3642 -0.222 0.1298, -0.3642 -0.2185 0.1298, -0.4233 -0.2775 0.4518, -0.4233 -0.3338 0.4518, -0.3642 -0.2775 0.4518, -0.3642 -0.3338 0.4518, -0.3642 -0.2644 0.4503, -0.4233 -0.2644 0.4503, -0.3642 -0.2519 0.4459, -0.4233 -0.2519 0.4459, -0.3642 -0.2407 0.4389, -0.4233 -0.2407 0.4389, -0.3642 -0.2313 0.4296, -0.4233 -0.2313 0.4296, -0.3642 -0.2243 0.4184, -0.4233 -0.2243 0.4184, -0.3642 -0.2199 0.4059, -0.4233 -0.2199 0.4059, -0.3642 -0.2185 0.3927, -0.4233 -0.2185 0.3927, -0.3642 -0.3338 0.4488, -0.4233 -0.3338 0.4488, -0.4233 -0.2397 0.4315, -0.4233 -0.2303 0.4193, -0.4233 -0.2244 0.405, -0.4233 -0.2224 0.3898, -0.4233 -0.2224 0.1339, -0.4233 -0.2814 0.4488, -0.4233 -0.2662 0.4468, -0.4233 -0.2519 0.4409, -0.3642 -0.2814 0.4488, -0.3642 -0.2662 0.4468, -0.3642 -0.2519 0.4409, -0.3642 -0.2397 0.4315, -0.3642 -0.2303 0.4193, -0.3642 -0.2244 0.405, -0.3642 -0.2224 0.3898, -0.3642 -0.2224 0.1339, -0.5807 -0.3641 0.0984, -0.5807 -0.4035 0.0984, -0.5217 -0.3641 0.0984, -0.5217 -0.4035 0.0984, -0.5807 -0.4035 0.0591, -0.5217 -0.4035 0.0591, -0.5807 -0.4077 0.0586, -0.5217 -0.4077 0.0586, -0.5807 -0.4117 0.0572, -0.5217 -0.4117 0.0572, -0.5807 -0.4154 0.0551, -0.5217 -0.4154 0.0551, -0.5807 -0.4185 0.0521, -0.5217 -0.4185 0.0521, -0.5807 -0.4209 0.0486, -0.5217 -0.4209 0.0486, -0.5807 -0.4301 0.0313, -0.5217 -0.4301 0.0313, -0.5217 -0.4373 0.0207, -0.5807 -0.4373 0.0207, -0.5217 -0.4466 0.012, -0.5807 -0.4466 0.012, -0.5217 -0.4575 0.0054, -0.5807 -0.4575 0.0054, -0.5217 -0.4696 0.0014, -0.5807 -0.4696 0.0014, -0.5217 -0.4822 0.0, -0.5807 -0.4822 0.0, -0.5807 -0.5846 0.0, -0.5217 -0.5846 0.0, -0.5807 -0.5846 0.0394, -0.5217 -0.5846 0.0394, -0.5807 -0.4822 0.0394, -0.5217 -0.4822 0.0394, -0.5807 -0.478 0.0398, -0.5217 -0.478 0.0398, -0.5807 -0.474 0.0412, -0.5217 -0.474 0.0412, -0.5807 -0.4703 0.0434, -0.5217 -0.4703 0.0434, -0.5807 -0.4673 0.0463, -0.5217 -0.4673 0.0463, -0.5807 -0.4649 0.0498, -0.5217 -0.4649 0.0498, -0.5807 -0.4556 0.0672, -0.5217 -0.4556 0.0672, -0.5217 -0.4484 0.0777, -0.5807 -0.4484 0.0777, -0.5217 -0.4392 0.0864, -0.5807 -0.4392 0.0864, -0.5217 -0.4282 0.093, -0.5807 -0.4282 0.093, -0.5217 -0.4162 0.0971, -0.5807 -0.4162 0.0971, -0.5807 -0.3641 0.0591, -0.5217 -0.3641 0.0591, -0.5231 -0.222 0.1298, -0.5231 -0.2185 0.1298, -0.5217 -0.222 0.1298, -0.5217 -0.2185 0.1298, -0.5807 -0.2775 0.4518, -0.5807 -0.3338 0.4518, -0.5217 -0.2775 0.4518, -0.5217 -0.3338 0.4518, -0.5217 -0.2644 0.4503, -0.5807 -0.2644 0.4503, -0.5217 -0.2519 0.4459, -0.5807 -0.2519 0.4459, -0.5217 -0.2407 0.4389, -0.5807 -0.2407 0.4389, -0.5217 -0.2313 0.4296, -0.5807 -0.2313 0.4296, -0.5217 -0.2243 0.4184, -0.5807 -0.2243 0.4184, -0.5217 -0.2199 0.4059, -0.5807 -0.2199 0.4059, -0.5217 -0.2185 0.3927, -0.5807 -0.2185 0.3927, -0.5807 -0.2185 0.3701, -0.565 -0.2185 0.3701, -0.5217 -0.3338 0.4488, -0.5807 -0.3338 0.4488, -0.5807 -0.2224 0.3701, -0.5807 -0.2224 0.3898, -0.5807 -0.2244 0.405, -0.5807 -0.2303 0.4193, -0.5807 -0.2397 0.4315, -0.5807 -0.2814 0.4488, -0.5807 -0.2662 0.4468, -0.5807 -0.2519 0.4409, -0.5217 -0.2397 0.4315, -0.5217 -0.2303 0.4193, -0.5217 -0.2244 0.405, -0.5217 -0.2224 0.3898, -0.5217 -0.2224 0.1339, -0.5217 -0.2519 0.4409, -0.5217 -0.2662 0.4468, -0.5217 -0.2814 0.4488
            ]
        }
        coordIndex [
            0,1,2,-1,2,1,3,-1,0,2,4,-1,0,4,5,-1,5,4,6,-1,5,6,7,-1,7,6,8,-1,7,8,9,-1,9,8,10,-1,9,10,11,-1,11,10,12,-1,11,12,13,-1,14,13,15,-1,15,13,12,-1,14,15,16,-1,16,15,17,-1,16,17,18,-1,18,17,19,-1,18,19,20,-1,20,19,21,-1,20,21,22,-1,22,21,23,-1,22,23,24,-1,24,23,25,-1,26,24,27,-1,27,24,25,-1,28,26,29,-1,29,26,27,-1,30,28,31,-1,31,28,29,-1,30,31,32,-1,30,32,33,-1,33,32,34,-1,33,34,35,-1,35,34,36,-1,35,36,37,-1,37,36,38,-1,37,38,39,-1,39,38,40,-1,39,40,41,-1,42,41,43,-1,43,41,40,-1,42,43,44,-1,44,43,45,-1,44,45,46,-1,46,45,47,-1,46,47,48,-1,48,47,49,-1,48,49,50,-1,50,49,51,-1,50,51,52,-1,52,51,53,-1,26,28,24,-1,24,28,30,-1,24,30,22,-1,22,30,33,-1,22,33,20,-1,20,33,35,-1,20,35,18,-1,18,35,37,-1,18,37,16,-1,16,37,39,-1,16,39,14,-1,14,39,41,-1,14,41,13,-1,13,41,42,-1,13,42,11,-1,11,42,44,-1,11,44,9,-1,9,44,46,-1,9,46,7,-1,7,46,48,-1,7,48,5,-1,5,48,50,-1,5,50,0,-1,0,50,52,-1,0,52,1,-1,1,52,54,-1,3,55,2,-1,2,55,53,-1,2,53,4,-1,4,53,51,-1,4,51,6,-1,6,51,49,-1,6,49,8,-1,8,49,47,-1,8,47,10,-1,10,47,45,-1,10,45,12,-1,12,45,43,-1,12,43,15,-1,15,43,40,-1,15,40,17,-1,17,40,38,-1,17,38,19,-1,19,38,36,-1,19,36,21,-1,21,36,34,-1,21,34,23,-1,23,34,32,-1,23,32,25,-1,25,32,31,-1,25,31,27,-1,27,31,29,-1,56,57,58,-1,58,57,59,-1,60,61,62,-1,62,61,63,-1,64,60,65,-1,65,60,62,-1,66,67,68,-1,68,67,69,-1,68,69,56,-1,56,69,57,-1,69,67,70,-1,69,70,71,-1,71,70,72,-1,71,72,73,-1,73,72,74,-1,73,74,75,-1,75,74,76,-1,75,76,77,-1,77,76,78,-1,77,78,79,-1,79,78,80,-1,79,80,81,-1,81,80,63,-1,81,63,61,-1,60,64,61,-1,61,64,82,-1,61,82,81,-1,81,82,83,-1,81,83,79,-1,79,83,84,-1,79,84,77,-1,77,84,85,-1,77,85,75,-1,75,85,86,-1,75,86,73,-1,73,86,87,-1,73,87,71,-1,71,87,88,-1,71,88,69,-1,69,88,89,-1,69,89,57,-1,57,89,90,-1,57,90,59,-1,65,62,91,-1,91,62,63,-1,91,63,92,-1,92,63,80,-1,92,80,93,-1,93,80,78,-1,93,78,94,-1,94,78,76,-1,94,76,95,-1,95,76,74,-1,95,74,96,-1,96,74,72,-1,96,72,97,-1,97,72,70,-1,97,70,98,-1,98,70,67,-1,98,67,99,-1,99,67,66,-1,100,101,102,-1,102,101,103,-1,100,102,104,-1,100,104,105,-1,105,104,106,-1,105,106,107,-1,107,106,108,-1,107,108,109,-1,109,108,110,-1,109,110,111,-1,111,110,112,-1,111,112,113,-1,114,113,115,-1,115,113,112,-1,114,115,116,-1,116,115,117,-1,116,117,118,-1,118,117,119,-1,118,119,120,-1,120,119,121,-1,120,121,122,-1,122,121,123,-1,122,123,124,-1,124,123,125,-1,126,124,127,-1,127,124,125,-1,128,126,129,-1,129,126,127,-1,130,128,131,-1,131,128,129,-1,130,131,132,-1,130,132,133,-1,133,132,134,-1,133,134,135,-1,135,134,136,-1,135,136,137,-1,137,136,138,-1,137,138,139,-1,139,138,140,-1,139,140,141,-1,142,141,143,-1,143,141,140,-1,142,143,144,-1,144,143,145,-1,144,145,146,-1,146,145,147,-1,146,147,148,-1,148,147,149,-1,148,149,150,-1,150,149,151,-1,150,151,152,-1,152,151,153,-1,126,128,124,-1,124,128,130,-1,124,130,122,-1,122,130,133,-1,122,133,120,-1,120,133,135,-1,120,135,118,-1,118,135,137,-1,118,137,116,-1,116,137,139,-1,116,139,114,-1,114,139,141,-1,114,141,113,-1,113,141,142,-1,113,142,111,-1,111,142,144,-1,111,144,109,-1,109,144,146,-1,109,146,107,-1,107,146,148,-1,107,148,105,-1,105,148,150,-1,105,150,100,-1,100,150,152,-1,100,152,101,-1,101,152,154,-1,103,155,102,-1,102,155,153,-1,102,153,104,-1,104,153,151,-1,104,151,106,-1,106,151,149,-1,106,149,108,-1,108,149,147,-1,108,147,110,-1,110,147,145,-1,110,145,112,-1,112,145,143,-1,112,143,115,-1,115,143,140,-1,115,140,117,-1,117,140,138,-1,117,138,119,-1,119,138,136,-1,119,136,121,-1,121,136,134,-1,121,134,123,-1,123,134,132,-1,123,132,125,-1,125,132,131,-1,125,131,127,-1,127,131,129,-1,156,157,158,-1,158,157,159,-1,160,161,162,-1,162,161,163,-1,164,160,165,-1,165,160,162,-1,166,157,167,-1,167,157,156,-1,166,167,168,-1,166,168,169,-1,169,168,170,-1,169,170,171,-1,171,170,172,-1,171,172,173,-1,173,172,174,-1,173,174,175,-1,175,174,176,-1,175,176,177,-1,177,176,178,-1,177,178,179,-1,179,178,163,-1,179,163,161,-1,160,164,161,-1,161,164,180,-1,161,180,179,-1,179,180,181,-1,179,181,177,-1,177,181,182,-1,177,182,175,-1,175,182,183,-1,175,183,173,-1,173,183,184,-1,173,184,171,-1,171,184,185,-1,171,185,169,-1,169,185,186,-1,169,186,166,-1,166,186,187,-1,166,187,157,-1,157,187,188,-1,157,188,159,-1,165,162,189,-1,189,162,163,-1,189,163,190,-1,190,163,178,-1,190,178,191,-1,191,178,176,-1,191,176,192,-1,192,176,174,-1,192,174,193,-1,193,174,172,-1,193,172,194,-1,194,172,170,-1,194,170,195,-1,195,170,168,-1,195,168,196,-1,196,168,167,-1,196,167,197,-1,197,167,156,-1,197,156,158,-1,198,199,200,-1,200,199,201,-1,198,200,202,-1,198,202,203,-1,203,202,204,-1,203,204,205,-1,205,204,206,-1,205,206,207,-1,207,206,208,-1,207,208,209,-1,209,208,210,-1,209,210,211,-1,212,211,213,-1,213,211,210,-1,212,213,214,-1,214,213,215,-1,214,215,216,-1,216,215,217,-1,216,217,218,-1,218,217,219,-1,218,219,220,-1,220,219,221,-1,220,221,222,-1,222,221,223,-1,224,222,225,-1,225,222,223,-1,226,224,227,-1,227,224,225,-1,228,226,229,-1,229,226,227,-1,228,229,230,-1,228,230,231,-1,231,230,232,-1,231,232,233,-1,233,232,234,-1,233,234,235,-1,235,234,236,-1,235,236,237,-1,237,236,238,-1,237,238,239,-1,240,239,241,-1,241,239,238,-1,240,241,242,-1,242,241,243,-1,242,243,244,-1,244,243,245,-1,244,245,246,-1,246,245,247,-1,246,247,248,-1,248,247,249,-1,248,249,250,-1,250,249,251,-1,224,226,222,-1,222,226,228,-1,222,228,220,-1,220,228,231,-1,220,231,218,-1,218,231,233,-1,218,233,216,-1,216,233,235,-1,216,235,214,-1,214,235,237,-1,214,237,212,-1,212,237,239,-1,212,239,211,-1,211,239,240,-1,211,240,209,-1,209,240,242,-1,209,242,207,-1,207,242,244,-1,207,244,205,-1,205,244,246,-1,205,246,203,-1,203,246,248,-1,203,248,198,-1,198,248,250,-1,198,250,199,-1,199,250,252,-1,201,253,200,-1,200,253,251,-1,200,251,202,-1,202,251,249,-1,202,249,204,-1,204,249,247,-1,204,247,206,-1,206,247,245,-1,206,245,208,-1,208,245,243,-1,208,243,210,-1,210,243,241,-1,210,241,213,-1,213,241,238,-1,213,238,215,-1,215,238,236,-1,215,236,217,-1,217,236,234,-1,217,234,219,-1,219,234,232,-1,219,232,221,-1,221,232,230,-1,221,230,223,-1,223,230,229,-1,223,229,225,-1,225,229,227,-1,254,255,256,-1,256,255,257,-1,258,259,260,-1,260,259,261,-1,262,258,263,-1,263,258,260,-1,264,255,265,-1,265,255,254,-1,264,265,266,-1,264,266,267,-1,267,266,268,-1,267,268,269,-1,269,268,270,-1,269,270,271,-1,271,270,272,-1,271,272,273,-1,273,272,274,-1,273,274,275,-1,275,274,276,-1,275,276,277,-1,277,276,261,-1,277,261,259,-1,258,262,259,-1,259,262,278,-1,259,278,277,-1,277,278,279,-1,277,279,275,-1,275,279,280,-1,275,280,273,-1,273,280,281,-1,273,281,271,-1,271,281,282,-1,271,282,269,-1,269,282,283,-1,269,283,267,-1,267,283,284,-1,267,284,264,-1,264,284,285,-1,264,285,255,-1,255,285,286,-1,255,286,257,-1,263,260,287,-1,287,260,261,-1,287,261,288,-1,288,261,276,-1,288,276,289,-1,289,276,274,-1,289,274,290,-1,290,274,272,-1,290,272,291,-1,291,272,270,-1,291,270,292,-1,292,270,268,-1,292,268,293,-1,293,268,266,-1,293,266,294,-1,294,266,265,-1,294,265,295,-1,295,265,254,-1,295,254,256,-1,296,297,298,-1,298,297,299,-1,296,298,300,-1,296,300,301,-1,301,300,302,-1,301,302,303,-1,303,302,304,-1,303,304,305,-1,305,304,306,-1,305,306,307,-1,307,306,308,-1,307,308,309,-1,310,309,311,-1,311,309,308,-1,310,311,312,-1,312,311,313,-1,312,313,314,-1,314,313,315,-1,314,315,316,-1,316,315,317,-1,316,317,318,-1,318,317,319,-1,318,319,320,-1,320,319,321,-1,322,320,323,-1,323,320,321,-1,324,322,325,-1,325,322,323,-1,326,324,327,-1,327,324,325,-1,326,327,328,-1,326,328,329,-1,329,328,330,-1,329,330,331,-1,331,330,332,-1,331,332,333,-1,333,332,334,-1,333,334,335,-1,335,334,336,-1,335,336,337,-1,338,337,339,-1,339,337,336,-1,338,339,340,-1,340,339,341,-1,340,341,342,-1,342,341,343,-1,342,343,344,-1,344,343,345,-1,344,345,346,-1,346,345,347,-1,346,347,348,-1,348,347,349,-1,322,324,320,-1,320,324,326,-1,320,326,318,-1,318,326,329,-1,318,329,316,-1,316,329,331,-1,316,331,314,-1,314,331,333,-1,314,333,312,-1,312,333,335,-1,312,335,310,-1,310,335,337,-1,310,337,309,-1,309,337,338,-1,309,338,307,-1,307,338,340,-1,307,340,305,-1,305,340,342,-1,305,342,303,-1,303,342,344,-1,303,344,301,-1,301,344,346,-1,301,346,296,-1,296,346,348,-1,296,348,297,-1,297,348,350,-1,299,351,298,-1,298,351,349,-1,298,349,300,-1,300,349,347,-1,300,347,302,-1,302,347,345,-1,302,345,304,-1,304,345,343,-1,304,343,306,-1,306,343,341,-1,306,341,308,-1,308,341,339,-1,308,339,311,-1,311,339,336,-1,311,336,313,-1,313,336,334,-1,313,334,315,-1,315,334,332,-1,315,332,317,-1,317,332,330,-1,317,330,319,-1,319,330,328,-1,319,328,321,-1,321,328,327,-1,321,327,323,-1,323,327,325,-1,352,353,354,-1,354,353,355,-1,356,357,358,-1,358,357,359,-1,360,356,361,-1,361,356,358,-1,362,353,363,-1,363,353,352,-1,362,363,364,-1,362,364,365,-1,365,364,366,-1,365,366,367,-1,367,366,368,-1,367,368,369,-1,369,368,370,-1,369,370,371,-1,371,370,372,-1,371,372,373,-1,373,372,374,-1,373,374,375,-1,375,374,359,-1,375,359,357,-1,356,360,357,-1,357,360,376,-1,357,376,375,-1,375,376,377,-1,375,377,373,-1,373,377,378,-1,373,378,371,-1,371,378,379,-1,371,379,369,-1,369,379,380,-1,369,380,367,-1,367,380,381,-1,367,381,365,-1,365,381,382,-1,365,382,362,-1,362,382,383,-1,362,383,353,-1,353,383,384,-1,353,384,355,-1,361,358,385,-1,385,358,359,-1,385,359,386,-1,386,359,374,-1,386,374,387,-1,387,374,372,-1,387,372,388,-1,388,372,370,-1,388,370,389,-1,389,370,368,-1,389,368,390,-1,390,368,366,-1,390,366,391,-1,391,366,364,-1,391,364,392,-1,392,364,363,-1,392,363,393,-1,393,363,352,-1,393,352,354,-1,394,395,396,-1,397,398,399,-1,399,398,400,-1,399,400,396,-1,396,400,401,-1,396,401,394,-1,399,396,402,-1,399,402,403,-1,403,402,404,-1,403,404,405,-1,405,404,406,-1,405,406,407,-1,407,406,408,-1,407,408,409,-1,409,408,410,-1,409,410,411,-1,412,411,413,-1,413,411,410,-1,412,413,414,-1,414,413,415,-1,414,415,416,-1,416,415,417,-1,416,417,418,-1,418,417,419,-1,418,419,420,-1,420,419,421,-1,420,421,422,-1,422,421,423,-1,424,422,425,-1,425,422,423,-1,426,424,427,-1,427,424,425,-1,428,426,429,-1,429,426,427,-1,428,429,430,-1,428,430,431,-1,431,430,432,-1,431,432,433,-1,433,432,434,-1,433,434,435,-1,435,434,436,-1,435,436,437,-1,437,436,438,-1,437,438,439,-1,440,439,441,-1,441,439,438,-1,440,441,442,-1,442,441,443,-1,442,443,444,-1,444,443,445,-1,444,445,446,-1,446,445,447,-1,446,447,448,-1,448,447,449,-1,448,449,450,-1,450,449,451,-1,424,426,422,-1,422,426,428,-1,422,428,420,-1,420,428,431,-1,420,431,418,-1,418,431,433,-1,418,433,416,-1,416,433,435,-1,416,435,414,-1,414,435,437,-1,414,437,412,-1,412,437,439,-1,412,439,411,-1,411,439,440,-1,411,440,409,-1,409,440,442,-1,409,442,407,-1,407,442,444,-1,407,444,405,-1,405,444,446,-1,405,446,403,-1,403,446,448,-1,403,448,399,-1,399,448,450,-1,399,450,397,-1,397,450,452,-1,395,453,396,-1,396,453,451,-1,396,451,402,-1,402,451,449,-1,402,449,404,-1,404,449,447,-1,404,447,406,-1,406,447,445,-1,406,445,408,-1,408,445,443,-1,408,443,410,-1,410,443,441,-1,410,441,413,-1,413,441,438,-1,413,438,415,-1,415,438,436,-1,415,436,417,-1,417,436,434,-1,417,434,419,-1,419,434,432,-1,419,432,421,-1,421,432,430,-1,421,430,423,-1,423,430,429,-1,423,429,425,-1,425,429,427,-1,454,455,456,-1,456,455,457,-1,458,459,460,-1,460,459,461,-1,462,458,463,-1,463,458,460,-1,464,455,465,-1,465,455,454,-1,464,465,466,-1,464,466,467,-1,467,466,468,-1,467,468,469,-1,469,468,470,-1,469,470,471,-1,471,470,472,-1,471,472,473,-1,473,472,474,-1,473,474,475,-1,475,474,476,-1,475,476,477,-1,477,476,461,-1,477,461,459,-1,458,462,459,-1,459,462,478,-1,459,478,477,-1,477,478,479,-1,477,479,475,-1,475,479,480,-1,475,480,473,-1,473,480,481,-1,473,481,471,-1,471,481,482,-1,471,482,469,-1,469,482,483,-1,469,483,467,-1,467,483,484,-1,467,484,464,-1,464,484,485,-1,464,485,455,-1,455,485,486,-1,455,486,457,-1,463,460,487,-1,487,460,461,-1,487,461,488,-1,488,461,476,-1,488,476,489,-1,489,476,474,-1,489,474,490,-1,490,474,472,-1,490,472,491,-1,491,472,470,-1,491,470,492,-1,492,470,468,-1,492,468,493,-1,493,468,466,-1,493,466,494,-1,494,466,465,-1,494,465,495,-1,495,465,454,-1,495,454,456,-1,496,497,498,-1,498,497,499,-1,496,498,500,-1,496,500,501,-1,501,500,502,-1,501,502,503,-1,503,502,504,-1,503,504,505,-1,505,504,506,-1,505,506,507,-1,507,506,508,-1,507,508,509,-1,510,509,511,-1,511,509,508,-1,510,511,512,-1,512,511,513,-1,512,513,514,-1,514,513,515,-1,514,515,516,-1,516,515,517,-1,516,517,518,-1,518,517,519,-1,518,519,520,-1,520,519,521,-1,522,520,523,-1,523,520,521,-1,524,522,525,-1,525,522,523,-1,526,524,527,-1,527,524,525,-1,526,527,528,-1,526,528,529,-1,529,528,530,-1,529,530,531,-1,531,530,532,-1,531,532,533,-1,533,532,534,-1,533,534,535,-1,535,534,536,-1,535,536,537,-1,538,537,539,-1,539,537,536,-1,538,539,540,-1,540,539,541,-1,540,541,542,-1,542,541,543,-1,542,543,544,-1,544,543,545,-1,544,545,546,-1,546,545,547,-1,546,547,548,-1,548,547,549,-1,522,524,520,-1,520,524,526,-1,520,526,518,-1,518,526,529,-1,518,529,516,-1,516,529,531,-1,516,531,514,-1,514,531,533,-1,514,533,512,-1,512,533,535,-1,512,535,510,-1,510,535,537,-1,510,537,509,-1,509,537,538,-1,509,538,507,-1,507,538,540,-1,507,540,505,-1,505,540,542,-1,505,542,503,-1,503,542,544,-1,503,544,501,-1,501,544,546,-1,501,546,496,-1,496,546,548,-1,496,548,497,-1,497,548,550,-1,499,551,498,-1,498,551,549,-1,498,549,500,-1,500,549,547,-1,500,547,502,-1,502,547,545,-1,502,545,504,-1,504,545,543,-1,504,543,506,-1,506,543,541,-1,506,541,508,-1,508,541,539,-1,508,539,511,-1,511,539,536,-1,511,536,513,-1,513,536,534,-1,513,534,515,-1,515,534,532,-1,515,532,517,-1,517,532,530,-1,517,530,519,-1,519,530,528,-1,519,528,521,-1,521,528,527,-1,521,527,523,-1,523,527,525,-1,552,553,554,-1,554,553,555,-1,556,557,558,-1,558,557,559,-1,560,556,561,-1,561,556,558,-1,562,553,563,-1,563,553,552,-1,562,563,564,-1,562,564,565,-1,565,564,566,-1,565,566,567,-1,567,566,568,-1,567,568,569,-1,569,568,570,-1,569,570,571,-1,571,570,572,-1,571,572,573,-1,573,572,574,-1,573,574,575,-1,575,574,559,-1,575,559,557,-1,556,560,557,-1,557,560,576,-1,557,576,575,-1,575,576,577,-1,575,577,573,-1,573,577,578,-1,573,578,571,-1,571,578,579,-1,571,579,569,-1,569,579,580,-1,569,580,567,-1,567,580,581,-1,567,581,565,-1,565,581,582,-1,565,582,562,-1,562,582,583,-1,562,583,553,-1,553,583,584,-1,553,584,555,-1,561,558,585,-1,585,558,559,-1,585,559,586,-1,586,559,574,-1,586,574,587,-1,587,574,572,-1,587,572,588,-1,588,572,570,-1,588,570,589,-1,589,570,568,-1,589,568,590,-1,590,568,566,-1,590,566,591,-1,591,566,564,-1,591,564,592,-1,592,564,563,-1,592,563,593,-1,593,563,552,-1,593,552,554,-1,594,595,596,-1,596,595,597,-1,594,596,598,-1,594,598,599,-1,599,598,600,-1,599,600,601,-1,601,600,602,-1,601,602,603,-1,603,602,604,-1,603,604,605,-1,605,604,606,-1,605,606,607,-1,608,607,609,-1,609,607,606,-1,608,609,610,-1,610,609,611,-1,610,611,612,-1,612,611,613,-1,612,613,614,-1,614,613,615,-1,614,615,616,-1,616,615,617,-1,616,617,618,-1,618,617,619,-1,620,618,621,-1,621,618,619,-1,622,620,623,-1,623,620,621,-1,624,622,625,-1,625,622,623,-1,624,625,626,-1,624,626,627,-1,627,626,628,-1,627,628,629,-1,629,628,630,-1,629,630,631,-1,631,630,632,-1,631,632,633,-1,633,632,634,-1,633,634,635,-1,636,635,637,-1,637,635,634,-1,636,637,638,-1,638,637,639,-1,638,639,640,-1,640,639,641,-1,640,641,642,-1,642,641,643,-1,642,643,644,-1,644,643,645,-1,644,645,646,-1,646,645,647,-1,620,622,618,-1,618,622,624,-1,618,624,616,-1,616,624,627,-1,616,627,614,-1,614,627,629,-1,614,629,612,-1,612,629,631,-1,612,631,610,-1,610,631,633,-1,610,633,608,-1,608,633,635,-1,608,635,607,-1,607,635,636,-1,607,636,605,-1,605,636,638,-1,605,638,603,-1,603,638,640,-1,603,640,601,-1,601,640,642,-1,601,642,599,-1,599,642,644,-1,599,644,594,-1,594,644,646,-1,594,646,595,-1,595,646,648,-1,597,649,596,-1,596,649,647,-1,596,647,598,-1,598,647,645,-1,598,645,600,-1,600,645,643,-1,600,643,602,-1,602,643,641,-1,602,641,604,-1,604,641,639,-1,604,639,606,-1,606,639,637,-1,606,637,609,-1,609,637,634,-1,609,634,611,-1,611,634,632,-1,611,632,613,-1,613,632,630,-1,613,630,615,-1,615,630,628,-1,615,628,617,-1,617,628,626,-1,617,626,619,-1,619,626,625,-1,619,625,621,-1,621,625,623,-1,650,651,652,-1,652,651,653,-1,654,655,656,-1,656,655,657,-1,658,654,659,-1,659,654,656,-1,660,651,661,-1,661,651,650,-1,660,661,662,-1,660,662,663,-1,663,662,664,-1,663,664,665,-1,665,664,666,-1,665,666,667,-1,667,666,668,-1,667,668,669,-1,669,668,670,-1,669,670,671,-1,671,670,672,-1,671,672,673,-1,673,672,657,-1,673,657,655,-1,654,658,655,-1,655,658,674,-1,655,674,673,-1,673,674,675,-1,673,675,671,-1,671,675,676,-1,671,676,669,-1,669,676,677,-1,669,677,667,-1,667,677,678,-1,667,678,665,-1,665,678,679,-1,665,679,663,-1,663,679,680,-1,663,680,660,-1,660,680,681,-1,660,681,651,-1,651,681,682,-1,651,682,653,-1,659,656,683,-1,683,656,657,-1,683,657,684,-1,684,657,672,-1,684,672,685,-1,685,672,670,-1,685,670,686,-1,686,670,668,-1,686,668,687,-1,687,668,666,-1,687,666,688,-1,688,666,664,-1,688,664,689,-1,689,664,662,-1,689,662,690,-1,690,662,661,-1,690,661,691,-1,691,661,650,-1,691,650,652,-1,692,693,694,-1,694,693,695,-1,692,694,696,-1,692,696,697,-1,697,696,698,-1,697,698,699,-1,699,698,700,-1,699,700,701,-1,701,700,702,-1,701,702,703,-1,703,702,704,-1,703,704,705,-1,706,705,707,-1,707,705,704,-1,706,707,708,-1,708,707,709,-1,708,709,710,-1,710,709,711,-1,710,711,712,-1,712,711,713,-1,712,713,714,-1,714,713,715,-1,714,715,716,-1,716,715,717,-1,718,716,719,-1,719,716,717,-1,720,718,721,-1,721,718,719,-1,722,720,723,-1,723,720,721,-1,722,723,724,-1,722,724,725,-1,725,724,726,-1,725,726,727,-1,727,726,728,-1,727,728,729,-1,729,728,730,-1,729,730,731,-1,731,730,732,-1,731,732,733,-1,734,733,735,-1,735,733,732,-1,734,735,736,-1,736,735,737,-1,736,737,738,-1,738,737,739,-1,738,739,740,-1,740,739,741,-1,740,741,742,-1,742,741,743,-1,742,743,744,-1,744,743,745,-1,718,720,716,-1,716,720,722,-1,716,722,714,-1,714,722,725,-1,714,725,712,-1,712,725,727,-1,712,727,710,-1,710,727,729,-1,710,729,708,-1,708,729,731,-1,708,731,706,-1,706,731,733,-1,706,733,705,-1,705,733,734,-1,705,734,703,-1,703,734,736,-1,703,736,701,-1,701,736,738,-1,701,738,699,-1,699,738,740,-1,699,740,697,-1,697,740,742,-1,697,742,692,-1,692,742,744,-1,692,744,693,-1,693,744,746,-1,695,747,694,-1,694,747,745,-1,694,745,696,-1,696,745,743,-1,696,743,698,-1,698,743,741,-1,698,741,700,-1,700,741,739,-1,700,739,702,-1,702,739,737,-1,702,737,704,-1,704,737,735,-1,704,735,707,-1,707,735,732,-1,707,732,709,-1,709,732,730,-1,709,730,711,-1,711,730,728,-1,711,728,713,-1,713,728,726,-1,713,726,715,-1,715,726,724,-1,715,724,717,-1,717,724,723,-1,717,723,719,-1,719,723,721,-1,748,749,750,-1,750,749,751,-1,752,753,754,-1,754,753,755,-1,756,752,757,-1,757,752,754,-1,749,748,758,-1,758,748,759,-1,758,759,760,-1,760,759,761,-1,761,759,762,-1,761,762,763,-1,763,762,764,-1,763,764,765,-1,765,764,766,-1,765,766,767,-1,767,766,768,-1,767,768,769,-1,769,768,770,-1,769,770,771,-1,771,770,772,-1,771,772,773,-1,773,772,755,-1,773,755,753,-1,774,760,775,-1,775,760,761,-1,775,761,776,-1,776,761,763,-1,776,763,777,-1,777,763,765,-1,777,765,778,-1,778,765,767,-1,778,767,779,-1,779,767,769,-1,779,769,780,-1,780,769,771,-1,780,771,781,-1,781,771,773,-1,781,773,782,-1,782,773,753,-1,782,753,756,-1,756,753,752,-1,757,754,783,-1,783,754,755,-1,783,755,784,-1,784,755,772,-1,784,772,785,-1,785,772,770,-1,785,770,786,-1,786,770,768,-1,786,768,787,-1,787,768,766,-1,787,766,788,-1,788,766,764,-1,788,764,789,-1,789,764,762,-1,789,762,790,-1,790,762,759,-1,790,759,791,-1,791,759,748,-1,791,748,750,-1,792,793,794,-1,794,793,795,-1,796,797,798,-1,798,797,799,-1,798,799,800,-1,800,799,801,-1,800,801,802,-1,802,801,803,-1,802,803,804,-1,804,803,805,-1,804,805,806,-1,806,805,807,-1,808,806,809,-1,809,806,807,-1,808,809,810,-1,808,810,811,-1,811,810,812,-1,811,812,813,-1,813,812,814,-1,813,814,815,-1,815,814,816,-1,815,816,817,-1,817,816,818,-1,817,818,819,-1,820,819,821,-1,821,819,818,-1,822,820,823,-1,823,820,821,-1,824,822,825,-1,825,822,823,-1,824,825,826,-1,826,825,827,-1,826,827,828,-1,828,827,829,-1,828,829,830,-1,830,829,831,-1,830,831,832,-1,832,831,833,-1,832,833,834,-1,834,833,835,-1,836,834,837,-1,837,834,835,-1,836,837,838,-1,836,838,839,-1,839,838,840,-1,839,840,841,-1,841,840,842,-1,841,842,843,-1,843,842,844,-1,843,844,845,-1,845,844,795,-1,845,795,793,-1,792,846,793,-1,793,846,796,-1,793,796,845,-1,845,796,798,-1,845,798,843,-1,843,798,800,-1,843,800,841,-1,841,800,802,-1,841,802,839,-1,839,802,804,-1,839,804,836,-1,836,804,806,-1,836,806,834,-1,834,806,808,-1,834,808,832,-1,832,808,811,-1,832,811,830,-1,830,811,813,-1,830,813,828,-1,828,813,815,-1,828,815,826,-1,826,815,817,-1,826,817,824,-1,824,817,819,-1,824,819,822,-1,822,819,820,-1,823,821,825,-1,825,821,818,-1,825,818,827,-1,827,818,816,-1,827,816,829,-1,829,816,814,-1,829,814,831,-1,831,814,812,-1,831,812,833,-1,833,812,810,-1,833,810,835,-1,835,810,809,-1,835,809,837,-1,837,809,807,-1,837,807,838,-1,838,807,805,-1,838,805,840,-1,840,805,803,-1,840,803,842,-1,842,803,801,-1,842,801,844,-1,844,801,799,-1,844,799,795,-1,795,799,797,-1,795,797,794,-1,794,797,847,-1,848,849,850,-1,850,849,851,-1,852,853,854,-1,854,853,855,-1,852,854,856,-1,852,856,857,-1,857,856,858,-1,857,858,859,-1,859,858,860,-1,859,860,861,-1,861,860,862,-1,861,862,863,-1,863,862,864,-1,863,864,865,-1,865,864,866,-1,865,866,867,-1,867,866,868,-1,867,868,869,-1,851,849,870,-1,870,849,869,-1,870,869,871,-1,871,869,868,-1,855,853,872,-1,872,853,873,-1,874,863,875,-1,875,863,865,-1,875,865,876,-1,876,865,867,-1,876,867,877,-1,877,867,869,-1,877,869,878,-1,878,869,849,-1,878,849,848,-1,873,853,879,-1,879,853,852,-1,879,852,880,-1,880,852,857,-1,880,857,881,-1,881,857,859,-1,881,859,874,-1,874,859,861,-1,874,861,863,-1,855,872,854,-1,854,872,882,-1,854,882,856,-1,856,882,883,-1,856,883,858,-1,858,883,884,-1,858,884,860,-1,860,884,885,-1,886,871,887,-1,887,871,868,-1,887,868,888,-1,888,868,866,-1,888,866,889,-1,889,866,864,-1,889,864,885,-1,885,864,862,-1,885,862,860,-1,890,891,892,-1,892,891,893,-1,894,895,896,-1,896,895,897,-1,896,897,898,-1,898,897,899,-1,898,899,900,-1,900,899,901,-1,900,901,902,-1,902,901,903,-1,902,903,904,-1,904,903,905,-1,906,904,907,-1,907,904,905,-1,906,907,908,-1,906,908,909,-1,909,908,910,-1,909,910,911,-1,911,910,912,-1,911,912,913,-1,913,912,914,-1,913,914,915,-1,915,914,916,-1,915,916,917,-1,918,917,919,-1,919,917,916,-1,920,918,921,-1,921,918,919,-1,922,920,923,-1,923,920,921,-1,922,923,924,-1,924,923,925,-1,924,925,926,-1,926,925,927,-1,926,927,928,-1,928,927,929,-1,928,929,930,-1,930,929,931,-1,930,931,932,-1,932,931,933,-1,934,932,935,-1,935,932,933,-1,934,935,936,-1,934,936,937,-1,937,936,938,-1,937,938,939,-1,939,938,940,-1,939,940,941,-1,941,940,942,-1,941,942,943,-1,943,942,893,-1,943,893,891,-1,890,944,891,-1,891,944,894,-1,891,894,943,-1,943,894,896,-1,943,896,941,-1,941,896,898,-1,941,898,939,-1,939,898,900,-1,939,900,937,-1,937,900,902,-1,937,902,934,-1,934,902,904,-1,934,904,932,-1,932,904,906,-1,932,906,930,-1,930,906,909,-1,930,909,928,-1,928,909,911,-1,928,911,926,-1,926,911,913,-1,926,913,924,-1,924,913,915,-1,924,915,922,-1,922,915,917,-1,922,917,920,-1,920,917,918,-1,921,919,923,-1,923,919,916,-1,923,916,925,-1,925,916,914,-1,925,914,927,-1,927,914,912,-1,927,912,929,-1,929,912,910,-1,929,910,931,-1,931,910,908,-1,931,908,933,-1,933,908,907,-1,933,907,935,-1,935,907,905,-1,935,905,936,-1,936,905,903,-1,936,903,938,-1,938,903,901,-1,938,901,940,-1,940,901,899,-1,940,899,942,-1,942,899,897,-1,942,897,893,-1,893,897,895,-1,893,895,892,-1,892,895,945,-1,946,947,948,-1,948,947,949,-1,950,951,952,-1,952,951,953,-1,950,952,954,-1,950,954,955,-1,955,954,956,-1,955,956,957,-1,957,956,958,-1,957,958,959,-1,959,958,960,-1,959,960,961,-1,961,960,962,-1,961,962,963,-1,963,962,964,-1,963,964,965,-1,965,964,966,-1,965,966,967,-1,947,967,949,-1,949,967,966,-1,953,951,968,-1,968,951,969,-1,970,961,971,-1,971,961,963,-1,971,963,972,-1,972,963,965,-1,972,965,973,-1,973,965,967,-1,973,967,974,-1,974,967,947,-1,974,947,946,-1,969,951,975,-1,975,951,950,-1,975,950,976,-1,976,950,955,-1,976,955,977,-1,977,955,957,-1,977,957,970,-1,970,957,959,-1,970,959,961,-1,953,968,952,-1,952,968,978,-1,952,978,954,-1,954,978,979,-1,954,979,956,-1,956,979,980,-1,956,980,958,-1,958,980,981,-1,958,981,960,-1,960,981,962,-1,962,981,982,-1,962,982,964,-1,964,982,983,-1,964,983,966,-1,966,983,984,-1,966,984,949,-1,949,984,985,-1,949,985,948,-1,986,987,988,-1,988,987,989,-1,990,991,992,-1,992,991,993,-1,992,993,994,-1,994,993,995,-1,994,995,996,-1,996,995,997,-1,996,997,998,-1,998,997,999,-1,998,999,1000,-1,1000,999,1001,-1,1002,1000,1003,-1,1003,1000,1001,-1,1002,1003,1004,-1,1002,1004,1005,-1,1005,1004,1006,-1,1005,1006,1007,-1,1007,1006,1008,-1,1007,1008,1009,-1,1009,1008,1010,-1,1009,1010,1011,-1,1011,1010,1012,-1,1011,1012,1013,-1,1014,1013,1015,-1,1015,1013,1012,-1,1016,1014,1017,-1,1017,1014,1015,-1,1018,1016,1019,-1,1019,1016,1017,-1,1018,1019,1020,-1,1020,1019,1021,-1,1020,1021,1022,-1,1022,1021,1023,-1,1022,1023,1024,-1,1024,1023,1025,-1,1024,1025,1026,-1,1026,1025,1027,-1,1026,1027,1028,-1,1028,1027,1029,-1,1030,1028,1031,-1,1031,1028,1029,-1,1030,1031,1032,-1,1030,1032,1033,-1,1033,1032,1034,-1,1033,1034,1035,-1,1035,1034,1036,-1,1035,1036,1037,-1,1037,1036,1038,-1,1037,1038,1039,-1,1039,1038,989,-1,1039,989,987,-1,986,1040,987,-1,987,1040,990,-1,987,990,1039,-1,1039,990,992,-1,1039,992,1037,-1,1037,992,994,-1,1037,994,1035,-1,1035,994,996,-1,1035,996,1033,-1,1033,996,998,-1,1033,998,1030,-1,1030,998,1000,-1,1030,1000,1028,-1,1028,1000,1002,-1,1028,1002,1026,-1,1026,1002,1005,-1,1026,1005,1024,-1,1024,1005,1007,-1,1024,1007,1022,-1,1022,1007,1009,-1,1022,1009,1020,-1,1020,1009,1011,-1,1020,1011,1018,-1,1018,1011,1013,-1,1018,1013,1016,-1,1016,1013,1014,-1,1017,1015,1019,-1,1019,1015,1012,-1,1019,1012,1021,-1,1021,1012,1010,-1,1021,1010,1023,-1,1023,1010,1008,-1,1023,1008,1025,-1,1025,1008,1006,-1,1025,1006,1027,-1,1027,1006,1004,-1,1027,1004,1029,-1,1029,1004,1003,-1,1029,1003,1031,-1,1031,1003,1001,-1,1031,1001,1032,-1,1032,1001,999,-1,1032,999,1034,-1,1034,999,997,-1,1034,997,1036,-1,1036,997,995,-1,1036,995,1038,-1,1038,995,993,-1,1038,993,989,-1,989,993,991,-1,989,991,988,-1,988,991,1041,-1,1042,1043,1044,-1,1044,1043,1045,-1,1046,1047,1048,-1,1048,1047,1049,-1,1046,1048,1050,-1,1046,1050,1051,-1,1051,1050,1052,-1,1051,1052,1053,-1,1053,1052,1054,-1,1053,1054,1055,-1,1055,1054,1056,-1,1055,1056,1057,-1,1057,1056,1058,-1,1057,1058,1059,-1,1059,1058,1060,-1,1059,1060,1061,-1,1061,1060,1062,-1,1061,1062,1063,-1,1043,1063,1045,-1,1045,1063,1062,-1,1049,1047,1064,-1,1064,1047,1065,-1,1066,1057,1067,-1,1067,1057,1059,-1,1067,1059,1068,-1,1068,1059,1061,-1,1068,1061,1069,-1,1069,1061,1063,-1,1069,1063,1070,-1,1070,1063,1043,-1,1070,1043,1042,-1,1065,1047,1071,-1,1071,1047,1046,-1,1071,1046,1072,-1,1072,1046,1051,-1,1072,1051,1073,-1,1073,1051,1053,-1,1073,1053,1066,-1,1066,1053,1055,-1,1066,1055,1057,-1,1074,1075,1058,-1,1058,1075,1060,-1,1060,1075,1076,-1,1060,1076,1062,-1,1062,1076,1077,-1,1062,1077,1045,-1,1045,1077,1078,-1,1045,1078,1044,-1,1058,1056,1074,-1,1074,1056,1054,-1,1074,1054,1079,-1,1079,1054,1052,-1,1079,1052,1080,-1,1080,1052,1050,-1,1080,1050,1081,-1,1081,1050,1048,-1,1081,1048,1064,-1,1064,1048,1049,-1,1082,1083,1084,-1,1084,1083,1085,-1,1086,1087,1088,-1,1088,1087,1089,-1,1088,1089,1090,-1,1090,1089,1091,-1,1090,1091,1092,-1,1092,1091,1093,-1,1092,1093,1094,-1,1094,1093,1095,-1,1094,1095,1096,-1,1096,1095,1097,-1,1098,1096,1099,-1,1099,1096,1097,-1,1098,1099,1100,-1,1098,1100,1101,-1,1101,1100,1102,-1,1101,1102,1103,-1,1103,1102,1104,-1,1103,1104,1105,-1,1105,1104,1106,-1,1105,1106,1107,-1,1107,1106,1108,-1,1107,1108,1109,-1,1110,1109,1111,-1,1111,1109,1108,-1,1112,1110,1113,-1,1113,1110,1111,-1,1114,1112,1115,-1,1115,1112,1113,-1,1114,1115,1116,-1,1116,1115,1117,-1,1116,1117,1118,-1,1118,1117,1119,-1,1118,1119,1120,-1,1120,1119,1121,-1,1120,1121,1122,-1,1122,1121,1123,-1,1122,1123,1124,-1,1124,1123,1125,-1,1126,1124,1127,-1,1127,1124,1125,-1,1126,1127,1128,-1,1126,1128,1129,-1,1129,1128,1130,-1,1129,1130,1131,-1,1131,1130,1132,-1,1131,1132,1133,-1,1133,1132,1134,-1,1133,1134,1135,-1,1135,1134,1085,-1,1135,1085,1083,-1,1082,1136,1083,-1,1083,1136,1086,-1,1083,1086,1135,-1,1135,1086,1088,-1,1135,1088,1133,-1,1133,1088,1090,-1,1133,1090,1131,-1,1131,1090,1092,-1,1131,1092,1129,-1,1129,1092,1094,-1,1129,1094,1126,-1,1126,1094,1096,-1,1126,1096,1124,-1,1124,1096,1098,-1,1124,1098,1122,-1,1122,1098,1101,-1,1122,1101,1120,-1,1120,1101,1103,-1,1120,1103,1118,-1,1118,1103,1105,-1,1118,1105,1116,-1,1116,1105,1107,-1,1116,1107,1114,-1,1114,1107,1109,-1,1114,1109,1112,-1,1112,1109,1110,-1,1113,1111,1115,-1,1115,1111,1108,-1,1115,1108,1117,-1,1117,1108,1106,-1,1117,1106,1119,-1,1119,1106,1104,-1,1119,1104,1121,-1,1121,1104,1102,-1,1121,1102,1123,-1,1123,1102,1100,-1,1123,1100,1125,-1,1125,1100,1099,-1,1125,1099,1127,-1,1127,1099,1097,-1,1127,1097,1128,-1,1128,1097,1095,-1,1128,1095,1130,-1,1130,1095,1093,-1,1130,1093,1132,-1,1132,1093,1091,-1,1132,1091,1134,-1,1134,1091,1089,-1,1134,1089,1085,-1,1085,1089,1087,-1,1085,1087,1084,-1,1084,1087,1137,-1,1138,1139,1140,-1,1140,1139,1141,-1,1142,1143,1144,-1,1144,1143,1145,-1,1142,1144,1146,-1,1142,1146,1147,-1,1147,1146,1148,-1,1147,1148,1149,-1,1149,1148,1150,-1,1149,1150,1151,-1,1151,1150,1152,-1,1151,1152,1153,-1,1153,1152,1154,-1,1153,1154,1155,-1,1155,1154,1156,-1,1155,1156,1157,-1,1157,1156,1158,-1,1157,1158,1159,-1,1139,1159,1141,-1,1141,1159,1158,-1,1145,1143,1160,-1,1160,1143,1161,-1,1162,1153,1163,-1,1163,1153,1155,-1,1163,1155,1164,-1,1164,1155,1157,-1,1164,1157,1165,-1,1165,1157,1159,-1,1165,1159,1166,-1,1166,1159,1139,-1,1166,1139,1138,-1,1161,1143,1167,-1,1167,1143,1142,-1,1167,1142,1168,-1,1168,1142,1147,-1,1168,1147,1169,-1,1169,1147,1149,-1,1169,1149,1162,-1,1162,1149,1151,-1,1162,1151,1153,-1,1145,1160,1144,-1,1144,1160,1170,-1,1144,1170,1146,-1,1146,1170,1171,-1,1146,1171,1148,-1,1148,1171,1172,-1,1148,1172,1150,-1,1150,1172,1173,-1,1150,1173,1152,-1,1152,1173,1154,-1,1154,1173,1174,-1,1154,1174,1156,-1,1156,1174,1175,-1,1156,1175,1158,-1,1158,1175,1176,-1,1158,1176,1141,-1,1141,1176,1177,-1,1141,1177,1140,-1,1178,1179,1180,-1,1180,1179,1181,-1,1182,1183,1184,-1,1184,1183,1185,-1,1184,1185,1186,-1,1186,1185,1187,-1,1186,1187,1188,-1,1188,1187,1189,-1,1188,1189,1190,-1,1190,1189,1191,-1,1190,1191,1192,-1,1192,1191,1193,-1,1194,1192,1195,-1,1195,1192,1193,-1,1194,1195,1196,-1,1194,1196,1197,-1,1197,1196,1198,-1,1197,1198,1199,-1,1199,1198,1200,-1,1199,1200,1201,-1,1201,1200,1202,-1,1201,1202,1203,-1,1203,1202,1204,-1,1203,1204,1205,-1,1206,1205,1207,-1,1207,1205,1204,-1,1208,1206,1209,-1,1209,1206,1207,-1,1210,1208,1211,-1,1211,1208,1209,-1,1210,1211,1212,-1,1212,1211,1213,-1,1212,1213,1214,-1,1214,1213,1215,-1,1214,1215,1216,-1,1216,1215,1217,-1,1216,1217,1218,-1,1218,1217,1219,-1,1218,1219,1220,-1,1220,1219,1221,-1,1222,1220,1223,-1,1223,1220,1221,-1,1222,1223,1224,-1,1222,1224,1225,-1,1225,1224,1226,-1,1225,1226,1227,-1,1227,1226,1228,-1,1227,1228,1229,-1,1229,1228,1230,-1,1229,1230,1231,-1,1231,1230,1181,-1,1231,1181,1179,-1,1178,1232,1179,-1,1179,1232,1182,-1,1179,1182,1231,-1,1231,1182,1184,-1,1231,1184,1229,-1,1229,1184,1186,-1,1229,1186,1227,-1,1227,1186,1188,-1,1227,1188,1225,-1,1225,1188,1190,-1,1225,1190,1222,-1,1222,1190,1192,-1,1222,1192,1220,-1,1220,1192,1194,-1,1220,1194,1218,-1,1218,1194,1197,-1,1218,1197,1216,-1,1216,1197,1199,-1,1216,1199,1214,-1,1214,1199,1201,-1,1214,1201,1212,-1,1212,1201,1203,-1,1212,1203,1210,-1,1210,1203,1205,-1,1210,1205,1208,-1,1208,1205,1206,-1,1209,1207,1211,-1,1211,1207,1204,-1,1211,1204,1213,-1,1213,1204,1202,-1,1213,1202,1215,-1,1215,1202,1200,-1,1215,1200,1217,-1,1217,1200,1198,-1,1217,1198,1219,-1,1219,1198,1196,-1,1219,1196,1221,-1,1221,1196,1195,-1,1221,1195,1223,-1,1223,1195,1193,-1,1223,1193,1224,-1,1224,1193,1191,-1,1224,1191,1226,-1,1226,1191,1189,-1,1226,1189,1228,-1,1228,1189,1187,-1,1228,1187,1230,-1,1230,1187,1185,-1,1230,1185,1181,-1,1181,1185,1183,-1,1181,1183,1180,-1,1180,1183,1233,-1,1234,1235,1236,-1,1236,1235,1237,-1,1238,1239,1240,-1,1240,1239,1241,-1,1238,1240,1242,-1,1238,1242,1243,-1,1243,1242,1244,-1,1243,1244,1245,-1,1245,1244,1246,-1,1245,1246,1247,-1,1247,1246,1248,-1,1247,1248,1249,-1,1249,1248,1250,-1,1249,1250,1251,-1,1251,1250,1252,-1,1251,1252,1253,-1,1253,1252,1254,-1,1253,1254,1255,-1,1235,1255,1237,-1,1237,1255,1254,-1,1241,1239,1256,-1,1256,1239,1257,-1,1258,1249,1259,-1,1259,1249,1251,-1,1259,1251,1260,-1,1260,1251,1253,-1,1260,1253,1261,-1,1261,1253,1255,-1,1261,1255,1262,-1,1262,1255,1235,-1,1262,1235,1234,-1,1257,1239,1263,-1,1263,1239,1238,-1,1263,1238,1264,-1,1264,1238,1243,-1,1264,1243,1265,-1,1265,1243,1245,-1,1265,1245,1258,-1,1258,1245,1247,-1,1258,1247,1249,-1,1266,1267,1250,-1,1250,1267,1252,-1,1252,1267,1268,-1,1252,1268,1254,-1,1254,1268,1269,-1,1254,1269,1237,-1,1237,1269,1270,-1,1237,1270,1236,-1,1250,1248,1266,-1,1266,1248,1246,-1,1266,1246,1271,-1,1271,1246,1244,-1,1271,1244,1272,-1,1272,1244,1242,-1,1272,1242,1273,-1,1273,1242,1240,-1,1273,1240,1256,-1,1256,1240,1241,-1,1274,1275,1276,-1,1276,1275,1277,-1,1278,1279,1280,-1,1280,1279,1281,-1,1280,1281,1282,-1,1282,1281,1283,-1,1282,1283,1284,-1,1284,1283,1285,-1,1284,1285,1286,-1,1286,1285,1287,-1,1286,1287,1288,-1,1288,1287,1289,-1,1290,1288,1291,-1,1291,1288,1289,-1,1290,1291,1292,-1,1290,1292,1293,-1,1293,1292,1294,-1,1293,1294,1295,-1,1295,1294,1296,-1,1295,1296,1297,-1,1297,1296,1298,-1,1297,1298,1299,-1,1299,1298,1300,-1,1299,1300,1301,-1,1302,1301,1303,-1,1303,1301,1300,-1,1304,1302,1305,-1,1305,1302,1303,-1,1306,1304,1307,-1,1307,1304,1305,-1,1306,1307,1308,-1,1308,1307,1309,-1,1308,1309,1310,-1,1310,1309,1311,-1,1310,1311,1312,-1,1312,1311,1313,-1,1312,1313,1314,-1,1314,1313,1315,-1,1314,1315,1316,-1,1316,1315,1317,-1,1318,1316,1319,-1,1319,1316,1317,-1,1318,1319,1320,-1,1318,1320,1321,-1,1321,1320,1322,-1,1321,1322,1323,-1,1323,1322,1324,-1,1323,1324,1325,-1,1325,1324,1326,-1,1325,1326,1327,-1,1327,1326,1277,-1,1327,1277,1275,-1,1274,1328,1275,-1,1275,1328,1278,-1,1275,1278,1327,-1,1327,1278,1280,-1,1327,1280,1325,-1,1325,1280,1282,-1,1325,1282,1323,-1,1323,1282,1284,-1,1323,1284,1321,-1,1321,1284,1286,-1,1321,1286,1318,-1,1318,1286,1288,-1,1318,1288,1316,-1,1316,1288,1290,-1,1316,1290,1314,-1,1314,1290,1293,-1,1314,1293,1312,-1,1312,1293,1295,-1,1312,1295,1310,-1,1310,1295,1297,-1,1310,1297,1308,-1,1308,1297,1299,-1,1308,1299,1306,-1,1306,1299,1301,-1,1306,1301,1304,-1,1304,1301,1302,-1,1305,1303,1307,-1,1307,1303,1300,-1,1307,1300,1309,-1,1309,1300,1298,-1,1309,1298,1311,-1,1311,1298,1296,-1,1311,1296,1313,-1,1313,1296,1294,-1,1313,1294,1315,-1,1315,1294,1292,-1,1315,1292,1317,-1,1317,1292,1291,-1,1317,1291,1319,-1,1319,1291,1289,-1,1319,1289,1320,-1,1320,1289,1287,-1,1320,1287,1322,-1,1322,1287,1285,-1,1322,1285,1324,-1,1324,1285,1283,-1,1324,1283,1326,-1,1326,1283,1281,-1,1326,1281,1277,-1,1277,1281,1279,-1,1277,1279,1276,-1,1276,1279,1329,-1,1330,1331,1332,-1,1332,1331,1333,-1,1334,1335,1336,-1,1336,1335,1337,-1,1334,1336,1338,-1,1334,1338,1339,-1,1339,1338,1340,-1,1339,1340,1341,-1,1341,1340,1342,-1,1341,1342,1343,-1,1343,1342,1344,-1,1343,1344,1345,-1,1345,1344,1346,-1,1345,1346,1347,-1,1347,1346,1348,-1,1347,1348,1349,-1,1349,1348,1350,-1,1349,1350,1351,-1,1331,1351,1333,-1,1333,1351,1350,-1,1337,1335,1352,-1,1352,1335,1353,-1,1354,1345,1355,-1,1355,1345,1347,-1,1355,1347,1356,-1,1356,1347,1349,-1,1356,1349,1357,-1,1357,1349,1351,-1,1357,1351,1358,-1,1358,1351,1331,-1,1358,1331,1330,-1,1353,1335,1359,-1,1359,1335,1334,-1,1359,1334,1360,-1,1360,1334,1339,-1,1360,1339,1361,-1,1361,1339,1341,-1,1361,1341,1354,-1,1354,1341,1343,-1,1354,1343,1345,-1,1337,1352,1336,-1,1336,1352,1362,-1,1336,1362,1338,-1,1338,1362,1363,-1,1338,1363,1340,-1,1340,1363,1364,-1,1340,1364,1342,-1,1342,1364,1365,-1,1342,1365,1344,-1,1344,1365,1346,-1,1346,1365,1366,-1,1346,1366,1348,-1,1348,1366,1367,-1,1348,1367,1350,-1,1350,1367,1368,-1,1350,1368,1333,-1,1333,1368,1369,-1,1333,1369,1332,-1,1370,1371,1372,-1,1372,1371,1373,-1,1374,1375,1376,-1,1376,1375,1377,-1,1376,1377,1378,-1,1378,1377,1379,-1,1378,1379,1380,-1,1380,1379,1381,-1,1380,1381,1382,-1,1382,1381,1383,-1,1382,1383,1384,-1,1384,1383,1385,-1,1386,1384,1387,-1,1387,1384,1385,-1,1386,1387,1388,-1,1386,1388,1389,-1,1389,1388,1390,-1,1389,1390,1391,-1,1391,1390,1392,-1,1391,1392,1393,-1,1393,1392,1394,-1,1393,1394,1395,-1,1395,1394,1396,-1,1395,1396,1397,-1,1398,1397,1399,-1,1399,1397,1396,-1,1400,1398,1401,-1,1401,1398,1399,-1,1402,1400,1403,-1,1403,1400,1401,-1,1402,1403,1404,-1,1404,1403,1405,-1,1404,1405,1406,-1,1406,1405,1407,-1,1406,1407,1408,-1,1408,1407,1409,-1,1408,1409,1410,-1,1410,1409,1411,-1,1410,1411,1412,-1,1412,1411,1413,-1,1414,1412,1415,-1,1415,1412,1413,-1,1414,1415,1416,-1,1414,1416,1417,-1,1417,1416,1418,-1,1417,1418,1419,-1,1419,1418,1420,-1,1419,1420,1421,-1,1421,1420,1422,-1,1421,1422,1423,-1,1423,1422,1373,-1,1423,1373,1371,-1,1370,1424,1371,-1,1371,1424,1374,-1,1371,1374,1423,-1,1423,1374,1376,-1,1423,1376,1421,-1,1421,1376,1378,-1,1421,1378,1419,-1,1419,1378,1380,-1,1419,1380,1417,-1,1417,1380,1382,-1,1417,1382,1414,-1,1414,1382,1384,-1,1414,1384,1412,-1,1412,1384,1386,-1,1412,1386,1410,-1,1410,1386,1389,-1,1410,1389,1408,-1,1408,1389,1391,-1,1408,1391,1406,-1,1406,1391,1393,-1,1406,1393,1404,-1,1404,1393,1395,-1,1404,1395,1402,-1,1402,1395,1397,-1,1402,1397,1400,-1,1400,1397,1398,-1,1401,1399,1403,-1,1403,1399,1396,-1,1403,1396,1405,-1,1405,1396,1394,-1,1405,1394,1407,-1,1407,1394,1392,-1,1407,1392,1409,-1,1409,1392,1390,-1,1409,1390,1411,-1,1411,1390,1388,-1,1411,1388,1413,-1,1413,1388,1387,-1,1413,1387,1415,-1,1415,1387,1385,-1,1415,1385,1416,-1,1416,1385,1383,-1,1416,1383,1418,-1,1418,1383,1381,-1,1418,1381,1420,-1,1420,1381,1379,-1,1420,1379,1422,-1,1422,1379,1377,-1,1422,1377,1373,-1,1373,1377,1375,-1,1373,1375,1372,-1,1372,1375,1425,-1,1426,1427,1428,-1,1428,1427,1429,-1,1430,1431,1432,-1,1432,1431,1433,-1,1430,1432,1434,-1,1430,1434,1435,-1,1435,1434,1436,-1,1435,1436,1437,-1,1437,1436,1438,-1,1437,1438,1439,-1,1439,1438,1440,-1,1439,1440,1441,-1,1441,1440,1442,-1,1441,1442,1443,-1,1443,1442,1444,-1,1443,1444,1445,-1,1445,1444,1446,-1,1445,1446,1447,-1,1427,1447,1429,-1,1429,1447,1446,-1,1433,1431,1448,-1,1448,1431,1449,-1,1450,1441,1451,-1,1451,1441,1443,-1,1451,1443,1452,-1,1452,1443,1445,-1,1452,1445,1453,-1,1453,1445,1447,-1,1453,1447,1454,-1,1454,1447,1427,-1,1454,1427,1426,-1,1449,1431,1455,-1,1455,1431,1430,-1,1455,1430,1456,-1,1456,1430,1435,-1,1456,1435,1457,-1,1457,1435,1437,-1,1457,1437,1450,-1,1450,1437,1439,-1,1450,1439,1441,-1,1433,1448,1432,-1,1432,1448,1458,-1,1432,1458,1434,-1,1434,1458,1459,-1,1434,1459,1436,-1,1436,1459,1460,-1,1436,1460,1438,-1,1438,1460,1461,-1,1438,1461,1440,-1,1440,1461,1442,-1,1442,1461,1462,-1,1442,1462,1444,-1,1444,1462,1463,-1,1444,1463,1446,-1,1446,1463,1464,-1,1446,1464,1429,-1,1429,1464,1465,-1,1429,1465,1428,-1,1466,1467,1468,-1,1468,1467,1469,-1,1470,1471,1472,-1,1472,1471,1473,-1,1472,1473,1474,-1,1474,1473,1475,-1,1474,1475,1476,-1,1476,1475,1477,-1,1476,1477,1478,-1,1478,1477,1479,-1,1478,1479,1480,-1,1480,1479,1481,-1,1482,1480,1483,-1,1483,1480,1481,-1,1482,1483,1484,-1,1482,1484,1485,-1,1485,1484,1486,-1,1485,1486,1487,-1,1487,1486,1488,-1,1487,1488,1489,-1,1489,1488,1490,-1,1489,1490,1491,-1,1491,1490,1492,-1,1491,1492,1493,-1,1494,1493,1495,-1,1495,1493,1492,-1,1496,1494,1497,-1,1497,1494,1495,-1,1498,1496,1499,-1,1499,1496,1497,-1,1498,1499,1500,-1,1500,1499,1501,-1,1500,1501,1502,-1,1502,1501,1503,-1,1502,1503,1504,-1,1504,1503,1505,-1,1504,1505,1506,-1,1506,1505,1507,-1,1506,1507,1508,-1,1508,1507,1509,-1,1510,1508,1511,-1,1511,1508,1509,-1,1510,1511,1512,-1,1510,1512,1513,-1,1513,1512,1514,-1,1513,1514,1515,-1,1515,1514,1516,-1,1515,1516,1517,-1,1517,1516,1518,-1,1517,1518,1519,-1,1519,1518,1469,-1,1519,1469,1467,-1,1466,1520,1467,-1,1467,1520,1470,-1,1467,1470,1519,-1,1519,1470,1472,-1,1519,1472,1517,-1,1517,1472,1474,-1,1517,1474,1515,-1,1515,1474,1476,-1,1515,1476,1513,-1,1513,1476,1478,-1,1513,1478,1510,-1,1510,1478,1480,-1,1510,1480,1508,-1,1508,1480,1482,-1,1508,1482,1506,-1,1506,1482,1485,-1,1506,1485,1504,-1,1504,1485,1487,-1,1504,1487,1502,-1,1502,1487,1489,-1,1502,1489,1500,-1,1500,1489,1491,-1,1500,1491,1498,-1,1498,1491,1493,-1,1498,1493,1496,-1,1496,1493,1494,-1,1497,1495,1499,-1,1499,1495,1492,-1,1499,1492,1501,-1,1501,1492,1490,-1,1501,1490,1503,-1,1503,1490,1488,-1,1503,1488,1505,-1,1505,1488,1486,-1,1505,1486,1507,-1,1507,1486,1484,-1,1507,1484,1509,-1,1509,1484,1483,-1,1509,1483,1511,-1,1511,1483,1481,-1,1511,1481,1512,-1,1512,1481,1479,-1,1512,1479,1514,-1,1514,1479,1477,-1,1514,1477,1516,-1,1516,1477,1475,-1,1516,1475,1518,-1,1518,1475,1473,-1,1518,1473,1469,-1,1469,1473,1471,-1,1469,1471,1468,-1,1468,1471,1521,-1,1522,1523,1524,-1,1524,1523,1525,-1,1526,1527,1528,-1,1528,1527,1529,-1,1526,1528,1530,-1,1526,1530,1531,-1,1531,1530,1532,-1,1531,1532,1533,-1,1533,1532,1534,-1,1533,1534,1535,-1,1535,1534,1536,-1,1535,1536,1537,-1,1537,1536,1538,-1,1537,1538,1539,-1,1539,1538,1540,-1,1539,1540,1541,-1,1541,1540,1542,-1,1541,1542,1543,-1,1544,1543,1545,-1,1545,1543,1542,-1,1545,1542,1523,-1,1523,1542,1525,-1,1529,1527,1546,-1,1546,1527,1547,-1,1544,1548,1543,-1,1543,1548,1549,-1,1543,1549,1541,-1,1541,1549,1550,-1,1541,1550,1539,-1,1539,1550,1551,-1,1539,1551,1537,-1,1537,1551,1552,-1,1547,1527,1553,-1,1553,1527,1526,-1,1553,1526,1554,-1,1554,1526,1531,-1,1554,1531,1555,-1,1555,1531,1533,-1,1555,1533,1552,-1,1552,1533,1535,-1,1552,1535,1537,-1,1556,1557,1538,-1,1538,1557,1540,-1,1540,1557,1558,-1,1540,1558,1542,-1,1542,1558,1559,-1,1542,1559,1525,-1,1525,1559,1560,-1,1525,1560,1524,-1,1538,1536,1556,-1,1556,1536,1534,-1,1556,1534,1561,-1,1561,1534,1532,-1,1561,1532,1562,-1,1562,1532,1530,-1,1562,1530,1563,-1,1563,1530,1528,-1,1563,1528,1546,-1,1546,1528,1529,-1,
        ]
    }
}
Shape{
    appearance Appearance {
        material  Material 	{
            diffuseColor 1.0 1.0 1.0
            specularColor 0.5019607843137255 0.5019607843137255 0.5019607843137255
            ambientIntensity 1.0
            transparency 0.0
            shininess 0.5
        }
    }
    geometry IndexedFaceSet {
        ccw TRUE
        solid FALSE
        coord DEF co Coordinate {
            point [
                -0.0004 0.3682 0.2346, -0.0004 0.3682 0.2304, -0.0004 0.3642 0.2346, -0.0004 0.3642 0.2304, 0.0144 0.3682 0.2346, 0.0144 0.3642 0.2346, 0.0144 0.3682 0.2675, 0.0144 0.3642 0.2675, 0.0192 0.3682 0.2675, 0.0192 0.3642 0.2675, 0.0192 0.3682 0.2304, 0.0192 0.3642 0.2304, -0.0297 0.3642 0.2319, -0.0297 0.3682 0.2319, -0.029 0.3682 0.2316, -0.0194 0.3682 0.2298, -0.0194 0.3642 0.2298, -0.025 0.3682 0.2303, -0.0227 0.3642 0.2301, -0.025 0.3642 0.2303, -0.0281 0.3642 0.2313, -0.029 0.3642 0.2316, -0.0297 0.3682 0.2365, -0.0297 0.3642 0.2365, -0.0281 0.3642 0.2358, -0.026 0.3682 0.2349, -0.026 0.3642 0.2349, -0.0218 0.3642 0.2341, -0.0218 0.3682 0.2341, -0.0201 0.3642 0.234, -0.0201 0.3682 0.234, -0.0164 0.3642 0.2345, -0.0164 0.3682 0.2345, -0.0137 0.3642 0.2355, -0.0137 0.3682 0.2355, -0.0113 0.3642 0.2372, -0.0113 0.3682 0.2372, -0.0106 0.3642 0.238, -0.0106 0.3682 0.238, -0.0089 0.3642 0.2401, -0.0089 0.3682 0.2401, -0.0077 0.3642 0.243, -0.0077 0.3682 0.243, -0.007 0.3642 0.2466, -0.007 0.3682 0.2466, -0.0069 0.3642 0.2485, -0.0069 0.3682 0.2485, -0.0075 0.3642 0.2536, -0.0075 0.3682 0.2536, -0.0088 0.3642 0.2568, -0.0088 0.3682 0.2568, -0.0106 0.3642 0.2594, -0.0106 0.3682 0.2594, -0.0108 0.3642 0.2597, -0.0108 0.3682 0.2597, -0.013 0.3642 0.2615, -0.013 0.3682 0.2615, -0.0158 0.3642 0.263, -0.0158 0.3682 0.263, -0.019 0.3642 0.2637, -0.019 0.3682 0.2637, -0.0209 0.3642 0.2638, -0.0209 0.3682 0.2638, -0.0297 0.3642 0.2616, -0.0297 0.3682 0.2616, -0.0292 0.3682 0.2618, -0.0255 0.3642 0.2632, -0.0255 0.3682 0.2632, -0.0281 0.3642 0.2623, -0.0292 0.3642 0.2618, -0.0297 0.3682 0.2666, -0.0297 0.3642 0.2666, -0.0209 0.3642 0.2681, -0.0209 0.3682 0.2681, -0.0209 0.3682 0.2681, -0.0281 0.3642 0.267, -0.0257 0.3682 0.2677, -0.0257 0.3642 0.2677, -0.0248 0.3642 0.2678, -0.0209 0.3642 0.2681, -0.0183 0.3642 0.2678, -0.0155 0.3682 0.2675, -0.0155 0.3642 0.2675, -0.0116 0.3642 0.2659, -0.0116 0.3682 0.2659, -0.0082 0.3642 0.2635, -0.0082 0.3682 0.2635, -0.0073 0.3642 0.2626, -0.0073 0.3682 0.2626, -0.0046 0.3642 0.2591, -0.0046 0.3682 0.2591, -0.0036 0.3642 0.2568, -0.0028 0.3682 0.255, -0.0028 0.3642 0.255, -0.002 0.3642 0.2502, -0.002 0.3682 0.2502, -0.0019 0.3642 0.2482, -0.0019 0.3682 0.2482, -0.0067 0.3642 0.2348, -0.0067 0.3682 0.2348, -0.0041 0.3682 0.2383, -0.0026 0.3642 0.2422, -0.0026 0.3682 0.2422, -0.0036 0.3642 0.2398, -0.0041 0.3642 0.2383, -0.0172 0.3682 0.2299, -0.0096 0.3642 0.2324, -0.0096 0.3682 0.2324, -0.0131 0.3642 0.2307, -0.0131 0.3682 0.2307, -0.0161 0.3642 0.2301, -0.0172 0.3642 0.2299, -0.057 0.3682 0.2346, -0.057 0.3682 0.2304, -0.057 0.3642 0.2346, -0.057 0.3642 0.2304, -0.0419 0.3642 0.2346, -0.0419 0.3682 0.2346, -0.0519 0.3642 0.2346, -0.0419 0.3682 0.2471, -0.0419 0.3642 0.2471, -0.0551 0.3682 0.2471, -0.0519 0.3642 0.2471, -0.0551 0.3642 0.2471, -0.0551 0.3682 0.2514, -0.0551 0.3642 0.2514, -0.0419 0.3642 0.2514, -0.0419 0.3682 0.2514, -0.0519 0.3642 0.2514, -0.0419 0.3682 0.2632, -0.0419 0.3642 0.2632, -0.0562 0.3682 0.2632, -0.0519 0.3642 0.2632, -0.0562 0.3642 0.2632, -0.0562 0.3682 0.2675, -0.0562 0.3642 0.2675, -0.0371 0.3642 0.2675, -0.0371 0.3682 0.2675, -0.0519 0.3642 0.2675, -0.0371 0.3682 0.2304, -0.0371 0.3642 0.2304, -0.0519 0.3642 0.2304, -0.0886 0.3682 0.2356, -0.0848 0.3682 0.2381, -0.0847 0.3682 0.2328, -0.0824 0.3682 0.2364, -0.0805 0.3682 0.2312, -0.0793 0.3682 0.2353, -0.0742 0.3682 0.2304, -0.0742 0.3682 0.2346, -0.064 0.3682 0.2304, -0.0688 0.3682 0.2346, -0.064 0.3682 0.2675, -0.0688 0.3682 0.2632, -0.0746 0.3682 0.2675, -0.0744 0.3682 0.2632, -0.0758 0.3682 0.2632, -0.0802 0.3682 0.2669, -0.0797 0.3682 0.2626, -0.0847 0.3682 0.2652, -0.0828 0.3682 0.2613, -0.0886 0.3682 0.2626, -0.0851 0.3682 0.2597, -0.0899 0.3682 0.2613, -0.0861 0.3682 0.2587, -0.0922 0.3682 0.2581, -0.0876 0.3682 0.2566, -0.0936 0.3682 0.2545, -0.0886 0.3682 0.2539, -0.0942 0.3682 0.2494, -0.0892 0.3682 0.2493, -0.0941 0.3682 0.2471, -0.089 0.3682 0.2465, -0.0932 0.3682 0.2427, -0.0882 0.3682 0.2432, -0.0914 0.3682 0.2389, -0.0869 0.3682 0.2405, -0.0852 0.3682 0.2385, -0.0742 0.3642 0.2304, -0.064 0.3642 0.2304, -0.0805 0.3642 0.2312, -0.0847 0.3642 0.2328, -0.0886 0.3642 0.2356, -0.0914 0.3642 0.2389, -0.0932 0.3642 0.2427, -0.0941 0.3642 0.2471, -0.0942 0.3642 0.2494, -0.0936 0.3642 0.2545, -0.0922 0.3642 0.2581, -0.0899 0.3642 0.2613, -0.0886 0.3642 0.2626, -0.0847 0.3642 0.2652, -0.0802 0.3642 0.2669, -0.0746 0.3642 0.2675, -0.064 0.3642 0.2675, -0.0744 0.3642 0.2632, -0.0688 0.3642 0.2632, -0.0688 0.3642 0.2346, -0.0742 0.3642 0.2346, -0.0852 0.3642 0.2385, -0.0848 0.3642 0.2381, -0.0824 0.3642 0.2364, -0.0793 0.3642 0.2353, -0.0892 0.3642 0.2493, -0.089 0.3642 0.2465, -0.0882 0.3642 0.2432, -0.0869 0.3642 0.2405, -0.0851 0.3642 0.2597, -0.0861 0.3642 0.2587, -0.0876 0.3642 0.2566, -0.0886 0.3642 0.2539, -0.0758 0.3642 0.2632, -0.0797 0.3642 0.2626, -0.0828 0.3642 0.2613
            ]
        }
        coordIndex [
            0,1,2,-1,2,1,3,-1,4,0,5,-1,5,0,2,-1,6,4,7,-1,7,4,5,-1,8,6,9,-1,9,6,7,-1,10,8,11,-1,11,8,9,-1,1,10,3,-1,3,10,11,-1,6,8,4,-1,4,8,10,-1,4,10,0,-1,0,10,1,-1,12,13,14,-1,15,16,17,-1,17,16,18,-1,18,19,17,-1,17,19,20,-1,17,20,14,-1,14,20,21,-1,14,21,12,-1,22,13,23,-1,23,13,12,-1,22,23,24,-1,22,24,25,-1,24,26,25,-1,25,26,27,-1,25,27,28,-1,28,27,29,-1,28,29,30,-1,30,29,31,-1,30,31,32,-1,32,31,33,-1,32,33,34,-1,34,33,35,-1,34,35,36,-1,36,35,37,-1,36,37,38,-1,38,37,39,-1,38,39,40,-1,40,39,41,-1,40,41,42,-1,42,41,43,-1,42,43,44,-1,44,43,45,-1,44,45,46,-1,46,45,47,-1,46,47,48,-1,48,47,49,-1,48,49,50,-1,50,49,51,-1,50,51,52,-1,52,51,53,-1,52,53,54,-1,54,53,55,-1,54,55,56,-1,56,55,57,-1,56,57,58,-1,58,57,59,-1,58,59,60,-1,60,59,61,-1,60,61,62,-1,63,64,65,-1,62,61,66,-1,62,66,67,-1,67,66,68,-1,67,68,65,-1,65,68,69,-1,65,69,63,-1,70,64,71,-1,71,64,63,-1,72,73,74,-1,70,71,75,-1,70,75,76,-1,75,77,76,-1,76,77,78,-1,76,78,74,-1,74,78,79,-1,74,79,72,-1,73,72,80,-1,73,80,81,-1,80,82,81,-1,81,82,83,-1,81,83,84,-1,84,83,85,-1,84,85,86,-1,86,85,87,-1,86,87,88,-1,88,87,89,-1,88,89,90,-1,90,89,91,-1,90,91,92,-1,91,93,92,-1,92,93,94,-1,92,94,95,-1,95,94,96,-1,95,96,97,-1,98,99,100,-1,97,96,101,-1,97,101,102,-1,102,101,103,-1,102,103,100,-1,100,103,104,-1,100,104,98,-1,16,15,105,-1,99,98,106,-1,99,106,107,-1,107,106,108,-1,107,108,109,-1,109,108,110,-1,109,110,105,-1,105,110,111,-1,105,111,16,-1,65,64,70,-1,48,50,90,-1,90,50,88,-1,65,70,67,-1,67,70,76,-1,67,76,62,-1,62,76,74,-1,62,74,60,-1,60,74,73,-1,60,73,58,-1,58,73,81,-1,58,81,56,-1,97,46,95,-1,95,46,48,-1,95,48,92,-1,92,48,90,-1,50,52,88,-1,88,52,54,-1,88,54,86,-1,86,54,56,-1,86,56,84,-1,84,56,81,-1,13,22,14,-1,14,22,25,-1,14,25,17,-1,17,25,28,-1,17,28,15,-1,15,28,30,-1,15,30,105,-1,105,30,32,-1,105,32,109,-1,109,32,34,-1,109,34,107,-1,107,34,36,-1,107,36,99,-1,99,36,38,-1,99,38,100,-1,100,38,40,-1,100,40,102,-1,102,40,42,-1,102,42,97,-1,97,42,44,-1,97,44,46,-1,112,113,114,-1,114,113,115,-1,116,117,118,-1,118,117,112,-1,118,112,114,-1,119,117,120,-1,120,117,116,-1,119,120,121,-1,121,120,122,-1,121,122,123,-1,124,121,125,-1,125,121,123,-1,126,127,128,-1,128,127,124,-1,128,124,125,-1,129,127,130,-1,130,127,126,-1,129,130,131,-1,131,130,132,-1,131,132,133,-1,134,131,135,-1,135,131,133,-1,136,137,138,-1,138,137,134,-1,138,134,135,-1,139,137,140,-1,140,137,136,-1,139,140,113,-1,113,140,141,-1,113,141,115,-1,139,113,112,-1,112,117,139,-1,139,117,119,-1,139,119,137,-1,131,134,129,-1,129,134,137,-1,129,137,127,-1,127,137,119,-1,127,119,124,-1,124,119,121,-1,142,143,144,-1,144,143,145,-1,144,145,146,-1,146,145,147,-1,146,147,148,-1,148,147,149,-1,148,149,150,-1,150,149,151,-1,150,151,152,-1,152,151,153,-1,152,153,154,-1,153,155,154,-1,154,155,156,-1,154,156,157,-1,157,156,158,-1,157,158,159,-1,159,158,160,-1,159,160,161,-1,161,160,162,-1,161,162,163,-1,163,162,164,-1,163,164,165,-1,165,164,166,-1,165,166,167,-1,167,166,168,-1,167,168,169,-1,169,168,170,-1,169,170,171,-1,171,170,172,-1,171,172,173,-1,173,172,174,-1,173,174,175,-1,175,174,176,-1,175,176,142,-1,142,176,177,-1,142,177,143,-1,148,150,178,-1,178,150,179,-1,148,178,180,-1,148,180,146,-1,146,180,181,-1,146,181,144,-1,144,181,182,-1,144,182,142,-1,142,182,183,-1,142,183,175,-1,175,183,184,-1,175,184,173,-1,173,184,185,-1,173,185,171,-1,171,185,186,-1,171,186,169,-1,169,186,187,-1,169,187,167,-1,167,187,188,-1,167,188,165,-1,165,188,189,-1,165,189,163,-1,163,189,190,-1,163,190,161,-1,161,190,191,-1,161,191,159,-1,159,191,192,-1,159,192,157,-1,157,192,193,-1,157,193,154,-1,152,154,194,-1,194,154,193,-1,150,152,179,-1,179,152,194,-1,155,153,195,-1,195,153,196,-1,153,151,196,-1,196,151,197,-1,151,149,197,-1,197,149,198,-1,177,199,200,-1,177,200,143,-1,143,200,201,-1,143,201,145,-1,145,201,202,-1,145,202,147,-1,147,202,198,-1,147,198,149,-1,170,203,204,-1,170,204,172,-1,172,204,205,-1,172,205,174,-1,174,205,206,-1,174,206,176,-1,176,206,199,-1,176,199,177,-1,162,207,208,-1,162,208,164,-1,164,208,209,-1,164,209,166,-1,166,209,210,-1,166,210,168,-1,168,210,203,-1,168,203,170,-1,155,195,211,-1,155,211,156,-1,156,211,212,-1,156,212,158,-1,158,212,213,-1,158,213,160,-1,160,213,207,-1,160,207,162,-1,
        ]
    }
}
Shape{
    appearance Appearance {
        material  Material 	{
            diffuseColor 0.2235294117647059 0.2235294117647059 0.2235294117647059
            specularColor 0.11372549019607843 0.11372549019607843 0.11372549019607843
            ambientIntensity 0.2235
            transparency 0.0
            shininess 0.5
        }
    }
    geometry IndexedFaceSet {
        ccw TRUE
        solid FALSE
        coord DEF co Coordinate {
            point [
                -0.0744 0.3642 0.2632, -0.0688 0.3642 0.2632, -0.0688 0.3642 0.2346, -0.0882 0.3642 0.2432, -0.089 0.3642 0.2465, -0.0758 0.3642 0.2632, -0.0742 0.3642 0.2346, -0.0793 0.3642 0.2353, -0.0824 0.3642 0.2364, -0.0848 0.3642 0.2381, -0.0852 0.3642 0.2385, -0.0869 0.3642 0.2405, -0.0851 0.3642 0.2597, -0.0892 0.3642 0.2493, -0.0828 0.3642 0.2613, -0.0797 0.3642 0.2626, -0.0886 0.3642 0.2539, -0.0876 0.3642 0.2566, -0.0861 0.3642 0.2587
            ]
        }
        coordIndex [
            0,1,2,-1,3,4,5,-1,2,6,0,-1,0,6,7,-1,0,7,8,-1,8,9,0,-1,0,9,10,-1,0,10,5,-1,5,10,11,-1,5,11,3,-1,12,4,13,-1,12,14,4,-1,4,14,15,-1,4,15,5,-1,16,17,13,-1,13,17,18,-1,13,18,12,-1,
        ]
    }
}
Shape{
    appearance Appearance {
        material  Material 	{
            diffuseColor 1.0 1.0 1.0
            specularColor 0.5019607843137255 0.5019607843137255 0.5019607843137255
            ambientIntensity 1.0
            transparency 0.0
            shininess 0.5
        }
    }
    geometry IndexedFaceSet {
        ccw TRUE
        solid FALSE
        coord DEF co Coordinate {
            point [
                -0.1066 0.3682 0.2447, -0.1051 0.3682 0.2406, -0.1191 0.3682 0.2447, -0.1205 0.3682 0.2406, -0.1122 0.3682 0.2601, -0.1104 0.3682 0.2675, -0.0963 0.3682 0.2304, -0.1015 0.3682 0.2304, -0.1125 0.3682 0.2613, -0.1128 0.3682 0.2627, -0.1155 0.3682 0.2675, -0.1129 0.3682 0.2627, -0.1132 0.3682 0.2612, -0.1135 0.3682 0.2601, -0.1296 0.3682 0.2304, -0.1243 0.3682 0.2304, -0.1155 0.3642 0.2675, -0.1296 0.3642 0.2304, -0.1104 0.3642 0.2675, -0.0963 0.3642 0.2304, -0.1069 0.3642 0.2585, -0.1015 0.3642 0.2304, -0.1051 0.3642 0.2406, -0.1205 0.3642 0.2406, -0.1069 0.3642 0.2406, -0.1243 0.3642 0.2304, -0.1066 0.3642 0.2447, -0.1191 0.3642 0.2447, -0.1135 0.3642 0.2601, -0.1129 0.3642 0.2627, -0.1132 0.3642 0.2612, -0.1128 0.3642 0.2627, -0.1122 0.3642 0.2601, -0.1125 0.3642 0.2613
            ]
        }
        coordIndex [
            0,1,2,-1,2,1,3,-1,4,5,0,-1,0,5,6,-1,0,6,1,-1,1,6,7,-1,4,8,5,-1,5,8,9,-1,5,9,10,-1,10,9,11,-1,10,11,12,-1,12,13,10,-1,10,13,2,-1,10,2,14,-1,14,2,3,-1,14,3,15,-1,10,14,16,-1,16,14,17,-1,5,10,18,-1,18,10,16,-1,19,6,20,-1,20,6,5,-1,20,5,18,-1,7,6,21,-1,21,6,19,-1,1,7,22,-1,22,7,21,-1,23,3,24,-1,24,3,1,-1,24,1,22,-1,15,3,25,-1,25,3,23,-1,14,15,17,-1,17,15,25,-1,0,2,26,-1,26,2,27,-1,2,13,27,-1,27,13,28,-1,11,29,30,-1,11,30,12,-1,12,30,28,-1,12,28,13,-1,11,9,29,-1,29,9,31,-1,4,32,33,-1,4,33,8,-1,8,33,31,-1,8,31,9,-1,4,0,32,-1,32,0,26,-1,
        ]
    }
}
Shape{
    appearance Appearance {
        material  Material 	{
            diffuseColor 0.2235294117647059 0.2235294117647059 0.2235294117647059
            specularColor 0.11372549019607843 0.11372549019607843 0.11372549019607843
            ambientIntensity 0.2235
            transparency 0.0
            shininess 0.5
        }
    }
    geometry IndexedFaceSet {
        ccw TRUE
        solid FALSE
        coord DEF co Coordinate {
            point [
                -0.1129 0.3642 0.2627, -0.1128 0.3642 0.2627, -0.1132 0.3642 0.2612, -0.1125 0.3642 0.2613, -0.1135 0.3642 0.2601, -0.1122 0.3642 0.2601, -0.1191 0.3642 0.2447, -0.1066 0.3642 0.2447
            ]
        }
        coordIndex [
            0,1,2,-1,2,1,3,-1,2,3,4,-1,4,3,5,-1,4,5,6,-1,6,5,7,-1,
        ]
    }
}
Shape{
    appearance Appearance {
        material  Material 	{
            diffuseColor 1.0 1.0 1.0
            specularColor 0.5019607843137255 0.5019607843137255 0.5019607843137255
            ambientIntensity 1.0
            transparency 0.0
            shininess 0.5
        }
    }
    geometry IndexedFaceSet {
        ccw TRUE
        solid FALSE
        coord DEF co Coordinate {
            point [
                -0.0008 0.3682 0.1758, -0.0008 0.3682 0.1716, -0.0008 0.3642 0.1758, -0.0008 0.3642 0.1716, 0.0144 0.3682 0.1758, 0.0144 0.3642 0.1758, 0.0144 0.3682 0.1883, 0.0144 0.3642 0.1883, 0.0011 0.3682 0.1883, 0.0011 0.3642 0.1883, 0.0011 0.3682 0.1925, 0.0011 0.3642 0.1925, 0.0144 0.3682 0.1925, 0.0144 0.3642 0.1925, 0.0144 0.3682 0.2044, 0.0144 0.3642 0.2044, 0.0001 0.3682 0.2044, 0.0001 0.3642 0.2044, 0.0001 0.3682 0.2087, 0.0001 0.3642 0.2087, 0.0192 0.3682 0.2087, 0.0192 0.3642 0.2087, 0.0192 0.3682 0.1716, 0.0192 0.3642 0.1716, -0.0218 0.3682 0.1716, -0.0265 0.3682 0.1716, -0.0218 0.3682 0.1757, -0.0265 0.3682 0.1886, -0.0217 0.3682 0.1757, -0.0193 0.3682 0.1764, -0.0208 0.3682 0.1743, -0.018 0.3682 0.1755, -0.0126 0.3682 0.1833, -0.0157 0.3682 0.1841, -0.0218 0.3682 0.1849, -0.0218 0.3682 0.1823, -0.0218 0.3682 0.182, -0.0215 0.3682 0.18, -0.0209 0.3682 0.1783, -0.0199 0.3682 0.1769, -0.0201 0.3682 0.1984, -0.0191 0.3682 0.1944, -0.022 0.3682 0.1977, -0.02 0.3682 0.1938, -0.0116 0.3682 0.1828, -0.0218 0.3682 0.1884, -0.0217 0.3682 0.1905, -0.026 0.3682 0.1925, -0.0212 0.3682 0.1921, -0.0253 0.3682 0.1945, -0.0207 0.3682 0.1931, -0.0243 0.3682 0.196, -0.0234 0.3682 0.1968, -0.0078 0.3682 0.1962, -0.0078 0.3682 0.1917, -0.0088 0.3682 0.1968, -0.011 0.3682 0.1937, -0.0122 0.3682 0.1981, -0.0139 0.3682 0.1947, -0.0169 0.3682 0.1987, -0.0165 0.3682 0.1949, -0.0181 0.3682 0.1947, -0.0109 0.3682 0.1764, -0.0075 0.3682 0.1731, -0.0113 0.3682 0.176, -0.0091 0.3682 0.172, -0.0122 0.3682 0.1754, -0.0108 0.3682 0.1713, -0.0132 0.3682 0.175, -0.0136 0.3682 0.171, -0.0148 0.3682 0.1748, -0.0161 0.3682 0.1713, -0.0166 0.3682 0.175, -0.018 0.3682 0.172, -0.0193 0.3682 0.1728, -0.014 0.3682 0.1873, -0.0102 0.3682 0.1863, -0.0112 0.3682 0.1824, -0.0083 0.3682 0.1853, -0.0106 0.3682 0.1817, -0.0069 0.3682 0.1841, -0.0102 0.3682 0.1809, -0.006 0.3682 0.1825, -0.01 0.3682 0.1798, -0.0054 0.3682 0.1808, -0.0099 0.3682 0.1791, -0.0052 0.3682 0.1787, -0.01 0.3682 0.178, -0.0055 0.3682 0.1766, -0.0104 0.3682 0.1772, -0.006 0.3682 0.175, -0.007 0.3682 0.1736, -0.0169 0.3642 0.1987, -0.0122 0.3642 0.1981, -0.0088 0.3642 0.1968, -0.0078 0.3642 0.1962, -0.0078 0.3642 0.1917, -0.011 0.3642 0.1937, -0.0139 0.3642 0.1947, -0.0165 0.3642 0.1949, -0.0181 0.3642 0.1947, -0.0191 0.3642 0.1944, -0.02 0.3642 0.1938, -0.0207 0.3642 0.1931, -0.0212 0.3642 0.1921, -0.0217 0.3642 0.1905, -0.0218 0.3642 0.1884, -0.014 0.3642 0.1873, -0.0102 0.3642 0.1863, -0.0083 0.3642 0.1853, -0.0069 0.3642 0.1841, -0.006 0.3642 0.1825, -0.0054 0.3642 0.1808, -0.0052 0.3642 0.1787, -0.0055 0.3642 0.1766, -0.006 0.3642 0.175, -0.007 0.3642 0.1736, -0.0075 0.3642 0.1731, -0.0136 0.3642 0.171, -0.0109 0.3642 0.1713, -0.0108 0.3642 0.1713, -0.0091 0.3642 0.172, -0.0161 0.3642 0.1713, -0.0162 0.3642 0.1713, -0.018 0.3642 0.172, -0.0193 0.3642 0.1728, -0.0208 0.3642 0.1743, -0.0217 0.3642 0.1757, -0.0218 0.3642 0.1757, -0.0218 0.3642 0.1716, -0.0265 0.3642 0.1716, -0.0265 0.3642 0.1886, -0.026 0.3642 0.1925, -0.0253 0.3642 0.1945, -0.0243 0.3642 0.196, -0.0234 0.3642 0.1968, -0.022 0.3642 0.1977, -0.0201 0.3642 0.1984, -0.0112 0.3642 0.1824, -0.0116 0.3642 0.1828, -0.0126 0.3642 0.1833, -0.0157 0.3642 0.1841, -0.0099 0.3642 0.1791, -0.01 0.3642 0.1798, -0.0102 0.3642 0.1809, -0.0106 0.3642 0.1817, -0.0113 0.3642 0.176, -0.0109 0.3642 0.1764, -0.0104 0.3642 0.1772, -0.01 0.3642 0.178, -0.0148 0.3642 0.1748, -0.0132 0.3642 0.175, -0.0122 0.3642 0.1754, -0.0199 0.3642 0.1769, -0.0193 0.3642 0.1764, -0.018 0.3642 0.1755, -0.0166 0.3642 0.175, -0.0218 0.3642 0.1823, -0.0218 0.3642 0.182, -0.0215 0.3642 0.18, -0.0209 0.3642 0.1783, -0.0218 0.3642 0.1849
            ]
        }
        coordIndex [
            0,1,2,-1,2,1,3,-1,4,0,5,-1,5,0,2,-1,6,4,7,-1,7,4,5,-1,8,6,9,-1,9,6,7,-1,10,8,11,-1,11,8,9,-1,12,10,13,-1,13,10,11,-1,14,12,15,-1,15,12,13,-1,16,14,17,-1,17,14,15,-1,18,16,19,-1,19,16,17,-1,20,18,21,-1,21,18,19,-1,22,20,23,-1,23,20,21,-1,1,22,3,-1,3,22,23,-1,22,1,0,-1,0,4,22,-1,22,4,6,-1,22,6,20,-1,16,18,14,-1,14,18,20,-1,14,20,12,-1,12,20,6,-1,12,6,10,-1,10,6,8,-1,24,25,26,-1,26,25,27,-1,28,29,30,-1,30,29,31,-1,32,33,27,-1,27,33,34,-1,27,34,35,-1,35,36,27,-1,27,36,37,-1,27,37,26,-1,26,37,38,-1,26,38,28,-1,28,38,39,-1,28,39,29,-1,40,41,42,-1,42,41,43,-1,44,32,45,-1,45,32,27,-1,45,27,46,-1,46,27,47,-1,46,47,48,-1,48,47,49,-1,48,49,50,-1,50,49,51,-1,50,51,43,-1,43,51,52,-1,43,52,42,-1,53,54,55,-1,55,54,56,-1,55,56,57,-1,57,56,58,-1,57,58,59,-1,59,58,60,-1,59,60,40,-1,40,60,61,-1,40,61,41,-1,62,63,64,-1,64,63,65,-1,64,65,66,-1,66,65,67,-1,66,67,68,-1,68,67,69,-1,68,69,70,-1,70,69,71,-1,70,71,72,-1,72,71,73,-1,72,73,31,-1,31,73,74,-1,31,74,30,-1,45,75,44,-1,44,75,76,-1,44,76,77,-1,77,76,78,-1,77,78,79,-1,79,78,80,-1,79,80,81,-1,81,80,82,-1,81,82,83,-1,83,82,84,-1,83,84,85,-1,85,84,86,-1,85,86,87,-1,87,86,88,-1,87,88,89,-1,89,88,90,-1,89,90,62,-1,62,90,91,-1,62,91,63,-1,59,92,93,-1,59,93,57,-1,57,93,94,-1,57,94,55,-1,55,94,95,-1,55,95,53,-1,54,53,96,-1,96,53,95,-1,54,96,97,-1,54,97,56,-1,56,97,98,-1,56,98,58,-1,58,98,99,-1,58,99,60,-1,60,99,100,-1,60,100,61,-1,61,100,101,-1,61,101,41,-1,41,101,102,-1,41,102,43,-1,43,102,103,-1,43,103,50,-1,50,103,104,-1,50,104,48,-1,48,104,105,-1,48,105,46,-1,46,105,106,-1,46,106,45,-1,75,45,107,-1,107,45,106,-1,75,107,108,-1,75,108,76,-1,76,108,109,-1,76,109,78,-1,78,109,110,-1,78,110,80,-1,80,110,111,-1,80,111,82,-1,82,111,112,-1,82,112,84,-1,84,112,113,-1,84,113,86,-1,86,113,114,-1,86,114,88,-1,88,114,115,-1,88,115,90,-1,90,115,116,-1,90,116,91,-1,91,116,117,-1,91,117,63,-1,118,69,119,-1,119,69,67,-1,119,67,120,-1,120,67,65,-1,120,65,121,-1,121,65,63,-1,121,63,117,-1,69,118,122,-1,69,122,71,-1,71,122,123,-1,71,123,73,-1,123,124,73,-1,73,124,125,-1,73,125,74,-1,74,125,126,-1,74,126,30,-1,30,126,127,-1,30,127,28,-1,26,28,128,-1,128,28,127,-1,24,26,129,-1,129,26,128,-1,25,24,130,-1,130,24,129,-1,27,25,131,-1,131,25,130,-1,27,131,132,-1,27,132,47,-1,47,132,133,-1,47,133,49,-1,49,133,134,-1,49,134,51,-1,51,134,135,-1,51,135,52,-1,52,135,136,-1,52,136,42,-1,42,136,137,-1,42,137,40,-1,40,137,92,-1,40,92,59,-1,77,138,139,-1,77,139,44,-1,44,139,140,-1,44,140,32,-1,32,140,141,-1,32,141,33,-1,85,142,143,-1,85,143,83,-1,83,143,144,-1,83,144,81,-1,81,144,145,-1,81,145,79,-1,79,145,138,-1,79,138,77,-1,64,146,147,-1,64,147,62,-1,62,147,148,-1,62,148,89,-1,89,148,149,-1,89,149,87,-1,87,149,142,-1,87,142,85,-1,70,150,151,-1,70,151,68,-1,68,151,152,-1,68,152,66,-1,66,152,146,-1,66,146,64,-1,39,153,154,-1,39,154,29,-1,29,154,155,-1,29,155,31,-1,31,155,156,-1,31,156,72,-1,72,156,150,-1,72,150,70,-1,35,157,158,-1,35,158,36,-1,36,158,159,-1,36,159,37,-1,37,159,160,-1,37,160,38,-1,38,160,153,-1,38,153,39,-1,35,34,157,-1,157,34,161,-1,34,33,161,-1,161,33,141,-1,
        ]
    }
}
Shape{
    appearance Appearance {
        material  Material 	{
            diffuseColor 0.2235294117647059 0.2235294117647059 0.2235294117647059
            specularColor 0.11372549019607843 0.11372549019607843 0.11372549019607843
            ambientIntensity 0.2235
            transparency 0.0
            shininess 0.5
        }
    }
    geometry IndexedFaceSet {
        ccw TRUE
        solid FALSE
        coord DEF co Coordinate {
            point [
                -0.0218 0.3642 0.182, -0.0218 0.3642 0.1823, -0.0112 0.3642 0.1824, -0.0218 0.3642 0.1849, -0.0157 0.3642 0.1841, -0.0126 0.3642 0.1833, -0.0116 0.3642 0.1828, -0.0215 0.3642 0.18, -0.0106 0.3642 0.1817, -0.0209 0.3642 0.1783, -0.0109 0.3642 0.1764, -0.0113 0.3642 0.176, -0.0193 0.3642 0.1764, -0.0104 0.3642 0.1772, -0.018 0.3642 0.1755, -0.0166 0.3642 0.175, -0.0148 0.3642 0.1748, -0.0102 0.3642 0.1809, -0.01 0.3642 0.1798, -0.0199 0.3642 0.1769, -0.0099 0.3642 0.1791, -0.01 0.3642 0.178, -0.0122 0.3642 0.1754, -0.0132 0.3642 0.175
            ]
        }
        coordIndex [
            0,1,2,-1,1,3,4,-1,4,5,1,-1,1,5,6,-1,1,6,2,-1,0,2,7,-1,7,2,8,-1,7,8,9,-1,10,11,12,-1,10,12,13,-1,14,12,15,-1,15,12,16,-1,8,17,9,-1,9,17,18,-1,9,18,19,-1,19,18,20,-1,19,20,12,-1,12,20,21,-1,12,21,13,-1,11,22,12,-1,12,22,23,-1,12,23,16,-1,
        ]
    }
}
Shape{
    appearance Appearance {
        material  Material 	{
            diffuseColor 1.0 1.0 1.0
            specularColor 0.5019607843137255 0.5019607843137255 0.5019607843137255
            ambientIntensity 1.0
            transparency 0.0
            shininess 0.5
        }
    }
    geometry IndexedFaceSet {
        ccw TRUE
        solid FALSE
        coord DEF co Coordinate {
            point [
                -0.0328 0.3642 0.1773, -0.0328 0.3682 0.1773, -0.0348 0.3682 0.1761, -0.0404 0.3682 0.1748, -0.0404 0.3642 0.1748, -0.0377 0.3642 0.1751, -0.0377 0.3682 0.1751, -0.0349 0.3642 0.1761, -0.0348 0.3642 0.1761, -0.0328 0.3682 0.1725, -0.0328 0.3642 0.1725, -0.0349 0.3642 0.1718, -0.0361 0.3682 0.1714, -0.04 0.3642 0.171, -0.04 0.3682 0.171, -0.037 0.3642 0.1713, -0.0361 0.3642 0.1714, -0.0426 0.3642 0.1713, -0.0441 0.3682 0.1715, -0.0441 0.3642 0.1715, -0.0466 0.3642 0.1724, -0.0466 0.3682 0.1724, -0.0477 0.3642 0.1731, -0.0477 0.3682 0.1731, -0.049 0.3642 0.1742, -0.049 0.3682 0.1742, -0.0499 0.3642 0.1755, -0.0499 0.3682 0.1755, -0.0504 0.3642 0.1769, -0.0504 0.3682 0.1769, -0.0507 0.3642 0.1788, -0.0507 0.3682 0.1788, -0.0505 0.3642 0.1805, -0.0505 0.3682 0.1805, -0.05 0.3642 0.1819, -0.05 0.3682 0.1819, -0.0491 0.3642 0.1832, -0.0491 0.3682 0.1832, -0.048 0.3642 0.1842, -0.048 0.3682 0.1842, -0.0449 0.3642 0.1859, -0.0449 0.3682 0.1859, -0.0431 0.3642 0.1866, -0.0431 0.3682 0.1866, -0.0402 0.3642 0.1879, -0.0402 0.3682 0.1879, -0.0386 0.3642 0.1889, -0.0386 0.3682 0.1889, -0.0382 0.3642 0.1894, -0.0382 0.3682 0.1894, -0.0378 0.3642 0.19, -0.0378 0.3682 0.19, -0.0376 0.3642 0.1907, -0.0376 0.3682 0.1907, -0.0376 0.3642 0.1914, -0.0376 0.3682 0.1914, -0.0377 0.3642 0.1921, -0.0377 0.3682 0.1921, -0.0379 0.3642 0.1927, -0.0379 0.3682 0.1927, -0.0383 0.3642 0.1933, -0.0383 0.3682 0.1933, -0.039 0.3642 0.1939, -0.039 0.3682 0.1939, -0.04 0.3642 0.1945, -0.04 0.3682 0.1945, -0.0413 0.3642 0.1948, -0.0413 0.3682 0.1948, -0.0427 0.3642 0.1949, -0.0427 0.3682 0.1949, -0.0455 0.3642 0.1946, -0.0455 0.3682 0.1946, -0.0481 0.3642 0.1937, -0.0481 0.3682 0.1937, -0.0494 0.3642 0.193, -0.0494 0.3682 0.193, -0.0494 0.3682 0.1975, -0.0494 0.3642 0.1975, -0.0464 0.3642 0.1984, -0.0464 0.3682 0.1984, -0.0431 0.3642 0.1987, -0.0431 0.3682 0.1987, -0.0394 0.3642 0.1982, -0.0394 0.3682 0.1982, -0.0369 0.3642 0.1973, -0.0369 0.3682 0.1973, -0.0358 0.3642 0.1966, -0.0358 0.3682 0.1966, -0.0349 0.3642 0.1958, -0.0344 0.3682 0.1953, -0.0344 0.3642 0.1953, -0.0335 0.3642 0.1941, -0.0335 0.3682 0.1941, -0.033 0.3642 0.1926, -0.033 0.3682 0.1926, -0.0328 0.3642 0.1909, -0.0328 0.3682 0.1909, -0.033 0.3642 0.1891, -0.033 0.3682 0.1891, -0.0335 0.3642 0.1877, -0.0335 0.3682 0.1877, -0.0341 0.3642 0.1867, -0.0341 0.3682 0.1867, -0.0398 0.3642 0.1832, -0.0398 0.3682 0.1832, -0.0371 0.3682 0.1845, -0.0349 0.3642 0.186, -0.0349 0.3682 0.186, -0.0349 0.3642 0.1859, -0.0371 0.3642 0.1845, -0.0429 0.3642 0.182, -0.0429 0.3682 0.182, -0.0447 0.3642 0.1809, -0.0447 0.3682 0.1809, -0.0453 0.3642 0.1803, -0.0453 0.3682 0.1803, -0.0456 0.3642 0.1797, -0.0456 0.3682 0.1797, -0.0459 0.3642 0.1789, -0.0459 0.3682 0.1789, -0.0459 0.3642 0.1784, -0.0459 0.3682 0.1784, -0.0458 0.3642 0.1775, -0.0458 0.3682 0.1775, -0.0456 0.3642 0.1768, -0.0456 0.3682 0.1768, -0.0452 0.3642 0.1762, -0.0452 0.3682 0.1762, -0.0446 0.3642 0.1757, -0.0446 0.3682 0.1757, -0.0442 0.3642 0.1755, -0.0442 0.3682 0.1755, -0.043 0.3642 0.175, -0.043 0.3682 0.175, -0.0406 0.3642 0.1748, -0.0406 0.3682 0.1748, -0.0737 0.3682 0.1981, -0.0785 0.3682 0.1981, -0.0737 0.3642 0.1981, -0.0785 0.3642 0.1981, -0.0664 0.3682 0.1781, -0.0664 0.3642 0.1781, -0.0661 0.3642 0.1769, -0.0661 0.3682 0.1769, -0.0659 0.3642 0.176, -0.0659 0.3682 0.176, -0.0658 0.3682 0.176, -0.0658 0.3642 0.176, -0.0652 0.3682 0.1782, -0.0652 0.3642 0.1782, -0.0583 0.3682 0.1981, -0.0605 0.3642 0.1916, -0.0583 0.3642 0.1981, -0.0531 0.3682 0.1981, -0.0531 0.3642 0.1981, -0.0635 0.3682 0.1717, -0.0605 0.3642 0.1792, -0.0635 0.3642 0.1717, -0.0614 0.3642 0.1668, -0.0614 0.3682 0.1668, -0.0633 0.3642 0.1713, -0.0605 0.3642 0.1652, -0.0605 0.3682 0.1651, -0.0605 0.3642 0.1651, -0.0596 0.3642 0.1642, -0.0596 0.3682 0.1642, -0.0589 0.3642 0.1637, -0.0589 0.3682 0.1637, -0.0579 0.3642 0.1633, -0.0579 0.3682 0.1633, -0.0567 0.3642 0.1631, -0.0567 0.3682 0.1631, -0.055 0.3642 0.1633, -0.055 0.3682 0.1633, -0.054 0.3642 0.1636, -0.054 0.3682 0.1636, -0.054 0.3682 0.1595, -0.054 0.3642 0.1595, -0.056 0.3642 0.1592, -0.056 0.3682 0.1592, -0.057 0.3642 0.1591, -0.057 0.3682 0.1591, -0.0589 0.3642 0.1594, -0.0589 0.3682 0.1594, -0.0605 0.3642 0.16, -0.0607 0.3682 0.16, -0.0607 0.3642 0.16, -0.0624 0.3642 0.1612, -0.0624 0.3682 0.1612, -0.0627 0.3642 0.1615, -0.0627 0.3682 0.1615, -0.0644 0.3642 0.1635, -0.0644 0.3682 0.1635, -0.0665 0.3642 0.1676, -0.0665 0.3682 0.1676, -0.0679 0.3642 0.1713, -0.1034 0.3682 0.1758, -0.1034 0.3682 0.1716, -0.1034 0.3642 0.1758, -0.1034 0.3642 0.1716, -0.0883 0.3682 0.1758, -0.0952 0.3642 0.1758, -0.0883 0.3642 0.1758, -0.0883 0.3682 0.1883, -0.0883 0.3642 0.1883, -0.1015 0.3682 0.1883, -0.0952 0.3642 0.1883, -0.1015 0.3642 0.1883, -0.1015 0.3682 0.1925, -0.1015 0.3642 0.1925, -0.0883 0.3642 0.1925, -0.0883 0.3682 0.1925, -0.0952 0.3642 0.1925, -0.0883 0.3682 0.2044, -0.0883 0.3642 0.2044, -0.1026 0.3642 0.2044, -0.1026 0.3682 0.2044, -0.0952 0.3642 0.2044, -0.1026 0.3682 0.2087, -0.1026 0.3642 0.2087, -0.0835 0.3642 0.2087, -0.0835 0.3682 0.2087, -0.0952 0.3642 0.2087, -0.0835 0.3682 0.1716, -0.0835 0.3642 0.1716, -0.0952 0.3642 0.1716, -0.135 0.3682 0.1768, -0.1312 0.3682 0.1793, -0.1312 0.3682 0.174, -0.1288 0.3682 0.1776, -0.1269 0.3682 0.1724, -0.1258 0.3682 0.1764, -0.1206 0.3682 0.1716, -0.1206 0.3682 0.1758, -0.1104 0.3682 0.1716, -0.1152 0.3682 0.1758, -0.1104 0.3682 0.2087, -0.1152 0.3682 0.2044, -0.121 0.3682 0.2087, -0.1208 0.3682 0.2044, -0.1222 0.3682 0.2044, -0.1267 0.3682 0.208, -0.1261 0.3682 0.2037, -0.1311 0.3682 0.2064, -0.1292 0.3682 0.2025, -0.135 0.3682 0.2038, -0.1315 0.3682 0.2009, -0.1363 0.3682 0.2025, -0.1325 0.3682 0.1999, -0.1386 0.3682 0.1993, -0.134 0.3682 0.1978, -0.14 0.3682 0.1957, -0.135 0.3682 0.1951, -0.1406 0.3682 0.1906, -0.1356 0.3682 0.1905, -0.1405 0.3682 0.1883, -0.1354 0.3682 0.1877, -0.1396 0.3682 0.1839, -0.1346 0.3682 0.1844, -0.1378 0.3682 0.1801, -0.1333 0.3682 0.1817, -0.1316 0.3682 0.1797, -0.1206 0.3642 0.1716, -0.1104 0.3642 0.1716, -0.1269 0.3642 0.1724, -0.1312 0.3642 0.174, -0.135 0.3642 0.1768, -0.1378 0.3642 0.1801, -0.1396 0.3642 0.1839, -0.1405 0.3642 0.1883, -0.1406 0.3642 0.1906, -0.14 0.3642 0.1957, -0.1386 0.3642 0.1993, -0.1363 0.3642 0.2025, -0.135 0.3642 0.2038, -0.1311 0.3642 0.2064, -0.1267 0.3642 0.208, -0.121 0.3642 0.2087, -0.1104 0.3642 0.2087, -0.1208 0.3642 0.2044, -0.1152 0.3642 0.2044, -0.1152 0.3642 0.1758, -0.1206 0.3642 0.1758, -0.1316 0.3642 0.1797, -0.1312 0.3642 0.1793, -0.1288 0.3642 0.1776, -0.1258 0.3642 0.1764, -0.1356 0.3642 0.1905, -0.1354 0.3642 0.1877, -0.1346 0.3642 0.1844, -0.1333 0.3642 0.1817, -0.1315 0.3642 0.2009, -0.1325 0.3642 0.1999, -0.134 0.3642 0.1978, -0.135 0.3642 0.1951, -0.1222 0.3642 0.2044, -0.1261 0.3642 0.2037, -0.1292 0.3642 0.2025
            ]
        }
        coordIndex [
            0,1,2,-1,3,4,5,-1,3,5,6,-1,6,5,7,-1,6,7,2,-1,2,7,8,-1,2,8,0,-1,9,1,10,-1,10,1,0,-1,10,11,9,-1,9,11,12,-1,13,14,15,-1,15,14,12,-1,15,12,16,-1,16,12,11,-1,13,17,14,-1,14,17,18,-1,17,19,18,-1,18,19,20,-1,18,20,21,-1,21,20,22,-1,21,22,23,-1,23,22,24,-1,23,24,25,-1,25,24,26,-1,25,26,27,-1,27,26,28,-1,27,28,29,-1,29,28,30,-1,29,30,31,-1,31,30,32,-1,31,32,33,-1,33,32,34,-1,33,34,35,-1,35,34,36,-1,35,36,37,-1,37,36,38,-1,37,38,39,-1,39,38,40,-1,39,40,41,-1,41,40,42,-1,41,42,43,-1,43,42,44,-1,43,44,45,-1,45,44,46,-1,45,46,47,-1,47,46,48,-1,47,48,49,-1,49,48,50,-1,49,50,51,-1,51,50,52,-1,51,52,53,-1,53,52,54,-1,53,54,55,-1,55,54,56,-1,55,56,57,-1,57,56,58,-1,57,58,59,-1,59,58,60,-1,59,60,61,-1,61,60,62,-1,61,62,63,-1,63,62,64,-1,63,64,65,-1,65,64,66,-1,65,66,67,-1,67,66,68,-1,67,68,69,-1,69,68,70,-1,69,70,71,-1,71,70,72,-1,71,72,73,-1,73,72,74,-1,73,74,75,-1,76,75,77,-1,77,75,74,-1,76,77,78,-1,76,78,79,-1,79,78,80,-1,79,80,81,-1,81,80,82,-1,81,82,83,-1,83,82,84,-1,83,84,85,-1,85,84,86,-1,85,86,87,-1,86,88,87,-1,87,88,89,-1,88,90,89,-1,89,90,91,-1,89,91,92,-1,92,91,93,-1,92,93,94,-1,94,93,95,-1,94,95,96,-1,96,95,97,-1,96,97,98,-1,98,97,99,-1,98,99,100,-1,100,99,101,-1,100,101,102,-1,103,104,105,-1,102,101,106,-1,102,106,107,-1,107,106,108,-1,107,108,105,-1,105,108,109,-1,105,109,103,-1,104,103,110,-1,104,110,111,-1,111,110,112,-1,111,112,113,-1,113,112,114,-1,113,114,115,-1,115,114,116,-1,115,116,117,-1,117,116,118,-1,117,118,119,-1,119,118,120,-1,119,120,121,-1,121,120,122,-1,121,122,123,-1,123,122,124,-1,123,124,125,-1,125,124,126,-1,125,126,127,-1,127,126,128,-1,127,128,129,-1,129,128,130,-1,129,130,131,-1,131,130,132,-1,131,132,133,-1,133,132,134,-1,133,134,135,-1,135,134,4,-1,135,4,3,-1,61,63,85,-1,85,63,83,-1,111,43,104,-1,104,43,45,-1,21,23,127,-1,127,23,25,-1,127,25,125,-1,125,25,27,-1,125,27,123,-1,123,27,29,-1,123,29,121,-1,121,29,31,-1,121,31,119,-1,119,31,33,-1,119,33,117,-1,117,33,35,-1,117,35,115,-1,115,35,37,-1,115,37,113,-1,113,37,39,-1,113,39,111,-1,111,39,41,-1,111,41,43,-1,14,3,12,-1,12,3,6,-1,12,6,9,-1,9,6,2,-1,9,2,1,-1,63,65,83,-1,83,65,67,-1,83,67,81,-1,81,67,69,-1,81,69,79,-1,79,69,71,-1,79,71,76,-1,76,71,73,-1,76,73,75,-1,127,129,21,-1,21,129,131,-1,21,131,18,-1,18,131,133,-1,18,133,14,-1,14,133,135,-1,14,135,3,-1,85,87,61,-1,61,87,89,-1,61,89,59,-1,59,89,92,-1,59,92,57,-1,57,92,94,-1,57,94,55,-1,55,94,96,-1,55,96,53,-1,53,96,98,-1,53,98,51,-1,51,98,100,-1,51,100,49,-1,49,100,102,-1,49,102,47,-1,47,102,107,-1,47,107,45,-1,45,107,105,-1,45,105,104,-1,136,137,138,-1,138,137,139,-1,140,136,141,-1,141,136,138,-1,140,141,142,-1,140,142,143,-1,143,142,144,-1,143,144,145,-1,146,145,147,-1,147,145,144,-1,148,146,149,-1,149,146,147,-1,148,149,150,-1,150,149,151,-1,150,151,152,-1,153,150,154,-1,154,150,152,-1,153,154,155,-1,155,154,156,-1,155,156,157,-1,158,159,160,-1,160,159,155,-1,160,155,157,-1,158,161,159,-1,159,161,162,-1,161,163,162,-1,162,163,164,-1,162,164,165,-1,165,164,166,-1,165,166,167,-1,167,166,168,-1,167,168,169,-1,169,168,170,-1,169,170,171,-1,171,170,172,-1,171,172,173,-1,173,172,174,-1,173,174,175,-1,176,175,177,-1,177,175,174,-1,176,177,178,-1,176,178,179,-1,179,178,180,-1,179,180,181,-1,181,180,182,-1,181,182,183,-1,183,182,184,-1,183,184,185,-1,184,186,185,-1,185,186,187,-1,185,187,188,-1,188,187,189,-1,188,189,190,-1,190,189,191,-1,190,191,192,-1,192,191,193,-1,192,193,194,-1,139,137,195,-1,195,137,194,-1,195,194,193,-1,143,145,194,-1,137,136,194,-1,194,136,140,-1,194,140,143,-1,150,153,148,-1,148,153,155,-1,148,155,146,-1,175,176,173,-1,173,176,179,-1,173,179,171,-1,171,179,181,-1,171,181,169,-1,169,181,183,-1,169,183,167,-1,167,183,185,-1,167,185,165,-1,145,146,194,-1,194,146,155,-1,194,155,192,-1,155,159,192,-1,192,159,162,-1,192,162,190,-1,190,162,165,-1,190,165,188,-1,188,165,185,-1,196,197,198,-1,198,197,199,-1,196,198,200,-1,200,198,201,-1,200,201,202,-1,203,200,204,-1,204,200,202,-1,203,204,205,-1,205,204,206,-1,205,206,207,-1,208,205,209,-1,209,205,207,-1,210,211,212,-1,212,211,208,-1,212,208,209,-1,213,211,214,-1,214,211,210,-1,215,216,217,-1,217,216,213,-1,217,213,214,-1,218,216,219,-1,219,216,215,-1,220,221,222,-1,222,221,218,-1,222,218,219,-1,223,221,224,-1,224,221,220,-1,223,224,197,-1,197,224,225,-1,197,225,199,-1,223,197,196,-1,196,200,223,-1,223,200,203,-1,223,203,221,-1,216,218,213,-1,213,218,221,-1,213,221,211,-1,211,221,203,-1,211,203,208,-1,208,203,205,-1,226,227,228,-1,228,227,229,-1,228,229,230,-1,230,229,231,-1,230,231,232,-1,232,231,233,-1,232,233,234,-1,234,233,235,-1,234,235,236,-1,236,235,237,-1,236,237,238,-1,237,239,238,-1,238,239,240,-1,238,240,241,-1,241,240,242,-1,241,242,243,-1,243,242,244,-1,243,244,245,-1,245,244,246,-1,245,246,247,-1,247,246,248,-1,247,248,249,-1,249,248,250,-1,249,250,251,-1,251,250,252,-1,251,252,253,-1,253,252,254,-1,253,254,255,-1,255,254,256,-1,255,256,257,-1,257,256,258,-1,257,258,259,-1,259,258,260,-1,259,260,226,-1,226,260,261,-1,226,261,227,-1,232,234,262,-1,262,234,263,-1,232,262,264,-1,232,264,230,-1,230,264,265,-1,230,265,228,-1,228,265,266,-1,228,266,226,-1,226,266,267,-1,226,267,259,-1,259,267,268,-1,259,268,257,-1,257,268,269,-1,257,269,255,-1,255,269,270,-1,255,270,253,-1,253,270,271,-1,253,271,251,-1,251,271,272,-1,251,272,249,-1,249,272,273,-1,249,273,247,-1,247,273,274,-1,247,274,245,-1,245,274,275,-1,245,275,243,-1,243,275,276,-1,243,276,241,-1,241,276,277,-1,241,277,238,-1,236,238,278,-1,278,238,277,-1,234,236,263,-1,263,236,278,-1,239,237,279,-1,279,237,280,-1,237,235,280,-1,280,235,281,-1,235,233,281,-1,281,233,282,-1,261,283,284,-1,261,284,227,-1,227,284,285,-1,227,285,229,-1,229,285,286,-1,229,286,231,-1,231,286,282,-1,231,282,233,-1,254,287,288,-1,254,288,256,-1,256,288,289,-1,256,289,258,-1,258,289,290,-1,258,290,260,-1,260,290,283,-1,260,283,261,-1,246,291,292,-1,246,292,248,-1,248,292,293,-1,248,293,250,-1,250,293,294,-1,250,294,252,-1,252,294,287,-1,252,287,254,-1,239,279,295,-1,239,295,240,-1,240,295,296,-1,240,296,242,-1,242,296,297,-1,242,297,244,-1,244,297,291,-1,244,291,246,-1,
        ]
    }
}
Shape{
    appearance Appearance {
        material  Material 	{
            diffuseColor 0.2235294117647059 0.2235294117647059 0.2235294117647059
            specularColor 0.11372549019607843 0.11372549019607843 0.11372549019607843
            ambientIntensity 0.2235
            transparency 0.0
            shininess 0.5
        }
    }
    geometry IndexedFaceSet {
        ccw TRUE
        solid FALSE
        coord DEF co Coordinate {
            point [
                -0.1208 0.3642 0.2044, -0.1152 0.3642 0.2044, -0.1152 0.3642 0.1758, -0.1346 0.3642 0.1844, -0.1354 0.3642 0.1877, -0.1222 0.3642 0.2044, -0.1206 0.3642 0.1758, -0.1258 0.3642 0.1764, -0.1288 0.3642 0.1776, -0.1312 0.3642 0.1793, -0.1316 0.3642 0.1797, -0.1333 0.3642 0.1817, -0.1315 0.3642 0.2009, -0.1356 0.3642 0.1905, -0.1292 0.3642 0.2025, -0.1261 0.3642 0.2037, -0.135 0.3642 0.1951, -0.134 0.3642 0.1978, -0.1325 0.3642 0.1999
            ]
        }
        coordIndex [
            0,1,2,-1,3,4,5,-1,2,6,0,-1,0,6,7,-1,0,7,8,-1,8,9,0,-1,0,9,10,-1,0,10,5,-1,5,10,11,-1,5,11,3,-1,12,4,13,-1,12,14,4,-1,4,14,15,-1,4,15,5,-1,16,17,13,-1,13,17,18,-1,13,18,12,-1,
        ]
    }
}
Shape{
    appearance Appearance {
        material  Material 	{
            diffuseColor 1.0 1.0 1.0
            specularColor 0.5019607843137255 0.5019607843137255 0.5019607843137255
            ambientIntensity 1.0
            transparency 0.0
            shininess 0.5
        }
    }
    geometry IndexedFaceSet {
        ccw TRUE
        solid FALSE
        coord DEF co Coordinate {
            point [
                -0.153 0.3682 0.1859, -0.1515 0.3682 0.1817, -0.1655 0.3682 0.1859, -0.167 0.3682 0.1817, -0.1586 0.3682 0.2013, -0.1568 0.3682 0.2087, -0.1427 0.3682 0.1716, -0.148 0.3682 0.1716, -0.1589 0.3682 0.2024, -0.1592 0.3682 0.2039, -0.1619 0.3682 0.2087, -0.1593 0.3682 0.2039, -0.1596 0.3682 0.2024, -0.1599 0.3682 0.2013, -0.176 0.3682 0.1716, -0.1707 0.3682 0.1716, -0.1619 0.3642 0.2087, -0.176 0.3642 0.1716, -0.1568 0.3642 0.2087, -0.1427 0.3642 0.1716, -0.148 0.3642 0.1716, -0.1515 0.3642 0.1817, -0.167 0.3642 0.1817, -0.1707 0.3642 0.1716, -0.153 0.3642 0.1859, -0.1655 0.3642 0.1859, -0.1599 0.3642 0.2013, -0.1593 0.3642 0.2039, -0.1596 0.3642 0.2024, -0.1592 0.3642 0.2039, -0.1586 0.3642 0.2013, -0.1589 0.3642 0.2024
            ]
        }
        coordIndex [
            0,1,2,-1,2,1,3,-1,4,5,0,-1,0,5,6,-1,0,6,1,-1,1,6,7,-1,4,8,5,-1,5,8,9,-1,5,9,10,-1,10,9,11,-1,10,11,12,-1,12,13,10,-1,10,13,2,-1,10,2,14,-1,14,2,3,-1,14,3,15,-1,10,14,16,-1,16,14,17,-1,5,10,18,-1,18,10,16,-1,6,5,19,-1,19,5,18,-1,7,6,20,-1,20,6,19,-1,1,7,21,-1,21,7,20,-1,3,1,22,-1,22,1,21,-1,15,3,23,-1,23,3,22,-1,14,15,17,-1,17,15,23,-1,0,2,24,-1,24,2,25,-1,2,13,25,-1,25,13,26,-1,11,27,28,-1,11,28,12,-1,12,28,26,-1,12,26,13,-1,11,9,27,-1,27,9,29,-1,4,30,31,-1,4,31,8,-1,8,31,29,-1,8,29,9,-1,4,0,30,-1,30,0,24,-1,
        ]
    }
}
Shape{
    appearance Appearance {
        material  Material 	{
            diffuseColor 0.2235294117647059 0.2235294117647059 0.2235294117647059
            specularColor 0.11372549019607843 0.11372549019607843 0.11372549019607843
            ambientIntensity 0.2235
            transparency 0.0
            shininess 0.5
        }
    }
    geometry IndexedFaceSet {
        ccw TRUE
        solid FALSE
        coord DEF co Coordinate {
            point [
                -0.1593 0.3642 0.2039, -0.1592 0.3642 0.2039, -0.1596 0.3642 0.2024, -0.1589 0.3642 0.2024, -0.1599 0.3642 0.2013, -0.1586 0.3642 0.2013, -0.1655 0.3642 0.1859, -0.153 0.3642 0.1859
            ]
        }
        coordIndex [
            0,1,2,-1,2,1,3,-1,2,3,4,-1,4,3,5,-1,4,5,6,-1,6,5,7,-1,
        ]
    }
}
Shape{
    appearance Appearance {
        material  Material 	{
            diffuseColor 1.0 1.0 1.0
            specularColor 0.5019607843137255 0.5019607843137255 0.5019607843137255
            ambientIntensity 1.0
            transparency 0.0
            shininess 0.5
        }
    }
    geometry IndexedFaceSet {
        ccw TRUE
        solid FALSE
        coord DEF co Coordinate {
            point [
                0.1829 0.3682 0.1664, 0.179 0.3682 0.1615, 0.1853 0.3682 0.1897, 0.0901 0.3682 0.236, 0.0885 0.3682 0.2287, 0.0756 0.3682 0.2429, 0.1898 0.3682 0.2355, 0.1839 0.3682 0.2386, 0.185 0.3682 0.2549, 0.1341 0.3682 0.1804, 0.1341 0.3682 0.1831, 0.1564 0.3682 0.1895, 0.1588 0.3682 0.1903, 0.175 0.3682 0.2561, 0.1524 0.3682 0.1862, 0.1512 0.3682 0.1841, 0.1343 0.3682 0.1777, 0.0972 0.3682 0.2026, 0.1054 0.3682 0.2165, 0.1407 0.3682 0.1981, 0.1607 0.3682 0.1905, 0.1676 0.3682 0.1725, 0.1655 0.3682 0.1711, 0.1738 0.3682 0.1576, 0.1631 0.3682 0.1702, 0.1631 0.3682 0.1902, 0.1668 0.3682 0.2063, 0.1654 0.3682 0.1893, 0.1726 0.3682 0.2041, 0.1675 0.3682 0.1879, 0.178 0.3682 0.2003, 0.1691 0.3682 0.1861, 0.1823 0.3682 0.1953, 0.1704 0.3682 0.1838, 0.171 0.3682 0.1813, 0.191 0.3682 0.1932, 0.1894 0.3682 0.1732, 0.1855 0.3682 0.172, 0.1542 0.3682 0.1881, 0.1509 0.3682 0.2053, 0.1573 0.3682 0.2069, 0.1605 0.3682 0.2071, 0.0864 0.3682 0.2287, 0.0814 0.3682 0.2281, 0.0743 0.3682 0.2425, 0.0768 0.3682 0.2263, 0.0665 0.3682 0.2386, 0.0593 0.3682 0.2325, 0.1437 0.3682 0.2569, 0.1573 0.3682 0.2671, 0.1508 0.3682 0.2517, 0.1635 0.3682 0.2618, 0.1567 0.3682 0.2446, 0.1689 0.3682 0.2556, 0.1607 0.3682 0.2363, 0.1774 0.3682 0.2401, 0.1747 0.3682 0.2403, 0.1719 0.3682 0.2559, 0.1686 0.3682 0.2395, 0.1626 0.3682 0.2374, 0.0593 0.3682 0.1833, 0.0716 0.3682 0.1938, 0.0664 0.3682 0.1773, 0.0755 0.3682 0.1906, 0.0745 0.3682 0.1733, 0.0801 0.3682 0.1885, 0.0833 0.3682 0.1715, 0.0848 0.3682 0.1876, 0.0988 0.3682 0.1715, 0.0967 0.3682 0.1876, 0.1003 0.3682 0.1717, 0.2003 0.3682 0.2203, 0.2176 0.3682 0.2162, 0.2011 0.3682 0.2139, 0.2177 0.3682 0.2134, 0.2008 0.3682 0.2099, 0.2165 0.3682 0.2034, 0.1989 0.3682 0.2034, 0.2128 0.3682 0.1936, 0.1957 0.3682 0.198, 0.2066 0.3682 0.1847, 0.1988 0.3682 0.1779, 0.1453 0.3682 0.2023, 0.0727 0.3682 0.2234, 0.0697 0.3682 0.22, 0.0539 0.3682 0.225, 0.0672 0.3682 0.2155, 0.0507 0.3682 0.217, 0.066 0.3682 0.2104, 0.0495 0.3682 0.2084, 0.0659 0.3682 0.2081, 0.0507 0.3682 0.199, 0.0665 0.3682 0.203, 0.054 0.3682 0.1906, 0.0683 0.3682 0.1983, 0.0712 0.3682 0.1942, 0.1948 0.3682 0.2512, 0.2032 0.3682 0.2454, 0.1944 0.3682 0.2314, 0.2053 0.3682 0.2434, 0.198 0.3682 0.2262, 0.2115 0.3682 0.2356, 0.2157 0.3682 0.2261, 0.1693 0.3682 0.1744, 0.1704 0.3682 0.1766, 0.171 0.3682 0.1791, 0.0942 0.3682 0.2445, 0.0804 0.3682 0.2525, 0.1001 0.3682 0.2516, 0.0887 0.3682 0.2627, 0.1008 0.3682 0.2522, 0.0898 0.3682 0.2637, 0.1082 0.3682 0.2574, 0.1016 0.3682 0.2716, 0.1165 0.3682 0.2605, 0.1148 0.3682 0.2763, 0.1254 0.3682 0.2616, 0.1257 0.3682 0.2774, 0.1351 0.3682 0.2604, 0.1369 0.3682 0.2762, 0.1492 0.3682 0.272, 0.1506 0.3682 0.1817, 0.1505 0.3682 0.1791, 0.1358 0.3682 0.1712, 0.1511 0.3682 0.1766, 0.1389 0.3682 0.1653, 0.1523 0.3682 0.1743, 0.143 0.3682 0.1608, 0.154 0.3682 0.1724, 0.1482 0.3682 0.1571, 0.156 0.3682 0.171, 0.1541 0.3682 0.1549, 0.1584 0.3682 0.1702, 0.1605 0.3682 0.1541, 0.1607 0.3682 0.1699, 0.1615 0.3682 0.1541, 0.1677 0.3682 0.1551, 0.098 0.3682 0.1878, 0.1044 0.3682 0.1742, 0.1037 0.3682 0.1736, 0.0972 0.3682 0.1876, 0.102 0.3682 0.1724, 0.1065 0.3682 0.1796, 0.1062 0.3682 0.1777, 0.1055 0.3682 0.1759, 0.1003 0.3682 0.1876, 0.1021 0.3682 0.1868, 0.1064 0.3682 0.1807, 0.1038 0.3682 0.1857, 0.1048 0.3682 0.1845, 0.1059 0.3682 0.1827, 0.0983 0.3682 0.1878, 0.0576 0.3642 0.2301, 0.0539 0.3642 0.225, 0.0516 0.3642 0.2192, 0.0507 0.3642 0.217, 0.0495 0.3642 0.2084, 0.0593 0.3642 0.2325, 0.0665 0.3642 0.2386, 0.0743 0.3642 0.2425, 0.0756 0.3642 0.2429, 0.0804 0.3642 0.2525, 0.0887 0.3642 0.2627, 0.0898 0.3642 0.2637, 0.0959 0.3642 0.2678, 0.1016 0.3642 0.2716, 0.1148 0.3642 0.2763, 0.1257 0.3642 0.2774, 0.1573 0.3642 0.2671, 0.1562 0.3642 0.2678, 0.1492 0.3642 0.272, 0.1369 0.3642 0.2762, 0.1635 0.3642 0.2618, 0.1689 0.3642 0.2556, 0.1719 0.3642 0.2559, 0.175 0.3642 0.2561, 0.185 0.3642 0.2549, 0.1948 0.3642 0.2512, 0.2032 0.3642 0.2454, 0.2053 0.3642 0.2434, 0.2115 0.3642 0.2356, 0.2139 0.3642 0.2301, 0.2157 0.3642 0.2261, 0.217 0.3642 0.2192, 0.2176 0.3642 0.2162, 0.2177 0.3642 0.2134, 0.2165 0.3642 0.2034, 0.2128 0.3642 0.1936, 0.2066 0.3642 0.1847, 0.1988 0.3642 0.1779, 0.1894 0.3642 0.1732, 0.1855 0.3642 0.172, 0.1852 0.3642 0.1713, 0.1829 0.3642 0.1664, 0.179 0.3642 0.1615, 0.1738 0.3642 0.1576, 0.1714 0.3642 0.1566, 0.1677 0.3642 0.1551, 0.1615 0.3642 0.1541, 0.1605 0.3642 0.1541, 0.1341 0.3642 0.1804, 0.1541 0.3642 0.1549, 0.1496 0.3642 0.1566, 0.1482 0.3642 0.1571, 0.143 0.3642 0.1608, 0.1389 0.3642 0.1653, 0.1358 0.3642 0.1712, 0.1358 0.3642 0.1713, 0.1343 0.3642 0.1777, 0.1341 0.3642 0.1831, 0.0972 0.3642 0.2026, 0.1054 0.3642 0.2165, 0.1407 0.3642 0.1981, 0.1453 0.3642 0.2023, 0.1509 0.3642 0.2053, 0.1573 0.3642 0.2069, 0.1605 0.3642 0.2071, 0.1668 0.3642 0.2063, 0.1726 0.3642 0.2041, 0.178 0.3642 0.2003, 0.1823 0.3642 0.1953, 0.1853 0.3642 0.1897, 0.191 0.3642 0.1932, 0.1957 0.3642 0.198, 0.1989 0.3642 0.2034, 0.2008 0.3642 0.2099, 0.2011 0.3642 0.2139, 0.2004 0.3642 0.2192, 0.2003 0.3642 0.2203, 0.198 0.3642 0.2262, 0.1953 0.3642 0.2301, 0.1944 0.3642 0.2314, 0.1898 0.3642 0.2355, 0.1839 0.3642 0.2386, 0.1774 0.3642 0.2401, 0.1747 0.3642 0.2403, 0.1686 0.3642 0.2395, 0.1626 0.3642 0.2374, 0.1607 0.3642 0.2363, 0.1567 0.3642 0.2446, 0.1508 0.3642 0.2517, 0.1437 0.3642 0.2569, 0.1351 0.3642 0.2604, 0.1254 0.3642 0.2616, 0.0885 0.3642 0.2287, 0.0888 0.3642 0.2301, 0.0901 0.3642 0.236, 0.0942 0.3642 0.2445, 0.1001 0.3642 0.2516, 0.1008 0.3642 0.2522, 0.1082 0.3642 0.2574, 0.1165 0.3642 0.2605, 0.0864 0.3642 0.2287, 0.0814 0.3642 0.2281, 0.0768 0.3642 0.2263, 0.0727 0.3642 0.2234, 0.0697 0.3642 0.22, 0.0692 0.3642 0.2192, 0.0672 0.3642 0.2155, 0.066 0.3642 0.2104, 0.0659 0.3642 0.2081, 0.0665 0.3642 0.203, 0.0683 0.3642 0.1983, 0.0712 0.3642 0.1942, 0.0716 0.3642 0.1938, 0.0755 0.3642 0.1906, 0.0801 0.3642 0.1885, 0.0848 0.3642 0.1876, 0.0967 0.3642 0.1876, 0.0972 0.3642 0.1876, 0.098 0.3642 0.1878, 0.0983 0.3642 0.1878, 0.1003 0.3642 0.1876, 0.1021 0.3642 0.1868, 0.1038 0.3642 0.1857, 0.1048 0.3642 0.1845, 0.1059 0.3642 0.1827, 0.1064 0.3642 0.1807, 0.1065 0.3642 0.1796, 0.1062 0.3642 0.1777, 0.1055 0.3642 0.1759, 0.1044 0.3642 0.1742, 0.1037 0.3642 0.1736, 0.102 0.3642 0.1724, 0.1003 0.3642 0.1717, 0.0988 0.3642 0.1715, 0.0833 0.3642 0.1715, 0.0745 0.3642 0.1733, 0.0664 0.3642 0.1773, 0.0593 0.3642 0.1833, 0.054 0.3642 0.1906, 0.0507 0.3642 0.199, 0.1607 0.3642 0.1905, 0.1588 0.3642 0.1903, 0.1564 0.3642 0.1895, 0.1542 0.3642 0.1881, 0.1524 0.3642 0.1862, 0.1512 0.3642 0.1841, 0.1506 0.3642 0.1817, 0.1505 0.3642 0.1791, 0.1511 0.3642 0.1766, 0.1523 0.3642 0.1743, 0.154 0.3642 0.1724, 0.156 0.3642 0.171, 0.1584 0.3642 0.1702, 0.1607 0.3642 0.1699, 0.1631 0.3642 0.1702, 0.1655 0.3642 0.1711, 0.1676 0.3642 0.1725, 0.1693 0.3642 0.1744, 0.1704 0.3642 0.1766, 0.171 0.3642 0.1791, 0.171 0.3642 0.1813, 0.1704 0.3642 0.1838, 0.1691 0.3642 0.1861, 0.1675 0.3642 0.1879, 0.1654 0.3642 0.1893, 0.1631 0.3642 0.1902
            ]
        }
        coordIndex [
            0,1,2,-1,3,4,5,-1,6,7,8,-1,9,10,11,-1,11,10,12,-1,8,7,13,-1,14,15,16,-1,17,18,10,-1,10,18,19,-1,10,19,12,-1,12,19,20,-1,21,1,22,-1,22,1,23,-1,22,23,24,-1,25,26,27,-1,27,26,28,-1,27,28,29,-1,29,28,30,-1,29,30,31,-1,31,30,32,-1,31,32,33,-1,33,32,2,-1,33,2,34,-1,35,36,2,-1,2,36,37,-1,2,37,0,-1,9,11,16,-1,16,11,38,-1,16,38,14,-1,39,40,25,-1,25,40,41,-1,25,41,26,-1,4,42,5,-1,5,42,43,-1,5,43,44,-1,44,43,45,-1,44,45,46,-1,46,45,47,-1,48,49,50,-1,50,49,51,-1,50,51,52,-1,52,51,53,-1,52,53,54,-1,7,55,13,-1,13,55,56,-1,13,56,57,-1,57,56,58,-1,57,58,53,-1,53,58,59,-1,53,59,54,-1,60,61,62,-1,62,61,63,-1,62,63,64,-1,64,63,65,-1,64,65,66,-1,66,65,67,-1,66,67,68,-1,68,67,69,-1,68,69,70,-1,71,72,73,-1,73,72,74,-1,73,74,75,-1,75,74,76,-1,75,76,77,-1,77,76,78,-1,77,78,79,-1,79,78,80,-1,79,80,35,-1,35,80,81,-1,35,81,36,-1,20,19,25,-1,25,19,82,-1,25,82,39,-1,45,83,47,-1,47,83,84,-1,47,84,85,-1,85,84,86,-1,85,86,87,-1,87,86,88,-1,87,88,89,-1,89,88,90,-1,89,90,91,-1,91,90,92,-1,91,92,93,-1,93,92,94,-1,93,94,60,-1,60,94,95,-1,60,95,61,-1,8,96,6,-1,6,96,97,-1,6,97,98,-1,98,97,99,-1,98,99,100,-1,100,99,101,-1,100,101,71,-1,71,101,102,-1,71,102,72,-1,21,103,1,-1,1,103,104,-1,1,104,2,-1,2,104,105,-1,2,105,34,-1,3,5,106,-1,106,5,107,-1,106,107,108,-1,108,107,109,-1,108,109,110,-1,110,109,111,-1,110,111,112,-1,112,111,113,-1,112,113,114,-1,114,113,115,-1,114,115,116,-1,116,115,117,-1,116,117,118,-1,118,117,119,-1,118,119,48,-1,48,119,120,-1,48,120,49,-1,15,121,16,-1,16,121,122,-1,16,122,123,-1,123,122,124,-1,123,124,125,-1,125,124,126,-1,125,126,127,-1,127,126,128,-1,127,128,129,-1,129,128,130,-1,129,130,131,-1,131,130,132,-1,131,132,133,-1,133,132,134,-1,133,134,135,-1,135,134,24,-1,135,24,136,-1,136,24,23,-1,137,138,139,-1,69,140,70,-1,70,140,137,-1,70,137,141,-1,141,137,139,-1,142,143,137,-1,137,143,144,-1,137,144,138,-1,145,146,147,-1,146,148,147,-1,147,148,149,-1,147,149,150,-1,142,137,147,-1,147,137,151,-1,147,151,145,-1,152,47,153,-1,153,47,85,-1,153,85,154,-1,154,85,87,-1,154,87,155,-1,155,87,89,-1,155,89,156,-1,152,157,47,-1,47,157,158,-1,47,158,46,-1,46,158,159,-1,46,159,44,-1,44,159,160,-1,44,160,5,-1,5,160,161,-1,5,161,107,-1,107,161,162,-1,107,162,109,-1,109,162,163,-1,109,163,111,-1,111,163,113,-1,113,163,164,-1,164,165,113,-1,113,165,166,-1,113,166,115,-1,115,166,167,-1,115,167,117,-1,168,49,169,-1,169,49,120,-1,169,120,170,-1,170,120,119,-1,170,119,171,-1,171,119,117,-1,171,117,167,-1,49,168,172,-1,49,172,51,-1,51,172,173,-1,51,173,53,-1,53,173,174,-1,53,174,57,-1,57,174,175,-1,57,175,13,-1,13,175,176,-1,13,176,8,-1,8,176,177,-1,8,177,96,-1,96,177,178,-1,96,178,97,-1,97,178,179,-1,97,179,99,-1,102,101,180,-1,180,101,99,-1,180,99,179,-1,180,181,102,-1,102,181,182,-1,102,182,72,-1,72,182,183,-1,183,184,72,-1,72,184,185,-1,72,185,74,-1,74,185,186,-1,74,186,76,-1,76,186,187,-1,76,187,78,-1,78,187,188,-1,78,188,80,-1,80,188,189,-1,80,189,81,-1,81,189,190,-1,81,190,36,-1,36,190,191,-1,36,191,37,-1,37,191,192,-1,37,192,0,-1,192,193,0,-1,0,193,194,-1,0,194,1,-1,1,194,195,-1,1,195,23,-1,23,195,196,-1,23,196,136,-1,196,197,136,-1,136,197,198,-1,136,198,135,-1,135,198,199,-1,135,199,133,-1,200,9,16,-1,133,199,201,-1,133,201,131,-1,131,201,202,-1,131,202,129,-1,202,203,129,-1,129,203,204,-1,129,204,127,-1,127,204,205,-1,127,205,125,-1,125,205,206,-1,125,206,123,-1,123,206,207,-1,123,207,16,-1,16,207,208,-1,16,208,200,-1,10,9,209,-1,209,9,200,-1,17,10,210,-1,210,10,209,-1,18,17,211,-1,211,17,210,-1,19,18,212,-1,212,18,211,-1,19,212,213,-1,19,213,82,-1,82,213,214,-1,82,214,39,-1,39,214,215,-1,39,215,40,-1,40,215,216,-1,40,216,41,-1,41,216,217,-1,41,217,26,-1,26,217,218,-1,26,218,28,-1,28,218,219,-1,28,219,30,-1,30,219,220,-1,30,220,32,-1,32,220,221,-1,32,221,2,-1,2,221,222,-1,2,222,35,-1,35,222,223,-1,35,223,79,-1,79,223,224,-1,79,224,77,-1,77,224,225,-1,77,225,75,-1,75,225,226,-1,75,226,73,-1,226,227,73,-1,73,227,71,-1,227,228,71,-1,71,228,229,-1,71,229,100,-1,100,229,230,-1,100,230,98,-1,230,231,98,-1,98,231,232,-1,98,232,6,-1,6,232,233,-1,6,233,7,-1,7,233,234,-1,7,234,55,-1,55,234,235,-1,55,235,56,-1,56,235,236,-1,56,236,58,-1,58,236,237,-1,58,237,59,-1,59,237,238,-1,59,238,54,-1,54,238,239,-1,54,239,52,-1,52,239,240,-1,52,240,50,-1,50,240,241,-1,50,241,48,-1,48,241,242,-1,48,242,118,-1,118,242,243,-1,118,243,116,-1,244,4,245,-1,245,4,3,-1,245,3,246,-1,246,3,106,-1,246,106,247,-1,247,106,108,-1,247,108,248,-1,248,108,110,-1,248,110,249,-1,249,110,112,-1,249,112,250,-1,250,112,114,-1,250,114,251,-1,251,114,116,-1,251,116,243,-1,42,4,252,-1,252,4,244,-1,42,252,253,-1,42,253,43,-1,43,253,254,-1,43,254,45,-1,45,254,255,-1,45,255,83,-1,83,255,256,-1,83,256,84,-1,84,256,257,-1,84,257,86,-1,257,258,86,-1,86,258,259,-1,86,259,88,-1,88,259,260,-1,88,260,90,-1,90,260,261,-1,90,261,92,-1,92,261,262,-1,92,262,94,-1,94,262,263,-1,94,263,95,-1,95,263,264,-1,95,264,61,-1,61,264,265,-1,61,265,63,-1,63,265,266,-1,63,266,65,-1,65,266,267,-1,65,267,67,-1,69,67,268,-1,268,67,267,-1,69,268,269,-1,69,269,140,-1,140,269,270,-1,140,270,137,-1,137,270,271,-1,137,271,151,-1,151,271,272,-1,151,272,145,-1,145,272,273,-1,145,273,146,-1,146,273,274,-1,146,274,148,-1,148,274,275,-1,148,275,149,-1,149,275,276,-1,149,276,150,-1,150,276,277,-1,150,277,147,-1,147,277,278,-1,147,278,142,-1,142,278,279,-1,142,279,143,-1,143,279,280,-1,143,280,144,-1,144,280,281,-1,144,281,138,-1,138,281,282,-1,138,282,139,-1,139,282,283,-1,139,283,141,-1,141,283,284,-1,141,284,70,-1,70,284,285,-1,70,285,68,-1,66,68,286,-1,286,68,285,-1,66,286,287,-1,66,287,64,-1,64,287,288,-1,64,288,62,-1,62,288,289,-1,62,289,60,-1,60,289,290,-1,60,290,93,-1,93,290,291,-1,93,291,91,-1,91,291,156,-1,91,156,89,-1,20,292,293,-1,20,293,12,-1,12,293,294,-1,12,294,11,-1,11,294,295,-1,11,295,38,-1,38,295,296,-1,38,296,14,-1,14,296,297,-1,14,297,15,-1,15,297,298,-1,15,298,121,-1,121,298,299,-1,121,299,122,-1,122,299,300,-1,122,300,124,-1,124,300,301,-1,124,301,126,-1,126,301,302,-1,126,302,128,-1,128,302,303,-1,128,303,130,-1,130,303,304,-1,130,304,132,-1,132,304,305,-1,132,305,134,-1,134,305,306,-1,134,306,24,-1,24,306,307,-1,24,307,22,-1,22,307,308,-1,22,308,21,-1,21,308,309,-1,21,309,103,-1,103,309,310,-1,103,310,104,-1,104,310,311,-1,104,311,105,-1,105,311,312,-1,105,312,34,-1,34,312,313,-1,34,313,33,-1,33,313,314,-1,33,314,31,-1,31,314,315,-1,31,315,29,-1,29,315,316,-1,29,316,27,-1,27,316,317,-1,27,317,25,-1,25,317,292,-1,25,292,20,-1,
        ]
    }
}
Shape{
    appearance Appearance {
        material  Material 	{
            diffuseColor 0.2235294117647059 0.2235294117647059 0.2235294117647059
            specularColor 0.11372549019607843 0.11372549019607843 0.11372549019607843
            ambientIntensity 0.2235
            transparency 0.0
            shininess 0.5
        }
    }
    geometry IndexedFaceSet {
        ccw TRUE
        solid FALSE
        coord DEF co Coordinate {
            point [
                0.1607 0.3642 0.1905, 0.1607 0.3642 0.1699, 0.1588 0.3642 0.1903, 0.1584 0.3642 0.1702, 0.171 0.3642 0.1791, 0.171 0.3642 0.1813, 0.1631 0.3642 0.1902, 0.1654 0.3642 0.1893, 0.1675 0.3642 0.1879, 0.1691 0.3642 0.1861, 0.1704 0.3642 0.1838, 0.1704 0.3642 0.1766, 0.1693 0.3642 0.1744, 0.1676 0.3642 0.1725, 0.154 0.3642 0.1724, 0.1524 0.3642 0.1862, 0.1542 0.3642 0.1881, 0.1655 0.3642 0.1711, 0.1631 0.3642 0.1702, 0.156 0.3642 0.171, 0.1564 0.3642 0.1895, 0.1511 0.3642 0.1766, 0.1505 0.3642 0.1791, 0.1523 0.3642 0.1743, 0.1506 0.3642 0.1817, 0.1512 0.3642 0.1841
            ]
        }
        coordIndex [
            0,1,2,-1,2,1,3,-1,4,0,5,-1,5,0,6,-1,5,6,7,-1,7,8,5,-1,5,8,9,-1,5,9,10,-1,4,11,0,-1,0,11,12,-1,0,12,13,-1,14,15,16,-1,13,17,0,-1,0,17,18,-1,0,18,1,-1,3,19,2,-1,2,19,14,-1,2,14,20,-1,20,14,16,-1,21,22,23,-1,23,22,24,-1,23,24,14,-1,14,24,25,-1,14,25,15,-1,
        ]
    }
}