#VRML V2.0 utf8
# 3D model generated by easyeda2kicad.py (https://github.com/uPesy/easyeda2kicad.py)

Shape{
    appearance Appearance {
        material  Material 	{
            diffuseColor 0.1568627450980392 0.1568627450980392 0.1568627450980392
            specularColor 0.0784313725490196 0.0784313725490196 0.0784313725490196
            ambientIntensity 0.1569
            transparency 0.0
            shininess 0.5
        }
    }
    geometry IndexedFaceSet {
        ccw TRUE
        solid FALSE
        coord DEF co Coordinate {
            point [
                3.1575 1.7303 0.0945, 2.5512 1.7303 0.0945, 3.1575 1.7303 0.7717, 2.5512 1.7303 0.5945, -2.5512 1.7303 0.0945, -3.1575 1.7303 0.0945, -2.5512 1.7303 0.5945, -3.1575 1.7303 0.7717, -2.5394 1.7303 0.6063, 2.5394 1.7303 0.6063, 2.5276 1.7303 0.6181, -2.5276 1.7303 0.6181, 2.5394 1.7185 0.0945, 2.5394 1.4154 0.0945, 2.5394 1.7185 0.5945, 2.5394 1.4154 0.2795, 2.5394 1.3484 0.5945, 2.5394 0.5454 0.3205, 2.5394 0.5454 0.7424, 2.5394 0.5572 0.3133, 2.5394 0.5572 0.7497, 2.5394 1.3248 0.7835, 2.5394 1.3248 0.6181, 2.5394 0.6832 0.7835, 2.5394 0.618 0.7749, 2.5394 1.3366 0.6063, 2.5394 0.6832 0.2795, 2.5394 0.618 0.2881, -2.5394 1.4154 0.2795, -2.5394 1.4154 0.0945, -2.5394 1.7185 0.0945, -2.5394 1.7185 0.5945, -2.5394 1.3484 0.5945, -2.5394 0.6832 0.2795, -2.5394 1.3366 0.6063, -2.5394 0.618 0.2881, -2.5394 1.3248 0.6181, -2.5394 0.5572 0.3133, -2.5394 1.3248 0.7835, -2.5394 0.6832 0.7835, -2.5394 0.5454 0.7424, -2.5394 0.5454 0.3205, -2.5394 0.5572 0.7497, -2.5394 0.618 0.7749
            ]
        }
        coordIndex [
            0,1,2,-1,2,1,3,-1,4,5,6,-1,6,5,7,-1,6,7,8,-1,3,9,2,-1,2,9,10,-1,2,10,7,-1,7,10,11,-1,7,11,8,-1,12,13,14,-1,14,13,15,-1,14,15,16,-1,17,18,19,-1,19,18,20,-1,21,22,23,-1,23,22,19,-1,23,19,24,-1,24,19,20,-1,16,15,25,-1,25,15,26,-1,25,26,22,-1,22,26,27,-1,22,27,19,-1,28,29,30,-1,30,31,28,-1,28,31,32,-1,28,32,33,-1,33,32,34,-1,33,34,35,-1,35,34,36,-1,35,36,37,-1,37,36,38,-1,37,38,39,-1,40,41,42,-1,42,41,37,-1,42,37,43,-1,43,37,39,-1,
        ]
    }
}
Shape{
    appearance Appearance {
        material  Material 	{
            diffuseColor 0.9686274509803922 0.9686274509803922 0.9686274509803922
            specularColor 0.48627450980392156 0.48627450980392156 0.48627450980392156
            ambientIntensity 0.9686
            transparency 0.0
            shininess 0.5
        }
    }
    geometry IndexedFaceSet {
        ccw TRUE
        solid FALSE
        coord DEF co Coordinate {
            point [
                -1.3484 -0.2179 0.3324, -1.3484 -0.2179 0.2756, -1.4075 -0.2179 0.3324, -1.4075 -0.2179 0.2756, -1.3484 1.1905 0.2756, -1.4075 1.1905 0.2756, 2.9331 1.3086 0.7835, 2.9331 1.3086 0.7874, 3.3268 1.3086 0.7874, -2.9331 1.3086 0.2756, -2.3622 1.3086 0.2756, -2.3622 1.3086 0.2074, -2.9331 1.3086 0.2795, -3.3268 1.3086 0.0, -2.3327 1.3086 0.2074, -2.3327 1.3086 0.1181, -0.7579 1.3086 0.1181, -0.6201 1.3086 0.1181, 0.1833 1.3086 0.0, -2.9331 1.3086 0.7835, -3.3268 1.3086 0.7874, -2.9331 1.3086 0.7874, -0.8169 1.3086 0.1181, -0.8169 1.3086 0.2074, -0.7579 1.3086 0.2074, -0.4232 1.3086 0.1181, -0.4232 1.3086 0.2074, -0.3642 1.3086 0.2074, 0.9547 1.3086 0.1181, 0.9547 1.3086 0.2074, 1.0138 1.3086 0.2074, -2.1949 1.3086 0.1181, -1.8012 1.3086 0.1181, -1.8012 1.3086 0.2074, -1.7421 1.3086 0.2074, -0.3642 1.3086 0.1181, -0.2264 1.3086 0.1181, 2.1358 1.3086 0.1181, 2.1358 1.3086 0.2074, 2.1949 1.3086 0.2074, -2.1949 1.3086 0.2074, -2.1358 1.3086 0.2074, -2.1358 1.3086 0.1181, -1.998 1.3086 0.1181, -0.561 1.3086 0.1181, -0.561 1.3086 0.2074, -0.6201 1.3086 0.2074, 0.7579 1.3086 0.1181, 3.3268 1.3086 0.0, 0.6201 1.3086 0.1181, 0.561 1.3086 0.1181, 0.6201 1.3086 0.2074, 0.561 1.3086 0.2074, 1.4075 1.3086 0.1181, 1.5453 1.3086 0.1181, -1.998 1.3086 0.2074, -1.939 1.3086 0.2074, -1.939 1.3086 0.1181, -1.7421 1.3086 0.1181, 0.0295 1.3086 0.1181, 0.1673 1.3086 0.1181, 1.0138 1.3086 0.1181, 1.1516 1.3086 0.1181, 1.3484 1.3086 0.1181, 1.3484 1.3086 0.2074, 1.4075 1.3086 0.2074, -1.6043 1.3086 0.2074, -1.5453 1.3086 0.2074, -1.6043 1.3086 0.1181, -1.5453 1.3086 0.1181, -1.2106 1.3086 0.1181, -1.2106 1.3086 0.2074, -1.1516 1.3086 0.2074, -0.0295 1.3086 0.1181, -0.0295 1.3086 0.2074, 0.0295 1.3086 0.2074, 0.8169 1.3086 0.1181, 0.8169 1.3086 0.2074, 0.7579 1.3086 0.2074, 1.2106 1.3086 0.1181, 1.2106 1.3086 0.2074, 1.1516 1.3086 0.2074, -1.4075 1.3086 0.1181, -1.1516 1.3086 0.1181, -1.0138 1.3086 0.1181, -0.1673 1.3086 0.1181, -0.1673 1.3086 0.2074, -0.2264 1.3086 0.2074, 1.7421 1.3086 0.1181, 1.7421 1.3086 0.2074, 1.8012 1.3086 0.2074, -1.3484 1.3086 0.1181, -1.3484 1.3086 0.2074, -1.4075 1.3086 0.2074, -0.9547 1.3086 0.1181, -0.9547 1.3086 0.2074, -1.0138 1.3086 0.2074, 0.3642 1.3086 0.2074, 0.4232 1.3086 0.2074, 0.3642 1.3086 0.1181, 0.4232 1.3086 0.1181, 0.1673 1.3086 0.2074, 0.2264 1.3086 0.2074, 0.2264 1.3086 0.1181, 1.8012 1.3086 0.1181, 1.939 1.3086 0.1181, 2.3327 1.3086 0.2074, 2.3622 1.3086 0.2074, 2.3327 1.3086 0.1181, 2.1949 1.3086 0.1181, 2.9331 1.3086 0.2795, 2.9331 1.3086 0.2756, 2.3622 1.3086 0.2756, 1.6043 1.3086 0.1181, 1.6043 1.3086 0.2074, 1.5453 1.3086 0.2074, 1.939 1.3086 0.2074, 1.998 1.3086 0.2074, 1.998 1.3086 0.1181, -2.7362 0.9429 0.0, -3.3268 0.9429 0.0, 0.1833 -0.2662 0.0, 0.1673 -0.2662 0.0, 0.1673 -0.2179 0.0, -1.5453 -0.2662 0.0, -1.6043 -0.2662 0.0, -1.5453 -0.2179 0.0, -1.6043 -0.2179 0.0, -0.487 0.3437 0.0, -0.5737 0.7454 0.0, -0.3832 0.6566 0.0, 0.0295 -0.2662 0.0, -0.0295 -0.2662 0.0, 0.0295 -0.2179 0.0, -0.0295 -0.2179 0.0, -1.7421 -0.2662 0.0, -1.8012 -0.2662 0.0, -1.7421 -0.2179 0.0, -1.8012 -0.2179 0.0, -1.939 -0.2179 0.0, -1.939 -0.2662 0.0, -1.998 -0.2662 0.0, -0.1457 0.2265 0.0, -0.1456 0.2272 0.0, -0.083 0.2291 0.0, -0.1465 0.2299 0.0, -0.1468 0.2305 0.0, -0.0557 0.2622 0.0, -0.1473 0.231 0.0, -0.145 0.7078 0.0, -0.1477 0.2314 0.0, -0.145 0.7055 0.0, -0.1457 0.703 0.0, 0.1022 0.4915 0.0, 0.0308 0.5008 0.0, 0.1022 0.6783 0.0, 0.0014 0.5068 0.0, -0.0337 0.5229 0.0, -0.0584 0.703 0.0, -0.0448 0.7012 0.0, -0.3642 -0.2662 0.0, -0.4232 -0.2662 0.0, -0.3642 -0.2179 0.0, -0.4232 -0.2179 0.0, -1.998 -0.2179 0.0, -2.7362 0.5492 0.0, -2.7362 0.7454 0.0, -0.3304 0.2198 0.0, -0.3212 0.2152 0.0, -0.2996 0.2093 0.0, -0.2505 0.2027 0.0, -0.1838 0.1879 0.0, -0.0829 0.2276 0.0, -0.081 0.2236 0.0, -0.0804 0.2232 0.0, -0.0795 0.2228 0.0, 0.1479 0.7133 0.0, 0.1478 0.7139 0.0, 0.1833 0.7454 0.0, 0.1475 0.7144 0.0, -0.0175 0.5135 0.0, -0.026 0.5187 0.0, -0.0048 0.6962 0.0, -0.0248 0.6986 0.0, -0.0827 0.2309 0.0, -0.1457 0.228 0.0, -0.0819 0.2327 0.0, -0.1673 -0.2179 0.0, -0.6988 0.1699 0.0, -0.6981 0.1696 0.0, -0.6939 0.1716 0.0, -0.521 0.3879 0.0, -0.6947 0.1706 0.0, -0.4938 0.2613 0.0, -0.6955 0.17 0.0, -0.3448 0.231 0.0, -0.4688 0.1683 0.0, -0.4683 0.1686 0.0, -2.1358 -0.2662 0.0, -2.1949 -0.2662 0.0, -2.1358 -0.2179 0.0, -2.1949 -0.2179 0.0, -0.4598 0.229 0.0, -0.4587 0.2455 0.0, -0.4018 0.4362 0.0, -0.459 0.2532 0.0, -0.3968 0.573 0.0, -0.31 0.7285 0.0, -0.3298 0.7235 0.0, -0.3445 0.7159 0.0, -0.0795 0.2358 0.0, -0.6975 0.1695 0.0, -0.4711 0.1685 0.0, -0.4703 0.1682 0.0, -0.4697 0.1681 0.0, -0.4691 0.1682 0.0, -0.4678 0.1693 0.0, -0.4669 0.1708 0.0, -0.3592 0.2483 0.0, -0.4663 0.1728 0.0, -0.3819 0.2925 0.0, -0.561 -0.2662 0.0, -0.6201 -0.2662 0.0, -0.561 -0.2179 0.0, -0.6201 -0.2179 0.0, 0.1468 0.7041 0.0, 0.1477 0.7075 0.0, -0.0767 0.2223 0.0, -0.0745 0.2222 0.0, -0.1849 0.1875 0.0, 0.147 0.7149 0.0, 0.1461 0.7155 0.0, 0.1449 0.7159 0.0, 0.1434 0.7161 0.0, 0.1404 0.7157 0.0, 0.1243 0.7132 0.0, -0.0602 0.4959 0.0, -0.0613 0.4939 0.0, -0.0607 0.7032 0.0, -0.062 0.4921 0.0, -0.0623 0.7037 0.0, -0.0622 0.4906 0.0, -0.0638 0.7046 0.0, -0.3573 0.7049 0.0, -0.3708 0.6865 0.0, -0.4608 0.2584 0.0, -0.4623 0.2613 0.0, -0.1476 0.2229 0.0, -0.1466 0.2244 0.0, -0.146 0.2255 0.0, -0.1487 0.2317 0.0, -0.1504 0.2319 0.0, -0.1471 0.7006 0.0, -0.4747 0.1734 0.0, -0.4738 0.1713 0.0, -0.6969 0.1695 0.0, -0.4728 0.17 0.0, -0.4719 0.169 0.0, -0.693 0.1737 0.0, -0.6925 0.1755 0.0, -0.6365 0.4158 0.0, -0.6866 0.2095 0.0, -0.7579 -0.2662 0.0, -0.8169 -0.2662 0.0, -0.7579 -0.2179 0.0, -0.8169 -0.2179 0.0, -2.3327 -0.2662 0.0, -3.3268 -0.2662 0.0, -2.3327 -0.2179 0.0, -3.3268 0.5492 0.0, -0.2132 0.1984 0.0, -0.1993 0.1947 0.0, -0.1904 0.1893 0.0, 0.1275 0.192 0.0, 0.1299 0.193 0.0, 0.1319 0.1944 0.0, 0.1332 0.1961 0.0, -0.0824 0.226 0.0, -0.0816 0.2243 0.0, 0.1099 0.7114 0.0, 0.0954 0.7114 0.0, 0.0929 0.7114 0.0, -0.0582 0.4845 0.0, -0.0593 0.4851 0.0, -0.0605 0.4863 0.0, -0.464 0.1934 0.0, -0.4652 0.1818 0.0, -0.396 0.3547 0.0, -0.2836 0.7302 0.0, -0.038 0.742 0.0, -0.2648 0.7286 0.0, -0.1484 0.2317 0.0, -0.1735 0.6794 0.0, -0.1681 0.6826 0.0, -0.6962 0.1696 0.0, -0.4809 0.1968 0.0, -0.4759 0.1764 0.0, -1.3484 -0.2179 0.0, -1.3484 -0.2662 0.0, -1.4075 -0.2662 0.0, 0.1478 0.7099 0.0, 0.1479 0.7115 0.0, 0.1022 0.4618 0.0, 0.1022 0.2316 0.0, -0.0244 0.2494 0.0, -0.0584 0.4983 0.0, -0.1529 0.6953 0.0, -0.1493 0.6982 0.0, 0.0762 0.7117 0.0, 0.0598 0.7141 0.0, 0.0266 0.72 0.0, -0.0625 0.7166 0.0, -0.1462 0.7117 0.0, -0.0642 0.7138 0.0, -0.0652 0.7118 0.0, -0.0659 0.709 0.0, -0.0658 0.7078 0.0, -0.0566 0.484 0.0, -0.0541 0.4838 0.0, -0.0482 0.2579 0.0, -0.0367 0.2525 0.0, -0.1889 0.7128 0.0, -0.1962 0.7141 0.0, -0.4666 0.269 0.0, -0.4777 0.3061 0.0, -0.7079 0.2603 0.0, -0.7083 0.259 0.0, -1.4075 -0.2179 0.0, -0.0618 0.2214 0.0, 0.0025 0.2135 0.0, 0.0666 0.2036 0.0, -0.0027 0.7259 0.0, -0.0262 0.7345 0.0, -0.0303 0.737 0.0, -0.0657 0.7102 0.0, -0.1455 0.7102 0.0, -0.0654 0.7067 0.0, -0.0648 0.7056 0.0, -0.214 0.7157 0.0, -0.2463 0.725 0.0, -0.1809 0.1897 0.0, -0.1691 0.1998 0.0, -0.1613 0.2078 0.0, -0.1792 0.2316 0.0, -0.1792 0.6767 0.0, -0.1656 0.2316 0.0, -0.1538 0.2316 0.0, -0.707 0.2618 0.0, 0.1343 0.1984 0.0, 0.1349 0.2017 0.0, 0.1449 0.7003 0.0, 0.1268 0.2681 0.0, 0.1345 0.2086 0.0, 0.1268 0.252 0.0, 0.129 0.23 0.0, -0.062 0.4891 0.0, -0.0615 0.4877 0.0, -0.1511 0.2188 0.0, -0.149 0.2211 0.0, 0.1345 0.2085 0.0, 0.1414 0.6957 0.0, 0.136 0.6889 0.0, -0.1474 0.713 0.0, -0.1486 0.7141 0.0, -0.164 0.7114 0.0, -0.1817 0.7114 0.0, -0.6789 0.342 0.0, -0.6687 0.3845 0.0, -0.7018 0.1832 0.0, -0.7015 0.1787 0.0, -0.1876 0.1877 0.0, -0.1869 0.1875 0.0, -0.9547 -0.2179 0.0, -0.7085 0.2571 0.0, 0.1056 0.1968 0.0, 0.1149 0.1933 0.0, 0.1205 0.1918 0.0, 0.1246 0.1915 0.0, 0.1268 0.6783 0.0, 0.126 0.2894 0.0, 0.1263 0.2787 0.0, -0.7077 0.2484 0.0, -0.7075 0.2449 0.0, -0.7069 0.2358 0.0, -0.7036 0.1976 0.0, -0.6834 0.3219 0.0, -0.6891 0.3021 0.0, -0.695 0.286 0.0, -0.7004 0.2707 0.0, -0.704 0.2654 0.0, -0.9547 -0.2662 0.0, -1.0138 -0.2662 0.0, -1.0138 -0.2179 0.0, -1.1516 -0.2179 0.0, -0.701 0.1755 0.0, -0.7006 0.1733 0.0, -0.7002 0.172 0.0, -0.6998 0.171 0.0, -0.6993 0.1704 0.0, -0.2264 -0.2179 0.0, -0.2264 -0.2662 0.0, -0.1673 -0.2662 0.0, -1.1516 -0.2662 0.0, -1.2106 -0.2662 0.0, -1.2106 -0.2179 0.0, 2.7362 0.5492 0.0, 1.939 -0.2662 0.0, 1.939 -0.2179 0.0, 2.7362 0.7454 0.0, 1.8012 -0.2662 0.0, 1.7421 -0.2662 0.0, 1.8012 -0.2179 0.0, 1.7421 -0.2179 0.0, 3.3268 -0.2662 0.0, 2.3327 -0.2662 0.0, 3.3268 0.5492 0.0, 2.3327 -0.2179 0.0, 2.1949 -0.2179 0.0, 1.998 -0.2662 0.0, 1.998 -0.2179 0.0, 2.1358 -0.2179 0.0, 2.1358 -0.2662 0.0, 2.1949 -0.2662 0.0, 1.4075 -0.2179 0.0, 1.4075 -0.2662 0.0, 1.3484 -0.2662 0.0, 0.6995 0.6631 0.0, 0.7001 0.7045 0.0, 0.7063 0.7454 0.0, 1.3484 -0.2179 0.0, 1.2106 -0.2179 0.0, 0.5191 0.211 0.0, 0.5213 0.2102 0.0, 1.6043 -0.2179 0.0, 0.523 0.2099 0.0, 0.5708 0.205 0.0, 0.5356 0.2099 0.0, 0.7005 0.1938 0.0, 0.7014 0.1946 0.0, 0.7024 0.1959 0.0, 0.7036 0.1982 0.0, 0.7041 0.2002 0.0, 0.7039 0.2052 0.0, 0.6995 0.2808 0.0, 0.7013 0.2294 0.0, 0.7012 0.2307 0.0, 1.5453 -0.2179 0.0, 1.5453 -0.2662 0.0, 1.6043 -0.2662 0.0, 0.5856 0.2034 0.0, 0.635 0.1993 0.0, 0.6961 0.1929 0.0, 0.6706 0.1959 0.0, 0.6902 0.1942 0.0, 0.6982 0.193 0.0, 0.6995 0.1933 0.0, 1.0138 -0.2662 0.0, 0.9547 -0.2662 0.0, 1.0138 -0.2179 0.0, 0.9547 -0.2179 0.0, 0.8169 -0.2179 0.0, 0.8169 -0.2662 0.0, 0.7579 -0.2662 0.0, 0.2315 0.7293 0.0, 0.2315 0.5025 0.0, 0.3046 0.7322 0.0, 0.2855 0.7219 0.0, 0.2442 0.7293 0.0, 0.6201 -0.2662 0.0, 0.561 -0.2662 0.0, 0.6201 -0.2179 0.0, 0.561 -0.2179 0.0, 0.2672 0.7054 0.0, 0.2578 0.6928 0.0, 0.2503 0.6792 0.0, 0.3298 0.7386 0.0, 0.3292 0.7386 0.0, 0.3768 0.2408 0.0, 0.3645 0.2291 0.0, 0.2421 0.3181 0.0, 0.3417 0.1903 0.0, 0.7579 -0.2179 0.0, 0.3174 0.1891 0.0, 0.2961 0.193 0.0, 0.4232 -0.2179 0.0, 0.2347 0.2594 0.0, 0.2474 0.2326 0.0, 0.2606 0.2152 0.0, 0.2767 0.2021 0.0, 0.3647 0.1981 0.0, 0.5161 0.2146 0.0, 0.5171 0.2127 0.0, 0.5178 0.2119 0.0, 0.3943 0.2658 0.0, 0.3292 0.2171 0.0, 0.2539 0.2693 0.0, 0.2647 0.2491 0.0, 0.2264 -0.2179 0.0, 0.2264 -0.2662 0.0, 0.6898 0.7454 0.0, 0.6647 0.7141 0.0, 0.3461 0.7378 0.0, 0.6774 0.2273 0.0, 0.612 0.2327 0.0, 0.6774 0.6605 0.0, 0.5808 0.2376 0.0, 0.4181 0.6015 0.0, 0.4253 0.5595 0.0, 0.2324 0.3989 0.0, 0.4292 0.4341 0.0, 0.2367 0.3539 0.0, 0.4286 0.4226 0.0, 0.4076 0.3013 0.0, 0.3535 0.2222 0.0, 0.3424 0.2186 0.0, 0.3099 0.2187 0.0, 0.2916 0.2255 0.0, 0.2767 0.2357 0.0, 0.2618 0.6505 0.0, 0.2742 0.6786 0.0, 0.3957 0.7059 0.0, 0.3728 0.7254 0.0, 0.358 0.7341 0.0, 0.4147 0.2541 0.0, 0.438 0.3229 0.0, 0.5189 0.2237 0.0, 1.1516 -0.2179 0.0, 1.1516 -0.2662 0.0, 1.2106 -0.2662 0.0, 0.2843 0.6919 0.0, 0.2965 0.7017 0.0, 0.3984 0.6581 0.0, 0.3838 0.6813 0.0, 0.4232 -0.2662 0.0, 0.3642 -0.2662 0.0, 0.3642 -0.2179 0.0, 0.2233 0.3152 0.0, 0.2188 0.3981 0.0, 0.2476 0.5025 0.0, 0.2518 0.6029 0.0, 0.5697 0.2403 0.0, 0.5632 0.2437 0.0, 0.5546 0.2511 0.0, 0.5218 0.2267 0.0, 0.4487 0.3913 0.0, 0.4527 0.5053 0.0, 0.5509 0.2528 0.0, 0.4481 0.5544 0.0, 0.4309 0.6368 0.0, 0.382 0.2088 0.0, 0.3964 0.224 0.0, 0.5165 0.2177 0.0, 0.5176 0.2215 0.0, 0.6737 0.6951 0.0, 0.4125 0.6816 0.0, 0.3224 0.7107 0.0, 0.3402 0.7096 0.0, 0.3082 0.7074 0.0, 0.3552 0.7044 0.0, 0.3696 0.6954 0.0, 0.6771 0.6709 0.0, 0.5311 0.2353 0.0, 0.702 0.7608 0.0, 2.7362 0.9429 0.0, 3.3268 0.9429 0.0, 0.708 0.754 0.0, -0.5744 0.7488 0.0, -0.5863 0.7488 0.0, -0.587 0.7454 0.0, -1.4075 -0.376 0.063, -1.3484 -0.376 0.063, -1.998 -0.376 0.3543, -1.998 -0.376 0.063, -1.939 -0.376 0.063, 2.1358 -0.376 0.3543, 2.1358 -0.376 0.063, 2.1949 -0.376 0.063, 2.3327 -0.376 0.063, 3.3268 -0.376 0.063, 2.3327 -0.376 0.3543, 3.3268 -0.376 0.6299, 2.1949 -0.376 0.3543, -1.6043 -0.376 0.3543, -1.6043 -0.376 0.063, -1.5453 -0.376 0.063, 1.7421 -0.376 0.3543, 1.6043 -0.376 0.3543, -3.3268 -0.376 0.6299, 1.939 -0.376 0.3543, 1.8012 -0.376 0.3543, 1.8012 -0.376 0.063, 1.7421 -0.376 0.063, 1.998 -0.376 0.3543, 1.998 -0.376 0.063, 1.939 -0.376 0.063, -0.8169 -0.376 0.3543, -0.8169 -0.376 0.063, -0.7579 -0.376 0.063, 0.1673 -0.376 0.3543, 0.1673 -0.376 0.063, 0.2264 -0.376 0.063, 0.561 -0.376 0.3543, 0.561 -0.376 0.063, 0.6201 -0.376 0.063, 0.7579 -0.376 0.3543, 0.7579 -0.376 0.063, 0.8169 -0.376 0.063, 0.9547 -0.376 0.3543, 0.9547 -0.376 0.063, 1.0138 -0.376 0.063, -1.2106 -0.376 0.3543, -1.2106 -0.376 0.063, -1.1516 -0.376 0.063, 1.5453 -0.376 0.3543, 1.5453 -0.376 0.063, 1.6043 -0.376 0.063, -3.3268 -0.376 0.063, -2.3327 -0.376 0.063, -2.3327 -0.376 0.3543, -2.1949 -0.376 0.3543, -1.939 -0.376 0.3543, -1.8012 -0.376 0.3543, -2.1358 -0.376 0.3543, -2.1358 -0.376 0.063, -2.1949 -0.376 0.063, -1.5453 -0.376 0.3543, -1.4075 -0.376 0.3543, -1.7421 -0.376 0.3543, -1.7421 -0.376 0.063, -1.8012 -0.376 0.063, -1.1516 -0.376 0.3543, -1.0138 -0.376 0.3543, -1.3484 -0.376 0.3543, -0.7579 -0.376 0.3543, -0.6201 -0.376 0.3543, 1.0138 -0.376 0.3543, 1.1516 -0.376 0.3543, -0.9547 -0.376 0.3543, -0.9547 -0.376 0.063, -1.0138 -0.376 0.063, -0.6201 -0.376 0.063, -0.561 -0.376 0.063, -0.561 -0.376 0.3543, -0.4232 -0.376 0.3543, 1.3484 -0.376 0.3543, 1.2106 -0.376 0.3543, 1.2106 -0.376 0.063, 1.1516 -0.376 0.063, 1.4075 -0.376 0.3543, 1.4075 -0.376 0.063, 1.3484 -0.376 0.063, -0.4232 -0.376 0.063, -0.3642 -0.376 0.063, -0.3642 -0.376 0.3543, -0.2264 -0.376 0.3543, -0.2264 -0.376 0.063, -0.1673 -0.376 0.063, -0.1673 -0.376 0.3543, -0.0295 -0.376 0.3543, 0.2264 -0.376 0.3543, 0.3642 -0.376 0.3543, 0.8169 -0.376 0.3543, -0.0295 -0.376 0.063, 0.0295 -0.376 0.063, 0.0295 -0.376 0.3543, 0.6201 -0.376 0.3543, 0.3642 -0.376 0.063, 0.4232 -0.376 0.063, 0.4232 -0.376 0.3543, 2.3622 0.268 0.3324, 2.3327 0.268 0.3324, 2.3327 0.268 0.3442, 1.8012 0.268 0.3442, 1.8012 0.268 0.3324, 1.7421 0.268 0.3324, 2.1949 0.268 0.3324, 2.1358 0.268 0.3324, 2.1949 0.268 0.3442, 2.1358 0.268 0.3442, 1.4075 0.268 0.3442, 1.4075 0.268 0.3324, 1.3484 0.268 0.3324, -1.0138 0.268 0.3442, -1.1516 0.268 0.3442, -2.3622 0.268 0.5485, 1.0138 0.268 0.3442, 1.0138 0.268 0.3324, 0.9547 0.268 0.3324, -0.9547 0.268 0.3442, -0.9547 0.268 0.3324, -1.0138 0.268 0.3324, -1.6043 0.268 0.3442, -1.7421 0.268 0.3442, 2.3622 0.268 0.5485, 1.998 0.268 0.3442, 1.7421 0.268 0.3442, 1.6043 0.268 0.3442, -1.3484 0.268 0.3442, -1.2106 0.268 0.3442, -1.2106 0.268 0.3324, -1.1516 0.268 0.3324, -1.5453 0.268 0.3442, -1.5453 0.268 0.3324, -1.6043 0.268 0.3324, 1.939 0.268 0.3442, 1.939 0.268 0.3324, 1.998 0.268 0.3324, 1.3484 0.268 0.3442, 1.2106 0.268 0.3442, -1.4075 0.268 0.3442, -1.4075 0.268 0.3324, -1.3484 0.268 0.3324, -1.998 0.268 0.3442, -2.1358 0.268 0.3442, 1.5453 0.268 0.3442, 1.5453 0.268 0.3324, 1.6043 0.268 0.3324, -1.939 0.268 0.3442, -1.939 0.268 0.3324, -1.998 0.268 0.3324, 0.9547 0.268 0.3442, 0.8169 0.268 0.3442, -1.8012 0.268 0.3442, -1.8012 0.268 0.3324, -1.7421 0.268 0.3324, -2.3327 0.268 0.3324, -2.3622 0.268 0.3324, -2.3327 0.268 0.3442, -2.1949 0.268 0.3442, -2.1949 0.268 0.3324, -2.1358 0.268 0.3324, 1.2106 0.268 0.3324, 1.1516 0.268 0.3324, 1.1516 0.268 0.3442, -0.1673 0.268 0.3442, -0.1673 0.268 0.3324, -0.2264 0.268 0.3324, -0.2264 0.268 0.3442, -0.3642 0.268 0.3442, 0.8169 0.268 0.3324, 0.7579 0.268 0.3324, 0.7579 0.268 0.3442, 0.6201 0.268 0.3442, 0.6201 0.268 0.3324, 0.561 0.268 0.3324, 0.561 0.268 0.3442, 0.4232 0.268 0.3442, -0.561 0.268 0.3442, -0.561 0.268 0.3324, -0.6201 0.268 0.3324, 0.4232 0.268 0.3324, 0.3642 0.268 0.3324, 0.3642 0.268 0.3442, 0.2264 0.268 0.3442, -0.6201 0.268 0.3442, -0.7579 0.268 0.3442, 0.2264 0.268 0.3324, 0.1673 0.268 0.3324, 0.1673 0.268 0.3442, 0.0295 0.268 0.3442, -0.4232 0.268 0.3442, -0.4232 0.268 0.3324, -0.3642 0.268 0.3324, 0.0295 0.268 0.3324, -0.0295 0.268 0.3324, -0.0295 0.268 0.3442, -0.8169 0.268 0.3442, -0.8169 0.268 0.3324, -0.7579 0.268 0.3324, -1.5453 -0.2179 0.2756, -1.6043 -0.2179 0.2756, -1.5453 -0.2179 0.3324, -1.6043 -0.2179 0.3324, -1.6043 1.1905 0.2756, -1.5453 1.1905 0.2756, 3.3268 -0.2179 0.6299, -3.3268 -0.2179 0.6299, 3.3268 -0.2179 0.7874, -3.3268 -0.2179 0.7874, 2.9331 0.4273 0.7874, 2.5394 0.4273 0.7874, 2.5394 0.5454 0.7874, 2.3622 0.5454 0.7874, -2.9331 0.4273 0.7874, -2.5394 0.4273 0.7874, -2.3622 0.5454 0.7874, -2.5394 0.5454 0.7874, 2.3622 0.5446 0.5485, -2.3622 0.5446 0.5485, -1.5453 -0.2179 0.3442, -1.5354 -0.2179 0.3442, -1.4173 -0.2179 0.3442, -1.4075 -0.2179 0.3442, -1.4173 -0.2179 0.3504, -1.4075 -0.2179 0.3543, -1.5354 -0.2179 0.3504, -1.5453 -0.2179 0.3543, -1.4075 -0.2179 0.1181, -1.5453 -0.2179 0.1181, -1.5354 0.7224 0.3324, -1.5354 -0.2179 0.3324, -1.4173 0.7224 0.3324, -1.4173 -0.2179 0.3324, -1.4173 0.7362 0.338, -1.4173 0.7636 0.3648, -1.5354 0.7362 0.338, -1.5354 0.7636 0.3648, -1.4173 0.7869 0.368, -1.4173 0.9336 0.2874, -1.5354 0.7869 0.368, -1.5354 0.9336 0.2874, -1.4173 0.925 0.2504, -1.4173 -0.2179 0.2041, -1.5354 0.925 0.2504, -1.5354 -0.2179 0.2041, -1.5354 -0.2179 0.2756, -1.4173 -0.2179 0.2756, -1.5354 -0.2218 0.2756, -1.4173 -0.2218 0.2756, -1.5354 -0.2218 0.0, -1.4173 -0.2218 0.0, -1.5354 -0.2662 0.0, -1.4173 -0.2662 0.0, -1.5354 -0.376 0.063, -1.4173 -0.376 0.063, -1.5354 -0.4511 0.0, -1.4173 -0.4511 0.0, -1.5354 -0.6516 0.0, -1.4173 -0.6516 0.0, -1.5354 -0.6516 0.1181, -1.4173 -0.6516 0.1181, -1.5354 -0.5335 0.1181, -1.4173 -0.5335 0.1181, -1.5354 -0.376 0.2756, -1.4173 -0.376 0.2756, -1.5354 -0.376 0.3504, -1.4173 -0.376 0.3504, -1.5354 0.9378 0.2843, -1.5354 0.941 0.2804, -1.5354 0.9433 0.2656, -1.5354 0.9415 0.2608, -1.5354 0.9386 0.2567, -1.5354 0.9346 0.2534, -1.5354 0.93 0.2513, -1.5354 0.943 0.2757, -1.5354 0.9438 0.2707, -1.5354 0.7321 0.335, -1.5354 0.7275 0.3331, -1.5354 0.7772 0.3704, -1.5354 0.7723 0.3697, -1.5354 0.7676 0.3678, -1.5354 0.7822 0.3698, -1.4173 0.7321 0.335, -1.4173 0.7275 0.3331, -1.4173 0.93 0.2513, -1.4173 0.9346 0.2534, -1.4173 0.9386 0.2567, -1.4173 0.9415 0.2608, -1.4173 0.9433 0.2656, -1.4173 0.9438 0.2707, -1.4173 0.7772 0.3704, -1.4173 0.7723 0.3697, -1.4173 0.7822 0.3698, -1.4173 0.7676 0.3678, -1.4173 0.943 0.2757, -1.4173 0.941 0.2804, -1.4173 0.9378 0.2843, 1.998 -0.2179 0.3324, 1.998 -0.2179 0.2756, 1.939 -0.2179 0.3324, 1.939 -0.2179 0.2756, 1.998 1.1905 0.2756, 1.939 1.1905 0.2756, 1.8012 -0.2179 0.2756, 1.7421 -0.2179 0.2756, 1.8012 -0.2179 0.3324, 1.7421 -0.2179 0.3324, 1.7421 1.1905 0.2756, 1.8012 1.1905 0.2756, 1.8012 -0.2179 0.3442, 1.811 -0.2179 0.3442, 1.9291 -0.2179 0.3442, 1.939 -0.2179 0.3442, 1.9291 -0.2179 0.3504, 1.939 -0.2179 0.3543, 1.811 -0.2179 0.3504, 1.8012 -0.2179 0.3543, 1.939 -0.2179 0.1181, 1.8012 -0.2179 0.1181, 1.811 0.7224 0.3324, 1.811 -0.2179 0.3324, 1.9291 0.7224 0.3324, 1.9291 -0.2179 0.3324, 1.9291 0.7362 0.338, 1.9291 0.7636 0.3648, 1.811 0.7362 0.338, 1.811 0.7636 0.3648, 1.9291 0.7869 0.368, 1.9291 0.9336 0.2874, 1.811 0.7869 0.368, 1.811 0.9336 0.2874, 1.9291 0.925 0.2504, 1.9291 -0.2179 0.2041, 1.811 0.925 0.2504, 1.811 -0.2179 0.2041, 1.811 -0.2179 0.2756, 1.9291 -0.2179 0.2756, 1.811 -0.2218 0.2756, 1.9291 -0.2218 0.2756, 1.811 -0.2218 0.0, 1.9291 -0.2218 0.0, 1.811 -0.2662 0.0, 1.9291 -0.2662 0.0, 1.811 -0.376 0.063, 1.9291 -0.376 0.063, 1.811 -0.4511 0.0, 1.9291 -0.4511 0.0, 1.811 -0.6516 0.0, 1.9291 -0.6516 0.0, 1.811 -0.6516 0.1181, 1.9291 -0.6516 0.1181, 1.811 -0.5335 0.1181, 1.9291 -0.5335 0.1181, 1.811 -0.376 0.2756, 1.9291 -0.376 0.2756, 1.811 -0.376 0.3504, 1.9291 -0.376 0.3504, 1.811 0.9378 0.2843, 1.811 0.941 0.2804, 1.811 0.9433 0.2656, 1.811 0.9415 0.2608, 1.811 0.9386 0.2567, 1.811 0.9346 0.2534, 1.811 0.93 0.2513, 1.811 0.943 0.2757, 1.811 0.9438 0.2707, 1.811 0.7321 0.335, 1.811 0.7822 0.3698, 1.811 0.7275 0.3331, 1.811 0.7676 0.3678, 1.811 0.7723 0.3697, 1.811 0.7772 0.3704, 1.9291 0.7321 0.335, 1.9291 0.7275 0.3331, 1.9291 0.7676 0.3678, 1.9291 0.93 0.2513, 1.9291 0.9346 0.2534, 1.9291 0.9386 0.2567, 1.9291 0.9415 0.2608, 1.9291 0.9433 0.2656, 1.9291 0.9438 0.2707, 1.9291 0.7723 0.3697, 1.9291 0.7822 0.3698, 1.9291 0.7772 0.3704, 1.9291 0.943 0.2757, 1.9291 0.941 0.2804, 1.9291 0.9378 0.2843, -1.7421 -0.2179 0.2756, -1.8012 -0.2179 0.2756, -1.7421 -0.2179 0.3324, -1.8012 -0.2179 0.3324, -1.8012 1.1905 0.2756, -1.7421 1.1905 0.2756, -1.7421 -0.2179 0.3442, -1.7323 -0.2179 0.3442, -1.6142 -0.2179 0.3442, -1.6043 -0.2179 0.3442, -1.6142 -0.2179 0.3504, -1.6043 -0.2179 0.3543, -1.7323 -0.2179 0.3504, -1.7421 -0.2179 0.3543, -1.6043 -0.2179 0.1181, -1.7421 -0.2179 0.1181, -1.7323 0.7224 0.3324, -1.7323 -0.2179 0.3324, -1.6142 0.7224 0.3324, -1.6142 -0.2179 0.3324, -1.6142 0.7362 0.338, -1.6142 0.7636 0.3648, -1.7323 0.7362 0.338, -1.7323 0.7636 0.3648, -1.6142 0.7869 0.368, -1.6142 0.9336 0.2874, -1.7323 0.7869 0.368, -1.7323 0.9336 0.2874, -1.6142 0.925 0.2504, -1.6142 -0.2179 0.2041, -1.7323 0.925 0.2504, -1.7323 -0.2179 0.2041, -1.7323 -0.2179 0.2756, -1.6142 -0.2179 0.2756, -1.7323 -0.2218 0.2756, -1.6142 -0.2218 0.2756, -1.7323 -0.2218 0.0, -1.6142 -0.2218 0.0, -1.7323 -0.2662 0.0, -1.6142 -0.2662 0.0, -1.7323 -0.376 0.063, -1.6142 -0.376 0.063, -1.7323 -0.4511 0.0, -1.6142 -0.4511 0.0, -1.7323 -0.6516 0.0, -1.6142 -0.6516 0.0, -1.7323 -0.6516 0.1181, -1.6142 -0.6516 0.1181, -1.7323 -0.5335 0.1181, -1.6142 -0.5335 0.1181, -1.7323 -0.376 0.2756, -1.6142 -0.376 0.2756, -1.7323 -0.376 0.3504, -1.6142 -0.376 0.3504, -1.7323 0.9378 0.2843, -1.7323 0.941 0.2804, -1.7323 0.9433 0.2656, -1.7323 0.9415 0.2608, -1.7323 0.9386 0.2567, -1.7323 0.9346 0.2534, -1.7323 0.93 0.2513, -1.7323 0.943 0.2757, -1.7323 0.9438 0.2707, -1.7323 0.7321 0.335, -1.7323 0.7275 0.3331, -1.7323 0.7772 0.3704, -1.7323 0.7723 0.3697, -1.7323 0.7676 0.3678, -1.7323 0.7822 0.3698, -1.6142 0.7321 0.335, -1.6142 0.7275 0.3331, -1.6142 0.93 0.2513, -1.6142 0.9346 0.2534, -1.6142 0.9386 0.2567, -1.6142 0.9415 0.2608, -1.6142 0.9433 0.2656, -1.6142 0.9438 0.2707, -1.6142 0.7772 0.3704, -1.6142 0.7723 0.3697, -1.6142 0.7822 0.3698, -1.6142 0.7676 0.3678, -1.6142 0.943 0.2757, -1.6142 0.941 0.2804, -1.6142 0.9378 0.2843, -1.939 -0.2179 0.2756, -1.998 -0.2179 0.2756, -1.939 -0.2179 0.3324, -1.998 -0.2179 0.3324, -1.998 1.1905 0.2756, -1.939 1.1905 0.2756, -1.939 -0.2179 0.3442, -1.9291 -0.2179 0.3442, -1.811 -0.2179 0.3442, -1.8012 -0.2179 0.3442, -1.811 -0.2179 0.3504, -1.8012 -0.2179 0.3543, -1.9291 -0.2179 0.3504, -1.939 -0.2179 0.3543, -1.8012 -0.2179 0.1181, -1.939 -0.2179 0.1181, -1.9291 0.7224 0.3324, -1.9291 -0.2179 0.3324, -1.811 0.7224 0.3324, -1.811 -0.2179 0.3324, -1.811 0.7362 0.338, -1.811 0.7636 0.3648, -1.9291 0.7362 0.338, -1.9291 0.7636 0.3648, -1.811 0.7869 0.368, -1.811 0.9336 0.2874, -1.9291 0.7869 0.368, -1.9291 0.9336 0.2874, -1.811 0.925 0.2504, -1.811 -0.2179 0.2041, -1.9291 0.925 0.2504, -1.9291 -0.2179 0.2041, -1.9291 -0.2179 0.2756, -1.811 -0.2179 0.2756, -1.9291 -0.2218 0.2756, -1.811 -0.2218 0.2756, -1.9291 -0.2218 0.0, -1.811 -0.2218 0.0, -1.9291 -0.2662 0.0, -1.811 -0.2662 0.0, -1.9291 -0.376 0.063, -1.811 -0.376 0.063, -1.9291 -0.4511 0.0, -1.811 -0.4511 0.0, -1.9291 -0.6516 0.0, -1.811 -0.6516 0.0, -1.9291 -0.6516 0.1181, -1.811 -0.6516 0.1181, -1.9291 -0.5335 0.1181, -1.811 -0.5335 0.1181, -1.9291 -0.376 0.2756, -1.811 -0.376 0.2756, -1.9291 -0.376 0.3504, -1.811 -0.376 0.3504, -1.9291 0.9378 0.2843, -1.9291 0.941 0.2804, -1.9291 0.9433 0.2656, -1.9291 0.9415 0.2608, -1.9291 0.9386 0.2567, -1.9291 0.9346 0.2534, -1.9291 0.93 0.2513, -1.9291 0.943 0.2757, -1.9291 0.9438 0.2707, -1.9291 0.7321 0.335, -1.9291 0.7275 0.3331, -1.9291 0.7676 0.3678, -1.9291 0.7723 0.3697, -1.9291 0.7772 0.3704, -1.9291 0.7822 0.3698, -1.811 0.7321 0.335, -1.811 0.7275 0.3331, -1.811 0.7676 0.3678, -1.811 0.7822 0.3698, -1.811 0.7723 0.3697, -1.811 0.7772 0.3704, -1.811 0.93 0.2513, -1.811 0.9346 0.2534, -1.811 0.9386 0.2567, -1.811 0.9415 0.2608, -1.811 0.9433 0.2656, -1.811 0.9438 0.2707, -1.811 0.943 0.2757, -1.811 0.941 0.2804, -1.811 0.9378 0.2843, -1.998 0.939 0.1181, -2.1358 0.939 0.1181, -2.1358 -0.2179 0.2756, -2.1949 -0.2179 0.2756, -2.1358 -0.2179 0.3324, -2.1949 -0.2179 0.3324, -2.1949 1.1905 0.2756, -2.1358 1.1905 0.2756, -2.1358 -0.2179 0.3442, -2.126 -0.2179 0.3442, -2.0079 -0.2179 0.3442, -1.998 -0.2179 0.3442, -2.0079 -0.2179 0.3504, -1.998 -0.2179 0.3543, -2.126 -0.2179 0.3504, -2.1358 -0.2179 0.3543, -1.998 -0.2179 0.1181, -2.1358 -0.2179 0.1181, -2.1358 0.5531 0.1181, -1.998 0.5531 0.1181, -1.998 0.939 0.1722, -1.998 0.5531 0.1722, -2.1358 0.939 0.163, -2.1358 0.5531 0.163, -2.126 0.7224 0.3324, -2.126 -0.2179 0.3324, -2.0079 0.7224 0.3324, -2.0079 -0.2179 0.3324, -2.0079 0.7362 0.338, -2.0079 0.7636 0.3648, -2.126 0.7362 0.338, -2.126 0.7636 0.3648, -2.0079 0.7869 0.368, -2.0079 0.9336 0.2874, -2.126 0.7869 0.368, -2.126 0.9336 0.2874, -2.0079 0.925 0.2504, -2.0079 -0.2179 0.2041, -2.126 0.925 0.2504, -2.126 -0.2179 0.2041, -2.126 -0.2179 0.2756, -2.0079 -0.2179 0.2756, -2.126 -0.2218 0.2756, -2.0079 -0.2218 0.2756, -2.126 -0.2218 0.0, -2.0079 -0.2218 0.0, -2.126 -0.2662 0.0, -2.0079 -0.2662 0.0, -2.126 -0.376 0.063, -2.0079 -0.376 0.063, -2.126 -0.4511 0.0, -2.0079 -0.4511 0.0, -2.126 -0.6516 0.0, -2.0079 -0.6516 0.0, -2.126 -0.6516 0.1181, -2.0079 -0.6516 0.1181, -2.126 -0.5335 0.1181, -2.0079 -0.5335 0.1181, -2.126 -0.376 0.2756, -2.0079 -0.376 0.2756, -2.126 -0.376 0.3504, -2.0079 -0.376 0.3504, -2.126 0.9378 0.2843, -2.126 0.941 0.2804, -2.126 0.9433 0.2656, -2.126 0.9415 0.2608, -2.126 0.9386 0.2567, -2.126 0.9346 0.2534, -2.126 0.93 0.2513, -2.126 0.943 0.2757, -2.126 0.9438 0.2707, -2.126 0.7321 0.335, -2.126 0.7275 0.3331, -2.126 0.7676 0.3678, -2.126 0.7723 0.3697, -2.126 0.7772 0.3704, -2.126 0.7822 0.3698, -2.0079 0.7321 0.335, -2.0079 0.7275 0.3331, -2.0079 0.7676 0.3678, -2.0079 0.7822 0.3698, -2.0079 0.7723 0.3697, -2.0079 0.7772 0.3704, -2.0079 0.93 0.2513, -2.0079 0.9346 0.2534, -2.0079 0.9386 0.2567, -2.0079 0.9415 0.2608, -2.0079 0.9433 0.2656, -2.0079 0.9438 0.2707, -2.0079 0.943 0.2757, -2.0079 0.941 0.2804, -2.0079 0.9378 0.2843
            ]
        }
        coordIndex [
            0,1,2,-1,2,1,3,-1,4,5,1,-1,1,5,3,-1,6,7,8,-1,9,10,11,-1,12,9,13,-1,11,14,15,-1,16,17,18,-1,12,13,19,-1,19,13,20,-1,19,20,21,-1,22,23,24,-1,25,26,27,-1,28,29,30,-1,9,11,13,-1,13,11,15,-1,13,15,31,-1,32,33,34,-1,35,36,18,-1,37,38,39,-1,40,41,31,-1,31,41,42,-1,31,42,13,-1,13,42,43,-1,27,35,25,-1,25,35,18,-1,25,18,44,-1,44,18,17,-1,44,17,45,-1,45,17,46,-1,47,48,49,-1,49,48,50,-1,49,50,51,-1,51,50,52,-1,53,54,48,-1,55,56,43,-1,43,56,57,-1,43,57,13,-1,13,57,32,-1,13,32,58,-1,58,32,34,-1,59,60,18,-1,61,62,48,-1,63,64,65,-1,66,67,68,-1,68,67,69,-1,70,71,72,-1,73,74,75,-1,30,61,28,-1,28,61,48,-1,28,48,76,-1,76,48,47,-1,76,47,77,-1,77,47,78,-1,65,53,63,-1,63,53,48,-1,63,48,79,-1,79,48,62,-1,79,62,80,-1,80,62,81,-1,82,18,69,-1,69,18,13,-1,69,13,68,-1,68,13,58,-1,83,84,18,-1,75,59,73,-1,73,59,18,-1,73,18,85,-1,85,18,36,-1,85,36,86,-1,86,36,87,-1,88,89,90,-1,72,83,70,-1,70,83,18,-1,70,18,91,-1,91,18,82,-1,91,82,92,-1,92,82,93,-1,24,16,22,-1,22,16,18,-1,22,18,94,-1,94,18,84,-1,94,84,95,-1,95,84,96,-1,97,98,99,-1,99,98,100,-1,101,102,60,-1,60,102,103,-1,60,103,18,-1,18,103,99,-1,18,99,48,-1,48,99,100,-1,48,100,50,-1,104,105,48,-1,106,107,108,-1,108,107,48,-1,108,48,109,-1,6,8,110,-1,110,8,48,-1,110,48,111,-1,111,48,107,-1,111,107,112,-1,90,104,88,-1,88,104,48,-1,88,48,113,-1,113,48,54,-1,113,54,114,-1,114,54,115,-1,116,117,105,-1,105,117,118,-1,105,118,48,-1,48,118,37,-1,48,37,109,-1,109,37,39,-1,119,120,13,-1,121,122,123,-1,124,125,126,-1,126,125,127,-1,128,129,130,-1,131,132,133,-1,133,132,134,-1,135,136,137,-1,137,136,138,-1,139,140,141,-1,142,143,144,-1,145,146,147,-1,147,146,148,-1,147,148,149,-1,149,148,150,-1,149,150,151,-1,151,150,152,-1,153,154,155,-1,155,154,156,-1,157,158,159,-1,160,161,162,-1,162,161,163,-1,141,164,139,-1,139,164,165,-1,139,165,138,-1,138,165,166,-1,138,166,137,-1,167,168,133,-1,133,168,169,-1,133,169,170,-1,171,144,172,-1,173,174,171,-1,171,174,175,-1,176,177,178,-1,178,177,179,-1,156,180,155,-1,155,180,181,-1,155,181,182,-1,182,181,157,-1,182,157,183,-1,183,157,159,-1,144,143,184,-1,184,143,185,-1,184,185,186,-1,187,188,189,-1,190,191,192,-1,192,191,193,-1,192,193,194,-1,195,196,197,-1,198,199,200,-1,200,199,201,-1,202,203,204,-1,204,203,205,-1,204,205,206,-1,207,208,129,-1,129,208,209,-1,145,147,185,-1,185,147,210,-1,185,210,186,-1,189,211,187,-1,187,211,212,-1,187,212,213,-1,213,214,187,-1,187,214,215,-1,187,215,134,-1,134,215,196,-1,134,196,133,-1,133,196,195,-1,133,195,167,-1,197,216,195,-1,195,216,217,-1,195,217,218,-1,218,217,219,-1,218,219,220,-1,221,222,223,-1,223,222,224,-1,225,226,178,-1,175,227,171,-1,171,227,228,-1,171,228,229,-1,179,230,178,-1,178,230,231,-1,178,231,232,-1,232,233,178,-1,178,233,234,-1,178,234,235,-1,236,237,238,-1,238,237,239,-1,238,239,240,-1,240,239,241,-1,240,241,242,-1,209,243,129,-1,129,243,244,-1,129,244,130,-1,206,205,130,-1,130,205,245,-1,130,245,246,-1,247,248,144,-1,144,248,249,-1,144,249,142,-1,250,251,252,-1,253,254,255,-1,255,254,256,-1,255,256,211,-1,211,256,257,-1,211,257,212,-1,190,258,191,-1,191,258,259,-1,191,259,260,-1,260,259,261,-1,262,263,264,-1,264,263,265,-1,266,267,268,-1,268,267,269,-1,268,269,201,-1,201,269,165,-1,201,165,200,-1,200,165,164,-1,170,270,133,-1,133,270,271,-1,133,271,272,-1,273,274,123,-1,123,274,275,-1,123,275,276,-1,172,277,171,-1,171,277,278,-1,171,278,173,-1,235,279,178,-1,178,279,280,-1,178,280,281,-1,282,147,283,-1,283,147,284,-1,285,202,286,-1,286,202,204,-1,286,204,219,-1,219,204,287,-1,219,287,220,-1,207,129,288,-1,288,129,289,-1,288,289,290,-1,152,150,252,-1,252,150,291,-1,252,291,250,-1,292,293,251,-1,194,193,294,-1,294,193,295,-1,294,295,255,-1,255,295,296,-1,255,296,253,-1,297,298,299,-1,226,300,178,-1,178,300,301,-1,178,301,176,-1,302,303,304,-1,158,157,238,-1,238,157,305,-1,238,305,236,-1,293,306,251,-1,251,306,307,-1,251,307,252,-1,281,308,178,-1,178,308,309,-1,178,309,310,-1,289,311,312,-1,312,311,313,-1,312,313,314,-1,315,316,149,-1,282,317,147,-1,147,317,318,-1,147,318,319,-1,319,318,302,-1,319,302,320,-1,320,302,304,-1,321,322,289,-1,246,323,130,-1,130,323,324,-1,130,324,128,-1,325,326,327,-1,228,328,229,-1,229,328,329,-1,229,329,330,-1,310,331,178,-1,178,331,332,-1,178,332,333,-1,314,334,312,-1,312,334,315,-1,312,315,335,-1,335,315,149,-1,316,336,149,-1,149,336,337,-1,149,337,242,-1,322,338,289,-1,289,338,339,-1,289,339,290,-1,171,340,144,-1,144,340,341,-1,144,341,342,-1,343,344,345,-1,345,344,292,-1,345,292,346,-1,346,292,251,-1,325,327,347,-1,276,348,123,-1,123,348,349,-1,123,349,350,-1,351,352,353,-1,353,352,354,-1,242,241,149,-1,149,241,355,-1,149,355,147,-1,147,355,356,-1,147,356,284,-1,342,357,144,-1,144,357,358,-1,144,358,247,-1,349,359,350,-1,350,359,352,-1,350,352,360,-1,360,352,361,-1,312,362,289,-1,289,362,363,-1,289,363,321,-1,321,363,364,-1,321,364,365,-1,366,327,367,-1,367,327,126,-1,367,126,166,-1,166,126,127,-1,166,127,137,-1,368,369,264,-1,272,370,133,-1,133,370,371,-1,133,371,229,-1,372,326,265,-1,265,326,373,-1,265,373,264,-1,330,374,229,-1,229,374,375,-1,229,375,133,-1,133,375,376,-1,133,376,123,-1,123,376,377,-1,123,377,273,-1,378,361,379,-1,379,361,352,-1,379,352,380,-1,380,352,351,-1,381,382,373,-1,373,382,383,-1,373,383,264,-1,264,383,384,-1,264,384,368,-1,366,385,327,-1,327,385,386,-1,327,386,387,-1,387,388,327,-1,327,388,389,-1,327,389,347,-1,390,391,372,-1,372,391,392,-1,372,392,326,-1,326,392,393,-1,369,394,264,-1,264,394,395,-1,264,395,224,-1,224,395,396,-1,224,396,223,-1,223,396,397,-1,223,397,163,-1,163,397,398,-1,163,398,162,-1,162,398,188,-1,162,188,399,-1,399,188,187,-1,399,187,400,-1,400,187,401,-1,402,403,393,-1,393,403,404,-1,393,404,326,-1,326,404,297,-1,326,297,327,-1,327,297,299,-1,405,406,407,-1,405,407,408,-1,409,410,411,-1,411,410,412,-1,413,414,415,-1,415,414,416,-1,415,416,405,-1,405,416,417,-1,418,406,419,-1,419,406,405,-1,419,405,420,-1,420,405,417,-1,420,417,421,-1,421,417,422,-1,423,424,425,-1,426,427,428,-1,429,430,431,-1,431,432,433,-1,433,432,434,-1,433,434,435,-1,435,434,436,-1,437,438,411,-1,411,438,439,-1,439,440,411,-1,411,440,441,-1,411,441,428,-1,428,441,426,-1,426,441,442,-1,426,442,443,-1,443,442,444,-1,443,444,445,-1,425,429,423,-1,423,429,431,-1,423,431,446,-1,446,431,433,-1,446,433,447,-1,447,433,448,-1,449,450,451,-1,451,450,452,-1,451,452,453,-1,435,449,433,-1,433,449,451,-1,433,451,412,-1,412,451,454,-1,412,454,411,-1,411,454,455,-1,411,455,437,-1,456,457,458,-1,458,457,459,-1,460,461,462,-1,178,463,464,-1,465,466,467,-1,468,469,470,-1,470,469,471,-1,466,472,467,-1,467,472,473,-1,467,473,474,-1,475,476,178,-1,477,478,479,-1,480,481,482,-1,482,481,470,-1,482,470,483,-1,484,485,486,-1,484,486,471,-1,471,486,487,-1,471,487,470,-1,470,487,488,-1,470,488,483,-1,463,178,467,-1,467,178,476,-1,467,476,465,-1,489,490,480,-1,480,490,491,-1,480,491,492,-1,477,479,493,-1,479,494,495,-1,495,494,496,-1,350,225,123,-1,123,225,178,-1,123,178,121,-1,121,178,497,-1,121,497,498,-1,499,500,501,-1,502,503,504,-1,504,503,505,-1,506,507,508,-1,508,507,509,-1,508,509,510,-1,510,509,511,-1,510,511,479,-1,479,511,512,-1,479,512,493,-1,478,513,479,-1,479,513,514,-1,479,514,494,-1,515,516,494,-1,494,516,517,-1,494,517,496,-1,506,518,519,-1,520,521,500,-1,500,521,522,-1,500,522,501,-1,523,524,525,-1,462,481,460,-1,460,481,480,-1,460,480,459,-1,459,480,492,-1,459,492,458,-1,458,492,431,-1,458,431,526,-1,526,431,430,-1,526,430,527,-1,527,430,528,-1,519,529,506,-1,506,529,530,-1,506,530,531,-1,531,530,532,-1,533,534,484,-1,484,534,535,-1,484,535,485,-1,485,535,497,-1,485,497,536,-1,536,497,178,-1,536,178,537,-1,537,178,464,-1,537,464,508,-1,508,464,538,-1,508,538,506,-1,506,538,539,-1,506,539,518,-1,505,540,504,-1,504,540,541,-1,504,541,542,-1,525,524,543,-1,544,545,546,-1,546,545,547,-1,546,547,548,-1,489,549,490,-1,490,549,550,-1,490,550,551,-1,551,550,523,-1,551,523,552,-1,552,523,525,-1,553,548,500,-1,500,548,554,-1,500,554,520,-1,555,556,557,-1,557,556,558,-1,557,558,530,-1,530,558,559,-1,530,559,532,-1,542,546,504,-1,504,546,548,-1,504,548,560,-1,560,548,553,-1,544,546,524,-1,524,546,561,-1,524,561,543,-1,501,475,499,-1,499,475,178,-1,499,178,562,-1,562,178,18,-1,562,18,563,-1,563,18,48,-1,563,48,564,-1,407,411,408,-1,408,411,428,-1,408,428,563,-1,563,428,565,-1,563,565,562,-1,333,289,178,-1,178,289,129,-1,178,129,18,-1,18,129,566,-1,18,566,567,-1,13,18,119,-1,119,18,567,-1,119,567,166,-1,166,567,568,-1,166,568,367,-1,299,298,569,-1,569,298,570,-1,571,572,573,-1,574,575,576,-1,577,578,579,-1,579,578,580,-1,579,580,581,-1,582,583,584,-1,585,580,586,-1,586,580,587,-1,588,580,589,-1,589,580,585,-1,589,585,590,-1,590,585,591,-1,576,581,574,-1,574,581,580,-1,574,580,592,-1,592,580,588,-1,592,588,593,-1,593,588,594,-1,595,596,597,-1,598,599,600,-1,601,602,603,-1,604,605,606,-1,607,608,609,-1,610,611,612,-1,613,614,615,-1,616,617,587,-1,587,617,618,-1,587,618,619,-1,620,621,587,-1,573,620,571,-1,571,620,587,-1,571,587,622,-1,622,587,619,-1,622,619,623,-1,623,619,624,-1,625,626,587,-1,584,625,582,-1,582,625,587,-1,582,587,627,-1,627,587,621,-1,627,621,628,-1,628,621,629,-1,630,631,587,-1,612,630,610,-1,610,630,587,-1,610,587,632,-1,632,587,626,-1,632,626,570,-1,570,626,569,-1,633,634,587,-1,635,636,587,-1,597,633,595,-1,595,633,587,-1,595,587,637,-1,637,587,631,-1,637,631,638,-1,638,631,639,-1,640,641,634,-1,634,641,642,-1,634,642,587,-1,587,642,643,-1,644,587,645,-1,645,587,636,-1,645,636,646,-1,646,636,647,-1,615,586,613,-1,613,586,587,-1,613,587,648,-1,648,587,644,-1,648,644,649,-1,649,644,650,-1,651,652,643,-1,643,652,653,-1,643,653,587,-1,587,653,654,-1,655,656,654,-1,654,656,657,-1,654,657,587,-1,587,657,658,-1,659,660,587,-1,609,635,607,-1,607,635,587,-1,607,587,661,-1,662,663,658,-1,658,663,664,-1,658,664,587,-1,587,664,598,-1,587,598,659,-1,659,598,600,-1,606,661,604,-1,604,661,587,-1,604,587,665,-1,666,667,660,-1,660,667,668,-1,660,668,587,-1,587,668,601,-1,587,601,665,-1,665,601,603,-1,669,670,671,-1,672,673,674,-1,675,676,677,-1,677,676,678,-1,679,680,681,-1,682,683,684,-1,685,686,687,-1,688,689,690,-1,691,692,684,-1,669,671,693,-1,693,671,677,-1,693,677,684,-1,684,677,678,-1,684,678,694,-1,695,696,684,-1,697,684,698,-1,698,684,683,-1,698,683,699,-1,699,683,700,-1,701,702,703,-1,674,695,672,-1,672,695,684,-1,672,684,704,-1,704,684,694,-1,704,694,705,-1,705,694,706,-1,707,708,684,-1,703,691,701,-1,701,691,684,-1,701,684,709,-1,709,684,697,-1,709,697,710,-1,710,697,711,-1,712,713,684,-1,681,707,679,-1,679,707,684,-1,679,684,714,-1,714,684,696,-1,714,696,715,-1,715,696,716,-1,717,718,719,-1,720,721,684,-1,719,712,717,-1,717,712,684,-1,717,684,722,-1,722,684,692,-1,722,692,723,-1,723,692,724,-1,725,726,727,-1,727,726,684,-1,727,684,728,-1,728,684,713,-1,728,713,729,-1,729,713,730,-1,731,732,708,-1,708,732,733,-1,708,733,684,-1,684,733,685,-1,684,685,720,-1,720,685,687,-1,734,735,736,-1,737,738,684,-1,739,740,721,-1,721,740,741,-1,721,741,684,-1,684,741,742,-1,743,744,742,-1,742,744,745,-1,742,745,684,-1,684,745,746,-1,747,748,749,-1,750,751,746,-1,746,751,752,-1,746,752,684,-1,684,752,753,-1,754,755,684,-1,756,757,753,-1,753,757,758,-1,753,758,684,-1,684,758,759,-1,749,754,747,-1,747,754,684,-1,747,684,760,-1,760,684,738,-1,760,738,761,-1,761,738,762,-1,763,764,759,-1,759,764,765,-1,759,765,684,-1,684,765,734,-1,684,734,737,-1,737,734,736,-1,690,682,688,-1,688,682,684,-1,688,684,766,-1,766,684,755,-1,766,755,767,-1,767,755,768,-1,711,0,710,-1,710,0,2,-1,769,770,771,-1,771,770,772,-1,773,770,774,-1,774,770,769,-1,583,125,584,-1,584,125,124,-1,775,776,580,-1,580,776,587,-1,777,778,775,-1,775,778,776,-1,777,8,7,-1,7,779,777,-1,777,779,780,-1,777,780,778,-1,780,781,782,-1,21,20,783,-1,783,20,778,-1,783,778,784,-1,784,778,780,-1,780,782,784,-1,784,782,785,-1,784,785,786,-1,787,788,782,-1,782,788,785,-1,693,684,787,-1,787,684,788,-1,771,772,702,-1,702,772,703,-1,789,701,790,-1,790,701,709,-1,790,709,791,-1,791,709,792,-1,791,792,793,-1,793,792,794,-1,793,794,795,-1,795,794,796,-1,795,796,790,-1,790,796,789,-1,794,626,796,-1,796,626,625,-1,327,797,126,-1,126,797,798,-1,797,82,798,-1,798,82,69,-1,299,569,626,-1,626,794,792,-1,797,327,299,-1,709,710,792,-1,792,710,2,-1,792,2,626,-1,626,2,3,-1,299,626,797,-1,797,626,3,-1,797,3,82,-1,82,3,5,-1,82,5,93,-1,789,796,625,-1,771,702,701,-1,625,584,798,-1,798,584,124,-1,798,124,126,-1,701,789,771,-1,771,789,625,-1,771,625,769,-1,769,625,798,-1,769,798,774,-1,774,798,69,-1,774,69,67,-1,799,800,801,-1,801,800,802,-1,803,804,805,-1,805,804,806,-1,807,808,809,-1,809,808,810,-1,811,812,813,-1,813,812,814,-1,815,814,816,-1,816,814,812,-1,817,815,818,-1,818,815,816,-1,819,817,820,-1,820,817,818,-1,821,819,822,-1,822,819,820,-1,823,821,824,-1,824,821,822,-1,825,823,826,-1,826,823,824,-1,827,825,828,-1,828,825,826,-1,829,827,830,-1,830,827,828,-1,831,829,832,-1,832,829,830,-1,833,831,834,-1,834,831,832,-1,835,833,836,-1,836,833,834,-1,795,835,793,-1,793,835,836,-1,802,800,791,-1,791,800,790,-1,810,837,838,-1,839,840,810,-1,810,840,841,-1,810,841,842,-1,814,815,813,-1,813,815,810,-1,813,810,843,-1,843,810,842,-1,795,790,835,-1,835,790,800,-1,838,844,810,-1,810,844,845,-1,810,845,839,-1,846,805,810,-1,810,805,806,-1,831,833,817,-1,827,829,825,-1,825,829,831,-1,825,831,823,-1,823,831,817,-1,823,817,821,-1,821,817,819,-1,833,835,817,-1,817,835,800,-1,817,800,815,-1,815,800,799,-1,815,799,810,-1,810,799,847,-1,810,847,846,-1,848,806,849,-1,849,806,850,-1,848,851,806,-1,806,851,809,-1,806,809,810,-1,852,853,811,-1,811,853,801,-1,828,826,802,-1,802,826,824,-1,793,836,791,-1,791,836,834,-1,791,834,802,-1,802,834,832,-1,802,832,828,-1,828,832,830,-1,822,820,824,-1,824,820,818,-1,824,818,802,-1,802,818,816,-1,802,816,801,-1,801,816,812,-1,801,812,811,-1,852,811,803,-1,803,811,808,-1,803,808,807,-1,811,854,808,-1,808,854,855,-1,808,855,856,-1,856,857,808,-1,808,857,858,-1,808,858,859,-1,860,861,862,-1,862,861,863,-1,862,863,807,-1,807,863,804,-1,807,804,803,-1,859,864,808,-1,808,864,865,-1,808,865,866,-1,803,805,852,-1,852,805,846,-1,852,846,853,-1,853,846,847,-1,853,847,801,-1,801,847,799,-1,807,809,851,-1,807,851,862,-1,862,851,848,-1,862,848,860,-1,860,848,849,-1,860,849,861,-1,861,849,850,-1,861,850,863,-1,863,850,806,-1,863,806,804,-1,810,808,866,-1,810,866,837,-1,837,866,865,-1,837,865,838,-1,838,865,864,-1,838,864,844,-1,844,864,859,-1,844,859,845,-1,845,859,858,-1,845,858,839,-1,839,858,857,-1,839,857,840,-1,840,857,856,-1,840,856,841,-1,841,856,855,-1,841,855,842,-1,842,855,854,-1,842,854,843,-1,843,854,811,-1,843,811,813,-1,773,774,66,-1,66,774,67,-1,4,92,5,-1,5,92,93,-1,867,868,869,-1,869,868,870,-1,871,872,868,-1,868,872,870,-1,406,418,594,-1,594,418,593,-1,706,867,705,-1,705,867,869,-1,873,874,875,-1,875,874,876,-1,877,874,878,-1,878,874,873,-1,591,410,590,-1,590,410,409,-1,875,876,673,-1,673,876,674,-1,879,672,880,-1,880,672,704,-1,880,704,881,-1,881,704,882,-1,881,882,883,-1,883,882,884,-1,883,884,885,-1,885,884,886,-1,885,886,880,-1,880,886,879,-1,884,588,886,-1,886,588,589,-1,407,887,411,-1,411,887,888,-1,887,105,888,-1,888,105,104,-1,406,594,588,-1,588,884,882,-1,887,407,406,-1,704,705,882,-1,882,705,869,-1,882,869,588,-1,588,869,870,-1,406,588,887,-1,887,588,870,-1,887,870,105,-1,105,870,872,-1,105,872,116,-1,879,886,589,-1,875,673,672,-1,589,590,888,-1,888,590,409,-1,888,409,411,-1,672,879,875,-1,875,879,589,-1,875,589,873,-1,873,589,888,-1,873,888,878,-1,878,888,104,-1,878,104,90,-1,889,890,891,-1,891,890,892,-1,893,894,895,-1,895,894,896,-1,897,898,899,-1,899,898,900,-1,901,902,903,-1,903,902,904,-1,905,904,906,-1,906,904,902,-1,907,905,908,-1,908,905,906,-1,909,907,910,-1,910,907,908,-1,911,909,912,-1,912,909,910,-1,913,911,914,-1,914,911,912,-1,915,913,916,-1,916,913,914,-1,917,915,918,-1,918,915,916,-1,919,917,920,-1,920,917,918,-1,921,919,922,-1,922,919,920,-1,923,921,924,-1,924,921,922,-1,925,923,926,-1,926,923,924,-1,885,925,883,-1,883,925,926,-1,892,890,881,-1,881,890,880,-1,900,927,928,-1,929,930,900,-1,900,930,931,-1,900,931,932,-1,904,905,903,-1,903,905,900,-1,903,900,933,-1,933,900,932,-1,885,880,925,-1,925,880,890,-1,928,934,900,-1,900,934,935,-1,900,935,929,-1,921,923,907,-1,936,895,900,-1,900,895,896,-1,900,896,899,-1,899,896,937,-1,917,919,915,-1,915,919,921,-1,915,921,913,-1,913,921,907,-1,913,907,911,-1,911,907,909,-1,923,925,907,-1,907,925,890,-1,907,890,905,-1,905,890,889,-1,905,889,900,-1,900,889,938,-1,900,938,936,-1,939,940,896,-1,896,940,941,-1,896,941,937,-1,893,942,901,-1,901,942,943,-1,901,943,891,-1,918,916,892,-1,892,916,914,-1,883,926,881,-1,881,926,924,-1,881,924,892,-1,892,924,922,-1,892,922,918,-1,918,922,920,-1,912,910,914,-1,914,910,908,-1,914,908,892,-1,892,908,906,-1,892,906,891,-1,891,906,902,-1,891,902,901,-1,944,894,897,-1,897,894,893,-1,897,893,898,-1,898,893,901,-1,901,945,898,-1,898,945,946,-1,898,946,947,-1,947,948,898,-1,898,948,949,-1,898,949,950,-1,944,897,951,-1,951,897,952,-1,951,952,953,-1,950,954,898,-1,898,954,955,-1,898,955,956,-1,893,895,942,-1,942,895,936,-1,942,936,943,-1,943,936,938,-1,943,938,891,-1,891,938,889,-1,897,899,937,-1,897,937,952,-1,952,937,941,-1,952,941,953,-1,953,941,940,-1,953,940,951,-1,951,940,939,-1,951,939,944,-1,944,939,896,-1,944,896,894,-1,900,898,956,-1,900,956,927,-1,927,956,955,-1,927,955,928,-1,928,955,954,-1,928,954,934,-1,934,954,950,-1,934,950,935,-1,935,950,949,-1,935,949,929,-1,929,949,948,-1,929,948,930,-1,930,948,947,-1,930,947,931,-1,931,947,946,-1,931,946,932,-1,932,946,945,-1,932,945,933,-1,933,945,901,-1,933,901,903,-1,877,878,89,-1,89,878,90,-1,871,117,872,-1,872,117,116,-1,957,958,959,-1,959,958,960,-1,961,958,962,-1,962,958,957,-1,629,136,628,-1,628,136,135,-1,959,960,724,-1,724,960,723,-1,963,692,964,-1,964,692,691,-1,964,691,965,-1,965,691,966,-1,965,966,967,-1,967,966,968,-1,967,968,969,-1,969,968,970,-1,969,970,964,-1,964,970,963,-1,968,582,970,-1,970,582,627,-1,127,971,137,-1,137,971,972,-1,971,68,972,-1,972,68,58,-1,125,583,582,-1,582,968,966,-1,971,127,125,-1,691,703,966,-1,966,703,772,-1,966,772,582,-1,582,772,770,-1,125,582,971,-1,971,582,770,-1,971,770,68,-1,68,770,773,-1,68,773,66,-1,963,970,627,-1,959,724,692,-1,627,628,972,-1,972,628,135,-1,972,135,137,-1,692,963,959,-1,959,963,627,-1,959,627,957,-1,957,627,972,-1,957,972,962,-1,962,972,58,-1,962,58,34,-1,973,974,975,-1,975,974,976,-1,977,978,979,-1,979,978,980,-1,981,982,983,-1,983,982,984,-1,985,986,987,-1,987,986,988,-1,989,988,990,-1,990,988,986,-1,991,989,992,-1,992,989,990,-1,993,991,994,-1,994,991,992,-1,995,993,996,-1,996,993,994,-1,997,995,998,-1,998,995,996,-1,999,997,1000,-1,1000,997,998,-1,1001,999,1002,-1,1002,999,1000,-1,1003,1001,1004,-1,1004,1001,1002,-1,1005,1003,1006,-1,1006,1003,1004,-1,1007,1005,1008,-1,1008,1005,1006,-1,1009,1007,1010,-1,1010,1007,1008,-1,969,1009,967,-1,967,1009,1010,-1,976,974,965,-1,965,974,964,-1,984,1011,1012,-1,1013,1014,984,-1,984,1014,1015,-1,984,1015,1016,-1,988,989,987,-1,987,989,984,-1,987,984,1017,-1,1017,984,1016,-1,969,964,1009,-1,1009,964,974,-1,1012,1018,984,-1,984,1018,1019,-1,984,1019,1013,-1,1020,979,984,-1,984,979,980,-1,1005,1007,991,-1,1001,1003,999,-1,999,1003,1005,-1,999,1005,997,-1,997,1005,991,-1,997,991,995,-1,995,991,993,-1,1007,1009,991,-1,991,1009,974,-1,991,974,989,-1,989,974,973,-1,989,973,984,-1,984,973,1021,-1,984,1021,1020,-1,1022,980,1023,-1,1023,980,1024,-1,1022,1025,980,-1,980,1025,983,-1,980,983,984,-1,1026,1027,985,-1,985,1027,975,-1,1002,1000,976,-1,976,1000,998,-1,967,1010,965,-1,965,1010,1008,-1,965,1008,976,-1,976,1008,1006,-1,976,1006,1002,-1,1002,1006,1004,-1,996,994,998,-1,998,994,992,-1,998,992,976,-1,976,992,990,-1,976,990,975,-1,975,990,986,-1,975,986,985,-1,1026,985,977,-1,977,985,982,-1,977,982,981,-1,985,1028,982,-1,982,1028,1029,-1,982,1029,1030,-1,1030,1031,982,-1,982,1031,1032,-1,982,1032,1033,-1,1034,1035,1036,-1,1036,1035,1037,-1,1036,1037,981,-1,981,1037,978,-1,981,978,977,-1,1033,1038,982,-1,982,1038,1039,-1,982,1039,1040,-1,977,979,1026,-1,1026,979,1020,-1,1026,1020,1027,-1,1027,1020,1021,-1,1027,1021,975,-1,975,1021,973,-1,981,983,1025,-1,981,1025,1036,-1,1036,1025,1022,-1,1036,1022,1034,-1,1034,1022,1023,-1,1034,1023,1035,-1,1035,1023,1024,-1,1035,1024,1037,-1,1037,1024,980,-1,1037,980,978,-1,984,982,1040,-1,984,1040,1011,-1,1011,1040,1039,-1,1011,1039,1012,-1,1012,1039,1038,-1,1012,1038,1018,-1,1018,1038,1033,-1,1018,1033,1019,-1,1019,1033,1032,-1,1019,1032,1013,-1,1013,1032,1031,-1,1013,1031,1014,-1,1014,1031,1030,-1,1014,1030,1015,-1,1015,1030,1029,-1,1015,1029,1016,-1,1016,1029,1028,-1,1016,1028,1017,-1,1017,1028,985,-1,1017,985,987,-1,961,962,33,-1,33,962,34,-1,1041,1042,1043,-1,1043,1042,1044,-1,1045,1042,1046,-1,1046,1042,1041,-1,572,141,573,-1,573,141,140,-1,1043,1044,718,-1,718,1044,719,-1,1047,717,1048,-1,1048,717,722,-1,1048,722,1049,-1,1049,722,1050,-1,1049,1050,1051,-1,1051,1050,1052,-1,1051,1052,1053,-1,1053,1052,1054,-1,1053,1054,1048,-1,1048,1054,1047,-1,1052,621,1054,-1,1054,621,620,-1,138,1055,139,-1,139,1055,1056,-1,1055,32,1056,-1,1056,32,57,-1,136,629,621,-1,621,1052,1050,-1,1055,138,136,-1,722,723,1050,-1,1050,723,960,-1,1050,960,621,-1,621,960,958,-1,136,621,1055,-1,1055,621,958,-1,1055,958,32,-1,32,958,961,-1,32,961,33,-1,1047,1054,620,-1,1043,718,717,-1,620,573,1056,-1,1056,573,140,-1,1056,140,139,-1,717,1047,1043,-1,1043,1047,620,-1,1043,620,1041,-1,1041,620,1056,-1,1041,1056,1046,-1,1046,1056,57,-1,1046,57,56,-1,1057,1058,1059,-1,1059,1058,1060,-1,1061,1062,1063,-1,1063,1062,1064,-1,1065,1066,1067,-1,1067,1066,1068,-1,1069,1070,1071,-1,1071,1070,1072,-1,1073,1072,1074,-1,1074,1072,1070,-1,1075,1073,1076,-1,1076,1073,1074,-1,1077,1075,1078,-1,1078,1075,1076,-1,1079,1077,1080,-1,1080,1077,1078,-1,1081,1079,1082,-1,1082,1079,1080,-1,1083,1081,1084,-1,1084,1081,1082,-1,1085,1083,1086,-1,1086,1083,1084,-1,1087,1085,1088,-1,1088,1085,1086,-1,1089,1087,1090,-1,1090,1087,1088,-1,1091,1089,1092,-1,1092,1089,1090,-1,1093,1091,1094,-1,1094,1091,1092,-1,1053,1093,1051,-1,1051,1093,1094,-1,1060,1058,1049,-1,1049,1058,1048,-1,1068,1095,1096,-1,1097,1098,1068,-1,1068,1098,1099,-1,1068,1099,1100,-1,1072,1073,1071,-1,1071,1073,1068,-1,1071,1068,1101,-1,1101,1068,1100,-1,1053,1048,1093,-1,1093,1048,1058,-1,1096,1102,1068,-1,1068,1102,1103,-1,1068,1103,1097,-1,1104,1063,1068,-1,1068,1063,1064,-1,1068,1064,1067,-1,1089,1091,1075,-1,1085,1087,1083,-1,1083,1087,1089,-1,1083,1089,1081,-1,1081,1089,1075,-1,1081,1075,1079,-1,1079,1075,1077,-1,1091,1093,1075,-1,1075,1093,1058,-1,1075,1058,1073,-1,1073,1058,1057,-1,1073,1057,1068,-1,1068,1057,1105,-1,1068,1105,1104,-1,1106,1107,1108,-1,1106,1108,1064,-1,1064,1108,1109,-1,1064,1109,1067,-1,1062,1061,1069,-1,1061,1110,1069,-1,1069,1110,1111,-1,1069,1111,1059,-1,1086,1084,1060,-1,1060,1084,1082,-1,1051,1094,1049,-1,1049,1094,1092,-1,1049,1092,1060,-1,1060,1092,1090,-1,1060,1090,1086,-1,1086,1090,1088,-1,1080,1078,1082,-1,1082,1078,1076,-1,1082,1076,1060,-1,1060,1076,1074,-1,1060,1074,1059,-1,1059,1074,1070,-1,1059,1070,1069,-1,1069,1066,1062,-1,1062,1066,1065,-1,1062,1065,1112,-1,1112,1065,1113,-1,1112,1113,1114,-1,1114,1113,1115,-1,1069,1116,1066,-1,1066,1116,1117,-1,1066,1117,1118,-1,1118,1119,1066,-1,1066,1119,1120,-1,1066,1120,1121,-1,1121,1122,1066,-1,1066,1122,1123,-1,1066,1123,1124,-1,1061,1063,1110,-1,1110,1063,1104,-1,1110,1104,1111,-1,1111,1104,1105,-1,1111,1105,1059,-1,1059,1105,1057,-1,1065,1067,1109,-1,1065,1109,1113,-1,1113,1109,1108,-1,1113,1108,1115,-1,1115,1108,1107,-1,1115,1107,1114,-1,1114,1107,1106,-1,1114,1106,1112,-1,1112,1106,1064,-1,1112,1064,1062,-1,1068,1066,1124,-1,1068,1124,1095,-1,1095,1124,1123,-1,1095,1123,1096,-1,1096,1123,1122,-1,1096,1122,1102,-1,1102,1122,1121,-1,1102,1121,1103,-1,1103,1121,1120,-1,1103,1120,1097,-1,1097,1120,1119,-1,1097,1119,1098,-1,1098,1119,1118,-1,1098,1118,1099,-1,1099,1118,1117,-1,1099,1117,1100,-1,1100,1117,1116,-1,1100,1116,1101,-1,1101,1116,1069,-1,1101,1069,1071,-1,1045,1046,55,-1,55,1046,56,-1,43,42,1125,-1,1125,42,1126,-1,1127,1128,1129,-1,1129,1128,1130,-1,1131,1128,1132,-1,1132,1128,1127,-1,624,199,623,-1,623,199,198,-1,1129,1130,730,-1,730,1130,729,-1,1133,713,1134,-1,1134,713,712,-1,1134,712,1135,-1,1135,712,1136,-1,1135,1136,1137,-1,1137,1136,1138,-1,1137,1138,1139,-1,1139,1138,1140,-1,1139,1140,1134,-1,1134,1140,1133,-1,1138,571,1140,-1,1140,571,622,-1,164,1141,200,-1,200,1141,1142,-1,1143,1142,1144,-1,1144,1142,1141,-1,571,1138,1136,-1,55,43,1045,-1,1045,43,1125,-1,1125,1145,1045,-1,1045,1145,1146,-1,1045,1146,1042,-1,1141,164,141,-1,712,719,1136,-1,1136,719,1044,-1,1136,1044,571,-1,571,1044,1042,-1,1146,1144,1042,-1,1042,1144,1141,-1,1042,1141,571,-1,571,1141,141,-1,571,141,572,-1,1133,1140,622,-1,1129,730,713,-1,1147,1132,1148,-1,1148,1132,1127,-1,622,623,1142,-1,1142,623,198,-1,1142,198,200,-1,713,1133,1129,-1,1129,1133,622,-1,1129,622,1127,-1,1127,622,1142,-1,1127,1142,1148,-1,1148,1142,1143,-1,1147,1126,1132,-1,1132,1126,42,-1,1132,42,41,-1,1149,1150,1151,-1,1151,1150,1152,-1,1153,1154,1155,-1,1155,1154,1156,-1,1157,1158,1159,-1,1159,1158,1160,-1,1161,1162,1163,-1,1163,1162,1164,-1,1165,1164,1166,-1,1166,1164,1162,-1,1167,1165,1168,-1,1168,1165,1166,-1,1169,1167,1170,-1,1170,1167,1168,-1,1171,1169,1172,-1,1172,1169,1170,-1,1173,1171,1174,-1,1174,1171,1172,-1,1175,1173,1176,-1,1176,1173,1174,-1,1177,1175,1178,-1,1178,1175,1176,-1,1179,1177,1180,-1,1180,1177,1178,-1,1181,1179,1182,-1,1182,1179,1180,-1,1183,1181,1184,-1,1184,1181,1182,-1,1185,1183,1186,-1,1186,1183,1184,-1,1139,1185,1137,-1,1137,1185,1186,-1,1152,1150,1135,-1,1135,1150,1134,-1,1160,1187,1188,-1,1189,1190,1160,-1,1160,1190,1191,-1,1160,1191,1192,-1,1164,1165,1163,-1,1163,1165,1160,-1,1163,1160,1193,-1,1193,1160,1192,-1,1139,1134,1185,-1,1185,1134,1150,-1,1188,1194,1160,-1,1160,1194,1195,-1,1160,1195,1189,-1,1196,1155,1160,-1,1160,1155,1156,-1,1160,1156,1159,-1,1181,1183,1167,-1,1177,1179,1175,-1,1175,1179,1181,-1,1175,1181,1173,-1,1173,1181,1167,-1,1173,1167,1171,-1,1171,1167,1169,-1,1183,1185,1167,-1,1167,1185,1150,-1,1167,1150,1165,-1,1165,1150,1149,-1,1165,1149,1160,-1,1160,1149,1197,-1,1160,1197,1196,-1,1198,1199,1200,-1,1198,1200,1156,-1,1156,1200,1201,-1,1156,1201,1159,-1,1154,1153,1161,-1,1153,1202,1161,-1,1161,1202,1203,-1,1161,1203,1151,-1,1178,1176,1152,-1,1152,1176,1174,-1,1137,1186,1135,-1,1135,1186,1184,-1,1135,1184,1152,-1,1152,1184,1182,-1,1152,1182,1178,-1,1178,1182,1180,-1,1172,1170,1174,-1,1174,1170,1168,-1,1174,1168,1152,-1,1152,1168,1166,-1,1152,1166,1151,-1,1151,1166,1162,-1,1151,1162,1161,-1,1161,1158,1154,-1,1154,1158,1157,-1,1154,1157,1204,-1,1204,1157,1205,-1,1204,1205,1206,-1,1206,1205,1207,-1,1161,1208,1158,-1,1158,1208,1209,-1,1158,1209,1210,-1,1210,1211,1158,-1,1158,1211,1212,-1,1158,1212,1213,-1,1213,1214,1158,-1,1158,1214,1215,-1,1158,1215,1216,-1,1153,1155,1202,-1,1202,1155,1196,-1,1202,1196,1203,-1,1203,1196,1197,-1,1203,1197,1151,-1,1151,1197,1149,-1,1157,1159,1201,-1,1157,1201,1205,-1,1205,1201,1200,-1,1205,1200,1207,-1,1207,1200,1199,-1,1207,1199,1206,-1,1206,1199,1198,-1,1206,1198,1204,-1,1204,1198,1156,-1,1204,1156,1154,-1,1160,1158,1216,-1,1160,1216,1187,-1,1187,1216,1215,-1,1187,1215,1188,-1,1188,1215,1214,-1,1188,1214,1194,-1,1194,1214,1213,-1,1194,1213,1195,-1,1195,1213,1212,-1,1195,1212,1189,-1,1189,1212,1211,-1,1189,1211,1190,-1,1190,1211,1210,-1,1190,1210,1191,-1,1191,1210,1209,-1,1191,1209,1192,-1,1192,1209,1208,-1,1192,1208,1193,-1,1193,1208,1161,-1,1193,1161,1163,-1,1131,1132,40,-1,40,1132,41,-1,
        ]
    }
}
Shape{
    appearance Appearance {
        material  Material 	{
            diffuseColor 0.6470588235294118 0.6196078431372549 0.5882352941176471
            specularColor 0.45098039215686275 0.43529411764705883 0.4117647058823529
            ambientIntensity 0.6242
            transparency 0.0
            shininess 0.5
        }
    }
    geometry IndexedFaceSet {
        ccw TRUE
        solid FALSE
        coord DEF co Coordinate {
            point [
                -2.1358 0.939 0.1181, -2.1358 0.939 0.163, -1.998 0.939 0.1181, -1.998 0.939 0.1722, -1.998 0.5531 0.1722, -2.1358 0.5531 0.163, -1.998 0.5531 0.1181, -2.1358 0.5531 0.1181
            ]
        }
        coordIndex [
            0,1,2,-1,2,1,3,-1,4,5,6,-1,6,5,7,-1,3,1,4,-1,4,1,5,-1,
        ]
    }
}
Shape{
    appearance Appearance {
        material  Material 	{
            diffuseColor 1.0 1.0 1.0
            specularColor 0.8784313725490196 0.8784313725490196 0.8784313725490196
            ambientIntensity 1.0
            transparency 0.0
            shininess 0.5
        }
    }
    geometry IndexedFaceSet {
        ccw TRUE
        solid FALSE
        coord DEF co Coordinate {
            point [
                -2.1949 1.3086 0.1181, -2.3327 1.3086 0.1181, -2.1949 0.939 0.1181, -2.3327 0.939 0.1181, -3.3268 -0.376 0.063, -3.3268 -0.376 0.6299, -3.3268 -0.2662 0.0, -3.3268 -0.2179 0.6299, -3.3268 1.3086 0.0, -3.3268 0.9429 0.0, -3.3268 1.3086 0.7874, -3.3268 0.9429 0.1181, -3.3268 -0.2179 0.7874, -3.3268 0.5492 0.1181, -3.3268 0.5492 0.0
            ]
        }
        coordIndex [
            0,1,2,-1,2,1,3,-1,4,5,6,-1,6,5,7,-1,8,9,10,-1,10,9,11,-1,10,11,12,-1,12,11,13,-1,12,13,7,-1,7,13,14,-1,7,14,6,-1,
        ]
    }
}
Shape{
    appearance Appearance {
        material  Material 	{
            diffuseColor 0.9686274509803922 0.9686274509803922 0.9686274509803922
            specularColor 0.48627450980392156 0.48627450980392156 0.48627450980392156
            ambientIntensity 0.9686
            transparency 0.0
            shininess 0.5
        }
    }
    geometry IndexedFaceSet {
        ccw TRUE
        solid FALSE
        coord DEF co Coordinate {
            point [
                2.3327 1.3086 0.1181, 2.1949 1.3086 0.1181, 2.3327 0.939 0.1181, 2.1949 0.939 0.1181
            ]
        }
        coordIndex [
            0,1,2,-1,2,1,3,-1,
        ]
    }
}
Shape{
    appearance Appearance {
        material  Material 	{
            diffuseColor 0.1568627450980392 0.1568627450980392 0.1568627450980392
            specularColor 0.0784313725490196 0.0784313725490196 0.0784313725490196
            ambientIntensity 0.1569
            transparency 0.0
            shininess 0.5
        }
    }
    geometry IndexedFaceSet {
        ccw TRUE
        solid FALSE
        coord DEF co Coordinate {
            point [
                -2.9331 1.4154 0.7835, -3.1575 1.4154 0.7835, -2.9331 1.4154 0.2795, -3.1575 1.4154 0.0945, -2.5394 1.4154 0.2795, -2.5394 1.4154 0.0945, -3.1575 1.7185 0.0827, -2.5512 1.7185 0.0827, -3.1575 1.4272 0.0827, -2.5512 1.4272 0.0827, 2.5394 1.4154 0.2795, 2.5394 1.4154 0.0945, 2.9331 1.4154 0.2795, 3.1575 1.4154 0.0945, 2.9331 1.4154 0.7835, 3.1575 1.4154 0.7835, -2.9331 1.3086 0.2795, -2.5394 0.6832 0.2795, -2.9331 0.6832 0.2795, -2.9331 1.3086 0.7835
            ]
        }
        coordIndex [
            0,1,2,-1,2,1,3,-1,2,3,4,-1,4,3,5,-1,6,7,8,-1,8,7,9,-1,10,11,12,-1,12,11,13,-1,12,13,14,-1,14,13,15,-1,2,4,16,-1,16,4,17,-1,16,17,18,-1,16,19,2,-1,2,19,0,-1,
        ]
    }
}
Shape{
    appearance Appearance {
        material  Material 	{
            diffuseColor 1.0 1.0 1.0
            specularColor 0.8784313725490196 0.8784313725490196 0.8784313725490196
            ambientIntensity 1.0
            transparency 0.0
            shininess 0.5
        }
    }
    geometry IndexedFaceSet {
        ccw TRUE
        solid FALSE
        coord DEF co Coordinate {
            point [
                -2.3622 0.5446 0.5485, -2.3622 0.268 0.5485, -2.3622 0.268 0.3324, -2.3622 -0.2179 0.3324, -2.3622 -0.2179 0.2756, -2.3622 0.5454 0.2756, -2.3622 0.5454 0.7874
            ]
        }
        coordIndex [
            0,1,2,-1,3,4,2,-1,2,4,5,-1,2,5,0,-1,0,5,6,-1,
        ]
    }
}
Shape{
    appearance Appearance {
        material  Material 	{
            diffuseColor 0.9686274509803922 0.9686274509803922 0.9686274509803922
            specularColor 0.48627450980392156 0.48627450980392156 0.48627450980392156
            ambientIntensity 0.9686
            transparency 0.0
            shininess 0.5
        }
    }
    geometry IndexedFaceSet {
        ccw TRUE
        solid FALSE
        coord DEF co Coordinate {
            point [
                -2.3327 -0.2179 0.2756, -2.3622 -0.2179 0.2756, -2.3327 -0.2179 0.3324, -2.3622 -0.2179 0.3324, -2.3622 1.1905 0.2756, -2.3622 1.3086 0.2756, -2.9331 1.3086 0.2756, -2.9331 0.4273 0.2756, -2.5394 0.4273 0.2756, -2.5394 0.5454 0.2756, -2.3622 0.5454 0.2756, -2.3327 1.1905 0.2756, -3.3268 -0.376 0.063, -3.3268 -0.2662 0.0, -2.3327 -0.376 0.063, -2.3327 -0.2662 0.0, -2.3327 0.268 0.3324, -2.3622 0.268 0.3324
            ]
        }
        coordIndex [
            0,1,2,-1,2,1,3,-1,4,5,6,-1,7,8,9,-1,1,0,10,-1,10,0,11,-1,10,11,9,-1,9,11,4,-1,9,4,7,-1,7,4,6,-1,12,13,14,-1,14,13,15,-1,2,3,16,-1,16,3,17,-1,
        ]
    }
}
Shape{
    appearance Appearance {
        material  Material 	{
            diffuseColor 1.0 1.0 1.0
            specularColor 0.8784313725490196 0.8784313725490196 0.8784313725490196
            ambientIntensity 1.0
            transparency 0.0
            shininess 0.5
        }
    }
    geometry IndexedFaceSet {
        ccw TRUE
        solid FALSE
        coord DEF co Coordinate {
            point [
                -2.3327 -0.2179 0.3442, -2.3327 0.268 0.3442, -2.3228 -0.2179 0.3442, -2.1949 0.268 0.3442, -2.2047 -0.2179 0.3442, -2.1949 -0.2179 0.3442, -2.2047 -0.2179 0.3504, -2.1949 -0.2179 0.3543, -2.3228 -0.2179 0.3504, -2.3327 -0.2179 0.3543, -2.1949 -0.376 0.3543, -2.3327 -0.376 0.3543, -2.1949 -0.2179 0.0, -2.1949 -0.2179 0.1181, -2.3327 -0.2179 0.0, -2.3327 -0.2179 0.1181, -2.3327 0.5531 0.1181, -2.1949 0.5531 0.1181, -2.1949 1.3086 0.2074, -2.1949 1.3086 0.1181, -2.1949 1.1905 0.2756, -2.1949 0.939 0.1181, -2.1949 0.939 0.159, -2.1949 0.5531 0.159, -2.1949 -0.2179 0.2756, -2.1949 -0.2662 0.0, -2.1949 0.268 0.3324, -2.1949 -0.2179 0.3324, -2.1949 -0.376 0.063, -2.3327 -0.2179 0.3324, -2.3327 0.268 0.3324, -2.3327 0.939 0.1498, -2.3327 1.1905 0.2756, -2.3327 0.5531 0.1498, -2.3327 -0.2179 0.2756, -2.3327 -0.376 0.063, -2.3327 -0.2662 0.0, -2.3327 0.939 0.1181, -2.3327 1.3086 0.1181, -2.3327 1.3086 0.2074
            ]
        }
        coordIndex [
            0,1,2,-1,2,1,3,-1,2,3,4,-1,4,3,5,-1,4,5,6,-1,6,5,7,-1,6,7,8,-1,8,7,9,-1,8,9,2,-1,2,9,0,-1,7,10,9,-1,9,10,11,-1,12,13,14,-1,14,13,15,-1,16,15,17,-1,17,15,13,-1,10,7,5,-1,18,19,20,-1,20,19,21,-1,21,22,20,-1,20,22,23,-1,20,23,24,-1,13,12,25,-1,3,26,5,-1,5,26,27,-1,5,27,10,-1,10,27,24,-1,23,17,24,-1,24,17,13,-1,24,13,10,-1,10,13,25,-1,10,25,28,-1,0,9,11,-1,29,30,1,-1,31,32,33,-1,33,32,34,-1,11,35,15,-1,15,35,36,-1,15,36,14,-1,1,0,29,-1,29,0,11,-1,29,11,34,-1,34,11,15,-1,34,15,33,-1,33,15,16,-1,31,37,32,-1,32,37,38,-1,32,38,39,-1,
        ]
    }
}
Shape{
    appearance Appearance {
        material  Material 	{
            diffuseColor 0.9686274509803922 0.9686274509803922 0.9686274509803922
            specularColor 0.48627450980392156 0.48627450980392156 0.48627450980392156
            ambientIntensity 0.9686
            transparency 0.0
            shininess 0.5
        }
    }
    geometry IndexedFaceSet {
        ccw TRUE
        solid FALSE
        coord DEF co Coordinate {
            point [
                -2.3228 0.7224 0.3324, -2.3228 -0.2179 0.3324, -2.2047 0.7224 0.3324, -2.2047 -0.2179 0.3324, -2.2047 0.7362 0.338, -2.2047 0.7636 0.3648, -2.3228 0.7362 0.338, -2.3228 0.7636 0.3648, -2.2047 0.7869 0.368, -2.2047 0.9336 0.2874, -2.3228 0.7869 0.368, -2.3228 0.9336 0.2874, -2.2047 0.925 0.2504, -2.2047 -0.2179 0.2041, -2.3228 0.925 0.2504, -2.3228 -0.2179 0.2041, -2.3228 -0.2179 0.2756, -2.2047 -0.2179 0.2756, -2.3228 -0.2218 0.2756, -2.2047 -0.2218 0.2756, -2.3228 -0.2218 0.0, -2.2047 -0.2218 0.0, -2.3228 -0.2662 0.0, -2.2047 -0.2662 0.0, -2.3228 -0.376 0.063, -2.2047 -0.376 0.063, -2.3228 -0.4511 0.0, -2.2047 -0.4511 0.0, -2.3228 -0.6516 0.0, -2.2047 -0.6516 0.0, -2.3228 -0.6516 0.1181, -2.2047 -0.6516 0.1181, -2.3228 -0.5335 0.1181, -2.2047 -0.5335 0.1181, -2.3228 -0.376 0.2756, -2.2047 -0.376 0.2756, -2.3228 -0.376 0.3504, -2.2047 -0.376 0.3504, -2.3228 -0.2179 0.3504, -2.2047 -0.2179 0.3504, -2.2047 -0.2179 0.3442, -2.3228 -0.2179 0.3442, -2.3228 0.9378 0.2843, -2.3228 0.941 0.2804, -2.3228 0.9433 0.2656, -2.3228 0.9415 0.2608, -2.3228 0.9386 0.2567, -2.3228 0.9346 0.2534, -2.3228 0.93 0.2513, -2.3228 0.943 0.2757, -2.3228 0.9438 0.2707, -2.3228 0.7321 0.335, -2.3228 0.7275 0.3331, -2.3228 0.7676 0.3678, -2.3228 0.7723 0.3697, -2.3228 0.7772 0.3704, -2.3228 0.7822 0.3698, -2.2047 0.7321 0.335, -2.2047 0.7275 0.3331, -2.2047 0.93 0.2513, -2.2047 0.9346 0.2534, -2.2047 0.9386 0.2567, -2.2047 0.9415 0.2608, -2.2047 0.9433 0.2656, -2.2047 0.9438 0.2707, -2.2047 0.7772 0.3704, -2.2047 0.7723 0.3697, -2.2047 0.7822 0.3698, -2.2047 0.7676 0.3678, -2.2047 0.943 0.2757, -2.2047 0.941 0.2804, -2.2047 0.9378 0.2843
            ]
        }
        coordIndex [
            0,1,2,-1,2,1,3,-1,4,5,6,-1,6,5,7,-1,8,9,10,-1,10,9,11,-1,12,13,14,-1,14,13,15,-1,16,15,17,-1,17,15,13,-1,18,16,19,-1,19,16,17,-1,20,18,21,-1,21,18,19,-1,22,20,23,-1,23,20,21,-1,24,22,25,-1,25,22,23,-1,26,24,27,-1,27,24,25,-1,28,26,29,-1,29,26,27,-1,30,28,31,-1,31,28,29,-1,32,30,33,-1,33,30,31,-1,34,32,35,-1,35,32,33,-1,36,34,37,-1,37,34,35,-1,38,36,39,-1,39,36,37,-1,3,1,40,-1,40,1,41,-1,11,42,43,-1,44,45,11,-1,11,45,46,-1,11,46,47,-1,15,16,14,-1,14,16,11,-1,14,11,48,-1,48,11,47,-1,38,41,36,-1,36,41,1,-1,43,49,11,-1,11,49,50,-1,11,50,44,-1,51,6,11,-1,11,6,7,-1,11,7,10,-1,32,34,18,-1,28,30,26,-1,26,30,32,-1,26,32,24,-1,24,32,18,-1,24,18,22,-1,22,18,20,-1,34,36,18,-1,18,36,1,-1,18,1,16,-1,16,1,0,-1,16,0,11,-1,11,0,52,-1,11,52,51,-1,53,54,55,-1,53,55,7,-1,7,55,56,-1,7,56,10,-1,57,58,12,-1,12,58,2,-1,29,27,3,-1,3,27,25,-1,39,37,40,-1,40,37,35,-1,40,35,3,-1,3,35,33,-1,3,33,29,-1,29,33,31,-1,23,21,25,-1,25,21,19,-1,25,19,3,-1,3,19,17,-1,3,17,2,-1,2,17,13,-1,2,13,12,-1,57,12,4,-1,4,12,9,-1,4,9,8,-1,12,59,9,-1,9,59,60,-1,9,60,61,-1,61,62,9,-1,9,62,63,-1,9,63,64,-1,65,66,67,-1,67,66,68,-1,67,68,8,-1,8,68,5,-1,8,5,4,-1,64,69,9,-1,9,69,70,-1,9,70,71,-1,
        ]
    }
}
Shape{
    appearance Appearance {
        material  Material 	{
            diffuseColor 1.0 1.0 1.0
            specularColor 0.8784313725490196 0.8784313725490196 0.8784313725490196
            ambientIntensity 1.0
            transparency 0.0
            shininess 0.5
        }
    }
    geometry IndexedFaceSet {
        ccw TRUE
        solid FALSE
        coord DEF co Coordinate {
            point [
                -2.2047 0.7362 0.338, -2.3228 0.7362 0.338, -2.2047 0.7321 0.335, -2.3228 0.7321 0.335, -2.2047 0.7275 0.3331, -2.3228 0.7275 0.3331, -2.2047 0.7224 0.3324, -2.3228 0.7224 0.3324, -2.2047 0.7869 0.368, -2.3228 0.7869 0.368, -2.3228 0.7822 0.3698, -2.2047 0.7822 0.3698, -2.3228 0.7772 0.3704, -2.2047 0.7772 0.3704, -2.3228 0.7723 0.3697, -2.2047 0.7723 0.3697, -2.3228 0.7676 0.3678, -2.2047 0.7676 0.3678, -2.3228 0.7636 0.3648, -2.2047 0.7636 0.3648, -2.3228 0.9336 0.2874, -2.2047 0.9336 0.2874, -2.2047 0.9378 0.2843, -2.3228 0.9378 0.2843, -2.2047 0.941 0.2804, -2.3228 0.941 0.2804, -2.2047 0.943 0.2757, -2.3228 0.943 0.2757, -2.2047 0.9438 0.2707, -2.3228 0.9438 0.2707, -2.2047 0.9433 0.2656, -2.3228 0.9433 0.2656, -2.2047 0.9415 0.2608, -2.3228 0.9415 0.2608, -2.2047 0.9386 0.2567, -2.3228 0.9386 0.2567, -2.2047 0.9346 0.2534, -2.3228 0.9346 0.2534, -2.2047 0.93 0.2513, -2.3228 0.93 0.2513, -2.2047 0.925 0.2504, -2.3228 0.925 0.2504, -2.3327 1.1905 0.2756, -2.3327 1.3086 0.2074, -2.3622 1.1905 0.2756, -2.3622 1.3086 0.2074, -2.3622 1.3086 0.2756, -2.5394 0.5454 0.7874, -2.5394 0.5454 0.7424, -2.5394 0.4273 0.7874, -2.5394 0.505 0.7097, -2.5394 0.465 0.6575, -2.5394 0.4398 0.5967, -2.5394 0.4312 0.5315, -2.5394 0.4273 0.2756, -2.5394 0.4398 0.4663, -2.5394 0.5454 0.3205, -2.5394 0.5454 0.2756, -2.5394 0.505 0.3533, -2.5394 0.465 0.4055, -2.9331 0.4273 0.7874, -2.9331 0.4273 0.2756, -2.9331 0.618 0.2881, -2.9331 0.5572 0.3133, -2.9331 0.505 0.3533, -2.9331 0.465 0.4055, -2.9331 0.4398 0.5967, -2.9331 0.4312 0.5315, -2.9331 0.4398 0.4663, -2.9331 0.465 0.6575, -2.9331 0.505 0.7097, -2.9331 0.5572 0.7497, -2.9331 0.6832 0.2795, -2.9331 1.3086 0.2756, -2.9331 1.3086 0.2795, -2.9331 1.3086 0.7835, -2.9331 1.3086 0.7874, -2.9331 0.6832 0.7835, -2.9331 0.618 0.7749, -2.3622 0.5454 0.7874, -2.3622 0.5454 0.2756
            ]
        }
        coordIndex [
            0,1,2,-1,2,1,3,-1,2,3,4,-1,4,3,5,-1,4,5,6,-1,6,5,7,-1,8,9,10,-1,8,10,11,-1,11,10,12,-1,11,12,13,-1,13,12,14,-1,13,14,15,-1,15,14,16,-1,15,16,17,-1,17,16,18,-1,17,18,19,-1,20,21,22,-1,20,22,23,-1,23,22,24,-1,23,24,25,-1,25,24,26,-1,25,26,27,-1,27,26,28,-1,27,28,29,-1,29,28,30,-1,29,30,31,-1,31,30,32,-1,31,32,33,-1,33,32,34,-1,33,34,35,-1,35,34,36,-1,35,36,37,-1,37,36,38,-1,37,38,39,-1,39,38,40,-1,39,40,41,-1,42,43,44,-1,44,43,45,-1,46,44,45,-1,47,48,49,-1,49,48,50,-1,49,50,51,-1,51,52,49,-1,49,52,53,-1,49,53,54,-1,54,53,55,-1,56,57,58,-1,58,57,54,-1,58,54,59,-1,59,54,55,-1,60,49,61,-1,61,49,54,-1,62,63,61,-1,61,63,64,-1,61,64,65,-1,66,60,67,-1,67,60,61,-1,67,61,68,-1,68,61,65,-1,66,69,60,-1,60,69,70,-1,60,70,71,-1,62,61,72,-1,72,61,73,-1,72,73,74,-1,75,76,77,-1,77,76,60,-1,77,60,78,-1,78,60,71,-1,47,79,48,-1,48,79,80,-1,48,80,56,-1,56,80,57,-1,
        ]
    }
}
Shape{
    appearance Appearance {
        material  Material 	{
            diffuseColor 0.1568627450980392 0.1568627450980392 0.1568627450980392
            specularColor 0.0784313725490196 0.0784313725490196 0.0784313725490196
            ambientIntensity 0.1569
            transparency 0.0
            shininess 0.5
        }
    }
    geometry IndexedFaceSet {
        ccw TRUE
        solid FALSE
        coord DEF co Coordinate {
            point [
                -3.1575 1.7185 0.7835, -3.1575 1.4154 0.7835, -2.9331 1.4154 0.7835, 3.1575 1.7185 0.7835, 2.9331 1.4154 0.7835, 3.1575 1.4154 0.7835, -2.9331 0.6832 0.7835, -2.5394 0.6832 0.7835, -2.9331 1.3086 0.7835, -2.5394 1.3248 0.7835, -2.5276 1.3366 0.7835, 2.5276 1.3366 0.7835, 2.5394 1.3248 0.7835, 2.9331 1.3086 0.7835, 2.5394 0.6832 0.7835, 2.9331 0.6832 0.7835, -2.9331 0.618 0.7749, -2.5394 0.618 0.7749, -2.9331 0.5572 0.7497, -2.5394 0.5572 0.7497, -2.5394 0.5454 0.7424, -2.9331 0.505 0.7097, -2.5394 0.505 0.7097, -2.9331 0.465 0.6575, -2.5394 0.465 0.6575, -2.9331 0.4398 0.5967, -2.5394 0.4398 0.5967, -2.9331 0.4312 0.5315, -2.5394 0.4312 0.5315, -2.9331 0.4398 0.4663, -2.5394 0.4398 0.4663, -2.9331 0.465 0.4055, -2.5394 0.465 0.4055, -2.9331 0.505 0.3533, -2.5394 0.505 0.3533, -2.5394 0.5454 0.3205, -2.9331 0.5572 0.3133, -2.5394 0.5572 0.3133, -2.9331 0.618 0.2881, -2.5394 0.618 0.2881, -2.9331 0.6832 0.2795, -2.5394 0.6832 0.2795, 3.1693 1.4272 0.0945, 3.1693 1.7185 0.0945, 3.1693 1.4272 0.7717, 3.1693 1.7185 0.7717, -3.1693 1.7185 0.7717, -3.1693 1.7185 0.0945, -3.1693 1.4272 0.7717, -3.1693 1.4272 0.0945, 2.5512 1.4272 0.0827, 2.5512 1.7185 0.0827, 3.1575 1.4272 0.0827, 3.1575 1.7185 0.0827, 2.9331 0.6832 0.2795, 2.5394 0.6832 0.2795, 2.9331 1.3086 0.2795, 2.5394 1.4154 0.2795, 2.9331 1.4154 0.2795
            ]
        }
        coordIndex [
            0,1,2,-1,0,2,3,-1,3,2,4,-1,3,4,5,-1,6,7,8,-1,8,7,9,-1,8,9,2,-1,2,9,10,-1,2,10,4,-1,10,11,4,-1,4,11,12,-1,4,12,13,-1,13,12,14,-1,13,14,15,-1,7,6,16,-1,7,16,17,-1,17,16,18,-1,17,18,19,-1,19,18,20,-1,20,18,21,-1,20,21,22,-1,22,21,23,-1,22,23,24,-1,24,23,25,-1,24,25,26,-1,26,25,27,-1,26,27,28,-1,28,27,29,-1,28,29,30,-1,30,29,31,-1,30,31,32,-1,32,31,33,-1,32,33,34,-1,34,33,35,-1,35,33,36,-1,35,36,37,-1,37,36,38,-1,37,38,39,-1,39,38,40,-1,39,40,41,-1,42,43,44,-1,44,43,45,-1,46,47,48,-1,48,47,49,-1,50,51,52,-1,52,51,53,-1,54,55,56,-1,56,55,57,-1,56,57,58,-1,4,13,58,-1,58,13,56,-1,
        ]
    }
}
Shape{
    appearance Appearance {
        material  Material 	{
            diffuseColor 0.9686274509803922 0.9686274509803922 0.9686274509803922
            specularColor 0.48627450980392156 0.48627450980392156 0.48627450980392156
            ambientIntensity 0.9686
            transparency 0.0
            shininess 0.5
        }
    }
    geometry IndexedFaceSet {
        ccw TRUE
        solid FALSE
        coord DEF co Coordinate {
            point [
                2.9331 0.618 0.7749, 2.9331 0.5572 0.7497, 2.9331 0.4273 0.7874, 2.9331 0.505 0.7097, 2.9331 0.465 0.6575, 2.9331 0.4398 0.5967, 2.9331 0.4312 0.5315, 2.9331 0.4273 0.2756, 2.9331 0.4398 0.4663, 2.9331 0.465 0.4055, 2.9331 1.3086 0.2795, 2.9331 1.3086 0.2756, 2.9331 0.6832 0.2795, 2.9331 0.618 0.2881, 2.9331 0.505 0.3533, 2.9331 0.5572 0.3133, 2.9331 0.6832 0.7835, 2.9331 1.3086 0.7874, 2.9331 1.3086 0.7835, 2.3622 0.5446 0.5485, 2.3622 0.5454 0.7874, 2.3622 0.5454 0.2756, 2.3622 -0.2179 0.2756, 2.3622 -0.2179 0.3324, 2.3622 0.268 0.3324, 2.3622 0.268 0.5485, 2.1358 -0.2179 0.2756, 2.1358 -0.2179 0.3324, 2.1949 -0.2179 0.2756, 2.1949 -0.2179 0.3324, 2.1358 1.1905 0.2756, 2.1949 1.1905 0.2756, 2.1358 -0.2662 0.0, 2.1949 -0.2662 0.0, 2.1358 -0.376 0.063, 2.1949 -0.376 0.063, 2.1358 0.268 0.3324, 2.1949 0.268 0.3324, 2.3327 -0.2179 0.2756, 2.3327 -0.2179 0.3324, 2.5394 0.5454 0.2756, 2.5394 0.4273 0.2756, 2.3622 1.3086 0.2756, 2.3622 1.1905 0.2756, 2.3327 1.1905 0.2756, 3.3268 -0.2662 0.0, 3.3268 -0.376 0.063, 2.3327 -0.2662 0.0, 2.3327 -0.376 0.063, 2.3327 0.268 0.3324, 2.1949 -0.2179 0.3442, 2.1949 0.268 0.3442, 2.2047 -0.2179 0.3442, 2.3327 0.268 0.3442, 2.3228 -0.2179 0.3442, 2.3327 -0.2179 0.3442, 2.3228 -0.2179 0.3504, 2.3327 -0.2179 0.3543, 2.2047 -0.2179 0.3504, 2.1949 -0.2179 0.3543, 2.1949 -0.376 0.3543, 2.3327 -0.376 0.3543, 2.1949 -0.2179 0.1181, 2.1949 -0.2179 0.0, 2.3327 -0.2179 0.1181, 2.3327 -0.2179 0.0, 2.1949 0.5531 0.1181, 2.3327 0.5531 0.1181, 2.1949 0.939 0.159, 2.1949 0.5531 0.159, 2.1949 0.939 0.1181, 2.1949 1.3086 0.1181, 2.1949 1.3086 0.2074, 2.3327 1.3086 0.2074, 2.3327 1.3086 0.1181, 2.3327 0.939 0.1181, 2.3327 0.939 0.1498, 2.3327 0.5531 0.1498, 2.3228 -0.2179 0.3324, 2.3228 0.7224 0.3324, 2.2047 -0.2179 0.3324, 2.2047 0.7224 0.3324, 2.2047 0.7636 0.3648, 2.2047 0.7362 0.338, 2.3228 0.7636 0.3648, 2.3228 0.7362 0.338, 2.2047 0.9336 0.2874, 2.2047 0.7869 0.368, 2.3228 0.9336 0.2874, 2.3228 0.7869 0.368, 2.2047 -0.2179 0.2041, 2.2047 0.925 0.2504, 2.3228 -0.2179 0.2041, 2.3228 0.925 0.2504, 2.3228 -0.2179 0.2756, 2.2047 -0.2179 0.2756, 2.3228 -0.2218 0.2756, 2.2047 -0.2218 0.2756, 2.3228 -0.2218 0.0, 2.2047 -0.2218 0.0, 2.3228 -0.2662 0.0, 2.2047 -0.2662 0.0, 2.3228 -0.376 0.063, 2.2047 -0.376 0.063, 2.3228 -0.4511 0.0, 2.2047 -0.4511 0.0, 2.3228 -0.6516 0.0, 2.2047 -0.6516 0.0, 2.3228 -0.6516 0.1181, 2.2047 -0.6516 0.1181, 2.3228 -0.5335 0.1181, 2.2047 -0.5335 0.1181, 2.3228 -0.376 0.2756, 2.2047 -0.376 0.2756, 2.3228 -0.376 0.3504, 2.2047 -0.376 0.3504, 2.3228 0.7321 0.335, 2.3228 0.7275 0.3331, 2.3228 0.7822 0.3698, 2.3228 0.7772 0.3704, 2.3228 0.7723 0.3697, 2.3228 0.7676 0.3678, 2.3228 0.93 0.2513, 2.3228 0.9346 0.2534, 2.3228 0.9386 0.2567, 2.3228 0.9415 0.2608, 2.3228 0.9433 0.2656, 2.3228 0.9438 0.2707, 2.3228 0.943 0.2757, 2.3228 0.941 0.2804, 2.3228 0.9378 0.2843, 2.2047 0.7321 0.335, 2.2047 0.7275 0.3331, 2.2047 0.7676 0.3678, 2.2047 0.7723 0.3697, 2.2047 0.7772 0.3704, 2.2047 0.9378 0.2843, 2.2047 0.941 0.2804, 2.2047 0.9433 0.2656, 2.2047 0.9415 0.2608, 2.2047 0.9386 0.2567, 2.2047 0.9346 0.2534, 2.2047 0.7822 0.3698, 2.2047 0.93 0.2513, 2.2047 0.943 0.2757, 2.2047 0.9438 0.2707, 2.3622 1.3086 0.2074, 2.1358 1.3086 0.2074, 3.3268 0.9429 0.0, 3.3268 1.3086 0.0, 3.3268 0.9429 0.1181, 3.3268 1.3086 0.7874, 3.3268 0.5492 0.1181, 3.3268 -0.2179 0.7874, 3.3268 0.5492 0.0, 3.3268 -0.2179 0.6299, 3.3268 -0.376 0.6299, 2.5394 0.5454 0.3205, 2.5394 0.505 0.3533, 2.5394 0.465 0.4055, 2.5394 0.4398 0.4663, 2.5394 0.4312 0.5315, 2.5394 0.4273 0.7874, 2.5394 0.4398 0.5967, 2.5394 0.5454 0.7424, 2.5394 0.5454 0.7874, 2.5394 0.505 0.7097, 2.5394 0.465 0.6575
            ]
        }
        coordIndex [
            0,1,2,-1,2,1,3,-1,2,3,4,-1,4,5,2,-1,2,5,6,-1,2,6,7,-1,7,6,8,-1,7,8,9,-1,10,11,12,-1,12,11,7,-1,12,7,13,-1,9,14,7,-1,7,14,15,-1,7,15,13,-1,0,2,16,-1,16,2,17,-1,16,17,18,-1,19,20,21,-1,22,23,24,-1,22,24,21,-1,21,24,25,-1,21,25,19,-1,26,27,28,-1,28,27,29,-1,26,28,30,-1,30,28,31,-1,32,33,34,-1,34,33,35,-1,27,36,29,-1,29,36,37,-1,22,38,23,-1,23,38,39,-1,40,41,7,-1,38,22,21,-1,11,42,43,-1,7,11,40,-1,40,11,43,-1,40,43,21,-1,21,43,44,-1,21,44,38,-1,45,46,47,-1,47,46,48,-1,23,39,24,-1,24,39,49,-1,50,51,52,-1,52,51,53,-1,52,53,54,-1,54,53,55,-1,54,55,56,-1,56,55,57,-1,56,57,58,-1,58,57,59,-1,58,59,52,-1,52,59,50,-1,60,59,61,-1,61,59,57,-1,62,63,64,-1,64,63,65,-1,66,62,67,-1,67,62,64,-1,50,59,60,-1,29,37,51,-1,68,31,69,-1,69,31,28,-1,60,35,62,-1,62,35,33,-1,62,33,63,-1,51,50,29,-1,29,50,60,-1,29,60,28,-1,28,60,62,-1,28,62,69,-1,69,62,66,-1,68,70,31,-1,31,70,71,-1,31,71,72,-1,61,57,55,-1,73,74,44,-1,44,74,75,-1,75,76,44,-1,44,76,77,-1,44,77,38,-1,64,65,47,-1,53,49,55,-1,55,49,39,-1,55,39,61,-1,61,39,38,-1,77,67,38,-1,38,67,64,-1,38,64,61,-1,61,64,47,-1,61,47,48,-1,78,79,80,-1,80,79,81,-1,82,83,84,-1,84,83,85,-1,86,87,88,-1,88,87,89,-1,90,91,92,-1,92,91,93,-1,92,94,90,-1,90,94,95,-1,94,96,95,-1,95,96,97,-1,96,98,97,-1,97,98,99,-1,98,100,99,-1,99,100,101,-1,100,102,101,-1,101,102,103,-1,102,104,103,-1,103,104,105,-1,104,106,105,-1,105,106,107,-1,106,108,107,-1,107,108,109,-1,108,110,109,-1,109,110,111,-1,110,112,111,-1,111,112,113,-1,112,114,113,-1,113,114,115,-1,114,56,115,-1,115,56,58,-1,78,80,54,-1,54,80,52,-1,85,116,93,-1,93,116,117,-1,93,117,79,-1,106,104,78,-1,78,104,102,-1,56,114,54,-1,54,114,112,-1,54,112,78,-1,78,112,110,-1,78,110,106,-1,106,110,108,-1,100,98,102,-1,102,98,96,-1,102,96,78,-1,78,96,94,-1,78,94,79,-1,79,94,92,-1,79,92,93,-1,84,89,118,-1,85,93,84,-1,84,93,88,-1,84,88,89,-1,118,119,84,-1,84,119,120,-1,84,120,121,-1,93,122,88,-1,88,122,123,-1,88,123,124,-1,124,125,88,-1,88,125,126,-1,88,126,127,-1,127,128,88,-1,88,128,129,-1,88,129,130,-1,91,90,95,-1,131,83,91,-1,91,83,82,-1,115,58,52,-1,97,80,95,-1,95,80,81,-1,95,81,91,-1,91,81,132,-1,91,132,131,-1,52,80,115,-1,115,80,97,-1,115,97,113,-1,113,97,111,-1,107,109,105,-1,105,109,111,-1,105,111,103,-1,103,111,97,-1,103,97,101,-1,101,97,99,-1,133,134,82,-1,82,134,135,-1,86,136,137,-1,138,139,86,-1,86,139,140,-1,86,140,141,-1,135,142,82,-1,82,142,87,-1,82,87,91,-1,91,87,86,-1,91,86,143,-1,143,86,141,-1,137,144,86,-1,86,144,145,-1,86,145,138,-1,81,79,132,-1,132,79,117,-1,132,117,131,-1,131,117,116,-1,131,116,83,-1,83,116,85,-1,82,84,121,-1,82,121,133,-1,133,121,120,-1,133,120,134,-1,134,120,119,-1,134,119,135,-1,135,119,118,-1,135,118,142,-1,142,118,89,-1,142,89,87,-1,93,91,143,-1,93,143,122,-1,122,143,141,-1,122,141,123,-1,123,141,140,-1,123,140,124,-1,124,140,139,-1,124,139,125,-1,125,139,138,-1,125,138,126,-1,126,138,145,-1,126,145,127,-1,127,145,144,-1,127,144,128,-1,128,144,137,-1,128,137,129,-1,129,137,136,-1,129,136,130,-1,130,136,86,-1,130,86,88,-1,73,44,146,-1,146,44,43,-1,147,30,72,-1,72,30,31,-1,146,43,42,-1,148,149,150,-1,150,149,151,-1,150,151,152,-1,152,151,153,-1,152,153,154,-1,154,153,155,-1,154,155,45,-1,45,155,156,-1,45,156,46,-1,40,157,41,-1,41,157,158,-1,41,158,159,-1,159,160,41,-1,41,160,161,-1,41,161,162,-1,162,161,163,-1,164,165,166,-1,166,165,162,-1,166,162,167,-1,167,162,163,-1,162,2,41,-1,41,2,7,-1,40,21,157,-1,157,21,20,-1,157,20,164,-1,164,20,165,-1,
        ]
    }
}
Shape{
    appearance Appearance {
        material  Material 	{
            diffuseColor 0.1568627450980392 0.1568627450980392 0.1568627450980392
            specularColor 0.0784313725490196 0.0784313725490196 0.0784313725490196
            ambientIntensity 0.1569
            transparency 0.0
            shininess 0.5
        }
    }
    geometry IndexedFaceSet {
        ccw TRUE
        solid FALSE
        coord DEF co Coordinate {
            point [
                2.5394 0.6832 0.2795, 2.9331 0.6832 0.2795, 2.9331 0.618 0.2881, 2.5394 0.618 0.2881, 2.9331 0.5572 0.3133, 2.5394 0.5572 0.3133, 2.5394 0.5454 0.3205, 2.9331 0.505 0.3533, 2.5394 0.505 0.3533, 2.9331 0.465 0.4055, 2.5394 0.465 0.4055, 2.9331 0.4398 0.4663, 2.5394 0.4398 0.4663, 2.9331 0.4312 0.5315, 2.5394 0.4312 0.5315, 2.9331 0.4398 0.5967, 2.5394 0.4398 0.5967, 2.9331 0.465 0.6575, 2.5394 0.465 0.6575, 2.9331 0.505 0.7097, 2.5394 0.505 0.7097, 2.5394 0.5454 0.7424, 2.9331 0.5572 0.7497, 2.5394 0.5572 0.7497, 2.9331 0.618 0.7749, 2.5394 0.618 0.7749, 2.9331 0.6832 0.7835, 2.5394 0.6832 0.7835, -2.5276 1.3484 0.6063, -2.5276 1.7185 0.6063, 2.5276 1.3484 0.6063, 2.5276 1.7185 0.6063, -2.5276 1.3366 0.6181, 2.5276 1.3366 0.6181, -2.5276 1.3366 0.7835, 2.5276 1.3366 0.7835
            ]
        }
        coordIndex [
            0,1,2,-1,0,2,3,-1,3,2,4,-1,3,4,5,-1,5,4,6,-1,6,4,7,-1,6,7,8,-1,8,7,9,-1,8,9,10,-1,10,9,11,-1,10,11,12,-1,12,11,13,-1,12,13,14,-1,14,13,15,-1,14,15,16,-1,16,15,17,-1,16,17,18,-1,18,17,19,-1,18,19,20,-1,20,19,21,-1,21,19,22,-1,21,22,23,-1,23,22,24,-1,23,24,25,-1,25,24,26,-1,25,26,27,-1,28,29,30,-1,30,29,31,-1,32,33,34,-1,34,33,35,-1,
        ]
    }
}
Shape{
    appearance Appearance {
        material  Material 	{
            diffuseColor 1.0 1.0 1.0
            specularColor 0.8784313725490196 0.8784313725490196 0.8784313725490196
            ambientIntensity 1.0
            transparency 0.0
            shininess 0.5
        }
    }
    geometry IndexedFaceSet {
        ccw TRUE
        solid FALSE
        coord DEF co Coordinate {
            point [
                3.3268 0.9429 0.1181, 2.7362 0.9429 0.1181, 3.3268 0.9429 0.0, 2.7362 0.9429 0.0, 2.7362 0.5531 0.0084, 2.7362 0.5531 0.1181, 2.7362 0.5492 0.1181, 2.7362 0.939 0.1181, 2.7362 0.939 0.0084, 2.7362 0.7454 0.0, 2.7362 0.5492 0.0, 3.3268 0.5492 0.1181, 3.3268 0.5492 0.0, 2.8071 0.5531 0.1181, 2.8071 0.939 0.1181
            ]
        }
        coordIndex [
            0,1,2,-1,2,1,3,-1,4,5,6,-1,1,7,3,-1,3,7,8,-1,3,8,9,-1,9,8,4,-1,9,4,10,-1,10,4,6,-1,6,11,10,-1,10,11,12,-1,6,5,13,-1,7,1,14,-1,14,1,0,-1,14,0,13,-1,13,0,11,-1,13,11,6,-1,
        ]
    }
}
Shape{
    appearance Appearance {
        material  Material 	{
            diffuseColor 0.6470588235294118 0.6196078431372549 0.5882352941176471
            specularColor 0.45098039215686275 0.43529411764705883 0.4117647058823529
            ambientIntensity 0.6242
            transparency 0.0
            shininess 0.5
        }
    }
    geometry IndexedFaceSet {
        ccw TRUE
        solid FALSE
        coord DEF co Coordinate {
            point [
                2.8224 0.939 0.0027, 2.8431 0.939 0.002, 2.8224 0.5531 0.0027, 2.8431 0.5531 0.002, 3.3268 0.5531 0.002, 3.3268 0.939 0.002, 3.3268 0.5531 0.1161, 3.3268 0.939 0.1161, 2.8431 0.5531 0.1161, 2.8431 0.939 0.1161, 2.83 0.5531 0.1166, 2.83 0.939 0.1166, 2.7362 0.5531 0.1181, 2.7362 0.5531 0.0084, 2.8071 0.5531 0.1181, 2.8071 0.939 0.1181, 2.7362 0.939 0.0084, 2.7362 0.939 0.1181, 2.3327 0.939 0.1498, 2.3327 0.939 0.1181, 2.1949 0.939 0.159, 2.1949 0.939 0.1181, 2.1949 0.5531 0.1181, 2.3327 0.5531 0.1181, 2.1949 0.5531 0.159, 2.3327 0.5531 0.1498
            ]
        }
        coordIndex [
            0,1,2,-1,2,1,3,-1,4,3,5,-1,5,3,1,-1,6,4,7,-1,7,4,5,-1,8,6,9,-1,9,6,7,-1,8,9,10,-1,10,9,11,-1,4,6,3,-1,3,6,8,-1,3,8,2,-1,12,13,14,-1,14,13,2,-1,14,2,10,-1,10,2,8,-1,7,5,9,-1,9,5,1,-1,9,1,11,-1,11,1,0,-1,11,0,15,-1,15,0,16,-1,15,16,17,-1,14,10,15,-1,15,10,11,-1,0,2,16,-1,16,2,13,-1,18,19,20,-1,20,19,21,-1,22,23,24,-1,24,23,25,-1,25,18,24,-1,24,18,20,-1,
        ]
    }
}
Shape{
    appearance Appearance {
        material  Material 	{
            diffuseColor 1.0 1.0 1.0
            specularColor 0.8784313725490196 0.8784313725490196 0.8784313725490196
            ambientIntensity 1.0
            transparency 0.0
            shininess 0.5
        }
    }
    geometry IndexedFaceSet {
        ccw TRUE
        solid FALSE
        coord DEF co Coordinate {
            point [
                -3.3268 0.5492 0.1181, -2.7362 0.5492 0.1181, -3.3268 0.5492 0.0, -2.7362 0.5492 0.0, -2.7362 0.939 0.0084, -2.7362 0.939 0.1181, -2.7362 0.9429 0.1181, -2.7362 0.9429 0.0, -2.7362 0.7454 0.0, -2.7362 0.5531 0.0084, -2.7362 0.5531 0.1181, -3.3268 0.9429 0.1181, -3.3268 0.9429 0.0, -2.8071 0.939 0.1181, -2.8071 0.5531 0.1181
            ]
        }
        coordIndex [
            0,1,2,-1,2,1,3,-1,4,5,6,-1,6,7,4,-1,4,7,8,-1,4,8,9,-1,9,8,3,-1,9,3,10,-1,10,3,1,-1,6,11,7,-1,7,11,12,-1,6,5,13,-1,10,1,14,-1,14,1,0,-1,14,0,13,-1,13,0,11,-1,13,11,6,-1,
        ]
    }
}
Shape{
    appearance Appearance {
        material  Material 	{
            diffuseColor 0.6470588235294118 0.6196078431372549 0.5882352941176471
            specularColor 0.45098039215686275 0.43529411764705883 0.4117647058823529
            ambientIntensity 0.6242
            transparency 0.0
            shininess 0.5
        }
    }
    geometry IndexedFaceSet {
        ccw TRUE
        solid FALSE
        coord DEF co Coordinate {
            point [
                -2.83 0.5531 0.1166, -2.83 0.939 0.1166, -2.8431 0.5531 0.1161, -2.8431 0.939 0.1161, -3.3268 0.5531 0.1161, -3.3268 0.939 0.1161, -3.3268 0.5531 0.002, -3.3268 0.939 0.002, -2.8431 0.5531 0.002, -2.8431 0.939 0.002, -2.8224 0.939 0.0027, -2.8224 0.5531 0.0027, -2.8071 0.5531 0.1181, -2.7362 0.5531 0.0084, -2.7362 0.5531 0.1181, -2.7362 0.939 0.1181, -2.7362 0.939 0.0084, -2.8071 0.939 0.1181, -2.3327 0.939 0.1181, -2.3327 0.939 0.1498, -2.1949 0.939 0.1181, -2.1949 0.939 0.159, -2.1949 0.5531 0.159, -2.3327 0.5531 0.1498, -2.1949 0.5531 0.1181, -2.3327 0.5531 0.1181
            ]
        }
        coordIndex [
            0,1,2,-1,2,1,3,-1,4,2,5,-1,5,2,3,-1,6,4,7,-1,7,4,5,-1,8,6,9,-1,9,6,7,-1,9,10,8,-1,8,10,11,-1,4,6,2,-1,2,6,8,-1,2,8,0,-1,0,8,11,-1,0,11,12,-1,12,11,13,-1,12,13,14,-1,7,5,9,-1,9,5,3,-1,9,3,10,-1,15,16,17,-1,17,16,10,-1,17,10,1,-1,1,10,3,-1,1,0,17,-1,17,0,12,-1,11,10,13,-1,13,10,16,-1,18,19,20,-1,20,19,21,-1,22,23,24,-1,24,23,25,-1,21,19,22,-1,22,19,23,-1,
        ]
    }
}
Shape{
    appearance Appearance {
        material  Material 	{
            diffuseColor 0.9686274509803922 0.9686274509803922 0.9686274509803922
            specularColor 0.48627450980392156 0.48627450980392156 0.48627450980392156
            ambientIntensity 0.9686
            transparency 0.0
            shininess 0.5
        }
    }
    geometry IndexedFaceSet {
        ccw TRUE
        solid FALSE
        coord DEF co Coordinate {
            point [
                2.1358 0.939 0.1181, 2.1358 1.3086 0.1181, 1.998 0.939 0.1181, 1.998 1.3086 0.1181, 1.998 -0.2179 0.3442, 1.998 0.268 0.3442, 2.0079 -0.2179 0.3442, 2.1358 0.268 0.3442, 2.126 -0.2179 0.3442, 2.1358 -0.2179 0.3442, 2.126 -0.2179 0.3504, 2.1358 -0.2179 0.3543, 2.0079 -0.2179 0.3504, 1.998 -0.2179 0.3543, 2.1358 -0.376 0.3543, 1.998 -0.376 0.3543, 2.1358 -0.2179 0.0, 2.1358 -0.2179 0.1181, 1.998 -0.2179 0.0, 1.998 -0.2179 0.1181, 1.998 0.5531 0.1181, 2.1358 0.5531 0.1181, 2.1358 1.3086 0.2074, 2.1358 1.1905 0.2756, 2.1358 0.939 0.163, 2.1358 0.5531 0.163, 2.1358 -0.2179 0.2756, 2.1358 -0.2662 0.0, 2.1358 0.268 0.3324, 2.1358 -0.2179 0.3324, 2.1358 -0.376 0.063, 1.998 -0.2179 0.3324, 1.998 0.268 0.3324, 1.998 0.939 0.1722, 1.998 1.1905 0.2756, 1.998 0.5531 0.1722, 1.998 -0.2179 0.2756, 1.998 -0.376 0.063, 1.998 -0.2662 0.0, 1.998 1.3086 0.2074, 2.0079 0.7224 0.3324, 2.0079 -0.2179 0.3324, 2.126 0.7224 0.3324, 2.126 -0.2179 0.3324, 2.126 0.7362 0.338, 2.126 0.7636 0.3648, 2.0079 0.7362 0.338, 2.0079 0.7636 0.3648, 2.126 0.7869 0.368, 2.126 0.9336 0.2874, 2.0079 0.7869 0.368, 2.0079 0.9336 0.2874, 2.126 0.925 0.2504, 2.126 -0.2179 0.2041, 2.0079 0.925 0.2504, 2.0079 -0.2179 0.2041, 2.0079 -0.2179 0.2756, 2.126 -0.2179 0.2756, 2.0079 -0.2218 0.2756, 2.126 -0.2218 0.2756, 2.0079 -0.2218 0.0, 2.126 -0.2218 0.0, 2.0079 -0.2662 0.0, 2.126 -0.2662 0.0, 2.0079 -0.376 0.063, 2.126 -0.376 0.063, 2.0079 -0.4511 0.0, 2.126 -0.4511 0.0, 2.0079 -0.6516 0.0, 2.126 -0.6516 0.0, 2.0079 -0.6516 0.1181, 2.126 -0.6516 0.1181, 2.0079 -0.5335 0.1181, 2.126 -0.5335 0.1181, 2.0079 -0.376 0.2756, 2.126 -0.376 0.2756, 2.0079 -0.376 0.3504, 2.126 -0.376 0.3504, 2.0079 0.9378 0.2843, 2.0079 0.941 0.2804, 2.0079 0.9433 0.2656, 2.0079 0.9415 0.2608, 2.0079 0.9386 0.2567, 2.0079 0.9346 0.2534, 2.0079 0.93 0.2513, 2.0079 0.943 0.2757, 2.0079 0.9438 0.2707, 2.0079 0.7321 0.335, 2.0079 0.7822 0.3698, 2.0079 0.7275 0.3331, 2.0079 0.7676 0.3678, 2.0079 0.7723 0.3697, 2.0079 0.7772 0.3704, 2.126 0.7321 0.335, 2.126 0.7275 0.3331, 2.126 0.7676 0.3678, 2.126 0.93 0.2513, 2.126 0.9346 0.2534, 2.126 0.9386 0.2567, 2.126 0.9415 0.2608, 2.126 0.9433 0.2656, 2.126 0.9438 0.2707, 2.126 0.7723 0.3697, 2.126 0.7822 0.3698, 2.126 0.7772 0.3704, 2.126 0.943 0.2757, 2.126 0.941 0.2804, 2.126 0.9378 0.2843
            ]
        }
        coordIndex [
            0,1,2,-1,2,1,3,-1,4,5,6,-1,6,5,7,-1,6,7,8,-1,8,7,9,-1,8,9,10,-1,10,9,11,-1,10,11,12,-1,12,11,13,-1,12,13,6,-1,6,13,4,-1,11,14,13,-1,13,14,15,-1,16,17,18,-1,18,17,19,-1,19,17,20,-1,20,17,21,-1,14,11,9,-1,22,1,23,-1,23,1,0,-1,0,24,23,-1,23,24,25,-1,23,25,26,-1,17,16,27,-1,7,28,9,-1,9,28,29,-1,9,29,14,-1,14,29,26,-1,25,21,26,-1,26,21,17,-1,26,17,14,-1,14,17,27,-1,14,27,30,-1,4,13,15,-1,31,32,5,-1,33,34,35,-1,35,34,36,-1,15,37,19,-1,19,37,38,-1,19,38,18,-1,5,4,31,-1,31,4,15,-1,31,15,36,-1,36,15,19,-1,36,19,35,-1,35,19,20,-1,33,2,34,-1,34,2,3,-1,34,3,39,-1,40,41,42,-1,42,41,43,-1,44,45,46,-1,46,45,47,-1,48,49,50,-1,50,49,51,-1,52,53,54,-1,54,53,55,-1,56,55,57,-1,57,55,53,-1,58,56,59,-1,59,56,57,-1,60,58,61,-1,61,58,59,-1,62,60,63,-1,63,60,61,-1,64,62,65,-1,65,62,63,-1,66,64,67,-1,67,64,65,-1,68,66,69,-1,69,66,67,-1,70,68,71,-1,71,68,69,-1,72,70,73,-1,73,70,71,-1,74,72,75,-1,75,72,73,-1,76,74,77,-1,77,74,75,-1,12,76,10,-1,10,76,77,-1,43,41,8,-1,8,41,6,-1,51,78,79,-1,80,81,51,-1,51,81,82,-1,51,82,83,-1,55,56,54,-1,54,56,51,-1,54,51,84,-1,84,51,83,-1,12,6,76,-1,76,6,41,-1,79,85,51,-1,51,85,86,-1,51,86,80,-1,72,74,58,-1,87,46,51,-1,51,46,47,-1,51,47,50,-1,50,47,88,-1,68,70,66,-1,66,70,72,-1,66,72,64,-1,64,72,58,-1,64,58,62,-1,62,58,60,-1,74,76,58,-1,58,76,41,-1,58,41,56,-1,56,41,40,-1,56,40,51,-1,51,40,89,-1,51,89,87,-1,90,91,47,-1,47,91,92,-1,47,92,88,-1,44,93,52,-1,52,93,94,-1,52,94,42,-1,69,67,43,-1,43,67,65,-1,10,77,8,-1,8,77,75,-1,8,75,43,-1,43,75,73,-1,43,73,69,-1,69,73,71,-1,63,61,65,-1,65,61,59,-1,65,59,43,-1,43,59,57,-1,43,57,42,-1,42,57,53,-1,42,53,52,-1,95,45,48,-1,48,45,44,-1,48,44,49,-1,49,44,52,-1,52,96,49,-1,49,96,97,-1,49,97,98,-1,98,99,49,-1,49,99,100,-1,49,100,101,-1,95,48,102,-1,102,48,103,-1,102,103,104,-1,101,105,49,-1,49,105,106,-1,49,106,107,-1,44,46,93,-1,93,46,87,-1,93,87,94,-1,94,87,89,-1,94,89,42,-1,42,89,40,-1,48,50,88,-1,48,88,103,-1,103,88,92,-1,103,92,104,-1,104,92,91,-1,104,91,102,-1,102,91,90,-1,102,90,95,-1,95,90,47,-1,95,47,45,-1,51,49,107,-1,51,107,78,-1,78,107,106,-1,78,106,79,-1,79,106,105,-1,79,105,85,-1,85,105,101,-1,85,101,86,-1,86,101,100,-1,86,100,80,-1,80,100,99,-1,80,99,81,-1,81,99,98,-1,81,98,82,-1,82,98,97,-1,82,97,83,-1,83,97,96,-1,83,96,84,-1,84,96,52,-1,84,52,54,-1,
        ]
    }
}
Shape{
    appearance Appearance {
        material  Material 	{
            diffuseColor 0.6470588235294118 0.6196078431372549 0.5882352941176471
            specularColor 0.45098039215686275 0.43529411764705883 0.4117647058823529
            ambientIntensity 0.6242
            transparency 0.0
            shininess 0.5
        }
    }
    geometry IndexedFaceSet {
        ccw TRUE
        solid FALSE
        coord DEF co Coordinate {
            point [
                2.1358 0.939 0.1181, 1.998 0.939 0.1181, 2.1358 0.939 0.163, 1.998 0.939 0.1722, 1.998 0.5531 0.1722, 1.998 0.5531 0.1181, 2.1358 0.5531 0.163, 2.1358 0.5531 0.1181
            ]
        }
        coordIndex [
            0,1,2,-1,2,1,3,-1,4,5,6,-1,6,5,7,-1,2,3,6,-1,6,3,4,-1,
        ]
    }
}
Shape{
    appearance Appearance {
        material  Material 	{
            diffuseColor 0.9686274509803922 0.9686274509803922 0.9686274509803922
            specularColor 0.48627450980392156 0.48627450980392156 0.48627450980392156
            ambientIntensity 0.9686
            transparency 0.0
            shininess 0.5
        }
    }
    geometry IndexedFaceSet {
        ccw TRUE
        solid FALSE
        coord DEF co Coordinate {
            point [
                1.6043 -0.2179 0.2756, 1.5453 -0.2179 0.2756, 1.6043 -0.2179 0.3324, 1.5453 -0.2179 0.3324, 1.5453 1.1905 0.2756, 1.6043 1.1905 0.2756, 1.5453 -0.376 0.063, 1.5453 -0.2662 0.0, 1.6043 -0.376 0.063, 1.6043 -0.2662 0.0, 1.6043 0.268 0.3324, 1.5453 0.268 0.3324, 1.6043 -0.2179 0.3442, 1.6043 0.268 0.3442, 1.6142 -0.2179 0.3442, 1.7421 0.268 0.3442, 1.7323 -0.2179 0.3442, 1.7421 -0.2179 0.3442, 1.7323 -0.2179 0.3504, 1.7421 -0.2179 0.3543, 1.6142 -0.2179 0.3504, 1.6043 -0.2179 0.3543, 1.7421 -0.376 0.3543, 1.6043 -0.376 0.3543, 1.7421 -0.2179 0.0, 1.7421 -0.2179 0.1181, 1.6043 -0.2179 0.0, 1.6043 -0.2179 0.1181, 1.7421 1.3086 0.1181, 1.6043 1.3086 0.1181, 1.7421 -0.2662 0.0, 1.7421 -0.376 0.063, 1.7421 0.268 0.3324, 1.7421 -0.2179 0.3324, 1.7421 -0.2179 0.2756, 1.7421 1.1905 0.2756, 1.7421 1.3086 0.2074, 1.6043 1.3086 0.2074, 1.6142 0.7224 0.3324, 1.6142 -0.2179 0.3324, 1.7323 0.7224 0.3324, 1.7323 -0.2179 0.3324, 1.7323 0.7362 0.338, 1.7323 0.7636 0.3648, 1.6142 0.7362 0.338, 1.6142 0.7636 0.3648, 1.7323 0.7869 0.368, 1.7323 0.9336 0.2874, 1.6142 0.7869 0.368, 1.6142 0.9336 0.2874, 1.7323 0.925 0.2504, 1.7323 -0.2179 0.2041, 1.6142 0.925 0.2504, 1.6142 -0.2179 0.2041, 1.6142 -0.2179 0.2756, 1.7323 -0.2179 0.2756, 1.6142 -0.2218 0.2756, 1.7323 -0.2218 0.2756, 1.6142 -0.2218 0.0, 1.7323 -0.2218 0.0, 1.6142 -0.2662 0.0, 1.7323 -0.2662 0.0, 1.6142 -0.376 0.063, 1.7323 -0.376 0.063, 1.6142 -0.4511 0.0, 1.7323 -0.4511 0.0, 1.6142 -0.6516 0.0, 1.7323 -0.6516 0.0, 1.6142 -0.6516 0.1181, 1.7323 -0.6516 0.1181, 1.6142 -0.5335 0.1181, 1.7323 -0.5335 0.1181, 1.6142 -0.376 0.2756, 1.7323 -0.376 0.2756, 1.6142 -0.376 0.3504, 1.7323 -0.376 0.3504, 1.6142 0.9378 0.2843, 1.6142 0.941 0.2804, 1.6142 0.9433 0.2656, 1.6142 0.9415 0.2608, 1.6142 0.9386 0.2567, 1.6142 0.9346 0.2534, 1.6142 0.93 0.2513, 1.6142 0.943 0.2757, 1.6142 0.9438 0.2707, 1.6142 0.7321 0.335, 1.6142 0.7822 0.3698, 1.6142 0.7275 0.3331, 1.6142 0.7676 0.3678, 1.6142 0.7723 0.3697, 1.6142 0.7772 0.3704, 1.7323 0.7321 0.335, 1.7323 0.7275 0.3331, 1.7323 0.93 0.2513, 1.7323 0.9346 0.2534, 1.7323 0.9386 0.2567, 1.7323 0.9415 0.2608, 1.7323 0.9433 0.2656, 1.7323 0.9438 0.2707, 1.7323 0.7772 0.3704, 1.7323 0.7723 0.3697, 1.7323 0.7822 0.3698, 1.7323 0.7676 0.3678, 1.7323 0.943 0.2757, 1.7323 0.941 0.2804, 1.7323 0.9378 0.2843, 1.5453 1.3086 0.2074, 1.4075 -0.2179 0.2756, 1.3484 -0.2179 0.2756, 1.4075 -0.2179 0.3324, 1.3484 -0.2179 0.3324, 1.3484 1.1905 0.2756, 1.4075 1.1905 0.2756, 1.3484 -0.376 0.063, 1.3484 -0.2662 0.0, 1.4075 -0.376 0.063, 1.4075 -0.2662 0.0, 1.4075 0.268 0.3324, 1.3484 0.268 0.3324, 1.4075 -0.2179 0.3442, 1.4075 0.268 0.3442, 1.4173 -0.2179 0.3442, 1.5453 0.268 0.3442, 1.5354 -0.2179 0.3442, 1.5453 -0.2179 0.3442, 1.5354 -0.2179 0.3504, 1.5453 -0.2179 0.3543, 1.4173 -0.2179 0.3504, 1.4075 -0.2179 0.3543, 1.5453 -0.376 0.3543, 1.4075 -0.376 0.3543, 1.5453 -0.2179 0.0, 1.5453 -0.2179 0.1181, 1.4075 -0.2179 0.0, 1.4075 -0.2179 0.1181, 1.5453 1.3086 0.1181, 1.4075 1.3086 0.1181, 1.4075 1.3086 0.2074, 1.4173 0.7224 0.3324, 1.4173 -0.2179 0.3324, 1.5354 0.7224 0.3324, 1.5354 -0.2179 0.3324, 1.5354 0.7362 0.338, 1.5354 0.7636 0.3648, 1.4173 0.7362 0.338, 1.4173 0.7636 0.3648, 1.5354 0.7869 0.368, 1.5354 0.9336 0.2874, 1.4173 0.7869 0.368, 1.4173 0.9336 0.2874, 1.5354 0.925 0.2504, 1.5354 -0.2179 0.2041, 1.4173 0.925 0.2504, 1.4173 -0.2179 0.2041, 1.4173 -0.2179 0.2756, 1.5354 -0.2179 0.2756, 1.4173 -0.2218 0.2756, 1.5354 -0.2218 0.2756, 1.4173 -0.2218 0.0, 1.5354 -0.2218 0.0, 1.4173 -0.2662 0.0, 1.5354 -0.2662 0.0, 1.4173 -0.376 0.063, 1.5354 -0.376 0.063, 1.4173 -0.4511 0.0, 1.5354 -0.4511 0.0, 1.4173 -0.6516 0.0, 1.5354 -0.6516 0.0, 1.4173 -0.6516 0.1181, 1.5354 -0.6516 0.1181, 1.4173 -0.5335 0.1181, 1.5354 -0.5335 0.1181, 1.4173 -0.376 0.2756, 1.5354 -0.376 0.2756, 1.4173 -0.376 0.3504, 1.5354 -0.376 0.3504, 1.4173 0.9378 0.2843, 1.4173 0.941 0.2804, 1.4173 0.9433 0.2656, 1.4173 0.9415 0.2608, 1.4173 0.9386 0.2567, 1.4173 0.9346 0.2534, 1.4173 0.93 0.2513, 1.4173 0.943 0.2757, 1.4173 0.9438 0.2707, 1.4173 0.7321 0.335, 1.4173 0.7822 0.3698, 1.4173 0.7275 0.3331, 1.4173 0.7676 0.3678, 1.4173 0.7723 0.3697, 1.4173 0.7772 0.3704, 1.5354 0.7321 0.335, 1.5354 0.7275 0.3331, 1.5354 0.93 0.2513, 1.5354 0.9346 0.2534, 1.5354 0.9386 0.2567, 1.5354 0.9415 0.2608, 1.5354 0.9433 0.2656, 1.5354 0.9438 0.2707, 1.5354 0.7772 0.3704, 1.5354 0.7723 0.3697, 1.5354 0.7822 0.3698, 1.5354 0.7676 0.3678, 1.5354 0.943 0.2757, 1.5354 0.941 0.2804, 1.5354 0.9378 0.2843, 1.3484 1.3086 0.2074, 1.2106 -0.2179 0.2756, 1.1516 -0.2179 0.2756, 1.2106 -0.2179 0.3324, 1.1516 -0.2179 0.3324, 1.1516 1.1905 0.2756, 1.2106 1.1905 0.2756, 1.1516 -0.376 0.063, 1.1516 -0.2662 0.0, 1.2106 -0.376 0.063, 1.2106 -0.2662 0.0, 1.2106 0.268 0.3324, 1.1516 0.268 0.3324, 1.2106 -0.2179 0.3442, 1.2106 0.268 0.3442, 1.2205 -0.2179 0.3442, 1.3484 0.268 0.3442, 1.3386 -0.2179 0.3442, 1.3484 -0.2179 0.3442, 1.3386 -0.2179 0.3504, 1.3484 -0.2179 0.3543, 1.2205 -0.2179 0.3504, 1.2106 -0.2179 0.3543, 1.3484 -0.376 0.3543, 1.2106 -0.376 0.3543, 1.3484 -0.2179 0.0, 1.3484 -0.2179 0.1181, 1.2106 -0.2179 0.0, 1.2106 -0.2179 0.1181, 1.3484 1.3086 0.1181, 1.2106 1.3086 0.1181, 1.2106 1.3086 0.2074, 1.2205 0.7224 0.3324, 1.2205 -0.2179 0.3324, 1.3386 0.7224 0.3324, 1.3386 -0.2179 0.3324, 1.3386 0.7362 0.338, 1.3386 0.7636 0.3648, 1.2205 0.7362 0.338, 1.2205 0.7636 0.3648, 1.3386 0.7869 0.368, 1.3386 0.9336 0.2874, 1.2205 0.7869 0.368, 1.2205 0.9336 0.2874, 1.3386 0.925 0.2504, 1.3386 -0.2179 0.2041, 1.2205 0.925 0.2504, 1.2205 -0.2179 0.2041, 1.2205 -0.2179 0.2756, 1.3386 -0.2179 0.2756, 1.2205 -0.2218 0.2756, 1.3386 -0.2218 0.2756, 1.2205 -0.2218 0.0, 1.3386 -0.2218 0.0, 1.2205 -0.2662 0.0, 1.3386 -0.2662 0.0, 1.2205 -0.376 0.063, 1.3386 -0.376 0.063, 1.2205 -0.4511 0.0, 1.3386 -0.4511 0.0, 1.2205 -0.6516 0.0, 1.3386 -0.6516 0.0, 1.2205 -0.6516 0.1181, 1.3386 -0.6516 0.1181, 1.2205 -0.5335 0.1181, 1.3386 -0.5335 0.1181, 1.2205 -0.376 0.2756, 1.3386 -0.376 0.2756, 1.2205 -0.376 0.3504, 1.3386 -0.376 0.3504, 1.2205 0.9378 0.2843, 1.2205 0.941 0.2804, 1.2205 0.9433 0.2656, 1.2205 0.9415 0.2608, 1.2205 0.9386 0.2567, 1.2205 0.9346 0.2534, 1.2205 0.93 0.2513, 1.2205 0.943 0.2757, 1.2205 0.9438 0.2707, 1.2205 0.7321 0.335, 1.2205 0.7822 0.3698, 1.2205 0.7275 0.3331, 1.2205 0.7676 0.3678, 1.2205 0.7723 0.3697, 1.2205 0.7772 0.3704, 1.3386 0.7321 0.335, 1.3386 0.7275 0.3331, 1.3386 0.93 0.2513, 1.3386 0.9346 0.2534, 1.3386 0.9386 0.2567, 1.3386 0.9415 0.2608, 1.3386 0.9433 0.2656, 1.3386 0.9438 0.2707, 1.3386 0.7772 0.3704, 1.3386 0.7723 0.3697, 1.3386 0.7822 0.3698, 1.3386 0.7676 0.3678, 1.3386 0.943 0.2757, 1.3386 0.941 0.2804, 1.3386 0.9378 0.2843, 1.1516 1.3086 0.2074, 1.0138 -0.2179 0.2756, 0.9547 -0.2179 0.2756, 1.0138 -0.2179 0.3324, 0.9547 -0.2179 0.3324, 0.9547 1.1905 0.2756, 1.0138 1.1905 0.2756, 0.9547 -0.376 0.063, 0.9547 -0.2662 0.0, 1.0138 -0.376 0.063, 1.0138 -0.2662 0.0, 1.0138 0.268 0.3324, 0.9547 0.268 0.3324, 1.0138 -0.2179 0.3442, 1.0138 0.268 0.3442, 1.0236 -0.2179 0.3442, 1.1516 0.268 0.3442, 1.1417 -0.2179 0.3442, 1.1516 -0.2179 0.3442, 1.1417 -0.2179 0.3504, 1.1516 -0.2179 0.3543, 1.0236 -0.2179 0.3504, 1.0138 -0.2179 0.3543, 1.1516 -0.376 0.3543, 1.0138 -0.376 0.3543, 1.1516 -0.2179 0.0, 1.1516 -0.2179 0.1181, 1.0138 -0.2179 0.0, 1.0138 -0.2179 0.1181, 1.1516 1.3086 0.1181, 1.0138 1.3086 0.1181, 1.0138 1.3086 0.2074, 1.0236 0.7224 0.3324, 1.0236 -0.2179 0.3324, 1.1417 0.7224 0.3324, 1.1417 -0.2179 0.3324, 1.1417 0.7362 0.338, 1.1417 0.7636 0.3648, 1.0236 0.7362 0.338, 1.0236 0.7636 0.3648, 1.1417 0.7869 0.368, 1.1417 0.9336 0.2874, 1.0236 0.7869 0.368, 1.0236 0.9336 0.2874, 1.1417 0.925 0.2504, 1.1417 -0.2179 0.2041, 1.0236 0.925 0.2504, 1.0236 -0.2179 0.2041, 1.0236 -0.2179 0.2756, 1.1417 -0.2179 0.2756, 1.0236 -0.2218 0.2756, 1.1417 -0.2218 0.2756, 1.0236 -0.2218 0.0, 1.1417 -0.2218 0.0, 1.0236 -0.2662 0.0, 1.1417 -0.2662 0.0, 1.0236 -0.376 0.063, 1.1417 -0.376 0.063, 1.0236 -0.4511 0.0, 1.1417 -0.4511 0.0, 1.0236 -0.6516 0.0, 1.1417 -0.6516 0.0, 1.0236 -0.6516 0.1181, 1.1417 -0.6516 0.1181, 1.0236 -0.5335 0.1181, 1.1417 -0.5335 0.1181, 1.0236 -0.376 0.2756, 1.1417 -0.376 0.2756, 1.0236 -0.376 0.3504, 1.1417 -0.376 0.3504, 1.0236 0.93 0.2513, 1.0236 0.9415 0.2608, 1.0236 0.9433 0.2656, 1.0236 0.9438 0.2707, 1.0236 0.943 0.2757, 1.0236 0.9378 0.2843, 1.0236 0.941 0.2804, 1.0236 0.9386 0.2567, 1.0236 0.9346 0.2534, 1.0236 0.7321 0.335, 1.0236 0.7822 0.3698, 1.0236 0.7275 0.3331, 1.0236 0.7676 0.3678, 1.0236 0.7723 0.3697, 1.0236 0.7772 0.3704, 1.1417 0.7321 0.335, 1.1417 0.7275 0.3331, 1.1417 0.93 0.2513, 1.1417 0.9346 0.2534, 1.1417 0.9386 0.2567, 1.1417 0.9415 0.2608, 1.1417 0.9433 0.2656, 1.1417 0.7772 0.3704, 1.1417 0.7723 0.3697, 1.1417 0.7822 0.3698, 1.1417 0.7676 0.3678, 1.1417 0.9438 0.2707, 1.1417 0.943 0.2757, 1.1417 0.9378 0.2843, 1.1417 0.941 0.2804, 0.9547 1.3086 0.2074, 0.8169 -0.2179 0.2756, 0.7579 -0.2179 0.2756, 0.8169 -0.2179 0.3324, 0.7579 -0.2179 0.3324, 0.7579 1.1905 0.2756, 0.8169 1.1905 0.2756, 0.7579 -0.376 0.063, 0.7579 -0.2662 0.0, 0.8169 -0.376 0.063, 0.8169 -0.2662 0.0, 0.8169 0.268 0.3324, 0.7579 0.268 0.3324, 0.8169 -0.2179 0.3442, 0.8169 0.268 0.3442, 0.8268 -0.2179 0.3442, 0.9547 0.268 0.3442, 0.9449 -0.2179 0.3442, 0.9547 -0.2179 0.3442, 0.9449 -0.2179 0.3504, 0.9547 -0.2179 0.3543, 0.8268 -0.2179 0.3504, 0.8169 -0.2179 0.3543, 0.9547 -0.376 0.3543, 0.8169 -0.376 0.3543, 0.9547 -0.2179 0.0, 0.9547 -0.2179 0.1181, 0.8169 -0.2179 0.0, 0.8169 -0.2179 0.1181, 0.9547 1.3086 0.1181, 0.8169 1.3086 0.1181, 0.8169 1.3086 0.2074, 0.8268 0.7224 0.3324, 0.8268 -0.2179 0.3324, 0.9449 0.7224 0.3324, 0.9449 -0.2179 0.3324, 0.9449 0.7362 0.338, 0.9449 0.7636 0.3648, 0.8268 0.7362 0.338, 0.8268 0.7636 0.3648, 0.9449 0.7869 0.368, 0.9449 0.9336 0.2874, 0.8268 0.7869 0.368, 0.8268 0.9336 0.2874, 0.9449 0.925 0.2504, 0.9449 -0.2179 0.2041, 0.8268 0.925 0.2504, 0.8268 -0.2179 0.2041, 0.8268 -0.2179 0.2756, 0.9449 -0.2179 0.2756, 0.8268 -0.2218 0.2756, 0.9449 -0.2218 0.2756, 0.8268 -0.2218 0.0, 0.9449 -0.2218 0.0, 0.8268 -0.2662 0.0, 0.9449 -0.2662 0.0, 0.8268 -0.376 0.063, 0.9449 -0.376 0.063, 0.8268 -0.4511 0.0, 0.9449 -0.4511 0.0, 0.8268 -0.6516 0.0, 0.9449 -0.6516 0.0, 0.8268 -0.6516 0.1181, 0.9449 -0.6516 0.1181, 0.8268 -0.5335 0.1181, 0.9449 -0.5335 0.1181, 0.8268 -0.376 0.2756, 0.9449 -0.376 0.2756, 0.8268 -0.376 0.3504, 0.9449 -0.376 0.3504, 0.8268 0.93 0.2513, 0.8268 0.9415 0.2608, 0.8268 0.9433 0.2656, 0.8268 0.9438 0.2707, 0.8268 0.943 0.2757, 0.8268 0.9378 0.2843, 0.8268 0.941 0.2804, 0.8268 0.9386 0.2567, 0.8268 0.9346 0.2534, 0.8268 0.7321 0.335, 0.8268 0.7822 0.3698, 0.8268 0.7275 0.3331, 0.8268 0.7676 0.3678, 0.8268 0.7723 0.3697, 0.8268 0.7772 0.3704, 0.9449 0.7321 0.335, 0.9449 0.7275 0.3331, 0.9449 0.93 0.2513, 0.9449 0.9346 0.2534, 0.9449 0.9386 0.2567, 0.9449 0.9415 0.2608, 0.9449 0.9433 0.2656, 0.9449 0.7772 0.3704, 0.9449 0.7723 0.3697, 0.9449 0.7822 0.3698, 0.9449 0.7676 0.3678, 0.9449 0.9438 0.2707, 0.9449 0.943 0.2757, 0.9449 0.9378 0.2843, 0.9449 0.941 0.2804, 0.7579 1.3086 0.2074, 0.6201 -0.2179 0.2756, 0.561 -0.2179 0.2756, 0.6201 -0.2179 0.3324, 0.561 -0.2179 0.3324, 0.561 1.1905 0.2756, 0.6201 1.1905 0.2756, 0.561 -0.376 0.063, 0.561 -0.2662 0.0, 0.6201 -0.376 0.063, 0.6201 -0.2662 0.0, 0.6201 0.268 0.3324, 0.561 0.268 0.3324, 0.6201 -0.2179 0.3442, 0.6201 0.268 0.3442, 0.6299 -0.2179 0.3442, 0.7579 0.268 0.3442, 0.748 -0.2179 0.3442, 0.7579 -0.2179 0.3442, 0.748 -0.2179 0.3504, 0.7579 -0.2179 0.3543, 0.6299 -0.2179 0.3504, 0.6201 -0.2179 0.3543, 0.7579 -0.376 0.3543, 0.6201 -0.376 0.3543, 0.7579 -0.2179 0.0, 0.7579 -0.2179 0.1181, 0.6201 -0.2179 0.0, 0.6201 -0.2179 0.1181, 0.7579 1.3086 0.1181, 0.6201 1.3086 0.1181, 0.6201 1.3086 0.2074, 0.6299 0.7224 0.3324, 0.6299 -0.2179 0.3324, 0.748 0.7224 0.3324, 0.748 -0.2179 0.3324, 0.748 0.7362 0.338, 0.748 0.7636 0.3648, 0.6299 0.7362 0.338, 0.6299 0.7636 0.3648, 0.748 0.7869 0.368, 0.748 0.9336 0.2874, 0.6299 0.7869 0.368, 0.6299 0.9336 0.2874, 0.748 0.925 0.2504, 0.748 -0.2179 0.2041, 0.6299 0.925 0.2504, 0.6299 -0.2179 0.2041, 0.6299 -0.2179 0.2756, 0.748 -0.2179 0.2756, 0.6299 -0.2218 0.2756, 0.748 -0.2218 0.2756, 0.6299 -0.2218 0.0, 0.748 -0.2218 0.0, 0.6299 -0.2662 0.0, 0.748 -0.2662 0.0, 0.6299 -0.376 0.063, 0.748 -0.376 0.063, 0.6299 -0.4511 0.0, 0.748 -0.4511 0.0, 0.6299 -0.6516 0.0, 0.748 -0.6516 0.0, 0.6299 -0.6516 0.1181, 0.748 -0.6516 0.1181, 0.6299 -0.5335 0.1181, 0.748 -0.5335 0.1181, 0.6299 -0.376 0.2756, 0.748 -0.376 0.2756, 0.6299 -0.376 0.3504, 0.748 -0.376 0.3504, 0.6299 0.93 0.2513, 0.6299 0.9415 0.2608, 0.6299 0.9433 0.2656, 0.6299 0.9438 0.2707, 0.6299 0.943 0.2757, 0.6299 0.9378 0.2843, 0.6299 0.941 0.2804, 0.6299 0.9386 0.2567, 0.6299 0.9346 0.2534, 0.6299 0.7321 0.335, 0.6299 0.7822 0.3698, 0.6299 0.7275 0.3331, 0.6299 0.7676 0.3678, 0.6299 0.7723 0.3697, 0.6299 0.7772 0.3704, 0.748 0.7321 0.335, 0.748 0.7275 0.3331, 0.748 0.93 0.2513, 0.748 0.9346 0.2534, 0.748 0.9386 0.2567, 0.748 0.9415 0.2608, 0.748 0.9433 0.2656, 0.748 0.7772 0.3704, 0.748 0.7723 0.3697, 0.748 0.7822 0.3698, 0.748 0.7676 0.3678, 0.748 0.9438 0.2707, 0.748 0.943 0.2757, 0.748 0.9378 0.2843, 0.748 0.941 0.2804, 0.561 1.3086 0.2074, 0.4232 -0.2179 0.2756, 0.3642 -0.2179 0.2756, 0.4232 -0.2179 0.3324, 0.3642 -0.2179 0.3324, 0.3642 1.1905 0.2756, 0.4232 1.1905 0.2756, 0.3642 -0.376 0.063, 0.3642 -0.2662 0.0, 0.4232 -0.376 0.063, 0.4232 -0.2662 0.0, 0.4232 0.268 0.3324, 0.3642 0.268 0.3324, 0.4232 -0.2179 0.3442, 0.4232 0.268 0.3442, 0.4331 -0.2179 0.3442, 0.561 0.268 0.3442, 0.5512 -0.2179 0.3442, 0.561 -0.2179 0.3442, 0.5512 -0.2179 0.3504, 0.561 -0.2179 0.3543, 0.4331 -0.2179 0.3504, 0.4232 -0.2179 0.3543, 0.561 -0.376 0.3543, 0.4232 -0.376 0.3543, 0.561 -0.2179 0.0, 0.561 -0.2179 0.1181, 0.4232 -0.2179 0.0, 0.4232 -0.2179 0.1181, 0.561 1.3086 0.1181, 0.4232 1.3086 0.1181, 0.4232 1.3086 0.2074, 0.4331 0.7224 0.3324, 0.4331 -0.2179 0.3324, 0.5512 0.7224 0.3324, 0.5512 -0.2179 0.3324, 0.5512 0.7362 0.338, 0.5512 0.7636 0.3648, 0.4331 0.7362 0.338, 0.4331 0.7636 0.3648, 0.5512 0.7869 0.368, 0.5512 0.9336 0.2874, 0.4331 0.7869 0.368, 0.4331 0.9336 0.2874, 0.5512 0.925 0.2504, 0.5512 -0.2179 0.2041, 0.4331 0.925 0.2504, 0.4331 -0.2179 0.2041, 0.4331 -0.2179 0.2756, 0.5512 -0.2179 0.2756, 0.4331 -0.2218 0.2756, 0.5512 -0.2218 0.2756, 0.4331 -0.2218 0.0, 0.5512 -0.2218 0.0, 0.4331 -0.2662 0.0, 0.5512 -0.2662 0.0, 0.4331 -0.376 0.063, 0.5512 -0.376 0.063, 0.4331 -0.4511 0.0, 0.5512 -0.4511 0.0, 0.4331 -0.6516 0.0, 0.5512 -0.6516 0.0, 0.4331 -0.6516 0.1181, 0.5512 -0.6516 0.1181, 0.4331 -0.5335 0.1181, 0.5512 -0.5335 0.1181, 0.4331 -0.376 0.2756, 0.5512 -0.376 0.2756, 0.4331 -0.376 0.3504, 0.5512 -0.376 0.3504, 0.4331 0.93 0.2513, 0.4331 0.9415 0.2608, 0.4331 0.9433 0.2656, 0.4331 0.9438 0.2707, 0.4331 0.943 0.2757, 0.4331 0.9378 0.2843, 0.4331 0.941 0.2804, 0.4331 0.9386 0.2567, 0.4331 0.9346 0.2534, 0.4331 0.7321 0.335, 0.4331 0.7822 0.3698, 0.4331 0.7275 0.3331, 0.4331 0.7676 0.3678, 0.4331 0.7723 0.3697, 0.4331 0.7772 0.3704, 0.5512 0.7321 0.335, 0.5512 0.7275 0.3331, 0.5512 0.93 0.2513, 0.5512 0.9346 0.2534, 0.5512 0.9386 0.2567, 0.5512 0.9415 0.2608, 0.5512 0.9433 0.2656, 0.5512 0.7772 0.3704, 0.5512 0.7723 0.3697, 0.5512 0.7822 0.3698, 0.5512 0.7676 0.3678, 0.5512 0.9438 0.2707, 0.5512 0.943 0.2757, 0.5512 0.9378 0.2843, 0.5512 0.941 0.2804, 0.3642 1.3086 0.2074, 0.2264 -0.2179 0.2756, 0.1673 -0.2179 0.2756, 0.2264 -0.2179 0.3324, 0.1673 -0.2179 0.3324, 0.1673 1.1905 0.2756, 0.2264 1.1905 0.2756, 0.2264 -0.2662 0.0, 0.2264 -0.376 0.063, 0.1833 -0.2662 0.0, 0.1673 -0.376 0.063, 0.1673 -0.2662 0.0, 0.2264 0.268 0.3324, 0.1673 0.268 0.3324, 0.2264 -0.2179 0.3442, 0.2264 0.268 0.3442, 0.2362 -0.2179 0.3442, 0.3642 0.268 0.3442, 0.3543 -0.2179 0.3442, 0.3642 -0.2179 0.3442, 0.3543 -0.2179 0.3504, 0.3642 -0.2179 0.3543, 0.2362 -0.2179 0.3504, 0.2264 -0.2179 0.3543, 0.3642 -0.376 0.3543, 0.2264 -0.376 0.3543, 0.3642 -0.2179 0.0, 0.3642 -0.2179 0.1181, 0.2264 -0.2179 0.0, 0.2264 -0.2179 0.1181, 0.3642 1.3086 0.1181, 0.2264 1.3086 0.1181, 0.2264 1.3086 0.2074, 0.2362 0.7224 0.3324, 0.2362 -0.2179 0.3324, 0.3543 0.7224 0.3324, 0.3543 -0.2179 0.3324, 0.3543 0.7362 0.338, 0.3543 0.7636 0.3648, 0.2362 0.7362 0.338, 0.2362 0.7636 0.3648, 0.3543 0.7869 0.368, 0.3543 0.9336 0.2874, 0.2362 0.7869 0.368, 0.2362 0.9336 0.2874, 0.3543 0.925 0.2504, 0.3543 -0.2179 0.2041, 0.2362 0.925 0.2504, 0.2362 -0.2179 0.2041, 0.2362 -0.2179 0.2756, 0.3543 -0.2179 0.2756, 0.2362 -0.2218 0.2756, 0.3543 -0.2218 0.2756, 0.2362 -0.2218 0.0, 0.3543 -0.2218 0.0, 0.2362 -0.2662 0.0, 0.3543 -0.2662 0.0, 0.2362 -0.376 0.063, 0.3543 -0.376 0.063, 0.2362 -0.4511 0.0, 0.3543 -0.4511 0.0, 0.2362 -0.6516 0.0, 0.3543 -0.6516 0.0, 0.2362 -0.6516 0.1181, 0.3543 -0.6516 0.1181, 0.2362 -0.5335 0.1181, 0.3543 -0.5335 0.1181, 0.2362 -0.376 0.2756, 0.3543 -0.376 0.2756, 0.2362 -0.376 0.3504, 0.3543 -0.376 0.3504, 0.2362 0.93 0.2513, 0.2362 0.9415 0.2608, 0.2362 0.9433 0.2656, 0.2362 0.9438 0.2707, 0.2362 0.943 0.2757, 0.2362 0.9378 0.2843, 0.2362 0.941 0.2804, 0.2362 0.9386 0.2567, 0.2362 0.9346 0.2534, 0.2362 0.7321 0.335, 0.2362 0.7822 0.3698, 0.2362 0.7275 0.3331, 0.2362 0.7676 0.3678, 0.2362 0.7723 0.3697, 0.2362 0.7772 0.3704, 0.3543 0.7321 0.335, 0.3543 0.7275 0.3331, 0.3543 0.93 0.2513, 0.3543 0.9346 0.2534, 0.3543 0.9386 0.2567, 0.3543 0.9415 0.2608, 0.3543 0.9433 0.2656, 0.3543 0.7772 0.3704, 0.3543 0.7723 0.3697, 0.3543 0.7822 0.3698, 0.3543 0.7676 0.3678, 0.3543 0.9438 0.2707, 0.3543 0.943 0.2757, 0.3543 0.9378 0.2843, 0.3543 0.941 0.2804, 0.1673 1.3086 0.2074, 0.0295 -0.2179 0.2756, -0.0295 -0.2179 0.2756, 0.0295 -0.2179 0.3324, -0.0295 -0.2179 0.3324, -0.0295 1.1905 0.2756, 0.0295 1.1905 0.2756, -0.0295 -0.376 0.063, -0.0295 -0.2662 0.0, 0.0295 -0.376 0.063, 0.0295 -0.2662 0.0, 0.0295 0.268 0.3324, -0.0295 0.268 0.3324, 0.0295 -0.2179 0.3442, 0.0295 0.268 0.3442, 0.0394 -0.2179 0.3442, 0.1673 0.268 0.3442, 0.1575 -0.2179 0.3442, 0.1673 -0.2179 0.3442, 0.1575 -0.2179 0.3504, 0.1673 -0.2179 0.3543, 0.0394 -0.2179 0.3504, 0.0295 -0.2179 0.3543, 0.1673 -0.376 0.3543, 0.0295 -0.376 0.3543, 0.1673 -0.2179 0.0, 0.1673 -0.2179 0.1181, 0.0295 -0.2179 0.0, 0.0295 -0.2179 0.1181, 0.1673 1.3086 0.1181, 0.0295 1.3086 0.1181, 0.0295 1.3086 0.2074, 0.0394 0.7224 0.3324, 0.0394 -0.2179 0.3324, 0.1575 0.7224 0.3324, 0.1575 -0.2179 0.3324, 0.1575 0.7362 0.338, 0.1575 0.7636 0.3648, 0.0394 0.7362 0.338, 0.0394 0.7636 0.3648, 0.1575 0.7869 0.368, 0.1575 0.9336 0.2874, 0.0394 0.7869 0.368, 0.0394 0.9336 0.2874, 0.1575 0.925 0.2504, 0.1575 -0.2179 0.2041, 0.0394 0.925 0.2504, 0.0394 -0.2179 0.2041, 0.0394 -0.2179 0.2756, 0.1575 -0.2179 0.2756, 0.0394 -0.2218 0.2756, 0.1575 -0.2218 0.2756, 0.0394 -0.2218 0.0, 0.1575 -0.2218 0.0, 0.0394 -0.2662 0.0, 0.1575 -0.2662 0.0, 0.0394 -0.376 0.063, 0.1575 -0.376 0.063, 0.0394 -0.4511 0.0, 0.1575 -0.4511 0.0, 0.0394 -0.6516 0.0, 0.1575 -0.6516 0.0, 0.0394 -0.6516 0.1181, 0.1575 -0.6516 0.1181, 0.0394 -0.5335 0.1181, 0.1575 -0.5335 0.1181, 0.0394 -0.376 0.2756, 0.1575 -0.376 0.2756, 0.0394 -0.376 0.3504, 0.1575 -0.376 0.3504, 0.0394 0.93 0.2513, 0.0394 0.9415 0.2608, 0.0394 0.9433 0.2656, 0.0394 0.9438 0.2707, 0.0394 0.943 0.2757, 0.0394 0.9378 0.2843, 0.0394 0.941 0.2804, 0.0394 0.9386 0.2567, 0.0394 0.9346 0.2534, 0.0394 0.7275 0.3331, 0.0394 0.7321 0.335, 0.0394 0.7676 0.3678, 0.0394 0.7723 0.3697, 0.0394 0.7772 0.3704, 0.0394 0.7822 0.3698, 0.1575 0.7321 0.335, 0.1575 0.7275 0.3331, 0.1575 0.93 0.2513, 0.1575 0.9346 0.2534, 0.1575 0.7676 0.3678, 0.1575 0.7723 0.3697, 0.1575 0.7822 0.3698, 0.1575 0.7772 0.3704, 0.1575 0.9386 0.2567, 0.1575 0.9415 0.2608, 0.1575 0.9433 0.2656, 0.1575 0.9438 0.2707, 0.1575 0.943 0.2757, 0.1575 0.9378 0.2843, 0.1575 0.941 0.2804, -0.0295 1.3086 0.2074, -0.1673 -0.2179 0.2756, -0.2264 -0.2179 0.2756, -0.1673 -0.2179 0.3324, -0.2264 -0.2179 0.3324, -0.2264 1.1905 0.2756, -0.1673 1.1905 0.2756, -0.2264 -0.376 0.063, -0.2264 -0.2662 0.0, -0.1673 -0.376 0.063, -0.1673 -0.2662 0.0, -0.1673 0.268 0.3324, -0.2264 0.268 0.3324, -0.1673 -0.2179 0.3442, -0.1673 0.268 0.3442, -0.1575 -0.2179 0.3442, -0.0295 0.268 0.3442, -0.0394 -0.2179 0.3442, -0.0295 -0.2179 0.3442, -0.0394 -0.2179 0.3504, -0.0295 -0.2179 0.3543, -0.1575 -0.2179 0.3504, -0.1673 -0.2179 0.3543, -0.0295 -0.376 0.3543, -0.1673 -0.376 0.3543, -0.0295 -0.2179 0.0, -0.0295 -0.2179 0.1181, -0.1673 -0.2179 0.0, -0.1673 -0.2179 0.1181, -0.0295 1.3086 0.1181, -0.1673 1.3086 0.1181, -0.1673 1.3086 0.2074, -0.1575 0.7224 0.3324, -0.1575 -0.2179 0.3324, -0.0394 0.7224 0.3324, -0.0394 -0.2179 0.3324, -0.0394 0.7362 0.338, -0.0394 0.7636 0.3648, -0.1575 0.7362 0.338, -0.1575 0.7636 0.3648, -0.0394 0.7869 0.368, -0.0394 0.9336 0.2874, -0.1575 0.7869 0.368, -0.1575 0.9336 0.2874, -0.0394 0.925 0.2504, -0.0394 -0.2179 0.2041, -0.1575 0.925 0.2504, -0.1575 -0.2179 0.2041, -0.1575 -0.2179 0.2756, -0.0394 -0.2179 0.2756, -0.1575 -0.2218 0.2756, -0.0394 -0.2218 0.2756, -0.1575 -0.2218 0.0, -0.0394 -0.2218 0.0, -0.1575 -0.2662 0.0, -0.0394 -0.2662 0.0, -0.1575 -0.376 0.063, -0.0394 -0.376 0.063, -0.1575 -0.4511 0.0, -0.0394 -0.4511 0.0, -0.1575 -0.6516 0.0, -0.0394 -0.6516 0.0, -0.1575 -0.6516 0.1181, -0.0394 -0.6516 0.1181, -0.1575 -0.5335 0.1181, -0.0394 -0.5335 0.1181, -0.1575 -0.376 0.2756, -0.0394 -0.376 0.2756, -0.1575 -0.376 0.3504, -0.0394 -0.376 0.3504, -0.1575 0.93 0.2513, -0.1575 0.9415 0.2608, -0.1575 0.9433 0.2656, -0.1575 0.9438 0.2707, -0.1575 0.943 0.2757, -0.1575 0.9378 0.2843, -0.1575 0.941 0.2804, -0.1575 0.9386 0.2567, -0.1575 0.9346 0.2534, -0.1575 0.7275 0.3331, -0.1575 0.7321 0.335, -0.1575 0.7676 0.3678, -0.1575 0.7723 0.3697, -0.1575 0.7772 0.3704, -0.1575 0.7822 0.3698, -0.0394 0.7321 0.335, -0.0394 0.7275 0.3331, -0.0394 0.93 0.2513, -0.0394 0.9346 0.2534, -0.0394 0.7676 0.3678, -0.0394 0.7723 0.3697, -0.0394 0.7822 0.3698, -0.0394 0.7772 0.3704, -0.0394 0.9386 0.2567, -0.0394 0.9415 0.2608, -0.0394 0.9433 0.2656, -0.0394 0.9438 0.2707, -0.0394 0.943 0.2757, -0.0394 0.9378 0.2843, -0.0394 0.941 0.2804, -0.2264 1.3086 0.2074, -0.3642 -0.2179 0.2756, -0.4232 -0.2179 0.2756, -0.3642 -0.2179 0.3324, -0.4232 -0.2179 0.3324, -0.4232 1.1905 0.2756, -0.3642 1.1905 0.2756, -0.4232 -0.376 0.063, -0.4232 -0.2662 0.0, -0.3642 -0.376 0.063, -0.3642 -0.2662 0.0, -0.3642 0.268 0.3324, -0.4232 0.268 0.3324, -0.3642 -0.2179 0.3442, -0.3642 0.268 0.3442, -0.3543 -0.2179 0.3442, -0.2264 0.268 0.3442, -0.2362 -0.2179 0.3442, -0.2264 -0.2179 0.3442, -0.2362 -0.2179 0.3504, -0.2264 -0.2179 0.3543, -0.3543 -0.2179 0.3504, -0.3642 -0.2179 0.3543, -0.2264 -0.376 0.3543, -0.3642 -0.376 0.3543, -0.2264 -0.2179 0.0, -0.2264 -0.2179 0.1181, -0.3642 -0.2179 0.0, -0.3642 -0.2179 0.1181, -0.2264 1.3086 0.1181, -0.3642 1.3086 0.1181, -0.3642 1.3086 0.2074, -0.3543 0.7224 0.3324, -0.3543 -0.2179 0.3324, -0.2362 0.7224 0.3324, -0.2362 -0.2179 0.3324, -0.2362 0.7362 0.338, -0.2362 0.7636 0.3648, -0.3543 0.7362 0.338, -0.3543 0.7636 0.3648, -0.2362 0.7869 0.368, -0.2362 0.9336 0.2874, -0.3543 0.7869 0.368, -0.3543 0.9336 0.2874, -0.2362 0.925 0.2504, -0.2362 -0.2179 0.2041, -0.3543 0.925 0.2504, -0.3543 -0.2179 0.2041, -0.3543 -0.2179 0.2756, -0.2362 -0.2179 0.2756, -0.3543 -0.2218 0.2756, -0.2362 -0.2218 0.2756, -0.3543 -0.2218 0.0, -0.2362 -0.2218 0.0, -0.3543 -0.2662 0.0, -0.2362 -0.2662 0.0, -0.3543 -0.376 0.063, -0.2362 -0.376 0.063, -0.3543 -0.4511 0.0, -0.2362 -0.4511 0.0, -0.3543 -0.6516 0.0, -0.2362 -0.6516 0.0, -0.3543 -0.6516 0.1181, -0.2362 -0.6516 0.1181, -0.3543 -0.5335 0.1181, -0.2362 -0.5335 0.1181, -0.3543 -0.376 0.2756, -0.2362 -0.376 0.2756, -0.3543 -0.376 0.3504, -0.2362 -0.376 0.3504, -0.3543 0.93 0.2513, -0.3543 0.9415 0.2608, -0.3543 0.9433 0.2656, -0.3543 0.9438 0.2707, -0.3543 0.943 0.2757, -0.3543 0.9378 0.2843, -0.3543 0.941 0.2804, -0.3543 0.9386 0.2567, -0.3543 0.9346 0.2534, -0.3543 0.7275 0.3331, -0.3543 0.7321 0.335, -0.3543 0.7676 0.3678, -0.3543 0.7723 0.3697, -0.3543 0.7772 0.3704, -0.3543 0.7822 0.3698, -0.2362 0.7321 0.335, -0.2362 0.7275 0.3331, -0.2362 0.93 0.2513, -0.2362 0.9346 0.2534, -0.2362 0.7676 0.3678, -0.2362 0.7723 0.3697, -0.2362 0.7822 0.3698, -0.2362 0.7772 0.3704, -0.2362 0.9386 0.2567, -0.2362 0.9415 0.2608, -0.2362 0.9433 0.2656, -0.2362 0.9438 0.2707, -0.2362 0.943 0.2757, -0.2362 0.9378 0.2843, -0.2362 0.941 0.2804, -0.4232 1.3086 0.2074, -0.561 -0.2179 0.2756, -0.6201 -0.2179 0.2756, -0.561 -0.2179 0.3324, -0.6201 -0.2179 0.3324, -0.6201 1.1905 0.2756, -0.561 1.1905 0.2756, -0.6201 -0.376 0.063, -0.6201 -0.2662 0.0, -0.561 -0.376 0.063, -0.561 -0.2662 0.0, -0.561 0.268 0.3324, -0.6201 0.268 0.3324, -0.561 -0.2179 0.3442, -0.561 0.268 0.3442, -0.5512 -0.2179 0.3442, -0.4232 0.268 0.3442, -0.4331 -0.2179 0.3442, -0.4232 -0.2179 0.3442, -0.4331 -0.2179 0.3504, -0.4232 -0.2179 0.3543, -0.5512 -0.2179 0.3504, -0.561 -0.2179 0.3543, -0.4232 -0.376 0.3543, -0.561 -0.376 0.3543, -0.4232 -0.2179 0.0, -0.4232 -0.2179 0.1181, -0.561 -0.2179 0.0, -0.561 -0.2179 0.1181, -0.4232 1.3086 0.1181, -0.561 1.3086 0.1181, -0.561 1.3086 0.2074, -0.5512 0.7224 0.3324, -0.5512 -0.2179 0.3324, -0.4331 0.7224 0.3324, -0.4331 -0.2179 0.3324, -0.4331 0.7362 0.338, -0.4331 0.7636 0.3648, -0.5512 0.7362 0.338, -0.5512 0.7636 0.3648, -0.4331 0.7869 0.368, -0.4331 0.9336 0.2874, -0.5512 0.7869 0.368, -0.5512 0.9336 0.2874, -0.4331 0.925 0.2504, -0.4331 -0.2179 0.2041, -0.5512 0.925 0.2504, -0.5512 -0.2179 0.2041, -0.5512 -0.2179 0.2756, -0.4331 -0.2179 0.2756, -0.5512 -0.2218 0.2756, -0.4331 -0.2218 0.2756, -0.5512 -0.2218 0.0, -0.4331 -0.2218 0.0, -0.5512 -0.2662 0.0, -0.4331 -0.2662 0.0, -0.5512 -0.376 0.063, -0.4331 -0.376 0.063, -0.5512 -0.4511 0.0, -0.4331 -0.4511 0.0, -0.5512 -0.6516 0.0, -0.4331 -0.6516 0.0, -0.5512 -0.6516 0.1181, -0.4331 -0.6516 0.1181, -0.5512 -0.5335 0.1181, -0.4331 -0.5335 0.1181, -0.5512 -0.376 0.2756, -0.4331 -0.376 0.2756, -0.5512 -0.376 0.3504, -0.4331 -0.376 0.3504, -0.5512 0.93 0.2513, -0.5512 0.9415 0.2608, -0.5512 0.9433 0.2656, -0.5512 0.9438 0.2707, -0.5512 0.943 0.2757, -0.5512 0.9378 0.2843, -0.5512 0.941 0.2804, -0.5512 0.9386 0.2567, -0.5512 0.9346 0.2534, -0.5512 0.7275 0.3331, -0.5512 0.7321 0.335, -0.5512 0.7676 0.3678, -0.5512 0.7723 0.3697, -0.5512 0.7772 0.3704, -0.5512 0.7822 0.3698, -0.4331 0.7321 0.335, -0.4331 0.7275 0.3331, -0.4331 0.93 0.2513, -0.4331 0.9346 0.2534, -0.4331 0.7676 0.3678, -0.4331 0.7723 0.3697, -0.4331 0.7822 0.3698, -0.4331 0.7772 0.3704, -0.4331 0.9386 0.2567, -0.4331 0.9415 0.2608, -0.4331 0.9433 0.2656, -0.4331 0.9438 0.2707, -0.4331 0.943 0.2757, -0.4331 0.9378 0.2843, -0.4331 0.941 0.2804, -0.6201 1.3086 0.2074, -0.7579 -0.2179 0.2756, -0.8169 -0.2179 0.2756, -0.7579 -0.2179 0.3324, -0.8169 -0.2179 0.3324, -0.8169 1.1905 0.2756, -0.7579 1.1905 0.2756, -0.8169 -0.376 0.063, -0.8169 -0.2662 0.0, -0.7579 -0.376 0.063, -0.7579 -0.2662 0.0, -0.7579 0.268 0.3324, -0.8169 0.268 0.3324, -0.7579 -0.2179 0.3442, -0.7579 0.268 0.3442, -0.748 -0.2179 0.3442, -0.6201 0.268 0.3442, -0.6299 -0.2179 0.3442, -0.6201 -0.2179 0.3442, -0.6299 -0.2179 0.3504, -0.6201 -0.2179 0.3543, -0.748 -0.2179 0.3504, -0.7579 -0.2179 0.3543, -0.6201 -0.376 0.3543, -0.7579 -0.376 0.3543, -0.6201 -0.2179 0.0, -0.6201 -0.2179 0.1181, -0.7579 -0.2179 0.0, -0.7579 -0.2179 0.1181, -0.6201 1.3086 0.1181, -0.7579 1.3086 0.1181, -0.7579 1.3086 0.2074, -0.748 0.7224 0.3324, -0.748 -0.2179 0.3324, -0.6299 0.7224 0.3324, -0.6299 -0.2179 0.3324, -0.6299 0.7362 0.338, -0.6299 0.7636 0.3648, -0.748 0.7362 0.338, -0.748 0.7636 0.3648, -0.6299 0.7869 0.368, -0.6299 0.9336 0.2874, -0.748 0.7869 0.368, -0.748 0.9336 0.2874, -0.6299 0.925 0.2504, -0.6299 -0.2179 0.2041, -0.748 0.925 0.2504, -0.748 -0.2179 0.2041, -0.748 -0.2179 0.2756, -0.6299 -0.2179 0.2756, -0.748 -0.2218 0.2756, -0.6299 -0.2218 0.2756, -0.748 -0.2218 0.0, -0.6299 -0.2218 0.0, -0.748 -0.2662 0.0, -0.6299 -0.2662 0.0, -0.748 -0.376 0.063, -0.6299 -0.376 0.063, -0.748 -0.4511 0.0, -0.6299 -0.4511 0.0, -0.748 -0.6516 0.0, -0.6299 -0.6516 0.0, -0.748 -0.6516 0.1181, -0.6299 -0.6516 0.1181, -0.748 -0.5335 0.1181, -0.6299 -0.5335 0.1181, -0.748 -0.376 0.2756, -0.6299 -0.376 0.2756, -0.748 -0.376 0.3504, -0.6299 -0.376 0.3504, -0.748 0.93 0.2513, -0.748 0.9415 0.2608, -0.748 0.9433 0.2656, -0.748 0.9438 0.2707, -0.748 0.943 0.2757, -0.748 0.9378 0.2843, -0.748 0.941 0.2804, -0.748 0.9386 0.2567, -0.748 0.9346 0.2534, -0.748 0.7275 0.3331, -0.748 0.7321 0.335, -0.748 0.7676 0.3678, -0.748 0.7723 0.3697, -0.748 0.7772 0.3704, -0.748 0.7822 0.3698, -0.6299 0.7321 0.335, -0.6299 0.7275 0.3331, -0.6299 0.93 0.2513, -0.6299 0.9346 0.2534, -0.6299 0.7676 0.3678, -0.6299 0.7723 0.3697, -0.6299 0.7822 0.3698, -0.6299 0.7772 0.3704, -0.6299 0.9386 0.2567, -0.6299 0.9415 0.2608, -0.6299 0.9433 0.2656, -0.6299 0.9438 0.2707, -0.6299 0.943 0.2757, -0.6299 0.9378 0.2843, -0.6299 0.941 0.2804, -0.8169 1.3086 0.2074, -0.9547 -0.2179 0.2756, -1.0138 -0.2179 0.2756, -0.9547 -0.2179 0.3324, -1.0138 -0.2179 0.3324, -1.0138 1.1905 0.2756, -0.9547 1.1905 0.2756, -1.0138 -0.376 0.063, -1.0138 -0.2662 0.0, -0.9547 -0.376 0.063, -0.9547 -0.2662 0.0, -0.9547 0.268 0.3324, -1.0138 0.268 0.3324, -0.9547 -0.2179 0.3442, -0.9547 0.268 0.3442, -0.9449 -0.2179 0.3442, -0.8169 0.268 0.3442, -0.8268 -0.2179 0.3442, -0.8169 -0.2179 0.3442, -0.8268 -0.2179 0.3504, -0.8169 -0.2179 0.3543, -0.9449 -0.2179 0.3504, -0.9547 -0.2179 0.3543, -0.8169 -0.376 0.3543, -0.9547 -0.376 0.3543, -0.8169 -0.2179 0.0, -0.8169 -0.2179 0.1181, -0.9547 -0.2179 0.0, -0.9547 -0.2179 0.1181, -0.8169 1.3086 0.1181, -0.9547 1.3086 0.1181, -0.9547 1.3086 0.2074, -0.9449 0.7224 0.3324, -0.9449 -0.2179 0.3324, -0.8268 0.7224 0.3324, -0.8268 -0.2179 0.3324, -0.8268 0.7362 0.338, -0.8268 0.7636 0.3648, -0.9449 0.7362 0.338, -0.9449 0.7636 0.3648, -0.8268 0.7869 0.368, -0.8268 0.9336 0.2874, -0.9449 0.7869 0.368, -0.9449 0.9336 0.2874, -0.8268 0.925 0.2504, -0.8268 -0.2179 0.2041, -0.9449 0.925 0.2504, -0.9449 -0.2179 0.2041, -0.9449 -0.2179 0.2756, -0.8268 -0.2179 0.2756, -0.9449 -0.2218 0.2756, -0.8268 -0.2218 0.2756, -0.9449 -0.2218 0.0, -0.8268 -0.2218 0.0, -0.9449 -0.2662 0.0, -0.8268 -0.2662 0.0, -0.9449 -0.376 0.063, -0.8268 -0.376 0.063, -0.9449 -0.4511 0.0, -0.8268 -0.4511 0.0, -0.9449 -0.6516 0.0, -0.8268 -0.6516 0.0, -0.9449 -0.6516 0.1181, -0.8268 -0.6516 0.1181, -0.9449 -0.5335 0.1181, -0.8268 -0.5335 0.1181, -0.9449 -0.376 0.2756, -0.8268 -0.376 0.2756, -0.9449 -0.376 0.3504, -0.8268 -0.376 0.3504, -0.9449 0.9378 0.2843, -0.9449 0.941 0.2804, -0.9449 0.9433 0.2656, -0.9449 0.9415 0.2608, -0.9449 0.9386 0.2567, -0.9449 0.9346 0.2534, -0.9449 0.93 0.2513, -0.9449 0.943 0.2757, -0.9449 0.9438 0.2707, -0.9449 0.7275 0.3331, -0.9449 0.7321 0.335, -0.9449 0.7676 0.3678, -0.9449 0.7723 0.3697, -0.9449 0.7772 0.3704, -0.9449 0.7822 0.3698, -0.8268 0.7321 0.335, -0.8268 0.7275 0.3331, -0.8268 0.7822 0.3698, -0.8268 0.7772 0.3704, -0.8268 0.7723 0.3697, -0.8268 0.7676 0.3678, -0.8268 0.93 0.2513, -0.8268 0.9346 0.2534, -0.8268 0.9386 0.2567, -0.8268 0.9415 0.2608, -0.8268 0.9433 0.2656, -0.8268 0.9438 0.2707, -0.8268 0.943 0.2757, -0.8268 0.941 0.2804, -0.8268 0.9378 0.2843, -1.0138 1.3086 0.2074, -1.1516 -0.2179 0.2756, -1.2106 -0.2179 0.2756, -1.1516 -0.2179 0.3324, -1.2106 -0.2179 0.3324, -1.2106 1.1905 0.2756, -1.1516 1.1905 0.2756, -1.2106 -0.376 0.063, -1.2106 -0.2662 0.0, -1.1516 -0.376 0.063, -1.1516 -0.2662 0.0, -1.1516 0.268 0.3324, -1.2106 0.268 0.3324, -1.1516 -0.2179 0.3442, -1.1516 0.268 0.3442, -1.1417 -0.2179 0.3442, -1.0138 0.268 0.3442, -1.0236 -0.2179 0.3442, -1.0138 -0.2179 0.3442, -1.0236 -0.2179 0.3504, -1.0138 -0.2179 0.3543, -1.1417 -0.2179 0.3504, -1.1516 -0.2179 0.3543, -1.0138 -0.376 0.3543, -1.1516 -0.376 0.3543, -1.0138 -0.2179 0.0, -1.0138 -0.2179 0.1181, -1.1516 -0.2179 0.0, -1.1516 -0.2179 0.1181, -1.0138 1.3086 0.1181, -1.1516 1.3086 0.1181, -1.1516 1.3086 0.2074, -1.1417 0.7224 0.3324, -1.1417 -0.2179 0.3324, -1.0236 0.7224 0.3324, -1.0236 -0.2179 0.3324, -1.0236 0.7362 0.338, -1.0236 0.7636 0.3648, -1.1417 0.7362 0.338, -1.1417 0.7636 0.3648, -1.0236 0.7869 0.368, -1.0236 0.9336 0.2874, -1.1417 0.7869 0.368, -1.1417 0.9336 0.2874, -1.0236 0.925 0.2504, -1.0236 -0.2179 0.2041, -1.1417 0.925 0.2504, -1.1417 -0.2179 0.2041, -1.1417 -0.2179 0.2756, -1.0236 -0.2179 0.2756, -1.1417 -0.2218 0.2756, -1.0236 -0.2218 0.2756, -1.1417 -0.2218 0.0, -1.0236 -0.2218 0.0, -1.1417 -0.2662 0.0, -1.0236 -0.2662 0.0, -1.1417 -0.376 0.063, -1.0236 -0.376 0.063, -1.1417 -0.4511 0.0, -1.0236 -0.4511 0.0, -1.1417 -0.6516 0.0, -1.0236 -0.6516 0.0, -1.1417 -0.6516 0.1181, -1.0236 -0.6516 0.1181, -1.1417 -0.5335 0.1181, -1.0236 -0.5335 0.1181, -1.1417 -0.376 0.2756, -1.0236 -0.376 0.2756, -1.1417 -0.376 0.3504, -1.0236 -0.376 0.3504, -1.1417 0.9378 0.2843, -1.1417 0.941 0.2804, -1.1417 0.9433 0.2656, -1.1417 0.9415 0.2608, -1.1417 0.9386 0.2567, -1.1417 0.9346 0.2534, -1.1417 0.93 0.2513, -1.1417 0.943 0.2757, -1.1417 0.9438 0.2707, -1.1417 0.7275 0.3331, -1.1417 0.7321 0.335, -1.1417 0.7676 0.3678, -1.1417 0.7723 0.3697, -1.1417 0.7772 0.3704, -1.1417 0.7822 0.3698, -1.0236 0.7321 0.335, -1.0236 0.7275 0.3331, -1.0236 0.7822 0.3698, -1.0236 0.7772 0.3704, -1.0236 0.7723 0.3697, -1.0236 0.7676 0.3678, -1.0236 0.93 0.2513, -1.0236 0.9346 0.2534, -1.0236 0.9386 0.2567, -1.0236 0.9415 0.2608, -1.0236 0.9433 0.2656, -1.0236 0.9438 0.2707, -1.0236 0.943 0.2757, -1.0236 0.941 0.2804, -1.0236 0.9378 0.2843, -1.2106 1.3086 0.2074, -1.3484 -0.2179 0.3442, -1.3484 0.268 0.3442, -1.3386 -0.2179 0.3442, -1.2106 0.268 0.3442, -1.2205 -0.2179 0.3442, -1.2106 -0.2179 0.3442, -1.2205 -0.2179 0.3504, -1.2106 -0.2179 0.3543, -1.3386 -0.2179 0.3504, -1.3484 -0.2179 0.3543, -1.2106 -0.376 0.3543, -1.3484 -0.376 0.3543, -1.2106 -0.2179 0.0, -1.2106 -0.2179 0.1181, -1.3484 -0.2179 0.0, -1.3484 -0.2179 0.1181, -1.2106 1.3086 0.1181, -1.3484 1.3086 0.1181, -1.3484 -0.2179 0.3324, -1.3484 0.268 0.3324, -1.3484 -0.376 0.063, -1.3484 -0.2662 0.0, -1.3484 -0.2179 0.2756, -1.3484 1.1905 0.2756, -1.3484 1.3086 0.2074, -1.3386 0.7224 0.3324, -1.3386 -0.2179 0.3324, -1.2205 0.7224 0.3324, -1.2205 -0.2179 0.3324, -1.2205 0.7362 0.338, -1.2205 0.7636 0.3648, -1.3386 0.7362 0.338, -1.3386 0.7636 0.3648, -1.2205 0.7869 0.368, -1.2205 0.9336 0.2874, -1.3386 0.7869 0.368, -1.3386 0.9336 0.2874, -1.2205 0.925 0.2504, -1.2205 -0.2179 0.2041, -1.3386 0.925 0.2504, -1.3386 -0.2179 0.2041, -1.3386 -0.2179 0.2756, -1.2205 -0.2179 0.2756, -1.3386 -0.2218 0.2756, -1.2205 -0.2218 0.2756, -1.3386 -0.2218 0.0, -1.2205 -0.2218 0.0, -1.3386 -0.2662 0.0, -1.2205 -0.2662 0.0, -1.3386 -0.376 0.063, -1.2205 -0.376 0.063, -1.3386 -0.4511 0.0, -1.2205 -0.4511 0.0, -1.3386 -0.6516 0.0, -1.2205 -0.6516 0.0, -1.3386 -0.6516 0.1181, -1.2205 -0.6516 0.1181, -1.3386 -0.5335 0.1181, -1.2205 -0.5335 0.1181, -1.3386 -0.376 0.2756, -1.2205 -0.376 0.2756, -1.3386 -0.376 0.3504, -1.2205 -0.376 0.3504, -1.3386 0.9378 0.2843, -1.3386 0.941 0.2804, -1.3386 0.9433 0.2656, -1.3386 0.9415 0.2608, -1.3386 0.9386 0.2567, -1.3386 0.9346 0.2534, -1.3386 0.93 0.2513, -1.3386 0.943 0.2757, -1.3386 0.9438 0.2707, -1.3386 0.7321 0.335, -1.3386 0.7275 0.3331, -1.3386 0.7772 0.3704, -1.3386 0.7723 0.3697, -1.3386 0.7676 0.3678, -1.3386 0.7822 0.3698, -1.2205 0.7321 0.335, -1.2205 0.7275 0.3331, -1.2205 0.93 0.2513, -1.2205 0.9346 0.2534, -1.2205 0.9386 0.2567, -1.2205 0.9415 0.2608, -1.2205 0.9433 0.2656, -1.2205 0.9438 0.2707, -1.2205 0.7772 0.3704, -1.2205 0.7723 0.3697, -1.2205 0.7822 0.3698, -1.2205 0.7676 0.3678, -1.2205 0.943 0.2757, -1.2205 0.941 0.2804, -1.2205 0.9378 0.2843
            ]
        }
        coordIndex [
            0,1,2,-1,2,1,3,-1,4,1,5,-1,5,1,0,-1,6,7,8,-1,8,7,9,-1,2,3,10,-1,10,3,11,-1,12,13,14,-1,14,13,15,-1,14,15,16,-1,16,15,17,-1,16,17,18,-1,18,17,19,-1,18,19,20,-1,20,19,21,-1,20,21,14,-1,14,21,12,-1,19,22,21,-1,21,22,23,-1,24,25,26,-1,26,25,27,-1,25,28,27,-1,27,28,29,-1,30,31,22,-1,22,19,17,-1,25,24,30,-1,15,32,17,-1,17,32,33,-1,17,33,22,-1,22,33,34,-1,30,22,25,-1,25,22,34,-1,25,34,28,-1,28,34,35,-1,28,35,36,-1,12,21,23,-1,2,10,13,-1,23,8,27,-1,27,8,9,-1,27,9,26,-1,13,12,2,-1,2,12,23,-1,2,23,0,-1,0,23,27,-1,0,27,5,-1,5,27,29,-1,5,29,37,-1,38,39,40,-1,40,39,41,-1,42,43,44,-1,44,43,45,-1,46,47,48,-1,48,47,49,-1,50,51,52,-1,52,51,53,-1,54,53,55,-1,55,53,51,-1,56,54,57,-1,57,54,55,-1,58,56,59,-1,59,56,57,-1,60,58,61,-1,61,58,59,-1,62,60,63,-1,63,60,61,-1,64,62,65,-1,65,62,63,-1,66,64,67,-1,67,64,65,-1,68,66,69,-1,69,66,67,-1,70,68,71,-1,71,68,69,-1,72,70,73,-1,73,70,71,-1,74,72,75,-1,75,72,73,-1,20,74,18,-1,18,74,75,-1,41,39,16,-1,16,39,14,-1,49,76,77,-1,78,79,49,-1,49,79,80,-1,49,80,81,-1,53,54,52,-1,52,54,49,-1,52,49,82,-1,82,49,81,-1,20,14,74,-1,74,14,39,-1,77,83,49,-1,49,83,84,-1,49,84,78,-1,70,72,56,-1,85,44,49,-1,49,44,45,-1,49,45,48,-1,48,45,86,-1,66,68,64,-1,64,68,70,-1,64,70,62,-1,62,70,56,-1,62,56,60,-1,60,56,58,-1,72,74,56,-1,56,74,39,-1,56,39,54,-1,54,39,38,-1,54,38,49,-1,49,38,87,-1,49,87,85,-1,88,89,45,-1,45,89,90,-1,45,90,86,-1,91,92,50,-1,50,92,40,-1,67,65,41,-1,41,65,63,-1,18,75,16,-1,16,75,73,-1,16,73,41,-1,41,73,71,-1,41,71,67,-1,67,71,69,-1,61,59,63,-1,63,59,57,-1,63,57,41,-1,41,57,55,-1,41,55,40,-1,40,55,51,-1,40,51,50,-1,91,50,42,-1,42,50,47,-1,42,47,46,-1,50,93,47,-1,47,93,94,-1,47,94,95,-1,95,96,47,-1,47,96,97,-1,47,97,98,-1,99,100,101,-1,101,100,102,-1,101,102,46,-1,46,102,43,-1,46,43,42,-1,98,103,47,-1,47,103,104,-1,47,104,105,-1,42,44,91,-1,91,44,85,-1,91,85,92,-1,92,85,87,-1,92,87,40,-1,40,87,38,-1,46,48,86,-1,46,86,101,-1,101,86,90,-1,101,90,99,-1,99,90,89,-1,99,89,100,-1,100,89,88,-1,100,88,102,-1,102,88,45,-1,102,45,43,-1,49,47,105,-1,49,105,76,-1,76,105,104,-1,76,104,77,-1,77,104,103,-1,77,103,83,-1,83,103,98,-1,83,98,84,-1,84,98,97,-1,84,97,78,-1,78,97,96,-1,78,96,79,-1,79,96,95,-1,79,95,80,-1,80,95,94,-1,80,94,81,-1,81,94,93,-1,81,93,82,-1,82,93,50,-1,82,50,52,-1,4,5,106,-1,106,5,37,-1,107,108,109,-1,109,108,110,-1,111,108,112,-1,112,108,107,-1,113,114,115,-1,115,114,116,-1,109,110,117,-1,117,110,118,-1,119,120,121,-1,121,120,122,-1,121,122,123,-1,123,122,124,-1,123,124,125,-1,125,124,126,-1,125,126,127,-1,127,126,128,-1,127,128,121,-1,121,128,119,-1,126,129,128,-1,128,129,130,-1,131,132,133,-1,133,132,134,-1,132,135,134,-1,134,135,136,-1,7,6,129,-1,129,126,124,-1,132,131,7,-1,122,11,124,-1,124,11,3,-1,124,3,129,-1,129,3,1,-1,7,129,132,-1,132,129,1,-1,132,1,135,-1,135,1,4,-1,135,4,106,-1,119,128,130,-1,109,117,120,-1,130,115,134,-1,134,115,116,-1,134,116,133,-1,120,119,109,-1,109,119,130,-1,109,130,107,-1,107,130,134,-1,107,134,112,-1,112,134,136,-1,112,136,137,-1,138,139,140,-1,140,139,141,-1,142,143,144,-1,144,143,145,-1,146,147,148,-1,148,147,149,-1,150,151,152,-1,152,151,153,-1,154,153,155,-1,155,153,151,-1,156,154,157,-1,157,154,155,-1,158,156,159,-1,159,156,157,-1,160,158,161,-1,161,158,159,-1,162,160,163,-1,163,160,161,-1,164,162,165,-1,165,162,163,-1,166,164,167,-1,167,164,165,-1,168,166,169,-1,169,166,167,-1,170,168,171,-1,171,168,169,-1,172,170,173,-1,173,170,171,-1,174,172,175,-1,175,172,173,-1,127,174,125,-1,125,174,175,-1,141,139,123,-1,123,139,121,-1,149,176,177,-1,178,179,149,-1,149,179,180,-1,149,180,181,-1,153,154,152,-1,152,154,149,-1,152,149,182,-1,182,149,181,-1,127,121,174,-1,174,121,139,-1,177,183,149,-1,149,183,184,-1,149,184,178,-1,170,172,156,-1,185,144,149,-1,149,144,145,-1,149,145,148,-1,148,145,186,-1,166,168,164,-1,164,168,170,-1,164,170,162,-1,162,170,156,-1,162,156,160,-1,160,156,158,-1,172,174,156,-1,156,174,139,-1,156,139,154,-1,154,139,138,-1,154,138,149,-1,149,138,187,-1,149,187,185,-1,188,189,145,-1,145,189,190,-1,145,190,186,-1,191,192,150,-1,150,192,140,-1,167,165,141,-1,141,165,163,-1,125,175,123,-1,123,175,173,-1,123,173,141,-1,141,173,171,-1,141,171,167,-1,167,171,169,-1,161,159,163,-1,163,159,157,-1,163,157,141,-1,141,157,155,-1,141,155,140,-1,140,155,151,-1,140,151,150,-1,191,150,142,-1,142,150,147,-1,142,147,146,-1,150,193,147,-1,147,193,194,-1,147,194,195,-1,195,196,147,-1,147,196,197,-1,147,197,198,-1,199,200,201,-1,201,200,202,-1,201,202,146,-1,146,202,143,-1,146,143,142,-1,198,203,147,-1,147,203,204,-1,147,204,205,-1,142,144,191,-1,191,144,185,-1,191,185,192,-1,192,185,187,-1,192,187,140,-1,140,187,138,-1,146,148,186,-1,146,186,201,-1,201,186,190,-1,201,190,199,-1,199,190,189,-1,199,189,200,-1,200,189,188,-1,200,188,202,-1,202,188,145,-1,202,145,143,-1,149,147,205,-1,149,205,176,-1,176,205,204,-1,176,204,177,-1,177,204,203,-1,177,203,183,-1,183,203,198,-1,183,198,184,-1,184,198,197,-1,184,197,178,-1,178,197,196,-1,178,196,179,-1,179,196,195,-1,179,195,180,-1,180,195,194,-1,180,194,181,-1,181,194,193,-1,181,193,182,-1,182,193,150,-1,182,150,152,-1,111,112,206,-1,206,112,137,-1,207,208,209,-1,209,208,210,-1,211,208,212,-1,212,208,207,-1,213,214,215,-1,215,214,216,-1,209,210,217,-1,217,210,218,-1,219,220,221,-1,221,220,222,-1,221,222,223,-1,223,222,224,-1,223,224,225,-1,225,224,226,-1,225,226,227,-1,227,226,228,-1,227,228,221,-1,221,228,219,-1,226,229,228,-1,228,229,230,-1,231,232,233,-1,233,232,234,-1,232,235,234,-1,234,235,236,-1,114,113,229,-1,229,226,224,-1,232,231,114,-1,222,118,224,-1,224,118,110,-1,224,110,229,-1,229,110,108,-1,114,229,232,-1,232,229,108,-1,232,108,235,-1,235,108,111,-1,235,111,206,-1,219,228,230,-1,209,217,220,-1,230,215,234,-1,234,215,216,-1,234,216,233,-1,220,219,209,-1,209,219,230,-1,209,230,207,-1,207,230,234,-1,207,234,212,-1,212,234,236,-1,212,236,237,-1,238,239,240,-1,240,239,241,-1,242,243,244,-1,244,243,245,-1,246,247,248,-1,248,247,249,-1,250,251,252,-1,252,251,253,-1,254,253,255,-1,255,253,251,-1,256,254,257,-1,257,254,255,-1,258,256,259,-1,259,256,257,-1,260,258,261,-1,261,258,259,-1,262,260,263,-1,263,260,261,-1,264,262,265,-1,265,262,263,-1,266,264,267,-1,267,264,265,-1,268,266,269,-1,269,266,267,-1,270,268,271,-1,271,268,269,-1,272,270,273,-1,273,270,271,-1,274,272,275,-1,275,272,273,-1,227,274,225,-1,225,274,275,-1,241,239,223,-1,223,239,221,-1,249,276,277,-1,278,279,249,-1,249,279,280,-1,249,280,281,-1,253,254,252,-1,252,254,249,-1,252,249,282,-1,282,249,281,-1,227,221,274,-1,274,221,239,-1,277,283,249,-1,249,283,284,-1,249,284,278,-1,270,272,256,-1,285,244,249,-1,249,244,245,-1,249,245,248,-1,248,245,286,-1,266,268,264,-1,264,268,270,-1,264,270,262,-1,262,270,256,-1,262,256,260,-1,260,256,258,-1,272,274,256,-1,256,274,239,-1,256,239,254,-1,254,239,238,-1,254,238,249,-1,249,238,287,-1,249,287,285,-1,288,289,245,-1,245,289,290,-1,245,290,286,-1,291,292,250,-1,250,292,240,-1,267,265,241,-1,241,265,263,-1,225,275,223,-1,223,275,273,-1,223,273,241,-1,241,273,271,-1,241,271,267,-1,267,271,269,-1,261,259,263,-1,263,259,257,-1,263,257,241,-1,241,257,255,-1,241,255,240,-1,240,255,251,-1,240,251,250,-1,291,250,242,-1,242,250,247,-1,242,247,246,-1,250,293,247,-1,247,293,294,-1,247,294,295,-1,295,296,247,-1,247,296,297,-1,247,297,298,-1,299,300,301,-1,301,300,302,-1,301,302,246,-1,246,302,243,-1,246,243,242,-1,298,303,247,-1,247,303,304,-1,247,304,305,-1,242,244,291,-1,291,244,285,-1,291,285,292,-1,292,285,287,-1,292,287,240,-1,240,287,238,-1,246,248,286,-1,246,286,301,-1,301,286,290,-1,301,290,299,-1,299,290,289,-1,299,289,300,-1,300,289,288,-1,300,288,302,-1,302,288,245,-1,302,245,243,-1,249,247,305,-1,249,305,276,-1,276,305,304,-1,276,304,277,-1,277,304,303,-1,277,303,283,-1,283,303,298,-1,283,298,284,-1,284,298,297,-1,284,297,278,-1,278,297,296,-1,278,296,279,-1,279,296,295,-1,279,295,280,-1,280,295,294,-1,280,294,281,-1,281,294,293,-1,281,293,282,-1,282,293,250,-1,282,250,252,-1,211,212,306,-1,306,212,237,-1,307,308,309,-1,309,308,310,-1,311,308,312,-1,312,308,307,-1,313,314,315,-1,315,314,316,-1,309,310,317,-1,317,310,318,-1,319,320,321,-1,321,320,322,-1,321,322,323,-1,323,322,324,-1,323,324,325,-1,325,324,326,-1,325,326,327,-1,327,326,328,-1,327,328,321,-1,321,328,319,-1,326,329,328,-1,328,329,330,-1,331,332,333,-1,333,332,334,-1,332,335,334,-1,334,335,336,-1,214,213,329,-1,329,326,324,-1,332,331,214,-1,322,218,324,-1,324,218,210,-1,324,210,329,-1,329,210,208,-1,214,329,332,-1,332,329,208,-1,332,208,335,-1,335,208,211,-1,335,211,306,-1,319,328,330,-1,309,317,320,-1,330,315,334,-1,334,315,316,-1,334,316,333,-1,320,319,309,-1,309,319,330,-1,309,330,307,-1,307,330,334,-1,307,334,312,-1,312,334,336,-1,312,336,337,-1,338,339,340,-1,340,339,341,-1,342,343,344,-1,344,343,345,-1,346,347,348,-1,348,347,349,-1,350,351,352,-1,352,351,353,-1,354,353,355,-1,355,353,351,-1,356,354,357,-1,357,354,355,-1,358,356,359,-1,359,356,357,-1,360,358,361,-1,361,358,359,-1,362,360,363,-1,363,360,361,-1,364,362,365,-1,365,362,363,-1,366,364,367,-1,367,364,365,-1,368,366,369,-1,369,366,367,-1,370,368,371,-1,371,368,369,-1,372,370,373,-1,373,370,371,-1,374,372,375,-1,375,372,373,-1,327,374,325,-1,325,374,375,-1,341,339,323,-1,323,339,321,-1,353,354,352,-1,352,354,349,-1,352,349,376,-1,377,349,378,-1,378,349,379,-1,327,321,374,-1,374,321,339,-1,379,349,380,-1,380,349,381,-1,380,381,382,-1,377,383,349,-1,349,383,384,-1,349,384,376,-1,370,372,356,-1,385,344,349,-1,349,344,345,-1,349,345,348,-1,348,345,386,-1,366,368,364,-1,364,368,370,-1,364,370,362,-1,362,370,356,-1,362,356,360,-1,360,356,358,-1,372,374,356,-1,356,374,339,-1,356,339,354,-1,354,339,338,-1,354,338,349,-1,349,338,387,-1,349,387,385,-1,388,389,345,-1,345,389,390,-1,345,390,386,-1,347,346,342,-1,342,391,350,-1,350,391,392,-1,350,392,340,-1,367,365,341,-1,341,365,363,-1,325,375,323,-1,323,375,373,-1,323,373,341,-1,341,373,371,-1,341,371,367,-1,367,371,369,-1,361,359,363,-1,363,359,357,-1,363,357,341,-1,341,357,355,-1,341,355,340,-1,340,355,351,-1,340,351,350,-1,342,350,347,-1,347,350,393,-1,347,393,394,-1,394,395,347,-1,347,395,396,-1,347,396,397,-1,398,399,400,-1,400,399,401,-1,400,401,346,-1,346,401,343,-1,346,343,342,-1,397,402,347,-1,347,402,403,-1,347,403,404,-1,404,403,405,-1,342,344,391,-1,391,344,385,-1,391,385,392,-1,392,385,387,-1,392,387,340,-1,340,387,338,-1,346,348,386,-1,346,386,400,-1,400,386,390,-1,400,390,398,-1,398,390,389,-1,398,389,399,-1,399,389,388,-1,399,388,401,-1,401,388,345,-1,401,345,343,-1,349,347,404,-1,349,404,381,-1,381,404,405,-1,381,405,382,-1,382,405,403,-1,382,403,380,-1,380,403,402,-1,380,402,379,-1,379,402,397,-1,379,397,378,-1,378,397,396,-1,378,396,377,-1,377,396,395,-1,377,395,383,-1,383,395,394,-1,383,394,384,-1,384,394,393,-1,384,393,376,-1,376,393,350,-1,376,350,352,-1,311,312,406,-1,406,312,337,-1,407,408,409,-1,409,408,410,-1,411,408,412,-1,412,408,407,-1,413,414,415,-1,415,414,416,-1,409,410,417,-1,417,410,418,-1,419,420,421,-1,421,420,422,-1,421,422,423,-1,423,422,424,-1,423,424,425,-1,425,424,426,-1,425,426,427,-1,427,426,428,-1,427,428,421,-1,421,428,419,-1,426,429,428,-1,428,429,430,-1,431,432,433,-1,433,432,434,-1,432,435,434,-1,434,435,436,-1,314,313,429,-1,429,426,424,-1,432,431,314,-1,422,318,424,-1,424,318,310,-1,424,310,429,-1,429,310,308,-1,314,429,432,-1,432,429,308,-1,432,308,435,-1,435,308,311,-1,435,311,406,-1,419,428,430,-1,409,417,420,-1,430,415,434,-1,434,415,416,-1,434,416,433,-1,420,419,409,-1,409,419,430,-1,409,430,407,-1,407,430,434,-1,407,434,412,-1,412,434,436,-1,412,436,437,-1,438,439,440,-1,440,439,441,-1,442,443,444,-1,444,443,445,-1,446,447,448,-1,448,447,449,-1,450,451,452,-1,452,451,453,-1,454,453,455,-1,455,453,451,-1,456,454,457,-1,457,454,455,-1,458,456,459,-1,459,456,457,-1,460,458,461,-1,461,458,459,-1,462,460,463,-1,463,460,461,-1,464,462,465,-1,465,462,463,-1,466,464,467,-1,467,464,465,-1,468,466,469,-1,469,466,467,-1,470,468,471,-1,471,468,469,-1,472,470,473,-1,473,470,471,-1,474,472,475,-1,475,472,473,-1,427,474,425,-1,425,474,475,-1,441,439,423,-1,423,439,421,-1,453,454,452,-1,452,454,449,-1,452,449,476,-1,477,449,478,-1,478,449,479,-1,427,421,474,-1,474,421,439,-1,479,449,480,-1,480,449,481,-1,480,481,482,-1,477,483,449,-1,449,483,484,-1,449,484,476,-1,470,472,456,-1,485,444,449,-1,449,444,445,-1,449,445,448,-1,448,445,486,-1,466,468,464,-1,464,468,470,-1,464,470,462,-1,462,470,456,-1,462,456,460,-1,460,456,458,-1,472,474,456,-1,456,474,439,-1,456,439,454,-1,454,439,438,-1,454,438,449,-1,449,438,487,-1,449,487,485,-1,488,489,445,-1,445,489,490,-1,445,490,486,-1,447,446,442,-1,442,491,450,-1,450,491,492,-1,450,492,440,-1,467,465,441,-1,441,465,463,-1,425,475,423,-1,423,475,473,-1,423,473,441,-1,441,473,471,-1,441,471,467,-1,467,471,469,-1,461,459,463,-1,463,459,457,-1,463,457,441,-1,441,457,455,-1,441,455,440,-1,440,455,451,-1,440,451,450,-1,442,450,447,-1,447,450,493,-1,447,493,494,-1,494,495,447,-1,447,495,496,-1,447,496,497,-1,498,499,500,-1,500,499,501,-1,500,501,446,-1,446,501,443,-1,446,443,442,-1,497,502,447,-1,447,502,503,-1,447,503,504,-1,504,503,505,-1,442,444,491,-1,491,444,485,-1,491,485,492,-1,492,485,487,-1,492,487,440,-1,440,487,438,-1,446,448,486,-1,446,486,500,-1,500,486,490,-1,500,490,498,-1,498,490,489,-1,498,489,499,-1,499,489,488,-1,499,488,501,-1,501,488,445,-1,501,445,443,-1,449,447,504,-1,449,504,481,-1,481,504,505,-1,481,505,482,-1,482,505,503,-1,482,503,480,-1,480,503,502,-1,480,502,479,-1,479,502,497,-1,479,497,478,-1,478,497,496,-1,478,496,477,-1,477,496,495,-1,477,495,483,-1,483,495,494,-1,483,494,484,-1,484,494,493,-1,484,493,476,-1,476,493,450,-1,476,450,452,-1,411,412,506,-1,506,412,437,-1,507,508,509,-1,509,508,510,-1,511,508,512,-1,512,508,507,-1,513,514,515,-1,515,514,516,-1,509,510,517,-1,517,510,518,-1,519,520,521,-1,521,520,522,-1,521,522,523,-1,523,522,524,-1,523,524,525,-1,525,524,526,-1,525,526,527,-1,527,526,528,-1,527,528,521,-1,521,528,519,-1,526,529,528,-1,528,529,530,-1,531,532,533,-1,533,532,534,-1,532,535,534,-1,534,535,536,-1,414,413,529,-1,529,526,524,-1,532,531,414,-1,522,418,524,-1,524,418,410,-1,524,410,529,-1,529,410,408,-1,414,529,532,-1,532,529,408,-1,532,408,535,-1,535,408,411,-1,535,411,506,-1,519,528,530,-1,509,517,520,-1,530,515,534,-1,534,515,516,-1,534,516,533,-1,520,519,509,-1,509,519,530,-1,509,530,507,-1,507,530,534,-1,507,534,512,-1,512,534,536,-1,512,536,537,-1,538,539,540,-1,540,539,541,-1,542,543,544,-1,544,543,545,-1,546,547,548,-1,548,547,549,-1,550,551,552,-1,552,551,553,-1,554,553,555,-1,555,553,551,-1,556,554,557,-1,557,554,555,-1,558,556,559,-1,559,556,557,-1,560,558,561,-1,561,558,559,-1,562,560,563,-1,563,560,561,-1,564,562,565,-1,565,562,563,-1,566,564,567,-1,567,564,565,-1,568,566,569,-1,569,566,567,-1,570,568,571,-1,571,568,569,-1,572,570,573,-1,573,570,571,-1,574,572,575,-1,575,572,573,-1,527,574,525,-1,525,574,575,-1,541,539,523,-1,523,539,521,-1,553,554,552,-1,552,554,549,-1,552,549,576,-1,577,549,578,-1,578,549,579,-1,527,521,574,-1,574,521,539,-1,579,549,580,-1,580,549,581,-1,580,581,582,-1,577,583,549,-1,549,583,584,-1,549,584,576,-1,570,572,556,-1,585,544,549,-1,549,544,545,-1,549,545,548,-1,548,545,586,-1,566,568,564,-1,564,568,570,-1,564,570,562,-1,562,570,556,-1,562,556,560,-1,560,556,558,-1,572,574,556,-1,556,574,539,-1,556,539,554,-1,554,539,538,-1,554,538,549,-1,549,538,587,-1,549,587,585,-1,588,589,545,-1,545,589,590,-1,545,590,586,-1,547,546,542,-1,542,591,550,-1,550,591,592,-1,550,592,540,-1,567,565,541,-1,541,565,563,-1,525,575,523,-1,523,575,573,-1,523,573,541,-1,541,573,571,-1,541,571,567,-1,567,571,569,-1,561,559,563,-1,563,559,557,-1,563,557,541,-1,541,557,555,-1,541,555,540,-1,540,555,551,-1,540,551,550,-1,542,550,547,-1,547,550,593,-1,547,593,594,-1,594,595,547,-1,547,595,596,-1,547,596,597,-1,598,599,600,-1,600,599,601,-1,600,601,546,-1,546,601,543,-1,546,543,542,-1,597,602,547,-1,547,602,603,-1,547,603,604,-1,604,603,605,-1,542,544,591,-1,591,544,585,-1,591,585,592,-1,592,585,587,-1,592,587,540,-1,540,587,538,-1,546,548,586,-1,546,586,600,-1,600,586,590,-1,600,590,598,-1,598,590,589,-1,598,589,599,-1,599,589,588,-1,599,588,601,-1,601,588,545,-1,601,545,543,-1,549,547,604,-1,549,604,581,-1,581,604,605,-1,581,605,582,-1,582,605,603,-1,582,603,580,-1,580,603,602,-1,580,602,579,-1,579,602,597,-1,579,597,578,-1,578,597,596,-1,578,596,577,-1,577,596,595,-1,577,595,583,-1,583,595,594,-1,583,594,584,-1,584,594,593,-1,584,593,576,-1,576,593,550,-1,576,550,552,-1,511,512,606,-1,606,512,537,-1,607,608,609,-1,609,608,610,-1,611,608,612,-1,612,608,607,-1,613,614,615,-1,615,614,616,-1,609,610,617,-1,617,610,618,-1,619,620,621,-1,621,620,622,-1,621,622,623,-1,623,622,624,-1,623,624,625,-1,625,624,626,-1,625,626,627,-1,627,626,628,-1,627,628,621,-1,621,628,619,-1,626,629,628,-1,628,629,630,-1,631,632,633,-1,633,632,634,-1,632,635,634,-1,634,635,636,-1,514,513,629,-1,629,626,624,-1,632,631,514,-1,622,518,624,-1,624,518,510,-1,624,510,629,-1,629,510,508,-1,514,629,632,-1,632,629,508,-1,632,508,635,-1,635,508,511,-1,635,511,606,-1,619,628,630,-1,609,617,620,-1,630,615,634,-1,634,615,616,-1,634,616,633,-1,620,619,609,-1,609,619,630,-1,609,630,607,-1,607,630,634,-1,607,634,612,-1,612,634,636,-1,612,636,637,-1,638,639,640,-1,640,639,641,-1,642,643,644,-1,644,643,645,-1,646,647,648,-1,648,647,649,-1,650,651,652,-1,652,651,653,-1,654,653,655,-1,655,653,651,-1,656,654,657,-1,657,654,655,-1,658,656,659,-1,659,656,657,-1,660,658,661,-1,661,658,659,-1,662,660,663,-1,663,660,661,-1,664,662,665,-1,665,662,663,-1,666,664,667,-1,667,664,665,-1,668,666,669,-1,669,666,667,-1,670,668,671,-1,671,668,669,-1,672,670,673,-1,673,670,671,-1,674,672,675,-1,675,672,673,-1,627,674,625,-1,625,674,675,-1,641,639,623,-1,623,639,621,-1,653,654,652,-1,652,654,649,-1,652,649,676,-1,677,649,678,-1,678,649,679,-1,627,621,674,-1,674,621,639,-1,679,649,680,-1,680,649,681,-1,680,681,682,-1,677,683,649,-1,649,683,684,-1,649,684,676,-1,670,672,656,-1,685,644,649,-1,649,644,645,-1,649,645,648,-1,648,645,686,-1,666,668,664,-1,664,668,670,-1,664,670,662,-1,662,670,656,-1,662,656,660,-1,660,656,658,-1,672,674,656,-1,656,674,639,-1,656,639,654,-1,654,639,638,-1,654,638,649,-1,649,638,687,-1,649,687,685,-1,688,689,645,-1,645,689,690,-1,645,690,686,-1,647,646,642,-1,642,691,650,-1,650,691,692,-1,650,692,640,-1,667,665,641,-1,641,665,663,-1,625,675,623,-1,623,675,673,-1,623,673,641,-1,641,673,671,-1,641,671,667,-1,667,671,669,-1,661,659,663,-1,663,659,657,-1,663,657,641,-1,641,657,655,-1,641,655,640,-1,640,655,651,-1,640,651,650,-1,642,650,647,-1,647,650,693,-1,647,693,694,-1,694,695,647,-1,647,695,696,-1,647,696,697,-1,698,699,700,-1,700,699,701,-1,700,701,646,-1,646,701,643,-1,646,643,642,-1,697,702,647,-1,647,702,703,-1,647,703,704,-1,704,703,705,-1,642,644,691,-1,691,644,685,-1,691,685,692,-1,692,685,687,-1,692,687,640,-1,640,687,638,-1,646,648,686,-1,646,686,700,-1,700,686,690,-1,700,690,698,-1,698,690,689,-1,698,689,699,-1,699,689,688,-1,699,688,701,-1,701,688,645,-1,701,645,643,-1,649,647,704,-1,649,704,681,-1,681,704,705,-1,681,705,682,-1,682,705,703,-1,682,703,680,-1,680,703,702,-1,680,702,679,-1,679,702,697,-1,679,697,678,-1,678,697,696,-1,678,696,677,-1,677,696,695,-1,677,695,683,-1,683,695,694,-1,683,694,684,-1,684,694,693,-1,684,693,676,-1,676,693,650,-1,676,650,652,-1,611,612,706,-1,706,612,637,-1,707,708,709,-1,709,708,710,-1,711,708,712,-1,712,708,707,-1,713,714,715,-1,715,714,716,-1,715,716,717,-1,709,710,718,-1,718,710,719,-1,720,721,722,-1,722,721,723,-1,722,723,724,-1,724,723,725,-1,724,725,726,-1,726,725,727,-1,726,727,728,-1,728,727,729,-1,728,729,722,-1,722,729,720,-1,727,730,729,-1,729,730,731,-1,732,733,734,-1,734,733,735,-1,733,736,735,-1,735,736,737,-1,614,613,730,-1,730,727,725,-1,733,732,614,-1,723,618,725,-1,725,618,610,-1,725,610,730,-1,730,610,608,-1,614,730,733,-1,733,730,608,-1,733,608,736,-1,736,608,611,-1,736,611,706,-1,720,729,731,-1,709,718,721,-1,731,714,735,-1,735,714,713,-1,735,713,734,-1,721,720,709,-1,709,720,731,-1,709,731,707,-1,707,731,735,-1,707,735,712,-1,712,735,737,-1,712,737,738,-1,739,740,741,-1,741,740,742,-1,743,744,745,-1,745,744,746,-1,747,748,749,-1,749,748,750,-1,751,752,753,-1,753,752,754,-1,755,754,756,-1,756,754,752,-1,757,755,758,-1,758,755,756,-1,759,757,760,-1,760,757,758,-1,761,759,762,-1,762,759,760,-1,763,761,764,-1,764,761,762,-1,765,763,766,-1,766,763,764,-1,767,765,768,-1,768,765,766,-1,769,767,770,-1,770,767,768,-1,771,769,772,-1,772,769,770,-1,773,771,774,-1,774,771,772,-1,775,773,776,-1,776,773,774,-1,728,775,726,-1,726,775,776,-1,742,740,724,-1,724,740,722,-1,754,755,753,-1,753,755,750,-1,753,750,777,-1,778,750,779,-1,779,750,780,-1,728,722,775,-1,775,722,740,-1,780,750,781,-1,781,750,782,-1,781,782,783,-1,778,784,750,-1,750,784,785,-1,750,785,777,-1,771,773,757,-1,786,745,750,-1,750,745,746,-1,750,746,749,-1,749,746,787,-1,767,769,765,-1,765,769,771,-1,765,771,763,-1,763,771,757,-1,763,757,761,-1,761,757,759,-1,773,775,757,-1,757,775,740,-1,757,740,755,-1,755,740,739,-1,755,739,750,-1,750,739,788,-1,750,788,786,-1,789,790,746,-1,746,790,791,-1,746,791,787,-1,748,747,743,-1,743,792,751,-1,751,792,793,-1,751,793,741,-1,768,766,742,-1,742,766,764,-1,726,776,724,-1,724,776,774,-1,724,774,742,-1,742,774,772,-1,742,772,768,-1,768,772,770,-1,762,760,764,-1,764,760,758,-1,764,758,742,-1,742,758,756,-1,742,756,741,-1,741,756,752,-1,741,752,751,-1,743,751,748,-1,748,751,794,-1,748,794,795,-1,795,796,748,-1,748,796,797,-1,748,797,798,-1,799,800,801,-1,801,800,802,-1,801,802,747,-1,747,802,744,-1,747,744,743,-1,798,803,748,-1,748,803,804,-1,748,804,805,-1,805,804,806,-1,743,745,792,-1,792,745,786,-1,792,786,793,-1,793,786,788,-1,793,788,741,-1,741,788,739,-1,747,749,787,-1,747,787,801,-1,801,787,791,-1,801,791,799,-1,799,791,790,-1,799,790,800,-1,800,790,789,-1,800,789,802,-1,802,789,746,-1,802,746,744,-1,750,748,805,-1,750,805,782,-1,782,805,806,-1,782,806,783,-1,783,806,804,-1,783,804,781,-1,781,804,803,-1,781,803,780,-1,780,803,798,-1,780,798,779,-1,779,798,797,-1,779,797,778,-1,778,797,796,-1,778,796,784,-1,784,796,795,-1,784,795,785,-1,785,795,794,-1,785,794,777,-1,777,794,751,-1,777,751,753,-1,711,712,807,-1,807,712,738,-1,808,809,810,-1,810,809,811,-1,812,809,813,-1,813,809,808,-1,814,815,816,-1,816,815,817,-1,810,811,818,-1,818,811,819,-1,820,821,822,-1,822,821,823,-1,822,823,824,-1,824,823,825,-1,824,825,826,-1,826,825,827,-1,826,827,828,-1,828,827,829,-1,828,829,822,-1,822,829,820,-1,827,830,829,-1,829,830,831,-1,832,833,834,-1,834,833,835,-1,833,836,835,-1,835,836,837,-1,717,716,830,-1,830,827,825,-1,833,832,717,-1,823,719,825,-1,825,719,710,-1,825,710,830,-1,830,710,708,-1,717,830,833,-1,833,830,708,-1,833,708,836,-1,836,708,711,-1,836,711,807,-1,820,829,831,-1,810,818,821,-1,831,816,835,-1,835,816,817,-1,835,817,834,-1,821,820,810,-1,810,820,831,-1,810,831,808,-1,808,831,835,-1,808,835,813,-1,813,835,837,-1,813,837,838,-1,839,840,841,-1,841,840,842,-1,843,844,845,-1,845,844,846,-1,847,848,849,-1,849,848,850,-1,851,852,853,-1,853,852,854,-1,855,854,856,-1,856,854,852,-1,857,855,858,-1,858,855,856,-1,859,857,860,-1,860,857,858,-1,861,859,862,-1,862,859,860,-1,863,861,864,-1,864,861,862,-1,865,863,866,-1,866,863,864,-1,867,865,868,-1,868,865,866,-1,869,867,870,-1,870,867,868,-1,871,869,872,-1,872,869,870,-1,873,871,874,-1,874,871,872,-1,875,873,876,-1,876,873,874,-1,828,875,826,-1,826,875,876,-1,842,840,824,-1,824,840,822,-1,854,855,853,-1,853,855,850,-1,853,850,877,-1,878,850,879,-1,879,850,880,-1,828,822,875,-1,875,822,840,-1,880,850,881,-1,881,850,882,-1,881,882,883,-1,878,884,850,-1,850,884,885,-1,850,885,877,-1,871,873,857,-1,867,869,865,-1,865,869,871,-1,865,871,863,-1,863,871,857,-1,863,857,861,-1,861,857,859,-1,873,875,857,-1,857,875,840,-1,857,840,855,-1,855,840,839,-1,855,839,850,-1,850,839,886,-1,850,886,887,-1,887,845,850,-1,850,845,846,-1,850,846,849,-1,849,846,888,-1,888,889,849,-1,849,889,890,-1,849,890,891,-1,843,892,851,-1,851,892,893,-1,851,893,841,-1,868,866,842,-1,842,866,864,-1,826,876,824,-1,824,876,874,-1,824,874,842,-1,842,874,872,-1,842,872,868,-1,868,872,870,-1,862,860,864,-1,864,860,858,-1,864,858,842,-1,842,858,856,-1,842,856,841,-1,841,856,852,-1,841,852,851,-1,894,895,848,-1,896,847,897,-1,897,847,898,-1,897,898,899,-1,896,844,847,-1,847,844,843,-1,847,843,848,-1,848,843,851,-1,848,851,894,-1,895,900,848,-1,848,900,901,-1,848,901,902,-1,902,903,848,-1,848,903,904,-1,848,904,905,-1,905,904,906,-1,843,845,892,-1,892,845,887,-1,892,887,893,-1,893,887,886,-1,893,886,841,-1,841,886,839,-1,847,849,891,-1,847,891,898,-1,898,891,890,-1,898,890,899,-1,899,890,889,-1,899,889,897,-1,897,889,888,-1,897,888,896,-1,896,888,846,-1,896,846,844,-1,850,848,905,-1,850,905,882,-1,882,905,906,-1,882,906,883,-1,883,906,904,-1,883,904,881,-1,881,904,903,-1,881,903,880,-1,880,903,902,-1,880,902,879,-1,879,902,901,-1,879,901,878,-1,878,901,900,-1,878,900,884,-1,884,900,895,-1,884,895,885,-1,885,895,894,-1,885,894,877,-1,877,894,851,-1,877,851,853,-1,812,813,907,-1,907,813,838,-1,908,909,910,-1,910,909,911,-1,912,909,913,-1,913,909,908,-1,914,915,916,-1,916,915,917,-1,910,911,918,-1,918,911,919,-1,920,921,922,-1,922,921,923,-1,922,923,924,-1,924,923,925,-1,924,925,926,-1,926,925,927,-1,926,927,928,-1,928,927,929,-1,928,929,922,-1,922,929,920,-1,927,930,929,-1,929,930,931,-1,932,933,934,-1,934,933,935,-1,933,936,935,-1,935,936,937,-1,815,814,930,-1,930,927,925,-1,933,932,815,-1,923,819,925,-1,925,819,811,-1,925,811,930,-1,930,811,809,-1,815,930,933,-1,933,930,809,-1,933,809,936,-1,936,809,812,-1,936,812,907,-1,920,929,931,-1,910,918,921,-1,931,916,935,-1,935,916,917,-1,935,917,934,-1,921,920,910,-1,910,920,931,-1,910,931,908,-1,908,931,935,-1,908,935,913,-1,913,935,937,-1,913,937,938,-1,939,940,941,-1,941,940,942,-1,943,944,945,-1,945,944,946,-1,947,948,949,-1,949,948,950,-1,951,952,953,-1,953,952,954,-1,955,954,956,-1,956,954,952,-1,957,955,958,-1,958,955,956,-1,959,957,960,-1,960,957,958,-1,961,959,962,-1,962,959,960,-1,963,961,964,-1,964,961,962,-1,965,963,966,-1,966,963,964,-1,967,965,968,-1,968,965,966,-1,969,967,970,-1,970,967,968,-1,971,969,972,-1,972,969,970,-1,973,971,974,-1,974,971,972,-1,975,973,976,-1,976,973,974,-1,928,975,926,-1,926,975,976,-1,942,940,924,-1,924,940,922,-1,954,955,953,-1,953,955,950,-1,953,950,977,-1,978,950,979,-1,979,950,980,-1,928,922,975,-1,975,922,940,-1,980,950,981,-1,981,950,982,-1,981,982,983,-1,978,984,950,-1,950,984,985,-1,950,985,977,-1,971,973,957,-1,967,969,965,-1,965,969,971,-1,965,971,963,-1,963,971,957,-1,963,957,961,-1,961,957,959,-1,973,975,957,-1,957,975,940,-1,957,940,955,-1,955,940,939,-1,955,939,950,-1,950,939,986,-1,950,986,987,-1,987,945,950,-1,950,945,946,-1,950,946,949,-1,949,946,988,-1,988,989,949,-1,949,989,990,-1,949,990,991,-1,943,992,951,-1,951,992,993,-1,951,993,941,-1,968,966,942,-1,942,966,964,-1,926,976,924,-1,924,976,974,-1,924,974,942,-1,942,974,972,-1,942,972,968,-1,968,972,970,-1,962,960,964,-1,964,960,958,-1,964,958,942,-1,942,958,956,-1,942,956,941,-1,941,956,952,-1,941,952,951,-1,994,995,948,-1,996,947,997,-1,997,947,998,-1,997,998,999,-1,996,944,947,-1,947,944,943,-1,947,943,948,-1,948,943,951,-1,948,951,994,-1,995,1000,948,-1,948,1000,1001,-1,948,1001,1002,-1,1002,1003,948,-1,948,1003,1004,-1,948,1004,1005,-1,1005,1004,1006,-1,943,945,992,-1,992,945,987,-1,992,987,993,-1,993,987,986,-1,993,986,941,-1,941,986,939,-1,947,949,991,-1,947,991,998,-1,998,991,990,-1,998,990,999,-1,999,990,989,-1,999,989,997,-1,997,989,988,-1,997,988,996,-1,996,988,946,-1,996,946,944,-1,950,948,1005,-1,950,1005,982,-1,982,1005,1006,-1,982,1006,983,-1,983,1006,1004,-1,983,1004,981,-1,981,1004,1003,-1,981,1003,980,-1,980,1003,1002,-1,980,1002,979,-1,979,1002,1001,-1,979,1001,978,-1,978,1001,1000,-1,978,1000,984,-1,984,1000,995,-1,984,995,985,-1,985,995,994,-1,985,994,977,-1,977,994,951,-1,977,951,953,-1,912,913,1007,-1,1007,913,938,-1,1008,1009,1010,-1,1010,1009,1011,-1,1012,1009,1013,-1,1013,1009,1008,-1,1014,1015,1016,-1,1016,1015,1017,-1,1010,1011,1018,-1,1018,1011,1019,-1,1020,1021,1022,-1,1022,1021,1023,-1,1022,1023,1024,-1,1024,1023,1025,-1,1024,1025,1026,-1,1026,1025,1027,-1,1026,1027,1028,-1,1028,1027,1029,-1,1028,1029,1022,-1,1022,1029,1020,-1,1027,1030,1029,-1,1029,1030,1031,-1,1032,1033,1034,-1,1034,1033,1035,-1,1033,1036,1035,-1,1035,1036,1037,-1,915,914,1030,-1,1030,1027,1025,-1,1033,1032,915,-1,1023,919,1025,-1,1025,919,911,-1,1025,911,1030,-1,1030,911,909,-1,915,1030,1033,-1,1033,1030,909,-1,1033,909,1036,-1,1036,909,912,-1,1036,912,1007,-1,1020,1029,1031,-1,1010,1018,1021,-1,1031,1016,1035,-1,1035,1016,1017,-1,1035,1017,1034,-1,1021,1020,1010,-1,1010,1020,1031,-1,1010,1031,1008,-1,1008,1031,1035,-1,1008,1035,1013,-1,1013,1035,1037,-1,1013,1037,1038,-1,1039,1040,1041,-1,1041,1040,1042,-1,1043,1044,1045,-1,1045,1044,1046,-1,1047,1048,1049,-1,1049,1048,1050,-1,1051,1052,1053,-1,1053,1052,1054,-1,1055,1054,1056,-1,1056,1054,1052,-1,1057,1055,1058,-1,1058,1055,1056,-1,1059,1057,1060,-1,1060,1057,1058,-1,1061,1059,1062,-1,1062,1059,1060,-1,1063,1061,1064,-1,1064,1061,1062,-1,1065,1063,1066,-1,1066,1063,1064,-1,1067,1065,1068,-1,1068,1065,1066,-1,1069,1067,1070,-1,1070,1067,1068,-1,1071,1069,1072,-1,1072,1069,1070,-1,1073,1071,1074,-1,1074,1071,1072,-1,1075,1073,1076,-1,1076,1073,1074,-1,1028,1075,1026,-1,1026,1075,1076,-1,1042,1040,1024,-1,1024,1040,1022,-1,1054,1055,1053,-1,1053,1055,1050,-1,1053,1050,1077,-1,1078,1050,1079,-1,1079,1050,1080,-1,1028,1022,1075,-1,1075,1022,1040,-1,1080,1050,1081,-1,1081,1050,1082,-1,1081,1082,1083,-1,1078,1084,1050,-1,1050,1084,1085,-1,1050,1085,1077,-1,1071,1073,1057,-1,1073,1075,1057,-1,1057,1075,1040,-1,1057,1040,1055,-1,1055,1040,1039,-1,1055,1039,1050,-1,1050,1039,1086,-1,1050,1086,1087,-1,1067,1069,1065,-1,1065,1069,1071,-1,1065,1071,1063,-1,1063,1071,1057,-1,1063,1057,1061,-1,1061,1057,1059,-1,1087,1045,1050,-1,1050,1045,1046,-1,1050,1046,1049,-1,1049,1046,1088,-1,1088,1089,1049,-1,1049,1089,1090,-1,1049,1090,1091,-1,1043,1092,1051,-1,1051,1092,1093,-1,1051,1093,1041,-1,1068,1066,1042,-1,1042,1066,1064,-1,1026,1076,1024,-1,1024,1076,1074,-1,1024,1074,1042,-1,1042,1074,1072,-1,1042,1072,1068,-1,1068,1072,1070,-1,1062,1060,1064,-1,1064,1060,1058,-1,1064,1058,1042,-1,1042,1058,1056,-1,1042,1056,1041,-1,1041,1056,1052,-1,1041,1052,1051,-1,1094,1095,1048,-1,1096,1047,1097,-1,1097,1047,1098,-1,1097,1098,1099,-1,1096,1044,1047,-1,1047,1044,1043,-1,1047,1043,1048,-1,1048,1043,1051,-1,1048,1051,1094,-1,1095,1100,1048,-1,1048,1100,1101,-1,1048,1101,1102,-1,1102,1103,1048,-1,1048,1103,1104,-1,1048,1104,1105,-1,1105,1104,1106,-1,1043,1045,1092,-1,1092,1045,1087,-1,1092,1087,1093,-1,1093,1087,1086,-1,1093,1086,1041,-1,1041,1086,1039,-1,1047,1049,1091,-1,1047,1091,1098,-1,1098,1091,1090,-1,1098,1090,1099,-1,1099,1090,1089,-1,1099,1089,1097,-1,1097,1089,1088,-1,1097,1088,1096,-1,1096,1088,1046,-1,1096,1046,1044,-1,1050,1048,1105,-1,1050,1105,1082,-1,1082,1105,1106,-1,1082,1106,1083,-1,1083,1106,1104,-1,1083,1104,1081,-1,1081,1104,1103,-1,1081,1103,1080,-1,1080,1103,1102,-1,1080,1102,1079,-1,1079,1102,1101,-1,1079,1101,1078,-1,1078,1101,1100,-1,1078,1100,1084,-1,1084,1100,1095,-1,1084,1095,1085,-1,1085,1095,1094,-1,1085,1094,1077,-1,1077,1094,1051,-1,1077,1051,1053,-1,1012,1013,1107,-1,1107,1013,1038,-1,1108,1109,1110,-1,1110,1109,1111,-1,1112,1109,1113,-1,1113,1109,1108,-1,1114,1115,1116,-1,1116,1115,1117,-1,1110,1111,1118,-1,1118,1111,1119,-1,1120,1121,1122,-1,1122,1121,1123,-1,1122,1123,1124,-1,1124,1123,1125,-1,1124,1125,1126,-1,1126,1125,1127,-1,1126,1127,1128,-1,1128,1127,1129,-1,1128,1129,1122,-1,1122,1129,1120,-1,1127,1130,1129,-1,1129,1130,1131,-1,1132,1133,1134,-1,1134,1133,1135,-1,1133,1136,1135,-1,1135,1136,1137,-1,1015,1014,1130,-1,1130,1127,1125,-1,1133,1132,1015,-1,1123,1019,1125,-1,1125,1019,1011,-1,1125,1011,1130,-1,1130,1011,1009,-1,1015,1130,1133,-1,1133,1130,1009,-1,1133,1009,1136,-1,1136,1009,1012,-1,1136,1012,1107,-1,1120,1129,1131,-1,1110,1118,1121,-1,1131,1116,1135,-1,1135,1116,1117,-1,1135,1117,1134,-1,1121,1120,1110,-1,1110,1120,1131,-1,1110,1131,1108,-1,1108,1131,1135,-1,1108,1135,1113,-1,1113,1135,1137,-1,1113,1137,1138,-1,1139,1140,1141,-1,1141,1140,1142,-1,1143,1144,1145,-1,1145,1144,1146,-1,1147,1148,1149,-1,1149,1148,1150,-1,1151,1152,1153,-1,1153,1152,1154,-1,1155,1154,1156,-1,1156,1154,1152,-1,1157,1155,1158,-1,1158,1155,1156,-1,1159,1157,1160,-1,1160,1157,1158,-1,1161,1159,1162,-1,1162,1159,1160,-1,1163,1161,1164,-1,1164,1161,1162,-1,1165,1163,1166,-1,1166,1163,1164,-1,1167,1165,1168,-1,1168,1165,1166,-1,1169,1167,1170,-1,1170,1167,1168,-1,1171,1169,1172,-1,1172,1169,1170,-1,1173,1171,1174,-1,1174,1171,1172,-1,1175,1173,1176,-1,1176,1173,1174,-1,1128,1175,1126,-1,1126,1175,1176,-1,1142,1140,1124,-1,1124,1140,1122,-1,1154,1155,1153,-1,1153,1155,1150,-1,1153,1150,1177,-1,1178,1150,1179,-1,1179,1150,1180,-1,1128,1122,1175,-1,1175,1122,1140,-1,1180,1150,1181,-1,1181,1150,1182,-1,1181,1182,1183,-1,1178,1184,1150,-1,1150,1184,1185,-1,1150,1185,1177,-1,1171,1173,1157,-1,1173,1175,1157,-1,1157,1175,1140,-1,1157,1140,1155,-1,1155,1140,1139,-1,1155,1139,1150,-1,1150,1139,1186,-1,1150,1186,1187,-1,1167,1169,1165,-1,1165,1169,1171,-1,1165,1171,1163,-1,1163,1171,1157,-1,1163,1157,1161,-1,1161,1157,1159,-1,1187,1145,1150,-1,1150,1145,1146,-1,1150,1146,1149,-1,1149,1146,1188,-1,1188,1189,1149,-1,1149,1189,1190,-1,1149,1190,1191,-1,1143,1192,1151,-1,1151,1192,1193,-1,1151,1193,1141,-1,1168,1166,1142,-1,1142,1166,1164,-1,1126,1176,1124,-1,1124,1176,1174,-1,1124,1174,1142,-1,1142,1174,1172,-1,1142,1172,1168,-1,1168,1172,1170,-1,1162,1160,1164,-1,1164,1160,1158,-1,1164,1158,1142,-1,1142,1158,1156,-1,1142,1156,1141,-1,1141,1156,1152,-1,1141,1152,1151,-1,1194,1195,1148,-1,1196,1147,1197,-1,1197,1147,1198,-1,1197,1198,1199,-1,1196,1144,1147,-1,1147,1144,1143,-1,1147,1143,1148,-1,1148,1143,1151,-1,1148,1151,1194,-1,1195,1200,1148,-1,1148,1200,1201,-1,1148,1201,1202,-1,1202,1203,1148,-1,1148,1203,1204,-1,1148,1204,1205,-1,1205,1204,1206,-1,1143,1145,1192,-1,1192,1145,1187,-1,1192,1187,1193,-1,1193,1187,1186,-1,1193,1186,1141,-1,1141,1186,1139,-1,1147,1149,1191,-1,1147,1191,1198,-1,1198,1191,1190,-1,1198,1190,1199,-1,1199,1190,1189,-1,1199,1189,1197,-1,1197,1189,1188,-1,1197,1188,1196,-1,1196,1188,1146,-1,1196,1146,1144,-1,1150,1148,1205,-1,1150,1205,1182,-1,1182,1205,1206,-1,1182,1206,1183,-1,1183,1206,1204,-1,1183,1204,1181,-1,1181,1204,1203,-1,1181,1203,1180,-1,1180,1203,1202,-1,1180,1202,1179,-1,1179,1202,1201,-1,1179,1201,1178,-1,1178,1201,1200,-1,1178,1200,1184,-1,1184,1200,1195,-1,1184,1195,1185,-1,1185,1195,1194,-1,1185,1194,1177,-1,1177,1194,1151,-1,1177,1151,1153,-1,1112,1113,1207,-1,1207,1113,1138,-1,1208,1209,1210,-1,1210,1209,1211,-1,1212,1209,1213,-1,1213,1209,1208,-1,1214,1215,1216,-1,1216,1215,1217,-1,1210,1211,1218,-1,1218,1211,1219,-1,1220,1221,1222,-1,1222,1221,1223,-1,1222,1223,1224,-1,1224,1223,1225,-1,1224,1225,1226,-1,1226,1225,1227,-1,1226,1227,1228,-1,1228,1227,1229,-1,1228,1229,1222,-1,1222,1229,1220,-1,1227,1230,1229,-1,1229,1230,1231,-1,1232,1233,1234,-1,1234,1233,1235,-1,1233,1236,1235,-1,1235,1236,1237,-1,1115,1114,1230,-1,1230,1227,1225,-1,1233,1232,1115,-1,1223,1119,1225,-1,1225,1119,1111,-1,1225,1111,1230,-1,1230,1111,1109,-1,1115,1230,1233,-1,1233,1230,1109,-1,1233,1109,1236,-1,1236,1109,1112,-1,1236,1112,1207,-1,1220,1229,1231,-1,1210,1218,1221,-1,1231,1216,1235,-1,1235,1216,1217,-1,1235,1217,1234,-1,1221,1220,1210,-1,1210,1220,1231,-1,1210,1231,1208,-1,1208,1231,1235,-1,1208,1235,1213,-1,1213,1235,1237,-1,1213,1237,1238,-1,1239,1240,1241,-1,1241,1240,1242,-1,1243,1244,1245,-1,1245,1244,1246,-1,1247,1248,1249,-1,1249,1248,1250,-1,1251,1252,1253,-1,1253,1252,1254,-1,1255,1254,1256,-1,1256,1254,1252,-1,1257,1255,1258,-1,1258,1255,1256,-1,1259,1257,1260,-1,1260,1257,1258,-1,1261,1259,1262,-1,1262,1259,1260,-1,1263,1261,1264,-1,1264,1261,1262,-1,1265,1263,1266,-1,1266,1263,1264,-1,1267,1265,1268,-1,1268,1265,1266,-1,1269,1267,1270,-1,1270,1267,1268,-1,1271,1269,1272,-1,1272,1269,1270,-1,1273,1271,1274,-1,1274,1271,1272,-1,1275,1273,1276,-1,1276,1273,1274,-1,1228,1275,1226,-1,1226,1275,1276,-1,1242,1240,1224,-1,1224,1240,1222,-1,1254,1255,1253,-1,1253,1255,1250,-1,1253,1250,1277,-1,1278,1250,1279,-1,1279,1250,1280,-1,1228,1222,1275,-1,1275,1222,1240,-1,1280,1250,1281,-1,1281,1250,1282,-1,1281,1282,1283,-1,1278,1284,1250,-1,1250,1284,1285,-1,1250,1285,1277,-1,1271,1273,1257,-1,1273,1275,1257,-1,1257,1275,1240,-1,1257,1240,1255,-1,1255,1240,1239,-1,1255,1239,1250,-1,1250,1239,1286,-1,1250,1286,1287,-1,1267,1269,1265,-1,1265,1269,1271,-1,1265,1271,1263,-1,1263,1271,1257,-1,1263,1257,1261,-1,1261,1257,1259,-1,1287,1245,1250,-1,1250,1245,1246,-1,1250,1246,1249,-1,1249,1246,1288,-1,1288,1289,1249,-1,1249,1289,1290,-1,1249,1290,1291,-1,1243,1292,1251,-1,1251,1292,1293,-1,1251,1293,1241,-1,1268,1266,1242,-1,1242,1266,1264,-1,1226,1276,1224,-1,1224,1276,1274,-1,1224,1274,1242,-1,1242,1274,1272,-1,1242,1272,1268,-1,1268,1272,1270,-1,1262,1260,1264,-1,1264,1260,1258,-1,1264,1258,1242,-1,1242,1258,1256,-1,1242,1256,1241,-1,1241,1256,1252,-1,1241,1252,1251,-1,1294,1295,1248,-1,1296,1247,1297,-1,1297,1247,1298,-1,1297,1298,1299,-1,1296,1244,1247,-1,1247,1244,1243,-1,1247,1243,1248,-1,1248,1243,1251,-1,1248,1251,1294,-1,1295,1300,1248,-1,1248,1300,1301,-1,1248,1301,1302,-1,1302,1303,1248,-1,1248,1303,1304,-1,1248,1304,1305,-1,1305,1304,1306,-1,1243,1245,1292,-1,1292,1245,1287,-1,1292,1287,1293,-1,1293,1287,1286,-1,1293,1286,1241,-1,1241,1286,1239,-1,1247,1249,1291,-1,1247,1291,1298,-1,1298,1291,1290,-1,1298,1290,1299,-1,1299,1290,1289,-1,1299,1289,1297,-1,1297,1289,1288,-1,1297,1288,1296,-1,1296,1288,1246,-1,1296,1246,1244,-1,1250,1248,1305,-1,1250,1305,1282,-1,1282,1305,1306,-1,1282,1306,1283,-1,1283,1306,1304,-1,1283,1304,1281,-1,1281,1304,1303,-1,1281,1303,1280,-1,1280,1303,1302,-1,1280,1302,1279,-1,1279,1302,1301,-1,1279,1301,1278,-1,1278,1301,1300,-1,1278,1300,1284,-1,1284,1300,1295,-1,1284,1295,1285,-1,1285,1295,1294,-1,1285,1294,1277,-1,1277,1294,1251,-1,1277,1251,1253,-1,1212,1213,1307,-1,1307,1213,1238,-1,1308,1309,1310,-1,1310,1309,1311,-1,1312,1309,1313,-1,1313,1309,1308,-1,1314,1315,1316,-1,1316,1315,1317,-1,1310,1311,1318,-1,1318,1311,1319,-1,1320,1321,1322,-1,1322,1321,1323,-1,1322,1323,1324,-1,1324,1323,1325,-1,1324,1325,1326,-1,1326,1325,1327,-1,1326,1327,1328,-1,1328,1327,1329,-1,1328,1329,1322,-1,1322,1329,1320,-1,1327,1330,1329,-1,1329,1330,1331,-1,1332,1333,1334,-1,1334,1333,1335,-1,1333,1336,1335,-1,1335,1336,1337,-1,1215,1214,1330,-1,1330,1327,1325,-1,1333,1332,1215,-1,1323,1219,1325,-1,1325,1219,1211,-1,1325,1211,1330,-1,1330,1211,1209,-1,1215,1330,1333,-1,1333,1330,1209,-1,1333,1209,1336,-1,1336,1209,1212,-1,1336,1212,1307,-1,1320,1329,1331,-1,1310,1318,1321,-1,1331,1316,1335,-1,1335,1316,1317,-1,1335,1317,1334,-1,1321,1320,1310,-1,1310,1320,1331,-1,1310,1331,1308,-1,1308,1331,1335,-1,1308,1335,1313,-1,1313,1335,1337,-1,1313,1337,1338,-1,1339,1340,1341,-1,1341,1340,1342,-1,1343,1344,1345,-1,1345,1344,1346,-1,1347,1348,1349,-1,1349,1348,1350,-1,1351,1352,1353,-1,1353,1352,1354,-1,1355,1354,1356,-1,1356,1354,1352,-1,1357,1355,1358,-1,1358,1355,1356,-1,1359,1357,1360,-1,1360,1357,1358,-1,1361,1359,1362,-1,1362,1359,1360,-1,1363,1361,1364,-1,1364,1361,1362,-1,1365,1363,1366,-1,1366,1363,1364,-1,1367,1365,1368,-1,1368,1365,1366,-1,1369,1367,1370,-1,1370,1367,1368,-1,1371,1369,1372,-1,1372,1369,1370,-1,1373,1371,1374,-1,1374,1371,1372,-1,1375,1373,1376,-1,1376,1373,1374,-1,1328,1375,1326,-1,1326,1375,1376,-1,1342,1340,1324,-1,1324,1340,1322,-1,1350,1377,1378,-1,1379,1380,1350,-1,1350,1380,1381,-1,1350,1381,1382,-1,1354,1355,1353,-1,1353,1355,1350,-1,1353,1350,1383,-1,1383,1350,1382,-1,1328,1322,1375,-1,1375,1322,1340,-1,1378,1384,1350,-1,1350,1384,1385,-1,1350,1385,1379,-1,1371,1373,1357,-1,1367,1369,1365,-1,1365,1369,1371,-1,1365,1371,1363,-1,1363,1371,1357,-1,1363,1357,1361,-1,1361,1357,1359,-1,1373,1375,1357,-1,1357,1375,1340,-1,1357,1340,1355,-1,1355,1340,1339,-1,1355,1339,1350,-1,1350,1339,1386,-1,1350,1386,1387,-1,1387,1345,1350,-1,1350,1345,1346,-1,1350,1346,1349,-1,1349,1346,1388,-1,1388,1389,1349,-1,1349,1389,1390,-1,1349,1390,1391,-1,1344,1343,1347,-1,1392,1393,1351,-1,1351,1393,1341,-1,1368,1366,1342,-1,1342,1366,1364,-1,1326,1376,1324,-1,1324,1376,1374,-1,1324,1374,1342,-1,1342,1374,1372,-1,1342,1372,1368,-1,1368,1372,1370,-1,1362,1360,1364,-1,1364,1360,1358,-1,1364,1358,1342,-1,1342,1358,1356,-1,1342,1356,1341,-1,1341,1356,1352,-1,1341,1352,1351,-1,1392,1351,1343,-1,1343,1351,1348,-1,1343,1348,1347,-1,1394,1395,1396,-1,1394,1396,1347,-1,1347,1396,1397,-1,1347,1397,1344,-1,1351,1398,1348,-1,1348,1398,1399,-1,1348,1399,1400,-1,1400,1401,1348,-1,1348,1401,1402,-1,1348,1402,1403,-1,1403,1404,1348,-1,1348,1404,1405,-1,1348,1405,1406,-1,1343,1345,1392,-1,1392,1345,1387,-1,1392,1387,1393,-1,1393,1387,1386,-1,1393,1386,1341,-1,1341,1386,1339,-1,1347,1349,1391,-1,1347,1391,1394,-1,1394,1391,1390,-1,1394,1390,1395,-1,1395,1390,1389,-1,1395,1389,1396,-1,1396,1389,1388,-1,1396,1388,1397,-1,1397,1388,1346,-1,1397,1346,1344,-1,1350,1348,1406,-1,1350,1406,1377,-1,1377,1406,1405,-1,1377,1405,1378,-1,1378,1405,1404,-1,1378,1404,1384,-1,1384,1404,1403,-1,1384,1403,1385,-1,1385,1403,1402,-1,1385,1402,1379,-1,1379,1402,1401,-1,1379,1401,1380,-1,1380,1401,1400,-1,1380,1400,1381,-1,1381,1400,1399,-1,1381,1399,1382,-1,1382,1399,1398,-1,1382,1398,1383,-1,1383,1398,1351,-1,1383,1351,1353,-1,1312,1313,1407,-1,1407,1313,1338,-1,1408,1409,1410,-1,1410,1409,1411,-1,1412,1409,1413,-1,1413,1409,1408,-1,1414,1415,1416,-1,1416,1415,1417,-1,1410,1411,1418,-1,1418,1411,1419,-1,1420,1421,1422,-1,1422,1421,1423,-1,1422,1423,1424,-1,1424,1423,1425,-1,1424,1425,1426,-1,1426,1425,1427,-1,1426,1427,1428,-1,1428,1427,1429,-1,1428,1429,1422,-1,1422,1429,1420,-1,1427,1430,1429,-1,1429,1430,1431,-1,1432,1433,1434,-1,1434,1433,1435,-1,1433,1436,1435,-1,1435,1436,1437,-1,1315,1314,1430,-1,1430,1427,1425,-1,1433,1432,1315,-1,1423,1319,1425,-1,1425,1319,1311,-1,1425,1311,1430,-1,1430,1311,1309,-1,1315,1430,1433,-1,1433,1430,1309,-1,1433,1309,1436,-1,1436,1309,1312,-1,1436,1312,1407,-1,1420,1429,1431,-1,1410,1418,1421,-1,1431,1416,1435,-1,1435,1416,1417,-1,1435,1417,1434,-1,1421,1420,1410,-1,1410,1420,1431,-1,1410,1431,1408,-1,1408,1431,1435,-1,1408,1435,1413,-1,1413,1435,1437,-1,1413,1437,1438,-1,1439,1440,1441,-1,1441,1440,1442,-1,1443,1444,1445,-1,1445,1444,1446,-1,1447,1448,1449,-1,1449,1448,1450,-1,1451,1452,1453,-1,1453,1452,1454,-1,1455,1454,1456,-1,1456,1454,1452,-1,1457,1455,1458,-1,1458,1455,1456,-1,1459,1457,1460,-1,1460,1457,1458,-1,1461,1459,1462,-1,1462,1459,1460,-1,1463,1461,1464,-1,1464,1461,1462,-1,1465,1463,1466,-1,1466,1463,1464,-1,1467,1465,1468,-1,1468,1465,1466,-1,1469,1467,1470,-1,1470,1467,1468,-1,1471,1469,1472,-1,1472,1469,1470,-1,1473,1471,1474,-1,1474,1471,1472,-1,1475,1473,1476,-1,1476,1473,1474,-1,1428,1475,1426,-1,1426,1475,1476,-1,1442,1440,1424,-1,1424,1440,1422,-1,1450,1477,1478,-1,1479,1480,1450,-1,1450,1480,1481,-1,1450,1481,1482,-1,1454,1455,1453,-1,1453,1455,1450,-1,1453,1450,1483,-1,1483,1450,1482,-1,1428,1422,1475,-1,1475,1422,1440,-1,1478,1484,1450,-1,1450,1484,1485,-1,1450,1485,1479,-1,1471,1473,1457,-1,1467,1469,1465,-1,1465,1469,1471,-1,1465,1471,1463,-1,1463,1471,1457,-1,1463,1457,1461,-1,1461,1457,1459,-1,1473,1475,1457,-1,1457,1475,1440,-1,1457,1440,1455,-1,1455,1440,1439,-1,1455,1439,1450,-1,1450,1439,1486,-1,1450,1486,1487,-1,1487,1445,1450,-1,1450,1445,1446,-1,1450,1446,1449,-1,1449,1446,1488,-1,1488,1489,1449,-1,1449,1489,1490,-1,1449,1490,1491,-1,1444,1443,1447,-1,1492,1493,1451,-1,1451,1493,1441,-1,1468,1466,1442,-1,1442,1466,1464,-1,1426,1476,1424,-1,1424,1476,1474,-1,1424,1474,1442,-1,1442,1474,1472,-1,1442,1472,1468,-1,1468,1472,1470,-1,1462,1460,1464,-1,1464,1460,1458,-1,1464,1458,1442,-1,1442,1458,1456,-1,1442,1456,1441,-1,1441,1456,1452,-1,1441,1452,1451,-1,1492,1451,1443,-1,1443,1451,1448,-1,1443,1448,1447,-1,1494,1495,1496,-1,1494,1496,1447,-1,1447,1496,1497,-1,1447,1497,1444,-1,1451,1498,1448,-1,1448,1498,1499,-1,1448,1499,1500,-1,1500,1501,1448,-1,1448,1501,1502,-1,1448,1502,1503,-1,1503,1504,1448,-1,1448,1504,1505,-1,1448,1505,1506,-1,1443,1445,1492,-1,1492,1445,1487,-1,1492,1487,1493,-1,1493,1487,1486,-1,1493,1486,1441,-1,1441,1486,1439,-1,1447,1449,1491,-1,1447,1491,1494,-1,1494,1491,1490,-1,1494,1490,1495,-1,1495,1490,1489,-1,1495,1489,1496,-1,1496,1489,1488,-1,1496,1488,1497,-1,1497,1488,1446,-1,1497,1446,1444,-1,1450,1448,1506,-1,1450,1506,1477,-1,1477,1506,1505,-1,1477,1505,1478,-1,1478,1505,1504,-1,1478,1504,1484,-1,1484,1504,1503,-1,1484,1503,1485,-1,1485,1503,1502,-1,1485,1502,1479,-1,1479,1502,1501,-1,1479,1501,1480,-1,1480,1501,1500,-1,1480,1500,1481,-1,1481,1500,1499,-1,1481,1499,1482,-1,1482,1499,1498,-1,1482,1498,1483,-1,1483,1498,1451,-1,1483,1451,1453,-1,1412,1413,1507,-1,1507,1413,1438,-1,1508,1509,1510,-1,1510,1509,1511,-1,1510,1511,1512,-1,1512,1511,1513,-1,1512,1513,1514,-1,1514,1513,1515,-1,1514,1515,1516,-1,1516,1515,1517,-1,1516,1517,1510,-1,1510,1517,1508,-1,1515,1518,1517,-1,1517,1518,1519,-1,1520,1521,1522,-1,1522,1521,1523,-1,1521,1524,1523,-1,1523,1524,1525,-1,1415,1414,1518,-1,1518,1515,1513,-1,1521,1520,1415,-1,1511,1419,1513,-1,1513,1419,1411,-1,1513,1411,1518,-1,1518,1411,1409,-1,1415,1518,1521,-1,1521,1518,1409,-1,1521,1409,1524,-1,1524,1409,1412,-1,1524,1412,1507,-1,1508,1517,1519,-1,1526,1527,1509,-1,1519,1528,1523,-1,1523,1528,1529,-1,1523,1529,1522,-1,1509,1508,1526,-1,1526,1508,1519,-1,1526,1519,1530,-1,1530,1519,1523,-1,1530,1523,1531,-1,1531,1523,1525,-1,1531,1525,1532,-1,1533,1534,1535,-1,1535,1534,1536,-1,1537,1538,1539,-1,1539,1538,1540,-1,1541,1542,1543,-1,1543,1542,1544,-1,1545,1546,1547,-1,1547,1546,1548,-1,1549,1548,1550,-1,1550,1548,1546,-1,1551,1549,1552,-1,1552,1549,1550,-1,1553,1551,1554,-1,1554,1551,1552,-1,1555,1553,1556,-1,1556,1553,1554,-1,1557,1555,1558,-1,1558,1555,1556,-1,1559,1557,1560,-1,1560,1557,1558,-1,1561,1559,1562,-1,1562,1559,1560,-1,1563,1561,1564,-1,1564,1561,1562,-1,1565,1563,1566,-1,1566,1563,1564,-1,1567,1565,1568,-1,1568,1565,1566,-1,1569,1567,1570,-1,1570,1567,1568,-1,1516,1569,1514,-1,1514,1569,1570,-1,1536,1534,1512,-1,1512,1534,1510,-1,1544,1571,1572,-1,1573,1574,1544,-1,1544,1574,1575,-1,1544,1575,1576,-1,1548,1549,1547,-1,1547,1549,1544,-1,1547,1544,1577,-1,1577,1544,1576,-1,1516,1510,1569,-1,1569,1510,1534,-1,1572,1578,1544,-1,1544,1578,1579,-1,1544,1579,1573,-1,1580,1539,1544,-1,1544,1539,1540,-1,1565,1567,1551,-1,1561,1563,1559,-1,1559,1563,1565,-1,1559,1565,1557,-1,1557,1565,1551,-1,1557,1551,1555,-1,1555,1551,1553,-1,1567,1569,1551,-1,1551,1569,1534,-1,1551,1534,1549,-1,1549,1534,1533,-1,1549,1533,1544,-1,1544,1533,1581,-1,1544,1581,1580,-1,1582,1540,1583,-1,1583,1540,1584,-1,1582,1585,1540,-1,1540,1585,1543,-1,1540,1543,1544,-1,1586,1587,1545,-1,1545,1587,1535,-1,1562,1560,1536,-1,1536,1560,1558,-1,1514,1570,1512,-1,1512,1570,1568,-1,1512,1568,1536,-1,1536,1568,1566,-1,1536,1566,1562,-1,1562,1566,1564,-1,1556,1554,1558,-1,1558,1554,1552,-1,1558,1552,1536,-1,1536,1552,1550,-1,1536,1550,1535,-1,1535,1550,1546,-1,1535,1546,1545,-1,1586,1545,1537,-1,1537,1545,1542,-1,1537,1542,1541,-1,1545,1588,1542,-1,1542,1588,1589,-1,1542,1589,1590,-1,1590,1591,1542,-1,1542,1591,1592,-1,1542,1592,1593,-1,1594,1595,1596,-1,1596,1595,1597,-1,1596,1597,1541,-1,1541,1597,1538,-1,1541,1538,1537,-1,1593,1598,1542,-1,1542,1598,1599,-1,1542,1599,1600,-1,1537,1539,1586,-1,1586,1539,1580,-1,1586,1580,1587,-1,1587,1580,1581,-1,1587,1581,1535,-1,1535,1581,1533,-1,1541,1543,1585,-1,1541,1585,1596,-1,1596,1585,1582,-1,1596,1582,1594,-1,1594,1582,1583,-1,1594,1583,1595,-1,1595,1583,1584,-1,1595,1584,1597,-1,1597,1584,1540,-1,1597,1540,1538,-1,1544,1542,1600,-1,1544,1600,1571,-1,1571,1600,1599,-1,1571,1599,1572,-1,1572,1599,1598,-1,1572,1598,1578,-1,1578,1598,1593,-1,1578,1593,1579,-1,1579,1593,1592,-1,1579,1592,1573,-1,1573,1592,1591,-1,1573,1591,1574,-1,1574,1591,1590,-1,1574,1590,1575,-1,1575,1590,1589,-1,1575,1589,1576,-1,1576,1589,1588,-1,1576,1588,1577,-1,1577,1588,1545,-1,1577,1545,1547,-1,
        ]
    }
}
Shape{
    appearance Appearance {
        material  Material 	{
            diffuseColor 1.0 1.0 1.0
            specularColor 0.8784313725490196 0.8784313725490196 0.8784313725490196
            ambientIntensity 1.0
            transparency 0.0
            shininess 0.5
        }
    }
    geometry IndexedFaceSet {
        ccw TRUE
        solid FALSE
        coord DEF co Coordinate {
            point [
                -0.4938 0.2613 0.0039, -0.4938 0.2613 0.0, -0.521 0.3879 0.0039, -0.521 0.3879 0.0, -0.4809 0.1968 0.0039, -0.4809 0.1968 0.0, -0.4759 0.1764 0.0039, -0.4759 0.1764 0.0, -0.464 0.1934 0.0039, -0.464 0.1934 0.0, -0.4652 0.1818 0.0, -0.4652 0.1818 0.0039, -0.4663 0.1728 0.0, -0.4663 0.1728 0.0039, -0.4669 0.1708 0.0, -0.4669 0.1708 0.0039, -0.4678 0.1693 0.0, -0.4678 0.1693 0.0039, -0.4683 0.1686 0.0, -0.4683 0.1686 0.0039, -0.4688 0.1683 0.0, -0.4688 0.1683 0.0039, -0.4691 0.1682 0.0, -0.4691 0.1682 0.0039, -0.4697 0.1681 0.0, -0.4697 0.1681 0.0039, -0.4703 0.1682 0.0, -0.4703 0.1682 0.0039, -0.4711 0.1685 0.0, -0.4711 0.1685 0.0039, -0.4719 0.169 0.0, -0.4719 0.169 0.0039, -0.4728 0.17 0.0, -0.4728 0.17 0.0039, -0.4738 0.1713 0.0, -0.4738 0.1713 0.0039, -0.4747 0.1734 0.0, -0.4747 0.1734 0.0039, -0.4598 0.229 0.0039, -0.4598 0.229 0.0, -0.4623 0.2613 0.0039, -0.4623 0.2613 0.0, -0.4608 0.2584 0.0, -0.4608 0.2584 0.0039, -0.459 0.2532 0.0, -0.459 0.2532 0.0039, -0.4587 0.2455 0.0, -0.4587 0.2455 0.0039, -0.4666 0.269 0.0039, -0.4666 0.269 0.0, -0.487 0.3437 0.0039, -0.487 0.3437 0.0, -0.4777 0.3061 0.0, -0.4777 0.3061 0.0039, -0.5737 0.7454 0.0, -0.5744 0.7488 0.0039, -0.5744 0.7488 0.0, -0.5863 0.7488 0.0039, -0.5863 0.7488 0.0, -0.6687 0.3845 0.0039, -0.6687 0.3845 0.0, -0.587 0.7454 0.0, -0.6789 0.342 0.0039, -0.6789 0.342 0.0, -0.6891 0.3021 0.0039, -0.6891 0.3021 0.0, -0.6834 0.3219 0.0, -0.6834 0.3219 0.0039, -0.695 0.286 0.0039, -0.695 0.286 0.0, -0.7069 0.2358 0.0039, -0.7069 0.2358 0.0, -0.7075 0.2449 0.0, -0.7075 0.2449 0.0039, -0.7077 0.2484 0.0, -0.7077 0.2484 0.0039, -0.7085 0.2571 0.0, -0.7085 0.2571 0.0039, -0.7083 0.259 0.0, -0.7083 0.259 0.0039, -0.7079 0.2603 0.0, -0.7079 0.2603 0.0039, -0.707 0.2618 0.0, -0.707 0.2618 0.0039, -0.704 0.2654 0.0, -0.704 0.2654 0.0039, -0.7004 0.2707 0.0, -0.7004 0.2707 0.0039, -0.7036 0.1976 0.0039, -0.7036 0.1976 0.0, -0.7018 0.1832 0.0039, -0.7018 0.1832 0.0, -0.6925 0.1755 0.0039, -0.6925 0.1755 0.0, -0.693 0.1737 0.0, -0.693 0.1737 0.0039, -0.6939 0.1716 0.0, -0.6939 0.1716 0.0039, -0.6947 0.1706 0.0, -0.6947 0.1706 0.0039, -0.6955 0.17 0.0, -0.6955 0.17 0.0039, -0.6962 0.1696 0.0, -0.6962 0.1696 0.0039, -0.6969 0.1695 0.0, -0.6969 0.1695 0.0039, -0.6975 0.1695 0.0, -0.6975 0.1695 0.0039, -0.6981 0.1696 0.0, -0.6981 0.1696 0.0039, -0.6988 0.1699 0.0, -0.6988 0.1699 0.0039, -0.6993 0.1704 0.0, -0.6993 0.1704 0.0039, -0.6998 0.171 0.0, -0.6998 0.171 0.0039, -0.7002 0.172 0.0, -0.7002 0.172 0.0039, -0.7006 0.1733 0.0, -0.7006 0.1733 0.0039, -0.701 0.1755 0.0, -0.701 0.1755 0.0039, -0.7015 0.1787 0.0, -0.7015 0.1787 0.0039, -0.6866 0.2095 0.0039, -0.6866 0.2095 0.0, -0.6365 0.4158 0.0039, -0.6365 0.4158 0.0, -0.5804 0.6673 0.0039, -0.5251 0.4176 0.0039, -0.6347 0.4287 0.0039, -0.6118 0.4507 0.0039, -0.5906 0.4362 0.0039, -0.5827 0.4321 0.0039, -0.5586 0.4246 0.0039, -0.5251 0.4176 0.0, -0.5804 0.6673 0.0, -0.5906 0.4362 0.0, -0.5827 0.4321 0.0, -0.5586 0.4246 0.0, -0.6118 0.4507 0.0, -0.6347 0.4287 0.0, -0.1529 0.6953 0.0039, -0.1529 0.6953 0.0, -0.1681 0.6826 0.0039, -0.1681 0.6826 0.0, -0.1486 0.7141 0.0039, -0.1486 0.7141 0.0, -0.1474 0.713 0.0, -0.1474 0.713 0.0039, -0.1462 0.7117 0.0, -0.1462 0.7117 0.0039, -0.1455 0.7102 0.0, -0.1455 0.7102 0.0039, -0.145 0.7078 0.0, -0.145 0.7078 0.0039, -0.145 0.7055 0.0, -0.145 0.7055 0.0039, -0.1457 0.703 0.0, -0.1457 0.703 0.0039, -0.1471 0.7006 0.0, -0.1471 0.7006 0.0039, -0.1493 0.6982 0.0, -0.1493 0.6982 0.0039, -0.164 0.7114 0.0039, -0.164 0.7114 0.0, -0.1817 0.7114 0.0039, -0.1817 0.7114 0.0, -0.1962 0.7141 0.0039, -0.1962 0.7141 0.0, -0.1889 0.7128 0.0, -0.1889 0.7128 0.0039, -0.214 0.7157 0.0039, -0.214 0.7157 0.0, -0.2463 0.725 0.0039, -0.2463 0.725 0.0, -0.2836 0.7302 0.0039, -0.2836 0.7302 0.0, -0.2648 0.7286 0.0, -0.2648 0.7286 0.0039, -0.4018 0.4362 0.0039, -0.4018 0.4362 0.0, -0.3968 0.573 0.0, -0.3968 0.573 0.0039, -0.3832 0.6566 0.0, -0.3832 0.6566 0.0039, -0.3708 0.6865 0.0, -0.3708 0.6865 0.0039, -0.3573 0.7049 0.0, -0.3573 0.7049 0.0039, -0.3445 0.7159 0.0, -0.3445 0.7159 0.0039, -0.3298 0.7235 0.0, -0.3298 0.7235 0.0039, -0.31 0.7285 0.0, -0.31 0.7285 0.0039, -0.2505 0.2027 0.0039, -0.2505 0.2027 0.0, -0.2996 0.2093 0.0, -0.2996 0.2093 0.0039, -0.3212 0.2152 0.0, -0.3212 0.2152 0.0039, -0.3304 0.2198 0.0, -0.3304 0.2198 0.0039, -0.3448 0.231 0.0, -0.3448 0.231 0.0039, -0.3592 0.2483 0.0, -0.3592 0.2483 0.0039, -0.3819 0.2925 0.0, -0.3819 0.2925 0.0039, -0.396 0.3547 0.0, -0.396 0.3547 0.0039, -0.2132 0.1984 0.0039, -0.2132 0.1984 0.0, -0.1869 0.1875 0.0039, -0.1869 0.1875 0.0, -0.1876 0.1877 0.0, -0.1876 0.1877 0.0039, -0.1904 0.1893 0.0, -0.1904 0.1893 0.0039, -0.1993 0.1947 0.0, -0.1993 0.1947 0.0039, -0.1613 0.2078 0.0039, -0.1613 0.2078 0.0, -0.1691 0.1998 0.0, -0.1691 0.1998 0.0039, -0.1809 0.1897 0.0, -0.1809 0.1897 0.0039, -0.1838 0.1879 0.0, -0.1838 0.1879 0.0039, -0.1849 0.1875 0.0, -0.1849 0.1875 0.0039, -0.1511 0.2188 0.0039, -0.1511 0.2188 0.0, -0.1538 0.2316 0.0039, -0.1538 0.2316 0.0, -0.1504 0.2319 0.0, -0.1504 0.2319 0.0039, -0.1487 0.2317 0.0, -0.1487 0.2317 0.0039, -0.1484 0.2317 0.0, -0.1484 0.2317 0.0039, -0.1477 0.2314 0.0, -0.1477 0.2314 0.0039, -0.1473 0.231 0.0, -0.1473 0.231 0.0039, -0.1468 0.2305 0.0, -0.1468 0.2305 0.0039, -0.1465 0.2299 0.0, -0.1465 0.2299 0.0039, -0.1457 0.228 0.0, -0.1457 0.228 0.0039, -0.1456 0.2272 0.0, -0.1456 0.2272 0.0039, -0.1457 0.2265 0.0, -0.1457 0.2265 0.0039, -0.146 0.2255 0.0, -0.146 0.2255 0.0039, -0.1466 0.2244 0.0, -0.1466 0.2244 0.0039, -0.1476 0.2229 0.0, -0.1476 0.2229 0.0039, -0.149 0.2211 0.0, -0.149 0.2211 0.0039, -0.1656 0.2316 0.0039, -0.1656 0.2316 0.0, -0.1792 0.2316 0.0039, -0.1792 0.2316 0.0, -0.1792 0.6767 0.0039, -0.1792 0.6767 0.0, -0.1735 0.6794 0.0, -0.1735 0.6794 0.0039, -0.3768 0.3959 0.0039, -0.3631 0.3127 0.0039, -0.203 0.6826 0.0039, -0.378 0.511 0.0039, -0.3118 0.2458 0.0039, -0.3255 0.2518 0.0039, -0.3357 0.2599 0.0039, -0.3454 0.2724 0.0039, -0.2293 0.2333 0.0039, -0.2161 0.2329 0.0039, -0.203 0.2333 0.0039, -0.2191 0.6894 0.0039, -0.2552 0.6976 0.0039, -0.2922 0.7005 0.0039, -0.2666 0.2375 0.0039, -0.2928 0.241 0.0039, -0.3178 0.6952 0.0039, -0.3323 0.689 0.0039, -0.3419 0.6815 0.0039, -0.353 0.6672 0.0039, -0.3622 0.6477 0.0039, -0.3707 0.6118 0.0039, -0.2666 0.2375 0.0, -0.2293 0.2333 0.0, -0.378 0.511 0.0, -0.3768 0.3959 0.0, -0.3631 0.3127 0.0, -0.3454 0.2724 0.0, -0.3357 0.2599 0.0, -0.3255 0.2518 0.0, -0.3118 0.2458 0.0, -0.2928 0.241 0.0, -0.2922 0.7005 0.0, -0.3178 0.6952 0.0, -0.3323 0.689 0.0, -0.3419 0.6815 0.0, -0.353 0.6672 0.0, -0.3622 0.6477 0.0, -0.3707 0.6118 0.0, -0.2191 0.6894 0.0, -0.2552 0.6976 0.0, -0.203 0.6826 0.0, -0.203 0.2333 0.0, -0.2161 0.2329 0.0, 0.0308 0.5008 0.0039, 0.0308 0.5008 0.0, 0.1022 0.4915 0.0039, 0.1022 0.4915 0.0, -0.026 0.5187 0.0039, -0.026 0.5187 0.0, -0.0175 0.5135 0.0, -0.0175 0.5135 0.0039, 0.0014 0.5068 0.0, 0.0014 0.5068 0.0039, -0.0337 0.5229 0.0039, -0.0337 0.5229 0.0, -0.0584 0.4983 0.0039, -0.0584 0.4983 0.0, -0.0541 0.4838 0.0039, -0.0541 0.4838 0.0, -0.0566 0.484 0.0, -0.0566 0.484 0.0039, -0.0582 0.4845 0.0, -0.0582 0.4845 0.0039, -0.0593 0.4851 0.0, -0.0593 0.4851 0.0039, -0.0605 0.4863 0.0, -0.0605 0.4863 0.0039, -0.0615 0.4877 0.0, -0.0615 0.4877 0.0039, -0.062 0.4891 0.0, -0.062 0.4891 0.0039, -0.0622 0.4906 0.0, -0.0622 0.4906 0.0039, -0.062 0.4921 0.0, -0.062 0.4921 0.0039, -0.0613 0.4939 0.0, -0.0613 0.4939 0.0039, -0.0602 0.4959 0.0, -0.0602 0.4959 0.0039, 0.1022 0.4618 0.0039, 0.1022 0.4618 0.0, 0.1022 0.2316 0.0039, 0.1022 0.2316 0.0, -0.0244 0.2494 0.0039, -0.0244 0.2494 0.0, -0.0482 0.2579 0.0039, -0.0482 0.2579 0.0, -0.0367 0.2525 0.0, -0.0367 0.2525 0.0039, -0.0557 0.2622 0.0039, -0.0557 0.2622 0.0, -0.0795 0.2358 0.0039, -0.0795 0.2358 0.0, -0.0745 0.2222 0.0039, -0.0745 0.2222 0.0, -0.0767 0.2223 0.0, -0.0767 0.2223 0.0039, -0.0795 0.2228 0.0, -0.0795 0.2228 0.0039, -0.0804 0.2232 0.0, -0.0804 0.2232 0.0039, -0.081 0.2236 0.0, -0.081 0.2236 0.0039, -0.0816 0.2243 0.0, -0.0816 0.2243 0.0039, -0.0824 0.226 0.0, -0.0824 0.226 0.0039, -0.0829 0.2276 0.0, -0.0829 0.2276 0.0039, -0.083 0.2291 0.0, -0.083 0.2291 0.0039, -0.0827 0.2309 0.0, -0.0827 0.2309 0.0039, -0.0819 0.2327 0.0, -0.0819 0.2327 0.0039, -0.0618 0.2214 0.0039, -0.0618 0.2214 0.0, 0.0666 0.2036 0.0039, 0.0666 0.2036 0.0, 0.0025 0.2135 0.0, 0.0025 0.2135 0.0039, 0.1056 0.1968 0.0039, 0.1056 0.1968 0.0, 0.1345 0.2086 0.0039, 0.1345 0.2086 0.0, 0.1345 0.2085 0.0, 0.1345 0.2085 0.0039, 0.1349 0.2017 0.0, 0.1349 0.2017 0.0039, 0.1343 0.1984 0.0, 0.1343 0.1984 0.0039, 0.1332 0.1961 0.0, 0.1332 0.1961 0.0039, 0.1319 0.1944 0.0, 0.1319 0.1944 0.0039, 0.1299 0.193 0.0, 0.1299 0.193 0.0039, 0.1275 0.192 0.0, 0.1275 0.192 0.0039, 0.1246 0.1915 0.0, 0.1246 0.1915 0.0039, 0.1205 0.1918 0.0, 0.1205 0.1918 0.0039, 0.1149 0.1933 0.0, 0.1149 0.1933 0.0039, 0.1268 0.252 0.0039, 0.1268 0.252 0.0, 0.129 0.23 0.0, 0.129 0.23 0.0039, 0.1268 0.2681 0.0039, 0.1268 0.2681 0.0, 0.126 0.2894 0.0039, 0.126 0.2894 0.0, 0.1263 0.2787 0.0, 0.1263 0.2787 0.0039, 0.1268 0.6783 0.0039, 0.1268 0.6783 0.0, 0.1404 0.7157 0.0039, 0.1404 0.7157 0.0, 0.1434 0.7161 0.0, 0.1434 0.7161 0.0039, 0.1449 0.7159 0.0, 0.1449 0.7159 0.0039, 0.1461 0.7155 0.0, 0.1461 0.7155 0.0039, 0.147 0.7149 0.0, 0.147 0.7149 0.0039, 0.1475 0.7144 0.0, 0.1475 0.7144 0.0039, 0.1478 0.7139 0.0, 0.1478 0.7139 0.0039, 0.1479 0.7133 0.0, 0.1479 0.7133 0.0039, 0.1479 0.7115 0.0, 0.1479 0.7115 0.0039, 0.1478 0.7099 0.0, 0.1478 0.7099 0.0039, 0.1477 0.7075 0.0, 0.1477 0.7075 0.0039, 0.1468 0.7041 0.0, 0.1468 0.7041 0.0039, 0.1449 0.7003 0.0, 0.1449 0.7003 0.0039, 0.1414 0.6957 0.0, 0.1414 0.6957 0.0039, 0.136 0.6889 0.0, 0.136 0.6889 0.0039, 0.1243 0.7132 0.0039, 0.1243 0.7132 0.0, 0.0954 0.7114 0.0039, 0.0954 0.7114 0.0, 0.1099 0.7114 0.0, 0.1099 0.7114 0.0039, 0.0929 0.7114 0.0039, 0.0929 0.7114 0.0, 0.0598 0.7141 0.0039, 0.0598 0.7141 0.0, 0.0762 0.7117 0.0, 0.0762 0.7117 0.0039, 0.0266 0.72 0.0039, 0.0266 0.72 0.0, -0.0303 0.737 0.0039, -0.0303 0.737 0.0, -0.0262 0.7345 0.0, -0.0262 0.7345 0.0039, -0.0027 0.7259 0.0, -0.0027 0.7259 0.0039, -0.038 0.742 0.0039, -0.038 0.742 0.0, -0.0625 0.7166 0.0039, -0.0625 0.7166 0.0, -0.0584 0.703 0.0039, -0.0584 0.703 0.0, -0.0607 0.7032 0.0, -0.0607 0.7032 0.0039, -0.0623 0.7037 0.0, -0.0623 0.7037 0.0039, -0.0638 0.7046 0.0, -0.0638 0.7046 0.0039, -0.0648 0.7056 0.0, -0.0648 0.7056 0.0039, -0.0654 0.7067 0.0, -0.0654 0.7067 0.0039, -0.0658 0.7078 0.0, -0.0658 0.7078 0.0039, -0.0659 0.709 0.0, -0.0659 0.709 0.0039, -0.0657 0.7102 0.0, -0.0657 0.7102 0.0039, -0.0652 0.7118 0.0, -0.0652 0.7118 0.0039, -0.0642 0.7138 0.0, -0.0642 0.7138 0.0039, -0.0448 0.7012 0.0039, -0.0448 0.7012 0.0, -0.0048 0.6962 0.0039, -0.0048 0.6962 0.0, -0.0248 0.6986 0.0, -0.0248 0.6986 0.0039, 0.1022 0.6783 0.0039, 0.1022 0.6783 0.0, 0.2315 0.7293 0.0039, 0.2315 0.7293 0.0, 0.2442 0.7293 0.0039, 0.2442 0.7293 0.0, 0.2315 0.5025 0.0039, 0.2315 0.5025 0.0, 0.2476 0.5025 0.0039, 0.2476 0.5025 0.0, 0.3224 0.7107 0.0039, 0.3224 0.7107 0.0, 0.3082 0.7074 0.0, 0.3082 0.7074 0.0039, 0.2965 0.7017 0.0, 0.2965 0.7017 0.0039, 0.2843 0.6919 0.0, 0.2843 0.6919 0.0039, 0.2742 0.6786 0.0, 0.2742 0.6786 0.0039, 0.2618 0.6505 0.0, 0.2618 0.6505 0.0039, 0.2518 0.6029 0.0, 0.2518 0.6029 0.0039, 0.4286 0.4226 0.0039, 0.4286 0.4226 0.0, 0.4292 0.4341 0.0, 0.4292 0.4341 0.0039, 0.4253 0.5595 0.0, 0.4253 0.5595 0.0039, 0.4181 0.6015 0.0, 0.4181 0.6015 0.0039, 0.3984 0.6581 0.0, 0.3984 0.6581 0.0039, 0.3838 0.6813 0.0, 0.3838 0.6813 0.0039, 0.3696 0.6954 0.0, 0.3696 0.6954 0.0039, 0.3552 0.7044 0.0, 0.3552 0.7044 0.0039, 0.3402 0.7096 0.0, 0.3402 0.7096 0.0039, 0.3292 0.2171 0.0039, 0.3292 0.2171 0.0, 0.3424 0.2186 0.0, 0.3424 0.2186 0.0039, 0.3535 0.2222 0.0, 0.3535 0.2222 0.0039, 0.3645 0.2291 0.0, 0.3645 0.2291 0.0039, 0.3768 0.2408 0.0, 0.3768 0.2408 0.0039, 0.3943 0.2658 0.0, 0.3943 0.2658 0.0039, 0.4076 0.3013 0.0, 0.4076 0.3013 0.0039, 0.2367 0.3539 0.0039, 0.2367 0.3539 0.0, 0.2421 0.3181 0.0, 0.2421 0.3181 0.0039, 0.2539 0.2693 0.0, 0.2539 0.2693 0.0039, 0.2647 0.2491 0.0, 0.2647 0.2491 0.0039, 0.2767 0.2357 0.0, 0.2767 0.2357 0.0039, 0.2916 0.2255 0.0, 0.2916 0.2255 0.0039, 0.3099 0.2187 0.0, 0.3099 0.2187 0.0039, 0.2324 0.3989 0.0039, 0.2324 0.3989 0.0, 0.2188 0.3981 0.0039, 0.2188 0.3981 0.0, 0.3174 0.1891 0.0039, 0.3174 0.1891 0.0, 0.2961 0.193 0.0, 0.2961 0.193 0.0039, 0.2767 0.2021 0.0, 0.2767 0.2021 0.0039, 0.2606 0.2152 0.0, 0.2606 0.2152 0.0039, 0.2474 0.2326 0.0, 0.2474 0.2326 0.0039, 0.2347 0.2594 0.0, 0.2347 0.2594 0.0039, 0.2233 0.3152 0.0, 0.2233 0.3152 0.0039, 0.4481 0.5544 0.0039, 0.4481 0.5544 0.0, 0.4527 0.5053 0.0, 0.4527 0.5053 0.0039, 0.4487 0.3913 0.0, 0.4487 0.3913 0.0039, 0.438 0.3229 0.0, 0.438 0.3229 0.0039, 0.4147 0.2541 0.0, 0.4147 0.2541 0.0039, 0.3964 0.224 0.0, 0.3964 0.224 0.0039, 0.382 0.2088 0.0, 0.382 0.2088 0.0039, 0.3647 0.1981 0.0, 0.3647 0.1981 0.0039, 0.3417 0.1903 0.0, 0.3417 0.1903 0.0039, 0.3292 0.7386 0.0039, 0.3292 0.7386 0.0, 0.3298 0.7386 0.0, 0.3298 0.7386 0.0039, 0.3461 0.7378 0.0, 0.3461 0.7378 0.0039, 0.358 0.7341 0.0, 0.358 0.7341 0.0039, 0.3728 0.7254 0.0, 0.3728 0.7254 0.0039, 0.3957 0.7059 0.0, 0.3957 0.7059 0.0039, 0.4125 0.6816 0.0, 0.4125 0.6816 0.0039, 0.4309 0.6368 0.0, 0.4309 0.6368 0.0039, 0.2578 0.6928 0.0039, 0.2578 0.6928 0.0, 0.2672 0.7054 0.0, 0.2672 0.7054 0.0039, 0.2855 0.7219 0.0, 0.2855 0.7219 0.0039, 0.3046 0.7322 0.0, 0.3046 0.7322 0.0039, 0.2503 0.6792 0.0039, 0.2503 0.6792 0.0, 0.702 0.7608 0.0, 0.702 0.7608 0.0039, 0.6898 0.7454 0.0, 0.6647 0.7141 0.0039, 0.6647 0.7141 0.0, 0.6774 0.6605 0.0039, 0.6774 0.6605 0.0, 0.6771 0.6709 0.0, 0.6771 0.6709 0.0039, 0.6737 0.6951 0.0, 0.6737 0.6951 0.0039, 0.6774 0.2273 0.0039, 0.6774 0.2273 0.0, 0.5509 0.2528 0.0039, 0.5509 0.2528 0.0, 0.5546 0.2511 0.0, 0.5546 0.2511 0.0039, 0.5632 0.2437 0.0, 0.5632 0.2437 0.0039, 0.5697 0.2403 0.0, 0.5697 0.2403 0.0039, 0.5808 0.2376 0.0, 0.5808 0.2376 0.0039, 0.612 0.2327 0.0, 0.612 0.2327 0.0039, 0.5161 0.2146 0.0039, 0.5161 0.2146 0.0, 0.5165 0.2177 0.0, 0.5165 0.2177 0.0039, 0.5176 0.2215 0.0, 0.5176 0.2215 0.0039, 0.5189 0.2237 0.0, 0.5189 0.2237 0.0039, 0.5218 0.2267 0.0, 0.5218 0.2267 0.0039, 0.5311 0.2353 0.0, 0.5311 0.2353 0.0039, 0.635 0.1993 0.0039, 0.635 0.1993 0.0, 0.5856 0.2034 0.0, 0.5856 0.2034 0.0039, 0.5708 0.205 0.0, 0.5708 0.205 0.0039, 0.5356 0.2099 0.0, 0.5356 0.2099 0.0039, 0.523 0.2099 0.0, 0.523 0.2099 0.0039, 0.5213 0.2102 0.0, 0.5213 0.2102 0.0039, 0.5191 0.211 0.0, 0.5191 0.211 0.0039, 0.5178 0.2119 0.0, 0.5178 0.2119 0.0039, 0.5171 0.2127 0.0, 0.5171 0.2127 0.0039, 0.6706 0.1959 0.0039, 0.6706 0.1959 0.0, 0.6902 0.1942 0.0039, 0.6902 0.1942 0.0, 0.7012 0.2307 0.0039, 0.7012 0.2307 0.0, 0.7013 0.2294 0.0, 0.7013 0.2294 0.0039, 0.7039 0.2052 0.0, 0.7039 0.2052 0.0039, 0.7041 0.2002 0.0, 0.7041 0.2002 0.0039, 0.7036 0.1982 0.0, 0.7036 0.1982 0.0039, 0.7024 0.1959 0.0, 0.7024 0.1959 0.0039, 0.7014 0.1946 0.0, 0.7014 0.1946 0.0039, 0.7005 0.1938 0.0, 0.7005 0.1938 0.0039, 0.6995 0.1933 0.0, 0.6995 0.1933 0.0039, 0.6982 0.193 0.0, 0.6982 0.193 0.0039, 0.6961 0.1929 0.0, 0.6961 0.1929 0.0039, 0.6995 0.2808 0.0039, 0.6995 0.2808 0.0, 0.6995 0.6631 0.0039, 0.6995 0.6631 0.0, 0.7063 0.7454 0.0039, 0.7063 0.7454 0.0, 0.7001 0.7045 0.0, 0.7001 0.7045 0.0039, 0.708 0.754 0.0039, 0.708 0.754 0.0
            ]
        }
        coordIndex [
            0,1,2,-1,2,1,3,-1,4,5,0,-1,0,5,1,-1,6,7,4,-1,4,7,5,-1,8,9,10,-1,8,10,11,-1,11,10,12,-1,11,12,13,-1,13,12,14,-1,13,14,15,-1,15,14,16,-1,15,16,17,-1,17,16,18,-1,17,18,19,-1,19,18,20,-1,19,20,21,-1,21,20,22,-1,21,22,23,-1,23,22,24,-1,23,24,25,-1,25,24,26,-1,25,26,27,-1,27,26,28,-1,27,28,29,-1,29,28,30,-1,29,30,31,-1,31,30,32,-1,31,32,33,-1,33,32,34,-1,33,34,35,-1,35,34,36,-1,35,36,37,-1,37,36,7,-1,37,7,6,-1,38,39,8,-1,8,39,9,-1,40,41,42,-1,40,42,43,-1,43,42,44,-1,43,44,45,-1,45,44,46,-1,45,46,47,-1,47,46,39,-1,47,39,38,-1,48,49,40,-1,40,49,41,-1,50,51,52,-1,50,52,53,-1,53,52,49,-1,53,49,48,-1,51,50,54,-1,54,50,55,-1,54,55,56,-1,57,58,55,-1,55,58,56,-1,59,60,57,-1,57,60,61,-1,57,61,58,-1,62,63,59,-1,59,63,60,-1,64,65,66,-1,64,66,67,-1,67,66,63,-1,67,63,62,-1,68,69,64,-1,64,69,65,-1,70,71,72,-1,70,72,73,-1,73,72,74,-1,73,74,75,-1,75,74,76,-1,75,76,77,-1,77,76,78,-1,77,78,79,-1,79,78,80,-1,79,80,81,-1,81,80,82,-1,81,82,83,-1,83,82,84,-1,83,84,85,-1,85,84,86,-1,85,86,87,-1,87,86,69,-1,87,69,68,-1,88,89,70,-1,70,89,71,-1,90,91,88,-1,88,91,89,-1,92,93,94,-1,92,94,95,-1,95,94,96,-1,95,96,97,-1,97,96,98,-1,97,98,99,-1,99,98,100,-1,99,100,101,-1,101,100,102,-1,101,102,103,-1,103,102,104,-1,103,104,105,-1,105,104,106,-1,105,106,107,-1,107,106,108,-1,107,108,109,-1,109,108,110,-1,109,110,111,-1,111,110,112,-1,111,112,113,-1,113,112,114,-1,113,114,115,-1,115,114,116,-1,115,116,117,-1,117,116,118,-1,117,118,119,-1,119,118,120,-1,119,120,121,-1,121,120,122,-1,121,122,123,-1,123,122,91,-1,123,91,90,-1,124,125,92,-1,92,125,93,-1,126,127,124,-1,124,127,125,-1,126,2,127,-1,127,2,3,-1,128,55,129,-1,129,55,50,-1,126,130,131,-1,85,87,124,-1,124,87,68,-1,131,132,126,-1,126,132,133,-1,126,133,2,-1,2,133,134,-1,53,0,50,-1,50,0,2,-1,50,2,129,-1,129,2,134,-1,68,64,124,-1,124,64,67,-1,124,67,126,-1,126,67,62,-1,126,62,130,-1,130,62,59,-1,130,59,128,-1,128,59,57,-1,128,57,55,-1,0,38,4,-1,4,38,8,-1,4,8,6,-1,6,8,11,-1,6,11,37,-1,121,92,119,-1,119,92,95,-1,119,95,117,-1,70,73,124,-1,124,73,75,-1,124,75,85,-1,85,75,77,-1,53,48,0,-1,0,48,40,-1,0,40,43,-1,37,11,35,-1,35,11,13,-1,35,13,33,-1,79,81,77,-1,77,81,83,-1,77,83,85,-1,43,45,0,-1,0,45,47,-1,0,47,38,-1,29,31,17,-1,121,123,92,-1,92,123,90,-1,92,90,124,-1,124,90,88,-1,124,88,70,-1,33,13,31,-1,31,13,15,-1,31,15,17,-1,99,101,115,-1,117,95,115,-1,115,95,97,-1,115,97,99,-1,111,105,109,-1,109,105,107,-1,101,103,115,-1,115,103,105,-1,115,105,113,-1,113,105,111,-1,29,17,27,-1,27,17,19,-1,27,19,25,-1,25,19,21,-1,25,21,23,-1,129,135,128,-1,128,135,136,-1,132,137,138,-1,132,138,133,-1,133,138,139,-1,133,139,134,-1,134,139,135,-1,134,135,129,-1,131,140,132,-1,132,140,137,-1,130,141,131,-1,131,141,140,-1,136,141,128,-1,128,141,130,-1,142,143,144,-1,144,143,145,-1,146,147,148,-1,146,148,149,-1,149,148,150,-1,149,150,151,-1,151,150,152,-1,151,152,153,-1,153,152,154,-1,153,154,155,-1,155,154,156,-1,155,156,157,-1,157,156,158,-1,157,158,159,-1,159,158,160,-1,159,160,161,-1,161,160,162,-1,161,162,163,-1,163,162,143,-1,163,143,142,-1,164,165,146,-1,146,165,147,-1,166,167,164,-1,164,167,165,-1,168,169,170,-1,168,170,171,-1,171,170,167,-1,171,167,166,-1,172,173,168,-1,168,173,169,-1,174,175,172,-1,172,175,173,-1,176,177,178,-1,176,178,179,-1,179,178,175,-1,179,175,174,-1,180,181,182,-1,180,182,183,-1,183,182,184,-1,183,184,185,-1,185,184,186,-1,185,186,187,-1,187,186,188,-1,187,188,189,-1,189,188,190,-1,189,190,191,-1,191,190,192,-1,191,192,193,-1,193,192,194,-1,193,194,195,-1,195,194,177,-1,195,177,176,-1,196,197,198,-1,196,198,199,-1,199,198,200,-1,199,200,201,-1,201,200,202,-1,201,202,203,-1,203,202,204,-1,203,204,205,-1,205,204,206,-1,205,206,207,-1,207,206,208,-1,207,208,209,-1,209,208,210,-1,209,210,211,-1,211,210,181,-1,211,181,180,-1,212,213,196,-1,196,213,197,-1,214,215,216,-1,214,216,217,-1,217,216,218,-1,217,218,219,-1,219,218,220,-1,219,220,221,-1,221,220,213,-1,221,213,212,-1,222,223,224,-1,222,224,225,-1,225,224,226,-1,225,226,227,-1,227,226,228,-1,227,228,229,-1,229,228,230,-1,229,230,231,-1,231,230,215,-1,231,215,214,-1,232,233,222,-1,222,233,223,-1,234,235,236,-1,234,236,237,-1,237,236,238,-1,237,238,239,-1,239,238,240,-1,239,240,241,-1,241,240,242,-1,241,242,243,-1,243,242,244,-1,243,244,245,-1,245,244,246,-1,245,246,247,-1,247,246,248,-1,247,248,249,-1,249,248,250,-1,249,250,251,-1,251,250,252,-1,251,252,253,-1,253,252,254,-1,253,254,255,-1,255,254,256,-1,255,256,257,-1,257,256,258,-1,257,258,259,-1,259,258,260,-1,259,260,261,-1,261,260,262,-1,261,262,263,-1,263,262,233,-1,263,233,232,-1,264,265,234,-1,234,265,235,-1,266,267,264,-1,264,267,265,-1,268,269,266,-1,266,269,267,-1,144,145,270,-1,144,270,271,-1,271,270,269,-1,271,269,268,-1,272,273,209,-1,166,164,274,-1,209,273,207,-1,163,142,164,-1,264,234,232,-1,259,261,234,-1,234,261,263,-1,234,263,232,-1,266,264,219,-1,209,211,272,-1,272,211,180,-1,272,180,275,-1,275,180,183,-1,276,203,277,-1,277,203,205,-1,277,205,278,-1,278,205,207,-1,278,207,279,-1,279,207,273,-1,212,280,281,-1,266,282,268,-1,268,282,274,-1,268,274,271,-1,271,274,164,-1,271,164,144,-1,144,164,142,-1,283,284,174,-1,174,284,179,-1,179,284,285,-1,179,285,176,-1,231,214,217,-1,280,212,286,-1,286,212,196,-1,286,196,287,-1,287,196,199,-1,287,199,276,-1,276,199,201,-1,276,201,203,-1,219,221,266,-1,266,221,212,-1,266,212,282,-1,282,212,281,-1,174,172,283,-1,283,172,168,-1,283,168,274,-1,274,168,171,-1,274,171,166,-1,176,285,195,-1,195,285,288,-1,195,288,193,-1,232,222,264,-1,264,222,225,-1,264,225,219,-1,219,225,227,-1,219,227,217,-1,217,227,229,-1,217,229,231,-1,253,255,234,-1,234,255,257,-1,234,257,259,-1,164,146,163,-1,163,146,149,-1,163,149,161,-1,161,149,151,-1,193,288,191,-1,191,288,289,-1,191,289,189,-1,189,289,290,-1,189,290,187,-1,187,290,291,-1,187,291,185,-1,185,291,292,-1,185,292,183,-1,183,292,293,-1,183,293,275,-1,237,239,249,-1,249,239,241,-1,249,241,247,-1,247,241,243,-1,247,243,245,-1,151,153,161,-1,161,153,155,-1,161,155,159,-1,159,155,157,-1,237,249,234,-1,234,249,251,-1,234,251,253,-1,286,294,280,-1,280,294,295,-1,275,296,297,-1,275,297,272,-1,272,297,298,-1,272,298,273,-1,273,298,299,-1,273,299,279,-1,279,299,300,-1,279,300,278,-1,278,300,301,-1,278,301,277,-1,277,301,302,-1,277,302,276,-1,276,302,303,-1,276,303,287,-1,287,303,294,-1,287,294,286,-1,285,304,305,-1,285,305,288,-1,288,305,306,-1,288,306,289,-1,289,306,307,-1,289,307,290,-1,290,307,308,-1,290,308,291,-1,291,308,309,-1,291,309,292,-1,292,309,310,-1,292,310,293,-1,293,310,296,-1,293,296,275,-1,283,311,312,-1,283,312,284,-1,284,312,304,-1,284,304,285,-1,274,313,283,-1,283,313,311,-1,282,314,274,-1,274,314,313,-1,280,295,315,-1,280,315,281,-1,281,315,314,-1,281,314,282,-1,316,317,318,-1,318,317,319,-1,320,321,322,-1,320,322,323,-1,323,322,324,-1,323,324,325,-1,325,324,317,-1,325,317,316,-1,326,327,320,-1,320,327,321,-1,328,329,326,-1,326,329,327,-1,330,331,332,-1,330,332,333,-1,333,332,334,-1,333,334,335,-1,335,334,336,-1,335,336,337,-1,337,336,338,-1,337,338,339,-1,339,338,340,-1,339,340,341,-1,341,340,342,-1,341,342,343,-1,343,342,344,-1,343,344,345,-1,345,344,346,-1,345,346,347,-1,347,346,348,-1,347,348,349,-1,349,348,350,-1,349,350,351,-1,351,350,329,-1,351,329,328,-1,352,353,330,-1,330,353,331,-1,354,355,352,-1,352,355,353,-1,356,357,354,-1,354,357,355,-1,358,359,360,-1,358,360,361,-1,361,360,357,-1,361,357,356,-1,362,363,358,-1,358,363,359,-1,364,365,362,-1,362,365,363,-1,366,367,368,-1,366,368,369,-1,369,368,370,-1,369,370,371,-1,371,370,372,-1,371,372,373,-1,373,372,374,-1,373,374,375,-1,375,374,376,-1,375,376,377,-1,377,376,378,-1,377,378,379,-1,379,378,380,-1,379,380,381,-1,381,380,382,-1,381,382,383,-1,383,382,384,-1,383,384,385,-1,385,384,386,-1,385,386,387,-1,387,386,365,-1,387,365,364,-1,388,389,366,-1,366,389,367,-1,390,391,392,-1,390,392,393,-1,393,392,389,-1,393,389,388,-1,394,395,390,-1,390,395,391,-1,396,397,398,-1,396,398,399,-1,399,398,400,-1,399,400,401,-1,401,400,402,-1,401,402,403,-1,403,402,404,-1,403,404,405,-1,405,404,406,-1,405,406,407,-1,407,406,408,-1,407,408,409,-1,409,408,410,-1,409,410,411,-1,411,410,412,-1,411,412,413,-1,413,412,414,-1,413,414,415,-1,415,414,416,-1,415,416,417,-1,417,416,395,-1,417,395,394,-1,418,419,420,-1,418,420,421,-1,421,420,397,-1,421,397,396,-1,422,423,418,-1,418,423,419,-1,424,425,426,-1,424,426,427,-1,427,426,423,-1,427,423,422,-1,428,429,424,-1,424,429,425,-1,430,431,432,-1,430,432,433,-1,433,432,434,-1,433,434,435,-1,435,434,436,-1,435,436,437,-1,437,436,438,-1,437,438,439,-1,439,438,440,-1,439,440,441,-1,441,440,442,-1,441,442,443,-1,443,442,444,-1,443,444,445,-1,445,444,446,-1,445,446,447,-1,447,446,448,-1,447,448,449,-1,449,448,450,-1,449,450,451,-1,451,450,452,-1,451,452,453,-1,453,452,454,-1,453,454,455,-1,455,454,456,-1,455,456,457,-1,457,456,458,-1,457,458,459,-1,459,458,429,-1,459,429,428,-1,460,461,430,-1,430,461,431,-1,462,463,464,-1,462,464,465,-1,465,464,461,-1,465,461,460,-1,466,467,462,-1,462,467,463,-1,468,469,470,-1,468,470,471,-1,471,470,467,-1,471,467,466,-1,472,473,468,-1,468,473,469,-1,474,475,476,-1,474,476,477,-1,477,476,478,-1,477,478,479,-1,479,478,473,-1,479,473,472,-1,480,481,474,-1,474,481,475,-1,482,483,480,-1,480,483,481,-1,484,485,486,-1,484,486,487,-1,487,486,488,-1,487,488,489,-1,489,488,490,-1,489,490,491,-1,491,490,492,-1,491,492,493,-1,493,492,494,-1,493,494,495,-1,495,494,496,-1,495,496,497,-1,497,496,498,-1,497,498,499,-1,499,498,500,-1,499,500,501,-1,501,500,502,-1,501,502,503,-1,503,502,504,-1,503,504,505,-1,505,504,483,-1,505,483,482,-1,506,507,484,-1,484,507,485,-1,508,509,510,-1,508,510,511,-1,511,510,507,-1,511,507,506,-1,512,513,508,-1,508,513,509,-1,512,318,513,-1,513,318,319,-1,358,361,388,-1,388,361,356,-1,411,413,354,-1,354,413,415,-1,354,415,417,-1,399,354,396,-1,396,354,421,-1,455,457,512,-1,377,379,364,-1,417,394,354,-1,354,394,390,-1,354,390,356,-1,356,390,393,-1,356,393,388,-1,424,427,354,-1,427,422,354,-1,354,422,418,-1,354,418,421,-1,399,401,354,-1,354,401,403,-1,354,403,405,-1,318,352,316,-1,316,352,330,-1,316,330,325,-1,325,330,323,-1,503,505,484,-1,484,505,482,-1,457,459,512,-1,512,459,428,-1,512,428,318,-1,318,428,424,-1,318,424,352,-1,352,424,354,-1,323,330,320,-1,320,330,328,-1,320,328,326,-1,358,388,362,-1,362,388,366,-1,362,366,364,-1,364,366,369,-1,364,369,371,-1,379,381,383,-1,405,407,354,-1,354,407,409,-1,354,409,411,-1,439,441,512,-1,512,441,443,-1,449,451,512,-1,512,451,453,-1,512,453,455,-1,482,480,484,-1,484,480,474,-1,484,474,506,-1,506,474,477,-1,506,477,511,-1,511,477,479,-1,511,479,508,-1,508,479,472,-1,508,472,512,-1,512,472,468,-1,512,468,471,-1,471,466,512,-1,512,466,462,-1,512,462,465,-1,383,385,379,-1,379,385,387,-1,379,387,364,-1,333,349,330,-1,330,349,351,-1,330,351,328,-1,443,445,512,-1,512,445,447,-1,512,447,449,-1,491,493,501,-1,465,460,512,-1,512,460,430,-1,512,430,433,-1,371,373,364,-1,364,373,375,-1,364,375,377,-1,333,335,349,-1,349,335,337,-1,349,337,347,-1,347,337,339,-1,339,341,347,-1,347,341,343,-1,347,343,345,-1,491,501,489,-1,433,435,512,-1,512,435,437,-1,512,437,439,-1,503,484,501,-1,501,484,487,-1,501,487,489,-1,493,495,501,-1,501,495,497,-1,501,497,499,-1,514,515,516,-1,516,515,517,-1,518,519,514,-1,514,519,515,-1,520,521,518,-1,518,521,519,-1,522,523,524,-1,522,524,525,-1,525,524,526,-1,525,526,527,-1,527,526,528,-1,527,528,529,-1,529,528,530,-1,529,530,531,-1,531,530,532,-1,531,532,533,-1,533,532,534,-1,533,534,535,-1,535,534,521,-1,535,521,520,-1,536,537,538,-1,536,538,539,-1,539,538,540,-1,539,540,541,-1,541,540,542,-1,541,542,543,-1,543,542,544,-1,543,544,545,-1,545,544,546,-1,545,546,547,-1,547,546,548,-1,547,548,549,-1,549,548,550,-1,549,550,551,-1,551,550,552,-1,551,552,553,-1,553,552,523,-1,553,523,522,-1,554,555,556,-1,554,556,557,-1,557,556,558,-1,557,558,559,-1,559,558,560,-1,559,560,561,-1,561,560,562,-1,561,562,563,-1,563,562,564,-1,563,564,565,-1,565,564,566,-1,565,566,567,-1,567,566,537,-1,567,537,536,-1,568,569,570,-1,568,570,571,-1,571,570,572,-1,571,572,573,-1,573,572,574,-1,573,574,575,-1,575,574,576,-1,575,576,577,-1,577,576,578,-1,577,578,579,-1,579,578,580,-1,579,580,581,-1,581,580,555,-1,581,555,554,-1,582,583,568,-1,568,583,569,-1,584,585,582,-1,582,585,583,-1,586,587,588,-1,586,588,589,-1,589,588,590,-1,589,590,591,-1,591,590,592,-1,591,592,593,-1,593,592,594,-1,593,594,595,-1,595,594,596,-1,595,596,597,-1,597,596,598,-1,597,598,599,-1,599,598,585,-1,599,585,584,-1,600,601,602,-1,600,602,603,-1,603,602,604,-1,603,604,605,-1,605,604,606,-1,605,606,607,-1,607,606,608,-1,607,608,609,-1,609,608,610,-1,609,610,611,-1,611,610,612,-1,611,612,613,-1,613,612,614,-1,613,614,615,-1,615,614,616,-1,615,616,617,-1,617,616,587,-1,617,587,586,-1,618,619,620,-1,618,620,621,-1,621,620,622,-1,621,622,623,-1,623,622,624,-1,623,624,625,-1,625,624,626,-1,625,626,627,-1,627,626,628,-1,627,628,629,-1,629,628,630,-1,629,630,631,-1,631,630,632,-1,631,632,633,-1,633,632,601,-1,633,601,600,-1,634,635,636,-1,634,636,637,-1,637,636,638,-1,637,638,639,-1,639,638,640,-1,639,640,641,-1,641,640,619,-1,641,619,618,-1,642,643,634,-1,634,643,635,-1,642,516,643,-1,643,516,517,-1,518,514,642,-1,642,514,516,-1,634,527,642,-1,642,527,529,-1,642,529,531,-1,599,584,582,-1,553,522,621,-1,634,637,527,-1,527,637,639,-1,527,639,525,-1,525,639,641,-1,525,641,522,-1,522,641,618,-1,522,618,621,-1,520,518,535,-1,535,518,642,-1,535,642,533,-1,533,642,531,-1,629,631,545,-1,545,631,543,-1,543,631,633,-1,543,633,541,-1,582,568,599,-1,599,568,571,-1,599,571,597,-1,597,571,573,-1,597,573,595,-1,595,573,575,-1,595,575,593,-1,593,575,577,-1,593,577,591,-1,591,577,579,-1,591,579,589,-1,589,579,581,-1,589,581,586,-1,586,581,554,-1,586,554,617,-1,617,554,557,-1,617,557,615,-1,615,557,559,-1,615,559,613,-1,613,559,561,-1,613,561,611,-1,611,561,563,-1,611,563,609,-1,609,563,565,-1,609,565,607,-1,607,565,567,-1,607,567,605,-1,545,547,629,-1,629,547,549,-1,629,549,627,-1,627,549,551,-1,627,551,625,-1,625,551,553,-1,625,553,623,-1,623,553,621,-1,567,536,605,-1,605,536,539,-1,605,539,603,-1,603,539,541,-1,603,541,600,-1,600,541,633,-1,644,645,646,-1,646,645,647,-1,646,647,648,-1,649,650,651,-1,649,651,652,-1,652,651,653,-1,652,653,654,-1,654,653,648,-1,654,648,647,-1,655,656,649,-1,649,656,650,-1,657,658,659,-1,657,659,660,-1,660,659,661,-1,660,661,662,-1,662,661,663,-1,662,663,664,-1,664,663,665,-1,664,665,666,-1,666,665,667,-1,666,667,668,-1,668,667,656,-1,668,656,655,-1,669,670,671,-1,669,671,672,-1,672,671,673,-1,672,673,674,-1,674,673,675,-1,674,675,676,-1,676,675,677,-1,676,677,678,-1,678,677,679,-1,678,679,680,-1,680,679,658,-1,680,658,657,-1,681,682,683,-1,681,683,684,-1,684,683,685,-1,684,685,686,-1,686,685,687,-1,686,687,688,-1,688,687,689,-1,688,689,690,-1,690,689,691,-1,690,691,692,-1,692,691,693,-1,692,693,694,-1,694,693,695,-1,694,695,696,-1,696,695,697,-1,696,697,698,-1,698,697,670,-1,698,670,669,-1,699,700,681,-1,681,700,682,-1,701,702,699,-1,699,702,700,-1,703,704,705,-1,703,705,706,-1,706,705,707,-1,706,707,708,-1,708,707,709,-1,708,709,710,-1,710,709,711,-1,710,711,712,-1,712,711,713,-1,712,713,714,-1,714,713,715,-1,714,715,716,-1,716,715,717,-1,716,717,718,-1,718,717,719,-1,718,719,720,-1,720,719,721,-1,720,721,722,-1,722,721,723,-1,722,723,724,-1,724,723,702,-1,724,702,701,-1,725,726,703,-1,703,726,704,-1,727,728,725,-1,725,728,726,-1,729,730,731,-1,729,731,732,-1,732,731,728,-1,732,728,727,-1,733,734,729,-1,729,734,730,-1,733,645,734,-1,734,645,644,-1,678,680,688,-1,686,688,662,-1,655,714,716,-1,680,657,688,-1,688,657,660,-1,688,660,662,-1,662,664,686,-1,686,664,666,-1,686,666,684,-1,684,666,668,-1,727,725,655,-1,725,703,655,-1,655,703,706,-1,655,706,708,-1,655,722,724,-1,645,733,647,-1,647,733,729,-1,647,729,654,-1,654,729,732,-1,654,732,652,-1,652,732,727,-1,652,727,649,-1,649,727,655,-1,708,710,655,-1,655,710,712,-1,655,712,714,-1,672,674,688,-1,688,674,676,-1,688,676,678,-1,716,718,655,-1,655,718,720,-1,655,720,722,-1,724,701,655,-1,655,701,699,-1,655,699,668,-1,668,699,681,-1,668,681,684,-1,688,690,672,-1,672,690,692,-1,672,692,694,-1,694,696,672,-1,672,696,698,-1,672,698,669,-1,
        ]
    }
}
Shape{
    appearance Appearance {
        material  Material 	{
            diffuseColor 0.9686274509803922 0.9686274509803922 0.9686274509803922
            specularColor 0.48627450980392156 0.48627450980392156 0.48627450980392156
            ambientIntensity 0.9686
            transparency 0.0
            shininess 0.5
        }
    }
    geometry IndexedFaceSet {
        ccw TRUE
        solid FALSE
        coord DEF co Coordinate {
            point [
                -0.6118 0.4507 0.0, -0.6347 0.4287 0.0, -0.5804 0.6673 0.0, -0.5251 0.4176 0.0, -0.5586 0.4246 0.0, -0.5827 0.4321 0.0, -0.5906 0.4362 0.0, -0.203 0.6826 0.0, -0.203 0.2333 0.0, -0.2191 0.6894 0.0, -0.2161 0.2329 0.0, -0.2293 0.2333 0.0, -0.2666 0.2375 0.0, -0.2928 0.241 0.0, -0.3118 0.2458 0.0, -0.3178 0.6952 0.0, -0.3707 0.6118 0.0, -0.3622 0.6477 0.0, -0.378 0.511 0.0, -0.2552 0.6976 0.0, -0.2922 0.7005 0.0, -0.3255 0.2518 0.0, -0.3357 0.2599 0.0, -0.3454 0.2724 0.0, -0.3631 0.3127 0.0, -0.3768 0.3959 0.0, -0.353 0.6672 0.0, -0.3419 0.6815 0.0, -0.3323 0.689 0.0
            ]
        }
        coordIndex [
            0,1,2,-1,2,3,4,-1,4,5,2,-1,2,5,6,-1,2,6,0,-1,7,8,9,-1,9,8,10,-1,9,10,11,-1,11,12,9,-1,9,12,13,-1,9,13,14,-1,15,16,17,-1,9,18,19,-1,19,18,16,-1,19,16,20,-1,20,16,15,-1,14,21,9,-1,9,21,22,-1,9,22,23,-1,23,24,9,-1,9,24,25,-1,9,25,18,-1,17,26,15,-1,15,26,27,-1,15,27,28,-1,
        ]
    }
}
Shape{
    appearance Appearance {
        material  Material 	{
            diffuseColor 0.1568627450980392 0.1568627450980392 0.1568627450980392
            specularColor 0.0784313725490196 0.0784313725490196 0.0784313725490196
            ambientIntensity 0.1569
            transparency 0.0
            shininess 0.5
        }
    }
    geometry IndexedFaceSet {
        ccw TRUE
        solid FALSE
        coord DEF co Coordinate {
            point [
                3.1575 1.4154 0.7835, 3.1693 1.4272 0.7717, 3.1575 1.7185 0.7835, 3.1693 1.7185 0.7717, 3.1575 1.4154 0.0945, 3.1693 1.4272 0.0945, 3.1575 1.7303 0.7717, 3.1575 1.4272 0.0827, 3.1575 1.7185 0.0827, 3.1693 1.7185 0.0945, 3.1575 1.7303 0.0945, -3.1575 1.7303 0.7717, -3.1575 1.7185 0.7835, -3.1693 1.7185 0.7717, -3.1575 1.4154 0.7835, -3.1693 1.4272 0.7717, 2.5394 1.4154 0.0945, 2.5512 1.4272 0.0827, -3.1693 1.4272 0.0945, -3.1575 1.4154 0.0945, 2.5394 1.7185 0.0945, 2.5512 1.7185 0.0827, 2.5512 1.7303 0.0945, -3.1575 1.7303 0.0945, -3.1693 1.7185 0.0945, -3.1575 1.7185 0.0827, -3.1575 1.4272 0.0827, -2.5512 1.4272 0.0827, -2.5394 1.4154 0.0945, 2.5394 1.7185 0.5945, 2.5512 1.7303 0.5945, -2.5512 1.7303 0.0945, -2.5512 1.7185 0.0827, -2.5394 1.7185 0.0945, 2.5276 1.7185 0.6063, 2.5276 1.7303 0.6181, 2.5394 1.7303 0.6063, 2.5276 1.3366 0.6181, 2.5394 1.3248 0.6181, 2.5276 1.3366 0.7835, 2.5394 1.3248 0.7835, 2.5394 1.3484 0.5945, 2.5276 1.3484 0.6063, -2.5276 1.7185 0.6063, -2.5276 1.7303 0.6181, -2.5512 1.7303 0.5945, -2.5394 1.7185 0.5945, 2.5394 1.3366 0.6063, -2.5394 1.7303 0.6063, -2.5276 1.3366 0.6181, -2.5276 1.3484 0.6063, -2.5394 1.3484 0.5945, -2.5394 1.3366 0.6063, -2.5394 1.3248 0.6181, -2.5394 1.3248 0.7835, -2.5276 1.3366 0.7835
            ]
        }
        coordIndex [
            0,1,2,-1,2,1,3,-1,4,5,0,-1,0,5,1,-1,2,3,6,-1,7,5,4,-1,8,9,7,-1,7,9,5,-1,9,10,3,-1,3,10,6,-1,11,12,6,-1,6,12,2,-1,12,13,14,-1,14,13,15,-1,16,17,4,-1,4,17,7,-1,9,8,10,-1,12,11,13,-1,18,19,15,-1,15,19,14,-1,20,21,16,-1,16,21,17,-1,21,22,8,-1,8,22,10,-1,23,24,11,-1,11,24,13,-1,24,25,18,-1,18,25,26,-1,18,26,19,-1,21,20,22,-1,24,23,25,-1,27,28,26,-1,26,28,19,-1,29,30,20,-1,20,30,22,-1,31,32,23,-1,23,32,25,-1,32,33,27,-1,27,33,28,-1,34,35,29,-1,29,35,36,-1,29,36,30,-1,32,31,33,-1,37,38,39,-1,39,38,40,-1,41,42,29,-1,29,42,34,-1,43,44,34,-1,34,44,35,-1,45,46,31,-1,31,46,33,-1,38,37,47,-1,47,37,42,-1,47,42,41,-1,44,43,48,-1,48,43,46,-1,48,46,45,-1,49,50,37,-1,37,50,42,-1,50,51,43,-1,43,51,46,-1,51,50,52,-1,52,50,49,-1,52,49,53,-1,53,49,54,-1,54,49,55,-1,
        ]
    }
}