#VRML V2.0 utf8
# 3D model generated by easyeda2kicad.py (https://github.com/uPesy/easyeda2kicad.py)

Shape{
    appearance Appearance {
        material  Material 	{
            diffuseColor 0.7529411764705882 0.7529411764705882 0.7529411764705882
            specularColor 0.3764705882352941 0.3764705882352941 0.3764705882352941
            ambientIntensity 0.7529
            transparency 0.0
            shininess 0.5
        }
    }
    geometry IndexedFaceSet {
        ccw TRUE
        solid FALSE
        coord DEF co Coordinate {
            point [
                -0.0053 -0.6941 0.1503, -0.0053 -0.6941 0.1356, 0.0304 -0.6941 0.1356, -0.0053 -0.6941 0.2091, -0.0053 -0.6941 0.1982, 0.0304 -0.6941 0.1982, 0.0445 -0.6941 0.2465, 0.0474 -0.6941 0.2468, 0.0326 -0.6941 0.2468, 0.0541 -0.6941 0.2093, 0.0517 -0.6941 0.2091, 0.064 -0.6941 0.2091, 0.0709 -0.6941 0.2422, 0.0709 -0.6941 0.2304, 0.0809 -0.6941 0.2304, 0.0732 -0.6941 0.1505, 0.0716 -0.6941 0.1503, 0.0809 -0.6941 0.1503, 0.0651 -0.6941 0.1504, 0.064 -0.6941 0.1508, 0.064 -0.6941 0.1503, 0.1173 -0.6941 0.1673, 0.1173 -0.6941 0.1548, 0.1243 -0.6941 0.1548, -0.1885 -0.6941 0.1953, -0.188 -0.6941 0.1982, -0.2892 -0.6941 0.1982, -0.0374 -0.6941 0.2175, -0.0302 -0.6941 0.2115, -0.0053 -0.6941 0.2468, -0.0669 -0.6941 0.2468, -0.0608 -0.6941 0.2427, -0.0522 -0.6941 0.2328, -0.0466 -0.6941 0.2219, -0.0452 -0.6941 0.2214, -0.1219 -0.6941 0.2501, -0.1097 -0.6941 0.2548, -0.2892 -0.6941 0.2795, -0.0967 -0.6941 0.2564, -0.0053 -0.6941 0.2795, -0.0858 -0.6941 0.2553, -0.0726 -0.6941 0.2506, -0.1762 -0.6941 0.2224, -0.174 -0.6941 0.2245, -0.2892 -0.6941 0.2468, -0.1272 -0.6941 0.2468, -0.1283 -0.6941 0.2462, -0.1652 -0.6941 0.2305, -0.1554 -0.6941 0.234, -0.1459 -0.6941 0.2351, -0.1345 -0.6941 0.2409, -0.1429 -0.6941 0.2349, -0.1399 -0.6941 0.2346, -0.2892 -0.6941 0.2091, -0.1865 -0.6941 0.2057, -0.1849 -0.6941 0.2091, -0.1821 -0.6941 0.2151, -0.1565 -0.6941 0.151, -0.1608 -0.6941 0.1524, -0.2892 -0.6941 0.1503, -0.1702 -0.6941 0.1573, -0.1776 -0.6941 0.1637, -0.1784 -0.6941 0.1647, -0.184 -0.6941 0.1731, -0.1876 -0.6941 0.183, -0.1886 -0.6941 0.1924, -0.1448 -0.6941 0.1366, -0.1499 -0.6941 0.1405, -0.2892 -0.6941 0.1356, -0.1538 -0.6941 0.1454, -0.1561 -0.6941 0.1503, -0.1205 -0.6941 0.1356, -0.1251 -0.6941 0.1339, -0.0053 -0.6941 0.1024, -0.1314 -0.6941 0.1331, -0.1325 -0.6941 0.1331, -0.2892 -0.6941 0.1024, -0.1387 -0.6941 0.1341, -0.1423 -0.6941 0.1356, -0.1067 -0.6941 0.1503, -0.1068 -0.6941 0.1502, -0.1099 -0.6941 0.1444, -0.1139 -0.6941 0.1398, -0.1192 -0.6941 0.1361, -0.0217 -0.6941 0.1959, -0.0205 -0.6941 0.1874, -0.073 -0.6941 0.1659, -0.0712 -0.6941 0.1666, -0.0682 -0.6941 0.1816, -0.0302 -0.6941 0.1624, -0.0376 -0.6941 0.1562, -0.1117 -0.6941 0.1771, -0.0764 -0.6941 0.1956, -0.1163 -0.6941 0.1813, -0.1219 -0.6941 0.1843, -0.0251 -0.6941 0.1695, -0.037 -0.6941 0.1894, -0.0382 -0.6941 0.1945, -0.0402 -0.6941 0.1982, -0.1714 -0.6941 0.1982, -0.0747 -0.6941 0.1648, -0.0217 -0.6941 0.1778, -0.0692 -0.6941 0.1668, -0.069 -0.6941 0.1668, -0.0682 -0.6941 0.1666, -0.1698 -0.6941 0.1824, -0.1667 -0.6941 0.1771, -0.1533 -0.6941 0.1744, -0.162 -0.6941 0.1722, -0.1562 -0.6941 0.1687, -0.1435 -0.6941 0.1831, -0.1489 -0.6941 0.1793, -0.172 -0.6941 0.1929, -0.1717 -0.6941 0.1889, -0.1377 -0.6941 0.1853, -0.1314 -0.6941 0.1861, -0.1282 -0.6941 0.1859, -0.0422 -0.6941 0.1732, -0.0393 -0.6941 0.1773, -0.0375 -0.6941 0.182, -0.0368 -0.6941 0.1871, -0.0456 -0.6941 0.1523, -0.0542 -0.6941 0.1505, -0.0698 -0.6941 0.1505, -0.0712 -0.6941 0.1507, -0.0729 -0.6941 0.1514, -0.0746 -0.6941 0.1526, -0.0753 -0.6941 0.1533, -0.0774 -0.6941 0.1587, -0.0774 -0.6941 0.1595, -0.1051 -0.6941 0.1621, -0.0769 -0.6941 0.1615, -0.0759 -0.6941 0.1633, -0.0677 -0.6941 0.1666, -0.0558 -0.6941 0.1666, -0.0511 -0.6941 0.1675, -0.0765 -0.6941 0.1549, -0.0772 -0.6941 0.1567, -0.1052 -0.6941 0.1567, -0.1051 -0.6941 0.1595, -0.0464 -0.6941 0.1696, -0.0425 -0.6941 0.1728, -0.0595 -0.6941 0.2077, -0.169 -0.6941 0.2052, -0.1712 -0.6941 0.1993, -0.0574 -0.6941 0.2077, -0.0406 -0.6941 0.199, -0.0437 -0.6941 0.2024, -0.0478 -0.6941 0.2053, -0.0524 -0.6941 0.2071, -0.0705 -0.6941 0.2301, -0.072 -0.6941 0.2314, -0.1317 -0.6941 0.2153, -0.0647 -0.6941 0.2228, -0.1663 -0.6941 0.2091, -0.1336 -0.6941 0.2164, -0.0598 -0.6941 0.2091, -0.0609 -0.6941 0.2142, -0.0794 -0.6941 0.2365, -0.0877 -0.6941 0.2396, -0.1279 -0.6941 0.2234, -0.0964 -0.6941 0.2406, -0.1395 -0.6941 0.2185, -0.1457 -0.6941 0.2193, -0.1484 -0.6941 0.2191, -0.1061 -0.6941 0.2394, -0.1147 -0.6941 0.2359, -0.122 -0.6941 0.2305, -0.1549 -0.6941 0.2176, -0.1608 -0.6941 0.2145, -0.1653 -0.6941 0.2104, -0.0285 -0.6941 0.2091, -0.0249 -0.6941 0.204, -0.0226 -0.6941 0.1982, 0.1325 -0.6941 0.1548, 0.1325 -0.6941 0.1506, 0.136 -0.6941 0.1503, 0.1243 -0.6941 0.1503, 0.136 -0.6941 0.1982, 0.1316 -0.6941 0.1877, 0.1316 -0.6941 0.1834, 0.1306 -0.6941 0.1716, 0.1306 -0.6941 0.1673, 0.1243 -0.6941 0.1673, 0.1243 -0.6941 0.1834, 0.1243 -0.6941 0.1716, 0.1173 -0.6941 0.1834, 0.1173 -0.6941 0.1716, 0.1243 -0.6941 0.1506, 0.1125 -0.6941 0.1506, 0.11 -0.6941 0.1503, 0.1125 -0.6941 0.1877, 0.036 -0.6941 0.1631, 0.0368 -0.6941 0.1707, 0.035 -0.6941 0.1615, 0.0345 -0.6941 0.1598, 0.0471 -0.6941 0.1738, 0.0455 -0.6941 0.1739, 0.043 -0.6941 0.1663, 0.0618 -0.6941 0.1563, 0.0555 -0.6941 0.1677, 0.0618 -0.6941 0.1515, 0.0555 -0.6941 0.1506, 0.0486 -0.6941 0.1521, 0.0469 -0.6941 0.1509, 0.0509 -0.6941 0.1506, 0.0452 -0.6941 0.1503, 0.0373 -0.6941 0.1643, 0.0392 -0.6941 0.1653, 0.0401 -0.6941 0.1727, 0.043 -0.6941 0.1737, 0.0326 -0.6941 0.1356, 0.04 -0.6941 0.1503, 0.0326 -0.6941 0.1503, 0.0399 -0.6941 0.1503, 0.0381 -0.6941 0.151, 0.0412 -0.6941 0.1771, 0.0326 -0.6941 0.1982, 0.0378 -0.6941 0.1758, 0.0368 -0.6941 0.1752, 0.0365 -0.6941 0.1521, 0.0361 -0.6941 0.1525, 0.0351 -0.6941 0.1539, 0.0635 -0.6941 0.1553, 0.064 -0.6941 0.1551, 0.064 -0.6941 0.1649, 0.0509 -0.6941 0.1547, 0.0508 -0.6941 0.1547, 0.0501 -0.6941 0.1536, 0.0345 -0.6941 0.1555, 0.0343 -0.6941 0.1577, 0.0621 -0.6941 0.1681, 0.0551 -0.6941 0.1716, 0.0618 -0.6941 0.1699, 0.0509 -0.6941 0.1674, 0.0507 -0.6941 0.1695, 0.0502 -0.6941 0.1711, 0.0497 -0.6941 0.1721, 0.046 -0.6941 0.1777, 0.0492 -0.6941 0.1773, 0.0511 -0.6941 0.1767, 0.0639 -0.6941 0.165, 0.0632 -0.6941 0.1658, 0.0626 -0.6941 0.1667, 0.049 -0.6941 0.1728, 0.0482 -0.6941 0.1734, 0.062 -0.6941 0.1716, 0.0626 -0.6941 0.1731, 0.0543 -0.6941 0.1736, 0.0634 -0.6941 0.1743, 0.0533 -0.6941 0.175, 0.0525 -0.6941 0.1758, 0.066 -0.6941 0.1503, 0.064 -0.6941 0.1356, 0.069 -0.6941 0.15, 0.0784 -0.6941 0.1765, 0.0784 -0.6941 0.172, 0.064 -0.6941 0.1748, 0.064 -0.6941 0.1982, 0.0648 -0.6941 0.1756, 0.066 -0.6941 0.1763, 0.0795 -0.6941 0.156, 0.0789 -0.6941 0.1545, 0.078 -0.6941 0.1533, 0.0684 -0.6941 0.1773, 0.0722 -0.6941 0.1777, 0.0809 -0.6941 0.1982, 0.0754 -0.6941 0.1774, 0.0781 -0.6941 0.1622, 0.079 -0.6941 0.1609, 0.0795 -0.6941 0.1596, 0.0797 -0.6941 0.1578, 0.0767 -0.6941 0.1521, 0.0756 -0.6941 0.1514, 0.0717 -0.6941 0.1739, 0.0703 -0.6941 0.1738, 0.0666 -0.6941 0.1704, 0.0691 -0.6941 0.1735, 0.068 -0.6941 0.1729, 0.0667 -0.6941 0.1697, 0.0669 -0.6941 0.169, 0.0672 -0.6941 0.1684, 0.0676 -0.6941 0.1679, 0.0693 -0.6941 0.1669, 0.0749 -0.6941 0.1735, 0.0722 -0.6941 0.1656, 0.0776 -0.6941 0.1725, 0.074 -0.6941 0.1649, 0.077 -0.6941 0.1632, 0.0673 -0.6941 0.1723, 0.0669 -0.6941 0.1717, 0.0667 -0.6941 0.1711, 0.0664 -0.6941 0.1542, 0.0689 -0.6941 0.1623, 0.0661 -0.6941 0.1635, 0.0695 -0.6941 0.1538, 0.0697 -0.6941 0.1538, 0.0719 -0.6941 0.161, 0.072 -0.6941 0.1541, 0.0749 -0.6941 0.1574, 0.0749 -0.6941 0.1579, 0.0732 -0.6941 0.1545, 0.0737 -0.6941 0.1547, 0.0742 -0.6941 0.1552, 0.0746 -0.6941 0.1558, 0.0748 -0.6941 0.1565, 0.0747 -0.6941 0.1587, 0.0743 -0.6941 0.1593, 0.0737 -0.6941 0.1599, 0.1496 -0.6941 0.2196, 0.136 -0.6941 0.2196, 0.1534 -0.6941 0.2094, 0.136 -0.6941 0.2091, 0.1586 -0.6941 0.2094, 0.3898 -0.6941 0.2091, 0.3898 -0.6941 0.2468, 0.1445 -0.6941 0.2465, 0.136 -0.6941 0.2468, 0.1341 -0.6941 0.2196, 0.1306 -0.6941 0.2094, 0.1243 -0.6941 0.2091, 0.1253 -0.6941 0.2094, 0.1243 -0.6941 0.2468, 0.136 -0.6941 0.2375, 0.1394 -0.6941 0.2465, 0.11 -0.6941 0.2091, 0.1096 -0.6941 0.2102, 0.1032 -0.6941 0.2094, 0.1036 -0.6941 0.2465, 0.11 -0.6941 0.2468, 0.0896 -0.6941 0.2468, 0.0896 -0.6941 0.2091, 0.0931 -0.6941 0.2094, 0.0931 -0.6941 0.2465, 0.1222 -0.6941 0.2217, 0.1204 -0.6941 0.2179, 0.1189 -0.6941 0.2403, 0.1212 -0.6941 0.2371, 0.1176 -0.6941 0.2146, 0.1138 -0.6941 0.2119, 0.11 -0.6941 0.2104, 0.1176 -0.6941 0.2416, 0.1093 -0.6941 0.2459, 0.11 -0.6941 0.2456, 0.1138 -0.6941 0.2442, 0.1226 -0.6941 0.2336, 0.1232 -0.6941 0.2284, 0.1231 -0.6941 0.2261, 0.0809 -0.6941 0.2468, 0.0852 -0.6941 0.2465, 0.0809 -0.6941 0.2465, 0.0852 -0.6941 0.2422, 0.086 -0.6941 0.2137, 0.086 -0.6941 0.2094, 0.0809 -0.6941 0.2091, 0.0709 -0.6941 0.2137, 0.0809 -0.6941 0.2137, 0.0709 -0.6941 0.2261, 0.0809 -0.6941 0.2261, 0.0842 -0.6941 0.2261, 0.0842 -0.6941 0.2304, 0.0809 -0.6941 0.2422, 0.0661 -0.6941 0.2465, 0.064 -0.6941 0.2468, 0.0661 -0.6941 0.2094, 0.0587 -0.6941 0.2456, 0.0548 -0.6941 0.2467, 0.0539 -0.6941 0.2468, 0.0809 -0.6941 0.2094, 0.0587 -0.6941 0.2406, 0.0581 -0.6941 0.2106, 0.0509 -0.6941 0.2131, 0.0551 -0.6941 0.2139, 0.0587 -0.6941 0.2155, 0.0587 -0.6941 0.211, 0.0545 -0.6941 0.2423, 0.05 -0.6941 0.2428, 0.036 -0.6941 0.2275, 0.0378 -0.6941 0.2195, 0.0396 -0.6941 0.217, 0.0403 -0.6941 0.2162, 0.0427 -0.6941 0.2145, 0.0454 -0.6941 0.2135, 0.0491 -0.6941 0.2131, 0.0399 -0.6941 0.2387, 0.0378 -0.6941 0.2359, 0.0424 -0.6941 0.2408, 0.0453 -0.6941 0.2421, 0.0485 -0.6941 0.2427, 0.0366 -0.6941 0.2327, 0.0583 -0.6941 0.2408, 0.036 -0.6941 0.2262, 0.0366 -0.6941 0.2225, 0.0499 -0.6941 0.2471, 0.0326 -0.6941 0.2795, 0.064 -0.6941 0.2795, 0.05 -0.6941 0.2471, 0.0336 -0.6941 0.2381, 0.0363 -0.6941 0.2417, 0.0372 -0.6941 0.2425, 0.0407 -0.6941 0.245, 0.0326 -0.6941 0.2188, 0.0317 -0.6941 0.2212, 0.0304 -0.6941 0.2091, 0.0309 -0.6941 0.2273, 0.031 -0.6941 0.2292, 0.0304 -0.6941 0.2468, 0.0318 -0.6941 0.234, 0.0326 -0.6941 0.2358, 0.0387 -0.6941 0.2114, 0.0357 -0.6941 0.2139, 0.0326 -0.6941 0.2091, 0.0332 -0.6941 0.2173, 0.0484 -0.6941 0.2088, 0.0462 -0.6941 0.2089, 0.0452 -0.6941 0.2091, 0.0422 -0.6941 0.2097, 0.045 -0.6941 0.1503, 0.0427 -0.6941 0.15, 0.1027 -0.6941 0.1771, 0.1075 -0.6941 0.1771, 0.11 -0.6941 0.1982, 0.1243 -0.6941 0.1877, 0.1243 -0.6941 0.1982, 0.097 -0.6941 0.1503, 0.0942 -0.6941 0.1572, 0.0948 -0.6941 0.155, 0.0949 -0.6941 0.155, 0.0896 -0.6941 0.1982, 0.0896 -0.6941 0.1706, 0.0955 -0.6941 0.1572, 0.0951 -0.6941 0.1559, 0.0896 -0.6941 0.1503, 0.0896 -0.6941 0.1582, 0.0821 -0.6941 0.1771, 0.0873 -0.6941 0.1771, 0.0925 -0.6941 0.1507, 0.0923 -0.6941 0.1503, 0.0905 -0.6941 0.1459, 0.0809 -0.6941 0.1356, 0.0831 -0.6941 0.1385, 0.0831 -0.6941 0.1427, 0.084 -0.6941 0.1423, 0.0857 -0.6941 0.1421, 0.0858 -0.6941 0.1421, 0.087 -0.6941 0.1423, 0.088 -0.6941 0.1427, 0.0887 -0.6941 0.1432, 0.0895 -0.6941 0.1441, 0.0896 -0.6941 0.1442, 0.0896 -0.6941 0.139, 0.0881 -0.6941 0.1384, 0.0896 -0.6941 0.1356, 0.0861 -0.6941 0.1381, 0.085 -0.6941 0.1382, 0.11 -0.6941 0.1356, 0.0915 -0.6941 0.1403, 0.0899 -0.6941 0.1391, 0.0955 -0.6941 0.1466, 0.0934 -0.6941 0.1425, -0.3898 -0.6941 0.1024, -0.3898 -0.6941 0.1356, -0.3898 -0.6941 0.1503, -0.3898 -0.6941 0.1982, -0.3898 -0.6941 0.2091, -0.3898 -0.6941 0.2468, -0.3898 -0.6941 0.2795, 0.0294 -0.6941 0.2137, 0.0294 -0.6941 0.2094, 0.0099 -0.6941 0.2094, 0.0147 -0.6941 0.2465, 0.0147 -0.6941 0.2137, 0.0099 -0.6941 0.2465, 0.0304 -0.6941 0.1503, 0.0298 -0.6941 0.1506, 0.0099 -0.6941 0.1506, 0.0298 -0.6941 0.1548, 0.029 -0.6941 0.1834, 0.0147 -0.6941 0.1673, 0.0147 -0.6941 0.1548, 0.0279 -0.6941 0.1673, 0.0279 -0.6941 0.1716, 0.0147 -0.6941 0.1716, 0.0147 -0.6941 0.1834, 0.0099 -0.6941 0.1877, 0.029 -0.6941 0.1877, 0.0304 -0.6941 0.2795, 0.0809 -0.6941 0.2795, 0.0896 -0.6941 0.2795, 0.11 -0.6941 0.2795, 0.1243 -0.6941 0.2795, 0.136 -0.6941 0.2795, 0.3898 -0.6941 0.2795, 0.1395 -0.6941 0.1506, 0.1395 -0.6941 0.1877, 0.1497 -0.6941 0.1506, 0.1998 -0.6941 0.1506, 0.2051 -0.6941 0.1506, 0.3898 -0.6941 0.1503, 0.1909 -0.6941 0.1877, 0.3898 -0.6941 0.1982, 0.196 -0.6941 0.1608, 0.1806 -0.6941 0.1608, 0.177 -0.6941 0.1506, 0.1717 -0.6941 0.1506, 0.1858 -0.6941 0.1877, 0.1668 -0.6941 0.1591, 0.1641 -0.6941 0.1558, 0.1602 -0.6941 0.1531, 0.156 -0.6941 0.1514, 0.1641 -0.6941 0.1828, 0.1654 -0.6941 0.1815, 0.1677 -0.6941 0.1783, 0.169 -0.6941 0.1748, 0.15 -0.6941 0.1877, 0.1557 -0.6941 0.1871, 0.1602 -0.6941 0.1854, 0.1697 -0.6941 0.1696, 0.1695 -0.6941 0.1673, 0.1686 -0.6941 0.1629, 0.1243 -0.6941 0.1356, 0.136 -0.6941 0.1356, 0.3898 -0.6941 0.1356, 0.0304 -0.6941 0.1024, 0.0326 -0.6941 0.1024, 0.064 -0.6941 0.1024, 0.0809 -0.6941 0.1024, 0.0896 -0.6941 0.1024, 0.11 -0.6941 0.1024, 0.1243 -0.6941 0.1024, 0.136 -0.6941 0.1024, 0.3898 -0.6941 0.1024
            ]
        }
        coordIndex [
            0,1,2,-1,3,4,5,-1,6,7,8,-1,9,10,11,-1,12,13,14,-1,15,16,17,-1,18,19,20,-1,21,22,23,-1,24,25,26,-1,27,28,29,-1,29,28,3,-1,30,31,29,-1,29,31,32,-1,32,33,29,-1,29,33,34,-1,29,34,27,-1,35,36,37,-1,37,36,38,-1,37,38,39,-1,39,38,40,-1,39,40,41,-1,42,43,44,-1,35,37,45,-1,45,37,44,-1,45,44,46,-1,43,47,44,-1,44,47,48,-1,44,48,46,-1,46,48,49,-1,46,49,50,-1,50,49,51,-1,50,51,52,-1,26,25,53,-1,25,54,53,-1,53,54,55,-1,53,55,44,-1,44,55,56,-1,44,56,42,-1,57,58,59,-1,58,60,59,-1,59,60,61,-1,59,61,62,-1,62,63,59,-1,59,63,64,-1,59,64,26,-1,26,64,65,-1,26,65,24,-1,66,67,68,-1,68,67,69,-1,68,69,59,-1,59,69,70,-1,59,70,57,-1,71,72,73,-1,72,74,73,-1,73,74,75,-1,73,75,76,-1,76,75,77,-1,76,77,68,-1,68,77,78,-1,68,78,66,-1,0,79,1,-1,1,79,80,-1,1,80,81,-1,81,82,1,-1,1,82,83,-1,1,83,71,-1,84,85,4,-1,86,87,88,-1,89,90,0,-1,91,92,93,-1,93,92,94,-1,89,0,95,-1,96,97,92,-1,92,97,98,-1,92,98,99,-1,86,88,100,-1,4,85,0,-1,0,85,101,-1,0,101,95,-1,87,102,88,-1,88,102,103,-1,88,103,104,-1,105,106,107,-1,107,106,108,-1,107,108,109,-1,110,99,111,-1,111,99,112,-1,111,112,107,-1,107,112,113,-1,107,113,105,-1,110,114,99,-1,99,114,115,-1,99,115,92,-1,92,115,116,-1,92,116,94,-1,117,118,88,-1,88,118,119,-1,88,119,92,-1,92,119,120,-1,92,120,96,-1,90,121,0,-1,0,121,122,-1,0,122,79,-1,79,122,123,-1,79,123,124,-1,124,125,79,-1,79,125,126,-1,79,126,127,-1,128,129,130,-1,130,129,131,-1,130,131,88,-1,88,131,132,-1,88,132,100,-1,104,133,88,-1,88,133,134,-1,88,134,135,-1,127,136,79,-1,79,136,137,-1,79,137,138,-1,138,137,128,-1,138,128,139,-1,139,128,130,-1,135,140,88,-1,88,140,141,-1,88,141,117,-1,142,143,144,-1,144,99,142,-1,142,99,98,-1,142,98,145,-1,145,98,146,-1,146,147,145,-1,145,147,148,-1,145,148,149,-1,150,151,152,-1,150,152,153,-1,154,152,155,-1,143,142,154,-1,154,142,156,-1,154,156,152,-1,152,156,157,-1,152,157,153,-1,151,158,152,-1,152,158,159,-1,152,159,160,-1,160,159,161,-1,155,162,154,-1,154,162,163,-1,154,163,164,-1,165,166,161,-1,161,166,167,-1,161,167,160,-1,168,169,164,-1,164,169,170,-1,164,170,154,-1,28,171,3,-1,3,171,172,-1,3,172,4,-1,4,172,173,-1,4,173,84,-1,174,175,176,-1,176,175,177,-1,178,179,180,-1,181,182,174,-1,174,182,23,-1,23,182,183,-1,23,183,21,-1,180,184,185,-1,185,184,186,-1,185,186,187,-1,175,188,177,-1,177,188,189,-1,177,189,190,-1,190,189,191,-1,192,193,194,-1,194,193,195,-1,196,197,198,-1,199,200,201,-1,201,200,202,-1,201,202,19,-1,203,204,205,-1,205,204,206,-1,205,206,202,-1,192,207,193,-1,193,207,208,-1,193,208,209,-1,209,208,198,-1,209,198,210,-1,210,198,197,-1,211,212,213,-1,213,212,214,-1,213,214,215,-1,216,217,218,-1,218,217,219,-1,215,220,213,-1,213,220,221,-1,213,221,222,-1,223,224,225,-1,226,227,205,-1,205,227,228,-1,205,228,203,-1,222,229,213,-1,213,229,230,-1,213,230,217,-1,217,230,195,-1,217,195,219,-1,219,195,193,-1,200,231,232,-1,232,231,233,-1,234,235,198,-1,198,235,236,-1,198,236,237,-1,216,238,217,-1,217,238,239,-1,217,239,240,-1,223,225,199,-1,225,241,199,-1,199,241,242,-1,199,242,200,-1,200,242,243,-1,200,243,231,-1,237,244,198,-1,198,244,245,-1,198,245,196,-1,233,246,232,-1,232,246,247,-1,232,247,248,-1,248,247,249,-1,248,249,250,-1,250,249,251,-1,18,20,252,-1,252,20,253,-1,252,253,254,-1,255,256,17,-1,249,257,258,-1,258,257,259,-1,258,259,260,-1,261,262,17,-1,17,262,263,-1,260,264,258,-1,258,264,265,-1,258,265,266,-1,266,265,267,-1,266,267,255,-1,268,269,256,-1,256,269,270,-1,256,270,17,-1,17,270,271,-1,17,271,261,-1,263,272,17,-1,17,272,273,-1,17,273,15,-1,274,275,276,-1,276,275,277,-1,276,277,278,-1,276,279,274,-1,274,279,280,-1,274,280,281,-1,281,282,274,-1,274,282,283,-1,274,283,284,-1,284,283,285,-1,284,285,286,-1,286,285,287,-1,286,287,256,-1,256,287,288,-1,256,288,268,-1,289,290,278,-1,278,290,291,-1,278,291,276,-1,292,293,224,-1,224,293,294,-1,224,294,225,-1,292,295,293,-1,293,295,296,-1,293,296,297,-1,297,296,298,-1,297,299,300,-1,298,301,297,-1,297,301,302,-1,297,302,303,-1,303,304,297,-1,297,304,305,-1,297,305,299,-1,300,306,297,-1,297,306,307,-1,297,307,308,-1,309,310,311,-1,311,310,312,-1,311,312,313,-1,314,315,316,-1,316,315,317,-1,310,318,312,-1,312,318,319,-1,312,319,320,-1,320,319,321,-1,320,321,322,-1,322,321,323,-1,322,323,317,-1,317,323,324,-1,317,324,316,-1,325,326,327,-1,328,329,330,-1,325,327,331,-1,331,327,332,-1,331,332,330,-1,330,332,333,-1,330,333,328,-1,334,335,320,-1,336,337,322,-1,335,338,320,-1,320,338,339,-1,320,339,325,-1,325,339,340,-1,325,340,326,-1,336,322,341,-1,328,342,329,-1,329,342,343,-1,329,343,322,-1,322,343,344,-1,322,344,341,-1,337,345,322,-1,322,345,346,-1,322,346,320,-1,320,346,347,-1,320,347,334,-1,330,348,349,-1,349,348,350,-1,349,351,330,-1,330,351,352,-1,330,352,331,-1,331,352,353,-1,331,353,354,-1,355,356,357,-1,357,356,358,-1,358,356,359,-1,359,356,352,-1,359,352,360,-1,360,352,351,-1,360,351,14,-1,14,351,361,-1,14,361,12,-1,350,348,362,-1,362,348,363,-1,362,363,364,-1,365,363,366,-1,366,363,367,-1,353,368,354,-1,354,368,364,-1,354,364,11,-1,11,364,363,-1,11,363,369,-1,369,363,365,-1,9,11,370,-1,371,372,369,-1,369,372,373,-1,369,373,11,-1,11,373,374,-1,11,374,370,-1,375,376,377,-1,378,379,369,-1,369,379,380,-1,369,380,381,-1,381,382,369,-1,369,382,383,-1,369,383,371,-1,384,385,386,-1,386,385,387,-1,376,388,377,-1,377,388,387,-1,377,387,389,-1,389,387,385,-1,375,377,390,-1,390,377,391,-1,390,391,369,-1,369,391,392,-1,369,392,378,-1,7,393,394,-1,394,393,395,-1,395,393,396,-1,395,396,367,-1,8,397,398,-1,398,399,8,-1,8,399,400,-1,8,400,6,-1,401,402,403,-1,404,405,406,-1,406,405,407,-1,406,407,8,-1,8,407,408,-1,8,408,397,-1,409,410,411,-1,411,410,412,-1,413,414,217,-1,217,414,415,-1,217,415,411,-1,411,415,416,-1,411,416,409,-1,10,413,258,-1,258,413,217,-1,258,217,249,-1,249,217,240,-1,249,240,251,-1,19,202,20,-1,20,202,206,-1,20,206,253,-1,253,206,417,-1,253,417,211,-1,211,417,418,-1,211,418,212,-1,419,420,421,-1,179,178,422,-1,422,178,423,-1,422,423,191,-1,191,423,421,-1,191,421,190,-1,190,421,420,-1,190,420,424,-1,425,426,427,-1,421,428,419,-1,419,428,429,-1,419,429,430,-1,430,429,425,-1,430,425,431,-1,431,425,427,-1,432,433,17,-1,17,433,434,-1,255,17,266,-1,266,17,434,-1,266,434,428,-1,428,434,435,-1,428,435,429,-1,436,433,437,-1,437,433,432,-1,437,432,438,-1,439,440,441,-1,442,443,17,-1,254,253,16,-1,16,253,439,-1,16,439,17,-1,17,439,441,-1,17,441,442,-1,443,444,17,-1,17,444,445,-1,17,445,446,-1,446,447,17,-1,17,447,448,-1,17,448,432,-1,432,448,449,-1,432,449,438,-1,450,451,452,-1,452,451,453,-1,452,453,439,-1,439,453,454,-1,439,454,440,-1,455,456,452,-1,452,456,457,-1,452,457,450,-1,424,458,455,-1,455,458,459,-1,455,459,456,-1,460,76,461,-1,461,76,68,-1,461,68,462,-1,462,68,59,-1,462,59,463,-1,463,59,26,-1,463,26,464,-1,464,26,53,-1,464,53,465,-1,465,53,44,-1,465,44,466,-1,466,44,37,-1,467,468,403,-1,403,468,469,-1,470,406,29,-1,402,404,403,-1,403,404,406,-1,403,406,467,-1,467,406,470,-1,467,470,471,-1,5,403,3,-1,3,403,469,-1,3,469,29,-1,29,469,472,-1,29,472,470,-1,473,474,475,-1,474,473,476,-1,476,473,5,-1,476,5,477,-1,478,479,480,-1,480,479,476,-1,480,476,481,-1,481,476,477,-1,481,477,482,-1,482,477,483,-1,2,473,0,-1,0,473,475,-1,0,475,4,-1,4,475,484,-1,4,484,5,-1,5,484,485,-1,5,485,477,-1,7,394,8,-1,8,394,486,-1,8,486,406,-1,406,486,39,-1,406,39,29,-1,29,39,41,-1,29,41,30,-1,2,211,473,-1,473,211,213,-1,473,213,5,-1,5,213,217,-1,5,217,403,-1,403,217,411,-1,403,411,401,-1,401,411,412,-1,10,258,11,-1,11,258,266,-1,11,266,354,-1,354,266,428,-1,354,428,331,-1,331,428,421,-1,331,421,325,-1,325,421,423,-1,325,423,320,-1,320,423,178,-1,320,178,312,-1,367,363,395,-1,395,363,348,-1,395,348,487,-1,487,348,330,-1,487,330,488,-1,488,330,329,-1,488,329,489,-1,489,329,322,-1,489,322,490,-1,490,322,317,-1,490,317,491,-1,491,317,315,-1,491,315,492,-1,493,494,178,-1,185,181,180,-1,180,181,174,-1,180,174,178,-1,178,174,176,-1,178,176,493,-1,493,176,495,-1,496,176,497,-1,497,176,498,-1,497,498,499,-1,499,498,500,-1,501,502,496,-1,496,502,503,-1,496,503,176,-1,176,503,504,-1,176,504,495,-1,316,313,314,-1,314,313,312,-1,314,312,500,-1,500,312,178,-1,500,178,499,-1,499,178,505,-1,504,506,507,-1,507,508,504,-1,504,508,509,-1,504,509,495,-1,510,511,505,-1,505,511,512,-1,505,512,513,-1,494,514,178,-1,178,514,515,-1,178,515,505,-1,505,515,516,-1,505,516,510,-1,513,517,505,-1,505,517,518,-1,505,518,504,-1,504,518,519,-1,504,519,506,-1,424,455,190,-1,190,455,520,-1,190,520,177,-1,177,520,521,-1,177,521,176,-1,176,521,522,-1,176,522,498,-1,71,73,1,-1,1,73,523,-1,1,523,2,-1,2,523,524,-1,2,524,211,-1,211,524,525,-1,211,525,253,-1,253,525,526,-1,253,526,439,-1,439,526,527,-1,439,527,452,-1,452,527,528,-1,452,528,455,-1,455,528,529,-1,455,529,520,-1,520,529,530,-1,520,530,521,-1,521,530,531,-1,521,531,522,-1,
        ]
    }
}
Shape{
    appearance Appearance {
        material  Material 	{
            diffuseColor 0.0 0.5019607843137255 0.0
            specularColor 0.0 0.25098039215686274 0.0
            ambientIntensity 0.2947
            transparency 0.0
            shininess 0.5
        }
    }
    geometry IndexedFaceSet {
        ccw TRUE
        solid FALSE
        coord DEF co Coordinate {
            point [
                0.187 0.6 0.0039, 0.0 0.6492 0.0039, 0.5217 0.6492 0.0039, 0.5217 0.3354 0.0039, 0.5217 -0.7287 0.0039, 0.4724 0.0709 0.0039, 0.4724 0.2764 0.0039, 0.187 0.2764 0.0039, 0.0 0.3354 0.0039, 0.187 0.0709 0.0039, 0.0387 -0.0008 0.0039, 0.0893 -0.0111 0.0039, 0.0 -0.7287 0.0039, 0.0893 -0.6275 0.0039, 0.2565 -0.1265 0.0039, 0.2841 -0.1702 0.0039, 0.3044 -0.2177 0.0039, 0.1376 -0.6092 0.0039, 0.1823 -0.5834 0.0039, 0.2223 -0.5507 0.0039, 0.2565 -0.512 0.0039, 0.2841 -0.4684 0.0039, 0.3044 -0.4209 0.0039, 0.3167 -0.3708 0.0039, 0.3209 -0.3193 0.0039, 0.3167 -0.2678 0.0039, 0.2223 -0.0879 0.0039, 0.1823 -0.0552 0.0039, 0.1376 -0.0294 0.0039, -0.5217 -0.7287 0.0039, -0.5217 0.3354 0.0039, -0.4724 0.0709 0.0039, -0.4724 0.2764 0.0039, -0.0129 -0.6399 0.0039, 0.0 -0.6394 0.0039, 0.0387 -0.6378 0.0039, -0.2712 -0.1478 0.0039, -0.2952 -0.1935 0.0039, -0.3115 -0.3961 0.0039, -0.2952 -0.4451 0.0039, -0.2402 -0.1065 0.0039, 0.0 0.0008 0.0039, -0.0129 0.0013 0.0039, -0.187 0.2764 0.0039, -0.0642 -0.0049 0.0039, -0.187 0.0709 0.0039, -0.1138 -0.0193 0.0039, -0.1604 -0.0414 0.0039, -0.2029 -0.0707 0.0039, -0.3115 -0.2425 0.0039, -0.3198 -0.2935 0.0039, -0.3198 -0.3451 0.0039, -0.2712 -0.4908 0.0039, -0.2402 -0.5321 0.0039, -0.2029 -0.5678 0.0039, -0.1604 -0.5972 0.0039, -0.1138 -0.6193 0.0039, -0.0642 -0.6337 0.0039, 0.187 0.3945 0.0039, 0.4724 0.3945 0.0039, 0.4724 0.6 0.0039, -0.4724 0.3945 0.0039, -0.187 0.3945 0.0039, -0.4724 0.6 0.0039, -0.5217 0.6492 0.0039, -0.187 0.6 0.0039, 0.5217 0.6492 0.1024, 0.5217 -0.7287 0.1024, -0.5217 0.6492 0.1024, -0.5217 -0.7287 0.1024, 0.4848 -0.6211 0.1024, 0.475 -0.6449 0.1024, 0.4594 -0.6653 0.1024, -0.439 -0.6809 0.1024, -0.4594 -0.6653 0.1024, -0.475 -0.6449 0.1024, 0.4152 0.6112 0.1024, 0.439 0.6014 0.1024, 0.4594 0.5857 0.1024, 0.475 0.5654 0.1024, 0.4848 0.5416 0.1024, 0.4882 0.5161 0.1024, 0.4882 -0.5957 0.1024, -0.4848 0.5416 0.1024, -0.475 0.5654 0.1024, -0.4594 0.5857 0.1024, -0.439 0.6014 0.1024, -0.4152 0.6112 0.1024, -0.3898 0.6146 0.1024, 0.3898 0.6146 0.1024, 0.439 -0.6809 0.1024, 0.4152 -0.6907 0.1024, 0.3898 -0.6941 0.1024, -0.4848 -0.6211 0.1024, -0.4882 -0.5957 0.1024, -0.4882 0.5161 0.1024, -0.2892 -0.6941 0.1024, -0.3898 -0.6941 0.1024, -0.4152 -0.6907 0.1024, 0.136 -0.6941 0.1024, 0.1243 -0.6941 0.1024, 0.11 -0.6941 0.1024, 0.0896 -0.6941 0.1024, 0.0809 -0.6941 0.1024, 0.064 -0.6941 0.1024, 0.0326 -0.6941 0.1024, 0.0304 -0.6941 0.1024, -0.0053 -0.6941 0.1024
            ]
        }
        coordIndex [
            0,1,2,-1,3,4,5,-1,5,6,3,-1,3,6,7,-1,3,7,8,-1,8,7,9,-1,8,9,10,-1,10,9,11,-1,4,12,13,-1,14,5,15,-1,15,5,16,-1,13,17,4,-1,4,17,18,-1,4,18,19,-1,19,20,4,-1,4,20,21,-1,4,21,22,-1,22,23,4,-1,4,23,24,-1,4,24,5,-1,5,24,25,-1,5,25,16,-1,14,26,5,-1,5,26,27,-1,5,27,9,-1,9,27,28,-1,9,28,11,-1,29,30,31,-1,31,30,32,-1,33,34,12,-1,12,34,35,-1,12,35,13,-1,36,37,31,-1,38,39,29,-1,36,31,40,-1,10,41,8,-1,8,41,42,-1,8,42,43,-1,43,42,44,-1,43,44,45,-1,44,46,45,-1,45,46,47,-1,45,47,31,-1,31,47,48,-1,31,48,40,-1,37,49,31,-1,31,49,50,-1,31,50,29,-1,29,50,51,-1,29,51,38,-1,39,52,29,-1,29,52,53,-1,29,53,54,-1,54,55,29,-1,29,55,56,-1,29,56,12,-1,12,56,57,-1,12,57,33,-1,1,0,8,-1,8,0,58,-1,8,58,3,-1,3,58,59,-1,3,59,2,-1,2,59,60,-1,2,60,0,-1,30,61,62,-1,61,30,63,-1,63,30,64,-1,63,64,65,-1,65,64,1,-1,65,1,62,-1,62,1,8,-1,62,8,30,-1,30,8,43,-1,30,43,32,-1,2,66,3,-1,3,66,67,-1,3,67,4,-1,64,68,1,-1,1,68,66,-1,1,66,2,-1,29,69,30,-1,30,69,68,-1,30,68,64,-1,4,67,12,-1,12,67,69,-1,12,69,29,-1,70,71,67,-1,67,71,72,-1,73,74,69,-1,69,74,75,-1,76,77,66,-1,66,77,78,-1,66,78,79,-1,79,80,66,-1,66,80,81,-1,66,81,67,-1,67,81,82,-1,67,82,70,-1,83,84,68,-1,68,84,85,-1,68,85,86,-1,86,87,68,-1,68,87,88,-1,68,88,66,-1,66,88,89,-1,66,89,76,-1,72,90,67,-1,67,90,91,-1,67,91,92,-1,75,93,69,-1,69,93,94,-1,69,94,68,-1,68,94,95,-1,68,95,83,-1,96,97,69,-1,69,97,98,-1,69,98,73,-1,92,99,67,-1,67,99,100,-1,67,100,69,-1,69,100,101,-1,69,101,102,-1,102,103,69,-1,69,103,104,-1,69,104,105,-1,105,106,69,-1,69,106,107,-1,69,107,96,-1,
        ]
    }
}
Shape{
    appearance Appearance {
        material  Material 	{
            diffuseColor 0.7529411764705882 0.7529411764705882 0.7529411764705882
            specularColor 0.3764705882352941 0.3764705882352941 0.3764705882352941
            ambientIntensity 0.7529
            transparency 0.0
            shininess 0.5
        }
    }
    geometry IndexedFaceSet {
        ccw TRUE
        solid FALSE
        coord DEF co Coordinate {
            point [
                0.4882 -0.5957 0.1024, 0.4882 0.5161 0.1024, 0.4882 -0.5957 0.2795, 0.4882 0.5161 0.2795, -0.3898 0.6146 0.2795, 0.3898 0.6146 0.2795, -0.3898 0.6146 0.1024, 0.3898 0.6146 0.1024, -0.4882 -0.5957 0.2795, -0.4882 0.5161 0.2795, -0.4882 -0.5957 0.1024, -0.4882 0.5161 0.1024, -0.2152 0.3902 0.3898, 0.378 0.5043 0.3898, -0.2204 0.4026 0.3898, -0.2285 0.4133 0.3898, -0.2135 0.3768 0.3898, -0.2152 0.3635 0.3898, 0.378 -0.5839 0.3898, -0.378 -0.5839 0.3898, -0.2204 0.3511 0.3898, -0.2285 0.3404 0.3898, -0.2392 0.3322 0.3898, -0.2516 0.327 0.3898, -0.265 0.3253 0.3898, -0.378 0.5043 0.3898, -0.3148 0.3902 0.3898, -0.3096 0.4026 0.3898, -0.3014 0.4133 0.3898, -0.2907 0.4214 0.3898, -0.2783 0.4266 0.3898, -0.265 0.4283 0.3898, -0.2516 0.4266 0.3898, -0.2392 0.4214 0.3898, -0.2783 0.327 0.3898, -0.2907 0.3322 0.3898, -0.3014 0.3404 0.3898, -0.3096 0.3511 0.3898, -0.3148 0.3635 0.3898, -0.3165 0.3768 0.3898, 0.3897 0.6136 0.2939, -0.3897 0.6136 0.2939, 0.3894 0.6108 0.3081, -0.3894 0.6108 0.3081, -0.3889 0.6062 0.3217, 0.3889 0.6062 0.3217, -0.3882 0.5998 0.3346, 0.3882 0.5998 0.3346, 0.3873 0.5918 0.3466, -0.3873 0.5918 0.3466, 0.3863 0.5823 0.3575, -0.3863 0.5823 0.3575, -0.3839 0.5595 0.375, 0.3839 0.5595 0.375, -0.381 0.5329 0.386, 0.381 0.5329 0.386, -0.4863 -0.5955 0.3, -0.4863 0.5159 0.3, -0.4839 -0.5952 0.3079, -0.4839 0.5157 0.3079, -0.48 -0.5948 0.3212, -0.48 0.5153 0.3212, -0.4729 -0.594 0.3344, -0.4729 0.5145 0.3344, -0.4688 -0.5936 0.3419, -0.4688 0.5141 0.3419, -0.4555 -0.5922 0.3572, -0.4555 0.5126 0.3572, -0.452 -0.5918 0.3612, -0.452 0.5123 0.3612, -0.4328 -0.5897 0.3746, -0.4328 0.5102 0.3746, -0.4064 0.5074 0.3857, -0.4143 0.5082 0.3836, -0.4143 -0.5878 0.3836, -0.4287 -0.5893 0.3774, -0.4287 0.5098 0.3774, -0.4064 -0.5869 0.3857, -0.3982 -0.586 0.3879, -0.3982 0.5065 0.3879, 0.4065 -0.5869 0.386, 0.4065 0.5074 0.386, 0.4331 -0.5898 0.375, 0.4331 0.5102 0.375, 0.4559 -0.5922 0.3575, 0.4559 0.5127 0.3575, 0.4654 0.5137 0.3466, 0.4654 -0.5932 0.3466, 0.4734 0.5146 0.3346, 0.4734 -0.5941 0.3346, 0.4798 0.5152 0.3217, 0.4798 -0.5948 0.3217, 0.4844 0.5157 0.3081, 0.4844 -0.5953 0.3081, 0.4872 -0.5956 0.2939, 0.4872 0.516 0.2939, -0.3834 -0.6346 0.3774, -0.3838 -0.6387 0.3746, 0.3818 -0.6202 0.3836, -0.0053 -0.6941 0.2795, -0.3893 -0.6898 0.3079, -0.2892 -0.6941 0.2795, -0.3896 -0.6922 0.3, -0.3898 -0.6941 0.2795, 0.0304 -0.6941 0.2795, 0.3893 -0.6898 0.3079, 0.0326 -0.6941 0.2795, 0.3896 -0.6922 0.3, 0.064 -0.6941 0.2795, 0.0809 -0.6941 0.2795, 0.0896 -0.6941 0.2795, 0.11 -0.6941 0.2795, 0.1243 -0.6941 0.2795, 0.136 -0.6941 0.2795, 0.3898 -0.6941 0.2795, 0.3889 -0.6859 0.3212, -0.3889 -0.6859 0.3212, 0.3881 -0.6788 0.3344, -0.3881 -0.6788 0.3344, 0.3877 -0.6747 0.3419, -0.3877 -0.6747 0.3419, 0.3863 -0.6614 0.3572, -0.3863 -0.6614 0.3572, 0.3859 -0.6579 0.3612, -0.3859 -0.6579 0.3612, 0.3838 -0.6387 0.3746, 0.3834 -0.6346 0.3774, 0.3801 -0.6041 0.3879, -0.3801 -0.6041 0.3879, 0.381 -0.6123 0.3857, -0.381 -0.6123 0.3857, -0.3818 -0.6202 0.3836, 0.3898 -0.6941 0.2468, 0.4152 -0.6907 0.2795, 0.3898 -0.6941 0.2091, 0.3898 -0.6941 0.1982, 0.3898 -0.6941 0.1503, 0.4152 -0.6907 0.1024, 0.3898 -0.6941 0.1356, 0.3898 -0.6941 0.1024, 0.439 -0.6809 0.1024, 0.439 -0.6809 0.2795, 0.4594 -0.6653 0.1024, 0.4594 -0.6653 0.2795, 0.475 -0.6449 0.1024, 0.475 -0.6449 0.2795, 0.4848 -0.6211 0.1024, 0.4848 -0.6211 0.2795, 0.4839 -0.5952 0.3079, 0.48 -0.5948 0.3212, 0.4743 -0.6165 0.3277, 0.4141 -0.6882 0.3039, 0.4729 -0.594 0.3344, 0.4688 -0.5936 0.3419, 0.4615 -0.6112 0.3489, 0.4106 -0.6802 0.3277, 0.4555 -0.5922 0.3572, 0.452 -0.5918 0.3612, 0.444 -0.6048 0.3667, 0.4053 -0.6674 0.3489, 0.4328 -0.5897 0.3746, 0.4287 -0.5893 0.3774, 0.4221 -0.5974 0.3802, 0.3923 -0.5921 0.3886, 0.3952 -0.5891 0.3883, 0.3892 -0.5951 0.3887, 0.4064 -0.5869 0.3857, 0.3982 -0.586 0.3879, 0.3862 -0.5982 0.3886, 0.3832 -0.6011 0.3883, 0.3875 -0.6151 0.3851, 0.4143 -0.5878 0.3836, 0.4092 -0.5934 0.3851, 0.404 -0.5989 0.3859, 0.3985 -0.6044 0.3862, 0.393 -0.6099 0.3859, 0.4149 -0.6054 0.3818, 0.4074 -0.6133 0.3824, 0.3995 -0.6208 0.3818, 0.3915 -0.628 0.3802, 0.3989 -0.6499 0.3667, 0.4344 -0.6174 0.37, 0.4235 -0.6294 0.3711, 0.4115 -0.6403 0.37, 0.4509 -0.6281 0.3533, 0.4376 -0.6435 0.3548, 0.4222 -0.6568 0.3533, 0.4639 -0.637 0.3318, 0.4492 -0.6551 0.3332, 0.4311 -0.6698 0.3318, 0.4863 -0.5955 0.3, 0.4823 -0.62 0.3039, 0.4722 -0.6429 0.3064, 0.4568 -0.6627 0.3072, 0.437 -0.6781 0.3064, -0.3898 -0.6941 0.2468, -0.4152 -0.6907 0.2795, -0.4848 -0.6211 0.1024, -0.4848 -0.6211 0.2795, -0.475 -0.6449 0.1024, -0.475 -0.6449 0.2795, -0.4594 -0.6653 0.1024, -0.4594 -0.6653 0.2795, -0.439 -0.6809 0.1024, -0.439 -0.6809 0.2795, -0.4152 -0.6907 0.1024, -0.3898 -0.6941 0.1024, -0.3898 -0.6941 0.1356, -0.3898 -0.6941 0.1503, -0.3898 -0.6941 0.1982, -0.3898 -0.6941 0.2091, -0.4106 -0.6802 0.3277, -0.4823 -0.62 0.3039, -0.4053 -0.6674 0.3489, -0.4743 -0.6165 0.3277, -0.3989 -0.6499 0.3667, -0.4615 -0.6112 0.3489, -0.3915 -0.628 0.3802, -0.3862 -0.5982 0.3886, -0.3832 -0.6011 0.3883, -0.3892 -0.5951 0.3887, -0.3923 -0.5921 0.3886, -0.3952 -0.5891 0.3883, -0.4092 -0.5934 0.3851, -0.3875 -0.6151 0.3851, -0.393 -0.6099 0.3859, -0.3985 -0.6044 0.3862, -0.404 -0.5989 0.3859, -0.3995 -0.6208 0.3818, -0.4074 -0.6133 0.3824, -0.4149 -0.6054 0.3818, -0.4221 -0.5974 0.3802, -0.444 -0.6048 0.3667, -0.4115 -0.6403 0.37, -0.4235 -0.6294 0.3711, -0.4344 -0.6174 0.37, -0.4222 -0.6568 0.3533, -0.4376 -0.6435 0.3548, -0.4509 -0.6281 0.3533, -0.4311 -0.6698 0.3318, -0.4492 -0.6551 0.3332, -0.4639 -0.637 0.3318, -0.4141 -0.6882 0.3039, -0.437 -0.6781 0.3064, -0.4568 -0.6627 0.3072, -0.4722 -0.6429 0.3064, -0.4152 0.6112 0.1024, -0.4152 0.6112 0.2795, -0.439 0.6014 0.1024, -0.439 0.6014 0.2795, -0.4594 0.5857 0.1024, -0.4594 0.5857 0.2795, -0.475 0.5654 0.1024, -0.475 0.5654 0.2795, -0.4848 0.5416 0.1024, -0.4848 0.5416 0.2795, -0.4743 0.537 0.3277, -0.3893 0.6103 0.3079, -0.3896 0.6126 0.3, -0.4141 0.6086 0.3039, -0.4615 0.5317 0.3489, -0.3881 0.5993 0.3344, -0.3889 0.6064 0.3212, -0.4106 0.6007 0.3277, -0.444 0.5253 0.3667, -0.3863 0.5819 0.3572, -0.3877 0.5952 0.3419, -0.4053 0.5878 0.3489, -0.4221 0.5179 0.3802, -0.3923 0.5126 0.3886, -0.3952 0.5096 0.3883, -0.3892 0.5156 0.3887, -0.3862 0.5186 0.3886, -0.3832 0.5216 0.3883, -0.3801 0.5246 0.3879, -0.381 0.5328 0.3857, -0.3875 0.5356 0.3851, -0.4092 0.5138 0.3851, -0.404 0.5194 0.3859, -0.3985 0.5249 0.3862, -0.393 0.5303 0.3859, -0.4149 0.5259 0.3818, -0.4074 0.5338 0.3824, -0.3995 0.5413 0.3818, -0.3915 0.5484 0.3802, -0.3834 0.5551 0.3774, -0.3838 0.5592 0.3746, -0.3989 0.5704 0.3667, -0.4344 0.5379 0.37, -0.4235 0.5498 0.3711, -0.4115 0.5608 0.37, -0.3818 0.5407 0.3836, -0.3859 0.5784 0.3612, -0.4509 0.5486 0.3533, -0.4376 0.564 0.3548, -0.4222 0.5773 0.3533, -0.4639 0.5574 0.3318, -0.4492 0.5755 0.3332, -0.4311 0.5902 0.3318, -0.4823 0.5404 0.3039, -0.4722 0.5633 0.3064, -0.4568 0.5832 0.3072, -0.437 0.5986 0.3064, 0.4848 0.5416 0.1024, 0.4848 0.5416 0.2795, 0.475 0.5654 0.1024, 0.475 0.5654 0.2795, 0.4594 0.5857 0.1024, 0.4594 0.5857 0.2795, 0.439 0.6014 0.1024, 0.439 0.6014 0.2795, 0.4152 0.6112 0.1024, 0.4152 0.6112 0.2795, 0.3893 0.6103 0.3079, 0.3889 0.6064 0.3212, 0.4106 0.6007 0.3277, 0.4839 0.5157 0.3079, 0.4863 0.5159 0.3, 0.4823 0.5404 0.3039, 0.3881 0.5993 0.3344, 0.3877 0.5952 0.3419, 0.4053 0.5878 0.3489, 0.4729 0.5145 0.3344, 0.48 0.5153 0.3212, 0.4743 0.537 0.3277, 0.3863 0.5819 0.3572, 0.3859 0.5784 0.3612, 0.3989 0.5704 0.3667, 0.4555 0.5126 0.3572, 0.4688 0.5141 0.3419, 0.4615 0.5317 0.3489, 0.3838 0.5592 0.3746, 0.3834 0.5551 0.3774, 0.3915 0.5484 0.3802, 0.3862 0.5186 0.3886, 0.3832 0.5216 0.3883, 0.3892 0.5156 0.3887, 0.381 0.5328 0.3857, 0.3801 0.5246 0.3879, 0.3923 0.5126 0.3886, 0.3952 0.5096 0.3883, 0.3982 0.5065 0.3879, 0.4064 0.5074 0.3857, 0.4092 0.5138 0.3851, 0.3818 0.5407 0.3836, 0.3875 0.5356 0.3851, 0.393 0.5303 0.3859, 0.3985 0.5249 0.3862, 0.404 0.5194 0.3859, 0.3995 0.5413 0.3818, 0.4074 0.5338 0.3824, 0.4149 0.5259 0.3818, 0.4221 0.5179 0.3802, 0.4287 0.5098 0.3774, 0.4328 0.5102 0.3746, 0.444 0.5253 0.3667, 0.4115 0.5608 0.37, 0.4235 0.5498 0.3711, 0.4344 0.5379 0.37, 0.4143 0.5082 0.3836, 0.452 0.5123 0.3612, 0.4222 0.5773 0.3533, 0.4376 0.564 0.3548, 0.4509 0.5486 0.3533, 0.4311 0.5902 0.3318, 0.4492 0.5755 0.3332, 0.4639 0.5574 0.3318, 0.3896 0.6126 0.3, 0.4141 0.6086 0.3039, 0.437 0.5986 0.3064, 0.4568 0.5832 0.3072, 0.4722 0.5633 0.3064
            ]
        }
        coordIndex [
            0,1,2,-1,2,1,3,-1,4,5,6,-1,6,5,7,-1,8,9,10,-1,10,9,11,-1,12,13,14,-1,14,13,15,-1,12,16,13,-1,13,16,17,-1,13,17,18,-1,18,17,19,-1,19,17,20,-1,19,20,21,-1,21,22,19,-1,19,22,23,-1,19,23,24,-1,25,26,27,-1,27,28,25,-1,25,28,29,-1,25,29,30,-1,30,31,25,-1,25,31,32,-1,25,32,13,-1,13,32,33,-1,13,33,15,-1,24,34,19,-1,19,34,35,-1,19,35,36,-1,36,37,19,-1,19,37,38,-1,19,38,25,-1,25,38,39,-1,25,39,26,-1,5,4,40,-1,40,4,41,-1,40,41,42,-1,41,43,42,-1,42,43,44,-1,42,44,45,-1,45,44,46,-1,45,46,47,-1,47,46,48,-1,48,46,49,-1,48,49,50,-1,49,51,50,-1,50,51,52,-1,50,52,53,-1,53,52,54,-1,53,54,55,-1,55,54,25,-1,55,25,13,-1,9,8,56,-1,9,56,57,-1,57,56,58,-1,57,58,59,-1,59,58,60,-1,59,60,61,-1,61,60,62,-1,61,62,63,-1,63,62,64,-1,63,64,65,-1,65,64,66,-1,65,66,67,-1,67,66,68,-1,67,68,69,-1,69,68,70,-1,69,70,71,-1,72,73,74,-1,70,75,71,-1,71,75,74,-1,71,74,76,-1,76,74,73,-1,74,77,72,-1,72,77,78,-1,72,78,79,-1,79,78,19,-1,79,19,25,-1,13,18,80,-1,13,80,81,-1,81,80,82,-1,81,82,83,-1,83,82,84,-1,83,84,85,-1,85,84,86,-1,86,84,87,-1,86,87,88,-1,88,87,89,-1,88,89,90,-1,90,89,91,-1,90,91,92,-1,91,93,92,-1,92,93,94,-1,92,94,95,-1,95,94,2,-1,95,2,3,-1,96,97,98,-1,99,100,101,-1,101,100,102,-1,101,102,103,-1,99,104,105,-1,105,104,106,-1,105,106,107,-1,107,106,108,-1,108,109,107,-1,107,109,110,-1,107,110,111,-1,111,112,107,-1,107,112,113,-1,107,113,114,-1,99,105,100,-1,100,105,115,-1,100,115,116,-1,116,115,117,-1,116,117,118,-1,118,117,119,-1,118,119,120,-1,120,119,121,-1,120,121,122,-1,122,121,123,-1,122,123,124,-1,124,123,125,-1,124,125,97,-1,97,125,126,-1,97,126,98,-1,18,19,127,-1,127,19,128,-1,127,128,129,-1,129,128,130,-1,129,130,98,-1,98,130,131,-1,98,131,96,-1,114,132,133,-1,133,132,134,-1,133,134,135,-1,135,136,137,-1,137,136,138,-1,137,138,139,-1,135,137,133,-1,133,137,140,-1,133,140,141,-1,141,140,142,-1,141,142,143,-1,143,142,144,-1,143,144,145,-1,145,144,146,-1,145,146,147,-1,147,146,0,-1,147,0,2,-1,148,149,150,-1,105,107,151,-1,152,153,154,-1,117,115,155,-1,156,157,158,-1,121,119,159,-1,160,161,162,-1,163,164,18,-1,163,18,165,-1,166,167,164,-1,164,167,18,-1,168,165,18,-1,169,168,18,-1,127,129,170,-1,171,166,172,-1,172,166,164,-1,172,164,173,-1,173,164,163,-1,173,163,174,-1,174,163,165,-1,174,165,175,-1,175,165,168,-1,175,168,170,-1,170,168,169,-1,170,169,127,-1,127,169,18,-1,161,171,162,-1,162,171,172,-1,162,172,176,-1,176,172,173,-1,176,173,177,-1,177,173,174,-1,177,174,178,-1,178,174,175,-1,178,175,179,-1,179,175,170,-1,126,125,180,-1,157,160,158,-1,158,160,162,-1,158,162,181,-1,181,162,176,-1,181,176,182,-1,182,176,177,-1,182,177,183,-1,183,177,178,-1,183,178,180,-1,180,178,179,-1,180,179,126,-1,126,179,170,-1,126,170,98,-1,98,170,129,-1,121,159,123,-1,153,156,154,-1,154,156,158,-1,154,158,184,-1,184,158,181,-1,184,181,185,-1,185,181,182,-1,185,182,186,-1,186,182,183,-1,186,183,159,-1,159,183,180,-1,159,180,123,-1,123,180,125,-1,149,152,150,-1,150,152,154,-1,150,154,187,-1,187,154,184,-1,187,184,188,-1,188,184,185,-1,188,185,189,-1,189,185,186,-1,189,186,155,-1,155,186,159,-1,155,159,117,-1,117,159,119,-1,190,148,191,-1,191,148,150,-1,191,150,192,-1,192,150,187,-1,192,187,193,-1,193,187,188,-1,193,188,194,-1,194,188,189,-1,194,189,151,-1,151,189,155,-1,151,155,105,-1,105,155,115,-1,2,190,147,-1,147,190,191,-1,147,191,145,-1,145,191,192,-1,145,192,143,-1,143,192,193,-1,143,193,141,-1,141,193,194,-1,141,194,133,-1,133,194,151,-1,133,151,114,-1,114,151,107,-1,195,103,196,-1,8,10,197,-1,8,197,198,-1,198,197,199,-1,198,199,200,-1,200,199,201,-1,200,201,202,-1,202,201,203,-1,202,203,204,-1,204,203,205,-1,204,205,196,-1,205,206,207,-1,207,208,205,-1,205,208,209,-1,205,209,196,-1,196,209,210,-1,196,210,195,-1,100,116,211,-1,58,56,212,-1,118,120,213,-1,62,60,214,-1,122,124,215,-1,66,64,216,-1,97,96,217,-1,218,219,19,-1,218,19,220,-1,130,128,219,-1,219,128,19,-1,221,220,19,-1,222,221,19,-1,78,77,223,-1,131,130,224,-1,224,130,219,-1,224,219,225,-1,225,219,218,-1,225,218,226,-1,226,218,220,-1,226,220,227,-1,227,220,221,-1,227,221,223,-1,223,221,222,-1,223,222,78,-1,78,222,19,-1,96,131,217,-1,217,131,224,-1,217,224,228,-1,228,224,225,-1,228,225,229,-1,229,225,226,-1,229,226,230,-1,230,226,227,-1,230,227,231,-1,231,227,223,-1,75,70,232,-1,124,97,215,-1,215,97,217,-1,215,217,233,-1,233,217,228,-1,233,228,234,-1,234,228,229,-1,234,229,235,-1,235,229,230,-1,235,230,232,-1,232,230,231,-1,232,231,75,-1,75,231,223,-1,75,223,74,-1,74,223,77,-1,66,216,68,-1,120,122,213,-1,213,122,215,-1,213,215,236,-1,236,215,233,-1,236,233,237,-1,237,233,234,-1,237,234,238,-1,238,234,235,-1,238,235,216,-1,216,235,232,-1,216,232,68,-1,68,232,70,-1,116,118,211,-1,211,118,213,-1,211,213,239,-1,239,213,236,-1,239,236,240,-1,240,236,237,-1,240,237,241,-1,241,237,238,-1,241,238,214,-1,214,238,216,-1,214,216,62,-1,62,216,64,-1,102,100,242,-1,242,100,211,-1,242,211,243,-1,243,211,239,-1,243,239,244,-1,244,239,240,-1,244,240,245,-1,245,240,241,-1,245,241,212,-1,212,241,214,-1,212,214,58,-1,58,214,60,-1,103,102,196,-1,196,102,242,-1,196,242,204,-1,204,242,243,-1,204,243,202,-1,202,243,244,-1,202,244,200,-1,200,244,245,-1,200,245,198,-1,198,245,212,-1,198,212,8,-1,8,212,56,-1,4,6,246,-1,4,246,247,-1,247,246,248,-1,247,248,249,-1,249,248,250,-1,249,250,251,-1,251,250,252,-1,251,252,253,-1,253,252,254,-1,253,254,255,-1,255,254,11,-1,255,11,9,-1,59,61,256,-1,257,258,259,-1,63,65,260,-1,261,262,263,-1,67,69,264,-1,265,266,267,-1,71,76,268,-1,269,270,25,-1,269,25,271,-1,72,79,270,-1,270,79,25,-1,272,271,25,-1,273,272,25,-1,274,275,276,-1,73,72,277,-1,277,72,270,-1,277,270,278,-1,278,270,269,-1,278,269,279,-1,279,269,271,-1,279,271,280,-1,280,271,272,-1,280,272,276,-1,276,272,273,-1,276,273,274,-1,274,273,25,-1,76,73,268,-1,268,73,277,-1,268,277,281,-1,281,277,278,-1,281,278,282,-1,282,278,279,-1,282,279,283,-1,283,279,280,-1,283,280,284,-1,284,280,276,-1,285,286,287,-1,69,71,264,-1,264,71,268,-1,264,268,288,-1,288,268,281,-1,288,281,289,-1,289,281,282,-1,289,282,290,-1,290,282,283,-1,290,283,287,-1,287,283,284,-1,287,284,285,-1,285,284,276,-1,285,276,291,-1,291,276,275,-1,265,267,292,-1,65,67,260,-1,260,67,264,-1,260,264,293,-1,293,264,288,-1,293,288,294,-1,294,288,289,-1,294,289,295,-1,295,289,290,-1,295,290,267,-1,267,290,287,-1,267,287,292,-1,292,287,286,-1,61,63,256,-1,256,63,260,-1,256,260,296,-1,296,260,293,-1,296,293,297,-1,297,293,294,-1,297,294,298,-1,298,294,295,-1,298,295,263,-1,263,295,267,-1,263,267,261,-1,261,267,266,-1,57,59,299,-1,299,59,256,-1,299,256,300,-1,300,256,296,-1,300,296,301,-1,301,296,297,-1,301,297,302,-1,302,297,298,-1,302,298,259,-1,259,298,263,-1,259,263,257,-1,257,263,262,-1,9,57,255,-1,255,57,299,-1,255,299,253,-1,253,299,300,-1,253,300,251,-1,251,300,301,-1,251,301,249,-1,249,301,302,-1,249,302,247,-1,247,302,259,-1,247,259,4,-1,4,259,258,-1,3,1,303,-1,3,303,304,-1,304,303,305,-1,304,305,306,-1,306,305,307,-1,306,307,308,-1,308,307,309,-1,308,309,310,-1,310,309,311,-1,310,311,312,-1,312,311,7,-1,312,7,5,-1,313,314,315,-1,316,317,318,-1,319,320,321,-1,322,323,324,-1,325,326,327,-1,328,329,330,-1,331,332,333,-1,334,335,13,-1,334,13,336,-1,337,338,335,-1,335,338,13,-1,339,336,13,-1,340,339,13,-1,341,342,343,-1,344,337,345,-1,345,337,335,-1,345,335,346,-1,346,335,334,-1,346,334,347,-1,347,334,336,-1,347,336,348,-1,348,336,339,-1,348,339,343,-1,343,339,340,-1,343,340,341,-1,341,340,13,-1,332,344,333,-1,333,344,345,-1,333,345,349,-1,349,345,346,-1,349,346,350,-1,350,346,347,-1,350,347,351,-1,351,347,348,-1,351,348,352,-1,352,348,343,-1,353,354,355,-1,326,331,327,-1,327,331,333,-1,327,333,356,-1,356,333,349,-1,356,349,357,-1,357,349,350,-1,357,350,358,-1,358,350,351,-1,358,351,355,-1,355,351,352,-1,355,352,353,-1,353,352,343,-1,353,343,359,-1,359,343,342,-1,328,330,360,-1,320,325,321,-1,321,325,327,-1,321,327,361,-1,361,327,356,-1,361,356,362,-1,362,356,357,-1,362,357,363,-1,363,357,358,-1,363,358,330,-1,330,358,355,-1,330,355,360,-1,360,355,354,-1,314,319,315,-1,315,319,321,-1,315,321,364,-1,364,321,361,-1,364,361,365,-1,365,361,362,-1,365,362,366,-1,366,362,363,-1,366,363,324,-1,324,363,330,-1,324,330,322,-1,322,330,329,-1,367,313,368,-1,368,313,315,-1,368,315,369,-1,369,315,364,-1,369,364,370,-1,370,364,365,-1,370,365,371,-1,371,365,366,-1,371,366,318,-1,318,366,324,-1,318,324,316,-1,316,324,323,-1,5,367,312,-1,312,367,368,-1,312,368,310,-1,310,368,369,-1,310,369,308,-1,308,369,370,-1,308,370,306,-1,306,370,371,-1,306,371,304,-1,304,371,318,-1,304,318,3,-1,3,318,317,-1,
        ]
    }
}
Shape{
    appearance Appearance {
        material  Material 	{
            diffuseColor 1.0 1.0 0.0
            specularColor 0.5019607843137255 0.5019607843137255 0.0
            ambientIntensity 0.886
            transparency 0.0
            shininess 0.5
        }
    }
    geometry IndexedFaceSet {
        ccw TRUE
        solid FALSE
        coord DEF co Coordinate {
            point [
                0.187 0.6 0.0, 0.187 0.3945 0.0, 0.187 0.6 0.0039, 0.187 0.3945 0.0039, 0.4724 0.6 0.0, 0.4724 0.6 0.0039, 0.4724 0.3945 0.0, 0.4724 0.3945 0.0039, -0.187 0.6 0.0, -0.4724 0.6 0.0, -0.187 0.6 0.0039, -0.4724 0.6 0.0039, -0.187 0.3945 0.0, -0.187 0.3945 0.0039, -0.4724 0.3945 0.0, -0.4724 0.3945 0.0039, -0.187 0.2764 0.0, -0.4724 0.2764 0.0, -0.187 0.2764 0.0039, -0.4724 0.2764 0.0039, -0.187 0.0709 0.0, -0.187 0.0709 0.0039, -0.4724 0.0709 0.0, -0.4724 0.0709 0.0039, 0.187 0.2764 0.0, 0.187 0.0709 0.0, 0.187 0.2764 0.0039, 0.187 0.0709 0.0039, 0.4724 0.2764 0.0, 0.4724 0.2764 0.0039, 0.4724 0.0709 0.0, 0.4724 0.0709 0.0039, 0.1976 -0.3599 0.0, 0.3044 -0.4209 0.0, 0.1854 -0.3989 0.0, 0.2841 -0.4684 0.0, 0.1656 -0.4346 0.0, 0.2565 -0.512 0.0, 0.139 -0.4655 0.0, 0.2223 -0.5507 0.0, 0.1067 -0.4905 0.0, 0.1854 -0.2397 0.0, 0.3044 -0.2177 0.0, 0.1976 -0.2787 0.0, 0.3167 -0.2678 0.0, 0.2018 -0.3193 0.0, 0.3209 -0.3193 0.0, 0.3167 -0.3708 0.0, -0.0506 -0.5146 0.0, -0.1138 -0.6193 0.0, -0.0889 -0.5004 0.0, -0.1604 -0.5972 0.0, -0.1235 -0.4788 0.0, -0.2029 -0.5678 0.0, -0.1531 -0.4507 0.0, -0.2402 -0.5321 0.0, -0.1764 -0.4172 0.0, 0.1823 -0.5834 0.0, 0.1376 -0.6092 0.0, 0.0701 -0.5085 0.0, 0.0893 -0.6275 0.0, 0.0306 -0.5187 0.0, 0.0387 -0.6378 0.0, -0.0102 -0.5208 0.0, -0.0129 -0.6399 0.0, -0.0642 -0.6337 0.0, 0.0701 -0.1301 0.0, 0.1376 -0.0294 0.0, 0.1067 -0.1481 0.0, 0.1823 -0.0552 0.0, 0.139 -0.173 0.0, 0.2223 -0.0879 0.0, 0.1656 -0.204 0.0, 0.2565 -0.1265 0.0, 0.2841 -0.1702 0.0, -0.0889 -0.1381 0.0, -0.1138 -0.0193 0.0, -0.0506 -0.124 0.0, -0.0642 -0.0049 0.0, -0.0102 -0.1178 0.0, -0.0129 0.0013 0.0, 0.0306 -0.1198 0.0, 0.0387 -0.0008 0.0, 0.0893 -0.0111 0.0, -0.1925 -0.2589 0.0, -0.2952 -0.1935 0.0, -0.1764 -0.2214 0.0, -0.2712 -0.1478 0.0, -0.1531 -0.1879 0.0, -0.2402 -0.1065 0.0, -0.1235 -0.1597 0.0, -0.2029 -0.0707 0.0, -0.1604 -0.0414 0.0, -0.2712 -0.4908 0.0, -0.2952 -0.4451 0.0, -0.1925 -0.3797 0.0, -0.3115 -0.3961 0.0, -0.2007 -0.3397 0.0, -0.3198 -0.3451 0.0, -0.2018 -0.3193 0.0, -0.3209 -0.3193 0.0, -0.2007 -0.2989 0.0, -0.3198 -0.2935 0.0, -0.3115 -0.2425 0.0, -0.0642 -0.6337 0.0039, -0.1138 -0.6193 0.0039, -0.1604 -0.5972 0.0039, -0.2029 -0.5678 0.0039, -0.2402 -0.5321 0.0039, -0.2712 -0.4908 0.0039, -0.2952 -0.4451 0.0039, -0.3115 -0.3961 0.0039, -0.3198 -0.3451 0.0039, -0.3198 -0.2935 0.0039, -0.3115 -0.2425 0.0039, -0.2952 -0.1935 0.0039, -0.2712 -0.1478 0.0039, -0.2402 -0.1065 0.0039, -0.2029 -0.0707 0.0039, -0.1604 -0.0414 0.0039, -0.1138 -0.0193 0.0039, -0.0642 -0.0049 0.0039, -0.0129 0.0013 0.0039, 0.0 0.0008 0.0039, 0.0387 -0.0008 0.0039, 0.0893 -0.0111 0.0039, 0.1376 -0.0294 0.0039, 0.1823 -0.0552 0.0039, 0.2223 -0.0879 0.0039, 0.2565 -0.1265 0.0039, 0.2841 -0.1702 0.0039, 0.3044 -0.2177 0.0039, 0.3167 -0.2678 0.0039, 0.3209 -0.3193 0.0039, 0.3167 -0.3708 0.0039, 0.3044 -0.4209 0.0039, 0.2841 -0.4684 0.0039, 0.2565 -0.512 0.0039, 0.2223 -0.5507 0.0039, 0.1823 -0.5834 0.0039, 0.1376 -0.6092 0.0039, 0.0893 -0.6275 0.0039, 0.0387 -0.6378 0.0039, 0.0 -0.6394 0.0039, -0.0129 -0.6399 0.0039, 0.2018 -0.3193 0.0039, 0.1976 -0.2787 0.0039, 0.1854 -0.2397 0.0039, 0.1656 -0.204 0.0039, 0.139 -0.173 0.0039, 0.1067 -0.1481 0.0039, 0.0701 -0.1301 0.0039, 0.0306 -0.1198 0.0039, -0.0102 -0.1178 0.0039, -0.0506 -0.124 0.0039, -0.0889 -0.1381 0.0039, -0.1235 -0.1597 0.0039, -0.1531 -0.1879 0.0039, -0.1764 -0.2214 0.0039, -0.1925 -0.2589 0.0039, -0.2007 -0.2989 0.0039, -0.2018 -0.3193 0.0039, -0.2007 -0.3397 0.0039, -0.1925 -0.3797 0.0039, -0.1764 -0.4172 0.0039, -0.1531 -0.4507 0.0039, -0.1235 -0.4788 0.0039, -0.0889 -0.5004 0.0039, -0.0506 -0.5146 0.0039, -0.0102 -0.5208 0.0039, 0.0306 -0.5187 0.0039, 0.0701 -0.5085 0.0039, 0.1067 -0.4905 0.0039, 0.139 -0.4655 0.0039, 0.1656 -0.4346 0.0039, 0.1854 -0.3989 0.0039, 0.1976 -0.3599 0.0039
            ]
        }
        coordIndex [
            0,1,2,-1,2,1,3,-1,4,0,5,-1,5,0,2,-1,6,4,7,-1,7,4,5,-1,1,6,3,-1,3,6,7,-1,4,6,0,-1,0,6,1,-1,8,9,10,-1,10,9,11,-1,12,8,13,-1,13,8,10,-1,14,12,15,-1,15,12,13,-1,9,14,11,-1,11,14,15,-1,12,14,8,-1,8,14,9,-1,16,17,18,-1,18,17,19,-1,20,16,21,-1,21,16,18,-1,22,20,23,-1,23,20,21,-1,17,22,19,-1,19,22,23,-1,20,22,16,-1,16,22,17,-1,24,25,26,-1,26,25,27,-1,28,24,29,-1,29,24,26,-1,30,28,31,-1,31,28,29,-1,25,30,27,-1,27,30,31,-1,28,30,24,-1,24,30,25,-1,32,33,34,-1,34,33,35,-1,34,35,36,-1,36,35,37,-1,36,37,38,-1,38,37,39,-1,38,39,40,-1,41,42,43,-1,43,42,44,-1,43,44,45,-1,45,44,46,-1,45,46,32,-1,32,46,47,-1,32,47,33,-1,48,49,50,-1,50,49,51,-1,50,51,52,-1,52,51,53,-1,52,53,54,-1,54,53,55,-1,54,55,56,-1,39,57,40,-1,40,57,58,-1,40,58,59,-1,59,58,60,-1,59,60,61,-1,61,60,62,-1,61,62,63,-1,63,62,64,-1,63,64,48,-1,48,64,65,-1,48,65,49,-1,66,67,68,-1,68,67,69,-1,68,69,70,-1,70,69,71,-1,70,71,72,-1,72,71,73,-1,72,73,41,-1,41,73,74,-1,41,74,42,-1,75,76,77,-1,77,76,78,-1,77,78,79,-1,79,78,80,-1,79,80,81,-1,81,80,82,-1,81,82,66,-1,66,82,83,-1,66,83,67,-1,84,85,86,-1,86,85,87,-1,86,87,88,-1,88,87,89,-1,88,89,90,-1,90,89,91,-1,90,91,75,-1,75,91,92,-1,75,92,76,-1,55,93,56,-1,56,93,94,-1,56,94,95,-1,95,94,96,-1,95,96,97,-1,97,96,98,-1,97,98,99,-1,99,98,100,-1,99,100,101,-1,101,100,102,-1,101,102,84,-1,84,102,103,-1,84,103,85,-1,64,104,65,-1,65,104,105,-1,65,105,49,-1,49,105,106,-1,49,106,51,-1,51,106,107,-1,51,107,53,-1,53,107,108,-1,53,108,55,-1,55,108,109,-1,55,109,93,-1,93,109,110,-1,93,110,94,-1,94,110,111,-1,94,111,96,-1,96,111,112,-1,96,112,98,-1,98,112,100,-1,100,112,113,-1,100,113,102,-1,102,113,114,-1,102,114,103,-1,103,114,115,-1,103,115,85,-1,85,115,116,-1,85,116,87,-1,87,116,117,-1,87,117,89,-1,89,117,118,-1,89,118,91,-1,91,118,119,-1,91,119,92,-1,92,119,120,-1,92,120,76,-1,76,120,121,-1,76,121,78,-1,78,121,122,-1,78,122,80,-1,80,122,123,-1,80,123,82,-1,123,124,82,-1,82,124,125,-1,82,125,83,-1,83,125,126,-1,83,126,67,-1,67,126,127,-1,67,127,69,-1,69,127,128,-1,69,128,71,-1,71,128,129,-1,71,129,73,-1,73,129,130,-1,73,130,74,-1,74,130,131,-1,74,131,42,-1,42,131,132,-1,42,132,44,-1,44,132,133,-1,44,133,46,-1,46,133,134,-1,46,134,47,-1,47,134,135,-1,47,135,33,-1,33,135,136,-1,33,136,35,-1,35,136,137,-1,35,137,37,-1,37,137,138,-1,37,138,39,-1,39,138,139,-1,39,139,57,-1,57,139,140,-1,57,140,58,-1,58,140,141,-1,58,141,60,-1,60,141,142,-1,60,142,62,-1,62,142,143,-1,62,143,64,-1,64,143,144,-1,64,144,104,-1,45,145,43,-1,43,145,146,-1,43,146,41,-1,41,146,147,-1,41,147,72,-1,72,147,148,-1,72,148,70,-1,70,148,149,-1,70,149,68,-1,68,149,150,-1,68,150,66,-1,66,150,151,-1,66,151,81,-1,81,151,152,-1,81,152,79,-1,79,152,153,-1,79,153,77,-1,77,153,154,-1,77,154,75,-1,75,154,155,-1,75,155,90,-1,90,155,156,-1,90,156,88,-1,88,156,157,-1,88,157,86,-1,86,157,158,-1,86,158,84,-1,84,158,159,-1,84,159,101,-1,101,159,160,-1,101,160,99,-1,99,160,161,-1,99,161,97,-1,97,161,162,-1,97,162,95,-1,95,162,163,-1,95,163,56,-1,56,163,164,-1,56,164,54,-1,54,164,165,-1,54,165,52,-1,52,165,166,-1,52,166,50,-1,50,166,167,-1,50,167,48,-1,48,167,168,-1,48,168,63,-1,63,168,169,-1,63,169,61,-1,61,169,170,-1,61,170,59,-1,59,170,171,-1,59,171,40,-1,40,171,172,-1,40,172,38,-1,38,172,173,-1,38,173,36,-1,36,173,174,-1,36,174,34,-1,34,174,175,-1,34,175,32,-1,32,175,176,-1,32,176,45,-1,45,176,145,-1,
        ]
    }
}
Shape{
    appearance Appearance {
        material  Material 	{
            diffuseColor 0.0 0.5019607843137255 0.0
            specularColor 0.0 0.25098039215686274 0.0
            ambientIntensity 0.2947
            transparency 0.0
            shininess 0.5
        }
    }
    geometry IndexedFaceSet {
        ccw TRUE
        solid FALSE
        coord DEF co Coordinate {
            point [
                -0.2007 -0.3397 0.0039, -0.064 -0.3193 0.0039, -0.0618 -0.3358 0.0039, -0.2018 -0.3193 0.0039, -0.2007 -0.2989 0.0039, -0.0618 -0.3027 0.0039, -0.1925 -0.2589 0.0039, -0.0554 -0.2873 0.0039, -0.1764 -0.2214 0.0039, -0.0452 -0.274 0.0039, -0.032 -0.3747 0.0039, -0.1235 -0.4788 0.0039, -0.0452 -0.3645 0.0039, -0.1531 -0.4507 0.0039, -0.0554 -0.3513 0.0039, -0.1764 -0.4172 0.0039, -0.1925 -0.3797 0.0039, -0.1531 -0.1879 0.0039, -0.1235 -0.1597 0.0039, -0.032 -0.2639 0.0039, -0.0889 -0.1381 0.0039, -0.0166 -0.2575 0.0039, -0.0506 -0.124 0.0039, 0.0 -0.2553 0.0039, 0.0166 -0.3811 0.0039, 0.0306 -0.5187 0.0039, 0.0 -0.3833 0.0039, -0.0102 -0.5208 0.0039, -0.0166 -0.3811 0.0039, -0.0506 -0.5146 0.0039, -0.0889 -0.5004 0.0039, 0.0618 -0.3358 0.0039, 0.1854 -0.3989 0.0039, 0.0554 -0.3513 0.0039, 0.1656 -0.4346 0.0039, 0.0452 -0.3645 0.0039, 0.139 -0.4655 0.0039, 0.032 -0.3747 0.0039, 0.1067 -0.4905 0.0039, 0.0701 -0.5085 0.0039, 0.0554 -0.2873 0.0039, 0.1854 -0.2397 0.0039, 0.0618 -0.3027 0.0039, 0.1976 -0.2787 0.0039, 0.064 -0.3193 0.0039, 0.2018 -0.3193 0.0039, 0.1976 -0.3599 0.0039, -0.0102 -0.1178 0.0039, 0.0306 -0.1198 0.0039, 0.0166 -0.2575 0.0039, 0.0701 -0.1301 0.0039, 0.032 -0.2639 0.0039, 0.1067 -0.1481 0.0039, 0.0452 -0.274 0.0039, 0.139 -0.173 0.0039, 0.1656 -0.204 0.0039, -0.064 -0.3193 0.122, -0.0618 -0.3027 0.122, -0.0554 -0.2873 0.122, -0.0452 -0.274 0.122, -0.032 -0.2639 0.122, -0.0166 -0.2575 0.122, 0.0 -0.2553 0.122, 0.0166 -0.2575 0.122, 0.032 -0.2639 0.122, 0.0452 -0.274 0.122, 0.0554 -0.2873 0.122, 0.0618 -0.3027 0.122, 0.064 -0.3193 0.122, 0.0618 -0.3358 0.122, 0.0554 -0.3513 0.122, 0.0452 -0.3645 0.122, 0.032 -0.3747 0.122, 0.0166 -0.3811 0.122, 0.0 -0.3833 0.122, -0.0166 -0.3811 0.122, -0.032 -0.3747 0.122, -0.0452 -0.3645 0.122, -0.0554 -0.3513 0.122, -0.0618 -0.3358 0.122, 0.0 -0.3193 0.122
            ]
        }
        coordIndex [
            0,1,2,-1,0,3,1,-1,1,3,4,-1,1,4,5,-1,5,4,6,-1,5,6,7,-1,7,6,8,-1,7,8,9,-1,10,11,12,-1,12,11,13,-1,12,13,14,-1,14,13,15,-1,14,15,2,-1,2,15,16,-1,2,16,0,-1,8,17,9,-1,9,17,18,-1,9,18,19,-1,19,18,20,-1,19,20,21,-1,21,20,22,-1,21,22,23,-1,24,25,26,-1,26,25,27,-1,26,27,28,-1,28,27,29,-1,28,29,10,-1,10,29,30,-1,10,30,11,-1,31,32,33,-1,33,32,34,-1,33,34,35,-1,35,34,36,-1,35,36,37,-1,37,36,38,-1,37,38,24,-1,24,38,39,-1,24,39,25,-1,40,41,42,-1,42,41,43,-1,42,43,44,-1,44,43,45,-1,44,45,31,-1,31,45,46,-1,31,46,32,-1,22,47,23,-1,23,47,48,-1,23,48,49,-1,49,48,50,-1,49,50,51,-1,51,50,52,-1,51,52,53,-1,53,52,54,-1,53,54,40,-1,40,54,55,-1,40,55,41,-1,56,1,57,-1,57,1,5,-1,57,5,58,-1,58,5,7,-1,58,7,59,-1,59,7,9,-1,59,9,60,-1,60,9,19,-1,60,19,61,-1,61,19,21,-1,61,21,62,-1,62,21,23,-1,62,23,63,-1,63,23,49,-1,63,49,64,-1,64,49,51,-1,64,51,65,-1,65,51,53,-1,65,53,66,-1,66,53,40,-1,66,40,67,-1,67,40,42,-1,67,42,68,-1,68,42,44,-1,68,44,69,-1,69,44,31,-1,69,31,70,-1,70,31,33,-1,70,33,71,-1,71,33,35,-1,71,35,72,-1,72,35,37,-1,72,37,73,-1,73,37,24,-1,73,24,74,-1,74,24,26,-1,74,26,75,-1,75,26,28,-1,75,28,76,-1,76,28,10,-1,76,10,77,-1,77,10,12,-1,77,12,78,-1,78,12,14,-1,78,14,79,-1,79,14,2,-1,79,2,56,-1,56,2,1,-1,78,79,80,-1,80,79,56,-1,80,56,57,-1,75,76,80,-1,80,76,77,-1,80,77,78,-1,72,73,80,-1,80,73,74,-1,80,74,75,-1,69,70,80,-1,80,70,71,-1,80,71,72,-1,66,67,80,-1,80,67,68,-1,80,68,69,-1,63,64,80,-1,80,64,65,-1,80,65,66,-1,60,61,80,-1,80,61,62,-1,80,62,63,-1,57,58,80,-1,80,58,59,-1,80,59,60,-1,
        ]
    }
}
Shape{
    appearance Appearance {
        material  Material 	{
            diffuseColor 0.0 0.0 0.0
            specularColor 0.0 0.0 0.0
            ambientIntensity 0.0
            transparency 0.0
            shininess 0.5
        }
    }
    geometry IndexedFaceSet {
        ccw TRUE
        solid FALSE
        coord DEF co Coordinate {
            point [
                -0.2135 0.3768 0.3858, -0.2135 0.3768 0.3898, -0.2152 0.3902 0.3858, -0.2152 0.3902 0.3898, -0.2204 0.4026 0.3858, -0.2204 0.4026 0.3898, -0.2285 0.4133 0.3858, -0.2285 0.4133 0.3898, -0.2392 0.4214 0.3858, -0.2392 0.4214 0.3898, -0.2516 0.4266 0.3858, -0.2516 0.4266 0.3898, -0.265 0.4283 0.3858, -0.265 0.4283 0.3898, -0.2783 0.4266 0.3858, -0.2783 0.4266 0.3898, -0.2907 0.4214 0.3858, -0.2907 0.4214 0.3898, -0.3014 0.4133 0.3858, -0.3014 0.4133 0.3898, -0.3096 0.4026 0.3858, -0.3096 0.4026 0.3898, -0.3148 0.3902 0.3858, -0.3148 0.3902 0.3898, -0.3165 0.3768 0.3858, -0.3165 0.3768 0.3898, -0.3148 0.3635 0.3858, -0.3148 0.3635 0.3898, -0.3096 0.3511 0.3858, -0.3096 0.3511 0.3898, -0.3014 0.3404 0.3858, -0.3014 0.3404 0.3898, -0.2907 0.3322 0.3858, -0.2907 0.3322 0.3898, -0.2783 0.327 0.3858, -0.2783 0.327 0.3898, -0.265 0.3253 0.3858, -0.265 0.3253 0.3898, -0.2516 0.327 0.3858, -0.2516 0.327 0.3898, -0.2392 0.3322 0.3858, -0.2392 0.3322 0.3898, -0.2285 0.3404 0.3858, -0.2285 0.3404 0.3898, -0.2204 0.3511 0.3858, -0.2204 0.3511 0.3898, -0.2152 0.3635 0.3858, -0.2152 0.3635 0.3898, -0.265 0.3768 0.3858, 0.0294 -0.698 0.2137, 0.0294 -0.698 0.2094, 0.0294 -0.6941 0.2137, 0.0294 -0.6941 0.2094, 0.0147 -0.698 0.2137, 0.0147 -0.6941 0.2137, 0.0147 -0.698 0.2465, 0.0147 -0.6941 0.2465, 0.0099 -0.698 0.2465, 0.0099 -0.6941 0.2465, 0.0099 -0.698 0.2094, 0.0099 -0.6941 0.2094, 0.0484 -0.698 0.2088, 0.0484 -0.6941 0.2088, 0.0541 -0.698 0.2093, 0.0517 -0.6941 0.2091, 0.0541 -0.6941 0.2093, 0.0581 -0.6941 0.2106, 0.0581 -0.698 0.2106, 0.0587 -0.6941 0.211, 0.0587 -0.698 0.211, 0.0587 -0.698 0.2155, 0.0587 -0.6941 0.2155, 0.0551 -0.6941 0.2139, 0.0551 -0.698 0.2139, 0.0509 -0.6941 0.2131, 0.0509 -0.698 0.2131, 0.0491 -0.6941 0.2131, 0.0491 -0.698 0.2131, 0.0454 -0.6941 0.2135, 0.0454 -0.698 0.2135, 0.0427 -0.6941 0.2145, 0.0427 -0.698 0.2145, 0.0403 -0.6941 0.2162, 0.0403 -0.698 0.2162, 0.0396 -0.6941 0.217, 0.0396 -0.698 0.217, 0.0378 -0.6941 0.2195, 0.0378 -0.698 0.2195, 0.0366 -0.6941 0.2225, 0.0366 -0.698 0.2225, 0.036 -0.6941 0.2262, 0.036 -0.698 0.2262, 0.036 -0.6941 0.2275, 0.036 -0.698 0.2275, 0.0366 -0.6941 0.2327, 0.0366 -0.698 0.2327, 0.0378 -0.6941 0.2359, 0.0378 -0.698 0.2359, 0.0399 -0.6941 0.2387, 0.0399 -0.698 0.2387, 0.0424 -0.6941 0.2408, 0.0424 -0.698 0.2408, 0.0453 -0.6941 0.2421, 0.0453 -0.698 0.2421, 0.0485 -0.6941 0.2427, 0.0485 -0.698 0.2427, 0.05 -0.6941 0.2428, 0.05 -0.698 0.2428, 0.0545 -0.6941 0.2423, 0.0545 -0.698 0.2423, 0.0583 -0.6941 0.2408, 0.0583 -0.698 0.2408, 0.0587 -0.6941 0.2406, 0.0587 -0.698 0.2406, 0.0587 -0.698 0.2456, 0.0587 -0.6941 0.2456, 0.0499 -0.6941 0.2471, 0.0499 -0.698 0.2471, 0.05 -0.698 0.2471, 0.0548 -0.6941 0.2467, 0.0548 -0.698 0.2467, 0.0539 -0.6941 0.2468, 0.05 -0.6941 0.2471, 0.0474 -0.6941 0.2468, 0.0445 -0.698 0.2465, 0.0445 -0.6941 0.2465, 0.0407 -0.6941 0.245, 0.0407 -0.698 0.245, 0.0372 -0.6941 0.2425, 0.0372 -0.698 0.2425, 0.0363 -0.6941 0.2417, 0.0363 -0.698 0.2417, 0.0336 -0.6941 0.2381, 0.0336 -0.698 0.2381, 0.0326 -0.6941 0.2358, 0.0318 -0.698 0.234, 0.0318 -0.6941 0.234, 0.031 -0.6941 0.2292, 0.031 -0.698 0.2292, 0.0309 -0.6941 0.2273, 0.0309 -0.698 0.2273, 0.0357 -0.6941 0.2139, 0.0357 -0.698 0.2139, 0.0332 -0.698 0.2173, 0.0317 -0.6941 0.2212, 0.0317 -0.698 0.2212, 0.0326 -0.6941 0.2188, 0.0332 -0.6941 0.2173, 0.0462 -0.698 0.2089, 0.0387 -0.6941 0.2114, 0.0387 -0.698 0.2114, 0.0422 -0.6941 0.2097, 0.0422 -0.698 0.2097, 0.0452 -0.6941 0.2091, 0.0462 -0.6941 0.2089, 0.086 -0.698 0.2137, 0.086 -0.698 0.2094, 0.086 -0.6941 0.2137, 0.086 -0.6941 0.2094, 0.0709 -0.6941 0.2137, 0.0709 -0.698 0.2137, 0.0809 -0.6941 0.2137, 0.0709 -0.698 0.2261, 0.0709 -0.6941 0.2261, 0.0842 -0.698 0.2261, 0.0809 -0.6941 0.2261, 0.0842 -0.6941 0.2261, 0.0842 -0.698 0.2304, 0.0842 -0.6941 0.2304, 0.0709 -0.6941 0.2304, 0.0709 -0.698 0.2304, 0.0809 -0.6941 0.2304, 0.0709 -0.698 0.2422, 0.0709 -0.6941 0.2422, 0.0852 -0.698 0.2422, 0.0809 -0.6941 0.2422, 0.0852 -0.6941 0.2422, 0.0852 -0.698 0.2465, 0.0852 -0.6941 0.2465, 0.0661 -0.6941 0.2465, 0.0661 -0.698 0.2465, 0.0809 -0.6941 0.2465, 0.0661 -0.698 0.2094, 0.0661 -0.6941 0.2094, 0.0809 -0.6941 0.2094, 0.1176 -0.698 0.2146, 0.1138 -0.698 0.2171, 0.1138 -0.698 0.2119, 0.1115 -0.698 0.2155, 0.1096 -0.698 0.2102, 0.1084 -0.698 0.2143, 0.1032 -0.698 0.2094, 0.1032 -0.698 0.2137, 0.0931 -0.698 0.2094, 0.0978 -0.698 0.2137, 0.0931 -0.698 0.2465, 0.0978 -0.698 0.2422, 0.1036 -0.698 0.2465, 0.1034 -0.698 0.2422, 0.1093 -0.698 0.2459, 0.1082 -0.698 0.2417, 0.1138 -0.698 0.2442, 0.1114 -0.698 0.2405, 0.1176 -0.698 0.2416, 0.1141 -0.698 0.2387, 0.1189 -0.698 0.2403, 0.1151 -0.698 0.2378, 0.1212 -0.698 0.2371, 0.1166 -0.698 0.2357, 0.1226 -0.698 0.2336, 0.1176 -0.698 0.233, 0.1232 -0.698 0.2284, 0.1182 -0.698 0.2283, 0.1231 -0.698 0.2261, 0.118 -0.698 0.2254, 0.1222 -0.698 0.2217, 0.1172 -0.698 0.2221, 0.1204 -0.698 0.2179, 0.1158 -0.698 0.2194, 0.1142 -0.698 0.2175, 0.1032 -0.6941 0.2094, 0.0931 -0.6941 0.2094, 0.1176 -0.6941 0.2146, 0.1096 -0.6941 0.2102, 0.11 -0.6941 0.2104, 0.1138 -0.6941 0.2119, 0.1204 -0.6941 0.2179, 0.1222 -0.6941 0.2217, 0.1231 -0.6941 0.2261, 0.1232 -0.6941 0.2284, 0.1226 -0.6941 0.2336, 0.1212 -0.6941 0.2371, 0.1189 -0.6941 0.2403, 0.1176 -0.6941 0.2416, 0.1036 -0.6941 0.2465, 0.1138 -0.6941 0.2442, 0.11 -0.6941 0.2456, 0.1093 -0.6941 0.2459, 0.0931 -0.6941 0.2465, 0.1034 -0.6941 0.2422, 0.0978 -0.6941 0.2422, 0.0978 -0.6941 0.2137, 0.1032 -0.6941 0.2137, 0.1142 -0.6941 0.2175, 0.1138 -0.6941 0.2171, 0.1115 -0.6941 0.2155, 0.1084 -0.6941 0.2143, 0.1182 -0.6941 0.2283, 0.118 -0.6941 0.2254, 0.1172 -0.6941 0.2221, 0.1158 -0.6941 0.2194, 0.1141 -0.6941 0.2387, 0.1151 -0.6941 0.2378, 0.1166 -0.6941 0.2357, 0.1176 -0.6941 0.233, 0.1082 -0.6941 0.2417, 0.1114 -0.6941 0.2405
            ]
        }
        coordIndex [
            0,1,2,-1,2,1,3,-1,2,3,4,-1,4,3,5,-1,4,5,6,-1,6,5,7,-1,6,7,8,-1,8,7,9,-1,8,9,10,-1,10,9,11,-1,10,11,12,-1,12,11,13,-1,12,13,14,-1,14,13,15,-1,14,15,16,-1,16,15,17,-1,16,17,18,-1,18,17,19,-1,18,19,20,-1,20,19,21,-1,20,21,22,-1,22,21,23,-1,22,23,24,-1,24,23,25,-1,24,25,26,-1,26,25,27,-1,26,27,28,-1,28,27,29,-1,28,29,30,-1,30,29,31,-1,30,31,32,-1,32,31,33,-1,32,33,34,-1,34,33,35,-1,34,35,36,-1,36,35,37,-1,36,37,38,-1,38,37,39,-1,38,39,40,-1,40,39,41,-1,40,41,42,-1,42,41,43,-1,42,43,44,-1,44,43,45,-1,44,45,46,-1,46,45,47,-1,46,47,0,-1,0,47,1,-1,44,46,48,-1,48,46,0,-1,48,0,2,-1,38,40,48,-1,48,40,42,-1,48,42,44,-1,32,34,48,-1,48,34,36,-1,48,36,38,-1,26,28,48,-1,48,28,30,-1,48,30,32,-1,20,22,48,-1,48,22,24,-1,48,24,26,-1,14,16,48,-1,48,16,18,-1,48,18,20,-1,8,10,48,-1,48,10,12,-1,48,12,14,-1,2,4,48,-1,48,4,6,-1,48,6,8,-1,49,50,51,-1,51,50,52,-1,53,49,54,-1,54,49,51,-1,55,53,56,-1,56,53,54,-1,57,55,58,-1,58,55,56,-1,59,57,60,-1,60,57,58,-1,50,59,52,-1,52,59,60,-1,55,57,53,-1,53,57,59,-1,53,59,49,-1,49,59,50,-1,61,62,63,-1,63,62,64,-1,64,65,63,-1,63,65,66,-1,63,66,67,-1,67,66,68,-1,67,68,69,-1,70,69,71,-1,71,69,68,-1,70,71,72,-1,70,72,73,-1,73,72,74,-1,73,74,75,-1,75,74,76,-1,75,76,77,-1,77,76,78,-1,77,78,79,-1,79,78,80,-1,79,80,81,-1,81,80,82,-1,81,82,83,-1,83,82,84,-1,83,84,85,-1,85,84,86,-1,85,86,87,-1,87,86,88,-1,87,88,89,-1,89,88,90,-1,89,90,91,-1,91,90,92,-1,91,92,93,-1,93,92,94,-1,93,94,95,-1,95,94,96,-1,95,96,97,-1,97,96,98,-1,97,98,99,-1,99,98,100,-1,99,100,101,-1,101,100,102,-1,101,102,103,-1,103,102,104,-1,103,104,105,-1,105,104,106,-1,105,106,107,-1,107,106,108,-1,107,108,109,-1,109,108,110,-1,109,110,111,-1,111,110,112,-1,111,112,113,-1,114,113,115,-1,115,113,112,-1,116,117,118,-1,114,115,119,-1,114,119,120,-1,120,119,121,-1,120,121,118,-1,118,121,122,-1,118,122,116,-1,117,116,123,-1,117,123,124,-1,123,125,124,-1,124,125,126,-1,124,126,127,-1,127,126,128,-1,127,128,129,-1,129,128,130,-1,129,130,131,-1,131,130,132,-1,131,132,133,-1,133,132,134,-1,133,134,135,-1,134,136,135,-1,135,136,137,-1,135,137,138,-1,138,137,139,-1,138,139,140,-1,141,142,143,-1,140,139,144,-1,140,144,145,-1,145,144,146,-1,145,146,143,-1,143,146,147,-1,143,147,141,-1,62,61,148,-1,142,141,149,-1,142,149,150,-1,150,149,151,-1,150,151,152,-1,152,151,153,-1,152,153,148,-1,148,153,154,-1,148,154,62,-1,111,113,114,-1,101,129,99,-1,99,129,131,-1,99,131,97,-1,97,131,133,-1,97,133,95,-1,111,114,109,-1,109,114,120,-1,109,120,107,-1,107,120,118,-1,107,118,105,-1,105,118,117,-1,105,117,103,-1,103,117,124,-1,103,124,101,-1,101,124,127,-1,101,127,129,-1,140,93,138,-1,138,93,95,-1,138,95,135,-1,135,95,133,-1,69,70,67,-1,67,70,73,-1,67,73,63,-1,63,73,75,-1,63,75,61,-1,61,75,77,-1,61,77,148,-1,148,77,79,-1,148,79,152,-1,152,79,81,-1,152,81,150,-1,150,81,83,-1,150,83,142,-1,142,83,85,-1,142,85,143,-1,143,85,87,-1,143,87,145,-1,145,87,89,-1,145,89,140,-1,140,89,91,-1,140,91,93,-1,155,156,157,-1,157,156,158,-1,159,160,161,-1,161,160,155,-1,161,155,157,-1,162,160,163,-1,163,160,159,-1,162,163,164,-1,164,163,165,-1,164,165,166,-1,167,164,168,-1,168,164,166,-1,169,170,171,-1,171,170,167,-1,171,167,168,-1,172,170,173,-1,173,170,169,-1,172,173,174,-1,174,173,175,-1,174,175,176,-1,177,174,178,-1,178,174,176,-1,179,180,181,-1,181,180,177,-1,181,177,178,-1,182,180,183,-1,183,180,179,-1,182,183,156,-1,156,183,184,-1,156,184,158,-1,182,156,155,-1,155,160,182,-1,182,160,162,-1,182,162,180,-1,174,177,172,-1,172,177,180,-1,172,180,170,-1,170,180,162,-1,170,162,167,-1,167,162,164,-1,185,186,187,-1,187,186,188,-1,187,188,189,-1,189,188,190,-1,189,190,191,-1,191,190,192,-1,191,192,193,-1,193,192,194,-1,193,194,195,-1,195,194,196,-1,195,196,197,-1,197,196,198,-1,197,198,199,-1,199,198,200,-1,199,200,201,-1,201,200,202,-1,201,202,203,-1,203,202,204,-1,203,204,205,-1,205,204,206,-1,205,206,207,-1,207,206,208,-1,207,208,209,-1,209,208,210,-1,209,210,211,-1,211,210,212,-1,211,212,213,-1,213,212,214,-1,213,214,215,-1,215,214,216,-1,215,216,217,-1,217,216,218,-1,217,218,185,-1,185,218,219,-1,185,219,186,-1,191,193,220,-1,220,193,221,-1,222,185,187,-1,191,220,223,-1,191,223,189,-1,189,223,224,-1,189,224,187,-1,187,224,225,-1,187,225,222,-1,185,222,226,-1,185,226,217,-1,217,226,227,-1,217,227,215,-1,215,227,228,-1,215,228,213,-1,213,228,229,-1,213,229,211,-1,211,229,230,-1,211,230,209,-1,209,230,231,-1,209,231,207,-1,207,231,232,-1,207,232,205,-1,205,232,233,-1,205,233,203,-1,234,197,199,-1,203,233,235,-1,203,235,201,-1,201,235,236,-1,201,236,199,-1,199,236,237,-1,199,237,234,-1,195,197,238,-1,238,197,234,-1,193,195,221,-1,221,195,238,-1,198,196,239,-1,239,196,240,-1,196,194,240,-1,240,194,241,-1,194,192,241,-1,241,192,242,-1,219,243,244,-1,219,244,186,-1,186,244,245,-1,186,245,188,-1,188,245,246,-1,188,246,190,-1,190,246,242,-1,190,242,192,-1,212,247,248,-1,212,248,214,-1,214,248,249,-1,214,249,216,-1,216,249,250,-1,216,250,218,-1,218,250,243,-1,218,243,219,-1,204,251,252,-1,204,252,206,-1,206,252,253,-1,206,253,208,-1,208,253,254,-1,208,254,210,-1,210,254,247,-1,210,247,212,-1,198,239,255,-1,198,255,200,-1,200,255,256,-1,200,256,202,-1,202,256,251,-1,202,251,204,-1,
        ]
    }
}
Shape{
    appearance Appearance {
        material  Material 	{
            diffuseColor 0.7529411764705882 0.7529411764705882 0.7529411764705882
            specularColor 0.3764705882352941 0.3764705882352941 0.3764705882352941
            ambientIntensity 0.7529
            transparency 0.0
            shininess 0.5
        }
    }
    geometry IndexedFaceSet {
        ccw TRUE
        solid FALSE
        coord DEF co Coordinate {
            point [
                0.1138 -0.6941 0.2171, 0.1142 -0.6941 0.2175, 0.1034 -0.6941 0.2422, 0.0978 -0.6941 0.2422, 0.0978 -0.6941 0.2137, 0.1032 -0.6941 0.2137, 0.1084 -0.6941 0.2143, 0.1115 -0.6941 0.2155, 0.1158 -0.6941 0.2194, 0.1172 -0.6941 0.2221, 0.118 -0.6941 0.2254, 0.1182 -0.6941 0.2283, 0.1176 -0.6941 0.233, 0.1166 -0.6941 0.2357, 0.1151 -0.6941 0.2378, 0.1141 -0.6941 0.2387, 0.1082 -0.6941 0.2417, 0.1114 -0.6941 0.2405
            ]
        }
        coordIndex [
            0,1,2,-1,3,4,2,-1,2,4,5,-1,5,6,2,-1,2,6,7,-1,2,7,0,-1,1,8,2,-1,2,8,9,-1,2,9,10,-1,10,11,2,-1,2,11,12,-1,2,12,13,-1,13,14,2,-1,2,14,15,-1,2,15,16,-1,16,15,17,-1,
        ]
    }
}
Shape{
    appearance Appearance {
        material  Material 	{
            diffuseColor 0.0 0.0 0.0
            specularColor 0.0 0.0 0.0
            ambientIntensity 0.0
            transparency 0.0
            shininess 0.5
        }
    }
    geometry IndexedFaceSet {
        ccw TRUE
        solid FALSE
        coord DEF co Coordinate {
            point [
                0.1357 -0.698 0.2238, 0.1341 -0.698 0.2196, 0.1481 -0.698 0.2238, 0.1496 -0.698 0.2196, 0.1412 -0.698 0.2392, 0.1394 -0.698 0.2465, 0.1253 -0.698 0.2094, 0.1306 -0.698 0.2094, 0.1415 -0.698 0.2403, 0.1418 -0.698 0.2418, 0.1445 -0.698 0.2465, 0.1419 -0.698 0.2418, 0.1422 -0.698 0.2402, 0.1425 -0.698 0.2392, 0.1586 -0.698 0.2094, 0.1534 -0.698 0.2094, 0.1445 -0.6941 0.2465, 0.1586 -0.6941 0.2094, 0.1394 -0.6941 0.2465, 0.1253 -0.6941 0.2094, 0.136 -0.6941 0.2375, 0.1306 -0.6941 0.2094, 0.1341 -0.6941 0.2196, 0.1496 -0.6941 0.2196, 0.136 -0.6941 0.2196, 0.1534 -0.6941 0.2094, 0.1357 -0.6941 0.2238, 0.1481 -0.6941 0.2238, 0.1425 -0.6941 0.2392, 0.1419 -0.6941 0.2418, 0.1422 -0.6941 0.2402, 0.1418 -0.6941 0.2418, 0.1412 -0.6941 0.2392, 0.1415 -0.6941 0.2403
            ]
        }
        coordIndex [
            0,1,2,-1,2,1,3,-1,4,5,0,-1,0,5,6,-1,0,6,1,-1,1,6,7,-1,4,8,5,-1,5,8,9,-1,5,9,10,-1,10,9,11,-1,10,11,12,-1,12,13,10,-1,10,13,2,-1,10,2,14,-1,14,2,3,-1,14,3,15,-1,10,14,16,-1,16,14,17,-1,5,10,18,-1,18,10,16,-1,19,6,20,-1,20,6,5,-1,20,5,18,-1,7,6,21,-1,21,6,19,-1,1,7,22,-1,22,7,21,-1,23,3,24,-1,24,3,1,-1,24,1,22,-1,15,3,25,-1,25,3,23,-1,14,15,17,-1,17,15,25,-1,0,2,26,-1,26,2,27,-1,2,13,27,-1,27,13,28,-1,11,29,30,-1,11,30,12,-1,12,30,28,-1,12,28,13,-1,11,9,29,-1,29,9,31,-1,4,32,33,-1,4,33,8,-1,8,33,31,-1,8,31,9,-1,4,0,32,-1,32,0,26,-1,
        ]
    }
}
Shape{
    appearance Appearance {
        material  Material 	{
            diffuseColor 0.7529411764705882 0.7529411764705882 0.7529411764705882
            specularColor 0.3764705882352941 0.3764705882352941 0.3764705882352941
            ambientIntensity 0.7529
            transparency 0.0
            shininess 0.5
        }
    }
    geometry IndexedFaceSet {
        ccw TRUE
        solid FALSE
        coord DEF co Coordinate {
            point [
                0.1419 -0.6941 0.2418, 0.1418 -0.6941 0.2418, 0.1422 -0.6941 0.2402, 0.1415 -0.6941 0.2403, 0.1425 -0.6941 0.2392, 0.1412 -0.6941 0.2392, 0.1481 -0.6941 0.2238, 0.1357 -0.6941 0.2238
            ]
        }
        coordIndex [
            0,1,2,-1,2,1,3,-1,2,3,4,-1,4,3,5,-1,4,5,6,-1,6,5,7,-1,
        ]
    }
}
Shape{
    appearance Appearance {
        material  Material 	{
            diffuseColor 0.0 0.0 0.0
            specularColor 0.0 0.0 0.0
            ambientIntensity 0.0
            transparency 0.0
            shininess 0.5
        }
    }
    geometry IndexedFaceSet {
        ccw TRUE
        solid FALSE
        coord DEF co Coordinate {
            point [
                0.0298 -0.698 0.1548, 0.0298 -0.698 0.1506, 0.0298 -0.6941 0.1548, 0.0298 -0.6941 0.1506, 0.0147 -0.698 0.1548, 0.0147 -0.6941 0.1548, 0.0147 -0.698 0.1673, 0.0147 -0.6941 0.1673, 0.0279 -0.698 0.1673, 0.0279 -0.6941 0.1673, 0.0279 -0.698 0.1716, 0.0279 -0.6941 0.1716, 0.0147 -0.698 0.1716, 0.0147 -0.6941 0.1716, 0.0147 -0.698 0.1834, 0.0147 -0.6941 0.1834, 0.029 -0.698 0.1834, 0.029 -0.6941 0.1834, 0.029 -0.698 0.1877, 0.029 -0.6941 0.1877, 0.0099 -0.698 0.1877, 0.0099 -0.6941 0.1877, 0.0099 -0.698 0.1506, 0.0099 -0.6941 0.1506, 0.0508 -0.698 0.1547, 0.0509 -0.698 0.1547, 0.0506 -0.698 0.159, 0.0509 -0.698 0.1611, 0.0555 -0.698 0.1677, 0.0509 -0.698 0.1614, 0.0509 -0.698 0.1639, 0.0509 -0.698 0.1506, 0.0555 -0.698 0.1506, 0.0492 -0.698 0.1773, 0.0482 -0.698 0.1734, 0.0511 -0.698 0.1767, 0.049 -0.698 0.1728, 0.0407 -0.698 0.1619, 0.0418 -0.698 0.1624, 0.0392 -0.698 0.1653, 0.0499 -0.698 0.1573, 0.0489 -0.698 0.156, 0.0501 -0.698 0.1536, 0.0483 -0.698 0.1554, 0.0486 -0.698 0.1521, 0.047 -0.698 0.1545, 0.0469 -0.698 0.1509, 0.0456 -0.698 0.154, 0.045 -0.698 0.1503, 0.0439 -0.698 0.1538, 0.0427 -0.698 0.15, 0.0423 -0.698 0.154, 0.0399 -0.698 0.1503, 0.0412 -0.698 0.1544, 0.0381 -0.698 0.151, 0.0403 -0.698 0.155, 0.0365 -0.698 0.1521, 0.0399 -0.698 0.1554, 0.0368 -0.698 0.1752, 0.0368 -0.698 0.1707, 0.0378 -0.698 0.1758, 0.0401 -0.698 0.1727, 0.0412 -0.698 0.1771, 0.043 -0.698 0.1737, 0.046 -0.698 0.1777, 0.0455 -0.698 0.1739, 0.0471 -0.698 0.1738, 0.043 -0.698 0.1663, 0.0447 -0.698 0.1631, 0.0509 -0.698 0.1674, 0.0402 -0.698 0.1614, 0.0373 -0.698 0.1643, 0.0396 -0.698 0.1608, 0.036 -0.698 0.1631, 0.0392 -0.698 0.1599, 0.035 -0.698 0.1615, 0.039 -0.698 0.1588, 0.0345 -0.698 0.1598, 0.039 -0.698 0.1581, 0.0343 -0.698 0.1577, 0.0391 -0.698 0.157, 0.0345 -0.698 0.1555, 0.0394 -0.698 0.1562, 0.0351 -0.698 0.1539, 0.0361 -0.698 0.1525, 0.0507 -0.698 0.1695, 0.0551 -0.698 0.1716, 0.0502 -0.698 0.1711, 0.0543 -0.698 0.1736, 0.0497 -0.698 0.1721, 0.0533 -0.698 0.175, 0.0525 -0.698 0.1758, 0.046 -0.6941 0.1777, 0.0412 -0.6941 0.1771, 0.0378 -0.6941 0.1758, 0.0368 -0.6941 0.1752, 0.0368 -0.6941 0.1707, 0.0401 -0.6941 0.1727, 0.043 -0.6941 0.1737, 0.0455 -0.6941 0.1739, 0.0471 -0.6941 0.1738, 0.0482 -0.6941 0.1734, 0.049 -0.6941 0.1728, 0.0497 -0.6941 0.1721, 0.0502 -0.6941 0.1711, 0.0507 -0.6941 0.1695, 0.0509 -0.6941 0.1674, 0.043 -0.6941 0.1663, 0.0392 -0.6941 0.1653, 0.0373 -0.6941 0.1643, 0.036 -0.6941 0.1631, 0.035 -0.6941 0.1615, 0.0345 -0.6941 0.1598, 0.0343 -0.6941 0.1577, 0.0345 -0.6941 0.1555, 0.0351 -0.6941 0.1539, 0.0361 -0.6941 0.1525, 0.0365 -0.6941 0.1521, 0.0427 -0.6941 0.15, 0.04 -0.6941 0.1503, 0.0399 -0.6941 0.1503, 0.0381 -0.6941 0.151, 0.045 -0.6941 0.1503, 0.0452 -0.6941 0.1503, 0.0469 -0.6941 0.1509, 0.0486 -0.6941 0.1521, 0.0501 -0.6941 0.1536, 0.0508 -0.6941 0.1547, 0.0509 -0.6941 0.1547, 0.0509 -0.6941 0.1506, 0.0555 -0.6941 0.1506, 0.0555 -0.6941 0.1677, 0.0551 -0.6941 0.1716, 0.0543 -0.6941 0.1736, 0.0533 -0.6941 0.175, 0.0525 -0.6941 0.1758, 0.0511 -0.6941 0.1767, 0.0492 -0.6941 0.1773, 0.0402 -0.6941 0.1614, 0.0407 -0.6941 0.1619, 0.0418 -0.6941 0.1624, 0.0447 -0.6941 0.1631, 0.039 -0.6941 0.1581, 0.039 -0.6941 0.1588, 0.0392 -0.6941 0.1599, 0.0396 -0.6941 0.1608, 0.0403 -0.6941 0.155, 0.0399 -0.6941 0.1554, 0.0394 -0.6941 0.1562, 0.0391 -0.6941 0.157, 0.0439 -0.6941 0.1538, 0.0423 -0.6941 0.154, 0.0412 -0.6941 0.1544, 0.0489 -0.6941 0.156, 0.0483 -0.6941 0.1554, 0.047 -0.6941 0.1545, 0.0456 -0.6941 0.154, 0.0509 -0.6941 0.1614, 0.0509 -0.6941 0.1611, 0.0506 -0.6941 0.159, 0.0499 -0.6941 0.1573, 0.0509 -0.6941 0.1639
            ]
        }
        coordIndex [
            0,1,2,-1,2,1,3,-1,4,0,5,-1,5,0,2,-1,6,4,7,-1,7,4,5,-1,8,6,9,-1,9,6,7,-1,10,8,11,-1,11,8,9,-1,12,10,13,-1,13,10,11,-1,14,12,15,-1,15,12,13,-1,16,14,17,-1,17,14,15,-1,18,16,19,-1,19,16,17,-1,20,18,21,-1,21,18,19,-1,22,20,23,-1,23,20,21,-1,1,22,3,-1,3,22,23,-1,22,1,0,-1,0,4,22,-1,22,4,6,-1,22,6,20,-1,16,18,14,-1,14,18,20,-1,14,20,12,-1,12,20,6,-1,12,6,10,-1,10,6,8,-1,24,25,26,-1,27,28,29,-1,29,28,30,-1,31,32,25,-1,25,32,28,-1,25,28,26,-1,26,28,27,-1,33,34,35,-1,35,34,36,-1,37,38,39,-1,26,40,24,-1,24,40,41,-1,24,41,42,-1,42,41,43,-1,42,43,44,-1,44,43,45,-1,44,45,46,-1,46,45,47,-1,46,47,48,-1,48,47,49,-1,48,49,50,-1,50,49,51,-1,50,51,52,-1,52,51,53,-1,52,53,54,-1,54,53,55,-1,54,55,56,-1,56,55,57,-1,58,59,60,-1,60,59,61,-1,60,61,62,-1,62,61,63,-1,62,63,64,-1,64,63,65,-1,64,65,33,-1,33,65,66,-1,33,66,34,-1,39,38,67,-1,67,38,68,-1,67,68,69,-1,37,39,70,-1,70,39,71,-1,70,71,72,-1,72,71,73,-1,72,73,74,-1,74,73,75,-1,74,75,76,-1,76,75,77,-1,76,77,78,-1,78,77,79,-1,78,79,80,-1,80,79,81,-1,80,81,82,-1,82,81,83,-1,82,83,57,-1,57,83,84,-1,57,84,56,-1,68,30,69,-1,69,30,28,-1,69,28,85,-1,85,28,86,-1,85,86,87,-1,87,86,88,-1,87,88,89,-1,89,88,90,-1,89,90,36,-1,36,90,91,-1,36,91,35,-1,64,92,93,-1,64,93,62,-1,62,93,94,-1,62,94,60,-1,60,94,95,-1,60,95,58,-1,59,58,96,-1,96,58,95,-1,59,96,97,-1,59,97,61,-1,61,97,98,-1,61,98,63,-1,63,98,99,-1,63,99,65,-1,65,99,100,-1,65,100,66,-1,66,100,101,-1,66,101,34,-1,34,101,102,-1,34,102,36,-1,36,102,103,-1,36,103,89,-1,89,103,104,-1,89,104,87,-1,87,104,105,-1,87,105,85,-1,85,105,106,-1,85,106,69,-1,67,69,107,-1,107,69,106,-1,67,107,108,-1,67,108,39,-1,39,108,109,-1,39,109,71,-1,71,109,110,-1,71,110,73,-1,73,110,111,-1,73,111,75,-1,75,111,112,-1,75,112,77,-1,77,112,113,-1,77,113,79,-1,79,113,114,-1,79,114,81,-1,81,114,115,-1,81,115,83,-1,83,115,116,-1,83,116,84,-1,84,116,117,-1,84,117,56,-1,118,50,119,-1,119,50,52,-1,119,52,120,-1,120,52,54,-1,120,54,121,-1,121,54,56,-1,121,56,117,-1,50,118,122,-1,50,122,48,-1,48,122,123,-1,48,123,46,-1,123,124,46,-1,46,124,125,-1,46,125,44,-1,44,125,126,-1,44,126,42,-1,42,126,127,-1,42,127,24,-1,25,24,128,-1,128,24,127,-1,31,25,129,-1,129,25,128,-1,32,31,130,-1,130,31,129,-1,28,32,131,-1,131,32,130,-1,28,131,132,-1,28,132,86,-1,86,132,133,-1,86,133,88,-1,88,133,134,-1,88,134,90,-1,90,134,135,-1,90,135,91,-1,91,135,136,-1,91,136,35,-1,35,136,137,-1,35,137,33,-1,33,137,92,-1,33,92,64,-1,70,138,139,-1,70,139,37,-1,37,139,140,-1,37,140,38,-1,38,140,141,-1,38,141,68,-1,78,142,143,-1,78,143,76,-1,76,143,144,-1,76,144,74,-1,74,144,145,-1,74,145,72,-1,72,145,138,-1,72,138,70,-1,55,146,147,-1,55,147,57,-1,57,147,148,-1,57,148,82,-1,82,148,149,-1,82,149,80,-1,80,149,142,-1,80,142,78,-1,49,150,151,-1,49,151,51,-1,51,151,152,-1,51,152,53,-1,53,152,146,-1,53,146,55,-1,41,153,154,-1,41,154,43,-1,43,154,155,-1,43,155,45,-1,45,155,156,-1,45,156,47,-1,47,156,150,-1,47,150,49,-1,29,157,158,-1,29,158,27,-1,27,158,159,-1,27,159,26,-1,26,159,160,-1,26,160,40,-1,40,160,153,-1,40,153,41,-1,29,30,157,-1,157,30,161,-1,30,68,161,-1,161,68,141,-1,
        ]
    }
}
Shape{
    appearance Appearance {
        material  Material 	{
            diffuseColor 0.7529411764705882 0.7529411764705882 0.7529411764705882
            specularColor 0.3764705882352941 0.3764705882352941 0.3764705882352941
            ambientIntensity 0.7529
            transparency 0.0
            shininess 0.5
        }
    }
    geometry IndexedFaceSet {
        ccw TRUE
        solid FALSE
        coord DEF co Coordinate {
            point [
                0.0509 -0.6941 0.1611, 0.0509 -0.6941 0.1614, 0.0402 -0.6941 0.1614, 0.0509 -0.6941 0.1639, 0.0447 -0.6941 0.1631, 0.0418 -0.6941 0.1624, 0.0407 -0.6941 0.1619, 0.0506 -0.6941 0.159, 0.0396 -0.6941 0.1608, 0.0499 -0.6941 0.1573, 0.0399 -0.6941 0.1554, 0.0403 -0.6941 0.155, 0.0483 -0.6941 0.1554, 0.0394 -0.6941 0.1562, 0.047 -0.6941 0.1545, 0.0456 -0.6941 0.154, 0.0439 -0.6941 0.1538, 0.0392 -0.6941 0.1599, 0.039 -0.6941 0.1588, 0.0489 -0.6941 0.156, 0.039 -0.6941 0.1581, 0.0391 -0.6941 0.157, 0.0412 -0.6941 0.1544, 0.0423 -0.6941 0.154
            ]
        }
        coordIndex [
            0,1,2,-1,1,3,4,-1,4,5,1,-1,1,5,6,-1,1,6,2,-1,0,2,7,-1,7,2,8,-1,7,8,9,-1,10,11,12,-1,10,12,13,-1,14,12,15,-1,15,12,16,-1,8,17,9,-1,9,17,18,-1,9,18,19,-1,19,18,20,-1,19,20,12,-1,12,20,21,-1,12,21,13,-1,11,22,12,-1,12,22,23,-1,12,23,16,-1,
        ]
    }
}
Shape{
    appearance Appearance {
        material  Material 	{
            diffuseColor 0.0 0.0 0.0
            specularColor 0.0 0.0 0.0
            ambientIntensity 0.0
            transparency 0.0
            shininess 0.5
        }
    }
    geometry IndexedFaceSet {
        ccw TRUE
        solid FALSE
        coord DEF co Coordinate {
            point [
                0.0618 -0.6941 0.1563, 0.0618 -0.698 0.1563, 0.0635 -0.698 0.1553, 0.0695 -0.698 0.1538, 0.0695 -0.6941 0.1538, 0.0664 -0.6941 0.1542, 0.0664 -0.698 0.1542, 0.064 -0.6941 0.1551, 0.0635 -0.6941 0.1553, 0.0618 -0.698 0.1515, 0.0618 -0.6941 0.1515, 0.064 -0.6941 0.1508, 0.0651 -0.698 0.1504, 0.069 -0.6941 0.15, 0.069 -0.698 0.15, 0.066 -0.6941 0.1503, 0.0651 -0.6941 0.1504, 0.0716 -0.6941 0.1503, 0.0732 -0.698 0.1505, 0.0732 -0.6941 0.1505, 0.0756 -0.6941 0.1514, 0.0756 -0.698 0.1514, 0.0767 -0.6941 0.1521, 0.0767 -0.698 0.1521, 0.078 -0.6941 0.1533, 0.078 -0.698 0.1533, 0.0789 -0.6941 0.1545, 0.0789 -0.698 0.1545, 0.0795 -0.6941 0.156, 0.0795 -0.698 0.156, 0.0797 -0.6941 0.1578, 0.0797 -0.698 0.1578, 0.0795 -0.6941 0.1596, 0.0795 -0.698 0.1596, 0.079 -0.6941 0.1609, 0.079 -0.698 0.1609, 0.0781 -0.6941 0.1622, 0.0781 -0.698 0.1622, 0.077 -0.6941 0.1632, 0.077 -0.698 0.1632, 0.074 -0.6941 0.1649, 0.074 -0.698 0.1649, 0.0722 -0.6941 0.1656, 0.0722 -0.698 0.1656, 0.0693 -0.6941 0.1669, 0.0693 -0.698 0.1669, 0.0676 -0.6941 0.1679, 0.0676 -0.698 0.1679, 0.0672 -0.6941 0.1684, 0.0672 -0.698 0.1684, 0.0669 -0.6941 0.169, 0.0669 -0.698 0.169, 0.0667 -0.6941 0.1697, 0.0667 -0.698 0.1697, 0.0666 -0.6941 0.1704, 0.0666 -0.698 0.1704, 0.0667 -0.6941 0.1711, 0.0667 -0.698 0.1711, 0.0669 -0.6941 0.1717, 0.0669 -0.698 0.1717, 0.0673 -0.6941 0.1723, 0.0673 -0.698 0.1723, 0.068 -0.6941 0.1729, 0.068 -0.698 0.1729, 0.0691 -0.6941 0.1735, 0.0691 -0.698 0.1735, 0.0703 -0.6941 0.1738, 0.0703 -0.698 0.1738, 0.0717 -0.6941 0.1739, 0.0717 -0.698 0.1739, 0.0749 -0.6941 0.1735, 0.0749 -0.698 0.1735, 0.0776 -0.6941 0.1725, 0.0776 -0.698 0.1725, 0.0784 -0.6941 0.172, 0.0784 -0.698 0.172, 0.0784 -0.698 0.1765, 0.0784 -0.6941 0.1765, 0.0754 -0.6941 0.1774, 0.0754 -0.698 0.1774, 0.0722 -0.6941 0.1777, 0.0722 -0.698 0.1777, 0.0684 -0.6941 0.1773, 0.0684 -0.698 0.1773, 0.066 -0.6941 0.1763, 0.066 -0.698 0.1763, 0.0648 -0.6941 0.1756, 0.0648 -0.698 0.1756, 0.064 -0.6941 0.1748, 0.0634 -0.698 0.1743, 0.0634 -0.6941 0.1743, 0.0626 -0.6941 0.1731, 0.0626 -0.698 0.1731, 0.062 -0.6941 0.1716, 0.062 -0.698 0.1716, 0.0618 -0.6941 0.1699, 0.0618 -0.698 0.1699, 0.0621 -0.6941 0.1681, 0.0621 -0.698 0.1681, 0.0626 -0.6941 0.1667, 0.0626 -0.698 0.1667, 0.0632 -0.6941 0.1658, 0.0632 -0.698 0.1658, 0.0689 -0.6941 0.1623, 0.0689 -0.698 0.1623, 0.0661 -0.698 0.1635, 0.0639 -0.6941 0.165, 0.0639 -0.698 0.165, 0.064 -0.6941 0.1649, 0.0661 -0.6941 0.1635, 0.0719 -0.6941 0.161, 0.0719 -0.698 0.161, 0.0737 -0.6941 0.1599, 0.0737 -0.698 0.1599, 0.0743 -0.6941 0.1593, 0.0743 -0.698 0.1593, 0.0747 -0.6941 0.1587, 0.0747 -0.698 0.1587, 0.0749 -0.6941 0.1579, 0.0749 -0.698 0.1579, 0.0749 -0.6941 0.1574, 0.0749 -0.698 0.1574, 0.0748 -0.6941 0.1565, 0.0748 -0.698 0.1565, 0.0746 -0.6941 0.1558, 0.0746 -0.698 0.1558, 0.0742 -0.6941 0.1552, 0.0742 -0.698 0.1552, 0.0737 -0.6941 0.1547, 0.0737 -0.698 0.1547, 0.0732 -0.6941 0.1545, 0.0732 -0.698 0.1545, 0.072 -0.6941 0.1541, 0.072 -0.698 0.1541, 0.0697 -0.6941 0.1538, 0.0697 -0.698 0.1538, 0.1027 -0.698 0.1771, 0.1075 -0.698 0.1771, 0.1027 -0.6941 0.1771, 0.1075 -0.6941 0.1771, 0.0955 -0.698 0.1572, 0.0955 -0.6941 0.1572, 0.0951 -0.6941 0.1559, 0.0951 -0.698 0.1559, 0.0949 -0.6941 0.155, 0.0949 -0.698 0.155, 0.0948 -0.698 0.155, 0.0948 -0.6941 0.155, 0.0942 -0.698 0.1572, 0.0942 -0.6941 0.1572, 0.0873 -0.698 0.1771, 0.0896 -0.6941 0.1706, 0.0873 -0.6941 0.1771, 0.0821 -0.698 0.1771, 0.0821 -0.6941 0.1771, 0.0925 -0.698 0.1507, 0.0896 -0.6941 0.1582, 0.0925 -0.6941 0.1507, 0.0905 -0.6941 0.1459, 0.0905 -0.698 0.1459, 0.0923 -0.6941 0.1503, 0.0896 -0.6941 0.1442, 0.0895 -0.698 0.1441, 0.0895 -0.6941 0.1441, 0.0887 -0.6941 0.1432, 0.0887 -0.698 0.1432, 0.088 -0.6941 0.1427, 0.088 -0.698 0.1427, 0.087 -0.6941 0.1423, 0.087 -0.698 0.1423, 0.0858 -0.6941 0.1421, 0.0858 -0.698 0.1421, 0.0857 -0.6941 0.1421, 0.0857 -0.698 0.1421, 0.084 -0.6941 0.1423, 0.084 -0.698 0.1423, 0.0831 -0.6941 0.1427, 0.0831 -0.698 0.1427, 0.0831 -0.698 0.1385, 0.0831 -0.6941 0.1385, 0.085 -0.6941 0.1382, 0.085 -0.698 0.1382, 0.0861 -0.6941 0.1381, 0.0861 -0.698 0.1381, 0.0881 -0.6941 0.1384, 0.0881 -0.698 0.1384, 0.0896 -0.6941 0.139, 0.0899 -0.698 0.1391, 0.0899 -0.6941 0.1391, 0.0915 -0.6941 0.1403, 0.0915 -0.698 0.1403, 0.0934 -0.6941 0.1425, 0.0934 -0.698 0.1425, 0.0955 -0.6941 0.1466, 0.0955 -0.698 0.1466, 0.097 -0.6941 0.1503, 0.1325 -0.698 0.1548, 0.1325 -0.698 0.1506, 0.1325 -0.6941 0.1548, 0.1325 -0.6941 0.1506, 0.1173 -0.698 0.1548, 0.1243 -0.6941 0.1548, 0.1173 -0.6941 0.1548, 0.1173 -0.698 0.1673, 0.1173 -0.6941 0.1673, 0.1306 -0.698 0.1673, 0.1243 -0.6941 0.1673, 0.1306 -0.6941 0.1673, 0.1306 -0.698 0.1716, 0.1306 -0.6941 0.1716, 0.1173 -0.6941 0.1716, 0.1173 -0.698 0.1716, 0.1243 -0.6941 0.1716, 0.1173 -0.698 0.1834, 0.1173 -0.6941 0.1834, 0.1316 -0.6941 0.1834, 0.1316 -0.698 0.1834, 0.1243 -0.6941 0.1834, 0.1316 -0.698 0.1877, 0.1316 -0.6941 0.1877, 0.1125 -0.6941 0.1877, 0.1125 -0.698 0.1877, 0.1243 -0.6941 0.1877, 0.1125 -0.698 0.1506, 0.1125 -0.6941 0.1506, 0.1243 -0.6941 0.1506, 0.1641 -0.698 0.1558, 0.1603 -0.698 0.1583, 0.1602 -0.698 0.1531, 0.1579 -0.698 0.1567, 0.156 -0.698 0.1514, 0.1548 -0.698 0.1555, 0.1497 -0.698 0.1506, 0.1496 -0.698 0.1548, 0.1395 -0.698 0.1506, 0.1443 -0.698 0.1548, 0.1395 -0.698 0.1877, 0.1443 -0.698 0.1834, 0.15 -0.698 0.1877, 0.1499 -0.698 0.1834, 0.1557 -0.698 0.1871, 0.1546 -0.698 0.1829, 0.1602 -0.698 0.1854, 0.1578 -0.698 0.1817, 0.1641 -0.698 0.1828, 0.1606 -0.698 0.1799, 0.1654 -0.698 0.1815, 0.1616 -0.698 0.1789, 0.1677 -0.698 0.1783, 0.163 -0.698 0.1769, 0.169 -0.698 0.1748, 0.1641 -0.698 0.1742, 0.1697 -0.698 0.1696, 0.1646 -0.698 0.1695, 0.1695 -0.698 0.1673, 0.1644 -0.698 0.1666, 0.1686 -0.698 0.1629, 0.1636 -0.698 0.1633, 0.1668 -0.698 0.1591, 0.1623 -0.698 0.1606, 0.1607 -0.698 0.1587, 0.1497 -0.6941 0.1506, 0.1395 -0.6941 0.1506, 0.156 -0.6941 0.1514, 0.1602 -0.6941 0.1531, 0.1641 -0.6941 0.1558, 0.1668 -0.6941 0.1591, 0.1686 -0.6941 0.1629, 0.1695 -0.6941 0.1673, 0.1697 -0.6941 0.1696, 0.169 -0.6941 0.1748, 0.1677 -0.6941 0.1783, 0.1654 -0.6941 0.1815, 0.1641 -0.6941 0.1828, 0.1602 -0.6941 0.1854, 0.1557 -0.6941 0.1871, 0.15 -0.6941 0.1877, 0.1395 -0.6941 0.1877, 0.1499 -0.6941 0.1834, 0.1443 -0.6941 0.1834, 0.1443 -0.6941 0.1548, 0.1496 -0.6941 0.1548, 0.1607 -0.6941 0.1587, 0.1603 -0.6941 0.1583, 0.1579 -0.6941 0.1567, 0.1548 -0.6941 0.1555, 0.1646 -0.6941 0.1695, 0.1644 -0.6941 0.1666, 0.1636 -0.6941 0.1633, 0.1623 -0.6941 0.1606, 0.1606 -0.6941 0.1799, 0.1616 -0.6941 0.1789, 0.163 -0.6941 0.1769, 0.1641 -0.6941 0.1742, 0.1546 -0.6941 0.1829, 0.1578 -0.6941 0.1817
            ]
        }
        coordIndex [
            0,1,2,-1,3,4,5,-1,3,5,6,-1,6,5,7,-1,6,7,2,-1,2,7,8,-1,2,8,0,-1,9,1,10,-1,10,1,0,-1,10,11,9,-1,9,11,12,-1,13,14,15,-1,15,14,12,-1,15,12,16,-1,16,12,11,-1,13,17,14,-1,14,17,18,-1,17,19,18,-1,18,19,20,-1,18,20,21,-1,21,20,22,-1,21,22,23,-1,23,22,24,-1,23,24,25,-1,25,24,26,-1,25,26,27,-1,27,26,28,-1,27,28,29,-1,29,28,30,-1,29,30,31,-1,31,30,32,-1,31,32,33,-1,33,32,34,-1,33,34,35,-1,35,34,36,-1,35,36,37,-1,37,36,38,-1,37,38,39,-1,39,38,40,-1,39,40,41,-1,41,40,42,-1,41,42,43,-1,43,42,44,-1,43,44,45,-1,45,44,46,-1,45,46,47,-1,47,46,48,-1,47,48,49,-1,49,48,50,-1,49,50,51,-1,51,50,52,-1,51,52,53,-1,53,52,54,-1,53,54,55,-1,55,54,56,-1,55,56,57,-1,57,56,58,-1,57,58,59,-1,59,58,60,-1,59,60,61,-1,61,60,62,-1,61,62,63,-1,63,62,64,-1,63,64,65,-1,65,64,66,-1,65,66,67,-1,67,66,68,-1,67,68,69,-1,69,68,70,-1,69,70,71,-1,71,70,72,-1,71,72,73,-1,73,72,74,-1,73,74,75,-1,76,75,77,-1,77,75,74,-1,76,77,78,-1,76,78,79,-1,79,78,80,-1,79,80,81,-1,81,80,82,-1,81,82,83,-1,83,82,84,-1,83,84,85,-1,85,84,86,-1,85,86,87,-1,86,88,87,-1,87,88,89,-1,88,90,89,-1,89,90,91,-1,89,91,92,-1,92,91,93,-1,92,93,94,-1,94,93,95,-1,94,95,96,-1,96,95,97,-1,96,97,98,-1,98,97,99,-1,98,99,100,-1,100,99,101,-1,100,101,102,-1,103,104,105,-1,102,101,106,-1,102,106,107,-1,107,106,108,-1,107,108,105,-1,105,108,109,-1,105,109,103,-1,104,103,110,-1,104,110,111,-1,111,110,112,-1,111,112,113,-1,113,112,114,-1,113,114,115,-1,115,114,116,-1,115,116,117,-1,117,116,118,-1,117,118,119,-1,119,118,120,-1,119,120,121,-1,121,120,122,-1,121,122,123,-1,123,122,124,-1,123,124,125,-1,125,124,126,-1,125,126,127,-1,127,126,128,-1,127,128,129,-1,129,128,130,-1,129,130,131,-1,131,130,132,-1,131,132,133,-1,133,132,134,-1,133,134,135,-1,135,134,4,-1,135,4,3,-1,59,61,87,-1,87,61,85,-1,85,61,63,-1,85,63,83,-1,125,25,27,-1,111,43,104,-1,104,43,45,-1,125,27,123,-1,123,27,29,-1,123,29,121,-1,121,29,31,-1,121,31,119,-1,119,31,33,-1,119,33,117,-1,117,33,35,-1,117,35,115,-1,115,35,37,-1,115,37,113,-1,113,37,39,-1,113,39,111,-1,111,39,41,-1,111,41,43,-1,25,125,23,-1,23,125,127,-1,23,127,21,-1,14,3,12,-1,12,3,6,-1,12,6,9,-1,9,6,2,-1,9,2,1,-1,63,65,83,-1,83,65,67,-1,83,67,81,-1,81,67,69,-1,81,69,79,-1,79,69,71,-1,79,71,76,-1,76,71,73,-1,76,73,75,-1,127,129,21,-1,21,129,131,-1,21,131,18,-1,18,131,133,-1,18,133,14,-1,14,133,135,-1,14,135,3,-1,87,89,59,-1,59,89,92,-1,59,92,57,-1,57,92,94,-1,57,94,55,-1,55,94,96,-1,55,96,53,-1,53,96,98,-1,53,98,51,-1,51,98,100,-1,51,100,49,-1,49,100,102,-1,49,102,47,-1,47,102,107,-1,47,107,45,-1,45,107,105,-1,45,105,104,-1,136,137,138,-1,138,137,139,-1,140,136,141,-1,141,136,138,-1,140,141,142,-1,140,142,143,-1,143,142,144,-1,143,144,145,-1,146,145,147,-1,147,145,144,-1,148,146,149,-1,149,146,147,-1,148,149,150,-1,150,149,151,-1,150,151,152,-1,153,150,154,-1,154,150,152,-1,153,154,155,-1,155,154,156,-1,155,156,157,-1,158,159,160,-1,160,159,155,-1,160,155,157,-1,158,161,159,-1,159,161,162,-1,161,163,162,-1,162,163,164,-1,162,164,165,-1,165,164,166,-1,165,166,167,-1,167,166,168,-1,167,168,169,-1,169,168,170,-1,169,170,171,-1,171,170,172,-1,171,172,173,-1,173,172,174,-1,173,174,175,-1,175,174,176,-1,175,176,177,-1,178,177,179,-1,179,177,176,-1,178,179,180,-1,178,180,181,-1,181,180,182,-1,181,182,183,-1,183,182,184,-1,183,184,185,-1,185,184,186,-1,185,186,187,-1,186,188,187,-1,187,188,189,-1,187,189,190,-1,190,189,191,-1,190,191,192,-1,192,191,193,-1,192,193,194,-1,139,137,195,-1,195,137,194,-1,195,194,193,-1,143,145,194,-1,137,136,194,-1,194,136,140,-1,194,140,143,-1,150,153,148,-1,148,153,155,-1,148,155,146,-1,145,146,194,-1,194,146,155,-1,194,155,192,-1,155,159,192,-1,192,159,162,-1,192,162,190,-1,190,162,165,-1,190,165,187,-1,187,165,167,-1,187,167,185,-1,185,167,169,-1,185,169,183,-1,183,169,171,-1,183,171,181,-1,181,171,173,-1,181,173,178,-1,178,173,175,-1,178,175,177,-1,196,197,198,-1,198,197,199,-1,196,198,200,-1,200,198,201,-1,200,201,202,-1,203,200,204,-1,204,200,202,-1,203,204,205,-1,205,204,206,-1,205,206,207,-1,208,205,209,-1,209,205,207,-1,210,211,212,-1,212,211,208,-1,212,208,209,-1,213,211,214,-1,214,211,210,-1,215,216,217,-1,217,216,213,-1,217,213,214,-1,218,216,219,-1,219,216,215,-1,220,221,222,-1,222,221,218,-1,222,218,219,-1,223,221,224,-1,224,221,220,-1,223,224,197,-1,197,224,225,-1,197,225,199,-1,223,197,196,-1,196,200,223,-1,223,200,203,-1,223,203,221,-1,216,218,213,-1,213,218,221,-1,213,221,211,-1,211,221,203,-1,211,203,208,-1,208,203,205,-1,226,227,228,-1,228,227,229,-1,228,229,230,-1,230,229,231,-1,230,231,232,-1,232,231,233,-1,232,233,234,-1,234,233,235,-1,234,235,236,-1,236,235,237,-1,236,237,238,-1,238,237,239,-1,238,239,240,-1,240,239,241,-1,240,241,242,-1,242,241,243,-1,242,243,244,-1,244,243,245,-1,244,245,246,-1,246,245,247,-1,246,247,248,-1,248,247,249,-1,248,249,250,-1,250,249,251,-1,250,251,252,-1,252,251,253,-1,252,253,254,-1,254,253,255,-1,254,255,256,-1,256,255,257,-1,256,257,258,-1,258,257,259,-1,258,259,226,-1,226,259,260,-1,226,260,227,-1,232,234,261,-1,261,234,262,-1,232,261,263,-1,232,263,230,-1,230,263,264,-1,230,264,228,-1,228,264,265,-1,228,265,226,-1,226,265,266,-1,226,266,258,-1,258,266,267,-1,258,267,256,-1,256,267,268,-1,256,268,254,-1,254,268,269,-1,254,269,252,-1,252,269,270,-1,252,270,250,-1,250,270,271,-1,250,271,248,-1,248,271,272,-1,248,272,246,-1,246,272,273,-1,246,273,244,-1,244,273,274,-1,244,274,242,-1,242,274,275,-1,242,275,240,-1,240,275,276,-1,240,276,238,-1,236,238,277,-1,277,238,276,-1,234,236,262,-1,262,236,277,-1,239,237,278,-1,278,237,279,-1,237,235,279,-1,279,235,280,-1,235,233,280,-1,280,233,281,-1,260,282,283,-1,260,283,227,-1,227,283,284,-1,227,284,229,-1,229,284,285,-1,229,285,231,-1,231,285,281,-1,231,281,233,-1,253,286,287,-1,253,287,255,-1,255,287,288,-1,255,288,257,-1,257,288,289,-1,257,289,259,-1,259,289,282,-1,259,282,260,-1,245,290,291,-1,245,291,247,-1,247,291,292,-1,247,292,249,-1,249,292,293,-1,249,293,251,-1,251,293,286,-1,251,286,253,-1,239,278,294,-1,239,294,241,-1,241,294,295,-1,241,295,243,-1,243,295,290,-1,243,290,245,-1,
        ]
    }
}
Shape{
    appearance Appearance {
        material  Material 	{
            diffuseColor 0.7529411764705882 0.7529411764705882 0.7529411764705882
            specularColor 0.3764705882352941 0.3764705882352941 0.3764705882352941
            ambientIntensity 0.7529
            transparency 0.0
            shininess 0.5
        }
    }
    geometry IndexedFaceSet {
        ccw TRUE
        solid FALSE
        coord DEF co Coordinate {
            point [
                0.1603 -0.6941 0.1583, 0.1607 -0.6941 0.1587, 0.1499 -0.6941 0.1834, 0.1443 -0.6941 0.1834, 0.1443 -0.6941 0.1548, 0.1496 -0.6941 0.1548, 0.1548 -0.6941 0.1555, 0.1579 -0.6941 0.1567, 0.1623 -0.6941 0.1606, 0.1636 -0.6941 0.1633, 0.1644 -0.6941 0.1666, 0.1646 -0.6941 0.1695, 0.1641 -0.6941 0.1742, 0.163 -0.6941 0.1769, 0.1616 -0.6941 0.1789, 0.1606 -0.6941 0.1799, 0.1546 -0.6941 0.1829, 0.1578 -0.6941 0.1817
            ]
        }
        coordIndex [
            0,1,2,-1,3,4,2,-1,2,4,5,-1,5,6,2,-1,2,6,7,-1,2,7,0,-1,1,8,2,-1,2,8,9,-1,2,9,10,-1,10,11,2,-1,2,11,12,-1,2,12,13,-1,13,14,2,-1,2,14,15,-1,2,15,16,-1,16,15,17,-1,
        ]
    }
}
Shape{
    appearance Appearance {
        material  Material 	{
            diffuseColor 0.0 0.0 0.0
            specularColor 0.0 0.0 0.0
            ambientIntensity 0.0
            transparency 0.0
            shininess 0.5
        }
    }
    geometry IndexedFaceSet {
        ccw TRUE
        solid FALSE
        coord DEF co Coordinate {
            point [
                0.1821 -0.698 0.1649, 0.1806 -0.698 0.1608, 0.1945 -0.698 0.1649, 0.196 -0.698 0.1608, 0.1876 -0.698 0.1804, 0.1858 -0.698 0.1877, 0.1717 -0.698 0.1506, 0.177 -0.698 0.1506, 0.1879 -0.698 0.1815, 0.1882 -0.698 0.183, 0.1909 -0.698 0.1877, 0.1883 -0.698 0.183, 0.1886 -0.698 0.1814, 0.1889 -0.698 0.1804, 0.2051 -0.698 0.1506, 0.1998 -0.698 0.1506, 0.1909 -0.6941 0.1877, 0.2051 -0.6941 0.1506, 0.1858 -0.6941 0.1877, 0.1717 -0.6941 0.1506, 0.177 -0.6941 0.1506, 0.1806 -0.6941 0.1608, 0.196 -0.6941 0.1608, 0.1998 -0.6941 0.1506, 0.1821 -0.6941 0.1649, 0.1945 -0.6941 0.1649, 0.1889 -0.6941 0.1804, 0.1883 -0.6941 0.183, 0.1886 -0.6941 0.1814, 0.1882 -0.6941 0.183, 0.1876 -0.6941 0.1804, 0.1879 -0.6941 0.1815
            ]
        }
        coordIndex [
            0,1,2,-1,2,1,3,-1,4,5,0,-1,0,5,6,-1,0,6,1,-1,1,6,7,-1,4,8,5,-1,5,8,9,-1,5,9,10,-1,10,9,11,-1,10,11,12,-1,12,13,10,-1,10,13,2,-1,10,2,14,-1,14,2,3,-1,14,3,15,-1,10,14,16,-1,16,14,17,-1,5,10,18,-1,18,10,16,-1,6,5,19,-1,19,5,18,-1,7,6,20,-1,20,6,19,-1,1,7,21,-1,21,7,20,-1,3,1,22,-1,22,1,21,-1,15,3,23,-1,23,3,22,-1,14,15,17,-1,17,15,23,-1,0,2,24,-1,24,2,25,-1,2,13,25,-1,25,13,26,-1,11,27,28,-1,11,28,12,-1,12,28,26,-1,12,26,13,-1,11,9,27,-1,27,9,29,-1,4,30,31,-1,4,31,8,-1,8,31,29,-1,8,29,9,-1,4,0,30,-1,30,0,24,-1,
        ]
    }
}
Shape{
    appearance Appearance {
        material  Material 	{
            diffuseColor 0.7529411764705882 0.7529411764705882 0.7529411764705882
            specularColor 0.3764705882352941 0.3764705882352941 0.3764705882352941
            ambientIntensity 0.7529
            transparency 0.0
            shininess 0.5
        }
    }
    geometry IndexedFaceSet {
        ccw TRUE
        solid FALSE
        coord DEF co Coordinate {
            point [
                0.1883 -0.6941 0.183, 0.1882 -0.6941 0.183, 0.1886 -0.6941 0.1814, 0.1879 -0.6941 0.1815, 0.1889 -0.6941 0.1804, 0.1876 -0.6941 0.1804, 0.1945 -0.6941 0.1649, 0.1821 -0.6941 0.1649
            ]
        }
        coordIndex [
            0,1,2,-1,2,1,3,-1,2,3,4,-1,4,3,5,-1,4,5,6,-1,6,5,7,-1,
        ]
    }
}
Shape{
    appearance Appearance {
        material  Material 	{
            diffuseColor 0.0 0.0 0.0
            specularColor 0.0 0.0 0.0
            ambientIntensity 0.0
            transparency 0.0
            shininess 0.5
        }
    }
    geometry IndexedFaceSet {
        ccw TRUE
        solid FALSE
        coord DEF co Coordinate {
            point [
                -0.1538 -0.698 0.1454, -0.1499 -0.698 0.1405, -0.1562 -0.698 0.1687, -0.1099 -0.698 0.1444, -0.1068 -0.698 0.1502, -0.1052 -0.698 0.1567, -0.1386 -0.698 0.1516, -0.1365 -0.698 0.1501, -0.1448 -0.698 0.1366, -0.1341 -0.698 0.1492, -0.0682 -0.698 0.1816, -0.0764 -0.698 0.1956, -0.1051 -0.698 0.1621, -0.1117 -0.698 0.1771, -0.1051 -0.698 0.1595, -0.1192 -0.698 0.1361, -0.1139 -0.698 0.1398, -0.162 -0.698 0.1722, -0.1608 -0.698 0.1524, -0.1565 -0.698 0.151, -0.0595 -0.698 0.2077, -0.0574 -0.698 0.2077, -0.0466 -0.698 0.2219, -0.0524 -0.698 0.2071, -0.0452 -0.698 0.2214, -0.0478 -0.698 0.2053, -0.0374 -0.698 0.2175, -0.0302 -0.698 0.2115, -0.1336 -0.698 0.2164, -0.1317 -0.698 0.2153, -0.1399 -0.698 0.2346, -0.1279 -0.698 0.2234, -0.1345 -0.698 0.2409, -0.122 -0.698 0.2305, -0.1283 -0.698 0.2462, -0.1147 -0.698 0.2359, -0.1219 -0.698 0.2501, -0.1387 -0.698 0.1341, -0.1325 -0.698 0.1331, -0.1317 -0.698 0.1489, -0.1314 -0.698 0.1331, -0.1294 -0.698 0.1492, -0.1251 -0.698 0.1339, -0.1271 -0.698 0.15, -0.1251 -0.698 0.1513, -0.1233 -0.698 0.1532, -0.0302 -0.698 0.1624, -0.0425 -0.698 0.1728, -0.0376 -0.698 0.1562, -0.0464 -0.698 0.1696, -0.0456 -0.698 0.1523, -0.0511 -0.698 0.1675, -0.0542 -0.698 0.1505, -0.0558 -0.698 0.1666, -0.0698 -0.698 0.1505, -0.0677 -0.698 0.1666, -0.0712 -0.698 0.1507, -0.0608 -0.698 0.2427, -0.0705 -0.698 0.2301, -0.0522 -0.698 0.2328, -0.0647 -0.698 0.2228, -0.0609 -0.698 0.2142, -0.1667 -0.698 0.1771, -0.1776 -0.698 0.1637, -0.1702 -0.698 0.1573, -0.1712 -0.698 0.1993, -0.1885 -0.698 0.1953, -0.172 -0.698 0.1929, -0.1886 -0.698 0.1924, -0.1717 -0.698 0.1889, -0.1876 -0.698 0.183, -0.1698 -0.698 0.1824, -0.184 -0.698 0.1731, -0.1784 -0.698 0.1647, -0.1403 -0.698 0.1535, -0.1414 -0.698 0.1557, -0.1419 -0.698 0.1581, -0.1221 -0.698 0.1628, -0.1215 -0.698 0.1604, -0.1215 -0.698 0.158, -0.1221 -0.698 0.1555, -0.0437 -0.698 0.2024, -0.0406 -0.698 0.199, -0.0249 -0.698 0.204, -0.0382 -0.698 0.1945, -0.0217 -0.698 0.1959, -0.037 -0.698 0.1894, -0.0205 -0.698 0.1874, -0.0368 -0.698 0.1871, -0.0217 -0.698 0.1778, -0.0375 -0.698 0.182, -0.0251 -0.698 0.1695, -0.0393 -0.698 0.1773, -0.0422 -0.698 0.1732, -0.1097 -0.698 0.2548, -0.1061 -0.698 0.2394, -0.0967 -0.698 0.2564, -0.0964 -0.698 0.2406, -0.0858 -0.698 0.2553, -0.0877 -0.698 0.2396, -0.0726 -0.698 0.2506, -0.0794 -0.698 0.2365, -0.072 -0.698 0.2314, -0.1395 -0.698 0.2185, -0.1429 -0.698 0.2349, -0.1457 -0.698 0.2193, -0.1459 -0.698 0.2351, -0.1484 -0.698 0.2191, -0.1554 -0.698 0.234, -0.1549 -0.698 0.2176, -0.1652 -0.698 0.2305, -0.1608 -0.698 0.2145, -0.174 -0.698 0.2245, -0.1653 -0.698 0.2104, -0.1762 -0.698 0.2224, -0.169 -0.698 0.2052, -0.1821 -0.698 0.2151, -0.1865 -0.698 0.2057, -0.1419 -0.698 0.1603, -0.1413 -0.698 0.1628, -0.1533 -0.698 0.1744, -0.1401 -0.698 0.1651, -0.1489 -0.698 0.1793, -0.1384 -0.698 0.167, -0.1435 -0.698 0.1831, -0.1363 -0.698 0.1684, -0.1377 -0.698 0.1853, -0.134 -0.698 0.1692, -0.1314 -0.698 0.1861, -0.1317 -0.698 0.1695, -0.1282 -0.698 0.1859, -0.1295 -0.698 0.1692, -0.1219 -0.698 0.1843, -0.127 -0.698 0.1683, -0.1163 -0.698 0.1813, -0.1249 -0.698 0.1669, -0.1232 -0.698 0.165, -0.069 -0.698 0.1668, -0.0753 -0.698 0.1533, -0.0746 -0.698 0.1526, -0.0774 -0.698 0.1587, -0.0772 -0.698 0.1567, -0.0765 -0.698 0.1549, -0.0682 -0.698 0.1666, -0.0729 -0.698 0.1514, -0.0712 -0.698 0.1666, -0.073 -0.698 0.1659, -0.0774 -0.698 0.1595, -0.0747 -0.698 0.1648, -0.0759 -0.698 0.1633, -0.0769 -0.698 0.1615, -0.0692 -0.698 0.1668, -0.0285 -0.6941 0.2091, -0.0249 -0.6941 0.204, -0.0226 -0.6941 0.1982, -0.0217 -0.6941 0.1959, -0.0205 -0.6941 0.1874, -0.0302 -0.6941 0.2115, -0.0374 -0.6941 0.2175, -0.0452 -0.6941 0.2214, -0.0466 -0.6941 0.2219, -0.0522 -0.6941 0.2328, -0.0608 -0.6941 0.2427, -0.0669 -0.6941 0.2468, -0.0726 -0.6941 0.2506, -0.0858 -0.6941 0.2553, -0.0967 -0.6941 0.2564, -0.1283 -0.6941 0.2462, -0.1272 -0.6941 0.2468, -0.1219 -0.6941 0.2501, -0.1097 -0.6941 0.2548, -0.1345 -0.6941 0.2409, -0.1399 -0.6941 0.2346, -0.1429 -0.6941 0.2349, -0.1459 -0.6941 0.2351, -0.1554 -0.6941 0.234, -0.1652 -0.6941 0.2305, -0.174 -0.6941 0.2245, -0.1762 -0.6941 0.2224, -0.1821 -0.6941 0.2151, -0.1849 -0.6941 0.2091, -0.1865 -0.6941 0.2057, -0.188 -0.6941 0.1982, -0.1885 -0.6941 0.1953, -0.1886 -0.6941 0.1924, -0.1876 -0.6941 0.183, -0.184 -0.6941 0.1731, -0.1784 -0.6941 0.1647, -0.1776 -0.6941 0.1637, -0.1702 -0.6941 0.1573, -0.1608 -0.6941 0.1524, -0.1565 -0.6941 0.151, -0.1561 -0.6941 0.1503, -0.1538 -0.6941 0.1454, -0.1499 -0.6941 0.1405, -0.1448 -0.6941 0.1366, -0.1423 -0.6941 0.1356, -0.1387 -0.6941 0.1341, -0.1325 -0.6941 0.1331, -0.1314 -0.6941 0.1331, -0.1051 -0.6941 0.1595, -0.1251 -0.6941 0.1339, -0.1205 -0.6941 0.1356, -0.1192 -0.6941 0.1361, -0.1139 -0.6941 0.1398, -0.1099 -0.6941 0.1444, -0.1068 -0.6941 0.1502, -0.1067 -0.6941 0.1503, -0.1052 -0.6941 0.1567, -0.1051 -0.6941 0.1621, -0.0682 -0.6941 0.1816, -0.0764 -0.6941 0.1956, -0.1117 -0.6941 0.1771, -0.1163 -0.6941 0.1813, -0.1219 -0.6941 0.1843, -0.1282 -0.6941 0.1859, -0.1314 -0.6941 0.1861, -0.1377 -0.6941 0.1853, -0.1435 -0.6941 0.1831, -0.1489 -0.6941 0.1793, -0.1533 -0.6941 0.1744, -0.1562 -0.6941 0.1687, -0.162 -0.6941 0.1722, -0.1667 -0.6941 0.1771, -0.1698 -0.6941 0.1824, -0.1717 -0.6941 0.1889, -0.172 -0.6941 0.1929, -0.1714 -0.6941 0.1982, -0.1712 -0.6941 0.1993, -0.169 -0.6941 0.2052, -0.1663 -0.6941 0.2091, -0.1653 -0.6941 0.2104, -0.1608 -0.6941 0.2145, -0.1549 -0.6941 0.2176, -0.1484 -0.6941 0.2191, -0.1457 -0.6941 0.2193, -0.1395 -0.6941 0.2185, -0.1336 -0.6941 0.2164, -0.1317 -0.6941 0.2153, -0.1279 -0.6941 0.2234, -0.122 -0.6941 0.2305, -0.1147 -0.6941 0.2359, -0.1061 -0.6941 0.2394, -0.0964 -0.6941 0.2406, -0.0595 -0.6941 0.2077, -0.0598 -0.6941 0.2091, -0.0609 -0.6941 0.2142, -0.0647 -0.6941 0.2228, -0.0705 -0.6941 0.2301, -0.072 -0.6941 0.2314, -0.0794 -0.6941 0.2365, -0.0877 -0.6941 0.2396, -0.0574 -0.6941 0.2077, -0.0524 -0.6941 0.2071, -0.0478 -0.6941 0.2053, -0.0437 -0.6941 0.2024, -0.0406 -0.6941 0.199, -0.0402 -0.6941 0.1982, -0.0382 -0.6941 0.1945, -0.037 -0.6941 0.1894, -0.0368 -0.6941 0.1871, -0.0375 -0.6941 0.182, -0.0393 -0.6941 0.1773, -0.0422 -0.6941 0.1732, -0.0425 -0.6941 0.1728, -0.0464 -0.6941 0.1696, -0.0511 -0.6941 0.1675, -0.0558 -0.6941 0.1666, -0.0677 -0.6941 0.1666, -0.0682 -0.6941 0.1666, -0.069 -0.6941 0.1668, -0.0692 -0.6941 0.1668, -0.0712 -0.6941 0.1666, -0.073 -0.6941 0.1659, -0.0747 -0.6941 0.1648, -0.0759 -0.6941 0.1633, -0.0769 -0.6941 0.1615, -0.0774 -0.6941 0.1595, -0.0774 -0.6941 0.1587, -0.0772 -0.6941 0.1567, -0.0765 -0.6941 0.1549, -0.0753 -0.6941 0.1533, -0.0746 -0.6941 0.1526, -0.0729 -0.6941 0.1514, -0.0712 -0.6941 0.1507, -0.0698 -0.6941 0.1505, -0.0542 -0.6941 0.1505, -0.0456 -0.6941 0.1523, -0.0376 -0.6941 0.1562, -0.0302 -0.6941 0.1624, -0.0251 -0.6941 0.1695, -0.0217 -0.6941 0.1778, -0.1317 -0.6941 0.1695, -0.1295 -0.6941 0.1692, -0.127 -0.6941 0.1683, -0.1249 -0.6941 0.1669, -0.1232 -0.6941 0.165, -0.1221 -0.6941 0.1628, -0.1215 -0.6941 0.1604, -0.1215 -0.6941 0.158, -0.1221 -0.6941 0.1555, -0.1233 -0.6941 0.1532, -0.1251 -0.6941 0.1513, -0.1271 -0.6941 0.15, -0.1294 -0.6941 0.1492, -0.1317 -0.6941 0.1489, -0.1341 -0.6941 0.1492, -0.1365 -0.6941 0.1501, -0.1386 -0.6941 0.1516, -0.1403 -0.6941 0.1535, -0.1414 -0.6941 0.1557, -0.1419 -0.6941 0.1581, -0.1419 -0.6941 0.1603, -0.1413 -0.6941 0.1628, -0.1401 -0.6941 0.1651, -0.1384 -0.6941 0.167, -0.1363 -0.6941 0.1684, -0.134 -0.6941 0.1692
            ]
        }
        coordIndex [
            0,1,2,-1,3,4,5,-1,6,1,7,-1,7,1,8,-1,7,8,9,-1,10,11,12,-1,12,11,13,-1,12,13,14,-1,14,13,15,-1,14,15,5,-1,5,15,16,-1,5,16,3,-1,17,18,2,-1,2,18,19,-1,2,19,0,-1,20,21,22,-1,22,21,23,-1,22,23,24,-1,24,23,25,-1,24,25,26,-1,26,25,27,-1,28,29,30,-1,30,29,31,-1,30,31,32,-1,32,31,33,-1,32,33,34,-1,34,33,35,-1,34,35,36,-1,8,37,9,-1,9,37,38,-1,9,38,39,-1,39,38,40,-1,39,40,41,-1,41,40,42,-1,41,42,43,-1,43,42,15,-1,43,15,44,-1,44,15,45,-1,46,47,48,-1,48,47,49,-1,48,49,50,-1,50,49,51,-1,50,51,52,-1,52,51,53,-1,52,53,54,-1,54,53,55,-1,54,55,56,-1,57,58,59,-1,59,58,60,-1,59,60,22,-1,22,60,61,-1,22,61,20,-1,62,63,17,-1,17,63,64,-1,17,64,18,-1,65,66,67,-1,67,66,68,-1,67,68,69,-1,69,68,70,-1,69,70,71,-1,71,70,72,-1,71,72,62,-1,62,72,73,-1,62,73,63,-1,6,74,1,-1,1,74,75,-1,1,75,2,-1,2,75,76,-1,77,78,13,-1,13,78,79,-1,13,79,15,-1,15,79,80,-1,15,80,45,-1,25,81,27,-1,27,81,82,-1,27,82,83,-1,83,82,84,-1,83,84,85,-1,85,84,86,-1,85,86,87,-1,87,86,88,-1,87,88,89,-1,89,88,90,-1,89,90,91,-1,91,90,92,-1,91,92,46,-1,46,92,93,-1,46,93,47,-1,36,35,94,-1,94,35,95,-1,94,95,96,-1,96,95,97,-1,96,97,98,-1,98,97,99,-1,98,99,100,-1,100,99,101,-1,100,101,57,-1,57,101,102,-1,57,102,58,-1,28,30,103,-1,103,30,104,-1,103,104,105,-1,105,104,106,-1,105,106,107,-1,107,106,108,-1,107,108,109,-1,109,108,110,-1,109,110,111,-1,111,110,112,-1,111,112,113,-1,113,112,114,-1,113,114,115,-1,115,114,116,-1,115,116,65,-1,65,116,117,-1,65,117,66,-1,76,118,2,-1,2,118,119,-1,2,119,120,-1,120,119,121,-1,120,121,122,-1,122,121,123,-1,122,123,124,-1,124,123,125,-1,124,125,126,-1,126,125,127,-1,126,127,128,-1,128,127,129,-1,128,129,130,-1,130,129,131,-1,130,131,132,-1,132,131,133,-1,132,133,134,-1,134,133,135,-1,134,135,13,-1,13,135,136,-1,13,136,77,-1,137,138,139,-1,140,141,137,-1,137,141,142,-1,137,142,138,-1,55,143,56,-1,56,143,137,-1,56,137,144,-1,144,137,139,-1,145,146,147,-1,146,148,147,-1,147,148,149,-1,147,149,150,-1,140,137,147,-1,147,137,151,-1,147,151,145,-1,152,27,153,-1,153,27,83,-1,153,83,154,-1,154,83,85,-1,154,85,155,-1,155,85,87,-1,155,87,156,-1,152,157,27,-1,27,157,158,-1,27,158,26,-1,26,158,159,-1,26,159,24,-1,24,159,160,-1,24,160,22,-1,22,160,161,-1,22,161,59,-1,59,161,162,-1,59,162,57,-1,57,162,100,-1,100,162,163,-1,163,164,100,-1,100,164,165,-1,100,165,98,-1,98,165,166,-1,98,166,96,-1,167,34,168,-1,168,34,36,-1,168,36,169,-1,169,36,94,-1,169,94,170,-1,170,94,96,-1,170,96,166,-1,34,167,171,-1,34,171,32,-1,32,171,172,-1,32,172,30,-1,30,172,173,-1,30,173,104,-1,104,173,174,-1,104,174,106,-1,106,174,175,-1,106,175,108,-1,108,175,176,-1,108,176,110,-1,110,176,177,-1,110,177,112,-1,112,177,178,-1,112,178,114,-1,117,116,179,-1,179,116,114,-1,179,114,178,-1,179,180,117,-1,117,180,181,-1,117,181,66,-1,66,181,182,-1,182,183,66,-1,66,183,184,-1,66,184,68,-1,68,184,185,-1,68,185,70,-1,70,185,186,-1,70,186,72,-1,72,186,187,-1,72,187,73,-1,73,187,188,-1,73,188,63,-1,63,188,189,-1,63,189,64,-1,64,189,190,-1,64,190,18,-1,18,190,191,-1,18,191,19,-1,19,191,192,-1,19,192,0,-1,192,193,0,-1,0,193,194,-1,0,194,1,-1,1,194,195,-1,1,195,8,-1,8,195,196,-1,8,196,37,-1,196,197,37,-1,37,197,198,-1,37,198,38,-1,38,198,199,-1,38,199,40,-1,200,14,5,-1,40,199,201,-1,40,201,42,-1,42,201,202,-1,42,202,15,-1,202,203,15,-1,15,203,204,-1,15,204,16,-1,16,204,205,-1,16,205,3,-1,3,205,206,-1,3,206,4,-1,4,206,207,-1,4,207,5,-1,5,207,208,-1,5,208,200,-1,12,14,209,-1,209,14,200,-1,10,12,210,-1,210,12,209,-1,11,10,211,-1,211,10,210,-1,13,11,212,-1,212,11,211,-1,13,212,213,-1,13,213,134,-1,134,213,214,-1,134,214,132,-1,132,214,215,-1,132,215,130,-1,130,215,216,-1,130,216,128,-1,128,216,217,-1,128,217,126,-1,126,217,218,-1,126,218,124,-1,124,218,219,-1,124,219,122,-1,122,219,220,-1,122,220,120,-1,120,220,221,-1,120,221,2,-1,2,221,222,-1,2,222,17,-1,17,222,223,-1,17,223,62,-1,62,223,224,-1,62,224,71,-1,71,224,225,-1,71,225,69,-1,69,225,226,-1,69,226,67,-1,226,227,67,-1,67,227,65,-1,227,228,65,-1,65,228,229,-1,65,229,115,-1,115,229,230,-1,115,230,113,-1,230,231,113,-1,113,231,232,-1,113,232,111,-1,111,232,233,-1,111,233,109,-1,109,233,234,-1,109,234,107,-1,107,234,235,-1,107,235,105,-1,105,235,236,-1,105,236,103,-1,103,236,237,-1,103,237,28,-1,28,237,238,-1,28,238,29,-1,29,238,239,-1,29,239,31,-1,31,239,240,-1,31,240,33,-1,33,240,241,-1,33,241,35,-1,35,241,242,-1,35,242,95,-1,95,242,243,-1,95,243,97,-1,244,20,245,-1,245,20,61,-1,245,61,246,-1,246,61,60,-1,246,60,247,-1,247,60,58,-1,247,58,248,-1,248,58,102,-1,248,102,249,-1,249,102,101,-1,249,101,250,-1,250,101,99,-1,250,99,251,-1,251,99,97,-1,251,97,243,-1,21,20,252,-1,252,20,244,-1,21,252,253,-1,21,253,23,-1,23,253,254,-1,23,254,25,-1,25,254,255,-1,25,255,81,-1,81,255,256,-1,81,256,82,-1,82,256,257,-1,82,257,84,-1,257,258,84,-1,84,258,259,-1,84,259,86,-1,86,259,260,-1,86,260,88,-1,88,260,261,-1,88,261,90,-1,90,261,262,-1,90,262,92,-1,92,262,263,-1,92,263,93,-1,93,263,264,-1,93,264,47,-1,47,264,265,-1,47,265,49,-1,49,265,266,-1,49,266,51,-1,51,266,267,-1,51,267,53,-1,55,53,268,-1,268,53,267,-1,55,268,269,-1,55,269,143,-1,143,269,270,-1,143,270,137,-1,137,270,271,-1,137,271,151,-1,151,271,272,-1,151,272,145,-1,145,272,273,-1,145,273,146,-1,146,273,274,-1,146,274,148,-1,148,274,275,-1,148,275,149,-1,149,275,276,-1,149,276,150,-1,150,276,277,-1,150,277,147,-1,147,277,278,-1,147,278,140,-1,140,278,279,-1,140,279,141,-1,141,279,280,-1,141,280,142,-1,142,280,281,-1,142,281,138,-1,138,281,282,-1,138,282,139,-1,139,282,283,-1,139,283,144,-1,144,283,284,-1,144,284,56,-1,56,284,285,-1,56,285,54,-1,52,54,286,-1,286,54,285,-1,52,286,287,-1,52,287,50,-1,50,287,288,-1,50,288,48,-1,48,288,289,-1,48,289,46,-1,46,289,290,-1,46,290,91,-1,91,290,291,-1,91,291,89,-1,89,291,156,-1,89,156,87,-1,129,292,293,-1,129,293,131,-1,131,293,294,-1,131,294,133,-1,133,294,295,-1,133,295,135,-1,135,295,296,-1,135,296,136,-1,136,296,297,-1,136,297,77,-1,77,297,298,-1,77,298,78,-1,78,298,299,-1,78,299,79,-1,79,299,300,-1,79,300,80,-1,80,300,301,-1,80,301,45,-1,45,301,302,-1,45,302,44,-1,44,302,303,-1,44,303,43,-1,43,303,304,-1,43,304,41,-1,41,304,305,-1,41,305,39,-1,39,305,306,-1,39,306,9,-1,9,306,307,-1,9,307,7,-1,7,307,308,-1,7,308,6,-1,6,308,309,-1,6,309,74,-1,74,309,310,-1,74,310,75,-1,75,310,311,-1,75,311,76,-1,76,311,312,-1,76,312,118,-1,118,312,313,-1,118,313,119,-1,119,313,314,-1,119,314,121,-1,121,314,315,-1,121,315,123,-1,123,315,316,-1,123,316,125,-1,125,316,317,-1,125,317,127,-1,127,317,292,-1,127,292,129,-1,
        ]
    }
}
Shape{
    appearance Appearance {
        material  Material 	{
            diffuseColor 0.7529411764705882 0.7529411764705882 0.7529411764705882
            specularColor 0.3764705882352941 0.3764705882352941 0.3764705882352941
            ambientIntensity 0.7529
            transparency 0.0
            shininess 0.5
        }
    }
    geometry IndexedFaceSet {
        ccw TRUE
        solid FALSE
        coord DEF co Coordinate {
            point [
                -0.1317 -0.6941 0.1695, -0.1317 -0.6941 0.1489, -0.1294 -0.6941 0.1492, -0.1363 -0.6941 0.1684, -0.1419 -0.6941 0.1603, -0.134 -0.6941 0.1692, -0.1419 -0.6941 0.1581, -0.1215 -0.6941 0.1604, -0.1221 -0.6941 0.1628, -0.1232 -0.6941 0.165, -0.1249 -0.6941 0.1669, -0.1414 -0.6941 0.1557, -0.1403 -0.6941 0.1535, -0.1386 -0.6941 0.1516, -0.127 -0.6941 0.1683, -0.1295 -0.6941 0.1692, -0.1384 -0.6941 0.167, -0.1401 -0.6941 0.1651, -0.1413 -0.6941 0.1628, -0.1365 -0.6941 0.1501, -0.1341 -0.6941 0.1492, -0.1271 -0.6941 0.15, -0.1251 -0.6941 0.1513, -0.1215 -0.6941 0.158, -0.1233 -0.6941 0.1532, -0.1221 -0.6941 0.1555
            ]
        }
        coordIndex [
            0,1,2,-1,3,4,5,-1,5,4,6,-1,5,6,0,-1,7,8,2,-1,2,8,9,-1,2,9,10,-1,6,11,0,-1,0,11,12,-1,0,12,13,-1,10,14,2,-1,2,14,15,-1,2,15,0,-1,3,16,4,-1,4,16,17,-1,4,17,18,-1,13,19,0,-1,0,19,20,-1,0,20,1,-1,2,21,7,-1,7,21,22,-1,7,22,23,-1,23,22,24,-1,23,24,25,-1,
        ]
    }
}