#VRML V2.0 utf8
# 3D model generated by easyeda2kicad.py (https://github.com/uPesy/easyeda2kicad.py)

Shape{
    appearance Appearance {
        material  Material 	{
            diffuseColor 0.6470588235294118 0.5176470588235295 0.0
            specularColor 0.45098039215686275 0.3607843137254902 0.0
            ambientIntensity 0.4973
            transparency 0.0
            shininess 0.5
        }
    }
    geometry IndexedFaceSet {
        ccw TRUE
        solid FALSE
        coord DEF co Coordinate {
            point [
                0.2591 0.0238 0.3543, 0.2602 0.0 0.3543, 0.2602 0.0 -1.378, 0.2591 -0.0238 -1.378, 0.2591 -0.0238 0.3543, 0.2501 -0.0704 0.3543, 0.2501 -0.0704 -1.378, 0.2324 -0.1146 0.3543, 0.2324 -0.1146 -1.378, 0.2067 -0.1545 0.3543, 0.2067 -0.1545 -1.378, 0.174 -0.1889 0.3543, 0.174 -0.1889 -1.378, 0.1352 -0.2165 0.3543, 0.1352 -0.2165 -1.378, 0.092 -0.2363 0.3543, 0.092 -0.2363 -1.378, 0.0458 -0.2475 0.3543, 0.0458 -0.2475 -1.378, -0.0017 -0.2497 0.3543, -0.0017 -0.2497 -1.378, -0.0487 -0.243 0.3543, -0.0487 -0.243 -1.378, -0.0936 -0.2274 0.3543, -0.0936 -0.2274 -1.378, -0.1348 -0.2036 0.3543, -0.1348 -0.2036 -1.378, -0.1707 -0.1725 0.3543, -0.1707 -0.1725 -1.378, -0.2001 -0.1352 0.3543, -0.2001 -0.1352 -1.378, -0.2219 -0.0929 0.3543, -0.2219 -0.0929 -1.378, -0.2352 -0.0473 0.3543, -0.2352 -0.0473 -1.378, -0.2398 0.0 0.3543, -0.2398 0.0 -1.378, -0.2352 0.0473 0.3543, -0.2352 0.0473 -1.378, -0.2219 0.0929 0.3543, -0.2219 0.0929 -1.378, -0.2001 0.1352 0.3543, -0.2001 0.1352 -1.378, -0.1707 0.1725 0.3543, -0.1707 0.1725 -1.378, -0.1348 0.2036 0.3543, -0.1348 0.2036 -1.378, -0.0936 0.2274 0.3543, -0.0936 0.2274 -1.378, -0.0487 0.243 0.3543, -0.0487 0.243 -1.378, -0.0017 0.2497 0.3543, -0.0017 0.2497 -1.378, 0.0458 0.2475 0.3543, 0.0458 0.2475 -1.378, 0.092 0.2363 0.3543, 0.092 0.2363 -1.378, 0.1352 0.2165 0.3543, 0.1352 0.2165 -1.378, 0.174 0.1889 0.3543, 0.174 0.1889 -1.378, 0.2067 0.1545 0.3543, 0.2067 0.1545 -1.378, 0.2324 0.1146 0.3543, 0.2324 0.1146 -1.378, 0.2501 0.0704 0.3543, 0.2501 0.0704 -1.378, 0.2591 0.0238 -1.378, 0.0102 0.0 0.3543, 0.0102 0.0 -1.378
            ]
        }
        coordIndex [
            0,1,2,-1,2,1,3,-1,1,4,3,-1,3,4,5,-1,3,5,6,-1,6,5,7,-1,6,7,8,-1,8,7,9,-1,8,9,10,-1,10,9,11,-1,10,11,12,-1,12,11,13,-1,12,13,14,-1,14,13,15,-1,14,15,16,-1,16,15,17,-1,16,17,18,-1,18,17,19,-1,18,19,20,-1,20,19,21,-1,20,21,22,-1,22,21,23,-1,22,23,24,-1,24,23,25,-1,24,25,26,-1,26,25,27,-1,26,27,28,-1,28,27,29,-1,28,29,30,-1,30,29,31,-1,30,31,32,-1,32,31,33,-1,32,33,34,-1,34,33,35,-1,34,35,36,-1,36,35,37,-1,36,37,38,-1,38,37,39,-1,38,39,40,-1,40,39,41,-1,40,41,42,-1,42,41,43,-1,42,43,44,-1,44,43,45,-1,44,45,46,-1,46,45,47,-1,46,47,48,-1,48,47,49,-1,48,49,50,-1,50,49,51,-1,50,51,52,-1,52,51,53,-1,52,53,54,-1,54,53,55,-1,54,55,56,-1,56,55,57,-1,56,57,58,-1,58,57,59,-1,58,59,60,-1,60,59,61,-1,60,61,62,-1,62,61,63,-1,62,63,64,-1,64,63,65,-1,64,65,66,-1,66,65,0,-1,66,0,67,-1,67,0,2,-1,1,0,68,-1,7,5,68,-1,68,5,4,-1,68,4,1,-1,13,11,68,-1,68,11,9,-1,68,9,7,-1,19,17,68,-1,68,17,15,-1,68,15,13,-1,25,23,68,-1,68,23,21,-1,68,21,19,-1,31,29,68,-1,68,29,27,-1,68,27,25,-1,37,35,68,-1,68,35,33,-1,68,33,31,-1,43,41,68,-1,68,41,39,-1,68,39,37,-1,49,47,68,-1,68,47,45,-1,68,45,43,-1,55,53,68,-1,68,53,51,-1,68,51,49,-1,61,59,68,-1,68,59,57,-1,68,57,55,-1,0,65,68,-1,68,65,63,-1,68,63,61,-1,2,3,69,-1,64,66,69,-1,69,66,67,-1,69,67,2,-1,58,60,69,-1,69,60,62,-1,69,62,64,-1,52,54,69,-1,69,54,56,-1,69,56,58,-1,46,48,69,-1,69,48,50,-1,69,50,52,-1,40,42,69,-1,69,42,44,-1,69,44,46,-1,34,36,69,-1,69,36,38,-1,69,38,40,-1,28,30,69,-1,69,30,32,-1,69,32,34,-1,22,24,69,-1,69,24,26,-1,69,26,28,-1,16,18,69,-1,69,18,20,-1,69,20,22,-1,10,12,69,-1,69,12,14,-1,69,14,16,-1,3,6,69,-1,69,6,8,-1,69,8,10,-1,
        ]
    }
}
Shape{
    appearance Appearance {
        material  Material 	{
            diffuseColor 1.0 1.0 1.0
            specularColor 0.5019607843137255 0.5019607843137255 0.5019607843137255
            ambientIntensity 1.0
            transparency 0.0
            shininess 0.5
        }
    }
    geometry IndexedFaceSet {
        ccw TRUE
        solid FALSE
        coord DEF co Coordinate {
            point [
                -0.4264 -0.2078 0.2362, -0.4264 -0.2538 0.2362, -0.484 -0.2283 0.2362, -0.484 -0.2331 0.2362, -0.4888 -0.2296 0.2362, -0.4888 -0.2319 0.2362, -0.4937 -0.2305 0.2362, -0.4937 -0.231 0.2362, -0.4882 0.0789 0.2362, -0.3727 0.052 0.2362, -0.5105 0.052 0.2362, -0.497 0.1112 0.2362, -0.4955 0.1248 0.2362, -0.3936 0.0814 0.2362, -0.7044 0.3306 0.2362, -0.7588 0.1693 0.2362, -0.5105 -0.0185 0.2362, -0.7772 0.0 0.2362, -0.4953 -0.0185 0.2362, -0.4953 0.0335 0.2362, -0.45 0.0335 0.2362, -0.45 -0.0152 0.2362, -0.4348 -0.0152 0.2362, -0.3718 -0.0354 0.2362, -0.3843 0.1581 0.2362, -0.3949 0.1682 0.2362, -0.3727 0.1932 0.2362, -0.3718 0.125 0.2362, -0.3727 0.2638 0.2362, -0.4948 0.0944 0.2362, -0.3949 0.0789 0.2362, -0.7733 -0.0354 0.2362, -0.4742 0.1741 0.2362, -0.4872 0.1659 0.2362, -0.5105 0.2453 0.2362, -0.4992 0.1534 0.2362, -0.5067 0.1403 0.2362, -0.5105 0.2638 0.2362, -0.6166 0.4765 0.2362, -0.3878 0.1932 0.2362, -0.4078 0.1757 0.2362, -0.3878 0.2453 0.2362, -0.5111 0.1249 0.2362, -0.5121 0.1113 0.2362, -0.511 0.0948 0.2362, -0.5067 0.0789 0.2362, -0.3727 0.1338 0.2362, -0.3773 0.1471 0.2362, -0.4918 0.1351 0.2362, -0.4854 0.1446 0.2362, -0.4762 0.1529 0.2362, -0.4401 0.1629 0.2362, -0.4252 0.1615 0.2362, -0.4133 0.1578 0.2362, -0.3876 0.1271 0.2362, -0.3861 0.1143 0.2362, -0.3913 0.1372 0.2362, -0.397 0.1456 0.2362, -0.4038 0.1521 0.2362, -0.3881 0.096 0.2362, -0.3738 0.0936 0.2362, -0.3718 0.1075 0.2362, -0.4225 0.18 0.2362, -0.439 0.1814 0.2362, -0.4586 0.1794 0.2362, -0.4656 0.1586 0.2362, -0.4508 0.1623 0.2362, -0.4348 0.0335 0.2362, -0.3878 0.0335 0.2362, -0.3878 -0.0219 0.2362, -0.3727 -0.0219 0.2362, -0.3798 0.0789 0.2362, -0.3711 0.1131 0.2362, 0.793 -0.0354 0.2362, 0.793 0.0851 0.2362, -0.371 0.1168 0.2362, 0.7564 0.2514 0.2362, 0.6849 0.4059 0.2362, -0.4995 0.6001 0.2362, -0.3718 0.6867 0.2362, -0.3586 0.6957 0.2362, -0.2004 0.7587 0.2362, -0.0324 0.7862 0.2362, 0.1376 0.777 0.2362, 0.3017 0.7315 0.2362, 0.4521 0.6517 0.2362, 0.5819 0.5415 0.2362, -0.5105 -0.2219 0.2362, -0.7588 -0.1693 0.2362, -0.5105 -0.2404 0.2362, -0.3727 -0.2941 0.2362, -0.6166 -0.4765 0.2362, -0.7044 -0.3306 0.2362, -0.3727 -0.274 0.2362, -0.3727 -0.0863 0.2362, -0.3727 -0.0488 0.2362, -0.5105 -0.0488 0.2362, -0.5105 -0.0877 0.2362, -0.5083 -0.1076 0.2362, -0.5027 -0.1237 0.2362, -0.4926 -0.1387 0.2362, -0.3727 -0.1698 0.2362, -0.3791 -0.1196 0.2362, -0.3742 -0.1037 0.2362, -0.4105 -0.1528 0.2362, -0.3983 -0.1451 0.2362, -0.3875 -0.1338 0.2362, -0.3727 -0.19 0.2362, -0.4113 -0.2031 0.2362, -0.4113 -0.26 0.2362, -0.4925 -0.1388 0.2362, -0.4817 -0.1486 0.2362, -0.4696 -0.1551 0.2362, -0.456 -0.1588 0.2362, -0.4433 -0.1597 0.2362, -0.4249 -0.1578 0.2362, 0.7564 -0.2514 0.2362, 0.6849 -0.4059 0.2362, -0.2004 -0.7587 0.2362, -0.3586 -0.6957 0.2362, -0.3718 -0.6867 0.2362, -0.4995 -0.6001 0.2362, 0.793 -0.0851 0.2362, 0.5819 -0.5415 0.2362, 0.4521 -0.6517 0.2362, 0.3017 -0.7315 0.2362, 0.1376 -0.777 0.2362, -0.0324 -0.7862 0.2362, -0.4953 -0.0673 0.2362, -0.3878 -0.0673 0.2362, -0.4953 -0.0876 0.2362, -0.3878 -0.0868 0.2362, -0.4264 -0.1395 0.2362, -0.4429 -0.1412 0.2362, -0.4566 -0.14 0.2362, -0.4675 -0.1368 0.2362, -0.4936 -0.1039 0.2362, -0.3892 -0.1014 0.2362, -0.3928 -0.113 0.2362, -0.3984 -0.1224 0.2362, -0.476 -0.1321 0.2362, -0.4831 -0.1254 0.2362, -0.4896 -0.1153 0.2362, -0.4061 -0.1302 0.2362, -0.4155 -0.1359 0.2362
            ]
        }
        coordIndex [
            0,1,2,-1,2,1,3,-1,2,3,4,-1,4,3,5,-1,4,5,6,-1,6,5,7,-1,8,9,10,-1,11,12,13,-1,14,10,15,-1,15,10,16,-1,15,16,17,-1,18,19,20,-1,21,22,23,-1,24,25,26,-1,27,26,28,-1,11,13,29,-1,29,13,30,-1,29,30,8,-1,20,21,18,-1,18,21,23,-1,18,23,16,-1,16,23,31,-1,16,31,17,-1,32,33,34,-1,34,33,35,-1,34,35,36,-1,34,14,37,-1,37,14,38,-1,37,38,28,-1,26,25,39,-1,39,25,40,-1,39,40,41,-1,36,42,34,-1,34,42,43,-1,34,43,14,-1,14,43,44,-1,14,44,10,-1,10,44,45,-1,10,45,8,-1,27,46,26,-1,26,46,47,-1,26,47,24,-1,12,48,13,-1,13,48,49,-1,13,49,50,-1,51,52,13,-1,13,52,53,-1,54,55,56,-1,56,55,57,-1,53,58,13,-1,13,58,57,-1,13,57,59,-1,59,57,55,-1,60,61,9,-1,9,61,23,-1,40,62,41,-1,41,62,63,-1,41,63,34,-1,34,63,64,-1,34,64,32,-1,50,65,13,-1,13,65,66,-1,13,66,51,-1,67,68,22,-1,22,68,69,-1,22,69,23,-1,23,69,70,-1,23,70,9,-1,8,30,9,-1,9,30,71,-1,9,71,60,-1,61,72,73,-1,73,72,74,-1,74,72,75,-1,74,75,76,-1,76,75,27,-1,76,27,77,-1,38,78,28,-1,28,78,79,-1,28,79,27,-1,27,79,80,-1,27,80,81,-1,81,82,27,-1,27,82,83,-1,27,83,84,-1,84,85,27,-1,27,85,86,-1,27,86,77,-1,31,87,88,-1,88,87,89,-1,90,91,89,-1,89,91,92,-1,89,92,88,-1,90,93,23,-1,94,95,23,-1,23,95,96,-1,23,96,31,-1,31,96,97,-1,97,98,31,-1,31,98,99,-1,31,99,87,-1,87,99,100,-1,101,102,103,-1,104,105,101,-1,101,105,106,-1,101,106,102,-1,103,94,101,-1,101,94,23,-1,101,23,107,-1,107,23,93,-1,107,93,108,-1,108,93,109,-1,100,110,87,-1,87,110,111,-1,87,111,112,-1,112,113,87,-1,87,113,114,-1,87,114,101,-1,101,114,115,-1,101,115,104,-1,116,117,23,-1,118,119,23,-1,23,119,120,-1,23,120,90,-1,90,120,121,-1,90,121,91,-1,61,73,23,-1,23,73,122,-1,23,122,116,-1,117,123,23,-1,23,123,124,-1,23,124,125,-1,125,126,23,-1,23,126,127,-1,23,127,118,-1,128,129,130,-1,130,129,131,-1,132,133,130,-1,133,134,130,-1,130,134,135,-1,130,135,136,-1,131,137,130,-1,130,137,138,-1,130,138,139,-1,140,141,135,-1,135,141,142,-1,135,142,136,-1,139,143,130,-1,130,143,144,-1,130,144,132,-1,
        ]
    }
}
Shape{
    appearance Appearance {
        material  Material 	{
            diffuseColor 0.6470588235294118 0.5176470588235295 0.0
            specularColor 0.45098039215686275 0.3607843137254902 0.0
            ambientIntensity 0.4973
            transparency 0.0
            shininess 0.5
        }
    }
    geometry IndexedFaceSet {
        ccw TRUE
        solid FALSE
        coord DEF co Coordinate {
            point [
                -0.4264 -0.2078 0.2362, -0.484 -0.2283 0.2362, -0.5105 -0.2219 0.2362, -0.3727 -0.1698 0.2362, -0.3727 -0.19 0.2362, -0.4113 -0.2031 0.2362, -0.4888 -0.2296 0.2362, -0.4937 -0.2305 0.2362, -0.5105 -0.2404 0.2362, -0.4937 -0.231 0.2362, -0.4888 -0.2319 0.2362, -0.484 -0.2331 0.2362, -0.4264 -0.2538 0.2362, -0.3727 -0.2941 0.2362, -0.3727 -0.274 0.2362, -0.4113 -0.26 0.2362, -0.4696 -0.1551 0.2362, -0.4817 -0.1486 0.2362, -0.476 -0.1321 0.2362, -0.4925 -0.1388 0.2362, -0.4831 -0.1254 0.2362, -0.4926 -0.1387 0.2362, -0.4896 -0.1153 0.2362, -0.5027 -0.1237 0.2362, -0.4936 -0.1039 0.2362, -0.5083 -0.1076 0.2362, -0.4953 -0.0876 0.2362, -0.5105 -0.0877 0.2362, -0.4953 -0.0673 0.2362, -0.5105 -0.0488 0.2362, -0.3878 -0.0673 0.2362, -0.3727 -0.0488 0.2362, -0.3878 -0.0868 0.2362, -0.3727 -0.0863 0.2362, -0.3892 -0.1014 0.2362, -0.3742 -0.1037 0.2362, -0.3928 -0.113 0.2362, -0.3791 -0.1196 0.2362, -0.3984 -0.1224 0.2362, -0.3875 -0.1338 0.2362, -0.4061 -0.1302 0.2362, -0.3983 -0.1451 0.2362, -0.4155 -0.1359 0.2362, -0.4105 -0.1528 0.2362, -0.4264 -0.1395 0.2362, -0.4249 -0.1578 0.2362, -0.4429 -0.1412 0.2362, -0.4433 -0.1597 0.2362, -0.4566 -0.14 0.2362, -0.456 -0.1588 0.2362, -0.4675 -0.1368 0.2362, -0.3727 0.052 0.2362, -0.3727 -0.0219 0.2362, -0.3878 -0.0219 0.2362, -0.3878 0.0335 0.2362, -0.4348 0.0335 0.2362, -0.5105 0.052 0.2362, -0.4953 -0.0185 0.2362, -0.5105 -0.0185 0.2362, -0.4953 0.0335 0.2362, -0.45 0.0335 0.2362, -0.45 -0.0152 0.2362, -0.4348 -0.0152 0.2362, -0.3798 0.0789 0.2362, -0.3949 0.0789 0.2362, -0.3936 0.0814 0.2362, -0.3738 0.0936 0.2362, -0.3881 0.096 0.2362, -0.3718 0.1075 0.2362, -0.3861 0.1143 0.2362, -0.3711 0.1131 0.2362, -0.371 0.1168 0.2362, -0.3876 0.1271 0.2362, -0.3718 0.125 0.2362, -0.4882 0.0789 0.2362, -0.5067 0.0789 0.2362, -0.4948 0.0944 0.2362, -0.511 0.0948 0.2362, -0.497 0.1112 0.2362, -0.5121 0.1113 0.2362, -0.4955 0.1248 0.2362, -0.5111 0.1249 0.2362, -0.4918 0.1351 0.2362, -0.5067 0.1403 0.2362, -0.4854 0.1446 0.2362, -0.4992 0.1534 0.2362, -0.4762 0.1529 0.2362, -0.4872 0.1659 0.2362, -0.4656 0.1586 0.2362, -0.4742 0.1741 0.2362, -0.4508 0.1623 0.2362, -0.4586 0.1794 0.2362, -0.4401 0.1629 0.2362, -0.439 0.1814 0.2362, -0.4252 0.1615 0.2362, -0.4225 0.18 0.2362, -0.4133 0.1578 0.2362, -0.4078 0.1757 0.2362, -0.4038 0.1521 0.2362, -0.3949 0.1682 0.2362, -0.397 0.1456 0.2362, -0.3843 0.1581 0.2362, -0.3913 0.1372 0.2362, -0.3773 0.1471 0.2362, -0.3727 0.1338 0.2362, 3.9313 1.0819 3.3033, 3.9313 1.0824 3.3021, 3.8966 1.0806 3.3009, 3.8951 1.1052 3.2611, 3.8892 1.1753 3.1028, 3.8893 1.1745 3.1046, 3.924 1.1724 3.104, 3.7616 -1.2329 2.8833, 3.7612 -1.2303 2.894, 3.7265 -1.2292 2.894, 3.4295 -0.2207 3.9075, 3.4294 -0.217 3.9079, 3.3946 -0.2167 3.9067, 3.0981 1.0809 3.3049, 3.098 1.0823 3.3021, 3.0633 1.0818 3.3017, 2.6087 -0.5489 3.8002, 2.6087 -0.625 3.7597, 2.6097 -0.5739 3.7876, 2.6118 -0.6234 3.7571, 2.6167 -0.734 3.689, 2.6087 -0.8035 3.6347, 2.6199 -0.8012 3.6321, 2.6235 -0.8765 3.5684, 2.6087 -0.9576 3.4807, 2.6276 -0.9553 3.4786, 2.6299 -0.9973 3.4308, 2.6087 -1.0825 3.3022, 2.635 -1.0813 3.3014, 2.6117 -1.2092 2.9939, 2.6154 -1.2279 2.8936, 2.6483 -1.2217 2.9418, 2.6501 -1.2283 2.8939, 2.6087 -1.1847 3.0758, 2.6423 -1.1737 3.1044, 2.6087 -1.1746 3.1047, 2.6418 -1.1695 3.1186, 2.6358 -1.0942 3.2815, 2.6552 -1.2475 2.7564, 2.6182 -1.2421 2.8177, 2.6581 -1.2465 2.6772, 2.6234 -1.2477 2.6771, 2.6249 -1.2494 2.6371, 2.6622 -1.2452 2.5683, 2.6662 -1.2277 2.4607, 2.6315 -1.2308 2.4601, 2.6316 -1.2306 2.4577, 2.669 -1.2151 2.3839, 2.674 -1.1723 2.2504, 2.6379 -1.1869 2.2851, 2.6392 -1.1727 2.2504, 2.6755 -1.159 2.209, 2.6813 -1.0823 2.0523, 2.6439 -1.121 2.124, 2.6466 -1.08 2.0536, 2.6814 -1.0805 2.0486, 2.6495 -1.0354 1.9768, 2.6874 -0.9798 1.9009, 2.6539 -0.9557 1.8751, 2.6886 -0.956 1.8751, 2.6555 -0.9279 1.8396, 2.6939 -0.8553 1.7656, 2.6617 -0.8032 1.7199, 2.6964 -0.8014 1.7222, 2.6619 -0.7994 1.7162, 2.7007 -0.7098 1.6482, 2.6685 -0.6528 1.6112, 2.7044 -0.6232 1.5977, 2.6697 -0.6241 1.5963, 2.7077 -0.5473 1.5534, 2.6752 -0.4922 1.5282, 2.7125 -0.4264 1.5053, 2.6777 -0.4265 1.5054, 2.7146 -0.3734 1.4842, 2.6817 -0.3229 1.4696, 2.7203 -0.2167 1.4476, 2.6855 -0.2165 1.449, 2.7211 -0.1941 1.4423, 2.6879 -0.1502 1.4362, 2.7271 -0.0156 1.4273, 2.6929 0.0001 1.4284, 2.7276 -0.0001 1.4282, 2.6935 0.0206 1.4273, 2.733 0.1623 1.4378, 2.6993 0.1922 1.442, 2.7349 0.2165 1.4489, 2.7002 0.2167 1.4476, 2.7394 0.3419 1.4748, 2.7056 0.3646 1.4815, 2.7427 0.4263 1.5058, 2.708 0.4264 1.5054, 2.7463 0.5172 1.5392, 2.7121 0.5323 1.5462, 2.7507 0.6234 1.5975, 2.716 0.6234 1.5974, 2.7532 0.6821 1.6297, 2.7188 0.6899 1.6348, 2.7588 0.8022 1.7214, 2.724 0.8022 1.7213, 2.7601 0.831 1.7434, 2.7255 0.8324 1.7447, 2.7666 0.9574 1.8738, 2.7318 0.9561 1.8719, 2.7318 0.9574 1.8738, 2.7667 0.9594 1.8759, 2.7376 1.0581 2.0117, 2.7727 1.0644 2.0218, 2.7739 1.0807 2.0531, 2.7392 1.0805 2.0533, 2.7786 1.1466 2.1794, 2.7432 1.1389 2.1619, 2.7812 1.1716 2.2507, 2.7465 1.1718 2.2507, 2.785 1.207 2.352, 2.7493 1.1997 2.3262, 2.789 1.2277 2.4607, 2.7543 1.2288 2.4606, 2.7918 1.2419 2.5352, 2.7558 1.2375 2.5009, 2.797 1.2474 2.6773, 2.7623 1.2497 2.6772, 2.7625 1.25 2.6811, 2.7987 1.2492 2.7231, 2.8051 1.23 2.8941, 2.7691 1.2364 2.8611, 2.7703 1.2291 2.8938, 2.8056 1.2282 2.9095, 2.8123 1.1805 3.0881, 2.7756 1.1975 3.0355, 2.8129 1.1736 3.1042, 2.7781 1.1718 3.1036, 2.8184 1.109 3.2538, 2.7817 1.1358 3.1992, 2.8202 1.0802 3.3008, 2.7854 1.0803 3.301, 2.8242 1.0162 3.405, 2.7872 1.0542 3.3489, 2.8275 0.955 3.4785, 2.7928 0.957 3.4803, 2.8306 0.8995 3.5451, 2.7931 0.9511 3.4882, 2.8353 0.8016 3.6326, 2.7995 0.8266 3.6148, 2.8006 0.8024 3.6333, 2.8373 0.7606 3.6691, 2.8433 0.6241 3.7583, 2.9284 -1.2332 2.8813, 2.9 -1.2496 2.7094, 2.9353 -1.2499 2.6943, 2.9012 -1.2481 2.6773, 2.9359 -1.2488 2.6772, 2.8061 0.6833 3.7239, 2.8086 0.6235 3.757, 2.8443 0.6033 3.7719, 2.8128 0.5252 3.8115, 2.8512 0.4326 3.8499, 2.8166 0.4264 3.8489, 2.8514 0.4274 3.8514, 2.8193 0.3572 3.8751, 2.8578 0.2544 3.901, 2.8244 0.2167 3.9063, 2.8591 0.2168 3.906, 2.8256 0.1847 3.9134, 2.864 0.075 3.9249, 2.8313 0.0132 3.9271, 2.8665 0.0 3.9241, 2.8318 0.0 3.9263, 2.8698 -0.1023 3.923, 2.837 -0.1577 3.9172, 2.8738 -0.2166 3.9052, 2.8391 -0.2165 3.9054, 2.8761 -0.2819 3.895, 2.8432 -0.3303 3.8827, 2.8816 -0.4269 3.8498, 2.8469 -0.4265 3.8488, 2.8828 -0.4593 3.8397, 2.8497 -0.4994 3.8231, 2.8896 -0.6249 3.7594, 2.8549 -0.624 3.7577, 2.8898 -0.6284 3.7578, 2.8564 -0.6594 3.7391, 2.8967 -0.7832 3.6514, 2.8629 -0.8034 3.6346, 2.8977 -0.8023 3.6335, 2.863 -0.8054 3.6331, 2.9034 -0.9189 3.5246, 2.8694 -0.933 3.509, 2.9054 -0.9553 3.4789, 2.8707 -0.9559 3.4794, 2.9097 -1.032 3.3826, 2.8754 -1.0395 3.3713, 2.9128 -1.0798 3.3006, 2.8781 -1.08 3.3007, 2.9155 -1.1213 3.2295, 2.881 -1.1242 3.2236, 2.9201 -1.1723 3.1038, 2.8854 -1.1724 3.1038, 2.9217 -1.1894 3.0616, 2.887 -1.1893 3.0619, 2.9279 -1.2301 2.894, 2.8932 -1.2306 2.8941, 2.8934 -1.2319 2.8889, 2.9422 -1.2383 2.5067, 2.9067 -1.2412 2.5289, 2.9439 -1.2284 2.4607, 2.9092 -1.228 2.4607, 2.949 -1.1993 2.3249, 2.9132 -1.2072 2.353, 2.9517 -1.1716 2.2508, 2.917 -1.1718 2.2506, 2.9553 -1.1354 2.1543, 2.9194 -1.1498 2.1868, 2.9591 -1.08 2.0536, 2.9243 -1.0814 2.0527, 2.9611 -1.05 1.9989, 2.925 -1.0721 2.0344, 2.9664 -0.9563 1.8746, 2.9308 -0.9735 1.8931, 2.9317 -0.9564 1.8747, 2.9673 -0.9412 1.8546, 2.9739 -0.8095 1.7247, 2.9371 -0.8531 1.7636, 2.9395 -0.8016 1.722, 2.9742 -0.8032 1.7201, 2.9808 -0.6578 1.6142, 2.9436 -0.7133 1.6507, 2.9475 -0.6234 1.5974, 2.9822 -0.6239 1.5967, 2.9503 -0.5577 1.5585, 2.9878 -0.4909 1.5276, 2.9555 -0.4267 1.5046, 2.9902 -0.4265 1.5056, 2.9569 -0.3913 1.49, 2.9945 -0.3146 1.4674, 2.998 -0.2165 1.4494, 2.9633 -0.2193 1.4466, 2.9633 -0.217 1.4463, 3.0009 -0.1349 1.4345, 3.0054 0.0001 1.4295, 2.9691 -0.0472 1.4281, 2.9707 -0.0001 1.4295, 3.0067 0.0426 1.4279, 2.9747 0.1233 1.4333, 3.0127 0.217 1.4465, 2.978 0.2165 1.4492, 3.0128 0.2216 1.447, 2.9808 0.296 1.4627, 3.0194 0.4005 1.4931, 2.9858 0.4268 1.5047, 3.0205 0.4268 1.5042, 2.9873 0.4662 1.5174, 3.0263 0.573 1.5662, 2.9938 0.6249 1.5949, 3.0285 0.6234 1.5972, 2.9939 0.6284 1.5966, 3.0333 0.7332 1.6648, 3.0006 0.7776 1.6984, 3.0365 0.8012 1.7223, 3.0018 0.8022 1.721, 3.0401 0.8758 1.7852, 3.0071 0.9091 1.8193, 3.0443 0.9553 1.8757, 3.0096 0.9553 1.8756, 3.0465 0.9967 1.9228, 3.0131 1.02 1.9547, 3.0516 1.0813 2.0529, 3.0169 1.0804 2.0535, 3.0524 1.0938 2.0721, 3.0187 1.1088 2.1001, 3.0584 1.1691 2.2349, 3.0243 1.174 2.2499, 3.059 1.1736 2.2499, 3.0246 1.178 2.259, 3.065 1.2215 2.4116, 3.0309 1.2254 2.4302, 3.0668 1.2283 2.4605, 3.0321 1.2292 2.4603, 3.0718 1.2474 2.597, 3.0376 1.2481 2.6088, 3.0748 1.2465 2.6771, 3.0401 1.2469 2.6771, 3.0788 1.2453 2.7851, 3.0443 1.2449 2.7896, 3.0828 1.2277 2.8937, 3.0481 1.2279 2.8937, 3.0856 1.2153 2.9695, 3.0508 1.216 2.9668, 3.0906 1.1723 3.104, 3.0559 1.1728 3.1041, 3.0921 1.1594 3.1445, 3.0571 1.163 3.1354, 3.0628 1.0891 3.2907, 3.104 0.9803 3.4527, 3.0685 0.995 3.4338, 3.1053 0.956 3.4792, 3.0706 0.9555 3.4788, 3.1105 0.856 3.5881, 3.0747 0.8788 3.5661, 3.1131 0.8014 3.6322, 3.0784 0.8014 3.6323, 3.1174 0.7106 3.7056, 3.0812 0.7426 3.6827, 3.1211 0.6232 3.7567, 3.0864 0.6238 3.7578, 3.0879 0.5899 3.7792, 3.1243 0.5482 3.8006, 3.1291 0.4264 3.849, 3.0944 0.4275 3.8516, 3.0945 0.4251 3.8526, 3.1312 0.3743 3.8698, 3.1369 0.2167 3.9068, 3.1009 0.2538 3.9011, 3.1022 0.2168 3.9061, 3.1377 0.1951 3.9119, 3.1169 -0.2167 3.9059, 3.1516 -0.2165 3.9054, 3.1496 -0.1614 3.9167, 3.1437 0.0165 3.9271, 3.1069 0.0813 3.9245, 3.1443 0.0001 3.9261, 3.1095 0.0 3.9243, 3.1124 -0.0889 3.924, 3.1561 -0.341 3.8798, 3.1184 -0.2615 3.8995, 3.1594 -0.4263 3.8485, 3.1246 -0.4274 3.8514, 3.1248 -0.4326 3.8499, 3.1629 -0.5163 3.8156, 3.1315 -0.5969 3.7754, 3.1674 -0.6235 3.7569, 3.1327 -0.624 3.7581, 3.1699 -0.6813 3.7252, 3.1754 -0.8022 3.633, 3.1382 -0.749 3.6779, 3.1407 -0.8015 3.6324, 3.1767 -0.8303 3.6116, 3.1447 -0.8844 3.5605, 3.1832 -0.9575 3.4806, 3.1485 -0.9553 3.4787, 3.1833 -0.9588 3.4792, 3.1509 -0.9996 3.4276, 3.1894 -1.064 3.3333, 3.1558 -1.0815 3.3015, 3.1906 -1.0807 3.3012, 3.1565 -1.0927 3.2842, 3.1952 -1.1463 3.1758, 3.1623 -1.1658 3.1281, 3.1979 -1.1715 3.1036, 3.1632 -1.1732 3.1042, 3.2016 -1.2067 3.0032, 3.1685 -1.2178 2.9591, 3.2057 -1.2277 2.8936, 3.171 -1.228 2.8938, 3.2084 -1.2418 2.8201, 3.1751 -1.2456 2.7816, 3.2137 -1.2474 2.6771, 3.179 -1.2468 2.6771, 3.2154 -1.2492 2.6322, 3.1818 -1.2477 2.6008, 3.2217 -1.23 2.4602, 3.187 -1.2289 2.4604, 3.2223 -1.2284 2.4458, 3.1884 -1.2238 2.4224, 3.2289 -1.1808 2.2671, 3.1947 -1.1754 2.2517, 3.2295 -1.1735 2.2501, 3.1948 -1.1745 2.2497, 3.235 -1.1095 2.1013, 3.2006 -1.1053 2.0934, 3.2369 -1.0802 2.0536, 3.2021 -1.0806 2.0534, 3.2409 -1.0168 1.9501, 3.2062 -1.0156 1.9484, 3.2442 -0.955 1.8758, 3.2095 -0.9552 1.8756, 3.2472 -0.9002 1.8099, 3.2123 -0.9037 1.8136, 3.252 -0.8016 1.7217, 3.2173 -0.802 1.7213, 3.2539 -0.7614 1.6858, 3.2188 -0.7713 1.6935, 3.26 -0.6241 1.596, 3.2253 -0.6248 1.5949, 3.2254 -0.6215 1.5926, 3.2609 -0.6042 1.5829, 3.2678 -0.4335 1.5047, 3.2321 -0.4588 1.5144, 3.268 -0.4274 1.503, 3.2333 -0.4269 1.5044, 3.2745 -0.2554 1.4535, 3.2386 -0.2883 1.4609, 3.2758 -0.2168 1.4484, 3.2411 -0.2166 1.4491, 3.2807 -0.0759 1.4295, 3.2446 -0.1156 1.4325, 3.2832 -0.0 1.4302, 3.2484 0.0001 1.4297, 3.2865 0.1013 1.4313, 3.2502 0.0548 1.4284, 3.2905 0.2166 1.4492, 3.2557 0.217 1.4468, 3.2928 0.281 1.4592, 3.2561 0.227 1.4479, 3.2983 0.4269 1.5045, 3.2624 0.3988 1.4925, 3.2635 0.4268 1.5042, 3.2995 0.4584 1.5143, 3.3063 0.6249 1.5948, 3.269 0.5649 1.5621, 3.2716 0.6234 1.5973, 3.3064 0.6275 1.5961, 3.3133 0.7824 1.7023, 3.2757 0.7199 1.6553, 3.3143 0.8023 1.7209, 3.2796 0.8015 1.722, 3.2823 0.8589 1.769, 3.32 0.9182 1.829, 3.2874 0.9562 1.875, 3.3221 0.9553 1.8755, 3.2885 0.9783 1.8991, 3.3263 1.0314 1.971, 3.2943 1.0759 2.0408, 3.3294 1.0798 2.0537, 3.2947 1.0818 2.0525, 3.3321 1.1209 2.124, 3.3 1.1528 2.1939, 3.3368 1.1724 2.2506, 3.3021 1.172 2.2505, 3.3383 1.1891 2.2919, 3.3061 1.2092 2.3606, 3.3446 1.2302 2.4603, 3.3099 1.2279 2.4607, 3.345 1.2331 2.472, 3.3127 1.2421 2.5368, 3.3519 1.2499 2.659, 3.3179 1.2477 2.6773, 3.3526 1.2488 2.6771, 3.3194 1.2494 2.7174, 3.3589 1.2385 2.8466, 3.3259 1.2308 2.8942, 3.3606 1.2284 2.8937, 3.326 1.2306 2.8968, 3.3656 1.1996 3.0286, 3.3324 1.1869 3.0694, 3.3684 1.1715 3.1035, 3.3337 1.1727 3.1039, 3.3719 1.1358 3.1992, 3.3384 1.1209 3.2305, 3.3757 1.08 3.3008, 3.341 1.08 3.3007, 3.3777 1.0505 3.3547, 3.3439 1.0353 3.3777, 3.3831 0.9563 3.4797, 3.3484 0.9557 3.4792, 3.3839 0.9419 3.499, 3.3499 0.9278 3.5148, 3.3905 0.8102 3.6291, 3.3561 0.8032 3.6344, 3.3909 0.8031 3.6342, 3.3563 0.7993 3.6383, 3.3974 0.6586 3.7396, 3.363 0.6526 3.7433, 3.3989 0.6239 3.7576, 3.3642 0.6241 3.758, 3.4044 0.4918 3.8264, 3.3697 0.4921 3.8262, 3.4069 0.4265 3.8487, 3.3722 0.4265 3.8489, 3.4112 0.3155 3.8867, 3.3762 0.3227 3.8848, 3.4147 0.2165 3.9049, 3.38 0.2165 3.9053, 3.4175 0.1358 3.9198, 3.3823 0.1501 3.9181, 3.422 -0.0001 3.9249, 3.3873 -0.0001 3.9259, 3.4234 -0.0417 3.9265, 3.388 -0.0208 3.927, 3.3938 -0.1924 3.9123, 3.4024 -0.4264 3.849, 3.4372 -0.4268 3.8501, 3.4361 -0.3996 3.8616, 3.4 -0.3648 3.8728, 3.443 -0.5721 3.7885, 3.4066 -0.5325 3.8081, 3.4452 -0.6234 3.7571, 3.4105 -0.6234 3.7569, 3.4499 -0.7324 3.6901, 3.4133 -0.69 3.7194, 3.4532 -0.8012 3.6321, 3.4185 -0.8022 3.633, 3.4199 -0.8326 3.6095, 3.4567 -0.8751 3.5698, 3.461 -0.9553 3.4787, 3.4262 -0.9562 3.4823, 3.4263 -0.9574 3.4806, 3.4632 -0.9962 3.4323, 3.4683 -1.0814 3.3014, 3.4321 -1.0582 3.3425, 3.4336 -1.0805 3.3011, 3.469 -1.0933 3.2831, 3.4751 -1.1688 3.1203, 3.4377 -1.1389 3.1923, 3.441 -1.1718 3.1036, 3.4757 -1.1735 3.1044, 3.4438 -1.1998 3.028, 3.4816 -1.2212 2.9437, 3.4487 -1.2288 2.8937, 3.4835 -1.2283 2.8938, 3.4502 -1.2375 2.8532, 3.4885 -1.2474 2.7583, 3.4568 -1.2497 2.6771, 3.4915 -1.2465 2.6772, 3.4569 -1.25 2.6731, 3.4954 -1.2454 2.5702, 3.4636 -1.2364 2.493, 3.4995 -1.2277 2.4606, 3.4648 -1.2291 2.4605, 3.5023 -1.2156 2.3857, 3.47 -1.1975 2.3187, 3.5073 -1.1724 2.2504, 3.4726 -1.1718 2.2507, 3.5088 -1.1597 2.2107, 3.4761 -1.1357 2.1549, 3.5146 -1.0824 2.0522, 3.4799 -1.0803 2.0534, 3.5147 -1.0814 2.0502, 3.4817 -1.0541 2.0053, 3.5207 -0.9809 1.9024, 3.4872 -0.957 1.8741, 3.522 -0.956 1.8752, 3.4876 -0.951 1.866, 3.5272 -0.8567 1.7669, 3.4939 -0.8265 1.7394, 3.5298 -0.8014 1.7222, 3.495 -0.8024 1.7211, 3.534 -0.7114 1.6493, 3.5005 -0.6832 1.6304, 3.5378 -0.6232 1.5977, 3.5031 -0.6235 1.5973, 3.541 -0.5491 1.5542, 3.5072 -0.525 1.5428, 3.5458 -0.4264 1.5053, 3.5111 -0.4264 1.5055, 3.5478 -0.3752 1.4848, 3.5138 -0.357 1.4792, 3.5536 -0.2167 1.4475, 3.5189 -0.2166 1.448, 3.5544 -0.196 1.4426, 3.52 -0.1846 1.4409, 3.5604 -0.0174 1.4273, 3.5258 -0.0131 1.4272, 3.5609 -0.0001 1.4283, 3.5262 -0.0 1.428, 3.5663 0.1605 1.4375, 3.5315 0.1579 1.4372, 3.5683 0.2165 1.449, 3.5336 0.2165 1.4489, 3.5727 0.34 1.4743, 3.5376 0.3305 1.4717, 3.5761 0.4263 1.5058, 3.5413 0.4265 1.5055, 3.5795 0.5154 1.5384, 3.5442 0.4996 1.5313, 3.5841 0.6235 1.5974, 3.5494 0.6239 1.5966, 3.5865 0.6804 1.6286, 3.5508 0.6596 1.6154, 3.5921 0.8022 1.7213, 3.5574 0.8034 1.7198, 3.5575 0.8055 1.7213, 3.5934 0.8295 1.7421, 3.5999 0.9575 1.8737, 3.5639 0.9331 1.8455, 3.5652 0.9559 1.8749, 3.5999 0.9582 1.8744, 3.606 1.0635 2.0203, 3.5698 1.0396 1.9832, 3.6072 1.0807 2.0531, 3.5725 1.08 2.0536, 3.6119 1.1459 2.1777, 3.5754 1.1243 2.1309, 3.6146 1.1715 2.2507, 3.5798 1.1724 2.2505, 3.6183 1.2065 2.3502, 3.5814 1.1894 2.2926, 3.6224 1.2277 2.4607, 3.5876 1.2306 2.4602, 3.625 1.2417 2.5333, 3.5878 1.232 2.4656, 3.6304 1.2475 2.6773, 3.5945 1.2496 2.6451, 3.5956 1.2481 2.6771, 3.632 1.2492 2.7212, 3.6384 1.2301 2.8941, 3.6011 1.2412 2.8256, 3.6037 1.228 2.8936, 3.6389 1.2286 2.9076, 3.6455 1.1811 3.0863, 3.6077 1.2072 3.0016, 3.6462 1.1735 3.1042, 3.6114 1.1718 3.1037, 3.6138 1.1497 3.1678, 3.6517 1.1099 3.2522, 3.6188 1.0814 3.3016, 3.6535 1.0802 3.3007, 3.6195 1.072 3.3201, 3.6575 1.0173 3.4035, 3.6252 0.9734 3.4614, 3.6609 0.955 3.4785, 3.6261 0.9564 3.4796, 3.6638 0.9008 3.5438, 3.6315 0.853 3.5909, 3.6686 0.8016 3.6326, 3.6339 0.8016 3.6324, 3.6706 0.7622 3.6679, 3.6381 0.7131 3.7038, 3.6767 0.6242 3.7584, 3.6419 0.6234 3.757, 3.6775 0.605 3.771, 3.6448 0.5576 3.7959, 3.6844 0.4344 3.8493, 3.65 0.4267 3.8498, 3.6847 0.4274 3.8513, 3.6514 0.3911 3.8644, 3.6911 0.2563 3.9006, 3.6577 0.2191 3.9078, 3.6925 0.2168 3.9059, 3.6578 0.217 3.908, 3.6973 0.0768 3.9248, 3.6636 0.047 3.9263, 3.6998 0.0 3.9241, 3.6651 0.0001 3.9248, 3.7031 -0.1004 3.9231, 3.6692 -0.1235 3.9211, 3.7072 -0.2166 3.9052, 3.6724 -0.2165 3.9052, 3.7094 -0.28 3.8954, 3.6753 -0.2962 3.8916, 3.7149 -0.4269 3.8499, 3.6802 -0.4268 3.8496, 3.7161 -0.4575 3.8404, 3.6817 -0.4664 3.8369, 3.723 -0.6249 3.7596, 3.6882 -0.6249 3.7594, 3.723 -0.6267 3.7587, 3.6884 -0.6286 3.7576, 3.73 -0.7817 3.6526, 3.6951 -0.7777 3.6558, 3.731 -0.8023 3.6334, 3.6963 -0.8022 3.6333, 3.7367 -0.9176 3.526, 3.7015 -0.9093 3.5349, 3.7388 -0.9553 3.4788, 3.704 -0.9553 3.4788, 3.7429 -1.0309 3.3841, 3.7076 -1.0201 3.3995, 3.7461 -1.0798 3.3006, 3.7114 -1.0804 3.3008, 3.7487 -1.1205 3.2312, 3.7132 -1.1089 3.254, 3.7535 -1.1724 3.1038, 3.7187 -1.174 3.1044, 3.755 -1.1888 3.0634, 3.7191 -1.1781 3.0951, 3.7254 -1.2254 2.924, 3.7345 -1.2469 2.6772, 3.7693 -1.2487 2.6772, 3.7686 -1.2499 2.6963, 3.732 -1.2481 2.7453, 3.7755 -1.2386 2.5087, 3.7387 -1.2449 2.5646, 3.7773 -1.2284 2.4607, 3.7426 -1.2279 2.4606, 3.7822 -1.1999 2.3267, 3.7453 -1.2159 2.3873, 3.7851 -1.1715 2.2508, 3.7503 -1.1728 2.2502, 3.7515 -1.1629 2.2188, 3.7886 -1.1362 2.156, 3.7924 -1.08 2.0535, 3.7573 -1.089 2.0635, 3.7577 -1.0818 2.0526, 3.7944 -1.051 2.0004, 3.7997 -0.9564 1.8746, 3.7629 -0.9949 1.9204, 3.765 -0.9555 1.8755, 3.8005 -0.9425 1.8561, 3.7691 -0.8787 1.7881, 3.8072 -0.8109 1.7259, 3.7728 -0.8014 1.722, 3.8075 -0.8031 1.7202, 3.7756 -0.7425 1.6716, 3.8141 -0.6594 1.6153, 3.7808 -0.6238 1.5966, 3.8156 -0.6239 1.5967, 3.7823 -0.5897 1.575, 3.821 -0.4927 1.5284, 3.7889 -0.4274 1.5027, 3.8236 -0.4265 1.5056, 3.789 -0.425 1.5016, 3.8278 -0.3164 1.4679, 3.7954 -0.2536 1.4532, 3.8313 -0.2165 1.4494, 3.7966 -0.2168 1.4482, 3.8342 -0.1367 1.4347, 3.8013 -0.0811 1.4298, 3.8387 0.0001 1.4294, 3.804 -0.0 1.4301, 3.84 0.0408 1.4278, 3.8069 0.0891 1.4303, 3.846 0.217 1.4464, 3.8113 0.2167 1.4485, 3.8461 0.2198 1.4466, 3.8129 0.2617 1.4549, 3.8527 0.3986 1.4924, 3.8191 0.4274 1.5029, 3.8538 0.4268 1.5043, 3.8193 0.4328 1.5045, 3.8596 0.5713 1.5654, 3.8259 0.5971 1.579, 3.8618 0.6234 1.5973, 3.8271 0.624 1.5962, 3.8665 0.7316 1.6637, 3.8326 0.7492 1.6766, 3.8699 0.8012 1.7223, 3.8351 0.8015 1.7219, 3.8734 0.8744 1.7839, 3.8391 0.8846 1.794, 3.8777 0.9553 1.8757, 3.8429 0.9553 1.8756, 3.8798 0.9956 1.9213, 3.8453 0.9997 1.9268, 3.885 1.0814 2.0529, 3.8503 1.0815 2.0529, 3.8857 1.0929 2.0705, 3.851 1.0928 2.0703, 3.8917 1.1685 2.2331, 3.8567 1.1659 2.2264, 3.8923 1.1735 2.25, 3.8576 1.1732 2.2501, 3.8982 1.221 2.4097, 3.863 1.2178 2.3954, 3.9001 1.2282 2.4605, 3.8654 1.228 2.4606, 3.9051 1.2473 2.595, 3.8696 1.2456 2.5729, 3.9081 1.2465 2.6771, 3.8734 1.2468 2.6772, 3.9121 1.2455 2.7831, 3.8763 1.2477 2.7537, 3.9162 1.2277 2.8937, 3.8815 1.2288 2.8939, 3.8829 1.2237 2.9322, 3.9189 1.2158 2.9677, 3.9254 1.1601 3.1427, 3.9039 0.9552 3.4787, 3.9386 0.9559 3.4792, 3.9373 0.9815 3.4512, 3.9006 1.0155 3.4061, 3.9438 0.8574 3.5867, 3.9067 0.9036 3.5409, 3.9464 0.8014 3.6321, 3.9117 0.8019 3.633, 3.9506 0.7122 3.7045, 3.9132 0.7711 3.661, 3.9544 0.6232 3.7567, 3.9197 0.6248 3.7595, 3.9199 0.6213 3.7618, 3.9576 0.5499 3.7997, 3.9625 0.4265 3.8491, 3.9265 0.4586 3.84, 3.9277 0.4269 3.8499, 3.9645 0.3762 3.8692, 3.9703 0.2168 3.9069, 3.933 0.2881 3.8935, 3.9355 0.2166 3.9052, 3.971 0.1969 3.9116, 3.9391 0.1155 3.9218, 3.977 0.0183 3.927, 3.9429 -0.0001 3.9246, 3.9776 0.0001 3.926, 3.9447 -0.0549 3.926, 3.9829 -0.1595 3.9169, 3.9502 -0.217 3.9075, 3.9849 -0.2165 3.9053, 3.9505 -0.2271 3.9064, 3.9893 -0.3391 3.8803, 3.9569 -0.399 3.8618, 3.9927 -0.4263 3.8485, 3.958 -0.4268 3.8501, 3.9961 -0.5145 3.8164, 3.9635 -0.5651 3.7921, 4.0007 -0.6235 3.7569, 3.966 -0.6234 3.7571, 4.0031 -0.6796 3.7263, 3.9702 -0.72 3.699, 4.0088 -0.8022 3.6331, 3.974 -0.8015 3.6323, 4.01 -0.8288 3.6129, 3.9768 -0.859 3.5852, 4.0166 -0.9576 3.4807, 3.9818 -0.9562 3.4794, 4.0166 -0.9576 3.4806, 3.983 -0.9785 3.4551, 4.0227 -1.063 3.3349, 3.9888 -1.076 3.3133, 4.0239 -1.0806 3.3012, 3.9892 -1.0818 3.3018, 4.0285 -1.1455 3.1775, 3.9944 -1.1529 3.1603, 4.0312 -1.1715 3.1036, 3.9965 -1.172 3.1038, 4.0349 -1.2062 3.0051, 4.0006 -1.2093 2.9936, 4.039 -1.2278 2.8936, 4.0043 -1.2279 2.8936, 4.0417 -1.2416 2.822, 4.0071 -1.2421 2.8173, 4.047 -1.2475 2.6771, 4.0123 -1.2477 2.6771, 4.0486 -1.2493 2.6342, 4.0138 -1.2493 2.6367, 4.0551 -1.2301 2.4602, 4.0204 -1.2308 2.4601, 4.0205 -1.2305 2.4574, 4.0555 -1.2288 2.4477, 4.0268 -1.1868 2.2848, 4.0622 -1.1814 2.2689, 4.0629 -1.1734 2.2502, 4.0281 -1.1727 2.2504, 4.0683 -1.1103 2.103, 4.0328 -1.1208 2.1237, 4.0702 -1.0802 2.0536, 4.0355 -1.08 2.0536, 4.0741 -1.0179 1.9516, 4.0384 -1.0352 1.9765, 4.0775 -0.955 1.8758, 4.0428 -0.9557 1.8751, 4.0805 -0.9015 1.8113, 4.0444 -0.9277 1.8394, 4.0853 -0.8016 1.7217, 4.0506 -0.8032 1.7199, 4.0872 -0.763 1.687, 4.0508 -0.7991 1.716, 4.0933 -0.6242 1.5959, 4.0574 -0.6524 1.611, 4.0586 -0.6241 1.5963, 4.0941 -0.6059 1.5838, 4.1011 -0.4353 1.5054, 4.0641 -0.4919 1.528, 4.1014 -0.4274 1.5028, 4.0666 -0.4265 1.5054, 4.1047 -0.3394 1.4741, 4.0706 -0.3225 1.4695, 4.1047 -0.2171 1.4462, 4.1047 0.6207 1.5922, 4.1047 0.4275 1.5026, 4.101 0.5326 1.5463, 4.0969 0.4264 1.5054, 4.0945 0.3649 1.4816, 4.1047 0.2171 1.4462, 4.0891 0.2167 1.4476, 4.1047 0.0 1.4272, 4.0824 0.0209 1.4273, 4.0882 0.1926 1.4421, 4.0744 -0.2165 1.449, 4.0768 -0.1499 1.4362, 4.0817 0.0001 1.4284, 2.6087 -0.0512 3.8945, 2.6087 -0.0496 3.7193, 2.6087 -0.1543 3.8919, 2.6087 -0.246 3.6911, 2.6087 -0.2186 3.8851, 2.6087 -0.4334 3.6262, 2.6087 -0.4472 3.8371, 2.6087 -0.3979 3.8504, 2.6087 -0.3515 3.863, 2.6087 -0.2539 3.8813, 2.6087 0.616 3.6745, 2.6087 0.5217 3.5807, 2.6087 0.5954 3.6898, 2.6087 0.5939 3.6908, 2.6087 0.3412 3.6631, 2.6087 0.2999 3.8345, 2.6087 0.3392 3.822, 2.6087 -1.2202 2.6381, 2.6087 -1.2249 2.6845, 2.6087 -1.0433 2.6772, 2.6087 -1.2267 2.7846, 2.6087 -1.0245 2.8746, 2.6087 -1.215 2.5862, 2.6087 -1.0245 2.4797, 2.6087 -1.1974 2.4897, 2.6087 0.8714 3.4258, 2.6087 0.9187 3.3579, 2.6087 0.8201 3.3221, 2.6087 0.9555 3.2955, 2.6087 0.9273 3.1552, 2.6087 0.9674 3.2753, 2.6087 1.0086 3.1899, 2.6087 0.6832 3.4656, 2.6087 0.8101 3.5008, 2.6087 0.8647 3.434, 2.6087 0.6714 3.6332, 2.6087 0.7433 3.5699, 2.6087 0.7508 3.5622, 2.6087 0.4278 3.7852, 2.6087 0.4641 3.7665, 2.6087 0.5132 3.7411, 2.6087 0.2376 3.8543, 2.6087 0.1485 3.7099, 2.6087 0.1426 3.8757, 2.6087 -1.2248 2.8158, 2.6087 -1.2206 2.8823, 2.6087 -1.2066 2.9794, 2.6087 -1.2037 2.9925, 2.6087 -0.9686 3.0649, 2.6087 -0.8777 3.2412, 2.6087 -0.7551 3.3971, 2.6087 -0.6052 3.527, 2.6087 -0.7551 1.9572, 2.6087 -0.8563 1.883, 2.6087 -0.8673 1.8943, 2.6087 -0.0424 3.894, 2.6087 0.0465 3.889, 2.6087 0.1294 3.8775, 2.6087 -1.0656 2.1514, 2.6087 -1.099 2.2124, 2.6087 -0.9686 2.2894, 2.6087 -1.1387 2.3007, 2.6087 -1.1388 2.301, 2.6087 -1.1722 2.3951, 2.6087 -1.1908 2.4649, 2.6087 -1.053 2.1285, 2.6087 -0.8777 2.1131, 2.6087 -1.0011 2.0492, 2.6087 -0.931 1.9608, 2.6087 -0.9429 1.9745, 2.6087 -0.9761 2.017, 2.6087 -0.923 1.9516, 2.6087 0.0181 1.5749, 2.6087 -0.058 1.5708, 2.6087 -0.0496 1.635, 2.6087 -0.1337 1.573, 2.6087 -0.246 1.6633, 2.6087 -0.1509 1.5735, 2.6087 -0.2443 1.5839, 2.6087 0.208 1.5974, 2.6087 0.185 1.5934, 2.6087 0.1485 1.6445, 2.6087 -0.6052 1.8273, 2.6087 -0.7399 1.7878, 2.6087 -0.7847 1.8207, 2.6087 -0.4334 1.7281, 2.6087 -0.4467 1.6346, 2.6087 -0.5221 1.6633, 2.6087 -0.6083 1.7047, 2.6087 -0.6277 1.7152, 2.6087 -0.7084 1.7648, 2.6087 0.1625 1.5896, 2.6087 0.07 1.5797, 2.6087 0.0339 1.5757, 2.6087 0.6832 1.8887, 2.6087 0.7033 1.8318, 2.6087 0.6702 1.8066, 2.6087 -0.5984 1.6999, 2.6087 0.8362 1.963, 2.6087 0.8201 2.0322, 2.6087 0.8934 2.0361, 2.6087 0.9099 2.0612, 2.6087 -0.29 1.5929, 2.6087 -0.3426 1.6034, 2.6087 -0.4335 1.6296, 2.6087 0.2986 1.6188, 2.6087 0.3412 1.6912, 2.6087 0.3557 1.6375, 2.6087 0.5217 1.7736, 2.6087 0.6308 1.7765, 2.6087 0.5526 1.7265, 2.6087 0.9435 2.1123, 2.6087 0.9273 2.1991, 2.6087 0.9879 2.1941, 2.6087 1.0558 2.3705, 2.6087 1.0544 2.3649, 2.6087 1.001 2.3832, 2.6087 1.0239 2.2762, 2.6087 0.994 2.2081, 2.6087 0.5196 1.7091, 2.6087 0.4703 1.6832, 2.6087 0.3838 1.6467, 2.6087 0.8146 1.9398, 2.6087 0.8016 1.9258, 2.6087 0.7728 1.8948, 2.6087 1.0386 2.578, 2.6087 1.0919 2.5468, 2.6087 1.077 2.4552, 2.6087 1.001 2.9711, 2.6087 1.0715 2.9929, 2.6087 1.0851 2.9245, 2.6087 1.0956 2.8288, 2.6087 1.0979 2.7389, 2.6087 1.0386 2.7763, 2.6087 1.0981 2.7242, 2.6087 1.0989 2.6377, 2.6087 1.0955 2.8323, 2.6087 1.024 3.1497, 2.6087 1.0423 3.1015, 2.6087 1.0671 3.0153, 4.1047 1.1722 2.6049, 4.1047 1.1686 2.6812, 4.1047 1.0236 2.6772, 4.1047 0.9503 2.2967, 4.1047 1.1028 2.2008, 4.1047 1.1319 2.2931, 4.1047 1.1664 2.4813, 4.1047 1.0051 2.4834, 4.1047 1.1531 2.3867, 4.1047 1.1432 2.343, 4.1047 0.9105 1.8578, 4.1047 0.7408 1.9708, 4.1047 0.8474 1.7844, 4.1047 0.821 1.758, 4.1047 -0.1477 3.7665, 4.1047 -0.1574 3.7655, 4.1047 -0.1457 3.6904, 4.1047 0.3489 3.719, 4.1047 0.2982 3.7356, 4.1047 0.2413 3.6719, 4.1047 1.1682 2.5111, 4.1047 1.1721 2.5769, 4.1047 1.1722 2.5991, 4.1047 1.0192 2.0193, 4.1047 0.8611 2.1238, 4.1047 0.9683 1.9369, 4.1047 0.9344 1.8905, 4.1047 0.7773 1.7146, 4.1047 0.5938 1.8434, 4.1047 0.7018 1.6505, 4.1047 1.0259 2.0323, 4.1047 1.0632 2.1046, 4.1047 1.0951 2.1821, 4.1047 0.668 3.5506, 4.1047 0.6651 3.5527, 4.1047 0.5938 3.511, 4.1047 -0.6164 1.6126, 4.1047 -0.5118 1.7907, 4.1047 -0.6965 1.671, 4.1047 -0.6703 1.9036, 4.1047 -0.7438 1.7118, 4.1047 0.2077 3.757, 4.1047 0.1781 3.7614, 4.1047 0.0487 3.6996, 4.1047 0.1159 3.7707, 4.1047 0.3874 3.7063, 4.1047 0.4252 3.6083, 4.1047 0.4699 3.6714, 4.1047 0.4252 1.746, 4.1047 0.687 1.6398, 4.1047 -1.1199 2.8703, 4.1047 -1.1322 2.8092, 4.1047 -1.019 2.7745, 4.1047 -0.499 3.6566, 4.1047 -0.5118 3.5637, 4.1047 -0.4263 3.6908, 4.1047 -0.3348 3.6445, 4.1047 -0.3393 3.7232, 4.1047 1.1676 2.7014, 4.1047 1.1551 2.7965, 4.1047 1.0051 2.8709, 4.1047 1.1441 2.8477, 4.1047 1.135 2.8899, 4.1047 -0.4329 1.5118, 4.1047 -0.3542 1.4794, 4.1047 -0.3348 1.7098, 4.1047 -0.1457 1.664, 4.1047 0.0487 1.6547, 4.1047 0.2413 1.6824, 4.1047 -0.5966 1.6004, 4.1047 -0.5326 1.5612, 4.1047 -0.4451 1.5168, 4.1047 -0.8704 1.841, 4.1047 -0.8414 1.8064, 4.1047 -0.7725 1.7366, 4.1047 -0.1625 3.7645, 4.1047 -0.2496 3.7481, 4.1047 -0.3336 3.7247, 4.1047 0.0249 3.7765, 4.1047 0.0077 3.7762, 4.1047 -0.0683 3.7747, 4.1047 -0.9046 1.8818, 4.1047 -0.8046 2.0444, 4.1047 -0.962 1.9625, 4.1047 1.1039 2.9909, 4.1047 1.0978 3.006, 4.1047 0.9503 3.0576, 4.1047 1.0682 3.079, 4.1047 1.0316 3.1517, 4.1047 -1.055 2.1335, 4.1047 -0.9098 2.2081, 4.1047 -1.09 2.2227, 4.1047 -0.9822 2.3888, 4.1047 -1.1111 2.2932, 4.1047 -1.1175 2.3147, 4.1047 -1.0935 2.9616, 4.1047 -0.9822 2.9656, 4.1047 -1.0891 2.9732, 4.1047 -0.9414 3.2595, 4.1047 -0.9767 3.2083, 4.1047 -0.9098 3.1462, 4.1047 -1.0238 3.126, 4.1047 -1.0594 3.051, 4.1047 0.5918 3.604, 4.1047 0.5524 3.628, 4.1047 0.5133 3.6485, 4.1047 0.849 3.4016, 4.1047 0.7818 3.4648, 4.1047 0.7408 3.3835, 4.1047 0.7301 3.5057, 4.1047 0.7094 3.5221, 4.1047 0.9489 3.2821, 4.1047 0.8611 3.2306, 4.1047 0.9778 3.2423, 4.1047 1.026 3.1629, 4.1047 -1.0542 2.132, 4.1047 -1.0124 2.0469, 4.1047 -0.9741 1.9827, 4.1047 -1.144 2.4635, 4.1047 -1.1381 2.4141, 4.1047 -1.1176 2.315, 4.1047 -0.8046 3.3099, 4.1047 -0.8639 3.3575, 4.1047 -0.9235 3.2854, 4.1047 -0.5088 3.652, 4.1047 -0.5895 3.6055, 4.1047 -0.6703 3.4508, 4.1047 -0.6517 3.5623, 4.1047 -0.6631 3.5544, 4.1047 0.9234 3.3172, 4.1047 0.9113 3.3322, 4.1047 0.8492 3.4015, 4.1047 -1.1494 2.5083, 4.1047 -1.019 2.5799, 4.1047 -1.1528 2.6033, 4.1047 -1.1387 2.7773, 4.1047 -1.1483 2.699, 4.1047 -1.1512 2.6375, 4.1047 -0.7352 3.4949, 4.1047 -0.7858 3.4454, 4.1047 -0.8016 3.4299, 0.7016 1.2598 4.0125, 0.778 1.2598 3.9557, 1.1857 1.2598 3.1588, 1.1912 1.2598 3.0541, -0.117 1.2598 4.207, 1.1913 1.2598 3.0315, 0.7976 1.2598 0.1575, 1.1913 1.2598 -0.0394, 0.7976 1.2598 -0.0394, -1.1648 1.2598 3.1587, -1.1535 1.2598 3.2528, -0.5199 1.2598 4.1025, -0.4658 1.2598 4.1243, -0.4252 1.2598 4.1407, -0.7772 1.2598 -0.0394, -1.1709 1.2598 -0.0394, -0.7772 1.2598 0.1575, -1.1709 1.2598 3.0315, -1.1665 1.2598 3.1441, -1.0658 1.2598 3.5504, -1.0355 1.2598 3.6116, -1.022 1.2598 3.6391, -0.9792 1.2598 3.709, -0.9707 1.2598 3.7229, -0.9139 1.2598 3.7992, -0.9128 1.2598 3.8008, -0.3554 1.2598 4.1621, -0.3255 1.2598 4.1712, -0.2391 1.2598 4.1898, 0.7796 1.2598 3.9545, 0.8485 1.2598 3.8931, 0.8602 1.2598 3.8815, 1.0559 1.2598 3.6116, 1.0813 1.2598 3.5617, 1.1031 1.2598 3.5075, -1.1478 1.2598 3.2807, -1.1322 1.2598 3.3566, -1.1202 1.2598 3.3971, -1.1027 1.2598 3.4562, -1.0826 1.2598 3.5075, -0.8513 1.2598 3.8698, -0.8398 1.2598 3.8815, -0.7677 1.2598 3.9473, -0.7572 1.2598 3.9553, -0.6904 1.2598 4.0061, -0.6671 1.2598 4.0207, -0.6079 1.2598 4.0578, -0.5698 1.2598 4.0771, -0.2238 1.2598 4.1931, -0.118 1.2598 4.2069, -0.0123 1.2598 4.2124, 0.0102 1.2598 4.2126, 0.1228 1.2598 4.2082, 1.1719 1.2598 3.2655, 1.1857 1.2598 3.1598, 0.9341 1.2598 3.799, 0.9261 1.2598 3.8095, 0.1375 1.2598 4.2065, 0.2315 1.2598 4.1952, 0.2595 1.2598 4.1895, 0.3354 1.2598 4.1739, 0.3759 1.2598 4.1619, 0.4349 1.2598 4.1445, 0.9848 1.2598 3.7322, 0.9994 1.2598 3.7089, 1.1408 1.2598 3.3972, 1.15 1.2598 3.3673, 1.1686 1.2598 3.2808, 0.4863 1.2598 4.1244, 0.5291 1.2598 4.1076, 0.5904 1.2598 4.0773, 0.6178 1.2598 4.0637, 0.6878 1.2598 4.0209, 1.0365 1.2598 3.6497, 1.1195 1.2598 3.4669, -1.2496 -0.3358 4.1712, -1.2496 -0.2493 4.1898, -1.2496 0.7874 0.1575, -1.2496 -0.234 4.1931, -1.2496 -0.1283 4.2069, -1.2496 -0.1273 4.207, -1.2496 1.1755 3.1588, -1.2496 -0.0226 4.2124, -1.2496 1.1809 3.0541, -1.2496 1.1811 3.0315, -1.2496 1.1811 -0.0394, -1.2496 0.7874 -0.0394, -1.2496 -0.7874 -0.0394, -1.2496 -1.1811 -0.0394, -1.2496 -0.7874 0.1575, -1.2496 -1.1811 3.0315, -1.2496 0.0 4.2126, -1.2496 0.1126 4.2082, -1.2496 0.1272 4.2065, -1.2496 0.2213 4.1952, -1.2496 0.2492 4.1895, -1.2496 0.3251 4.1739, -1.2496 0.3656 4.1619, -1.2496 0.4247 4.1445, -1.2496 0.476 4.1244, -1.2496 1.1397 3.3673, -1.2496 1.1583 3.2808, -1.2496 -1.1767 3.1441, -1.2496 -1.175 3.1587, -1.2496 -1.1637 3.2528, -1.2496 -1.158 3.2807, -1.2496 -1.1424 3.3566, -1.2496 -1.1304 3.3971, -1.2496 -0.7007 4.0061, -1.2496 -0.6774 4.0207, -1.2496 -0.6182 4.0578, -1.2496 -1.113 3.4562, -1.2496 -1.0929 3.5075, -1.2496 -1.0761 3.5504, -1.2496 -0.923 3.8008, -1.2496 -0.8616 3.8698, -1.2496 -0.85 3.8815, -1.2496 -0.5801 4.0771, -1.2496 -0.5302 4.1025, -1.2496 -0.476 4.1243, -1.2496 -0.4354 4.1407, -1.2496 -0.3657 4.1621, -1.2496 1.1616 3.2655, -1.2496 1.1754 3.1598, -1.2496 -1.0458 3.6116, -1.2496 -1.0322 3.6391, -1.2496 -0.9894 3.709, -1.2496 -0.981 3.7229, -1.2496 -0.9242 3.7992, -1.2496 -0.778 3.9473, -1.2496 -0.7675 3.9553, -1.2496 0.9238 3.799, -1.2496 0.5189 4.1076, -1.2496 0.5802 4.0773, -1.2496 0.6076 4.0637, -1.2496 0.6775 4.0209, -1.2496 0.9746 3.7322, -1.2496 0.9892 3.7089, -1.2496 1.0263 3.6497, -1.2496 1.0456 3.6116, -1.2496 1.071 3.5617, -1.2496 1.0928 3.5075, -1.2496 1.1092 3.4669, -1.2496 1.1306 3.3972, -1.2496 0.6914 4.0125, -1.2496 0.7677 3.9557, -1.2496 0.7693 3.9545, -1.2496 0.8383 3.8931, -1.2496 0.85 3.8815, -1.2496 0.9158 3.8095, 0.7976 -1.2598 0.1575, 0.7976 -1.2598 -0.0394, 1.1913 -1.2598 -0.0394, -1.1652 -1.2598 3.1588, -1.1707 -1.2598 3.0541, 1.1913 -1.2598 3.0315, -1.1709 -1.2598 3.0315, -0.7772 -1.2598 0.1575, -1.1709 -1.2598 -0.0394, -0.7772 -1.2598 -0.0394, -1.1514 -1.2598 3.2655, -1.1652 -1.2598 3.1598, -0.7575 -1.2598 3.9557, -0.6811 -1.2598 4.0125, 0.7109 -1.2598 4.0061, 0.6876 -1.2598 4.0207, 0.6284 -1.2598 4.0578, 0.5903 -1.2598 4.0771, 0.5404 -1.2598 4.1025, 0.4863 -1.2598 4.1243, 0.4456 -1.2598 4.1407, 0.3759 -1.2598 4.1621, 0.346 -1.2598 4.1712, 0.2595 -1.2598 4.1898, 0.2442 -1.2598 4.1931, 0.1385 -1.2598 4.2069, -0.211 -1.2598 4.1952, -0.239 -1.2598 4.1895, 1.187 -1.2598 3.1441, 1.1852 -1.2598 3.1587, 1.174 -1.2598 3.2528, -1.0608 -1.2598 3.5617, -1.0826 -1.2598 3.5075, -1.099 -1.2598 3.4669, -1.1203 -1.2598 3.3972, -1.1295 -1.2598 3.3673, -1.1481 -1.2598 3.2808, 1.0863 -1.2598 3.5504, 1.056 -1.2598 3.6116, 1.0425 -1.2598 3.6391, -0.3149 -1.2598 4.1739, -0.3554 -1.2598 4.1619, -0.4144 -1.2598 4.1445, -0.4658 -1.2598 4.1244, -0.5087 -1.2598 4.1076, -0.5699 -1.2598 4.0773, -0.5973 -1.2598 4.0637, -0.6673 -1.2598 4.0209, 1.1682 -1.2598 3.2807, 1.1526 -1.2598 3.3566, 1.1407 -1.2598 3.3971, 1.1232 -1.2598 3.4562, 1.1031 -1.2598 3.5075, 0.9997 -1.2598 3.709, 0.9912 -1.2598 3.7229, 0.9344 -1.2598 3.7992, 0.1375 -1.2598 4.207, 0.0328 -1.2598 4.2124, 0.0102 -1.2598 4.2126, -0.7591 -1.2598 3.9545, -0.828 -1.2598 3.8931, -0.9136 -1.2598 3.799, -0.8398 -1.2598 3.8815, -0.9056 -1.2598 3.8095, -0.9644 -1.2598 3.7322, -0.979 -1.2598 3.7089, -1.016 -1.2598 3.6497, -1.0354 -1.2598 3.6116, 0.9332 -1.2598 3.8008, 0.8718 -1.2598 3.8698, 0.8602 -1.2598 3.8815, -0.1023 -1.2598 4.2082, -0.117 -1.2598 4.2065, 0.7882 -1.2598 3.9473, 0.7777 -1.2598 3.9553, 0.7976 -0.7874 -0.0394, 1.2701 -0.7874 -0.0394, 1.2701 -1.1811 -0.0394, 1.2534 -1.2295 -0.0394, 1.2397 -1.2432 -0.0394, 1.2634 -1.2129 -0.0394, 1.269 -1.1943 -0.0394, 1.2231 -1.2532 -0.0394, 1.2045 -1.2587 -0.0394, 1.2701 0.7874 -0.0394, 0.7976 0.7874 -0.0394, 1.2701 1.1811 -0.0394, 1.2045 1.2587 -0.0394, 1.269 1.1943 -0.0394, 1.2231 1.2532 -0.0394, 1.2634 1.2129 -0.0394, 1.2397 1.2432 -0.0394, 1.2534 1.2295 -0.0394, -0.7772 0.7874 -0.0394, -1.2485 1.1943 -0.0394, -1.1841 1.2587 -0.0394, -1.2429 1.2129 -0.0394, -1.2026 1.2532 -0.0394, -1.233 1.2295 -0.0394, -1.2193 1.2432 -0.0394, 1.2701 -1.1811 3.0315, 1.2701 -0.7874 0.1575, 1.2701 0.7874 0.1575, 1.2701 1.1811 3.0315, 1.2701 0.0 4.2126, 1.2701 -0.1126 4.2082, 1.2701 -0.0496 3.7193, 1.2701 -0.7551 1.9572, 1.2701 -0.8777 2.1131, 1.2701 0.7007 4.0061, 1.2701 0.3412 3.6631, 1.2701 0.5217 3.5807, 1.2701 0.6832 3.4656, 1.2701 0.923 3.8008, 1.2701 0.8616 3.8698, 1.2701 0.85 3.8815, 1.2701 1.0322 3.6391, 1.2701 0.9894 3.709, 1.2701 1.0386 2.7763, 1.2701 1.001 2.9711, 1.2701 1.1767 3.1441, 1.2701 0.9273 3.1552, 1.2701 1.175 3.1587, 1.2701 1.1637 3.2528, 1.2701 0.8201 2.0322, 1.2701 0.6832 1.8887, 1.2701 0.5217 1.7736, 1.2701 -0.246 1.6633, 1.2701 -0.4334 1.7281, 1.2701 -0.6052 1.8273, 1.2701 -0.9686 2.2894, 1.2701 -1.0245 2.4797, 1.2701 -0.7551 3.3971, 1.2701 -1.0456 3.6116, 1.2701 -1.071 3.5617, 1.2701 0.234 4.1931, 1.2701 0.1283 4.2069, 1.2701 0.1485 3.7099, 1.2701 0.1273 4.207, 1.2701 0.0226 4.2124, 1.2701 0.3657 4.1621, 1.2701 0.4354 4.1407, 1.2701 0.3358 4.1712, 1.2701 0.2493 4.1898, 1.2701 0.6774 4.0207, 1.2701 0.6182 4.0578, 1.2701 0.5801 4.0771, 1.2701 0.5302 4.1025, 1.2701 0.476 4.1243, 1.2701 0.778 3.9473, 1.2701 0.7675 3.9553, 1.2701 1.113 3.4562, 1.2701 1.0929 3.5075, 1.2701 0.8201 3.3221, 1.2701 1.0761 3.5504, 1.2701 1.0458 3.6116, 1.2701 0.981 3.7229, 1.2701 0.9242 3.7992, 1.2701 1.158 3.2807, 1.2701 1.1424 3.3566, 1.2701 1.1304 3.3971, 1.2701 0.3412 1.6912, 1.2701 0.1485 1.6445, 1.2701 -0.0496 1.635, 1.2701 -1.0433 2.6772, 1.2701 -1.0245 2.8746, 1.2701 -1.1809 3.0541, 1.2701 -0.9686 3.0649, 1.2701 -1.1755 3.1588, 1.2701 -1.0928 3.5075, 1.2701 -1.1092 3.4669, 1.2701 -0.8777 3.2412, 1.2701 -1.1306 3.3972, 1.2701 -1.1397 3.3673, 1.2701 -0.9238 3.799, 1.2701 -0.6052 3.527, 1.2701 -0.9158 3.8095, 1.2701 -0.85 3.8815, 1.2701 -0.9746 3.7322, 1.2701 -0.9892 3.7089, 1.2701 -1.0263 3.6497, 1.2701 -0.6076 4.0637, 1.2701 -0.6775 4.0209, 1.2701 -0.4334 3.6262, 1.2701 -0.6914 4.0125, 1.2701 -0.3251 4.1739, 1.2701 -0.3656 4.1619, 1.2701 -0.246 3.6911, 1.2701 -0.4247 4.1445, 1.2701 1.0386 2.578, 1.2701 1.001 2.3832, 1.2701 0.9273 2.1991, 1.2701 -0.7677 3.9557, 1.2701 -0.7693 3.9545, 1.2701 -0.8383 3.8931, 1.2701 -0.476 4.1244, 1.2701 -0.5189 4.1076, 1.2701 -0.5802 4.0773, 1.2701 -0.1272 4.2065, 1.2701 -0.2213 4.1952, 1.2701 -0.2492 4.1895, 1.2701 -1.1583 3.2808, 1.2701 -1.1616 3.2655, 1.2701 -1.1754 3.1598, 0.3354 -1.1424 4.2913, 0.3759 -1.1304 4.2913, 1.1857 -0.1273 4.2913, 0.0102 -1.1811 4.2913, 0.1375 1.1755 4.2913, -0.0123 -1.1809 4.2913, 0.0328 1.1809 4.2913, -0.117 -1.1755 4.2913, 0.0102 1.1811 4.2913, -0.3149 1.1424 4.2913, -0.3554 1.1304 4.2913, -1.1652 0.1273 4.2913, 0.7796 -0.923 4.2913, 0.8485 -0.8616 4.2913, 0.8602 -0.85 4.2913, 1.0559 -0.5801 4.2913, 1.0813 -0.5302 4.2913, 1.1031 -0.476 4.2913, 1.1912 -0.0226 4.2913, 1.1913 -0.0 4.2913, 1.187 0.1126 4.2913, 1.1852 0.1272 4.2913, 1.174 0.2213 4.2913, 1.1682 0.2492 4.2913, 0.9912 0.6914 4.2913, 0.9344 0.7677 4.2913, 0.1228 -1.1767 4.2913, 0.1375 -1.175 4.2913, 0.2315 -1.1637 4.2913, 0.2595 -1.158 4.2913, 0.4349 -1.113 4.2913, 0.4863 -1.0929 4.2913, 0.5291 -1.0761 4.2913, 0.5904 -1.0458 4.2913, 0.6178 -1.0322 4.2913, 0.6878 -0.9894 4.2913, 0.7016 -0.981 4.2913, 0.778 -0.9242 4.2913, 1.1719 -0.234 4.2913, 1.1857 -0.1283 4.2913, 0.9341 -0.7675 4.2913, 0.9261 -0.778 4.2913, -0.7591 0.923 4.2913, -0.828 0.8616 4.2913, -0.8398 0.85 4.2913, -1.0354 0.5801 4.2913, -1.0608 0.5302 4.2913, -1.0826 0.476 4.2913, -1.1707 0.0226 4.2913, -1.1709 -0.0 4.2913, -1.1665 -0.1126 4.2913, -1.1648 -0.1272 4.2913, -1.1535 -0.2213 4.2913, -1.1478 -0.2492 4.2913, -0.9707 -0.6914 4.2913, -0.9139 -0.7677 4.2913, 0.9848 -0.7007 4.2913, 0.9994 -0.6774 4.2913, 1.1408 -0.3657 4.2913, 1.15 -0.3358 4.2913, 1.1686 -0.2493 4.2913, 1.1526 0.3251 4.2913, 1.1407 0.3656 4.2913, 1.1232 0.4247 4.2913, 1.1031 0.476 4.2913, 1.0863 0.5189 4.2913, 1.056 0.5802 4.2913, 1.0425 0.6076 4.2913, 0.9997 0.6775 4.2913, 0.7109 0.9746 4.2913, 0.6876 0.9892 4.2913, 0.6284 1.0263 4.2913, 0.5903 1.0456 4.2913, 0.5404 1.071 4.2913, 0.4863 1.0928 4.2913, 0.4456 1.1092 4.2913, -0.1023 1.1767 4.2913, -0.117 1.175 4.2913, -0.211 1.1637 4.2913, -0.239 1.158 4.2913, -0.4144 1.113 4.2913, -0.4658 1.0929 4.2913, -0.5087 1.0761 4.2913, -0.5699 1.0458 4.2913, -0.5973 1.0322 4.2913, -0.6673 0.9894 4.2913, -0.6811 0.981 4.2913, -0.7575 0.9242 4.2913, -1.1514 0.234 4.2913, -1.1652 0.1283 4.2913, -0.9136 0.7675 4.2913, -0.9056 0.778 4.2913, 1.0365 -0.6182 4.2913, 1.1195 -0.4354 4.2913, 0.3759 1.1306 4.2913, 0.346 1.1397 4.2913, 0.2595 1.1583 4.2913, -0.9644 0.7007 4.2913, -0.979 0.6774 4.2913, -1.1203 0.3657 4.2913, -1.1295 0.3358 4.2913, -1.1481 0.2493 4.2913, -1.1322 -0.3251 4.2913, -1.1202 -0.3656 4.2913, -1.1027 -0.4247 4.2913, -1.0826 -0.476 4.2913, -1.0658 -0.5189 4.2913, -1.0355 -0.5802 4.2913, -1.022 -0.6076 4.2913, -0.9792 -0.6775 4.2913, -0.6904 -0.9746 4.2913, -0.6671 -0.9892 4.2913, -0.6079 -1.0263 4.2913, -0.5698 -1.0456 4.2913, -0.5199 -1.071 4.2913, -0.4658 -1.0928 4.2913, -0.4252 -1.1092 4.2913, 0.9332 0.7693 4.2913, 0.8718 0.8383 4.2913, 0.8602 0.85 4.2913, 0.2442 1.1616 4.2913, 0.1385 1.1754 4.2913, -1.016 0.6182 4.2913, -1.099 0.4354 4.2913, -0.3554 -1.1306 4.2913, -0.3255 -1.1397 4.2913, -0.2391 -1.1583 4.2913, 0.7882 0.9158 4.2913, 0.7777 0.9238 4.2913, -0.9128 -0.7693 4.2913, -0.8513 -0.8383 4.2913, -0.8398 -0.85 4.2913, -0.2238 -1.1616 4.2913, -0.118 -1.1754 4.2913, -0.7677 -0.9158 4.2913, -0.7572 -0.9238 4.2913, -0.7772 -0.7874 -0.0394, -1.2193 -1.2432 -0.0394, -1.233 -1.2295 -0.0394, -1.2429 -1.2129 -0.0394, -1.2485 -1.1943 -0.0394, -1.1841 -1.2587 -0.0394, -1.2026 -1.2532 -0.0394, 0.7976 -0.7874 0.1575, 0.7976 0.7874 0.1575, -0.7772 0.7874 0.1575, -0.7772 -0.7874 0.1575, -0.0324 0.7862 0.1575, -0.2004 0.7587 0.1575, -0.7588 -0.1693 0.1575, -0.7772 -0.0 0.1575, -0.7588 0.1693 0.1575, -0.7044 0.3306 0.1575, 0.1376 0.777 0.1575, 0.3017 0.7315 0.1575, 0.7564 0.2514 0.1575, 0.793 0.0851 0.1575, 0.793 -0.0851 0.1575, 0.7564 -0.2514 0.1575, 0.6849 -0.4059 0.1575, 0.5819 -0.5415 0.1575, 0.4521 -0.6517 0.1575, 0.3017 -0.7315 0.1575, -0.3586 0.6957 0.1575, -0.4995 0.6001 0.1575, -0.6166 0.4765 0.1575, 0.6849 0.4059 0.1575, 0.5819 0.5415 0.1575, 0.4521 0.6517 0.1575, -0.7044 -0.3306 0.1575, -0.6166 -0.4765 0.1575, -0.4995 -0.6001 0.1575, -0.3586 -0.6957 0.1575, -0.2004 -0.7587 0.1575, -0.0324 -0.7862 0.1575, 0.1376 -0.777 0.1575
            ]
        }
        coordIndex [
            0,1,2,-1,3,4,5,-1,1,6,2,-1,2,6,7,-1,2,7,8,-1,8,7,9,-1,8,9,10,-1,10,11,8,-1,8,11,12,-1,8,12,13,-1,14,13,15,-1,15,13,12,-1,15,12,5,-1,5,12,0,-1,5,0,3,-1,3,0,2,-1,16,17,18,-1,18,17,19,-1,18,19,20,-1,20,19,21,-1,20,21,22,-1,22,21,23,-1,22,23,24,-1,24,23,25,-1,24,25,26,-1,26,25,27,-1,26,27,28,-1,28,27,29,-1,28,29,30,-1,30,29,31,-1,30,31,32,-1,32,31,33,-1,32,33,34,-1,34,33,35,-1,34,35,36,-1,36,35,37,-1,36,37,38,-1,38,37,39,-1,38,39,40,-1,40,39,41,-1,40,41,42,-1,42,41,43,-1,42,43,44,-1,44,43,45,-1,44,45,46,-1,46,45,47,-1,46,47,48,-1,48,47,49,-1,48,49,50,-1,50,49,16,-1,50,16,18,-1,51,52,53,-1,53,54,51,-1,51,54,55,-1,51,55,56,-1,57,58,59,-1,59,58,56,-1,59,56,60,-1,60,56,55,-1,60,55,61,-1,61,55,62,-1,63,64,65,-1,63,65,66,-1,66,65,67,-1,66,67,68,-1,68,67,69,-1,68,69,70,-1,70,69,71,-1,71,69,72,-1,71,72,73,-1,74,75,76,-1,76,75,77,-1,76,77,78,-1,78,77,79,-1,78,79,80,-1,80,79,81,-1,80,81,82,-1,82,81,83,-1,82,83,84,-1,84,83,85,-1,84,85,86,-1,86,85,87,-1,86,87,88,-1,88,87,89,-1,88,89,90,-1,90,89,91,-1,90,91,92,-1,92,91,93,-1,92,93,94,-1,94,93,95,-1,94,95,96,-1,96,95,97,-1,96,97,98,-1,98,97,99,-1,98,99,100,-1,100,99,101,-1,100,101,102,-1,102,101,103,-1,102,103,72,-1,72,103,104,-1,72,104,73,-1,105,106,107,-1,107,106,108,-1,109,110,111,-1,112,113,114,-1,115,116,117,-1,118,119,120,-1,121,122,123,-1,123,122,124,-1,124,122,125,-1,125,122,126,-1,125,126,127,-1,127,126,128,-1,128,126,129,-1,128,129,130,-1,130,129,131,-1,131,129,132,-1,131,132,133,-1,134,135,136,-1,136,135,137,-1,134,136,138,-1,138,136,139,-1,138,139,140,-1,140,139,141,-1,140,141,132,-1,132,141,142,-1,132,142,133,-1,137,135,143,-1,143,135,144,-1,143,144,145,-1,144,146,145,-1,145,146,147,-1,145,147,148,-1,148,147,149,-1,147,150,149,-1,149,150,151,-1,149,151,152,-1,152,151,153,-1,151,154,153,-1,153,154,155,-1,153,155,156,-1,156,155,157,-1,155,158,157,-1,157,158,159,-1,157,159,160,-1,160,159,161,-1,160,161,162,-1,162,161,163,-1,162,163,164,-1,164,163,165,-1,164,165,166,-1,166,165,167,-1,166,167,168,-1,168,167,169,-1,168,169,170,-1,170,169,171,-1,170,171,172,-1,172,171,173,-1,172,173,174,-1,174,173,175,-1,174,175,176,-1,176,175,177,-1,176,177,178,-1,178,177,179,-1,178,179,180,-1,180,179,181,-1,180,181,182,-1,182,181,183,-1,182,183,184,-1,184,183,185,-1,184,185,186,-1,186,185,187,-1,186,187,188,-1,188,187,189,-1,188,189,190,-1,190,189,191,-1,190,191,192,-1,192,191,193,-1,192,193,194,-1,194,193,195,-1,194,195,196,-1,196,195,197,-1,196,197,198,-1,198,197,199,-1,198,199,200,-1,200,199,201,-1,200,201,202,-1,202,201,203,-1,202,203,204,-1,204,203,205,-1,204,205,206,-1,205,207,206,-1,206,207,208,-1,206,208,209,-1,209,208,210,-1,209,210,211,-1,211,210,212,-1,212,210,213,-1,212,213,214,-1,214,213,215,-1,214,215,216,-1,216,215,217,-1,216,217,218,-1,218,217,219,-1,218,219,220,-1,220,219,221,-1,220,221,222,-1,222,221,223,-1,222,223,224,-1,223,225,224,-1,224,225,226,-1,224,226,227,-1,227,226,228,-1,226,229,228,-1,228,229,230,-1,228,230,231,-1,231,230,232,-1,232,230,233,-1,232,233,234,-1,234,233,235,-1,234,235,236,-1,236,235,237,-1,236,237,238,-1,238,237,239,-1,238,239,240,-1,240,239,241,-1,240,241,242,-1,242,241,243,-1,242,243,244,-1,244,243,245,-1,244,245,246,-1,245,247,246,-1,246,247,248,-1,246,248,249,-1,249,248,250,-1,251,252,253,-1,253,252,254,-1,253,254,255,-1,248,256,250,-1,250,256,257,-1,250,257,258,-1,258,257,259,-1,258,259,260,-1,260,259,261,-1,260,261,262,-1,262,261,263,-1,262,263,264,-1,264,263,265,-1,264,265,266,-1,266,265,267,-1,266,267,268,-1,268,267,269,-1,268,269,270,-1,270,269,271,-1,270,271,272,-1,272,271,273,-1,272,273,274,-1,274,273,275,-1,274,275,276,-1,276,275,277,-1,276,277,278,-1,278,277,279,-1,278,279,280,-1,280,279,281,-1,280,281,282,-1,282,281,283,-1,282,283,284,-1,284,283,285,-1,284,285,286,-1,286,285,287,-1,286,287,288,-1,288,287,289,-1,288,289,290,-1,290,289,291,-1,290,291,292,-1,292,291,293,-1,292,293,294,-1,294,293,295,-1,294,295,296,-1,296,295,297,-1,296,297,298,-1,298,297,299,-1,298,299,300,-1,300,299,301,-1,300,301,302,-1,302,301,303,-1,302,303,304,-1,304,303,305,-1,304,305,251,-1,251,305,306,-1,251,306,252,-1,255,254,307,-1,307,254,308,-1,307,308,309,-1,309,308,310,-1,309,310,311,-1,311,310,312,-1,311,312,313,-1,313,312,314,-1,313,314,315,-1,315,314,316,-1,315,316,317,-1,317,316,318,-1,317,318,319,-1,319,318,320,-1,319,320,321,-1,320,322,321,-1,321,322,323,-1,321,323,324,-1,324,323,325,-1,323,326,325,-1,325,326,327,-1,325,327,328,-1,328,327,329,-1,327,330,329,-1,329,330,331,-1,329,331,332,-1,332,331,333,-1,332,333,334,-1,334,333,335,-1,334,335,336,-1,336,335,337,-1,336,337,338,-1,338,337,339,-1,337,340,339,-1,339,340,341,-1,339,341,342,-1,342,341,343,-1,341,344,343,-1,343,344,345,-1,343,345,346,-1,346,345,347,-1,346,347,348,-1,348,347,349,-1,348,349,350,-1,350,349,351,-1,350,351,352,-1,352,351,353,-1,352,353,354,-1,354,353,355,-1,354,355,356,-1,356,355,357,-1,356,357,358,-1,358,357,359,-1,358,359,360,-1,360,359,361,-1,360,361,362,-1,362,361,363,-1,362,363,364,-1,364,363,365,-1,364,365,366,-1,366,365,367,-1,366,367,368,-1,368,367,369,-1,368,369,370,-1,370,369,371,-1,370,371,372,-1,372,371,373,-1,372,373,374,-1,374,373,375,-1,374,375,376,-1,376,375,377,-1,376,377,378,-1,378,377,379,-1,378,379,380,-1,380,379,381,-1,380,381,382,-1,382,381,383,-1,382,383,384,-1,384,383,385,-1,384,385,386,-1,386,385,387,-1,386,387,388,-1,388,387,389,-1,388,389,390,-1,390,389,391,-1,390,391,392,-1,392,391,393,-1,392,393,394,-1,394,393,395,-1,394,395,119,-1,119,395,396,-1,119,396,120,-1,118,120,397,-1,397,120,398,-1,397,398,399,-1,399,398,400,-1,399,400,401,-1,401,400,402,-1,401,402,403,-1,403,402,404,-1,403,404,405,-1,405,404,406,-1,405,406,407,-1,406,408,407,-1,407,408,409,-1,407,409,410,-1,410,409,411,-1,409,412,411,-1,411,412,413,-1,411,413,414,-1,414,413,415,-1,413,416,415,-1,415,416,417,-1,415,417,418,-1,419,420,421,-1,418,417,422,-1,422,417,423,-1,422,423,424,-1,424,423,425,-1,424,425,421,-1,421,425,426,-1,421,426,419,-1,420,419,427,-1,427,419,428,-1,427,428,429,-1,428,430,429,-1,429,430,431,-1,429,431,432,-1,432,431,433,-1,432,433,434,-1,434,433,435,-1,434,435,436,-1,436,435,437,-1,435,438,437,-1,437,438,439,-1,437,439,440,-1,440,439,441,-1,440,441,442,-1,442,441,443,-1,442,443,444,-1,444,443,445,-1,444,445,446,-1,446,445,447,-1,446,447,448,-1,448,447,449,-1,448,449,450,-1,450,449,451,-1,450,451,452,-1,452,451,453,-1,452,453,454,-1,454,453,455,-1,454,455,456,-1,456,455,457,-1,456,457,458,-1,458,457,459,-1,458,459,460,-1,460,459,461,-1,460,461,462,-1,462,461,463,-1,462,463,464,-1,464,463,465,-1,464,465,466,-1,466,465,467,-1,466,467,468,-1,468,467,469,-1,468,469,470,-1,470,469,471,-1,470,471,472,-1,472,471,473,-1,472,473,474,-1,474,473,475,-1,474,475,476,-1,476,475,477,-1,476,477,478,-1,478,477,479,-1,478,479,480,-1,480,479,481,-1,480,481,482,-1,482,481,483,-1,482,483,484,-1,484,483,485,-1,484,485,486,-1,485,487,486,-1,486,487,488,-1,486,488,489,-1,489,488,490,-1,490,488,491,-1,490,491,492,-1,492,491,493,-1,492,493,494,-1,494,493,495,-1,494,495,496,-1,496,495,497,-1,496,497,498,-1,498,497,499,-1,498,499,500,-1,500,499,501,-1,500,501,502,-1,502,501,503,-1,502,503,504,-1,504,503,505,-1,504,505,506,-1,506,505,507,-1,506,507,508,-1,507,509,508,-1,508,509,510,-1,508,510,511,-1,511,510,512,-1,510,513,512,-1,512,513,514,-1,512,514,515,-1,515,514,516,-1,516,514,517,-1,516,517,518,-1,517,519,518,-1,518,519,520,-1,518,520,521,-1,521,520,522,-1,521,522,523,-1,523,522,524,-1,523,524,525,-1,525,524,526,-1,525,526,527,-1,527,526,528,-1,527,528,529,-1,529,528,530,-1,529,530,531,-1,531,530,532,-1,531,532,533,-1,533,532,534,-1,533,534,535,-1,535,534,536,-1,535,536,537,-1,537,536,538,-1,537,538,539,-1,539,538,540,-1,539,540,541,-1,541,540,542,-1,541,542,543,-1,543,542,544,-1,543,544,545,-1,545,544,546,-1,545,546,547,-1,547,546,548,-1,547,548,549,-1,549,548,550,-1,549,550,551,-1,551,550,552,-1,551,552,553,-1,553,552,554,-1,553,554,555,-1,555,554,556,-1,555,556,557,-1,557,556,558,-1,557,558,559,-1,559,558,560,-1,559,560,561,-1,561,560,562,-1,561,562,563,-1,563,562,564,-1,563,564,565,-1,565,564,566,-1,565,566,567,-1,567,566,568,-1,567,568,569,-1,569,568,570,-1,569,570,571,-1,571,570,572,-1,571,572,573,-1,573,572,574,-1,573,574,575,-1,575,574,576,-1,575,576,577,-1,577,576,578,-1,577,578,579,-1,579,578,580,-1,579,580,581,-1,581,580,582,-1,581,582,116,-1,116,582,583,-1,116,583,117,-1,584,585,586,-1,115,117,586,-1,586,117,587,-1,586,587,584,-1,585,584,588,-1,588,584,589,-1,588,589,590,-1,590,589,591,-1,590,591,592,-1,592,591,593,-1,592,593,594,-1,593,595,594,-1,594,595,596,-1,594,596,597,-1,597,596,598,-1,596,599,598,-1,598,599,600,-1,598,600,601,-1,601,600,602,-1,600,603,602,-1,602,603,604,-1,602,604,605,-1,605,604,606,-1,604,607,606,-1,606,607,608,-1,606,608,609,-1,609,608,610,-1,609,610,611,-1,611,610,612,-1,611,612,613,-1,613,612,614,-1,613,614,615,-1,615,614,616,-1,615,616,617,-1,617,616,618,-1,617,618,619,-1,619,618,620,-1,619,620,621,-1,621,620,622,-1,621,622,623,-1,623,622,624,-1,623,624,625,-1,625,624,626,-1,625,626,627,-1,627,626,628,-1,627,628,629,-1,629,628,630,-1,629,630,631,-1,631,630,632,-1,631,632,633,-1,633,632,634,-1,633,634,635,-1,635,634,636,-1,635,636,637,-1,637,636,638,-1,637,638,639,-1,639,638,640,-1,639,640,641,-1,641,640,642,-1,641,642,643,-1,643,642,644,-1,643,644,645,-1,645,644,646,-1,645,646,647,-1,647,646,648,-1,647,648,649,-1,649,648,650,-1,649,650,651,-1,651,650,652,-1,651,652,653,-1,653,652,654,-1,653,654,655,-1,655,654,656,-1,655,656,657,-1,657,656,658,-1,657,658,659,-1,659,658,660,-1,659,660,661,-1,661,660,662,-1,661,662,663,-1,663,662,664,-1,663,664,665,-1,665,664,666,-1,665,666,667,-1,667,666,668,-1,667,668,669,-1,669,668,670,-1,669,670,671,-1,671,670,672,-1,671,672,673,-1,672,674,673,-1,673,674,675,-1,673,675,676,-1,676,675,677,-1,675,678,677,-1,677,678,679,-1,677,679,680,-1,680,679,681,-1,681,679,682,-1,681,682,683,-1,683,682,684,-1,683,684,685,-1,685,684,686,-1,685,686,687,-1,687,686,688,-1,687,688,689,-1,689,688,690,-1,689,690,691,-1,691,690,692,-1,691,692,693,-1,693,692,694,-1,693,694,695,-1,694,696,695,-1,695,696,697,-1,695,697,698,-1,698,697,699,-1,697,700,699,-1,699,700,701,-1,699,701,702,-1,702,701,703,-1,703,701,704,-1,703,704,705,-1,704,706,705,-1,705,706,707,-1,705,707,708,-1,708,707,709,-1,708,709,710,-1,710,709,711,-1,710,711,712,-1,712,711,713,-1,712,713,714,-1,714,713,715,-1,714,715,716,-1,716,715,717,-1,716,717,718,-1,718,717,719,-1,718,719,720,-1,720,719,721,-1,720,721,722,-1,722,721,723,-1,722,723,724,-1,724,723,725,-1,724,725,726,-1,726,725,727,-1,726,727,728,-1,728,727,729,-1,728,729,730,-1,730,729,731,-1,730,731,732,-1,732,731,733,-1,732,733,734,-1,734,733,735,-1,734,735,736,-1,736,735,737,-1,736,737,738,-1,738,737,739,-1,738,739,740,-1,740,739,741,-1,740,741,742,-1,742,741,743,-1,742,743,744,-1,744,743,745,-1,744,745,746,-1,746,745,747,-1,746,747,748,-1,748,747,749,-1,748,749,750,-1,750,749,751,-1,750,751,752,-1,752,751,753,-1,752,753,754,-1,754,753,755,-1,754,755,756,-1,756,755,757,-1,756,757,758,-1,758,757,759,-1,758,759,760,-1,760,759,761,-1,760,761,762,-1,762,761,763,-1,762,763,764,-1,764,763,765,-1,764,765,766,-1,766,765,767,-1,766,767,768,-1,768,767,769,-1,768,769,113,-1,113,769,770,-1,113,770,114,-1,771,772,773,-1,112,114,773,-1,773,114,774,-1,773,774,771,-1,772,771,775,-1,775,771,776,-1,775,776,777,-1,777,776,778,-1,777,778,779,-1,779,778,780,-1,779,780,781,-1,780,782,781,-1,781,782,783,-1,781,783,784,-1,784,783,785,-1,783,786,785,-1,785,786,787,-1,785,787,788,-1,788,787,789,-1,787,790,789,-1,789,790,791,-1,789,791,792,-1,792,791,793,-1,792,793,794,-1,794,793,795,-1,794,795,796,-1,796,795,797,-1,796,797,798,-1,798,797,799,-1,798,799,800,-1,800,799,801,-1,800,801,802,-1,802,801,803,-1,802,803,804,-1,804,803,805,-1,804,805,806,-1,806,805,807,-1,806,807,808,-1,808,807,809,-1,808,809,810,-1,810,809,811,-1,810,811,812,-1,812,811,813,-1,812,813,814,-1,814,813,815,-1,814,815,816,-1,816,815,817,-1,816,817,818,-1,818,817,819,-1,818,819,820,-1,820,819,821,-1,820,821,822,-1,822,821,823,-1,822,823,824,-1,824,823,825,-1,824,825,826,-1,826,825,827,-1,826,827,828,-1,828,827,829,-1,828,829,830,-1,830,829,831,-1,830,831,832,-1,832,831,833,-1,832,833,834,-1,834,833,835,-1,834,835,836,-1,836,835,837,-1,836,837,838,-1,838,837,839,-1,838,839,840,-1,840,839,841,-1,840,841,842,-1,842,841,843,-1,842,843,844,-1,844,843,845,-1,844,845,846,-1,846,845,847,-1,846,847,848,-1,848,847,849,-1,848,849,850,-1,850,849,851,-1,850,851,852,-1,852,851,853,-1,852,853,854,-1,854,853,855,-1,854,855,856,-1,856,855,857,-1,856,857,858,-1,109,111,858,-1,858,111,859,-1,858,859,856,-1,108,106,110,-1,110,106,860,-1,110,860,111,-1,861,862,863,-1,105,107,863,-1,863,107,864,-1,863,864,861,-1,862,861,865,-1,865,861,866,-1,865,866,867,-1,867,866,868,-1,867,868,869,-1,869,868,870,-1,869,870,871,-1,870,872,871,-1,871,872,873,-1,871,873,874,-1,874,873,875,-1,873,876,875,-1,875,876,877,-1,875,877,878,-1,878,877,879,-1,877,880,879,-1,879,880,881,-1,879,881,882,-1,882,881,883,-1,882,883,884,-1,884,883,885,-1,884,885,886,-1,886,885,887,-1,886,887,888,-1,888,887,889,-1,888,889,890,-1,890,889,891,-1,890,891,892,-1,892,891,893,-1,892,893,894,-1,894,893,895,-1,894,895,896,-1,896,895,897,-1,896,897,898,-1,898,897,899,-1,898,899,900,-1,900,899,901,-1,900,901,902,-1,902,901,903,-1,902,903,904,-1,904,903,905,-1,904,905,906,-1,906,905,907,-1,906,907,908,-1,908,907,909,-1,908,909,910,-1,910,909,911,-1,910,911,912,-1,912,911,913,-1,912,913,914,-1,914,913,915,-1,914,915,916,-1,916,915,917,-1,916,917,918,-1,918,917,919,-1,918,919,920,-1,920,919,921,-1,920,921,922,-1,922,921,923,-1,922,923,924,-1,924,923,925,-1,924,925,926,-1,926,925,927,-1,926,927,928,-1,927,929,928,-1,928,929,930,-1,928,930,931,-1,931,930,932,-1,931,932,933,-1,933,932,934,-1,934,932,935,-1,934,935,936,-1,936,935,937,-1,936,937,938,-1,938,937,939,-1,938,939,940,-1,940,939,941,-1,940,941,942,-1,942,941,943,-1,942,943,944,-1,944,943,945,-1,944,945,946,-1,946,945,947,-1,946,947,948,-1,948,947,949,-1,948,949,950,-1,949,951,950,-1,950,951,952,-1,950,952,953,-1,953,952,954,-1,954,952,955,-1,954,955,956,-1,956,955,957,-1,956,957,958,-1,958,957,959,-1,958,959,960,-1,961,962,963,-1,963,962,964,-1,964,962,965,-1,965,962,966,-1,965,966,967,-1,968,969,966,-1,966,969,970,-1,966,970,967,-1,959,971,960,-1,960,971,972,-1,960,972,968,-1,968,972,973,-1,968,973,969,-1,974,975,976,-1,976,975,977,-1,976,977,978,-1,979,121,980,-1,980,981,979,-1,979,981,982,-1,979,982,977,-1,977,982,983,-1,977,983,978,-1,984,985,986,-1,986,985,987,-1,988,989,990,-1,991,992,993,-1,993,992,994,-1,993,994,995,-1,991,993,996,-1,996,993,997,-1,996,997,998,-1,999,1000,1001,-1,1001,1000,1002,-1,1001,1002,1003,-1,1003,1002,1004,-1,1003,1004,1005,-1,1006,1007,1001,-1,1001,1007,1008,-1,1001,1008,999,-1,984,1009,985,-1,985,1009,1010,-1,985,1010,1006,-1,1006,1010,1011,-1,1006,1011,1007,-1,990,1012,988,-1,988,1012,1013,-1,988,1013,985,-1,985,1013,1014,-1,985,1014,987,-1,989,988,1015,-1,1015,988,1016,-1,1015,1016,1017,-1,994,1018,995,-1,995,1018,1019,-1,995,1019,1020,-1,1020,1021,995,-1,995,1021,138,-1,995,138,1022,-1,1022,138,140,-1,1022,140,1023,-1,1023,140,132,-1,1023,132,1024,-1,1024,132,129,-1,1024,129,1025,-1,1025,129,126,-1,1025,126,979,-1,979,126,122,-1,979,122,121,-1,1026,1027,1028,-1,974,1029,975,-1,975,1029,1030,-1,975,1030,1016,-1,1016,1030,1031,-1,1016,1031,1017,-1,1032,1033,1034,-1,1034,1033,1035,-1,1035,1036,1034,-1,1034,1036,1037,-1,1034,1037,997,-1,997,1037,1038,-1,997,1038,998,-1,1032,1034,1039,-1,1039,1034,1040,-1,1039,1040,1041,-1,1042,1043,1040,-1,1040,1043,1044,-1,1040,1044,1041,-1,1026,1028,1040,-1,1040,1028,1045,-1,1040,1045,1042,-1,1046,1047,1048,-1,1048,1047,1049,-1,1048,1049,1050,-1,1050,1049,1051,-1,1050,1051,1052,-1,1053,1054,1055,-1,1056,1057,1026,-1,1026,1057,1058,-1,1026,1058,1027,-1,1059,1060,1061,-1,1062,1063,1056,-1,1056,1063,1064,-1,1056,1064,1057,-1,1054,1065,1055,-1,1055,1065,1066,-1,1055,1066,1048,-1,1048,1066,1067,-1,1048,1067,1046,-1,1068,1069,1070,-1,1059,1061,1056,-1,1056,1061,1071,-1,1056,1071,1062,-1,1072,1073,1074,-1,1074,1073,1075,-1,1052,1076,1050,-1,1050,1076,1077,-1,1050,1077,1059,-1,1059,1077,1078,-1,1059,1078,1060,-1,1053,1055,1079,-1,1079,1055,1080,-1,1079,1080,1081,-1,1068,1070,1082,-1,1082,1070,1083,-1,1082,1083,1084,-1,1075,1073,1085,-1,1085,1073,1086,-1,1085,1086,1087,-1,1088,1089,1090,-1,1090,1089,1091,-1,1090,1091,1086,-1,1086,1091,1092,-1,1086,1092,1087,-1,1084,1093,1082,-1,1082,1093,1094,-1,1082,1094,1080,-1,1080,1094,1095,-1,1080,1095,1081,-1,1072,1096,1073,-1,1073,1096,1097,-1,1073,1097,1068,-1,1068,1097,1098,-1,1068,1098,1069,-1,1099,1100,1090,-1,1090,1100,1101,-1,1090,1101,1088,-1,1102,1103,1104,-1,1105,1106,1107,-1,1107,1106,1108,-1,1107,1108,1099,-1,1099,1108,1109,-1,1099,1109,1100,-1,1102,1104,1107,-1,1107,1104,1110,-1,1107,1110,1105,-1,1005,1111,1003,-1,1003,1111,1112,-1,1003,1112,1102,-1,1102,1112,1113,-1,1102,1113,1103,-1,1114,1115,1116,-1,1117,1118,1119,-1,1120,1121,1122,-1,1122,1121,1117,-1,1122,1117,1123,-1,1123,1117,1119,-1,1124,1125,1126,-1,1126,1125,1127,-1,1128,1129,1130,-1,1131,1132,1133,-1,1120,1134,1121,-1,1121,1134,1135,-1,1121,1135,1116,-1,1116,1135,1136,-1,1116,1136,1114,-1,1137,1138,1139,-1,1139,1138,1125,-1,1139,1125,1140,-1,1140,1125,1124,-1,1127,1125,1141,-1,1141,1125,1142,-1,1141,1142,1143,-1,1137,1144,1138,-1,1138,1144,1145,-1,1138,1145,1117,-1,1117,1145,1146,-1,1117,1146,1118,-1,1147,1148,1149,-1,1150,1151,1152,-1,1152,1151,1153,-1,1152,1153,1154,-1,1132,1155,1133,-1,1133,1155,1156,-1,1133,1156,1157,-1,1157,1156,1158,-1,1131,1133,1159,-1,1159,1133,1160,-1,1159,1160,1161,-1,1162,961,1142,-1,1142,961,1163,-1,1142,1163,1143,-1,1164,1165,1166,-1,1167,1168,1169,-1,1169,1168,1170,-1,1169,1170,1171,-1,1115,1172,1116,-1,1116,1172,1173,-1,1116,1173,1174,-1,1174,1173,1175,-1,1174,1175,1176,-1,1177,1178,1179,-1,1179,1178,958,-1,1179,958,1180,-1,1180,958,960,-1,1180,960,1181,-1,1181,960,968,-1,1181,968,1182,-1,1182,968,966,-1,1182,966,1162,-1,1162,966,962,-1,1162,962,961,-1,1150,1183,1151,-1,1151,1183,1184,-1,1151,1184,1179,-1,1179,1184,1185,-1,1179,1185,1177,-1,1186,1187,1153,-1,1153,1187,1188,-1,1153,1188,1154,-1,1129,1189,1130,-1,1130,1189,1190,-1,1130,1190,1170,-1,1170,1190,1191,-1,1170,1191,1171,-1,1158,1192,1157,-1,1157,1192,1193,-1,1157,1193,1130,-1,1130,1193,1194,-1,1130,1194,1128,-1,1186,1153,1195,-1,1195,1153,1196,-1,1195,1196,1197,-1,1176,1198,1174,-1,1174,1198,1199,-1,1174,1199,1200,-1,1200,1199,1201,-1,1200,1201,1202,-1,1203,1204,1205,-1,1205,1204,1206,-1,1205,1206,1207,-1,1207,1206,1208,-1,1164,1166,1209,-1,1209,1166,1210,-1,1209,1210,1211,-1,1212,1213,1214,-1,1214,1213,1215,-1,1214,1215,1210,-1,1210,1215,1216,-1,1210,1216,1211,-1,1148,1217,1149,-1,1149,1217,1218,-1,1149,1218,1160,-1,1160,1218,1219,-1,1160,1219,1161,-1,1220,1221,1222,-1,1222,1221,1223,-1,1222,1223,1149,-1,1149,1223,1224,-1,1149,1224,1147,-1,1225,1226,1227,-1,1227,1226,1200,-1,1227,1200,1228,-1,1228,1200,1202,-1,1203,1229,1204,-1,1204,1229,1230,-1,1204,1230,1196,-1,1196,1230,1231,-1,1196,1231,1197,-1,1232,1233,1206,-1,1206,1233,1234,-1,1206,1234,1208,-1,1235,1236,1214,-1,1214,1236,1237,-1,1214,1237,1212,-1,1167,1238,1168,-1,1168,1238,1239,-1,1168,1239,1240,-1,1240,1239,1241,-1,1240,1241,1242,-1,1225,1243,1226,-1,1226,1243,1244,-1,1226,1244,1222,-1,1222,1244,1245,-1,1222,1245,1220,-1,1232,1206,1246,-1,1246,1206,1247,-1,1246,1247,1248,-1,1165,1249,1166,-1,1166,1249,1250,-1,1166,1250,1247,-1,1247,1250,1251,-1,1247,1251,1248,-1,1242,1252,1240,-1,1240,1252,1253,-1,1240,1253,1235,-1,1235,1253,1254,-1,1235,1254,1236,-1,1255,1256,1257,-1,1257,1258,1259,-1,1259,1258,1260,-1,1259,1260,1261,-1,1261,1260,1262,-1,1261,1262,1263,-1,1261,1264,1265,-1,1266,1267,1261,-1,1261,1267,1268,-1,1269,1270,1271,-1,1271,1270,1272,-1,1271,1272,1261,-1,1261,1272,1273,-1,1261,1273,1264,-1,1274,1275,1261,-1,1261,1275,1276,-1,1261,1276,1277,-1,1277,1278,1261,-1,1261,1278,1279,-1,1261,1279,1280,-1,1268,1281,1261,-1,1261,1281,1282,-1,1261,1282,1283,-1,1256,1284,1257,-1,1257,1284,1285,-1,1257,1285,1286,-1,1287,1288,1289,-1,1265,1290,1261,-1,1261,1290,1291,-1,1261,1291,1292,-1,1292,1293,1261,-1,1261,1293,1294,-1,1261,1294,1274,-1,1280,1295,1261,-1,1261,1295,1296,-1,1261,1296,1297,-1,1297,1298,1261,-1,1261,1298,1299,-1,1261,1299,1300,-1,1300,1301,1261,-1,1261,1301,1302,-1,1261,1302,1266,-1,1283,1303,1261,-1,1261,1303,1304,-1,1261,1304,1259,-1,1259,1305,1257,-1,1257,1305,1306,-1,1257,1306,1307,-1,1308,1309,1310,-1,1310,1309,1257,-1,1310,1257,1311,-1,1311,1257,1286,-1,1307,1312,1257,-1,1257,1312,1313,-1,1257,1313,1314,-1,1314,1315,1257,-1,1257,1315,1316,-1,1257,1316,1317,-1,1310,1318,1319,-1,1320,1321,1310,-1,1310,1321,1322,-1,1310,1322,1308,-1,1317,1323,1257,-1,1257,1323,1324,-1,1257,1324,1325,-1,1325,1326,1257,-1,1257,1326,1327,-1,1257,1327,1255,-1,1328,1287,1319,-1,1319,1287,1289,-1,1319,1289,1310,-1,1310,1289,1329,-1,1310,1329,1320,-1,1330,1331,1332,-1,1331,1333,1332,-1,1332,1333,1334,-1,1332,1334,1335,-1,1336,1335,1337,-1,1336,1338,1335,-1,1335,1338,1339,-1,1335,1339,1332,-1,1332,1339,1340,-1,1332,1340,1341,-1,1342,1343,1344,-1,1344,1343,1345,-1,1344,1345,1332,-1,1337,1346,1336,-1,1336,1346,1347,-1,1336,1347,1348,-1,1348,1349,1336,-1,1336,1349,1350,-1,1336,1350,1351,-1,1351,1352,1336,-1,1336,1352,1353,-1,1336,1353,1354,-1,1355,1356,1354,-1,1345,1357,1332,-1,1332,1357,1358,-1,1332,1358,1359,-1,1359,1360,1332,-1,1332,1360,1361,-1,1332,1361,1362,-1,1363,1364,1332,-1,1332,1364,1365,-1,1362,1366,1332,-1,1332,1366,1367,-1,1332,1367,1368,-1,1369,1370,1332,-1,1332,1370,1371,-1,1365,1372,1332,-1,1332,1372,1373,-1,1332,1373,1374,-1,1374,1375,1332,-1,1332,1375,1376,-1,1332,1376,1330,-1,1356,1377,1354,-1,1354,1377,1378,-1,1354,1378,1336,-1,1368,1379,1332,-1,1332,1379,1380,-1,1332,1380,1381,-1,1381,1382,1332,-1,1332,1382,1383,-1,1332,1383,1369,-1,1371,1384,1332,-1,1332,1384,1385,-1,1332,1385,1363,-1,1386,1354,1387,-1,1387,1388,1386,-1,1386,1388,1389,-1,1386,1389,1390,-1,1386,1391,1354,-1,1354,1391,1392,-1,1354,1392,1393,-1,1393,1394,1354,-1,1354,1394,1395,-1,1354,1395,1396,-1,1396,1397,1354,-1,1354,1397,1398,-1,1354,1398,1355,-1,1390,1399,1386,-1,1386,1399,1400,-1,1386,1400,1401,-1,1401,1402,1386,-1,1386,1402,1403,-1,1386,1403,1404,-1,1405,1406,1407,-1,1408,1409,1410,-1,1410,1409,1411,-1,1407,1410,1405,-1,1405,1410,1411,-1,1405,1411,1412,-1,1412,1411,1413,-1,1412,1413,1414,-1,1415,1416,1417,-1,1417,1416,1408,-1,1417,1408,1418,-1,1419,1420,1408,-1,1408,1420,1421,-1,1421,1422,1408,-1,1408,1422,1423,-1,1408,1423,1424,-1,1424,1425,1408,-1,1408,1425,1426,-1,1408,1426,1427,-1,1427,1428,1408,-1,1408,1428,1429,-1,1408,1429,1430,-1,1431,1432,1408,-1,1410,1433,1408,-1,1408,1433,1434,-1,1408,1434,1435,-1,1436,1437,1417,-1,1417,1437,1438,-1,1417,1438,1439,-1,1439,1440,1417,-1,1417,1440,1441,-1,1417,1441,1415,-1,1442,1443,1408,-1,1408,1443,1444,-1,1432,1445,1408,-1,1408,1445,1446,-1,1408,1446,1447,-1,1447,1448,1408,-1,1408,1448,1449,-1,1408,1449,1450,-1,1450,1451,1408,-1,1408,1451,1452,-1,1408,1452,1418,-1,1435,1453,1408,-1,1408,1453,1454,-1,1408,1454,1455,-1,1455,1456,1408,-1,1408,1456,1457,-1,1408,1457,1442,-1,1444,1458,1408,-1,1408,1458,1459,-1,1408,1459,1460,-1,1430,1461,1408,-1,1408,1461,1462,-1,1408,1462,1463,-1,1464,1465,1466,-1,1466,1465,1467,-1,1466,1467,1468,-1,1464,1466,1417,-1,1417,1466,1469,-1,1417,1469,1470,-1,1470,1471,1417,-1,1417,1471,1472,-1,1417,1472,1436,-1,1460,1473,1408,-1,1408,1473,1474,-1,1408,1474,1475,-1,1463,1476,1408,-1,1408,1476,1477,-1,1408,1477,1431,-1,1475,1478,1408,-1,1408,1478,1479,-1,1408,1479,1419,-1,1480,1481,1406,-1,1406,1481,1482,-1,1483,1484,1485,-1,1485,1484,1486,-1,1484,1487,1486,-1,1486,1487,1488,-1,1486,1488,1482,-1,1482,1488,1407,-1,1482,1407,1406,-1,1489,1490,1491,-1,1491,1490,1263,-1,1263,1262,1491,-1,1491,1262,1492,-1,1491,1492,1493,-1,1493,1492,1494,-1,1493,1494,1495,-1,1495,1494,1496,-1,1495,1496,1497,-1,1498,1341,1269,-1,1269,1341,1340,-1,1269,1340,1270,-1,1270,1340,1499,-1,1270,1499,1500,-1,1500,1499,1501,-1,1500,1501,1502,-1,1502,1501,1503,-1,1502,1503,1504,-1,1505,1482,1506,-1,1506,1482,1481,-1,1489,1491,1507,-1,1507,1491,1508,-1,1509,1510,1511,-1,1506,1512,1513,-1,1514,1515,1516,-1,1517,1518,1516,-1,1516,1518,1519,-1,1516,1519,1520,-1,1521,1522,1517,-1,1523,1508,1524,-1,1524,1508,1525,-1,1524,1525,1526,-1,1526,1525,1527,-1,1526,1527,1528,-1,1529,1530,1507,-1,1507,1530,1531,-1,1532,1533,1506,-1,1506,1533,1534,-1,1506,1534,1512,-1,1513,1535,1506,-1,1506,1535,1536,-1,1506,1536,1505,-1,1537,1538,1539,-1,1540,1541,1542,-1,1542,1541,1543,-1,1542,1543,1511,-1,1511,1543,1544,-1,1511,1544,1509,-1,1545,1542,1546,-1,1546,1542,1515,-1,1545,1547,1542,-1,1542,1547,1548,-1,1542,1548,1540,-1,1514,1549,1515,-1,1515,1549,1550,-1,1515,1550,1551,-1,1551,1552,1515,-1,1515,1552,1553,-1,1515,1553,1546,-1,1520,1554,1516,-1,1516,1554,1555,-1,1516,1555,1514,-1,1556,1557,1558,-1,1558,1557,1559,-1,1558,1559,1517,-1,1517,1559,1560,-1,1517,1560,1521,-1,1522,1561,1517,-1,1517,1561,1562,-1,1517,1562,1518,-1,1528,1563,1526,-1,1526,1563,1564,-1,1526,1564,1558,-1,1558,1564,1565,-1,1558,1565,1556,-1,1531,1566,1507,-1,1507,1566,1567,-1,1507,1567,1506,-1,1506,1567,1568,-1,1506,1568,1532,-1,1536,1569,1505,-1,1505,1569,1570,-1,1505,1570,1571,-1,1571,1570,1572,-1,1571,1572,1573,-1,1539,1574,1537,-1,1537,1574,1575,-1,1537,1575,1576,-1,1576,1575,1577,-1,1576,1577,1578,-1,1579,1580,1581,-1,1581,1580,1582,-1,1579,1583,1580,-1,1580,1583,1584,-1,1580,1584,1537,-1,1537,1584,1585,-1,1537,1585,1538,-1,1586,1587,1588,-1,1588,1587,1589,-1,1590,1591,1592,-1,1592,1591,1593,-1,1523,1594,1508,-1,1508,1594,1595,-1,1508,1595,1507,-1,1507,1595,1596,-1,1507,1596,1529,-1,1589,1597,1588,-1,1588,1597,1598,-1,1588,1598,1580,-1,1580,1598,1599,-1,1580,1599,1582,-1,1593,1600,1592,-1,1592,1600,1601,-1,1592,1601,1588,-1,1588,1601,1602,-1,1588,1602,1586,-1,1510,1603,1511,-1,1511,1603,1604,-1,1511,1604,1592,-1,1592,1604,1605,-1,1592,1605,1590,-1,1578,1606,1576,-1,1576,1606,1607,-1,1576,1607,1572,-1,1572,1607,1608,-1,1572,1608,1573,-1,1609,1610,1611,-1,1612,1613,1614,-1,1614,1613,1615,-1,1614,1615,1616,-1,1616,1615,1617,-1,1618,1619,1620,-1,1621,1622,1611,-1,1611,1622,1623,-1,1624,1625,1626,-1,1627,1628,1612,-1,1612,1628,1629,-1,1629,1630,1612,-1,1612,1630,1631,-1,1612,1631,1632,-1,1633,1634,1612,-1,1627,1612,1611,-1,1611,1612,1635,-1,1611,1635,1636,-1,1636,1637,1611,-1,1611,1637,1638,-1,1611,1638,1609,-1,1610,1639,1611,-1,1611,1639,1640,-1,1611,1640,1641,-1,1641,1642,1611,-1,1611,1642,1643,-1,1611,1643,1644,-1,1644,1645,1611,-1,1611,1645,1646,-1,1611,1646,1621,-1,1647,1648,1649,-1,1649,1648,1611,-1,1649,1611,1650,-1,1650,1611,1623,-1,1651,1652,1620,-1,1620,1652,1653,-1,1654,1655,1656,-1,1657,1658,1617,-1,1617,1658,1659,-1,1659,1660,1617,-1,1617,1660,1661,-1,1617,1661,1662,-1,1663,1664,1617,-1,1649,1665,1666,-1,1667,1668,1649,-1,1649,1668,1669,-1,1649,1669,1647,-1,1632,1670,1612,-1,1612,1670,1671,-1,1612,1671,1672,-1,1672,1673,1612,-1,1612,1673,1674,-1,1612,1674,1675,-1,1675,1676,1612,-1,1612,1676,1677,-1,1612,1677,1633,-1,1678,1679,1612,-1,1612,1679,1680,-1,1612,1680,1681,-1,1681,1682,1612,-1,1612,1682,1683,-1,1612,1683,1684,-1,1657,1617,1620,-1,1620,1617,1685,-1,1620,1685,1686,-1,1686,1687,1620,-1,1620,1687,1688,-1,1620,1688,1618,-1,1619,1689,1620,-1,1620,1689,1690,-1,1620,1690,1691,-1,1691,1692,1620,-1,1620,1692,1693,-1,1620,1693,1694,-1,1694,1695,1620,-1,1620,1695,1696,-1,1620,1696,1651,-1,1697,1698,1699,-1,1699,1698,1620,-1,1699,1620,1700,-1,1700,1620,1653,-1,1701,1624,1666,-1,1666,1624,1626,-1,1666,1626,1649,-1,1649,1626,1702,-1,1649,1702,1667,-1,1684,1703,1612,-1,1612,1703,1704,-1,1612,1704,1705,-1,1699,1706,1707,-1,1708,1709,1699,-1,1699,1709,1710,-1,1699,1710,1697,-1,1662,1711,1617,-1,1617,1711,1712,-1,1617,1712,1713,-1,1713,1714,1617,-1,1617,1714,1715,-1,1617,1715,1716,-1,1716,1717,1617,-1,1617,1717,1718,-1,1617,1718,1663,-1,1719,1720,1617,-1,1617,1720,1721,-1,1617,1721,1722,-1,1722,1723,1617,-1,1617,1723,1724,-1,1617,1724,1725,-1,1634,1726,1612,-1,1612,1726,1727,-1,1612,1727,1728,-1,1705,1729,1612,-1,1612,1729,1730,-1,1612,1730,1613,-1,1731,1654,1707,-1,1707,1654,1656,-1,1707,1656,1699,-1,1699,1656,1732,-1,1699,1732,1708,-1,1725,1733,1617,-1,1617,1733,1734,-1,1617,1734,1735,-1,1728,1736,1612,-1,1612,1736,1737,-1,1612,1737,1678,-1,1664,1738,1617,-1,1617,1738,1739,-1,1617,1739,1740,-1,1735,1741,1617,-1,1617,1741,1742,-1,1617,1742,1616,-1,1740,1743,1617,-1,1617,1743,1744,-1,1617,1744,1719,-1,1745,1414,1342,-1,1342,1414,1413,-1,1342,1413,1343,-1,1746,1747,1748,-1,1343,1413,1749,-1,1749,1413,1750,-1,1749,1750,1748,-1,1748,1750,1751,-1,1748,1751,1746,-1,1405,1752,1406,-1,1406,1752,1480,-1,1752,1506,1480,-1,1480,1506,1481,-1,1507,1753,1489,-1,1489,1753,1490,-1,1753,1261,1490,-1,1490,1261,1263,-1,1271,1754,1269,-1,1269,1754,1498,-1,1754,1332,1498,-1,1498,1332,1341,-1,1344,1755,1342,-1,1342,1755,1745,-1,1755,1412,1745,-1,1745,1412,1414,-1,1754,1756,1757,-1,1758,1344,1759,-1,1759,1344,1332,-1,1759,1332,1760,-1,1760,1332,1761,-1,1754,1271,1756,-1,1756,1271,1261,-1,1756,1261,1762,-1,1762,1261,1763,-1,1764,1753,1765,-1,1765,1753,1766,-1,1753,1507,1766,-1,1766,1507,1506,-1,1766,1506,1767,-1,1767,1506,1768,-1,1768,1506,1769,-1,1769,1506,1752,-1,1769,1752,1770,-1,1770,1752,1405,-1,1770,1405,1771,-1,1757,1772,1754,-1,1754,1772,1773,-1,1754,1773,1332,-1,1332,1773,1774,-1,1332,1774,1761,-1,1764,1775,1753,-1,1753,1775,1776,-1,1753,1776,1261,-1,1261,1776,1777,-1,1261,1777,1763,-1,1758,1778,1344,-1,1344,1778,1779,-1,1344,1779,1755,-1,1755,1779,1780,-1,1755,1780,1412,-1,1412,1780,1781,-1,1781,1782,1412,-1,1412,1782,1783,-1,1412,1783,1405,-1,1405,1783,1784,-1,1405,1784,1771,-1,
        ]
    }
}
Shape{
    appearance Appearance {
        material  Material 	{
            diffuseColor 1.0 1.0 1.0
            specularColor 0.5019607843137255 0.5019607843137255 0.5019607843137255
            ambientIntensity 1.0
            transparency 0.0
            shininess 0.5
        }
    }
    geometry IndexedFaceSet {
        ccw TRUE
        solid FALSE
        coord DEF co Coordinate {
            point [
                -0.3586 0.6957 0.1575, -0.3718 0.6867 0.2362, -0.4995 0.6001 0.1575, -0.4995 0.6001 0.2362, -0.6166 0.4765 0.1575, -0.6166 0.4765 0.2362, -0.7044 0.3306 0.1575, -0.7044 0.3306 0.2362, -0.7588 0.1693 0.1575, -0.7588 0.1693 0.2362, -0.7772 -0.0 0.1575, 0.793 -0.0851 0.1575, 0.793 -0.0354 0.2362, 0.793 0.0851 0.1575, 0.793 0.0851 0.2362, 0.7564 0.2514 0.1575, 0.7564 0.2514 0.2362, 0.6849 0.4059 0.1575, 0.6849 0.4059 0.2362, 0.5819 0.5415 0.1575, 0.5819 0.5415 0.2362, 0.4521 0.6517 0.1575, 0.4521 0.6517 0.2362, 0.3017 0.7315 0.1575, 0.3017 0.7315 0.2362, 0.1376 0.777 0.1575, 0.1376 0.777 0.2362, -0.0324 0.7862 0.1575, -0.0324 0.7862 0.2362, -0.2004 0.7587 0.1575, -0.2004 0.7587 0.2362, -0.3586 0.6957 0.2362, -0.4995 -0.6001 0.1575, -0.3718 -0.6867 0.2362, -0.3586 -0.6957 0.1575, -0.3586 -0.6957 0.2362, -0.2004 -0.7587 0.1575, -0.2004 -0.7587 0.2362, -0.0324 -0.7862 0.1575, -0.0324 -0.7862 0.2362, 0.1376 -0.777 0.1575, 0.1376 -0.777 0.2362, 0.3017 -0.7315 0.1575, 0.3017 -0.7315 0.2362, 0.4521 -0.6517 0.1575, 0.4521 -0.6517 0.2362, 0.5819 -0.5415 0.1575, 0.5819 -0.5415 0.2362, 0.6849 -0.4059 0.1575, 0.6849 -0.4059 0.2362, 0.7564 -0.2514 0.1575, 0.7564 -0.2514 0.2362, 0.793 -0.0851 0.2362, -0.7772 0.0 0.2362, -0.7733 -0.0354 0.2362, -0.7588 -0.1693 0.1575, -0.7588 -0.1693 0.2362, -0.7044 -0.3306 0.1575, -0.7044 -0.3306 0.2362, -0.6166 -0.4765 0.1575, -0.6166 -0.4765 0.2362, -0.4995 -0.6001 0.2362
            ]
        }
        coordIndex [
            0,1,2,-1,2,1,3,-1,2,3,4,-1,4,3,5,-1,4,5,6,-1,6,5,7,-1,6,7,8,-1,8,7,9,-1,8,9,10,-1,11,12,13,-1,13,12,14,-1,13,14,15,-1,15,14,16,-1,15,16,17,-1,17,16,18,-1,17,18,19,-1,19,18,20,-1,19,20,21,-1,21,20,22,-1,21,22,23,-1,23,22,24,-1,23,24,25,-1,25,24,26,-1,25,26,27,-1,27,26,28,-1,27,28,29,-1,29,28,30,-1,29,30,0,-1,0,30,31,-1,0,31,1,-1,32,33,34,-1,34,33,35,-1,34,35,36,-1,36,35,37,-1,36,37,38,-1,38,37,39,-1,38,39,40,-1,40,39,41,-1,40,41,42,-1,42,41,43,-1,42,43,44,-1,44,43,45,-1,44,45,46,-1,46,45,47,-1,46,47,48,-1,48,47,49,-1,48,49,50,-1,50,49,51,-1,50,51,11,-1,11,51,52,-1,11,52,12,-1,9,53,10,-1,10,53,54,-1,10,54,55,-1,55,54,56,-1,55,56,57,-1,57,56,58,-1,57,58,59,-1,59,58,60,-1,59,60,32,-1,32,60,61,-1,32,61,33,-1,
        ]
    }
}
Shape{
    appearance Appearance {
        material  Material 	{
            diffuseColor 0.6470588235294118 0.5176470588235295 0.0
            specularColor 0.45098039215686275 0.3607843137254902 0.0
            ambientIntensity 0.4973
            transparency 0.0
            shininess 0.5
        }
    }
    geometry IndexedFaceSet {
        ccw TRUE
        solid FALSE
        coord DEF co Coordinate {
            point [
                -0.5105 0.2453 0.2362, -0.5105 0.2638 0.2362, -0.3878 0.2453 0.2362, -0.3727 0.2638 0.2362, -0.3878 0.1932 0.2362, -0.3727 0.1932 0.2362, 1.2701 -1.0433 2.6772, 2.6087 -1.0245 2.8746, 1.2701 -1.0245 2.8746, 2.6087 -0.9686 3.0649, 1.2701 -0.9686 3.0649, 2.6087 -0.8777 3.2412, 1.2701 -0.8777 3.2412, 2.6087 -0.7551 3.3971, 1.2701 -0.7551 3.3971, 2.6087 -0.6052 3.527, 1.2701 -0.6052 3.527, 2.6087 -0.4334 3.6262, 1.2701 -0.4334 3.6262, 2.6087 -0.246 3.6911, 1.2701 -0.246 3.6911, 2.6087 -0.0496 3.7193, 1.2701 -0.0496 3.7193, 2.6087 0.1485 3.7099, 1.2701 0.1485 3.7099, 2.6087 0.3412 3.6631, 1.2701 0.3412 3.6631, 2.6087 0.5217 3.5807, 1.2701 0.5217 3.5807, 2.6087 0.6832 3.4656, 1.2701 0.6832 3.4656, 2.6087 0.8201 3.3221, 1.2701 0.8201 3.3221, 2.6087 0.9273 3.1552, 1.2701 0.9273 3.1552, 2.6087 1.001 2.9711, 1.2701 1.001 2.9711, 2.6087 1.0386 2.7763, 1.2701 1.0386 2.7763, 2.6087 1.0386 2.578, 1.2701 1.0386 2.578, 2.6087 1.001 2.3832, 1.2701 1.001 2.3832, 2.6087 0.9273 2.1991, 1.2701 0.9273 2.1991, 2.6087 0.8201 2.0322, 1.2701 0.8201 2.0322, 2.6087 0.6832 1.8887, 1.2701 0.6832 1.8887, 2.6087 0.5217 1.7736, 1.2701 0.5217 1.7736, 2.6087 0.3412 1.6912, 1.2701 0.3412 1.6912, 2.6087 0.1485 1.6445, 1.2701 0.1485 1.6445, 2.6087 -0.0496 1.635, 1.2701 -0.0496 1.635, 2.6087 -0.246 1.6633, 1.2701 -0.246 1.6633, 2.6087 -0.4334 1.7281, 1.2701 -0.4334 1.7281, 2.6087 -0.6052 1.8273, 1.2701 -0.6052 1.8273, 2.6087 -0.7551 1.9572, 1.2701 -0.7551 1.9572, 2.6087 -0.8777 2.1131, 1.2701 -0.8777 2.1131, 2.6087 -0.9686 2.2894, 1.2701 -0.9686 2.2894, 2.6087 -1.0245 2.4797, 1.2701 -1.0245 2.4797, 2.6087 -1.0433 2.6772, 4.4197 1.0141 2.5378, 4.1047 1.0051 2.4834, 4.1047 1.0236 2.6772, 4.4197 0.9488 2.2973, 4.1047 0.9503 2.2967, 4.4197 0.9857 2.401, 4.4197 1.0029 2.4839, 4.4197 0.9389 2.2694, 4.4197 0.8746 2.1453, 4.1047 0.8611 2.1238, 4.4197 0.86 2.1246, 4.4197 0.794 2.0312, 4.1047 0.7408 1.9708, 4.4197 0.5936 1.8436, 4.1047 0.5938 1.8434, 4.4197 0.6987 1.9291, 4.4197 0.7391 1.9724, 4.4197 0.5903 1.8409, 4.4197 0.4709 1.7683, 4.1047 0.4252 1.746, 4.4197 0.2409 1.6841, 4.1047 0.2413 1.6824, 4.4197 0.3428 1.7126, 4.4197 0.4243 1.7481, 4.4197 0.2083 1.675, 4.4197 0.0699 1.6559, 4.1047 0.0487 1.6547, 4.4197 0.0487 1.6559, 4.4197 -0.0699 1.6559, 4.1047 -0.1457 1.664, 4.4197 -0.3346 1.7104, 4.1047 -0.3348 1.7098, 4.4197 -0.2083 1.675, 4.4197 -0.1454 1.6663, 4.4197 -0.3428 1.7126, 4.4197 -0.4709 1.7683, 4.1047 -0.5118 1.7907, 4.4197 -0.6691 1.905, 4.1047 -0.6703 1.9036, 4.4197 -0.5903 1.8409, 4.4197 -0.5107 1.7925, 4.4197 -0.6987 1.9291, 4.4197 -0.794 2.0312, 4.1047 -0.8046 2.0444, 4.4197 -0.8038 2.045, 4.4197 -0.8746 2.1453, 4.1047 -0.9098 2.2081, 4.4197 -0.9814 2.389, 4.1047 -0.9822 2.3888, 4.4197 -0.9389 2.2694, 4.4197 -0.9077 2.2092, 4.4197 -0.9857 2.401, 4.4197 -1.0141 2.5378, 4.1047 -1.019 2.5799, 4.4197 -1.017 2.7743, 4.1047 -1.019 2.7745, 4.4197 -1.0236 2.6772, 4.4197 -1.017 2.58, 4.4197 -1.0141 2.8166, 4.4197 -0.9857 2.9533, 4.1047 -0.9822 2.9656, 4.4197 -0.9814 2.9653, 4.4197 -0.9389 3.085, 4.1047 -0.9098 3.1462, 4.4197 -0.8038 3.3093, 4.1047 -0.8046 3.3099, 4.4197 -0.8746 3.209, 4.4197 -0.9077 3.1451, 4.4197 -0.794 3.3232, 4.4197 -0.6987 3.4253, 4.1047 -0.6703 3.4508, 4.4197 -0.5107 3.5618, 4.1047 -0.5118 3.5637, 4.4197 -0.5903 3.5134, 4.4197 -0.6691 3.4493, 4.4197 -0.4709 3.586, 4.4197 -0.3428 3.6417, 4.1047 -0.3348 3.6445, 4.4197 -0.3346 3.644, 4.4197 -0.2083 3.6794, 4.1047 -0.1457 3.6904, 4.4197 0.0487 3.6984, 4.1047 0.0487 3.6996, 4.4197 -0.0699 3.6984, 4.4197 -0.1454 3.688, 4.4197 0.0699 3.6984, 4.4197 0.2083 3.6794, 4.1047 0.2413 3.6719, 4.4197 0.4243 3.6063, 4.1047 0.4252 3.6083, 4.4197 0.3428 3.6417, 4.4197 0.2409 3.6702, 4.4197 0.4709 3.586, 4.4197 0.5903 3.5134, 4.1047 0.5938 3.511, 4.4197 0.5936 3.5108, 4.4197 0.6987 3.4253, 4.1047 0.7408 3.3835, 4.4197 0.86 3.2298, 4.1047 0.8611 3.2306, 4.4197 0.794 3.3232, 4.4197 0.7391 3.382, 4.4197 0.8746 3.209, 4.4197 0.9389 3.085, 4.1047 0.9503 3.0576, 4.4197 0.9488 3.0571, 4.4197 0.9857 2.9533, 4.1047 1.0051 2.8709, 4.4197 1.0029 2.8704, 4.4197 1.0141 2.8166, 4.4197 1.0236 2.6772, 4.4984 0.4755 3.4401, 4.4984 0.4347 3.5161, 4.4984 0.3122 3.5202, 4.4984 0.3164 3.5675, 4.4984 0.1361 3.5658, 4.4984 -0.2253 3.5474, 4.4984 -0.3164 3.5675, 4.4984 -0.3959 3.4843, 4.4984 -0.4347 3.5161, 4.4984 -0.5503 3.3881, 4.4984 0.1922 3.6023, 4.4984 0.0645 3.6198, 4.4984 -0.0455 3.575, 4.4984 -0.0645 3.6198, 4.4984 -0.1922 3.6023, 4.4984 0.7378 3.1907, 4.4984 0.733 3.2735, 4.4984 0.6194 3.3287, 4.4984 0.6449 3.3677, 4.4984 0.5449 3.4491, 4.4984 0.7378 2.1636, 4.4984 0.8073 2.1862, 4.4984 0.8261 2.3227, 4.4984 0.8667 2.3007, 4.4984 0.8806 2.4962, 4.4984 -0.2253 1.8069, 4.4984 -0.1922 1.752, 4.4984 -0.0455 1.7794, 4.4984 -0.0645 1.7345, 4.4984 0.1361 1.7886, 4.4984 -0.786 2.2409, 4.4984 -0.8073 2.1862, 4.4984 -0.6821 2.0916, 4.4984 -0.733 2.0809, 4.4984 -0.5503 1.9663, 4.4984 0.8806 2.8581, 4.4984 0.9098 2.9321, 4.4984 0.8261 3.0317, 4.4984 0.8667 3.0536, 4.4984 0.8073 3.1681, 4.4984 0.9098 2.4222, 4.4984 0.9361 2.5485, 4.4984 0.899 2.6772, 4.4984 0.9449 2.6772, 4.4984 0.9361 2.8058, 4.4984 0.4755 1.9143, 4.4984 0.5449 1.9052, 4.4984 0.6194 2.0256, 4.4984 0.6449 1.9866, 4.4984 0.733 2.0809, 4.4984 -0.6449 1.9866, 4.4984 -0.5449 1.9052, 4.4984 -0.3959 1.8701, 4.4984 -0.4347 1.8382, 4.4984 -0.3164 1.7868, 4.4984 0.0645 1.7345, 4.4984 0.1922 1.752, 4.4984 0.3122 1.8342, 4.4984 0.3164 1.7868, 4.4984 0.4347 1.8382, 4.4984 -0.8944 2.7681, 4.4984 -0.9449 2.6772, 4.4984 -0.8944 2.5862, 4.4984 -0.9361 2.5485, 4.4984 -0.8577 2.408, 4.4984 -0.9098 2.4222, 4.4984 -0.8667 2.3007, 4.4984 -0.786 3.1134, 4.4984 -0.8667 3.0536, 4.4984 -0.8577 2.9463, 4.4984 -0.9098 2.9321, 4.4984 -0.9361 2.8058, 4.4984 -0.5449 3.4491, 4.4984 -0.6449 3.3677, 4.4984 -0.6821 3.2627, 4.4984 -0.733 3.2735, 4.4984 -0.8073 3.1681, 4.0744 -0.2165 1.449, 4.0706 -0.3225 1.4695, 4.0272 -0.3031 1.5421, 4.0586 -0.6241 1.5963, 4.0574 -0.6524 1.611, 4.014 -0.6132 1.6751, 4.0428 -0.9557 1.8751, 4.0384 -1.0352 1.9765, 3.995 -0.9729 2.0187, 3.7728 -0.8014 1.722, 3.7691 -0.8787 1.7881, 3.7257 -0.8258 1.8416, 3.6578 0.217 3.908, 3.6577 0.2191 3.9078, 3.6143 0.2059 3.8338, 3.6419 0.6234 3.757, 3.6381 0.7131 3.7038, 3.5947 0.6702 3.642, 3.6261 0.9564 3.4796, 3.6252 0.9734 3.4614, 3.5818 0.9148 3.4142, 3.5761 1.0075 3.2814, 3.495 -0.8024 1.7211, 3.4939 -0.8265 1.7394, 3.4505 -0.7768 1.7958, 3.4442 -0.8938 1.9147, 3.4105 -0.6234 3.7569, 3.4066 -0.5325 3.8081, 3.3632 -0.5004 3.7401, 3.3337 1.1727 3.1039, 3.3324 1.1869 3.0694, 3.289 1.1155 3.0458, 3.2826 1.1566 2.8836, 3.3099 1.2279 2.4607, 3.3061 1.2092 2.3606, 3.2627 1.1365 2.3796, 3.2796 0.8015 1.722, 3.2757 0.7199 1.6553, 3.2323 0.6766 1.7167, 3.2484 0.0001 1.4297, 3.2446 -0.1156 1.4325, 3.2012 -0.1087 1.5074, 3.1485 -0.9553 3.4787, 3.1447 -0.8844 3.5605, 3.1013 -0.8312 3.5074, 3.1327 -0.624 3.7581, 3.1315 -0.5969 3.7754, 3.0881 -0.561 3.7094, 3.1169 -0.2167 3.9059, 3.1124 -0.0889 3.924, 3.069 -0.0836 3.849, 2.8469 -0.4265 3.8488, 2.8432 -0.3303 3.8827, 2.7998 -0.3105 3.8102, 2.7318 0.9574 1.8738, 2.7318 0.9561 1.8719, 2.6884 0.8986 1.9203, 2.716 0.6234 1.5974, 2.7121 0.5323 1.5462, 2.6687 0.5003 1.6142, 2.7002 0.2167 1.4476, 2.6993 0.1922 1.442, 2.6559 0.1807 1.5163, 2.6501 0.0193 1.5025, 2.6087 -0.6083 1.7047, 2.6087 -0.5984 1.6999, 2.6251 -0.6135 1.6753, 4.0643 0.6487 1.6977, 4.1047 0.687 1.6398, 4.1047 0.6207 1.5922, 4.0576 0.5006 1.6143, 4.071 0.7826 1.801, 4.1047 0.7773 1.7146, 4.1047 0.7018 1.6505, 4.1047 0.9105 1.8578, 4.1047 0.8474 1.7844, 4.1047 0.821 1.758, 4.0831 0.9947 2.052, 4.1047 1.0192 2.0193, 4.0773 0.8988 1.9206, 4.1047 0.9683 1.9369, 4.1047 0.9344 1.8905, 4.1047 1.0951 2.1821, 4.1047 1.0632 2.1046, 4.1047 1.0259 2.0323, 4.1047 1.1028 2.2008, 4.0887 1.0705 2.1932, 4.1047 1.1319 2.2931, 4.0948 1.1277 2.3476, 4.1047 1.1432 2.343, 4.1047 1.1721 2.5769, 4.1047 1.1682 2.5111, 4.1013 1.1631 2.5119, 4.1047 1.1664 2.4813, 4.1047 1.1531 2.3867, 4.1047 1.1722 2.5991, 4.0579 1.0887 2.5225, 4.0627 1.0966 2.6374, 4.0703 1.0894 2.8166, 4.1047 1.1676 2.7014, 4.0646 1.0996 2.681, 4.1047 1.1686 2.6812, 4.1047 1.1722 2.6049, 4.1047 1.0978 3.006, 4.1047 1.1039 2.9909, 4.0777 1.0534 2.9927, 4.1047 1.135 2.8899, 4.0712 1.0876 2.8393, 4.1047 1.1441 2.8477, 4.1047 1.1551 2.7965, 4.0893 0.9272 3.2684, 4.1047 0.9778 3.2423, 4.0844 0.9906 3.1521, 4.1047 1.026 3.1629, 4.0837 0.999 3.1367, 4.1047 1.0316 3.1517, 4.1047 1.0682 3.079, 4.0908 0.9052 3.2981, 4.1047 0.9234 3.3172, 4.1047 0.9489 3.2821, 4.0952 0.8365 3.3909, 4.1047 0.8492 3.4015, 4.1047 0.9113 3.3322, 4.1047 0.668 3.5506, 4.1047 0.7094 3.5221, 4.1016 0.727 3.5022, 4.1047 0.7301 3.5057, 4.0976 0.7957 3.4324, 4.1047 0.7818 3.4648, 4.1047 0.849 3.4016, 2.6125 0.1691 1.5906, 2.6087 0.07 1.5797, 2.6087 0.0339 1.5757, 2.6087 0.0181 1.5749, 2.6445 -0.1412 1.5109, 2.6087 -0.1337 1.573, 2.6087 -0.058 1.5708, 2.6087 -0.3426 1.6034, 2.6087 -0.29 1.5929, 2.6383 -0.3035 1.5422, 2.6087 -0.2443 1.5839, 2.6087 -0.1509 1.5735, 2.6087 -0.4335 1.6296, 2.6318 -0.4626 1.5973, 2.6087 -0.4467 1.6346, 2.6087 -0.5221 1.6633, 2.6185 -0.7513 1.774, 2.6087 -0.7084 1.7648, 2.6087 -0.6277 1.7152, 2.6087 -0.8673 1.8943, 2.6087 -0.8563 1.883, 2.6121 -0.8721 1.89, 2.6087 -0.7847 1.8207, 2.6087 -0.7399 1.7878, 2.6555 -0.9279 1.8396, 2.6539 -0.9557 1.8751, 2.6495 -1.0354 1.9768, 2.6087 -0.9429 1.9745, 2.6087 -0.931 1.9608, 2.6087 -0.923 1.9516, 2.6087 -1.099 2.2124, 2.6087 -1.0656 2.1514, 2.6439 -1.121 2.124, 2.6087 -1.053 2.1285, 2.6466 -1.08 2.0536, 2.6087 -1.0011 2.0492, 2.6087 -0.9761 2.017, 2.6087 -1.1387 2.3007, 2.6392 -1.1727 2.2504, 2.6379 -1.1869 2.2851, 2.6316 -1.2306 2.4577, 2.6087 -1.1722 2.3951, 2.6087 -1.1388 2.301, 2.6249 -1.2494 2.6371, 2.6087 -1.215 2.5862, 2.6315 -1.2308 2.4601, 2.6087 -1.1974 2.4897, 2.6087 -1.1908 2.4649, 2.6182 -1.2421 2.8177, 2.6087 -1.2267 2.7846, 2.6234 -1.2477 2.6771, 2.6087 -1.2249 2.6845, 2.6087 -1.2202 2.6381, 2.6087 -1.1847 3.0758, 2.6087 -1.2037 2.9925, 2.6117 -1.2092 2.9939, 2.6087 -1.2066 2.9794, 2.6154 -1.2279 2.8936, 2.6087 -1.2206 2.8823, 2.6087 -1.2248 2.8158, 2.6617 -0.8032 1.7199, 2.6619 -0.7994 1.7162, 2.6685 -0.6528 1.6112, 2.6697 -0.6241 1.5963, 2.6752 -0.4922 1.5282, 2.6855 -0.2165 1.449, 2.6817 -0.3229 1.4696, 2.6777 -0.4265 1.5054, 2.6935 0.0206 1.4273, 2.6929 0.0001 1.4284, 2.6879 -0.1502 1.4362, 2.6622 0.3427 1.5534, 2.708 0.4264 1.5054, 2.7056 0.3646 1.4815, 2.7188 0.6899 1.6348, 2.6754 0.6484 1.6975, 2.724 0.8022 1.7213, 2.682 0.7824 1.8008, 2.7255 0.8324 1.7447, 2.7376 1.0581 2.0117, 2.6942 0.9945 2.0517, 2.7392 1.0805 2.0533, 2.6998 1.0704 2.1929, 2.7059 1.1276 2.3473, 2.7465 1.1718 2.2507, 2.7432 1.1389 2.1619, 2.7124 1.1631 2.5115, 2.7543 1.2288 2.4606, 2.7493 1.1997 2.3262, 2.7691 1.2364 2.8611, 2.7625 1.25 2.6811, 2.7191 1.1748 2.6809, 2.7623 1.2497 2.6772, 2.7558 1.2375 2.5009, 2.7756 1.1975 3.0355, 2.7703 1.2291 2.8938, 2.7322 1.1255 3.014, 2.7257 1.162 2.8501, 2.7928 0.957 3.4803, 2.7872 1.0542 3.3489, 2.7438 0.9908 3.3085, 2.7854 1.0803 3.301, 2.7382 1.0675 3.1678, 2.7817 1.1358 3.1992, 2.7781 1.1718 3.1036, 2.7931 0.9511 3.4882, 2.7497 0.8939 3.4395, 2.7995 0.8266 3.6148, 2.7561 0.7769 3.5584, 2.8006 0.8024 3.6333, 2.7627 0.6422 3.6609, 2.8128 0.5252 3.8115, 2.8086 0.6235 3.757, 2.8061 0.6833 3.7239, 2.8244 0.2167 3.9063, 2.8193 0.3572 3.8751, 2.7759 0.3357 3.803, 2.8166 0.4264 3.8489, 2.7694 0.4936 3.7433, 2.8256 0.1847 3.9134, 2.7822 0.1736 3.8391, 2.8313 0.0132 3.9271, 2.7879 0.0124 3.8519, 2.8318 0.0 3.9263, 2.7936 -0.1482 3.8426, 2.837 -0.1577 3.9172, 2.8391 -0.2165 3.9054, 2.8497 -0.4994 3.8231, 2.8063 -0.4694 3.7542, 2.8549 -0.624 3.7577, 2.813 -0.6198 3.6752, 2.8694 -0.933 3.509, 2.863 -0.8054 3.6331, 2.8196 -0.7569 3.5756, 2.8629 -0.8034 3.6346, 2.8564 -0.6594 3.7391, 2.8707 -0.9559 3.4794, 2.826 -0.8769 3.459, 2.832 -0.977 3.3296, 2.881 -1.1242 3.2236, 2.8781 -1.08 3.3007, 2.8754 -1.0395 3.3713, 2.8435 -1.1178 3.0388, 2.887 -1.1893 3.0619, 2.8854 -1.1724 3.1038, 2.8376 -1.0566 3.1908, 2.8932 -1.2306 2.8941, 2.85 -1.1578 2.8762, 2.8934 -1.2319 2.8889, 2.9 -1.2496 2.7094, 2.8566 -1.1744 2.7075, 2.9012 -1.2481 2.6773, 2.8633 -1.1665 2.5378, 2.9067 -1.2412 2.5289, 2.876 -1.0806 2.2162, 2.917 -1.1718 2.2506, 2.8698 -1.1346 2.3725, 2.9132 -1.2072 2.353, 2.9092 -1.228 2.4607, 2.9308 -0.9735 1.8931, 2.925 -1.0721 2.0344, 2.8816 -1.0076 2.073, 2.9243 -1.0814 2.0527, 2.9194 -1.1498 2.1868, 2.9371 -0.8531 1.7636, 2.9317 -0.9564 1.8747, 2.8937 -0.8018 1.8185, 2.8874 -0.915 1.9402, 2.9555 -0.4267 1.5046, 2.9503 -0.5577 1.5585, 2.9069 -0.5242 1.6258, 2.9475 -0.6234 1.5974, 2.9002 -0.6704 1.7124, 2.9436 -0.7133 1.6507, 2.9395 -0.8016 1.722, 2.9569 -0.3913 1.49, 2.9135 -0.3677 1.5614, 2.9633 -0.2193 1.4466, 2.9199 -0.2061 1.5206, 2.9633 -0.217 1.4463, 2.9257 -0.0443 1.5032, 2.9691 -0.0472 1.4281, 2.9707 -0.0001 1.4295, 2.9747 0.1233 1.4333, 2.9313 0.1159 1.5081, 2.978 0.2165 1.4492, 2.9374 0.2782 1.5358, 2.9808 0.296 1.4627, 2.9858 0.4268 1.5047, 2.9873 0.4662 1.5174, 2.9439 0.4381 1.5871, 2.9938 0.6249 1.5949, 2.9505 0.5907 1.6616, 2.9637 0.8545 1.8709, 3.0018 0.8022 1.721, 2.9572 0.7308 1.7573, 3.0006 0.7776 1.6984, 2.9939 0.6284 1.5966, 3.0131 1.02 1.9547, 3.0096 0.9553 1.8756, 3.0071 0.9091 1.8193, 2.9697 0.9587 1.9981, 2.9753 1.0422 2.1348, 3.0169 1.0804 2.0535, 3.0309 1.2254 2.4302, 3.0246 1.178 2.259, 2.9812 1.1072 2.2842, 3.0243 1.174 2.2499, 3.0187 1.1088 2.1001, 3.0321 1.2292 2.4603, 2.9875 1.1517 2.445, 2.9942 1.1731 2.6129, 3.0443 1.2449 2.7896, 3.0401 1.2469 2.6771, 3.0376 1.2481 2.6088, 3.0009 1.1701 2.7828, 3.0074 1.1428 2.9494, 3.0481 1.2279 2.8937, 3.0628 1.0891 3.2907, 3.0571 1.163 3.1354, 3.0137 1.093 3.1078, 3.0559 1.1728 3.1041, 3.0508 1.216 2.9668, 3.0685 0.995 3.4338, 3.0633 1.0818 3.3017, 3.0251 0.9351 3.3883, 3.0194 1.0236 3.2538, 3.0864 0.6238 3.7578, 3.0812 0.7426 3.6827, 3.0378 0.698 3.6222, 3.0784 0.8014 3.6323, 3.0313 0.826 3.5126, 3.0747 0.8788 3.5661, 3.0706 0.9555 3.4788, 3.0879 0.5899 3.7792, 3.0445 0.5544 3.713, 3.0944 0.4275 3.8516, 3.0511 0.3996 3.782, 3.0945 0.4251 3.8526, 3.1009 0.2538 3.9011, 3.1069 0.0813 3.9245, 3.1022 0.2168 3.9061, 3.0635 0.0764 3.8495, 3.0575 0.2386 3.8275, 3.1095 0.0 3.9243, 3.1184 -0.2615 3.8995, 3.075 -0.2458 3.826, 3.1246 -0.4274 3.8514, 3.0814 -0.4066 3.7794, 3.1248 -0.4326 3.8499, 3.0948 -0.704 3.6177, 3.1407 -0.8015 3.6324, 3.1382 -0.749 3.6779, 3.1509 -0.9996 3.4276, 3.1074 -0.9395 3.3825, 3.1558 -1.0815 3.3015, 3.1131 -1.027 3.2477, 3.1251 -1.1445 2.9422, 3.1632 -1.1732 3.1042, 3.1189 -1.0957 3.101, 3.1623 -1.1658 3.1281, 3.1565 -1.0927 3.2842, 3.1751 -1.2456 2.7816, 3.171 -1.228 2.8938, 3.1685 -1.2178 2.9591, 3.1317 -1.1707 2.7753, 3.1384 -1.1726 2.6054, 3.179 -1.2468 2.6771, 3.1947 -1.1754 2.2517, 3.1884 -1.2238 2.4224, 3.145 -1.1502 2.4377, 3.187 -1.2289 2.4604, 3.1818 -1.2477 2.6008, 3.2021 -1.0806 2.0534, 3.2006 -1.1053 2.0934, 3.1572 -1.0388 2.1285, 3.1948 -1.1745 2.2497, 3.1513 -1.1047 2.2773, 3.2062 -1.0156 1.9484, 3.1628 -0.9545 1.9922, 3.2095 -0.9552 1.8756, 3.1689 -0.8494 1.8655, 3.1754 -0.7249 1.7527, 3.2173 -0.802 1.7213, 3.2123 -0.9037 1.8136, 3.2321 -0.4588 1.5144, 3.2254 -0.6215 1.5926, 3.182 -0.5841 1.6578, 3.2253 -0.6248 1.5949, 3.2188 -0.7713 1.6935, 3.2386 -0.2883 1.4609, 3.2333 -0.4269 1.5044, 3.1952 -0.271 1.534, 3.1887 -0.4312 1.5843, 3.2411 -0.2166 1.4491, 3.2502 0.0548 1.4284, 3.2068 0.0515 1.5035, 3.2557 0.217 1.4468, 3.2127 0.2133 1.5219, 3.2561 0.227 1.4479, 3.2624 0.3988 1.4925, 3.269 0.5649 1.5621, 3.2635 0.4268 1.5042, 3.2256 0.5309 1.6292, 3.219 0.3748 1.5637, 3.2716 0.6234 1.5973, 3.2823 0.8589 1.769, 3.2389 0.8072 1.8236, 3.2874 0.9562 1.875, 3.2451 0.9195 1.9459, 3.2885 0.9783 1.8991, 3.2943 1.0759 2.0408, 3.2509 1.0112 2.0791, 3.2947 1.0818 2.0525, 3.2566 1.0835 2.2229, 3.3 1.1528 2.1939, 3.3021 1.172 2.2505, 3.3127 1.2421 2.5368, 3.2693 1.1674 2.5453, 3.3179 1.2477 2.6773, 3.276 1.1742 2.715, 3.326 1.2306 2.8968, 3.3259 1.2308 2.8942, 3.3194 1.2494 2.7174, 3.3561 0.8032 3.6344, 3.3499 0.9278 3.5148, 3.3065 0.872 3.4645, 3.3484 0.9557 3.4792, 3.3005 0.973 3.3355, 3.3439 1.0353 3.3777, 3.295 1.0535 3.1972, 3.341 1.08 3.3007, 3.3384 1.1209 3.2305, 3.3563 0.7993 3.6383, 3.3129 0.7512 3.5805, 3.363 0.6526 3.7433, 3.3196 0.6134 3.6792, 3.3642 0.6241 3.758, 3.3389 0.141 3.8435, 3.38 0.2165 3.9053, 3.3328 0.3033 3.8122, 3.3762 0.3227 3.8848, 3.3263 0.4625 3.7571, 3.3722 0.4265 3.8489, 3.3697 0.4921 3.8262, 3.3938 -0.1924 3.9123, 3.388 -0.0208 3.927, 3.3446 -0.0195 3.8518, 3.3873 -0.0001 3.9259, 3.3823 0.1501 3.9181, 3.4 -0.3648 3.8728, 3.3946 -0.2167 3.9067, 3.3566 -0.3428 3.8009, 3.3504 -0.1808 3.838, 3.4024 -0.4264 3.849, 3.4133 -0.69 3.7194, 3.3699 -0.6485 3.6568, 3.4185 -0.8022 3.633, 3.3765 -0.7825 3.5535, 3.4199 -0.8326 3.6095, 3.4262 -0.9562 3.4823, 3.4263 -0.9574 3.4806, 3.3828 -0.8987 3.4339, 3.3887 -0.9946 3.3025, 3.441 -1.1718 3.1036, 3.4377 -1.1389 3.1923, 3.3943 -1.0704 3.1613, 3.4336 -1.0805 3.3011, 3.4321 -1.0582 3.3425, 3.4438 -1.1998 3.028, 3.4004 -1.1276 3.0069, 3.4487 -1.2288 2.8937, 3.4068 -1.1631 2.8426, 3.4135 -1.1748 2.6733, 3.4568 -1.2497 2.6771, 3.4502 -1.2375 2.8532, 3.4266 -1.1255 2.3402, 3.4648 -1.2291 2.4605, 3.4202 -1.162 2.5041, 3.4636 -1.2364 2.493, 3.4569 -1.25 2.6731, 3.4761 -1.1357 2.1549, 3.4726 -1.1718 2.2507, 3.47 -1.1975 2.3187, 3.4327 -1.0674 2.1863, 3.4383 -0.9907 2.0457, 3.4799 -1.0803 2.0534, 3.4876 -0.951 1.866, 3.4872 -0.957 1.8741, 3.4817 -1.0541 2.0053, 3.5189 -0.2166 1.448, 3.5138 -0.357 1.4792, 3.4704 -0.3355 1.5513, 3.5111 -0.4264 1.5055, 3.4638 -0.4934 1.611, 3.5072 -0.525 1.5428, 3.4571 -0.6421 1.6933, 3.5031 -0.6235 1.5973, 3.5005 -0.6832 1.6304, 3.52 -0.1846 1.4409, 3.4766 -0.1735 1.5152, 3.5258 -0.0131 1.4272, 3.4824 -0.0123 1.5024, 3.5262 -0.0 1.428, 3.5008 0.4695 1.6003, 3.5413 0.4265 1.5055, 3.4942 0.3107 1.5442, 3.5376 0.3305 1.4717, 3.4881 0.1484 1.5118, 3.5336 0.2165 1.4489, 3.5315 0.1579 1.4372, 3.5574 0.8034 1.7198, 3.5508 0.6596 1.6154, 3.5074 0.6199 1.6792, 3.5494 0.6239 1.5966, 3.5442 0.4996 1.5313, 3.5575 0.8055 1.7213, 3.5141 0.7571 1.7788, 3.5639 0.9331 1.8455, 3.5205 0.877 1.8955, 3.5652 0.9559 1.8749, 3.5264 0.9771 2.0249, 3.5754 1.1243 2.1309, 3.5725 1.08 2.0536, 3.5698 1.0396 1.9832, 3.5876 1.2306 2.4602, 3.5814 1.1894 2.2926, 3.538 1.1178 2.3157, 3.5798 1.1724 2.2505, 3.532 1.0567 2.1637, 3.5878 1.232 2.4656, 3.5444 1.1579 2.4783, 3.5945 1.2496 2.6451, 3.5511 1.1744 2.647, 3.5956 1.2481 2.6771, 3.5577 1.1665 2.8167, 3.6011 1.2412 2.8256, 3.5704 1.0806 3.1382, 3.6114 1.1718 3.1037, 3.5643 1.1346 2.982, 3.6077 1.2072 3.0016, 3.6037 1.228 2.8936, 3.6195 1.072 3.3201, 3.6188 1.0814 3.3016, 3.6138 1.1497 3.1678, 3.5881 0.8017 3.536, 3.6339 0.8016 3.6324, 3.6315 0.853 3.5909, 3.6448 0.5576 3.7959, 3.6014 0.524 3.7286, 3.65 0.4267 3.8498, 3.608 0.3676 3.793, 3.6514 0.3911 3.8644, 3.6636 0.047 3.9263, 3.6202 0.0442 3.8512, 3.6651 0.0001 3.9248, 3.6258 -0.116 3.8462, 3.6802 -0.4268 3.8496, 3.6753 -0.2962 3.8916, 3.6318 -0.2783 3.8185, 3.6724 -0.2165 3.9052, 3.6692 -0.1235 3.9211, 3.6817 -0.4664 3.8369, 3.6383 -0.4383 3.7672, 3.6882 -0.6249 3.7594, 3.645 -0.5908 3.6926, 3.6884 -0.6286 3.7576, 3.6951 -0.7777 3.6558, 3.7015 -0.9093 3.5349, 3.6963 -0.8022 3.6333, 3.6581 -0.8546 3.4833, 3.6517 -0.7309 3.5969, 3.7187 -1.174 3.1044, 3.7132 -1.1089 3.254, 3.6698 -1.0422 3.2193, 3.7114 -1.0804 3.3008, 3.6642 -0.9588 3.3561, 3.7076 -1.0201 3.3995, 3.704 -0.9553 3.4788, 3.7191 -1.1781 3.0951, 3.6757 -1.1072 3.07, 3.7254 -1.2254 2.924, 3.682 -1.1517 2.9091, 3.7265 -1.2292 2.894, 3.6886 -1.1731 2.7412, 3.7387 -1.2449 2.5646, 3.7345 -1.2469 2.6772, 3.732 -1.2481 2.7453, 3.7503 -1.1728 2.2502, 3.7453 -1.2159 2.3873, 3.7019 -1.1428 2.4047, 3.7426 -1.2279 2.4606, 3.6953 -1.17 2.5713, 3.7515 -1.1629 2.2188, 3.7081 -1.093 2.2464, 3.7573 -1.089 2.0635, 3.7139 -1.0235 2.1004, 3.7577 -1.0818 2.0526, 3.7195 -0.935 1.9659, 3.7629 -0.9949 1.9204, 3.765 -0.9555 1.8755, 3.7756 -0.7425 1.6716, 3.7322 -0.6978 1.732, 3.7808 -0.6238 1.5966, 3.7389 -0.5542 1.6413, 3.7954 -0.2536 1.4532, 3.789 -0.425 1.5016, 3.7456 -0.3994 1.5723, 3.7889 -0.4274 1.5027, 3.7823 -0.5897 1.575, 3.7966 -0.2168 1.4482, 3.752 -0.2384 1.5268, 3.7579 -0.0763 1.5048, 3.8069 0.0891 1.4303, 3.804 -0.0 1.4301, 3.8013 -0.0811 1.4298, 3.7695 0.2459 1.5284, 3.8129 0.2617 1.4549, 3.8113 0.2167 1.4485, 3.7635 0.0838 1.5053, 3.8191 0.4274 1.5029, 3.7759 0.4068 1.575, 3.8193 0.4328 1.5045, 3.8259 0.5971 1.579, 3.7825 0.5612 1.645, 3.8271 0.624 1.5962, 3.7892 0.7041 1.7367, 3.8326 0.7492 1.6766, 3.8019 0.9396 1.972, 3.8429 0.9553 1.8756, 3.7957 0.8314 1.8471, 3.8391 0.8846 1.794, 3.8351 0.8015 1.7219, 3.8567 1.1659 2.2264, 3.851 1.0928 2.0703, 3.8075 1.0271 2.1068, 3.8503 1.0815 2.0529, 3.8453 0.9997 1.9268, 3.863 1.2178 2.3954, 3.8576 1.1732 2.2501, 3.8196 1.1446 2.4123, 3.8133 1.0958 2.2535, 3.8815 1.2288 2.8939, 3.8763 1.2477 2.7537, 3.8329 1.1726 2.7491, 3.8734 1.2468 2.6772, 3.8262 1.1707 2.5792, 3.8696 1.2456 2.5729, 3.8654 1.228 2.4606, 3.8829 1.2237 2.9322, 3.8395 1.1501 2.9168, 3.8892 1.1753 3.1028, 3.8458 1.1046 3.0772, 3.8893 1.1745 3.1046, 3.8516 1.0388 3.226, 3.8951 1.1052 3.2611, 3.8966 1.0806 3.3009, 3.9006 1.0155 3.4061, 3.8572 0.9544 3.3622, 3.9039 0.9552 3.4787, 3.8633 0.8492 3.4889, 3.9067 0.9036 3.5409, 3.9117 0.8019 3.633, 3.9132 0.7711 3.661, 3.8698 0.7248 3.6018, 3.9197 0.6248 3.7595, 3.8765 0.584 3.6966, 3.8896 0.2708 3.8204, 3.9277 0.4269 3.8499, 3.8831 0.431 3.7701, 3.9265 0.4586 3.84, 3.9199 0.6213 3.7618, 3.9391 0.1155 3.9218, 3.9355 0.2166 3.9052, 3.933 0.2881 3.8935, 3.8957 0.1085 3.847, 3.9013 -0.0516 3.8509, 3.9429 -0.0001 3.9246, 3.9569 -0.399 3.8618, 3.9505 -0.2271 3.9064, 3.9071 -0.2135 3.8324, 3.9502 -0.217 3.9075, 3.9447 -0.0549 3.926, 3.958 -0.4268 3.8501, 3.9135 -0.375 3.7905, 3.9201 -0.5311 3.7251, 3.9702 -0.72 3.699, 3.966 -0.6234 3.7571, 3.9635 -0.5651 3.7921, 3.9268 -0.6767 3.6375, 3.9334 -0.8074 3.5306, 3.974 -0.8015 3.6323, 3.9888 -1.076 3.3133, 3.983 -0.9785 3.4551, 3.9396 -0.9196 3.4083, 3.9818 -0.9562 3.4794, 3.9768 -0.859 3.5852, 3.9944 -1.1529 3.1603, 3.9892 -1.0818 3.3018, 3.951 -1.0835 3.1312, 3.9453 -1.0113 3.2751, 3.9637 -1.1674 2.8089, 4.0043 -1.2279 2.8936, 3.9572 -1.1366 2.9745, 4.0006 -1.2093 2.9936, 3.9965 -1.172 3.1038, 4.0204 -1.2308 2.4601, 4.0138 -1.2493 2.6367, 3.9704 -1.1742 2.6391, 4.0123 -1.2477 2.6771, 4.0071 -1.2421 2.8173, 4.0205 -1.2305 2.4574, 3.9771 -1.1565 2.4706, 4.0268 -1.1868 2.2848, 3.9834 -1.1154 2.3084, 4.0281 -1.1727 2.2504, 3.9894 -1.0534 2.157, 4.0328 -1.1208 2.1237, 4.0355 -1.08 2.0536, 4.0444 -0.9277 1.8394, 4.001 -0.8719 1.8897, 4.0506 -0.8032 1.7199, 4.0074 -0.7511 1.7738, 4.0508 -0.7991 1.716, 4.0207 -0.4623 1.5971, 4.0666 -0.4265 1.5054, 4.0641 -0.4919 1.528, 4.0768 -0.1499 1.4362, 4.0334 -0.1409 1.5108, 4.0817 0.0001 1.4284, 4.039 0.0197 1.5025, 4.0511 0.343 1.5535, 4.0891 0.2167 1.4476, 4.0448 0.181 1.5164, 4.0882 0.1926 1.4421, 4.0824 0.0209 1.4273, 4.101 0.5326 1.5463, 4.0969 0.4264 1.5054, 4.0945 0.3649 1.4816, 2.6132 0.1848 1.5942, 2.6253 0.4683 1.6822, 2.6203 0.3552 1.6386, 2.6188 0.3207 1.6253, 2.6278 0.5188 1.7106, 2.632 0.6069 1.7602, 2.6353 0.6691 1.8081, 2.6386 0.7323 1.8568, 2.6426 0.8005 1.927, 2.645 0.8411 1.9688, 2.6494 0.909 2.0619, 2.6508 0.9309 2.0917, 2.6558 0.9936 2.2084, 2.6564 1.0019 2.2239, 2.6625 1.0554 2.3684, 2.6757 1.0996 2.6806, 2.6699 1.0902 2.5448, 2.669 1.0887 2.5221, 2.6775 1.0964 2.724, 2.6823 1.0877 2.839, 2.6849 1.0738 2.9012, 2.6888 1.0535 2.9924, 2.692 1.0243 3.0697, 2.6948 0.9991 3.1364, 2.6986 0.9514 3.2239, 2.7004 0.9274 3.2681, 2.7051 0.8557 3.365, 2.7193 0.6011 3.598, 2.7127 0.7272 3.502, 2.7122 0.7357 3.4934, 2.7063 0.8367 3.3907, 2.7196 0.5938 3.602, 2.7325 0.3142 3.731, 2.7272 0.4349 3.6853, 2.726 0.462 3.6751, 2.7345 0.2665 3.7416, 2.7388 0.1625 3.7647, 2.7413 0.0952 3.7701, 2.7445 0.0116 3.7768, 2.7477 -0.0738 3.7718, 2.7502 -0.1387 3.768, 2.7545 -0.245 3.7468, 2.7564 -0.2906 3.7377, 2.7618 -0.4142 3.6941, 2.7762 -0.7085 3.5182, 2.7696 -0.5801 3.6113, 2.7693 -0.5747 3.6142, 2.7629 -0.4393 3.6852, 2.7768 -0.7188 3.5081, 2.7886 -0.9145 3.2878, 2.784 -0.8418 3.3819, 2.7826 -0.8208 3.409, 2.7905 -0.9407 3.2421, 2.7942 -0.989 3.1579, 2.797 -1.0164 3.0899, 2.8001 -1.0463 3.0157, 2.804 -1.0691 2.923, 2.8066 -1.0838 2.8635, 2.8115 -1.0953 2.7465, 2.8132 -1.0993 2.7055, 2.819 -1.0928 2.5672, 2.8199 -1.0919 2.5467, 2.8264 -1.062 2.392, 2.8382 -0.9431 2.1117, 2.8333 -1.0025 2.228, 2.8326 -1.0115 2.2457, 2.8397 -0.9208 2.0797, 2.844 -0.8564 1.9874, 2.8464 -0.8154 1.9432, 2.8502 -0.7505 1.8734, 2.8537 -0.6867 1.8219, 2.8568 -0.6275 1.7741, 2.8612 -0.5386 1.7214, 2.8635 -0.4907 1.6931, 2.8687 -0.3763 1.646, 2.8823 -0.0415 1.5783, 2.8764 -0.1929 1.5946, 2.8759 -0.2064 1.598, 2.8701 -0.3442 1.6328, 2.8825 -0.0356 1.5785, 2.894 0.2604 1.6088, 2.8889 0.1339 1.5872, 2.8879 0.1084 1.5829, 2.8959 0.3049 1.6231, 2.9005 0.4101 1.6569, 2.9033 0.4713 1.6867, 2.9071 0.5529 1.7266, 2.9109 0.6263 1.7767, 2.9138 0.684 1.8162, 2.9183 0.764 1.8896, 2.9203 0.7998 1.9225, 2.9252 0.8799 2.0202, 2.9378 1.0363 2.3093, 2.9319 0.9755 2.1695, 2.9316 0.9714 2.1629, 2.9263 0.8973 2.0416, 2.9383 1.0395 2.321, 2.9508 1.098 2.617, 2.9455 1.0821 2.4924, 2.9441 1.078 2.4599, 2.953 1.0971 2.6708, 2.9574 1.0952 2.776, 2.9605 1.0832 2.8492, 2.964 1.0697 2.932, 2.9678 1.0417 3.021, 2.9703 1.0231 3.0803, 2.9745 0.9756 3.1801, 2.9944 0.6533 3.5617, 2.9879 0.7731 3.4592, 2.9817 0.8753 3.3428, 2.9809 0.8872 3.3246, 2.976 0.9581 3.2169, 2.9952 0.6376 3.5716, 3.0077 0.374 3.7113, 3.0027 0.483 3.6627, 3.0011 0.5189 3.6467, 3.0101 0.3169 3.7274, 3.0141 0.2233 3.7539, 3.0172 0.1459 3.7644, 3.0201 0.0715 3.7745, 3.0236 -0.0237 3.7742, 3.0256 -0.0782 3.774, 3.0302 -0.1943 3.7576, 3.0447 -0.5251 3.6433, 3.038 -0.3806 3.7089, 3.0374 -0.3649 3.7134, 3.0316 -0.23 3.7525, 3.0449 -0.5286 3.6411, 3.0579 -0.778 3.4543, 3.0524 -0.6776 3.5413, 3.0514 -0.659 3.5575, 3.0597 -0.8072 3.4206, 3.064 -0.8794 3.3374, 3.0664 -0.9138 3.2844, 3.0697 -0.9613 3.2111, 3.0728 -0.9961 3.1368, 3.0755 -1.0256 3.0739, 3.0797 -1.0564 2.9738, 3.0817 -1.0713 2.9252, 3.087 -1.091 2.7995, 3.1016 -1.0766 2.453, 3.095 -1.0976 2.61, 3.0946 -1.0975 2.6203, 3.0883 -1.0958 2.769, 3.102 -1.0738 2.4432, 3.1138 -0.9724 2.1636, 3.1091 -1.0219 2.2755, 3.1079 -1.034 2.3029, 3.1156 -0.9469 2.1225, 3.1194 -0.8934 2.0361, 3.1221 -0.849 1.9825, 3.1255 -0.795 1.9175, 3.1292 -0.7271 1.8559, 3.1319 -0.6785 1.8118, 3.1367 -0.5844 1.7484, 3.1386 -0.5467 1.7231, 3.1443 -0.4258 1.6649, 3.1578 -0.1017 1.5822, 3.1517 -0.2536 1.6072, 3.1516 -0.2575 1.6084, 3.1453 -0.4036 1.6543, 3.1584 -0.086 1.5819, 3.1693 0.1997 1.5958, 3.1648 0.0832 1.5826, 3.1634 0.0482 1.5786, 3.1716 0.2543 1.61, 3.1756 0.3508 1.635, 3.1789 0.4228 1.6651, 3.1822 0.497 1.6962, 3.1864 0.582 1.7473, 3.1889 0.6333 1.7782, 3.1939 0.7256 1.8537, 3.1955 0.7556 1.8782, 3.201 0.8485 1.9795, 3.2017 0.8607 1.9927, 3.2075 0.9465 2.1174, 3.2193 1.0638 2.3987, 3.214 1.0211 2.2727, 3.2132 1.0141 2.252, 3.2211 1.0716 2.4407, 3.2259 1.0927 2.5537, 3.2286 1.0953 2.6176, 3.2326 1.0991 2.7126, 3.2361 1.0903 2.7967, 3.2392 1.0825 2.8704, 3.2434 1.057 2.9713, 3.2456 1.0441 3.0222, 3.2503 0.998 3.1348, 3.2631 0.8162 3.4141, 3.2571 0.9108 3.2934, 3.2567 0.9167 3.2832, 3.2516 0.9861 3.1639, 3.2634 0.8104 3.4197, 3.2762 0.5741 3.6151, 3.2707 0.6798 3.5394, 3.2695 0.7031 3.5227, 3.2783 0.5301 3.6378, 3.2829 0.4329 3.688, 3.2857 0.3669 3.7108, 3.2894 0.2839 3.7395, 3.2929 0.1967 3.7564, 3.2955 0.132 3.7689, 3.2995 0.0262 3.7744, 3.3012 -0.0183 3.7767, 3.306 -0.1434 3.7659, 3.3198 -0.4684 3.6721, 3.3132 -0.3209 3.729, 3.313 -0.3149 3.7303, 3.307 -0.1693 3.7637, 3.3204 -0.4809 3.665, 3.3331 -0.7324 3.4974, 3.3279 -0.6348 3.5727, 3.3265 -0.607 3.5941, 3.3353 -0.7708 3.4579, 3.3394 -0.8412 3.3854, 3.3423 -0.8846 3.3259, 3.3453 -0.9309 3.2625, 3.3487 -0.9741 3.1822, 3.3509 -1.0019 3.1303, 3.3554 -1.0414 3.0237, 3.357 -1.0555 2.9858, 3.3626 -1.0843 2.8522, 3.3634 -1.0887 2.832, 3.3701 -1.0996 2.6735, 3.3832 -1.0534 2.3618, 3.3776 -1.0832 2.4952, 3.3768 -1.0876 2.5152, 3.3848 -1.0392 2.3241, 3.3893 -0.9991 2.2177, 3.3915 -0.971 2.1662, 3.3949 -0.9273 2.0861, 3.3979 -0.8806 2.0229, 3.4008 -0.8366 1.9635, 3.4049 -0.7658 1.8915, 3.4071 -0.7271 1.8522, 3.4123 -0.629 1.7775, 3.427 -0.3141 1.6233, 3.4204 -0.4619 1.6792, 3.4198 -0.4745 1.6862, 3.4137 -0.601 1.7563, 3.4272 -0.3082 1.622, 3.439 -0.0115 1.5776, 3.4342 -0.1367 1.5875, 3.4332 -0.1624 1.5896, 3.4406 0.0329 1.5802, 3.4446 0.1389 1.5863, 3.4473 0.2035 1.5992, 3.4508 0.2908 1.6167, 3.4545 0.3735 1.6459, 3.4574 0.4395 1.6692, 3.462 0.5363 1.72, 3.464 0.5803 1.7431, 3.4695 0.6853 1.8194, 3.483 0.9146 2.0666, 3.4771 0.8209 1.9455, 3.4767 0.8151 1.9398, 3.4707 0.7086 1.8363, 3.4835 0.9204 2.0767, 3.4946 1.0463 2.3388, 3.4898 1.0008 2.2257, 3.4886 0.9891 2.1966, 3.4967 1.0589 2.3898, 3.501 1.0838 2.491, 3.5041 1.091 2.5646, 3.5077 1.0993 2.649, 3.5116 1.0949 2.7438, 3.5143 1.0919 2.8078, 3.5191 1.0701 2.9205, 3.5384 0.8563 3.3671, 3.5327 0.943 3.2428, 3.527 1.0114 3.1087, 3.5261 1.0186 3.088, 3.5209 1.062 2.9625, 3.5392 0.8441 3.3802, 3.5513 0.6274 3.5803, 3.5463 0.7203 3.5053, 3.5447 0.7504 3.481, 3.5538 0.5759 3.6108, 3.558 0.4905 3.6614, 3.5613 0.4162 3.6919, 3.5646 0.3441 3.7216, 3.5686 0.2475 3.746, 3.5709 0.1927 3.7598, 3.5754 0.0764 3.7723, 3.5884 -0.2605 3.7455, 3.5824 -0.1086 3.7714, 3.5818 -0.0927 3.7719, 3.5768 0.0414 3.776, 3.5886 -0.2643 3.7443, 3.6016 -0.553 3.6276, 3.5959 -0.4323 3.6866, 3.5949 -0.4103 3.6974, 3.6035 -0.5904 3.6021, 3.6083 -0.6842 3.5381, 3.6109 -0.7324 3.4938, 3.6147 -0.7999 3.4317, 3.618 -0.8533 3.3665, 3.6208 -0.8974 3.3126, 3.6246 -0.9502 3.2261, 3.6264 -0.9755 3.1847, 3.6311 -1.0243 3.0725, 3.6452 -1.098 2.7371, 3.6386 -1.078 2.8943, 3.6382 -1.0752 2.9043, 3.6323 -1.0364 3.0448, 3.6456 -1.0978 2.727, 3.6585 -1.0697 2.4222, 3.6532 -1.0902 2.5478, 3.6519 -1.0952 2.5781, 3.6605 -1.0545 2.3738, 3.6647 -1.023 2.2739, 3.6673 -0.9933 2.2114, 3.6705 -0.958 2.1373, 3.6737 -0.91 2.0643, 3.6761 -0.8752 2.0114, 3.6805 -0.8025 1.9287, 3.6823 -0.773 1.8951, 3.6878 -0.672 1.8087, 3.7022 -0.3739 1.643, 3.6955 -0.5188 1.7076, 3.6953 -0.5224 1.7099, 3.6888 -0.6532 1.7925, 3.7028 -0.3582 1.6386, 3.7145 -0.0714 1.5798, 3.71 -0.1875 1.5956, 3.7086 -0.2231 1.6004, 3.7165 -0.017 1.58, 3.7201 0.0784 1.5803, 3.723 0.1527 1.5909, 3.7261 0.2302 1.6019, 3.7301 0.3236 1.629, 3.7325 0.3808 1.6455, 3.7375 0.4894 1.6948, 3.7391 0.5253 1.7111, 3.745 0.6434 1.7868, 3.7458 0.6591 1.7969, 3.7523 0.7782 1.9002, 3.7641 0.9614 2.1433, 3.7593 0.8913 2.0352, 3.7585 0.8795 2.0171, 3.7657 0.9786 2.1802, 3.7699 1.0256 2.2806, 3.7724 1.0439 2.3399, 3.7762 1.0713 2.4293, 3.7797 1.0843 2.5121, 3.7828 1.0958 2.5855, 3.7872 1.097 2.6907, 3.7895 1.0976 2.7445, 3.7947 1.0809 2.8689, 3.8082 0.9723 3.1908, 3.8024 1.0339 3.0516, 3.8019 1.0373 3.0399, 3.7961 1.0765 2.9015, 3.8085 0.9683 3.1973, 3.8199 0.7949 3.437, 3.8149 0.8758 3.3396, 3.8138 0.8933 3.3184, 3.8219 0.7589 3.4696, 3.8264 0.6784 3.5426, 3.8293 0.6204 3.5816, 3.8331 0.5466 3.6314, 3.8369 0.4648 3.6706, 3.8397 0.4034 3.7001, 3.8443 0.2982 3.7332, 3.8462 0.2535 3.7472, 3.8512 0.1271 3.7679, 3.8637 -0.1998 3.7585, 3.8578 -0.0483 3.7758, 3.8576 -0.0423 3.7756, 3.8523 0.1016 3.7721, 3.8643 -0.2132 3.755, 3.8767 -0.4971 3.658, 3.8715 -0.3829 3.7059, 3.8701 -0.351 3.7193, 3.879 -0.5447 3.6294, 3.8834 -0.6334 3.5761, 3.8865 -0.6922 3.528, 3.89 -0.7557 3.476, 3.8938 -0.82 3.4059, 3.8962 -0.8608 3.3615, 3.9005 -0.9245 3.269, 3.9019 -0.9466 3.2368, 3.9069 -1.0052 3.1201, 3.9076 -1.0142 3.1022, 3.9138 -1.0638 2.9555, 3.927 -1.0991 2.6416, 3.9212 -1.0935 2.7801, 3.9203 -1.0927 2.8004, 3.9287 -1.0948 2.6007, 3.9336 -1.0825 2.4838, 3.9361 -1.0675 2.4245, 3.94 -1.0441 2.332, 3.9432 -1.0138 2.2581, 3.946 -0.986 2.1903, 3.9496 -0.9373 2.1065, 3.9516 -0.9107 2.0608, 3.9562 -0.8373 1.9672, 3.9706 -0.574 1.7392, 3.964 -0.703 1.8316, 3.9634 -0.7135 1.8416, 3.9576 -0.8161 1.9401, 3.9709 -0.5687 1.7365, 3.9838 -0.2837 1.6148, 3.9784 -0.4077 1.6576, 3.9773 -0.4327 1.6662, 3.9857 -0.2382 1.606, 3.99 -0.1318 1.5855, 3.9924 -0.0671 1.5821, 3.9956 0.0184 1.5777, 3.9988 0.102 1.5849, 4.0014 0.1694 1.5907, 4.0057 0.2733 1.6145, 4.0077 0.3211 1.6254, 4.013 0.4414 1.6719, 4.0275 0.7326 1.8571, 4.0209 0.6072 1.7603, 4.0206 0.5998 1.7562, 4.0142 0.4686 1.6823, 4.028 0.7409 1.8657, 4.0397 0.931 2.092, 4.0351 0.86 1.9947, 4.0339 0.8413 1.969, 4.0416 0.9547 2.1362, 4.0453 1.002 2.2242, 4.0481 1.0268 2.2911, 4.0514 1.0555 2.3687, 4.0553 1.0752 2.4601, 3.9933 0.7415 1.8651, 3.4488 0.921 2.0764, 3.3925 -0.3083 1.6216, 2.7917 -1.062 2.3919, 2.7421 -0.7195 3.5088, 4.1047 -0.6631 3.5544, 4.1047 -0.6517 3.5623, 4.0927 -0.652 3.5627, 4.1047 0.2982 3.7356, 4.1047 0.3489 3.719, 4.0852 0.3492 3.7199, 4.0702 0.6652 3.5528, 4.1047 0.6651 3.5527, 4.0777 0.5138 3.6494, 4.1047 0.5524 3.628, 4.1047 0.5918 3.604, 4.1047 0.3874 3.7063, 4.1047 0.4699 3.6714, 4.1047 0.5133 3.6485, 4.1047 0.2077 3.757, 4.0923 0.1782 3.7623, 4.1047 0.1781 3.7614, 4.1047 0.1159 3.7707, 4.0988 0.0077 3.7768, 4.1047 0.0249 3.7765, 4.1047 -0.1477 3.7665, 4.1047 -0.0683 3.7747, 4.1047 0.0077 3.7762, 4.0777 -0.3337 3.725, 4.1047 -0.3336 3.7247, 4.0762 -0.2978 3.7333, 4.1047 -0.2496 3.7481, 4.0706 -0.1625 3.7647, 4.0851 -0.4991 3.657, 4.1047 -0.499 3.6566, 4.083 -0.4515 3.6766, 4.1047 -0.4263 3.6908, 4.1047 -0.3393 3.7232, 4.0899 -0.5961 3.5972, 4.1047 -0.5895 3.6055, 4.1047 -0.5088 3.652, 4.1 -0.7863 3.4459, 4.1047 -0.7858 3.4454, 4.1047 -0.7352 3.4949, 4.0968 -0.7268 3.4977, 4.1047 -0.8016 3.4299, 4.1034 -0.8414 3.3831, 4.1047 -0.8639 3.3575, 2.6428 1.0986 2.7242, 2.6087 1.0979 2.7389, 2.6502 1.0765 2.9018, 2.6124 1.0862 2.8275, 2.6155 1.0765 2.9018, 2.6087 1.0919 2.5468, 2.6087 1.0989 2.6377, 2.6087 1.0981 2.7242, 2.6352 1.0916 2.5447, 2.6087 1.077 2.4552, 2.6279 1.056 2.3705, 2.6087 1.0239 2.2762, 2.621 0.9945 2.2079, 2.6087 1.0544 2.3649, 2.6087 1.0558 2.3705, 2.6087 0.9435 2.1123, 2.6087 0.9879 2.1941, 2.6087 0.994 2.2081, 2.6087 0.8146 1.9398, 2.6087 0.8362 1.963, 2.6147 0.9106 2.0607, 2.6087 0.8934 2.0361, 2.6087 0.9099 2.0612, 2.6087 0.7033 1.8318, 2.6087 0.6702 1.8066, 2.6087 0.6308 1.7765, 2.6087 0.5526 1.7265, 2.6087 0.5196 1.7091, 2.6087 0.4703 1.6832, 2.6087 0.3838 1.6467, 2.6087 0.3557 1.6375, 2.6087 0.2986 1.6188, 2.6087 0.208 1.5974, 2.6087 0.185 1.5934, 2.6087 0.1625 1.5896, 2.6087 0.7728 1.8948, 2.6087 0.8016 1.9258, 2.6639 0.9534 3.225, 2.6574 1.0268 3.0706, 2.6703 0.8571 3.3661, 2.6774 0.7363 3.4939, 2.6849 0.5941 3.6025, 2.6925 0.4355 3.6869, 2.6998 0.267 3.7439, 2.7067 0.0954 3.7727, 2.7198 -0.2455 3.7491, 2.713 -0.074 3.7743, 2.7271 -0.4148 3.6956, 2.7346 -0.5749 3.6145, 2.7493 -0.8432 3.383, 2.7558 -0.9427 3.2433, 2.7693 -1.0717 2.9236, 2.7623 -1.0188 3.0909, 2.7843 -1.0941 2.5671, 2.7767 -1.0974 2.7467, 2.7986 -1.0035 2.2275, 2.8049 -0.9225 2.0786, 2.8117 -0.8173 1.9415, 2.8189 -0.6885 1.8197, 2.8265 -0.5399 1.7192, 2.834 -0.3771 1.6442, 2.8412 -0.2067 1.5971, 2.8542 0.1341 1.5857, 2.8478 -0.0356 1.5781, 2.8612 0.3056 1.6208, 2.8686 0.4725 1.6842, 2.8836 0.7656 1.8878, 2.8762 0.6279 1.7744, 2.8905 0.8811 2.0192, 2.8969 0.9719 2.1627, 2.9036 1.0403 2.3208, 2.9108 1.084 2.4922, 2.9183 1.0996 2.6708, 2.9258 1.086 2.8497, 2.9331 1.0442 3.0218, 2.9398 0.9774 3.181, 2.9461 0.8883 3.3253, 2.9531 0.7745 3.4578, 2.9604 0.6382 3.5726, 2.968 0.4839 3.6646, 2.9754 0.3176 3.7299, 2.9825 0.1462 3.7671, 2.9889 -0.0237 3.7766, 2.9955 -0.1945 3.7595, 3.0026 -0.3652 3.7144, 3.0101 -0.5288 3.6413, 3.0177 -0.6786 3.5425, 3.025 -0.8089 3.422, 3.0317 -0.9159 3.2858, 3.0381 -0.9985 3.1379, 3.0449 -1.0587 2.9745, 3.0523 -1.0928 2.7998, 3.0673 -1.0744 2.443, 3.0598 -1.0982 2.6203, 3.0744 -1.0234 2.2748, 3.0809 -0.9488 2.1213, 3.0874 -0.8511 1.9808, 3.0945 -0.729 1.8539, 3.102 -0.5857 1.7465, 3.1095 -0.4264 1.6636, 3.1169 -0.2576 1.6081, 3.13 0.0834 1.5807, 3.1237 -0.086 1.5809, 3.1368 0.2549 1.6075, 3.1441 0.4239 1.6625, 3.1517 0.5834 1.745, 3.1592 0.7269 1.852, 3.1728 0.9475 2.119, 3.1663 0.8494 1.9787, 3.1793 1.0224 2.2723, 3.1864 1.0738 2.4403, 3.1938 1.098 2.6175, 3.2014 1.0931 2.797, 3.2087 1.0594 2.9719, 3.2156 0.9996 3.1355, 3.2287 0.8108 3.42, 3.222 0.9173 3.2836, 3.236 0.6808 3.5407, 3.2435 0.5312 3.64, 3.251 0.3678 3.7135, 3.2648 0.0263 3.7765, 3.2582 0.1972 3.759, 3.2782 -0.315 3.7307, 3.2712 -0.1436 3.7674, 3.2857 -0.4814 3.6658, 3.2932 -0.636 3.5743, 3.3006 -0.7726 3.4597, 3.3139 -0.9762 3.1834, 3.3076 -0.8867 3.3275, 3.3206 -1.0434 3.0244, 3.3279 -1.0856 2.8524, 3.3354 -1.0996 2.6736, 3.3429 -1.0844 2.4949, 3.3501 -1.0412 2.3234, 3.3568 -0.9731 2.165, 3.3631 -0.8827 2.0213, 3.3701 -0.7676 1.8897, 3.3775 -0.6301 1.776, 3.3851 -0.475 1.6854, 3.3995 -0.1368 1.5861, 3.4059 0.033 1.578, 3.4125 0.204 1.5966, 3.4197 0.3745 1.6432, 3.4348 0.6863 1.818, 3.4272 0.5375 1.7178, 3.442 0.8155 1.9394, 3.4551 1.0024 2.2251, 3.462 1.0613 2.3892, 3.4769 1.0976 2.744, 3.4694 1.0938 2.5644, 3.4844 1.0723 2.9209, 3.4914 1.0198 3.0884, 3.4979 0.9441 3.241, 3.5044 0.8449 3.3809, 3.5116 0.7216 3.507, 3.5191 0.5773 3.6131, 3.5266 0.4173 3.6945, 3.5339 0.2481 3.7485, 3.5407 0.0766 3.7741, 3.547 -0.0928 3.7729, 3.5539 -0.2644 3.7446, 3.5612 -0.433 3.688, 3.5688 -0.5917 3.604, 3.5763 -0.7342 3.4958, 3.5834 -0.8554 3.3682, 3.5963 -1.0259 3.0731, 3.6034 -1.0759 2.9045, 3.5898 -0.9522 3.2273, 3.6109 -1.0985 2.727, 3.6185 -1.092 2.5475, 3.6258 -1.0568 2.3731, 3.639 -0.9121 2.0629, 3.6327 -0.9956 2.2103, 3.6458 -0.8042 1.9272, 3.6531 -0.673 1.8075, 3.6606 -0.5225 1.7096, 3.6753 -0.1877 1.5937, 3.6681 -0.3585 1.6376, 3.6818 -0.017 1.5777, 3.6883 0.153 1.5882, 3.6953 0.3244 1.6264, 3.7028 0.4903 1.6929, 3.7103 0.644 1.7858, 3.7177 0.7795 1.9015, 3.7246 0.8923 2.0345, 3.7309 0.9805 2.1793, 3.7377 1.0464 2.3391, 3.7449 1.0871 2.5116, 3.7525 1.0996 2.6906, 3.76 1.0828 2.8691, 3.7738 0.9687 3.1976, 3.7672 1.038 3.0401, 3.7802 0.877 3.3406, 3.7872 0.7605 3.4714, 3.7946 0.622 3.584, 3.8096 0.2989 3.7354, 3.8022 0.4661 3.6732, 3.8165 0.1273 3.7694, 3.8296 -0.2135 3.7559, 3.8229 -0.0423 3.776, 3.8368 -0.3837 3.7077, 3.8443 -0.5461 3.6316, 3.8591 -0.8219 3.4077, 3.8518 -0.694 3.5302, 3.8658 -0.9261 3.2701, 3.8721 -1.0063 3.1206, 3.8791 -1.0638 2.9557, 3.8865 -1.0948 2.7801, 3.894 -1.097 2.6005, 3.9014 -1.0701 2.4239, 3.9085 -1.0162 2.2571, 3.9149 -0.9393 2.1053, 3.9215 -0.8388 1.966, 3.9362 -0.5689 1.7361, 3.9286 -0.7141 1.841, 3.9437 -0.4082 1.6561, 3.951 -0.2387 1.6037, 3.9577 -0.0672 1.5796, 3.9709 0.2738 1.6121, 3.9641 0.1022 1.5823, 3.9783 0.4421 1.6703, 3.9859 0.6001 1.7557, 4.0004 0.8614 1.9936, 4.0069 0.9567 2.1351, 4.0205 1.0779 2.4595, 4.028 1.0989 2.6373, 4.0134 1.0293 2.2902, 4.0355 1.0908 2.8167, 4.0497 0.9916 3.1526, 4.0429 1.054 2.9905, 4.056 0.9068 3.2992, 4.0628 0.7975 3.4342, 2.6191 1.0514 2.9869, 2.6291 0.9534 3.225, 2.6254 0.9955 3.1365, 2.6226 1.0268 3.0706, 2.6313 0.9208 3.2729, 2.6427 0.7363 3.4939, 2.6375 0.8255 3.3995, 2.6356 0.8571 3.3661, 2.6441 0.7101 3.5139, 2.6577 0.4355 3.6869, 2.651 0.5773 3.6115, 2.6502 0.5941 3.6025, 2.6579 0.431 3.6884, 2.6647 0.2757 3.741, 2.6651 0.267 3.7439, 2.6711 0.1176 3.769, 2.6719 0.0954 3.7727, 2.6769 -0.0383 3.774, 2.6783 -0.074 3.7743, 2.6831 -0.1954 3.7564, 2.685 -0.2455 3.7491, 2.6896 -0.3521 3.7154, 2.6923 -0.4148 3.6956, 2.6965 -0.5032 3.6508, 2.7074 -0.7195 3.5088, 2.7034 -0.6436 3.5643, 2.6999 -0.5749 3.6145, 2.7102 -0.7686 3.4588, 2.7211 -0.9427 3.2433, 2.7166 -0.875 3.3384, 2.7145 -0.8432 3.383, 2.7226 -0.9605 3.2077, 2.7346 -1.0717 2.9236, 2.7286 -1.0271 3.0649, 2.7275 -1.0188 3.0909, 2.7352 -1.0737 2.9098, 2.742 -1.0974 2.7467, 2.749 -1.0944 2.5814, 2.7496 -1.0941 2.5671, 2.7558 -1.0671 2.4195, 2.757 -1.062 2.3919, 2.7623 -1.0173 2.2661, 2.7639 -1.0035 2.2275, 2.7682 -0.948 2.1256, 2.7702 -0.9225 2.0786, 2.7743 -0.8593 1.9963, 2.7769 -0.8173 1.9415, 2.7807 -0.75 1.8778, 2.7917 -0.5399 1.7192, 2.7875 -0.6224 1.775, 2.7842 -0.6885 1.8197, 2.7945 -0.4801 1.6916, 2.8065 -0.2067 1.5971, 2.8013 -0.3277 1.6306, 2.7992 -0.3771 1.6442, 2.8079 -0.1705 1.5931, 2.8195 0.1341 1.5857, 2.8139 -0.0138 1.5791, 2.8131 -0.0356 1.5781, 2.8198 0.1427 1.5875, 2.8263 0.3007 1.6198, 2.8265 0.3056 1.6208, 2.8331 0.4545 1.6774, 2.8339 0.4725 1.6842, 2.84 0.5989 1.7576, 2.8414 0.6279 1.7744, 2.8469 0.7292 1.8579, 2.8488 0.7656 1.8878, 2.8534 0.8416 1.9743, 2.8558 0.8811 2.0192, 2.8595 0.9337 2.1024, 2.8622 0.9719 2.1627, 2.8655 1.0056 2.2406, 2.8761 1.084 2.4922, 2.8718 1.0584 2.392, 2.8688 1.0403 2.3208, 2.8786 1.0893 2.5526, 2.8911 1.086 2.8497, 2.8855 1.0961 2.7174, 2.8836 1.0996 2.6708, 2.8924 1.0784 2.881, 2.9051 0.9774 3.181, 2.899 1.0374 3.0382, 2.8984 1.0442 3.0218, 2.9052 0.9754 3.1843, 2.911 0.8934 3.3171, 2.9114 0.8883 3.3253, 2.9174 0.7901 3.4397, 2.9183 0.7745 3.4578, 2.9241 0.6676 3.5479, 2.9257 0.6382 3.5726, 2.9311 0.5292 3.6376, 2.9333 0.4839 3.6646, 2.938 0.3793 3.7057, 2.9407 0.3176 3.7299, 2.9446 0.2231 3.7504, 2.9542 -0.0237 3.7766, 2.9508 0.0658 3.7716, 2.9477 0.1462 3.7671, 2.9567 -0.0896 3.77, 2.9679 -0.3652 3.7144, 2.963 -0.2472 3.7456, 2.9607 -0.1945 3.7595, 2.9696 -0.403 3.6975, 2.983 -0.6786 3.5425, 2.9766 -0.5517 3.6262, 2.9754 -0.5288 3.6413, 2.9835 -0.6883 3.5335, 2.9902 -0.8089 3.422, 2.9965 -0.907 3.2971, 2.997 -0.9159 3.2858, 3.0023 -0.9849 3.1622, 3.0033 -0.9985 3.1379, 3.0085 -1.044 3.0144, 3.0102 -1.0587 2.9745, 3.0152 -1.0818 2.8562, 3.0176 -1.0928 2.7998, 3.0221 -1.096 2.6922, 3.0251 -1.0982 2.6203, 3.029 -1.0858 2.5277, 3.0397 -1.0234 2.2748, 3.0357 -1.0517 2.3682, 3.0326 -1.0744 2.443, 3.042 -0.9961 2.2185, 3.0527 -0.8511 1.9808, 3.048 -0.9215 2.082, 3.0461 -0.9488 2.1213, 3.0541 -0.8264 1.9551, 3.0673 -0.5857 1.7465, 3.0607 -0.7111 1.8405, 3.0598 -0.729 1.8539, 3.0676 -0.5784 1.7427, 3.0746 -0.4317 1.6663, 3.0748 -0.4264 1.6636, 3.0813 -0.2763 1.6143, 3.0821 -0.2576 1.6081, 3.0877 -0.1183 1.586, 3.089 -0.086 1.5809, 3.0936 0.0375 1.5807, 3.0953 0.0834 1.5807, 3.0997 0.1945 1.598, 3.1021 0.2549 1.6075, 3.1063 0.3512 1.6388, 3.1094 0.4239 1.6625, 3.1131 0.5024 1.7031, 3.1245 0.7269 1.852, 3.1201 0.6429 1.7894, 3.117 0.5834 1.745, 3.1269 0.7682 1.8947, 3.1381 0.9475 2.119, 3.1333 0.8747 2.015, 3.1316 0.8494 1.9787, 3.1392 0.9605 2.1457, 3.1516 1.0738 2.4403, 3.1453 1.0273 2.2884, 3.1446 1.0224 2.2723, 3.1518 1.0743 2.4435, 3.1587 1.0966 2.6067, 3.1591 1.098 2.6175, 3.1656 1.0938 2.772, 3.1667 1.0931 2.797, 3.1724 1.0667 2.9339, 3.174 1.0594 2.9719, 3.1789 1.0172 3.0873, 3.1809 0.9996 3.1355, 3.1849 0.9482 3.2279, 3.1872 0.9173 3.2836, 3.1909 0.8598 3.3573, 3.2013 0.6808 3.5407, 3.1974 0.7506 3.4759, 3.194 0.8108 3.42, 3.2042 0.6232 3.579, 3.2163 0.3678 3.7135, 3.2111 0.481 3.6626, 3.2088 0.5312 3.64, 3.218 0.3287 3.7239, 3.2301 0.0263 3.7765, 3.2245 0.1714 3.7616, 3.2235 0.1972 3.759, 3.2305 0.0146 3.7759, 3.2365 -0.1436 3.7674, 3.2429 -0.2997 3.734, 3.2435 -0.315 3.7307, 3.2497 -0.4535 3.6767, 3.251 -0.4814 3.6658, 3.2567 -0.5979 3.5968, 3.2585 -0.636 3.5743, 3.2635 -0.7283 3.4968, 3.2659 -0.7726 3.4597, 3.2701 -0.8409 3.3805, 3.2729 -0.8867 3.3275, 3.2761 -0.9332 3.2526, 3.2859 -1.0434 3.0244, 3.2821 -1.0053 3.1145, 3.2792 -0.9762 3.1834, 3.2885 -1.0584 2.9632, 3.3007 -1.0996 2.6736, 3.2952 -1.0895 2.8027, 3.2931 -1.0856 2.8524, 3.3022 -1.0966 2.6378, 3.3154 -1.0412 2.3234, 3.3091 -1.0792 2.474, 3.3082 -1.0844 2.4949, 3.3157 -1.0383 2.3166, 3.3218 -0.9756 2.1708, 3.3221 -0.9731 2.165, 3.3277 -0.8933 2.0382, 3.3284 -0.8827 2.0213, 3.334 -0.7903 1.9157, 3.3354 -0.7676 1.8897, 3.3408 -0.668 1.8073, 3.3428 -0.6301 1.776, 3.3477 -0.5298 1.7174, 3.3504 -0.475 1.6854, 3.3546 -0.3801 1.6491, 3.3578 -0.3083 1.6216, 3.3612 -0.2239 1.6041, 3.3712 0.033 1.578, 3.3674 -0.0666 1.5827, 3.3648 -0.1368 1.5861, 3.3733 0.0888 1.5841, 3.385 0.3745 1.6432, 3.3796 0.2465 1.6082, 3.3778 0.204 1.5966, 3.3863 0.4024 1.656, 3.4 0.6863 1.818, 3.3932 0.5513 1.7272, 3.3925 0.5375 1.7178, 3.4001 0.6882 1.8197, 3.4068 0.8072 1.9316, 3.4073 0.8155 1.9394, 3.4131 0.9061 2.057, 3.414 0.921 2.0764, 3.4189 0.9841 2.1916, 3.4204 1.0024 2.2251, 3.4252 1.0433 2.3392, 3.4273 1.0613 2.3892, 3.4318 1.0814 2.4973, 3.4346 1.0938 2.5644, 3.4387 1.0959 2.6613, 3.4497 1.0723 2.9209, 3.4457 1.0859 2.8257, 3.4422 1.0976 2.744, 3.4524 1.0521 2.9853, 3.4631 0.9441 3.241, 3.4587 0.9966 3.1352, 3.4567 1.0198 3.0884, 3.4646 0.9222 3.2719, 3.4697 0.8449 3.3809, 3.4707 0.8273 3.3989, 3.4769 0.7216 3.507, 3.4773 0.7122 3.5138, 3.4842 0.5793 3.6116, 3.4843 0.5773 3.6131, 3.4912 0.4321 3.687, 3.4919 0.4173 3.6945, 3.498 0.2769 3.7393, 3.4992 0.2481 3.7485, 3.5043 0.1191 3.7678, 3.506 0.0766 3.7741, 3.5102 -0.0366 3.7733, 3.5123 -0.0928 3.7729, 3.5163 -0.1936 3.7562, 3.5192 -0.2644 3.7446, 3.5229 -0.3504 3.7157, 3.5341 -0.5917 3.604, 3.5298 -0.5016 3.6517, 3.5265 -0.433 3.688, 3.5367 -0.6423 3.5656, 3.5486 -0.8554 3.3682, 3.5435 -0.7678 3.4605, 3.5415 -0.7342 3.4958, 3.5499 -0.8746 3.3402, 3.5616 -1.0259 3.0731, 3.5559 -0.9606 3.2096, 3.5551 -0.9522 3.2273, 3.5619 -1.0277 3.0669, 3.5684 -1.0738 2.9115, 3.5687 -1.0759 2.9045, 3.5753 -1.0958 2.7484, 3.5762 -1.0985 2.727, 3.5822 -1.0933 2.5832, 3.5837 -1.092 2.5475, 3.5891 -1.0665 2.4214, 3.5911 -1.0568 2.3731, 3.5955 -1.0173 2.268, 3.5979 -0.9956 2.2103, 3.6015 -0.9485 2.1272, 3.611 -0.8042 1.9272, 3.6075 -0.8603 1.9977, 3.6043 -0.9121 2.0629, 3.614 -0.7513 1.879, 3.6259 -0.5225 1.7096, 3.6208 -0.624 1.7757, 3.6184 -0.673 1.8075, 3.6278 -0.4819 1.6918, 3.6405 -0.1877 1.5937, 3.6346 -0.3296 1.6302, 3.6334 -0.3585 1.6376, 3.6411 -0.1723 1.5922, 3.6471 -0.017 1.5777, 3.6531 0.1411 1.5875, 3.6535 0.153 1.5882, 3.6595 0.2987 1.6207, 3.6606 0.3244 1.6264, 3.6663 0.4525 1.6777, 3.668 0.4903 1.6929, 3.6733 0.597 1.7574, 3.6756 0.644 1.7858, 3.6801 0.7275 1.8572, 3.683 0.7795 1.9015, 3.6867 0.8403 1.9732, 3.6962 0.9805 2.1793, 3.6928 0.9328 2.101, 3.6899 0.8923 2.0345, 3.6987 1.0051 2.239, 3.7102 1.0871 2.5116, 3.7051 1.0585 2.3902, 3.7029 1.0464 2.3391, 3.7119 1.0898 2.5507, 3.7177 1.0996 2.6906, 3.7188 1.0972 2.7157, 3.7253 1.0828 2.8691, 3.7257 1.08 2.8796, 3.7323 1.0388 3.0371, 3.7325 1.038 3.0401, 3.7385 0.9753 3.1826, 3.7391 0.9687 3.1976, 3.7443 0.8933 3.3151, 3.7455 0.877 3.3406, 3.7507 0.7905 3.4377, 3.7525 0.7605 3.4714, 3.7574 0.6685 3.5462, 3.7599 0.622 3.584, 3.7643 0.5305 3.6363, 3.7674 0.4661 3.6732, 3.7712 0.3809 3.7049, 3.7818 0.1273 3.7694, 3.7779 0.2248 3.7501, 3.7749 0.2989 3.7354, 3.7841 0.0675 3.7717, 3.7948 -0.2135 3.7559, 3.79 -0.088 3.7706, 3.7882 -0.0423 3.776, 3.7962 -0.2457 3.7468, 3.8096 -0.5461 3.6316, 3.8029 -0.4018 3.6992, 3.8021 -0.3837 3.7077, 3.8098 -0.551 3.6283, 3.8168 -0.6873 3.5348, 3.8171 -0.694 3.5302, 3.8235 -0.8061 3.4228, 3.8244 -0.8219 3.4077, 3.8297 -0.9052 3.2977, 3.8311 -0.9261 3.2701, 3.8356 -0.9834 3.1633, 3.8374 -1.0063 3.1206, 3.8418 -1.0428 3.0159, 3.8443 -1.0638 2.9557, 3.8485 -1.0811 2.8578, 3.8593 -1.097 2.6005, 3.8554 -1.0959 2.6939, 3.8517 -1.0948 2.7801, 3.8623 -1.0862 2.5295, 3.8738 -1.0162 2.2571, 3.869 -1.0526 2.3698, 3.8667 -1.0701 2.4239, 3.8753 -0.9973 2.2198, 3.8867 -0.8388 1.966, 3.8812 -0.9231 2.0829, 3.8802 -0.9393 2.1053, 3.8873 -0.8283 1.9556, 3.8939 -0.7141 1.841, 3.9009 -0.5795 1.7438, 3.9014 -0.5689 1.7361, 3.9078 -0.4326 1.6682, 3.909 -0.4082 1.6561, 3.9146 -0.2776 1.6158, 3.9163 -0.2387 1.6037, 3.9209 -0.1199 1.587, 3.923 -0.0672 1.5796, 3.9269 0.0358 1.5812, 3.9293 0.1022 1.5823, 3.933 0.1927 1.598, 3.9436 0.4421 1.6703, 3.9395 0.3495 1.6383, 3.9362 0.2738 1.6121, 3.9464 0.5009 1.7021, 3.9586 0.7415 1.8651, 3.9533 0.6418 1.788, 3.9511 0.6001 1.7557, 3.9601 0.7675 1.893, 3.9657 0.8614 1.9936, 3.9666 0.8745 2.0131, 3.9721 0.9567 2.1351, 3.9725 0.9608 2.1437, 3.9785 1.0277 2.2867, 3.9787 1.0293 2.2902, 3.9851 1.0729 2.4422, 3.9858 1.0779 2.4595, 3.9919 1.0951 2.6052, 3.9933 1.0989 2.6373, 3.9989 1.0929 2.7702, 4.0008 1.0908 2.8167, 4.0057 1.0664 2.9321, 4.0081 1.054 2.9905, 4.0121 1.0174 3.0855, 4.015 0.9916 3.1526, 4.0181 0.9489 3.2264, 4.0281 0.7975 3.4342, 4.0242 0.8608 3.356, 4.0213 0.9068 3.2992, 4.0306 0.7521 3.4749, 4.043 0.5138 3.6494, 4.0374 0.625 3.5785, 4.0354 0.6652 3.5528, 4.0444 0.4829 3.6626, 4.0576 0.1782 3.7623, 4.0512 0.3306 3.7245, 4.0505 0.3492 3.7199, 4.1047 -0.1625 3.7645, 4.1047 -0.1574 3.7655, 4.0697 -0.1402 3.7663, 4.0641 0.0077 3.7768, 4.0638 0.0161 3.7761, 4.0578 0.1732 3.7627, 4.0144 0.1851 3.8373, 4.0204 0.0172 3.8519, 3.9291 1.0272 2.1069, 3.9351 1.0982 2.2598, 3.5641 -0.9219 1.949, 3.3179 -0.24 1.5271, 3.2328 -1.0 3.2938, 3.1474 0.9214 3.4061, 3.0697 0.5386 1.6331, 2.9856 -1.1639 2.517, 2.9468 -0.8636 3.4737, 2.9531 -0.9699 3.3401, 2.9012 0.2391 3.8274, 2.6986 -1.1725 2.7516, 2.7056 -1.1704 2.5748, 2.6145 0.4605 3.758, 2.6213 0.2948 3.8144, 2.6087 0.1426 3.8757, 2.6087 0.1294 3.8775, 2.6277 0.1259 3.8452, 4.1047 -1.1528 2.6033, 4.1047 -1.1512 2.6375, 4.092 -1.1741 2.6367, 4.06 -0.9 3.4323, 4.0661 -0.9991 3.2953, 4.1047 -0.9235 3.2854, 4.1047 -1.0238 3.126, 4.1047 -0.9767 3.2083, 4.1047 -0.9414 3.2595, 4.0783 -1.1337 2.9854, 4.1047 -1.0891 2.9732, 4.0719 -1.0766 3.1474, 4.1047 -1.0594 3.051, 4.0851 -1.1669 2.8133, 4.1047 -1.1199 2.8703, 4.1047 -1.0935 2.9616, 4.1047 -1.1483 2.699, 4.1047 -1.1387 2.7773, 4.1047 -1.1322 2.8092, 4.1047 -1.1494 2.5083, 4.0989 -1.1549 2.4615, 4.1047 -1.144 2.4635, 4.1047 -1.1381 2.4141, 4.1019 -1.1385 2.3872, 4.1047 -1.1176 2.315, 4.1047 -1.1175 2.3147, 4.1033 -1.1285 2.3507, 4.0622 -1.1814 2.2689, 4.0555 -1.2288 2.4477, 4.0683 -1.1103 2.103, 4.1047 -1.055 2.1335, 4.0629 -1.1734 2.2502, 4.1047 -1.09 2.2227, 4.1047 -1.1111 2.2932, 4.0741 -1.0179 1.9516, 4.1047 -0.9741 1.9827, 4.0702 -1.0802 2.0536, 4.1047 -1.0124 2.0469, 4.1047 -1.0542 2.132, 4.0872 -0.763 1.687, 4.1047 -0.7438 1.7118, 4.0853 -0.8016 1.7217, 4.1047 -0.7725 1.7366, 4.0805 -0.9015 1.8113, 4.1047 -0.8414 1.8064, 4.1047 -0.8704 1.841, 4.0775 -0.955 1.8758, 4.1047 -0.9046 1.8818, 4.1047 -0.962 1.9625, 4.1011 -0.4353 1.5054, 4.1047 -0.5326 1.5612, 4.0941 -0.6059 1.5838, 4.1047 -0.5966 1.6004, 4.0933 -0.6242 1.5959, 4.1047 -0.6164 1.6126, 4.1047 -0.6965 1.671, 4.1047 -0.3394 1.4741, 4.1047 -0.3542 1.4794, 4.1014 -0.4274 1.5028, 4.1047 -0.4329 1.5118, 4.1047 -0.4451 1.5168, 2.6087 -0.3515 3.863, 2.6087 -0.3979 3.8504, 2.6462 -0.3773 3.7898, 2.6087 -0.4472 3.8371, 2.6531 -0.5394 3.7209, 2.6087 -0.5489 3.8002, 2.6097 -0.5739 3.7876, 2.6396 -0.2092 3.8332, 2.6087 -0.2186 3.8851, 2.6087 -0.2539 3.8813, 2.6087 0.0465 3.889, 2.6087 -0.0424 3.894, 2.6335 -0.0409 3.8513, 2.6087 -0.0512 3.8945, 2.6087 -0.1543 3.8919, 2.6087 0.2376 3.8543, 2.6087 0.2999 3.8345, 2.6087 0.4278 3.7852, 2.6087 0.3392 3.822, 2.6087 0.5939 3.6908, 2.6087 0.5132 3.7411, 2.6087 0.4641 3.7665, 2.6087 0.616 3.6745, 2.6087 0.7508 3.5622, 2.6087 0.7433 3.5699, 2.6087 0.6714 3.6332, 2.6087 0.8714 3.4258, 2.6087 0.8647 3.434, 2.6087 0.8101 3.5008, 2.6087 1.0086 3.1899, 2.6087 0.9674 3.2753, 2.6087 0.9555 3.2955, 2.6087 0.9187 3.3579, 2.6087 1.0671 3.0153, 2.6087 1.0423 3.1015, 2.6087 1.024 3.1497, 2.6087 1.0956 2.8288, 2.6087 1.0955 2.8323, 2.6087 1.0851 2.9245, 2.6087 1.0715 2.9929, 2.6087 0.5954 3.6898, 2.6601 -0.6899 3.6281, 2.6669 -0.8237 3.5148, 2.6733 -0.9373 3.3855, 2.6792 -1.0284 3.2451, 2.6852 -1.0991 3.092, 2.6917 -1.1482 2.9259, 2.7124 -1.142 2.4015, 2.7248 -1.0155 2.0864, 2.7189 -1.0893 2.2372, 2.7308 -0.9208 1.9476, 2.7373 -0.8039 1.8204, 2.7441 -0.6671 1.7101, 2.7511 -0.5144 1.6209, 2.758 -0.351 1.556, 2.7645 -0.1825 1.5166, 2.7705 -0.0147 1.5024, 2.7764 0.1526 1.5123, 2.7897 0.4861 1.6076, 2.7828 0.3213 1.5471, 2.7966 0.6411 1.6927, 2.8101 0.9017 1.9241, 2.8035 0.781 1.7995, 2.8161 1.0004 2.0612, 2.822 1.0777 2.2094, 2.8284 1.1344 2.3716, 2.8352 1.1672 2.5437, 2.8421 1.174 2.7203, 2.849 1.1544 2.8955, 2.8557 1.1095 3.0634, 2.8676 0.9551 3.3613, 2.874 0.8454 3.4929, 2.8618 1.0423 3.2191, 2.8807 0.7149 3.6094, 2.8877 0.567 3.7061, 2.8946 0.4066 3.7794, 2.9074 0.0705 3.8499, 2.9132 -0.0961 3.8481, 2.9195 -0.2649 3.8217, 2.9262 -0.4317 3.7698, 2.9332 -0.5906 3.6928, 2.9401 -0.7361 3.5928, 2.9589 -1.0539 3.1963, 2.9718 -1.159 2.8691, 2.9651 -1.1179 3.0384, 2.9787 -1.1747 2.6933, 2.9924 -1.1272 2.346, 2.9987 -1.0671 2.1857, 3.0045 -0.9868 2.0397, 3.0107 -0.8846 1.9041, 3.0173 -0.7608 1.7819, 3.0242 -0.6182 1.6782, 3.0379 -0.2956 1.5402, 3.0312 -0.4614 1.5967, 3.0443 -0.1268 1.5092, 3.0562 0.2083 1.521, 3.0502 0.04 1.503, 3.0628 0.3764 1.5643, 3.0767 0.6891 1.7257, 3.0835 0.8231 1.8389, 3.0899 0.9368 1.9682, 3.0958 1.028 2.1084, 3.1018 1.0988 2.2615, 3.1084 1.148 2.4275, 3.1222 1.1704 2.7786, 3.1152 1.1724 2.6018, 3.129 1.1422 2.952, 3.1415 1.0159 3.2671, 3.1355 1.0896 3.1164, 3.1539 0.8045 3.5333, 3.1608 0.6678 3.6437, 3.1677 0.5152 3.733, 3.1746 0.3518 3.7981, 3.1811 0.1833 3.8376, 3.1871 0.0155 3.8519, 3.193 -0.1517 3.8422, 3.2063 -0.4852 3.7471, 3.1995 -0.3204 3.8074, 3.2133 -0.6403 3.6622, 3.2267 -0.9011 3.431, 3.2201 -0.7803 3.5554, 3.2386 -1.0773 3.1458, 3.245 -1.1342 2.9836, 3.2518 -1.1671 2.8115, 3.2588 -1.1741 2.6349, 3.2657 -1.1545 2.4597, 3.2723 -1.1098 2.2918, 3.2843 -0.9556 1.9938, 3.2784 -1.0427 2.136, 3.2906 -0.846 1.8621, 3.3043 -0.5678 1.6487, 3.2973 -0.7156 1.7455, 3.3112 -0.4074 1.5753, 3.3241 -0.0713 1.5045, 3.3299 0.0952 1.5062, 3.3362 0.2641 1.5324, 3.3429 0.4308 1.5842, 3.3498 0.5898 1.6611, 3.3567 0.7354 1.7609, 3.3697 0.9694 2.0135, 3.3634 0.863 1.88, 3.3755 1.0535 2.1572, 3.3884 1.1589 2.4844, 3.3817 1.1176 2.315, 3.4023 1.164 2.8364, 3.3953 1.1747 2.6601, 3.409 1.1274 3.0074, 3.4153 1.0675 3.1678, 3.4211 0.9873 3.3139, 3.4273 0.8852 3.4496, 3.4339 0.7615 3.5718, 3.4408 0.619 3.6757, 3.4546 0.2965 3.814, 3.4478 0.4622 3.7572, 3.4609 0.1276 3.845, 3.4729 -0.2074 3.8335, 3.4668 -0.0392 3.8513, 3.4864 -0.5377 3.7217, 3.4795 -0.3755 3.7904, 3.4933 -0.6884 3.6292, 3.5001 -0.8225 3.5161, 3.5066 -0.9362 3.3869, 3.5124 -1.0276 3.2466, 3.5185 -1.0985 3.0937, 3.525 -1.1478 2.9277, 3.5388 -1.1705 2.5767, 3.5319 -1.1723 2.7535, 3.5457 -1.1424 2.4033, 3.5581 -1.0164 2.0879, 3.5522 -1.09 2.2388, 3.5706 -0.8052 1.8217, 3.5774 -0.6686 1.7111, 3.5844 -0.516 1.6217, 3.5912 -0.3527 1.5565, 3.5978 -0.1842 1.5169, 3.6097 0.1508 1.5121, 3.6038 -0.0164 1.5025, 3.6229 0.4844 1.6069, 3.6161 0.3196 1.5466, 3.6299 0.6395 1.6917, 3.6368 0.7796 1.7983, 3.6433 0.9006 1.9227, 3.6494 0.9995 2.0598, 3.6553 1.077 2.2078, 3.6617 1.1339 2.3699, 3.6684 1.167 2.5419, 3.6754 1.1741 2.7185, 3.6823 1.1547 2.8937, 3.6889 1.1101 3.0617, 3.7009 0.9561 3.3598, 3.6951 1.0431 3.2176, 3.7072 0.8467 3.4916, 3.7209 0.5686 3.7052, 3.714 0.7164 3.6083, 3.7345 0.2409 3.827, 3.7278 0.4083 3.7788, 3.7407 0.0722 3.8498, 3.7465 -0.0944 3.8482, 3.7528 -0.2632 3.8221, 3.7595 -0.43 3.7705, 3.7664 -0.589 3.6937, 3.7734 -0.7346 3.594, 3.7863 -0.9689 3.3416, 3.7801 -0.8624 3.475, 3.7921 -1.0531 3.1979, 3.805 -1.1587 2.8709, 3.7984 -1.1173 3.0402, 3.8189 -1.1641 2.5188, 3.812 -1.1747 2.6951, 3.8256 -1.1277 2.3478, 3.832 -1.0678 2.1873, 3.8378 -0.9878 2.0411, 3.8439 -0.8858 1.9054, 3.8575 -0.6198 1.6791, 3.8506 -0.7622 1.7831, 3.8712 -0.2974 1.5406, 3.8644 -0.4631 1.5975, 3.8776 -0.1285 1.5094, 3.8834 0.0383 1.503, 3.8895 0.2066 1.5206, 3.8961 0.3747 1.5637, 3.903 0.5369 1.6322, 3.91 0.6876 1.7246, 3.9168 0.8218 1.8376, 3.9232 0.9357 1.9668, 3.9416 1.1476 2.4258, 3.9555 1.1706 2.7767, 3.9485 1.1723 2.6, 3.9623 1.1427 2.9502, 3.9688 1.0903 3.1147, 3.9747 1.0168 3.2657, 3.9807 0.9225 3.4047, 3.9872 0.8058 3.532, 3.994 0.6693 3.6427, 4.001 0.5169 3.7322, 4.0079 0.3535 3.7975, 4.0263 -0.1499 3.8424, 4.0395 -0.4836 3.7479, 4.0327 -0.3187 3.8079, 4.0465 -0.6388 3.6632, 4.0534 -0.779 3.5566, 2.6118 -0.6234 3.7571, 2.6167 -0.734 3.689, 2.6199 -0.8012 3.6321, 2.6235 -0.8765 3.5684, 2.6276 -0.9553 3.4786, 2.6299 -0.9973 3.4308, 2.635 -1.0813 3.3014, 2.6358 -1.0942 3.2815, 2.6483 -1.2217 2.9418, 2.6423 -1.1737 3.1044, 2.6418 -1.1695 3.1186, 2.6501 -1.2283 2.8939, 2.6552 -1.2475 2.7564, 2.6581 -1.2465 2.6772, 2.6622 -1.2452 2.5683, 2.6662 -1.2277 2.4607, 2.669 -1.2151 2.3839, 2.674 -1.1723 2.2504, 2.6874 -0.9798 1.9009, 2.6814 -1.0805 2.0486, 2.6813 -1.0823 2.0523, 2.6755 -1.159 2.209, 2.6886 -0.956 1.8751, 2.6939 -0.8553 1.7656, 2.6964 -0.8014 1.7222, 2.7007 -0.7098 1.6482, 2.7044 -0.6232 1.5977, 2.7077 -0.5473 1.5534, 2.7125 -0.4264 1.5053, 2.7146 -0.3734 1.4842, 2.7203 -0.2167 1.4476, 2.7211 -0.1941 1.4423, 2.733 0.1623 1.4378, 2.7276 -0.0001 1.4282, 2.7271 -0.0156 1.4273, 2.7349 0.2165 1.4489, 2.7394 0.3419 1.4748, 2.7427 0.4263 1.5058, 2.7463 0.5172 1.5392, 2.7507 0.6234 1.5975, 2.7532 0.6821 1.6297, 2.7588 0.8022 1.7214, 2.7727 1.0644 2.0218, 2.7667 0.9594 1.8759, 2.7666 0.9574 1.8738, 2.7601 0.831 1.7434, 2.7739 1.0807 2.0531, 2.7786 1.1466 2.1794, 2.7812 1.1716 2.2507, 2.785 1.207 2.352, 2.789 1.2277 2.4607, 2.7918 1.2419 2.5352, 2.797 1.2474 2.6773, 2.8123 1.1805 3.0881, 2.8056 1.2282 2.9095, 2.8051 1.23 2.8941, 2.7987 1.2492 2.7231, 2.8129 1.1736 3.1042, 2.8184 1.109 3.2538, 2.8202 1.0802 3.3008, 2.8242 1.0162 3.405, 2.8275 0.955 3.4785, 2.8306 0.8995 3.5451, 2.8353 0.8016 3.6326, 2.8373 0.7606 3.6691, 2.8433 0.6241 3.7583, 2.8443 0.6033 3.7719, 2.8578 0.2544 3.901, 2.8514 0.4274 3.8514, 2.8512 0.4326 3.8499, 2.8591 0.2168 3.906, 2.864 0.075 3.9249, 2.8665 0.0 3.9241, 2.8698 -0.1023 3.923, 2.8738 -0.2166 3.9052, 2.8761 -0.2819 3.895, 2.8816 -0.4269 3.8498, 2.8967 -0.7832 3.6514, 2.8898 -0.6284 3.7578, 2.8896 -0.6249 3.7594, 2.8828 -0.4593 3.8397, 2.8977 -0.8023 3.6335, 2.9034 -0.9189 3.5246, 2.9054 -0.9553 3.4789, 2.9097 -1.032 3.3826, 2.9128 -1.0798 3.3006, 2.9155 -1.1213 3.2295, 2.9201 -1.1723 3.1038, 2.9217 -1.1894 3.0616, 2.9279 -1.2301 2.894, 2.9284 -1.2332 2.8813, 2.9422 -1.2383 2.5067, 2.9359 -1.2488 2.6772, 2.9353 -1.2499 2.6943, 2.9439 -1.2284 2.4607, 2.949 -1.1993 2.3249, 2.9517 -1.1716 2.2508, 2.9553 -1.1354 2.1543, 2.9591 -1.08 2.0536, 2.9611 -1.05 1.9989, 2.9664 -0.9563 1.8746, 2.9673 -0.9412 1.8546, 2.9808 -0.6578 1.6142, 2.9742 -0.8032 1.7201, 2.9739 -0.8095 1.7247, 2.9822 -0.6239 1.5967, 2.9878 -0.4909 1.5276, 2.9902 -0.4265 1.5056, 2.9945 -0.3146 1.4674, 2.998 -0.2165 1.4494, 3.0009 -0.1349 1.4345, 3.0054 0.0001 1.4295, 3.0067 0.0426 1.4279, 3.0127 0.217 1.4465, 3.0128 0.2216 1.447, 3.0263 0.573 1.5662, 3.0205 0.4268 1.5042, 3.0194 0.4005 1.4931, 3.0285 0.6234 1.5972, 3.0333 0.7332 1.6648, 3.0365 0.8012 1.7223, 3.0401 0.8758 1.7852, 3.0443 0.9553 1.8757, 3.0465 0.9967 1.9228, 3.0516 1.0813 2.0529, 3.0524 1.0938 2.0721, 3.065 1.2215 2.4116, 3.059 1.1736 2.2499, 3.0584 1.1691 2.2349, 3.0668 1.2283 2.4605, 3.0718 1.2474 2.597, 3.0748 1.2465 2.6771, 3.0788 1.2453 2.7851, 3.0828 1.2277 2.8937, 3.0856 1.2153 2.9695, 3.0906 1.1723 3.104, 3.104 0.9803 3.4527, 3.0981 1.0809 3.3049, 3.098 1.0823 3.3021, 3.0921 1.1594 3.1445, 3.1053 0.956 3.4792, 3.1105 0.856 3.5881, 3.1131 0.8014 3.6322, 3.1174 0.7106 3.7056, 3.1211 0.6232 3.7567, 3.1243 0.5482 3.8006, 3.1291 0.4264 3.849, 3.1312 0.3743 3.8698, 3.1369 0.2167 3.9068, 3.1377 0.1951 3.9119, 3.1496 -0.1614 3.9167, 3.1443 0.0001 3.9261, 3.1437 0.0165 3.9271, 3.1516 -0.2165 3.9054, 3.1561 -0.341 3.8798, 3.1594 -0.4263 3.8485, 3.1629 -0.5163 3.8156, 3.1674 -0.6235 3.7569, 3.1699 -0.6813 3.7252, 3.1754 -0.8022 3.633, 3.1894 -1.064 3.3333, 3.1833 -0.9588 3.4792, 3.1832 -0.9575 3.4806, 3.1767 -0.8303 3.6116, 3.1906 -1.0807 3.3012, 3.1952 -1.1463 3.1758, 3.1979 -1.1715 3.1036, 3.2016 -1.2067 3.0032, 3.2057 -1.2277 2.8936, 3.2084 -1.2418 2.8201, 3.2137 -1.2474 2.6771, 3.2289 -1.1808 2.2671, 3.2223 -1.2284 2.4458, 3.2217 -1.23 2.4602, 3.2154 -1.2492 2.6322, 3.2295 -1.1735 2.2501, 3.235 -1.1095 2.1013, 3.2369 -1.0802 2.0536, 3.2409 -1.0168 1.9501, 3.2442 -0.955 1.8758, 3.2472 -0.9002 1.8099, 3.252 -0.8016 1.7217, 3.2539 -0.7614 1.6858, 3.26 -0.6241 1.596, 3.2609 -0.6042 1.5829, 3.2745 -0.2554 1.4535, 3.268 -0.4274 1.503, 3.2678 -0.4335 1.5047, 3.2758 -0.2168 1.4484, 3.2807 -0.0759 1.4295, 3.2832 -0.0 1.4302, 3.2865 0.1013 1.4313, 3.2905 0.2166 1.4492, 3.2928 0.281 1.4592, 3.2983 0.4269 1.5045, 3.3133 0.7824 1.7023, 3.3064 0.6275 1.5961, 3.3063 0.6249 1.5948, 3.2995 0.4584 1.5143, 3.3143 0.8023 1.7209, 3.32 0.9182 1.829, 3.3221 0.9553 1.8755, 3.3263 1.0314 1.971, 3.3294 1.0798 2.0537, 3.3321 1.1209 2.124, 3.3368 1.1724 2.2506, 3.3383 1.1891 2.2919, 3.3446 1.2302 2.4603, 3.345 1.2331 2.472, 3.3589 1.2385 2.8466, 3.3526 1.2488 2.6771, 3.3519 1.2499 2.659, 3.3606 1.2284 2.8937, 3.3656 1.1996 3.0286, 3.3684 1.1715 3.1035, 3.3719 1.1358 3.1992, 3.3757 1.08 3.3008, 3.3777 1.0505 3.3547, 3.3831 0.9563 3.4797, 3.3839 0.9419 3.499, 3.3974 0.6586 3.7396, 3.3909 0.8031 3.6342, 3.3905 0.8102 3.6291, 3.3989 0.6239 3.7576, 3.4044 0.4918 3.8264, 3.4069 0.4265 3.8487, 3.4112 0.3155 3.8867, 3.4147 0.2165 3.9049, 3.4175 0.1358 3.9198, 3.422 -0.0001 3.9249, 3.4234 -0.0417 3.9265, 3.4294 -0.217 3.9079, 3.4295 -0.2207 3.9075, 3.443 -0.5721 3.7885, 3.4372 -0.4268 3.8501, 3.4361 -0.3996 3.8616, 3.4452 -0.6234 3.7571, 3.4499 -0.7324 3.6901, 3.4532 -0.8012 3.6321, 3.4567 -0.8751 3.5698, 3.461 -0.9553 3.4787, 3.4632 -0.9962 3.4323, 3.4683 -1.0814 3.3014, 3.469 -1.0933 3.2831, 3.4816 -1.2212 2.9437, 3.4757 -1.1735 3.1044, 3.4751 -1.1688 3.1203, 3.4835 -1.2283 2.8938, 3.4885 -1.2474 2.7583, 3.4915 -1.2465 2.6772, 3.4954 -1.2454 2.5702, 3.4995 -1.2277 2.4606, 3.5023 -1.2156 2.3857, 3.5073 -1.1724 2.2504, 3.5207 -0.9809 1.9024, 3.5147 -1.0814 2.0502, 3.5146 -1.0824 2.0522, 3.5088 -1.1597 2.2107, 3.522 -0.956 1.8752, 3.5272 -0.8567 1.7669, 3.5298 -0.8014 1.7222, 3.534 -0.7114 1.6493, 3.5378 -0.6232 1.5977, 3.541 -0.5491 1.5542, 3.5458 -0.4264 1.5053, 3.5478 -0.3752 1.4848, 3.5536 -0.2167 1.4475, 3.5544 -0.196 1.4426, 3.5663 0.1605 1.4375, 3.5609 -0.0001 1.4283, 3.5604 -0.0174 1.4273, 3.5683 0.2165 1.449, 3.5727 0.34 1.4743, 3.5761 0.4263 1.5058, 3.5795 0.5154 1.5384, 3.5841 0.6235 1.5974, 3.5865 0.6804 1.6286, 3.5921 0.8022 1.7213, 3.606 1.0635 2.0203, 3.5999 0.9582 1.8744, 3.5999 0.9575 1.8737, 3.5934 0.8295 1.7421, 3.6072 1.0807 2.0531, 3.6119 1.1459 2.1777, 3.6146 1.1715 2.2507, 3.6183 1.2065 2.3502, 3.6224 1.2277 2.4607, 3.625 1.2417 2.5333, 3.6304 1.2475 2.6773, 3.6455 1.1811 3.0863, 3.6389 1.2286 2.9076, 3.6384 1.2301 2.8941, 3.632 1.2492 2.7212, 3.6462 1.1735 3.1042, 3.6517 1.1099 3.2522, 3.6535 1.0802 3.3007, 3.6575 1.0173 3.4035, 3.6609 0.955 3.4785, 3.6638 0.9008 3.5438, 3.6686 0.8016 3.6326, 3.6706 0.7622 3.6679, 3.6767 0.6242 3.7584, 3.6775 0.605 3.771, 3.6911 0.2563 3.9006, 3.6847 0.4274 3.8513, 3.6844 0.4344 3.8493, 3.6925 0.2168 3.9059, 3.6973 0.0768 3.9248, 3.6998 0.0 3.9241, 3.7031 -0.1004 3.9231, 3.7072 -0.2166 3.9052, 3.7094 -0.28 3.8954, 3.7149 -0.4269 3.8499, 3.73 -0.7817 3.6526, 3.723 -0.6267 3.7587, 3.723 -0.6249 3.7596, 3.7161 -0.4575 3.8404, 3.731 -0.8023 3.6334, 3.7367 -0.9176 3.526, 3.7388 -0.9553 3.4788, 3.7429 -1.0309 3.3841, 3.7461 -1.0798 3.3006, 3.7487 -1.1205 3.2312, 3.7535 -1.1724 3.1038, 3.755 -1.1888 3.0634, 3.7612 -1.2303 2.894, 3.7616 -1.2329 2.8833, 3.7755 -1.2386 2.5087, 3.7693 -1.2487 2.6772, 3.7686 -1.2499 2.6963, 3.7773 -1.2284 2.4607, 3.7822 -1.1999 2.3267, 3.7851 -1.1715 2.2508, 3.7886 -1.1362 2.156, 3.7924 -1.08 2.0535, 3.7944 -1.051 2.0004, 3.7997 -0.9564 1.8746, 3.8005 -0.9425 1.8561, 3.8141 -0.6594 1.6153, 3.8075 -0.8031 1.7202, 3.8072 -0.8109 1.7259, 3.8156 -0.6239 1.5967, 3.821 -0.4927 1.5284, 3.8236 -0.4265 1.5056, 3.8278 -0.3164 1.4679, 3.8313 -0.2165 1.4494, 3.8342 -0.1367 1.4347, 3.8387 0.0001 1.4294, 3.84 0.0408 1.4278, 3.846 0.217 1.4464, 3.8461 0.2198 1.4466, 3.8596 0.5713 1.5654, 3.8538 0.4268 1.5043, 3.8527 0.3986 1.4924, 3.8618 0.6234 1.5973, 3.8665 0.7316 1.6637, 3.8699 0.8012 1.7223, 3.8734 0.8744 1.7839, 3.8777 0.9553 1.8757, 3.8798 0.9956 1.9213, 3.885 1.0814 2.0529, 3.8857 1.0929 2.0705, 3.8982 1.221 2.4097, 3.8923 1.1735 2.25, 3.8917 1.1685 2.2331, 3.9001 1.2282 2.4605, 3.9051 1.2473 2.595, 3.9081 1.2465 2.6771, 3.9121 1.2455 2.7831, 3.9162 1.2277 2.8937, 3.9189 1.2158 2.9677, 3.924 1.1724 3.104, 3.9373 0.9815 3.4512, 3.9313 1.0819 3.3033, 3.9313 1.0824 3.3021, 3.9254 1.1601 3.1427, 3.9386 0.9559 3.4792, 3.9438 0.8574 3.5867, 3.9464 0.8014 3.6321, 3.9506 0.7122 3.7045, 3.9544 0.6232 3.7567, 3.9576 0.5499 3.7997, 3.9625 0.4265 3.8491, 3.9645 0.3762 3.8692, 3.9703 0.2168 3.9069, 3.971 0.1969 3.9116, 3.9829 -0.1595 3.9169, 3.9776 0.0001 3.926, 3.977 0.0183 3.927, 3.9849 -0.2165 3.9053, 3.9893 -0.3391 3.8803, 3.9927 -0.4263 3.8485, 3.9961 -0.5145 3.8164, 4.0007 -0.6235 3.7569, 4.0031 -0.6796 3.7263, 4.0088 -0.8022 3.6331, 4.01 -0.8288 3.6129, 4.0227 -1.063 3.3349, 4.0166 -0.9576 3.4806, 4.0166 -0.9576 3.4807, 4.0239 -1.0806 3.3012, 4.0285 -1.1455 3.1775, 4.0312 -1.1715 3.1036, 4.0349 -1.2062 3.0051, 4.039 -1.2278 2.8936, 4.0417 -1.2416 2.822, 4.047 -1.2475 2.6771, 4.0551 -1.2301 2.4602, 4.0486 -1.2493 2.6342, 4.4401 0.9831 2.9526, 4.4401 0.792 3.3215, 4.4401 0.5888 3.5112, 4.4401 0.3419 3.6392, 4.4401 -0.0697 3.6957, 4.4401 -0.2077 3.6768, 4.4401 -0.3419 3.6392, 4.4401 -0.5888 3.5112, 4.4401 -0.8723 3.2076, 4.4401 -0.9364 3.0839, 4.4401 -1.0209 2.6772, 4.4401 -0.9364 2.2704, 4.4401 -0.8723 2.1467, 4.4401 -0.5888 1.8431, 4.4401 -0.2077 1.6776, 4.4401 -0.0697 1.6586, 4.4401 0.3419 1.7152, 4.4401 0.6968 1.931, 4.4401 0.792 2.0329, 4.4401 0.9831 2.4017, 4.4957 0.9563 2.5457, 4.4957 0.9295 2.4167, 4.4879 0.9751 2.5431, 4.4879 0.9478 2.4116, 4.4754 0.9912 2.5409, 4.4754 0.9635 2.4072, 4.4591 1.0036 2.5392, 4.4591 0.9755 2.4038, 4.4401 1.0114 2.5382, 4.4957 0.8247 2.1756, 4.4957 0.7488 2.068, 4.4879 0.841 2.1658, 4.4879 0.7635 2.056, 4.4754 0.8549 2.1573, 4.4754 0.7761 2.0457, 4.4591 0.8656 2.1508, 4.4591 0.7859 2.0378, 4.4401 0.8723 2.1467, 4.4957 0.4441 1.8201, 4.4957 0.3232 1.7676, 4.4879 0.4528 1.8033, 4.4879 0.3296 1.7497, 4.4754 0.4603 1.7888, 4.4754 0.3351 1.7344, 4.4591 0.4661 1.7777, 4.4591 0.3393 1.7226, 4.4401 0.4697 1.7707, 4.4957 0.0659 1.7142, 4.4957 -0.0659 1.7142, 4.4879 0.0672 1.6952, 4.4879 -0.0672 1.6952, 4.4754 0.0683 1.6789, 4.4754 -0.0683 1.6789, 4.4591 0.0691 1.6665, 4.4591 -0.0691 1.6665, 4.4401 0.0697 1.6586, 4.4957 -0.4441 1.8201, 4.4957 -0.5566 1.8886, 4.4879 -0.4528 1.8033, 4.4879 -0.5676 1.8731, 4.4754 -0.4603 1.7888, 4.4754 -0.577 1.8597, 4.4591 -0.4661 1.7777, 4.4591 -0.5842 1.8495, 4.4401 -0.4697 1.7707, 4.4957 -0.7488 2.068, 4.4957 -0.8247 2.1756, 4.4879 -0.7635 2.056, 4.4879 -0.841 2.1658, 4.4754 -0.7761 2.0457, 4.4754 -0.8549 2.1573, 4.4591 -0.7859 2.0378, 4.4591 -0.8656 2.1508, 4.4401 -0.792 2.0329, 4.4957 -0.9563 2.5457, 4.4957 -0.9653 2.6772, 4.4879 -0.9751 2.5431, 4.4879 -0.9843 2.6772, 4.4754 -0.9912 2.5409, 4.4754 -1.0006 2.6772, 4.4591 -1.0036 2.5392, 4.4591 -1.0131 2.6772, 4.4401 -1.0114 2.5382, 4.4957 -0.9295 2.9376, 4.4957 -0.8853 3.0617, 4.4879 -0.9478 2.9427, 4.4879 -0.9028 3.0693, 4.4754 -0.9635 2.9471, 4.4754 -0.9177 3.0758, 4.4591 -0.9755 2.9505, 4.4591 -0.9292 3.0808, 4.4401 -0.9831 2.9526, 4.4957 -0.6588 3.3826, 4.4957 -0.5566 3.4658, 4.4879 -0.6718 3.3965, 4.4879 -0.5676 3.4813, 4.4754 -0.6829 3.4084, 4.4754 -0.577 3.4946, 4.4591 -0.6915 3.4176, 4.4591 -0.5842 3.5048, 4.4401 -0.6968 3.4233, 4.4957 0.1964 3.6222, 4.4957 0.3232 3.5867, 4.4879 0.2003 3.6408, 4.4879 0.3296 3.6046, 4.4754 0.2036 3.6568, 4.4754 0.3351 3.62, 4.4591 0.2061 3.6691, 4.4591 0.3393 3.6317, 4.4401 0.2077 3.6768, 4.4957 0.6588 3.3826, 4.4957 0.7488 3.2863, 4.4879 0.6718 3.3965, 4.4879 0.7635 3.2983, 4.4754 0.6829 3.4084, 4.4754 0.7761 3.3086, 4.4591 0.6915 3.4176, 4.4591 0.7859 3.3165, 4.4401 0.6968 3.4233, 4.4957 0.8853 3.0617, 4.4957 0.9295 2.9376, 4.4879 0.9028 3.0693, 4.4879 0.9478 2.9427, 4.4754 0.9177 3.0758, 4.4754 0.9635 2.9471, 4.4591 0.9292 3.0808, 4.4591 0.9755 2.9505, 4.4401 0.9364 3.0839, 4.4957 0.9653 2.6772, 4.4879 0.9843 2.6772, 4.4754 1.0006 2.6772, 4.4591 1.0131 2.6772, 4.4401 1.0209 2.6772, 4.4401 0.9364 2.2704, 4.4591 0.9292 2.2736, 4.4754 0.9177 2.2785, 4.4879 0.9028 2.285, 4.4957 0.8853 2.2926, 4.4591 0.6915 1.9368, 4.4754 0.6829 1.9459, 4.4879 0.6718 1.9578, 4.4957 0.6588 1.9717, 4.4401 0.5888 1.8431, 4.4591 0.5842 1.8495, 4.4754 0.577 1.8597, 4.4879 0.5676 1.8731, 4.4957 0.5566 1.8886, 4.4401 0.2077 1.6776, 4.4591 0.2061 1.6853, 4.4754 0.2036 1.6975, 4.4879 0.2003 1.7135, 4.4957 0.1964 1.7321, 4.4591 -0.2061 1.6853, 4.4754 -0.2036 1.6975, 4.4879 -0.2003 1.7135, 4.4957 -0.1964 1.7321, 4.4401 -0.3419 1.7152, 4.4591 -0.3393 1.7226, 4.4754 -0.3351 1.7344, 4.4879 -0.3296 1.7497, 4.4957 -0.3232 1.7676, 4.4401 -0.6968 1.931, 4.4591 -0.6915 1.9368, 4.4754 -0.6829 1.9459, 4.4879 -0.6718 1.9578, 4.4957 -0.6588 1.9717, 4.4591 -0.9292 2.2736, 4.4754 -0.9177 2.2785, 4.4879 -0.9028 2.285, 4.4957 -0.8853 2.2926, 4.4401 -0.9831 2.4017, 4.4591 -0.9755 2.4038, 4.4754 -0.9635 2.4072, 4.4879 -0.9478 2.4116, 4.4957 -0.9295 2.4167, 4.4401 -1.0114 2.8162, 4.4591 -1.0036 2.8151, 4.4754 -0.9912 2.8134, 4.4879 -0.9751 2.8112, 4.4957 -0.9563 2.8086, 4.4957 -0.8247 3.1787, 4.4879 -0.841 3.1886, 4.4754 -0.8549 3.197, 4.4591 -0.8656 3.2035, 4.4401 -0.792 3.3215, 4.4591 -0.7859 3.3165, 4.4754 -0.7761 3.3086, 4.4879 -0.7635 3.2983, 4.4957 -0.7488 3.2863, 4.4401 -0.4697 3.5836, 4.4591 -0.4661 3.5767, 4.4754 -0.4603 3.5655, 4.4879 -0.4528 3.5511, 4.4957 -0.4441 3.5342, 4.4957 -0.3232 3.5867, 4.4879 -0.3296 3.6046, 4.4754 -0.3351 3.62, 4.4591 -0.3393 3.6317, 4.4591 -0.2061 3.6691, 4.4754 -0.2036 3.6568, 4.4879 -0.2003 3.6408, 4.4957 -0.1964 3.6222, 4.4957 -0.0659 3.6402, 4.4879 -0.0672 3.6591, 4.4754 -0.0683 3.6754, 4.4591 -0.0691 3.6879, 4.4401 0.0697 3.6957, 4.4591 0.0691 3.6879, 4.4754 0.0683 3.6754, 4.4879 0.0672 3.6591, 4.4957 0.0659 3.6402, 4.4401 0.4697 3.5836, 4.4591 0.4661 3.5767, 4.4754 0.4603 3.5655, 4.4879 0.4528 3.5511, 4.4957 0.4441 3.5342, 4.4957 0.5566 3.4658, 4.4879 0.5676 3.4813, 4.4754 0.577 3.4946, 4.4591 0.5842 3.5048, 4.4401 0.8723 3.2076, 4.4591 0.8656 3.2035, 4.4754 0.8549 3.197, 4.4879 0.841 3.1886, 4.4957 0.8247 3.1787, 4.4401 1.0114 2.8162, 4.4591 1.0036 2.8151, 4.4754 0.9912 2.8134, 4.4879 0.9751 2.8112, 4.4957 0.9563 2.8086, 3.711 0.899 2.6772, 3.711 0.8806 2.8581, 3.711 0.8261 3.0317, 3.711 0.7378 3.1907, 3.711 0.6194 3.3287, 3.711 0.4755 3.4401, 3.711 0.3122 3.5202, 3.711 0.1361 3.5658, 3.711 -0.0455 3.575, 3.711 -0.2253 3.5474, 3.711 -0.3959 3.4843, 3.711 -0.5503 3.3881, 3.711 -0.6821 3.2627, 3.711 -0.786 3.1134, 3.711 -0.8577 2.9463, 3.711 -0.8944 2.7681, 3.711 -0.8944 2.5862, 3.711 -0.8577 2.408, 3.711 -0.786 2.2409, 3.711 -0.6821 2.0916, 3.711 -0.5503 1.9663, 3.711 -0.3959 1.8701, 3.711 -0.2253 1.8069, 3.711 -0.0455 1.7794, 3.711 0.1361 1.7886, 3.711 0.3122 1.8342, 3.711 0.4755 1.9143, 3.711 0.6194 2.0256, 3.711 0.7378 2.1636, 3.711 0.8261 2.3227, 3.711 0.8806 2.4962
            ]
        }
        coordIndex [
            0,1,2,-1,2,1,3,-1,2,3,4,-1,4,3,5,-1,6,7,8,-1,8,7,9,-1,8,9,10,-1,10,9,11,-1,10,11,12,-1,12,11,13,-1,12,13,14,-1,14,13,15,-1,14,15,16,-1,16,15,17,-1,16,17,18,-1,18,17,19,-1,18,19,20,-1,20,19,21,-1,20,21,22,-1,22,21,23,-1,22,23,24,-1,24,23,25,-1,24,25,26,-1,26,25,27,-1,26,27,28,-1,28,27,29,-1,28,29,30,-1,30,29,31,-1,30,31,32,-1,32,31,33,-1,32,33,34,-1,34,33,35,-1,34,35,36,-1,36,35,37,-1,36,37,38,-1,38,37,39,-1,38,39,40,-1,40,39,41,-1,40,41,42,-1,42,41,43,-1,42,43,44,-1,44,43,45,-1,44,45,46,-1,46,45,47,-1,46,47,48,-1,48,47,49,-1,48,49,50,-1,50,49,51,-1,50,51,52,-1,52,51,53,-1,52,53,54,-1,54,53,55,-1,54,55,56,-1,56,55,57,-1,56,57,58,-1,58,57,59,-1,58,59,60,-1,60,59,61,-1,60,61,62,-1,62,61,63,-1,62,63,64,-1,64,63,65,-1,64,65,66,-1,66,65,67,-1,66,67,68,-1,68,67,69,-1,68,69,70,-1,70,69,71,-1,70,71,6,-1,6,71,7,-1,72,73,74,-1,75,76,77,-1,77,76,73,-1,77,73,78,-1,78,73,72,-1,75,79,76,-1,76,79,80,-1,76,80,81,-1,80,82,81,-1,81,82,83,-1,81,83,84,-1,85,86,87,-1,87,86,84,-1,87,84,88,-1,88,84,83,-1,85,89,86,-1,86,89,90,-1,86,90,91,-1,92,93,94,-1,94,93,91,-1,94,91,95,-1,95,91,90,-1,92,96,93,-1,93,96,97,-1,93,97,98,-1,97,99,98,-1,98,99,100,-1,98,100,101,-1,102,103,104,-1,104,103,101,-1,104,101,105,-1,105,101,100,-1,102,106,103,-1,103,106,107,-1,103,107,108,-1,109,110,111,-1,111,110,108,-1,111,108,112,-1,112,108,107,-1,109,113,110,-1,110,113,114,-1,110,114,115,-1,114,116,115,-1,115,116,117,-1,115,117,118,-1,119,120,121,-1,121,120,118,-1,121,118,122,-1,122,118,117,-1,119,123,120,-1,120,123,124,-1,120,124,125,-1,126,127,128,-1,128,127,125,-1,128,125,129,-1,129,125,124,-1,126,130,127,-1,127,130,131,-1,127,131,132,-1,131,133,132,-1,132,133,134,-1,132,134,135,-1,136,137,138,-1,138,137,135,-1,138,135,139,-1,139,135,134,-1,136,140,137,-1,137,140,141,-1,137,141,142,-1,143,144,145,-1,145,144,142,-1,145,142,146,-1,146,142,141,-1,143,147,144,-1,144,147,148,-1,144,148,149,-1,148,150,149,-1,149,150,151,-1,149,151,152,-1,153,154,155,-1,155,154,152,-1,155,152,156,-1,156,152,151,-1,153,157,154,-1,154,157,158,-1,154,158,159,-1,160,161,162,-1,162,161,159,-1,162,159,163,-1,163,159,158,-1,160,164,161,-1,161,164,165,-1,161,165,166,-1,165,167,166,-1,166,167,168,-1,166,168,169,-1,170,171,172,-1,172,171,169,-1,172,169,173,-1,173,169,168,-1,170,174,171,-1,171,174,175,-1,171,175,176,-1,175,177,176,-1,176,177,178,-1,176,178,179,-1,178,180,179,-1,179,180,181,-1,179,181,74,-1,74,181,182,-1,74,182,72,-1,183,184,185,-1,185,184,186,-1,185,186,187,-1,188,189,190,-1,190,189,191,-1,190,191,192,-1,186,193,187,-1,187,193,194,-1,187,194,195,-1,195,194,196,-1,195,196,188,-1,188,196,197,-1,188,197,189,-1,198,199,200,-1,200,199,201,-1,200,201,183,-1,183,201,202,-1,183,202,184,-1,203,204,205,-1,205,204,206,-1,205,206,207,-1,208,209,210,-1,210,209,211,-1,210,211,212,-1,213,214,215,-1,215,214,216,-1,215,216,217,-1,218,219,220,-1,220,219,221,-1,220,221,198,-1,198,221,222,-1,198,222,199,-1,206,223,207,-1,207,223,224,-1,207,224,225,-1,225,224,226,-1,225,226,218,-1,218,226,227,-1,218,227,219,-1,228,229,230,-1,230,229,231,-1,230,231,203,-1,203,231,232,-1,203,232,204,-1,216,233,217,-1,217,233,234,-1,217,234,235,-1,235,234,236,-1,235,236,208,-1,208,236,237,-1,208,237,209,-1,211,238,212,-1,212,238,239,-1,212,239,240,-1,240,239,241,-1,240,241,228,-1,228,241,242,-1,228,242,229,-1,243,244,245,-1,245,244,246,-1,245,246,247,-1,247,246,248,-1,247,248,213,-1,213,248,249,-1,213,249,214,-1,250,251,252,-1,252,251,253,-1,252,253,243,-1,243,253,254,-1,243,254,244,-1,191,255,192,-1,192,255,256,-1,192,256,257,-1,257,256,258,-1,257,258,250,-1,250,258,259,-1,250,259,251,-1,260,261,262,-1,263,264,265,-1,266,267,268,-1,269,270,271,-1,272,273,274,-1,275,276,277,-1,278,279,280,-1,280,279,281,-1,282,283,284,-1,284,283,285,-1,286,287,288,-1,289,290,291,-1,291,290,292,-1,293,294,295,-1,296,297,298,-1,299,300,301,-1,302,303,304,-1,305,306,307,-1,308,309,310,-1,311,312,313,-1,314,315,316,-1,317,318,319,-1,320,321,322,-1,322,321,323,-1,324,325,326,-1,327,328,329,-1,327,329,330,-1,331,332,327,-1,327,332,333,-1,327,333,328,-1,334,335,331,-1,331,335,336,-1,331,336,332,-1,337,338,339,-1,339,338,340,-1,339,340,341,-1,342,343,337,-1,337,343,344,-1,337,344,338,-1,345,346,347,-1,347,346,348,-1,347,348,349,-1,350,351,352,-1,352,351,353,-1,352,353,348,-1,348,353,354,-1,348,354,349,-1,350,352,355,-1,355,352,356,-1,355,356,357,-1,358,359,360,-1,360,359,361,-1,360,361,357,-1,357,361,362,-1,357,362,355,-1,363,364,365,-1,365,364,366,-1,365,366,367,-1,367,366,368,-1,367,368,358,-1,358,368,369,-1,358,369,359,-1,370,371,372,-1,372,371,373,-1,372,373,374,-1,374,373,375,-1,374,375,365,-1,365,375,376,-1,365,376,363,-1,377,378,370,-1,370,378,379,-1,370,379,371,-1,380,381,377,-1,377,381,382,-1,377,382,378,-1,383,384,385,-1,385,384,386,-1,385,386,387,-1,387,386,388,-1,387,388,380,-1,380,388,389,-1,380,389,381,-1,390,322,391,-1,391,322,323,-1,391,323,392,-1,392,323,393,-1,394,395,323,-1,323,395,396,-1,323,396,393,-1,397,398,399,-1,399,398,400,-1,399,400,394,-1,394,400,401,-1,394,401,395,-1,397,399,402,-1,402,399,403,-1,402,403,404,-1,326,325,403,-1,403,325,405,-1,403,405,404,-1,406,407,326,-1,326,407,408,-1,326,408,324,-1,409,410,411,-1,411,410,412,-1,411,412,406,-1,406,412,413,-1,406,413,407,-1,411,414,415,-1,416,417,415,-1,415,417,418,-1,415,418,411,-1,411,418,419,-1,411,419,409,-1,420,421,422,-1,422,421,423,-1,422,423,424,-1,424,423,425,-1,424,425,416,-1,416,425,426,-1,416,426,417,-1,420,422,427,-1,427,422,428,-1,427,428,429,-1,430,431,429,-1,429,431,432,-1,429,432,427,-1,433,434,435,-1,435,434,436,-1,435,436,430,-1,430,436,437,-1,430,437,431,-1,438,439,440,-1,440,439,441,-1,440,441,433,-1,433,441,442,-1,433,442,434,-1,443,444,445,-1,445,444,446,-1,445,446,447,-1,447,446,448,-1,447,448,438,-1,438,448,449,-1,438,449,439,-1,414,411,450,-1,450,411,406,-1,450,406,451,-1,451,406,452,-1,452,406,326,-1,452,326,453,-1,453,326,403,-1,453,403,454,-1,394,455,399,-1,399,455,456,-1,399,456,403,-1,403,456,457,-1,403,457,454,-1,321,458,323,-1,323,458,459,-1,323,459,394,-1,394,459,460,-1,394,460,455,-1,319,318,461,-1,461,318,462,-1,461,462,463,-1,464,465,466,-1,466,465,467,-1,316,315,467,-1,467,315,468,-1,467,468,466,-1,469,470,471,-1,471,470,472,-1,473,474,472,-1,472,474,475,-1,472,475,471,-1,476,477,473,-1,473,477,478,-1,473,478,474,-1,479,480,481,-1,481,480,482,-1,481,482,476,-1,476,482,483,-1,476,483,477,-1,484,485,486,-1,486,485,487,-1,488,489,490,-1,490,489,491,-1,490,491,492,-1,492,491,493,-1,492,493,486,-1,486,493,494,-1,486,494,484,-1,495,496,497,-1,497,496,498,-1,497,498,499,-1,499,498,500,-1,501,502,500,-1,500,502,503,-1,500,503,499,-1,504,505,506,-1,506,505,507,-1,506,507,508,-1,509,510,511,-1,511,510,512,-1,511,512,513,-1,513,512,514,-1,513,514,515,-1,313,312,514,-1,514,312,516,-1,514,516,515,-1,517,518,519,-1,519,518,520,-1,521,522,523,-1,523,522,524,-1,523,524,520,-1,520,524,525,-1,520,525,519,-1,526,527,528,-1,529,530,528,-1,528,530,531,-1,528,531,526,-1,532,533,534,-1,532,534,535,-1,533,532,536,-1,536,532,537,-1,536,537,538,-1,538,537,539,-1,539,537,540,-1,539,540,541,-1,541,540,542,-1,541,542,543,-1,544,545,546,-1,546,545,547,-1,546,547,542,-1,542,547,548,-1,542,548,543,-1,549,550,551,-1,551,550,552,-1,551,552,544,-1,544,552,553,-1,544,553,545,-1,554,555,556,-1,556,555,557,-1,558,559,560,-1,560,559,561,-1,560,561,562,-1,562,561,563,-1,562,563,556,-1,556,563,564,-1,556,564,554,-1,565,566,567,-1,567,566,568,-1,567,568,569,-1,569,568,570,-1,569,570,571,-1,571,570,572,-1,573,574,575,-1,575,574,576,-1,575,576,577,-1,577,576,578,-1,579,580,581,-1,581,580,582,-1,583,584,585,-1,585,584,586,-1,585,586,582,-1,582,586,587,-1,582,587,581,-1,588,589,583,-1,583,589,590,-1,583,590,584,-1,591,592,593,-1,594,595,596,-1,596,595,597,-1,596,597,592,-1,592,597,598,-1,592,598,593,-1,599,600,601,-1,602,603,601,-1,601,603,604,-1,601,604,599,-1,605,606,607,-1,608,609,610,-1,610,609,611,-1,610,611,606,-1,606,611,612,-1,606,612,607,-1,613,614,615,-1,615,614,616,-1,617,618,619,-1,619,618,620,-1,619,620,621,-1,621,620,622,-1,621,622,615,-1,615,622,623,-1,615,623,613,-1,624,625,626,-1,626,625,627,-1,626,627,628,-1,628,627,629,-1,630,631,632,-1,632,631,633,-1,310,309,632,-1,632,309,634,-1,632,634,630,-1,635,636,637,-1,637,636,638,-1,307,306,638,-1,638,306,639,-1,638,639,637,-1,304,303,640,-1,640,303,641,-1,640,641,642,-1,643,644,645,-1,645,644,646,-1,647,648,649,-1,649,648,650,-1,649,650,646,-1,646,650,651,-1,646,651,645,-1,652,653,647,-1,647,653,654,-1,647,654,648,-1,655,656,657,-1,658,659,660,-1,660,659,661,-1,660,661,656,-1,656,661,662,-1,656,662,657,-1,663,664,665,-1,665,664,666,-1,665,666,667,-1,668,669,670,-1,670,669,671,-1,672,673,671,-1,671,673,674,-1,671,674,670,-1,675,676,677,-1,677,676,678,-1,677,678,672,-1,672,678,679,-1,672,679,673,-1,680,681,682,-1,682,681,683,-1,301,300,682,-1,682,300,684,-1,682,684,680,-1,685,686,687,-1,687,686,688,-1,687,688,689,-1,689,688,690,-1,691,692,693,-1,693,692,694,-1,298,297,693,-1,693,297,695,-1,693,695,691,-1,696,697,698,-1,698,697,699,-1,698,699,700,-1,700,699,701,-1,701,699,702,-1,701,702,703,-1,703,702,704,-1,703,704,705,-1,295,294,704,-1,704,294,706,-1,704,706,705,-1,707,708,709,-1,709,708,710,-1,290,711,292,-1,292,711,712,-1,292,712,710,-1,710,712,713,-1,710,713,709,-1,714,715,716,-1,716,715,717,-1,716,717,718,-1,718,717,719,-1,718,719,720,-1,720,719,721,-1,720,721,722,-1,723,724,725,-1,725,724,726,-1,725,726,727,-1,728,729,730,-1,730,729,731,-1,730,731,732,-1,732,731,733,-1,732,733,734,-1,735,736,737,-1,737,736,738,-1,737,738,728,-1,728,738,739,-1,728,739,729,-1,740,741,742,-1,742,741,743,-1,288,287,742,-1,742,287,744,-1,742,744,740,-1,745,746,747,-1,747,746,748,-1,747,748,749,-1,749,748,750,-1,751,752,753,-1,754,755,756,-1,756,755,757,-1,756,757,753,-1,753,757,758,-1,753,758,751,-1,759,760,761,-1,761,760,762,-1,763,764,762,-1,762,764,765,-1,762,765,761,-1,766,767,768,-1,768,767,769,-1,768,769,763,-1,763,769,770,-1,763,770,764,-1,771,772,766,-1,766,772,773,-1,766,773,767,-1,774,775,776,-1,283,777,285,-1,285,777,778,-1,285,778,775,-1,775,778,779,-1,775,779,776,-1,780,781,782,-1,782,781,783,-1,782,783,784,-1,784,783,785,-1,784,785,786,-1,786,785,787,-1,786,787,788,-1,789,790,791,-1,791,790,792,-1,791,792,793,-1,794,795,796,-1,796,795,797,-1,796,797,798,-1,798,797,799,-1,798,799,800,-1,801,802,803,-1,803,802,804,-1,803,804,794,-1,794,804,805,-1,794,805,795,-1,806,807,808,-1,808,807,809,-1,808,809,810,-1,810,809,811,-1,812,813,811,-1,811,813,814,-1,811,814,810,-1,815,816,817,-1,817,816,818,-1,817,818,819,-1,820,821,822,-1,822,821,823,-1,822,823,824,-1,824,823,825,-1,824,825,826,-1,827,828,829,-1,829,828,830,-1,829,830,825,-1,825,830,831,-1,825,831,826,-1,279,832,281,-1,281,832,833,-1,281,833,827,-1,827,833,834,-1,827,834,828,-1,277,276,835,-1,835,276,836,-1,835,836,837,-1,838,839,840,-1,840,839,841,-1,274,273,841,-1,841,273,842,-1,841,842,840,-1,843,844,845,-1,845,844,846,-1,847,848,849,-1,849,848,850,-1,849,850,846,-1,846,850,851,-1,846,851,845,-1,852,853,854,-1,854,853,855,-1,854,855,856,-1,856,855,857,-1,858,859,860,-1,860,859,861,-1,862,863,864,-1,864,863,865,-1,864,865,866,-1,866,865,867,-1,866,867,860,-1,860,867,868,-1,860,868,858,-1,869,870,871,-1,871,870,872,-1,871,872,873,-1,873,872,874,-1,875,876,874,-1,874,876,877,-1,874,877,873,-1,878,879,880,-1,880,879,881,-1,880,881,882,-1,883,884,885,-1,885,884,886,-1,885,886,887,-1,887,886,888,-1,887,888,889,-1,271,270,888,-1,888,270,890,-1,888,890,889,-1,891,892,893,-1,893,892,894,-1,895,896,897,-1,897,896,898,-1,897,898,894,-1,894,898,899,-1,894,899,893,-1,900,901,902,-1,903,904,902,-1,902,904,905,-1,902,905,900,-1,906,907,908,-1,906,908,909,-1,907,906,910,-1,910,906,911,-1,910,911,912,-1,912,911,913,-1,913,911,914,-1,913,914,915,-1,915,914,916,-1,915,916,917,-1,918,919,920,-1,920,919,921,-1,920,921,916,-1,916,921,922,-1,916,922,917,-1,923,924,925,-1,925,924,926,-1,925,926,918,-1,918,926,927,-1,918,927,919,-1,928,929,930,-1,930,929,931,-1,932,933,934,-1,934,933,935,-1,934,935,936,-1,936,935,937,-1,936,937,930,-1,930,937,938,-1,930,938,928,-1,939,940,941,-1,941,940,942,-1,941,942,943,-1,943,942,944,-1,943,944,945,-1,945,944,946,-1,947,948,949,-1,949,948,950,-1,949,950,951,-1,951,950,952,-1,953,954,955,-1,955,954,956,-1,957,958,959,-1,959,958,960,-1,959,960,956,-1,956,960,961,-1,956,961,955,-1,962,963,957,-1,957,963,964,-1,957,964,958,-1,965,966,967,-1,968,969,970,-1,970,969,971,-1,970,971,966,-1,966,971,972,-1,966,972,967,-1,973,974,975,-1,976,977,975,-1,975,977,978,-1,975,978,973,-1,979,980,981,-1,982,983,984,-1,984,983,985,-1,984,985,980,-1,980,985,986,-1,980,986,981,-1,987,988,989,-1,989,988,990,-1,991,992,993,-1,993,992,994,-1,993,994,989,-1,989,994,995,-1,989,995,987,-1,996,997,998,-1,998,997,999,-1,998,999,991,-1,991,999,1000,-1,991,1000,992,-1,1001,1002,1003,-1,1003,1002,1004,-1,1003,1004,1005,-1,1005,1004,1006,-1,1005,1006,1007,-1,268,267,1006,-1,1006,267,1008,-1,1006,1008,1007,-1,1009,1010,1011,-1,1011,1010,1012,-1,265,264,1012,-1,1012,264,1013,-1,1012,1013,1011,-1,262,261,1014,-1,1014,261,1015,-1,1014,1015,1016,-1,1017,1018,1019,-1,1019,1018,1020,-1,1021,1022,1023,-1,1023,1022,1024,-1,1023,1024,1020,-1,1020,1024,1025,-1,1020,1025,1019,-1,1026,1027,1021,-1,1021,1027,1028,-1,1021,1028,1022,-1,390,1029,322,-1,322,1029,461,-1,322,461,320,-1,320,461,463,-1,1030,319,1031,-1,1031,319,461,-1,1031,461,1032,-1,1032,461,1029,-1,1030,1033,319,-1,319,1033,465,-1,319,465,317,-1,317,465,464,-1,1033,1034,465,-1,465,1034,1035,-1,465,1035,467,-1,467,1035,1036,-1,467,1036,316,-1,316,1036,1037,-1,316,1037,1038,-1,1038,1039,316,-1,316,1039,470,-1,316,470,314,-1,314,470,469,-1,1039,1040,470,-1,470,1040,1041,-1,470,1041,472,-1,472,1041,1042,-1,472,1042,473,-1,473,1042,1043,-1,473,1043,476,-1,1044,481,1045,-1,1045,481,476,-1,1045,476,1046,-1,1046,476,1043,-1,1044,1047,481,-1,481,1047,487,-1,481,487,479,-1,479,487,485,-1,1047,1048,487,-1,487,1048,1049,-1,487,1049,486,-1,486,1049,1050,-1,486,1050,492,-1,1050,1051,492,-1,492,1051,1052,-1,492,1052,490,-1,490,1052,1053,-1,490,1053,1054,-1,1054,1055,490,-1,490,1055,496,-1,490,496,488,-1,488,496,495,-1,1056,500,1057,-1,1057,500,498,-1,1057,498,1058,-1,1058,498,496,-1,1058,496,1059,-1,1059,496,1055,-1,1056,1060,500,-1,500,1060,508,-1,500,508,501,-1,501,508,507,-1,1061,506,1062,-1,1062,506,508,-1,1062,508,1063,-1,1063,508,1060,-1,1061,1064,506,-1,506,1064,510,-1,506,510,504,-1,504,510,509,-1,1064,1065,510,-1,510,1065,1066,-1,510,1066,512,-1,512,1066,1067,-1,512,1067,514,-1,1067,1068,514,-1,514,1068,1069,-1,514,1069,313,-1,313,1069,1070,-1,313,1070,1071,-1,1071,1072,313,-1,313,1072,518,-1,313,518,311,-1,311,518,517,-1,1073,523,1074,-1,1074,523,520,-1,1074,520,1075,-1,1075,520,518,-1,1075,518,1076,-1,1076,518,1072,-1,1073,1077,523,-1,523,1077,527,-1,523,527,521,-1,521,527,526,-1,1078,528,1079,-1,1079,528,527,-1,1079,527,1080,-1,1080,527,1077,-1,1078,1081,528,-1,528,1081,535,-1,528,535,529,-1,529,535,534,-1,1081,1082,535,-1,535,1082,1083,-1,535,1083,532,-1,532,1083,1084,-1,532,1084,537,-1,537,1084,1085,-1,1085,1086,537,-1,537,1086,1087,-1,537,1087,540,-1,540,1087,1088,-1,540,1088,542,-1,1088,1089,542,-1,542,1089,1090,-1,542,1090,546,-1,546,1090,1091,-1,546,1091,544,-1,1092,551,1093,-1,1093,551,544,-1,1093,544,1094,-1,1094,544,1091,-1,1092,1095,551,-1,551,1095,557,-1,551,557,549,-1,549,557,555,-1,1095,1096,557,-1,557,1096,1097,-1,557,1097,556,-1,556,1097,1098,-1,556,1098,562,-1,1098,1099,562,-1,562,1099,1100,-1,562,1100,560,-1,560,1100,1101,-1,560,1101,1102,-1,1102,1103,560,-1,560,1103,566,-1,560,566,558,-1,558,566,565,-1,1104,570,1105,-1,1105,570,568,-1,1105,568,1106,-1,1106,568,566,-1,1106,566,1107,-1,1107,566,1103,-1,1104,1108,570,-1,570,1108,574,-1,570,574,572,-1,572,574,573,-1,1109,576,1110,-1,1110,576,574,-1,1110,574,1111,-1,1111,574,1108,-1,1109,1112,576,-1,576,1112,580,-1,576,580,578,-1,578,580,579,-1,1112,1113,580,-1,580,1113,1114,-1,580,1114,582,-1,582,1114,1115,-1,582,1115,585,-1,1115,1116,585,-1,585,1116,1117,-1,585,1117,583,-1,583,1117,1118,-1,583,1118,1119,-1,1119,1120,583,-1,583,1120,591,-1,583,591,588,-1,588,591,593,-1,1121,596,1122,-1,1122,596,592,-1,1122,592,1123,-1,1123,592,591,-1,1123,591,1124,-1,1124,591,1120,-1,1121,1125,596,-1,596,1125,600,-1,596,600,594,-1,594,600,599,-1,1126,601,1127,-1,1127,601,600,-1,1127,600,1128,-1,1128,600,1125,-1,1126,1129,601,-1,601,1129,605,-1,601,605,602,-1,602,605,607,-1,1129,1130,605,-1,605,1130,1131,-1,605,1131,606,-1,606,1131,1132,-1,606,1132,610,-1,610,1132,1133,-1,610,1133,1134,-1,1134,1135,610,-1,610,1135,616,-1,610,616,608,-1,608,616,614,-1,1136,619,1137,-1,1137,619,621,-1,1137,621,1138,-1,1138,621,615,-1,1138,615,1139,-1,1139,615,616,-1,1139,616,1140,-1,1140,616,1135,-1,1136,1141,619,-1,619,1141,625,-1,619,625,617,-1,617,625,624,-1,1142,627,1143,-1,1143,627,625,-1,1143,625,1144,-1,1144,625,1141,-1,1142,1145,627,-1,627,1145,633,-1,627,633,629,-1,629,633,631,-1,1145,1146,633,-1,633,1146,1147,-1,633,1147,632,-1,632,1147,1148,-1,632,1148,310,-1,310,1148,1149,-1,310,1149,1150,-1,1150,1151,310,-1,310,1151,636,-1,310,636,308,-1,308,636,635,-1,1152,307,1153,-1,1153,307,638,-1,1153,638,1154,-1,1154,638,636,-1,1154,636,1155,-1,1155,636,1151,-1,1152,1156,307,-1,307,1156,640,-1,307,640,305,-1,305,640,642,-1,1157,304,1158,-1,1158,304,640,-1,1158,640,1159,-1,1159,640,1156,-1,1157,1160,304,-1,304,1160,644,-1,304,644,302,-1,302,644,643,-1,1160,1161,644,-1,644,1161,1162,-1,644,1162,646,-1,646,1162,1163,-1,646,1163,649,-1,1163,1164,649,-1,649,1164,1165,-1,649,1165,647,-1,647,1165,1166,-1,647,1166,1167,-1,1167,1168,647,-1,647,1168,655,-1,647,655,652,-1,652,655,657,-1,1169,660,1170,-1,1170,660,656,-1,1170,656,1171,-1,1171,656,655,-1,1171,655,1172,-1,1172,655,1168,-1,1169,1173,660,-1,660,1173,667,-1,660,667,658,-1,658,667,666,-1,1174,665,1175,-1,1175,665,667,-1,1175,667,1176,-1,1176,667,1173,-1,1174,1177,665,-1,665,1177,669,-1,665,669,663,-1,663,669,668,-1,1177,1178,669,-1,669,1178,1179,-1,669,1179,671,-1,671,1179,1180,-1,671,1180,672,-1,1180,1181,672,-1,672,1181,1182,-1,672,1182,677,-1,677,1182,1183,-1,677,1183,1184,-1,1184,1185,677,-1,677,1185,683,-1,677,683,675,-1,675,683,681,-1,1186,301,1187,-1,1187,301,682,-1,1187,682,1188,-1,1188,682,683,-1,1188,683,1189,-1,1189,683,1185,-1,1186,1190,301,-1,301,1190,686,-1,301,686,299,-1,299,686,685,-1,1191,688,1192,-1,1192,688,686,-1,1192,686,1193,-1,1193,686,1190,-1,1191,1194,688,-1,688,1194,694,-1,688,694,690,-1,690,694,692,-1,1194,1195,694,-1,694,1195,1196,-1,694,1196,693,-1,693,1196,1197,-1,693,1197,298,-1,298,1197,1198,-1,298,1198,1199,-1,1199,1200,298,-1,298,1200,697,-1,298,697,296,-1,296,697,696,-1,1200,1201,697,-1,697,1201,1202,-1,697,1202,699,-1,699,1202,1203,-1,699,1203,702,-1,702,1203,1204,-1,702,1204,704,-1,1205,295,1206,-1,1206,295,704,-1,1206,704,1207,-1,1207,704,1204,-1,1205,1208,295,-1,295,1208,708,-1,295,708,293,-1,293,708,707,-1,1208,1209,708,-1,708,1209,1210,-1,708,1210,710,-1,710,1210,1211,-1,710,1211,292,-1,1211,1212,292,-1,292,1212,1213,-1,292,1213,291,-1,291,1213,1214,-1,291,1214,1215,-1,1215,1216,291,-1,291,1216,720,-1,291,720,289,-1,289,720,722,-1,1217,716,1218,-1,1218,716,718,-1,1218,718,1219,-1,1219,718,720,-1,1219,720,1220,-1,1220,720,1216,-1,1217,1221,716,-1,716,1221,724,-1,716,724,714,-1,714,724,723,-1,1222,726,1223,-1,1223,726,724,-1,1223,724,1224,-1,1224,724,1221,-1,1222,1225,726,-1,726,1225,732,-1,726,732,727,-1,727,732,734,-1,1225,1226,732,-1,732,1226,1227,-1,732,1227,730,-1,730,1227,1228,-1,730,1228,728,-1,1228,1229,728,-1,728,1229,1230,-1,728,1230,737,-1,737,1230,1231,-1,737,1231,1232,-1,1232,1233,737,-1,737,1233,743,-1,737,743,735,-1,735,743,741,-1,1234,288,1235,-1,1235,288,742,-1,1235,742,1236,-1,1236,742,743,-1,1236,743,1237,-1,1237,743,1233,-1,1234,1238,288,-1,288,1238,746,-1,288,746,286,-1,286,746,745,-1,1239,748,1240,-1,1240,748,746,-1,1240,746,1241,-1,1241,746,1238,-1,1239,1242,748,-1,748,1242,752,-1,748,752,750,-1,750,752,751,-1,1242,1243,752,-1,752,1243,1244,-1,752,1244,753,-1,753,1244,1245,-1,753,1245,756,-1,756,1245,1246,-1,756,1246,1247,-1,1247,1248,756,-1,756,1248,760,-1,756,760,754,-1,754,760,759,-1,1248,1249,760,-1,760,1249,1250,-1,760,1250,762,-1,762,1250,1251,-1,762,1251,763,-1,763,1251,1252,-1,763,1252,768,-1,1253,766,1254,-1,1254,766,768,-1,1254,768,1255,-1,1255,768,1252,-1,1253,1256,766,-1,766,1256,774,-1,766,774,771,-1,771,774,776,-1,1256,1257,774,-1,774,1257,1258,-1,774,1258,775,-1,775,1258,1259,-1,775,1259,285,-1,1259,1260,285,-1,285,1260,1261,-1,285,1261,284,-1,284,1261,1262,-1,284,1262,1263,-1,1263,1264,284,-1,284,1264,786,-1,284,786,282,-1,282,786,788,-1,1265,782,1266,-1,1266,782,784,-1,1266,784,1267,-1,1267,784,786,-1,1267,786,1268,-1,1268,786,1264,-1,1265,1269,782,-1,782,1269,790,-1,782,790,780,-1,780,790,789,-1,1270,792,1271,-1,1271,792,790,-1,1271,790,1272,-1,1272,790,1269,-1,1270,1273,792,-1,792,1273,798,-1,792,798,793,-1,793,798,800,-1,1273,1274,798,-1,798,1274,1275,-1,798,1275,796,-1,796,1275,1276,-1,796,1276,794,-1,1276,1277,794,-1,794,1277,1278,-1,794,1278,803,-1,803,1278,1279,-1,803,1279,1280,-1,1280,1281,803,-1,803,1281,807,-1,803,807,801,-1,801,807,806,-1,1282,811,1283,-1,1283,811,809,-1,1283,809,1284,-1,1284,809,807,-1,1284,807,1285,-1,1285,807,1281,-1,1282,1286,811,-1,811,1286,819,-1,811,819,812,-1,812,819,818,-1,1287,817,1288,-1,1288,817,819,-1,1288,819,1289,-1,1289,819,1286,-1,1287,1290,817,-1,817,1290,821,-1,817,821,815,-1,815,821,820,-1,1290,1291,821,-1,821,1291,1292,-1,821,1292,823,-1,823,1292,1293,-1,823,1293,825,-1,1293,1294,825,-1,825,1294,1295,-1,825,1295,829,-1,829,1295,1296,-1,1297,280,1298,-1,1298,280,281,-1,1298,281,1299,-1,1299,281,827,-1,1299,827,1300,-1,1300,827,829,-1,1300,829,1301,-1,1301,829,1296,-1,1297,1302,280,-1,280,1302,835,-1,280,835,278,-1,278,835,837,-1,1303,277,1304,-1,1304,277,835,-1,1304,835,1305,-1,1305,835,1302,-1,1303,1306,277,-1,277,1306,839,-1,277,839,275,-1,275,839,838,-1,1306,1307,839,-1,839,1307,1308,-1,839,1308,841,-1,841,1308,1309,-1,841,1309,274,-1,274,1309,1310,-1,274,1310,1311,-1,1311,1312,274,-1,274,1312,844,-1,274,844,272,-1,272,844,843,-1,1313,849,1314,-1,1314,849,846,-1,1314,846,1315,-1,1315,846,844,-1,1315,844,1316,-1,1316,844,1312,-1,1313,1317,849,-1,849,1317,853,-1,849,853,847,-1,847,853,852,-1,1318,855,1319,-1,1319,855,853,-1,1319,853,1320,-1,1320,853,1317,-1,1318,1321,855,-1,855,1321,861,-1,855,861,857,-1,857,861,859,-1,1321,1322,861,-1,861,1322,1323,-1,861,1323,860,-1,860,1323,1324,-1,860,1324,866,-1,1324,1325,866,-1,866,1325,1326,-1,866,1326,864,-1,864,1326,1327,-1,864,1327,1328,-1,1328,1329,864,-1,864,1329,870,-1,864,870,862,-1,862,870,869,-1,1330,874,1331,-1,1331,874,872,-1,1331,872,1332,-1,1332,872,870,-1,1332,870,1333,-1,1333,870,1329,-1,1330,1334,874,-1,874,1334,882,-1,874,882,875,-1,875,882,881,-1,1335,880,1336,-1,1336,880,882,-1,1336,882,1337,-1,1337,882,1334,-1,1335,1338,880,-1,880,1338,884,-1,880,884,878,-1,878,884,883,-1,1338,1339,884,-1,884,1339,1340,-1,884,1340,886,-1,886,1340,1341,-1,886,1341,888,-1,1341,1342,888,-1,888,1342,1343,-1,888,1343,271,-1,271,1343,1344,-1,271,1344,1345,-1,1345,1346,271,-1,271,1346,892,-1,271,892,269,-1,269,892,891,-1,1347,897,1348,-1,1348,897,894,-1,1348,894,1349,-1,1349,894,892,-1,1349,892,1350,-1,1350,892,1346,-1,1347,1351,897,-1,897,1351,901,-1,897,901,895,-1,895,901,900,-1,1352,902,1353,-1,1353,902,901,-1,1353,901,1354,-1,1354,901,1351,-1,1352,1355,902,-1,902,1355,909,-1,902,909,903,-1,903,909,908,-1,1355,1356,909,-1,909,1356,1357,-1,909,1357,906,-1,906,1357,1358,-1,906,1358,911,-1,911,1358,1359,-1,1359,1360,911,-1,911,1360,1361,-1,911,1361,914,-1,914,1361,1362,-1,914,1362,916,-1,1362,1363,916,-1,916,1363,1364,-1,916,1364,920,-1,920,1364,1365,-1,920,1365,918,-1,1366,925,1367,-1,1367,925,918,-1,1367,918,1368,-1,1368,918,1365,-1,1366,1369,925,-1,925,1369,931,-1,925,931,923,-1,923,931,929,-1,1369,1370,931,-1,931,1370,1371,-1,931,1371,930,-1,930,1371,1372,-1,930,1372,936,-1,1372,1373,936,-1,936,1373,1374,-1,936,1374,934,-1,934,1374,1375,-1,934,1375,1376,-1,1376,1377,934,-1,934,1377,940,-1,934,940,932,-1,932,940,939,-1,1378,944,1379,-1,1379,944,942,-1,1379,942,1380,-1,1380,942,940,-1,1380,940,1381,-1,1381,940,1377,-1,1378,1382,944,-1,944,1382,948,-1,944,948,946,-1,946,948,947,-1,1383,950,1384,-1,1384,950,948,-1,1384,948,1385,-1,1385,948,1382,-1,1383,1386,950,-1,950,1386,954,-1,950,954,952,-1,952,954,953,-1,1386,1387,954,-1,954,1387,1388,-1,954,1388,956,-1,956,1388,1389,-1,956,1389,959,-1,1389,1390,959,-1,959,1390,1391,-1,959,1391,957,-1,957,1391,1392,-1,957,1392,1393,-1,1393,1394,957,-1,957,1394,965,-1,957,965,962,-1,962,965,967,-1,1395,970,1396,-1,1396,970,966,-1,1396,966,1397,-1,1397,966,965,-1,1397,965,1398,-1,1398,965,1394,-1,1395,1399,970,-1,970,1399,974,-1,970,974,968,-1,968,974,973,-1,1400,975,1401,-1,1401,975,974,-1,1401,974,1402,-1,1402,974,1399,-1,1400,1403,975,-1,975,1403,979,-1,975,979,976,-1,976,979,981,-1,1403,1404,979,-1,979,1404,1405,-1,979,1405,980,-1,980,1405,1406,-1,980,1406,984,-1,984,1406,1407,-1,984,1407,1408,-1,1408,1409,984,-1,984,1409,990,-1,984,990,982,-1,982,990,988,-1,1409,1410,990,-1,990,1410,1411,-1,990,1411,989,-1,989,1411,1412,-1,989,1412,993,-1,993,1412,1413,-1,993,1413,991,-1,1414,998,1415,-1,1415,998,991,-1,1415,991,1416,-1,1416,991,1413,-1,1414,1417,998,-1,998,1417,1002,-1,998,1002,996,-1,996,1002,1001,-1,1417,1418,1002,-1,1002,1418,1419,-1,1002,1419,1004,-1,1004,1419,1420,-1,1004,1420,1006,-1,1420,1421,1006,-1,1006,1421,1422,-1,1006,1422,268,-1,268,1422,1423,-1,268,1423,1424,-1,1424,1425,268,-1,268,1425,1010,-1,268,1010,266,-1,266,1010,1009,-1,1426,265,1427,-1,1427,265,1012,-1,1427,1012,1428,-1,1428,1012,1010,-1,1428,1010,1429,-1,1429,1010,1425,-1,1426,1430,265,-1,265,1430,1014,-1,265,1014,263,-1,263,1014,1016,-1,1431,262,1432,-1,1432,262,1014,-1,1432,1014,1433,-1,1433,1014,1430,-1,1431,1434,262,-1,262,1434,1018,-1,262,1018,260,-1,260,1018,1017,-1,1434,1435,1018,-1,1018,1435,1436,-1,1018,1436,1020,-1,1020,1436,1437,-1,1020,1437,1023,-1,1437,1438,1023,-1,1023,1438,1439,-1,1023,1439,1021,-1,1021,1439,1440,-1,1021,1440,1441,-1,1441,1442,1021,-1,1021,1442,330,-1,1021,330,1026,-1,1026,330,329,-1,1443,331,1444,-1,1444,331,327,-1,1444,327,1445,-1,1445,327,330,-1,1445,330,1446,-1,1446,330,1442,-1,1443,1447,331,-1,331,1447,339,-1,331,339,334,-1,334,339,341,-1,1448,337,1449,-1,1449,337,339,-1,1449,339,1450,-1,1450,339,1447,-1,1448,1451,337,-1,337,1451,346,-1,337,346,342,-1,342,346,345,-1,1451,1452,346,-1,346,1452,1453,-1,346,1453,348,-1,348,1453,1454,-1,348,1454,352,-1,352,1454,1455,-1,352,1455,356,-1,1450,1447,1456,-1,1289,1286,1457,-1,1272,1269,1458,-1,1094,1091,1459,-1,1080,1077,1460,-1,1461,1462,1463,-1,1464,1465,1466,-1,1467,1468,383,-1,1469,1470,1467,-1,1467,1470,1471,-1,1467,1471,1468,-1,1472,1473,1469,-1,1469,1473,1474,-1,1469,1474,1470,-1,1464,1466,1475,-1,1475,1466,1476,-1,1475,1476,1477,-1,1477,1476,1478,-1,1478,1476,1479,-1,1478,1479,1480,-1,1481,1482,1479,-1,1479,1482,1483,-1,1479,1483,1480,-1,1484,1485,1486,-1,1486,1485,1487,-1,1486,1487,1488,-1,1489,1490,1491,-1,1491,1490,1492,-1,1491,1492,1484,-1,1484,1492,1493,-1,1484,1493,1485,-1,1463,1462,1494,-1,1494,1462,1495,-1,1494,1495,1489,-1,1489,1495,1496,-1,1489,1496,1490,-1,1497,1498,1499,-1,1461,1463,1499,-1,1499,1463,1500,-1,1499,1500,1497,-1,1498,1497,1501,-1,1501,1497,1502,-1,1501,1502,1503,-1,1504,1505,1506,-1,1506,1505,1507,-1,1506,1507,1508,-1,1509,1510,1504,-1,1504,1510,1511,-1,1504,1511,1505,-1,1509,1512,1513,-1,1513,1512,1514,-1,1515,1514,1516,-1,1515,1517,1514,-1,1514,1517,1518,-1,1514,1518,1513,-1,1519,1520,1516,-1,1516,1520,1521,-1,1516,1521,1515,-1,1522,1523,1524,-1,1524,1523,1525,-1,1524,1525,1526,-1,1037,1036,1527,-1,1527,1036,1528,-1,1528,1036,1035,-1,1528,1035,1529,-1,1529,1035,1034,-1,1529,1034,1530,-1,1530,1034,1033,-1,1530,1033,1531,-1,1531,1033,1532,-1,1532,1033,1030,-1,1532,1030,1533,-1,1533,1030,1031,-1,1533,1031,1534,-1,1534,1031,1535,-1,1535,1031,1032,-1,1535,1032,1536,-1,1536,1032,1029,-1,1536,1029,1537,-1,1537,1029,1538,-1,1538,1029,390,-1,1538,390,391,-1,1042,1041,1516,-1,1516,1041,1524,-1,1516,1524,1519,-1,1519,1524,1526,-1,1527,1539,1037,-1,1037,1539,1540,-1,1037,1540,1038,-1,1038,1540,1522,-1,1038,1522,1039,-1,1039,1522,1524,-1,1039,1524,1040,-1,1040,1524,1041,-1,1042,1516,1043,-1,1043,1516,1514,-1,1043,1514,1046,-1,1046,1514,1512,-1,1046,1512,1045,-1,1509,1504,1512,-1,1512,1504,1044,-1,1512,1044,1045,-1,1050,1049,1506,-1,1506,1049,1048,-1,1506,1048,1504,-1,1504,1048,1047,-1,1504,1047,1044,-1,1055,1054,1541,-1,1541,1054,1053,-1,1541,1053,1542,-1,1542,1053,1052,-1,1542,1052,1051,-1,1059,1543,1058,-1,1058,1543,1544,-1,1058,1544,1057,-1,1057,1544,1056,-1,1060,1545,1063,-1,1063,1545,1546,-1,1063,1546,1062,-1,1062,1546,1061,-1,1064,1547,1065,-1,1065,1547,1548,-1,1065,1548,1066,-1,1066,1548,1067,-1,1072,1071,1549,-1,1549,1071,1070,-1,1549,1070,1550,-1,1550,1070,1069,-1,1550,1069,1068,-1,1076,1551,1075,-1,1075,1551,1552,-1,1075,1552,1074,-1,1074,1552,1460,-1,1074,1460,1073,-1,1073,1460,1077,-1,1079,1553,1078,-1,1078,1553,1554,-1,1078,1554,1081,-1,1081,1554,1082,-1,1087,1086,1555,-1,1555,1086,1085,-1,1555,1085,1556,-1,1556,1085,1084,-1,1556,1084,1083,-1,1557,1089,1558,-1,1558,1089,1088,-1,1459,1091,1557,-1,1557,1091,1090,-1,1557,1090,1089,-1,1093,1559,1092,-1,1092,1559,1560,-1,1092,1560,1095,-1,1095,1560,1096,-1,1097,1561,1098,-1,1098,1561,1562,-1,1098,1562,1099,-1,1103,1102,1563,-1,1563,1102,1101,-1,1563,1101,1562,-1,1562,1101,1100,-1,1562,1100,1099,-1,1107,1564,1106,-1,1106,1564,1565,-1,1106,1565,1105,-1,1566,1111,1567,-1,1567,1111,1108,-1,1567,1108,1104,-1,1568,1109,1566,-1,1566,1109,1110,-1,1566,1110,1111,-1,1115,1114,1569,-1,1569,1114,1113,-1,1569,1113,1568,-1,1568,1113,1112,-1,1568,1112,1109,-1,1120,1119,1570,-1,1570,1119,1118,-1,1570,1118,1571,-1,1571,1118,1117,-1,1571,1117,1116,-1,1124,1572,1123,-1,1123,1572,1573,-1,1123,1573,1122,-1,1122,1573,1121,-1,1125,1574,1128,-1,1128,1574,1575,-1,1128,1575,1127,-1,1127,1575,1126,-1,1129,1576,1130,-1,1130,1576,1577,-1,1133,1132,1577,-1,1577,1132,1131,-1,1577,1131,1130,-1,1134,1578,1135,-1,1135,1578,1579,-1,1135,1579,1140,-1,1140,1579,1139,-1,1138,1580,1137,-1,1137,1580,1581,-1,1137,1581,1136,-1,1141,1582,1144,-1,1144,1582,1583,-1,1144,1583,1143,-1,1143,1583,1142,-1,1145,1584,1146,-1,1146,1584,1585,-1,1146,1585,1147,-1,1151,1150,1586,-1,1586,1150,1149,-1,1586,1149,1585,-1,1585,1149,1148,-1,1585,1148,1147,-1,1155,1587,1154,-1,1154,1587,1588,-1,1154,1588,1153,-1,1153,1588,1152,-1,1156,1589,1159,-1,1159,1589,1590,-1,1159,1590,1158,-1,1158,1590,1157,-1,1160,1591,1161,-1,1161,1591,1592,-1,1593,1163,1592,-1,1592,1163,1162,-1,1592,1162,1161,-1,1166,1165,1593,-1,1593,1165,1164,-1,1593,1164,1163,-1,1167,1594,1168,-1,1168,1594,1595,-1,1168,1595,1172,-1,1172,1595,1171,-1,1169,1170,1596,-1,1596,1170,1597,-1,1174,1175,1598,-1,1598,1175,1176,-1,1598,1176,1596,-1,1596,1176,1173,-1,1596,1173,1169,-1,1177,1599,1178,-1,1178,1599,1600,-1,1181,1180,1600,-1,1600,1180,1179,-1,1600,1179,1178,-1,1182,1601,1183,-1,1183,1601,1602,-1,1183,1602,1184,-1,1184,1602,1185,-1,1189,1603,1188,-1,1188,1603,1604,-1,1188,1604,1187,-1,1191,1192,1605,-1,1605,1192,1193,-1,1605,1193,1606,-1,1606,1193,1190,-1,1606,1190,1186,-1,1194,1607,1195,-1,1195,1607,1608,-1,1198,1197,1608,-1,1608,1197,1196,-1,1608,1196,1195,-1,1199,1609,1200,-1,1200,1609,1610,-1,1200,1610,1201,-1,1201,1610,1202,-1,1207,1204,1611,-1,1611,1204,1203,-1,1611,1203,1612,-1,1206,1613,1205,-1,1205,1613,1614,-1,1615,1209,1614,-1,1614,1209,1208,-1,1614,1208,1205,-1,1616,1211,1615,-1,1615,1211,1210,-1,1615,1210,1209,-1,1214,1213,1616,-1,1616,1213,1212,-1,1616,1212,1211,-1,1215,1617,1216,-1,1216,1617,1618,-1,1216,1618,1220,-1,1220,1618,1219,-1,1619,1217,1620,-1,1620,1217,1218,-1,1222,1223,1621,-1,1621,1223,1224,-1,1621,1224,1619,-1,1619,1224,1221,-1,1619,1221,1217,-1,1225,1622,1226,-1,1226,1622,1623,-1,1226,1623,1227,-1,1227,1623,1228,-1,1233,1232,1624,-1,1624,1232,1231,-1,1624,1231,1625,-1,1625,1231,1230,-1,1625,1230,1229,-1,1626,1236,1627,-1,1627,1236,1237,-1,1241,1238,1628,-1,1628,1238,1234,-1,1628,1234,1626,-1,1626,1234,1235,-1,1626,1235,1236,-1,1240,1629,1239,-1,1239,1629,1630,-1,1239,1630,1242,-1,1242,1630,1243,-1,1631,1246,1632,-1,1632,1246,1245,-1,1632,1245,1244,-1,1250,1249,1633,-1,1633,1249,1248,-1,1633,1248,1631,-1,1631,1248,1247,-1,1631,1247,1246,-1,1251,1634,1252,-1,1252,1634,1635,-1,1252,1635,1255,-1,1254,1636,1253,-1,1253,1636,1637,-1,1253,1637,1256,-1,1256,1637,1257,-1,1258,1638,1259,-1,1259,1638,1639,-1,1262,1261,1639,-1,1639,1261,1260,-1,1639,1260,1259,-1,1263,1640,1264,-1,1264,1640,1641,-1,1264,1641,1268,-1,1268,1641,1267,-1,1269,1265,1458,-1,1458,1265,1266,-1,1458,1266,1642,-1,1271,1643,1270,-1,1270,1643,1644,-1,1270,1644,1273,-1,1273,1644,1274,-1,1275,1645,1276,-1,1276,1645,1646,-1,1279,1278,1646,-1,1646,1278,1277,-1,1646,1277,1276,-1,1647,1281,1648,-1,1648,1281,1280,-1,1286,1282,1457,-1,1457,1282,1283,-1,1457,1283,1649,-1,1649,1283,1284,-1,1649,1284,1647,-1,1647,1284,1285,-1,1647,1285,1281,-1,1288,1650,1287,-1,1287,1650,1651,-1,1287,1651,1290,-1,1290,1651,1291,-1,1652,1294,1653,-1,1653,1294,1293,-1,1653,1293,1292,-1,1300,1301,1654,-1,1654,1301,1296,-1,1654,1296,1652,-1,1652,1296,1295,-1,1652,1295,1294,-1,1299,1655,1298,-1,1298,1655,1656,-1,1298,1656,1297,-1,1302,1657,1305,-1,1305,1657,1658,-1,1305,1658,1304,-1,1304,1658,1303,-1,1306,1659,1307,-1,1307,1659,1660,-1,1307,1660,1308,-1,1312,1311,1661,-1,1661,1311,1310,-1,1661,1310,1660,-1,1660,1310,1309,-1,1660,1309,1308,-1,1316,1662,1315,-1,1315,1662,1663,-1,1315,1663,1314,-1,1314,1663,1313,-1,1317,1664,1320,-1,1320,1664,1665,-1,1322,1321,1666,-1,1666,1321,1318,-1,1666,1318,1665,-1,1665,1318,1319,-1,1665,1319,1320,-1,1323,1667,1324,-1,1324,1667,1668,-1,1327,1326,1668,-1,1668,1326,1325,-1,1668,1325,1324,-1,1669,1670,1332,-1,1328,1671,1329,-1,1329,1671,1669,-1,1329,1669,1333,-1,1333,1669,1332,-1,1337,1334,1672,-1,1672,1334,1330,-1,1672,1330,1670,-1,1670,1330,1331,-1,1670,1331,1332,-1,1336,1673,1335,-1,1335,1673,1674,-1,1335,1674,1338,-1,1338,1674,1339,-1,1675,1342,1676,-1,1676,1342,1341,-1,1676,1341,1340,-1,1346,1345,1677,-1,1677,1345,1344,-1,1677,1344,1675,-1,1675,1344,1343,-1,1675,1343,1342,-1,1350,1678,1349,-1,1349,1678,1679,-1,1349,1679,1348,-1,1352,1353,1680,-1,1680,1353,1354,-1,1680,1354,1681,-1,1681,1354,1351,-1,1681,1351,1347,-1,1355,1682,1356,-1,1356,1682,1683,-1,1356,1683,1357,-1,1361,1360,1684,-1,1684,1360,1359,-1,1684,1359,1683,-1,1683,1359,1358,-1,1683,1358,1357,-1,1362,1685,1363,-1,1363,1685,1686,-1,1363,1686,1364,-1,1364,1686,1365,-1,1687,1688,1368,-1,1370,1369,1689,-1,1689,1369,1366,-1,1689,1366,1688,-1,1688,1366,1367,-1,1688,1367,1368,-1,1371,1690,1372,-1,1372,1690,1691,-1,1375,1374,1691,-1,1691,1374,1373,-1,1691,1373,1372,-1,1376,1692,1377,-1,1377,1692,1693,-1,1377,1693,1381,-1,1381,1693,1380,-1,1378,1379,1694,-1,1694,1379,1695,-1,1383,1384,1696,-1,1696,1384,1385,-1,1696,1385,1694,-1,1694,1385,1382,-1,1694,1382,1378,-1,1386,1697,1387,-1,1387,1697,1698,-1,1387,1698,1388,-1,1388,1698,1389,-1,1699,1392,1700,-1,1700,1392,1391,-1,1700,1391,1390,-1,1397,1398,1701,-1,1701,1398,1394,-1,1701,1394,1699,-1,1699,1394,1393,-1,1699,1393,1392,-1,1402,1399,1702,-1,1702,1399,1395,-1,1702,1395,1703,-1,1703,1395,1396,-1,1401,1704,1400,-1,1400,1704,1705,-1,1400,1705,1403,-1,1403,1705,1404,-1,1409,1408,1706,-1,1706,1408,1407,-1,1706,1407,1707,-1,1707,1407,1406,-1,1707,1406,1405,-1,1410,1708,1411,-1,1411,1708,1709,-1,1411,1709,1412,-1,1412,1709,1413,-1,1710,1711,1416,-1,1418,1417,1712,-1,1712,1417,1414,-1,1712,1414,1711,-1,1711,1414,1415,-1,1711,1415,1416,-1,1419,1713,1420,-1,1420,1713,1714,-1,1423,1422,1714,-1,1714,1422,1421,-1,1714,1421,1420,-1,1424,1715,1425,-1,1425,1715,1716,-1,1425,1716,1429,-1,1429,1716,1428,-1,1717,1426,1718,-1,1718,1426,1427,-1,1431,1432,1719,-1,1719,1432,1433,-1,1719,1433,1717,-1,1717,1433,1430,-1,1717,1430,1426,-1,1434,1720,1435,-1,1435,1720,1721,-1,1435,1721,1436,-1,1436,1721,1437,-1,1722,1440,1723,-1,1723,1440,1439,-1,1723,1439,1438,-1,1445,1446,1724,-1,1724,1446,1442,-1,1724,1442,1722,-1,1722,1442,1441,-1,1722,1441,1440,-1,1447,1443,1456,-1,1456,1443,1444,-1,1456,1444,1725,-1,1449,1726,1448,-1,1448,1726,1727,-1,1448,1727,1451,-1,1451,1727,1452,-1,1728,1729,357,-1,357,356,1728,-1,1728,356,1455,-1,1728,1455,1730,-1,1730,1455,1454,-1,1730,1454,1453,-1,365,367,1731,-1,1731,367,358,-1,1731,358,1729,-1,1729,358,360,-1,1729,360,357,-1,370,372,1732,-1,1732,372,374,-1,1732,374,1733,-1,377,1734,380,-1,380,1734,1735,-1,380,1735,387,-1,387,1735,385,-1,1508,1736,1506,-1,1506,1736,1542,-1,1506,1542,1050,-1,1050,1542,1051,-1,1737,1541,1738,-1,1738,1541,1542,-1,1738,1542,1739,-1,1739,1542,1736,-1,1737,1740,1541,-1,1541,1740,1543,-1,1541,1543,1055,-1,1055,1543,1059,-1,1741,1544,1742,-1,1742,1544,1543,-1,1742,1543,1743,-1,1743,1543,1740,-1,1741,1744,1544,-1,1544,1744,1545,-1,1544,1545,1056,-1,1056,1545,1060,-1,1745,1546,1746,-1,1746,1546,1545,-1,1746,1545,1747,-1,1747,1545,1744,-1,1745,1748,1546,-1,1546,1748,1547,-1,1546,1547,1061,-1,1061,1547,1064,-1,1748,1749,1547,-1,1547,1749,1750,-1,1547,1750,1548,-1,1548,1750,1751,-1,1751,1752,1548,-1,1548,1752,1550,-1,1548,1550,1067,-1,1067,1550,1068,-1,1752,1753,1550,-1,1550,1753,1754,-1,1550,1754,1549,-1,1549,1754,1755,-1,1755,1756,1549,-1,1549,1756,1551,-1,1549,1551,1072,-1,1072,1551,1076,-1,1756,1757,1551,-1,1551,1757,1758,-1,1551,1758,1552,-1,1552,1758,1759,-1,1760,1460,1761,-1,1761,1460,1552,-1,1761,1552,1762,-1,1762,1552,1759,-1,1760,1763,1460,-1,1460,1763,1553,-1,1460,1553,1080,-1,1080,1553,1079,-1,1764,1554,1765,-1,1765,1554,1553,-1,1765,1553,1766,-1,1766,1553,1763,-1,1764,1767,1554,-1,1554,1767,1556,-1,1554,1556,1082,-1,1082,1556,1083,-1,1768,1555,1769,-1,1769,1555,1556,-1,1769,1556,1770,-1,1770,1556,1767,-1,1768,1771,1555,-1,1555,1771,1558,-1,1555,1558,1087,-1,1087,1558,1088,-1,1771,1772,1558,-1,1558,1772,1773,-1,1558,1773,1557,-1,1557,1773,1774,-1,1557,1774,1459,-1,1459,1774,1775,-1,1775,1776,1459,-1,1459,1776,1559,-1,1459,1559,1094,-1,1094,1559,1093,-1,1776,1777,1559,-1,1559,1777,1778,-1,1559,1778,1560,-1,1560,1778,1779,-1,1779,1780,1560,-1,1560,1780,1561,-1,1560,1561,1096,-1,1096,1561,1097,-1,1780,1781,1561,-1,1561,1781,1782,-1,1561,1782,1562,-1,1562,1782,1783,-1,1784,1563,1785,-1,1785,1563,1562,-1,1785,1562,1786,-1,1786,1562,1783,-1,1784,1787,1563,-1,1563,1787,1564,-1,1563,1564,1103,-1,1103,1564,1107,-1,1788,1565,1789,-1,1789,1565,1564,-1,1789,1564,1790,-1,1790,1564,1787,-1,1788,1791,1565,-1,1565,1791,1567,-1,1565,1567,1105,-1,1105,1567,1104,-1,1792,1566,1793,-1,1793,1566,1567,-1,1793,1567,1794,-1,1794,1567,1791,-1,1792,1795,1566,-1,1566,1795,1796,-1,1566,1796,1568,-1,1568,1796,1797,-1,1568,1797,1569,-1,1569,1797,1798,-1,1798,1799,1569,-1,1569,1799,1571,-1,1569,1571,1115,-1,1115,1571,1116,-1,1799,1800,1571,-1,1571,1800,1801,-1,1571,1801,1570,-1,1570,1801,1802,-1,1802,1803,1570,-1,1570,1803,1572,-1,1570,1572,1120,-1,1120,1572,1124,-1,1803,1804,1572,-1,1572,1804,1805,-1,1572,1805,1573,-1,1573,1805,1806,-1,1573,1806,1807,-1,1807,1808,1573,-1,1573,1808,1574,-1,1573,1574,1121,-1,1121,1574,1125,-1,1809,1575,1810,-1,1810,1575,1574,-1,1810,1574,1811,-1,1811,1574,1808,-1,1809,1812,1575,-1,1575,1812,1576,-1,1575,1576,1126,-1,1126,1576,1129,-1,1813,1577,1814,-1,1814,1577,1576,-1,1814,1576,1815,-1,1815,1576,1812,-1,1813,1816,1577,-1,1577,1816,1578,-1,1577,1578,1133,-1,1133,1578,1134,-1,1817,1579,1818,-1,1818,1579,1578,-1,1818,1578,1819,-1,1819,1578,1816,-1,1817,1820,1579,-1,1579,1820,1580,-1,1579,1580,1139,-1,1139,1580,1138,-1,1820,1821,1580,-1,1580,1821,1822,-1,1580,1822,1581,-1,1581,1822,1823,-1,1823,1824,1581,-1,1581,1824,1582,-1,1581,1582,1136,-1,1136,1582,1141,-1,1824,1825,1582,-1,1582,1825,1826,-1,1582,1826,1583,-1,1583,1826,1827,-1,1827,1828,1583,-1,1583,1828,1584,-1,1583,1584,1142,-1,1142,1584,1145,-1,1828,1829,1584,-1,1584,1829,1830,-1,1584,1830,1585,-1,1585,1830,1831,-1,1832,1586,1833,-1,1833,1586,1585,-1,1833,1585,1834,-1,1834,1585,1831,-1,1832,1835,1586,-1,1586,1835,1587,-1,1586,1587,1151,-1,1151,1587,1155,-1,1836,1588,1837,-1,1837,1588,1587,-1,1837,1587,1838,-1,1838,1587,1835,-1,1836,1839,1588,-1,1588,1839,1589,-1,1588,1589,1152,-1,1152,1589,1156,-1,1840,1590,1841,-1,1841,1590,1589,-1,1841,1589,1842,-1,1842,1589,1839,-1,1840,1843,1590,-1,1590,1843,1591,-1,1590,1591,1157,-1,1157,1591,1160,-1,1843,1844,1591,-1,1591,1844,1845,-1,1591,1845,1592,-1,1592,1845,1846,-1,1592,1846,1593,-1,1593,1846,1847,-1,1847,1848,1593,-1,1593,1848,1594,-1,1593,1594,1166,-1,1166,1594,1167,-1,1848,1849,1594,-1,1594,1849,1850,-1,1594,1850,1595,-1,1595,1850,1851,-1,1851,1852,1595,-1,1595,1852,1597,-1,1595,1597,1171,-1,1171,1597,1170,-1,1852,1853,1597,-1,1597,1853,1854,-1,1597,1854,1596,-1,1596,1854,1855,-1,1856,1598,1857,-1,1857,1598,1596,-1,1857,1596,1858,-1,1858,1596,1855,-1,1856,1859,1598,-1,1598,1859,1599,-1,1598,1599,1174,-1,1174,1599,1177,-1,1860,1600,1861,-1,1861,1600,1599,-1,1861,1599,1862,-1,1862,1599,1859,-1,1860,1863,1600,-1,1600,1863,1601,-1,1600,1601,1181,-1,1181,1601,1182,-1,1864,1602,1865,-1,1865,1602,1601,-1,1865,1601,1866,-1,1866,1601,1863,-1,1864,1867,1602,-1,1602,1867,1603,-1,1602,1603,1185,-1,1185,1603,1189,-1,1867,1868,1603,-1,1603,1868,1869,-1,1603,1869,1604,-1,1604,1869,1870,-1,1870,1871,1604,-1,1604,1871,1606,-1,1604,1606,1187,-1,1187,1606,1186,-1,1871,1872,1606,-1,1606,1872,1873,-1,1606,1873,1605,-1,1605,1873,1874,-1,1874,1875,1605,-1,1605,1875,1607,-1,1605,1607,1191,-1,1191,1607,1194,-1,1875,1876,1607,-1,1607,1876,1877,-1,1607,1877,1608,-1,1608,1877,1878,-1,1608,1878,1879,-1,1879,1880,1608,-1,1608,1880,1609,-1,1608,1609,1198,-1,1198,1609,1199,-1,1881,1610,1882,-1,1882,1610,1609,-1,1882,1609,1883,-1,1883,1609,1880,-1,1881,1884,1610,-1,1610,1884,1612,-1,1610,1612,1202,-1,1202,1612,1203,-1,1885,1611,1886,-1,1886,1611,1612,-1,1886,1612,1887,-1,1887,1612,1884,-1,1885,1888,1611,-1,1611,1888,1613,-1,1611,1613,1207,-1,1207,1613,1206,-1,1889,1614,1890,-1,1890,1614,1613,-1,1890,1613,1891,-1,1891,1613,1888,-1,1889,1892,1614,-1,1614,1892,1893,-1,1614,1893,1615,-1,1615,1893,1894,-1,1615,1894,1616,-1,1616,1894,1895,-1,1895,1896,1616,-1,1616,1896,1617,-1,1616,1617,1214,-1,1214,1617,1215,-1,1896,1897,1617,-1,1617,1897,1898,-1,1617,1898,1618,-1,1618,1898,1899,-1,1899,1900,1618,-1,1618,1900,1620,-1,1618,1620,1219,-1,1219,1620,1218,-1,1900,1901,1620,-1,1620,1901,1902,-1,1620,1902,1619,-1,1619,1902,1903,-1,1904,1621,1905,-1,1905,1621,1619,-1,1905,1619,1906,-1,1906,1619,1903,-1,1904,1907,1621,-1,1621,1907,1622,-1,1621,1622,1222,-1,1222,1622,1225,-1,1908,1623,1909,-1,1909,1623,1622,-1,1909,1622,1910,-1,1910,1622,1907,-1,1908,1911,1623,-1,1623,1911,1625,-1,1623,1625,1228,-1,1228,1625,1229,-1,1912,1624,1913,-1,1913,1624,1625,-1,1913,1625,1914,-1,1914,1625,1911,-1,1912,1915,1624,-1,1624,1915,1627,-1,1624,1627,1233,-1,1233,1627,1237,-1,1915,1916,1627,-1,1627,1916,1917,-1,1627,1917,1626,-1,1626,1917,1918,-1,1626,1918,1628,-1,1628,1918,1919,-1,1919,1920,1628,-1,1628,1920,1629,-1,1628,1629,1241,-1,1241,1629,1240,-1,1920,1921,1629,-1,1629,1921,1922,-1,1629,1922,1630,-1,1630,1922,1923,-1,1923,1924,1630,-1,1630,1924,1632,-1,1630,1632,1243,-1,1243,1632,1244,-1,1924,1925,1632,-1,1632,1925,1926,-1,1632,1926,1631,-1,1631,1926,1927,-1,1928,1633,1929,-1,1929,1633,1631,-1,1929,1631,1930,-1,1930,1631,1927,-1,1928,1931,1633,-1,1633,1931,1634,-1,1633,1634,1250,-1,1250,1634,1251,-1,1932,1635,1933,-1,1933,1635,1634,-1,1933,1634,1934,-1,1934,1634,1931,-1,1932,1935,1635,-1,1635,1935,1636,-1,1635,1636,1255,-1,1255,1636,1254,-1,1936,1637,1937,-1,1937,1637,1636,-1,1937,1636,1938,-1,1938,1636,1935,-1,1936,1939,1637,-1,1637,1939,1638,-1,1637,1638,1257,-1,1257,1638,1258,-1,1939,1940,1638,-1,1638,1940,1941,-1,1638,1941,1639,-1,1639,1941,1942,-1,1942,1943,1639,-1,1639,1943,1640,-1,1639,1640,1262,-1,1262,1640,1263,-1,1943,1944,1640,-1,1640,1944,1945,-1,1640,1945,1641,-1,1641,1945,1946,-1,1946,1947,1641,-1,1641,1947,1642,-1,1641,1642,1267,-1,1267,1642,1266,-1,1947,1948,1642,-1,1642,1948,1949,-1,1642,1949,1458,-1,1458,1949,1950,-1,1458,1950,1951,-1,1951,1952,1458,-1,1458,1952,1643,-1,1458,1643,1272,-1,1272,1643,1271,-1,1953,1644,1954,-1,1954,1644,1643,-1,1954,1643,1955,-1,1955,1643,1952,-1,1953,1956,1644,-1,1644,1956,1645,-1,1644,1645,1274,-1,1274,1645,1275,-1,1957,1646,1958,-1,1958,1646,1645,-1,1958,1645,1959,-1,1959,1645,1956,-1,1957,1960,1646,-1,1646,1960,1648,-1,1646,1648,1279,-1,1279,1648,1280,-1,1961,1647,1962,-1,1962,1647,1648,-1,1962,1648,1963,-1,1963,1648,1960,-1,1961,1964,1647,-1,1647,1964,1965,-1,1647,1965,1649,-1,1649,1965,1966,-1,1649,1966,1457,-1,1457,1966,1967,-1,1967,1968,1457,-1,1457,1968,1650,-1,1457,1650,1289,-1,1289,1650,1288,-1,1968,1969,1650,-1,1650,1969,1970,-1,1650,1970,1651,-1,1651,1970,1971,-1,1971,1972,1651,-1,1651,1972,1653,-1,1651,1653,1291,-1,1291,1653,1292,-1,1972,1973,1653,-1,1653,1973,1974,-1,1653,1974,1652,-1,1652,1974,1975,-1,1976,1654,1977,-1,1977,1654,1652,-1,1977,1652,1978,-1,1978,1652,1975,-1,1976,1979,1654,-1,1654,1979,1655,-1,1654,1655,1300,-1,1300,1655,1299,-1,1980,1656,1981,-1,1981,1656,1655,-1,1981,1655,1982,-1,1982,1655,1979,-1,1980,1983,1656,-1,1656,1983,1657,-1,1656,1657,1297,-1,1297,1657,1302,-1,1983,1984,1657,-1,1657,1984,1985,-1,1657,1985,1658,-1,1658,1985,1986,-1,1658,1986,1987,-1,1987,1988,1658,-1,1658,1988,1659,-1,1658,1659,1303,-1,1303,1659,1306,-1,1988,1989,1659,-1,1659,1989,1990,-1,1659,1990,1660,-1,1660,1990,1991,-1,1660,1991,1661,-1,1661,1991,1992,-1,1992,1993,1661,-1,1661,1993,1662,-1,1661,1662,1312,-1,1312,1662,1316,-1,1993,1994,1662,-1,1662,1994,1995,-1,1662,1995,1663,-1,1663,1995,1996,-1,1996,1997,1663,-1,1663,1997,1664,-1,1663,1664,1313,-1,1313,1664,1317,-1,1997,1998,1664,-1,1664,1998,1999,-1,1664,1999,1665,-1,1665,1999,2000,-1,2001,1666,2002,-1,2002,1666,1665,-1,2002,1665,2003,-1,2003,1665,2000,-1,2001,2004,1666,-1,1666,2004,1667,-1,1666,1667,1322,-1,1322,1667,1323,-1,2005,1668,2006,-1,2006,1668,1667,-1,2006,1667,2007,-1,2007,1667,2004,-1,2005,2008,1668,-1,1668,2008,1671,-1,1668,1671,1327,-1,1327,1671,1328,-1,2009,1669,2010,-1,2010,1669,1671,-1,2010,1671,2011,-1,2011,1671,2008,-1,2009,2012,1669,-1,1669,2012,2013,-1,1669,2013,1670,-1,1670,2013,2014,-1,1670,2014,1672,-1,1672,2014,2015,-1,2015,2016,1672,-1,1672,2016,1673,-1,1672,1673,1337,-1,1337,1673,1336,-1,2016,2017,1673,-1,1673,2017,2018,-1,1673,2018,1674,-1,1674,2018,2019,-1,2019,2020,1674,-1,1674,2020,1676,-1,1674,1676,1339,-1,1339,1676,1340,-1,2020,2021,1676,-1,1676,2021,2022,-1,1676,2022,1675,-1,1675,2022,2023,-1,2024,1677,2025,-1,2025,1677,1675,-1,2025,1675,2026,-1,2026,1675,2023,-1,2024,2027,1677,-1,1677,2027,1678,-1,1677,1678,1346,-1,1346,1678,1350,-1,2028,1679,2029,-1,2029,1679,1678,-1,2029,1678,2030,-1,2030,1678,2027,-1,2028,2031,1679,-1,1679,2031,1681,-1,1679,1681,1348,-1,1348,1681,1347,-1,2032,1680,2033,-1,2033,1680,1681,-1,2033,1681,2034,-1,2034,1681,2031,-1,2032,2035,1680,-1,1680,2035,1682,-1,1680,1682,1352,-1,1352,1682,1355,-1,2035,2036,1682,-1,1682,2036,2037,-1,1682,2037,1683,-1,1683,2037,2038,-1,1683,2038,1684,-1,1684,2038,2039,-1,2039,2040,1684,-1,1684,2040,1685,-1,1684,1685,1361,-1,1361,1685,1362,-1,2040,2041,1685,-1,1685,2041,2042,-1,1685,2042,1686,-1,1686,2042,2043,-1,2043,2044,1686,-1,1686,2044,1687,-1,1686,1687,1365,-1,1365,1687,1368,-1,2044,2045,1687,-1,1687,2045,2046,-1,1687,2046,1688,-1,1688,2046,2047,-1,2048,1689,2049,-1,2049,1689,1688,-1,2049,1688,2050,-1,2050,1688,2047,-1,2048,2051,1689,-1,1689,2051,1690,-1,1689,1690,1370,-1,1370,1690,1371,-1,2052,1691,2053,-1,2053,1691,1690,-1,2053,1690,2054,-1,2054,1690,2051,-1,2052,2055,1691,-1,1691,2055,1692,-1,1691,1692,1375,-1,1375,1692,1376,-1,2055,2056,1692,-1,1692,2056,2057,-1,1692,2057,1693,-1,1693,2057,2058,-1,1693,2058,2059,-1,2059,2060,1693,-1,1693,2060,1695,-1,1693,1695,1380,-1,1380,1695,1379,-1,2060,2061,1695,-1,1695,2061,2062,-1,1695,2062,1694,-1,1694,2062,2063,-1,1694,2063,1696,-1,1696,2063,2064,-1,2064,2065,1696,-1,1696,2065,1697,-1,1696,1697,1383,-1,1383,1697,1386,-1,2065,2066,1697,-1,1697,2066,2067,-1,1697,2067,1698,-1,1698,2067,2068,-1,2068,2069,1698,-1,1698,2069,1700,-1,1698,1700,1389,-1,1389,1700,1390,-1,2069,2070,1700,-1,1700,2070,2071,-1,1700,2071,1699,-1,1699,2071,2072,-1,2073,1701,2074,-1,2074,1701,1699,-1,2074,1699,2075,-1,2075,1699,2072,-1,2073,2076,1701,-1,1701,2076,1703,-1,1701,1703,1397,-1,1397,1703,1396,-1,2077,1702,2078,-1,2078,1702,1703,-1,2078,1703,2079,-1,2079,1703,2076,-1,2077,2080,1702,-1,1702,2080,1704,-1,1702,1704,1402,-1,1402,1704,1401,-1,2081,1705,2082,-1,2082,1705,1704,-1,2082,1704,2083,-1,2083,1704,2080,-1,2081,2084,1705,-1,1705,2084,1707,-1,1705,1707,1404,-1,1404,1707,1405,-1,2084,2085,1707,-1,1707,2085,2086,-1,1707,2086,1706,-1,1706,2086,2087,-1,2087,2088,1706,-1,1706,2088,1708,-1,1706,1708,1409,-1,1409,1708,1410,-1,2088,2089,1708,-1,1708,2089,2090,-1,1708,2090,1709,-1,1709,2090,2091,-1,2091,2092,1709,-1,1709,2092,1710,-1,1709,1710,1413,-1,1413,1710,1416,-1,2092,2093,1710,-1,1710,2093,2094,-1,1710,2094,1711,-1,1711,2094,2095,-1,2096,1712,2097,-1,2097,1712,1711,-1,2097,1711,2098,-1,2098,1711,2095,-1,2096,2099,1712,-1,1712,2099,1713,-1,1712,1713,1418,-1,1418,1713,1419,-1,2100,1714,2101,-1,2101,1714,1713,-1,2101,1713,2102,-1,2102,1713,2099,-1,2100,2103,1714,-1,1714,2103,1715,-1,1714,1715,1423,-1,1423,1715,1424,-1,2104,1716,2105,-1,2105,1716,1715,-1,2105,1715,2106,-1,2106,1715,2103,-1,2104,2107,1716,-1,1716,2107,1718,-1,1716,1718,1428,-1,1428,1718,1427,-1,2107,2108,1718,-1,1718,2108,2109,-1,1718,2109,1717,-1,1717,2109,2110,-1,1717,2110,1719,-1,1719,2110,2111,-1,2111,2112,1719,-1,1719,2112,1720,-1,1719,1720,1431,-1,1431,1720,1434,-1,2112,2113,1720,-1,1720,2113,2114,-1,1720,2114,1721,-1,1721,2114,2115,-1,2115,2116,1721,-1,1721,2116,1723,-1,1721,1723,1437,-1,1437,1723,1438,-1,2116,2117,1723,-1,1723,2117,2118,-1,1723,2118,1722,-1,1722,2118,2119,-1,2120,1724,2121,-1,2121,1724,1722,-1,2121,1722,2122,-1,2122,1722,2119,-1,2120,2123,1724,-1,1724,2123,1725,-1,1724,1725,1445,-1,1445,1725,1444,-1,2124,1456,2125,-1,2125,1456,1725,-1,2125,1725,2126,-1,2126,1725,2123,-1,2124,2127,1456,-1,1456,2127,1726,-1,1456,1726,1450,-1,1450,1726,1449,-1,2127,2128,1726,-1,1726,2128,2129,-1,1726,2129,1727,-1,1727,2129,2130,-1,1727,2130,2131,-1,2131,2132,1727,-1,1727,2132,1730,-1,1727,1730,1452,-1,1452,1730,1453,-1,2132,2133,1730,-1,1730,2133,2134,-1,1730,2134,1728,-1,1728,2134,2135,-1,1728,2135,1729,-1,2135,2136,1729,-1,1729,2136,2137,-1,1729,2137,1731,-1,1731,2137,2138,-1,2138,2139,1731,-1,1731,2139,1733,-1,1731,1733,365,-1,365,1733,374,-1,2139,2140,1733,-1,1733,2140,2141,-1,1733,2141,1732,-1,1732,2141,2142,-1,1732,2142,2143,-1,2143,2144,1732,-1,1732,2144,1734,-1,1732,1734,370,-1,370,1734,377,-1,2145,1735,2146,-1,2146,1735,1734,-1,2146,1734,2147,-1,2147,1734,2144,-1,2145,2148,1735,-1,1735,2148,1467,-1,1735,1467,385,-1,385,1467,383,-1,2149,1469,2150,-1,2150,1469,1467,-1,2150,1467,2151,-1,2151,1467,2148,-1,2149,2152,1469,-1,1469,2152,1466,-1,1469,1466,1472,-1,1472,1466,1465,-1,2153,1476,2154,-1,2154,1476,1466,-1,2154,1466,2155,-1,2155,1466,2152,-1,1487,2156,1488,-1,1488,2156,2157,-1,1488,2157,2158,-1,2158,2157,1481,-1,2158,1481,2159,-1,2159,1481,1479,-1,2159,1479,2160,-1,2160,1479,1476,-1,2160,1476,2161,-1,2161,1476,2153,-1,2162,2163,2160,-1,2164,2165,2132,-1,2024,2025,2166,-1,1955,1952,2167,-1,1930,1927,2168,-1,1906,1903,2169,-1,1883,1880,2170,-1,1858,1855,2171,-1,2172,2173,1845,-1,1834,1831,2174,-1,2175,2176,1773,-1,2177,2178,1749,-1,2179,2180,2181,-1,2182,2183,2184,-1,2185,2186,2187,-1,2188,2189,2186,-1,2186,2189,2190,-1,2186,2190,2187,-1,2191,2192,2193,-1,2193,2192,2194,-1,2195,2196,2191,-1,2191,2196,2197,-1,2191,2197,2192,-1,2198,2199,2195,-1,2195,2199,2200,-1,2195,2200,2196,-1,2182,2184,2201,-1,2201,2184,2202,-1,2201,2202,2203,-1,2203,2202,2204,-1,2204,2202,2205,-1,2204,2205,2206,-1,2207,2208,2209,-1,2209,2208,2210,-1,2211,2212,2213,-1,2213,2212,2214,-1,2213,2214,2209,-1,2209,2214,2215,-1,2209,2215,2207,-1,2216,2217,2218,-1,2218,2217,2219,-1,2218,2219,2211,-1,2211,2219,2220,-1,2211,2220,2212,-1,2221,2222,2223,-1,2223,2222,2224,-1,2223,2224,2225,-1,2224,2226,2225,-1,2225,2226,2227,-1,2225,2227,2228,-1,2228,2227,2229,-1,2228,2229,2216,-1,2216,2229,2230,-1,2216,2230,2217,-1,2231,2232,2233,-1,2233,2232,2234,-1,2233,2234,2235,-1,2235,2234,2236,-1,2235,2236,2221,-1,2221,2236,2237,-1,2221,2237,2222,-1,2238,2239,2240,-1,2240,2239,2241,-1,2240,2241,2231,-1,2231,2241,2242,-1,2231,2242,2232,-1,2243,2244,2245,-1,2245,2244,2246,-1,2245,2246,2247,-1,2247,2246,2248,-1,2247,2248,2249,-1,2250,2251,2252,-1,2253,2254,2255,-1,2255,2254,2256,-1,2255,2256,2250,-1,2250,2256,2257,-1,2250,2257,2251,-1,2179,2181,2258,-1,2258,2181,2178,-1,2258,2178,2259,-1,2177,2260,2178,-1,2178,2260,2261,-1,2178,2261,2259,-1,2262,2263,2177,-1,2177,2263,2264,-1,2177,2264,2260,-1,2265,1746,1747,-1,1741,2266,1744,-1,1744,2266,2267,-1,1744,2267,1747,-1,1747,2267,2268,-1,1747,2268,2265,-1,1743,2269,1742,-1,1742,2269,2270,-1,1742,2270,1741,-1,1741,2270,2271,-1,1741,2271,2266,-1,1738,2272,1737,-1,1737,2272,2273,-1,1737,2273,1740,-1,1740,2273,2274,-1,1740,2274,1743,-1,1743,2274,2275,-1,1743,2275,2269,-1,1736,2276,1739,-1,1739,2276,2277,-1,1739,2277,1738,-1,1738,2277,2278,-1,1738,2278,2272,-1,1505,2279,1507,-1,1507,2279,2280,-1,1507,2280,1508,-1,1508,2280,2281,-1,1508,2281,1736,-1,1736,2281,2282,-1,1736,2282,2276,-1,2265,2283,1746,-1,1746,2283,2262,-1,1746,2262,1745,-1,1745,2262,2177,-1,1745,2177,1748,-1,1748,2177,1749,-1,1753,2181,2255,-1,2255,2181,2180,-1,2255,2180,2253,-1,1753,1752,2181,-1,2181,1752,1751,-1,2181,1751,2178,-1,2178,1751,1750,-1,2178,1750,1749,-1,1757,2250,2245,-1,2245,2250,2252,-1,2245,2252,2243,-1,1757,1756,2250,-1,2250,1756,1755,-1,2250,1755,2255,-1,2255,1755,1754,-1,2255,1754,1753,-1,1761,1762,2247,-1,2247,1762,1759,-1,2247,1759,2245,-1,2245,1759,1758,-1,2245,1758,1757,-1,2284,2285,1760,-1,2286,1766,2285,-1,2285,1766,1763,-1,2285,1763,1760,-1,2287,1764,2286,-1,2286,1764,1765,-1,2286,1765,1766,-1,2288,1770,2287,-1,2287,1770,1767,-1,2287,1767,1764,-1,1772,1771,2289,-1,2289,1771,1768,-1,2289,1768,2288,-1,2288,1768,1769,-1,2288,1769,1770,-1,1777,1776,2290,-1,2290,1776,1775,-1,2290,1775,2176,-1,2176,1775,1774,-1,2176,1774,1773,-1,2291,1779,2292,-1,2292,1779,1778,-1,1783,1782,2293,-1,2293,1782,1781,-1,2293,1781,2291,-1,2291,1781,1780,-1,2291,1780,1779,-1,2294,2295,1786,-1,2296,1784,2295,-1,2295,1784,1785,-1,2295,1785,1786,-1,2297,1790,2296,-1,2296,1790,1787,-1,2296,1787,1784,-1,2298,1788,2297,-1,2297,1788,1789,-1,2297,1789,1790,-1,2299,1794,2298,-1,2298,1794,1791,-1,2298,1791,1788,-1,1796,1795,2300,-1,2300,1795,1792,-1,2300,1792,2299,-1,2299,1792,1793,-1,2299,1793,1794,-1,2301,1798,2302,-1,2302,1798,1797,-1,1802,1801,2303,-1,2303,1801,1800,-1,2303,1800,2301,-1,2301,1800,1799,-1,2301,1799,1798,-1,2304,1804,2305,-1,2305,1804,1803,-1,1808,1807,2306,-1,2306,1807,1806,-1,2306,1806,2304,-1,2304,1806,1805,-1,2304,1805,1804,-1,2307,2308,1811,-1,1815,1812,2309,-1,2309,1812,1809,-1,2309,1809,2308,-1,2308,1809,1810,-1,2308,1810,1811,-1,1814,2310,1813,-1,1813,2310,2311,-1,1817,1818,2312,-1,2312,1818,1819,-1,2312,1819,2311,-1,2311,1819,1816,-1,2311,1816,1813,-1,2313,2314,1823,-1,1820,2315,1821,-1,1821,2315,2313,-1,1821,2313,1822,-1,1822,2313,1823,-1,2316,2317,1827,-1,1827,1826,2316,-1,2316,1826,1825,-1,2316,1825,2314,-1,2314,1825,1824,-1,2314,1824,1823,-1,2174,1831,2318,-1,1831,1830,2318,-1,2318,1830,1829,-1,2318,1829,2317,-1,2317,1829,1828,-1,2317,1828,1827,-1,1833,2319,1832,-1,1832,2319,2320,-1,1836,1837,2321,-1,2321,1837,1838,-1,2321,1838,2320,-1,2320,1838,1835,-1,2320,1835,1832,-1,1839,2322,1842,-1,1842,2322,2323,-1,1844,1843,2324,-1,2324,1843,1840,-1,2324,1840,2323,-1,2323,1840,1841,-1,2323,1841,1842,-1,1849,1848,2325,-1,2325,1848,1847,-1,2325,1847,2173,-1,2173,1847,1846,-1,2173,1846,1845,-1,2326,1851,2327,-1,2327,1851,1850,-1,2171,1855,2328,-1,1855,1854,2328,-1,2328,1854,1853,-1,2328,1853,2326,-1,2326,1853,1852,-1,2326,1852,1851,-1,1857,2329,1856,-1,1856,2329,2330,-1,2331,1862,2330,-1,2330,1862,1859,-1,2330,1859,1856,-1,2332,1860,2331,-1,2331,1860,1861,-1,2331,1861,1862,-1,2333,1866,2332,-1,2332,1866,1863,-1,2332,1863,1860,-1,1868,1867,2334,-1,2334,1867,1864,-1,2334,1864,2333,-1,2333,1864,1865,-1,2333,1865,1866,-1,2335,1870,2336,-1,2336,1870,1869,-1,1874,1873,2337,-1,2337,1873,1872,-1,2337,1872,2335,-1,2335,1872,1871,-1,2335,1871,1870,-1,2338,1876,2339,-1,2339,1876,1875,-1,2170,1880,2340,-1,1880,1879,2340,-1,2340,1879,1878,-1,2340,1878,2338,-1,2338,1878,1877,-1,2338,1877,1876,-1,1882,2341,1881,-1,1881,2341,2342,-1,2343,1887,2342,-1,2342,1887,1884,-1,2342,1884,1881,-1,2344,1885,2343,-1,2343,1885,1886,-1,2343,1886,1887,-1,2345,1891,2344,-1,2344,1891,1888,-1,2344,1888,1885,-1,1893,1892,2346,-1,2346,1892,1889,-1,2346,1889,2345,-1,2345,1889,1890,-1,2345,1890,1891,-1,2347,1895,2348,-1,2348,1895,1894,-1,1899,1898,2349,-1,2349,1898,1897,-1,2349,1897,2347,-1,2347,1897,1896,-1,2347,1896,1895,-1,2350,1901,2351,-1,2351,1901,1900,-1,2169,1903,2350,-1,2350,1903,1902,-1,2350,1902,1901,-1,1905,2352,1904,-1,1904,2352,2353,-1,1904,2353,1907,-1,1907,2353,1910,-1,1910,2353,2354,-1,1910,2354,1909,-1,1909,2354,1908,-1,1908,2354,2355,-1,1908,2355,1911,-1,1911,2355,1914,-1,1914,2355,2356,-1,1914,2356,1913,-1,1913,2356,1912,-1,1912,2356,2357,-1,1912,2357,1915,-1,1915,2357,1916,-1,1916,2357,2358,-1,1916,2358,1917,-1,2359,1919,2360,-1,2360,1919,1918,-1,1923,1922,2361,-1,2361,1922,1921,-1,2361,1921,2359,-1,2359,1921,1920,-1,2359,1920,1919,-1,2362,1925,2363,-1,2363,1925,1924,-1,2168,1927,2362,-1,2362,1927,1926,-1,2362,1926,1925,-1,1929,2364,1928,-1,1928,2364,2365,-1,1932,1933,2366,-1,2366,1933,1934,-1,2366,1934,2365,-1,2365,1934,1931,-1,2365,1931,1928,-1,1935,2367,1938,-1,1938,2367,2368,-1,1940,1939,2369,-1,2369,1939,1936,-1,2369,1936,2368,-1,2368,1936,1937,-1,2368,1937,1938,-1,2370,1942,2371,-1,2371,1942,1941,-1,1946,1945,2372,-1,2372,1945,1944,-1,2372,1944,2370,-1,2370,1944,1943,-1,2370,1943,1942,-1,2373,1948,2374,-1,2374,1948,1947,-1,2167,1952,2375,-1,1952,1951,2375,-1,2375,1951,1950,-1,2375,1950,2373,-1,2373,1950,1949,-1,2373,1949,1948,-1,1954,2376,1953,-1,1953,2376,2377,-1,1957,1958,2378,-1,2378,1958,1959,-1,2378,1959,2377,-1,2377,1959,1956,-1,2377,1956,1953,-1,1960,2379,1963,-1,1963,2379,2380,-1,1965,1964,2381,-1,2381,1964,1961,-1,2381,1961,2380,-1,2380,1961,1962,-1,2380,1962,1963,-1,2382,1967,2383,-1,2383,1967,1966,-1,1971,1970,2384,-1,2384,1970,1969,-1,2384,1969,2382,-1,2382,1969,1968,-1,2382,1968,1967,-1,2385,1973,2386,-1,2386,1973,1972,-1,1976,1977,2387,-1,2387,1977,1978,-1,2387,1978,2388,-1,2388,1978,1975,-1,2388,1975,2385,-1,2385,1975,1974,-1,2385,1974,1973,-1,1979,2389,1982,-1,1982,2389,2390,-1,2391,1980,2390,-1,2390,1980,1981,-1,2390,1981,1982,-1,2392,1984,2391,-1,2391,1984,1983,-1,2391,1983,1980,-1,2393,1986,2392,-1,2392,1986,1985,-1,2392,1985,1984,-1,1990,1989,2394,-1,2394,1989,1988,-1,2394,1988,2393,-1,2393,1988,1987,-1,2393,1987,1986,-1,2395,1992,2396,-1,2396,1992,1991,-1,1996,1995,2397,-1,2397,1995,1994,-1,2397,1994,2395,-1,2395,1994,1993,-1,2395,1993,1992,-1,2398,1998,2399,-1,2399,1998,1997,-1,2001,2002,2400,-1,2400,2002,2003,-1,2400,2003,2401,-1,2401,2003,2000,-1,2401,2000,2398,-1,2398,2000,1999,-1,2398,1999,1998,-1,2004,2402,2007,-1,2007,2402,2403,-1,2404,2005,2403,-1,2403,2005,2006,-1,2403,2006,2007,-1,2405,2011,2404,-1,2404,2011,2008,-1,2404,2008,2005,-1,2406,2009,2405,-1,2405,2009,2010,-1,2405,2010,2011,-1,2015,2014,2407,-1,2407,2014,2013,-1,2407,2013,2406,-1,2406,2013,2012,-1,2406,2012,2009,-1,2408,2017,2409,-1,2409,2017,2016,-1,2021,2020,2410,-1,2410,2020,2019,-1,2410,2019,2408,-1,2408,2019,2018,-1,2408,2018,2017,-1,2411,2023,2412,-1,2412,2023,2022,-1,2166,2025,2411,-1,2411,2025,2026,-1,2411,2026,2023,-1,2027,2413,2030,-1,2030,2413,2414,-1,2415,2028,2414,-1,2414,2028,2029,-1,2414,2029,2030,-1,2416,2034,2415,-1,2415,2034,2031,-1,2415,2031,2028,-1,2417,2032,2416,-1,2416,2032,2033,-1,2416,2033,2034,-1,2039,2038,2418,-1,2418,2038,2037,-1,2418,2037,2419,-1,2419,2037,2036,-1,2419,2036,2417,-1,2417,2036,2035,-1,2417,2035,2032,-1,2420,2041,2421,-1,2421,2041,2040,-1,2045,2044,2422,-1,2422,2044,2043,-1,2422,2043,2420,-1,2420,2043,2042,-1,2420,2042,2041,-1,2046,2423,2047,-1,2047,2423,2424,-1,2047,2424,2050,-1,2050,2424,2425,-1,2050,2425,2049,-1,2049,2425,2048,-1,2051,2426,2054,-1,2054,2426,2427,-1,2056,2055,2428,-1,2428,2055,2052,-1,2428,2052,2427,-1,2427,2052,2053,-1,2427,2053,2054,-1,2057,2429,2058,-1,2058,2429,2430,-1,2062,2061,2431,-1,2431,2061,2060,-1,2431,2060,2430,-1,2430,2060,2059,-1,2430,2059,2058,-1,2432,2064,2433,-1,2433,2064,2063,-1,2068,2067,2434,-1,2434,2067,2066,-1,2434,2066,2432,-1,2432,2066,2065,-1,2432,2065,2064,-1,2435,2070,2436,-1,2436,2070,2069,-1,2073,2074,2437,-1,2437,2074,2075,-1,2437,2075,2438,-1,2438,2075,2072,-1,2438,2072,2435,-1,2435,2072,2071,-1,2435,2071,2070,-1,2076,2439,2079,-1,2079,2439,2440,-1,2083,2080,2441,-1,2441,2080,2077,-1,2441,2077,2440,-1,2440,2077,2078,-1,2440,2078,2079,-1,2082,2442,2081,-1,2081,2442,2443,-1,2087,2086,2444,-1,2444,2086,2085,-1,2444,2085,2443,-1,2443,2085,2084,-1,2443,2084,2081,-1,2445,2089,2446,-1,2446,2089,2088,-1,2093,2092,2447,-1,2447,2092,2091,-1,2447,2091,2445,-1,2445,2091,2090,-1,2445,2090,2089,-1,2448,2095,2449,-1,2449,2095,2094,-1,2102,2099,2450,-1,2450,2099,2096,-1,2450,2096,2451,-1,2451,2096,2097,-1,2451,2097,2448,-1,2448,2097,2098,-1,2448,2098,2095,-1,2101,2452,2100,-1,2100,2452,2453,-1,2454,2106,2453,-1,2453,2106,2103,-1,2453,2103,2100,-1,2455,2104,2454,-1,2454,2104,2105,-1,2454,2105,2106,-1,2111,2110,2456,-1,2456,2110,2109,-1,2456,2109,2457,-1,2457,2109,2108,-1,2457,2108,2455,-1,2455,2108,2107,-1,2455,2107,2104,-1,2458,2113,2459,-1,2459,2113,2112,-1,2117,2116,2460,-1,2460,2116,2115,-1,2460,2115,2458,-1,2458,2115,2114,-1,2458,2114,2113,-1,2118,2461,2119,-1,2119,2461,2462,-1,2119,2462,2122,-1,2122,2462,2463,-1,2126,2123,2464,-1,2464,2123,2120,-1,2464,2120,2463,-1,2463,2120,2121,-1,2463,2121,2122,-1,2125,2465,2124,-1,2124,2465,2466,-1,2467,2128,2466,-1,2466,2128,2127,-1,2466,2127,2124,-1,2132,2131,2164,-1,2164,2131,2130,-1,2164,2130,2467,-1,2467,2130,2129,-1,2467,2129,2128,-1,2136,2135,2468,-1,2468,2135,2134,-1,2468,2134,2165,-1,2165,2134,2133,-1,2165,2133,2132,-1,2469,2138,2470,-1,2470,2138,2137,-1,2142,2141,2471,-1,2471,2141,2140,-1,2471,2140,2469,-1,2469,2140,2139,-1,2469,2139,2138,-1,2143,2472,2144,-1,2144,2472,2473,-1,2144,2473,2147,-1,2147,2473,2474,-1,2147,2474,2146,-1,2146,2474,2145,-1,2148,2475,2151,-1,2151,2475,2476,-1,2477,2149,2476,-1,2476,2149,2150,-1,2476,2150,2151,-1,2478,2155,2477,-1,2477,2155,2152,-1,2477,2152,2149,-1,2160,2161,2162,-1,2162,2161,2153,-1,2162,2153,2478,-1,2478,2153,2154,-1,2478,2154,2155,-1,1486,1488,2479,-1,2479,1488,2158,-1,2479,2158,2163,-1,2163,2158,2159,-1,2163,2159,2160,-1,2480,1491,2481,-1,2481,1491,1484,-1,2482,2483,1500,-1,1500,1463,2482,-1,2482,1463,1494,-1,2482,1494,2480,-1,2480,1494,1489,-1,2480,1489,1491,-1,2187,1503,2185,-1,2185,1503,1502,-1,2185,1502,2483,-1,2483,1502,1497,-1,2483,1497,1500,-1,2249,2484,2247,-1,2247,2484,2284,-1,2247,2284,1761,-1,1761,2284,1760,-1,2484,2485,2284,-1,2284,2485,2486,-1,2284,2486,2285,-1,2285,2486,2487,-1,2285,2487,2286,-1,2286,2487,2488,-1,2488,2489,2286,-1,2286,2489,2490,-1,2286,2490,2287,-1,2287,2490,2491,-1,2287,2491,2288,-1,2492,2289,2493,-1,2493,2289,2288,-1,2493,2288,2494,-1,2494,2288,2491,-1,2492,2495,2289,-1,2289,2495,2175,-1,2289,2175,1772,-1,1772,2175,1773,-1,2495,2496,2175,-1,2175,2496,2497,-1,2175,2497,2176,-1,2176,2497,2498,-1,2176,2498,2290,-1,2290,2498,2499,-1,2290,2499,2500,-1,2500,2501,2290,-1,2290,2501,2292,-1,2290,2292,1777,-1,1777,2292,1778,-1,2502,2293,2503,-1,2503,2293,2291,-1,2503,2291,2504,-1,2504,2291,2292,-1,2504,2292,2505,-1,2505,2292,2501,-1,2502,2506,2293,-1,2293,2506,2294,-1,2293,2294,1783,-1,1783,2294,1786,-1,2506,2507,2294,-1,2294,2507,2508,-1,2294,2508,2295,-1,2295,2508,2509,-1,2295,2509,2296,-1,2509,2510,2296,-1,2296,2510,2511,-1,2296,2511,2297,-1,2297,2511,2512,-1,2512,2513,2297,-1,2297,2513,2514,-1,2297,2514,2298,-1,2298,2514,2515,-1,2298,2515,2299,-1,2516,2300,2517,-1,2517,2300,2299,-1,2517,2299,2518,-1,2518,2299,2515,-1,2516,2519,2300,-1,2300,2519,2302,-1,2300,2302,1796,-1,1796,2302,1797,-1,2519,2520,2302,-1,2302,2520,2521,-1,2302,2521,2301,-1,2301,2521,2522,-1,2301,2522,2303,-1,2303,2522,2523,-1,2303,2523,2524,-1,2524,2525,2303,-1,2303,2525,2305,-1,2303,2305,1802,-1,1802,2305,1803,-1,2526,2306,2527,-1,2527,2306,2304,-1,2527,2304,2528,-1,2528,2304,2305,-1,2528,2305,2529,-1,2529,2305,2525,-1,2526,2530,2306,-1,2306,2530,2307,-1,2306,2307,1808,-1,1808,2307,1811,-1,2530,2531,2307,-1,2307,2531,2532,-1,2307,2532,2308,-1,2308,2532,2533,-1,2308,2533,2309,-1,2309,2533,2534,-1,2309,2534,2535,-1,2535,2536,2309,-1,2309,2536,2310,-1,2309,2310,1815,-1,1815,2310,1814,-1,2537,2312,2538,-1,2538,2312,2311,-1,2538,2311,2539,-1,2539,2311,2310,-1,2539,2310,2540,-1,2540,2310,2536,-1,2537,2541,2312,-1,2312,2541,2315,-1,2312,2315,1817,-1,1817,2315,1820,-1,2541,2542,2315,-1,2315,2542,2543,-1,2315,2543,2313,-1,2313,2543,2544,-1,2313,2544,2314,-1,2544,2545,2314,-1,2314,2545,2546,-1,2314,2546,2316,-1,2316,2546,2547,-1,2547,2548,2316,-1,2316,2548,2549,-1,2316,2549,2317,-1,2317,2549,2550,-1,2317,2550,2318,-1,2551,2174,2552,-1,2552,2174,2318,-1,2552,2318,2553,-1,2553,2318,2550,-1,2551,2554,2174,-1,2174,2554,2319,-1,2174,2319,1834,-1,1834,2319,1833,-1,2554,2555,2319,-1,2319,2555,2556,-1,2319,2556,2320,-1,2320,2556,2557,-1,2320,2557,2321,-1,2321,2557,2558,-1,2321,2558,2559,-1,2559,2560,2321,-1,2321,2560,2322,-1,2321,2322,1836,-1,1836,2322,1839,-1,2561,2324,2562,-1,2562,2324,2323,-1,2562,2323,2563,-1,2563,2323,2322,-1,2563,2322,2564,-1,2564,2322,2560,-1,2561,2565,2324,-1,2324,2565,2172,-1,2324,2172,1844,-1,1844,2172,1845,-1,2565,2566,2172,-1,2172,2566,2567,-1,2172,2567,2173,-1,2173,2567,2568,-1,2173,2568,2325,-1,2325,2568,2569,-1,2325,2569,2570,-1,2570,2571,2325,-1,2325,2571,2327,-1,2325,2327,1849,-1,1849,2327,1850,-1,2571,2572,2327,-1,2327,2572,2573,-1,2327,2573,2326,-1,2326,2573,2574,-1,2326,2574,2328,-1,2575,2171,2576,-1,2576,2171,2328,-1,2576,2328,2577,-1,2577,2328,2574,-1,2575,2578,2171,-1,2171,2578,2329,-1,2171,2329,1858,-1,1858,2329,1857,-1,2578,2579,2329,-1,2329,2579,2580,-1,2329,2580,2330,-1,2330,2580,2581,-1,2330,2581,2331,-1,2331,2581,2582,-1,2582,2583,2331,-1,2331,2583,2584,-1,2331,2584,2332,-1,2332,2584,2585,-1,2332,2585,2333,-1,2586,2334,2587,-1,2587,2334,2333,-1,2587,2333,2588,-1,2588,2333,2585,-1,2586,2589,2334,-1,2334,2589,2336,-1,2334,2336,1868,-1,1868,2336,1869,-1,2589,2590,2336,-1,2336,2590,2591,-1,2336,2591,2335,-1,2335,2591,2592,-1,2335,2592,2337,-1,2337,2592,2593,-1,2337,2593,2594,-1,2594,2595,2337,-1,2337,2595,2339,-1,2337,2339,1874,-1,1874,2339,1875,-1,2595,2596,2339,-1,2339,2596,2597,-1,2339,2597,2338,-1,2338,2597,2598,-1,2338,2598,2340,-1,2599,2170,2600,-1,2600,2170,2340,-1,2600,2340,2601,-1,2601,2340,2598,-1,2599,2602,2170,-1,2170,2602,2341,-1,2170,2341,1883,-1,1883,2341,1882,-1,2602,2603,2341,-1,2341,2603,2604,-1,2341,2604,2342,-1,2342,2604,2605,-1,2342,2605,2343,-1,2343,2605,2606,-1,2606,2607,2343,-1,2343,2607,2608,-1,2343,2608,2344,-1,2344,2608,2609,-1,2344,2609,2345,-1,2610,2346,2611,-1,2611,2346,2345,-1,2611,2345,2612,-1,2612,2345,2609,-1,2610,2613,2346,-1,2346,2613,2348,-1,2346,2348,1893,-1,1893,2348,1894,-1,2613,2614,2348,-1,2348,2614,2615,-1,2348,2615,2347,-1,2347,2615,2616,-1,2347,2616,2349,-1,2349,2616,2617,-1,2349,2617,2618,-1,2618,2619,2349,-1,2349,2619,2351,-1,2349,2351,1899,-1,1899,2351,1900,-1,2620,2169,2621,-1,2621,2169,2350,-1,2621,2350,2622,-1,2622,2350,2351,-1,2622,2351,2623,-1,2623,2351,2619,-1,2620,2624,2169,-1,2169,2624,2352,-1,2169,2352,1906,-1,1906,2352,1905,-1,2624,2625,2352,-1,2352,2625,2626,-1,2352,2626,2353,-1,2353,2626,2627,-1,2353,2627,2354,-1,2627,2628,2354,-1,2354,2628,2629,-1,2354,2629,2355,-1,2355,2629,2630,-1,2630,2631,2355,-1,2355,2631,2632,-1,2355,2632,2356,-1,2356,2632,2633,-1,2356,2633,2357,-1,2634,2358,2635,-1,2635,2358,2357,-1,2635,2357,2636,-1,2636,2357,2633,-1,2634,2637,2358,-1,2358,2637,2360,-1,2358,2360,1917,-1,1917,2360,1918,-1,2637,2638,2360,-1,2360,2638,2639,-1,2360,2639,2359,-1,2359,2639,2640,-1,2359,2640,2361,-1,2361,2640,2641,-1,2361,2641,2642,-1,2642,2643,2361,-1,2361,2643,2363,-1,2361,2363,1923,-1,1923,2363,1924,-1,2644,2168,2645,-1,2645,2168,2362,-1,2645,2362,2646,-1,2646,2362,2363,-1,2646,2363,2647,-1,2647,2363,2643,-1,2644,2648,2168,-1,2168,2648,2364,-1,2168,2364,1930,-1,1930,2364,1929,-1,2648,2649,2364,-1,2364,2649,2650,-1,2364,2650,2365,-1,2365,2650,2651,-1,2365,2651,2366,-1,2366,2651,2652,-1,2366,2652,2653,-1,2653,2654,2366,-1,2366,2654,2367,-1,2366,2367,1932,-1,1932,2367,1935,-1,2655,2369,2656,-1,2656,2369,2368,-1,2656,2368,2657,-1,2657,2368,2367,-1,2657,2367,2658,-1,2658,2367,2654,-1,2655,2659,2369,-1,2369,2659,2371,-1,2369,2371,1940,-1,1940,2371,1941,-1,2659,2660,2371,-1,2371,2660,2661,-1,2371,2661,2370,-1,2370,2661,2662,-1,2370,2662,2372,-1,2372,2662,2663,-1,2372,2663,2664,-1,2664,2665,2372,-1,2372,2665,2374,-1,2372,2374,1946,-1,1946,2374,1947,-1,2665,2666,2374,-1,2374,2666,2667,-1,2374,2667,2373,-1,2373,2667,2668,-1,2373,2668,2375,-1,2669,2167,2670,-1,2670,2167,2375,-1,2670,2375,2671,-1,2671,2375,2668,-1,2669,2672,2167,-1,2167,2672,2376,-1,2167,2376,1955,-1,1955,2376,1954,-1,2672,2673,2376,-1,2376,2673,2674,-1,2376,2674,2377,-1,2377,2674,2675,-1,2377,2675,2378,-1,2378,2675,2676,-1,2378,2676,2677,-1,2677,2678,2378,-1,2378,2678,2379,-1,2378,2379,1957,-1,1957,2379,1960,-1,2679,2381,2680,-1,2680,2381,2380,-1,2680,2380,2681,-1,2681,2380,2379,-1,2681,2379,2682,-1,2682,2379,2678,-1,2679,2683,2381,-1,2381,2683,2383,-1,2381,2383,1965,-1,1965,2383,1966,-1,2683,2684,2383,-1,2383,2684,2685,-1,2383,2685,2382,-1,2382,2685,2686,-1,2382,2686,2384,-1,2384,2686,2687,-1,2384,2687,2688,-1,2688,2689,2384,-1,2384,2689,2386,-1,2384,2386,1971,-1,1971,2386,1972,-1,2689,2690,2386,-1,2386,2690,2691,-1,2386,2691,2385,-1,2385,2691,2692,-1,2385,2692,2388,-1,2693,2387,2694,-1,2694,2387,2388,-1,2694,2388,2695,-1,2695,2388,2692,-1,2693,2696,2387,-1,2387,2696,2389,-1,2387,2389,1976,-1,1976,2389,1979,-1,2696,2697,2389,-1,2389,2697,2698,-1,2389,2698,2390,-1,2390,2698,2699,-1,2390,2699,2391,-1,2391,2699,2700,-1,2700,2701,2391,-1,2391,2701,2702,-1,2391,2702,2392,-1,2392,2702,2703,-1,2392,2703,2393,-1,2704,2394,2705,-1,2705,2394,2393,-1,2705,2393,2706,-1,2706,2393,2703,-1,2704,2707,2394,-1,2394,2707,2396,-1,2394,2396,1990,-1,1990,2396,1991,-1,2707,2708,2396,-1,2396,2708,2709,-1,2396,2709,2395,-1,2395,2709,2710,-1,2395,2710,2397,-1,2397,2710,2711,-1,2397,2711,2712,-1,2712,2713,2397,-1,2397,2713,2399,-1,2397,2399,1996,-1,1996,2399,1997,-1,2713,2714,2399,-1,2399,2714,2715,-1,2399,2715,2398,-1,2398,2715,2716,-1,2398,2716,2401,-1,2717,2400,2718,-1,2718,2400,2401,-1,2718,2401,2719,-1,2719,2401,2716,-1,2717,2720,2400,-1,2400,2720,2402,-1,2400,2402,2001,-1,2001,2402,2004,-1,2720,2721,2402,-1,2402,2721,2722,-1,2402,2722,2403,-1,2403,2722,2723,-1,2403,2723,2404,-1,2404,2723,2724,-1,2724,2725,2404,-1,2404,2725,2726,-1,2404,2726,2405,-1,2405,2726,2727,-1,2405,2727,2406,-1,2728,2407,2729,-1,2729,2407,2406,-1,2729,2406,2730,-1,2730,2406,2727,-1,2728,2731,2407,-1,2407,2731,2409,-1,2407,2409,2015,-1,2015,2409,2016,-1,2731,2732,2409,-1,2409,2732,2733,-1,2409,2733,2408,-1,2408,2733,2734,-1,2408,2734,2410,-1,2410,2734,2735,-1,2410,2735,2736,-1,2736,2737,2410,-1,2410,2737,2412,-1,2410,2412,2021,-1,2021,2412,2022,-1,2738,2166,2739,-1,2739,2166,2411,-1,2739,2411,2740,-1,2740,2411,2412,-1,2740,2412,2741,-1,2741,2412,2737,-1,2738,2742,2166,-1,2166,2742,2413,-1,2166,2413,2024,-1,2024,2413,2027,-1,2742,2743,2413,-1,2413,2743,2744,-1,2413,2744,2414,-1,2414,2744,2745,-1,2414,2745,2415,-1,2745,2746,2415,-1,2415,2746,2747,-1,2415,2747,2416,-1,2416,2747,2748,-1,2748,2749,2416,-1,2416,2749,2750,-1,2416,2750,2417,-1,2417,2750,2751,-1,2417,2751,2419,-1,2752,2418,2753,-1,2753,2418,2419,-1,2753,2419,2754,-1,2754,2419,2751,-1,2752,2755,2418,-1,2418,2755,2421,-1,2418,2421,2039,-1,2039,2421,2040,-1,2755,2756,2421,-1,2421,2756,2757,-1,2421,2757,2420,-1,2420,2757,2758,-1,2420,2758,2422,-1,2422,2758,2759,-1,2422,2759,2760,-1,2760,2761,2422,-1,2422,2761,2423,-1,2422,2423,2045,-1,2045,2423,2046,-1,2762,2425,2763,-1,2763,2425,2424,-1,2763,2424,2764,-1,2764,2424,2423,-1,2764,2423,2765,-1,2765,2423,2761,-1,2762,2766,2425,-1,2425,2766,2426,-1,2425,2426,2048,-1,2048,2426,2051,-1,2766,2767,2426,-1,2426,2767,2768,-1,2426,2768,2427,-1,2427,2768,2769,-1,2427,2769,2428,-1,2428,2769,2770,-1,2428,2770,2771,-1,2771,2772,2428,-1,2428,2772,2429,-1,2428,2429,2056,-1,2056,2429,2057,-1,2773,2431,2774,-1,2774,2431,2430,-1,2774,2430,2775,-1,2775,2430,2429,-1,2775,2429,2776,-1,2776,2429,2772,-1,2773,2777,2431,-1,2431,2777,2433,-1,2431,2433,2062,-1,2062,2433,2063,-1,2777,2778,2433,-1,2433,2778,2779,-1,2433,2779,2432,-1,2432,2779,2780,-1,2432,2780,2434,-1,2434,2780,2781,-1,2434,2781,2782,-1,2782,2783,2434,-1,2434,2783,2436,-1,2434,2436,2068,-1,2068,2436,2069,-1,2783,2784,2436,-1,2436,2784,2785,-1,2436,2785,2435,-1,2435,2785,2786,-1,2435,2786,2438,-1,2787,2437,2788,-1,2788,2437,2438,-1,2788,2438,2789,-1,2789,2438,2786,-1,2787,2790,2437,-1,2437,2790,2439,-1,2437,2439,2073,-1,2073,2439,2076,-1,2790,2791,2439,-1,2439,2791,2792,-1,2439,2792,2440,-1,2440,2792,2793,-1,2440,2793,2441,-1,2441,2793,2794,-1,2441,2794,2795,-1,2795,2796,2441,-1,2441,2796,2442,-1,2441,2442,2083,-1,2083,2442,2082,-1,2797,2444,2798,-1,2798,2444,2443,-1,2798,2443,2799,-1,2799,2443,2442,-1,2799,2442,2800,-1,2800,2442,2796,-1,2797,2801,2444,-1,2444,2801,2446,-1,2444,2446,2087,-1,2087,2446,2088,-1,2801,2802,2446,-1,2446,2802,2803,-1,2446,2803,2445,-1,2445,2803,2804,-1,2445,2804,2447,-1,2447,2804,2805,-1,2447,2805,2806,-1,2806,2807,2447,-1,2447,2807,2449,-1,2447,2449,2093,-1,2093,2449,2094,-1,2807,2808,2449,-1,2449,2808,2809,-1,2449,2809,2448,-1,2448,2809,2810,-1,2448,2810,2451,-1,2811,2450,2812,-1,2812,2450,2451,-1,2812,2451,2813,-1,2813,2451,2810,-1,2811,2814,2450,-1,2450,2814,2452,-1,2450,2452,2102,-1,2102,2452,2101,-1,2814,2815,2452,-1,2452,2815,2816,-1,2452,2816,2453,-1,2453,2816,2817,-1,2453,2817,2454,-1,2454,2817,2818,-1,2818,2819,2454,-1,2454,2819,2820,-1,2454,2820,2455,-1,2455,2820,2821,-1,2455,2821,2457,-1,2822,2456,2823,-1,2823,2456,2457,-1,2823,2457,2824,-1,2824,2457,2821,-1,2822,2825,2456,-1,2456,2825,2459,-1,2456,2459,2111,-1,2111,2459,2112,-1,2825,2826,2459,-1,2459,2826,2827,-1,2459,2827,2458,-1,2458,2827,2828,-1,2458,2828,2460,-1,2460,2828,2829,-1,2460,2829,2830,-1,2830,2831,2460,-1,2460,2831,2461,-1,2460,2461,2117,-1,2117,2461,2118,-1,2831,2832,2461,-1,2461,2832,2833,-1,2461,2833,2462,-1,2462,2833,2834,-1,2462,2834,2463,-1,2835,2464,2836,-1,2836,2464,2463,-1,2836,2463,2837,-1,2837,2463,2834,-1,2835,2838,2464,-1,2464,2838,2465,-1,2464,2465,2126,-1,2126,2465,2125,-1,2838,2839,2465,-1,2465,2839,2840,-1,2465,2840,2466,-1,2466,2840,2841,-1,2466,2841,2467,-1,2467,2841,2842,-1,2842,2843,2467,-1,2467,2843,2844,-1,2467,2844,2164,-1,2164,2844,2845,-1,2164,2845,2165,-1,2846,2468,2847,-1,2847,2468,2165,-1,2847,2165,2848,-1,2848,2165,2845,-1,2846,2849,2468,-1,2468,2849,2470,-1,2468,2470,2136,-1,2136,2470,2137,-1,2849,2850,2470,-1,2470,2850,2851,-1,2470,2851,2469,-1,2469,2851,2852,-1,2469,2852,2471,-1,2471,2852,2853,-1,2471,2853,2854,-1,2854,2855,2471,-1,2471,2855,2472,-1,2471,2472,2142,-1,2142,2472,2143,-1,2856,2474,2857,-1,2857,2474,2473,-1,2857,2473,2858,-1,2858,2473,2472,-1,2858,2472,2859,-1,2859,2472,2855,-1,2856,2860,2474,-1,2474,2860,2475,-1,2474,2475,2145,-1,2145,2475,2148,-1,2860,2861,2475,-1,2475,2861,2862,-1,2475,2862,2476,-1,2476,2862,2863,-1,2476,2863,2477,-1,2863,2864,2477,-1,2477,2864,2865,-1,2477,2865,2478,-1,2478,2865,2866,-1,2866,2867,2478,-1,2478,2867,2868,-1,2478,2868,2162,-1,2162,2868,2869,-1,2162,2869,2163,-1,2870,2479,2871,-1,2871,2479,2163,-1,2871,2163,2872,-1,2872,2163,2869,-1,2870,2873,2479,-1,2479,2873,2481,-1,2479,2481,1486,-1,1486,2481,1484,-1,2873,2874,2481,-1,2481,2874,2875,-1,2481,2875,2480,-1,2480,2875,2876,-1,2480,2876,2482,-1,2482,2876,2877,-1,2877,2878,2482,-1,2482,2878,2879,-1,2482,2879,2483,-1,2483,2879,2880,-1,2483,2880,2185,-1,2881,2186,2882,-1,2882,2186,2185,-1,2882,2185,2883,-1,2883,2185,2880,-1,2881,2884,2186,-1,2186,2884,2193,-1,2186,2193,2188,-1,2188,2193,2194,-1,2884,2885,2193,-1,2193,2885,2886,-1,2193,2886,2191,-1,2191,2886,2887,-1,2191,2887,2195,-1,2195,2887,2888,-1,2195,2888,2889,-1,2889,2890,2195,-1,2195,2890,2184,-1,2195,2184,2198,-1,2198,2184,2183,-1,2207,2206,2208,-1,2208,2206,2205,-1,2208,2205,2210,-1,2210,2205,2202,-1,2210,2202,2891,-1,2891,2202,2184,-1,2891,2184,2892,-1,2892,2184,2890,-1,180,178,2893,-1,170,172,2894,-1,167,165,2895,-1,160,162,2896,-1,153,155,2897,-1,156,151,2898,-1,150,148,2899,-1,143,145,2900,-1,136,138,2901,-1,139,134,2902,-1,126,128,2903,-1,119,121,2904,-1,122,117,2905,-1,109,111,2906,-1,102,104,2907,-1,105,100,2908,-1,92,94,2909,-1,85,87,2910,-1,88,83,2911,-1,75,77,2912,-1,224,223,2913,-1,2913,223,2914,-1,2913,2914,2915,-1,2915,2914,2916,-1,2915,2916,2917,-1,2917,2916,2918,-1,2917,2918,2919,-1,2919,2918,2920,-1,2919,2920,2921,-1,2921,2920,2912,-1,204,232,2922,-1,2922,232,2923,-1,2922,2923,2924,-1,2924,2923,2925,-1,2924,2925,2926,-1,2926,2925,2927,-1,2926,2927,2928,-1,2928,2927,2929,-1,2928,2929,2930,-1,2930,2929,2911,-1,242,241,2931,-1,2931,241,2932,-1,2931,2932,2933,-1,2933,2932,2934,-1,2933,2934,2935,-1,2935,2934,2936,-1,2935,2936,2937,-1,2937,2936,2938,-1,2937,2938,2939,-1,2939,2938,2909,-1,238,211,2940,-1,2940,211,2941,-1,2940,2941,2942,-1,2942,2941,2943,-1,2942,2943,2944,-1,2944,2943,2945,-1,2944,2945,2946,-1,2946,2945,2947,-1,2946,2947,2948,-1,2948,2947,2908,-1,236,234,2949,-1,2949,234,2950,-1,2949,2950,2951,-1,2951,2950,2952,-1,2951,2952,2953,-1,2953,2952,2954,-1,2953,2954,2955,-1,2955,2954,2956,-1,2955,2956,2957,-1,2957,2956,2906,-1,216,214,2958,-1,2958,214,2959,-1,2958,2959,2960,-1,2960,2959,2961,-1,2960,2961,2962,-1,2962,2961,2963,-1,2962,2963,2964,-1,2964,2963,2965,-1,2964,2965,2966,-1,2966,2965,2905,-1,246,244,2967,-1,2967,244,2968,-1,2967,2968,2969,-1,2969,2968,2970,-1,2969,2970,2971,-1,2971,2970,2972,-1,2971,2972,2973,-1,2973,2972,2974,-1,2973,2974,2975,-1,2975,2974,2903,-1,253,251,2976,-1,2976,251,2977,-1,2976,2977,2978,-1,2978,2977,2979,-1,2978,2979,2980,-1,2980,2979,2981,-1,2980,2981,2982,-1,2982,2981,2983,-1,2982,2983,2984,-1,2984,2983,2902,-1,256,255,2985,-1,2985,255,2986,-1,2985,2986,2987,-1,2987,2986,2988,-1,2987,2988,2989,-1,2989,2988,2990,-1,2989,2990,2991,-1,2991,2990,2992,-1,2991,2992,2993,-1,2993,2992,2900,-1,193,186,2994,-1,2994,186,2995,-1,2994,2995,2996,-1,2996,2995,2997,-1,2996,2997,2998,-1,2998,2997,2999,-1,2998,2999,3000,-1,3000,2999,3001,-1,3000,3001,3002,-1,3002,3001,2896,-1,201,199,3003,-1,3003,199,3004,-1,3003,3004,3005,-1,3005,3004,3006,-1,3005,3006,3007,-1,3007,3006,3008,-1,3007,3008,3009,-1,3009,3008,3010,-1,3009,3010,3011,-1,3011,3010,2894,-1,221,219,3012,-1,3012,219,3013,-1,3012,3013,3014,-1,3014,3013,3015,-1,3014,3015,3016,-1,3016,3015,3017,-1,3016,3017,3018,-1,3018,3017,3019,-1,3018,3019,3020,-1,3020,3019,2893,-1,226,224,3021,-1,3021,224,2913,-1,3021,2913,3022,-1,3022,2913,2915,-1,3022,2915,3023,-1,3023,2915,2917,-1,3023,2917,3024,-1,3024,2917,2919,-1,3024,2919,3025,-1,3025,2919,2921,-1,3025,2921,182,-1,182,2921,72,-1,2912,77,2921,-1,2921,77,78,-1,2921,78,72,-1,79,75,3026,-1,3026,75,2912,-1,3026,2912,3027,-1,3027,2912,2920,-1,3027,2920,3028,-1,3028,2920,2918,-1,3028,2918,3029,-1,3029,2918,2916,-1,3029,2916,3030,-1,3030,2916,2914,-1,3030,2914,206,-1,206,2914,223,-1,206,204,3030,-1,3030,204,2922,-1,3030,2922,3029,-1,3029,2922,2924,-1,3029,2924,3028,-1,3028,2924,2926,-1,3028,2926,3027,-1,3027,2926,2928,-1,3027,2928,3026,-1,3026,2928,2930,-1,3026,2930,79,-1,79,2930,80,-1,2911,83,2930,-1,2930,83,82,-1,2930,82,80,-1,87,88,2910,-1,2910,88,2911,-1,2910,2911,3031,-1,3031,2911,2929,-1,3031,2929,3032,-1,3032,2929,2927,-1,3032,2927,3033,-1,3033,2927,2925,-1,3033,2925,3034,-1,3034,2925,2923,-1,3034,2923,231,-1,231,2923,232,-1,89,85,3035,-1,3035,85,2910,-1,3035,2910,3036,-1,3036,2910,3031,-1,3036,3031,3037,-1,3037,3031,3032,-1,3037,3032,3038,-1,3038,3032,3033,-1,3038,3033,3039,-1,3039,3033,3034,-1,3039,3034,229,-1,229,3034,231,-1,229,242,3039,-1,3039,242,2931,-1,3039,2931,3038,-1,3038,2931,2933,-1,3038,2933,3037,-1,3037,2933,2935,-1,3037,2935,3036,-1,3036,2935,2937,-1,3036,2937,3035,-1,3035,2937,2939,-1,3035,2939,89,-1,89,2939,90,-1,2909,94,2939,-1,2939,94,95,-1,2939,95,90,-1,96,92,3040,-1,3040,92,2909,-1,3040,2909,3041,-1,3041,2909,2938,-1,3041,2938,3042,-1,3042,2938,2936,-1,3042,2936,3043,-1,3043,2936,2934,-1,3043,2934,3044,-1,3044,2934,2932,-1,3044,2932,239,-1,239,2932,241,-1,239,238,3044,-1,3044,238,2940,-1,3044,2940,3043,-1,3043,2940,2942,-1,3043,2942,3042,-1,3042,2942,2944,-1,3042,2944,3041,-1,3041,2944,2946,-1,3041,2946,3040,-1,3040,2946,2948,-1,3040,2948,96,-1,96,2948,97,-1,2908,100,2948,-1,2948,100,99,-1,2948,99,97,-1,104,105,2907,-1,2907,105,2908,-1,2907,2908,3045,-1,3045,2908,2947,-1,3045,2947,3046,-1,3046,2947,2945,-1,3046,2945,3047,-1,3047,2945,2943,-1,3047,2943,3048,-1,3048,2943,2941,-1,3048,2941,209,-1,209,2941,211,-1,106,102,3049,-1,3049,102,2907,-1,3049,2907,3050,-1,3050,2907,3045,-1,3050,3045,3051,-1,3051,3045,3046,-1,3051,3046,3052,-1,3052,3046,3047,-1,3052,3047,3053,-1,3053,3047,3048,-1,3053,3048,237,-1,237,3048,209,-1,237,236,3053,-1,3053,236,2949,-1,3053,2949,3052,-1,3052,2949,2951,-1,3052,2951,3051,-1,3051,2951,2953,-1,3051,2953,3050,-1,3050,2953,2955,-1,3050,2955,3049,-1,3049,2955,2957,-1,3049,2957,106,-1,106,2957,107,-1,2906,111,2957,-1,2957,111,112,-1,2957,112,107,-1,113,109,3054,-1,3054,109,2906,-1,3054,2906,3055,-1,3055,2906,2956,-1,3055,2956,3056,-1,3056,2956,2954,-1,3056,2954,3057,-1,3057,2954,2952,-1,3057,2952,3058,-1,3058,2952,2950,-1,3058,2950,233,-1,233,2950,234,-1,233,216,3058,-1,3058,216,2958,-1,3058,2958,3057,-1,3057,2958,2960,-1,3057,2960,3056,-1,3056,2960,2962,-1,3056,2962,3055,-1,3055,2962,2964,-1,3055,2964,3054,-1,3054,2964,2966,-1,3054,2966,113,-1,113,2966,114,-1,2905,117,2966,-1,2966,117,116,-1,2966,116,114,-1,121,122,2904,-1,2904,122,2905,-1,2904,2905,3059,-1,3059,2905,2965,-1,3059,2965,3060,-1,3060,2965,2963,-1,3060,2963,3061,-1,3061,2963,2961,-1,3061,2961,3062,-1,3062,2961,2959,-1,3062,2959,249,-1,249,2959,214,-1,123,119,3063,-1,3063,119,2904,-1,3063,2904,3064,-1,3064,2904,3059,-1,3064,3059,3065,-1,3065,3059,3060,-1,3065,3060,3066,-1,3066,3060,3061,-1,3066,3061,3067,-1,3067,3061,3062,-1,3067,3062,248,-1,248,3062,249,-1,248,246,3067,-1,3067,246,2967,-1,3067,2967,3066,-1,3066,2967,2969,-1,3066,2969,3065,-1,3065,2969,2971,-1,3065,2971,3064,-1,3064,2971,2973,-1,3064,2973,3063,-1,3063,2973,2975,-1,3063,2975,123,-1,123,2975,124,-1,2903,128,2975,-1,2975,128,129,-1,2975,129,124,-1,130,126,3068,-1,3068,126,2903,-1,3068,2903,3069,-1,3069,2903,2974,-1,3069,2974,3070,-1,3070,2974,2972,-1,3070,2972,3071,-1,3071,2972,2970,-1,3071,2970,3072,-1,3072,2970,2968,-1,3072,2968,254,-1,254,2968,244,-1,254,253,3072,-1,3072,253,2976,-1,3072,2976,3071,-1,3071,2976,2978,-1,3071,2978,3070,-1,3070,2978,2980,-1,3070,2980,3069,-1,3069,2980,2982,-1,3069,2982,3068,-1,3068,2982,2984,-1,3068,2984,130,-1,130,2984,131,-1,2902,134,2984,-1,2984,134,133,-1,2984,133,131,-1,251,259,2977,-1,2977,259,3073,-1,2977,3073,2979,-1,2979,3073,3074,-1,2979,3074,2981,-1,2981,3074,3075,-1,2981,3075,2983,-1,2983,3075,3076,-1,2983,3076,2902,-1,2902,3076,2901,-1,2902,2901,139,-1,139,2901,138,-1,140,136,3077,-1,3077,136,2901,-1,3077,2901,3078,-1,3078,2901,3076,-1,3078,3076,3079,-1,3079,3076,3075,-1,3079,3075,3080,-1,3080,3075,3074,-1,3080,3074,3081,-1,3081,3074,3073,-1,3081,3073,258,-1,258,3073,259,-1,258,256,3081,-1,3081,256,2985,-1,3081,2985,3080,-1,3080,2985,2987,-1,3080,2987,3079,-1,3079,2987,2989,-1,3079,2989,3078,-1,3078,2989,2991,-1,3078,2991,3077,-1,3077,2991,2993,-1,3077,2993,140,-1,140,2993,141,-1,2900,145,2993,-1,2993,145,146,-1,2993,146,141,-1,147,143,3082,-1,3082,143,2900,-1,3082,2900,3083,-1,3083,2900,2992,-1,3083,2992,3084,-1,3084,2992,2990,-1,3084,2990,3085,-1,3085,2990,2988,-1,3085,2988,3086,-1,3086,2988,2986,-1,3086,2986,191,-1,191,2986,255,-1,191,189,3086,-1,3086,189,3087,-1,3086,3087,3085,-1,3085,3087,3088,-1,3085,3088,3084,-1,3084,3088,3089,-1,3084,3089,3083,-1,3083,3089,3090,-1,3083,3090,3082,-1,3082,3090,2899,-1,3082,2899,147,-1,147,2899,148,-1,151,150,2898,-1,2898,150,2899,-1,2898,2899,3091,-1,3091,2899,3090,-1,3091,3090,3092,-1,3092,3090,3089,-1,3092,3089,3093,-1,3093,3089,3088,-1,3093,3088,3094,-1,3094,3088,3087,-1,3094,3087,197,-1,197,3087,189,-1,197,196,3094,-1,3094,196,3095,-1,3094,3095,3093,-1,3093,3095,3096,-1,3093,3096,3092,-1,3092,3096,3097,-1,3092,3097,3091,-1,3091,3097,3098,-1,3091,3098,2898,-1,2898,3098,2897,-1,2898,2897,156,-1,156,2897,155,-1,157,153,3099,-1,3099,153,2897,-1,3099,2897,3100,-1,3100,2897,3098,-1,3100,3098,3101,-1,3101,3098,3097,-1,3101,3097,3102,-1,3102,3097,3096,-1,3102,3096,3103,-1,3103,3096,3095,-1,3103,3095,194,-1,194,3095,196,-1,194,193,3103,-1,3103,193,2994,-1,3103,2994,3102,-1,3102,2994,2996,-1,3102,2996,3101,-1,3101,2996,2998,-1,3101,2998,3100,-1,3100,2998,3000,-1,3100,3000,3099,-1,3099,3000,3002,-1,3099,3002,157,-1,157,3002,158,-1,2896,162,3002,-1,3002,162,163,-1,3002,163,158,-1,164,160,3104,-1,3104,160,2896,-1,3104,2896,3105,-1,3105,2896,3001,-1,3105,3001,3106,-1,3106,3001,2999,-1,3106,2999,3107,-1,3107,2999,2997,-1,3107,2997,3108,-1,3108,2997,2995,-1,3108,2995,184,-1,184,2995,186,-1,184,202,3108,-1,3108,202,3109,-1,3108,3109,3107,-1,3107,3109,3110,-1,3107,3110,3106,-1,3106,3110,3111,-1,3106,3111,3105,-1,3105,3111,3112,-1,3105,3112,3104,-1,3104,3112,2895,-1,3104,2895,164,-1,164,2895,165,-1,168,167,3011,-1,3011,167,2895,-1,3011,2895,3009,-1,3009,2895,3112,-1,3009,3112,3007,-1,3007,3112,3111,-1,3007,3111,3005,-1,3005,3111,3110,-1,3005,3110,3003,-1,3003,3110,3109,-1,3003,3109,201,-1,201,3109,202,-1,2894,172,3011,-1,3011,172,173,-1,3011,173,168,-1,174,170,3113,-1,3113,170,2894,-1,3113,2894,3114,-1,3114,2894,3010,-1,3114,3010,3115,-1,3115,3010,3008,-1,3115,3008,3116,-1,3116,3008,3006,-1,3116,3006,3117,-1,3117,3006,3004,-1,3117,3004,222,-1,222,3004,199,-1,222,221,3117,-1,3117,221,3012,-1,3117,3012,3116,-1,3116,3012,3014,-1,3116,3014,3115,-1,3115,3014,3016,-1,3115,3016,3114,-1,3114,3016,3018,-1,3114,3018,3113,-1,3113,3018,3020,-1,3113,3020,174,-1,174,3020,175,-1,2893,178,3020,-1,3020,178,177,-1,3020,177,175,-1,181,180,3118,-1,3118,180,2893,-1,3118,2893,3119,-1,3119,2893,3019,-1,3119,3019,3120,-1,3120,3019,3017,-1,3120,3017,3121,-1,3121,3017,3015,-1,3121,3015,3122,-1,3122,3015,3013,-1,3122,3013,227,-1,227,3013,219,-1,227,226,3122,-1,3122,226,3021,-1,3122,3021,3121,-1,3121,3021,3022,-1,3121,3022,3120,-1,3120,3022,3023,-1,3120,3023,3119,-1,3119,3023,3024,-1,3119,3024,3118,-1,3118,3024,3025,-1,3118,3025,181,-1,181,3025,182,-1,3123,225,3124,-1,3124,225,218,-1,3124,218,3125,-1,3125,218,220,-1,3125,220,3126,-1,3126,220,198,-1,3126,198,3127,-1,3127,198,200,-1,3127,200,3128,-1,3128,200,183,-1,3128,183,3129,-1,3129,183,185,-1,3129,185,3130,-1,3130,185,187,-1,3130,187,3131,-1,3131,187,195,-1,3131,195,3132,-1,3132,195,188,-1,3132,188,3133,-1,3133,188,190,-1,3133,190,3134,-1,3134,190,192,-1,3134,192,3135,-1,3135,192,257,-1,3135,257,3136,-1,3136,257,250,-1,3136,250,3137,-1,3137,250,252,-1,3137,252,3138,-1,3138,252,243,-1,3138,243,3139,-1,3139,243,245,-1,3139,245,3140,-1,3140,245,247,-1,3140,247,3141,-1,3141,247,213,-1,3141,213,3142,-1,3142,213,215,-1,3142,215,3143,-1,3143,215,217,-1,3143,217,3144,-1,3144,217,235,-1,3144,235,3145,-1,3145,235,208,-1,3145,208,3146,-1,3146,208,210,-1,3146,210,3147,-1,3147,210,212,-1,3147,212,3148,-1,3148,212,240,-1,3148,240,3149,-1,3149,240,228,-1,3149,228,3150,-1,3150,228,230,-1,3150,230,3151,-1,3151,230,203,-1,3151,203,3152,-1,3152,203,205,-1,3152,205,3153,-1,3153,205,207,-1,3153,207,3123,-1,3123,207,225,-1,
        ]
    }
}
Shape{
    appearance Appearance {
        material  Material 	{
            diffuseColor 1.0 1.0 1.0
            specularColor 0.5019607843137255 0.5019607843137255 0.5019607843137255
            ambientIntensity 1.0
            transparency 0.0
            shininess 0.5
        }
    }
    geometry IndexedFaceSet {
        ccw TRUE
        solid FALSE
        coord DEF co Coordinate {
            point [
                3.711 0.2282 2.7383, 3.711 0.8261 3.0317, 3.711 0.2046 2.7953, 3.711 0.7378 3.1907, 3.711 0.167 2.8442, 3.711 0.6194 3.3287, 3.711 0.1181 2.8817, 3.711 0.4755 3.4401, 3.711 0.0611 2.9053, 3.711 0.2046 2.5591, 3.711 0.8261 2.3227, 3.711 0.2282 2.616, 3.711 0.8806 2.4962, 3.711 0.2362 2.6772, 3.711 0.899 2.6772, 3.711 0.8806 2.8581, 3.711 0.0 2.4409, 3.711 0.1361 1.7886, 3.711 0.0611 2.449, 3.711 0.3122 1.8342, 3.711 0.1181 2.4726, 3.711 0.4755 1.9143, 3.711 0.167 2.5101, 3.711 0.6194 2.0256, 3.711 0.7378 2.1636, 3.711 -0.167 2.5101, 3.711 -0.5503 1.9663, 3.711 -0.1181 2.4726, 3.711 -0.3959 1.8701, 3.711 -0.0611 2.449, 3.711 -0.2253 1.8069, 3.711 -0.0455 1.7794, 3.711 -0.1181 2.8817, 3.711 -0.5503 3.3881, 3.711 -0.167 2.8442, 3.711 -0.6821 3.2627, 3.711 -0.2046 2.7953, 3.711 -0.786 3.1134, 3.711 -0.2282 2.7383, 3.711 0.3122 3.5202, 3.711 0.1361 3.5658, 3.711 0.0 2.9134, 3.711 -0.0455 3.575, 3.711 -0.0611 2.9053, 3.711 -0.2253 3.5474, 3.711 -0.3959 3.4843, 3.711 -0.8577 2.9463, 3.711 -0.8944 2.7681, 3.711 -0.2362 2.6772, 3.711 -0.8944 2.5862, 3.711 -0.2282 2.616, 3.711 -0.8577 2.408, 3.711 -0.2046 2.5591, 3.711 -0.786 2.2409, 3.711 -0.6821 2.0916
            ]
        }
        coordIndex [
            0,1,2,-1,2,1,3,-1,2,3,4,-1,4,3,5,-1,4,5,6,-1,6,5,7,-1,6,7,8,-1,9,10,11,-1,11,10,12,-1,11,12,13,-1,13,12,14,-1,13,14,0,-1,0,14,15,-1,0,15,1,-1,16,17,18,-1,18,17,19,-1,18,19,20,-1,20,19,21,-1,20,21,22,-1,22,21,23,-1,22,23,9,-1,9,23,24,-1,9,24,10,-1,25,26,27,-1,27,26,28,-1,27,28,29,-1,29,28,30,-1,29,30,16,-1,16,30,31,-1,16,31,17,-1,32,33,34,-1,34,33,35,-1,34,35,36,-1,36,35,37,-1,36,37,38,-1,7,39,8,-1,8,39,40,-1,8,40,41,-1,41,40,42,-1,41,42,43,-1,43,42,44,-1,43,44,32,-1,32,44,45,-1,32,45,33,-1,37,46,38,-1,38,46,47,-1,38,47,48,-1,48,47,49,-1,48,49,50,-1,50,49,51,-1,50,51,52,-1,52,51,53,-1,52,53,25,-1,25,53,54,-1,25,54,26,-1,
        ]
    }
}
Shape{
    appearance Appearance {
        material  Material 	{
            diffuseColor 0.6470588235294118 0.5176470588235295 0.0
            specularColor 0.45098039215686275 0.3607843137254902 0.0
            ambientIntensity 0.4973
            transparency 0.0
            shininess 0.5
        }
    }
    geometry IndexedFaceSet {
        ccw TRUE
        solid FALSE
        coord DEF co Coordinate {
            point [
                2.9236 0.2362 2.6772, 3.711 0.2362 2.6772, 2.9236 0.2282 2.7383, 3.711 0.2282 2.7383, 2.9236 0.2046 2.7953, 3.711 0.2046 2.7953, 2.9236 0.167 2.8442, 3.711 0.167 2.8442, 2.9236 0.1181 2.8817, 3.711 0.1181 2.8817, 2.9236 0.0611 2.9053, 3.711 0.0611 2.9053, 2.9236 0.0 2.9134, 3.711 0.0 2.9134, 2.9236 -0.0611 2.9053, 3.711 -0.0611 2.9053, 2.9236 -0.1181 2.8817, 3.711 -0.1181 2.8817, 2.9236 -0.167 2.8442, 3.711 -0.167 2.8442, 2.9236 -0.2046 2.7953, 3.711 -0.2046 2.7953, 2.9236 -0.2282 2.7383, 3.711 -0.2282 2.7383, 2.9236 -0.2362 2.6772, 3.711 -0.2362 2.6772, 2.9236 -0.2282 2.616, 3.711 -0.2282 2.616, 2.9236 -0.2046 2.5591, 3.711 -0.2046 2.5591, 2.9236 -0.167 2.5101, 3.711 -0.167 2.5101, 2.9236 -0.1181 2.4726, 3.711 -0.1181 2.4726, 2.9236 -0.0611 2.449, 3.711 -0.0611 2.449, 2.9236 0.0 2.4409, 3.711 0.0 2.4409, 2.9236 0.0611 2.449, 3.711 0.0611 2.449, 2.9236 0.1181 2.4726, 3.711 0.1181 2.4726, 2.9236 0.167 2.5101, 3.711 0.167 2.5101, 2.9236 0.2046 2.5591, 3.711 0.2046 2.5591, 2.9236 0.2282 2.616, 3.711 0.2282 2.616, 2.9236 0.0 2.6772, -0.9592 -1.0435 4.2034, -0.9557 -1.1141 4.1456, -0.8983 -1.1301 4.1616, -0.8398 -0.9767 4.2765, -0.8398 -0.9361 4.2831, -0.9169 -0.9271 4.2749, -0.9662 -0.85 4.2766, -1.0045 -0.85 4.2646, -0.9953 -0.8848 4.2611, -1.019 -0.9141 4.2396, -1.0526 -0.9115 4.2199, -1.0333 -0.9695 4.2034, -1.1199 -0.9085 4.1616, -1.0933 -0.85 4.216, -1.1362 -0.85 4.178, -0.912 -0.9623 4.2662, -0.8398 -0.9928 4.2739, -0.9075 -0.996 4.2547, -0.9218 -0.8898 4.2814, -0.9521 -0.9222 4.2662, -0.977 -0.9492 4.2465, -0.9262 -0.85 4.2841, -0.9486 -0.85 4.2822, -0.9595 -0.8873 4.2729, -0.9857 -0.9178 4.2547, -0.9695 -0.9797 4.2361, -0.9039 -1.0292 4.2396, -0.9013 -1.0629 4.2199, -0.8398 -1.1465 4.178, -1.1039 -0.9659 4.1456, -1.082 -1.0184 4.1237, -1.0188 -1.0291 4.1744, -1.0602 -1.0705 4.102, -1.0081 -1.0922 4.1237, -0.8398 -0.85 4.2913, -0.8398 -0.8914 4.2903, -0.8398 -0.8941 4.2898, -1.0238 -0.85 4.2585, -1.0403 -0.85 4.2484, -1.0742 -0.85 4.2276, -0.8398 -1.0838 4.2272, -0.8398 -1.0634 4.2432, -0.8398 -1.0509 4.2486, -0.8398 -1.0145 4.2645, -1.2485 -0.8914 3.8815, -1.2413 -0.9361 3.8815, -1.2396 -0.932 3.9213, -1.1617 -0.9695 4.075, -1.1362 -1.1465 3.8815, -1.1199 -1.1301 3.94, -1.1782 -1.0629 3.943, -1.1617 -1.0435 4.001, -1.1979 -1.0292 3.9456, -1.2048 -0.9872 3.9807, -1.2244 -0.9222 3.9938, -1.2332 -0.9271 3.9586, -1.2244 -0.9623 3.9537, -1.213 -0.996 3.9493, -1.2312 -0.9697 3.9188, -1.2348 -0.9767 3.8815, -1.213 -0.9178 4.0275, -1.1944 -0.9797 4.0112, -1.1979 -0.9141 4.0607, -1.1782 -0.9115 4.0944, -1.1039 -1.1141 3.9974, -1.082 -1.0922 4.0499, -1.1326 -1.0291 4.0606, -1.2322 -0.85 4.0243, -1.2348 -0.85 4.0082, -1.2413 -0.85 3.9676, -1.2481 -0.85 3.9256, -1.2485 -0.85 3.9229, -1.2496 -0.85 3.8815, -1.2322 -0.9928 3.8815, -1.2227 -1.0145 3.8815, -1.2194 -1.0055 3.9163, -1.2069 -1.0509 3.8815, -1.2015 -1.0634 3.8815, -1.1854 -1.0838 3.8815, -1.1854 -0.85 4.1153, -1.2015 -0.85 4.0949, -1.2069 -0.85 4.0824, -1.2227 -0.85 4.046, 1.1821 -1.0435 4.001, 1.1244 -1.1141 3.9974, 1.1404 -1.1301 3.94, 1.2553 -0.9767 3.8815, 1.2618 -0.9361 3.8815, 1.2537 -0.9271 3.9586, 1.2554 -0.85 4.008, 1.2433 -0.85 4.0463, 1.2399 -0.8848 4.037, 1.2184 -0.9141 4.0607, 1.1986 -0.9115 4.0944, 1.1821 -0.9695 4.075, 1.1404 -0.9085 4.1616, 1.1947 -0.85 4.135, 1.1567 -0.85 4.178, 1.2449 -0.9623 3.9537, 1.2527 -0.9928 3.8815, 1.2334 -0.996 3.9493, 1.2601 -0.8898 3.9635, 1.2449 -0.9222 3.9938, 1.2253 -0.9492 4.0187, 1.2628 -0.85 3.9679, 1.2609 -0.85 3.9903, 1.2517 -0.8873 4.0012, 1.2334 -0.9178 4.0275, 1.2148 -0.9797 4.0112, 1.2184 -1.0292 3.9456, 1.1986 -1.0629 3.943, 1.1567 -1.1465 3.8815, 1.1244 -0.9659 4.1456, 1.1025 -1.0184 4.1237, 1.1531 -1.0291 4.0606, 1.0807 -1.0705 4.102, 1.1025 -1.0922 4.0499, 1.2701 -0.85 3.8815, 1.269 -0.8914 3.8815, 1.2686 -0.8941 3.8815, 1.2372 -0.85 4.0655, 1.2271 -0.85 4.0821, 1.2064 -0.85 4.1159, 1.2059 -1.0838 3.8815, 1.2219 -1.0634 3.8815, 1.2274 -1.0509 3.8815, 1.2432 -1.0145 3.8815, 0.8602 -0.8914 4.2903, 0.8602 -0.9361 4.2831, 0.9001 -0.932 4.2814, 1.0538 -0.9695 4.2034, 0.8602 -1.1465 4.178, 0.9187 -1.1301 4.1616, 0.9217 -1.0629 4.2199, 0.9797 -1.0435 4.2034, 0.9244 -1.0292 4.2396, 0.9595 -0.9872 4.2465, 0.9726 -0.9222 4.2662, 0.9374 -0.9271 4.2749, 0.9325 -0.9623 4.2662, 0.928 -0.996 4.2547, 0.8975 -0.9697 4.2729, 0.8602 -0.9767 4.2765, 1.0062 -0.9178 4.2547, 0.9899 -0.9797 4.2361, 1.0394 -0.9141 4.2396, 1.0731 -0.9115 4.2199, 0.9762 -1.1141 4.1456, 1.0286 -1.0922 4.1237, 1.0393 -1.0291 4.1744, 1.003 -0.85 4.2739, 0.9869 -0.85 4.2765, 0.9463 -0.85 4.2831, 0.9044 -0.85 4.2898, 0.9017 -0.85 4.2903, 0.8602 -0.85 4.2913, 0.8602 -0.9928 4.2739, 0.8602 -1.0145 4.2645, 0.895 -1.0055 4.2611, 0.8602 -1.0509 4.2486, 0.8602 -1.0634 4.2432, 0.8602 -1.0838 4.2272, 1.094 -0.85 4.2272, 1.0736 -0.85 4.2432, 1.0612 -0.85 4.2486, 1.0248 -0.85 4.2645, -0.9592 1.1719 4.075, -0.9557 1.1141 4.1456, -0.8983 1.1301 4.1616, -0.8398 1.245 4.0082, -0.8398 1.2516 3.9676, -0.9169 1.2434 3.9586, -0.9662 1.2451 3.8815, -1.0045 1.2331 3.8815, -0.9953 1.2296 3.9163, -1.019 1.2081 3.9456, -1.0526 1.1884 3.943, -1.0333 1.1719 4.001, -1.1199 1.1301 3.94, -1.0933 1.1845 3.8815, -1.1362 1.1465 3.8815, -0.912 1.2347 3.9938, -0.8398 1.2424 4.0243, -0.9075 1.2232 4.0275, -0.9218 1.2499 3.9213, -0.9521 1.2347 3.9537, -0.977 1.215 3.9807, -0.9262 1.2526 3.8815, -0.9486 1.2507 3.8815, -0.9595 1.2414 3.9188, -0.9857 1.2232 3.9493, -0.9695 1.2046 4.0112, -0.9039 1.2081 4.0607, -0.9013 1.1884 4.0944, -0.8398 1.1465 4.178, -1.1039 1.1141 3.9974, -1.082 1.0922 4.0499, -1.0188 1.1429 4.0606, -1.0602 1.0705 4.102, -1.0081 1.0922 4.1237, -0.8398 1.2598 3.8815, -0.8398 1.2588 3.9229, -0.8398 1.2583 3.9256, -1.0238 1.227 3.8815, -1.0403 1.2169 3.8815, -1.0742 1.1962 3.8815, -0.8398 1.1957 4.1153, -0.8398 1.2117 4.0949, -0.8398 1.2171 4.0824, -0.8398 1.233 4.046, -1.2485 0.85 3.9229, -1.2413 0.85 3.9676, -1.2396 0.8898 3.9635, -1.1617 1.0435 4.001, -1.1362 0.85 4.178, -1.1199 0.9085 4.1616, -1.1782 0.9115 4.0944, -1.1617 0.9695 4.075, -1.1979 0.9141 4.0607, -1.2048 0.9492 4.0187, -1.2244 0.9623 3.9537, -1.2332 0.9271 3.9586, -1.2244 0.9222 3.9938, -1.213 0.9178 4.0275, -1.2312 0.8873 4.0012, -1.2348 0.85 4.0082, -1.213 0.996 3.9493, -1.1944 0.9797 4.0112, -1.1979 1.0292 3.9456, -1.1782 1.0629 3.943, -1.1039 0.9659 4.1456, -1.082 1.0184 4.1237, -1.1326 1.0291 4.0606, -1.2322 0.9928 3.8815, -1.2348 0.9767 3.8815, -1.2413 0.9361 3.8815, -1.2481 0.8941 3.8815, -1.2485 0.8914 3.8815, -1.2496 0.85 3.8815, -1.2322 0.85 4.0243, -1.2227 0.85 4.046, -1.2194 0.8848 4.037, -1.2069 0.85 4.0824, -1.2015 0.85 4.0949, -1.1854 0.85 4.1153, -1.1854 1.0838 3.8815, -1.2015 1.0634 3.8815, -1.2069 1.0509 3.8815, -1.2227 1.0145 3.8815, 0.8602 1.2588 3.9229, 0.8602 1.2516 3.9676, 0.9001 1.2499 3.9635, 1.0538 1.1719 4.001, 1.1244 1.1141 3.9974, 1.1404 1.1301 3.94, 0.8602 1.1465 4.178, 0.9187 1.1301 4.1616, 0.9217 1.1884 4.0944, 0.9797 1.1719 4.075, 0.9244 1.2081 4.0607, 0.9595 1.215 4.0187, 0.9726 1.2347 3.9537, 0.9374 1.2434 3.9586, 0.9325 1.2347 3.9938, 0.928 1.2232 4.0275, 0.8975 1.2414 4.0012, 0.8602 1.245 4.0082, 1.0062 1.2232 3.9493, 0.9899 1.2046 4.0112, 1.0394 1.2081 3.9456, 1.0731 1.1884 3.943, 1.1567 1.1465 3.8815, 0.9762 1.1141 4.1456, 1.0286 1.0922 4.1237, 1.0393 1.1429 4.0606, 1.0807 1.0705 4.102, 1.1025 1.0922 4.0499, 1.003 1.2424 3.8815, 0.9869 1.245 3.8815, 0.9463 1.2516 3.8815, 0.9044 1.2583 3.8815, 0.9017 1.2588 3.8815, 0.8602 1.2598 3.8815, 0.8602 1.2424 4.0243, 0.8602 1.233 4.046, 0.895 1.2296 4.037, 0.8602 1.2171 4.0824, 0.8602 1.2117 4.0949, 0.8602 1.1957 4.1153, 1.094 1.1957 3.8815, 1.0736 1.2117 3.8815, 1.0612 1.2171 3.8815, 1.0248 1.233 3.8815, 0.9017 0.85 4.2903, 0.9463 0.85 4.2831, 0.9423 0.8898 4.2814, 0.8602 1.1035 4.216, 0.8602 1.0844 4.2276, 0.9217 1.0629 4.2199, 0.9244 1.0292 4.2396, 0.9797 1.0435 4.2034, 1.1567 0.85 4.178, 1.1404 0.9085 4.1616, 1.0731 0.9115 4.2199, 1.0538 0.9695 4.2034, 1.0394 0.9141 4.2396, 0.9974 0.9492 4.2465, 0.9726 0.9222 4.2662, 1.0062 0.9178 4.2547, 0.9799 0.8873 4.2729, 0.9374 0.9271 4.2749, 0.9869 0.85 4.2765, 0.9899 0.9797 4.2361, 0.928 0.996 4.2547, 0.9325 0.9623 4.2662, 1.1244 0.9659 4.1456, 1.1025 1.0184 4.1237, 1.0393 1.0291 4.1744, 0.8602 0.85 4.2913, 0.8602 0.894 4.2877, 0.8602 0.9364 4.2841, 0.8602 0.9588 4.2822, 1.003 0.85 4.2739, 1.0248 0.85 4.2645, 1.0158 0.8848 4.2611, 1.0612 0.85 4.2486, 1.0736 0.85 4.2432, 1.094 0.85 4.2272, 0.8602 1.0506 4.2484, 0.8602 1.034 4.2585, 0.8602 1.0148 4.2646, 0.8602 0.9765 4.2766, 1.2701 1.1811 -0.0394, 1.269 1.1943 -0.0394, 1.2701 1.1811 3.0315, 1.2684 1.1942 3.0315, 1.1913 1.2598 -0.0394, 1.1913 1.2598 3.0315, 1.2039 1.2588 3.0315, 1.2635 1.211 3.0315, 1.2677 1.1999 3.0315, 1.2682 1.1964 3.0315, 1.2629 1.2127 3.0315, 1.2634 1.2129 -0.0394, 1.2609 1.2179 3.0315, 1.2469 1.2366 3.0315, 1.2534 1.2295 -0.0394, 1.2397 1.2431 3.0315, 1.2397 1.2432 -0.0394, 1.2391 1.2437 3.0315, 1.2494 1.2342 3.0315, 1.253 1.2292 3.0315, 1.2563 1.2245 3.0315, 1.2045 1.2587 -0.0394, 1.2045 1.2586 3.0315, 1.2231 1.2532 -0.0394, 1.2066 1.258 3.0315, 1.2214 1.2536 3.0315, 1.2228 1.2532 3.0315, 1.223 1.2531 3.0315, 1.2348 1.2462 3.0315, 1.1305 1.2459 3.6121, 1.0986 1.2423 3.7093, 1.1461 1.2164 3.7098, 1.2393 1.229 3.2812, 1.2141 1.2543 3.1588, 1.2008 1.2536 3.2809, 1.2203 1.244 3.2811, 1.1912 1.2598 3.0541, 1.1857 1.2598 3.1588, 1.1988 1.2586 3.1588, 1.1686 1.2598 3.2808, 1.15 1.2598 3.3673, 1.1598 1.2581 3.3974, 1.1857 1.2598 3.1598, 1.1719 1.2598 3.2655, 1.183 1.2585 3.2809, 1.1821 1.2518 3.3975, 1.1892 1.2329 3.5085, 1.2188 1.2086 3.5087, 1.2543 1.2101 3.2811, 1.2431 1.1789 3.5085, 1.2701 1.0761 3.5504, 1.2701 1.0929 3.5075, 1.2677 1.1192 3.5079, 1.2701 1.113 3.4562, 1.2683 1.1495 3.3974, 1.2688 1.1886 3.1588, 1.2646 1.2039 3.1588, 1.2701 1.1304 3.3971, 1.2701 1.1424 3.3566, 1.2687 1.1728 3.2809, 1.2271 1.0506 3.8815, 1.2372 1.034 3.8815, 1.2488 1.0532 3.7993, 1.2433 1.0148 3.8815, 1.2554 0.9765 3.8815, 1.2654 0.9905 3.7992, 1.2701 0.8616 3.8698, 1.2701 0.923 3.8008, 1.2701 0.85 3.8815, 1.2628 0.9364 3.8815, 1.2609 0.9588 3.8815, 1.2064 1.0844 3.8815, 1.2266 1.1359 3.7098, 1.2525 1.0884 3.7093, 1.2701 1.0458 3.6116, 1.267 1.0823 3.612, 1.2701 1.0322 3.6391, 1.2662 1.0393 3.7092, 1.2562 1.1202 3.6121, 1.2594 1.1482 3.508, 1.262 1.1718 3.3975, 1.2638 1.1906 3.2809, 1.2701 0.9242 3.7992, 1.2701 0.981 3.7229, 1.2701 0.9894 3.709, 0.9261 1.2598 3.8095, 1.0008 1.2551 3.7992, 0.9341 1.2598 3.799, 1.0635 1.2385 3.7993, 1.0495 1.2559 3.7092, 1.0925 1.2567 3.612, 1.0559 1.2598 3.6116, 1.0365 1.2598 3.6497, 0.9994 1.2598 3.7089, 0.9848 1.2598 3.7322, 1.1408 1.2598 3.3972, 1.1195 1.2598 3.4669, 1.1294 1.2575 3.5079, 1.1031 1.2598 3.5075, 1.0813 1.2598 3.5617, 1.1585 1.2492 3.508, 1.1899 1.1796 3.7102, 1.1947 1.1035 3.8815, 1.2701 1.158 3.2807, 1.2701 1.1637 3.2528, 1.2701 1.175 3.1587, 1.2701 1.1767 3.1441, 1.1947 0.85 4.135, 1.2064 0.85 4.1159, 1.1986 0.9115 4.0944, 1.2184 0.9141 4.0607, 1.1821 0.9695 4.075, 1.2399 1.0055 3.9163, 1.2184 1.0292 3.9456, 1.1986 1.0629 3.943, 1.1821 1.0435 4.001, 1.2601 0.932 3.9213, 1.2449 0.9623 3.9537, 1.2537 0.9271 3.9586, 1.2253 0.9872 3.9807, 1.2517 0.9697 3.9188, 1.2334 0.996 3.9493, 1.2148 0.9797 4.0112, 1.2334 0.9178 4.0275, 1.2449 0.9222 3.9938, 1.1531 1.0291 4.0606, 1.2664 0.85 3.9255, 1.2628 0.85 3.9679, 1.2609 0.85 3.9903, 1.2271 0.85 4.0821, 1.2372 0.85 4.0655, 1.2433 0.85 4.0463, 1.2554 0.85 4.008, 0.0328 1.1809 4.2913, 0.1375 1.1755 4.2913, 0.1375 1.1886 4.2901, 0.2595 1.1583 4.2913, 0.346 1.1397 4.2913, 0.3761 1.1495 4.2896, 0.1385 1.1754 4.2913, 0.2442 1.1616 4.2913, 0.2596 1.1728 4.29, 0.2597 1.1906 4.2851, 0.1375 1.2039 4.2858, 0.2598 1.2101 4.2755, 0.0102 1.2179 4.2821, 0.3762 1.1718 4.2833, 0.4872 1.1789 4.2644, 0.2599 1.229 4.2605, 0.0102 1.1811 4.2913, 0.0102 1.1964 4.2894, 0.0102 1.1999 4.289, 0.0102 1.211 4.2848, 0.4875 1.2086 4.2401, 0.4872 1.2329 4.2104, 0.2598 1.244 4.2416, 0.5291 1.2598 4.1076, 0.4863 1.2598 4.1244, 0.4866 1.2575 4.1507, 0.4349 1.2598 4.1445, 0.3761 1.2581 4.181, 0.0102 1.2462 4.2561, 0.0102 1.2437 4.2603, 0.0102 1.2532 4.2441, 0.1375 1.2543 4.2354, 0.0102 1.2536 4.2427, 0.3759 1.2598 4.1619, 0.3354 1.2598 4.1739, 0.2596 1.2585 4.2043, 0.7779 1.2551 4.022, 0.7796 1.2598 3.9545, 0.8485 1.2598 3.8931, 0.6881 1.2423 4.1199, 0.778 1.2385 4.0847, 0.5904 1.2598 4.0773, 0.5907 1.2567 4.1138, 0.6178 1.2598 4.0637, 0.688 1.2559 4.0708, 0.5909 1.2459 4.1517, 0.4868 1.2492 4.1797, 0.3762 1.2518 4.2033, 0.2597 1.2536 4.2221, 0.778 1.2598 3.9557, 0.7016 1.2598 4.0125, 0.6878 1.2598 4.0209, 0.7882 0.9158 4.2913, 0.7777 0.9238 4.2913, 0.7779 0.9905 4.2866, 0.778 1.0532 4.27, 0.688 1.0393 4.2874, 0.5907 1.0823 4.2882, 0.5903 1.0456 4.2913, 0.6284 1.0263 4.2913, 0.6876 0.9892 4.2913, 0.7109 0.9746 4.2913, 0.3759 1.1306 4.2913, 0.4456 1.1092 4.2913, 0.4866 1.1192 4.289, 0.4863 1.0928 4.2913, 0.5404 1.071 4.2913, 0.4868 1.1482 4.2807, 0.5909 1.1202 4.2774, 0.6886 1.1359 4.2479, 0.6881 1.0884 4.2738, 0.6889 1.1796 4.2111, 0.6886 1.2164 4.1674, 0.2595 1.2598 4.1895, 0.2315 1.2598 4.1952, 0.1375 1.2586 4.2201, 0.1375 1.2598 4.2065, 0.1228 1.2598 4.2082, 0.0102 1.2598 4.2126, 0.0102 1.2588 4.2251, 0.0102 1.258 4.2279, 0.0102 1.2366 4.2681, 0.0102 1.2342 4.2707, 0.0102 1.2245 4.2775, 1.1232 0.4247 4.2913, 1.1407 0.3656 4.2913, 1.1598 0.3659 4.2896, 1.1526 0.3251 4.2913, 1.1682 0.2492 4.2913, 1.183 0.2494 4.29, 1.2683 0.3659 4.181, 1.2677 0.4764 4.1507, 1.2594 0.4765 4.1797, 1.2701 0.0226 4.2124, 1.2701 0.1273 4.207, 1.2688 0.1273 4.2201, 0.9912 0.6914 4.2913, 0.9997 0.6775 4.2913, 1.0495 0.6777 4.2874, 1.0925 0.5805 4.2882, 1.1294 0.4764 4.289, 1.1585 0.4765 4.2807, 1.1031 0.476 4.2913, 1.0863 0.5189 4.2913, 1.056 0.5802 4.2913, 1.0425 0.6076 4.2913, 0.9344 0.7677 4.2913, 1.1305 0.5806 4.2774, 1.1892 0.477 4.2644, 1.0986 0.6778 4.2738, 1.0635 0.7678 4.27, 1.0008 0.7677 4.2866, 0.8718 0.8383 4.2913, 0.9332 0.7693 4.2913, 1.2562 0.5806 4.1517, 1.267 0.5805 4.1138, 1.2662 0.6777 4.0708, 1.2654 0.7677 4.022, 1.2701 0.6774 4.0207, 1.2525 0.6778 4.1199, 1.2488 0.7678 4.0847, 1.2266 0.6783 4.1674, 1.2701 0.476 4.1243, 1.2701 0.5302 4.1025, 1.2701 0.5801 4.0771, 1.2701 0.6182 4.0578, 1.2563 -0.0 4.256, 1.2543 0.2496 4.2416, 1.2494 -0.0 4.2657, 1.2393 0.2497 4.2605, 1.2701 0.0 4.2126, 1.2682 -0.0 4.2279, 1.2677 -0.0 4.2314, 1.2646 0.1273 4.2354, 1.2635 -0.0 4.2425, 1.2609 -0.0 4.2494, 1.2638 0.2494 4.2221, 1.2687 0.2494 4.2043, 1.262 0.366 4.2033, 1.2431 0.477 4.2104, 1.2188 0.4772 4.2401, 1.1899 0.6787 4.2111, 1.1461 0.6783 4.2479, 1.2701 0.1283 4.2069, 1.2701 0.234 4.1931, 1.2701 0.2493 4.1898, 1.174 0.2213 4.2913, 1.1852 0.1272 4.2913, 1.1988 0.1273 4.2901, 1.187 0.1126 4.2913, 1.1913 -0.0 4.2913, 1.2214 -0.0 4.2851, 1.2141 0.1273 4.2858, 1.2066 -0.0 4.2895, 1.2039 -0.0 4.2903, 1.2008 0.2494 4.2851, 1.2228 -0.0 4.2847, 1.2203 0.2496 4.2755, 1.1821 0.366 4.2833, 1.2348 -0.0 4.2777, 1.2391 -0.0 4.2752, 1.2469 -0.0 4.2681, 1.2701 0.7007 4.0061, 1.2701 0.7675 3.9553, 1.2701 0.778 3.9473, 1.2701 0.3358 4.1712, 1.2701 0.3657 4.1621, 1.2701 0.4354 4.1407, -1.2077 1.2506 3.0315, -1.2024 1.2526 3.0315, -1.2026 1.2532 -0.0394, -1.1709 1.2598 3.0315, -1.1709 1.2598 -0.0394, -1.1841 1.2587 -0.0394, -1.2496 1.1811 -0.0394, -1.2496 1.1811 3.0315, -1.2486 1.1936 3.0315, -1.1897 1.2575 3.0315, -1.1862 1.2579 3.0315, -1.184 1.2582 3.0315, -1.2008 1.2533 3.0315, -1.2264 1.2366 3.0315, -1.2193 1.2432 -0.0394, -1.2329 1.2294 3.0315, -1.233 1.2295 -0.0394, -1.2335 1.2288 3.0315, -1.224 1.2392 3.0315, -1.2189 1.2427 3.0315, -1.2142 1.246 3.0315, -1.2485 1.1943 -0.0394, -1.2484 1.1943 3.0315, -1.2429 1.2129 -0.0394, -1.2478 1.1964 3.0315, -1.2434 1.2112 3.0315, -1.243 1.2126 3.0315, -1.2428 1.2128 3.0315, -1.2359 1.2246 3.0315, 1.2281 -1.2506 3.0315, 1.2229 -1.2526 3.0315, 1.2231 -1.2532 -0.0394, 1.1913 -1.2598 3.0315, 1.1913 -1.2598 -0.0394, 1.2045 -1.2587 -0.0394, 1.2701 -1.1811 -0.0394, 1.2701 -1.1811 3.0315, 1.269 -1.1936 3.0315, 1.2102 -1.2575 3.0315, 1.2066 -1.2579 3.0315, 1.2045 -1.2582 3.0315, 1.2212 -1.2533 3.0315, 1.2468 -1.2366 3.0315, 1.2397 -1.2432 -0.0394, 1.2534 -1.2294 3.0315, 1.2534 -1.2295 -0.0394, 1.2539 -1.2288 3.0315, 1.2445 -1.2392 3.0315, 1.2394 -1.2427 3.0315, 1.2347 -1.246 3.0315, 1.269 -1.1943 -0.0394, 1.2689 -1.1943 3.0315, 1.2634 -1.2129 -0.0394, 1.2682 -1.1964 3.0315, 1.2639 -1.2112 3.0315, 1.2634 -1.2126 3.0315, 1.2633 -1.2128 3.0315, 1.2564 -1.2246 3.0315, -1.2357 1.1202 3.6121, -1.2321 1.0884 3.7093, -1.2061 1.1359 3.7098, -1.2188 1.229 3.2812, -1.2441 1.2039 3.1588, -1.2434 1.1906 3.2809, -1.2338 1.2101 3.2811, -1.2496 1.1809 3.0541, -1.2496 1.1755 3.1588, -1.2483 1.1886 3.1588, -1.2496 1.1583 3.2808, -1.2496 1.1397 3.3673, -1.2479 1.1495 3.3974, -1.2496 1.1754 3.1598, -1.2496 1.1616 3.2655, -1.2482 1.1728 3.2809, -1.2416 1.1718 3.3975, -1.2226 1.1789 3.5085, -1.1983 1.2086 3.5087, -1.1998 1.244 3.2811, -1.1687 1.2329 3.5085, -1.0658 1.2598 3.5504, -1.0826 1.2598 3.5075, -1.109 1.2575 3.5079, -1.1027 1.2598 3.4562, -1.1393 1.2581 3.3974, -1.1784 1.2586 3.1588, -1.1936 1.2543 3.1588, -1.1202 1.2598 3.3971, -1.1322 1.2598 3.3566, -1.1626 1.2585 3.2809, -1.043 1.2385 3.7993, -0.9803 1.2551 3.7992, -0.8513 1.2598 3.8698, -0.9128 1.2598 3.8008, -1.1257 1.2164 3.7098, -1.0782 1.2423 3.7093, -1.0355 1.2598 3.6116, -1.0721 1.2567 3.612, -1.022 1.2598 3.6391, -1.029 1.2559 3.7092, -1.11 1.2459 3.6121, -1.138 1.2492 3.508, -1.1616 1.2518 3.3975, -1.1803 1.2536 3.2809, -0.9139 1.2598 3.7992, -0.9707 1.2598 3.7229, -0.9792 1.2598 3.709, -1.2496 0.9158 3.8095, -1.2449 0.9905 3.7992, -1.2496 0.9238 3.799, -1.2283 1.0532 3.7993, -1.2457 1.0393 3.7092, -1.2465 1.0823 3.612, -1.2496 1.0456 3.6116, -1.2496 1.0263 3.6497, -1.2496 0.9892 3.7089, -1.2496 0.9746 3.7322, -1.2496 1.1306 3.3972, -1.2496 1.1092 3.4669, -1.2473 1.1192 3.5079, -1.2496 1.0928 3.5075, -1.2496 1.071 3.5617, -1.2389 1.1482 3.508, -1.1694 1.1796 3.7102, -1.1478 1.2598 3.2807, -1.1535 1.2598 3.2528, -1.1648 1.2598 3.1587, -1.1665 1.2598 3.1441, -0.4144 1.113 4.2913, -0.3554 1.1304 4.2913, -0.3557 1.1495 4.2896, -0.3149 1.1424 4.2913, -0.239 1.158 4.2913, -0.2391 1.1728 4.29, -0.0123 1.2598 4.2124, -0.117 1.2598 4.207, -0.117 1.2586 4.2201, -0.6811 0.981 4.2913, -0.6673 0.9894 4.2913, -0.6675 1.0393 4.2874, -0.5702 1.0823 4.2882, -0.4662 1.1192 4.289, -0.4663 1.1482 4.2807, -0.4658 1.0929 4.2913, -0.5087 1.0761 4.2913, -0.5699 1.0458 4.2913, -0.5973 1.0322 4.2913, -0.7575 0.9242 4.2913, -0.7591 0.923 4.2913, -0.7575 0.9905 4.2866, -0.828 0.8616 4.2913, -0.8398 0.9364 4.2841, -0.8398 0.85 4.2913, -0.5704 1.1202 4.2774, -0.4667 1.1789 4.2644, -0.8398 1.0506 4.2484, -0.8398 1.034 4.2585, -0.7576 1.0532 4.27, -0.8398 1.0844 4.2276, -0.6681 1.1359 4.2479, -0.6676 1.0884 4.2738, -0.8398 1.0148 4.2646, -0.8398 0.9765 4.2766, -0.8398 0.9588 4.2822, -0.4663 1.2492 4.1797, -0.5702 1.2567 4.1138, -0.5704 1.2459 4.1517, -0.6675 1.2559 4.0708, -0.4658 1.2598 4.1243, -0.4662 1.2575 4.1507, -0.3557 1.2581 4.181, -0.7575 1.2551 4.022, -0.6671 1.2598 4.0207, -0.6676 1.2423 4.1199, -0.6681 1.2164 4.1674, -0.7576 1.2385 4.0847, -0.5199 1.2598 4.1025, -0.5698 1.2598 4.0771, -0.6079 1.2598 4.0578, -0.2394 1.244 4.2416, -0.2395 1.229 4.2605, -0.1171 1.2543 4.2354, -0.2392 1.2536 4.2221, -0.2391 1.2585 4.2043, -0.3557 1.2518 4.2033, -0.4667 1.2329 4.2104, -0.467 1.2086 4.2401, -0.6684 1.1796 4.2111, -0.118 1.2598 4.2069, -0.2238 1.2598 4.1931, -0.2391 1.2598 4.1898, -0.211 1.1637 4.2913, -0.117 1.175 4.2913, -0.117 1.1886 4.2901, -0.1023 1.1767 4.2913, -0.1171 1.2039 4.2858, -0.2392 1.1906 4.2851, -0.2394 1.2101 4.2755, -0.3557 1.1718 4.2833, -0.7677 1.2598 3.9473, -0.6904 1.2598 4.0061, -0.7572 1.2598 3.9553, -0.8398 1.1035 4.216, -0.3255 1.2598 4.1712, -0.3554 1.2598 4.1621, -0.4252 1.2598 4.1407, 1.1305 -0.5806 4.2774, 1.0986 -0.6778 4.2738, 1.1461 -0.6783 4.2479, 1.1821 -0.366 4.2833, 1.2008 -0.2494 4.2851, 1.183 -0.2494 4.29, 1.1988 -0.1273 4.2901, 1.1686 -0.2493 4.2913, 1.15 -0.3358 4.2913, 1.1598 -0.3659 4.2896, 1.1719 -0.234 4.2913, 1.1857 -0.1283 4.2913, 1.1857 -0.1273 4.2913, 1.1912 -0.0226 4.2913, 1.1892 -0.477 4.2644, 1.2203 -0.2496 4.2755, 1.2141 -0.1273 4.2858, 1.2393 -0.2497 4.2605, 1.2188 -0.4772 4.2401, 1.2431 -0.477 4.2104, 1.2543 -0.2496 4.2416, 1.2701 -0.5189 4.1076, 1.2701 -0.476 4.1244, 1.2677 -0.4764 4.1507, 1.2701 -0.4247 4.1445, 1.2683 -0.3659 4.181, 1.2688 -0.1273 4.2201, 1.2687 -0.2494 4.2043, 1.2701 -0.2213 4.1952, 1.2646 -0.1273 4.2354, 1.2701 -0.3656 4.1619, 1.2701 -0.3251 4.1739, 1.2701 -0.2492 4.1895, 1.2488 -0.7678 4.0847, 1.2654 -0.7677 4.022, 1.2701 -0.8383 3.8931, 1.2701 -0.7693 3.9545, 1.2266 -0.6783 4.1674, 1.2525 -0.6778 4.1199, 1.2701 -0.5802 4.0773, 1.267 -0.5805 4.1138, 1.2701 -0.6076 4.0637, 1.2662 -0.6777 4.0708, 1.2562 -0.5806 4.1517, 1.2594 -0.4765 4.1797, 1.262 -0.366 4.2033, 1.2638 -0.2494 4.2221, 1.2701 -0.7677 3.9557, 1.2701 -0.6914 4.0125, 1.2701 -0.6775 4.0209, 0.9261 -0.778 4.2913, 1.0008 -0.7677 4.2866, 0.9341 -0.7675 4.2913, 1.0635 -0.7678 4.27, 1.0495 -0.6777 4.2874, 1.0925 -0.5805 4.2882, 1.0559 -0.5801 4.2913, 1.0365 -0.6182 4.2913, 0.9994 -0.6774 4.2913, 0.9848 -0.7007 4.2913, 1.1408 -0.3657 4.2913, 1.1195 -0.4354 4.2913, 1.1294 -0.4764 4.289, 1.1031 -0.476 4.2913, 1.0813 -0.5302 4.2913, 1.1585 -0.4765 4.2807, 1.1899 -0.6787 4.2111, 1.2701 -0.1126 4.2082, 1.2701 -0.1272 4.2065, 1.2562 -1.1202 3.6121, 1.2525 -1.0884 3.7093, 1.2266 -1.1359 3.7098, 1.2393 -1.229 3.2812, 1.2646 -1.2039 3.1588, 1.2638 -1.1906 3.2809, 1.2543 -1.2101 3.2811, 1.2701 -1.1809 3.0541, 1.2701 -1.1755 3.1588, 1.2688 -1.1886 3.1588, 1.2701 -1.1583 3.2808, 1.2701 -1.1397 3.3673, 1.2683 -1.1495 3.3974, 1.2701 -1.1754 3.1598, 1.2701 -1.1616 3.2655, 1.2687 -1.1728 3.2809, 1.262 -1.1718 3.3975, 1.2431 -1.1789 3.5085, 1.2188 -1.2086 3.5087, 1.2203 -1.244 3.2811, 1.1892 -1.2329 3.5085, 1.0863 -1.2598 3.5504, 1.1031 -1.2598 3.5075, 1.1294 -1.2575 3.5079, 1.1232 -1.2598 3.4562, 1.1598 -1.2581 3.3974, 1.1988 -1.2586 3.1588, 1.2141 -1.2543 3.1588, 1.1407 -1.2598 3.3971, 1.1526 -1.2598 3.3566, 1.183 -1.2585 3.2809, 1.0608 -1.2169 3.8815, 1.0443 -1.227 3.8815, 1.0635 -1.2385 3.7993, 1.025 -1.2331 3.8815, 0.9867 -1.2451 3.8815, 1.0008 -1.2551 3.7992, 0.8718 -1.2598 3.8698, 0.9332 -1.2598 3.8008, 0.8602 -1.2598 3.8815, 0.9466 -1.2526 3.8815, 0.9691 -1.2507 3.8815, 1.0947 -1.1962 3.8815, 1.1461 -1.2164 3.7098, 1.0986 -1.2423 3.7093, 1.056 -1.2598 3.6116, 1.0925 -1.2567 3.612, 1.0425 -1.2598 3.6391, 1.0495 -1.2559 3.7092, 1.1305 -1.2459 3.6121, 1.1585 -1.2492 3.508, 1.1821 -1.2518 3.3975, 1.2008 -1.2536 3.2809, 0.9344 -1.2598 3.7992, 0.9912 -1.2598 3.7229, 0.9997 -1.2598 3.709, 1.2701 -0.9158 3.8095, 1.2654 -0.9905 3.7992, 1.2701 -0.9238 3.799, 1.2488 -1.0532 3.7993, 1.2662 -1.0393 3.7092, 1.267 -1.0823 3.612, 1.2701 -1.0456 3.6116, 1.2701 -1.0263 3.6497, 1.2701 -0.9892 3.7089, 1.2701 -0.9746 3.7322, 1.2701 -1.1306 3.3972, 1.2701 -1.1092 3.4669, 1.2677 -1.1192 3.5079, 1.2701 -1.0928 3.5075, 1.2701 -1.071 3.5617, 1.2594 -1.1482 3.508, 1.1899 -1.1796 3.7102, 1.1137 -1.1845 3.8815, 1.1682 -1.2598 3.2807, 1.174 -1.2598 3.2528, 1.1852 -1.2598 3.1587, 1.187 -1.2598 3.1441, -1.0933 0.85 4.216, -1.0742 0.85 4.2276, -1.0526 0.9115 4.2199, -1.019 0.9141 4.2396, -1.0333 0.9695 4.2034, -0.8746 1.0055 4.2611, -0.9039 1.0292 4.2396, -0.9013 1.0629 4.2199, -0.9592 1.0435 4.2034, -0.8796 0.932 4.2814, -0.912 0.9623 4.2662, -0.9169 0.9271 4.2749, -0.939 0.9872 4.2465, -0.877 0.9697 4.2729, -0.9075 0.996 4.2547, -0.9695 0.9797 4.2361, -0.9857 0.9178 4.2547, -0.9521 0.9222 4.2662, -1.0188 1.0291 4.1744, -0.8837 0.85 4.2877, -0.9262 0.85 4.2841, -0.9486 0.85 4.2822, -1.0403 0.85 4.2484, -1.0238 0.85 4.2585, -1.0045 0.85 4.2646, -0.9662 0.85 4.2766, 0.8602 -1.1845 4.135, 0.8602 -1.1962 4.1159, 0.9217 -1.1884 4.0944, 0.9244 -1.2081 4.0607, 0.9797 -1.1719 4.075, 1.0158 -1.2296 3.9163, 1.0394 -1.2081 3.9456, 1.0731 -1.1884 3.943, 1.0538 -1.1719 4.001, 0.9423 -1.2499 3.9213, 0.9726 -1.2347 3.9537, 0.9374 -1.2434 3.9586, 0.9974 -1.215 3.9807, 0.9799 -1.2414 3.9188, 1.0062 -1.2232 3.9493, 0.9899 -1.2046 4.0112, 0.928 -1.2232 4.0275, 0.9325 -1.2347 3.9938, 1.0393 -1.1429 4.0606, 0.8602 -1.2562 3.9255, 0.8602 -1.2526 3.9679, 0.8602 -1.2507 3.9903, 0.8602 -1.2169 4.0821, 0.8602 -1.227 4.0655, 0.8602 -1.2331 4.0463, 0.8602 -1.2451 4.008, -1.1707 0.0226 4.2913, -1.1652 0.1273 4.2913, -1.1784 0.1273 4.2901, -1.1481 0.2493 4.2913, -1.1295 0.3358 4.2913, -1.1393 0.3659 4.2896, -1.1652 0.1283 4.2913, -1.1514 0.234 4.2913, -1.1626 0.2494 4.29, -1.1803 0.2494 4.2851, -1.1936 0.1273 4.2858, -1.1998 0.2496 4.2755, -1.2077 -0.0 4.2821, -1.1616 0.366 4.2833, -1.1687 0.477 4.2644, -1.2188 0.2497 4.2605, -1.1709 -0.0 4.2913, -1.1862 -0.0 4.2894, -1.1897 -0.0 4.289, -1.2008 -0.0 4.2848, -1.1983 0.4772 4.2401, -1.2226 0.477 4.2104, -1.2338 0.2496 4.2416, -1.2496 0.5189 4.1076, -1.2496 0.476 4.1244, -1.2473 0.4764 4.1507, -1.2496 0.4247 4.1445, -1.2479 0.3659 4.181, -1.2359 -0.0 4.2561, -1.2335 -0.0 4.2603, -1.243 -0.0 4.2441, -1.2441 0.1273 4.2354, -1.2434 -0.0 4.2427, -1.2496 0.3656 4.1619, -1.2496 0.3251 4.1739, -1.2482 0.2494 4.2043, -1.2449 0.7677 4.022, -1.2496 0.7693 3.9545, -1.2496 0.8383 3.8931, -1.2321 0.6778 4.1199, -1.2283 0.7678 4.0847, -1.2496 0.5802 4.0773, -1.2465 0.5805 4.1138, -1.2496 0.6076 4.0637, -1.2457 0.6777 4.0708, -1.2357 0.5806 4.1517, -1.2389 0.4765 4.1797, -1.2416 0.366 4.2033, -1.2434 0.2494 4.2221, -1.2496 0.7677 3.9557, -1.2496 0.6914 4.0125, -1.2496 0.6775 4.0209, -0.9056 0.778 4.2913, -0.9136 0.7675 4.2913, -0.9803 0.7677 4.2866, -1.043 0.7678 4.27, -1.029 0.6777 4.2874, -1.0721 0.5805 4.2882, -1.0354 0.5801 4.2913, -1.016 0.6182 4.2913, -0.979 0.6774 4.2913, -0.9644 0.7007 4.2913, -1.1203 0.3657 4.2913, -1.099 0.4354 4.2913, -1.109 0.4764 4.289, -1.0826 0.476 4.2913, -1.0608 0.5302 4.2913, -1.138 0.4765 4.2807, -1.11 0.5806 4.2774, -1.1257 0.6783 4.2479, -1.0782 0.6778 4.2738, -1.1694 0.6787 4.2111, -1.2061 0.6783 4.1674, -1.2496 0.2492 4.1895, -1.2496 0.2213 4.1952, -1.2483 0.1273 4.2201, -1.2496 0.1272 4.2065, -1.2496 0.1126 4.2082, -1.2496 0.0 4.2126, -1.2486 -0.0 4.2251, -1.2478 -0.0 4.2279, -1.2264 -0.0 4.2681, -1.224 -0.0 4.2707, -1.2142 -0.0 4.2775, 0.4349 -1.113 4.2913, 0.3759 -1.1304 4.2913, 0.3761 -1.1495 4.2896, 0.3354 -1.1424 4.2913, 0.2595 -1.158 4.2913, 0.2596 -1.1728 4.29, 0.3761 -1.2581 4.181, 0.4866 -1.2575 4.1507, 0.4868 -1.2492 4.1797, 0.0328 -1.2598 4.2124, 0.1375 -1.2598 4.207, 0.1375 -1.2586 4.2201, 0.7016 -0.981 4.2913, 0.6878 -0.9894 4.2913, 0.688 -1.0393 4.2874, 0.5907 -1.0823 4.2882, 0.4866 -1.1192 4.289, 0.4868 -1.1482 4.2807, 0.4863 -1.0929 4.2913, 0.5291 -1.0761 4.2913, 0.5904 -1.0458 4.2913, 0.6178 -1.0322 4.2913, 0.778 -0.9242 4.2913, 0.5909 -1.1202 4.2774, 0.4872 -1.1789 4.2644, 0.6881 -1.0884 4.2738, 0.778 -1.0532 4.27, 0.7779 -0.9905 4.2866, 0.8485 -0.8616 4.2913, 0.7796 -0.923 4.2913, 0.5909 -1.2459 4.1517, 0.5907 -1.2567 4.1138, 0.688 -1.2559 4.0708, 0.7779 -1.2551 4.022, 0.6876 -1.2598 4.0207, 0.6881 -1.2423 4.1199, 0.778 -1.2385 4.0847, 0.6886 -1.2164 4.1674, 0.4863 -1.2598 4.1243, 0.5404 -1.2598 4.1025, 0.5903 -1.2598 4.0771, 0.6284 -1.2598 4.0578, 0.0102 -1.246 4.256, 0.2598 -1.244 4.2416, 0.0102 -1.2392 4.2657, 0.2599 -1.229 4.2605, 0.0102 -1.2598 4.2126, 0.0102 -1.2579 4.2279, 0.0102 -1.2575 4.2314, 0.1375 -1.2543 4.2354, 0.0102 -1.2533 4.2425, 0.0102 -1.2506 4.2494, 0.2597 -1.2536 4.2221, 0.2596 -1.2585 4.2043, 0.3762 -1.2518 4.2033, 0.4872 -1.2329 4.2104, 0.4875 -1.2086 4.2401, 0.6889 -1.1796 4.2111, 0.6886 -1.1359 4.2479, 0.1385 -1.2598 4.2069, 0.2442 -1.2598 4.1931, 0.2595 -1.2598 4.1898, 0.2315 -1.1637 4.2913, 0.1375 -1.175 4.2913, 0.1375 -1.1886 4.2901, 0.1228 -1.1767 4.2913, 0.0102 -1.1811 4.2913, 0.0102 -1.2112 4.2851, 0.1375 -1.2039 4.2858, 0.0102 -1.1964 4.2895, 0.0102 -1.1936 4.2903, 0.2597 -1.1906 4.2851, 0.0102 -1.2126 4.2847, 0.2598 -1.2101 4.2755, 0.3762 -1.1718 4.2833, 0.0102 -1.2246 4.2777, 0.0102 -1.2288 4.2752, 0.0102 -1.2366 4.2681, 0.7109 -1.2598 4.0061, 0.7777 -1.2598 3.9553, 0.7882 -1.2598 3.9473, 0.346 -1.2598 4.1712, 0.3759 -1.2598 4.1621, 0.4456 -1.2598 4.1407, -1.1027 -0.4247 4.2913, -1.1202 -0.3656 4.2913, -1.1393 -0.3659 4.2896, -1.1322 -0.3251 4.2913, -1.1478 -0.2492 4.2913, -1.1626 -0.2494 4.29, -1.2496 -0.0226 4.2124, -1.2496 -0.1273 4.207, -1.2483 -0.1273 4.2201, -0.9707 -0.6914 4.2913, -0.9792 -0.6775 4.2913, -1.029 -0.6777 4.2874, -1.0721 -0.5805 4.2882, -1.109 -0.4764 4.289, -1.138 -0.4765 4.2807, -1.0826 -0.476 4.2913, -1.0658 -0.5189 4.2913, -1.0355 -0.5802 4.2913, -1.022 -0.6076 4.2913, -0.9139 -0.7677 4.2913, -0.9128 -0.7693 4.2913, -0.9803 -0.7677 4.2866, -0.8513 -0.8383 4.2913, -1.11 -0.5806 4.2774, -1.1687 -0.477 4.2644, -1.043 -0.7678 4.27, -1.1257 -0.6783 4.2479, -1.0782 -0.6778 4.2738, -1.2389 -0.4765 4.1797, -1.2465 -0.5805 4.1138, -1.2357 -0.5806 4.1517, -1.2457 -0.6777 4.0708, -1.2496 -0.476 4.1243, -1.2473 -0.4764 4.1507, -1.2479 -0.3659 4.181, -1.2449 -0.7677 4.022, -1.2496 -0.6774 4.0207, -1.2321 -0.6778 4.1199, -1.2061 -0.6783 4.1674, -1.2283 -0.7678 4.0847, -1.2496 -0.5302 4.1025, -1.2496 -0.5801 4.0771, -1.2496 -0.6182 4.0578, -1.2338 -0.2496 4.2416, -1.2188 -0.2497 4.2605, -1.2441 -0.1273 4.2354, -1.2434 -0.2494 4.2221, -1.2482 -0.2494 4.2043, -1.2416 -0.366 4.2033, -1.2226 -0.477 4.2104, -1.1983 -0.4772 4.2401, -1.1694 -0.6787 4.2111, -1.2496 -0.1283 4.2069, -1.2496 -0.234 4.1931, -1.2496 -0.2493 4.1898, -1.1535 -0.2213 4.2913, -1.1648 -0.1272 4.2913, -1.1784 -0.1273 4.2901, -1.1665 -0.1126 4.2913, -1.1936 -0.1273 4.2858, -1.1803 -0.2494 4.2851, -1.1998 -0.2496 4.2755, -1.1616 -0.366 4.2833, -1.2496 -0.778 3.9473, -1.2496 -0.7007 4.0061, -1.2496 -0.7675 3.9553, -1.2496 -0.3358 4.1712, -1.2496 -0.3657 4.1621, -1.2496 -0.4354 4.1407, -0.5704 -1.1202 4.2774, -0.6676 -1.0884 4.2738, -0.6681 -1.1359 4.2479, -0.3557 -1.1718 4.2833, -0.2392 -1.1906 4.2851, -0.2391 -1.1728 4.29, -0.117 -1.1886 4.2901, -0.2391 -1.1583 4.2913, -0.3255 -1.1397 4.2913, -0.3557 -1.1495 4.2896, -0.2238 -1.1616 4.2913, -0.118 -1.1754 4.2913, -0.117 -1.1755 4.2913, -0.0123 -1.1809 4.2913, -0.4667 -1.1789 4.2644, -0.2394 -1.2101 4.2755, -0.1171 -1.2039 4.2858, -0.2395 -1.229 4.2605, -0.467 -1.2086 4.2401, -0.4667 -1.2329 4.2104, -0.2394 -1.244 4.2416, -0.5087 -1.2598 4.1076, -0.4658 -1.2598 4.1244, -0.4662 -1.2575 4.1507, -0.4144 -1.2598 4.1445, -0.3557 -1.2581 4.181, -0.117 -1.2586 4.2201, -0.2391 -1.2585 4.2043, -0.211 -1.2598 4.1952, -0.1171 -1.2543 4.2354, -0.3554 -1.2598 4.1619, -0.3149 -1.2598 4.1739, -0.239 -1.2598 4.1895, -0.8398 -1.2169 4.0821, -0.8398 -1.227 4.0655, -0.7576 -1.2385 4.0847, -0.8398 -1.2331 4.0463, -0.8398 -1.2451 4.008, -0.7575 -1.2551 4.022, -0.828 -1.2598 3.8931, -0.7591 -1.2598 3.9545, -0.8398 -1.2598 3.8815, -0.8398 -1.2526 3.9679, -0.8398 -1.2507 3.9903, -0.8398 -1.1962 4.1159, -0.6681 -1.2164 4.1674, -0.6676 -1.2423 4.1199, -0.5699 -1.2598 4.0773, -0.5702 -1.2567 4.1138, -0.5973 -1.2598 4.0637, -0.6675 -1.2559 4.0708, -0.5704 -1.2459 4.1517, -0.4663 -1.2492 4.1797, -0.3557 -1.2518 4.2033, -0.2392 -1.2536 4.2221, -0.7575 -1.2598 3.9557, -0.6811 -1.2598 4.0125, -0.6673 -1.2598 4.0209, -0.7677 -0.9158 4.2913, -0.7575 -0.9905 4.2866, -0.7572 -0.9238 4.2913, -0.7576 -1.0532 4.27, -0.6675 -1.0393 4.2874, -0.5702 -1.0823 4.2882, -0.5698 -1.0456 4.2913, -0.6079 -1.0263 4.2913, -0.6671 -0.9892 4.2913, -0.6904 -0.9746 4.2913, -0.3554 -1.1306 4.2913, -0.4252 -1.1092 4.2913, -0.4662 -1.1192 4.289, -0.4658 -1.0928 4.2913, -0.5199 -1.071 4.2913, -0.4663 -1.1482 4.2807, -0.6684 -1.1796 4.2111, -0.8398 -1.1845 4.135, -0.1023 -1.2598 4.2082, -0.117 -1.2598 4.2065, -1.0933 -1.1845 3.8815, -1.0742 -1.1962 3.8815, -1.0526 -1.1884 3.943, -1.019 -1.2081 3.9456, -1.0333 -1.1719 4.001, -0.8746 -1.2296 4.037, -0.9039 -1.2081 4.0607, -0.9013 -1.1884 4.0944, -0.9592 -1.1719 4.075, -0.8796 -1.2499 3.9635, -0.912 -1.2347 3.9938, -0.9169 -1.2434 3.9586, -0.939 -1.215 4.0187, -0.877 -1.2414 4.0012, -0.9075 -1.2232 4.0275, -0.9695 -1.2046 4.0112, -0.9857 -1.2232 3.9493, -0.9521 -1.2347 3.9537, -1.0188 -1.1429 4.0606, -0.8837 -1.2562 3.8815, -0.9262 -1.2526 3.8815, -0.9486 -1.2507 3.8815, -1.0403 -1.2169 3.8815, -1.0238 -1.227 3.8815, -1.0045 -1.2331 3.8815, -0.9662 -1.2451 3.8815, -1.2496 -1.1811 3.0315, -1.2496 -1.1811 -0.0394, -1.2485 -1.1943 -0.0394, -1.1709 -1.2598 -0.0394, -1.1709 -1.2598 3.0315, -1.1834 -1.2588 3.0315, -1.2473 -1.1999 3.0315, -1.2477 -1.1964 3.0315, -1.248 -1.1942 3.0315, -1.2358 -1.2245 3.0315, -1.2429 -1.2129 -0.0394, -1.2325 -1.2292 3.0315, -1.233 -1.2295 -0.0394, -1.229 -1.2342 3.0315, -1.2404 -1.2179 3.0315, -1.2424 -1.2127 3.0315, -1.243 -1.211 3.0315, -1.2264 -1.2366 3.0315, -1.2193 -1.2432 -0.0394, -1.2192 -1.2431 3.0315, -1.2026 -1.2532 -0.0394, -1.2144 -1.2462 3.0315, -1.2186 -1.2437 3.0315, -1.1841 -1.2587 -0.0394, -1.184 -1.2586 3.0315, -1.1861 -1.258 3.0315, -1.2009 -1.2536 3.0315, -1.2023 -1.2532 3.0315, -1.2026 -1.2531 3.0315, -1.2188 -1.229 3.2812, -1.1936 -1.2543 3.1588, -1.1803 -1.2536 3.2809, -1.1998 -1.244 3.2811, -1.1707 -1.2598 3.0541, -1.1652 -1.2598 3.1588, -1.1784 -1.2586 3.1588, -1.1481 -1.2598 3.2808, -1.1295 -1.2598 3.3673, -1.1393 -1.2581 3.3974, -1.1652 -1.2598 3.1598, -1.1514 -1.2598 3.2655, -1.1626 -1.2585 3.2809, -1.1616 -1.2518 3.3975, -1.1687 -1.2329 3.5085, -1.1983 -1.2086 3.5087, -1.2338 -1.2101 3.2811, -1.2226 -1.1789 3.5085, -1.2496 -1.0761 3.5504, -1.2496 -1.0929 3.5075, -1.2473 -1.1192 3.5079, -1.2496 -1.113 3.4562, -1.2479 -1.1495 3.3974, -1.2483 -1.1886 3.1588, -1.2441 -1.2039 3.1588, -1.2496 -1.1304 3.3971, -1.2496 -1.1424 3.3566, -1.2482 -1.1728 3.2809, -1.2449 -0.9905 3.7992, -1.2496 -0.923 3.8008, -1.2496 -0.8616 3.8698, -1.2321 -1.0884 3.7093, -1.2283 -1.0532 3.7993, -1.2496 -1.0458 3.6116, -1.2465 -1.0823 3.612, -1.2496 -1.0322 3.6391, -1.2457 -1.0393 3.7092, -1.2357 -1.1202 3.6121, -1.2389 -1.1482 3.508, -1.2416 -1.1718 3.3975, -1.2434 -1.1906 3.2809, -1.2496 -0.9242 3.7992, -1.2496 -0.981 3.7229, -1.2496 -0.9894 3.709, -0.9056 -1.2598 3.8095, -0.9136 -1.2598 3.799, -0.9803 -1.2551 3.7992, -1.043 -1.2385 3.7993, -1.029 -1.2559 3.7092, -1.0721 -1.2567 3.612, -1.0354 -1.2598 3.6116, -1.016 -1.2598 3.6497, -0.979 -1.2598 3.7089, -0.9644 -1.2598 3.7322, -1.1203 -1.2598 3.3972, -1.099 -1.2598 3.4669, -1.109 -1.2575 3.5079, -1.0826 -1.2598 3.5075, -1.0608 -1.2598 3.5617, -1.138 -1.2492 3.508, -1.11 -1.2459 3.6121, -1.1257 -1.2164 3.7098, -1.0782 -1.2423 3.7093, -1.1694 -1.1796 3.7102, -1.2061 -1.1359 3.7098, -1.2496 -1.158 3.2807, -1.2496 -1.1637 3.2528, -1.2496 -1.175 3.1587, -1.2496 -1.1767 3.1441, 3.7504 0.3144 2.6585, 3.7504 0.2362 2.6772, 3.7504 0.234 2.645, 3.7504 -0.0791 2.4546, 3.7504 -0.083 2.3733, 3.7504 -0.0481 2.4459, 3.7504 -0.0465 2.3657, 3.7504 -0.0161 2.4415, 3.7504 -0.0093 2.3623, 3.7504 0.0161 2.4415, 3.7504 0.028 2.3635, 3.7504 0.0481 2.4459, 3.7504 0.0649 2.369, 3.7504 0.0791 2.4546, 3.7504 0.1009 2.3788, 3.7504 0.1087 2.4674, 3.7504 0.1355 2.3928, 3.7504 0.1362 2.4842, 3.7504 0.1681 2.4108, 3.7504 0.1985 2.4326, 3.7504 0.1612 2.5045, 3.7504 0.226 2.4578, 3.7504 0.1832 2.5281, 3.7504 0.2503 2.486, 3.7504 0.2018 2.5544, 3.7504 0.2712 2.517, 3.7504 0.2167 2.5831, 3.7504 0.2882 2.5502, 3.7504 0.2275 2.6134, 3.7504 0.3012 2.5852, 3.7504 0.31 2.6215, 3.7504 -0.0481 2.9084, 3.7504 -0.083 2.981, 3.7504 -0.0791 2.8997, 3.7504 -0.1184 2.969, 3.7504 -0.1087 2.8869, 3.7504 -0.1521 2.953, 3.7504 -0.1362 2.8702, 3.7504 -0.1836 2.9331, 3.7504 -0.1612 2.8498, 3.7504 -0.2126 2.9096, 3.7504 -0.1832 2.8262, 3.7504 -0.2386 2.8828, 3.7504 -0.2018 2.7999, 3.7504 0.315 2.6772, 3.7504 0.3144 2.6958, 3.7504 0.234 2.7093, 3.7504 0.31 2.7329, 3.7504 0.2275 2.7409, 3.7504 0.3012 2.7692, 3.7504 0.2167 2.7713, 3.7504 0.2882 2.8041, 3.7504 0.2018 2.7999, 3.7504 0.2712 2.8373, 3.7504 0.1832 2.8262, 3.7504 0.2503 2.8683, 3.7504 0.1612 2.8498, 3.7504 0.226 2.8966, 3.7504 0.1985 2.9217, 3.7504 0.1362 2.8702, 3.7504 0.1681 2.9435, 3.7504 0.1087 2.8869, 3.7504 0.1355 2.9615, 3.7504 0.0791 2.8997, 3.7504 0.1009 2.9755, 3.7504 0.0481 2.9084, 3.7504 0.0649 2.9854, 3.7504 0.0161 2.9128, 3.7504 0.028 2.9909, 3.7504 -0.0161 2.9128, 3.7504 -0.0093 2.992, 3.7504 -0.0465 2.9887, 3.7504 -0.2167 2.5831, 3.7504 -0.2802 2.5333, 3.7504 -0.2018 2.5544, 3.7504 -0.2612 2.5012, 3.7504 -0.1832 2.5281, 3.7504 -0.2386 2.4716, 3.7504 -0.1612 2.5045, 3.7504 -0.2126 2.4448, 3.7504 -0.1362 2.4842, 3.7504 -0.1836 2.4213, 3.7504 -0.1087 2.4674, 3.7504 -0.1521 2.4013, 3.7504 -0.1184 2.3853, 3.7504 -0.2612 2.8531, 3.7504 -0.2802 2.821, 3.7504 -0.2167 2.7713, 3.7504 -0.2953 2.7868, 3.7504 -0.2275 2.7409, 3.7504 -0.3061 2.7511, 3.7504 -0.234 2.7093, 3.7504 -0.3127 2.7144, 3.7504 -0.2362 2.6772, 3.7504 -0.315 2.6772, 3.7504 -0.234 2.645, 3.7504 -0.3127 2.6399, 3.7504 -0.2275 2.6134, 3.7504 -0.3061 2.6032, 3.7504 -0.2953 2.5675, 3.711 -0.0481 2.4459, 3.711 -0.083 2.3733, 3.711 -0.0791 2.4546, 3.711 -0.1184 2.3853, 3.711 -0.1087 2.4674, 3.711 -0.1521 2.4013, 3.711 -0.1362 2.4842, 3.711 -0.1836 2.4213, 3.711 -0.1612 2.5045, 3.711 -0.2126 2.4448, 3.711 -0.1832 2.5281, 3.711 -0.2386 2.4716, 3.711 -0.2018 2.5544, 3.711 0.1612 2.5045, 3.711 0.1985 2.4326, 3.711 0.1362 2.4842, 3.711 0.1681 2.4108, 3.711 0.1087 2.4674, 3.711 0.1355 2.3928, 3.711 0.0791 2.4546, 3.711 0.1009 2.3788, 3.711 0.0481 2.4459, 3.711 0.0649 2.369, 3.711 0.0161 2.4415, 3.711 0.028 2.3635, 3.711 -0.0161 2.4415, 3.711 -0.0093 2.3623, 3.711 -0.0465 2.3657, 3.711 -0.0791 2.8997, 3.711 -0.083 2.981, 3.711 -0.0481 2.9084, 3.711 -0.0465 2.9887, 3.711 -0.0161 2.9128, 3.711 -0.0093 2.992, 3.711 0.0161 2.9128, 3.711 0.028 2.9909, 3.711 0.0481 2.9084, 3.711 0.0649 2.9854, 3.711 0.0791 2.8997, 3.711 0.1009 2.9755, 3.711 0.1087 2.8869, 3.711 0.1355 2.9615, 3.711 0.1362 2.8702, 3.711 -0.2612 2.5012, 3.711 -0.2802 2.5333, 3.711 -0.2167 2.5831, 3.711 -0.2953 2.5675, 3.711 -0.2275 2.6134, 3.711 -0.3061 2.6032, 3.711 -0.234 2.645, 3.711 -0.3127 2.6399, 3.711 -0.315 2.6772, 3.711 -0.234 2.7093, 3.711 -0.3127 2.7144, 3.711 -0.2275 2.7409, 3.711 -0.3061 2.7511, 3.711 -0.2167 2.7713, 3.711 0.3144 2.6585, 3.711 0.234 2.645, 3.711 0.31 2.6215, 3.711 0.2275 2.6134, 3.711 0.3012 2.5852, 3.711 0.2167 2.5831, 3.711 0.2882 2.5502, 3.711 0.2018 2.5544, 3.711 0.2712 2.517, 3.711 0.1832 2.5281, 3.711 0.2503 2.486, 3.711 0.226 2.4578, 3.711 0.234 2.7093, 3.711 0.3144 2.6958, 3.711 0.315 2.6772, 3.711 0.1681 2.9435, 3.711 0.1985 2.9217, 3.711 0.1612 2.8498, 3.711 0.226 2.8966, 3.711 0.1832 2.8262, 3.711 0.2503 2.8683, 3.711 0.2018 2.7999, 3.711 0.2712 2.8373, 3.711 0.2167 2.7713, 3.711 0.2882 2.8041, 3.711 0.2275 2.7409, 3.711 0.3012 2.7692, 3.711 0.31 2.7329, 3.711 -0.2953 2.7868, 3.711 -0.2802 2.821, 3.711 -0.2018 2.7999, 3.711 -0.2612 2.8531, 3.711 -0.1832 2.8262, 3.711 -0.2386 2.8828, 3.711 -0.1612 2.8498, 3.711 -0.2126 2.9096, 3.711 -0.1362 2.8702, 3.711 -0.1836 2.9331, 3.711 -0.1087 2.8869, 3.711 -0.1521 2.953, 3.711 -0.1184 2.969, -1.1866 -1.0 -1.378, -1.1823 -0.9591 0.3543, -1.1823 -0.9591 -1.378, -1.1696 -0.9199 0.3543, -1.1696 -0.9199 -1.378, -1.149 -0.8843 0.3543, -1.149 -0.8843 -1.378, -1.1215 -0.8537 0.3543, -1.1215 -0.8537 -1.378, -1.0882 -0.8295 0.3543, -1.0882 -0.8295 -1.378, -1.0506 -0.8128 0.3543, -1.0506 -0.8128 -1.378, -1.0103 -0.8042 0.3543, -1.0103 -0.8042 -1.378, -0.9692 -0.8042 0.3543, -0.9692 -0.8042 -1.378, -0.9289 -0.8128 0.3543, -0.9289 -0.8128 -1.378, -0.8913 -0.8295 0.3543, -0.8913 -0.8295 -1.378, -0.858 -0.8537 0.3543, -0.858 -0.8537 -1.378, -0.8305 -0.8843 0.3543, -0.8305 -0.8843 -1.378, -0.8099 -0.9199 0.3543, -0.8099 -0.9199 -1.378, -0.7972 -0.9591 0.3543, -0.7972 -0.9591 -1.378, -0.7929 -1.0 0.3543, -0.7929 -1.0 -1.378, -0.7972 -1.0409 0.3543, -0.7972 -1.0409 -1.378, -0.8099 -1.0801 0.3543, -0.8099 -1.0801 -1.378, -0.8305 -1.1157 0.3543, -0.8305 -1.1157 -1.378, -0.858 -1.1463 0.3543, -0.858 -1.1463 -1.378, -0.8913 -1.1705 0.3543, -0.8913 -1.1705 -1.378, -0.9289 -1.1872 0.3543, -0.9289 -1.1872 -1.378, -0.9692 -1.1958 0.3543, -0.9692 -1.1958 -1.378, -1.0103 -1.1958 0.3543, -1.0103 -1.1958 -1.378, -1.0506 -1.1872 0.3543, -1.0506 -1.1872 -1.378, -1.0882 -1.1705 0.3543, -1.0882 -1.1705 -1.378, -1.1215 -1.1463 0.3543, -1.1215 -1.1463 -1.378, -1.149 -1.1157 0.3543, -1.149 -1.1157 -1.378, -1.1696 -1.0801 0.3543, -1.1696 -1.0801 -1.378, -1.1823 -1.0409 0.3543, -1.1823 -1.0409 -1.378, -1.1866 -1.0 0.3543, -0.9898 -1.0 0.3543, -0.9898 -1.0 -1.378, 0.8134 -1.0 -1.378, 0.8177 -0.9591 0.3543, 0.8177 -0.9591 -1.378, 0.8304 -0.9199 0.3543, 0.8304 -0.9199 -1.378, 0.851 -0.8843 0.3543, 0.851 -0.8843 -1.378, 0.8785 -0.8537 0.3543, 0.8785 -0.8537 -1.378, 0.9118 -0.8295 0.3543, 0.9118 -0.8295 -1.378, 0.9494 -0.8128 0.3543, 0.9494 -0.8128 -1.378, 0.9897 -0.8042 0.3543, 0.9897 -0.8042 -1.378, 1.0308 -0.8042 0.3543, 1.0308 -0.8042 -1.378, 1.0711 -0.8128 0.3543, 1.0711 -0.8128 -1.378, 1.1087 -0.8295 0.3543, 1.1087 -0.8295 -1.378, 1.142 -0.8537 0.3543, 1.142 -0.8537 -1.378, 1.1695 -0.8843 0.3543, 1.1695 -0.8843 -1.378, 1.1901 -0.9199 0.3543, 1.1901 -0.9199 -1.378, 1.2028 -0.9591 0.3543, 1.2028 -0.9591 -1.378, 1.2071 -1.0 0.3543, 1.2071 -1.0 -1.378, 1.2028 -1.0409 0.3543, 1.2028 -1.0409 -1.378, 1.1901 -1.0801 0.3543, 1.1901 -1.0801 -1.378, 1.1695 -1.1157 0.3543, 1.1695 -1.1157 -1.378, 1.142 -1.1463 0.3543, 1.142 -1.1463 -1.378, 1.1087 -1.1705 0.3543, 1.1087 -1.1705 -1.378, 1.0711 -1.1872 0.3543, 1.0711 -1.1872 -1.378, 1.0308 -1.1958 0.3543, 1.0308 -1.1958 -1.378, 0.9897 -1.1958 0.3543, 0.9897 -1.1958 -1.378, 0.9494 -1.1872 0.3543, 0.9494 -1.1872 -1.378, 0.9118 -1.1705 0.3543, 0.9118 -1.1705 -1.378, 0.8785 -1.1463 0.3543, 0.8785 -1.1463 -1.378, 0.851 -1.1157 0.3543, 0.851 -1.1157 -1.378, 0.8304 -1.0801 0.3543, 0.8304 -1.0801 -1.378, 0.8177 -1.0409 0.3543, 0.8177 -1.0409 -1.378, 0.8134 -1.0 0.3543, 1.0102 -1.0 0.3543, 1.0102 -1.0 -1.378, 0.8134 1.0 -1.378, 0.8177 1.0409 0.3543, 0.8177 1.0409 -1.378, 0.8304 1.0801 0.3543, 0.8304 1.0801 -1.378, 0.851 1.1157 0.3543, 0.851 1.1157 -1.378, 0.8785 1.1463 0.3543, 0.8785 1.1463 -1.378, 0.9118 1.1705 0.3543, 0.9118 1.1705 -1.378, 0.9494 1.1872 0.3543, 0.9494 1.1872 -1.378, 0.9897 1.1958 0.3543, 0.9897 1.1958 -1.378, 1.0308 1.1958 0.3543, 1.0308 1.1958 -1.378, 1.0711 1.1872 0.3543, 1.0711 1.1872 -1.378, 1.1087 1.1705 0.3543, 1.1087 1.1705 -1.378, 1.142 1.1463 0.3543, 1.142 1.1463 -1.378, 1.1695 1.1157 0.3543, 1.1695 1.1157 -1.378, 1.1901 1.0801 0.3543, 1.1901 1.0801 -1.378, 1.2028 1.0409 0.3543, 1.2028 1.0409 -1.378, 1.2071 1.0 0.3543, 1.2071 1.0 -1.378, 1.2028 0.9591 0.3543, 1.2028 0.9591 -1.378, 1.1901 0.9199 0.3543, 1.1901 0.9199 -1.378, 1.1695 0.8843 0.3543, 1.1695 0.8843 -1.378, 1.142 0.8537 0.3543, 1.142 0.8537 -1.378, 1.1087 0.8295 0.3543, 1.1087 0.8295 -1.378, 1.0711 0.8128 0.3543, 1.0711 0.8128 -1.378, 1.0308 0.8042 0.3543, 1.0308 0.8042 -1.378, 0.9897 0.8042 0.3543, 0.9897 0.8042 -1.378, 0.9494 0.8128 0.3543, 0.9494 0.8128 -1.378, 0.9118 0.8295 0.3543, 0.9118 0.8295 -1.378, 0.8785 0.8537 0.3543, 0.8785 0.8537 -1.378, 0.851 0.8843 0.3543, 0.851 0.8843 -1.378, 0.8304 0.9199 0.3543, 0.8304 0.9199 -1.378, 0.8177 0.9591 0.3543, 0.8177 0.9591 -1.378, 0.8134 1.0 0.3543, 1.0102 1.0 0.3543, 1.0102 1.0 -1.378, -1.1866 1.0 -1.378, -1.1823 1.0409 0.3543, -1.1823 1.0409 -1.378, -1.1696 1.0801 0.3543, -1.1696 1.0801 -1.378, -1.149 1.1157 0.3543, -1.149 1.1157 -1.378, -1.1215 1.1463 0.3543, -1.1215 1.1463 -1.378, -1.0882 1.1705 0.3543, -1.0882 1.1705 -1.378, -1.0506 1.1872 0.3543, -1.0506 1.1872 -1.378, -1.0103 1.1958 0.3543, -1.0103 1.1958 -1.378, -0.9692 1.1958 0.3543, -0.9692 1.1958 -1.378, -0.9289 1.1872 0.3543, -0.9289 1.1872 -1.378, -0.8913 1.1705 0.3543, -0.8913 1.1705 -1.378, -0.858 1.1463 0.3543, -0.858 1.1463 -1.378, -0.8305 1.1157 0.3543, -0.8305 1.1157 -1.378, -0.8099 1.0801 0.3543, -0.8099 1.0801 -1.378, -0.7972 1.0409 0.3543, -0.7972 1.0409 -1.378, -0.7929 1.0 0.3543, -0.7929 1.0 -1.378, -0.7972 0.9591 0.3543, -0.7972 0.9591 -1.378, -0.8099 0.9199 0.3543, -0.8099 0.9199 -1.378, -0.8305 0.8843 0.3543, -0.8305 0.8843 -1.378, -0.858 0.8537 0.3543, -0.858 0.8537 -1.378, -0.8913 0.8295 0.3543, -0.8913 0.8295 -1.378, -0.9289 0.8128 0.3543, -0.9289 0.8128 -1.378, -0.9692 0.8042 0.3543, -0.9692 0.8042 -1.378, -1.0103 0.8042 0.3543, -1.0103 0.8042 -1.378, -1.0506 0.8128 0.3543, -1.0506 0.8128 -1.378, -1.0882 0.8295 0.3543, -1.0882 0.8295 -1.378, -1.1215 0.8537 0.3543, -1.1215 0.8537 -1.378, -1.149 0.8843 0.3543, -1.149 0.8843 -1.378, -1.1696 0.9199 0.3543, -1.1696 0.9199 -1.378, -1.1823 0.9591 0.3543, -1.1823 0.9591 -1.378, -1.1866 1.0 0.3543, -0.9898 1.0 0.3543, -0.9898 1.0 -1.378
            ]
        }
        coordIndex [
            0,1,2,-1,2,1,3,-1,2,3,4,-1,4,3,5,-1,4,5,6,-1,6,5,7,-1,6,7,8,-1,8,7,9,-1,8,9,10,-1,10,9,11,-1,10,11,12,-1,12,11,13,-1,12,13,14,-1,14,13,15,-1,14,15,16,-1,16,15,17,-1,16,17,18,-1,18,17,19,-1,18,19,20,-1,20,19,21,-1,20,21,22,-1,22,21,23,-1,22,23,24,-1,24,23,25,-1,24,25,26,-1,26,25,27,-1,26,27,28,-1,28,27,29,-1,28,29,30,-1,30,29,31,-1,30,31,32,-1,32,31,33,-1,32,33,34,-1,34,33,35,-1,34,35,36,-1,36,35,37,-1,36,37,38,-1,38,37,39,-1,38,39,40,-1,40,39,41,-1,40,41,42,-1,42,41,43,-1,42,43,44,-1,44,43,45,-1,44,45,46,-1,46,45,47,-1,46,47,0,-1,0,47,1,-1,44,46,48,-1,48,46,0,-1,48,0,2,-1,38,40,48,-1,48,40,42,-1,48,42,44,-1,32,34,48,-1,48,34,36,-1,48,36,38,-1,26,28,48,-1,48,28,30,-1,48,30,32,-1,20,22,48,-1,48,22,24,-1,48,24,26,-1,14,16,48,-1,48,16,18,-1,48,18,20,-1,8,10,48,-1,48,10,12,-1,48,12,14,-1,2,4,48,-1,48,4,6,-1,48,6,8,-1,49,50,51,-1,52,53,54,-1,55,56,57,-1,58,59,60,-1,60,59,61,-1,61,59,62,-1,61,62,63,-1,52,64,65,-1,65,64,66,-1,53,67,54,-1,54,67,68,-1,54,68,69,-1,70,71,67,-1,67,71,72,-1,67,72,68,-1,68,72,73,-1,68,73,69,-1,52,54,64,-1,64,54,69,-1,64,69,66,-1,66,69,74,-1,66,74,75,-1,75,74,49,-1,75,49,76,-1,76,49,51,-1,76,51,77,-1,61,78,60,-1,60,78,79,-1,60,79,80,-1,80,79,81,-1,80,81,82,-1,83,70,84,-1,84,70,67,-1,84,67,85,-1,85,67,53,-1,57,56,58,-1,56,86,58,-1,58,86,87,-1,58,87,59,-1,59,87,88,-1,59,88,62,-1,77,89,76,-1,76,89,90,-1,76,90,75,-1,75,90,91,-1,75,91,66,-1,66,91,92,-1,66,92,65,-1,71,55,72,-1,72,55,57,-1,72,57,73,-1,73,57,58,-1,73,58,69,-1,69,58,60,-1,69,60,74,-1,74,60,80,-1,74,80,49,-1,49,80,82,-1,49,82,50,-1,93,94,95,-1,96,78,61,-1,97,98,99,-1,99,98,100,-1,99,100,101,-1,102,103,104,-1,102,105,106,-1,106,105,107,-1,102,104,105,-1,105,104,95,-1,105,95,107,-1,107,95,94,-1,107,94,108,-1,103,102,109,-1,109,102,110,-1,109,110,111,-1,111,110,96,-1,111,96,112,-1,112,96,61,-1,112,61,63,-1,98,113,100,-1,100,113,114,-1,100,114,115,-1,115,114,81,-1,115,81,79,-1,109,116,103,-1,103,116,117,-1,103,117,104,-1,104,117,118,-1,104,118,95,-1,95,118,119,-1,95,119,93,-1,93,119,120,-1,93,120,121,-1,122,123,124,-1,124,123,125,-1,124,125,101,-1,101,125,126,-1,101,126,99,-1,99,126,127,-1,99,127,97,-1,63,128,112,-1,112,128,129,-1,112,129,111,-1,111,129,130,-1,111,130,109,-1,109,130,131,-1,109,131,116,-1,108,122,107,-1,107,122,124,-1,107,124,106,-1,106,124,101,-1,106,101,102,-1,102,101,100,-1,102,100,110,-1,110,100,115,-1,110,115,96,-1,96,115,79,-1,96,79,78,-1,132,133,134,-1,135,136,137,-1,138,139,140,-1,141,142,143,-1,143,142,144,-1,144,142,145,-1,144,145,146,-1,135,147,148,-1,148,147,149,-1,136,150,137,-1,137,150,151,-1,137,151,152,-1,153,154,150,-1,150,154,155,-1,150,155,151,-1,151,155,156,-1,151,156,152,-1,135,137,147,-1,147,137,152,-1,147,152,149,-1,149,152,157,-1,149,157,158,-1,158,157,132,-1,158,132,159,-1,159,132,134,-1,159,134,160,-1,144,161,143,-1,143,161,162,-1,143,162,163,-1,163,162,164,-1,163,164,165,-1,166,153,167,-1,167,153,150,-1,167,150,168,-1,168,150,136,-1,140,139,141,-1,139,169,141,-1,141,169,170,-1,141,170,142,-1,142,170,171,-1,142,171,145,-1,160,172,159,-1,159,172,173,-1,159,173,158,-1,158,173,174,-1,158,174,149,-1,149,174,175,-1,149,175,148,-1,154,138,155,-1,155,138,140,-1,155,140,156,-1,156,140,141,-1,156,141,152,-1,152,141,143,-1,152,143,157,-1,157,143,163,-1,157,163,132,-1,132,163,165,-1,132,165,133,-1,176,177,178,-1,179,161,144,-1,180,181,182,-1,182,181,183,-1,182,183,184,-1,185,186,187,-1,185,188,189,-1,189,188,190,-1,185,187,188,-1,188,187,178,-1,188,178,190,-1,190,178,177,-1,190,177,191,-1,186,185,192,-1,192,185,193,-1,192,193,194,-1,194,193,179,-1,194,179,195,-1,195,179,144,-1,195,144,146,-1,181,196,183,-1,183,196,197,-1,183,197,198,-1,198,197,164,-1,198,164,162,-1,192,199,186,-1,186,199,200,-1,186,200,187,-1,187,200,201,-1,187,201,178,-1,178,201,202,-1,178,202,176,-1,176,202,203,-1,176,203,204,-1,205,206,207,-1,207,206,208,-1,207,208,184,-1,184,208,209,-1,184,209,182,-1,182,209,210,-1,182,210,180,-1,146,211,195,-1,195,211,212,-1,195,212,194,-1,194,212,213,-1,194,213,192,-1,192,213,214,-1,192,214,199,-1,191,205,190,-1,190,205,207,-1,190,207,189,-1,189,207,184,-1,189,184,185,-1,185,184,183,-1,185,183,193,-1,193,183,198,-1,193,198,179,-1,179,198,162,-1,179,162,161,-1,215,216,217,-1,218,219,220,-1,221,222,223,-1,224,225,226,-1,226,225,227,-1,227,225,228,-1,227,228,229,-1,218,230,231,-1,231,230,232,-1,219,233,220,-1,220,233,234,-1,220,234,235,-1,236,237,233,-1,233,237,238,-1,233,238,234,-1,234,238,239,-1,234,239,235,-1,218,220,230,-1,230,220,235,-1,230,235,232,-1,232,235,240,-1,232,240,241,-1,241,240,215,-1,241,215,242,-1,242,215,217,-1,242,217,243,-1,227,244,226,-1,226,244,245,-1,226,245,246,-1,246,245,247,-1,246,247,248,-1,249,236,250,-1,250,236,233,-1,250,233,251,-1,251,233,219,-1,223,222,224,-1,222,252,224,-1,224,252,253,-1,224,253,225,-1,225,253,254,-1,225,254,228,-1,243,255,242,-1,242,255,256,-1,242,256,241,-1,241,256,257,-1,241,257,232,-1,232,257,258,-1,232,258,231,-1,237,221,238,-1,238,221,223,-1,238,223,239,-1,239,223,224,-1,239,224,235,-1,235,224,226,-1,235,226,240,-1,240,226,246,-1,240,246,215,-1,215,246,248,-1,215,248,216,-1,259,260,261,-1,262,244,227,-1,263,264,265,-1,265,264,266,-1,265,266,267,-1,268,269,270,-1,268,271,272,-1,272,271,273,-1,268,270,271,-1,271,270,261,-1,271,261,273,-1,273,261,260,-1,273,260,274,-1,269,268,275,-1,275,268,276,-1,275,276,277,-1,277,276,262,-1,277,262,278,-1,278,262,227,-1,278,227,229,-1,264,279,266,-1,266,279,280,-1,266,280,281,-1,281,280,247,-1,281,247,245,-1,275,282,269,-1,269,282,283,-1,269,283,270,-1,270,283,284,-1,270,284,261,-1,261,284,285,-1,261,285,259,-1,259,285,286,-1,259,286,287,-1,288,289,290,-1,290,289,291,-1,290,291,267,-1,267,291,292,-1,267,292,265,-1,265,292,293,-1,265,293,263,-1,229,294,278,-1,278,294,295,-1,278,295,277,-1,277,295,296,-1,277,296,275,-1,275,296,297,-1,275,297,282,-1,274,288,273,-1,273,288,290,-1,273,290,272,-1,272,290,267,-1,272,267,268,-1,268,267,266,-1,268,266,276,-1,276,266,281,-1,276,281,262,-1,262,281,245,-1,262,245,244,-1,298,299,300,-1,301,302,303,-1,304,305,306,-1,306,305,307,-1,306,307,308,-1,309,310,311,-1,309,312,313,-1,313,312,314,-1,309,311,312,-1,312,311,300,-1,312,300,314,-1,314,300,299,-1,314,299,315,-1,310,309,316,-1,316,309,317,-1,316,317,318,-1,318,317,301,-1,318,301,319,-1,319,301,303,-1,319,303,320,-1,305,321,307,-1,307,321,322,-1,307,322,323,-1,323,322,324,-1,323,324,325,-1,316,326,310,-1,310,326,327,-1,310,327,311,-1,311,327,328,-1,311,328,300,-1,300,328,329,-1,300,329,298,-1,298,329,330,-1,298,330,331,-1,332,333,334,-1,334,333,335,-1,334,335,308,-1,308,335,336,-1,308,336,306,-1,306,336,337,-1,306,337,304,-1,320,338,319,-1,319,338,339,-1,319,339,318,-1,318,339,340,-1,318,340,316,-1,316,340,341,-1,316,341,326,-1,315,332,314,-1,314,332,334,-1,314,334,313,-1,313,334,308,-1,313,308,309,-1,309,308,307,-1,309,307,317,-1,317,307,323,-1,317,323,301,-1,301,323,325,-1,301,325,302,-1,342,343,344,-1,345,346,347,-1,347,346,348,-1,349,321,305,-1,350,351,352,-1,352,351,353,-1,352,353,354,-1,355,356,357,-1,357,356,358,-1,355,359,356,-1,356,359,344,-1,356,344,358,-1,358,344,343,-1,358,343,360,-1,304,345,305,-1,305,345,347,-1,305,347,349,-1,349,347,348,-1,349,348,361,-1,361,348,362,-1,361,362,355,-1,355,362,363,-1,355,363,359,-1,351,364,353,-1,353,364,365,-1,353,365,366,-1,366,365,324,-1,366,324,322,-1,367,342,368,-1,368,342,344,-1,368,344,369,-1,369,344,359,-1,369,359,370,-1,370,359,363,-1,371,372,373,-1,373,372,374,-1,373,374,354,-1,354,374,375,-1,354,375,352,-1,352,375,376,-1,352,376,350,-1,346,377,348,-1,348,377,378,-1,348,378,362,-1,362,378,379,-1,362,379,363,-1,363,379,380,-1,363,380,370,-1,360,371,358,-1,358,371,373,-1,358,373,357,-1,357,373,354,-1,357,354,355,-1,355,354,353,-1,355,353,361,-1,361,353,366,-1,361,366,349,-1,349,366,322,-1,349,322,321,-1,381,382,383,-1,383,382,384,-1,385,386,387,-1,388,389,382,-1,382,389,390,-1,382,390,384,-1,388,382,391,-1,391,382,392,-1,391,392,393,-1,394,395,396,-1,396,395,397,-1,396,397,398,-1,394,399,395,-1,395,399,400,-1,395,400,392,-1,392,400,401,-1,392,401,393,-1,385,387,402,-1,402,387,403,-1,402,403,404,-1,404,403,405,-1,404,405,406,-1,406,407,404,-1,404,407,408,-1,404,408,397,-1,397,408,409,-1,397,409,398,-1,410,411,412,-1,399,394,413,-1,414,415,416,-1,417,418,419,-1,420,421,422,-1,423,424,425,-1,387,386,417,-1,416,408,407,-1,416,407,414,-1,414,407,406,-1,414,406,405,-1,415,414,419,-1,419,414,405,-1,419,405,417,-1,417,405,403,-1,417,403,387,-1,418,423,419,-1,419,423,425,-1,419,425,415,-1,415,425,426,-1,415,426,416,-1,416,426,427,-1,416,427,413,-1,413,427,428,-1,413,428,429,-1,429,428,430,-1,431,432,433,-1,433,432,434,-1,433,434,435,-1,436,390,389,-1,388,391,437,-1,437,391,429,-1,391,393,429,-1,429,393,401,-1,429,401,413,-1,413,401,400,-1,413,400,399,-1,434,438,435,-1,435,438,439,-1,435,439,440,-1,441,442,443,-1,442,444,443,-1,443,444,445,-1,443,445,446,-1,447,448,446,-1,449,447,450,-1,450,447,446,-1,450,446,451,-1,451,446,445,-1,452,441,453,-1,453,441,443,-1,453,443,454,-1,454,443,446,-1,455,456,457,-1,457,456,458,-1,458,456,459,-1,459,456,460,-1,459,460,430,-1,430,460,461,-1,430,461,429,-1,429,461,462,-1,429,462,437,-1,463,464,458,-1,458,464,465,-1,458,465,457,-1,331,330,466,-1,466,330,329,-1,466,329,328,-1,327,467,328,-1,328,467,468,-1,328,468,466,-1,326,341,469,-1,469,341,340,-1,469,340,339,-1,470,471,472,-1,472,473,470,-1,470,473,474,-1,470,474,467,-1,467,474,475,-1,467,475,468,-1,476,477,478,-1,478,477,479,-1,478,479,471,-1,471,479,480,-1,471,480,472,-1,410,412,481,-1,421,476,422,-1,422,476,478,-1,422,478,481,-1,481,478,471,-1,481,471,410,-1,410,471,470,-1,410,470,411,-1,411,470,467,-1,327,326,467,-1,467,326,469,-1,467,469,411,-1,411,469,339,-1,411,339,412,-1,412,339,338,-1,412,338,482,-1,482,338,320,-1,482,320,453,-1,453,320,483,-1,453,483,452,-1,439,484,440,-1,440,484,485,-1,440,485,436,-1,436,485,486,-1,436,486,487,-1,487,383,436,-1,436,383,384,-1,436,384,390,-1,394,396,413,-1,413,396,398,-1,413,398,416,-1,416,398,409,-1,416,409,408,-1,455,431,456,-1,456,431,433,-1,456,433,460,-1,460,433,435,-1,460,435,461,-1,461,435,440,-1,461,440,462,-1,462,440,436,-1,462,436,437,-1,437,436,389,-1,437,389,388,-1,448,463,446,-1,446,463,458,-1,446,458,454,-1,454,458,459,-1,454,459,453,-1,453,459,430,-1,453,430,482,-1,482,430,428,-1,482,428,412,-1,412,428,427,-1,412,427,481,-1,481,427,426,-1,481,426,422,-1,422,426,425,-1,422,425,420,-1,420,425,424,-1,488,489,490,-1,490,489,491,-1,492,364,351,-1,445,444,493,-1,494,495,496,-1,496,495,303,-1,303,495,483,-1,303,483,320,-1,497,498,499,-1,499,498,500,-1,450,451,497,-1,497,451,501,-1,497,501,498,-1,498,501,502,-1,498,502,500,-1,350,488,351,-1,351,488,490,-1,351,490,492,-1,492,490,491,-1,492,491,503,-1,503,491,504,-1,503,504,500,-1,500,504,505,-1,500,505,499,-1,303,302,496,-1,496,302,325,-1,496,325,506,-1,506,325,324,-1,506,324,365,-1,449,450,507,-1,507,450,497,-1,507,497,508,-1,508,497,499,-1,508,499,509,-1,509,499,505,-1,493,444,494,-1,444,442,494,-1,494,442,441,-1,494,441,495,-1,495,441,452,-1,495,452,483,-1,489,510,491,-1,491,510,511,-1,491,511,504,-1,504,511,512,-1,504,512,505,-1,505,512,513,-1,505,513,509,-1,451,445,501,-1,501,445,493,-1,501,493,502,-1,502,493,494,-1,502,494,500,-1,500,494,496,-1,500,496,503,-1,503,496,506,-1,503,506,492,-1,492,506,365,-1,492,365,364,-1,514,515,516,-1,517,518,519,-1,520,521,522,-1,516,523,524,-1,524,523,525,-1,524,525,526,-1,515,520,516,-1,516,520,522,-1,516,522,523,-1,523,522,527,-1,523,527,525,-1,525,527,528,-1,525,528,529,-1,530,514,531,-1,531,514,516,-1,531,516,532,-1,532,516,524,-1,532,524,533,-1,533,524,526,-1,534,535,536,-1,537,538,539,-1,539,538,540,-1,539,540,541,-1,542,543,536,-1,536,543,529,-1,536,529,534,-1,534,529,528,-1,542,536,544,-1,544,536,545,-1,544,545,546,-1,540,547,541,-1,541,547,548,-1,541,548,549,-1,332,315,550,-1,550,315,299,-1,550,299,551,-1,551,299,298,-1,551,298,552,-1,552,298,331,-1,553,554,550,-1,550,554,333,-1,550,333,332,-1,555,556,557,-1,557,556,558,-1,558,556,559,-1,559,556,560,-1,559,560,535,-1,535,560,561,-1,535,561,536,-1,536,561,562,-1,536,562,545,-1,563,564,558,-1,558,564,565,-1,558,565,557,-1,367,368,566,-1,566,368,369,-1,566,369,567,-1,567,369,568,-1,568,369,370,-1,568,370,380,-1,569,379,378,-1,570,571,572,-1,572,573,570,-1,570,573,574,-1,570,574,568,-1,568,574,575,-1,568,575,567,-1,576,577,578,-1,578,577,579,-1,578,579,571,-1,571,579,580,-1,571,580,572,-1,581,582,583,-1,583,582,584,-1,583,584,569,-1,518,576,519,-1,519,576,578,-1,519,578,581,-1,581,578,571,-1,581,571,582,-1,582,571,570,-1,582,570,584,-1,584,570,568,-1,584,568,569,-1,569,568,380,-1,569,380,379,-1,378,377,569,-1,569,377,346,-1,569,346,583,-1,583,346,345,-1,583,345,585,-1,585,345,304,-1,585,304,586,-1,586,304,337,-1,586,337,553,-1,553,337,336,-1,553,336,554,-1,554,336,335,-1,554,335,333,-1,548,587,549,-1,549,587,588,-1,549,588,589,-1,589,588,590,-1,589,590,591,-1,591,592,589,-1,589,592,593,-1,589,593,594,-1,543,595,529,-1,529,595,596,-1,529,596,525,-1,525,596,597,-1,525,597,526,-1,555,537,556,-1,556,537,539,-1,556,539,560,-1,560,539,541,-1,560,541,561,-1,561,541,549,-1,561,549,562,-1,562,549,589,-1,562,589,545,-1,545,589,594,-1,545,594,546,-1,551,563,550,-1,550,563,558,-1,550,558,553,-1,553,558,559,-1,553,559,586,-1,586,559,535,-1,586,535,585,-1,585,535,534,-1,585,534,583,-1,583,534,528,-1,583,528,581,-1,581,528,527,-1,581,527,519,-1,519,527,522,-1,519,522,517,-1,517,522,521,-1,598,599,600,-1,601,602,603,-1,604,605,606,-1,607,608,609,-1,610,611,612,-1,613,614,615,-1,616,614,617,-1,617,614,613,-1,617,613,618,-1,618,613,619,-1,610,612,620,-1,611,619,612,-1,612,619,613,-1,612,613,621,-1,621,613,615,-1,621,615,622,-1,623,624,625,-1,625,624,372,-1,625,372,371,-1,367,626,342,-1,342,626,627,-1,342,627,343,-1,343,627,625,-1,343,625,360,-1,360,625,371,-1,628,629,630,-1,631,508,509,-1,632,631,630,-1,630,631,633,-1,630,633,628,-1,513,512,634,-1,634,512,511,-1,509,513,631,-1,631,513,634,-1,631,634,633,-1,633,634,635,-1,633,635,628,-1,628,635,606,-1,628,606,629,-1,629,606,605,-1,629,605,636,-1,636,637,629,-1,629,637,638,-1,629,638,630,-1,630,638,639,-1,630,639,632,-1,640,641,642,-1,642,641,643,-1,644,607,645,-1,645,607,609,-1,645,609,646,-1,646,609,647,-1,646,647,648,-1,648,647,649,-1,640,649,641,-1,641,649,647,-1,641,647,650,-1,650,647,609,-1,651,604,652,-1,652,604,606,-1,652,606,653,-1,653,606,635,-1,653,635,654,-1,654,635,655,-1,654,655,622,-1,622,655,656,-1,622,656,621,-1,621,656,623,-1,621,623,612,-1,612,623,625,-1,612,625,620,-1,620,625,627,-1,657,658,651,-1,651,658,659,-1,651,659,604,-1,660,661,662,-1,662,661,663,-1,662,663,664,-1,665,666,667,-1,667,666,662,-1,667,662,668,-1,668,662,664,-1,666,669,662,-1,662,669,603,-1,662,603,660,-1,660,603,602,-1,665,670,666,-1,666,670,671,-1,666,671,669,-1,669,671,672,-1,669,672,603,-1,603,672,600,-1,603,600,601,-1,601,600,599,-1,670,673,671,-1,671,673,674,-1,671,674,643,-1,643,674,675,-1,643,675,642,-1,632,676,631,-1,631,676,677,-1,631,677,508,-1,508,677,678,-1,508,678,507,-1,507,678,449,-1,511,510,634,-1,634,510,489,-1,634,489,635,-1,635,489,488,-1,635,488,655,-1,655,488,350,-1,655,350,656,-1,656,350,376,-1,656,376,623,-1,623,376,375,-1,623,375,624,-1,624,375,374,-1,624,374,372,-1,659,679,604,-1,604,679,680,-1,604,680,605,-1,605,680,681,-1,605,681,636,-1,608,657,609,-1,609,657,651,-1,609,651,650,-1,650,651,652,-1,650,652,641,-1,641,652,653,-1,641,653,643,-1,643,653,654,-1,643,654,671,-1,671,654,622,-1,671,622,672,-1,672,622,615,-1,672,615,600,-1,600,615,614,-1,600,614,598,-1,598,614,616,-1,682,683,684,-1,685,686,687,-1,688,689,690,-1,691,692,687,-1,687,692,693,-1,687,693,685,-1,684,683,687,-1,687,683,694,-1,687,694,691,-1,695,696,697,-1,697,696,698,-1,697,698,699,-1,695,700,696,-1,696,700,701,-1,696,701,684,-1,684,701,702,-1,684,702,682,-1,688,690,703,-1,703,690,704,-1,703,704,705,-1,705,704,706,-1,705,706,707,-1,707,708,705,-1,705,708,709,-1,705,709,698,-1,698,709,710,-1,698,710,699,-1,711,712,713,-1,714,715,716,-1,717,718,719,-1,720,721,716,-1,716,721,722,-1,716,722,714,-1,713,712,716,-1,716,712,723,-1,716,723,720,-1,724,725,726,-1,726,725,727,-1,726,727,728,-1,724,729,725,-1,725,729,730,-1,725,730,713,-1,713,730,731,-1,713,731,711,-1,717,719,732,-1,732,719,733,-1,732,733,734,-1,734,733,735,-1,734,735,736,-1,736,737,734,-1,734,737,738,-1,734,738,727,-1,727,738,739,-1,727,739,728,-1,740,741,742,-1,700,695,743,-1,744,745,746,-1,747,748,749,-1,750,751,752,-1,753,754,755,-1,690,689,747,-1,746,709,708,-1,746,708,744,-1,744,708,707,-1,744,707,706,-1,745,744,749,-1,749,744,706,-1,749,706,747,-1,747,706,704,-1,747,704,690,-1,748,753,749,-1,749,753,755,-1,749,755,745,-1,745,755,756,-1,745,756,746,-1,746,756,757,-1,746,757,743,-1,743,757,758,-1,743,758,759,-1,759,758,760,-1,761,762,763,-1,763,762,764,-1,763,764,765,-1,766,692,691,-1,694,683,767,-1,767,683,759,-1,683,682,759,-1,759,682,702,-1,759,702,743,-1,743,702,701,-1,743,701,700,-1,764,768,765,-1,765,768,769,-1,765,769,770,-1,253,252,771,-1,252,222,771,-1,771,222,221,-1,771,221,772,-1,773,774,772,-1,249,773,236,-1,236,773,772,-1,236,772,237,-1,237,772,221,-1,254,253,775,-1,775,253,771,-1,775,771,776,-1,776,771,772,-1,777,778,779,-1,779,778,780,-1,780,778,781,-1,781,778,782,-1,781,782,760,-1,760,782,783,-1,760,783,759,-1,759,783,784,-1,759,784,767,-1,785,786,780,-1,780,786,787,-1,780,787,779,-1,287,286,788,-1,788,286,285,-1,788,285,284,-1,283,789,284,-1,284,789,790,-1,284,790,788,-1,282,297,791,-1,791,297,296,-1,791,296,295,-1,792,793,794,-1,794,795,792,-1,792,795,796,-1,792,796,789,-1,789,796,797,-1,789,797,790,-1,798,799,800,-1,800,799,801,-1,800,801,793,-1,793,801,802,-1,793,802,794,-1,740,742,803,-1,751,798,752,-1,752,798,800,-1,752,800,803,-1,803,800,793,-1,803,793,740,-1,740,793,792,-1,740,792,741,-1,741,792,789,-1,283,282,789,-1,789,282,791,-1,789,791,741,-1,741,791,295,-1,741,295,742,-1,742,295,294,-1,742,294,804,-1,804,294,229,-1,804,229,775,-1,775,229,228,-1,775,228,254,-1,769,805,770,-1,770,805,806,-1,770,806,766,-1,766,806,807,-1,766,807,808,-1,808,685,766,-1,766,685,693,-1,766,693,692,-1,695,697,743,-1,743,697,699,-1,743,699,746,-1,746,699,710,-1,746,710,709,-1,777,761,778,-1,778,761,763,-1,778,763,782,-1,782,763,765,-1,782,765,783,-1,783,765,770,-1,783,770,784,-1,784,770,766,-1,784,766,767,-1,767,766,691,-1,767,691,694,-1,774,785,772,-1,772,785,780,-1,772,780,776,-1,776,780,781,-1,776,781,775,-1,775,781,760,-1,775,760,804,-1,804,760,758,-1,804,758,742,-1,742,758,757,-1,742,757,803,-1,803,757,756,-1,803,756,752,-1,752,756,755,-1,752,755,750,-1,750,755,754,-1,809,810,811,-1,812,813,814,-1,815,816,817,-1,818,819,820,-1,821,822,823,-1,824,822,825,-1,825,822,821,-1,825,821,826,-1,826,821,827,-1,818,820,828,-1,829,830,831,-1,831,830,832,-1,831,832,833,-1,819,827,820,-1,820,827,821,-1,820,821,834,-1,834,821,823,-1,834,823,835,-1,836,837,838,-1,839,836,840,-1,840,836,838,-1,840,838,841,-1,841,838,830,-1,837,842,838,-1,838,842,843,-1,838,843,830,-1,830,843,844,-1,830,844,832,-1,845,846,847,-1,847,846,848,-1,849,846,850,-1,850,846,845,-1,850,845,851,-1,852,219,218,-1,853,852,848,-1,848,852,854,-1,848,854,847,-1,847,854,855,-1,847,855,845,-1,231,258,856,-1,856,258,257,-1,856,257,256,-1,849,857,846,-1,846,857,858,-1,846,858,848,-1,848,858,859,-1,848,859,853,-1,860,861,543,-1,543,542,860,-1,860,542,544,-1,860,544,862,-1,862,544,546,-1,862,546,594,-1,593,592,815,-1,593,815,594,-1,594,815,817,-1,594,817,862,-1,862,817,863,-1,862,863,860,-1,864,851,865,-1,865,851,845,-1,865,845,866,-1,866,845,855,-1,866,855,867,-1,867,855,868,-1,867,868,835,-1,835,868,840,-1,835,840,834,-1,834,840,841,-1,834,841,820,-1,820,841,830,-1,820,830,828,-1,828,830,829,-1,869,870,864,-1,864,870,871,-1,864,871,851,-1,872,873,874,-1,874,873,875,-1,533,876,532,-1,532,876,874,-1,532,874,531,-1,531,874,875,-1,531,875,530,-1,876,877,874,-1,874,877,814,-1,874,814,872,-1,872,814,813,-1,533,526,876,-1,876,526,878,-1,876,878,877,-1,877,878,879,-1,877,879,814,-1,814,879,811,-1,814,811,812,-1,812,811,810,-1,526,597,878,-1,878,597,596,-1,878,596,861,-1,861,596,595,-1,861,595,543,-1,880,249,250,-1,853,881,852,-1,852,881,882,-1,852,882,219,-1,219,882,880,-1,219,880,251,-1,251,880,250,-1,218,231,852,-1,852,231,856,-1,852,856,854,-1,854,856,256,-1,854,256,855,-1,855,256,255,-1,855,255,868,-1,868,255,243,-1,868,243,840,-1,840,243,883,-1,840,883,839,-1,871,884,851,-1,851,884,885,-1,851,885,850,-1,850,885,886,-1,850,886,849,-1,816,869,817,-1,817,869,864,-1,817,864,863,-1,863,864,865,-1,863,865,860,-1,860,865,866,-1,860,866,861,-1,861,866,867,-1,861,867,878,-1,878,867,835,-1,878,835,879,-1,879,835,823,-1,879,823,811,-1,811,823,822,-1,811,822,809,-1,809,822,824,-1,887,888,889,-1,890,891,892,-1,892,891,893,-1,894,895,896,-1,897,892,898,-1,898,892,893,-1,898,893,899,-1,899,893,900,-1,890,901,902,-1,902,670,903,-1,903,670,665,-1,903,665,667,-1,902,901,904,-1,890,902,891,-1,891,902,903,-1,891,903,893,-1,893,903,667,-1,893,667,900,-1,900,667,668,-1,900,668,664,-1,905,906,907,-1,908,909,910,-1,910,909,911,-1,910,911,912,-1,640,642,907,-1,907,642,904,-1,907,904,905,-1,905,904,901,-1,913,645,646,-1,913,914,915,-1,640,907,649,-1,649,907,916,-1,649,916,648,-1,911,917,912,-1,912,917,918,-1,912,918,914,-1,914,918,919,-1,914,919,915,-1,170,169,920,-1,169,139,920,-1,920,139,138,-1,920,138,921,-1,922,923,921,-1,166,922,153,-1,153,922,921,-1,153,921,154,-1,154,921,138,-1,171,170,924,-1,924,170,920,-1,924,920,925,-1,925,920,921,-1,926,927,928,-1,928,927,929,-1,929,927,930,-1,930,927,931,-1,930,931,906,-1,906,931,932,-1,906,932,907,-1,907,932,933,-1,907,933,916,-1,934,935,929,-1,929,935,936,-1,929,936,928,-1,204,203,937,-1,937,203,202,-1,937,202,201,-1,200,938,201,-1,201,938,939,-1,201,939,937,-1,199,214,940,-1,940,214,213,-1,940,213,212,-1,941,942,943,-1,943,944,941,-1,941,944,945,-1,941,945,938,-1,938,945,946,-1,938,946,939,-1,947,948,949,-1,949,948,950,-1,949,950,942,-1,942,950,951,-1,942,951,943,-1,887,889,952,-1,895,947,896,-1,896,947,949,-1,896,949,952,-1,952,949,942,-1,952,942,887,-1,887,942,941,-1,887,941,888,-1,888,941,938,-1,200,199,938,-1,938,199,940,-1,938,940,888,-1,888,940,212,-1,888,212,889,-1,889,212,211,-1,889,211,953,-1,953,211,146,-1,953,146,924,-1,924,146,145,-1,924,145,171,-1,644,645,954,-1,954,645,913,-1,954,913,955,-1,955,913,915,-1,642,675,904,-1,904,675,674,-1,904,674,902,-1,902,674,673,-1,902,673,670,-1,926,908,927,-1,927,908,910,-1,927,910,931,-1,931,910,912,-1,931,912,932,-1,932,912,914,-1,932,914,933,-1,933,914,913,-1,933,913,916,-1,916,913,646,-1,916,646,648,-1,923,934,921,-1,921,934,929,-1,921,929,925,-1,925,929,930,-1,925,930,924,-1,924,930,906,-1,924,906,953,-1,953,906,905,-1,953,905,889,-1,889,905,901,-1,889,901,952,-1,952,901,890,-1,952,890,896,-1,896,890,892,-1,896,892,894,-1,894,892,897,-1,956,957,958,-1,729,724,959,-1,960,961,962,-1,963,964,965,-1,966,967,968,-1,969,970,971,-1,719,718,963,-1,962,738,737,-1,962,737,960,-1,960,737,736,-1,960,736,735,-1,961,960,965,-1,965,960,735,-1,965,735,963,-1,963,735,733,-1,963,733,719,-1,964,969,965,-1,965,969,971,-1,965,971,961,-1,961,971,972,-1,961,972,962,-1,962,972,973,-1,962,973,959,-1,959,973,974,-1,959,974,975,-1,975,974,976,-1,977,978,979,-1,979,978,980,-1,979,980,981,-1,982,721,720,-1,723,712,983,-1,983,712,975,-1,712,711,975,-1,975,711,731,-1,975,731,959,-1,959,731,730,-1,959,730,729,-1,980,984,981,-1,981,984,985,-1,981,985,986,-1,987,988,989,-1,988,990,989,-1,989,990,991,-1,989,991,992,-1,993,994,992,-1,995,993,996,-1,996,993,992,-1,996,992,997,-1,997,992,991,-1,998,987,999,-1,999,987,989,-1,999,989,1000,-1,1000,989,992,-1,1001,1002,1003,-1,1003,1002,1004,-1,1004,1002,1005,-1,1005,1002,1006,-1,1005,1006,976,-1,976,1006,1007,-1,976,1007,975,-1,975,1007,1008,-1,975,1008,983,-1,1009,1010,1004,-1,1004,1010,1011,-1,1004,1011,1003,-1,166,167,1012,-1,1012,167,168,-1,1012,168,136,-1,135,1013,136,-1,136,1013,1014,-1,136,1014,1012,-1,148,175,1015,-1,1015,175,174,-1,1015,174,173,-1,1016,1017,1018,-1,1018,1019,1016,-1,1016,1019,1020,-1,1016,1020,1013,-1,1013,1020,1021,-1,1013,1021,1014,-1,1022,1023,1024,-1,1024,1023,1025,-1,1024,1025,1017,-1,1017,1025,1026,-1,1017,1026,1018,-1,956,958,1027,-1,967,1022,968,-1,968,1022,1024,-1,968,1024,1027,-1,1027,1024,1017,-1,1027,1017,956,-1,956,1017,1016,-1,956,1016,957,-1,957,1016,1013,-1,135,148,1013,-1,1013,148,1015,-1,1013,1015,957,-1,957,1015,173,-1,957,173,958,-1,958,173,172,-1,958,172,1028,-1,1028,172,160,-1,1028,160,999,-1,999,160,1029,-1,999,1029,998,-1,985,1030,986,-1,986,1030,1031,-1,986,1031,982,-1,982,1031,1032,-1,982,1032,1033,-1,1033,714,982,-1,982,714,722,-1,982,722,721,-1,724,726,959,-1,959,726,728,-1,959,728,962,-1,962,728,739,-1,962,739,738,-1,1001,977,1002,-1,1002,977,979,-1,1002,979,1006,-1,1006,979,981,-1,1006,981,1007,-1,1007,981,986,-1,1007,986,1008,-1,1008,986,982,-1,1008,982,983,-1,983,982,720,-1,983,720,723,-1,994,1009,992,-1,992,1009,1004,-1,992,1004,1000,-1,1000,1004,1005,-1,1000,1005,999,-1,999,1005,976,-1,999,976,1028,-1,1028,976,974,-1,1028,974,958,-1,958,974,973,-1,958,973,1027,-1,1027,973,972,-1,1027,972,968,-1,968,972,971,-1,968,971,966,-1,966,971,970,-1,1034,1035,1036,-1,1036,1035,1037,-1,1038,279,264,-1,843,842,1039,-1,1040,1041,1042,-1,1042,1041,217,-1,217,1041,883,-1,217,883,243,-1,1043,1044,1045,-1,1045,1044,1046,-1,832,844,1043,-1,1043,844,1047,-1,1043,1047,1044,-1,1044,1047,1048,-1,1044,1048,1046,-1,263,1034,264,-1,264,1034,1036,-1,264,1036,1038,-1,1038,1036,1037,-1,1038,1037,1049,-1,1049,1037,1050,-1,1049,1050,1046,-1,1046,1050,1051,-1,1046,1051,1045,-1,217,216,1042,-1,1042,216,248,-1,1042,248,1052,-1,1052,248,247,-1,1052,247,280,-1,833,832,1053,-1,1053,832,1043,-1,1053,1043,1054,-1,1054,1043,1045,-1,1054,1045,1055,-1,1055,1045,1051,-1,1039,842,1040,-1,842,837,1040,-1,1040,837,836,-1,1040,836,1041,-1,1041,836,839,-1,1041,839,883,-1,1035,1056,1037,-1,1037,1056,1057,-1,1037,1057,1050,-1,1050,1057,1058,-1,1050,1058,1051,-1,1051,1058,1059,-1,1051,1059,1055,-1,844,843,1047,-1,1047,843,1039,-1,1047,1039,1048,-1,1048,1039,1040,-1,1048,1040,1046,-1,1046,1040,1042,-1,1046,1042,1049,-1,1049,1042,1052,-1,1049,1052,1038,-1,1038,1052,280,-1,1038,280,279,-1,1060,1061,1062,-1,1062,1061,1063,-1,1064,196,181,-1,991,990,1065,-1,1066,1067,1068,-1,1068,1067,134,-1,134,1067,1029,-1,134,1029,160,-1,1069,1070,1071,-1,1071,1070,1072,-1,996,997,1069,-1,1069,997,1073,-1,1069,1073,1070,-1,1070,1073,1074,-1,1070,1074,1072,-1,180,1060,181,-1,181,1060,1062,-1,181,1062,1064,-1,1064,1062,1063,-1,1064,1063,1075,-1,1075,1063,1076,-1,1075,1076,1072,-1,1072,1076,1077,-1,1072,1077,1071,-1,134,133,1068,-1,1068,133,165,-1,1068,165,1078,-1,1078,165,164,-1,1078,164,197,-1,995,996,1079,-1,1079,996,1069,-1,1079,1069,1080,-1,1080,1069,1071,-1,1080,1071,1081,-1,1081,1071,1077,-1,1065,990,1066,-1,990,988,1066,-1,1066,988,987,-1,1066,987,1067,-1,1067,987,998,-1,1067,998,1029,-1,1061,1082,1063,-1,1063,1082,1083,-1,1063,1083,1076,-1,1076,1083,1084,-1,1076,1084,1077,-1,1077,1084,1085,-1,1077,1085,1081,-1,997,991,1073,-1,1073,991,1065,-1,1073,1065,1074,-1,1074,1065,1066,-1,1074,1066,1072,-1,1072,1066,1068,-1,1072,1068,1075,-1,1075,1068,1078,-1,1075,1078,1064,-1,1064,1078,197,-1,1064,197,196,-1,1086,1087,1088,-1,1089,1090,1091,-1,1092,1093,1094,-1,1088,1095,1096,-1,1096,1095,1097,-1,1096,1097,1098,-1,1087,1092,1088,-1,1088,1092,1094,-1,1088,1094,1095,-1,1095,1094,1099,-1,1095,1099,1097,-1,1097,1099,1100,-1,1097,1100,1101,-1,1102,1086,1103,-1,1103,1086,1088,-1,1103,1088,1104,-1,1104,1088,1096,-1,1104,1096,1105,-1,1105,1096,1098,-1,1106,1107,1108,-1,1109,1110,1111,-1,1111,1110,1112,-1,1111,1112,1113,-1,1114,1115,1108,-1,1108,1115,1101,-1,1108,1101,1106,-1,1106,1101,1100,-1,1114,1108,1116,-1,1116,1108,1117,-1,1116,1117,1118,-1,1112,1119,1113,-1,1113,1119,1120,-1,1113,1120,1121,-1,288,274,1122,-1,1122,274,260,-1,1122,260,1123,-1,1123,260,259,-1,1123,259,1124,-1,1124,259,287,-1,1125,1126,1122,-1,1122,1126,289,-1,1122,289,288,-1,1127,1128,1129,-1,1129,1128,1130,-1,1130,1128,1131,-1,1131,1128,1132,-1,1131,1132,1107,-1,1107,1132,1133,-1,1107,1133,1108,-1,1108,1133,1134,-1,1108,1134,1117,-1,1135,1136,1130,-1,1130,1136,1137,-1,1130,1137,1129,-1,833,1053,1138,-1,1138,1053,1054,-1,1138,1054,1139,-1,1139,1054,1140,-1,1140,1054,1055,-1,1140,1055,1059,-1,1141,1058,1057,-1,1142,1143,1144,-1,1144,1145,1142,-1,1142,1145,1146,-1,1142,1146,1140,-1,1140,1146,1147,-1,1140,1147,1139,-1,1148,1149,1150,-1,1150,1149,1151,-1,1150,1151,1143,-1,1143,1151,1152,-1,1143,1152,1144,-1,1153,1154,1155,-1,1155,1154,1156,-1,1155,1156,1141,-1,1090,1148,1091,-1,1091,1148,1150,-1,1091,1150,1153,-1,1153,1150,1143,-1,1153,1143,1154,-1,1154,1143,1142,-1,1154,1142,1156,-1,1156,1142,1140,-1,1156,1140,1141,-1,1141,1140,1059,-1,1141,1059,1058,-1,1057,1056,1141,-1,1141,1056,1035,-1,1141,1035,1155,-1,1155,1035,1034,-1,1155,1034,1157,-1,1157,1034,263,-1,1157,263,1158,-1,1158,263,293,-1,1158,293,1125,-1,1125,293,292,-1,1125,292,1126,-1,1126,292,291,-1,1126,291,289,-1,1120,1159,1121,-1,1121,1159,1160,-1,1121,1160,1161,-1,1161,1160,1162,-1,1161,1162,1163,-1,1163,1164,1161,-1,1161,1164,1165,-1,1161,1165,1166,-1,1115,1167,1101,-1,1101,1167,1168,-1,1101,1168,1097,-1,1097,1168,1169,-1,1097,1169,1098,-1,1127,1109,1128,-1,1128,1109,1111,-1,1128,1111,1132,-1,1132,1111,1113,-1,1132,1113,1133,-1,1133,1113,1121,-1,1133,1121,1134,-1,1134,1121,1161,-1,1134,1161,1117,-1,1117,1161,1166,-1,1117,1166,1118,-1,1123,1135,1122,-1,1122,1135,1130,-1,1122,1130,1125,-1,1125,1130,1131,-1,1125,1131,1158,-1,1158,1131,1107,-1,1158,1107,1157,-1,1157,1107,1106,-1,1157,1106,1155,-1,1155,1106,1100,-1,1155,1100,1153,-1,1153,1100,1099,-1,1153,1099,1091,-1,1091,1099,1094,-1,1091,1094,1089,-1,1089,1094,1093,-1,1170,1171,1172,-1,1173,1174,1175,-1,1176,1177,1178,-1,1179,1180,1181,-1,1182,1183,1184,-1,1185,1186,1187,-1,1188,1186,1189,-1,1189,1186,1185,-1,1189,1185,1190,-1,1190,1185,1191,-1,1182,1184,1192,-1,1183,1191,1184,-1,1184,1191,1185,-1,1184,1185,1193,-1,1193,1185,1187,-1,1193,1187,1194,-1,1195,1196,1197,-1,1197,1196,206,-1,1197,206,205,-1,204,1198,176,-1,176,1198,1199,-1,176,1199,177,-1,177,1199,1197,-1,177,1197,191,-1,191,1197,205,-1,1200,1201,1202,-1,1203,1080,1081,-1,1204,1203,1202,-1,1202,1203,1205,-1,1202,1205,1200,-1,1085,1084,1206,-1,1206,1084,1083,-1,1081,1085,1203,-1,1203,1085,1206,-1,1203,1206,1205,-1,1205,1206,1207,-1,1205,1207,1200,-1,1200,1207,1178,-1,1200,1178,1201,-1,1201,1178,1177,-1,1201,1177,1208,-1,1208,1209,1201,-1,1201,1209,1210,-1,1201,1210,1202,-1,1202,1210,1211,-1,1202,1211,1204,-1,1212,1213,1214,-1,1214,1213,1215,-1,1216,1179,1217,-1,1217,1179,1181,-1,1217,1181,1218,-1,1218,1181,1219,-1,1218,1219,1220,-1,1220,1219,1221,-1,1212,1221,1213,-1,1213,1221,1219,-1,1213,1219,1222,-1,1222,1219,1181,-1,1223,1176,1224,-1,1224,1176,1178,-1,1224,1178,1225,-1,1225,1178,1207,-1,1225,1207,1226,-1,1226,1207,1227,-1,1226,1227,1194,-1,1194,1227,1228,-1,1194,1228,1193,-1,1193,1228,1195,-1,1193,1195,1184,-1,1184,1195,1197,-1,1184,1197,1192,-1,1192,1197,1199,-1,1229,1230,1223,-1,1223,1230,1231,-1,1223,1231,1176,-1,1232,1233,1234,-1,1234,1233,1235,-1,1234,1235,1236,-1,1237,1238,1239,-1,1239,1238,1234,-1,1239,1234,1240,-1,1240,1234,1236,-1,1238,1241,1234,-1,1234,1241,1175,-1,1234,1175,1232,-1,1232,1175,1174,-1,1237,1242,1238,-1,1238,1242,1243,-1,1238,1243,1241,-1,1241,1243,1244,-1,1241,1244,1175,-1,1175,1244,1172,-1,1175,1172,1173,-1,1173,1172,1171,-1,1242,1245,1243,-1,1243,1245,1246,-1,1243,1246,1215,-1,1215,1246,1247,-1,1215,1247,1214,-1,1204,1248,1203,-1,1203,1248,1249,-1,1203,1249,1080,-1,1080,1249,1250,-1,1080,1250,1079,-1,1079,1250,995,-1,1083,1082,1206,-1,1206,1082,1061,-1,1206,1061,1207,-1,1207,1061,1060,-1,1207,1060,1227,-1,1227,1060,180,-1,1227,180,1228,-1,1228,180,210,-1,1228,210,1195,-1,1195,210,209,-1,1195,209,1196,-1,1196,209,208,-1,1196,208,206,-1,1231,1251,1176,-1,1176,1251,1252,-1,1176,1252,1177,-1,1177,1252,1253,-1,1177,1253,1208,-1,1180,1229,1181,-1,1181,1229,1223,-1,1181,1223,1222,-1,1222,1223,1224,-1,1222,1224,1213,-1,1213,1224,1225,-1,1213,1225,1215,-1,1215,1225,1226,-1,1215,1226,1243,-1,1243,1226,1194,-1,1243,1194,1244,-1,1244,1194,1187,-1,1244,1187,1172,-1,1172,1187,1186,-1,1172,1186,1170,-1,1170,1186,1188,-1,1254,1255,1256,-1,1257,1258,1259,-1,1260,1261,1262,-1,1263,1264,1265,-1,1266,1267,1268,-1,1269,1267,1270,-1,1270,1267,1266,-1,1270,1266,1271,-1,1271,1266,1272,-1,1263,1265,1273,-1,1274,1275,1276,-1,1276,1275,70,-1,1276,70,83,-1,1264,1272,1265,-1,1265,1272,1266,-1,1265,1266,1277,-1,1277,1266,1268,-1,1277,1268,1278,-1,87,86,1279,-1,88,87,1280,-1,1280,87,1279,-1,1280,1279,1281,-1,1281,1279,1275,-1,86,56,1279,-1,1279,56,55,-1,1279,55,1275,-1,1275,55,71,-1,1275,71,70,-1,1282,1283,1284,-1,1284,1283,1285,-1,1286,1283,1287,-1,1287,1283,1282,-1,1287,1282,1288,-1,1289,118,117,-1,1290,1289,1285,-1,1285,1289,1291,-1,1285,1291,1284,-1,1284,1291,1292,-1,1284,1292,1282,-1,116,131,1293,-1,1293,131,130,-1,1293,130,129,-1,1286,1294,1283,-1,1283,1294,1295,-1,1283,1295,1285,-1,1285,1295,1296,-1,1285,1296,1290,-1,1297,1298,1115,-1,1115,1114,1297,-1,1297,1114,1116,-1,1297,1116,1299,-1,1299,1116,1118,-1,1299,1118,1166,-1,1165,1164,1260,-1,1165,1260,1166,-1,1166,1260,1262,-1,1166,1262,1299,-1,1299,1262,1300,-1,1299,1300,1297,-1,1301,1288,1302,-1,1302,1288,1282,-1,1302,1282,1303,-1,1303,1282,1292,-1,1303,1292,1304,-1,1304,1292,1305,-1,1304,1305,1278,-1,1278,1305,1280,-1,1278,1280,1277,-1,1277,1280,1281,-1,1277,1281,1265,-1,1265,1281,1275,-1,1265,1275,1273,-1,1273,1275,1274,-1,1306,1307,1301,-1,1301,1307,1308,-1,1301,1308,1288,-1,1309,1310,1311,-1,1311,1310,1312,-1,1105,1313,1104,-1,1104,1313,1311,-1,1104,1311,1103,-1,1103,1311,1312,-1,1103,1312,1102,-1,1313,1314,1311,-1,1311,1314,1259,-1,1311,1259,1309,-1,1309,1259,1258,-1,1105,1098,1313,-1,1313,1098,1315,-1,1313,1315,1314,-1,1314,1315,1316,-1,1314,1316,1259,-1,1259,1316,1256,-1,1259,1256,1257,-1,1257,1256,1255,-1,1098,1169,1315,-1,1315,1169,1168,-1,1315,1168,1298,-1,1298,1168,1167,-1,1298,1167,1115,-1,1317,121,120,-1,1290,1318,1289,-1,1289,1318,1319,-1,1289,1319,118,-1,118,1319,1317,-1,118,1317,119,-1,119,1317,120,-1,117,116,1289,-1,1289,116,1293,-1,1289,1293,1291,-1,1291,1293,129,-1,1291,129,1292,-1,1292,129,128,-1,1292,128,1305,-1,1305,128,63,-1,1305,63,1280,-1,1280,63,62,-1,1280,62,88,-1,1308,1320,1288,-1,1288,1320,1321,-1,1288,1321,1287,-1,1287,1321,1322,-1,1287,1322,1286,-1,1261,1306,1262,-1,1262,1306,1301,-1,1262,1301,1300,-1,1300,1301,1302,-1,1300,1302,1297,-1,1297,1302,1303,-1,1297,1303,1298,-1,1298,1303,1304,-1,1298,1304,1315,-1,1315,1304,1278,-1,1315,1278,1316,-1,1316,1278,1268,-1,1316,1268,1256,-1,1256,1268,1267,-1,1256,1267,1254,-1,1254,1267,1269,-1,1323,1324,1325,-1,1326,1327,1328,-1,1328,1327,1329,-1,1330,1331,1332,-1,1333,1328,1334,-1,1334,1328,1329,-1,1334,1329,1335,-1,1335,1329,1336,-1,1326,1337,1338,-1,1338,1242,1339,-1,1339,1242,1237,-1,1339,1237,1239,-1,1338,1337,1340,-1,1326,1338,1327,-1,1327,1338,1339,-1,1327,1339,1329,-1,1329,1339,1239,-1,1329,1239,1336,-1,1336,1239,1240,-1,1336,1240,1236,-1,1341,1342,1343,-1,1344,1345,1346,-1,1346,1345,1347,-1,1346,1347,1348,-1,1212,1214,1343,-1,1343,1214,1340,-1,1343,1340,1341,-1,1341,1340,1337,-1,1349,1217,1218,-1,1349,1350,1351,-1,1212,1343,1221,-1,1221,1343,1352,-1,1221,1352,1220,-1,1347,1353,1348,-1,1348,1353,1354,-1,1348,1354,1350,-1,1350,1354,1355,-1,1350,1355,1351,-1,1356,1357,1358,-1,1357,1359,1358,-1,1358,1359,1360,-1,1358,1360,1361,-1,1362,1363,1361,-1,1364,1362,1365,-1,1365,1362,1361,-1,1365,1361,1366,-1,1366,1361,1360,-1,1367,1356,1368,-1,1368,1356,1358,-1,1368,1358,1369,-1,1369,1358,1361,-1,1370,1371,1372,-1,1372,1371,1373,-1,1373,1371,1374,-1,1374,1371,1375,-1,1374,1375,1342,-1,1342,1375,1376,-1,1342,1376,1343,-1,1343,1376,1377,-1,1343,1377,1352,-1,1378,1379,1373,-1,1373,1379,1380,-1,1373,1380,1372,-1,83,84,1381,-1,1381,84,85,-1,1381,85,53,-1,52,1382,53,-1,53,1382,1383,-1,53,1383,1381,-1,65,92,1384,-1,1384,92,91,-1,1384,91,90,-1,1385,1386,1387,-1,1387,1388,1385,-1,1385,1388,1389,-1,1385,1389,1382,-1,1382,1389,1390,-1,1382,1390,1383,-1,1391,1392,1393,-1,1393,1392,1394,-1,1393,1394,1386,-1,1386,1394,1395,-1,1386,1395,1387,-1,1323,1325,1396,-1,1331,1391,1332,-1,1332,1391,1393,-1,1332,1393,1396,-1,1396,1393,1386,-1,1396,1386,1323,-1,1323,1386,1385,-1,1323,1385,1324,-1,1324,1385,1382,-1,52,65,1382,-1,1382,65,1384,-1,1382,1384,1324,-1,1324,1384,90,-1,1324,90,1325,-1,1325,90,89,-1,1325,89,1397,-1,1397,89,77,-1,1397,77,1368,-1,1368,77,1398,-1,1368,1398,1367,-1,1216,1217,1399,-1,1399,1217,1349,-1,1399,1349,1400,-1,1400,1349,1351,-1,1214,1247,1340,-1,1340,1247,1246,-1,1340,1246,1338,-1,1338,1246,1245,-1,1338,1245,1242,-1,1370,1344,1371,-1,1371,1344,1346,-1,1371,1346,1375,-1,1375,1346,1348,-1,1375,1348,1376,-1,1376,1348,1350,-1,1376,1350,1377,-1,1377,1350,1349,-1,1377,1349,1352,-1,1352,1349,1218,-1,1352,1218,1220,-1,1363,1378,1361,-1,1361,1378,1373,-1,1361,1373,1369,-1,1369,1373,1374,-1,1369,1374,1368,-1,1368,1374,1342,-1,1368,1342,1397,-1,1397,1342,1341,-1,1397,1341,1325,-1,1325,1341,1337,-1,1325,1337,1396,-1,1396,1337,1326,-1,1396,1326,1332,-1,1332,1326,1328,-1,1332,1328,1330,-1,1330,1328,1333,-1,1401,1402,1403,-1,1403,1402,1404,-1,1405,113,98,-1,1360,1359,1406,-1,1407,1408,1409,-1,1409,1408,51,-1,51,1408,1398,-1,51,1398,77,-1,1410,1411,1412,-1,1412,1411,1413,-1,1365,1366,1410,-1,1410,1366,1414,-1,1410,1414,1411,-1,1411,1414,1415,-1,1411,1415,1413,-1,97,1401,98,-1,98,1401,1403,-1,98,1403,1405,-1,1405,1403,1404,-1,1405,1404,1416,-1,1416,1404,1417,-1,1416,1417,1413,-1,1413,1417,1418,-1,1413,1418,1412,-1,51,50,1409,-1,1409,50,82,-1,1409,82,1419,-1,1419,82,81,-1,1419,81,114,-1,1364,1365,1420,-1,1420,1365,1410,-1,1420,1410,1421,-1,1421,1410,1412,-1,1421,1412,1422,-1,1422,1412,1418,-1,1406,1359,1407,-1,1359,1357,1407,-1,1407,1357,1356,-1,1407,1356,1408,-1,1408,1356,1367,-1,1408,1367,1398,-1,1402,1423,1404,-1,1404,1423,1424,-1,1404,1424,1417,-1,1417,1424,1425,-1,1417,1425,1418,-1,1418,1425,1426,-1,1418,1426,1422,-1,1366,1360,1414,-1,1414,1360,1406,-1,1414,1406,1415,-1,1415,1406,1407,-1,1415,1407,1413,-1,1413,1407,1409,-1,1413,1409,1416,-1,1416,1409,1419,-1,1416,1419,1405,-1,1405,1419,114,-1,1405,114,113,-1,1427,1428,1429,-1,1430,1431,1432,-1,1433,1434,1429,-1,1429,1434,1435,-1,1429,1435,1427,-1,1436,1437,1438,-1,1438,1437,1439,-1,1438,1439,1440,-1,1436,1441,1437,-1,1437,1441,1442,-1,1437,1442,1429,-1,1429,1442,1443,-1,1429,1443,1433,-1,1440,1439,1444,-1,1444,1439,1445,-1,1444,1445,1446,-1,1447,1448,1445,-1,1445,1448,1449,-1,1445,1449,1446,-1,1430,1432,1450,-1,1450,1432,1451,-1,1450,1451,1447,-1,1447,1451,1452,-1,1447,1452,1453,-1,1453,1454,1447,-1,1447,1454,1455,-1,1447,1455,1448,-1,1440,1444,1456,-1,1457,1458,1459,-1,1460,1461,1462,-1,1463,1464,1465,-1,1466,1467,1468,-1,1432,1431,1460,-1,1459,1455,1454,-1,1459,1454,1457,-1,1457,1454,1453,-1,1457,1453,1452,-1,1458,1457,1462,-1,1462,1457,1452,-1,1462,1452,1460,-1,1460,1452,1451,-1,1460,1451,1432,-1,1461,1466,1462,-1,1462,1466,1468,-1,1462,1468,1458,-1,1458,1468,1469,-1,1458,1469,1459,-1,1459,1469,1470,-1,1459,1470,1456,-1,1456,1470,1471,-1,1456,1471,1472,-1,1472,1471,1473,-1,1474,1475,1476,-1,1476,1475,1477,-1,1476,1477,1478,-1,1479,1434,1433,-1,1443,1442,1480,-1,1480,1442,1472,-1,1442,1441,1472,-1,1472,1441,1436,-1,1472,1436,1456,-1,1456,1436,1438,-1,1456,1438,1440,-1,1477,1481,1478,-1,1478,1481,1482,-1,1478,1482,1483,-1,122,108,1484,-1,1484,108,94,-1,1484,94,1485,-1,1485,94,93,-1,1485,93,1486,-1,1486,93,121,-1,1487,1488,1484,-1,1484,1488,123,-1,1484,123,122,-1,1489,1490,1491,-1,1491,1490,1492,-1,1492,1490,1493,-1,1493,1490,1494,-1,1493,1494,1473,-1,1473,1494,1495,-1,1473,1495,1472,-1,1472,1495,1496,-1,1472,1496,1480,-1,1497,1498,1492,-1,1492,1498,1499,-1,1492,1499,1491,-1,1364,1420,1500,-1,1500,1420,1421,-1,1500,1421,1501,-1,1501,1421,1502,-1,1502,1421,1422,-1,1502,1422,1426,-1,1503,1425,1424,-1,1504,1505,1506,-1,1506,1507,1504,-1,1504,1507,1508,-1,1504,1508,1502,-1,1502,1508,1509,-1,1502,1509,1501,-1,1510,1511,1512,-1,1512,1511,1513,-1,1512,1513,1505,-1,1505,1513,1514,-1,1505,1514,1506,-1,1515,1516,1517,-1,1517,1516,1518,-1,1517,1518,1503,-1,1464,1510,1465,-1,1465,1510,1512,-1,1465,1512,1515,-1,1515,1512,1505,-1,1515,1505,1516,-1,1516,1505,1504,-1,1516,1504,1518,-1,1518,1504,1502,-1,1518,1502,1503,-1,1503,1502,1426,-1,1503,1426,1425,-1,1424,1423,1503,-1,1503,1423,1402,-1,1503,1402,1517,-1,1517,1402,1401,-1,1517,1401,1519,-1,1519,1401,97,-1,1519,97,1520,-1,1520,97,127,-1,1520,127,1487,-1,1487,127,126,-1,1487,126,1488,-1,1488,126,125,-1,1488,125,123,-1,1482,1521,1483,-1,1483,1521,1522,-1,1483,1522,1479,-1,1479,1522,1523,-1,1479,1523,1524,-1,1524,1427,1479,-1,1479,1427,1435,-1,1479,1435,1434,-1,1444,1446,1456,-1,1456,1446,1449,-1,1456,1449,1459,-1,1459,1449,1448,-1,1459,1448,1455,-1,1489,1474,1490,-1,1490,1474,1476,-1,1490,1476,1494,-1,1494,1476,1478,-1,1494,1478,1495,-1,1495,1478,1483,-1,1495,1483,1496,-1,1496,1483,1479,-1,1496,1479,1480,-1,1480,1479,1433,-1,1480,1433,1443,-1,1485,1497,1484,-1,1484,1497,1492,-1,1484,1492,1487,-1,1487,1492,1493,-1,1487,1493,1520,-1,1520,1493,1473,-1,1520,1473,1519,-1,1519,1473,1471,-1,1519,1471,1517,-1,1517,1471,1470,-1,1517,1470,1515,-1,1515,1470,1469,-1,1515,1469,1465,-1,1465,1469,1468,-1,1465,1468,1463,-1,1463,1468,1467,-1,1525,1526,1527,-1,1528,1529,1530,-1,1530,1529,1531,-1,1530,1531,1532,-1,1532,1531,1533,-1,1532,1533,1534,-1,1534,1533,1535,-1,1534,1535,1536,-1,1536,1535,1537,-1,1536,1537,1538,-1,1538,1537,1539,-1,1538,1539,1540,-1,1540,1539,1541,-1,1540,1541,1542,-1,1541,1543,1542,-1,1542,1543,1544,-1,1542,1544,1545,-1,1545,1544,1546,-1,1545,1546,1547,-1,1547,1546,1548,-1,1547,1548,1549,-1,1549,1548,1550,-1,1549,1550,1551,-1,1551,1550,1552,-1,1551,1552,1553,-1,1553,1552,1554,-1,1553,1554,1527,-1,1527,1554,1555,-1,1527,1555,1525,-1,1556,1557,1558,-1,1558,1557,1559,-1,1558,1559,1560,-1,1560,1559,1561,-1,1560,1561,1562,-1,1562,1561,1563,-1,1562,1563,1564,-1,1564,1563,1565,-1,1564,1565,1566,-1,1566,1565,1567,-1,1566,1567,1568,-1,1525,1569,1526,-1,1526,1569,1570,-1,1526,1570,1571,-1,1571,1570,1572,-1,1571,1572,1573,-1,1573,1572,1574,-1,1573,1574,1575,-1,1575,1574,1576,-1,1575,1576,1577,-1,1577,1576,1578,-1,1577,1578,1579,-1,1579,1578,1580,-1,1579,1580,1581,-1,1580,1582,1581,-1,1581,1582,1583,-1,1581,1583,1584,-1,1584,1583,1585,-1,1584,1585,1586,-1,1586,1585,1587,-1,1586,1587,1588,-1,1588,1587,1589,-1,1588,1589,1590,-1,1590,1589,1591,-1,1590,1591,1592,-1,1592,1591,1593,-1,1592,1593,1594,-1,1594,1593,1595,-1,1594,1595,1556,-1,1556,1595,1596,-1,1556,1596,1557,-1,1597,1598,1599,-1,1599,1598,1600,-1,1599,1600,1601,-1,1601,1600,1602,-1,1601,1602,1603,-1,1603,1602,1604,-1,1603,1604,1605,-1,1605,1604,1606,-1,1605,1606,1607,-1,1607,1606,1608,-1,1607,1608,1528,-1,1528,1608,1609,-1,1528,1609,1529,-1,1567,1610,1568,-1,1568,1610,1611,-1,1568,1611,1612,-1,1612,1611,1613,-1,1612,1613,1614,-1,1614,1613,1615,-1,1614,1615,1616,-1,1616,1615,1617,-1,1616,1617,1618,-1,1618,1617,1619,-1,1618,1619,1620,-1,1620,1619,1621,-1,1620,1621,1622,-1,1622,1621,1623,-1,1622,1623,1597,-1,1597,1623,1624,-1,1597,1624,1598,-1,1625,1626,1627,-1,1627,1626,1628,-1,1627,1628,1629,-1,1629,1628,1630,-1,1629,1630,1631,-1,1631,1630,1632,-1,1631,1632,1633,-1,1633,1632,1634,-1,1633,1634,1635,-1,1635,1634,1636,-1,1635,1636,1637,-1,1638,1639,1640,-1,1640,1639,1641,-1,1640,1641,1642,-1,1642,1641,1643,-1,1642,1643,1644,-1,1644,1643,1645,-1,1644,1645,1646,-1,1646,1645,1647,-1,1646,1647,1648,-1,1648,1647,1649,-1,1648,1649,1650,-1,1650,1649,1651,-1,1650,1651,1625,-1,1625,1651,1652,-1,1625,1652,1626,-1,1653,1654,1655,-1,1655,1654,1656,-1,1655,1656,1657,-1,1657,1656,1658,-1,1657,1658,1659,-1,1659,1658,1660,-1,1659,1660,1661,-1,1661,1660,1662,-1,1661,1662,1663,-1,1663,1662,1664,-1,1663,1664,1665,-1,1665,1664,1666,-1,1665,1666,1667,-1,1636,1668,1637,-1,1637,1668,1669,-1,1637,1669,1670,-1,1670,1669,1671,-1,1670,1671,1672,-1,1672,1671,1673,-1,1672,1673,1674,-1,1674,1673,1675,-1,1674,1675,25,-1,25,1675,1676,-1,25,1676,1677,-1,1677,1676,1678,-1,1677,1678,1679,-1,1679,1678,1680,-1,1679,1680,1681,-1,1,1682,1683,-1,1683,1682,1684,-1,1683,1684,1685,-1,1685,1684,1686,-1,1685,1686,1687,-1,1687,1686,1688,-1,1687,1688,1689,-1,1689,1688,1690,-1,1689,1690,1691,-1,1691,1690,1692,-1,1691,1692,1638,-1,1638,1692,1693,-1,1638,1693,1639,-1,1694,1695,1,-1,1,1695,1696,-1,1,1696,1682,-1,1666,1697,1667,-1,1667,1697,1698,-1,1667,1698,1699,-1,1699,1698,1700,-1,1699,1700,1701,-1,1701,1700,1702,-1,1701,1702,1703,-1,1703,1702,1704,-1,1703,1704,1705,-1,1705,1704,1706,-1,1705,1706,1707,-1,1707,1706,1708,-1,1707,1708,1694,-1,1694,1708,1709,-1,1694,1709,1695,-1,1680,1710,1681,-1,1681,1710,1711,-1,1681,1711,1712,-1,1712,1711,1713,-1,1712,1713,1714,-1,1714,1713,1715,-1,1714,1715,1716,-1,1716,1715,1717,-1,1716,1717,1718,-1,1718,1717,1719,-1,1718,1719,1720,-1,1720,1719,1721,-1,1720,1721,1653,-1,1653,1721,1722,-1,1653,1722,1654,-1,1570,1569,1696,-1,1696,1569,1682,-1,1569,1525,1682,-1,1682,1525,1555,-1,1682,1555,1684,-1,1684,1555,1554,-1,1684,1554,1686,-1,1686,1554,1552,-1,1686,1552,1688,-1,1688,1552,1550,-1,1688,1550,1690,-1,1690,1550,1548,-1,1690,1548,1692,-1,1692,1548,1546,-1,1692,1546,1693,-1,1693,1546,1544,-1,1693,1544,1639,-1,1639,1544,1543,-1,1639,1543,1641,-1,1641,1543,1541,-1,1641,1541,1643,-1,1643,1541,1539,-1,1643,1539,1645,-1,1645,1539,1537,-1,1645,1537,1647,-1,1647,1537,1535,-1,1647,1535,1649,-1,1649,1535,1533,-1,1649,1533,1651,-1,1651,1533,1531,-1,1651,1531,1652,-1,1652,1531,1529,-1,1652,1529,1626,-1,1626,1529,1609,-1,1626,1609,1628,-1,1628,1609,1608,-1,1628,1608,1630,-1,1630,1608,1606,-1,1630,1606,1632,-1,1632,1606,1604,-1,1632,1604,1634,-1,1634,1604,1602,-1,1634,1602,1636,-1,1636,1602,1600,-1,1636,1600,1668,-1,1668,1600,1598,-1,1668,1598,1669,-1,1669,1598,1624,-1,1669,1624,1671,-1,1671,1624,1623,-1,1671,1623,1673,-1,1673,1623,1621,-1,1673,1621,1675,-1,1675,1621,1619,-1,1675,1619,1676,-1,1676,1619,1617,-1,1676,1617,1678,-1,1678,1617,1615,-1,1678,1615,1680,-1,1680,1615,1613,-1,1680,1613,1710,-1,1710,1613,1611,-1,1710,1611,1711,-1,1711,1611,1610,-1,1711,1610,1713,-1,1713,1610,1567,-1,1713,1567,1715,-1,1715,1567,1565,-1,1715,1565,1717,-1,1717,1565,1563,-1,1717,1563,1719,-1,1719,1563,1561,-1,1719,1561,1721,-1,1721,1561,1559,-1,1721,1559,1722,-1,1722,1559,1557,-1,1722,1557,1654,-1,1654,1557,1596,-1,1654,1596,1656,-1,1656,1596,1595,-1,1656,1595,1658,-1,1658,1595,1593,-1,1658,1593,1660,-1,1660,1593,1591,-1,1660,1591,1662,-1,1662,1591,1589,-1,1662,1589,1664,-1,1664,1589,1587,-1,1664,1587,1666,-1,1666,1587,1585,-1,1666,1585,1697,-1,1697,1585,1583,-1,1697,1583,1698,-1,1698,1583,1582,-1,1698,1582,1700,-1,1700,1582,1580,-1,1700,1580,1702,-1,1702,1580,1578,-1,1702,1578,1704,-1,1704,1578,1576,-1,1704,1576,1706,-1,1706,1576,1574,-1,1706,1574,1708,-1,1708,1574,1572,-1,1708,1572,1709,-1,1709,1572,1570,-1,1709,1570,1695,-1,1695,1570,1696,-1,1618,25,1616,-1,1616,25,1677,-1,1616,1677,1614,-1,1614,1677,1679,-1,1614,1679,1612,-1,1612,1679,1681,-1,1612,1681,1568,-1,1568,1681,1712,-1,1568,1712,1566,-1,1566,1712,1714,-1,1566,1714,1564,-1,1564,1714,1716,-1,1564,1716,1562,-1,1562,1716,1718,-1,1562,1718,1560,-1,1560,1718,1720,-1,1560,1720,1558,-1,1558,1720,1653,-1,1558,1653,1556,-1,1556,1653,1655,-1,1556,1655,1594,-1,1594,1655,1657,-1,1594,1657,1592,-1,1592,1657,1659,-1,1592,1659,1590,-1,1590,1659,1661,-1,1590,1661,1588,-1,1588,1661,1663,-1,1588,1663,1586,-1,1586,1663,1665,-1,1586,1665,1584,-1,1584,1665,1667,-1,1584,1667,1581,-1,1581,1667,1699,-1,1581,1699,1579,-1,1579,1699,1701,-1,1579,1701,1577,-1,1577,1701,1703,-1,1577,1703,1575,-1,1575,1703,1705,-1,1575,1705,1573,-1,1573,1705,1707,-1,1573,1707,1571,-1,1571,1707,1694,-1,1571,1694,1526,-1,1526,1694,1,-1,1526,1,1527,-1,1527,1,1683,-1,1527,1683,1553,-1,1553,1683,1685,-1,1553,1685,1551,-1,1551,1685,1687,-1,1551,1687,1549,-1,1549,1687,1689,-1,1549,1689,1547,-1,1547,1689,1691,-1,1547,1691,1545,-1,1545,1691,1638,-1,1545,1638,1542,-1,1542,1638,1640,-1,1542,1640,1540,-1,1540,1640,1642,-1,1540,1642,1538,-1,1538,1642,1644,-1,1538,1644,1536,-1,1536,1644,1646,-1,1536,1646,1534,-1,1534,1646,1648,-1,1534,1648,1532,-1,1532,1648,1650,-1,1532,1650,1530,-1,1530,1650,1625,-1,1530,1625,1528,-1,1528,1625,1627,-1,1528,1627,1607,-1,1607,1627,1629,-1,1607,1629,1605,-1,1605,1629,1631,-1,1605,1631,1603,-1,1603,1631,1633,-1,1603,1633,1601,-1,1601,1633,1635,-1,1601,1635,1599,-1,1599,1635,1637,-1,1599,1637,1597,-1,1597,1637,1670,-1,1597,1670,1622,-1,1622,1670,1672,-1,1622,1672,1620,-1,1620,1672,1674,-1,1620,1674,1618,-1,1618,1674,25,-1,1723,1724,1725,-1,1725,1724,1726,-1,1725,1726,1727,-1,1727,1726,1728,-1,1727,1728,1729,-1,1729,1728,1730,-1,1729,1730,1731,-1,1731,1730,1732,-1,1731,1732,1733,-1,1733,1732,1734,-1,1733,1734,1735,-1,1735,1734,1736,-1,1735,1736,1737,-1,1737,1736,1738,-1,1737,1738,1739,-1,1739,1738,1740,-1,1739,1740,1741,-1,1741,1740,1742,-1,1741,1742,1743,-1,1743,1742,1744,-1,1743,1744,1745,-1,1745,1744,1746,-1,1745,1746,1747,-1,1747,1746,1748,-1,1747,1748,1749,-1,1749,1748,1750,-1,1749,1750,1751,-1,1751,1750,1752,-1,1751,1752,1753,-1,1753,1752,1754,-1,1753,1754,1755,-1,1755,1754,1756,-1,1755,1756,1757,-1,1757,1756,1758,-1,1757,1758,1759,-1,1759,1758,1760,-1,1759,1760,1761,-1,1761,1760,1762,-1,1761,1762,1763,-1,1763,1762,1764,-1,1763,1764,1765,-1,1765,1764,1766,-1,1765,1766,1767,-1,1767,1766,1768,-1,1767,1768,1769,-1,1769,1768,1770,-1,1769,1770,1771,-1,1771,1770,1772,-1,1771,1772,1773,-1,1773,1772,1774,-1,1773,1774,1775,-1,1775,1774,1776,-1,1775,1776,1777,-1,1777,1776,1778,-1,1777,1778,1779,-1,1779,1778,1780,-1,1779,1780,1781,-1,1781,1780,1782,-1,1781,1782,1723,-1,1723,1782,1724,-1,1726,1724,1783,-1,1783,1724,1782,-1,1783,1782,1780,-1,1732,1730,1783,-1,1783,1730,1728,-1,1783,1728,1726,-1,1738,1736,1783,-1,1783,1736,1734,-1,1783,1734,1732,-1,1744,1742,1783,-1,1783,1742,1740,-1,1783,1740,1738,-1,1750,1748,1783,-1,1783,1748,1746,-1,1783,1746,1744,-1,1756,1754,1783,-1,1783,1754,1752,-1,1783,1752,1750,-1,1762,1760,1783,-1,1783,1760,1758,-1,1783,1758,1756,-1,1768,1766,1783,-1,1783,1766,1764,-1,1783,1764,1762,-1,1774,1772,1783,-1,1783,1772,1770,-1,1783,1770,1768,-1,1780,1778,1783,-1,1783,1778,1776,-1,1783,1776,1774,-1,1779,1781,1784,-1,1784,1781,1723,-1,1784,1723,1725,-1,1773,1775,1784,-1,1784,1775,1777,-1,1784,1777,1779,-1,1767,1769,1784,-1,1784,1769,1771,-1,1784,1771,1773,-1,1761,1763,1784,-1,1784,1763,1765,-1,1784,1765,1767,-1,1755,1757,1784,-1,1784,1757,1759,-1,1784,1759,1761,-1,1749,1751,1784,-1,1784,1751,1753,-1,1784,1753,1755,-1,1743,1745,1784,-1,1784,1745,1747,-1,1784,1747,1749,-1,1737,1739,1784,-1,1784,1739,1741,-1,1784,1741,1743,-1,1731,1733,1784,-1,1784,1733,1735,-1,1784,1735,1737,-1,1725,1727,1784,-1,1784,1727,1729,-1,1784,1729,1731,-1,1785,1786,1787,-1,1787,1786,1788,-1,1787,1788,1789,-1,1789,1788,1790,-1,1789,1790,1791,-1,1791,1790,1792,-1,1791,1792,1793,-1,1793,1792,1794,-1,1793,1794,1795,-1,1795,1794,1796,-1,1795,1796,1797,-1,1797,1796,1798,-1,1797,1798,1799,-1,1799,1798,1800,-1,1799,1800,1801,-1,1801,1800,1802,-1,1801,1802,1803,-1,1803,1802,1804,-1,1803,1804,1805,-1,1805,1804,1806,-1,1805,1806,1807,-1,1807,1806,1808,-1,1807,1808,1809,-1,1809,1808,1810,-1,1809,1810,1811,-1,1811,1810,1812,-1,1811,1812,1813,-1,1813,1812,1814,-1,1813,1814,1815,-1,1815,1814,1816,-1,1815,1816,1817,-1,1817,1816,1818,-1,1817,1818,1819,-1,1819,1818,1820,-1,1819,1820,1821,-1,1821,1820,1822,-1,1821,1822,1823,-1,1823,1822,1824,-1,1823,1824,1825,-1,1825,1824,1826,-1,1825,1826,1827,-1,1827,1826,1828,-1,1827,1828,1829,-1,1829,1828,1830,-1,1829,1830,1831,-1,1831,1830,1832,-1,1831,1832,1833,-1,1833,1832,1834,-1,1833,1834,1835,-1,1835,1834,1836,-1,1835,1836,1837,-1,1837,1836,1838,-1,1837,1838,1839,-1,1839,1838,1840,-1,1839,1840,1841,-1,1841,1840,1842,-1,1841,1842,1843,-1,1843,1842,1844,-1,1843,1844,1785,-1,1785,1844,1786,-1,1818,1816,1845,-1,1845,1816,1814,-1,1845,1814,1812,-1,1824,1822,1845,-1,1845,1822,1820,-1,1845,1820,1818,-1,1830,1828,1845,-1,1845,1828,1826,-1,1845,1826,1824,-1,1836,1834,1845,-1,1845,1834,1832,-1,1845,1832,1830,-1,1842,1840,1845,-1,1845,1840,1838,-1,1845,1838,1836,-1,1788,1786,1845,-1,1845,1786,1844,-1,1845,1844,1842,-1,1794,1792,1845,-1,1845,1792,1790,-1,1845,1790,1788,-1,1800,1798,1845,-1,1845,1798,1796,-1,1845,1796,1794,-1,1806,1804,1845,-1,1845,1804,1802,-1,1845,1802,1800,-1,1812,1810,1845,-1,1845,1810,1808,-1,1845,1808,1806,-1,1811,1813,1846,-1,1846,1813,1815,-1,1846,1815,1817,-1,1805,1807,1846,-1,1846,1807,1809,-1,1846,1809,1811,-1,1799,1801,1846,-1,1846,1801,1803,-1,1846,1803,1805,-1,1793,1795,1846,-1,1846,1795,1797,-1,1846,1797,1799,-1,1787,1789,1846,-1,1846,1789,1791,-1,1846,1791,1793,-1,1841,1843,1846,-1,1846,1843,1785,-1,1846,1785,1787,-1,1835,1837,1846,-1,1846,1837,1839,-1,1846,1839,1841,-1,1829,1831,1846,-1,1846,1831,1833,-1,1846,1833,1835,-1,1823,1825,1846,-1,1846,1825,1827,-1,1846,1827,1829,-1,1817,1819,1846,-1,1846,1819,1821,-1,1846,1821,1823,-1,1847,1848,1849,-1,1849,1848,1850,-1,1849,1850,1851,-1,1851,1850,1852,-1,1851,1852,1853,-1,1853,1852,1854,-1,1853,1854,1855,-1,1855,1854,1856,-1,1855,1856,1857,-1,1857,1856,1858,-1,1857,1858,1859,-1,1859,1858,1860,-1,1859,1860,1861,-1,1861,1860,1862,-1,1861,1862,1863,-1,1863,1862,1864,-1,1863,1864,1865,-1,1865,1864,1866,-1,1865,1866,1867,-1,1867,1866,1868,-1,1867,1868,1869,-1,1869,1868,1870,-1,1869,1870,1871,-1,1871,1870,1872,-1,1871,1872,1873,-1,1873,1872,1874,-1,1873,1874,1875,-1,1875,1874,1876,-1,1875,1876,1877,-1,1877,1876,1878,-1,1877,1878,1879,-1,1879,1878,1880,-1,1879,1880,1881,-1,1881,1880,1882,-1,1881,1882,1883,-1,1883,1882,1884,-1,1883,1884,1885,-1,1885,1884,1886,-1,1885,1886,1887,-1,1887,1886,1888,-1,1887,1888,1889,-1,1889,1888,1890,-1,1889,1890,1891,-1,1891,1890,1892,-1,1891,1892,1893,-1,1893,1892,1894,-1,1893,1894,1895,-1,1895,1894,1896,-1,1895,1896,1897,-1,1897,1896,1898,-1,1897,1898,1899,-1,1899,1898,1900,-1,1899,1900,1901,-1,1901,1900,1902,-1,1901,1902,1903,-1,1903,1902,1904,-1,1903,1904,1905,-1,1905,1904,1906,-1,1905,1906,1847,-1,1847,1906,1848,-1,1850,1848,1907,-1,1907,1848,1906,-1,1907,1906,1904,-1,1856,1854,1907,-1,1907,1854,1852,-1,1907,1852,1850,-1,1862,1860,1907,-1,1907,1860,1858,-1,1907,1858,1856,-1,1868,1866,1907,-1,1907,1866,1864,-1,1907,1864,1862,-1,1874,1872,1907,-1,1907,1872,1870,-1,1907,1870,1868,-1,1880,1878,1907,-1,1907,1878,1876,-1,1907,1876,1874,-1,1886,1884,1907,-1,1907,1884,1882,-1,1907,1882,1880,-1,1892,1890,1907,-1,1907,1890,1888,-1,1907,1888,1886,-1,1898,1896,1907,-1,1907,1896,1894,-1,1907,1894,1892,-1,1904,1902,1907,-1,1907,1902,1900,-1,1907,1900,1898,-1,1903,1905,1908,-1,1908,1905,1847,-1,1908,1847,1849,-1,1897,1899,1908,-1,1908,1899,1901,-1,1908,1901,1903,-1,1891,1893,1908,-1,1908,1893,1895,-1,1908,1895,1897,-1,1885,1887,1908,-1,1908,1887,1889,-1,1908,1889,1891,-1,1879,1881,1908,-1,1908,1881,1883,-1,1908,1883,1885,-1,1873,1875,1908,-1,1908,1875,1877,-1,1908,1877,1879,-1,1867,1869,1908,-1,1908,1869,1871,-1,1908,1871,1873,-1,1861,1863,1908,-1,1908,1863,1865,-1,1908,1865,1867,-1,1855,1857,1908,-1,1908,1857,1859,-1,1908,1859,1861,-1,1849,1851,1908,-1,1908,1851,1853,-1,1908,1853,1855,-1,1909,1910,1911,-1,1911,1910,1912,-1,1911,1912,1913,-1,1913,1912,1914,-1,1913,1914,1915,-1,1915,1914,1916,-1,1915,1916,1917,-1,1917,1916,1918,-1,1917,1918,1919,-1,1919,1918,1920,-1,1919,1920,1921,-1,1921,1920,1922,-1,1921,1922,1923,-1,1923,1922,1924,-1,1923,1924,1925,-1,1925,1924,1926,-1,1925,1926,1927,-1,1927,1926,1928,-1,1927,1928,1929,-1,1929,1928,1930,-1,1929,1930,1931,-1,1931,1930,1932,-1,1931,1932,1933,-1,1933,1932,1934,-1,1933,1934,1935,-1,1935,1934,1936,-1,1935,1936,1937,-1,1937,1936,1938,-1,1937,1938,1939,-1,1939,1938,1940,-1,1939,1940,1941,-1,1941,1940,1942,-1,1941,1942,1943,-1,1943,1942,1944,-1,1943,1944,1945,-1,1945,1944,1946,-1,1945,1946,1947,-1,1947,1946,1948,-1,1947,1948,1949,-1,1949,1948,1950,-1,1949,1950,1951,-1,1951,1950,1952,-1,1951,1952,1953,-1,1953,1952,1954,-1,1953,1954,1955,-1,1955,1954,1956,-1,1955,1956,1957,-1,1957,1956,1958,-1,1957,1958,1959,-1,1959,1958,1960,-1,1959,1960,1961,-1,1961,1960,1962,-1,1961,1962,1963,-1,1963,1962,1964,-1,1963,1964,1965,-1,1965,1964,1966,-1,1965,1966,1967,-1,1967,1966,1968,-1,1967,1968,1909,-1,1909,1968,1910,-1,1942,1940,1969,-1,1969,1940,1938,-1,1969,1938,1936,-1,1948,1946,1969,-1,1969,1946,1944,-1,1969,1944,1942,-1,1954,1952,1969,-1,1969,1952,1950,-1,1969,1950,1948,-1,1960,1958,1969,-1,1969,1958,1956,-1,1969,1956,1954,-1,1966,1964,1969,-1,1969,1964,1962,-1,1969,1962,1960,-1,1912,1910,1969,-1,1969,1910,1968,-1,1969,1968,1966,-1,1918,1916,1969,-1,1969,1916,1914,-1,1969,1914,1912,-1,1924,1922,1969,-1,1969,1922,1920,-1,1969,1920,1918,-1,1930,1928,1969,-1,1969,1928,1926,-1,1969,1926,1924,-1,1936,1934,1969,-1,1969,1934,1932,-1,1969,1932,1930,-1,1935,1937,1970,-1,1970,1937,1939,-1,1970,1939,1941,-1,1929,1931,1970,-1,1970,1931,1933,-1,1970,1933,1935,-1,1923,1925,1970,-1,1970,1925,1927,-1,1970,1927,1929,-1,1917,1919,1970,-1,1970,1919,1921,-1,1970,1921,1923,-1,1911,1913,1970,-1,1970,1913,1915,-1,1970,1915,1917,-1,1965,1967,1970,-1,1970,1967,1909,-1,1970,1909,1911,-1,1959,1961,1970,-1,1970,1961,1963,-1,1970,1963,1965,-1,1953,1955,1970,-1,1970,1955,1957,-1,1970,1957,1959,-1,1947,1949,1970,-1,1970,1949,1951,-1,1970,1951,1953,-1,1941,1943,1970,-1,1970,1943,1945,-1,1970,1945,1947,-1,
        ]
    }
}