ISO-10303-21;
HEADER;
FILE_DESCRIPTION (( 'STEP AP203' ),
    '1' );
FILE_NAME ('395-016-520-202.STEP',
    '2019-10-15T17:11:25',
    ( '' ),
    ( '' ),
    'SwSTEP 2.0',
    'SolidWorks 2016',
    '' );
FILE_SCHEMA (( 'CONFIG_CONTROL_DESIGN' ));
ENDSEC;

DATA;
#1 = CARTESIAN_POINT ( 'NONE',  ( 0.2126803834564883800, 0.09923518725162754100, -0.02499999999965101300 ) ) ;
#2 = ORIENTED_EDGE ( 'NONE', *, *, #861, .T. ) ;
#3 = CARTESIAN_POINT ( 'NONE',  ( 0.8374999999999999100, 0.05000000000000000300, -0.1499999999999999900 ) ) ;
#4 = DIRECTION ( 'NONE',  ( 1.000000000000000000, -0.0000000000000000000, -0.0000000000000000000 ) ) ;
#5 = ORIENTED_EDGE ( 'NONE', *, *, #9650, .T. ) ;
#6 = DIRECTION ( 'NONE',  ( 0.0000000000000000000, 1.000000000000000000, -0.0000000000000000000 ) ) ;
#7 = DIRECTION ( 'NONE',  ( -0.0000000000000000000, -0.0000000000000000000, 1.000000000000000000 ) ) ;
#8 = ORIENTED_EDGE ( 'NONE', *, *, #7826, .F. ) ;
#9 = AXIS2_PLACEMENT_3D ( 'NONE', #642, #444, #1986 ) ;
#10 = CARTESIAN_POINT ( 'NONE',  ( 0.7374999999999998200, 0.2699999999999999100, -0.2220000000000000600 ) ) ;
#11 = DIRECTION ( 'NONE',  ( 1.000000000000000000, 0.0000000000000000000, 0.0000000000000000000 ) ) ;
#12 = CC_DESIGN_SECURITY_CLASSIFICATION ( #8598, ( #5899 ) ) ;
#13 = PLANE ( 'NONE',  #3906 ) ;
#14 = DIRECTION ( 'NONE',  ( 1.000000000000000000, 0.0000000000000000000, 0.0000000000000000000 ) ) ;
#15 = CARTESIAN_POINT ( 'NONE',  ( 0.3564999999999999300, 0.5999999999999999800, -0.2820000000000000800 ) ) ;
#16 = ADVANCED_FACE ( 'NONE', ( #9851 ), #3654, .F. ) ;
#17 = CIRCLE ( 'NONE', #8304, 0.03999999999999998000 ) ;
#18 = PERSON_AND_ORGANIZATION_ROLE ( 'creator' ) ;
#19 = EDGE_CURVE ( 'NONE', #2437, #1234, #9788, .T. ) ;
#20 = CARTESIAN_POINT ( 'NONE',  ( 0.4974999999999998900, 0.3450000000000002000, -0.2725000000000000200 ) ) ;
#21 = DIRECTION ( 'NONE',  ( 1.000000000000000000, 0.0000000000000000000, 0.0000000000000000000 ) ) ;
#22 = AXIS2_PLACEMENT_3D ( 'NONE', #1930, #7592, #9165 ) ;
#23 = VECTOR ( 'NONE', #6823, 39.37007874015748100 ) ;
#24 = ORIENTED_EDGE ( 'NONE', *, *, #1861, .F. ) ;
#25 = LOCAL_TIME ( 13, 11, 25.00000000000000000, #2674 ) ;
#26 = DIRECTION ( 'NONE',  ( 1.000000000000000000, -0.0000000000000000000, -0.0000000000000000000 ) ) ;
#27 = ORIENTED_EDGE ( 'NONE', *, *, #4884, .T. ) ;
#28 = PLANE ( 'NONE',  #6707 ) ;
#29 = VECTOR ( 'NONE', #8236, 39.37007874015748100 ) ;
#30 = DIRECTION ( 'NONE',  ( 1.000000000000000000, 9.479654821764528500E-013, -3.681989669470783100E-013 ) ) ;
#31 = CARTESIAN_POINT ( 'NONE',  ( 1.197499999999999800, 0.5579999999999996100, -0.03899999999999866800 ) ) ;
#32 = ORIENTED_EDGE ( 'NONE', *, *, #4504, .T. ) ;
#33 = CARTESIAN_POINT ( 'NONE',  ( 0.9374999999999998900, 0.5180000000000000200, -0.2210000000000000000 ) ) ;
#34 = CARTESIAN_POINT ( 'NONE',  ( 0.4374999999999998900, 0.5999999999999999800, -0.2974999999999999900 ) ) ;
#35 = CARTESIAN_POINT ( 'NONE',  ( 0.6132132034334405500, 0.01600000000097535200, 0.01499999999909518800 ) ) ;
#36 = ORIENTED_EDGE ( 'NONE', *, *, #5471, .F. ) ;
#37 = VERTEX_POINT ( 'NONE', #4962 ) ;
#38 = DIRECTION ( 'NONE',  ( 1.000000000000000000, -0.0000000000000000000, 0.0000000000000000000 ) ) ;
#39 = VERTEX_POINT ( 'NONE', #8585 ) ;
#40 = CARTESIAN_POINT ( 'NONE',  ( 0.6940679471871663600, 0.4094147637527243400, -0.01000000000000000000 ) ) ;
#41 = EDGE_CURVE ( 'NONE', #10034, #7474, #9222, .T. ) ;
#42 = VECTOR ( 'NONE', #6142, 39.37007874015748100 ) ;
#43 = VECTOR ( 'NONE', #10181, 39.37007874015748100 ) ;
#44 = PRODUCT_DEFINITION_SHAPE ( 'NONE', 'NONE',  #10995 ) ;
#45 = LINE ( 'NONE', #749, #6351 ) ;
#46 = ADVANCED_FACE ( 'NONE', ( #9844 ), #9182, .T. ) ;
#47 = APPROVAL_DATE_TIME ( #2695, #5151 ) ;
#48 = VERTEX_POINT ( 'NONE', #8689 ) ;
#49 = DIRECTION ( 'NONE',  ( -0.0000000000000000000, 0.0000000000000000000, -1.000000000000000000 ) ) ;
#50 = VERTEX_POINT ( 'NONE', #4873 ) ;
#51 = EDGE_LOOP ( 'NONE', ( #7883, #7615, #1817, #9087 ) ) ;
#52 = CARTESIAN_POINT ( 'NONE',  ( 0.6371370600050838600, 0.3181290308573566100, -0.01000000000000000000 ) ) ;
#53 = LINE ( 'NONE', #360, #4867 ) ;
#54 = DIRECTION ( 'NONE',  ( 0.0000000000000000000, 0.0000000000000000000, -1.000000000000000000 ) ) ;
#55 = DIRECTION ( 'NONE',  ( -1.000000000000000000, 0.0000000000000000000, 0.0000000000000000000 ) ) ;
#56 = VECTOR ( 'NONE', #5840, 39.37007874015748100 ) ;
#57 = CARTESIAN_POINT ( 'NONE',  ( 1.137499999999999700, 0.2699999999999999100, -0.2210000000000000900 ) ) ;
#58 = VERTEX_POINT ( 'NONE', #2488 ) ;
#59 = ORIENTED_EDGE ( 'NONE', *, *, #3779, .F. ) ;
#60 = LINE ( 'NONE', #6816, #183 ) ;
#61 = CARTESIAN_POINT ( 'NONE',  ( 0.0000000000000000000, 0.5999999999999999800, -0.1090000000000002600 ) ) ;
#62 = EDGE_CURVE ( 'NONE', #9462, #8396, #9176, .T. ) ;
#63 = CARTESIAN_POINT ( 'NONE',  ( 1.097499999999999900, 0.2699999999999999100, -0.2220000000000000600 ) ) ;
#64 = CARTESIAN_POINT ( 'NONE',  ( 0.8462132034330358500, 0.02650000000100956700, -0.007500000007008134200 ) ) ;
#65 = EDGE_CURVE ( 'NONE', #1486, #5566, #9192, .T. ) ;
#66 = PERSON_AND_ORGANIZATION_ROLE ( 'design_owner' ) ;
#67 = DIRECTION ( 'NONE',  ( -0.0000000000000000000, 0.0000000000000000000, 1.000000000000000000 ) ) ;
#68 = CARTESIAN_POINT ( 'NONE',  ( 0.4374999999999998900, 0.5579999999999996100, -0.07250000000000000900 ) ) ;
#69 = AXIS2_PLACEMENT_3D ( 'NONE', #4992, #4647, #3527 ) ;
#70 = FACE_BOUND ( 'NONE', #4457, .T. ) ;
#71 = DIRECTION ( 'NONE',  ( 9.476450482283153200E-013, 1.000000000000000000, 7.789823685978804900E-013 ) ) ;
#72 = CARTESIAN_POINT ( 'NONE',  ( 0.9021601555077856100, 0.2268432979619844400, -0.01000000000000000000 ) ) ;
#73 = CARTESIAN_POINT ( 'NONE',  ( 0.3462132034351258500, 0.01250000000068501400, 9.875630497096311600E-013 ) ) ;
#74 = VECTOR ( 'NONE', #5032, 39.37007874015748100 ) ;
#75 = ORIENTED_EDGE ( 'NONE', *, *, #3315, .T. ) ;
#76 = PRODUCT_DEFINITION_SHAPE ( 'NONE', 'NONE',  #11009 ) ;
#77 = DIRECTION ( 'NONE',  ( -1.000000000000000000, -0.0000000000000000000, -0.0000000000000000000 ) ) ;
#78 = ORIENTED_EDGE ( 'NONE', *, *, #7545, .F. ) ;
#79 = ADVANCED_FACE ( 'NONE', ( #9136 ), #6242, .T. ) ;
#80 = VECTOR ( 'NONE', #4282, 39.37007874015748100 ) ;
#81 = ORIENTED_EDGE ( 'NONE', *, *, #1972, .F. ) ;
#82 = DIRECTION ( 'NONE',  ( 1.000000000000000000, 0.0000000000000000000, -0.0000000000000000000 ) ) ;
#83 = AXIS2_PLACEMENT_3D ( 'NONE', #3436, #9129, #4287 ) ;
#84 = ORIENTED_EDGE ( 'NONE', *, *, #10364, .T. ) ;
#85 = DIRECTION ( 'NONE',  ( -1.000000000000000000, -0.0000000000000000000, -0.0000000000000000000 ) ) ;
#86 = CIRCLE ( 'NONE', #7262, 0.01000000000015175000 ) ;
#87 = ORIENTED_EDGE ( 'NONE', *, *, #8278, .F. ) ;
#88 = CARTESIAN_POINT ( 'NONE',  ( 1.104362961706153000, 0.2965345564089702500, 0.0000000000000000000 ) ) ;
#89 = ORIENTED_EDGE ( 'NONE', *, *, #4134, .T. ) ;
#90 = ORIENTED_EDGE ( 'NONE', *, *, #9164, .T. ) ;
#91 = ORIENTED_EDGE ( 'NONE', *, *, #10332, .F. ) ;
#92 = EDGE_LOOP ( 'NONE', ( #862, #1545, #10856, #9223, #2684, #1316 ) ) ;
#93 = CARTESIAN_POINT ( 'NONE',  ( 0.5802132034340811200, 0.01250000000080996200, -0.02500000000590066300 ) ) ;
#94 = CARTESIAN_POINT ( 'NONE',  ( 0.6832707099629759000, 0.2268432979619829900, 0.0000000000000000000 ) ) ;
#95 = LINE ( 'NONE', #3410, #4903 ) ;
#96 = DIRECTION ( 'NONE',  ( -0.0000000000000000000, 0.0000000000000000000, 1.000000000000000000 ) ) ;
#97 = ORIENTED_EDGE ( 'NONE', *, *, #8734, .F. ) ;
#98 = DIRECTION ( 'NONE',  ( 3.681989669462878400E-013, -7.789823685977714400E-013, -1.000000000000000000 ) ) ;
#99 = FACE_OUTER_BOUND ( 'NONE', #1147, .T. ) ;
#100 = CARTESIAN_POINT ( 'NONE',  ( 0.5374999999999999800, 0.2699999999999999100, -0.2220000000000000900 ) ) ;
#101 = EDGE_CURVE ( 'NONE', #394, #3766, #9667, .T. ) ;
#102 = DIRECTION ( 'NONE',  ( 0.0000000000000000000, 1.871128762783744900E-015, -1.000000000000000000 ) ) ;
#103 = APPROVAL ( #5131, 'UNKNOWN' ) ;
#104 = CARTESIAN_POINT ( 'NONE',  ( 0.9924643213828182600, 0.2668421540424528200, -0.01000000000000000000 ) ) ;
#105 = CARTESIAN_POINT ( 'NONE',  ( 0.9374999999999998900, 0.3450000000000002000, -0.2725000000000000200 ) ) ;
#106 = ORIENTED_EDGE ( 'NONE', *, *, #2460, .T. ) ;
#107 = LINE ( 'NONE', #5030, #4914 ) ;
#108 = ORIENTED_EDGE ( 'NONE', *, *, #722, .F. ) ;
#109 = DIRECTION ( 'NONE',  ( 1.000000000000000000, 0.0000000000000000000, 0.0000000000000000000 ) ) ;
#110 = DATE_TIME_ROLE ( 'classification_date' ) ;
#111 = CARTESIAN_POINT ( 'NONE',  ( 0.5463421106199221100, 0.2366589681657897700, 0.0000000000000000000 ) ) ;
#112 = ORIENTED_EDGE ( 'NONE', *, *, #7459, .F. ) ;
#113 = VECTOR ( 'NONE', #3093, 39.37007874015748100 ) ;
#114 = ORIENTED_EDGE ( 'NONE', *, *, #6004, .F. ) ;
#115 = CARTESIAN_POINT ( 'NONE',  ( 0.1332132034351231300, 0.05750000000108399700, 0.02475000000074503400 ) ) ;
#116 = CARTESIAN_POINT ( 'NONE',  ( 0.9517292900370137900, 0.4231567020380064300, -0.01000000000000000000 ) ) ;
#117 = VERTEX_POINT ( 'NONE', #3430 ) ;
#118 = VERTEX_POINT ( 'NONE', #6437 ) ;
#119 = EDGE_CURVE ( 'NONE', #4067, #698, #8958, .T. ) ;
#120 = LINE ( 'NONE', #6203, #9449 ) ;
#121 = ORIENTED_EDGE ( 'NONE', *, *, #3982, .T. ) ;
#122 = ORIENTED_EDGE ( 'NONE', *, *, #3017, .T. ) ;
#123 = CARTESIAN_POINT ( 'NONE',  ( 0.1471562039102000700, 0.06260917075245969700, 0.005499660445613383000 ) ) ;
#124 = DIRECTION ( 'NONE',  ( -1.000000000000000000, -9.478563083525610900E-013, 3.681898070474286200E-013 ) ) ;
#125 = ORIENTED_EDGE ( 'NONE', *, *, #8625, .F. ) ;
#126 = ORIENTED_EDGE ( 'NONE', *, *, #6559, .T. ) ;
#127 = EDGE_LOOP ( 'NONE', ( #1248, #2469, #4051, #1627 ) ) ;
#128 = EDGE_LOOP ( 'NONE', ( #4378, #1084, #1117, #4421, #835, #2289, #4322, #3787, #901, #3879, #4216 ) ) ;
#129 = CYLINDRICAL_SURFACE ( 'NONE', #8678, 0.009815670203788042300 ) ;
#130 = DIRECTION ( 'NONE',  ( 0.0000000000000000000, -1.000000000000000000, -1.979599995408885400E-016 ) ) ;
#131 = CARTESIAN_POINT ( 'NONE',  ( 1.097499999999999900, 0.05000000000000000300, -0.09750000000000000300 ) ) ;
#132 = ORIENTED_EDGE ( 'NONE', *, *, #815, .T. ) ;
#133 = ORIENTED_EDGE ( 'NONE', *, *, #3373, .T. ) ;
#134 = CIRCLE ( 'NONE', #8535, 0.009815670203788042300 ) ;
#135 = ORIENTED_EDGE ( 'NONE', *, *, #1079, .F. ) ;
#136 = VERTEX_POINT ( 'NONE', #4225 ) ;
#137 = EDGE_LOOP ( 'NONE', ( #4261, #601, #9806, #5599 ) ) ;
#138 = ORIENTED_EDGE ( 'NONE', *, *, #2563, .F. ) ;
#139 = CARTESIAN_POINT ( 'NONE',  ( 0.7974999999999998800, 0.2699999999999999100, -0.1490000000000000800 ) ) ;
#140 = ORIENTED_EDGE ( 'NONE', *, *, #5572, .F. ) ;
#141 = PLANE ( 'NONE',  #1640 ) ;
#142 = ORIENTED_EDGE ( 'NONE', *, *, #655, .F. ) ;
#143 = EDGE_CURVE ( 'NONE', #4868, #10621, #9075, .T. ) ;
#144 = EDGE_CURVE ( 'NONE', #8717, #1261, #8999, .T. ) ;
#145 = CARTESIAN_POINT ( 'NONE',  ( 0.0000000000000000000, 0.0000000000000000000, 0.0000000000000000000 ) ) ;
#146 = FACE_OUTER_BOUND ( 'NONE', #127, .T. ) ;
#147 = DIRECTION ( 'NONE',  ( 0.0000000000000000000, 1.000000000000000000, -0.0000000000000000000 ) ) ;
#148 = DIRECTION ( 'NONE',  ( 1.000000000000000000, 9.478405032071569600E-013, -3.683034087742026300E-013 ) ) ;
#149 = ADVANCED_FACE ( 'NONE', ( #8921 ), #7414, .F. ) ;
#150 = CARTESIAN_POINT ( 'NONE',  ( 0.5821440097497049300, 0.01475736271913884000, -0.02438603931045306800 ) ) ;
#151 = ADVANCED_FACE ( 'NONE', ( #8853, #8799, #9039, #8827, #8839, #8778, #8772, #8732, #8685 ), #9220, .T. ) ;
#152 = ORIENTED_EDGE ( 'NONE', *, *, #588, .F. ) ;
#153 = CARTESIAN_POINT ( 'NONE',  ( 0.7990956183678619200, 0.2366589681657897700, -0.01000000000000000000 ) ) ;
#154 = APPROVAL_ROLE ( '' ) ;
#155 = ORIENTED_EDGE ( 'NONE', *, *, #7225, .F. ) ;
#156 = LINE ( 'NONE', #2470, #4965 ) ;
#157 = DIRECTION ( 'NONE',  ( 1.000000000000000000, 0.0000000000000000000, 0.0000000000000000000 ) ) ;
#158 = EDGE_CURVE ( 'NONE', #7861, #4986, #8659, .T. ) ;
#159 = ORIENTED_EDGE ( 'NONE', *, *, #8446, .F. ) ;
#160 = DIRECTION ( 'NONE',  ( 1.000000000000000000, 0.0000000000000000000, 0.0000000000000000000 ) ) ;
#161 = EDGE_CURVE ( 'NONE', #10894, #5474, #8575, .T. ) ;
#162 = EDGE_CURVE ( 'NONE', #5080, #6106, #8648, .T. ) ;
#163 = AXIS2_PLACEMENT_3D ( 'NONE', #1703, #1681, #2855 ) ;
#164 = DIRECTION ( 'NONE',  ( -1.000000000000000000, -0.0000000000000000000, -0.0000000000000000000 ) ) ;
#165 = ORIENTED_EDGE ( 'NONE', *, *, #5371, .F. ) ;
#166 = VERTEX_POINT ( 'NONE', #5637 ) ;
#167 = CARTESIAN_POINT ( 'NONE',  ( 0.6371370600051252700, 0.3780046191005195800, -0.01000000000000000000 ) ) ;
#168 = CARTESIAN_POINT ( 'NONE',  ( 0.7374999999999998200, 0.2700000000000001800, -0.1480000000000000500 ) ) ;
#169 = FACE_OUTER_BOUND ( 'NONE', #7990, .T. ) ;
#170 = ORIENTED_EDGE ( 'NONE', *, *, #5010, .F. ) ;
#171 = DIRECTION ( 'NONE',  ( 0.0000000000000000000, 0.0000000000000000000, 1.000000000000000000 ) ) ;
#172 = ORIENTED_EDGE ( 'NONE', *, *, #5412, .T. ) ;
#173 = CARTESIAN_POINT ( 'NONE',  ( 0.1340587650845666300, 0.06417259129026209300, -0.005889627813007218500 ) ) ;
#174 = VECTOR ( 'NONE', #6976, 39.37007874015748100 ) ;
#175 = ORIENTED_EDGE ( 'NONE', *, *, #1791, .T. ) ;
#176 = DIRECTION ( 'NONE',  ( 1.000000000000000000, 9.478563083521717400E-013, -3.681989669454755000E-013 ) ) ;
#177 = LINE ( 'NONE', #4603, #9276 ) ;
#178 = CC_DESIGN_DATE_AND_TIME_ASSIGNMENT ( #8550, #8980, ( #1606 ) ) ;
#179 = CARTESIAN_POINT ( 'NONE',  ( 0.7374999999999998200, 0.3450000000000002000, -0.09750000000000003100 ) ) ;
#180 = DIRECTION ( 'NONE',  ( 3.681989669462878400E-013, -7.789823685977714400E-013, -1.000000000000000000 ) ) ;
#181 = CARTESIAN_POINT ( 'NONE',  ( 0.6132132034364061700, 0.03400000000104708200, 0.02500000000382855300 ) ) ;
#182 = CARTESIAN_POINT ( 'NONE',  ( 0.6506336065353098800, 0.3250000000000201600, 0.0000000000000000000 ) ) ;
#183 = VECTOR ( 'NONE', #665, 39.37007874015748100 ) ;
#184 = CALENDAR_DATE ( 2019, 15, 10 ) ;
#185 = CARTESIAN_POINT ( 'NONE',  ( 1.062500000000000000, 0.5180000000000000200, -0.1089999999999998600 ) ) ;
#186 = LOCAL_TIME ( 13, 11, 25.00000000000000000, #2796 ) ;
#187 = LINE ( 'NONE', #8431, #7176 ) ;
#188 = APPROVAL_STATUS ( 'not_yet_approved' ) ;
#189 = EDGE_CURVE ( 'NONE', #5305, #10784, #8681, .T. ) ;
#190 = ORIENTED_EDGE ( 'NONE', *, *, #8412, .F. ) ;
#192 = DIRECTION ( 'NONE',  ( -1.000000000000000000, -0.0000000000000000000, -0.0000000000000000000 ) ) ;
#191 = VECTOR ( 'NONE', #8000, 39.37007874015748100 ) ;
#193 = DIRECTION ( 'NONE',  ( 0.0000000000000000000, 0.0000000000000000000, 1.000000000000000000 ) ) ;
#194 = PLANE ( 'NONE',  #10793 ) ;
#195 = LINE ( 'NONE', #4355, #5955 ) ;
#196 = CARTESIAN_POINT ( 'NONE',  ( 0.9924643213828182600, 0.2668421540424528200, 0.0000000000000000000 ) ) ;
#197 = DIRECTION ( 'NONE',  ( -3.687994791390789600E-013, 7.790035294315036400E-013, 1.000000000000000000 ) ) ;
#198 = LOCAL_TIME ( 13, 11, 25.00000000000000000, #2806 ) ;
#199 = DIRECTION ( 'NONE',  ( -1.000000000000000000, -9.478114348096974400E-013, 3.681676048548022900E-013 ) ) ;
#200 = ORIENTED_EDGE ( 'NONE', *, *, #3172, .F. ) ;
#201 = DIRECTION ( 'NONE',  ( -9.478563083388219400E-013, -1.000000000000000000, -7.789823685982827700E-013 ) ) ;
#202 = CALENDAR_DATE ( 2019, 15, 10 ) ;
#203 = CARTESIAN_POINT ( 'NONE',  ( 0.7397108136348434800, 0.3780046191005523900, 0.0000000000000000000 ) ) ;
#204 = VERTEX_POINT ( 'NONE', #398 ) ;
#205 = ORIENTED_EDGE ( 'NONE', *, *, #7747, .T. ) ;
#206 = VERTEX_POINT ( 'NONE', #7054 ) ;
#207 = ORIENTED_EDGE ( 'NONE', *, *, #5178, .F. ) ;
#208 = VECTOR ( 'NONE', #6889, 39.37007874015748100 ) ;
#209 = CARTESIAN_POINT ( 'NONE',  ( 0.6374999999999998400, 0.3450000000000001400, -0.1480000000000000200 ) ) ;
#210 = LINE ( 'NONE', #3936, #9298 ) ;
#211 = ADVANCED_FACE ( 'NONE', ( #8434 ), #3146, .T. ) ;
#212 = CARTESIAN_POINT ( 'NONE',  ( 0.7974999999999998800, 0.5180000000000000200, -0.2210000000000000000 ) ) ;
#213 = ADVANCED_FACE ( 'NONE', ( #8370 ), #7163, .F. ) ;
#214 = ORIENTED_EDGE ( 'NONE', *, *, #8502, .T. ) ;
#215 = COORDINATED_UNIVERSAL_TIME_OFFSET ( 5, 0, .BEHIND. ) ;
#216 = AXIS2_PLACEMENT_3D ( 'NONE', #3109, #4034, #4224 ) ;
#217 = DIRECTION ( 'NONE',  ( 0.0000000000000000000, -1.000000000000000000, -4.553079989440441700E-016 ) ) ;
#218 = EDGE_CURVE ( 'NONE', #2415, #10695, #8360, .T. ) ;
#219 = ORIENTED_EDGE ( 'NONE', *, *, #1878, .T. ) ;
#220 = EDGE_CURVE ( 'NONE', #7322, #3864, #8350, .T. ) ;
#221 = VECTOR ( 'NONE', #3142, 39.37007874015748100 ) ;
#222 = ORIENTED_EDGE ( 'NONE', *, *, #2114, .T. ) ;
#223 = ORIENTED_EDGE ( 'NONE', *, *, #588, .T. ) ;
#224 = CARTESIAN_POINT ( 'NONE',  ( 1.137499999999999700, 0.2699999999999999100, -0.1490000000000000800 ) ) ;
#225 = CARTESIAN_POINT ( 'NONE',  ( 0.4974999999999998900, 0.2699999999999999100, -0.1490000000000000800 ) ) ;
#226 = CYLINDRICAL_SURFACE ( 'NONE', #5208, 0.03999999999999998000 ) ;
#227 = DIRECTION ( 'NONE',  ( 0.0000000000000000000, -4.553079989440441700E-016, 1.000000000000000000 ) ) ;
#228 = ORIENTED_EDGE ( 'NONE', *, *, #9094, .F. ) ;
#229 = CARTESIAN_POINT ( 'NONE',  ( 0.6506336065353510700, 0.4162857328953860600, 0.0000000000000000000 ) ) ;
#230 = VERTEX_POINT ( 'NONE', #606 ) ;
#231 = EDGE_LOOP ( 'NONE', ( #5164, #5668, #6780, #1723, #6737, #6027, #4246, #9198, #10762 ) ) ;
#232 = ORIENTED_EDGE ( 'NONE', *, *, #9876, .T. ) ;
#233 = VERTEX_POINT ( 'NONE', #9878 ) ;
#234 = CARTESIAN_POINT ( 'NONE',  ( 0.9787223830974584000, 0.2366589681657897700, 0.0000000000000000000 ) ) ;
#235 = CIRCLE ( 'NONE', #3848, 0.03150000000000006300 ) ;
#236 = CARTESIAN_POINT ( 'NONE',  ( 0.5374999999999999800, 0.3450000000000002000, -0.2725000000000000200 ) ) ;
#237 = ORIENTED_EDGE ( 'NONE', *, *, #5456, .T. ) ;
#238 = VECTOR ( 'NONE', #5839, 39.37007874015748100 ) ;
#239 = EDGE_CURVE ( 'NONE', #2073, #2217, #8315, .T. ) ;
#240 = DIRECTION ( 'NONE',  ( -6.831248714727670800E-013, -0.8944271909996767100, -0.4472135955004362700 ) ) ;
#241 = EDGE_CURVE ( 'NONE', #4570, #6132, #8342, .T. ) ;
#242 = LINE ( 'NONE', #3876, #1646 ) ;
#243 = EDGE_CURVE ( 'NONE', #6308, #9630, #8328, .T. ) ;
#244 = SECURITY_CLASSIFICATION_LEVEL ( 'unclassified' ) ;
#245 = ORIENTED_EDGE ( 'NONE', *, *, #6623, .T. ) ;
#246 = EDGE_LOOP ( 'NONE', ( #9571, #3180, #600, #8998 ) ) ;
#247 = ORIENTED_EDGE ( 'NONE', *, *, #6281, .F. ) ;
#248 = ORIENTED_EDGE ( 'NONE', *, *, #9196, .T. ) ;
#249 = CARTESIAN_POINT ( 'NONE',  ( 0.6374999999999998400, 0.2700000000000001800, -0.1480000000000000500 ) ) ;
#250 = VERTEX_POINT ( 'NONE', #2947 ) ;
#251 = VECTOR ( 'NONE', #4241, 39.37007874015748100 ) ;
#252 = DIRECTION ( 'NONE',  ( 0.0000000000000000000, 0.0000000000000000000, 1.000000000000000000 ) ) ;
#253 = PLANE ( 'NONE',  #10598 ) ;
#254 = FACE_OUTER_BOUND ( 'NONE', #8834, .T. ) ;
#255 = ORIENTED_EDGE ( 'NONE', *, *, #2403, .T. ) ;
#256 = ORIENTED_EDGE ( 'NONE', *, *, #10076, .F. ) ;
#257 = ORIENTED_EDGE ( 'NONE', *, *, #8635, .F. ) ;
#258 = CARTESIAN_POINT ( 'NONE',  ( 0.6371370600050838600, 0.3632811137948581700, 0.0000000000000000000 ) ) ;
#259 = ORIENTED_EDGE ( 'NONE', *, *, #1310, .T. ) ;
#260 = ORIENTED_EDGE ( 'NONE', *, *, #630, .T. ) ;
#261 = VECTOR ( 'NONE', #9157, 39.37007874015748100 ) ;
#262 = CC_DESIGN_PERSON_AND_ORGANIZATION_ASSIGNMENT ( #10396, #66, ( #2498 ) ) ;
#263 = DIRECTION ( 'NONE',  ( -1.000000000000000000, -0.0000000000000000000, -0.0000000000000000000 ) ) ;
#264 = CARTESIAN_POINT ( 'NONE',  ( 0.2411999999994040000, 0.04250000000049377500, 0.02499999999479242000 ) ) ;
#265 = LINE ( 'NONE', #7196, #174 ) ;
#266 = VECTOR ( 'NONE', #2975, 39.37007874015748100 ) ;
#267 = DIRECTION ( 'NONE',  ( -0.0000000000000000000, 0.0000000000000000000, 1.000000000000000000 ) ) ;
#268 = DIRECTION ( 'NONE',  ( 0.0000000000000000000, -1.000000000000000000, -5.691349986800549600E-017 ) ) ;
#269 = VERTEX_POINT ( 'NONE', #4658 ) ;
#271 = DIRECTION ( 'NONE',  ( -1.000000000000000000, -9.477708487453142300E-013, 3.681989669454784800E-013 ) ) ;
#270 = VECTOR ( 'NONE', #5795, 39.37007874015748100 ) ;
#272 = ORIENTED_EDGE ( 'NONE', *, *, #2662, .F. ) ;
#273 = CARTESIAN_POINT ( 'NONE',  ( 1.197499999999999800, 0.3450000000000002000, -0.09750000000000000300 ) ) ;
#274 = VECTOR ( 'NONE', #2010, 39.37007874015748100 ) ;
#275 = EDGE_CURVE ( 'NONE', #9574, #9156, #8088, .T. ) ;
#276 = DIRECTION ( 'NONE',  ( 1.000000000000000000, 0.0000000000000000000, 0.0000000000000000000 ) ) ;
#277 = AXIS2_PLACEMENT_3D ( 'NONE', #2780, #7349, #2994 ) ;
#278 = ADVANCED_FACE ( 'NONE', ( #8349 ), #4655, .F. ) ;
#279 = PLANE ( 'NONE',  #5989 ) ;
#280 = CC_DESIGN_PERSON_AND_ORGANIZATION_ASSIGNMENT ( #9942, #7722, ( #8801 ) ) ;
#281 = DIRECTION ( 'NONE',  ( 0.0000000000000000000, 0.0000000000000000000, 1.000000000000000000 ) ) ;
#282 = DIRECTION ( 'NONE',  ( -0.0000000000000000000, -0.0000000000000000000, 1.000000000000000000 ) ) ;
#283 = VERTEX_POINT ( 'NONE', #4479 ) ;
#284 =( REPRESENTATION_RELATIONSHIP ('NONE','NONE', #6361, #2501 ) REPRESENTATION_RELATIONSHIP_WITH_TRANSFORMATION ( #522 )SHAPE_REPRESENTATION_RELATIONSHIP( ) );
#285 = DIRECTION ( 'NONE',  ( 1.000000000000000000, 0.0000000000000000000, 0.0000000000000000000 ) ) ;
#286 = FACE_OUTER_BOUND ( 'NONE', #8197, .T. ) ;
#287 = CARTESIAN_POINT ( 'NONE',  ( 0.4374999999999998900, 0.5999999999999999800, -0.2974999999999999900 ) ) ;
#288 = CARTESIAN_POINT ( 'NONE',  ( 0.8260887114283307400, 0.4133410318342099500, -0.01000000000000000000 ) ) ;
#289 = FACE_OUTER_BOUND ( 'NONE', #6957, .T. ) ;
#290 = ORIENTED_EDGE ( 'NONE', *, *, #8636, .T. ) ;
#291 = CARTESIAN_POINT ( 'NONE',  ( 1.137499999999999700, 0.3450000000000001400, -0.2219999999999999800 ) ) ;
#292 = DIRECTION ( 'NONE',  ( 1.000000000000000000, 0.0000000000000000000, 0.0000000000000000000 ) ) ;
#293 = VERTEX_POINT ( 'NONE', #4300 ) ;
#294 = VERTEX_POINT ( 'NONE', #9998 ) ;
#295 = AXIS2_PLACEMENT_3D ( 'NONE', #4392, #10517, #4239 ) ;
#296 = EDGE_CURVE ( 'NONE', #10987, #1313, #8091, .T. ) ;
#297 = ORIENTED_EDGE ( 'NONE', *, *, #9893, .T. ) ;
#298 = ORIENTED_EDGE ( 'NONE', *, *, #1308, .T. ) ;
#299 = VECTOR ( 'NONE', #6474, 39.37007874015748900 ) ;
#300 = EDGE_LOOP ( 'NONE', ( #5806, #1477, #877, #10301, #4740, #10756, #2320, #468, #3055 ) ) ;
#301 = PLANE ( 'NONE',  #295 ) ;
#302 = PLANE ( 'NONE',  #2069 ) ;
#303 = VERTEX_POINT ( 'NONE', #5323 ) ;
#304 = DIRECTION ( 'NONE',  ( 1.000000000000000000, -0.0000000000000000000, -0.0000000000000000000 ) ) ;
#305 = LINE ( 'NONE', #3230, #10994 ) ;
#306 = ORIENTED_EDGE ( 'NONE', *, *, #7897, .F. ) ;
#307 = CARTESIAN_POINT ( 'NONE',  ( 0.3674999999999998300, 0.2699999999999999100, -0.2210000000000000900 ) ) ;
#308 = ORIENTED_EDGE ( 'NONE', *, *, #10277, .T. ) ;
#309 = ORIENTED_EDGE ( 'NONE', *, *, #3675, .F. ) ;
#310 = CARTESIAN_POINT ( 'NONE',  ( 0.6371370600051252700, 0.4094147637527355600, 0.0000000000000000000 ) ) ;
#311 = CARTESIAN_POINT ( 'NONE',  ( 1.137499999999999700, 0.2700000000000001800, -0.1480000000000000200 ) ) ;
#312 = EDGE_CURVE ( 'NONE', #1243, #2113, #7994, .T. ) ;
#313 = DIRECTION ( 'NONE',  ( 0.0000000000000000000, 0.0000000000000000000, 1.000000000000000000 ) ) ;
#314 = LINE ( 'NONE', #1401, #238 ) ;
#315 = EDGE_CURVE ( 'NONE', #6276, #6134, #8005, .T. ) ;
#316 = DIRECTION ( 'NONE',  ( -0.0000000000000000000, 0.0000000000000000000, 1.000000000000000000 ) ) ;
#317 = CARTESIAN_POINT ( 'NONE',  ( 0.3924999999999996800, 0.05000000000000000300, -0.3700000000000000000 ) ) ;
#318 = AXIS2_PLACEMENT_3D ( 'NONE', #2655, #2653, #2642 ) ;
#319 = ORIENTED_EDGE ( 'NONE', *, *, #10121, .T. ) ;
#320 = FACE_OUTER_BOUND ( 'NONE', #1309, .T. ) ;
#321 = DIRECTION ( 'NONE',  ( 0.0000000000000000000, 1.000000000000000000, -0.0000000000000000000 ) ) ;
#322 = ORIENTED_EDGE ( 'NONE', *, *, #10322, .F. ) ;
#323 = CARTESIAN_POINT ( 'NONE',  ( 0.3784999999999999500, 0.4749999999999999800, -0.3130000000000000600 ) ) ;
#324 = CARTESIAN_POINT ( 'NONE',  ( 0.5374999999999999800, 0.5180000000000000200, -0.1489999999999998800 ) ) ;
#325 = CARTESIAN_POINT ( 'NONE',  ( 1.137499999999999700, 0.2700000000000001800, -0.1480000000000000200 ) ) ;
#326 = VECTOR ( 'NONE', #4501, 39.37007874015748100 ) ;
#327 = VECTOR ( 'NONE', #1773, 39.37007874015748100 ) ;
#328 = VERTEX_POINT ( 'NONE', #4187 ) ;
#329 = DIRECTION ( 'NONE',  ( -0.0000000000000000000, -0.0000000000000000000, 1.000000000000000000 ) ) ;
#330 = LINE ( 'NONE', #9332, #7296 ) ;
#331 = CARTESIAN_POINT ( 'NONE',  ( 0.4974999999999998900, 0.5180000000000000200, -0.2610000000000001200 ) ) ;
#332 = VERTEX_POINT ( 'NONE', #10192 ) ;
#333 = CARTESIAN_POINT ( 'NONE',  ( 0.7083006689826733000, 0.2719953808994843300, 0.0000000000000000000 ) ) ;
#334 = EDGE_CURVE ( 'NONE', #8001, #8599, #7739, .T. ) ;
#335 = DIRECTION ( 'NONE',  ( -0.0000000000000000000, 0.0000000000000000000, 1.000000000000000000 ) ) ;
#336 = AXIS2_PLACEMENT_3D ( 'NONE', #1734, #2726, #8671 ) ;
#337 = ORIENTED_EDGE ( 'NONE', *, *, #2911, .F. ) ;
#338 = ORIENTED_EDGE ( 'NONE', *, *, #2117, .T. ) ;
#339 = CARTESIAN_POINT ( 'NONE',  ( 0.4375000000000010000, 0.5579999999999996100, -0.03900000000000072900 ) ) ;
#340 = ADVANCED_FACE ( 'NONE', ( #7709 ), #194, .T. ) ;
#341 = DIRECTION ( 'NONE',  ( -3.681989669462198800E-013, 7.791020465180536500E-013, 1.000000000000000000 ) ) ;
#342 = CARTESIAN_POINT ( 'NONE',  ( 1.197499999999999800, 0.2699999999999999100, -0.2220000000000000000 ) ) ;
#343 = CONTEXT_DEPENDENT_SHAPE_REPRESENTATION ( #5199, #76 ) ;
#344 = DIRECTION ( 'NONE',  ( 0.0000000000000000000, -1.000000000000000000, -1.979599995408886100E-016 ) ) ;
#345 = ORIENTED_EDGE ( 'NONE', *, *, #5664, .T. ) ;
#346 = LINE ( 'NONE', #8145, #29 ) ;
#347 = EDGE_CURVE ( 'NONE', #8928, #7441, #8191, .T. ) ;
#348 = DIRECTION ( 'NONE',  ( -1.000000000000000000, -9.479259589126686100E-013, 3.683568185901464300E-013 ) ) ;
#349 = LINE ( 'NONE', #3085, #326 ) ;
#350 = PERSON_AND_ORGANIZATION ( #5736, #2941 ) ;
#351 = AXIS2_PLACEMENT_3D ( 'NONE', #2574, #10446, #7103 ) ;
#352 = DIRECTION ( 'NONE',  ( 1.000000000000000000, 9.478563083527454700E-013, 3.681989669455494600E-013 ) ) ;
#353 = DIRECTION ( 'NONE',  ( 1.000000000000000000, 0.0000000000000000000, 0.0000000000000000000 ) ) ;
#354 = PLANE ( 'NONE',  #7939 ) ;
#355 = DIRECTION ( 'NONE',  ( -0.0000000000000000000, -0.0000000000000000000, 1.000000000000000000 ) ) ;
#356 = CC_DESIGN_SECURITY_CLASSIFICATION ( #10805, ( #11002 ) ) ;
#357 = ORGANIZATION ( 'NAUO-ORG10', 'UNSPECIFIED', 'UNSPECIFIED' ) ;
#358 = CARTESIAN_POINT ( 'NONE',  ( 1.097499999999999900, 0.2700000000000001800, -0.1480000000000000200 ) ) ;
#359 = CARTESIAN_POINT ( 'NONE',  ( 0.8374999999999999100, 0.5580000000000000500, -0.2974999999999999900 ) ) ;
#360 = CARTESIAN_POINT ( 'NONE',  ( 0.8374999999999999100, 0.3450000000000001400, -0.1479999999999999900 ) ) ;
#361 = ORIENTED_EDGE ( 'NONE', *, *, #6325, .F. ) ;
#362 = CYLINDRICAL_SURFACE ( 'NONE', #8981, 0.06350000000000001500 ) ;
#363 = CARTESIAN_POINT ( 'NONE',  ( 0.9974999999999999400, 0.3450000000000001400, -0.2220000000000000000 ) ) ;
#364 = EDGE_LOOP ( 'NONE', ( #9195, #699, #6972, #2629 ) ) ;
#365 = VECTOR ( 'NONE', #10542, 39.37007874015748100 ) ;
#366 = CARTESIAN_POINT ( 'NONE',  ( 0.6132132034329587100, 0.01600000000093007200, 0.02499999999947508100 ) ) ;
#367 = ORIENTED_EDGE ( 'NONE', *, *, #3081, .F. ) ;
#368 = ORIENTED_EDGE ( 'NONE', *, *, #9895, .F. ) ;
#369 = APPROVAL_PERSON_ORGANIZATION ( #2954, #5151, #7318 ) ;
#370 = ORIENTED_EDGE ( 'NONE', *, *, #9519, .F. ) ;
#371 = DIRECTION ( 'NONE',  ( 0.0000000000000000000, 1.000000000000000000, -0.0000000000000000000 ) ) ;
#372 = PERSON_AND_ORGANIZATION_ROLE ( 'classification_officer' ) ;
#373 = EDGE_CURVE ( 'NONE', #6995, #1507, #7906, .T. ) ;
#374 = CARTESIAN_POINT ( 'NONE',  ( 0.7083006689826778500, 0.4094147637527243400, -0.01000000000000000000 ) ) ;
#375 = VERTEX_POINT ( 'NONE', #7405 ) ;
#376 = EDGE_LOOP ( 'NONE', ( #6490, #10742, #10629, #6832 ) ) ;
#377 = AXIS2_PLACEMENT_3D ( 'NONE', #3665, #2003, #1760 ) ;
#378 = DIRECTION ( 'NONE',  ( -1.000000000000000000, -9.480675684627761000E-013, 3.681989669470754400E-013 ) ) ;
#379 = VERTEX_POINT ( 'NONE', #2541 ) ;
#380 = VECTOR ( 'NONE', #769, 39.37007874015748100 ) ;
#381 = CARTESIAN_POINT ( 'NONE',  ( 0.6506336065353354200, 0.2337142671046477700, -0.01000000000000000000 ) ) ;
#382 = CARTESIAN_POINT ( 'NONE',  ( 0.1337619042641226000, 0.06290415726432357900, -0.005450923263477983200 ) ) ;
#383 = CARTESIAN_POINT ( 'NONE',  ( 0.4374999999999998900, 0.5600000000000003900, -0.1490000000000000800 ) ) ;
#384 = VERTEX_POINT ( 'NONE', #9079 ) ;
#385 = EDGE_LOOP ( 'NONE', ( #9015, #6506, #10796, #1984 ) ) ;
#386 = EDGE_LOOP ( 'NONE', ( #5154, #3406, #7765, #1634 ) ) ;
#387 = CARTESIAN_POINT ( 'NONE',  ( 0.8974999999999999600, 0.3450000000000002000, -0.09750000000000001700 ) ) ;
#388 = EDGE_LOOP ( 'NONE', ( #5770, #9008, #7806, #9457 ) ) ;
#390 = DIRECTION ( 'NONE',  ( 0.0000000000000000000, -1.871128762783746500E-015, -1.000000000000000000 ) ) ;
#389 = LINE ( 'NONE', #5558, #2709 ) ;
#391 = CARTESIAN_POINT ( 'NONE',  ( 0.4374999999999998900, 0.5580000000000000500, -0.2974999999999999900 ) ) ;
#392 = CARTESIAN_POINT ( 'NONE',  ( 0.9374999999999998900, 0.05000000000000001000, -0.09750000000000001700 ) ) ;
#393 = DIRECTION ( 'NONE',  ( -1.000000000000000000, 0.0000000000000000000, -0.0000000000000000000 ) ) ;
#394 = VERTEX_POINT ( 'NONE', #8385 ) ;
#395 = VECTOR ( 'NONE', #6595, 39.37007874015748100 ) ;
#396 = EDGE_CURVE ( 'NONE', #4288, #2032, #7698, .T. ) ;
#397 = VERTEX_POINT ( 'NONE', #7475 ) ;
#398 = CARTESIAN_POINT ( 'NONE',  ( 0.6057269153529276600, 0.2719953808994902100, 0.0000000000000000000 ) ) ;
#399 = CARTESIAN_POINT ( 'NONE',  ( 1.037499999999999900, 0.3450000000000002000, -0.2725000000000000200 ) ) ;
#400 = EDGE_CURVE ( 'NONE', #5690, #9322, #7602, .T. ) ;
#401 = CARTESIAN_POINT ( 'NONE',  ( 0.4974999999999998900, 0.3450000000000002000, -0.09750000000000005900 ) ) ;
#402 = DIRECTION ( 'NONE',  ( 1.000000000000000000, 0.0000000000000000000, 0.0000000000000000000 ) ) ;
#403 = ORIENTED_EDGE ( 'NONE', *, *, #8715, .F. ) ;
#404 = DIRECTION ( 'NONE',  ( 0.0000000000000000000, 0.0000000000000000000, -1.000000000000000000 ) ) ;
#405 = FACE_OUTER_BOUND ( 'NONE', #1772, .T. ) ;
#406 = DIRECTION ( 'NONE',  ( 1.000000000000000000, -0.0000000000000000000, -0.0000000000000000000 ) ) ;
#407 = ORIENTED_EDGE ( 'NONE', *, *, #9717, .F. ) ;
#408 = CARTESIAN_POINT ( 'NONE',  ( 0.4974999999999998900, 0.3450000000000001400, -0.1480000000000000200 ) ) ;
#409 = ORIENTED_EDGE ( 'NONE', *, *, #7381, .T. ) ;
#410 = VECTOR ( 'NONE', #102, 39.37007874015748100 ) ;
#411 = DIRECTION ( 'NONE',  ( -2.914908592019004100E-011, 1.000000000000000000, 7.790035294315041400E-013 ) ) ;
#412 = ORIENTED_EDGE ( 'NONE', *, *, #239, .F. ) ;
#413 = ORIENTED_EDGE ( 'NONE', *, *, #7271, .T. ) ;
#414 = EDGE_LOOP ( 'NONE', ( #8296, #2229, #9189, #9441 ) ) ;
#415 = ORIENTED_EDGE ( 'NONE', *, *, #10496, .F. ) ;
#416 = ORIENTED_EDGE ( 'NONE', *, *, #910, .T. ) ;
#417 = EDGE_CURVE ( 'NONE', #7837, #5815, #7612, .T. ) ;
#418 = VECTOR ( 'NONE', #4797, 39.37007874015748100 ) ;
#419 = VERTEX_POINT ( 'NONE', #6839 ) ;
#420 = EDGE_CURVE ( 'NONE', #7106, #742, #7528, .T. ) ;
#421 = EDGE_CURVE ( 'NONE', #9121, #8338, #7565, .T. ) ;
#422 = DATE_TIME_ROLE ( 'classification_date' ) ;
#423 = AXIS2_PLACEMENT_3D ( 'NONE', #9820, #9856, #5785 ) ;
#424 = VECTOR ( 'NONE', #2080, 39.37007874015748100 ) ;
#425 = DIRECTION ( 'NONE',  ( 1.000000000000000000, 0.0000000000000000000, 0.0000000000000000000 ) ) ;
#426 = CARTESIAN_POINT ( 'NONE',  ( 0.3361881571562903600, 0.01250000000078732200, 0.02500000000228205400 ) ) ;
#427 = ORIENTED_EDGE ( 'NONE', *, *, #6212, .F. ) ;
#428 = EDGE_LOOP ( 'NONE', ( #9104, #2598, #2147, #126 ) ) ;
#429 = FACE_OUTER_BOUND ( 'NONE', #10122, .T. ) ;
#430 = ORIENTED_EDGE ( 'NONE', *, *, #6133, .F. ) ;
#431 = CARTESIAN_POINT ( 'NONE',  ( 1.197499999999999800, 0.05000000000000000300, -0.09750000000000000300 ) ) ;
#432 = LINE ( 'NONE', #4339, #113 ) ;
#433 = PLANE ( 'NONE',  #3429 ) ;
#434 = DIRECTION ( 'NONE',  ( 1.000000000000000000, 0.0000000000000000000, 0.0000000000000000000 ) ) ;
#435 = DIRECTION ( 'NONE',  ( -0.0000000000000000000, 0.0000000000000000000, 1.000000000000000000 ) ) ;
#436 = AXIS2_PLACEMENT_3D ( 'NONE', #5871, #6299, #6104 ) ;
#437 = APPROVAL ( #7361, 'UNSPECIFIED' ) ;
#438 = EDGE_LOOP ( 'NONE', ( #5351, #5992, #6082, #7758 ) ) ;
#439 = DIRECTION ( 'NONE',  ( 1.000000000000000000, -0.0000000000000000000, -0.0000000000000000000 ) ) ;
#440 = DIRECTION ( 'NONE',  ( -3.681989669462701200E-013, 7.789624222777219800E-013, 1.000000000000000000 ) ) ;
#441 = DIRECTION ( 'NONE',  ( 0.0000000000000000000, 0.0000000000000000000, -1.000000000000000000 ) ) ;
#442 = LINE ( 'NONE', #2568, #7386 ) ;
#443 = LINE ( 'NONE', #6367, #555 ) ;
#444 = DIRECTION ( 'NONE',  ( -9.476450482283153200E-013, -1.000000000000000000, -7.789823685978804900E-013 ) ) ;
#445 = CARTESIAN_POINT ( 'NONE',  ( 0.1332179208360252700, 0.05800000000112224400, 0.02500000000283839800 ) ) ;
#446 = DIRECTION ( 'NONE',  ( 0.0000000000000000000, 0.0000000000000000000, -1.000000000000000000 ) ) ;
#447 = EDGE_LOOP ( 'NONE', ( #4013, #8311, #2639, #10116, #207, #1543 ) ) ;
#448 = ORIENTED_EDGE ( 'NONE', *, *, #10236, .T. ) ;
#449 = PLANE ( 'NONE',  #8611 ) ;
#450 = CARTESIAN_POINT ( 'NONE',  ( 0.0000000000000000000, 0.5999999999999999800, -0.2609999999999999000 ) ) ;
#451 = CARTESIAN_POINT ( 'NONE',  ( 0.2411999999994171000, 0.04250000000050903300, -0.006000000005779378800 ) ) ;
#452 = EDGE_CURVE ( 'NONE', #9407, #233, #7588, .T. ) ;
#453 = CARTESIAN_POINT ( 'NONE',  ( 1.197499999999999800, 0.5579999999999996100, -0.07249999999999996700 ) ) ;
#454 = VECTOR ( 'NONE', #9604, 39.37007874015748100 ) ;
#455 = ORIENTED_EDGE ( 'NONE', *, *, #8608, .F. ) ;
#456 = CARTESIAN_POINT ( 'NONE',  ( 0.1332132034361515300, 0.03800000000030819700, 0.01499999999629231300 ) ) ;
#457 = AXIS2_PLACEMENT_3D ( 'NONE', #1036, #2943, #3706 ) ;
#458 = ORIENTED_EDGE ( 'NONE', *, *, #4941, .F. ) ;
#459 = ORIENTED_EDGE ( 'NONE', *, *, #912, .T. ) ;
#460 = ORIENTED_EDGE ( 'NONE', *, *, #9093, .T. ) ;
#461 = APPROVAL_ROLE ( '' ) ;
#462 = VERTEX_POINT ( 'NONE', #2495 ) ;
#463 = DIRECTION ( 'NONE',  ( 0.0000000000000000000, 1.000000000000000000, 0.0000000000000000000 ) ) ;
#464 = DIRECTION ( 'NONE',  ( -0.0000000000000000000, 1.000000000000000000, -0.0000000000000000000 ) ) ;
#465 = DIRECTION ( 'NONE',  ( 0.0000000000000000000, 1.000000000000000000, 0.0000000000000000000 ) ) ;
#466 = LINE ( 'NONE', #1250, #2475 ) ;
#467 = ORIENTED_EDGE ( 'NONE', *, *, #3201, .F. ) ;
#468 = ORIENTED_EDGE ( 'NONE', *, *, #9595, .T. ) ;
#469 = VERTEX_POINT ( 'NONE', #64 ) ;
#470 = CARTESIAN_POINT ( 'NONE',  ( 1.104362961706131900, 0.4133410318342107300, -0.01000000000000000000 ) ) ;
#471 = CARTESIAN_POINT ( 'NONE',  ( 1.347499999999999700, 0.2500000000000000000, 0.0000000000000000000 ) ) ;
#472 = ORIENTED_EDGE ( 'NONE', *, *, #814, .T. ) ;
#473 = CARTESIAN_POINT ( 'NONE',  ( 1.197499999999999800, 0.2700000000000001800, -0.1480000000000000200 ) ) ;
#474 = AXIS2_PLACEMENT_3D ( 'NONE', #9484, #9432, #9310 ) ;
#475 = VERTEX_POINT ( 'NONE', #1288 ) ;
#476 = EDGE_CURVE ( 'NONE', #2670, #5024, #7511, .T. ) ;
#477 = EDGE_CURVE ( 'NONE', #293, #419, #7416, .T. ) ;
#478 = ORIENTED_EDGE ( 'NONE', *, *, #8526, .T. ) ;
#479 = VECTOR ( 'NONE', #4619, 39.37007874015748100 ) ;
#480 = CARTESIAN_POINT ( 'NONE',  ( 1.242499999999999900, 0.05000000000000000300, 0.0000000000000000000 ) ) ;
#481 = ORIENTED_EDGE ( 'NONE', *, *, #1858, .F. ) ;
#482 = DIRECTION ( 'NONE',  ( -0.0000000000000000000, -1.352399996863497200E-015, -1.000000000000000000 ) ) ;
#483 = ORIENTED_EDGE ( 'NONE', *, *, #6829, .F. ) ;
#484 = CARTESIAN_POINT ( 'NONE',  ( 0.5374999999999999800, 0.5579999999999996100, -0.07250000000000000900 ) ) ;
#485 = CARTESIAN_POINT ( 'NONE',  ( 0.6832707099630099800, 0.4231567020380508400, -0.01000000000000000000 ) ) ;
#486 = VECTOR ( 'NONE', #5479, 39.37007874015748900 ) ;
#487 = ORIENTED_EDGE ( 'NONE', *, *, #2663, .F. ) ;
#488 = CARTESIAN_POINT ( 'NONE',  ( 1.104362961706134100, 0.2268432979619829900, -0.01000000000000000000 ) ) ;
#489 = ORIENTED_EDGE ( 'NONE', *, *, #2925, .F. ) ;
#490 = EDGE_CURVE ( 'NONE', #1992, #10159, #7378, .T. ) ;
#491 = VERTEX_POINT ( 'NONE', #8244 ) ;
#492 = CARTESIAN_POINT ( 'NONE',  ( 0.9974999999999999400, 0.5999999999999999800, -0.07249999999999996700 ) ) ;
#493 = EDGE_CURVE ( 'NONE', #293, #4955, #7324, .T. ) ;
#494 = ADVANCED_FACE ( 'NONE', ( #7338 ), #3200, .F. ) ;
#495 = CARTESIAN_POINT ( 'NONE',  ( 0.1334757805639560400, 0.06122124186508611000, 0.004206213113601551200 ) ) ;
#496 = CIRCLE ( 'NONE', #5834, 0.06399999999999984900 ) ;
#497 = DIRECTION ( 'NONE',  ( -1.000000000000000000, -3.530861605407645300E-014, 0.0000000000000000000 ) ) ;
#498 = VECTOR ( 'NONE', #4635, 39.37007874015748100 ) ;
#499 = PLANE ( 'NONE',  #6942 ) ;
#500 = APPROVAL_STATUS ( 'not_yet_approved' ) ;
#501 = DIRECTION ( 'NONE',  ( 1.000000000000000000, 0.0000000000000000000, 0.0000000000000000000 ) ) ;
#502 = ORIENTED_EDGE ( 'NONE', *, *, #10770, .T. ) ;
#503 = DIRECTION ( 'NONE',  ( 0.0000000000000000000, 0.0000000000000000000, -1.000000000000000000 ) ) ;
#504 = ORIENTED_EDGE ( 'NONE', *, *, #7444, .F. ) ;
#505 = ORIENTED_EDGE ( 'NONE', *, *, #10311, .F. ) ;
#506 = FACE_OUTER_BOUND ( 'NONE', #1965, .T. ) ;
#507 = LOCAL_TIME ( 13, 11, 25.00000000000000000, #3074 ) ;
#508 = EDGE_LOOP ( 'NONE', ( #7237, #9620, #4688, #10790 ) ) ;
#509 = DIRECTION ( 'NONE',  ( -3.681989669462878400E-013, 7.789823685977714400E-013, 1.000000000000000000 ) ) ;
#510 = COORDINATED_UNIVERSAL_TIME_OFFSET ( 5, 0, .BEHIND. ) ;
#511 = AXIS2_PLACEMENT_3D ( 'NONE', #7743, #10014, #8516 ) ;
#512 = CIRCLE ( 'NONE', #7640, 0.009815670203805868300 ) ;
#513 = AXIS2_PLACEMENT_3D ( 'NONE', #9438, #4594, #10141 ) ;
#514 = ORIENTED_EDGE ( 'NONE', *, *, #4170, .T. ) ;
#515 = VECTOR ( 'NONE', #8196, 39.37007874015748100 ) ;
#516 = CARTESIAN_POINT ( 'NONE',  ( 0.3674999999999998300, 0.2699999999999999100, -0.2210000000000000900 ) ) ;
#517 = DIRECTION ( 'NONE',  ( -0.0000000000000000000, -1.000000000000000000, -4.553079989440441700E-016 ) ) ;
#518 = CARTESIAN_POINT ( 'NONE',  ( 0.8374999999999999100, 0.2700000000000001800, -0.1480000000000000200 ) ) ;
#519 = CIRCLE ( 'NONE', #3872, 0.02625691779518022500 ) ;
#520 = CARTESIAN_POINT ( 'NONE',  ( 0.8374999999999999100, 0.05000000000000001000, -0.09750000000000001700 ) ) ;
#521 = APPROVAL_DATE_TIME ( #3092, #3660 ) ;
#522 = ITEM_DEFINED_TRANSFORMATION ( 'NONE', 'NONE', #3737,  #8995 ) ;
#523 = ORIENTED_EDGE ( 'NONE', *, *, #7444, .T. ) ;
#524 = VERTEX_POINT ( 'NONE', #3101 ) ;
#525 = EDGE_CURVE ( 'NONE', #6011, #3290, #7291, .T. ) ;
#526 = ORIENTED_EDGE ( 'NONE', *, *, #7425, .F. ) ;
#527 = LINE ( 'NONE', #10275, #208 ) ;
#528 = CARTESIAN_POINT ( 'NONE',  ( 0.8260887114283307400, 0.4133410318342099500, -0.01000000000000000000 ) ) ;
#529 = VECTOR ( 'NONE', #1257, 39.37007874015748100 ) ;
#530 = DIRECTION ( 'NONE',  ( 0.0000000000000000000, 0.0000000000000000000, 1.000000000000000000 ) ) ;
#531 = ORIENTED_EDGE ( 'NONE', *, *, #10180, .F. ) ;
#532 = CARTESIAN_POINT ( 'NONE',  ( 0.9974999999999999400, 0.3450000000000002000, -0.2725000000000000200 ) ) ;
#533 = CC_DESIGN_DATE_AND_TIME_ASSIGNMENT ( #1886, #9215, ( #9504 ) ) ;
#534 = CYLINDRICAL_SURFACE ( 'NONE', #6925, 0.009815670203787086500 ) ;
#535 = LOCAL_TIME ( 13, 11, 25.00000000000000000, #3106 ) ;
#536 = CARTESIAN_POINT ( 'NONE',  ( 0.6057269153529276600, 0.2867188862052003600, -0.01000000000000000000 ) ) ;
#537 = CARTESIAN_POINT ( 'NONE',  ( 0.4374999999999998900, 0.3450000000000001400, -0.2220000000000000600 ) ) ;
#538 = CARTESIAN_POINT ( 'NONE',  ( 0.8374999999999999100, 0.2699999999999999100, -0.2220000000000000600 ) ) ;
#539 = ORIENTED_EDGE ( 'NONE', *, *, #3000, .T. ) ;
#540 = ORIENTED_EDGE ( 'NONE', *, *, #2787, .F. ) ;
#541 = DIRECTION ( 'NONE',  ( -0.0000000000000000000, 1.000000000000000000, -0.0000000000000000000 ) ) ;
#542 = FACE_OUTER_BOUND ( 'NONE', #8840, .T. ) ;
#543 = EDGE_LOOP ( 'NONE', ( #9521, #1311, #7554, #10606 ) ) ;
#544 = DIRECTION ( 'NONE',  ( 0.0000000000000000000, -1.000000000000000000, -5.691349986800549600E-017 ) ) ;
#545 = LINE ( 'NONE', #3382, #5027 ) ;
#546 = EDGE_CURVE ( 'NONE', #7279, #3510, #7480, .T. ) ;
#547 = PLANE ( 'NONE',  #4267 ) ;
#548 = AXIS2_PLACEMENT_3D ( 'NONE', #6140, #3344, #4650 ) ;
#549 = EDGE_CURVE ( 'NONE', #332, #3094, #7232, .T. ) ;
#550 = ORIENTED_EDGE ( 'NONE', *, *, #1075, .F. ) ;
#551 = CIRCLE ( 'NONE', #5647, 0.009815670203803203800 ) ;
#552 = DIRECTION ( 'NONE',  ( -0.0000000000000000000, -0.0000000000000000000, 1.000000000000000000 ) ) ;
#553 = ORIENTED_EDGE ( 'NONE', *, *, #3415, .T. ) ;
#554 =( BOUNDED_CURVE ( )  B_SPLINE_CURVE ( 3, ( #10153, #4566, #771, #7111 ),
 .UNSPECIFIED., .F., .F. ) 
 B_SPLINE_CURVE_WITH_KNOTS ( ( 4, 4 ),
 ( 1.570796326850772100, 1.589665371083009300 ),
 .UNSPECIFIED. ) 
 CURVE ( )  GEOMETRIC_REPRESENTATION_ITEM ( )  RATIONAL_B_SPLINE_CURVE ( ( 1.000000000000000000, 0.9999703301508911000, 0.9999703301508911000, 1.000000000000000000 ) ) 
 REPRESENTATION_ITEM ( '' )  );
#555 = VECTOR ( 'NONE', #4577, 39.37007874015748100 ) ;
#556 = ADVANCED_FACE ( 'NONE', ( #7183 ), #2025, .F. ) ;
#557 = CARTESIAN_POINT ( 'NONE',  ( 0.3176904633934601900, 0.04370789473582636200, -0.006000000002901923600 ) ) ;
#558 = CARTESIAN_POINT ( 'NONE',  ( 0.8374999999999999100, 0.3450000000000002000, -0.2725000000000000200 ) ) ;
#559 = VECTOR ( 'NONE', #3723, 39.37007874015748100 ) ;
#560 = CARTESIAN_POINT ( 'NONE',  ( 0.2126803834563009100, 0.09923518725146837600, 0.02500000000195614500 ) ) ;
#561 = VERTEX_POINT ( 'NONE', #3237 ) ;
#562 = ORIENTED_EDGE ( 'NONE', *, *, #5666, .F. ) ;
#563 = DIRECTION ( 'NONE',  ( 1.000000000000000000, -1.345168251710072600E-030, 7.189073667537545100E-016 ) ) ;
#564 = CARTESIAN_POINT ( 'NONE',  ( 0.5624999999999998900, 0.5180000000000000200, -0.1089999999999999000 ) ) ;
#565 = ORIENTED_EDGE ( 'NONE', *, *, #7858, .F. ) ;
#566 = ORIENTED_EDGE ( 'NONE', *, *, #5797, .T. ) ;
#567 = VERTEX_POINT ( 'NONE', #1028 ) ;
#568 = ORIENTED_EDGE ( 'NONE', *, *, #9051, .T. ) ;
#569 = LINE ( 'NONE', #2284, #7222 ) ;
#570 = EDGE_CURVE ( 'NONE', #2106, #7240, #7358, .T. ) ;
#571 = EDGE_CURVE ( 'NONE', #1439, #397, #7268, .T. ) ;
#572 = LINE ( 'NONE', #874, #5307 ) ;
#573 = ORIENTED_EDGE ( 'NONE', *, *, #7259, .F. ) ;
#574 = ORIENTED_EDGE ( 'NONE', *, *, #10047, .T. ) ;
#575 = ORIENTED_EDGE ( 'NONE', *, *, #4710, .T. ) ;
#576 = CARTESIAN_POINT ( 'NONE',  ( 0.3564999999999999800, 0.5999999999999999800, -0.3440000000000000800 ) ) ;
#577 = ORIENTED_EDGE ( 'NONE', *, *, #7639, .T. ) ;
#578 = LINE ( 'NONE', #9096, #6975 ) ;
#579 = ORIENTED_EDGE ( 'NONE', *, *, #7877, .T. ) ;
#580 = CARTESIAN_POINT ( 'NONE',  ( 1.037499999999999900, 0.05000000000000014800, -0.07249999999999999500 ) ) ;
#581 = FACE_OUTER_BOUND ( 'NONE', #6812, .T. ) ;
#582 = ORIENTED_EDGE ( 'NONE', *, *, #3463, .T. ) ;
#583 = DIRECTION ( 'NONE',  ( 0.0000000000000000000, -1.000000000000000000, -4.553079989440441700E-016 ) ) ;
#584 = ORIENTED_EDGE ( 'NONE', *, *, #4047, .T. ) ;
#585 = VECTOR ( 'NONE', #1712, 39.37007874015748100 ) ;
#586 = DIRECTION ( 'NONE',  ( -1.000000000000000000, -1.189163988687022500E-013, 0.0000000000000000000 ) ) ;
#587 = DIRECTION ( 'NONE',  ( 0.0000000000000000000, 1.000000000000000000, -0.0000000000000000000 ) ) ;
#588 = EDGE_CURVE ( 'NONE', #1274, #3980, #7171, .T. ) ;
#589 = VERTEX_POINT ( 'NONE', #3048 ) ;
#590 = FACE_OUTER_BOUND ( 'NONE', #3363, .T. ) ;
#591 = ORIENTED_EDGE ( 'NONE', *, *, #3902, .T. ) ;
#592 = CARTESIAN_POINT ( 'NONE',  ( 0.4525771644664259900, 0.03186396103149725900, -0.05764965543692496900 ) ) ;
#593 = ORIENTED_EDGE ( 'NONE', *, *, #6601, .F. ) ;
#594 = CARTESIAN_POINT ( 'NONE',  ( 0.5974999999999999200, 0.2700000000000001800, -0.1490000000000000800 ) ) ;
#595 = CARTESIAN_POINT ( 'NONE',  ( 0.4375000000000010000, 0.5580000000000000500, -0.3310000000000007400 ) ) ;
#596 = ORIENTED_EDGE ( 'NONE', *, *, #9017, .T. ) ;
#597 = EDGE_LOOP ( 'NONE', ( #8683, #9966, #1905, #2133 ) ) ;
#598 = LINE ( 'NONE', #2565, #9569 ) ;
#599 = CARTESIAN_POINT ( 'NONE',  ( 1.137499999999999700, 0.5180000000000000200, -0.2610000000000000700 ) ) ;
#600 = ORIENTED_EDGE ( 'NONE', *, *, #6940, .T. ) ;
#601 = ORIENTED_EDGE ( 'NONE', *, *, #9706, .T. ) ;
#602 = CARTESIAN_POINT ( 'NONE',  ( 0.6832707099630099800, 0.4133410318342099500, 0.0000000000000000000 ) ) ;
#603 = DIRECTION ( 'NONE',  ( 0.0000000000000000000, -4.553079989440441700E-016, 1.000000000000000000 ) ) ;
#604 = AXIS2_PLACEMENT_3D ( 'NONE', #1882, #4179, #7218 ) ;
#605 = SECURITY_CLASSIFICATION ( '', '', #3130 ) ;
#606 = CARTESIAN_POINT ( 'NONE',  ( 0.9374999999999998900, 0.05000000000000014800, -0.07250000000000000900 ) ) ;
#607 = CARTESIAN_POINT ( 'NONE',  ( -1.123269580619649800E-014, 0.3181290308573184700, -0.01000000000000000000 ) ) ;
#608 = CYLINDRICAL_SURFACE ( 'NONE', #1289, 0.006870969142667693000 ) ;
#609 = DIRECTION ( 'NONE',  ( -0.0000000000000000000, 0.0000000000000000000, 1.000000000000000000 ) ) ;
#610 = DIRECTION ( 'NONE',  ( 0.0000000000000000000, -0.0000000000000000000, 1.000000000000000000 ) ) ;
#611 = DIRECTION ( 'NONE',  ( -0.0000000000000000000, -0.0000000000000000000, 1.000000000000000000 ) ) ;
#612 = ADVANCED_FACE ( 'NONE', ( #6964, #6999 ), #3561, .F. ) ;
#613 = DIRECTION ( 'NONE',  ( -0.0000000000000000000, 0.0000000000000000000, 1.000000000000000000 ) ) ;
#614 = PLANE ( 'NONE',  #3800 ) ;
#615 = EDGE_CURVE ( 'NONE', #2188, #4542, #6923, .T. ) ;
#616 = VERTEX_POINT ( 'NONE', #1010 ) ;
#617 = ORIENTED_EDGE ( 'NONE', *, *, #8901, .T. ) ;
#618 = DIRECTION ( 'NONE',  ( 0.0000000000000000000, 1.000000000000000000, 0.0000000000000000000 ) ) ;
#619 = AXIS2_PLACEMENT_3D ( 'NONE', #10254, #4025, #3793 ) ;
#620 = DIRECTION ( 'NONE',  ( -1.000000000000000000, -0.0000000000000000000, -0.0000000000000000000 ) ) ;
#621 = FACE_OUTER_BOUND ( 'NONE', #508, .T. ) ;
#622 = CARTESIAN_POINT ( 'NONE',  ( 0.7083006689826733000, 0.2405852362473140900, -0.01000000000000000000 ) ) ;
#623 = DIRECTION ( 'NONE',  ( 1.000000000000000000, 0.0000000000000000000, 0.0000000000000000000 ) ) ;
#624 = CARTESIAN_POINT ( 'NONE',  ( 0.6057269153529094600, 0.3632811137948581700, 0.0000000000000000000 ) ) ;
#625 = DIRECTION ( 'NONE',  ( 1.000000000000000000, 9.478405032071569600E-013, -3.681989669454495000E-013 ) ) ;
#626 = LINE ( 'NONE', #1968, #9376 ) ;
#627 = ORIENTED_EDGE ( 'NONE', *, *, #7818, .F. ) ;
#628 = ORIENTED_EDGE ( 'NONE', *, *, #8401, .F. ) ;
#629 = AXIS2_PLACEMENT_3D ( 'NONE', #1692, #1680, #1380 ) ;
#630 = EDGE_CURVE ( 'NONE', #1275, #8649, #6932, .T. ) ;
#631 = VECTOR ( 'NONE', #6494, 39.37007874015748100 ) ;
#632 = EDGE_CURVE ( 'NONE', #3684, #8442, #6912, .T. ) ;
#633 = ORIENTED_EDGE ( 'NONE', *, *, #5773, .F. ) ;
#634 = DIRECTION ( 'NONE',  ( -0.0000000000000000000, 1.871128762783744900E-015, -1.000000000000000000 ) ) ;
#635 = ORIENTED_EDGE ( 'NONE', *, *, #654, .T. ) ;
#636 = VECTOR ( 'NONE', #4878, 39.37007874015748100 ) ;
#637 = ORIENTED_EDGE ( 'NONE', *, *, #9619, .F. ) ;
#638 = VECTOR ( 'NONE', #9669, 39.37007874015748100 ) ;
#639 = LINE ( 'NONE', #1550, #631 ) ;
#640 = ORIENTED_EDGE ( 'NONE', *, *, #5868, .F. ) ;
#641 = APPROVAL_DATE_TIME ( #3213, #8866 ) ;
#642 = CARTESIAN_POINT ( 'NONE',  ( 0.3462132034356248400, 0.02550000000068040900, 5.582258190253555300E-012 ) ) ;
#643 = ORIENTED_EDGE ( 'NONE', *, *, #8411, .F. ) ;
#644 = CARTESIAN_POINT ( 'NONE',  ( 0.3564999999999999300, 0.4749999999999999800, -0.2820000000000000800 ) ) ;
#645 = CARTESIAN_POINT ( 'NONE',  ( 0.3924999999999996800, 0.05000000000000000300, 0.0000000000000000000 ) ) ;
#646 = DIRECTION ( 'NONE',  ( -0.0000000000000000000, -0.0000000000000000000, 1.000000000000000000 ) ) ;
#647 = CARTESIAN_POINT ( 'NONE',  ( 0.1342422492875602900, 0.06484521789734006000, -0.006000000003221773700 ) ) ;
#648 = DATE_AND_TIME ( #3215, #5618 ) ;
#649 = DIRECTION ( 'NONE',  ( 1.012452039204144900E-012, 0.8944271910001574400, -0.4472135954994749300 ) ) ;
#650 = EDGE_CURVE ( 'NONE', #2454, #1293, #7070, .T. ) ;
#651 = ORIENTED_EDGE ( 'NONE', *, *, #7208, .T. ) ;
#652 = VECTOR ( 'NONE', #10982, 39.37007874015748100 ) ;
#653 = CARTESIAN_POINT ( 'NONE',  ( 1.242499999999999900, 0.05000000000000000300, -0.3700000000000000000 ) ) ;
#654 = EDGE_CURVE ( 'NONE', #2613, #7169, #6855, .T. ) ;
#655 = EDGE_CURVE ( 'NONE', #4109, #6217, #6826, .T. ) ;
#656 = DIRECTION ( 'NONE',  ( -1.000000000000000000, 0.0000000000000000000, 0.0000000000000000000 ) ) ;
#657 = ORIENTED_EDGE ( 'NONE', *, *, #6894, .F. ) ;
#658 = AXIS2_PLACEMENT_3D ( 'NONE', #4297, #3616, #3600 ) ;
#659 = CARTESIAN_POINT ( 'NONE',  ( 0.3674999999999998300, 0.2699999999999999100, -0.2210000000000000900 ) ) ;
#660 = VERTEX_POINT ( 'NONE', #6678 ) ;
#661 = LINE ( 'NONE', #10105, #799 ) ;
#662 = LOCAL_TIME ( 13, 11, 25.00000000000000000, #3225 ) ;
#663 = ORIENTED_EDGE ( 'NONE', *, *, #7288, .T. ) ;
#664 = COORDINATED_UNIVERSAL_TIME_OFFSET ( 5, 0, .BEHIND. ) ;
#665 = DIRECTION ( 'NONE',  ( 0.0000000000000000000, -1.000000000000000000, -5.691349986800549600E-017 ) ) ;
#666 = VECTOR ( 'NONE', #6498, 39.37007874015748100 ) ;
#667 = ORIENTED_EDGE ( 'NONE', *, *, #10821, .T. ) ;
#668 = VERTEX_POINT ( 'NONE', #33 ) ;
#669 = CYLINDRICAL_SURFACE ( 'NONE', #6377, 0.06399999999999998700 ) ;
#670 = LINE ( 'NONE', #3854, #43 ) ;
#671 = PRODUCT_DEFINITION_SHAPE ( 'NONE', 'NONE',  #1353 ) ;
#672 = DIRECTION ( 'NONE',  ( -1.000000000000000000, -0.0000000000000000000, -0.0000000000000000000 ) ) ;
#673 = COORDINATED_UNIVERSAL_TIME_OFFSET ( 5, 0, .BEHIND. ) ;
#674 = AXIS2_PLACEMENT_3D ( 'NONE', #7651, #7488, #4163 ) ;
#675 = ADVANCED_FACE ( 'NONE', ( #6885 ), #2276, .F. ) ;
#676 = CARTESIAN_POINT ( 'NONE',  ( 0.6374999999999998400, 0.3450000000000001400, -0.1480000000000000200 ) ) ;
#677 = PRODUCT_RELATED_PRODUCT_CATEGORY ( 'detail', '', ( #8529 ) ) ;
#678 = CARTESIAN_POINT ( 'NONE',  ( 1.504999999999999900, 0.0000000000000000000, -0.1210000000000001600 ) ) ;
#679 = ORIENTED_EDGE ( 'NONE', *, *, #5583, .F. ) ;
#680 = ORIENTED_EDGE ( 'NONE', *, *, #6467, .T. ) ;
#681 =( NAMED_UNIT ( * ) PLANE_ANGLE_UNIT ( ) SI_UNIT ( $, .RADIAN. ) );
#682 = CIRCLE ( 'NONE', #6489, 0.009815670203803203800 ) ;
#683 = LINE ( 'NONE', #1867, #274 ) ;
#684 = EDGE_LOOP ( 'NONE', ( #8281, #1446, #9877, #7761 ) ) ;
#685 = ORIENTED_EDGE ( 'NONE', *, *, #9035, .F. ) ;
#686 = EDGE_CURVE ( 'NONE', #10965, #5878, #6706, .T. ) ;
#687 = ORIENTED_EDGE ( 'NONE', *, *, #5526, .T. ) ;
#688 = AXIS2_PLACEMENT_3D ( 'NONE', #7424, #2812, #8371 ) ;
#689 = VECTOR ( 'NONE', #6099, 39.37007874015748100 ) ;
#690 = DIRECTION ( 'NONE',  ( -3.681989669462878400E-013, 7.789823685977714400E-013, 1.000000000000000000 ) ) ;
#691 = VECTOR ( 'NONE', #77, 39.37007874015748100 ) ;
#692 = DIRECTION ( 'NONE',  ( 0.0000000000000000000, 1.000000000000000000, -0.0000000000000000000 ) ) ;
#693 = ADVANCED_FACE ( 'NONE', ( #6681 ), #2108, .F. ) ;
#694 = CARTESIAN_POINT ( 'NONE',  ( 0.5374999999999999800, 0.3450000000000001400, -0.2220000000000000600 ) ) ;
#695 = VECTOR ( 'NONE', #8194, 39.37007874015748100 ) ;
#696 = PRODUCT_DEFINITION_SHAPE ( 'NONE', 'NONE',  #11004 ) ;
#697 = CARTESIAN_POINT ( 'NONE',  ( 1.347500000000000100, 0.2500000000000000000, -0.3699999999999998800 ) ) ;
#698 = VERTEX_POINT ( 'NONE', #2070 ) ;
#699 = ORIENTED_EDGE ( 'NONE', *, *, #9990, .T. ) ;
#700 = VERTEX_POINT ( 'NONE', #7508 ) ;
#701 = VECTOR ( 'NONE', #5602, 39.37007874015748100 ) ;
#702 = ORIENTED_EDGE ( 'NONE', *, *, #8939, .T. ) ;
#703 = PLANE ( 'NONE',  #2689 ) ;
#704 = LINE ( 'NONE', #2797, #691 ) ;
#705 = DIRECTION ( 'NONE',  ( -1.000000000000000000, -0.0000000000000000000, -0.0000000000000000000 ) ) ;
#706 = CARTESIAN_POINT ( 'NONE',  ( 1.197499999999999800, 0.5580000000000000500, -0.3310000000000001800 ) ) ;
#707 = CARTESIAN_POINT ( 'NONE',  ( 0.8089112885716688300, 0.4133410318342099500, -0.01000000000000000000 ) ) ;
#708 = AXIS2_PLACEMENT_3D ( 'NONE', #8392, #1847, #3609 ) ;
#709 = CIRCLE ( 'NONE', #4473, 0.009815670203840084000 ) ;
#710 = EDGE_CURVE ( 'NONE', #8977, #1554, #6662, .T. ) ;
#711 = PLANE ( 'NONE',  #4111 ) ;
#712 = ORIENTED_EDGE ( 'NONE', *, *, #4135, .T. ) ;
#713 = CARTESIAN_POINT ( 'NONE',  ( 0.3522132034351259100, 0.01250000000067932900, -1.833134288851888500E-012 ) ) ;
#714 = LINE ( 'NONE', #5855, #5425 ) ;
#715 = VERTEX_POINT ( 'NONE', #10829 ) ;
#716 = FACE_OUTER_BOUND ( 'NONE', #9099, .T. ) ;
#717 = LINE ( 'NONE', #1582, #5184 ) ;
#718 = DIRECTION ( 'NONE',  ( 1.000000000000000000, 0.0000000000000000000, 0.0000000000000000000 ) ) ;
#719 = VERTEX_POINT ( 'NONE', #6295 ) ;
#720 = ORIENTED_EDGE ( 'NONE', *, *, #1062, .T. ) ;
#721 = ORIENTED_EDGE ( 'NONE', *, *, #2405, .T. ) ;
#722 = EDGE_CURVE ( 'NONE', #3435, #4933, #6641, .T. ) ;
#723 = VECTOR ( 'NONE', #9623, 39.37007874015748100 ) ;
#724 = ORIENTED_EDGE ( 'NONE', *, *, #4978, .F. ) ;
#725 = ORIENTED_EDGE ( 'NONE', *, *, #4303, .T. ) ;
#726 = EDGE_CURVE ( 'NONE', #919, #283, #6606, .T. ) ;
#727 = LINE ( 'NONE', #8543, #754 ) ;
#728 = VERTEX_POINT ( 'NONE', #624 ) ;
#729 = DIRECTION ( 'NONE',  ( 0.0000000000000000000, -1.871128762783745300E-015, 1.000000000000000000 ) ) ;
#730 = VECTOR ( 'NONE', #7233, 39.37007874015748100 ) ;
#731 = DIRECTION ( 'NONE',  ( 1.000000000000000000, 0.0000000000000000000, 0.0000000000000000000 ) ) ;
#732 = CARTESIAN_POINT ( 'NONE',  ( 1.137499999999999700, 0.3450000000000002000, -0.2724999999999999600 ) ) ;
#733 = DIRECTION ( 'NONE',  ( 1.000000000000000000, 0.0000000000000000000, 0.0000000000000000000 ) ) ;
#734 = ADVANCED_FACE ( 'NONE', ( #6544, #6553, #6741, #6479, #6443 ), #4899, .F. ) ;
#735 = CARTESIAN_POINT ( 'NONE',  ( 1.197499999999999800, 0.3450000000000001400, -0.2219999999999999800 ) ) ;
#736 = ORIENTED_EDGE ( 'NONE', *, *, #3746, .F. ) ;
#737 = ORIENTED_EDGE ( 'NONE', *, *, #2627, .T. ) ;
#738 = ORIENTED_EDGE ( 'NONE', *, *, #3850, .F. ) ;
#739 = FACE_OUTER_BOUND ( 'NONE', #5812, .T. ) ;
#740 = ORIENTED_EDGE ( 'NONE', *, *, #2215, .T. ) ;
#741 = ORIENTED_EDGE ( 'NONE', *, *, #6416, .T. ) ;
#742 = VERTEX_POINT ( 'NONE', #196 ) ;
#743 = CARTESIAN_POINT ( 'NONE',  ( 0.1478113162194632800, 0.08117688916756478400, -0.02499999999825394700 ) ) ;
#744 = ORIENTED_EDGE ( 'NONE', *, *, #2562, .T. ) ;
#745 = ORIENTED_EDGE ( 'NONE', *, *, #6448, .F. ) ;
#746 = DIRECTION ( 'NONE',  ( 0.0000000000000000000, 0.0000000000000000000, 1.000000000000000000 ) ) ;
#747 = AXIS2_PLACEMENT_3D ( 'NONE', #7305, #1397, #10741 ) ;
#748 = ORIENTED_EDGE ( 'NONE', *, *, #10465, .T. ) ;
#749 = CARTESIAN_POINT ( 'NONE',  ( 0.4374999999999998900, 0.05000000000000000300, -0.3700000000000000000 ) ) ;
#750 = AXIS2_PLACEMENT_3D ( 'NONE', #1221, #2210, #8291 ) ;
#751 = ORIENTED_EDGE ( 'NONE', *, *, #4453, .F. ) ;
#752 = FACE_OUTER_BOUND ( 'NONE', #5562, .T. ) ;
#753 = ORIENTED_EDGE ( 'NONE', *, *, #9568, .F. ) ;
#754 = VECTOR ( 'NONE', #3024, 39.37007874015748100 ) ;
#755 = CYLINDRICAL_SURFACE ( 'NONE', #10962, 0.006870969142657995000 ) ;
#756 = DIRECTION ( 'NONE',  ( 0.0000000000000000000, -1.000000000000000000, -5.691349986800549600E-017 ) ) ;
#757 = ORIENTED_EDGE ( 'NONE', *, *, #1404, .F. ) ;
#758 = CARTESIAN_POINT ( 'NONE',  ( 0.0000000000000000000, 0.4094147637527355600, -0.01000000000000000000 ) ) ;
#759 = DIRECTION ( 'NONE',  ( 0.0000000000000000000, 0.0000000000000000000, -1.000000000000000000 ) ) ;
#760 = ORIENTED_EDGE ( 'NONE', *, *, #6559, .F. ) ;
#761 = ORIENTED_EDGE ( 'NONE', *, *, #2347, .T. ) ;
#762 = CARTESIAN_POINT ( 'NONE',  ( 0.6675000000022228700, 0.6712132034341625800, -0.3100000000010568700 ) ) ;
#763 = EDGE_CURVE ( 'NONE', #2106, #1507, #6423, .T. ) ;
#764 = CIRCLE ( 'NONE', #4095, 0.009815670203841039800 ) ;
#765 = ORIENTED_EDGE ( 'NONE', *, *, #3443, .T. ) ;
#766 = AXIS2_PLACEMENT_3D ( 'NONE', #7852, #7891, #8017 ) ;
#767 = CC_DESIGN_APPROVAL ( #103, ( #10145 ) ) ;
#768 = CARTESIAN_POINT ( 'NONE',  ( 1.242499999999999900, 0.05000000000000000300, -0.3700000000000000000 ) ) ;
#769 = DIRECTION ( 'NONE',  ( 0.0000000000000000000, 0.0000000000000000000, 1.000000000000000000 ) ) ;
#770 = FACE_OUTER_BOUND ( 'NONE', #597, .T. ) ;
#771 = CARTESIAN_POINT ( 'NONE',  ( 0.1332147759478340100, 0.05783335064350379800, 0.02491667532131328800 ) ) ;
#772 = CLOSED_SHELL ( 'NONE', ( #4084, #7284, #10383, #3028, #3518, #6650, #734, #7009, #8119, #8060, #213, #4481, #2758, #2991, #494, #4150, #9740, #3759, #6152, #6138, #4423, #6439, #1195, #4017, #278, #5166, #2016, #151, #10154, #2864, #10033, #4808, #6322, #4639, #5126, #3595, #3819, #10248, #8519, #5424, #7205, #7490, #3027, #4995, #5605, #2013, #3196, #10561, #7929, #5634, #5281, #8320, #6318, #6028, #10361, #6046, #9649, #10725, #2087, #2906, #5659, #6100, #9599, #9334, #4318, #340, #2094, #8232, #6886, #1898, #10340, #8276, #1799, #8884, #5485, #10290, #6389, #5742, #16, #8809, #6206, #8377, #556, #4697, #211, #4014, #5582, #7431, #8474, #5835, #8063, #4592, #6267, #5593, #3139, #3845, #5662, #7113, #5957, #1839, #7931, #8864, #1560, #9378, #1715, #5347, #6628, #10873, #6392, #9556, #8867, #10744, #10773, #7428, #9258, #1903, #3255, #7869, #3701, #5912, #10489, #10338, #3638, #1214, #7969, #149, #3937, #2505, #2573, #6992, #2968, #1132, #9603, #9697, #3483, #7316, #2645, #10571, #6246, #6442, #4870, #10435, #9870, #6936, #4105, #7314, #1776, #7539, #1530, #10653, #7257, #10899, #2234, #7346, #2596, #4752, #10986, #8231, #675, #5200, #10113, #10197, #4215, #5448, #2792, #6713, #6470, #9436, #2904, #8974, #5804, #612, #2713, #7092, #6742, #10603, #10075, #6355, #1322, #693, #6547, #2933, #1961, #3075, #7823, #8652, #1063, #8422, #789, #5533, #2300, #2456, #10985, #9700, #5244, #7260, #10070, #2697, #8177, #2359, #5500, #10701, #5860, #9464, #8615, #7152, #7591, #5687, #9466, #9072, #9284, #7895, #9024, #4660, #5074, #9036, #1604, #79, #5106, #812, #8023, #6078, #2842, #6597, #6041, #6760, #7374, #1988, #7502, #3661, #8807, #10291, #2173, #6192, #10686, #875, #4835, #6497, #10526, #10129, #5744, #8148, #2743, #1129, #5890, #6499, #3077, #1035, #8910, #1264, #7944, #946, #8562, #1430 ) ) ;
#773 = DIRECTION ( 'NONE',  ( -0.0000000000000000000, 1.000000000000000000, -0.0000000000000000000 ) ) ;
#774 = EDGE_CURVE ( 'NONE', #916, #293, #6410, .T. ) ;
#775 = DIRECTION ( 'NONE',  ( 0.0000000000000000000, 0.0000000000000000000, 1.000000000000000000 ) ) ;
#776 = AXIS2_PLACEMENT_3D ( 'NONE', #2145, #8973, #8904 ) ;
#777 = VECTOR ( 'NONE', #9132, 39.37007874015748100 ) ;
#778 = ORIENTED_EDGE ( 'NONE', *, *, #119, .T. ) ;
#779 = DIRECTION ( 'NONE',  ( -0.0000000000000000000, -0.0000000000000000000, 1.000000000000000000 ) ) ;
#780 = LINE ( 'NONE', #8843, #3061 ) ;
#781 = ORIENTED_EDGE ( 'NONE', *, *, #10724, .T. ) ;
#782 = CARTESIAN_POINT ( 'NONE',  ( 0.1332179208363047900, 0.05800000000159888400, -0.02499999999773407400 ) ) ;
#783 = ORIENTED_EDGE ( 'NONE', *, *, #893, .F. ) ;
#784 = CARTESIAN_POINT ( 'NONE',  ( 0.8974999999999999600, 0.5180000000000000200, -0.2210000000000000000 ) ) ;
#785 = EDGE_LOOP ( 'NONE', ( #6756, #7534, #5525, #3863 ) ) ;
#786 = LINE ( 'NONE', #2483, #824 ) ;
#787 = CARTESIAN_POINT ( 'NONE',  ( 0.9517292900370103400, 0.2268432979619844400, -0.01000000000000000000 ) ) ;
#788 = FACE_OUTER_BOUND ( 'NONE', #4860, .T. ) ;
#789 = ADVANCED_FACE ( 'NONE', ( #6394 ), #6243, .F. ) ;
#790 = EDGE_CURVE ( 'NONE', #2363, #10101, #6412, .T. ) ;
#791 = VERTEX_POINT ( 'NONE', #3885 ) ;
#792 = VERTEX_POINT ( 'NONE', #1180 ) ;
#793 = VERTEX_POINT ( 'NONE', #10591 ) ;
#794 = DIRECTION ( 'NONE',  ( -0.0000000000000000000, -1.000000000000000000, -4.553079989440441700E-016 ) ) ;
#795 = EDGE_CURVE ( 'NONE', #3833, #10423, #6271, .T. ) ;
#796 = DIRECTION ( 'NONE',  ( 1.000000000000000200, 8.055057399101522600E-012, -5.203623633218455500E-012 ) ) ;
#797 = PLANE ( 'NONE',  #22 ) ;
#798 = EDGE_LOOP ( 'NONE', ( #10201, #8376, #4343, #10869 ) ) ;
#799 = VECTOR ( 'NONE', #2152, 39.37007874015748100 ) ;
#800 = CONTEXT_DEPENDENT_SHAPE_REPRESENTATION ( #10458, #6450 ) ;
#801 = APPROVAL_PERSON_ORGANIZATION ( #3377, #3991, #8413 ) ;
#802 = ORIENTED_EDGE ( 'NONE', *, *, #7987, .T. ) ;
#803 = LINE ( 'NONE', #5713, #5511 ) ;
#804 = CARTESIAN_POINT ( 'NONE',  ( 0.6057269153529276600, 0.2719953808994902100, -0.01000000000000000000 ) ) ;
#805 = LINE ( 'NONE', #9339, #3089 ) ;
#806 = ORIENTED_EDGE ( 'NONE', *, *, #2790, .T. ) ;
#807 = CARTESIAN_POINT ( 'NONE',  ( 0.9374999999999998900, 0.2700000000000001800, -0.1480000000000000200 ) ) ;
#808 = VECTOR ( 'NONE', #2583, 39.37007874015748100 ) ;
#809 = APPROVAL_PERSON_ORGANIZATION ( #3386, #3660, #3946 ) ;
#810 = DIRECTION ( 'NONE',  ( -0.8934675157458197300, -0.4491278195647575600, -2.083508570278376800E-014 ) ) ;
#811 = EDGE_CURVE ( 'NONE', #8338, #832, #6200, .T. ) ;
#812 = ADVANCED_FACE ( 'NONE', ( #6150 ), #2768, .T. ) ;
#813 = DIRECTION ( 'NONE',  ( -0.0000000000000000000, -0.0000000000000000000, 1.000000000000000000 ) ) ;
#814 = EDGE_CURVE ( 'NONE', #9574, #10894, #6130, .T. ) ;
#815 = EDGE_CURVE ( 'NONE', #6072, #6965, #6174, .T. ) ;
#816 = PLANE ( 'NONE',  #10394 ) ;
#817 = DIRECTION ( 'NONE',  ( -0.0000000000000000000, -0.0000000000000000000, 1.000000000000000000 ) ) ;
#818 = AXIS2_PLACEMENT_3D ( 'NONE', #2468, #2592, #1600 ) ;
#819 = ORIENTED_EDGE ( 'NONE', *, *, #1902, .T. ) ;
#820 = EDGE_LOOP ( 'NONE', ( #4649, #8532, #10052, #1597 ) ) ;
#821 = VECTOR ( 'NONE', #5799, 39.37007874015748100 ) ;
#822 = ORIENTED_EDGE ( 'NONE', *, *, #5127, .T. ) ;
#823 = ORIENTED_EDGE ( 'NONE', *, *, #1007, .T. ) ;
#824 = VECTOR ( 'NONE', #3633, 39.37007874015748100 ) ;
#825 = VECTOR ( 'NONE', #2357, 39.37007874015748100 ) ;
#826 = CARTESIAN_POINT ( 'NONE',  ( 0.5974999999999999200, 0.5579999999999996100, -0.07250000000000000900 ) ) ;
#827 = ORIENTED_EDGE ( 'NONE', *, *, #119, .F. ) ;
#828 = ORGANIZATION ( 'UNSPECIFIED', 'UNSPECIFIED', '' ) ;
#829 = CARTESIAN_POINT ( 'NONE',  ( 0.6940679471871618000, 0.2474562053899773100, 0.0000000000000000000 ) ) ;
#830 = ORIENTED_EDGE ( 'NONE', *, *, #6281, .T. ) ;
#831 = CARTESIAN_POINT ( 'NONE',  ( 0.1299999999999994200, 0.0000000000000000000, -0.1210000000000000900 ) ) ;
#832 = VERTEX_POINT ( 'NONE', #10817 ) ;
#833 = DIRECTION ( 'NONE',  ( 1.000000000000000000, 0.0000000000000000000, 0.0000000000000000000 ) ) ;
#834 = CARTESIAN_POINT ( 'NONE',  ( 0.2411999999996191900, 0.04250000000110994200, -0.02500000000603424700 ) ) ;
#835 = ORIENTED_EDGE ( 'NONE', *, *, #8962, .T. ) ;
#836 = VECTOR ( 'NONE', #3575, 39.37007874015748100 ) ;
#837 = DIRECTION ( 'NONE',  ( 0.0000000000000000000, 0.0000000000000000000, 1.000000000000000000 ) ) ;
#838 = CARTESIAN_POINT ( 'NONE',  ( 0.5374999999999999800, 0.05000000000000000300, -0.3700000000000000000 ) ) ;
#839 = ORIENTED_EDGE ( 'NONE', *, *, #1689, .F. ) ;
#840 = AXIS2_PLACEMENT_3D ( 'NONE', #9343, #7521, #1302 ) ;
#841 = DIRECTION ( 'NONE',  ( -1.000000000000000000, -0.0000000000000000000, -0.0000000000000000000 ) ) ;
#842 = CC_DESIGN_PERSON_AND_ORGANIZATION_ASSIGNMENT ( #3813, #3996, ( #1606 ) ) ;
#843 = LINE ( 'NONE', #10615, #9749 ) ;
#844 = DIRECTION ( 'NONE',  ( 3.681989669462878400E-013, -7.789823685977714400E-013, -1.000000000000000000 ) ) ;
#845 = CARTESIAN_POINT ( 'NONE',  ( 0.3674999999999998300, 0.5600000000000003900, -0.1490000000000000800 ) ) ;
#846 = VERTEX_POINT ( 'NONE', #10348 ) ;
#847 = DIRECTION ( 'NONE',  ( 8.055046623592789800E-012, -1.000000000000000000, -9.474066515849366000E-013 ) ) ;
#848 = CARTESIAN_POINT ( 'NONE',  ( 0.1332132034361515300, 0.03800000000030819700, 0.01499999999629231300 ) ) ;
#849 = ORIENTED_EDGE ( 'NONE', *, *, #8483, .F. ) ;
#850 = ORIENTED_EDGE ( 'NONE', *, *, #893, .T. ) ;
#851 = ORIENTED_EDGE ( 'NONE', *, *, #3172, .T. ) ;
#852 = VECTOR ( 'NONE', #10486, 39.37007874015748100 ) ;
#853 = ORIENTED_EDGE ( 'NONE', *, *, #9229, .F. ) ;
#854 = ORIENTED_EDGE ( 'NONE', *, *, #6979, .T. ) ;
#855 = ORIENTED_EDGE ( 'NONE', *, *, #5880, .F. ) ;
#856 = ORIENTED_EDGE ( 'NONE', *, *, #4560, .F. ) ;
#857 = DIRECTION ( 'NONE',  ( -0.0000000000000000000, 0.0000000000000000000, 1.000000000000000000 ) ) ;
#858 = FACE_OUTER_BOUND ( 'NONE', #543, .T. ) ;
#859 = CARTESIAN_POINT ( 'NONE',  ( 0.2068417218042827900, 0.1108502649547594400, 0.02500000000115598600 ) ) ;
#860 = LINE ( 'NONE', #2786, #7492 ) ;
#861 = EDGE_CURVE ( 'NONE', #9544, #2410, #6593, .T. ) ;
#862 = ORIENTED_EDGE ( 'NONE', *, *, #7713, .F. ) ;
#863 = AXIS2_PLACEMENT_3D ( 'NONE', #10707, #4419, #4463 ) ;
#864 = CARTESIAN_POINT ( 'NONE',  ( 1.044978156973178900, 0.2965345564089684700, -0.01000000000000000000 ) ) ;
#865 = CARTESIAN_POINT ( 'NONE',  ( 0.0000000000000000000, 0.3318709691426837100, -0.01000000000000000000 ) ) ;
#866 = ORIENTED_EDGE ( 'NONE', *, *, #7749, .T. ) ;
#867 = ORIENTED_EDGE ( 'NONE', *, *, #815, .F. ) ;
#868 = CARTESIAN_POINT ( 'NONE',  ( 0.4974999999999998300, 0.05000000000000000300, -0.3700000000000000000 ) ) ;
#869 = VERTEX_POINT ( 'NONE', #2442 ) ;
#870 = ORIENTED_EDGE ( 'NONE', *, *, #6414, .T. ) ;
#871 = DIRECTION ( 'NONE',  ( 1.012452039204145100E-012, 0.8944271910001573300, -0.4472135954994748700 ) ) ;
#872 = CIRCLE ( 'NONE', #1562, 0.03999999999999998000 ) ;
#873 = ORIENTED_EDGE ( 'NONE', *, *, #10119, .T. ) ;
#874 = CARTESIAN_POINT ( 'NONE',  ( 0.8398306497136467400, 0.3083133606535453700, -0.01000000000000000000 ) ) ;
#875 = ADVANCED_FACE ( 'NONE', ( #6067 ), #4799, .F. ) ;
#876 = DIRECTION ( 'NONE',  ( -0.0000000000000000000, 1.871128762783744900E-015, -1.000000000000000000 ) ) ;
#877 = ORIENTED_EDGE ( 'NONE', *, *, #4809, .F. ) ;
#878 = LINE ( 'NONE', #694, #9761 ) ;
#879 = CARTESIAN_POINT ( 'NONE',  ( 0.5374999999999999800, 0.5999999999999999800, -0.07250000000000000900 ) ) ;
#880 = ORIENTED_EDGE ( 'NONE', *, *, #1580, .T. ) ;
#881 = ORIENTED_EDGE ( 'NONE', *, *, #1565, .F. ) ;
#882 = ORIENTED_EDGE ( 'NONE', *, *, #10729, .F. ) ;
#883 = CARTESIAN_POINT ( 'NONE',  ( 0.8374999999999999100, 0.5180000000000000200, -0.2210000000000000000 ) ) ;
#884 = ORIENTED_EDGE ( 'NONE', *, *, #1495, .T. ) ;
#885 = ORIENTED_EDGE ( 'NONE', *, *, #571, .T. ) ;
#886 = CARTESIAN_POINT ( 'NONE',  ( 0.4374999999999998900, 0.5580000000000000500, -0.2974999999999999900 ) ) ;
#887 = ORIENTED_EDGE ( 'NONE', *, *, #5403, .T. ) ;
#888 = LINE ( 'NONE', #9275, #261 ) ;
#889 = VERTEX_POINT ( 'NONE', #4356 ) ;
#890 = ORIENTED_EDGE ( 'NONE', *, *, #7948, .T. ) ;
#891 = DIRECTION ( 'NONE',  ( 0.0000000000000000000, 1.000000000000000000, 0.0000000000000000000 ) ) ;
#892 = ORIENTED_EDGE ( 'NONE', *, *, #2082, .F. ) ;
#893 = EDGE_CURVE ( 'NONE', #9054, #5974, #5980, .T. ) ;
#894 = EDGE_CURVE ( 'NONE', #1208, #8570, #5965, .T. ) ;
#895 = CIRCLE ( 'NONE', #7122, 0.06399999999999998700 ) ;
#896 = ORIENTED_EDGE ( 'NONE', *, *, #6227, .T. ) ;
#897 = DIRECTION ( 'NONE',  ( -0.0000000000000000000, 1.000000000000000000, -0.0000000000000000000 ) ) ;
#898 = EDGE_LOOP ( 'NONE', ( #338, #540, #1064, #8333 ) ) ;
#899 = EDGE_LOOP ( 'NONE', ( #27, #1270, #8782, #3478 ) ) ;
#900 = VERTEX_POINT ( 'NONE', #7057 ) ;
#901 = ORIENTED_EDGE ( 'NONE', *, *, #7607, .F. ) ;
#902 = FACE_OUTER_BOUND ( 'NONE', #8397, .T. ) ;
#903 = ORIENTED_EDGE ( 'NONE', *, *, #1654, .T. ) ;
#904 = ORIENTED_EDGE ( 'NONE', *, *, #3809, .T. ) ;
#905 =( LENGTH_UNIT ( ) NAMED_UNIT ( * ) SI_UNIT ( $, .METRE. ) );
#906 = VECTOR ( 'NONE', #4389, 39.37007874015748100 ) ;
#907 = DIRECTION ( 'NONE',  ( 0.0000000000000000000, -1.000000000000000000, -5.691349986800549600E-017 ) ) ;
#908 = DIRECTION ( 'NONE',  ( 3.681989669462878400E-013, -7.789823685977714400E-013, -1.000000000000000000 ) ) ;
#909 = ORIENTED_EDGE ( 'NONE', *, *, #10595, .F. ) ;
#910 = EDGE_CURVE ( 'NONE', #7642, #1321, #5929, .T. ) ;
#911 = ORIENTED_EDGE ( 'NONE', *, *, #894, .T. ) ;
#912 = EDGE_CURVE ( 'NONE', #8632, #294, #5903, .T. ) ;
#913 = ORIENTED_EDGE ( 'NONE', *, *, #10799, .T. ) ;
#914 = ORIENTED_EDGE ( 'NONE', *, *, #4584, .F. ) ;
#915 = EDGE_CURVE ( 'NONE', #2077, #5447, #5831, .T. ) ;
#916 = VERTEX_POINT ( 'NONE', #10281 ) ;
#917 = LINE ( 'NONE', #2344, #7794 ) ;
#918 = ORIENTED_EDGE ( 'NONE', *, *, #452, .T. ) ;
#919 = VERTEX_POINT ( 'NONE', #10572 ) ;
#920 = AXIS2_PLACEMENT_3D ( 'NONE', #8520, #9003, #8984 ) ;
#921 = CARTESIAN_POINT ( 'NONE',  ( 0.9517292900370103400, 0.2268432979619844400, 0.0000000000000000000 ) ) ;
#922 = VERTEX_POINT ( 'NONE', #10583 ) ;
#923 = VECTOR ( 'NONE', #7937, 39.37007874015748100 ) ;
#924 = EDGE_LOOP ( 'NONE', ( #2607, #4839, #8273, #6059 ) ) ;
#925 = CARTESIAN_POINT ( 'NONE',  ( 1.037499999999999900, 0.5999999999999999800, -0.2974999999999999900 ) ) ;
#926 = ORIENTED_EDGE ( 'NONE', *, *, #9951, .T. ) ;
#927 = ORIENTED_EDGE ( 'NONE', *, *, #9328, .F. ) ;
#928 = DIRECTION ( 'NONE',  ( -1.000000000000000000, -0.0000000000000000000, -0.0000000000000000000 ) ) ;
#929 = CARTESIAN_POINT ( 'NONE',  ( 1.104362961706134100, 0.2268432979619829900, 0.0000000000000000000 ) ) ;
#930 = EDGE_LOOP ( 'NONE', ( #2150, #2899, #232, #8416 ) ) ;
#931 = PLANE ( 'NONE',  #8637 ) ;
#932 = FACE_OUTER_BOUND ( 'NONE', #6373, .T. ) ;
#933 = ORIENTED_EDGE ( 'NONE', *, *, #3641, .F. ) ;
#934 = ORIENTED_EDGE ( 'NONE', *, *, #4243, .F. ) ;
#935 = DIRECTION ( 'NONE',  ( 0.0000000000000000000, 0.0000000000000000000, -1.000000000000000000 ) ) ;
#936 = AXIS2_PLACEMENT_3D ( 'NONE', #2219, #335, #2993 ) ;
#937 = PLANE ( 'NONE',  #277 ) ;
#938 = EDGE_LOOP ( 'NONE', ( #6875, #3851, #8, #6797 ) ) ;
#939 = DIRECTION ( 'NONE',  ( -0.0000000000000000000, 0.0000000000000000000, 1.000000000000000000 ) ) ;
#940 = CARTESIAN_POINT ( 'NONE',  ( 0.4374999999999998900, 0.5999999999999999800, -0.1090000000000002600 ) ) ;
#941 = DIRECTION ( 'NONE',  ( -1.000000000000000000, 0.0000000000000000000, -0.0000000000000000000 ) ) ;
#942 = CIRCLE ( 'NONE', #6050, 0.009815670203806754800 ) ;
#943 = ORIENTED_EDGE ( 'NONE', *, *, #4485, .T. ) ;
#944 = ADVANCED_FACE ( 'NONE', ( #5864 ), #5740, .F. ) ;
#945 = CARTESIAN_POINT ( 'NONE',  ( 0.6974999999999999000, 0.3450000000000001400, -0.2220000000000000600 ) ) ;
#946 = ADVANCED_FACE ( 'NONE', ( #5807 ), #6440, .F. ) ;
#947 = PLANE ( 'NONE',  #548 ) ;
#948 = DIRECTION ( 'NONE',  ( 0.0000000000000000000, -5.691349986800549600E-017, 1.000000000000000000 ) ) ;
#949 = MECHANICAL_CONTEXT ( 'NONE', #10970, 'mechanical' ) ;
#950 = EDGE_CURVE ( 'NONE', #1739, #4272, #5730, .T. ) ;
#951 = EDGE_LOOP ( 'NONE', ( #4259, #4676, #2641, #1553 ) ) ;
#952 = DIRECTION ( 'NONE',  ( 0.0000000000000000000, 0.0000000000000000000, 1.000000000000000000 ) ) ;
#953 = LINE ( 'NONE', #4294, #9140 ) ;
#954 = DIRECTION ( 'NONE',  ( -1.000000000000000000, 0.0000000000000000000, 0.0000000000000000000 ) ) ;
#955 = ORIENTED_EDGE ( 'NONE', *, *, #6511, .F. ) ;
#956 = DIRECTION ( 'NONE',  ( -0.0000000000000000000, -0.0000000000000000000, 1.000000000000000000 ) ) ;
#957 = ORIENTED_EDGE ( 'NONE', *, *, #984, .T. ) ;
#958 = VERTEX_POINT ( 'NONE', #3423 ) ;
#959 = VERTEX_POINT ( 'NONE', #2517 ) ;
#960 = DIRECTION ( 'NONE',  ( 0.7071067811865499000, -0.7071067811865451300, 0.0000000000000000000 ) ) ;
#961 = CARTESIAN_POINT ( 'NONE',  ( 0.6374999999999998400, 0.5180000000000000200, -0.2210000000000000600 ) ) ;
#962 = DIRECTION ( 'NONE',  ( -1.000000000000000000, 0.0000000000000000000, -0.0000000000000000000 ) ) ;
#963 = LINE ( 'NONE', #6261, #5610 ) ;
#964 = DIRECTION ( 'NONE',  ( 1.000000000000000000, 0.0000000000000000000, 0.0000000000000000000 ) ) ;
#965 = DIRECTION ( 'NONE',  ( 0.0000000000000000000, 0.0000000000000000000, 1.000000000000000000 ) ) ;
#966 = VERTEX_POINT ( 'NONE', #8586 ) ;
#967 = AXIS2_PLACEMENT_3D ( 'NONE', #2302, #3455, #109 ) ;
#968 = EDGE_CURVE ( 'NONE', #332, #4750, #5654, .T. ) ;
#969 = LINE ( 'NONE', #5986, #3480 ) ;
#970 = DATE_AND_TIME ( #3514, #5894 ) ;
#971 = CARTESIAN_POINT ( 'NONE',  ( 0.3522132034356249600, 0.02550000000067472300, -1.833134290529855900E-012 ) ) ;
#972 = CALENDAR_DATE ( 2019, 15, 10 ) ;
#973 = CARTESIAN_POINT ( 'NONE',  ( 0.5802132034345225400, 0.01250000000099398700, 0.02499999999547920800 ) ) ;
#974 = CARTESIAN_POINT ( 'NONE',  ( 0.6374999999999998400, 0.5580000000000000500, -0.09750000000000043400 ) ) ;
#975 = CYLINDRICAL_SURFACE ( 'NONE', #10143, 0.06399999999999998700 ) ;
#976 = DIRECTION ( 'NONE',  ( -0.0000000000000000000, 0.0000000000000000000, 1.000000000000000000 ) ) ;
#977 = CARTESIAN_POINT ( 'NONE',  ( 0.4374999999999998900, 0.3450000000000002000, -0.2725000000000000200 ) ) ;
#978 = CARTESIAN_POINT ( 'NONE',  ( 0.4375000000000010000, -0.2561646025221183100, -0.3310000000000007400 ) ) ;
#979 = ORIENTED_EDGE ( 'NONE', *, *, #1308, .F. ) ;
#980 = ORIENTED_EDGE ( 'NONE', *, *, #4208, .T. ) ;
#981 = LINE ( 'NONE', #8554, #808 ) ;
#982 = COORDINATED_UNIVERSAL_TIME_OFFSET ( 5, 0, .BEHIND. ) ;
#983 = ORIENTED_EDGE ( 'NONE', *, *, #10293, .T. ) ;
#984 = EDGE_CURVE ( 'NONE', #4498, #9682, #5693, .T. ) ;
#985 = DIRECTION ( 'NONE',  ( 0.0000000000000000000, -3.691686477924679400E-015, -1.000000000000000000 ) ) ;
#986 = VERTEX_POINT ( 'NONE', #8572 ) ;
#987 = EDGE_CURVE ( 'NONE', #2424, #7130, #5641, .T. ) ;
#988 = PERSON_AND_ORGANIZATION_ROLE ( 'classification_officer' ) ;
#989 = ORIENTED_EDGE ( 'NONE', *, *, #10893, .F. ) ;
#990 = ORIENTED_EDGE ( 'NONE', *, *, #9495, .T. ) ;
#992 = DIRECTION ( 'NONE',  ( -0.0000000000000000000, 0.0000000000000000000, 1.000000000000000000 ) ) ;
#991 = VECTOR ( 'NONE', #10632, 39.37007874015748100 ) ;
#993 = CARTESIAN_POINT ( 'NONE',  ( 1.037499999999999900, 0.2699999999999999100, -0.2220000000000000600 ) ) ;
#994 = AXIS2_PLACEMENT_3D ( 'NONE', #2909, #2897, #2895 ) ;
#995 = VECTOR ( 'NONE', #5286, 39.37007874015748100 ) ;
#996 = VECTOR ( 'NONE', #587, 39.37007874015748100 ) ;
#997 = LOCAL_TIME ( 13, 11, 25.00000000000000000, #3539 ) ;
#998 = ORIENTED_EDGE ( 'NONE', *, *, #4640, .F. ) ;
#999 = ORIENTED_EDGE ( 'NONE', *, *, #6856, .F. ) ;
#1000 = DIRECTION ( 'NONE',  ( 0.0000000000000000000, 1.352399996863497200E-015, -1.000000000000000000 ) ) ;
#1001 = LINE ( 'NONE', #1405, #5652 ) ;
#1002 = ORIENTED_EDGE ( 'NONE', *, *, #8695, .F. ) ;
#1003 = DIRECTION ( 'NONE',  ( 1.000000000000000000, 0.0000000000000000000, 0.0000000000000000000 ) ) ;
#1004 = ADVANCED_FACE ( 'NONE', ( #5719 ), #8365, .T. ) ;
#1005 = DIRECTION ( 'NONE',  ( 0.0000000000000000000, -1.871128762783744900E-015, 1.000000000000000000 ) ) ;
#1006 = FACE_OUTER_BOUND ( 'NONE', #9973, .T. ) ;
#1007 = EDGE_CURVE ( 'NONE', #3880, #48, #5616, .T. ) ;
#1008 = AXIS2_PLACEMENT_3D ( 'NONE', #1388, #9028, #2532 ) ;
#1009 = CARTESIAN_POINT ( 'NONE',  ( 0.3674999999999998300, 0.2699999999999999100, -0.1490000000000000800 ) ) ;
#1010 = CARTESIAN_POINT ( 'NONE',  ( 1.044978156973165800, 0.3637718973050450000, 0.0000000000000000000 ) ) ;
#1011 = ORIENTED_EDGE ( 'NONE', *, *, #10012, .T. ) ;
#1012 = VECTOR ( 'NONE', #6556, 39.37007874015748100 ) ;
#1013 = CARTESIAN_POINT ( 'NONE',  ( 0.5374999999999999800, 0.3450000000000001400, -0.2220000000000000600 ) ) ;
#1014 = VERTEX_POINT ( 'NONE', #971 ) ;
#1015 = CARTESIAN_POINT ( 'NONE',  ( 0.6374999999999998400, 0.5180000000000000200, -0.1489999999999998800 ) ) ;
#1016 = LINE ( 'NONE', #9696, #695 ) ;
#1017 = DIRECTION ( 'NONE',  ( 1.000000000000000000, 0.0000000000000000000, 0.0000000000000000000 ) ) ;
#1018 = VERTEX_POINT ( 'NONE', #4543 ) ;
#1019 = EDGE_CURVE ( 'NONE', #1541, #166, #9377, .T. ) ;
#1020 = ORIENTED_EDGE ( 'NONE', *, *, #2650, .T. ) ;
#1021 = CARTESIAN_POINT ( 'NONE',  ( 0.4974999999999998900, 0.2700000000000001800, -0.1490000000000000800 ) ) ;
#1022 = EDGE_LOOP ( 'NONE', ( #2886, #10861, #839, #8594 ) ) ;
#1023 = FACE_OUTER_BOUND ( 'NONE', #8712, .T. ) ;
#1024 = ORIENTED_EDGE ( 'NONE', *, *, #3065, .T. ) ;
#1025 = APPROVAL ( #1285, 'UNKNOWN' ) ;
#1026 = ORIENTED_EDGE ( 'NONE', *, *, #10238, .F. ) ;
#1027 = DIRECTION ( 'NONE',  ( 0.0000000000000000000, -1.000000000000000000, 1.871128762783746500E-015 ) ) ;
#1028 = CARTESIAN_POINT ( 'NONE',  ( 0.6506336065353511800, 0.4094147637527355600, 0.0000000000000000000 ) ) ;
#1029 = LINE ( 'NONE', #3, #9427 ) ;
#1030 = APPROVAL_STATUS ( 'not_yet_approved' ) ;
#1031 = DIRECTION ( 'NONE',  ( -0.0000000000000000000, 0.0000000000000000000, -1.000000000000000000 ) ) ;
#1032 = CARTESIAN_POINT ( 'NONE',  ( 0.8825288151001879900, 0.3181290308573496200, 0.0000000000000000000 ) ) ;
#1033 = ORIENTED_EDGE ( 'NONE', *, *, #7115, .T. ) ;
#1034 = ORIENTED_EDGE ( 'NONE', *, *, #2218, .T. ) ;
#1035 = ADVANCED_FACE ( 'NONE', ( #5632 ), #6247, .F. ) ;
#1036 = CARTESIAN_POINT ( 'NONE',  ( 1.018721239177992100, 0.3831578459575294400, -0.01000000000000000000 ) ) ;
#1037 = LINE ( 'NONE', #6917, #3280 ) ;
#1038 = DIRECTION ( 'NONE',  ( 1.000000000000000000, 0.0000000000000000000, 0.0000000000000000000 ) ) ;
#1039 = ORIENTED_EDGE ( 'NONE', *, *, #10918, .F. ) ;
#1040 = ORIENTED_EDGE ( 'NONE', *, *, #10293, .F. ) ;
#1041 = EDGE_CURVE ( 'NONE', #8388, #5845, #5592, .T. ) ;
#1042 = CARTESIAN_POINT ( 'NONE',  ( 0.6624999999999999800, 0.5180000000000000200, -0.2210000000000000600 ) ) ;
#1043 = DIRECTION ( 'NONE',  ( 1.000000000000000000, -0.0000000000000000000, -0.0000000000000000000 ) ) ;
#1044 = VECTOR ( 'NONE', #9866, 39.37007874015748100 ) ;
#1045 = CARTESIAN_POINT ( 'NONE',  ( 1.054793827176966800, 0.2965345564089693600, 0.0000000000000000000 ) ) ;
#1046 = DIRECTION ( 'NONE',  ( 1.000000000000000000, 9.478563083525144400E-013, -3.682081268435223800E-013 ) ) ;
#1047 = DIRECTION ( 'NONE',  ( -0.0000000000000000000, 0.0000000000000000000, 1.000000000000000000 ) ) ;
#1048 = EDGE_LOOP ( 'NONE', ( #7308, #10385, #8737, #6109 ) ) ;
#1049 = DIRECTION ( 'NONE',  ( 1.000000000000000000, 0.0000000000000000000, 0.0000000000000000000 ) ) ;
#1050 = VECTOR ( 'NONE', #9782, 39.37007874015748100 ) ;
#1051 = LINE ( 'NONE', #10911, #9891 ) ;
#1052 = ORIENTED_EDGE ( 'NONE', *, *, #4600, .T. ) ;
#1053 = CARTESIAN_POINT ( 'NONE',  ( 0.4974999999999998900, 0.5180000000000000200, -0.2210000000000000600 ) ) ;
#1054 = ORIENTED_EDGE ( 'NONE', *, *, #10404, .F. ) ;
#1055 = ORIENTED_EDGE ( 'NONE', *, *, #9860, .F. ) ;
#1056 = AXIS2_PLACEMENT_3D ( 'NONE', #5900, #5889, #5867 ) ;
#1057 = EDGE_CURVE ( 'NONE', #7919, #5991, #5540, .T. ) ;
#1058 = VECTOR ( 'NONE', #3493, 39.37007874015748100 ) ;
#1059 = ORIENTED_EDGE ( 'NONE', *, *, #5623, .T. ) ;
#1060 = ORIENTED_EDGE ( 'NONE', *, *, #2273, .T. ) ;
#1061 = CARTESIAN_POINT ( 'NONE',  ( 0.6371370600050838600, 0.2867188862052003600, 0.0000000000000000000 ) ) ;
#1062 = EDGE_CURVE ( 'NONE', #616, #4068, #5522, .T. ) ;
#1063 = ADVANCED_FACE ( 'NONE', ( #5506 ), #5443, .F. ) ;
#1064 = ORIENTED_EDGE ( 'NONE', *, *, #9105, .F. ) ;
#1065 = ORIENTED_EDGE ( 'NONE', *, *, #10142, .F. ) ;
#1066 = DIRECTION ( 'NONE',  ( 0.0000000000000000000, -1.871128762783746500E-015, -1.000000000000000000 ) ) ;
#1067 = APPLICATION_PROTOCOL_DEFINITION ( 'international standard', 'config_control_design', 1994, #6518 ) ;
#1068 = VECTOR ( 'NONE', #406, 39.37007874015748100 ) ;
#1069 = PLANE ( 'NONE',  #4793 ) ;
#1070 = CARTESIAN_POINT ( 'NONE',  ( 0.5624999999999998900, 0.5580000000000000500, -0.07249999999999998100 ) ) ;
#1071 = ORIENTED_EDGE ( 'NONE', *, *, #9393, .F. ) ;
#1072 = ORIENTED_EDGE ( 'NONE', *, *, #476, .F. ) ;
#1073 = CARTESIAN_POINT ( 'NONE',  ( 0.8374999999999999100, 0.05000000000000014800, -0.2975000000000001000 ) ) ;
#1074 = ORIENTED_EDGE ( 'NONE', *, *, #9424, .T. ) ;
#1075 = EDGE_CURVE ( 'NONE', #10576, #7026, #5489, .T. ) ;
#1076 = DIRECTION ( 'NONE',  ( -1.000000000000000000, -0.0000000000000000000, 0.0000000000000000000 ) ) ;
#1077 = EDGE_CURVE ( 'NONE', #6225, #1131, #5497, .T. ) ;
#1078 = ORIENTED_EDGE ( 'NONE', *, *, #9137, .F. ) ;
#1079 = EDGE_CURVE ( 'NONE', #6257, #10709, #5466, .T. ) ;
#1080 = CARTESIAN_POINT ( 'NONE',  ( 0.6940679471871618000, 0.2474562053899773100, -0.01000000000000000000 ) ) ;
#1081 = PLANE ( 'NONE',  #10740 ) ;
#1082 = DIRECTION ( 'NONE',  ( -1.000000000000000000, -0.0000000000000000000, -8.354275209982456400E-017 ) ) ;
#1083 = VECTOR ( 'NONE', #563, 39.37007874015748100 ) ;
#1084 = ORIENTED_EDGE ( 'NONE', *, *, #1673, .F. ) ;
#1085 = DIRECTION ( 'NONE',  ( 0.0000000000000000000, 0.0000000000000000000, -1.000000000000000000 ) ) ;
#1086 = CARTESIAN_POINT ( 'NONE',  ( 0.6371370600050838600, 0.3632811137948581700, -0.01000000000000000000 ) ) ;
#1087 = VERTEX_POINT ( 'NONE', #1865 ) ;
#1088 = DIRECTION ( 'NONE',  ( 0.0000000000000000000, 0.0000000000000000000, -1.000000000000000000 ) ) ;
#1089 = ORIENTED_EDGE ( 'NONE', *, *, #5129, .F. ) ;
#1090 = LINE ( 'NONE', #1616, #3929 ) ;
#1091 = ORIENTED_EDGE ( 'NONE', *, *, #243, .T. ) ;
#1092 = AXIS2_PLACEMENT_3D ( 'NONE', #3057, #9587, #3025 ) ;
#1093 = CARTESIAN_POINT ( 'NONE',  ( 0.2874999999999999800, 0.2500000000000000000, 0.0000000000000000000 ) ) ;
#1094 = DIRECTION ( 'NONE',  ( 0.0000000000000000000, 0.0000000000000000000, 1.000000000000000000 ) ) ;
#1095 = ORIENTED_EDGE ( 'NONE', *, *, #7311, .T. ) ;
#1096 = CC_DESIGN_APPROVAL ( #437, ( #10857 ) ) ;
#1097 = CARTESIAN_POINT ( 'NONE',  ( 0.4375000000000010000, 0.5579999999999996100, -0.03899999999999920900 ) ) ;
#1098 = LINE ( 'NONE', #10705, #906 ) ;
#1099 = DIRECTION ( 'NONE',  ( -0.0000000000000000000, -0.0000000000000000000, 1.000000000000000000 ) ) ;
#1100 = ORIENTED_EDGE ( 'NONE', *, *, #2002, .T. ) ;
#1101 = CARTESIAN_POINT ( 'NONE',  ( 0.5802132034320401900, 0.01600000000091142800, -0.02500000000655767200 ) ) ;
#1102 = LINE ( 'NONE', #7124, #9935 ) ;
#1103 = EDGE_LOOP ( 'NONE', ( #7886, #7136, #9002, #8497, #2287, #4985, #3628, #7034, #9277, #6374, #9364, #10389, #10140, #9901, #9929 ) ) ;
#1104 = ORIENTED_EDGE ( 'NONE', *, *, #2368, .T. ) ;
#1105 = ORIENTED_EDGE ( 'NONE', *, *, #3717, .F. ) ;
#1106 = APPROVAL_ROLE ( '' ) ;
#1107 = EDGE_CURVE ( 'NONE', #3513, #8001, #5402, .T. ) ;
#1108 = DIRECTION ( 'NONE',  ( -1.000000000000000000, -0.0000000000000000000, -0.0000000000000000000 ) ) ;
#1109 = ORIENTED_EDGE ( 'NONE', *, *, #6448, .T. ) ;
#1110 = DIRECTION ( 'NONE',  ( -0.0000000000000000000, 0.0000000000000000000, 1.000000000000000000 ) ) ;
#1111 = CARTESIAN_POINT ( 'NONE',  ( 0.9974999999999999400, 0.2699999999999999100, -0.1490000000000000800 ) ) ;
#1112 = ORGANIZATION ( 'NAUO-ORG17', 'UNSPECIFIED', 'UNSPECIFIED' ) ;
#1113 = CARTESIAN_POINT ( 'NONE',  ( 1.062500000000000000, 0.5180000000000000200, -0.1489999999999998500 ) ) ;
#1114 = CARTESIAN_POINT ( 'NONE',  ( 0.7374999999999998200, 0.5580000000000000500, -0.2974999999999999900 ) ) ;
#1115 = VECTOR ( 'NONE', #3757, 39.37007874015748100 ) ;
#1116 = DIRECTION ( 'NONE',  ( -1.000000000000000000, -0.0000000000000000000, -8.354275209982456400E-017 ) ) ;
#1117 = ORIENTED_EDGE ( 'NONE', *, *, #9976, .T. ) ;
#1118 = ORIENTED_EDGE ( 'NONE', *, *, #5553, .T. ) ;
#1119 = CARTESIAN_POINT ( 'NONE',  ( 0.3924999999999996800, 0.05000000000000000300, -0.09750000000000005900 ) ) ;
#1120 = CARTESIAN_POINT ( 'NONE',  ( -0.0000000000000000000, 0.4094147637527355600, 0.0000000000000000000 ) ) ;
#1121 = CIRCLE ( 'NONE', #7273, 0.03999999999999998000 ) ;
#1122 = VERTEX_POINT ( 'NONE', #2969 ) ;
#1123 = ORIENTED_EDGE ( 'NONE', *, *, #1154, .F. ) ;
#1124 = PLANE ( 'NONE',  #7910 ) ;
#1125 = CARTESIAN_POINT ( 'NONE',  ( 0.4974999999999998900, 0.05000000000000000300, -0.09750000000000005900 ) ) ;
#1126 = DIRECTION ( 'NONE',  ( 1.000000000000000000, 0.0000000000000000000, 0.0000000000000000000 ) ) ;
#1127 = DATE_AND_TIME ( #3669, #6022 ) ;
#1128 = PLANE ( 'NONE',  #9666 ) ;
#1129 = ADVANCED_FACE ( 'NONE', ( #5372 ), #4821, .F. ) ;
#1130 = CALENDAR_DATE ( 2019, 15, 10 ) ;
#1131 = VERTEX_POINT ( 'NONE', #4482 ) ;
#1132 = ADVANCED_FACE ( 'NONE', ( #5306 ), #5710, .F. ) ;
#1133 = CARTESIAN_POINT ( 'NONE',  ( 0.3674999999999998300, 0.2699999999999999100, -0.1490000000000000800 ) ) ;
#1134 = EDGE_CURVE ( 'NONE', #4628, #2800, #5361, .T. ) ;
#1135 = CIRCLE ( 'NONE', #5529, 0.006870969142667693000 ) ;
#1136 = ORIENTED_EDGE ( 'NONE', *, *, #10387, .F. ) ;
#1137 = EDGE_CURVE ( 'NONE', #10894, #9366, #5354, .T. ) ;
#1138 = LINE ( 'NONE', #9367, #9958 ) ;
#1139 = COORDINATED_UNIVERSAL_TIME_OFFSET ( 5, 0, .BEHIND. ) ;
#1140 = CARTESIAN_POINT ( 'NONE',  ( 0.2411999999994171000, 0.04250000000050903300, -0.006000000005779378800 ) ) ;
#1141 = CARTESIAN_POINT ( 'NONE',  ( 1.242499999999999900, 0.05000000000000000300, -0.2725000000000000200 ) ) ;
#1142 = PLANE ( 'NONE',  #5851 ) ;
#1143 = DIRECTION ( 'NONE',  ( -0.0000000000000000000, -0.0000000000000000000, -1.000000000000000000 ) ) ;
#1144 = EDGE_LOOP ( 'NONE', ( #6565, #3712, #7621, #4685 ) ) ;
#1145 = DIRECTION ( 'NONE',  ( 1.000000000000000000, 0.0000000000000000000, 0.0000000000000000000 ) ) ;
#1146 = CARTESIAN_POINT ( 'NONE',  ( 0.3674999999999998300, 0.2699999999999999100, -0.1490000000000000800 ) ) ;
#1147 = EDGE_LOOP ( 'NONE', ( #5216, #3602, #361, #10148 ) ) ;
#1148 = LINE ( 'NONE', #363, #821 ) ;
#1149 = DIRECTION ( 'NONE',  ( 1.000000000000000000, 0.0000000000000000000, 0.0000000000000000000 ) ) ;
#1150 = LINE ( 'NONE', #4210, #1290 ) ;
#1151 = FACE_OUTER_BOUND ( 'NONE', #5570, .T. ) ;
#1152 = VERTEX_POINT ( 'NONE', #5913 ) ;
#1153 = EDGE_CURVE ( 'NONE', #6560, #10447, #5263, .T. ) ;
#1154 = EDGE_CURVE ( 'NONE', #3034, #4488, #5279, .T. ) ;
#1155 = PERSON_AND_ORGANIZATION_ROLE ( 'classification_officer' ) ;
#1156 = DIRECTION ( 'NONE',  ( 3.681989669462701200E-013, -7.789624222777219800E-013, -1.000000000000000000 ) ) ;
#1157 = DIRECTION ( 'NONE',  ( 0.0000000000000000000, 0.0000000000000000000, 1.000000000000000000 ) ) ;
#1158 = CARTESIAN_POINT ( 'NONE',  ( 0.8374999999999999100, 0.3450000000000002000, -0.09750000000000001700 ) ) ;
#1159 = FACE_OUTER_BOUND ( 'NONE', #6672, .T. ) ;
#1160 = ORIENTED_EDGE ( 'NONE', *, *, #7543, .T. ) ;
#1161 = DIRECTION ( 'NONE',  ( -0.0000000000000000000, 0.0000000000000000000, 1.000000000000000000 ) ) ;
#1162 = FACE_OUTER_BOUND ( 'NONE', #6090, .T. ) ;
#1163 = DIRECTION ( 'NONE',  ( 0.0000000000000000000, 0.0000000000000000000, 1.000000000000000000 ) ) ;
#1164 = FACE_OUTER_BOUND ( 'NONE', #9055, .T. ) ;
#1165 = EDGE_LOOP ( 'NONE', ( #9996, #7505, #10955, #9326 ) ) ;
#1166 = CARTESIAN_POINT ( 'NONE',  ( 0.7374999999999998200, 0.5579999999999996100, -0.07249999999999999500 ) ) ;
#1167 = ORIENTED_EDGE ( 'NONE', *, *, #5966, .F. ) ;
#1168 = PLANE ( 'NONE',  #10613 ) ;
#1169 = VECTOR ( 'NONE', #26, 39.37007874015748100 ) ;
#1170 = DIRECTION ( 'NONE',  ( 1.000000000000000000, 0.0000000000000000000, 0.0000000000000000000 ) ) ;
#1171 = LINE ( 'NONE', #8469, #10682 ) ;
#1172 = EDGE_LOOP ( 'NONE', ( #10346, #637, #593, #106 ) ) ;
#1173 = AXIS2_PLACEMENT_3D ( 'NONE', #5457, #10859, #6289 ) ;
#1174 = LINE ( 'NONE', #4636, #9755 ) ;
#1175 = ORIENTED_EDGE ( 'NONE', *, *, #7112, .T. ) ;
#1176 = CARTESIAN_POINT ( 'NONE',  ( 0.8496463199174501000, 0.3083133606535453700, -0.01000000000000000000 ) ) ;
#1177 = ORIENTED_EDGE ( 'NONE', *, *, #493, .T. ) ;
#1178 = CARTESIAN_POINT ( 'NONE',  ( 0.7374999999999998200, 0.05000000000000014800, -0.2975000000000001000 ) ) ;
#1179 = DIRECTION ( 'NONE',  ( -0.0000000000000000000, -0.0000000000000000000, 1.000000000000000000 ) ) ;
#1180 = CARTESIAN_POINT ( 'NONE',  ( 0.9374999999999998900, 0.2699999999999999100, -0.2220000000000000600 ) ) ;
#1181 = VECTOR ( 'NONE', #6804, 39.37007874015748100 ) ;
#1182 = CARTESIAN_POINT ( 'NONE',  ( 0.3784999999999999500, 0.5999999999999999800, -0.3440000000000000800 ) ) ;
#1183 = VECTOR ( 'NONE', #5554, 39.37007874015748100 ) ;
#1184 = CARTESIAN_POINT ( 'NONE',  ( 0.6974999999999999000, 0.2699999999999999100, -0.2210000000000000900 ) ) ;
#1185 = VERTEX_POINT ( 'NONE', #6117 ) ;
#1186 = EDGE_LOOP ( 'NONE', ( #5852, #7649, #3337, #9577, #3169, #2354, #5455, #8680, #172 ) ) ;
#1187 = CARTESIAN_POINT ( 'NONE',  ( 0.7974999999999998800, 0.05000000000000014800, -0.07250000000000002300 ) ) ;
#1188 = CARTESIAN_POINT ( 'NONE',  ( 0.7974999999999998800, 0.05000000000000000300, -0.09750000000000003100 ) ) ;
#1189 = VECTOR ( 'NONE', #5192, 39.37007874015748100 ) ;
#1190 = CARTESIAN_POINT ( 'NONE',  ( 0.6506336065353510700, 0.4231567020380325200, -0.01000000000000000000 ) ) ;
#1191 = EDGE_CURVE ( 'NONE', #3145, #6920, #5213, .T. ) ;
#1192 = ORIENTED_EDGE ( 'NONE', *, *, #6356, .T. ) ;
#1193 = CARTESIAN_POINT ( 'NONE',  ( 0.2411999999995233800, 0.04250000000088804300, -5.717211481140569700E-012 ) ) ;
#1194 = CARTESIAN_POINT ( 'NONE',  ( 0.8374999999999999100, 0.2699999999999999100, -0.2220000000000000600 ) ) ;
#1195 = ADVANCED_FACE ( 'NONE', ( #5430 ), #2530, .F. ) ;
#1196 = CC_DESIGN_PERSON_AND_ORGANIZATION_ASSIGNMENT ( #8322, #4306, ( #9504 ) ) ;
#1197 = FACE_OUTER_BOUND ( 'NONE', #5604, .T. ) ;
#1198 = CARTESIAN_POINT ( 'NONE',  ( 0.6506336065353510700, 0.4162857328953860600, -0.01000000000000000000 ) ) ;
#1199 = DIRECTION ( 'NONE',  ( -0.0000000000000000000, 0.0000000000000000000, -1.000000000000000000 ) ) ;
#1200 = DATE_TIME_ROLE ( 'classification_date' ) ;
#1201 = DIRECTION ( 'NONE',  ( -0.0000000000000000000, 0.0000000000000000000, 1.000000000000000000 ) ) ;
#1202 = CIRCLE ( 'NONE', #8225, 0.009815670203840902800 ) ;
#1203 = DIRECTION ( 'NONE',  ( -1.000000000000000000, -9.478114348096974400E-013, 3.681676048548022900E-013 ) ) ;
#1204 = PLANE ( 'NONE',  #5271 ) ;
#1205 = CARTESIAN_POINT ( 'NONE',  ( 0.0000000000000000000, 0.0000000000000000000, -0.3700000000000001600 ) ) ;
#1206 = DIRECTION ( 'NONE',  ( 1.000000000000000000, -0.0000000000000000000, -0.0000000000000000000 ) ) ;
#1207 = DIRECTION ( 'NONE',  ( 0.0000000000000000000, -1.979599995408886100E-016, 1.000000000000000000 ) ) ;
#1208 = VERTEX_POINT ( 'NONE', #3578 ) ;
#1209 = ORIENTED_EDGE ( 'NONE', *, *, #4529, .T. ) ;
#1210 = EDGE_CURVE ( 'NONE', #2450, #5447, #5238, .T. ) ;
#1211 = CIRCLE ( 'NONE', #967, 0.009815670203806754800 ) ;
#1212 = ORIENTED_EDGE ( 'NONE', *, *, #7033, .F. ) ;
#1213 = DIRECTION ( 'NONE',  ( -0.0000000000000000000, -0.0000000000000000000, 1.000000000000000000 ) ) ;
#1214 = ADVANCED_FACE ( 'NONE', ( #5183 ), #6234, .F. ) ;
#1215 = AXIS2_PLACEMENT_3D ( 'NONE', #3862, #2312, #4462 ) ;
#1216 = PLANE ( 'NONE',  #1603 ) ;
#1217 = EDGE_CURVE ( 'NONE', #4242, #7240, #5204, .T. ) ;
#1218 = DIRECTION ( 'NONE',  ( 0.0000000000000000000, 0.0000000000000000000, 1.000000000000000000 ) ) ;
#1219 = CARTESIAN_POINT ( 'NONE',  ( 0.5463421106199378700, 0.4133410318342099500, 0.0000000000000000000 ) ) ;
#1220 = DIRECTION ( 'NONE',  ( 0.0000000000000000000, 0.0000000000000000000, 1.000000000000000000 ) ) ;
#1221 = CARTESIAN_POINT ( 'NONE',  ( 0.9374999999999998900, 0.3450000000000001400, -0.1479999999999999900 ) ) ;
#1222 = DIRECTION ( 'NONE',  ( 0.0000000000000000000, -1.000000000000000000, -5.691349986800549600E-017 ) ) ;
#1223 = DIRECTION ( 'NONE',  ( 1.000000000000000000, 0.0000000000000000000, 0.0000000000000000000 ) ) ;
#1224 = DIRECTION ( 'NONE',  ( 3.681989669462878400E-013, -7.789823685977714400E-013, -1.000000000000000000 ) ) ;
#1225 = EDGE_LOOP ( 'NONE', ( #9529, #4517, #737, #84 ) ) ;
#1226 = EDGE_LOOP ( 'NONE', ( #10977, #6149, #7997, #1298 ) ) ;
#1227 = CARTESIAN_POINT ( 'NONE',  ( 0.4374999999999998900, 0.5999999999999999800, -0.07250000000000000900 ) ) ;
#1228 = VECTOR ( 'NONE', #3097, 39.37007874015748100 ) ;
#1229 = ORIENTED_EDGE ( 'NONE', *, *, #5250, .T. ) ;
#1230 = DIRECTION ( 'NONE',  ( 0.0000000000000000000, 0.0000000000000000000, 1.000000000000000000 ) ) ;
#1231 = DIRECTION ( 'NONE',  ( -0.0000000000000000000, -0.0000000000000000000, 1.000000000000000000 ) ) ;
#1232 = DIRECTION ( 'NONE',  ( -0.9529809208180846100, -1.139344240750820900E-012, -0.3030303030337324100 ) ) ;
#1233 = CARTESIAN_POINT ( 'NONE',  ( 0.6974999999999999000, 0.05000000000000000300, -0.1499999999999999900 ) ) ;
#1234 = VERTEX_POINT ( 'NONE', #9296 ) ;
#1235 = EDGE_CURVE ( 'NONE', #9964, #9676, #5157, .T. ) ;
#1236 = DIRECTION ( 'NONE',  ( -0.0000000000000000000, 0.0000000000000000000, 1.000000000000000000 ) ) ;
#1237 = DIRECTION ( 'NONE',  ( -1.000000000000000000, -0.0000000000000000000, -0.0000000000000000000 ) ) ;
#1238 = EDGE_CURVE ( 'NONE', #5135, #2363, #5191, .T. ) ;
#1239 = VERTEX_POINT ( 'NONE', #9063 ) ;
#1240 = ORIENTED_EDGE ( 'NONE', *, *, #9817, .T. ) ;
#1241 = CARTESIAN_POINT ( 'NONE',  ( 0.3361881571567465500, 0.02550000000031526400, -0.005999999995913309900 ) ) ;
#1242 = LINE ( 'NONE', #807, #10026 ) ;
#1243 = VERTEX_POINT ( 'NONE', #921 ) ;
#1244 = ORIENTED_EDGE ( 'NONE', *, *, #5883, .T. ) ;
#1245 = DIRECTION ( 'NONE',  ( 0.0000000000000000000, 0.0000000000000000000, 1.000000000000000000 ) ) ;
#1246 = DIRECTION ( 'NONE',  ( -3.680709115715888600E-013, 7.789823685984645200E-013, 1.000000000000000000 ) ) ;
#1247 = CARTESIAN_POINT ( 'NONE',  ( 0.2411999999996191900, 0.04250000000110994200, -0.02500000000603424700 ) ) ;
#1248 = ORIENTED_EDGE ( 'NONE', *, *, #3078, .T. ) ;
#1249 = CARTESIAN_POINT ( 'NONE',  ( 0.3361881571562903600, 0.01250000000078732200, 0.02500000000228205400 ) ) ;
#1250 = CARTESIAN_POINT ( 'NONE',  ( 0.9374999999999998900, 0.5579999999999996100, -0.09749999999999962900 ) ) ;
#1251 = APPROVAL_ROLE ( '' ) ;
#1252 = DIRECTION ( 'NONE',  ( -0.5773502691896271700, -0.5773502691896232900, 0.5773502691896267300 ) ) ;
#1253 = ORIENTED_EDGE ( 'NONE', *, *, #9289, .F. ) ;
#1254 = CIRCLE ( 'NONE', #4344, 0.02625691779517367100 ) ;
#1255 = ORIENTED_EDGE ( 'NONE', *, *, #4560, .T. ) ;
#1256 = CARTESIAN_POINT ( 'NONE',  ( 0.9374999999999998900, 0.05000000000000000300, -0.1499999999999999900 ) ) ;
#1257 = DIRECTION ( 'NONE',  ( 1.000000000000000000, 7.203446383881649800E-015, 0.0000000000000000000 ) ) ;
#1258 = DIRECTION ( 'NONE',  ( -0.0000000000000000000, 0.0000000000000000000, -1.000000000000000000 ) ) ;
#1259 = EDGE_CURVE ( 'NONE', #379, #8746, #5146, .T. ) ;
#1260 = AXIS2_PLACEMENT_3D ( 'NONE', #5194, #3576, #3323 ) ;
#1261 = VERTEX_POINT ( 'NONE', #945 ) ;
#1262 = AXIS2_PLACEMENT_3D ( 'NONE', #8711, #8846, #7114 ) ;
#1263 = CARTESIAN_POINT ( 'NONE',  ( 1.037499999999999900, 0.3450000000000001400, -0.2220000000000000000 ) ) ;
#1264 = ADVANCED_FACE ( 'NONE', ( #5137 ), #6968, .F. ) ;
#1265 = VECTOR ( 'NONE', #2034, 39.37007874015748100 ) ;
#1266 = DIRECTION ( 'NONE',  ( 1.000000000000000000, 9.480675684639138800E-013, -3.683270223217796200E-013 ) ) ;
#1267 = VERTEX_POINT ( 'NONE', #234 ) ;
#1268 = EDGE_CURVE ( 'NONE', #7837, #2618, #5064, .T. ) ;
#1269 = AXIS2_PLACEMENT_3D ( 'NONE', #10627, #10992, #5862 ) ;
#1270 = ORIENTED_EDGE ( 'NONE', *, *, #6084, .F. ) ;
#1271 = CIRCLE ( 'NONE', #5556, 0.03150000000000006300 ) ;
#1272 = DIRECTION ( 'NONE',  ( -0.0000000000000000000, 1.000000000000000000, -0.0000000000000000000 ) ) ;
#1273 = CC_DESIGN_SECURITY_CLASSIFICATION ( #605, ( #10999 ) ) ;
#1274 = VERTEX_POINT ( 'NONE', #7108 ) ;
#1275 = VERTEX_POINT ( 'NONE', #883 ) ;
#1276 = DIRECTION ( 'NONE',  ( 1.000000000000000000, 0.0000000000000000000, 0.0000000000000000000 ) ) ;
#1277 = CARTESIAN_POINT ( 'NONE',  ( 0.6832707099629759000, 0.2366589681657897700, -0.01000000000000000000 ) ) ;
#1278 = LINE ( 'NONE', #2823, #1183 ) ;
#1279 = ORIENTED_EDGE ( 'NONE', *, *, #8351, .F. ) ;
#1280 = CARTESIAN_POINT ( 'NONE',  ( 0.6575045756779732700, 0.3250000000000201600, -0.01000000000000000000 ) ) ;
#1281 = ITEM_DEFINED_TRANSFORMATION ( 'NONE', 'NONE', #7771,  #8995 ) ;
#1282 = ORIENTED_EDGE ( 'NONE', *, *, #315, .T. ) ;
#1283 = FACE_OUTER_BOUND ( 'NONE', #6501, .T. ) ;
#1284 = VERTEX_POINT ( 'NONE', #864 ) ;
#1285 = APPROVAL_STATUS ( 'not_yet_approved' ) ;
#1286 = EDGE_CURVE ( 'NONE', #1087, #7026, #5160, .T. ) ;
#1287 = DIRECTION ( 'NONE',  ( -0.0000000000000000000, -1.000000000000000000, -4.553079989440441700E-016 ) ) ;
#1288 = CARTESIAN_POINT ( 'NONE',  ( 0.7974999999999998800, 0.3450000000000002000, -0.2725000000000000200 ) ) ;
#1289 = AXIS2_PLACEMENT_3D ( 'NONE', #8943, #2207, #5133 ) ;
#1290 = VECTOR ( 'NONE', #2301, 39.37007874015748100 ) ;
#1291 = APPROVAL_PERSON_ORGANIZATION ( #3813, #10196, #3050 ) ;
#1292 = PERSON_AND_ORGANIZATION ( #9117, #3817 ) ;
#1293 = VERTEX_POINT ( 'NONE', #826 ) ;
#1294 = ORIENTED_EDGE ( 'NONE', *, *, #10094, .F. ) ;
#1296 = LINE ( 'NONE', #7340, #5640 ) ;
#1295 = ADVANCED_BREP_SHAPE_REPRESENTATION ( '', ( #6726, #8995 ), #9489 ) ;
#1297 = DIRECTION ( 'NONE',  ( 0.0000000000000000000, -1.352399996863497400E-015, -1.000000000000000000 ) ) ;
#1298 = ORIENTED_EDGE ( 'NONE', *, *, #2787, .T. ) ;
#1299 = DIRECTION ( 'NONE',  ( -0.4997224534950236400, 2.010782194866670300E-013, 0.8661855860454582600 ) ) ;
#1300 = LINE ( 'NONE', #5066, #5911 ) ;
#1301 = CARTESIAN_POINT ( 'NONE',  ( 0.7397108136348434800, 0.2719953808994843300, -0.01000000000000000000 ) ) ;
#1302 = DIRECTION ( 'NONE',  ( 0.0000000000000000000, -1.000000000000000000, -1.979599995408886100E-016 ) ) ;
#1303 = DIRECTION ( 'NONE',  ( -0.8661855860451742600, -4.317444914735851300E-013, 0.4997224534955161900 ) ) ;
#1304 = CIRCLE ( 'NONE', #2807, 0.006870969142662229500 ) ;
#1305 = APPROVAL_DATE_TIME ( #3829, #10089 ) ;
#1306 = AXIS2_PLACEMENT_3D ( 'NONE', #3245, #3157, #2960 ) ;
#1307 = CARTESIAN_POINT ( 'NONE',  ( 0.6940679471871618000, 0.2405852362473140900, 0.0000000000000000000 ) ) ;
#1308 = EDGE_CURVE ( 'NONE', #660, #204, #5083, .T. ) ;
#1309 = EDGE_LOOP ( 'NONE', ( #1212, #6430, #8751, #9919 ) ) ;
#1310 = EDGE_CURVE ( 'NONE', #10576, #1948, #4958, .T. ) ;
#1311 = ORIENTED_EDGE ( 'NONE', *, *, #1473, .F. ) ;
#1312 = VECTOR ( 'NONE', #1695, 39.37007874015748100 ) ;
#1313 = VERTEX_POINT ( 'NONE', #2252 ) ;
#1314 = VERTEX_POINT ( 'NONE', #3233 ) ;
#1315 = VECTOR ( 'NONE', #4522, 39.37007874015748100 ) ;
#1316 = ORIENTED_EDGE ( 'NONE', *, *, #9289, .T. ) ;
#1317 = CARTESIAN_POINT ( 'NONE',  ( 1.037499999999999900, 0.5999999999999999800, -0.07249999999999996700 ) ) ;
#1318 = DIRECTION ( 'NONE',  ( 0.0000000000000000000, 1.000000000000000000, 4.553079989440425900E-016 ) ) ;
#1319 = ORIENTED_EDGE ( 'NONE', *, *, #3482, .F. ) ;
#1320 = CARTESIAN_POINT ( 'NONE',  ( 1.037499999999999900, 0.2700000000000001800, -0.1480000000000000200 ) ) ;
#1321 = VERTEX_POINT ( 'NONE', #7577 ) ;
#1322 = ADVANCED_FACE ( 'NONE', ( #4932 ), #4820, .F. ) ;
#1323 = DIRECTION ( 'NONE',  ( -1.000000000000000000, -0.0000000000000000000, 0.0000000000000000000 ) ) ;
#1324 = CYLINDRICAL_SURFACE ( 'NONE', #10350, 0.006870969142662229500 ) ;
#1325 = ORIENTED_EDGE ( 'NONE', *, *, #9137, .T. ) ;
#1326 = EDGE_CURVE ( 'NONE', #7555, #2437, #4832, .T. ) ;
#1327 = EDGE_CURVE ( 'NONE', #1313, #9518, #4845, .T. ) ;
#1328 = FACE_OUTER_BOUND ( 'NONE', #6315, .T. ) ;
#1329 = EDGE_CURVE ( 'NONE', #6659, #6770, #4801, .T. ) ;
#1330 = SECURITY_CLASSIFICATION_LEVEL ( 'unclassified' ) ;
#1331 = DIRECTION ( 'NONE',  ( -1.000000000000000000, 0.0000000000000000000, 0.0000000000000000000 ) ) ;
#1332 = AXIS2_PLACEMENT_3D ( 'NONE', #3524, #4446, #4437 ) ;
#1333 = ORIENTED_EDGE ( 'NONE', *, *, #144, .T. ) ;
#1334 = VERTEX_POINT ( 'NONE', #401 ) ;
#1335 = EDGE_LOOP ( 'NONE', ( #9915, #4945, #4066, #3465 ) ) ;
#1336 = EDGE_LOOP ( 'NONE', ( #5945, #5678, #7418, #6732 ) ) ;
#1337 = VERTEX_POINT ( 'NONE', #445 ) ;
#1338 = DIRECTION ( 'NONE',  ( -1.000000000000000000, -0.0000000000000000000, -0.0000000000000000000 ) ) ;
#1339 = CARTESIAN_POINT ( 'NONE',  ( 0.1536499778712670200, 0.06956181146370474200, 0.02500000000375370400 ) ) ;
#1340 = LINE ( 'NONE', #6293, #5935 ) ;
#1341 = ORIENTED_EDGE ( 'NONE', *, *, #8143, .F. ) ;
#1342 = ORIENTED_EDGE ( 'NONE', *, *, #7381, .F. ) ;
#1343 = DIRECTION ( 'NONE',  ( 0.0000000000000000000, 4.553079989440425900E-016, -1.000000000000000000 ) ) ;
#1344 = CARTESIAN_POINT ( 'NONE',  ( 0.5802132034345225400, 0.01250000000099398700, 0.02499999999547920800 ) ) ;
#1345 = EDGE_LOOP ( 'NONE', ( #909, #155, #633, #24, #8691, #10407, #7107, #7380, #112 ) ) ;
#1346 = LINE ( 'NONE', #1458, #5938 ) ;
#1347 = DIRECTION ( 'NONE',  ( -1.000000000000000000, -9.478563083529023900E-013, 3.681639791381783100E-013 ) ) ;
#1348 = CARTESIAN_POINT ( 'NONE',  ( -1.634053534412018700E-015, 0.2268432979619808600, -0.01000000000000000000 ) ) ;
#1349 = EDGE_LOOP ( 'NONE', ( #8493, #2937, #10928, #2847 ) ) ;
#1350 = AXIS2_PLACEMENT_3D ( 'NONE', #366, #6918, #6993 ) ;
#1351 = VECTOR ( 'NONE', #7333, 39.37007874015748100 ) ;
#1352 = VERTEX_POINT ( 'NONE', #6762 ) ;
#1353 = PRODUCT_DEFINITION ( 'UNKNOWN', '', #4549, #9731 ) ;
#1354 = DIRECTION ( 'NONE',  ( 1.000000000000000000, -0.0000000000000000000, -0.0000000000000000000 ) ) ;
#1355 = VERTEX_POINT ( 'NONE', #557 ) ;
#1356 = VECTOR ( 'NONE', #5802, 39.37007874015748100 ) ;
#1357 = CARTESIAN_POINT ( 'NONE',  ( 0.9624999999999999100, 0.5180000000000000200, -0.1089999999999998600 ) ) ;
#1358 = CARTESIAN_POINT ( 'NONE',  ( 1.137499999999999700, 0.3450000000000001400, -0.1479999999999999900 ) ) ;
#1359 = CARTESIAN_POINT ( 'NONE',  ( 0.3462132034356248400, 0.02550000000068040900, 5.582258190253555300E-012 ) ) ;
#1360 = EDGE_LOOP ( 'NONE', ( #1832, #2154, #1034, #9429, #7507, #1341, #1410, #10124, #5159 ) ) ;
#1361 = CARTESIAN_POINT ( 'NONE',  ( 0.6132132034368540400, 0.03400000000125801700, 0.01500000000345194000 ) ) ;
#1362 = CARTESIAN_POINT ( 'NONE',  ( 0.1488389218491042400, 0.06550000000001081300, -0.006000000001719306200 ) ) ;
#1363 = ORIENTED_EDGE ( 'NONE', *, *, #2400, .F. ) ;
#1364 = VECTOR ( 'NONE', #5696, 39.37007874015748100 ) ;
#1365 = CARTESIAN_POINT ( 'NONE',  ( 1.242499999999999900, 0.05000000000000000300, -0.2725000000000000200 ) ) ;
#1366 = DIRECTION ( 'NONE',  ( 1.000000000000000000, 0.0000000000000000000, 0.0000000000000000000 ) ) ;
#1367 = EDGE_CURVE ( 'NONE', #7356, #8515, #4872, .T. ) ;
#1368 = CARTESIAN_POINT ( 'NONE',  ( 1.037499999999999900, 0.3450000000000002000, -0.09750000000000000300 ) ) ;
#1369 = DIRECTION ( 'NONE',  ( 1.000000000000000000, 0.0000000000000000000, 0.0000000000000000000 ) ) ;
#1370 = ORIENTED_EDGE ( 'NONE', *, *, #9110, .T. ) ;
#1371 = ORIENTED_EDGE ( 'NONE', *, *, #10728, .T. ) ;
#1372 =( REPRESENTATION_RELATIONSHIP ('NONE','NONE', #6361, #2501 ) REPRESENTATION_RELATIONSHIP_WITH_TRANSFORMATION ( #10384 )SHAPE_REPRESENTATION_RELATIONSHIP( ) );
#1373 = DIRECTION ( 'NONE',  ( 0.0000000000000000000, 0.0000000000000000000, -1.000000000000000000 ) ) ;
#1374 = LINE ( 'NONE', #4041, #10115 ) ;
#1375 = VERTEX_POINT ( 'NONE', #5688 ) ;
#1376 = ORIENTED_EDGE ( 'NONE', *, *, #10723, .F. ) ;
#1377 = DIRECTION ( 'NONE',  ( 1.000000000000000000, 0.0000000000000000000, 0.0000000000000000000 ) ) ;
#1378 = CARTESIAN_POINT ( 'NONE',  ( 0.5374999999999999800, 0.3450000000000002000, -0.2725000000000000200 ) ) ;
#1379 = DIRECTION ( 'NONE',  ( -1.000000000000000000, 0.0000000000000000000, 0.0000000000000000000 ) ) ;
#1380 = DIRECTION ( 'NONE',  ( 1.000000000000000000, 0.0000000000000000000, 0.0000000000000000000 ) ) ;
#1381 = ORIENTED_EDGE ( 'NONE', *, *, #1970, .T. ) ;
#1382 = AXIS2_PLACEMENT_3D ( 'NONE', #7247, #7219, #5670 ) ;
#1383 = ORIENTED_EDGE ( 'NONE', *, *, #8048, .T. ) ;
#1384 = EDGE_CURVE ( 'NONE', #889, #3521, #4759, .T. ) ;
#1385 = ORIENTED_EDGE ( 'NONE', *, *, #9794, .F. ) ;
#1386 = LINE ( 'NONE', #10549, #6486 ) ;
#1387 = VERTEX_POINT ( 'NONE', #5727 ) ;
#1388 = CARTESIAN_POINT ( 'NONE',  ( 0.7083006689826715200, 0.3780046191005523900, -0.01000000000000000000 ) ) ;
#1389 = DIRECTION ( 'NONE',  ( 1.000000000000000000, 0.0000000000000000000, 0.0000000000000000000 ) ) ;
#1390 = DIRECTION ( 'NONE',  ( 9.480803174718525900E-013, 1.000000000000000000, 7.790035294315039400E-013 ) ) ;
#1391 = ORIENTED_EDGE ( 'NONE', *, *, #6414, .F. ) ;
#1392 = CARTESIAN_POINT ( 'NONE',  ( 0.0000000000000000000, 0.5999999999999999800, 0.0000000000000000000 ) ) ;
#1393 = DIRECTION ( 'NONE',  ( -0.0000000000000000000, 0.0000000000000000000, 1.000000000000000000 ) ) ;
#1394 = DIRECTION ( 'NONE',  ( -1.000000000000000000, 0.0000000000000000000, 0.0000000000000000000 ) ) ;
#1395 = CARTESIAN_POINT ( 'NONE',  ( 0.5374999999999999800, 0.2699999999999999100, -0.2220000000000000900 ) ) ;
#1396 = ORIENTED_EDGE ( 'NONE', *, *, #7545, .T. ) ;
#1397 = DIRECTION ( 'NONE',  ( -1.000000000000000000, 0.0000000000000000000, -0.0000000000000000000 ) ) ;
#1398 = FACE_OUTER_BOUND ( 'NONE', #4022, .T. ) ;
#1399 = DIRECTION ( 'NONE',  ( 1.000000000000000000, 9.476886098033806800E-013, -3.681526647536350200E-013 ) ) ;
#1400 = EDGE_CURVE ( 'NONE', #5062, #10353, #4788, .T. ) ;
#1401 = CARTESIAN_POINT ( 'NONE',  ( 0.3784999999999999500, 0.4749999999999999800, -0.3440000000000000800 ) ) ;
#1402 = CARTESIAN_POINT ( 'NONE',  ( 0.4375000000000010000, -0.2561646025221183100, -0.03900000000000072900 ) ) ;
#1403 = LINE ( 'NONE', #5117, #1447 ) ;
#1404 = EDGE_CURVE ( 'NONE', #5438, #7676, #4734, .T. ) ;
#1405 = CARTESIAN_POINT ( 'NONE',  ( 0.4374999999999998900, 0.5580000000000000500, -0.2974999999999999900 ) ) ;
#1406 = DIRECTION ( 'NONE',  ( 0.0000000000000000000, -1.000000000000000000, -1.979599995408885400E-016 ) ) ;
#1407 = AXIS2_PLACEMENT_3D ( 'NONE', #9581, #10354, #8578 ) ;
#1408 = ORIENTED_EDGE ( 'NONE', *, *, #4625, .T. ) ;
#1409 = LINE ( 'NONE', #5215, #8424 ) ;
#1410 = ORIENTED_EDGE ( 'NONE', *, *, #10485, .F. ) ;
#1411 = CARTESIAN_POINT ( 'NONE',  ( 1.635000000000000000, 0.5999999999999999800, 0.0000000000000000000 ) ) ;
#1412 = DIRECTION ( 'NONE',  ( 1.000000000000000000, 0.0000000000000000000, 0.0000000000000000000 ) ) ;
#1413 = FACE_OUTER_BOUND ( 'NONE', #6233, .T. ) ;
#1414 = DIRECTION ( 'NONE',  ( 0.0000000000000000000, 0.0000000000000000000, 1.000000000000000000 ) ) ;
#1415 = CARTESIAN_POINT ( 'NONE',  ( 1.018721239177998700, 0.2668421540424528200, 0.0000000000000000000 ) ) ;
#1416 = PERSON ( 'NAUO-PER6', 'UNSPECIFIED', 'UNSPECIFIED', ('UNSPECIFIED'), ('UNSPECIFIED'), ('UNSPECIFIED') ) ;
#1417 = DIRECTION ( 'NONE',  ( 0.0000000000000000000, -3.691686477924679400E-015, -1.000000000000000000 ) ) ;
#1418 = EDGE_LOOP ( 'NONE', ( #6477, #6231, #8028, #8729 ) ) ;
#1419 = LINE ( 'NONE', #9291, #10144 ) ;
#1420 = AXIS2_PLACEMENT_3D ( 'NONE', #9200, #8523, #348 ) ;
#1421 = CARTESIAN_POINT ( 'NONE',  ( 0.7374999999999998200, 0.2700000000000001800, -0.1480000000000000500 ) ) ;
#1422 = VERTEX_POINT ( 'NONE', #2039 ) ;
#1423 = ORIENTED_EDGE ( 'NONE', *, *, #2853, .F. ) ;
#1424 = CARTESIAN_POINT ( 'NONE',  ( 1.044978156973178900, 0.2668421540424528200, 0.0000000000000000000 ) ) ;
#1425 = COORDINATED_UNIVERSAL_TIME_OFFSET ( 5, 0, .BEHIND. ) ;
#1426 = VECTOR ( 'NONE', #7498, 39.37007874015748100 ) ;
#1427 = CARTESIAN_POINT ( 'NONE',  ( 0.5365264404161153000, 0.4133410318342099500, -0.01000000000000000000 ) ) ;
#1428 = CARTESIAN_POINT ( 'NONE',  ( 0.9374999999999998900, 0.3450000000000002000, -0.09750000000000001700 ) ) ;
#1429 = ORIENTED_EDGE ( 'NONE', *, *, #5328, .T. ) ;
#1430 = ADVANCED_FACE ( 'NONE', ( #4589 ), #8541, .T. ) ;
#1431 = ORIENTED_EDGE ( 'NONE', *, *, #7459, .T. ) ;
#1432 = EDGE_CURVE ( 'NONE', #2529, #7842, #4552, .T. ) ;
#1433 = CALENDAR_DATE ( 2019, 15, 10 ) ;
#1434 = AXIS2_PLACEMENT_3D ( 'NONE', #7065, #7074, #5091 ) ;
#1435 = CARTESIAN_POINT ( 'NONE',  ( 0.8374999999999999100, 0.3450000000000001400, -0.1479999999999999900 ) ) ;
#1436 = CARTESIAN_POINT ( 'NONE',  ( 1.037499999999999900, 0.2699999999999999100, -0.2220000000000000600 ) ) ;
#1437 = CC_DESIGN_DATE_AND_TIME_ASSIGNMENT ( #10828, #5947, ( #10145 ) ) ;
#1438 = LOCAL_TIME ( 13, 11, 25.00000000000000000, #3961 ) ;
#1439 = VERTEX_POINT ( 'NONE', #7497 ) ;
#1440 = CARTESIAN_POINT ( 'NONE',  ( 0.9974999999999997200, 0.2699999999999999100, -0.2210000000000000900 ) ) ;
#1441 = ORIENTED_EDGE ( 'NONE', *, *, #5316, .F. ) ;
#1442 = LINE ( 'NONE', #10539, #9728 ) ;
#1443 = DIRECTION ( 'NONE',  ( -0.0000000000000000000, -0.0000000000000000000, 1.000000000000000000 ) ) ;
#1444 = LINE ( 'NONE', #7375, #5513 ) ;
#1445 = LINE ( 'NONE', #2480, #9573 ) ;
#1446 = ORIENTED_EDGE ( 'NONE', *, *, #1235, .F. ) ;
#1447 = VECTOR ( 'NONE', #1082, 39.37007874015748100 ) ;
#1448 = LOCAL_TIME ( 13, 11, 25.00000000000000000, #3975 ) ;
#1449 = PERSON_AND_ORGANIZATION_ROLE ( 'classification_officer' ) ;
#1450 = EDGE_CURVE ( 'NONE', #6321, #616, #4523, .T. ) ;
#1451 = ORIENTED_EDGE ( 'NONE', *, *, #7675, .F. ) ;
#1452 = PLANE ( 'NONE',  #10276 ) ;
#1453 = ORIENTED_EDGE ( 'NONE', *, *, #3637, .F. ) ;
#1454 = DIRECTION ( 'NONE',  ( 0.8934675157458197300, 0.4491278195647575600, 2.088883639489091200E-014 ) ) ;
#1455 = EDGE_CURVE ( 'NONE', #1992, #6613, #4721, .T. ) ;
#1456 = LINE ( 'NONE', #4086, #10173 ) ;
#1457 = FACE_OUTER_BOUND ( 'NONE', #1225, .T. ) ;
#1458 = CARTESIAN_POINT ( 'NONE',  ( 1.104362961706167000, 0.3539562271012334200, -0.01000000000000000000 ) ) ;
#1459 = CARTESIAN_POINT ( 'NONE',  ( 0.4974999999999998900, 0.2700000000000001800, -0.1480000000000000800 ) ) ;
#1460 = LINE ( 'NONE', #3624, #1574 ) ;
#1461 = VERTEX_POINT ( 'NONE', #9210 ) ;
#1462 = DIRECTION ( 'NONE',  ( 0.0000000000000000000, 0.0000000000000000000, -1.000000000000000000 ) ) ;
#1463 = ORIENTED_EDGE ( 'NONE', *, *, #7486, .F. ) ;
#1464 = ORIENTED_EDGE ( 'NONE', *, *, #5778, .T. ) ;
#1465 = EDGE_LOOP ( 'NONE', ( #10382, #1026, #8658, #806 ) ) ;
#1466 = ORIENTED_EDGE ( 'NONE', *, *, #4375, .F. ) ;
#1468 = DIRECTION ( 'NONE',  ( 0.0000000000000000000, -0.7071067811865454600, -0.7071067811865496800 ) ) ;
#1467 = LINE ( 'NONE', #3674, #8234 ) ;
#1469 = LINE ( 'NONE', #2339, #6054 ) ;
#1470 = CARTESIAN_POINT ( 'NONE',  ( 0.8974999999999999600, 0.5180000000000000200, -0.2610000000000000700 ) ) ;
#1471 = EDGE_CURVE ( 'NONE', #3290, #9322, #4563, .T. ) ;
#1472 = CARTESIAN_POINT ( 'NONE',  ( 0.9974999999999999400, 0.3450000000000002000, -0.09750000000000001700 ) ) ;
#1473 = EDGE_CURVE ( 'NONE', #4574, #3031, #4503, .T. ) ;
#1474 = CARTESIAN_POINT ( 'NONE',  ( 0.8332132034392821800, 0.01600000000118334900, 0.01499999999908508000 ) ) ;
#1475 = ORIENTED_EDGE ( 'NONE', *, *, #7461, .F. ) ;
#1476 = VECTOR ( 'NONE', #4450, 39.37007874015748100 ) ;
#1477 = ORIENTED_EDGE ( 'NONE', *, *, #10332, .T. ) ;
#1478 = CARTESIAN_POINT ( 'NONE',  ( 1.104362961706153000, 0.2965345564089702500, -0.01000000000000000000 ) ) ;
#1479 = PRODUCT_DEFINITION_SHAPE ( 'NONE', 'NONE',  #11003 ) ;
#1480 = ORIENTED_EDGE ( 'NONE', *, *, #3311, .F. ) ;
#1481 = DIRECTION ( 'NONE',  ( -3.681989669462878400E-013, 7.789823685977714400E-013, 1.000000000000000000 ) ) ;
#1482 = PLANE ( 'NONE',  #7037 ) ;
#1483 = CARTESIAN_POINT ( 'NONE',  ( 0.3564999999999999800, 0.4749999999999999800, -0.3130000000000000600 ) ) ;
#1484 = ORIENTED_EDGE ( 'NONE', *, *, #8383, .T. ) ;
#1485 = ORIENTED_EDGE ( 'NONE', *, *, #6325, .T. ) ;
#1486 = VERTEX_POINT ( 'NONE', #6514 ) ;
#1487 = VERTEX_POINT ( 'NONE', #8127 ) ;
#1488 = DIRECTION ( 'NONE',  ( 0.0000000000000000000, 1.000000000000000000, -0.0000000000000000000 ) ) ;
#1489 = VERTEX_POINT ( 'NONE', #8090 ) ;
#1490 = EDGE_CURVE ( 'NONE', #6465, #7126, #4351, .T. ) ;
#1491 = VECTOR ( 'NONE', #4021, 39.37007874015748100 ) ;
#1492 = CARTESIAN_POINT ( 'NONE',  ( 0.6974999999999999000, 0.05000000000000000300, -0.09750000000000003100 ) ) ;
#1493 = ORIENTED_EDGE ( 'NONE', *, *, #8335, .F. ) ;
#1494 = EDGE_CURVE ( 'NONE', #7549, #8001, #4386, .T. ) ;
#1495 = EDGE_CURVE ( 'NONE', #8388, #7814, #4372, .T. ) ;
#1496 = DATE_TIME_ROLE ( 'classification_date' ) ;
#1497 = DIRECTION ( 'NONE',  ( -0.0000000000000000000, -0.0000000000000000000, 1.000000000000000000 ) ) ;
#1498 = VERTEX_POINT ( 'NONE', #1280 ) ;
#1499 = AXIS2_PLACEMENT_3D ( 'NONE', #2964, #2959, #2935 ) ;
#1500 = FACE_BOUND ( 'NONE', #4347, .T. ) ;
#1501 = PLANE ( 'NONE',  #10223 ) ;
#1502 = CARTESIAN_POINT ( 'NONE',  ( 0.9624999999999999100, 0.5180000000000000200, -0.2610000000000000700 ) ) ;
#1503 = CARTESIAN_POINT ( 'NONE',  ( 0.3924999999999996800, 0.05000000000000000300, -0.3700000000000000000 ) ) ;
#1504 = DIRECTION ( 'NONE',  ( 0.0000000000000000000, -1.000000000000000000, -4.553079989440441700E-016 ) ) ;
#1505 = CYLINDRICAL_SURFACE ( 'NONE', #9453, 0.03200000000000033400 ) ;
#1506 = DIRECTION ( 'NONE',  ( 0.0000000000000000000, -1.000000000000000000, -1.352399996863497400E-015 ) ) ;
#1507 = VERTEX_POINT ( 'NONE', #8155 ) ;
#1508 = ORIENTED_EDGE ( 'NONE', *, *, #4826, .F. ) ;
#1509 = FACE_OUTER_BOUND ( 'NONE', #246, .T. ) ;
#1510 = ORIENTED_EDGE ( 'NONE', *, *, #1327, .F. ) ;
#1511 = EDGE_LOOP ( 'NONE', ( #7366, #455, #3881, #8011 ) ) ;
#1512 = CARTESIAN_POINT ( 'NONE',  ( 1.137499999999999700, 0.3450000000000002000, -0.2724999999999999600 ) ) ;
#1513 = CIRCLE ( 'NONE', #5473, 0.009815670203806891800 ) ;
#1514 = DIRECTION ( 'NONE',  ( 1.000000000000000000, -0.0000000000000000000, -0.0000000000000000000 ) ) ;
#1515 = PLANE ( 'NONE',  #7066 ) ;
#1516 = CARTESIAN_POINT ( 'NONE',  ( 0.9374999999999998900, 0.05000000000000001000, -0.2725000000000000800 ) ) ;
#1517 = SECURITY_CLASSIFICATION ( '', '', #10420 ) ;
#1518 = ORIENTED_EDGE ( 'NONE', *, *, #5268, .T. ) ;
#1519 = ORIENTED_EDGE ( 'NONE', *, *, #6146, .F. ) ;
#1520 = EDGE_LOOP ( 'NONE', ( #927, #8521, #2620, #5042, #5099, #9924, #5504, #7417, #9475 ) ) ;
#1521 = VERTEX_POINT ( 'NONE', #9158 ) ;
#1522 = CIRCLE ( 'NONE', #7803, 0.006870969142648433200 ) ;
#1523 = ORIENTED_EDGE ( 'NONE', *, *, #2160, .T. ) ;
#1524 = CARTESIAN_POINT ( 'NONE',  ( 1.504999999999999900, 0.2500000000000000000, -0.2489999999999998600 ) ) ;
#1525 = VECTOR ( 'NONE', #4812, 39.37007874015748100 ) ;
#1526 = CARTESIAN_POINT ( 'NONE',  ( 0.7974999999999998800, 0.5180000000000000200, -0.2610000000000000700 ) ) ;
#1527 = CARTESIAN_POINT ( 'NONE',  ( 1.197499999999999800, 0.5999999999999999800, -0.1090000000000002600 ) ) ;
#1528 = DIRECTION ( 'NONE',  ( -0.0000000000000000000, 1.871128762783744900E-015, -1.000000000000000000 ) ) ;
#1529 = ORIENTED_EDGE ( 'NONE', *, *, #615, .T. ) ;
#1530 = ADVANCED_FACE ( 'NONE', ( #4429 ), #4289, .T. ) ;
#1531 = ORIENTED_EDGE ( 'NONE', *, *, #9216, .F. ) ;
#1532 = ORIENTED_EDGE ( 'NONE', *, *, #2002, .F. ) ;
#1533 = ORIENTED_EDGE ( 'NONE', *, *, #8104, .T. ) ;
#1534 = ADVANCED_FACE ( 'NONE', ( #4402 ), #1081, .T. ) ;
#1535 = ORIENTED_EDGE ( 'NONE', *, *, #8143, .T. ) ;
#1536 = DIRECTION ( 'NONE',  ( -0.0000000000000000000, -0.0000000000000000000, 1.000000000000000000 ) ) ;
#1537 = EDGE_CURVE ( 'NONE', #1275, #1152, #4327, .T. ) ;
#1538 = EDGE_LOOP ( 'NONE', ( #2148, #4307, #4183, #1089, #3549, #5232, #884, #3318 ) ) ;
#1539 = CARTESIAN_POINT ( 'NONE',  ( 0.4974999999999998900, 0.5580000000000000500, -0.2975000000000000400 ) ) ;
#1540 = VECTOR ( 'NONE', #8210, 39.37007874015748100 ) ;
#1541 = VERTEX_POINT ( 'NONE', #1344 ) ;
#1542 = AXIS2_PLACEMENT_3D ( 'NONE', #5585, #2298, #2253 ) ;
#1543 = ORIENTED_EDGE ( 'NONE', *, *, #5431, .F. ) ;
#1544 = DIRECTION ( 'NONE',  ( 1.000000000000000000, 0.0000000000000000000, 0.0000000000000000000 ) ) ;
#1545 = ORIENTED_EDGE ( 'NONE', *, *, #1153, .T. ) ;
#1546 = CARTESIAN_POINT ( 'NONE',  ( 1.104362961706168100, 0.4231567020380508400, 0.0000000000000000000 ) ) ;
#1547 = EDGE_LOOP ( 'NONE', ( #9362, #2370, #1508, #5094 ) ) ;
#1548 = ORIENTED_EDGE ( 'NONE', *, *, #9995, .F. ) ;
#1549 = VERTEX_POINT ( 'NONE', #1178 ) ;
#1550 = CARTESIAN_POINT ( 'NONE',  ( 0.5374999999999999800, 0.2699999999999999100, -0.1490000000000000800 ) ) ;
#1551 = EDGE_LOOP ( 'NONE', ( #4316, #5843, #7038, #7290 ) ) ;
#1552 = LINE ( 'NONE', #707, #4080 ) ;
#1553 = ORIENTED_EDGE ( 'NONE', *, *, #5412, .F. ) ;
#1554 = VERTEX_POINT ( 'NONE', #8330 ) ;
#1555 = VERTEX_POINT ( 'NONE', #2617 ) ;
#1556 = ORIENTED_EDGE ( 'NONE', *, *, #6829, .T. ) ;
#1557 = DIRECTION ( 'NONE',  ( 0.0000000000000000000, 1.352399996863497200E-015, -1.000000000000000000 ) ) ;
#1558 = DIRECTION ( 'NONE',  ( 0.0000000000000000000, 4.553079989440425900E-016, -1.000000000000000000 ) ) ;
#1559 = VERTEX_POINT ( 'NONE', #1093 ) ;
#1560 = ADVANCED_FACE ( 'NONE', ( #4237 ), #1216, .F. ) ;
#1561 = VECTOR ( 'NONE', #9383, 39.37007874015748100 ) ;
#1562 = AXIS2_PLACEMENT_3D ( 'NONE', #4587, #4706, #4863 ) ;
#1563 = EDGE_CURVE ( 'NONE', #4488, #5561, #4266, .T. ) ;
#1564 = PLANE ( 'NONE',  #863 ) ;
#1565 = EDGE_CURVE ( 'NONE', #3500, #8061, #4255, .T. ) ;
#1566 = FACE_OUTER_BOUND ( 'NONE', #9411, .T. ) ;
#1567 = CARTESIAN_POINT ( 'NONE',  ( 0.3361881571563409300, 0.02550000000057543700, -0.02499999999636760500 ) ) ;
#1568 = ORIENTED_EDGE ( 'NONE', *, *, #10893, .T. ) ;
#1569 = VECTOR ( 'NONE', #6519, 39.37007874015748100 ) ;
#1570 = DIRECTION ( 'NONE',  ( 0.0000000000000000000, -1.352399996863497400E-015, -1.000000000000000000 ) ) ;
#1571 = EDGE_LOOP ( 'NONE', ( #8593, #8160, #3379, #10268, #7968, #9835, #6643, #7888, #8528 ) ) ;
#1572 = ORIENTED_EDGE ( 'NONE', *, *, #10236, .F. ) ;
#1573 = DIRECTION ( 'NONE',  ( 0.0000000000000000000, -1.000000000000000000, 1.352399996863497400E-015 ) ) ;
#1574 = VECTOR ( 'NONE', #5349, 39.37007874015748100 ) ;
#1575 = DIRECTION ( 'NONE',  ( 0.0000000000000000000, 1.871128762783744900E-015, -1.000000000000000000 ) ) ;
#1576 = ORIENTED_EDGE ( 'NONE', *, *, #1622, .F. ) ;
#1577 = DIRECTION ( 'NONE',  ( -0.0000000000000000000, -1.352399996863497200E-015, -1.000000000000000000 ) ) ;
#1578 = VECTOR ( 'NONE', #8894, 39.37007874015748100 ) ;
#1579 = DIRECTION ( 'NONE',  ( -1.000000000000000000, 0.0000000000000000000, 0.0000000000000000000 ) ) ;
#1580 = EDGE_CURVE ( 'NONE', #719, #9698, #8738, .T. ) ;
#1581 = VERTEX_POINT ( 'NONE', #1716 ) ;
#1582 = CARTESIAN_POINT ( 'NONE',  ( 1.635000000000000000, 0.2500000000000000000, -0.3700000000000000000 ) ) ;
#1583 = EDGE_CURVE ( 'NONE', #9175, #5438, #4456, .T. ) ;
#1584 = EDGE_CURVE ( 'NONE', #250, #9366, #4301, .T. ) ;
#1585 = CARTESIAN_POINT ( 'NONE',  ( 0.6057269153529094600, 0.0000000000000000000, 0.0000000000000000000 ) ) ;
#1586 = ORIENTED_EDGE ( 'NONE', *, *, #5186, .F. ) ;
#1587 = AXIS2_PLACEMENT_3D ( 'NONE', #9679, #4256, #6283 ) ;
#1588 = VECTOR ( 'NONE', #390, 39.37007874015748100 ) ;
#1589 = VECTOR ( 'NONE', #4509, 39.37007874015748100 ) ;
#1590 = CARTESIAN_POINT ( 'NONE',  ( 0.7974999999999998800, 0.3450000000000001400, -0.1480000000000000200 ) ) ;
#1591 = DIRECTION ( 'NONE',  ( 3.681989669462878400E-013, -7.789823685977714400E-013, -1.000000000000000000 ) ) ;
#1592 = EDGE_LOOP ( 'NONE', ( #5725, #5303, #4466, #4231 ) ) ;
#1593 = CARTESIAN_POINT ( 'NONE',  ( 0.4374999999999998900, 0.5999999999999999800, -0.07250000000000000900 ) ) ;
#1594 = CARTESIAN_POINT ( 'NONE',  ( 0.6974999999999999000, 0.2700000000000001800, -0.1490000000000000800 ) ) ;
#1595 = CARTESIAN_POINT ( 'NONE',  ( 0.9615449602408066000, 0.4133410318342007900, -0.01000000000000000000 ) ) ;
#1597 = ORIENTED_EDGE ( 'NONE', *, *, #8813, .F. ) ;
#1596 = DIRECTION ( 'NONE',  ( -0.0000000000000000000, 1.000000000000000000, -0.0000000000000000000 ) ) ;
#1598 = ORGANIZATION ( 'NAUO-ORG6', 'UNSPECIFIED', 'UNSPECIFIED' ) ;
#1599 = CARTESIAN_POINT ( 'NONE',  ( 0.6057269153529276600, 0.2867188862052003600, -0.01000000000000000000 ) ) ;
#1600 = DIRECTION ( 'NONE',  ( 1.000000000000000000, 0.0000000000000000000, 0.0000000000000000000 ) ) ;
#1601 = ORIENTED_EDGE ( 'NONE', *, *, #158, .F. ) ;
#1602 = APPROVAL_DATE_TIME ( #4129, #10455 ) ;
#1603 = AXIS2_PLACEMENT_3D ( 'NONE', #1435, #6984, #4085 ) ;
#1604 = ADVANCED_FACE ( 'NONE', ( #4140 ), #4104, .F. ) ;
#1605 = VECTOR ( 'NONE', #9721, 39.37007874015748900 ) ;
#1606 = SECURITY_CLASSIFICATION ( '', '', #2102 ) ;
#1607 = ORIENTED_EDGE ( 'NONE', *, *, #6810, .T. ) ;
#1608 = ADVANCED_FACE ( 'NONE', ( #4165 ), #8918, .T. ) ;
#1609 = VERTEX_POINT ( 'NONE', #8990 ) ;
#1610 = ORIENTED_EDGE ( 'NONE', *, *, #3870, .F. ) ;
#1611 = CARTESIAN_POINT ( 'NONE',  ( 0.7374999999999998200, 0.2699999999999999100, -0.2220000000000000600 ) ) ;
#1612 = DIRECTION ( 'NONE',  ( 0.0000000000000000000, -1.871128762783745300E-015, 1.000000000000000000 ) ) ;
#1613 = DIRECTION ( 'NONE',  ( -1.000000000000000000, 0.0000000000000000000, 0.0000000000000000000 ) ) ;
#1614 = DIRECTION ( 'NONE',  ( 1.000000000000000000, 0.0000000000000000000, 0.0000000000000000000 ) ) ;
#1615 = CALENDAR_DATE ( 2019, 15, 10 ) ;
#1616 = CARTESIAN_POINT ( 'NONE',  ( 1.037499999999999900, 0.05000000000000000300, -0.1499999999999999900 ) ) ;
#1617 = LOCAL_TIME ( 13, 11, 25.00000000000000000, #4143 ) ;
#1618 = EDGE_LOOP ( 'NONE', ( #738, #4778, #1826, #9162 ) ) ;
#1619 = ORIENTED_EDGE ( 'NONE', *, *, #7425, .T. ) ;
#1620 = PLANE ( 'NONE',  #5941 ) ;
#1621 = CARTESIAN_POINT ( 'NONE',  ( 1.097499999999999900, 0.05000000000000001000, -0.2725000000000000800 ) ) ;
#1622 = EDGE_CURVE ( 'NONE', #204, #6604, #4126, .T. ) ;
#1623 = VERTEX_POINT ( 'NONE', #5366 ) ;
#1624 = CYLINDRICAL_SURFACE ( 'NONE', #6833, 0.03141014465217017300 ) ;
#1625 = AXIS2_PLACEMENT_3D ( 'NONE', #1359, #10410, #3226 ) ;
#1626 = VECTOR ( 'NONE', #5076, 39.37007874015748100 ) ;
#1627 = ORIENTED_EDGE ( 'NONE', *, *, #6116, .F. ) ;
#1628 = CARTESIAN_POINT ( 'NONE',  ( 0.4372132034345589400, 0.04722792206057240700, 0.02499999999971849000 ) ) ;
#1629 = APPROVAL_PERSON_ORGANIZATION ( #4154, #10089, #8103 ) ;
#1630 = DIRECTION ( 'NONE',  ( 0.0000000000000000000, 0.0000000000000000000, 1.000000000000000000 ) ) ;
#1631 = DIRECTION ( 'NONE',  ( 0.0000000000000000000, -1.000000000000000000, -5.691349986800549600E-017 ) ) ;
#1632 = ORIENTED_EDGE ( 'NONE', *, *, #8875, .T. ) ;
#1633 = DIRECTION ( 'NONE',  ( -0.0000000000000000000, 0.0000000000000000000, 1.000000000000000000 ) ) ;
#1634 = ORIENTED_EDGE ( 'NONE', *, *, #3764, .F. ) ;
#1635 = EDGE_LOOP ( 'NONE', ( #4796, #6749, #10027, #10470 ) ) ;
#1636 = FACE_OUTER_BOUND ( 'NONE', #1698, .T. ) ;
#1637 = DIRECTION ( 'NONE',  ( -0.7748259416017444500, -0.4470149663165003400, 0.4470149663154780500 ) ) ;
#1638 = ORIENTED_EDGE ( 'NONE', *, *, #1788, .T. ) ;
#1639 = FACE_OUTER_BOUND ( 'NONE', #7153, .T. ) ;
#1640 = AXIS2_PLACEMENT_3D ( 'NONE', #10480, #7125, #8857 ) ;
#1641 = EDGE_CURVE ( 'NONE', #3767, #9500, #4212, .T. ) ;
#1642 = DIRECTION ( 'NONE',  ( 0.7071067811865499000, 0.7071067811865451300, 0.0000000000000000000 ) ) ;
#1643 = LINE ( 'NONE', #879, #10300 ) ;
#1644 = CARTESIAN_POINT ( 'NONE',  ( 0.7990956183678619200, 0.2366589681657897700, 0.0000000000000000000 ) ) ;
#1645 = CARTESIAN_POINT ( 'NONE',  ( 0.1464365223770854000, 0.06024073036424514700, 0.003308057082418746800 ) ) ;
#1646 = VECTOR ( 'NONE', #7295, 39.37007874015748100 ) ;
#1647 = CARTESIAN_POINT ( 'NONE',  ( 0.8398306497136467400, 0.3416866393464885200, -0.01000000000000000000 ) ) ;
#1648 = ORIENTED_EDGE ( 'NONE', *, *, #101, .T. ) ;
#1649 = CARTESIAN_POINT ( 'NONE',  ( 0.3924999999999996800, 0.05000000000000000300, -0.07250000000000000900 ) ) ;
#1650 = CARTESIAN_POINT ( 'NONE',  ( 0.1462162912666264100, 0.05783340005559836600, 0.02491670002737151500 ) ) ;
#1651 = CARTESIAN_POINT ( 'NONE',  ( 1.242499999999999900, 0.05000000000000000300, -0.2725000000000000800 ) ) ;
#1652 = LINE ( 'NONE', #10560, #6441 ) ;
#1653 = DIRECTION ( 'NONE',  ( 0.7071067811865451300, -0.7071067811865499000, 0.0000000000000000000 ) ) ;
#1654 = EDGE_CURVE ( 'NONE', #1243, #2124, #4089, .T. ) ;
#1655 = ORIENTED_EDGE ( 'NONE', *, *, #6402, .F. ) ;
#1656 = CARTESIAN_POINT ( 'NONE',  ( 0.4374999999999998900, 0.3450000000000001400, -0.1480000000000000200 ) ) ;
#1657 = EDGE_CURVE ( 'NONE', #6137, #1659, #4039, .T. ) ;
#1658 = LINE ( 'NONE', #72, #5177 ) ;
#1659 = VERTEX_POINT ( 'NONE', #4414 ) ;
#1660 = DIRECTION ( 'NONE',  ( 1.000000000000000000, -0.0000000000000000000, -0.0000000000000000000 ) ) ;
#1661 = ORIENTED_EDGE ( 'NONE', *, *, #3533, .F. ) ;
#1662 = CARTESIAN_POINT ( 'NONE',  ( 0.4374999999999998900, 0.5999999999999999800, -0.07250000000000000900 ) ) ;
#1663 = DIRECTION ( 'NONE',  ( -1.000000000000000000, -0.0000000000000000000, -0.0000000000000000000 ) ) ;
#1664 = ADVANCED_FACE ( 'NONE', ( #4000 ), #9485, .T. ) ;
#1665 = DIRECTION ( 'NONE',  ( 1.000000000000000000, 0.0000000000000000000, 0.0000000000000000000 ) ) ;
#1666 = LINE ( 'NONE', #7216, #8129 ) ;
#1667 = PLANE ( 'NONE',  #7691 ) ;
#1668 = ADVANCED_FACE ( 'NONE', ( #4114 ), #3958, .F. ) ;
#1669 = CARTESIAN_POINT ( 'NONE',  ( 1.267500000000000100, 0.5600000000000003900, -0.2210000000000000900 ) ) ;
#1670 = DIRECTION ( 'NONE',  ( 0.0000000000000000000, -1.000000000000000000, -1.979599995408885400E-016 ) ) ;
#1671 = CIRCLE ( 'NONE', #10186, 0.01850000000000008900 ) ;
#1672 = ORIENTED_EDGE ( 'NONE', *, *, #4961, .F. ) ;
#1673 = EDGE_CURVE ( 'NONE', #8668, #9156, #3973, .T. ) ;
#1674 = AXIS2_PLACEMENT_3D ( 'NONE', #2366, #948, #544 ) ;
#1675 = CARTESIAN_POINT ( 'NONE',  ( 0.7374999999999998200, 0.2699999999999999100, -0.1490000000000000800 ) ) ;
#1676 = LINE ( 'NONE', #325, #3882 ) ;
#1677 = DIRECTION ( 'NONE',  ( 0.0000000000000000000, -3.691686477924679400E-015, -1.000000000000000000 ) ) ;
#1678 = DIRECTION ( 'NONE',  ( -0.0000000000000000000, 0.0000000000000000000, -1.000000000000000000 ) ) ;
#1679 = CARTESIAN_POINT ( 'NONE',  ( 0.3924999999999996800, 0.05000000000000000300, -0.07250000000000005100 ) ) ;
#1680 = DIRECTION ( 'NONE',  ( -0.0000000000000000000, 0.0000000000000000000, 1.000000000000000000 ) ) ;
#1681 = DIRECTION ( 'NONE',  ( 0.0000000000000000000, 1.000000000000000000, 0.0000000000000000000 ) ) ;
#1682 = CARTESIAN_POINT ( 'NONE',  ( 0.5848420742533462200, 0.01599999999960864700, -0.02352810471146805600 ) ) ;
#1683 = VERTEX_POINT ( 'NONE', #57 ) ;
#1684 = ORIENTED_EDGE ( 'NONE', *, *, #189, .F. ) ;
#1685 = LINE ( 'NONE', #5507, #6476 ) ;
#1686 = EDGE_LOOP ( 'NONE', ( #2614, #10426, #3710, #8242 ) ) ;
#1687 = CARTESIAN_POINT ( 'NONE',  ( 1.267500000000000100, 0.2699999999999999100, -0.2210000000000000900 ) ) ;
#1688 = ORIENTED_EDGE ( 'NONE', *, *, #6401, .F. ) ;
#1689 = EDGE_CURVE ( 'NONE', #7555, #8074, #4026, .T. ) ;
#1690 = AXIS2_PLACEMENT_3D ( 'NONE', #3384, #8184, #8876 ) ;
#1691 = CC_DESIGN_APPROVAL ( #1025, ( #10805 ) ) ;
#1692 = CARTESIAN_POINT ( 'NONE',  ( 1.054793827176966800, 0.2965345564089693600, -0.01000000000000000000 ) ) ;
#1693 = EDGE_LOOP ( 'NONE', ( #9185, #7774, #2863, #3651 ) ) ;
#1694 = CARTESIAN_POINT ( 'NONE',  ( 0.8260887114283307400, 0.0000000000000000000, -0.01000000000000000000 ) ) ;
#1695 = DIRECTION ( 'NONE',  ( 1.000000000000000000, 0.0000000000000000000, 0.0000000000000000000 ) ) ;
#1696 = LINE ( 'NONE', #2875, #8409 ) ;
#1698 = EDGE_LOOP ( 'NONE', ( #6056, #10647, #8985, #8596 ) ) ;
#1697 = EDGE_LOOP ( 'NONE', ( #10574, #248, #6561, #5022, #7156, #5141, #635, #319, #3398, #3271, #2481, #1523, #8955, #4583, #3019, #4930, #5919, #7779, #7399, #10687 ) ) ;
#1699 = CARTESIAN_POINT ( 'NONE',  ( 0.4974999999999998900, 0.2699999999999999100, -0.2220000000000000900 ) ) ;
#1700 = PLANE ( 'NONE',  #9634 ) ;
#1701 = CARTESIAN_POINT ( 'NONE',  ( 0.7990956183678960000, 0.4231567020380508400, -0.01000000000000000000 ) ) ;
#1702 = ORIENTED_EDGE ( 'NONE', *, *, #2140, .F. ) ;
#1703 = CARTESIAN_POINT ( 'NONE',  ( 0.3564999999999999800, 0.5999999999999999800, -0.3130000000000000600 ) ) ;
#1704 = PLANE ( 'NONE',  #4814 ) ;
#1705 = EDGE_CURVE ( 'NONE', #7463, #5120, #3933, .T. ) ;
#1706 = AXIS2_PLACEMENT_3D ( 'NONE', #7447, #2325, #2540 ) ;
#1707 = DIRECTION ( 'NONE',  ( -0.0000000000000000000, -0.0000000000000000000, -1.000000000000000000 ) ) ;
#1708 = VECTOR ( 'NONE', #4404, 39.37007874015748100 ) ;
#1709 = CARTESIAN_POINT ( 'NONE',  ( 0.1463625602669953500, 0.05950258177754254300, 0.001664990121991775300 ) ) ;
#1710 = DIRECTION ( 'NONE',  ( -1.000000000000000000, 0.0000000000000000000, 0.0000000000000000000 ) ) ;
#1711 = CARTESIAN_POINT ( 'NONE',  ( 0.1536499778713355200, 0.06956181146428860900, 0.006000000002890995700 ) ) ;
#1712 = DIRECTION ( 'NONE',  ( -1.000000000000000000, -0.0000000000000000000, -0.0000000000000000000 ) ) ;
#1713 = FACE_OUTER_BOUND ( 'NONE', #6803, .T. ) ;
#1714 = VERTEX_POINT ( 'NONE', #8825 ) ;
#1715 = ADVANCED_FACE ( 'NONE', ( #3909 ), #9363, .T. ) ;
#1716 = CARTESIAN_POINT ( 'NONE',  ( 0.7990956183678960000, 0.4231567020380508400, 0.0000000000000000000 ) ) ;
#1717 = ORIENTED_EDGE ( 'NONE', *, *, #10567, .F. ) ;
#1718 = EDGE_CURVE ( 'NONE', #7127, #5297, #3920, .T. ) ;
#1719 = EDGE_CURVE ( 'NONE', #7282, #3898, #3846, .T. ) ;
#1720 = DIRECTION ( 'NONE',  ( 0.0000000000000000000, 0.0000000000000000000, 1.000000000000000000 ) ) ;
#1721 = VERTEX_POINT ( 'NONE', #10 ) ;
#1722 = LINE ( 'NONE', #8752, #6515 ) ;
#1723 = ORIENTED_EDGE ( 'NONE', *, *, #5240, .F. ) ;
#1724 = VERTEX_POINT ( 'NONE', #8935 ) ;
#1725 = CARTESIAN_POINT ( 'NONE',  ( 0.3674999999999998300, 0.2699999999999999100, -0.1490000000000000800 ) ) ;
#1726 = VERTEX_POINT ( 'NONE', #8816 ) ;
#1727 = DIRECTION ( 'NONE',  ( 0.0000000000000000000, -1.871128762783744900E-015, 1.000000000000000000 ) ) ;
#1728 = CARTESIAN_POINT ( 'NONE',  ( 0.2874999999999999800, 0.2500000000000000000, 0.0000000000000000000 ) ) ;
#1729 = PRODUCT_DEFINITION_SHAPE ( 'NONE', 'NONE',  #2876 ) ;
#1730 = ORIENTED_EDGE ( 'NONE', *, *, #4747, .T. ) ;
#1731 = PLANE ( 'NONE',  #4847 ) ;
#1732 = DIRECTION ( 'NONE',  ( 1.000000000000000000, 9.478563083525144400E-013, -3.682081268435223800E-013 ) ) ;
#1733 = EDGE_CURVE ( 'NONE', #10745, #2486, #8352, .T. ) ;
#1734 = CARTESIAN_POINT ( 'NONE',  ( 0.9374999999999998900, 0.2699999999999999100, -0.2220000000000000600 ) ) ;
#1735 = EDGE_CURVE ( 'NONE', #8117, #3895, #3826, .T. ) ;
#1736 = LINE ( 'NONE', #7181, #1426 ) ;
#1737 = EDGE_CURVE ( 'NONE', #1018, #3437, #3812, .T. ) ;
#1738 = EDGE_CURVE ( 'NONE', #7815, #6965, #3791, .T. ) ;
#1739 = VERTEX_POINT ( 'NONE', #9379 ) ;
#1740 = EDGE_LOOP ( 'NONE', ( #255, #3977, #9282, #7741 ) ) ;
#1741 = ITEM_DEFINED_TRANSFORMATION ( 'NONE', 'NONE', #1173,  #8995 ) ;
#1742 = DIRECTION ( 'NONE',  ( 0.0000000000000000000, 1.000000000000000000, 0.0000000000000000000 ) ) ;
#1743 = CONTEXT_DEPENDENT_SHAPE_REPRESENTATION ( #4219, #10302 ) ;
#1744 = CARTESIAN_POINT ( 'NONE',  ( 0.8374999999999999100, 0.3450000000000002000, -0.09750000000000001700 ) ) ;
#1745 = CIRCLE ( 'NONE', #9476, 0.009815670203803340800 ) ;
#1746 = ORIENTED_EDGE ( 'NONE', *, *, #6953, .F. ) ;
#1747 = CARTESIAN_POINT ( 'NONE',  ( 0.4375000000000010000, 0.5579999999999996100, -0.03899999999999920900 ) ) ;
#1748 = CARTESIAN_POINT ( 'NONE',  ( 0.5374999999999999800, 0.3450000000000001400, -0.1480000000000000200 ) ) ;
#1749 = CIRCLE ( 'NONE', #8078, 0.03200000000000033400 ) ;
#1750 = CARTESIAN_POINT ( 'NONE',  ( 0.0000000000000000000, 0.2268432979619829900, -0.01000000000000000000 ) ) ;
#1751 = CARTESIAN_POINT ( 'NONE',  ( 0.6832707099630099800, 0.4133410318342099500, -0.01000000000000000000 ) ) ;
#1752 = EDGE_LOOP ( 'NONE', ( #1342, #36, #175, #6447 ) ) ;
#1753 = APPROVAL_DATE_TIME ( #4302, #8925 ) ;
#1754 = AXIS2_PLACEMENT_3D ( 'NONE', #8558, #8603, #3471 ) ;
#1755 = ORIENTED_EDGE ( 'NONE', *, *, #6557, .T. ) ;
#1756 = CC_DESIGN_PERSON_AND_ORGANIZATION_ASSIGNMENT ( #3682, #8183, ( #10857 ) ) ;
#1757 = DIRECTION ( 'NONE',  ( -0.0000000000000000000, -0.0000000000000000000, 1.000000000000000000 ) ) ;
#1758 = ORIENTED_EDGE ( 'NONE', *, *, #7143, .F. ) ;
#1759 = DIRECTION ( 'NONE',  ( 0.0000000000000000000, -0.0000000000000000000, -1.000000000000000000 ) ) ;
#1760 = DIRECTION ( 'NONE',  ( -3.681989669462878400E-013, 7.789823685977713400E-013, 1.000000000000000000 ) ) ;
#1761 = DIRECTION ( 'NONE',  ( -8.054752014271279800E-012, -1.000000000000000000, 9.472423642657713700E-013 ) ) ;
#1762 = ORIENTED_EDGE ( 'NONE', *, *, #3349, .T. ) ;
#1764 = DIRECTION ( 'NONE',  ( 0.0000000000000000000, -3.691686477924679400E-015, -1.000000000000000000 ) ) ;
#1763 = VECTOR ( 'NONE', #5264, 39.37007874015748100 ) ;
#1765 = LINE ( 'NONE', #6980, #6311 ) ;
#1766 = DIRECTION ( 'NONE',  ( -0.0000000000000000000, 1.000000000000000000, 1.707404996040165000E-016 ) ) ;
#1767 = EDGE_LOOP ( 'NONE', ( #4257, #6699, #2946, #7977 ) ) ;
#1768 = EDGE_CURVE ( 'NONE', #3145, #4626, #3778, .T. ) ;
#1769 = AXIS2_PLACEMENT_3D ( 'NONE', #8375, #1558, #3963 ) ;
#1770 = CARTESIAN_POINT ( 'NONE',  ( 0.3462132034338333300, 0.1190000000023715700, -1.753026857534357700E-012 ) ) ;
#1771 = VERTEX_POINT ( 'NONE', #4006 ) ;
#1772 = EDGE_LOOP ( 'NONE', ( #3768, #8292, #8673, #5772, #370, #140, #745, #5874, #5 ) ) ;
#1773 = DIRECTION ( 'NONE',  ( 0.0000000000000000000, -1.000000000000000000, -5.691349986800549600E-017 ) ) ;
#1774 = LINE ( 'NONE', #4046, #6319 ) ;
#1775 = CARTESIAN_POINT ( 'NONE',  ( 0.9624999999999999100, 0.5579999999999999400, -0.1089999999999998600 ) ) ;
#1776 = ADVANCED_FACE ( 'NONE', ( #3715 ), #3692, .T. ) ;
#1777 = LINE ( 'NONE', #9122, #2078 ) ;
#1778 = CARTESIAN_POINT ( 'NONE',  ( 0.9974999999999999400, 0.5579999999999996100, -0.07249999999999998100 ) ) ;
#1779 = VERTEX_POINT ( 'NONE', #4203 ) ;
#1780 = CARTESIAN_POINT ( 'NONE',  ( 0.6371370600051252700, 0.3780046191005195800, -0.01000000000000000000 ) ) ;
#1781 = CARTESIAN_POINT ( 'NONE',  ( 0.8923444853039821400, 0.0000000000000000000, 0.0000000000000000000 ) ) ;
#1782 = CIRCLE ( 'NONE', #4516, 0.06350000000000001500 ) ;
#1783 = DIRECTION ( 'NONE',  ( -1.000000000000000000, 0.0000000000000000000, 0.0000000000000000000 ) ) ;
#1784 = CARTESIAN_POINT ( 'NONE',  ( 0.6374999999999998400, 0.2700000000000001800, -0.1480000000000000500 ) ) ;
#1785 = CARTESIAN_POINT ( 'NONE',  ( 0.3924999999999996800, 0.05000000000000000300, -0.3700000000000000000 ) ) ;
#1786 = AXIS2_PLACEMENT_3D ( 'NONE', #1780, #7, #3378 ) ;
#1787 = CYLINDRICAL_SURFACE ( 'NONE', #9838, 0.03999999999999998000 ) ;
#1788 = EDGE_CURVE ( 'NONE', #2138, #7359, #3700, .T. ) ;
#1789 = ORIENTED_EDGE ( 'NONE', *, *, #1954, .T. ) ;
#1790 = ORIENTED_EDGE ( 'NONE', *, *, #915, .F. ) ;
#1791 = EDGE_CURVE ( 'NONE', #7160, #1422, #3843, .T. ) ;
#1792 = ORIENTED_EDGE ( 'NONE', *, *, #8770, .F. ) ;
#1793 = ORIENTED_EDGE ( 'NONE', *, *, #8625, .T. ) ;
#1794 = DIRECTION ( 'NONE',  ( 1.000000000000000000, 0.0000000000000000000, 0.0000000000000000000 ) ) ;
#1795 = VERTEX_POINT ( 'NONE', #2222 ) ;
#1796 = CIRCLE ( 'NONE', #10712, 0.02649999999999999200 ) ;
#1797 = EDGE_LOOP ( 'NONE', ( #5369, #7423, #3983, #2033 ) ) ;
#1798 = EDGE_LOOP ( 'NONE', ( #6475, #1453, #5753, #10146 ) ) ;
#1799 = ADVANCED_FACE ( 'NONE', ( #3727 ), #2822, .F. ) ;
#1800 = ORIENTED_EDGE ( 'NONE', *, *, #9532, .F. ) ;
#1801 = DIRECTION ( 'NONE',  ( -0.0000000000000000000, 0.0000000000000000000, -1.000000000000000000 ) ) ;
#1802 = LINE ( 'NONE', #9071, #6347 ) ;
#1803 = CARTESIAN_POINT ( 'NONE',  ( 0.7674999999977768500, 0.6712132034341626900, -0.05999999999894310700 ) ) ;
#1804 = CARTESIAN_POINT ( 'NONE',  ( 0.6974999999999999000, 0.3450000000000002000, -0.2725000000000000200 ) ) ;
#1805 = DIRECTION ( 'NONE',  ( 0.0000000000000000000, 0.0000000000000000000, -1.000000000000000000 ) ) ;
#1806 = EDGE_LOOP ( 'NONE', ( #943, #9802, #8872, #6626 ) ) ;
#1807 = DIRECTION ( 'NONE',  ( 0.0000000000000000000, -1.000000000000000000, -1.979599995408885400E-016 ) ) ;
#1808 = ORIENTED_EDGE ( 'NONE', *, *, #6584, .F. ) ;
#1809 = EDGE_CURVE ( 'NONE', #3368, #1909, #3646, .T. ) ;
#1810 = LINE ( 'NONE', #3362, #5830 ) ;
#1811 = CARTESIAN_POINT ( 'NONE',  ( 1.267500000000000100, 0.2699999999999999100, -0.2210000000000000900 ) ) ;
#1812 = EDGE_CURVE ( 'NONE', #9347, #8071, #3631, .T. ) ;
#1813 = AXIS2_PLACEMENT_3D ( 'NONE', #7648, #1959, #1504 ) ;
#1814 = VECTOR ( 'NONE', #8912, 39.37007874015748100 ) ;
#1815 = DIRECTION ( 'NONE',  ( 0.0000000000000000000, -1.000000000000000000, -5.691349986800549600E-017 ) ) ;
#1816 = DIRECTION ( 'NONE',  ( 0.0000000000000000000, 1.000000000000000000, 0.0000000000000000000 ) ) ;
#1817 = ORIENTED_EDGE ( 'NONE', *, *, #9939, .F. ) ;
#1818 = CARTESIAN_POINT ( 'NONE',  ( 1.097499999999999900, 0.2699999999999999100, -0.1490000000000000800 ) ) ;
#1819 = DIRECTION ( 'NONE',  ( 1.000000000000000000, -0.0000000000000000000, -0.0000000000000000000 ) ) ;
#1820 = ORIENTED_EDGE ( 'NONE', *, *, #2543, .T. ) ;
#1821 = ORIENTED_EDGE ( 'NONE', *, *, #2022, .F. ) ;
#1822 = ORIENTED_EDGE ( 'NONE', *, *, #3866, .T. ) ;
#1823 = ORIENTED_EDGE ( 'NONE', *, *, #5773, .T. ) ;
#1824 = ORIENTED_EDGE ( 'NONE', *, *, #2385, .F. ) ;
#1825 = FACE_OUTER_BOUND ( 'NONE', #2135, .T. ) ;
#1826 = ORIENTED_EDGE ( 'NONE', *, *, #239, .T. ) ;
#1827 = CARTESIAN_POINT ( 'NONE',  ( 1.197499999999999800, 0.3450000000000002000, -0.2724999999999999600 ) ) ;
#1828 = ORIENTED_EDGE ( 'NONE', *, *, #2237, .F. ) ;
#1829 = AXIS2_PLACEMENT_3D ( 'NONE', #762, #7101, #1761 ) ;
#1830 = EDGE_LOOP ( 'NONE', ( #4064, #6228, #10114, #8590 ) ) ;
#1831 = LINE ( 'NONE', #8167, #10225 ) ;
#1832 = ORIENTED_EDGE ( 'NONE', *, *, #1858, .T. ) ;
#1833 = ORIENTED_EDGE ( 'NONE', *, *, #10417, .F. ) ;
#1834 = DIRECTION ( 'NONE',  ( -0.0000000000000000000, -0.0000000000000000000, 1.000000000000000000 ) ) ;
#1835 = CARTESIAN_POINT ( 'NONE',  ( 0.3361881571567465500, 0.02550000000031533300, -0.005999999995913309900 ) ) ;
#1836 = ORIENTED_EDGE ( 'NONE', *, *, #2765, .T. ) ;
#1837 = VERTEX_POINT ( 'NONE', #7682 ) ;
#1838 = CARTESIAN_POINT ( 'NONE',  ( 0.1478113162194632800, 0.08117688916756478400, -0.02499999999825394700 ) ) ;
#1839 = ADVANCED_FACE ( 'NONE', ( #3614 ), #7420, .F. ) ;
#1840 = DIRECTION ( 'NONE',  ( 0.0000000000000000000, -1.871128762783744900E-015, 1.000000000000000000 ) ) ;
#1841 = EDGE_LOOP ( 'NONE', ( #4053, #3133, #1821, #9194 ) ) ;
#1842 = DIRECTION ( 'NONE',  ( -0.0000000000000000000, -0.0000000000000000000, 1.000000000000000000 ) ) ;
#1843 = DIRECTION ( 'NONE',  ( -1.000000000000000000, 8.054752014276220300E-012, 5.203555549537171000E-012 ) ) ;
#1844 = EDGE_CURVE ( 'NONE', #1549, #10080, #3569, .T. ) ;
#1845 = CARTESIAN_POINT ( 'NONE',  ( 1.162499999999999900, 0.5180000000000000200, -0.1489999999999998300 ) ) ;
#1846 = VECTOR ( 'NONE', #240, 39.37007874015748100 ) ;
#1847 = DIRECTION ( 'NONE',  ( -0.0000000000000000000, 1.000000000000000000, -0.0000000000000000000 ) ) ;
#1848 = DIRECTION ( 'NONE',  ( 0.8934675157458197300, 0.4491278195647575600, 2.089779483339925100E-014 ) ) ;
#1849 = FACE_OUTER_BOUND ( 'NONE', #785, .T. ) ;
#1850 = SECURITY_CLASSIFICATION ( '', '', #10642 ) ;
#1851 = CARTESIAN_POINT ( 'NONE',  ( 0.4374999999999998900, 0.3450000000000002000, -0.09750000000000005900 ) ) ;
#1852 = CIRCLE ( 'NONE', #10193, 0.03999999999999998000 ) ;
#1853 = ORIENTED_EDGE ( 'NONE', *, *, #10593, .F. ) ;
#1854 = ORIENTED_EDGE ( 'NONE', *, *, #4049, .T. ) ;
#1855 = CARTESIAN_POINT ( 'NONE',  ( 1.635000000000000000, 0.0000000000000000000, 0.0000000000000000000 ) ) ;
#1856 = VECTOR ( 'NONE', #876, 39.37007874015748100 ) ;
#1857 = DIRECTION ( 'NONE',  ( 1.000000000000000000, 0.0000000000000000000, 8.354275209982457700E-017 ) ) ;
#1858 = EDGE_CURVE ( 'NONE', #7514, #1014, #3652, .T. ) ;
#1859 = AXIS2_PLACEMENT_3D ( 'NONE', #1662, #8761, #4496 ) ;
#1860 = CARTESIAN_POINT ( 'NONE',  ( 0.5974999999999999200, 0.3450000000000002000, -0.2725000000000000200 ) ) ;
#1861 = EDGE_CURVE ( 'NONE', #10034, #9605, #3553, .T. ) ;
#1862 = ORIENTED_EDGE ( 'NONE', *, *, #7099, .T. ) ;
#1863 = ORIENTED_EDGE ( 'NONE', *, *, #7021, .T. ) ;
#1864 = VECTOR ( 'NONE', #9134, 39.37007874015748100 ) ;
#1865 = CARTESIAN_POINT ( 'NONE',  ( 0.6974999999999999000, 0.5579999999999999400, -0.2975000000000001000 ) ) ;
#1866 = ORIENTED_EDGE ( 'NONE', *, *, #218, .T. ) ;
#1867 = CARTESIAN_POINT ( 'NONE',  ( 0.4374999999999998900, 0.5579999999999996100, -0.07250000000000000900 ) ) ;
#1868 = ORIENTED_EDGE ( 'NONE', *, *, #5718, .F. ) ;
#1869 = CARTESIAN_POINT ( 'NONE',  ( 0.6057269153529094600, 0.0000000000000000000, -0.01000000000000000000 ) ) ;
#1870 = CARTESIAN_POINT ( 'NONE',  ( 0.09499999999734588800, 0.02499999999993270100, 0.02499999999896067700 ) ) ;
#1871 = ORIENTED_EDGE ( 'NONE', *, *, #6584, .T. ) ;
#1872 = VECTOR ( 'NONE', #705, 39.37007874015748100 ) ;
#1873 = CARTESIAN_POINT ( 'NONE',  ( 0.4374999999999998900, 0.5579999999999996100, -0.07250000000000000900 ) ) ;
#1874 = CARTESIAN_POINT ( 'NONE',  ( 0.6374999999999998400, 0.3450000000000001400, -0.2220000000000000600 ) ) ;
#1875 = DIRECTION ( 'NONE',  ( 1.000000000000000000, -0.0000000000000000000, -0.0000000000000000000 ) ) ;
#1876 = VERTEX_POINT ( 'NONE', #7696 ) ;
#1877 = CIRCLE ( 'NONE', #10454, 0.03099999999999998900 ) ;
#1878 = EDGE_CURVE ( 'NONE', #10019, #10785, #3526, .T. ) ;
#1879 = DIRECTION ( 'NONE',  ( -0.0000000000000000000, 0.0000000000000000000, -1.000000000000000000 ) ) ;
#1880 = EDGE_CURVE ( 'NONE', #10949, #2083, #3544, .T. ) ;
#1881 =( NAMED_UNIT ( * ) PLANE_ANGLE_UNIT ( ) SI_UNIT ( $, .RADIAN. ) );
#1882 = CARTESIAN_POINT ( 'NONE',  ( 0.3361881571559630600, 0.04400000000070935400, 6.272596178252514500E-012 ) ) ;
#1883 = PLANE ( 'NONE',  #7223 ) ;
#1884 = COORDINATED_UNIVERSAL_TIME_OFFSET ( 5, 0, .BEHIND. ) ;
#1885 = LINE ( 'NONE', #974, #23 ) ;
#1886 = DATE_AND_TIME ( #4438, #6653 ) ;
#1887 = CARTESIAN_POINT ( 'NONE',  ( 0.5374999999999999800, 0.2700000000000001800, -0.1480000000000000800 ) ) ;
#1888 = DIRECTION ( 'NONE',  ( 1.000000000000000000, 0.0000000000000000000, 0.0000000000000000000 ) ) ;
#1889 = VECTOR ( 'NONE', #9202, 39.37007874015748100 ) ;
#1890 = CARTESIAN_POINT ( 'NONE',  ( 1.197499999999999800, 0.2699999999999999100, -0.2220000000000000000 ) ) ;
#1891 = ORIENTED_EDGE ( 'NONE', *, *, #8713, .F. ) ;
#1892 = EDGE_LOOP ( 'NONE', ( #4172, #1091, #1383, #10270 ) ) ;
#1893 = ORIENTED_EDGE ( 'NONE', *, *, #10867, .F. ) ;
#1894 = ORIENTED_EDGE ( 'NONE', *, *, #2961, .F. ) ;
#1895 = DIRECTION ( 'NONE',  ( 0.0000000000000000000, 0.0000000000000000000, 1.000000000000000000 ) ) ;
#1896 = LOCAL_TIME ( 13, 11, 25.00000000000000000, #4449 ) ;
#1897 = DIRECTION ( 'NONE',  ( -0.0000000000000000000, 1.000000000000000000, 1.707404996040165000E-016 ) ) ;
#1898 = ADVANCED_FACE ( 'NONE', ( #3484 ), #9041, .F. ) ;
#1899 = ORIENTED_EDGE ( 'NONE', *, *, #1719, .F. ) ;
#1900 = COORDINATED_UNIVERSAL_TIME_OFFSET ( 5, 0, .BEHIND. ) ;
#1901 = DIRECTION ( 'NONE',  ( -0.0000000000000000000, 0.0000000000000000000, 1.000000000000000000 ) ) ;
#1902 = EDGE_CURVE ( 'NONE', #6188, #1208, #3457, .T. ) ;
#1903 = ADVANCED_FACE ( 'NONE', ( #3589 ), #3352, .F. ) ;
#1904 = AXIS2_PLACEMENT_3D ( 'NONE', #10622, #1369, #6296 ) ;
#1905 = ORIENTED_EDGE ( 'NONE', *, *, #3156, .T. ) ;
#1906 = EDGE_LOOP ( 'NONE', ( #9118, #8253, #6097, #3062 ) ) ;
#1907 = DIRECTION ( 'NONE',  ( -0.0000000000000000000, 1.000000000000000000, -0.0000000000000000000 ) ) ;
#1908 = FACE_OUTER_BOUND ( 'NONE', #2998, .T. ) ;
#1909 = VERTEX_POINT ( 'NONE', #2831 ) ;
#1910 = LINE ( 'NONE', #2603, #1561 ) ;
#1911 = VECTOR ( 'NONE', #4079, 39.37007874015748100 ) ;
#1912 = VECTOR ( 'NONE', #2433, 39.37007874015748100 ) ;
#1913 = COORDINATED_UNIVERSAL_TIME_OFFSET ( 5, 0, .BEHIND. ) ;
#1914 = DIRECTION ( 'NONE',  ( 0.8934675157458196200, 0.4491278195647575600, 2.088883638616915800E-014 ) ) ;
#1915 = ORIENTED_EDGE ( 'NONE', *, *, #7332, .T. ) ;
#1916 = CARTESIAN_POINT ( 'NONE',  ( 0.7083006689826733000, 0.2719953808994843300, -0.01000000000000000000 ) ) ;
#1917 = CARTESIAN_POINT ( 'NONE',  ( 0.4374999999999998900, 0.5999999999999999800, -0.2974999999999999900 ) ) ;
#1918 = CARTESIAN_POINT ( 'NONE',  ( 0.5374999999999999800, 0.3450000000000001400, -0.1480000000000000200 ) ) ;
#1919 = ORIENTED_EDGE ( 'NONE', *, *, #8525, .T. ) ;
#1920 = EDGE_CURVE ( 'NONE', #7356, #6708, #3433, .T. ) ;
#1921 = LINE ( 'NONE', #1994, #6420 ) ;
#1922 = DIRECTION ( 'NONE',  ( -0.0000000000000000000, -0.0000000000000000000, 1.000000000000000000 ) ) ;
#1923 = ORIENTED_EDGE ( 'NONE', *, *, #8208, .F. ) ;
#1924 = LINE ( 'NONE', #9426, #1588 ) ;
#1925 = APPROVAL ( #9045, 'UNKNOWN' ) ;
#1926 = LINE ( 'NONE', #5413, #996 ) ;
#1927 = VECTOR ( 'NONE', #2601, 39.37007874015748100 ) ;
#1928 = CARTESIAN_POINT ( 'NONE',  ( 0.5974999999999999200, 0.2699999999999999100, -0.2220000000000000900 ) ) ;
#1929 = APPLICATION_CONTEXT ( 'configuration controlled 3d designs of mechanical parts and assemblies' ) ;
#1930 = CARTESIAN_POINT ( 'NONE',  ( 0.7374999999999998200, 0.2700000000000001800, -0.1480000000000000500 ) ) ;
#1931 = PLANE ( 'NONE',  #3445 ) ;
#1932 = VECTOR ( 'NONE', #7299, 39.37007874015748100 ) ;
#1933 = ORIENTED_EDGE ( 'NONE', *, *, #9880, .F. ) ;
#1934 = DIRECTION ( 'NONE',  ( 0.0000000000000000000, -1.000000000000000000, 0.0000000000000000000 ) ) ;
#1935 = CARTESIAN_POINT ( 'NONE',  ( 0.4374999999999998900, 0.5999999999999999800, -0.07250000000000000900 ) ) ;
#1936 = DIRECTION ( 'NONE',  ( 1.000000000000000000, -0.0000000000000000000, -0.0000000000000000000 ) ) ;
#1937 = VECTOR ( 'NONE', #1977, 39.37007874015748100 ) ;
#1938 = EDGE_CURVE ( 'NONE', #2506, #916, #3422, .T. ) ;
#1939 = ORIENTED_EDGE ( 'NONE', *, *, #9582, .F. ) ;
#1940 = DIRECTION ( 'NONE',  ( -0.0000000000000000000, 0.0000000000000000000, -1.000000000000000000 ) ) ;
#1941 = CARTESIAN_POINT ( 'NONE',  ( 1.037499999999999900, 0.5580000000000000500, -0.1089999999999998600 ) ) ;
#1942 = ORIENTED_EDGE ( 'NONE', *, *, #4304, .T. ) ;
#1943 = VECTOR ( 'NONE', #5058, 39.37007874015748100 ) ;
#1944 = DIRECTION ( 'NONE',  ( -1.000000000000000000, 0.0000000000000000000, 4.751039988981329300E-016 ) ) ;
#1945 = FACE_BOUND ( 'NONE', #92, .T. ) ;
#1946 = CARTESIAN_POINT ( 'NONE',  ( 0.8825288151001856600, 0.3416866393464817500, 0.0000000000000000000 ) ) ;
#1947 = CARTESIAN_POINT ( 'NONE',  ( 0.6374999999999998400, 0.3450000000000002000, -0.09750000000000003100 ) ) ;
#1948 = VERTEX_POINT ( 'NONE', #3210 ) ;
#1949 = VECTOR ( 'NONE', #7717, 39.37007874015748100 ) ;
#1950 = EDGE_LOOP ( 'NONE', ( #10589, #2331, #2634, #8641, #8549, #3799, #3188, #2018, #2158, #10246, #10335, #990 ) ) ;
#1951 = AXIS2_PLACEMENT_3D ( 'NONE', #2005, #1981, #2007 ) ;
#1952 = FACE_OUTER_BOUND ( 'NONE', #3458, .T. ) ;
#1953 = ORIENTED_EDGE ( 'NONE', *, *, #9591, .T. ) ;
#1954 = EDGE_CURVE ( 'NONE', #9561, #1387, #3360, .T. ) ;
#1955 = CARTESIAN_POINT ( 'NONE',  ( 0.6057269153529094600, 0.3632811137948581700, -0.01000000000000000000 ) ) ;
#1956 = DIRECTION ( 'NONE',  ( 0.0000000000000000000, -1.000000000000000000, -1.979599995408886100E-016 ) ) ;
#1957 = EDGE_CURVE ( 'NONE', #9121, #1375, #3385, .T. ) ;
#1958 = VECTOR ( 'NONE', #9139, 39.37007874015748100 ) ;
#1959 = DIRECTION ( 'NONE',  ( 0.0000000000000000000, -4.553079989440441700E-016, 1.000000000000000000 ) ) ;
#1960 = DIRECTION ( 'NONE',  ( -1.000000000000000000, -9.478887605467424400E-013, 3.681989669454780300E-013 ) ) ;
#1961 = ADVANCED_FACE ( 'NONE', ( #3396 ), #3246, .T. ) ;
#1962 = ADVANCED_FACE ( 'NONE', ( #3341 ), #3231, .F. ) ;
#1963 = VERTEX_POINT ( 'NONE', #8201 ) ;
#1964 = VERTEX_POINT ( 'NONE', #5379 ) ;
#1965 = EDGE_LOOP ( 'NONE', ( #8604, #8489, #550, #259 ) ) ;
#1966 = LINE ( 'NONE', #2043, #8607 ) ;
#1967 = APPROVAL_STATUS ( 'not_yet_approved' ) ;
#1968 = CARTESIAN_POINT ( 'NONE',  ( 0.7374999999999998200, 0.3450000000000001400, -0.1480000000000000200 ) ) ;
#1969 = DIRECTION ( 'NONE',  ( -0.4997224534955161400, -1.148408379438223300E-012, -0.8661855860451741500 ) ) ;
#1970 = EDGE_CURVE ( 'NONE', #9791, #379, #3235, .T. ) ;
#1971 = DIRECTION ( 'NONE',  ( -1.000000000000000000, -0.0000000000000000000, -0.0000000000000000000 ) ) ;
#1972 = EDGE_CURVE ( 'NONE', #8746, #1609, #3248, .T. ) ;
#1973 = EDGE_CURVE ( 'NONE', #4207, #10659, #3192, .T. ) ;
#1974 = FACE_OUTER_BOUND ( 'NONE', #388, .T. ) ;
#1975 = AXIS2_PLACEMENT_3D ( 'NONE', #3577, #4240, #3441 ) ;
#1976 = CARTESIAN_POINT ( 'NONE',  ( 0.4974999999999998900, 0.5579999999999999400, -0.1089999999999999000 ) ) ;
#1977 = DIRECTION ( 'NONE',  ( 0.0000000000000000000, -1.000000000000000000, 0.0000000000000000000 ) ) ;
#1978 = VERTEX_POINT ( 'NONE', #6821 ) ;
#1979 = VERTEX_POINT ( 'NONE', #10251 ) ;
#1980 = EDGE_LOOP ( 'NONE', ( #10289, #4599, #75, #8287 ) ) ;
#1981 = DIRECTION ( 'NONE',  ( -0.0000000000000000000, 0.0000000000000000000, 1.000000000000000000 ) ) ;
#1982 = ORIENTED_EDGE ( 'NONE', *, *, #7949, .F. ) ;
#1983 = FACE_OUTER_BOUND ( 'NONE', #5222, .T. ) ;
#1984 = ORIENTED_EDGE ( 'NONE', *, *, #3641, .T. ) ;
#1985 = VECTOR ( 'NONE', #1454, 39.37007874015748100 ) ;
#1986 = DIRECTION ( 'NONE',  ( -1.000000000000000000, -9.483211915506277500E-013, 3.681989669470576200E-013 ) ) ;
#1987 = ORIENTED_EDGE ( 'NONE', *, *, #1495, .F. ) ;
#1988 = ADVANCED_FACE ( 'NONE', ( #3143 ), #1124, .F. ) ;
#1989 = CARTESIAN_POINT ( 'NONE',  ( 0.4525771644667882500, 0.03186396103135291000, 0.02499999999893827400 ) ) ;
#1990 = DIRECTION ( 'NONE',  ( -0.0000000000000000000, -1.000000000000000000, -4.553079989440441700E-016 ) ) ;
#1991 = APPROVAL ( #10329, 'UNSPECIFIED' ) ;
#1992 = VERTEX_POINT ( 'NONE', #5436 ) ;
#1993 = VERTEX_POINT ( 'NONE', #9652 ) ;
#1994 = CARTESIAN_POINT ( 'NONE',  ( 1.242499999999999900, 0.05000000000000000300, 0.0000000000000000000 ) ) ;
#1995 = DIRECTION ( 'NONE',  ( 0.0000000000000000000, 0.0000000000000000000, 1.000000000000000000 ) ) ;
#1996 = VECTOR ( 'NONE', #1579, 39.37007874015748100 ) ;
#1997 = CARTESIAN_POINT ( 'NONE',  ( 0.9374999999999998900, 0.05000000000000014800, -0.2975000000000001000 ) ) ;
#1998 = DIRECTION ( 'NONE',  ( 0.0000000000000000000, 1.000000000000000000, 0.0000000000000000000 ) ) ;
#1999 = CIRCLE ( 'NONE', #9261, 0.06399999999999998700 ) ;
#2000 = EDGE_LOOP ( 'NONE', ( #8941, #3647 ) ) ;
#2001 = PERSON_AND_ORGANIZATION_ROLE ( 'creator' ) ;
#2002 = EDGE_CURVE ( 'NONE', #919, #8629, #3324, .T. ) ;
#2003 = DIRECTION ( 'NONE',  ( 9.478563083393956700E-013, 1.000000000000000000, -7.789823685974223700E-013 ) ) ;
#2004 = LINE ( 'NONE', #2270, #4258 ) ;
#2005 = CARTESIAN_POINT ( 'NONE',  ( 0.6371370600051252700, 0.3780046191005195800, 0.0000000000000000000 ) ) ;
#2006 = CARTESIAN_POINT ( 'NONE',  ( 0.3275000000000000100, 0.5999999999999999800, -0.1090000000000002600 ) ) ;
#2007 = DIRECTION ( 'NONE',  ( 1.000000000000000000, 0.0000000000000000000, 0.0000000000000000000 ) ) ;
#2008 = CARTESIAN_POINT ( 'NONE',  ( 0.1332132034357309800, 0.05750000000120119400, -0.02500000000112443500 ) ) ;
#2009 = VECTOR ( 'NONE', #7535, 39.37007874015748900 ) ;
#2010 = DIRECTION ( 'NONE',  ( 1.000000000000000000, 0.0000000000000000000, 0.0000000000000000000 ) ) ;
#2011 = CARTESIAN_POINT ( 'NONE',  ( 0.9517292900370103400, 0.2366589681657806600, -0.01000000000000000000 ) ) ;
#2012 = CARTESIAN_POINT ( 'NONE',  ( 1.054793827176977200, 0.3637718973050450000, -0.01000000000000000000 ) ) ;
#2013 = ADVANCED_FACE ( 'NONE', ( #3105 ), #7341, .F. ) ;
#2014 = LINE ( 'NONE', #8645, #3939 ) ;
#2015 = DIRECTION ( 'NONE',  ( 0.0000000000000000000, 1.000000000000000000, 0.0000000000000000000 ) ) ;
#2016 = ADVANCED_FACE ( 'NONE', ( #3112 ), #10979, .F. ) ;
#2017 = ORIENTED_EDGE ( 'NONE', *, *, #686, .F. ) ;
#2018 = ORIENTED_EDGE ( 'NONE', *, *, #7971, .T. ) ;
#2019 = CARTESIAN_POINT ( 'NONE',  ( 0.09500000000078950800, 0.03800000000038530200, 0.02999999999973482900 ) ) ;
#2020 = AXIS2_PLACEMENT_3D ( 'NONE', #1219, #976, #434 ) ;
#2021 = CARTESIAN_POINT ( 'NONE',  ( 0.6832707099630099800, 0.4133410318342099500, -0.01000000000000000000 ) ) ;
#2022 = EDGE_CURVE ( 'NONE', #5214, #3316, #3126, .T. ) ;
#2023 = ORIENTED_EDGE ( 'NONE', *, *, #2543, .F. ) ;
#2024 = DIRECTION ( 'NONE',  ( 1.000000000000000000, 0.0000000000000000000, 0.0000000000000000000 ) ) ;
#2025 = PLANE ( 'NONE',  #3568 ) ;
#2026 = DIRECTION ( 'NONE',  ( -0.0000000000000000000, 1.000000000000000000, 1.707404996040165000E-016 ) ) ;
#2027 = PERSON_AND_ORGANIZATION ( #6098, #4565 ) ;
#2028 = ORIENTED_EDGE ( 'NONE', *, *, #8139, .T. ) ;
#2029 = LINE ( 'NONE', #7084, #10373 ) ;
#2030 = DIRECTION ( 'NONE',  ( 1.000000000000000000, -0.0000000000000000000, -0.0000000000000000000 ) ) ;
#2031 = ORIENTED_EDGE ( 'NONE', *, *, #4469, .T. ) ;
#2032 = VERTEX_POINT ( 'NONE', #7625 ) ;
#2033 = ORIENTED_EDGE ( 'NONE', *, *, #8754, .T. ) ;
#2034 = DIRECTION ( 'NONE',  ( 0.0000000000000000000, -3.691686477924679400E-015, -1.000000000000000000 ) ) ;
#2035 = CARTESIAN_POINT ( 'NONE',  ( 0.1299999999999994200, 0.0000000000000000000, -0.1850000000000000800 ) ) ;
#2036 = PLANE ( 'NONE',  #9720 ) ;
#2037 = APPROVAL_DATE_TIME ( #4575, #6379 ) ;
#2038 = DIRECTION ( 'NONE',  ( -0.0000000000000000000, 0.0000000000000000000, 1.000000000000000000 ) ) ;
#2039 = CARTESIAN_POINT ( 'NONE',  ( 1.267500000000000100, 0.5999999999999999800, -0.2809999999999996900 ) ) ;
#2040 = DATE_AND_TIME ( #4576, #6786 ) ;
#2041 = CARTESIAN_POINT ( 'NONE',  ( 1.104362961706134100, 0.2366589681657897700, -0.01000000000000000000 ) ) ;
#2042 = EDGE_CURVE ( 'NONE', #7724, #6224, #3058, .T. ) ;
#2043 = CARTESIAN_POINT ( 'NONE',  ( 0.0000000000000000000, 0.5999999999999999800, -0.1090000000000002600 ) ) ;
#2044 = CARTESIAN_POINT ( 'NONE',  ( 0.8624999999999999300, 0.5180000000000000200, -0.2210000000000000000 ) ) ;
#2045 = EDGE_CURVE ( 'NONE', #118, #1185, #3295, .T. ) ;
#2046 = APPROVAL_ROLE ( '' ) ;
#2047 = ORIENTED_EDGE ( 'NONE', *, *, #10023, .T. ) ;
#2048 = VECTOR ( 'NONE', #313, 39.37007874015748100 ) ;
#2049 = ORIENTED_EDGE ( 'NONE', *, *, #10224, .F. ) ;
#2050 = DIRECTION ( 'NONE',  ( 0.0000000000000000000, -1.000000000000000000, 1.352399996863497400E-015 ) ) ;
#2051 = CARTESIAN_POINT ( 'NONE',  ( 0.6734550397591690900, 0.2366589681657897700, 0.0000000000000000000 ) ) ;
#2052 = AXIS2_PLACEMENT_3D ( 'NONE', #4853, #4541, #4360 ) ;
#2053 = LINE ( 'NONE', #3520, #8666 ) ;
#2054 = LINE ( 'NONE', #5121, #10914 ) ;
#2055 = LINE ( 'NONE', #10319, #1872 ) ;
#2056 = APPROVAL_PERSON_ORGANIZATION ( #4590, #8925, #4854 ) ;
#2057 = DIRECTION ( 'NONE',  ( 0.0000000000000000000, 0.0000000000000000000, 1.000000000000000000 ) ) ;
#2058 = CARTESIAN_POINT ( 'NONE',  ( 0.7374999999999998200, 0.5999999999999999800, -0.2974999999999999900 ) ) ;
#2059 = EDGE_LOOP ( 'NONE', ( #10449, #1808, #4229, #1568 ) ) ;
#2060 = DIRECTION ( 'NONE',  ( 0.0000000000000000000, 0.0000000000000000000, 1.000000000000000000 ) ) ;
#2061 = LINE ( 'NONE', #8929, #3689 ) ;
#2062 = ORIENTED_EDGE ( 'NONE', *, *, #570, .T. ) ;
#2063 = DIRECTION ( 'NONE',  ( 3.681989669462878400E-013, -7.789823685977714400E-013, -1.000000000000000000 ) ) ;
#2064 = CARTESIAN_POINT ( 'NONE',  ( 0.9787223830974584000, 0.0000000000000000000, -0.01000000000000000000 ) ) ;
#2065 = CARTESIAN_POINT ( 'NONE',  ( 1.197499999999999600, 0.2699999999999999100, -0.2210000000000000900 ) ) ;
#2066 = VECTOR ( 'NONE', #7933, 39.37007874015748100 ) ;
#2067 = CARTESIAN_POINT ( 'NONE',  ( 0.9974999999999999400, 0.3450000000000002000, -0.2725000000000000200 ) ) ;
#2068 = VECTOR ( 'NONE', #773, 39.37007874015748100 ) ;
#2069 = AXIS2_PLACEMENT_3D ( 'NONE', #5895, #1299, #7556 ) ;
#2070 = CARTESIAN_POINT ( 'NONE',  ( 0.6940679471871618000, 0.2405852362473140900, -0.01000000000000000000 ) ) ;
#2071 = DIRECTION ( 'NONE',  ( 1.000000000000000000, 0.0000000000000000000, 0.0000000000000000000 ) ) ;
#2072 = DIRECTION ( 'NONE',  ( -1.000000000000000000, -0.0000000000000000000, -8.354275209982456400E-017 ) ) ;
#2073 = VERTEX_POINT ( 'NONE', #4724 ) ;
#2074 = DIRECTION ( 'NONE',  ( -0.0000000000000000000, -1.000000000000000000, -0.0000000000000000000 ) ) ;
#2075 = LINE ( 'NONE', #4184, #10406 ) ;
#2076 = EDGE_LOOP ( 'NONE', ( #9744, #256, #4643, #478, #7472, #4405, #7777, #8555, #6388, #3495, #5800, #7721 ) ) ;
#2077 = VERTEX_POINT ( 'NONE', #7836 ) ;
#2078 = VECTOR ( 'NONE', #4192, 39.37007874015748100 ) ;
#2079 = DIRECTION ( 'NONE',  ( 0.0000000000000000000, 1.000000000000000000, 4.553079989440424900E-016 ) ) ;
#2080 = DIRECTION ( 'NONE',  ( 0.0000000000000000000, 1.000000000000000000, -0.0000000000000000000 ) ) ;
#2081 = DIRECTION ( 'NONE',  ( -1.000000000000000000, 0.0000000000000000000, 0.0000000000000000000 ) ) ;
#2082 = EDGE_CURVE ( 'NONE', #10695, #10709, #2967, .T. ) ;
#2083 = VERTEX_POINT ( 'NONE', #7344 ) ;
#2084 = DIRECTION ( 'NONE',  ( 0.0000000000000000000, -1.000000000000000000, -5.691349986800549600E-017 ) ) ;
#2085 = ORIENTED_EDGE ( 'NONE', *, *, #8208, .T. ) ;
#2086 = AXIS2_PLACEMENT_3D ( 'NONE', #8115, #8010, #7926 ) ;
#2087 = ADVANCED_FACE ( 'NONE', ( #3072 ), #2204, .F. ) ;
#2088 = CARTESIAN_POINT ( 'NONE',  ( 0.3924999999999996800, 0.0000000000000000000, -0.2200000000000000000 ) ) ;
#2089 = CARTESIAN_POINT ( 'NONE',  ( 0.1463617889311568400, 0.05949743273269939000, -0.001646330362257592500 ) ) ;
#2090 = FACE_OUTER_BOUND ( 'NONE', #3687, .T. ) ;
#2091 = DIRECTION ( 'NONE',  ( 0.0000000000000000000, -0.0000000000000000000, -1.000000000000000000 ) ) ;
#2092 = DIRECTION ( 'NONE',  ( -1.000000000000000000, -9.478887605467424400E-013, 3.681989669454780300E-013 ) ) ;
#2093 = CC_DESIGN_PERSON_AND_ORGANIZATION_ASSIGNMENT ( #6532, #372, ( #10145 ) ) ;
#2094 = ADVANCED_FACE ( 'NONE', ( #2931 ), #5528, .F. ) ;
#2095 = ORIENTED_EDGE ( 'NONE', *, *, #9937, .T. ) ;
#2096 = CARTESIAN_POINT ( 'NONE',  ( 1.504999999999999900, 0.0000000000000000000, -0.1850000000000000000 ) ) ;
#2097 = LINE ( 'NONE', #7617, #2009 ) ;
#2098 = VECTOR ( 'NONE', #5606, 39.37007874015748100 ) ;
#2099 = DIRECTION ( 'NONE',  ( 1.000000000000000000, 0.0000000000000000000, -0.0000000000000000000 ) ) ;
#2100 = VERTEX_POINT ( 'NONE', #6302 ) ;
#2101 = VECTOR ( 'NONE', #4499, 39.37007874015748100 ) ;
#2102 = SECURITY_CLASSIFICATION_LEVEL ( 'unclassified' ) ;
#2103 = DIRECTION ( 'NONE',  ( -3.681989669462878400E-013, 7.789823685977714400E-013, 1.000000000000000000 ) ) ;
#2104 = CARTESIAN_POINT ( 'NONE',  ( 1.097499999999999900, 0.2700000000000001800, -0.1480000000000000200 ) ) ;
#2105 = DIRECTION ( 'NONE',  ( -0.0000000000000000000, 1.000000000000000000, 1.707404996040165000E-016 ) ) ;
#2106 = VERTEX_POINT ( 'NONE', #8077 ) ;
#2107 = ORIENTED_EDGE ( 'NONE', *, *, #9359, .T. ) ;
#2108 = PLANE ( 'NONE',  #7048 ) ;
#2109 = ORIENTED_EDGE ( 'NONE', *, *, #8962, .F. ) ;
#2110 = ORIENTED_EDGE ( 'NONE', *, *, #4794, .F. ) ;
#2111 = LINE ( 'NONE', #2008, #8967 ) ;
#2112 = CARTESIAN_POINT ( 'NONE',  ( 0.1597132034351065900, 0.05749999999999085000, 0.005999999998912606100 ) ) ;
#2113 = VERTEX_POINT ( 'NONE', #6387 ) ;
#2114 = EDGE_CURVE ( 'NONE', #5944, #8256, #2974, .T. ) ;
#2115 = AXIS2_PLACEMENT_3D ( 'NONE', #1080, #9912, #402 ) ;
#2116 = LINE ( 'NONE', #1097, #10666 ) ;
#2117 = EDGE_CURVE ( 'NONE', #7671, #5435, #3007, .T. ) ;
#2118 = DIRECTION ( 'NONE',  ( 0.0000000000000000000, 1.352399996863497200E-015, -1.000000000000000000 ) ) ;
#2119 = DIRECTION ( 'NONE',  ( -0.0000000000000000000, -0.0000000000000000000, 1.000000000000000000 ) ) ;
#2120 = PRODUCT_DEFINITION_SHAPE ( 'NONE', 'NONE',  #11000 ) ;
#2121 = CARTESIAN_POINT ( 'NONE',  ( 0.9974999999999999400, 0.05000000000000000300, -0.2975000000000001000 ) ) ;
#2122 = ORIENTED_EDGE ( 'NONE', *, *, #241, .T. ) ;
#2123 = ORIENTED_EDGE ( 'NONE', *, *, #3547, .T. ) ;
#2124 = VERTEX_POINT ( 'NONE', #4004 ) ;
#2125 = VECTOR ( 'NONE', #1990, 39.37007874015748100 ) ;
#2126 = VERTEX_POINT ( 'NONE', #7144 ) ;
#2127 = DIRECTION ( 'NONE',  ( 0.0000000000000000000, -0.0000000000000000000, -1.000000000000000000 ) ) ;
#2128 = LINE ( 'NONE', #3313, #4989 ) ;
#2129 = DIRECTION ( 'NONE',  ( 0.0000000000000000000, -1.000000000000000000, 0.0000000000000000000 ) ) ;
#2130 = LINE ( 'NONE', #8993, #4634 ) ;
#2131 = CARTESIAN_POINT ( 'NONE',  ( 0.1462132034357492600, 0.03799999999916567300, -0.01500000000102141500 ) ) ;
#2132 = DIRECTION ( 'NONE',  ( -1.000000000000000000, -9.477708487453142300E-013, 3.682196057497940700E-013 ) ) ;
#2133 = ORIENTED_EDGE ( 'NONE', *, *, #7397, .T. ) ;
#2134 = VERTEX_POINT ( 'NONE', #7337 ) ;
#2135 = EDGE_LOOP ( 'NONE', ( #4942, #4631, #6655, #133 ) ) ;
#2136 = EDGE_CURVE ( 'NONE', #792, #1122, #2882, .T. ) ;
#2137 = LINE ( 'NONE', #9631, #8271 ) ;
#2138 = VERTEX_POINT ( 'NONE', #7217 ) ;
#2139 = EDGE_LOOP ( 'NONE', ( #741, #9477, #7342, #2369, #9938, #5488, #5823, #1519, #9537, #8086, #7754, #10976 ) ) ;
#2140 = EDGE_CURVE ( 'NONE', #4068, #3525, #3022, .T. ) ;
#2141 = ORIENTED_EDGE ( 'NONE', *, *, #8577, .T. ) ;
#2142 = EDGE_LOOP ( 'NONE', ( #6722, #1371, #5060, #3911 ) ) ;
#2143 = FACE_BOUND ( 'NONE', #4754, .T. ) ;
#2144 = DIRECTION ( 'NONE',  ( 0.0000000000000000000, 0.0000000000000000000, 1.000000000000000000 ) ) ;
#2145 = CARTESIAN_POINT ( 'NONE',  ( 0.6374999999999998400, 0.3450000000000001400, -0.2220000000000000600 ) ) ;
#2146 = CARTESIAN_POINT ( 'NONE',  ( 1.097499999999999900, 0.3450000000000001400, -0.2220000000000000000 ) ) ;
#2147 = ORIENTED_EDGE ( 'NONE', *, *, #4226, .F. ) ;
#2148 = ORIENTED_EDGE ( 'NONE', *, *, #8961, .T. ) ;
#2149 = ORIENTED_EDGE ( 'NONE', *, *, #861, .F. ) ;
#2150 = ORIENTED_EDGE ( 'NONE', *, *, #10533, .F. ) ;
#2151 =( REPRESENTATION_RELATIONSHIP ('NONE','NONE', #6361, #2501 ) REPRESENTATION_RELATIONSHIP_WITH_TRANSFORMATION ( #5138 )SHAPE_REPRESENTATION_RELATIONSHIP( ) );
#2152 = DIRECTION ( 'NONE',  ( 0.0000000000000000000, -3.691686477924679400E-015, -1.000000000000000000 ) ) ;
#2153 = VECTOR ( 'NONE', #2072, 39.37007874015748100 ) ;
#2155 = VERTEX_POINT ( 'NONE', #3285 ) ;
#2154 = ORIENTED_EDGE ( 'NONE', *, *, #4341, .T. ) ;
#2156 = PLANE ( 'NONE',  #9080 ) ;
#2157 = LINE ( 'NONE', #6503, #1985 ) ;
#2158 = ORIENTED_EDGE ( 'NONE', *, *, #8301, .T. ) ;
#2159 = PERSON ( 'NAUO-PER13', 'UNSPECIFIED', 'UNSPECIFIED', ('UNSPECIFIED'), ('UNSPECIFIED'), ('UNSPECIFIED') ) ;
#2160 = EDGE_CURVE ( 'NONE', #5878, #3435, #2832, .T. ) ;
#2161 = DIRECTION ( 'NONE',  ( -0.0000000000000000000, -0.0000000000000000000, 1.000000000000000000 ) ) ;
#2162 = EDGE_CURVE ( 'NONE', #6659, #6060, #2817, .T. ) ;
#2163 = VERTEX_POINT ( 'NONE', #9013 ) ;
#2164 = EDGE_CURVE ( 'NONE', #3521, #8071, #2784, .T. ) ;
#2165 = DIRECTION ( 'NONE',  ( -0.0000000000000000000, 1.000000000000000000, -0.0000000000000000000 ) ) ;
#2166 = PLANE ( 'NONE',  #776 ) ;
#2167 = AXIS2_PLACEMENT_3D ( 'NONE', #1061, #1047, #1038 ) ;
#2168 = DIRECTION ( 'NONE',  ( 3.681989669462878400E-013, -7.789823685977714400E-013, -1.000000000000000000 ) ) ;
#2169 = CARTESIAN_POINT ( 'NONE',  ( 0.4374999999999998900, 0.3450000000000001400, -0.2220000000000000600 ) ) ;
#2170 = VECTOR ( 'NONE', #517, 39.37007874015748100 ) ;
#2171 = CARTESIAN_POINT ( 'NONE',  ( 1.137499999999999700, 0.05000000000000001000, -0.09750000000000000300 ) ) ;
#2172 = DIRECTION ( 'NONE',  ( 0.0000000000000000000, -4.553079989440441700E-016, 1.000000000000000000 ) ) ;
#2173 = ADVANCED_FACE ( 'NONE', ( #2908 ), #3772, .F. ) ;
#2174 = CARTESIAN_POINT ( 'NONE',  ( 0.8374999999999999100, 0.5180000000000000200, -0.1489999999999998500 ) ) ;
#2175 = CARTESIAN_POINT ( 'NONE',  ( 0.3674999999999998300, 0.2699999999999999100, -0.2210000000000000900 ) ) ;
#2176 = LINE ( 'NONE', #5768, #2296 ) ;
#2177 = DIRECTION ( 'NONE',  ( -1.000000000000000000, -0.0000000000000000000, -0.0000000000000000000 ) ) ;
#2178 = DIRECTION ( 'NONE',  ( -1.000000000000000000, -0.0000000000000000000, -0.0000000000000000000 ) ) ;
#2179 = CYLINDRICAL_SURFACE ( 'NONE', #3053, 0.07649999999999998500 ) ;
#2180 = ORIENTED_EDGE ( 'NONE', *, *, #10567, .T. ) ;
#2181 = DIRECTION ( 'NONE',  ( 0.0000000000000000000, -1.000000000000000000, 0.0000000000000000000 ) ) ;
#2182 = AXIS2_PLACEMENT_3D ( 'NONE', #2256, #3554, #960 ) ;
#2183 = DIRECTION ( 'NONE',  ( -1.000000000000000000, 0.0000000000000000000, 0.0000000000000000000 ) ) ;
#2184 = DIRECTION ( 'NONE',  ( 1.000000000000000000, 0.0000000000000000000, -0.0000000000000000000 ) ) ;
#2185 = CARTESIAN_POINT ( 'NONE',  ( 0.6506336064153887000, 0.3181290308573566100, -0.01000000000000000000 ) ) ;
#2186 = CC_DESIGN_SECURITY_CLASSIFICATION ( #1517, ( #10996 ) ) ;
#2187 = DIRECTION ( 'NONE',  ( -0.0000000000000000000, -1.000000000000000000, -4.553079989440441700E-016 ) ) ;
#2188 = VERTEX_POINT ( 'NONE', #8547 ) ;
#2189 = VECTOR ( 'NONE', #4, 39.37007874015748100 ) ;
#2190 = CARTESIAN_POINT ( 'NONE',  ( 0.8974999999999999600, 0.2700000000000001800, -0.1480000000000000200 ) ) ;
#2191 = CARTESIAN_POINT ( 'NONE',  ( 0.8974999999999999600, 0.2700000000000001800, -0.1480000000000000200 ) ) ;
#2192 = VECTOR ( 'NONE', #8687, 39.37007874015748100 ) ;
#2193 = ORIENTED_EDGE ( 'NONE', *, *, #7736, .T. ) ;
#2194 = DIRECTION ( 'NONE',  ( 0.0000000000000000000, -1.000000000000000000, 0.0000000000000000000 ) ) ;
#2195 = CARTESIAN_POINT ( 'NONE',  ( 0.1299999999999994200, 0.2500000000000000000, -0.2490000000000000500 ) ) ;
#2196 = EDGE_CURVE ( 'NONE', #4909, #1555, #2771, .T. ) ;
#2197 = ORIENTED_EDGE ( 'NONE', *, *, #1902, .F. ) ;
#2198 = DIRECTION ( 'NONE',  ( -0.0000000000000000000, -0.0000000000000000000, 1.000000000000000000 ) ) ;
#2199 = LINE ( 'NONE', #9902, #2068 ) ;
#2200 = AXIS2_PLACEMENT_3D ( 'NONE', #153, #646, #1412 ) ;
#2201 = DIRECTION ( 'NONE',  ( 0.0000000000000000000, 0.0000000000000000000, 1.000000000000000000 ) ) ;
#2202 = DIRECTION ( 'NONE',  ( 0.0000000000000000000, -1.000000000000000000, -4.553079989440441700E-016 ) ) ;
#2203 = VECTOR ( 'NONE', #3052, 39.37007874015748100 ) ;
#2204 = PLANE ( 'NONE',  #10854 ) ;
#2205 = CARTESIAN_POINT ( 'NONE',  ( 0.9374999999999998900, 0.3450000000000002000, -0.2725000000000000200 ) ) ;
#2206 = ORIENTED_EDGE ( 'NONE', *, *, #5129, .T. ) ;
#2207 = DIRECTION ( 'NONE',  ( -0.0000000000000000000, -0.0000000000000000000, 1.000000000000000000 ) ) ;
#2208 = LINE ( 'NONE', #8122, #2189 ) ;
#2209 = EDGE_CURVE ( 'NONE', #10479, #9214, #8568, .T. ) ;
#2210 = DIRECTION ( 'NONE',  ( 0.0000000000000000000, -1.000000000000000000, 1.352399996863497400E-015 ) ) ;
#2211 = DIRECTION ( 'NONE',  ( 0.0000000000000000000, -4.553079989440441700E-016, 1.000000000000000000 ) ) ;
#2212 = LINE ( 'NONE', #9608, #3805 ) ;
#2213 = AXIS2_PLACEMENT_3D ( 'NONE', #6881, #6728, #1414 ) ;
#2214 = CARTESIAN_POINT ( 'NONE',  ( 0.6734550397591690900, 0.2366589681657897700, -0.01000000000000000000 ) ) ;
#2215 = EDGE_CURVE ( 'NONE', #3594, #7354, #2749, .T. ) ;
#2216 = VERTEX_POINT ( 'NONE', #8859 ) ;
#2217 = VERTEX_POINT ( 'NONE', #288 ) ;
#2218 = EDGE_CURVE ( 'NONE', #9689, #9617, #2699, .T. ) ;
#2219 = CARTESIAN_POINT ( 'NONE',  ( 0.6371370600051093900, 0.2719953808994902100, 0.0000000000000000000 ) ) ;
#2220 = VERTEX_POINT ( 'NONE', #8369 ) ;
#2221 = APPROVAL_DATE_TIME ( #4715, #7704 ) ;
#2222 = CARTESIAN_POINT ( 'NONE',  ( 0.3924999999999996800, 0.05000000000000000300, -0.2200000000000000000 ) ) ;
#2223 = EDGE_LOOP ( 'NONE', ( #1282, #3353, #1463, #1863 ) ) ;
#2224 = CARTESIAN_POINT ( 'NONE',  ( 0.2126803834564883800, 0.09923518725162754100, -0.02499999999965101300 ) ) ;
#2225 = APPROVAL_PERSON_ORGANIZATION ( #4717, #1025, #7546 ) ;
#2226 = EDGE_LOOP ( 'NONE', ( #3177, #2180, #9163, #5335 ) ) ;
#2227 = CARTESIAN_POINT ( 'NONE',  ( 0.4374999999999998900, 0.2700000000000001800, -0.1480000000000000800 ) ) ;
#2228 = LINE ( 'NONE', #9170, #4455 ) ;
#2229 = ORIENTED_EDGE ( 'NONE', *, *, #950, .F. ) ;
#2230 = CARTESIAN_POINT ( 'NONE',  ( 0.6374999999999998400, 0.05000000000000001000, -0.09750000000000003100 ) ) ;
#2231 = ORIENTED_EDGE ( 'NONE', *, *, #7687, .F. ) ;
#2232 = CARTESIAN_POINT ( 'NONE',  ( -1.634053534412018700E-015, 0.2268432979619808600, 0.0000000000000000000 ) ) ;
#2233 = LINE ( 'NONE', #3912, #1911 ) ;
#2234 = ADVANCED_FACE ( 'NONE', ( #2690 ), #2681, .T. ) ;
#2235 = DIRECTION ( 'NONE',  ( 3.681989669462878400E-013, -7.789823685977713400E-013, -1.000000000000000000 ) ) ;
#2236 = DATE_AND_TIME ( #4725, #6935 ) ;
#2237 = EDGE_CURVE ( 'NONE', #4570, #9853, #2805, .T. ) ;
#2238 = EDGE_CURVE ( 'NONE', #1683, #3030, #2728, .T. ) ;
#2239 = EDGE_CURVE ( 'NONE', #3473, #4090, #2672, .T. ) ;
#2240 = PERSON_AND_ORGANIZATION_ROLE ( 'classification_officer' ) ;
#2241 = VERTEX_POINT ( 'NONE', #536 ) ;
#2242 = VERTEX_POINT ( 'NONE', #3738 ) ;
#2243 = CARTESIAN_POINT ( 'NONE',  ( 0.09500000000055532100, 0.03800000000004208300, 0.01499999999936891900 ) ) ;
#2244 = AXIS2_PLACEMENT_3D ( 'NONE', #2112, #10425, #2303 ) ;
#2245 = ORIENTED_EDGE ( 'NONE', *, *, #5300, .F. ) ;
#2246 = FACE_OUTER_BOUND ( 'NONE', #6517, .T. ) ;
#2247 = ORIENTED_EDGE ( 'NONE', *, *, #7021, .F. ) ;
#2248 = VECTOR ( 'NONE', #7964, 39.37007874015748100 ) ;
#2249 = DIRECTION ( 'NONE',  ( -1.000000000000000000, 0.0000000000000000000, 0.0000000000000000000 ) ) ;
#2250 = LINE ( 'NONE', #6956, #1927 ) ;
#2251 = PLANE ( 'NONE',  #3677 ) ;
#2252 = CARTESIAN_POINT ( 'NONE',  ( 0.4374999999999998900, 0.2699999999999999100, -0.2210000000000000900 ) ) ;
#2253 = DIRECTION ( 'NONE',  ( 0.0000000000000000000, 0.0000000000000000000, -1.000000000000000000 ) ) ;
#2254 = DIRECTION ( 'NONE',  ( -0.0000000000000000000, -0.0000000000000000000, 1.000000000000000000 ) ) ;
#2256 = CARTESIAN_POINT ( 'NONE',  ( 0.3674999999999998300, 0.5600000000000003900, -0.2210000000000000900 ) ) ;
#2255 = VECTOR ( 'NONE', #9635, 39.37007874015748100 ) ;
#2257 = ORIENTED_EDGE ( 'NONE', *, *, #6359, .T. ) ;
#2258 = ORIENTED_EDGE ( 'NONE', *, *, #3296, .F. ) ;
#2259 = CC_DESIGN_PERSON_AND_ORGANIZATION_ASSIGNMENT ( #9741, #7244, ( #8529 ) ) ;
#2260 = FACE_OUTER_BOUND ( 'NONE', #9434, .T. ) ;
#2261 = DIRECTION ( 'NONE',  ( 0.0000000000000000000, 1.352399996863497200E-015, -1.000000000000000000 ) ) ;
#2262 = CARTESIAN_POINT ( 'NONE',  ( 0.5365264404161153000, 0.0000000000000000000, 0.0000000000000000000 ) ) ;
#2263 = EDGE_LOOP ( 'NONE', ( #6275, #2538, #6038, #10413 ) ) ;
#2264 = DIRECTION ( 'NONE',  ( 9.485583311190306100E-013, 1.000000000000000000, 7.790035294315037400E-013 ) ) ;
#2265 = ORIENTED_EDGE ( 'NONE', *, *, #5586, .F. ) ;
#2266 = DIRECTION ( 'NONE',  ( -1.000000000000000000, -0.0000000000000000000, 0.0000000000000000000 ) ) ;
#2267 = ORIENTED_EDGE ( 'NONE', *, *, #570, .F. ) ;
#2268 = LINE ( 'NONE', #3206, #8367 ) ;
#2269 = ORIENTED_EDGE ( 'NONE', *, *, #8433, .F. ) ;
#2270 = CARTESIAN_POINT ( 'NONE',  ( 0.9924643213828182600, 0.0000000000000000000, -0.01000000000000000000 ) ) ;
#2271 = ORIENTED_EDGE ( 'NONE', *, *, #8222, .T. ) ;
#2272 = VECTOR ( 'NONE', #8239, 39.37007874015748100 ) ;
#2273 = EDGE_CURVE ( 'NONE', #6245, #3986, #2632, .T. ) ;
#2274 = CARTESIAN_POINT ( 'NONE',  ( 0.3674999999999998300, 0.2699999999999999100, -0.1490000000000000800 ) ) ;
#2275 = AXIS2_PLACEMENT_3D ( 'NONE', #34, #8612, #3861 ) ;
#2276 = PLANE ( 'NONE',  #5952 ) ;
#2277 = DIRECTION ( 'NONE',  ( 3.681989669462878400E-013, -7.789823685977714400E-013, -1.000000000000000000 ) ) ;
#2278 = VECTOR ( 'NONE', #8047, 39.37007874015748100 ) ;
#2279 = CARTESIAN_POINT ( 'NONE',  ( 0.6734550397591690900, 0.4133410318342099500, 0.0000000000000000000 ) ) ;
#2280 = DATE_TIME_ROLE ( 'classification_date' ) ;
#2281 = DIRECTION ( 'NONE',  ( -0.0000000000000000000, 1.000000000000000000, 1.707404996040165000E-016 ) ) ;
#2282 = CARTESIAN_POINT ( 'NONE',  ( 1.114178631909972000, 0.0000000000000000000, 0.0000000000000000000 ) ) ;
#2283 = LINE ( 'NONE', #9903, #6716 ) ;
#2284 = CARTESIAN_POINT ( 'NONE',  ( 0.4374999999999998900, 0.3450000000000002000, -0.09750000000000005900 ) ) ;
#2285 = EDGE_LOOP ( 'NONE', ( #5784, #6529, #367, #2497 ) ) ;
#2286 = DIRECTION ( 'NONE',  ( -0.0000000000000000000, 1.000000000000000000, -0.0000000000000000000 ) ) ;
#2287 = ORIENTED_EDGE ( 'NONE', *, *, #7544, .T. ) ;
#2288 = ORIENTED_EDGE ( 'NONE', *, *, #650, .T. ) ;
#2289 = ORIENTED_EDGE ( 'NONE', *, *, #8565, .F. ) ;
#2290 = DIRECTION ( 'NONE',  ( 3.681989669462878400E-013, -7.789823685977713400E-013, -1.000000000000000000 ) ) ;
#2291 = DIRECTION ( 'NONE',  ( 0.0000000000000000000, -1.000000000000000000, 0.0000000000000000000 ) ) ;
#2292 = VECTOR ( 'NONE', #9684, 39.37007874015748100 ) ;
#2293 = DIRECTION ( 'NONE',  ( 3.681989669462878400E-013, -7.789823685977714400E-013, -1.000000000000000000 ) ) ;
#2294 = ORIENTED_EDGE ( 'NONE', *, *, #6116, .T. ) ;
#2295 = ORIENTED_EDGE ( 'NONE', *, *, #8577, .F. ) ;
#2296 = VECTOR ( 'NONE', #439, 39.37007874015748100 ) ;
#2297 = EDGE_CURVE ( 'NONE', #5974, #2725, #2597, .T. ) ;
#2298 = DIRECTION ( 'NONE',  ( -1.000000000000000000, -0.0000000000000000000, 0.0000000000000000000 ) ) ;
#2299 = CARTESIAN_POINT ( 'NONE',  ( 0.7374999999999998200, 0.2700000000000001800, -0.1480000000000000500 ) ) ;
#2300 = ADVANCED_FACE ( 'NONE', ( #2585 ), #2518, .F. ) ;
#2301 = DIRECTION ( 'NONE',  ( 0.0000000000000000000, 1.000000000000000000, 4.553079989440424900E-016 ) ) ;
#2302 = CARTESIAN_POINT ( 'NONE',  ( 0.6832707099629759000, 0.2366589681657897700, -0.01000000000000000000 ) ) ;
#2303 = DIRECTION ( 'NONE',  ( -1.582410064230570600E-012, -1.000000000000000000, -7.788827224742390000E-013 ) ) ;
#2304 = VERTEX_POINT ( 'NONE', #6883 ) ;
#2305 = EDGE_LOOP ( 'NONE', ( #3220, #3020, #4768, #9057 ) ) ;
#2306 = LINE ( 'NONE', #528, #10787 ) ;
#2307 = ORIENTED_EDGE ( 'NONE', *, *, #8278, .T. ) ;
#2308 = CARTESIAN_POINT ( 'NONE',  ( -1.123269580619649800E-014, 0.3181290308573184700, -0.01000000000000000000 ) ) ;
#2309 = ORIENTED_EDGE ( 'NONE', *, *, #6004, .T. ) ;
#2310 = DIRECTION ( 'NONE',  ( 1.000000000000000000, 9.476097728022777500E-013, -3.681989669492109400E-013 ) ) ;
#2311 = PLANE ( 'NONE',  #2606 ) ;
#2312 = DIRECTION ( 'NONE',  ( 3.681989669462878400E-013, -7.789823685977714400E-013, -1.000000000000000000 ) ) ;
#2313 = ORIENTED_EDGE ( 'NONE', *, *, #7512, .F. ) ;
#2314 = ORIENTED_EDGE ( 'NONE', *, *, #2627, .F. ) ;
#2315 = EDGE_CURVE ( 'NONE', #5690, #9090, #2549, .T. ) ;
#2316 = EDGE_CURVE ( 'NONE', #742, #6134, #2702, .T. ) ;
#2317 = CARTESIAN_POINT ( 'NONE',  ( 1.037499999999999900, 0.2699999999999999100, -0.2220000000000000600 ) ) ;
#2318 = VECTOR ( 'NONE', #1848, 39.37007874015748100 ) ;
#2319 = ORIENTED_EDGE ( 'NONE', *, *, #7002, .T. ) ;
#2320 = ORIENTED_EDGE ( 'NONE', *, *, #9408, .T. ) ;
#2321 = VECTOR ( 'NONE', #2261, 39.37007874015748100 ) ;
#2322 = CARTESIAN_POINT ( 'NONE',  ( 0.7974999999999998800, 0.05000000000000000300, -0.1499999999999999900 ) ) ;
#2323 = VECTOR ( 'NONE', #10253, 39.37007874015748100 ) ;
#2324 = DIRECTION ( 'NONE',  ( 0.0000000000000000000, -1.000000000000000000, 1.352399996863497400E-015 ) ) ;
#2325 = DIRECTION ( 'NONE',  ( 0.0000000000000000000, 4.553079989440425900E-016, -1.000000000000000000 ) ) ;
#2326 = APPROVAL_ROLE ( '' ) ;
#2327 = ORIENTED_EDGE ( 'NONE', *, *, #10057, .T. ) ;
#2328 = DIRECTION ( 'NONE',  ( -1.000000000000000000, 0.0000000000000000000, -0.0000000000000000000 ) ) ;
#2329 = PLANE ( 'NONE',  #1706 ) ;
#2330 = LINE ( 'NONE', #488, #6758 ) ;
#2331 = ORIENTED_EDGE ( 'NONE', *, *, #1957, .F. ) ;
#2332 = VECTOR ( 'NONE', #8128, 39.37007874015748100 ) ;
#2333 = CARTESIAN_POINT ( 'NONE',  ( 0.5374999999999999800, 0.2699999999999999100, -0.2220000000000000900 ) ) ;
#2334 = EDGE_CURVE ( 'NONE', #6132, #9988, #2572, .T. ) ;
#2335 = CARTESIAN_POINT ( 'NONE',  ( 0.4374999999999998900, 0.2700000000000001800, -0.1480000000000000800 ) ) ;
#2336 = DIRECTION ( 'NONE',  ( 3.681989669462878400E-013, -7.789823685977714400E-013, -1.000000000000000000 ) ) ;
#2337 = FACE_OUTER_BOUND ( 'NONE', #7006, .T. ) ;
#2338 = DIRECTION ( 'NONE',  ( 1.000000000000000000, 0.0000000000000000000, -0.0000000000000000000 ) ) ;
#2339 = CARTESIAN_POINT ( 'NONE',  ( 0.6132132034368540400, 0.03400000000125801700, 0.01500000000345194000 ) ) ;
#2340 = CARTESIAN_POINT ( 'NONE',  ( 1.037499999999999900, 0.3450000000000002000, -0.09750000000000000300 ) ) ;
#2341 = VECTOR ( 'NONE', #5916, 39.37007874015748100 ) ;
#2342 = DIRECTION ( 'NONE',  ( -6.831248714727670800E-013, -0.8944271909996766000, -0.4472135955004362700 ) ) ;
#2343 = ORIENTED_EDGE ( 'NONE', *, *, #2045, .T. ) ;
#2344 = CARTESIAN_POINT ( 'NONE',  ( 0.4374999999999998900, 0.3450000000000001400, -0.1480000000000000200 ) ) ;
#2345 = VECTOR ( 'NONE', #2384, 39.37007874015748100 ) ;
#2346 = ORIENTED_EDGE ( 'NONE', *, *, #7987, .F. ) ;
#2347 = EDGE_CURVE ( 'NONE', #6690, #8165, #2494, .T. ) ;
#2348 = CARTESIAN_POINT ( 'NONE',  ( 0.8974999999999999600, 0.2699999999999999100, -0.2220000000000000600 ) ) ;
#2349 = AXIS2_PLACEMENT_3D ( 'NONE', #7030, #8783, #2972 ) ;
#2350 = CARTESIAN_POINT ( 'NONE',  ( 0.9974999999999999400, 0.5999999999999999800, -0.2974999999999999900 ) ) ;
#2351 = VECTOR ( 'NONE', #192, 39.37007874015748100 ) ;
#2352 = DIRECTION ( 'NONE',  ( -1.000000000000000000, -9.479259589126686100E-013, 3.683568185901464300E-013 ) ) ;
#2353 = CC_DESIGN_DATE_AND_TIME_ASSIGNMENT ( #9293, #2280, ( #10805 ) ) ;
#2354 = ORIENTED_EDGE ( 'NONE', *, *, #3567, .F. ) ;
#2355 = CARTESIAN_POINT ( 'NONE',  ( 0.9615449602408066000, 0.0000000000000000000, -0.01000000000000000000 ) ) ;
#2356 = CARTESIAN_POINT ( 'NONE',  ( 1.242499999999999900, 0.05000000000000000300, -0.3700000000000000000 ) ) ;
#2357 = DIRECTION ( 'NONE',  ( 0.0000000000000000000, -1.000000000000000000, -5.691349986800549600E-017 ) ) ;
#2358 = EDGE_LOOP ( 'NONE', ( #1518, #1396, #2123, #6504 ) ) ;
#2359 = ADVANCED_FACE ( 'NONE', ( #2466 ), #2411, .F. ) ;
#2360 = DIRECTION ( 'NONE',  ( 1.000000000000000000, 0.0000000000000000000, 0.0000000000000000000 ) ) ;
#2361 = LOCAL_TIME ( 13, 11, 25.00000000000000000, #4834 ) ;
#2362 = EDGE_LOOP ( 'NONE', ( #1100, #980, #7753, #90, #7043, #4831, #2621, #7014, #7019 ) ) ;
#2363 = VERTEX_POINT ( 'NONE', #1188 ) ;
#2364 = VECTOR ( 'NONE', #6934, 39.37007874015748100 ) ;
#2365 = PLANE ( 'NONE',  #377 ) ;
#2366 = CARTESIAN_POINT ( 'NONE',  ( 0.4374999999999998900, 0.5999999999999999800, -0.07250000000000000900 ) ) ;
#2367 = APPROVAL_STATUS ( 'not_yet_approved' ) ;
#2368 = EDGE_CURVE ( 'NONE', #2719, #2529, #2428, .T. ) ;
#2369 = ORIENTED_EDGE ( 'NONE', *, *, #8713, .T. ) ;
#2370 = ORIENTED_EDGE ( 'NONE', *, *, #6907, .T. ) ;
#2371 = CARTESIAN_POINT ( 'NONE',  ( 1.242499999999999900, 0.0000000000000000000, 0.0000000000000000000 ) ) ;
#2372 = DATE_AND_TIME ( #4846, #7044 ) ;
#2373 = CARTESIAN_POINT ( 'NONE',  ( 0.5974999999999999200, 0.3450000000000001400, -0.1480000000000000200 ) ) ;
#2374 = CALENDAR_DATE ( 2019, 15, 10 ) ;
#2375 = ORIENTED_EDGE ( 'NONE', *, *, #6764, .F. ) ;
#2376 = CYLINDRICAL_SURFACE ( 'NONE', #9957, 0.01000000000000003000 ) ;
#2377 = EDGE_LOOP ( 'NONE', ( #9694, #3754, #2476, #9242 ) ) ;
#2378 = LINE ( 'NONE', #6753, #2248 ) ;
#2379 = DIRECTION ( 'NONE',  ( 1.000000000000000000, 0.0000000000000000000, -0.0000000000000000000 ) ) ;
#2380 = LINE ( 'NONE', #4569, #7053 ) ;
#2381 = DIRECTION ( 'NONE',  ( -0.0000000000000000000, -1.352399996863497200E-015, -1.000000000000000000 ) ) ;
#2382 = COORDINATED_UNIVERSAL_TIME_OFFSET ( 5, 0, .BEHIND. ) ;
#2383 = AXIS2_PLACEMENT_3D ( 'NONE', #5591, #5502, #5493 ) ;
#2384 = DIRECTION ( 'NONE',  ( 0.0000000000000000000, 1.352399996863497200E-015, -1.000000000000000000 ) ) ;
#2385 = EDGE_CURVE ( 'NONE', #2073, #9500, #2512, .T. ) ;
#2386 = ORIENTED_EDGE ( 'NONE', *, *, #6827, .T. ) ;
#2387 = ORIENTED_EDGE ( 'NONE', *, *, #1657, .T. ) ;
#2388 = EDGE_CURVE ( 'NONE', #1337, #2424, #2396, .T. ) ;
#2389 = CIRCLE ( 'NONE', #10126, 0.006000000000000086000 ) ;
#2390 = VECTOR ( 'NONE', #6703, 39.37007874015748100 ) ;
#2391 = LINE ( 'NONE', #6555, #5158 ) ;
#2392 = EDGE_LOOP ( 'NONE', ( #5846, #2447, #8587, #10862 ) ) ;
#2393 = DIRECTION ( 'NONE',  ( -0.0000000000000000000, 0.0000000000000000000, -1.000000000000000000 ) ) ;
#2394 = FACE_BOUND ( 'NONE', #4227, .T. ) ;
#2395 = CARTESIAN_POINT ( 'NONE',  ( 0.6371370600051093900, 0.2405852362473084000, 0.0000000000000000000 ) ) ;
#2396 = LINE ( 'NONE', #6809, #2390 ) ;
#2397 = DIRECTION ( 'NONE',  ( 0.0000000000000000000, -3.691686477924679400E-015, -1.000000000000000000 ) ) ;
#2398 = FACE_OUTER_BOUND ( 'NONE', #3046, .T. ) ;
#2399 = VECTOR ( 'NONE', #6819, 39.37007874015748100 ) ;
#2400 = EDGE_CURVE ( 'NONE', #10789, #8379, #2416, .T. ) ;
#2401 = ORIENTED_EDGE ( 'NONE', *, *, #8979, .T. ) ;
#2402 = CIRCLE ( 'NONE', #5415, 0.07649999999999998500 ) ;
#2403 = EDGE_CURVE ( 'NONE', #1726, #7282, #2439, .T. ) ;
#2404 = VECTOR ( 'NONE', #3178, 39.37007874015748100 ) ;
#2405 = EDGE_CURVE ( 'NONE', #7279, #8388, #2378, .T. ) ;
#2406 = SECURITY_CLASSIFICATION_LEVEL ( 'unclassified' ) ;
#2407 = CARTESIAN_POINT ( 'NONE',  ( 0.3674999999999998300, 0.2699999999999999100, -0.2210000000000000900 ) ) ;
#2408 = AXIS2_PLACEMENT_3D ( 'NONE', #4934, #10813, #10841 ) ;
#2409 = DIRECTION ( 'NONE',  ( -0.0000000000000000000, 1.000000000000000000, 1.707404996040165000E-016 ) ) ;
#2410 = VERTEX_POINT ( 'NONE', #4061 ) ;
#2411 = PLANE ( 'NONE',  #7133 ) ;
#2412 = ORIENTED_EDGE ( 'NONE', *, *, #1327, .T. ) ;
#2413 = VECTOR ( 'NONE', #3302, 39.37007874015748100 ) ;
#2414 = DIRECTION ( 'NONE',  ( -9.478563083386813800E-013, -1.000000000000000000, -7.788626906780004600E-013 ) ) ;
#2415 = VERTEX_POINT ( 'NONE', #8099 ) ;
#2416 = LINE ( 'NONE', #6915, #2345 ) ;
#2417 = DIRECTION ( 'NONE',  ( -1.000000000000000000, -0.0000000000000000000, -0.0000000000000000000 ) ) ;
#2418 = CIRCLE ( 'NONE', #9850, 0.009815670203804980100 ) ;
#2419 = CARTESIAN_POINT ( 'NONE',  ( 1.104362961706134100, 0.2366589681657897700, -0.01000000000000000000 ) ) ;
#2420 = LINE ( 'NONE', #3517, #2101 ) ;
#2421 = ORIENTED_EDGE ( 'NONE', *, *, #8280, .F. ) ;
#2422 = ORIENTED_EDGE ( 'NONE', *, *, #10623, .F. ) ;
#2423 = CARTESIAN_POINT ( 'NONE',  ( 0.8974999999999999600, 0.5999999999999999800, -0.07249999999999998100 ) ) ;
#2424 = VERTEX_POINT ( 'NONE', #6892 ) ;
#2425 = ORIENTED_EDGE ( 'NONE', *, *, #2400, .T. ) ;
#2426 = CIRCLE ( 'NONE', #7734, 0.009815670203806345400 ) ;
#2427 = CC_DESIGN_DATE_AND_TIME_ASSIGNMENT ( #5767, #3006, ( #10857 ) ) ;
#2428 = LINE ( 'NONE', #7661, #2399 ) ;
#2429 = DIRECTION ( 'NONE',  ( 0.0000000000000000000, 1.707404996040164500E-016, -1.000000000000000000 ) ) ;
#2430 = FACE_OUTER_BOUND ( 'NONE', #3249, .T. ) ;
#2431 = DIRECTION ( 'NONE',  ( 1.000000000000000000, 0.0000000000000000000, 0.0000000000000000000 ) ) ;
#2432 = CARTESIAN_POINT ( 'NONE',  ( 0.8624999999999999300, 0.5180000000000000200, -0.1489999999999998500 ) ) ;
#2433 = DIRECTION ( 'NONE',  ( 0.0000000000000000000, 0.0000000000000000000, -1.000000000000000000 ) ) ;
#2434 = CARTESIAN_POINT ( 'NONE',  ( 0.7990956183678960000, 0.4231567020380508400, -0.01000000000000000000 ) ) ;
#2435 = DIRECTION ( 'NONE',  ( -0.0000000000000000000, -0.0000000000000000000, 1.000000000000000000 ) ) ;
#2436 = LINE ( 'NONE', #3747, #2125 ) ;
#2437 = VERTEX_POINT ( 'NONE', #9783 ) ;
#2438 = DIRECTION ( 'NONE',  ( -3.681989669476966800E-013, -7.788626906776514900E-013, 1.000000000000000000 ) ) ;
#2439 = LINE ( 'NONE', #6700, #2321 ) ;
#2440 = EDGE_CURVE ( 'NONE', #1714, #9961, #2208, .T. ) ;
#2441 = CIRCLE ( 'NONE', #423, 0.009815670203806345400 ) ;
#2442 = CARTESIAN_POINT ( 'NONE',  ( 0.5463421106199184400, 0.2268432979619847700, -0.01000000000000000000 ) ) ;
#2443 = DIRECTION ( 'NONE',  ( 1.000000000000000000, 9.480675684627761000E-013, -3.681989669470754400E-013 ) ) ;
#2444 = DIRECTION ( 'NONE',  ( -0.0000000000000000000, 0.0000000000000000000, 1.000000000000000000 ) ) ;
#2445 = ORIENTED_EDGE ( 'NONE', *, *, #3068, .F. ) ;
#2446 =( REPRESENTATION_RELATIONSHIP ('NONE','NONE', #6361, #2501 ) REPRESENTATION_RELATIONSHIP_WITH_TRANSFORMATION ( #9389 )SHAPE_REPRESENTATION_RELATIONSHIP( ) );
#2447 = ORIENTED_EDGE ( 'NONE', *, *, #8025, .T. ) ;
#2448 = PLANE ( 'NONE',  #3814 ) ;
#2449 = VECTOR ( 'NONE', #5555, 39.37007874015748100 ) ;
#2450 = VERTEX_POINT ( 'NONE', #9890 ) ;
#2451 = ORIENTED_EDGE ( 'NONE', *, *, #7896, .F. ) ;
#2452 = VECTOR ( 'NONE', #1379, 39.37007874015748100 ) ;
#2453 = ORIENTED_EDGE ( 'NONE', *, *, #8057, .F. ) ;
#2454 = VERTEX_POINT ( 'NONE', #484 ) ;
#2455 = CARTESIAN_POINT ( 'NONE',  ( 1.137499999999999700, 0.5580000000000000500, -0.09750000000000039200 ) ) ;
#2456 = ADVANCED_FACE ( 'NONE', ( #2337 ), #7435, .F. ) ;
#2457 = EDGE_LOOP ( 'NONE', ( #2206, #2559, #827, #3111 ) ) ;
#2458 = AXIS2_PLACEMENT_3D ( 'NONE', #10637, #10032, #10022 ) ;
#2459 = ORIENTED_EDGE ( 'NONE', *, *, #6755, .T. ) ;
#2460 = EDGE_CURVE ( 'NONE', #7385, #9204, #2176, .T. ) ;
#2461 = LINE ( 'NONE', #10428, #2153 ) ;
#2462 = ORIENTED_EDGE ( 'NONE', *, *, #710, .T. ) ;
#2463 = CARTESIAN_POINT ( 'NONE',  ( 0.5878125455092694200, 0.01600000000089288300, 0.02499999999827061000 ) ) ;
#2464 = EDGE_CURVE ( 'NONE', #2163, #394, #2199, .T. ) ;
#2465 = CARTESIAN_POINT ( 'NONE',  ( 0.4374999999999998900, 0.05000000000000001000, -0.2725000000000000800 ) ) ;
#2466 = FACE_OUTER_BOUND ( 'NONE', #1841, .T. ) ;
#2467 = ORIENTED_EDGE ( 'NONE', *, *, #2136, .T. ) ;
#2468 = CARTESIAN_POINT ( 'NONE',  ( 0.3674999999999998300, 0.2699999999999999100, -0.1490000000000000800 ) ) ;
#2469 = ORIENTED_EDGE ( 'NONE', *, *, #2464, .T. ) ;
#2470 = CARTESIAN_POINT ( 'NONE',  ( 1.242499999999999900, 0.05000000000000000300, -0.2975000000000001000 ) ) ;
#2471 = EDGE_LOOP ( 'NONE', ( #765, #999, #2265, #10398 ) ) ;
#2472 = VERTEX_POINT ( 'NONE', #7452 ) ;
#2473 = CARTESIAN_POINT ( 'NONE',  ( 0.5374999999999999800, 0.05000000000000014800, -0.07250000000000003700 ) ) ;
#2474 = ORIENTED_EDGE ( 'NONE', *, *, #7311, .F. ) ;
#2475 = VECTOR ( 'NONE', #1528, 39.37007874015748100 ) ;
#2477 = ORIENTED_EDGE ( 'NONE', *, *, #5512, .F. ) ;
#2476 = ORIENTED_EDGE ( 'NONE', *, *, #1400, .F. ) ;
#2478 = ORIENTED_EDGE ( 'NONE', *, *, #9713, .T. ) ;
#2479 = ORIENTED_EDGE ( 'NONE', *, *, #10643, .F. ) ;
#2480 = CARTESIAN_POINT ( 'NONE',  ( 0.6374999999999998400, 0.5579999999999996100, -0.09749999999999964300 ) ) ;
#2481 = ORIENTED_EDGE ( 'NONE', *, *, #686, .T. ) ;
#2482 = EDGE_CURVE ( 'NONE', #10376, #10759, #2097, .T. ) ;
#2483 = CARTESIAN_POINT ( 'NONE',  ( 0.0000000000000000000, 0.2500000000000000000, 0.0000000000000000000 ) ) ;
#2484 = VECTOR ( 'NONE', #1338, 39.37007874015748100 ) ;
#2485 = EDGE_CURVE ( 'NONE', #7130, #10967, #2157, .T. ) ;
#2486 = VERTEX_POINT ( 'NONE', #6645 ) ;
#2487 = CARTESIAN_POINT ( 'NONE',  ( 0.6101829004028455100, 0.01600000000078664900, 0.01547019079361091000 ) ) ;
#2488 = CARTESIAN_POINT ( 'NONE',  ( 1.137499999999999700, 0.5180000000000000200, -0.2210000000000000000 ) ) ;
#2489 = EDGE_LOOP ( 'NONE', ( #8454, #3822, #10299, #10668 ) ) ;
#2490 = VECTOR ( 'NONE', #10930, 39.37007874015748100 ) ;
#2491 = CARTESIAN_POINT ( 'NONE',  ( 0.1597132034351496100, 0.05750000000010630600, -0.02500000000136825400 ) ) ;
#2492 = ORIENTED_EDGE ( 'NONE', *, *, #3869, .T. ) ;
#2493 = CARTESIAN_POINT ( 'NONE',  ( 0.9885380533012991800, 0.4133410318342099500, -0.01000000000000000000 ) ) ;
#2494 = LINE ( 'NONE', #1679, #2452 ) ;
#2495 = CARTESIAN_POINT ( 'NONE',  ( 0.9974999999999999400, 0.5180000000000000200, -0.2210000000000000000 ) ) ;
#2496 = LINE ( 'NONE', #5132, #2332 ) ;
#2497 = ORIENTED_EDGE ( 'NONE', *, *, #8401, .T. ) ;
#2498 = PRODUCT ( '345 Part_Flush Mounting Lugs - 0.128 Dia', '345 Part_Flush Mounting Lugs - 0.128 Dia', '', ( #5692 ) ) ;
#2499 = DIRECTION ( 'NONE',  ( 0.0000000000000000000, -1.000000000000000000, -5.691349986800549600E-017 ) ) ;
#2500 = VECTOR ( 'NONE', #6254, 39.37007874015748100 ) ;
#2501 = SHAPE_REPRESENTATION ( '345-292-001_345-293-120', ( #8995 ), #9489 ) ;
#2502 = AXIS2_PLACEMENT_3D ( 'NONE', #7769, #4244, #3886 ) ;
#2503 = ORIENTED_EDGE ( 'NONE', *, *, #10837, .F. ) ;
#2504 = ORIENTED_EDGE ( 'NONE', *, *, #9692, .T. ) ;
#2505 = ADVANCED_FACE ( 'NONE', ( #1952 ), #8395, .F. ) ;
#2507 = VERTEX_POINT ( 'NONE', #7209 ) ;
#2506 = VERTEX_POINT ( 'NONE', #782 ) ;
#2508 = DIRECTION ( 'NONE',  ( -3.530861605407645300E-014, 1.000000000000000000, 0.0000000000000000000 ) ) ;
#2509 = AXIS2_PLACEMENT_3D ( 'NONE', #7945, #2748, #8696 ) ;
#2510 = CARTESIAN_POINT ( 'NONE',  ( 0.6374999999999998400, 0.3450000000000002000, -0.09750000000000003100 ) ) ;
#2511 = CARTESIAN_POINT ( 'NONE',  ( 0.9374999999999998900, 0.5580000000000000500, -0.09750000000000040600 ) ) ;
#2512 = CIRCLE ( 'NONE', #6569, 0.006870969142657995000 ) ;
#2513 = CARTESIAN_POINT ( 'NONE',  ( 0.1332132034357491300, 0.03800000000046449600, -0.01500000000425455600 ) ) ;
#2514 = DIRECTION ( 'NONE',  ( 0.0000000000000000000, -5.691349986800549600E-017, 1.000000000000000000 ) ) ;
#2515 = VECTOR ( 'NONE', #3131, 39.37007874015748100 ) ;
#2516 = EDGE_CURVE ( 'NONE', #5576, #7993, #2055, .T. ) ;
#2517 = CARTESIAN_POINT ( 'NONE',  ( 1.097499999999999900, 0.2700000000000001800, -0.1480000000000000200 ) ) ;
#2518 = CYLINDRICAL_SURFACE ( 'NONE', #6035, 0.006870969142648433200 ) ;
#2519 = PERSON_AND_ORGANIZATION ( #6843, #4993 ) ;
#2520 = AXIS2_PLACEMENT_3D ( 'NONE', #3874, #4924, #4967 ) ;
#2521 = DIRECTION ( 'NONE',  ( 0.0000000000000000000, 1.000000000000000000, -0.0000000000000000000 ) ) ;
#2522 = CARTESIAN_POINT ( 'NONE',  ( 0.6974999999999999000, 0.05000000000000014800, -0.07250000000000002300 ) ) ;
#2523 = CC_DESIGN_SECURITY_CLASSIFICATION ( #1850, ( #11009 ) ) ;
#2524 = ORGANIZATION ( 'NAUO-ORG13', 'UNSPECIFIED', 'UNSPECIFIED' ) ;
#2525 = DIRECTION ( 'NONE',  ( -1.000000000000000000, 0.0000000000000000000, 0.0000000000000000000 ) ) ;
#2526 = VECTOR ( 'NONE', #8510, 39.37007874015748100 ) ;
#2527 = DIRECTION ( 'NONE',  ( 0.0000000000000000000, -3.691686477924679400E-015, -1.000000000000000000 ) ) ;
#2528 = CARTESIAN_POINT ( 'NONE',  ( 1.267500000000000100, 0.4749999999999999800, -0.3130000000000000600 ) ) ;
#2529 = VERTEX_POINT ( 'NONE', #4486 ) ;
#2530 = PLANE ( 'NONE',  #2502 ) ;
#2531 = APPROVAL_PERSON_ORGANIZATION ( #5006, #7704, #1106 ) ;
#2532 = DIRECTION ( 'NONE',  ( 1.000000000000000000, 0.0000000000000000000, 0.0000000000000000000 ) ) ;
#2533 = DIRECTION ( 'NONE',  ( -7.532213953964141400E-013, -0.4472135955004363200, 0.8944271909996767100 ) ) ;
#2534 = CALENDAR_DATE ( 2019, 15, 10 ) ;
#2535 = DIRECTION ( 'NONE',  ( 0.0000000000000000000, -1.871128762783746500E-015, -1.000000000000000000 ) ) ;
#2536 = EDGE_CURVE ( 'NONE', #5447, #2077, #1999, .T. ) ;
#2537 = ORIENTED_EDGE ( 'NONE', *, *, #10110, .T. ) ;
#2538 = ORIENTED_EDGE ( 'NONE', *, *, #1367, .T. ) ;
#2539 = CARTESIAN_POINT ( 'NONE',  ( 0.0000000000000000000, 0.3318709691426837100, -0.01000000000000000000 ) ) ;
#2540 = DIRECTION ( 'NONE',  ( 0.0000000000000000000, 1.000000000000000000, 4.553079989440425900E-016 ) ) ;
#2541 = CARTESIAN_POINT ( 'NONE',  ( 0.5974999999999999200, 0.2700000000000001800, -0.1480000000000000800 ) ) ;
#2542 = EDGE_LOOP ( 'NONE', ( #3005, #322, #10443, #702 ) ) ;
#2543 = EDGE_CURVE ( 'NONE', #9988, #9853, #1852, .T. ) ;
#2544 = CIRCLE ( 'NONE', #3322, 0.009815670203806891800 ) ;
#2545 = DIRECTION ( 'NONE',  ( 0.0000000000000000000, -0.0000000000000000000, 1.000000000000000000 ) ) ;
#2546 = LINE ( 'NONE', #3868, #6674 ) ;
#2547 = VERTEX_POINT ( 'NONE', #8646 ) ;
#2548 = PLANE ( 'NONE',  #6021 ) ;
#2549 = LINE ( 'NONE', #6664, #2558 ) ;
#2550 = PERSON_AND_ORGANIZATION ( #8983, #828 ) ;
#2551 = CARTESIAN_POINT ( 'NONE',  ( 1.504999999999999900, 0.0000000000000000000, -0.2489999999999998600 ) ) ;
#2552 = ORIENTED_EDGE ( 'NONE', *, *, #5451, .T. ) ;
#2553 = DIRECTION ( 'NONE',  ( 0.0000000000000000000, -1.000000000000000000, 0.0000000000000000000 ) ) ;
#2554 = CARTESIAN_POINT ( 'NONE',  ( -2.860952991549687900E-014, 0.2405852362472326300, -0.01000000000000000000 ) ) ;
#2555 = CARTESIAN_POINT ( 'NONE',  ( 0.3674999999999998300, 0.5600000000000003900, -0.2210000000000000900 ) ) ;
#2557 = DIRECTION ( 'NONE',  ( -0.0000000000000000000, -1.000000000000000000, -0.0000000000000000000 ) ) ;
#2556 = LINE ( 'NONE', #1827, #10519 ) ;
#2558 = VECTOR ( 'NONE', #6725, 39.37007874015748100 ) ;
#2559 = ORIENTED_EDGE ( 'NONE', *, *, #7177, .F. ) ;
#2560 = LINE ( 'NONE', #7737, #6947 ) ;
#2561 = DIRECTION ( 'NONE',  ( 0.0000000000000000000, 1.000000000000000000, 0.0000000000000000000 ) ) ;
#2562 = EDGE_CURVE ( 'NONE', #9874, #10816, #1924, .T. ) ;
#2563 = EDGE_CURVE ( 'NONE', #792, #3907, #1910, .T. ) ;
#2564 = ORIENTED_EDGE ( 'NONE', *, *, #6213, .F. ) ;
#2565 = CARTESIAN_POINT ( 'NONE',  ( 0.8260887114283307400, 0.2337142671046477700, -0.01000000000000000000 ) ) ;
#2566 = DIRECTION ( 'NONE',  ( -0.0000000000000000000, -0.0000000000000000000, 1.000000000000000000 ) ) ;
#2567 = LINE ( 'NONE', #8200, #2255 ) ;
#2568 = CARTESIAN_POINT ( 'NONE',  ( 0.0000000000000000000, 0.4231567020380325200, 0.0000000000000000000 ) ) ;
#2569 = DIRECTION ( 'NONE',  ( -0.0000000000000000000, 1.871128762783744900E-015, -1.000000000000000000 ) ) ;
#2570 = ORIENTED_EDGE ( 'NONE', *, *, #10311, .T. ) ;
#2571 = ORIENTED_EDGE ( 'NONE', *, *, #1973, .F. ) ;
#2572 = LINE ( 'NONE', #6854, #2484 ) ;
#2573 = ADVANCED_FACE ( 'NONE', ( #1509 ), #3585, .F. ) ;
#2574 = CARTESIAN_POINT ( 'NONE',  ( -2.860952991549687900E-014, 0.2405852362472326300, -0.01000000000000000000 ) ) ;
#2575 = LINE ( 'NONE', #3794, #6952 ) ;
#2576 = CARTESIAN_POINT ( 'NONE',  ( 0.4974999999999998900, 0.2700000000000001800, -0.1480000000000000800 ) ) ;
#2577 = CARTESIAN_POINT ( 'NONE',  ( 0.9374999999999998900, 0.3450000000000001400, -0.1479999999999999900 ) ) ;
#2578 = CARTESIAN_POINT ( 'NONE',  ( 0.8923444853039845800, 0.2366589681657876300, -0.01000000000000000000 ) ) ;
#2579 = CARTESIAN_POINT ( 'NONE',  ( 0.5974999999999999200, 0.5999999999999999800, -0.07250000000000000900 ) ) ;
#2580 = ORIENTED_EDGE ( 'NONE', *, *, #9269, .F. ) ;
#2581 = LINE ( 'NONE', #3606, #6702 ) ;
#2582 = CARTESIAN_POINT ( 'NONE',  ( 0.9974999999999999400, 0.2700000000000001800, -0.1480000000000000200 ) ) ;
#2583 = DIRECTION ( 'NONE',  ( 1.000000000000000000, 0.0000000000000000000, 0.0000000000000000000 ) ) ;
#2584 = EDGE_CURVE ( 'NONE', #4703, #8717, #1460, .T. ) ;
#2585 = FACE_OUTER_BOUND ( 'NONE', #924, .T. ) ;
#2586 = EDGE_LOOP ( 'NONE', ( #6618, #1535, #2893, #8152 ) ) ;
#2587 = DIRECTION ( 'NONE',  ( -0.0000000000000000000, -1.000000000000000000, -4.553079989440441700E-016 ) ) ;
#2588 = AXIS2_PLACEMENT_3D ( 'NONE', #6306, #5139, #5136 ) ;
#2589 = LINE ( 'NONE', #6563, #10540 ) ;
#2590 = PERSON ( 'NAUO-PER3', 'UNSPECIFIED', 'UNSPECIFIED', ('UNSPECIFIED'), ('UNSPECIFIED'), ('UNSPECIFIED') ) ;
#2591 = ORIENTED_EDGE ( 'NONE', *, *, #10782, .T. ) ;
#2592 = DIRECTION ( 'NONE',  ( -0.0000000000000000000, 0.0000000000000000000, 1.000000000000000000 ) ) ;
#2593 = LINE ( 'NONE', #8233, #2278 ) ;
#2594 = ORIENTED_EDGE ( 'NONE', *, *, #8173, .T. ) ;
#2595 = ORIENTED_EDGE ( 'NONE', *, *, #8674, .T. ) ;
#2596 = ADVANCED_FACE ( 'NONE', ( #1413 ), #4333, .F. ) ;
#2597 = CIRCLE ( 'NONE', #4326, 0.03999999999999998000 ) ;
#2598 = ORIENTED_EDGE ( 'NONE', *, *, #2790, .F. ) ;
#2599 = DIRECTION ( 'NONE',  ( 1.000000000000000000, 0.0000000000000000000, -0.0000000000000000000 ) ) ;
#2600 = LINE ( 'NONE', #8522, #10775 ) ;
#2601 = DIRECTION ( 'NONE',  ( 0.0000000000000000000, 0.0000000000000000000, 1.000000000000000000 ) ) ;
#2602 = EDGE_CURVE ( 'NONE', #2957, #6335, #1403, .T. ) ;
#2603 = CARTESIAN_POINT ( 'NONE',  ( 0.9374999999999998900, 0.2699999999999999100, -0.2220000000000000600 ) ) ;
#2604 = CARTESIAN_POINT ( 'NONE',  ( 0.8624999999999999300, 0.5579999999999999400, -0.1089999999999998900 ) ) ;
#2605 = PLANE ( 'NONE',  #818 ) ;
#2606 = AXIS2_PLACEMENT_3D ( 'NONE', #3037, #3931, #7600 ) ;
#2607 = ORIENTED_EDGE ( 'NONE', *, *, #5650, .F. ) ;
#2608 = CARTESIAN_POINT ( 'NONE',  ( 0.6506336064154142300, 0.2268432979619855200, 0.0000000000000000000 ) ) ;
#2609 = CC_DESIGN_APPROVAL ( #1925, ( #605 ) ) ;
#2610 = EDGE_LOOP ( 'NONE', ( #4391, #5631, #8404, #1532 ) ) ;
#2611 = DIRECTION ( 'NONE',  ( -0.0000000000000000000, -0.0000000000000000000, 1.000000000000000000 ) ) ;
#2612 = VECTOR ( 'NONE', #10537, 39.37007874015748100 ) ;
#2613 = VERTEX_POINT ( 'NONE', #5075 ) ;
#2614 = ORIENTED_EDGE ( 'NONE', *, *, #8446, .T. ) ;
#2615 = DIRECTION ( 'NONE',  ( -3.681989669462878400E-013, 7.789823685977714400E-013, 1.000000000000000000 ) ) ;
#2616 = ORIENTED_EDGE ( 'NONE', *, *, #10824, .F. ) ;
#2617 = CARTESIAN_POINT ( 'NONE',  ( 0.1462132034356853100, 0.05749999999983609200, -0.02475000000263082700 ) ) ;
#2618 = VERTEX_POINT ( 'NONE', #9068 ) ;
#2619 = PLANE ( 'NONE',  #7860 ) ;
#2620 = ORIENTED_EDGE ( 'NONE', *, *, #3598, .F. ) ;
#2621 = ORIENTED_EDGE ( 'NONE', *, *, #10239, .T. ) ;
#2622 = ORIENTED_EDGE ( 'NONE', *, *, #10918, .T. ) ;
#2623 = DIRECTION ( 'NONE',  ( 0.0000000000000000000, -3.691686477924679400E-015, -1.000000000000000000 ) ) ;
#2624 = VERTEX_POINT ( 'NONE', #10667 ) ;
#2625 = ORIENTED_EDGE ( 'NONE', *, *, #10364, .F. ) ;
#2626 = PLANE ( 'NONE',  #2930 ) ;
#2627 = EDGE_CURVE ( 'NONE', #3541, #4235, #1278, .T. ) ;
#2628 = VECTOR ( 'NONE', #130, 39.37007874015748100 ) ;
#2629 = ORIENTED_EDGE ( 'NONE', *, *, #8608, .T. ) ;
#2630 = ORIENTED_EDGE ( 'NONE', *, *, #4533, .F. ) ;
#2631 = AXIS2_PLACEMENT_3D ( 'NONE', #2491, #2063, #2352 ) ;
#2632 = LINE ( 'NONE', #4059, #2656 ) ;
#2633 = CARTESIAN_POINT ( 'NONE',  ( 0.4374999999999998900, 0.05000000000000001000, -0.09750000000000005900 ) ) ;
#2634 = ORIENTED_EDGE ( 'NONE', *, *, #10069, .F. ) ;
#2635 = DIRECTION ( 'NONE',  ( 1.000000000000000000, 0.0000000000000000000, 0.0000000000000000000 ) ) ;
#2636 = CARTESIAN_POINT ( 'NONE',  ( 0.1332132034362715500, 0.03800000000050891800, -0.02500000000454102200 ) ) ;
#2637 = ORIENTED_EDGE ( 'NONE', *, *, #9301, .T. ) ;
#2638 = PLANE ( 'NONE',  #5102 ) ;
#2639 = ORIENTED_EDGE ( 'NONE', *, *, #10515, .F. ) ;
#2640 = CIRCLE ( 'NONE', #5627, 0.03141014465218178200 ) ;
#2641 = ORIENTED_EDGE ( 'NONE', *, *, #5130, .F. ) ;
#2642 = DIRECTION ( 'NONE',  ( 1.000000000000000000, 0.0000000000000000000, 0.0000000000000000000 ) ) ;
#2644 = ORIENTED_EDGE ( 'NONE', *, *, #6974, .F. ) ;
#2643 = ORIENTED_EDGE ( 'NONE', *, *, #5715, .T. ) ;
#2645 = ADVANCED_FACE ( 'NONE', ( #1162 ), #433, .T. ) ;
#2646 = PLANE ( 'NONE',  #3372 ) ;
#2647 = VECTOR ( 'NONE', #4292, 39.37007874015748100 ) ;
#2648 = AXIS2_PLACEMENT_3D ( 'NONE', #10452, #2949, #3292 ) ;
#2649 = EDGE_CURVE ( 'NONE', #700, #10092, #1150, .T. ) ;
#2650 = EDGE_CURVE ( 'NONE', #8571, #1439, #1304, .T. ) ;
#2651 = LINE ( 'NONE', #4298, #5103 ) ;
#2652 = DIRECTION ( 'NONE',  ( -0.0000000000000000000, 1.000000000000000000, -0.0000000000000000000 ) ) ;
#2653 = DIRECTION ( 'NONE',  ( -0.0000000000000000000, 0.0000000000000000000, 1.000000000000000000 ) ) ;
#2654 = ORIENTED_EDGE ( 'NONE', *, *, #5328, .F. ) ;
#2655 = CARTESIAN_POINT ( 'NONE',  ( 0.9517292900370114600, 0.4133410318342102300, 0.0000000000000000000 ) ) ;
#2656 = VECTOR ( 'NONE', #3974, 39.37007874015748100 ) ;
#2657 = ORIENTED_EDGE ( 'NONE', *, *, #5731, .F. ) ;
#2658 = LINE ( 'NONE', #10826, #7283 ) ;
#2659 = CARTESIAN_POINT ( 'NONE',  ( 0.3674999999999998300, 0.2699999999999999100, -0.1490000000000000800 ) ) ;
#2660 = EDGE_CURVE ( 'NONE', #6714, #9964, #1926, .T. ) ;
#2661 = CARTESIAN_POINT ( 'NONE',  ( 0.8496463199174501000, 0.3181290308573484500, -0.01000000000000000000 ) ) ;
#2662 = EDGE_CURVE ( 'NONE', #1948, #1087, #1098, .T. ) ;
#2663 = EDGE_CURVE ( 'NONE', #4665, #7158, #981, .T. ) ;
#2664 = CARTESIAN_POINT ( 'NONE',  ( 0.0000000000000000000, 0.3063502266127573500, -0.01000000000000000000 ) ) ;
#2665 = AXIS2_PLACEMENT_3D ( 'NONE', #9356, #10005, #625 ) ;
#2666 = CARTESIAN_POINT ( 'NONE',  ( 0.9974999999999999400, 0.05000000000000000300, -0.3700000000000000000 ) ) ;
#2667 = VECTOR ( 'NONE', #85, 39.37007874015748100 ) ;
#2668 = VERTEX_POINT ( 'NONE', #5824 ) ;
#2669 = LINE ( 'NONE', #3426, #4824 ) ;
#2670 = VERTEX_POINT ( 'NONE', #8321 ) ;
#2671 = ORIENTED_EDGE ( 'NONE', *, *, #8363, .T. ) ;
#2672 = LINE ( 'NONE', #592, #2647 ) ;
#2673 = CARTESIAN_POINT ( 'NONE',  ( 0.4582132034348208000, 0.1190000000018458900, 0.005999999998201778800 ) ) ;
#2674 = COORDINATED_UNIVERSAL_TIME_OFFSET ( 5, 0, .BEHIND. ) ;
#2675 = AXIS2_PLACEMENT_3D ( 'NONE', #8531, #5530, #759 ) ;
#2676 = FACE_OUTER_BOUND ( 'NONE', #4527, .T. ) ;
#2677 = CC_DESIGN_APPROVAL ( #1991, ( #1353 ) ) ;
#2678 = DIRECTION ( 'NONE',  ( -1.000000000000000000, -0.0000000000000000000, -0.0000000000000000000 ) ) ;
#2679 = CARTESIAN_POINT ( 'NONE',  ( 0.0000000000000000000, 0.4231567020380325200, -0.01000000000000000000 ) ) ;
#2680 = DIRECTION ( 'NONE',  ( 0.0000000000000000000, 0.0000000000000000000, 1.000000000000000000 ) ) ;
#2681 = CYLINDRICAL_SURFACE ( 'NONE', #4923, 0.03999999999999998000 ) ;
#2682 = DIRECTION ( 'NONE',  ( -1.000000000000000000, 0.0000000000000000000, 0.0000000000000000000 ) ) ;
#2683 = ITEM_DEFINED_TRANSFORMATION ( 'NONE', 'NONE', #5542,  #8995 ) ;
#2684 = ORIENTED_EDGE ( 'NONE', *, *, #5526, .F. ) ;
#2685 = DIRECTION ( 'NONE',  ( -0.0000000000000000000, 1.871128762783746100E-015, 1.000000000000000000 ) ) ;
#2686 = EDGE_CURVE ( 'NONE', #7993, #8117, #786, .T. ) ;
#2687 = ORIENTED_EDGE ( 'NONE', *, *, #3051, .T. ) ;
#2688 = VECTOR ( 'NONE', #10165, 39.37007874015748100 ) ;
#2689 = AXIS2_PLACEMENT_3D ( 'NONE', #9674, #7473, #5607 ) ;
#2690 = FACE_OUTER_BOUND ( 'NONE', #9559, .T. ) ;
#2691 = LINE ( 'NONE', #10938, #4859 ) ;
#2692 = ORIENTED_EDGE ( 'NONE', *, *, #9393, .T. ) ;
#2693 = B_SPLINE_CURVE_WITH_KNOTS ( 'NONE', 3,
 ( #3211, #647, #173, #6343, #382, #9592, #5092, #10749, #10902, #9583, #5181, #9538, #9602, #4970, #9514, #9627, #9633, #10778, #10493, #10786, #10483, #495, #10502, #10434, #4973, #10510, #10771, #10579, #10618, #4997, #9554 ),
 .UNSPECIFIED., .F., .F.,
 ( 4, 3, 3, 3, 3, 3, 3, 3, 3, 3, 4 ),
 ( 0.0000000000000000000, 5.233620571070790300E-005, 0.0001047874954025285700, 0.0001557065019837134200, 0.0002062781425978183300, 0.0002571365323839341800, 0.0003081498765112411600, 0.0003591088882265307600, 0.0004097935513869646600, 0.0004603708511448871400, 0.0004820687614899320300 ),
 .UNSPECIFIED. ) ;
#2694 = VECTOR ( 'NONE', #378, 39.37007874015748100 ) ;
#2695 = DATE_AND_TIME ( #5149, #7325 ) ;
#2696 = CARTESIAN_POINT ( 'NONE',  ( 0.8359043816321273200, 0.4231567020380064300, -0.01000000000000000000 ) ) ;
#2697 = ADVANCED_FACE ( 'NONE', ( #1006 ), #4771, .F. ) ;
#2698 = CIRCLE ( 'NONE', #9172, 0.03141014465217017300 ) ;
#2699 = LINE ( 'NONE', #8670, #2694 ) ;
#2700 = FACE_OUTER_BOUND ( 'NONE', #7795, .T. ) ;
#2701 = DIRECTION ( 'NONE',  ( -0.0000000000000000000, -0.0000000000000000000, 1.000000000000000000 ) ) ;
#2702 = CIRCLE ( 'NONE', #5483, 0.02625691779518022500 ) ;
#2703 = ORIENTED_EDGE ( 'NONE', *, *, #4661, .T. ) ;
#2704 = CARTESIAN_POINT ( 'NONE',  ( 0.6506336065353098800, 0.3318709691426837100, 0.0000000000000000000 ) ) ;
#2705 = CARTESIAN_POINT ( 'NONE',  ( 0.2874999999999999800, 0.2500000000000000000, -0.3700000000000001600 ) ) ;
#2706 = AXIS2_PLACEMENT_3D ( 'NONE', #9841, #3836, #1759 ) ;
#2707 = EDGE_CURVE ( 'NONE', #8913, #3279, #727, .T. ) ;
#2708 = ORIENTED_EDGE ( 'NONE', *, *, #8708, .F. ) ;
#2709 = VECTOR ( 'NONE', #5545, 39.37007874015748100 ) ;
#2710 = PLANE ( 'NONE',  #5073 ) ;
#2711 = VECTOR ( 'NONE', #8407, 39.37007874015748100 ) ;
#2712 = DIRECTION ( 'NONE',  ( -0.0000000000000000000, -1.352399996863497200E-015, -1.000000000000000000 ) ) ;
#2713 = ADVANCED_FACE ( 'NONE', ( #716 ), #669, .F. ) ;
#2714 = VECTOR ( 'NONE', #4994, 39.37007874015748100 ) ;
#2715 = CARTESIAN_POINT ( 'NONE',  ( 0.4675000000022233000, 0.6712132034341648000, -0.3100000000010566000 ) ) ;
#2716 = CARTESIAN_POINT ( 'NONE',  ( 1.307499999999999900, 0.5999999999999999800, -0.1090000000000002600 ) ) ;
#2717 = VECTOR ( 'NONE', #4200, 39.37007874015748100 ) ;
#2718 = EDGE_CURVE ( 'NONE', #668, #6136, #704, .T. ) ;
#2719 = VERTEX_POINT ( 'NONE', #5765 ) ;
#2720 = EDGE_CURVE ( 'NONE', #303, #3145, #639, .T. ) ;
#2721 = FACE_OUTER_BOUND ( 'NONE', #3732, .T. ) ;
#2722 = ORIENTED_EDGE ( 'NONE', *, *, #9005, .F. ) ;
#2723 = CARTESIAN_POINT ( 'NONE',  ( 1.137499999999999700, 0.3450000000000002000, -0.09750000000000000300 ) ) ;
#2724 = PLANE ( 'NONE',  #6196 ) ;
#2725 = VERTEX_POINT ( 'NONE', #2955 ) ;
#2726 = DIRECTION ( 'NONE',  ( 0.0000000000000000000, 4.553079989440425900E-016, -1.000000000000000000 ) ) ;
#2727 = LINE ( 'NONE', #3348, #9213 ) ;
#2728 = LINE ( 'NONE', #8417, #2667 ) ;
#2729 = LINE ( 'NONE', #2169, #4781 ) ;
#2730 = CARTESIAN_POINT ( 'NONE',  ( 0.6132132034325150600, 0.01600000000094936600, -0.02500000000086422700 ) ) ;
#2731 = ORIENTED_EDGE ( 'NONE', *, *, #4469, .F. ) ;
#2732 = VECTOR ( 'NONE', #1266, 39.37007874015748100 ) ;
#2733 = DIRECTION ( 'NONE',  ( -0.0000000000000000000, 0.0000000000000000000, 1.000000000000000000 ) ) ;
#2734 = AXIS2_PLACEMENT_3D ( 'NONE', #1770, #4273, #2310 ) ;
#2735 = DIRECTION ( 'NONE',  ( -1.000000000000000000, -9.478887605467424400E-013, 3.682080251264394600E-013 ) ) ;
#2736 = CYLINDRICAL_SURFACE ( 'NONE', #5714, 0.03141014465215624000 ) ;
#2737 = DIRECTION ( 'NONE',  ( -0.0000000000000000000, 0.0000000000000000000, 1.000000000000000000 ) ) ;
#2738 = VECTOR ( 'NONE', #98, 39.37007874015748100 ) ;
#2739 = ORIENTED_EDGE ( 'NONE', *, *, #9821, .T. ) ;
#2740 = FACE_OUTER_BOUND ( 'NONE', #8118, .T. ) ;
#2741 = DIRECTION ( 'NONE',  ( 0.0000000000000000000, 4.553079989440425900E-016, -1.000000000000000000 ) ) ;
#2742 = ORIENTED_EDGE ( 'NONE', *, *, #3716, .F. ) ;
#2743 = ADVANCED_FACE ( 'NONE', ( #581 ), #534, .F. ) ;
#2744 = CARTESIAN_POINT ( 'NONE',  ( 1.504999999999999900, 0.2500000000000000000, -0.1210000000000001400 ) ) ;
#2745 = DIRECTION ( 'NONE',  ( 0.0000000000000000000, -1.871128762783746500E-015, -1.000000000000000000 ) ) ;
#2746 = EDGE_LOOP ( 'NONE', ( #7015, #4285, #4646, #7916, #6890, #3428 ) ) ;
#2747 = LINE ( 'NONE', #6185, #2449 ) ;
#2748 = DIRECTION ( 'NONE',  ( -1.000000000000000000, 8.054752014276220300E-012, 5.203555549537171000E-012 ) ) ;
#2749 = LINE ( 'NONE', #8613, #2871 ) ;
#2750 = EDGE_CURVE ( 'NONE', #1313, #5062, #661, .T. ) ;
#2751 = ORIENTED_EDGE ( 'NONE', *, *, #10533, .T. ) ;
#2752 = DIRECTION ( 'NONE',  ( -0.0000000000000000000, -0.0000000000000000000, 1.000000000000000000 ) ) ;
#2753 = SECURITY_CLASSIFICATION ( '', '', #7614 ) ;
#2754 = CARTESIAN_POINT ( 'NONE',  ( 0.9615449602408066000, 0.2366589681657806600, -0.01000000000000000000 ) ) ;
#2755 = ORIENTED_EDGE ( 'NONE', *, *, #6524, .F. ) ;
#2756 = DIRECTION ( 'NONE',  ( -0.0000000000000000000, 1.000000000000000000, -0.0000000000000000000 ) ) ;
#2757 = ORIENTED_EDGE ( 'NONE', *, *, #9078, .T. ) ;
#2758 = ADVANCED_FACE ( 'NONE', ( #506 ), #6005, .F. ) ;
#2759 = CARTESIAN_POINT ( 'NONE',  ( 0.4374999999999998900, 0.5580000000000000500, -0.2974999999999999900 ) ) ;
#2760 = CARTESIAN_POINT ( 'NONE',  ( 0.4372132034343707600, 0.02549999999931755800, -0.02499999999894728800 ) ) ;
#2761 = EDGE_CURVE ( 'NONE', #8256, #5069, #496, .T. ) ;
#2762 = VERTEX_POINT ( 'NONE', #6828 ) ;
#2763 = CARTESIAN_POINT ( 'NONE',  ( 0.6974999999999999000, 0.2699999999999999100, -0.2210000000000000900 ) ) ;
#2764 = AXIS2_PLACEMENT_3D ( 'NONE', #2419, #10798, #8255 ) ;
#2765 = EDGE_CURVE ( 'NONE', #3907, #3708, #349, .T. ) ;
#2766 = VECTOR ( 'NONE', #465, 39.37007874015748100 ) ;
#2767 = EDGE_LOOP ( 'NONE', ( #4555, #1982, #4223, #2923 ) ) ;
#2768 = PLANE ( 'NONE',  #10611 ) ;
#2769 = EDGE_LOOP ( 'NONE', ( #6273, #7913, #4654, #880, #5273, #4365 ) ) ;
#2770 = DIRECTION ( 'NONE',  ( -0.0000000000000000000, 0.0000000000000000000, 1.000000000000000000 ) ) ;
#2771 = LINE ( 'NONE', #8895, #2738 ) ;
#2772 = DIRECTION ( 'NONE',  ( 1.000000000000000000, 0.0000000000000000000, -0.0000000000000000000 ) ) ;
#2773 = VECTOR ( 'NONE', #6291, 39.37007874015748900 ) ;
#2774 = DIRECTION ( 'NONE',  ( 1.000000000000000000, 0.0000000000000000000, 0.0000000000000000000 ) ) ;
#2775 = ORIENTED_EDGE ( 'NONE', *, *, #477, .T. ) ;
#2776 = EDGE_CURVE ( 'NONE', #5297, #1334, #443, .T. ) ;
#2777 = VECTOR ( 'NONE', #3516, 39.37007874015748100 ) ;
#2778 = EDGE_CURVE ( 'NONE', #4868, #5068, #683, .T. ) ;
#2779 = DIRECTION ( 'NONE',  ( 8.055046623592789800E-012, -1.000000000000000000, -9.474066515849366000E-013 ) ) ;
#2780 = CARTESIAN_POINT ( 'NONE',  ( 0.3564999999999999800, 0.4749999999999999800, -0.3440000000000000800 ) ) ;
#2781 = LINE ( 'NONE', #5904, #3648 ) ;
#2782 = ORIENTED_EDGE ( 'NONE', *, *, #8412, .T. ) ;
#2783 = CARTESIAN_POINT ( 'NONE',  ( 0.3361881571559963100, 0.01250000000056290100, 0.006000000002168422700 ) ) ;
#2784 = LINE ( 'NONE', #4981, #2777 ) ;
#2785 = DIRECTION ( 'NONE',  ( 1.000000000000000000, 0.0000000000000000000, 0.0000000000000000000 ) ) ;
#2786 = CARTESIAN_POINT ( 'NONE',  ( 1.062500000000000000, 0.5180000000000000200, -0.2210000000000000000 ) ) ;
#2787 = EDGE_CURVE ( 'NONE', #3880, #5435, #314, .T. ) ;
#2788 = LINE ( 'NONE', #4701, #2515 ) ;
#2789 = DIRECTION ( 'NONE',  ( 3.687994791390789600E-013, -7.790035294315036400E-013, -1.000000000000000000 ) ) ;
#2791 = EDGE_LOOP ( 'NONE', ( #8505, #7865, #2552, #6397, #9294, #10445, #7703, #2840, #10156 ) ) ;
#2790 = EDGE_CURVE ( 'NONE', #2613, #6599, #265, .T. ) ;
#2792 = ADVANCED_FACE ( 'NONE', ( #289 ), #4057, .F. ) ;
#2793 = EDGE_CURVE ( 'NONE', #1274, #230, #60, .T. ) ;
#2794 = DIRECTION ( 'NONE',  ( -1.000000000000000000, 0.0000000000000000000, 0.0000000000000000000 ) ) ;
#2795 = LOCAL_TIME ( 13, 11, 25.00000000000000000, #5254 ) ;
#2796 = COORDINATED_UNIVERSAL_TIME_OFFSET ( 5, 0, .BEHIND. ) ;
#2797 = CARTESIAN_POINT ( 'NONE',  ( 0.9624999999999999100, 0.5180000000000000200, -0.2210000000000000000 ) ) ;
#2798 = VECTOR ( 'NONE', #8366, 39.37007874015748100 ) ;
#2799 = PLANE ( 'NONE',  #10334 ) ;
#2800 = VERTEX_POINT ( 'NONE', #6042 ) ;
#2801 = CYLINDRICAL_SURFACE ( 'NONE', #6086, 0.009815670203840767500 ) ;
#2802 = ORIENTED_EDGE ( 'NONE', *, *, #5866, .F. ) ;
#2803 = VECTOR ( 'NONE', #4428, 39.37007874015748100 ) ;
#2804 = DIRECTION ( 'NONE',  ( -9.478563083388219400E-013, -1.000000000000000000, -7.789823685982827700E-013 ) ) ;
#2805 = LINE ( 'NONE', #8798, #2711 ) ;
#2806 = COORDINATED_UNIVERSAL_TIME_OFFSET ( 5, 0, .BEHIND. ) ;
#2807 = AXIS2_PLACEMENT_3D ( 'NONE', #10706, #3450, #4324 ) ;
#2808 = APPROVAL ( #5763, 'UNKNOWN' ) ;
#2809 = LOCAL_TIME ( 13, 11, 25.00000000000000000, #5267 ) ;
#2810 = CARTESIAN_POINT ( 'NONE',  ( 1.067499999997776800, 0.6712132034341626900, -0.05999999999894310700 ) ) ;
#2812 = DIRECTION ( 'NONE',  ( -3.681989669462878400E-013, 7.789823685977714400E-013, 1.000000000000000000 ) ) ;
#2811 = LINE ( 'NONE', #7270, #10737 ) ;
#2813 = VECTOR ( 'NONE', #4828, 39.37007874015748100 ) ;
#2814 = VECTOR ( 'NONE', #3427, 39.37007874015748100 ) ;
#2815 = ORIENTED_EDGE ( 'NONE', *, *, #2649, .T. ) ;
#2816 = CARTESIAN_POINT ( 'NONE',  ( 0.6374999999999998400, 0.3450000000000001400, -0.2220000000000000600 ) ) ;
#2817 = LINE ( 'NONE', #4687, #2813 ) ;
#2818 = PERSON_AND_ORGANIZATION ( #8983, #828 ) ;
#2819 = EDGE_CURVE ( 'NONE', #5312, #6276, #134, .T. ) ;
#2820 = ORIENTED_EDGE ( 'NONE', *, *, #7033, .T. ) ;
#2821 = AXIS2_PLACEMENT_3D ( 'NONE', #3696, #4206, #1377 ) ;
#2822 = PLANE ( 'NONE',  #10558 ) ;
#2823 = CARTESIAN_POINT ( 'NONE',  ( 0.0000000000000000000, 0.2268432979619844400, -0.01000000000000000000 ) ) ;
#2824 = CIRCLE ( 'NONE', #9361, 0.03999999999999998000 ) ;
#2825 = VECTOR ( 'NONE', #1366, 39.37007874015748100 ) ;
#2826 = ORIENTED_EDGE ( 'NONE', *, *, #5010, .T. ) ;
#2827 = DIRECTION ( 'NONE',  ( -0.0000000000000000000, -0.0000000000000000000, 1.000000000000000000 ) ) ;
#2828 = LINE ( 'NONE', #518, #10956 ) ;
#2829 = DIRECTION ( 'NONE',  ( 1.000000000000000000, 0.0000000000000000000, 0.0000000000000000000 ) ) ;
#2830 = VERTEX_POINT ( 'NONE', #310 ) ;
#2831 = CARTESIAN_POINT ( 'NONE',  ( 0.7990956183678619200, 0.2268432979619829900, 0.0000000000000000000 ) ) ;
#2832 = CIRCLE ( 'NONE', #1754, 0.009815670203787086500 ) ;
#2833 = LINE ( 'NONE', #8019, #5299 ) ;
#2834 = EDGE_CURVE ( 'NONE', #10438, #2415, #4328, .T. ) ;
#2835 = ORIENTED_EDGE ( 'NONE', *, *, #5883, .F. ) ;
#2836 = VERTEX_POINT ( 'NONE', #6349 ) ;
#2837 = EDGE_CURVE ( 'NONE', #9610, #8649, #4125, .T. ) ;
#2838 = CARTESIAN_POINT ( 'NONE',  ( 0.6374999999999998400, 0.5579999999999996100, -0.07249999999999999500 ) ) ;
#2839 = CARTESIAN_POINT ( 'NONE',  ( 0.7374999999999998200, 0.05000000000000001000, -0.09750000000000003100 ) ) ;
#2840 = ORIENTED_EDGE ( 'NONE', *, *, #1844, .T. ) ;
#2841 = ORIENTED_EDGE ( 'NONE', *, *, #158, .T. ) ;
#2842 = ADVANCED_FACE ( 'NONE', ( #10147 ), #755, .F. ) ;
#2843 = CARTESIAN_POINT ( 'NONE',  ( 0.0000000000000000000, 0.2405852362473140900, 0.0000000000000000000 ) ) ;
#2844 = VECTOR ( 'NONE', #1596, 39.37007874015748100 ) ;
#2845 = ADVANCED_FACE ( 'NONE', ( #9027 ), #3801, .F. ) ;
#2846 = VERTEX_POINT ( 'NONE', #7280 ) ;
#2847 = ORIENTED_EDGE ( 'NONE', *, *, #1812, .T. ) ;
#2848 = LINE ( 'NONE', #8617, #10969 ) ;
#2849 = CARTESIAN_POINT ( 'NONE',  ( 0.6057269153529276600, 0.0000000000000000000, -0.01000000000000000000 ) ) ;
#2850 = ORIENTED_EDGE ( 'NONE', *, *, #8334, .T. ) ;
#2851 = VERTEX_POINT ( 'NONE', #3402 ) ;
#2852 = CARTESIAN_POINT ( 'NONE',  ( 0.7397108136348434800, 0.3780046191005523900, -0.01000000000000000000 ) ) ;
#2853 = EDGE_CURVE ( 'NONE', #3023, #9791, #4388, .T. ) ;
#2854 = LINE ( 'NONE', #9084, #7230 ) ;
#2855 = DIRECTION ( 'NONE',  ( 0.0000000000000000000, 0.0000000000000000000, 1.000000000000000000 ) ) ;
#2856 = ORIENTED_EDGE ( 'NONE', *, *, #5715, .F. ) ;
#2857 = EDGE_CURVE ( 'NONE', #269, #5104, #8808, .T. ) ;
#2858 = EDGE_CURVE ( 'NONE', #5474, #5068, #5123, .T. ) ;
#2859 = VECTOR ( 'NONE', #9638, 39.37007874015748100 ) ;
#2860 = ORIENTED_EDGE ( 'NONE', *, *, #3081, .T. ) ;
#2861 = CARTESIAN_POINT ( 'NONE',  ( 0.4374999999999998900, 0.5999999999999999800, -0.07250000000000000900 ) ) ;
#2862 = LINE ( 'NONE', #8503, #1958 ) ;
#2863 = ORIENTED_EDGE ( 'NONE', *, *, #3533, .T. ) ;
#2864 = ADVANCED_FACE ( 'NONE', ( #2143, #2394, #9280, #8919 ), #3008, .F. ) ;
#2865 = DIRECTION ( 'NONE',  ( -3.681898070466902500E-013, -7.789823685987753200E-013, -1.000000000000000000 ) ) ;
#2866 = VERTEX_POINT ( 'NONE', #7701 ) ;
#2867 = LINE ( 'NONE', #2282, #2612 ) ;
#2868 = ORIENTED_EDGE ( 'NONE', *, *, #3620, .T. ) ;
#2869 = EDGE_LOOP ( 'NONE', ( #8419, #1793, #5757, #7810 ) ) ;
#2870 = CARTESIAN_POINT ( 'NONE',  ( 0.3462132034357793300, 0.02550000000040035900, -0.005999999994448083600 ) ) ;
#2871 = VECTOR ( 'NONE', #9251, 39.37007874015748100 ) ;
#2872 = ORIENTED_EDGE ( 'NONE', *, *, #1861, .T. ) ;
#2873 = DIRECTION ( 'NONE',  ( -0.0000000000000000000, 0.0000000000000000000, -1.000000000000000000 ) ) ;
#2874 = DIRECTION ( 'NONE',  ( 0.0000000000000000000, 1.000000000000000000, 1.707404996040164500E-016 ) ) ;
#2875 = CARTESIAN_POINT ( 'NONE',  ( 0.6575045756779994700, 0.4162857328953860600, -0.01000000000000000000 ) ) ;
#2876 = PRODUCT_DEFINITION ( 'UNKNOWN', '', #5899, #8803 ) ;
#2877 = ORIENTED_EDGE ( 'NONE', *, *, #5053, .T. ) ;
#2878 = LINE ( 'NONE', #236, #9113 ) ;
#2879 = ORIENTED_EDGE ( 'NONE', *, *, #912, .F. ) ;
#2880 = CARTESIAN_POINT ( 'NONE',  ( 0.6132132034320935100, 0.01600000000115367500, -0.01500000000065261500 ) ) ;
#2881 = CARTESIAN_POINT ( 'NONE',  ( 1.097499999999999900, 0.5999999999999999800, -0.07249999999999996700 ) ) ;
#2882 = LINE ( 'NONE', #4711, #2859 ) ;
#2883 = CARTESIAN_POINT ( 'NONE',  ( 0.8374999999999999100, 0.3450000000000001400, -0.1479999999999999900 ) ) ;
#2884 = DIRECTION ( 'NONE',  ( 0.0000000000000000000, -1.000000000000000000, 0.0000000000000000000 ) ) ;
#2885 = DIRECTION ( 'NONE',  ( -0.0000000000000000000, 1.000000000000000000, -0.0000000000000000000 ) ) ;
#2886 = ORIENTED_EDGE ( 'NONE', *, *, #19, .T. ) ;
#2887 = ORIENTED_EDGE ( 'NONE', *, *, #6540, .T. ) ;
#2888 = ORIENTED_EDGE ( 'NONE', *, *, #10418, .T. ) ;
#2889 = APPROVAL_STATUS ( 'not_yet_approved' ) ;
#2890 = EDGE_CURVE ( 'NONE', #8402, #2242, #3858, .T. ) ;
#2891 = LINE ( 'NONE', #10220, #299 ) ;
#2892 = AXIS2_PLACEMENT_3D ( 'NONE', #9299, #2770, #9526 ) ;
#2893 = ORIENTED_EDGE ( 'NONE', *, *, #3221, .F. ) ;
#2894 = ORIENTED_EDGE ( 'NONE', *, *, #220, .F. ) ;
#2895 = DIRECTION ( 'NONE',  ( 0.0000000000000000000, 1.000000000000000000, 1.707404996040164500E-016 ) ) ;
#2896 = DIRECTION ( 'NONE',  ( -0.0000000000000000000, 1.871128762783744900E-015, -1.000000000000000000 ) ) ;
#2897 = DIRECTION ( 'NONE',  ( 0.0000000000000000000, 1.707404996040164500E-016, -1.000000000000000000 ) ) ;
#2898 = VECTOR ( 'NONE', #5882, 39.37007874015748100 ) ;
#2899 = ORIENTED_EDGE ( 'NONE', *, *, #9678, .F. ) ;
#2900 = ORIENTED_EDGE ( 'NONE', *, *, #7112, .F. ) ;
#2901 = CARTESIAN_POINT ( 'NONE',  ( 1.242499999999999900, 0.05000000000000000300, -0.1499999999999999900 ) ) ;
#2902 = LINE ( 'NONE', #2843, #7550 ) ;
#2903 = DIRECTION ( 'NONE',  ( -0.0000000000000000000, -1.352399996863497200E-015, -1.000000000000000000 ) ) ;
#2904 = ADVANCED_FACE ( 'NONE', ( #10357 ), #2311, .F. ) ;
#2905 = CARTESIAN_POINT ( 'NONE',  ( 0.5374999999999999800, 0.3450000000000002000, -0.09750000000000005900 ) ) ;
#2906 = ADVANCED_FACE ( 'NONE', ( #9338 ), #2448, .F. ) ;
#2907 = EDGE_LOOP ( 'NONE', ( #337, #643, #4620, #6891 ) ) ;
#2908 = FACE_OUTER_BOUND ( 'NONE', #8235, .T. ) ;
#2909 = CARTESIAN_POINT ( 'NONE',  ( 0.4374999999999998900, 0.5999999999999999800, -0.2974999999999999900 ) ) ;
#2910 = VERTEX_POINT ( 'NONE', #4008 ) ;
#2911 = EDGE_CURVE ( 'NONE', #8788, #2992, #9142, .T. ) ;
#2912 = VERTEX_POINT ( 'NONE', #4373 ) ;
#2913 = LINE ( 'NONE', #10528, #5603 ) ;
#2914 = EDGE_LOOP ( 'NONE', ( #5274, #523, #1408, #5863 ) ) ;
#2915 = DIRECTION ( 'NONE',  ( 1.000000000000000000, 0.0000000000000000000, 3.104372720073026700E-015 ) ) ;
#2916 = DIRECTION ( 'NONE',  ( -1.000000000000000000, -0.0000000000000000000, 0.0000000000000000000 ) ) ;
#2917 = DIRECTION ( 'NONE',  ( 1.000000000000000000, 0.0000000000000000000, 0.0000000000000000000 ) ) ;
#2918 = DIRECTION ( 'NONE',  ( 0.0000000000000000000, 0.0000000000000000000, -1.000000000000000000 ) ) ;
#2919 = PLANE ( 'NONE',  #994 ) ;
#2920 = DIRECTION ( 'NONE',  ( -0.0000000000000000000, 0.0000000000000000000, 1.000000000000000000 ) ) ;
#2921 = DIRECTION ( 'NONE',  ( -1.000000000000000000, -0.0000000000000000000, -0.0000000000000000000 ) ) ;
#2922 = DIRECTION ( 'NONE',  ( -3.681989669462878400E-013, 7.789823685977714400E-013, 1.000000000000000000 ) ) ;
#2923 = ORIENTED_EDGE ( 'NONE', *, *, #8007, .F. ) ;
#2924 = LINE ( 'NONE', #5225, #9601 ) ;
#2925 = EDGE_CURVE ( 'NONE', #7167, #6106, #8896, .T. ) ;
#2926 = EDGE_LOOP ( 'NONE', ( #3503, #9597, #2023, #882, #8080, #5959, #1423, #8190, #2887 ) ) ;
#2927 = EDGE_CURVE ( 'NONE', #9462, #8874, #6202, .T. ) ;
#2928 = APPLICATION_PROTOCOL_DEFINITION ( 'international standard', 'config_control_design', 1994, #4737 ) ;
#2929 = CARTESIAN_POINT ( 'NONE',  ( 0.6506336065353098800, 0.3318709691426837100, -0.01000000000000000000 ) ) ;
#2930 = AXIS2_PLACEMENT_3D ( 'NONE', #2664, #2561, #2545 ) ;
#2931 = FACE_OUTER_BOUND ( 'NONE', #10221, .T. ) ;
#2932 = APPROVAL_PERSON_ORGANIZATION ( #5376, #3124, #461 ) ;
#2933 = ADVANCED_FACE ( 'NONE', ( #3667 ), #9768, .F. ) ;
#2934 = DIRECTION ( 'NONE',  ( 0.0000000000000000000, 0.0000000000000000000, 1.000000000000000000 ) ) ;
#2935 = DIRECTION ( 'NONE',  ( 1.513598421372335700E-011, 1.000000000000000000, 7.790035294315041400E-013 ) ) ;
#2936 = LINE ( 'NONE', #8217, #5898 ) ;
#2937 = ORIENTED_EDGE ( 'NONE', *, *, #6371, .F. ) ;
#2938 = ORIENTED_EDGE ( 'NONE', *, *, #9766, .F. ) ;
#2939 = DIRECTION ( 'NONE',  ( 1.000000000000000000, -0.0000000000000000000, -0.0000000000000000000 ) ) ;
#2940 = ORIENTED_EDGE ( 'NONE', *, *, #6223, .T. ) ;
#2941 = ORGANIZATION ( 'NAUO-ORG2', 'UNSPECIFIED', 'UNSPECIFIED' ) ;
#2942 = CARTESIAN_POINT ( 'NONE',  ( 0.6871969780444986400, 0.0000000000000000000, -0.01000000000000000000 ) ) ;
#2943 = DIRECTION ( 'NONE',  ( -0.0000000000000000000, -0.0000000000000000000, 1.000000000000000000 ) ) ;
#2944 = APPROVAL_DATE_TIME ( #5384, #8181 ) ;
#2945 = EDGE_CURVE ( 'NONE', #1489, #37, #3653, .T. ) ;
#2946 = ORIENTED_EDGE ( 'NONE', *, *, #4745, .F. ) ;
#2947 = CARTESIAN_POINT ( 'NONE',  ( 1.137499999999999700, 0.2700000000000001800, -0.1490000000000000800 ) ) ;
#2948 = AXIS2_PLACEMENT_3D ( 'NONE', #8707, #5468, #9481 ) ;
#2949 = DIRECTION ( 'NONE',  ( -0.0000000000000000000, -0.0000000000000000000, 1.000000000000000000 ) ) ;
#2950 = CARTESIAN_POINT ( 'NONE',  ( 0.9615449602408066000, 0.0000000000000000000, -0.01000000000000000000 ) ) ;
#2951 = LINE ( 'NONE', #1539, #42 ) ;
#2952 = VECTOR ( 'NONE', #5292, 39.37007874015748100 ) ;
#2953 = VECTOR ( 'NONE', #5738, 39.37007874015748100 ) ;
#2954 = PERSON_AND_ORGANIZATION ( #8983, #828 ) ;
#2955 = CARTESIAN_POINT ( 'NONE',  ( 1.097499999999999900, 0.5180000000000000200, -0.2210000000000000000 ) ) ;
#2956 = CARTESIAN_POINT ( 'NONE',  ( 0.3361881571559630600, 0.04400000000070935400, 6.272596178252514500E-012 ) ) ;
#2957 = VERTEX_POINT ( 'NONE', #4596 ) ;
#2958 = ORIENTED_EDGE ( 'NONE', *, *, #6704, .F. ) ;
#2959 = DIRECTION ( 'NONE',  ( -3.681989669462701200E-013, 7.789624222777219800E-013, 1.000000000000000000 ) ) ;
#2960 = DIRECTION ( 'NONE',  ( 0.0000000000000000000, 1.871128762783744900E-015, -1.000000000000000000 ) ) ;
#2961 = EDGE_CURVE ( 'NONE', #10816, #6072, #3179, .T. ) ;
#2962 = ORIENTED_EDGE ( 'NONE', *, *, #400, .F. ) ;
#2963 = VECTOR ( 'NONE', #1116, 39.37007874015748100 ) ;
#2964 = CARTESIAN_POINT ( 'NONE',  ( 0.1597132034348693900, 0.05750000000005750500, -0.006000000001126495700 ) ) ;
#2965 = DIRECTION ( 'NONE',  ( -1.000000000000000000, 0.0000000000000000000, 0.0000000000000000000 ) ) ;
#2966 = AXIS2_PLACEMENT_3D ( 'NONE', #1140, #1156, #1390 ) ;
#2967 = LINE ( 'NONE', #8916, #2952 ) ;
#2968 = ADVANCED_FACE ( 'NONE', ( #3810 ), #8056, .F. ) ;
#2969 = CARTESIAN_POINT ( 'NONE',  ( 0.9974999999999999400, 0.2699999999999999100, -0.2220000000000000600 ) ) ;
#2970 = CC_DESIGN_PERSON_AND_ORGANIZATION_ASSIGNMENT ( #4717, #8344, ( #10805 ) ) ;
#2971 = SECURITY_CLASSIFICATION_LEVEL ( 'unclassified' ) ;
#2972 = DIRECTION ( 'NONE',  ( -0.0000000000000000000, 0.0000000000000000000, -1.000000000000000000 ) ) ;
#2973 = LINE ( 'NONE', #5746, #7609 ) ;
#2974 = LINE ( 'NONE', #5266, #2898 ) ;
#2975 = DIRECTION ( 'NONE',  ( 1.000000000000000000, -0.0000000000000000000, -0.0000000000000000000 ) ) ;
#2976 = DIRECTION ( 'NONE',  ( 1.000000000000000000, -0.0000000000000000000, -0.0000000000000000000 ) ) ;
#2977 = VECTOR ( 'NONE', #10472, 39.37007874015748100 ) ;
#2978 = EDGE_CURVE ( 'NONE', #3510, #7814, #4918, .T. ) ;
#2979 = CARTESIAN_POINT ( 'NONE',  ( 0.2126803834564883800, 0.09923518725162754100, -0.02499999999965101300 ) ) ;
#2980 = AXIS2_PLACEMENT_3D ( 'NONE', #4234, #4359, #1879 ) ;
#2981 = CARTESIAN_POINT ( 'NONE',  ( 0.5802132034349867200, 0.03750000000091815300, 0.02499999999394172300 ) ) ;
#2982 = DIRECTION ( 'NONE',  ( -0.0000000000000000000, -0.0000000000000000000, 1.000000000000000000 ) ) ;
#2983 = VECTOR ( 'NONE', #5386, 39.37007874015748100 ) ;
#2984 = CARTESIAN_POINT ( 'NONE',  ( 1.037499999999999900, 0.5579999999999996100, -0.09749999999999961500 ) ) ;
#2985 = CYLINDRICAL_SURFACE ( 'NONE', #1690, 0.009815670203806754800 ) ;
#2986 = LINE ( 'NONE', #145, #5420 ) ;
#2987 = CARTESIAN_POINT ( 'NONE',  ( 0.5974999999999999200, 0.5180000000000000200, -0.2610000000000001200 ) ) ;
#2988 = ORIENTED_EDGE ( 'NONE', *, *, #4905, .F. ) ;
#2989 = DIRECTION ( 'NONE',  ( -0.0000000000000000000, 0.0000000000000000000, -1.000000000000000000 ) ) ;
#2990 = ORIENTED_EDGE ( 'NONE', *, *, #5248, .F. ) ;
#2991 = ADVANCED_FACE ( 'NONE', ( #1849 ), #8105, .F. ) ;
#2992 = VERTEX_POINT ( 'NONE', #3370 ) ;
#2993 = DIRECTION ( 'NONE',  ( 1.000000000000000000, 0.0000000000000000000, 0.0000000000000000000 ) ) ;
#2994 = DIRECTION ( 'NONE',  ( -1.000000000000000000, 0.0000000000000000000, -0.0000000000000000000 ) ) ;
#2995 = VECTOR ( 'NONE', #4748, 39.37007874015748100 ) ;
#2996 = AXIS2_PLACEMENT_3D ( 'NONE', #4916, #4900, #4862 ) ;
#2997 = EDGE_CURVE ( 'NONE', #1559, #5576, #3884, .T. ) ;
#2998 = EDGE_LOOP ( 'NONE', ( #1279, #7841, #4895, #4669 ) ) ;
#2999 = DIRECTION ( 'NONE',  ( -1.000000000000000000, -9.478563083525610900E-013, 3.681898070474286200E-013 ) ) ;
#3000 = EDGE_CURVE ( 'NONE', #660, #2241, #2128, .T. ) ;
#3001 = LINE ( 'NONE', #1241, #2732 ) ;
#3002 = DIRECTION ( 'NONE',  ( 1.000000000000000000, -0.0000000000000000000, -0.0000000000000000000 ) ) ;
#3003 = ORIENTED_EDGE ( 'NONE', *, *, #5127, .F. ) ;
#3004 = VECTOR ( 'NONE', #8774, 39.37007874015748100 ) ;
#3005 = ORIENTED_EDGE ( 'NONE', *, *, #2140, .T. ) ;
#3006 = DATE_TIME_ROLE ( 'creation_date' ) ;
#3007 = CIRCLE ( 'NONE', #436, 0.03100000000000002400 ) ;
#3008 = PLANE ( 'NONE',  #1269 ) ;
#3009 = VECTOR ( 'NONE', #4817, 39.37007874015748100 ) ;
#3010 = CARTESIAN_POINT ( 'NONE',  ( 0.6101829004020867800, 0.01600000000052377600, -0.01547019079035482000 ) ) ;
#3011 = DIRECTION ( 'NONE',  ( -0.0000000000000000000, 0.0000000000000000000, 1.000000000000000000 ) ) ;
#3012 = EDGE_CURVE ( 'NONE', #6465, #5465, #2054, .T. ) ;
#3013 = DIRECTION ( 'NONE',  ( -0.0000000000000000000, -0.0000000000000000000, 1.000000000000000000 ) ) ;
#3014 = EDGE_CURVE ( 'NONE', #4488, #5544, #1171, .T. ) ;
#3015 = ORIENTED_EDGE ( 'NONE', *, *, #10551, .F. ) ;
#3016 = ORIENTED_EDGE ( 'NONE', *, *, #3466, .T. ) ;
#3017 = EDGE_CURVE ( 'NONE', #9256, #986, #1121, .T. ) ;
#3018 = FACE_OUTER_BOUND ( 'NONE', #4538, .T. ) ;
#3019 = ORIENTED_EDGE ( 'NONE', *, *, #7486, .T. ) ;
#3020 = ORIENTED_EDGE ( 'NONE', *, *, #476, .T. ) ;
#3021 = AXIS2_PLACEMENT_3D ( 'NONE', #3159, #4729, #4708 ) ;
#3022 = LINE ( 'NONE', #3672, #2825 ) ;
#3023 = VERTEX_POINT ( 'NONE', #7422 ) ;
#3024 = DIRECTION ( 'NONE',  ( 0.0000000000000000000, 0.0000000000000000000, 1.000000000000000000 ) ) ;
#3025 = DIRECTION ( 'NONE',  ( -0.0000000000000000000, 0.0000000000000000000, -1.000000000000000000 ) ) ;
#3026 = CARTESIAN_POINT ( 'NONE',  ( 0.0000000000000000000, 0.5999999999999999800, -0.3700000000000001600 ) ) ;
#3027 = ADVANCED_FACE ( 'NONE', ( #9933 ), #9978, .F. ) ;
#3028 = ADVANCED_FACE ( 'NONE', ( #10441 ), #5352, .F. ) ;
#3029 = DIRECTION ( 'NONE',  ( 1.000000000000000000, -0.0000000000000000000, -0.0000000000000000000 ) ) ;
#3030 = VERTEX_POINT ( 'NONE', #8156 ) ;
#3031 = VERTEX_POINT ( 'NONE', #7785 ) ;
#3032 = CARTESIAN_POINT ( 'NONE',  ( 0.0000000000000000000, 0.2500000000000000000, 0.0000000000000000000 ) ) ;
#3033 = FACE_OUTER_BOUND ( 'NONE', #2362, .T. ) ;
#3034 = VERTEX_POINT ( 'NONE', #7384 ) ;
#3035 = CARTESIAN_POINT ( 'NONE',  ( 0.8974999999999999600, 0.5580000000000000500, -0.2974999999999999900 ) ) ;
#3036 = LINE ( 'NONE', #4377, #3491 ) ;
#3037 = CARTESIAN_POINT ( 'NONE',  ( 0.2874999999999999800, 0.2500000000000000000, 0.0000000000000000000 ) ) ;
#3038 = PRODUCT_DEFINITION_FORMATION_WITH_SPECIFIED_SOURCE ( 'ANY', '', #2498, .NOT_KNOWN. ) ;
#3039 = VERTEX_POINT ( 'NONE', #7039 ) ;
#3040 = DIRECTION ( 'NONE',  ( 0.0000000000000000000, 0.0000000000000000000, 1.000000000000000000 ) ) ;
#3041 = ORIENTED_EDGE ( 'NONE', *, *, #2911, .T. ) ;
#3042 = DIRECTION ( 'NONE',  ( 0.0000000000000000000, 0.0000000000000000000, -1.000000000000000000 ) ) ;
#3043 = DIRECTION ( 'NONE',  ( 1.000000000000000000, 0.0000000000000000000, 0.0000000000000000000 ) ) ;
#3044 = DIRECTION ( 'NONE',  ( -0.0000000000000000000, 1.000000000000000000, -0.0000000000000000000 ) ) ;
#3045 = FACE_OUTER_BOUND ( 'NONE', #1103, .T. ) ;
#3046 = EDGE_LOOP ( 'NONE', ( #3691, #10393, #9651, #983 ) ) ;
#3047 = EDGE_LOOP ( 'NONE', ( #8952, #7653, #9894, #4515 ) ) ;
#3048 = CARTESIAN_POINT ( 'NONE',  ( 0.4375000000000010000, 0.5580000000000000500, -0.3310000000000007400 ) ) ;
#3049 = VECTOR ( 'NONE', #10125, 39.37007874015748100 ) ;
#3050 = APPROVAL_ROLE ( '' ) ;
#3051 = EDGE_CURVE ( 'NONE', #6115, #10034, #969, .T. ) ;
#3052 = DIRECTION ( 'NONE',  ( 0.8934675157458197300, 0.4491278195647575600, 2.083508570278376800E-014 ) ) ;
#3053 = AXIS2_PLACEMENT_3D ( 'NONE', #4999, #8504, #1960 ) ;
#3054 = LINE ( 'NONE', #8053, #479 ) ;
#3055 = ORIENTED_EDGE ( 'NONE', *, *, #5268, .F. ) ;
#3056 = PLANE ( 'NONE',  #4384 ) ;
#3057 = CARTESIAN_POINT ( 'NONE',  ( 0.4974999999999998900, 0.3450000000000002000, -0.09750000000000005900 ) ) ;
#3058 = LINE ( 'NONE', #7979, #3049 ) ;
#3059 = CARTESIAN_POINT ( 'NONE',  ( 0.8923444853039845800, 0.0000000000000000000, -0.01000000000000000000 ) ) ;
#3060 = DIRECTION ( 'NONE',  ( 0.0000000000000000000, 0.0000000000000000000, 1.000000000000000000 ) ) ;
#3061 = VECTOR ( 'NONE', #6937, 39.37007874015748100 ) ;
#3062 = ORIENTED_EDGE ( 'NONE', *, *, #4742, .T. ) ;
#3063 = ORIENTED_EDGE ( 'NONE', *, *, #5601, .F. ) ;
#3064 = AXIS2_PLACEMENT_3D ( 'NONE', #8791, #8789, #8749 ) ;
#3065 = EDGE_CURVE ( 'NONE', #7354, #5024, #3283, .T. ) ;
#3066 = DIRECTION ( 'NONE',  ( 1.000000000000000000, -0.0000000000000000000, -0.0000000000000000000 ) ) ;
#3067 = VECTOR ( 'NONE', #6026, 39.37007874015748100 ) ;
#3068 = EDGE_CURVE ( 'NONE', #3525, #9316, #2418, .T. ) ;
#3069 = LINE ( 'NONE', #6153, #498 ) ;
#3070 = DIRECTION ( 'NONE',  ( 0.0000000000000000000, 1.707404996040164500E-016, -1.000000000000000000 ) ) ;
#3071 = PLANE ( 'NONE',  #10842 ) ;
#3072 = FACE_OUTER_BOUND ( 'NONE', #1635, .T. ) ;
#3073 = DIRECTION ( 'NONE',  ( 0.0000000000000000000, 1.352399996863497400E-015, -1.000000000000000000 ) ) ;
#3074 = COORDINATED_UNIVERSAL_TIME_OFFSET ( 5, 0, .BEHIND. ) ;
#3075 = ADVANCED_FACE ( 'NONE', ( #3168 ), #9542, .F. ) ;
#3076 = CARTESIAN_POINT ( 'NONE',  ( 1.037499999999999900, 0.2699999999999999100, -0.2220000000000000600 ) ) ;
#3077 = ADVANCED_FACE ( 'NONE', ( #858 ), #2985, .F. ) ;
#3078 = EDGE_CURVE ( 'NONE', #3365, #2163, #3871, .T. ) ;
#3079 = PRODUCT_DEFINITION_SHAPE ( 'NONE', 'NONE',  #11002 ) ;
#3080 = CARTESIAN_POINT ( 'NONE',  ( 0.8496463199174501000, 0.3416866393464885200, -0.01000000000000000000 ) ) ;
#3081 = EDGE_CURVE ( 'NONE', #8290, #2134, #2496, .T. ) ;
#3082 = APPROVAL_STATUS ( 'not_yet_approved' ) ;
#3083 = VERTEX_POINT ( 'NONE', #6695 ) ;
#3085 = CARTESIAN_POINT ( 'NONE',  ( 0.9374999999999998900, 0.3450000000000001400, -0.2220000000000000000 ) ) ;
#3084 = FACE_OUTER_BOUND ( 'NONE', #428, .T. ) ;
#3086 = ORIENTED_EDGE ( 'NONE', *, *, #2117, .F. ) ;
#3087 = AXIS2_PLACEMENT_3D ( 'NONE', #538, #2741, #4641 ) ;
#3088 = ORIENTED_EDGE ( 'NONE', *, *, #5179, .F. ) ;
#3089 = VECTOR ( 'NONE', #3404, 39.37007874015748100 ) ;
#3090 = PLANE ( 'NONE',  #1813 ) ;
#3091 = VECTOR ( 'NONE', #6669, 39.37007874015748100 ) ;
#3092 = DATE_AND_TIME ( #5516, #7719 ) ;
#3093 = DIRECTION ( 'NONE',  ( -3.681989669462878400E-013, 7.789823685977714400E-013, 1.000000000000000000 ) ) ;
#3094 = VERTEX_POINT ( 'NONE', #6896 ) ;
#3095 = CONTEXT_DEPENDENT_SHAPE_REPRESENTATION ( #3163, #8158 ) ;
#3096 = CARTESIAN_POINT ( 'NONE',  ( 1.097499999999999900, 0.5180000000000000200, -0.1089999999999998500 ) ) ;
#3097 = DIRECTION ( 'NONE',  ( 0.0000000000000000000, -1.000000000000000000, -5.691349986800549600E-017 ) ) ;
#3098 = ORIENTED_EDGE ( 'NONE', *, *, #5510, .T. ) ;
#3099 = CARTESIAN_POINT ( 'NONE',  ( 0.6974999999999999000, 0.5580000000000000500, -0.2610000000000001200 ) ) ;
#3100 = VECTOR ( 'NONE', #2623, 39.37007874015748100 ) ;
#3101 = CARTESIAN_POINT ( 'NONE',  ( 0.7974999999999998800, 0.2699999999999999100, -0.2220000000000000600 ) ) ;
#3102 = VECTOR ( 'NONE', #6944, 39.37007874015748100 ) ;
#3103 = LINE ( 'NONE', #450, #2814 ) ;
#3104 = PLANE ( 'NONE',  #3087 ) ;
#3105 = FACE_OUTER_BOUND ( 'NONE', #3461, .T. ) ;
#3106 = COORDINATED_UNIVERSAL_TIME_OFFSET ( 5, 0, .BEHIND. ) ;
#3107 = AXIS2_PLACEMENT_3D ( 'NONE', #1946, #4611, #2785 ) ;
#3108 = AXIS2_PLACEMENT_3D ( 'NONE', #3666, #9469, #4624 ) ;
#3109 = CARTESIAN_POINT ( 'NONE',  ( 0.7397108136348434800, 0.0000000000000000000, -0.01000000000000000000 ) ) ;
#3110 = LINE ( 'NONE', #3228, #221 ) ;
#3111 = ORIENTED_EDGE ( 'NONE', *, *, #9473, .T. ) ;
#3112 = FACE_OUTER_BOUND ( 'NONE', #10137, .T. ) ;
#3113 = ORIENTED_EDGE ( 'NONE', *, *, #2925, .T. ) ;
#3114 = DIRECTION ( 'NONE',  ( 0.0000000000000000000, 0.0000000000000000000, 1.000000000000000000 ) ) ;
#3115 = DIRECTION ( 'NONE',  ( 0.0000000000000000000, -0.0000000000000000000, 1.000000000000000000 ) ) ;
#3116 = VECTOR ( 'NONE', #5995, 39.37007874015748100 ) ;
#3117 = PLANE ( 'NONE',  #9900 ) ;
#3118 = CARTESIAN_POINT ( 'NONE',  ( 0.7374999999999998200, 0.3450000000000001400, -0.2220000000000000000 ) ) ;
#3119 = EDGE_CURVE ( 'NONE', #5295, #4498, #3036, .T. ) ;
#3120 = DIRECTION ( 'NONE',  ( -0.0000000000000000000, -0.7071067811865454600, -0.7071067811865496800 ) ) ;
#3121 = AXIS2_PLACEMENT_3D ( 'NONE', #6156, #2184, #2393 ) ;
#3122 = VECTOR ( 'NONE', #10495, 39.37007874015748100 ) ;
#3123 = CARTESIAN_POINT ( 'NONE',  ( 0.2411999999995233800, 0.04250000000088804300, -5.717211481140569700E-012 ) ) ;
#3124 = APPROVAL ( #6018, 'UNKNOWN' ) ;
#3125 = ORIENTED_EDGE ( 'NONE', *, *, #3779, .T. ) ;
#3126 = LINE ( 'NONE', #5791, #3091 ) ;
#3127 = ORIENTED_EDGE ( 'NONE', *, *, #987, .F. ) ;
#3128 = DIRECTION ( 'NONE',  ( -1.000000000000000000, 0.0000000000000000000, 0.0000000000000000000 ) ) ;
#3129 = FACE_OUTER_BOUND ( 'NONE', #1950, .T. ) ;
#3130 = SECURITY_CLASSIFICATION_LEVEL ( 'unclassified' ) ;
#3131 = DIRECTION ( 'NONE',  ( 0.0000000000000000000, 0.0000000000000000000, 1.000000000000000000 ) ) ;
#3132 = DIRECTION ( 'NONE',  ( 0.0000000000000000000, 0.0000000000000000000, -1.000000000000000000 ) ) ;
#3133 = ORIENTED_EDGE ( 'NONE', *, *, #10468, .F. ) ;
#3134 = DIRECTION ( 'NONE',  ( 0.0000000000000000000, -1.000000000000000000, -5.691349986800549600E-017 ) ) ;
#3135 = CYLINDRICAL_SURFACE ( 'NONE', #2213, 0.03999999999999998000 ) ;
#3136 = EDGE_CURVE ( 'NONE', #1208, #7026, #1445, .T. ) ;
#3137 = VECTOR ( 'NONE', #1406, 39.37007874015748100 ) ;
#3138 = EDGE_CURVE ( 'NONE', #6340, #1726, #8132, .T. ) ;
#3139 = ADVANCED_FACE ( 'NONE', ( #4427 ), #5270, .T. ) ;
#3140 = ORIENTED_EDGE ( 'NONE', *, *, #3185, .F. ) ;
#3141 = VECTOR ( 'NONE', #10228, 39.37007874015748100 ) ;
#3142 = DIRECTION ( 'NONE',  ( 0.7748259416019712700, -0.4470149663156973700, 0.4470149663158881600 ) ) ;
#3143 = FACE_OUTER_BOUND ( 'NONE', #938, .T. ) ;
#3144 = DIRECTION ( 'NONE',  ( -1.000000000000000000, -0.0000000000000000000, -0.0000000000000000000 ) ) ;
#3145 = VERTEX_POINT ( 'NONE', #324 ) ;
#3146 = PLANE ( 'NONE',  #6705 ) ;
#3147 = EDGE_LOOP ( 'NONE', ( #2109, #142, #2637, #5472 ) ) ;
#3148 = VECTOR ( 'NONE', #2896, 39.37007874015748100 ) ;
#3149 = CARTESIAN_POINT ( 'NONE',  ( 0.7624999999999998400, 0.5580000000000000500, -0.2610000000000001200 ) ) ;
#3150 = CARTESIAN_POINT ( 'NONE',  ( 0.8974999999999999600, 0.05000000000000000300, -0.1499999999999999900 ) ) ;
#3151 = ORIENTED_EDGE ( 'NONE', *, *, #7685, .F. ) ;
#3152 = EDGE_CURVE ( 'NONE', #4750, #3083, #6904, .T. ) ;
#3154 = CARTESIAN_POINT ( 'NONE',  ( 0.5374999999999999800, 0.5999999999999999800, -0.2974999999999999900 ) ) ;
#3153 = VECTOR ( 'NONE', #9106, 39.37007874015748100 ) ;
#3155 = CARTESIAN_POINT ( 'NONE',  ( 0.3361881571558419400, 0.01250000000031812600, -0.02499999999944749200 ) ) ;
#3156 = EDGE_CURVE ( 'NONE', #966, #4597, #10639, .T. ) ;
#3157 = DIRECTION ( 'NONE',  ( 0.0000000000000000000, -1.000000000000000000, -1.871128762783744900E-015 ) ) ;
#3158 = VERTEX_POINT ( 'NONE', #6092 ) ;
#3159 = CARTESIAN_POINT ( 'NONE',  ( 0.6371370600050838600, 0.2867188862052003600, -0.01000000000000000000 ) ) ;
#3160 = CARTESIAN_POINT ( 'NONE',  ( 0.1597132034351496100, 0.05750000000010630600, -0.02500000000136825400 ) ) ;
#3161 = ORIENTED_EDGE ( 'NONE', *, *, #5801, .F. ) ;
#3162 = ORIENTED_EDGE ( 'NONE', *, *, #5694, .F. ) ;
#3163 =( REPRESENTATION_RELATIONSHIP ('NONE','NONE', #6361, #2501 ) REPRESENTATION_RELATIONSHIP_WITH_TRANSFORMATION ( #3803 )SHAPE_REPRESENTATION_RELATIONSHIP( ) );
#3164 = CIRCLE ( 'NONE', #4005, 0.03999999999999998000 ) ;
#3165 = PLANE ( 'NONE',  #8312 ) ;
#3166 = DIRECTION ( 'NONE',  ( -7.383372955849362000E-016, -0.0000000000000000000, 1.000000000000000000 ) ) ;
#3167 = ORIENTED_EDGE ( 'NONE', *, *, #3275, .F. ) ;
#3168 = FACE_OUTER_BOUND ( 'NONE', #8794, .T. ) ;
#3169 = ORIENTED_EDGE ( 'NONE', *, *, #10157, .F. ) ;
#3170 = CARTESIAN_POINT ( 'NONE',  ( 1.347499999999999700, 0.2500000000000000000, 0.0000000000000000000 ) ) ;
#3171 = CARTESIAN_POINT ( 'NONE',  ( 1.037499999999999900, 0.5180000000000000200, -0.1489999999999998500 ) ) ;
#3172 = EDGE_CURVE ( 'NONE', #4207, #1461, #5893, .T. ) ;
#3173 = AXIS2_PLACEMENT_3D ( 'NONE', #6069, #1258, #55 ) ;
#3174 = VERTEX_POINT ( 'NONE', #4461 ) ;
#3175 = EDGE_LOOP ( 'NONE', ( #1601, #830, #7059, #8021, #2425, #7670, #4691, #4755, #6739 ) ) ;
#3176 = CIRCLE ( 'NONE', #619, 0.07650000000116084800 ) ;
#3177 = ORIENTED_EDGE ( 'NONE', *, *, #4625, .F. ) ;
#3178 = DIRECTION ( 'NONE',  ( 0.0000000000000000000, -1.000000000000000000, 0.0000000000000000000 ) ) ;
#3179 = CIRCLE ( 'NONE', #4489, 0.03999999999999998000 ) ;
#3180 = ORIENTED_EDGE ( 'NONE', *, *, #9892, .F. ) ;
#3181 = CARTESIAN_POINT ( 'NONE',  ( 0.6974999999999999000, 0.3450000000000002000, -0.09750000000000003100 ) ) ;
#3182 = VECTOR ( 'NONE', #844, 39.37007874015748100 ) ;
#3183 = DIRECTION ( 'NONE',  ( -0.0000000000000000000, 1.000000000000000000, -0.0000000000000000000 ) ) ;
#3184 = DIRECTION ( 'NONE',  ( 0.0000000000000000000, -1.000000000000000000, -0.0000000000000000000 ) ) ;
#3185 = EDGE_CURVE ( 'NONE', #5241, #10423, #10366, .T. ) ;
#3186 = CYLINDRICAL_SURFACE ( 'NONE', #7716, 0.009815670203796237100 ) ;
#3187 = CARTESIAN_POINT ( 'NONE',  ( 0.6371370600051093900, 0.2719953808994902100, -0.01000000000000000000 ) ) ;
#3188 = ORIENTED_EDGE ( 'NONE', *, *, #8512, .F. ) ;
#3189 = CC_DESIGN_DATE_AND_TIME_ASSIGNMENT ( #7448, #9767, ( #605 ) ) ;
#3190 = CARTESIAN_POINT ( 'NONE',  ( 0.5463421106199184400, 0.2268432979619847700, -0.01000000000000000000 ) ) ;
#3191 = DIRECTION ( 'NONE',  ( 1.000000000000000000, 9.480675684627761000E-013, -3.681989669470754400E-013 ) ) ;
#3192 = LINE ( 'NONE', #2979, #3182 ) ;
#3193 = DIRECTION ( 'NONE',  ( -1.000000000000000000, -0.0000000000000000000, -0.0000000000000000000 ) ) ;
#3194 = DIRECTION ( 'NONE',  ( 9.480675684624893300E-013, -1.000000000000000000, -7.789823685985785200E-013 ) ) ;
#3195 = ORIENTED_EDGE ( 'NONE', *, *, #4865, .F. ) ;
#3196 = ADVANCED_FACE ( 'NONE', ( #3306 ), #1731, .F. ) ;
#3197 = CARTESIAN_POINT ( 'NONE',  ( 0.8974999999999999600, 0.3450000000000002000, -0.2725000000000000200 ) ) ;
#3198 = CIRCLE ( 'NONE', #688, 0.02172792206135780400 ) ;
#3199 = DIRECTION ( 'NONE',  ( -1.000000000000000000, -0.0000000000000000000, -0.0000000000000000000 ) ) ;
#3200 = PLANE ( 'NONE',  #1674 ) ;
#3201 = EDGE_CURVE ( 'NONE', #10353, #269, #2729, .T. ) ;
#3202 = LINE ( 'NONE', #1699, #923 ) ;
#3203 = PLANE ( 'NONE',  #7007 ) ;
#3204 = VECTOR ( 'NONE', #10916, 39.37007874015748100 ) ;
#3205 = AXIS2_PLACEMENT_3D ( 'NONE', #2679, #1998, #3115 ) ;
#3206 = CARTESIAN_POINT ( 'NONE',  ( 0.3924999999999996800, 0.05000000000000000300, -0.07249999999999998100 ) ) ;
#3207 = CARTESIAN_POINT ( 'NONE',  ( 0.1488389218490868100, 0.06549999999998380700, 0.005999999998281549200 ) ) ;
#3208 = CIRCLE ( 'NONE', #7210, 0.009815670203840084000 ) ;
#3209 = CARTESIAN_POINT ( 'NONE',  ( 1.054793827176966800, 0.3063502266127573500, -0.01000000000000000000 ) ) ;
#3210 = CARTESIAN_POINT ( 'NONE',  ( 0.6974999999999999000, 0.05000000000000000300, -0.2975000000000001000 ) ) ;
#3211 = CARTESIAN_POINT ( 'NONE',  ( 0.1344495932412504400, 0.06550000000008932000, -0.006000000003344756000 ) ) ;
#3212 = VECTOR ( 'NONE', #7720, 39.37007874015748100 ) ;
#3213 = DATE_AND_TIME ( #5617, #7830 ) ;
#3214 = CARTESIAN_POINT ( 'NONE',  ( 0.8624999999999999300, 0.5580000000000000500, -0.2610000000000000700 ) ) ;
#3215 = CALENDAR_DATE ( 2019, 15, 10 ) ;
#3216 = CARTESIAN_POINT ( 'NONE',  ( 0.3924999999999996800, 0.05000000000000000300, -0.3700000000000000000 ) ) ;
#3217 = LINE ( 'NONE', #10430, #652 ) ;
#3218 = DIRECTION ( 'NONE',  ( 0.0000000000000000000, -3.691686477924679400E-015, -1.000000000000000000 ) ) ;
#3219 = AXIS2_PLACEMENT_3D ( 'NONE', #1470, #1354, #1163 ) ;
#3220 = ORIENTED_EDGE ( 'NONE', *, *, #10882, .F. ) ;
#3221 = EDGE_CURVE ( 'NONE', #4090, #6305, #3615, .T. ) ;
#3222 = ORIENTED_EDGE ( 'NONE', *, *, #7674, .F. ) ;
#3223 = CARTESIAN_POINT ( 'NONE',  ( 0.6506336064153887000, 0.3181290308573566100, -0.01000000000000000000 ) ) ;
#3224 = EDGE_CURVE ( 'NONE', #5726, #8706, #3202, .T. ) ;
#3225 = COORDINATED_UNIVERSAL_TIME_OFFSET ( 5, 0, .BEHIND. ) ;
#3226 = DIRECTION ( 'NONE',  ( -1.000000000000000000, -9.483211915506277500E-013, 3.690871453668674000E-013 ) ) ;
#3227 = DATE_AND_TIME ( #5635, #7847 ) ;
#3228 = CARTESIAN_POINT ( 'NONE',  ( 0.8470675551162069100, 0.02600710479515208300, -0.007007104799153262800 ) ) ;
#3229 = VECTOR ( 'NONE', #1631, 39.37007874015748100 ) ;
#3230 = CARTESIAN_POINT ( 'NONE',  ( 0.3924999999999996800, 0.05000000000000000300, -0.07250000000000002300 ) ) ;
#3231 = CYLINDRICAL_SURFACE ( 'NONE', #7347, 0.06350000000000001500 ) ;
#3232 = CIRCLE ( 'NONE', #6418, 0.03999999999999998000 ) ;
#3233 = CARTESIAN_POINT ( 'NONE',  ( 1.197499999999999800, 0.05000000000000014800, -0.07249999999999998100 ) ) ;
#3234 = ORIENTED_EDGE ( 'NONE', *, *, #5186, .T. ) ;
#3235 = LINE ( 'NONE', #6782, #3204 ) ;
#3236 = PERSON_AND_ORGANIZATION ( #8983, #828 ) ;
#3237 = CARTESIAN_POINT ( 'NONE',  ( 0.9974999999999999400, 0.5579999999999999400, -0.1089999999999998600 ) ) ;
#3238 = EDGE_CURVE ( 'NONE', #10191, #9119, #2402, .T. ) ;
#3239 = EDGE_CURVE ( 'NONE', #8977, #10946, #45, .T. ) ;
#3240 = EDGE_CURVE ( 'NONE', #9159, #4570, #1885, .T. ) ;
#3241 = PERSON_AND_ORGANIZATION_ROLE ( 'classification_officer' ) ;
#3242 = AXIS2_PLACEMENT_3D ( 'NONE', #9985, #10568, #10797 ) ;
#3243 = FACE_OUTER_BOUND ( 'NONE', #10210, .T. ) ;
#3244 = ORIENTED_EDGE ( 'NONE', *, *, #8223, .F. ) ;
#3245 = CARTESIAN_POINT ( 'NONE',  ( 0.5624999999999998900, 0.5580000000000000500, -0.2975000000000000400 ) ) ;
#3246 = CYLINDRICAL_SURFACE ( 'NONE', #6777, 0.03141014465218178200 ) ;
#3247 = CARTESIAN_POINT ( 'NONE',  ( 1.037499999999999900, 0.2700000000000001800, -0.1490000000000000800 ) ) ;
#3248 = LINE ( 'NONE', #6568, #3212 ) ;
#3249 = EDGE_LOOP ( 'NONE', ( #309, #9752, #4336, #3125 ) ) ;
#3250 = VERTEX_POINT ( 'NONE', #848 ) ;
#3251 = CARTESIAN_POINT ( 'NONE',  ( 0.8462132034364292500, 0.02350000000077007500, 0.007499999996930347600 ) ) ;
#3252 = ORIENTED_EDGE ( 'NONE', *, *, #4433, .T. ) ;
#3253 = DIRECTION ( 'NONE',  ( 1.000000000000000000, 9.478563083525144400E-013, -3.682081268435223800E-013 ) ) ;
#3254 = ORIENTED_EDGE ( 'NONE', *, *, #1326, .F. ) ;
#3255 = ADVANCED_FACE ( 'NONE', ( #3971 ), #1515, .T. ) ;
#3257 = DIRECTION ( 'NONE',  ( 0.0000000000000000000, 0.0000000000000000000, -1.000000000000000000 ) ) ;
#3256 = VECTOR ( 'NONE', #6001, 39.37007874015748100 ) ;
#3258 = AXIS2_PLACEMENT_3D ( 'NONE', #2861, #7901, #5967 ) ;
#3259 = DIRECTION ( 'NONE',  ( 1.000000000000000000, 9.478405032071569600E-013, -3.682457261729850500E-013 ) ) ;
#3260 = CC_DESIGN_PERSON_AND_ORGANIZATION_ASSIGNMENT ( #3236, #18, ( #1353 ) ) ;
#3261 = LINE ( 'NONE', #7412, #395 ) ;
#3262 = DIRECTION ( 'NONE',  ( 0.0000000000000000000, -1.000000000000000000, -5.691349986800549600E-017 ) ) ;
#3263 = CARTESIAN_POINT ( 'NONE',  ( 0.8374999999999999100, 0.5180000000000000200, -0.2610000000000000700 ) ) ;
#3264 = ORIENTED_EDGE ( 'NONE', *, *, #3902, .F. ) ;
#3265 = VERTEX_POINT ( 'NONE', #10482 ) ;
#3266 = CARTESIAN_POINT ( 'NONE',  ( 0.9517292900370103400, 0.2366589681657806600, 0.0000000000000000000 ) ) ;
#3267 = CARTESIAN_POINT ( 'NONE',  ( 0.5374999999999999800, 0.2699999999999999100, -0.2220000000000000900 ) ) ;
#3268 = VECTOR ( 'NONE', #5503, 39.37007874015748100 ) ;
#3269 = ORIENTED_EDGE ( 'NONE', *, *, #10227, .F. ) ;
#3270 = ORIENTED_EDGE ( 'NONE', *, *, #1537, .F. ) ;
#3271 = ORIENTED_EDGE ( 'NONE', *, *, #7081, .T. ) ;
#3272 = CARTESIAN_POINT ( 'NONE',  ( 0.3361881571564953600, 0.02550000000060982700, 0.006000000004374936300 ) ) ;
#3273 = LINE ( 'NONE', #7477, #9654 ) ;
#3274 = DIRECTION ( 'NONE',  ( 0.0000000000000000000, 1.000000000000000000, 4.553079989440425900E-016 ) ) ;
#3275 = EDGE_CURVE ( 'NONE', #4699, #6500, #5229, .T. ) ;
#3276 = CARTESIAN_POINT ( 'NONE',  ( 0.8332132034375824300, 0.03400000000123312000, 0.02499999999892215500 ) ) ;
#3277 = ORIENTED_EDGE ( 'NONE', *, *, #2778, .T. ) ;
#3278 = CARTESIAN_POINT ( 'NONE',  ( 0.4374999999999998900, 0.5580000000000000500, -0.2974999999999999900 ) ) ;
#3279 = VERTEX_POINT ( 'NONE', #3914 ) ;
#3280 = VECTOR ( 'NONE', #6745, 39.37007874015748100 ) ;
#3281 = DATE_TIME_ROLE ( 'classification_date' ) ;
#3282 = DIRECTION ( 'NONE',  ( 0.0000000000000000000, 1.000000000000000000, 4.553079989440424900E-016 ) ) ;
#3283 = LINE ( 'NONE', #6472, #9388 ) ;
#3284 = VECTOR ( 'NONE', #1819, 39.37007874015748100 ) ;
#3285 = CARTESIAN_POINT ( 'NONE',  ( 0.1536499778714801900, 0.06956181146424517100, -0.02499999999694102100 ) ) ;
#3286 = UNCERTAINTY_MEASURE_WITH_UNIT (LENGTH_MEASURE( 1.000000000000000100E-005 ), #6215, 'distance_accuracy_value', 'NONE');
#3287 = CARTESIAN_POINT ( 'NONE',  ( 0.8359043816321273200, 0.4231567020380064300, -0.01000000000000000000 ) ) ;
#3288 = DIRECTION ( 'NONE',  ( 0.0000000000000000000, 4.553079989440425900E-016, -1.000000000000000000 ) ) ;
#3289 = DIRECTION ( 'NONE',  ( -0.0000000000000000000, -0.0000000000000000000, 1.000000000000000000 ) ) ;
#3290 = VERTEX_POINT ( 'NONE', #3099 ) ;
#3291 = CARTESIAN_POINT ( 'NONE',  ( 1.018721239177998700, 0.2668421540424528200, -0.01000000000000000000 ) ) ;
#3292 = DIRECTION ( 'NONE',  ( 1.000000000000000000, 0.0000000000000000000, 0.0000000000000000000 ) ) ;
#3293 = DIRECTION ( 'NONE',  ( -1.000000000000000000, 0.0000000000000000000, 0.0000000000000000000 ) ) ;
#3294 = LINE ( 'NONE', #1784, #723 ) ;
#3295 = LINE ( 'NONE', #1358, #3067 ) ;
#3296 = EDGE_CURVE ( 'NONE', #7199, #8302, #6961, .T. ) ;
#3297 = LINE ( 'NONE', #10462, #7650 ) ;
#3298 = CARTESIAN_POINT ( 'NONE',  ( 1.242499999999999900, 0.05000000000000000300, -0.2975000000000000400 ) ) ;
#3299 = CARTESIAN_POINT ( 'NONE',  ( 0.1344495932412330400, 0.06550000000009539900, 0.005999999996655006600 ) ) ;
#3300 = CARTESIAN_POINT ( 'NONE',  ( 0.4374999999999998900, 0.3450000000000001400, -0.1480000000000000200 ) ) ;
#3301 = ORIENTED_EDGE ( 'NONE', *, *, #10840, .T. ) ;
#3302 = DIRECTION ( 'NONE',  ( 0.0000000000000000000, -1.000000000000000000, 0.0000000000000000000 ) ) ;
#3303 = VECTOR ( 'NONE', #9640, 39.37007874015748100 ) ;
#3304 = CARTESIAN_POINT ( 'NONE',  ( 0.5374999999999999800, 0.5580000000000000500, -0.2975000000000000400 ) ) ;
#3305 = DIRECTION ( 'NONE',  ( -0.0000000000000000000, -0.0000000000000000000, 1.000000000000000000 ) ) ;
#3306 = FACE_OUTER_BOUND ( 'NONE', #6366, .T. ) ;
#3307 = PLANE ( 'NONE',  #5777 ) ;
#3308 = DIRECTION ( 'NONE',  ( 0.0000000000000000000, -1.000000000000000000, -1.979599995408885400E-016 ) ) ;
#3309 = DIRECTION ( 'NONE',  ( 0.0000000000000000000, -0.0000000000000000000, -1.000000000000000000 ) ) ;
#3310 = EDGE_LOOP ( 'NONE', ( #4452, #526, #2017, #4270 ) ) ;
#3311 = EDGE_CURVE ( 'NONE', #9544, #5964, #4330, .T. ) ;
#3312 = ORIENTED_EDGE ( 'NONE', *, *, #1259, .T. ) ;
#3313 = CARTESIAN_POINT ( 'NONE',  ( 0.6057269153529276600, 0.0000000000000000000, -0.01000000000000000000 ) ) ;
#3314 = ORIENTED_EDGE ( 'NONE', *, *, #4413, .F. ) ;
#3315 = EDGE_CURVE ( 'NONE', #8250, #1521, #5624, .T. ) ;
#3316 = VERTEX_POINT ( 'NONE', #485 ) ;
#3317 = CARTESIAN_POINT ( 'NONE',  ( 0.6374999999999998400, 0.2699999999999999100, -0.2220000000000000900 ) ) ;
#3318 = ORIENTED_EDGE ( 'NONE', *, *, #4451, .F. ) ;
#3319 = DIRECTION ( 'NONE',  ( 0.0000000000000000000, 1.000000000000000000, -0.0000000000000000000 ) ) ;
#3320 = VECTOR ( 'NONE', #8044, 39.37007874015748100 ) ;
#3321 = ORIENTED_EDGE ( 'NONE', *, *, #9287, .T. ) ;
#3322 = AXIS2_PLACEMENT_3D ( 'NONE', #10339, #10381, #10320 ) ;
#3323 = DIRECTION ( 'NONE',  ( 1.000000000000000000, 9.477452811353084400E-013, -3.681989669454846400E-013 ) ) ;
#3324 = LINE ( 'NONE', #5691, #3102 ) ;
#3325 = DIMENSIONAL_EXPONENTS ( 1.000000000000000000, 0.0000000000000000000, 0.0000000000000000000, 0.0000000000000000000, 0.0000000000000000000, 0.0000000000000000000, 0.0000000000000000000 ) ;
#3326 = DIRECTION ( 'NONE',  ( 0.0000000000000000000, -1.000000000000000000, 0.0000000000000000000 ) ) ;
#3327 = DIRECTION ( 'NONE',  ( -0.0000000000000000000, 1.000000000000000000, -0.0000000000000000000 ) ) ;
#3328 = CARTESIAN_POINT ( 'NONE',  ( 0.4374999999999998900, 0.5999999999999999800, -0.2609999999999999000 ) ) ;
#3329 = APPROVAL_ROLE ( '' ) ;
#3330 = DIRECTION ( 'NONE',  ( 0.0000000000000000000, 1.000000000000000000, 1.707404996040164500E-016 ) ) ;
#3331 = CARTESIAN_POINT ( 'NONE',  ( 0.6132132034334405500, 0.01600000000097535200, 0.01499999999909518800 ) ) ;
#3332 = LINE ( 'NONE', #2104, #5475 ) ;
#3333 = ORIENTED_EDGE ( 'NONE', *, *, #3528, .F. ) ;
#3334 = ORIENTED_EDGE ( 'NONE', *, *, #5084, .F. ) ;
#3335 = PLANE ( 'NONE',  #5667 ) ;
#3336 = CARTESIAN_POINT ( 'NONE',  ( 0.3674999999999998300, 0.2699999999999999100, -0.1490000000000000800 ) ) ;
#3337 = ORIENTED_EDGE ( 'NONE', *, *, #3017, .F. ) ;
#3338 = AXIS2_PLACEMENT_3D ( 'NONE', #10478, #10271, #10149 ) ;
#3339 = DIRECTION ( 'NONE',  ( 1.000000000000000000, 0.0000000000000000000, 0.0000000000000000000 ) ) ;
#3340 = AXIS2_PLACEMENT_3D ( 'NONE', #5105, #8394, #9151 ) ;
#3341 = FACE_OUTER_BOUND ( 'NONE', #6801, .T. ) ;
#3342 = DIRECTION ( 'NONE',  ( 3.681989669462878400E-013, -7.789823685977714400E-013, -1.000000000000000000 ) ) ;
#3343 = VECTOR ( 'NONE', #3029, 39.37007874015748100 ) ;
#3344 = DIRECTION ( 'NONE',  ( 1.000000000000000000, 0.0000000000000000000, -0.0000000000000000000 ) ) ;
#3345 = DIRECTION ( 'NONE',  ( 1.000000000000000000, 0.0000000000000000000, 0.0000000000000000000 ) ) ;
#3346 = PLANE ( 'NONE',  #9822 ) ;
#3347 = VECTOR ( 'NONE', #5363, 39.37007874015748100 ) ;
#3348 = CARTESIAN_POINT ( 'NONE',  ( 0.9615449602408066000, 0.0000000000000000000, 0.0000000000000000000 ) ) ;
#3349 = EDGE_CURVE ( 'NONE', #8849, #8552, #512, .T. ) ;
#3350 = EDGE_LOOP ( 'NONE', ( #3477, #2047, #1466, #3967, #2343, #4120, #5059, #9703, #4137 ) ) ;
#3351 = AXIS2_PLACEMENT_3D ( 'NONE', #258, #10783, #10509 ) ;
#3352 = PLANE ( 'NONE',  #5150 ) ;
#3353 = ORIENTED_EDGE ( 'NONE', *, *, #8581, .F. ) ;
#3354 = FACE_OUTER_BOUND ( 'NONE', #1418, .T. ) ;
#3355 = CARTESIAN_POINT ( 'NONE',  ( 0.7974999999999998800, 0.5579999999999996100, -0.07249999999999999500 ) ) ;
#3356 = DIRECTION ( 'NONE',  ( -0.0000000000000000000, 0.0000000000000000000, -1.000000000000000000 ) ) ;
#3357 = CC_DESIGN_SECURITY_CLASSIFICATION ( #2753, ( #11006 ) ) ;
#3358 = EDGE_LOOP ( 'NONE', ( #2197, #8710, #6488, #2815, #8029, #10011, #2451, #5345, #8182 ) ) ;
#3359 = DIRECTION ( 'NONE',  ( -0.0000000000000000000, 0.0000000000000000000, 1.000000000000000000 ) ) ;
#3360 = LINE ( 'NONE', #2335, #3347 ) ;
#3361 = DIRECTION ( 'NONE',  ( -3.681989669462878400E-013, 7.789823685977714400E-013, 1.000000000000000000 ) ) ;
#3362 = CARTESIAN_POINT ( 'NONE',  ( 0.3924999999999996800, 0.0000000000000000000, -0.2200000000000000000 ) ) ;
#3363 = EDGE_LOOP ( 'NONE', ( #7085, #59, #3140, #8881 ) ) ;
#3364 = VECTOR ( 'NONE', #3308, 39.37007874015748100 ) ;
#3365 = VERTEX_POINT ( 'NONE', #520 ) ;
#3366 = ORIENTED_EDGE ( 'NONE', *, *, #4170, .F. ) ;
#3367 = APPROVAL_STATUS ( 'not_yet_approved' ) ;
#3368 = VERTEX_POINT ( 'NONE', #94 ) ;
#3369 = EDGE_CURVE ( 'NONE', #5942, #4626, #8722, .T. ) ;
#3370 = CARTESIAN_POINT ( 'NONE',  ( 0.5802132034349867200, 0.03750000000091815300, 0.02499999999394172300 ) ) ;
#3371 = ORIENTED_EDGE ( 'NONE', *, *, #10728, .F. ) ;
#3372 = AXIS2_PLACEMENT_3D ( 'NONE', #5844, #1506, #3073 ) ;
#3373 = EDGE_CURVE ( 'NONE', #5547, #5537, #7451, .T. ) ;
#3374 = CARTESIAN_POINT ( 'NONE',  ( 0.6374999999999998400, 0.5999999999999999800, -0.07249999999999999500 ) ) ;
#3375 = APPROVAL_PERSON_ORGANIZATION ( #5758, #9558, #6624 ) ;
#3376 = CARTESIAN_POINT ( 'NONE',  ( 1.307499999999999900, 0.5999999999999999800, -0.3700000000000001600 ) ) ;
#3377 = PERSON_AND_ORGANIZATION ( #8348, #5761 ) ;
#3378 = DIRECTION ( 'NONE',  ( 1.000000000000000000, 0.0000000000000000000, 0.0000000000000000000 ) ) ;
#3379 = ORIENTED_EDGE ( 'NONE', *, *, #5218, .F. ) ;
#3380 = ORIENTED_EDGE ( 'NONE', *, *, #5190, .T. ) ;
#3381 = VECTOR ( 'NONE', #10594, 39.37007874015748100 ) ;
#3382 = CARTESIAN_POINT ( 'NONE',  ( 0.9974999999999999400, 0.2699999999999999100, -0.2220000000000000600 ) ) ;
#3383 = FACE_OUTER_BOUND ( 'NONE', #2746, .T. ) ;
#3384 = CARTESIAN_POINT ( 'NONE',  ( 0.9885380533012652100, 0.2366589681657897700, -0.01000000000000000000 ) ) ;
#3385 = LINE ( 'NONE', #3395, #3442 ) ;
#3386 = PERSON_AND_ORGANIZATION ( #8983, #828 ) ;
#3387 = EDGE_CURVE ( 'NONE', #39, #792, #187, .T. ) ;
#3388 = ORIENTED_EDGE ( 'NONE', *, *, #1788, .F. ) ;
#3389 = ORIENTED_EDGE ( 'NONE', *, *, #65, .T. ) ;
#3390 = EDGE_CURVE ( 'NONE', #7708, #5043, #9285, .T. ) ;
#3391 = CARTESIAN_POINT ( 'NONE',  ( 0.6374999999999998400, 0.5580000000000000500, -0.2974999999999999900 ) ) ;
#3392 = CARTESIAN_POINT ( 'NONE',  ( 0.6506336065353098800, 0.3250000000000201600, -0.01000000000000000000 ) ) ;
#3393 = FACE_OUTER_BOUND ( 'NONE', #1693, .T. ) ;
#3394 = CARTESIAN_POINT ( 'NONE',  ( 0.7397108136348434800, 0.2719953808994843300, 0.0000000000000000000 ) ) ;
#3395 = CARTESIAN_POINT ( 'NONE',  ( 1.347500000000000100, 0.2500000000000000000, -0.3699999999999998800 ) ) ;
#3396 = FACE_OUTER_BOUND ( 'NONE', #7458, .T. ) ;
#3397 = LINE ( 'NONE', #5360, #825 ) ;
#3398 = ORIENTED_EDGE ( 'NONE', *, *, #5868, .T. ) ;
#3399 = CARTESIAN_POINT ( 'NONE',  ( 1.504999999999999900, 0.2500000000000000000, -0.1850000000000000000 ) ) ;
#3400 = DIRECTION ( 'NONE',  ( -1.000000000000000000, -9.478563083521717400E-013, 3.681989669454755000E-013 ) ) ;
#3401 = SHAPE_DEFINITION_REPRESENTATION ( #5226, #7989 ) ;
#3402 = CARTESIAN_POINT ( 'NONE',  ( 0.9517292900370137900, 0.4231567020380064300, 0.0000000000000000000 ) ) ;
#3403 = DIRECTION ( 'NONE',  ( -0.0000000000000000000, -0.0000000000000000000, 1.000000000000000000 ) ) ;
#3404 = DIRECTION ( 'NONE',  ( 0.0000000000000000000, -3.691686477924679400E-015, -1.000000000000000000 ) ) ;
#3405 = DIRECTION ( 'NONE',  ( 0.0000000000000000000, 0.0000000000000000000, 1.000000000000000000 ) ) ;
#3406 = ORIENTED_EDGE ( 'NONE', *, *, #9372, .T. ) ;
#3407 = CARTESIAN_POINT ( 'NONE',  ( 1.242499999999999900, 0.05000000000000000300, -0.2975000000000001000 ) ) ;
#3408 = LINE ( 'NONE', #3726, #836 ) ;
#3409 = ORIENTED_EDGE ( 'NONE', *, *, #6953, .T. ) ;
#3410 = CARTESIAN_POINT ( 'NONE',  ( 0.7624999999999998400, 0.5180000000000000200, -0.1489999999999998500 ) ) ;
#3411 = EDGE_CURVE ( 'NONE', #793, #7626, #4998, .T. ) ;
#3412 = DIRECTION ( 'NONE',  ( -1.000000000000000000, -0.0000000000000000000, -0.0000000000000000000 ) ) ;
#3413 = EDGE_CURVE ( 'NONE', #6920, #6616, #10936, .T. ) ;
#3414 = FACE_OUTER_BOUND ( 'NONE', #8406, .T. ) ;
#3415 = EDGE_CURVE ( 'NONE', #3986, #6072, #6919, .T. ) ;
#3416 = DIRECTION ( 'NONE',  ( 1.000000000000000000, 0.0000000000000000000, 0.0000000000000000000 ) ) ;
#3417 = AXIS2_PLACEMENT_3D ( 'NONE', #1277, #2827, #1276 ) ;
#3418 = DIRECTION ( 'NONE',  ( 0.0000000000000000000, -1.000000000000000000, 0.0000000000000000000 ) ) ;
#3419 = CYLINDRICAL_SURFACE ( 'NONE', #6211, 0.03141014465217194900 ) ;
#3420 = ORIENTED_EDGE ( 'NONE', *, *, #9105, .T. ) ;
#3421 = ORIENTED_EDGE ( 'NONE', *, *, #4842, .F. ) ;
#3422 = CIRCLE ( 'NONE', #4547, 0.02649999999999999200 ) ;
#3423 = CARTESIAN_POINT ( 'NONE',  ( 0.2126803834565642600, 0.09923518725134640500, 0.006000000001265273600 ) ) ;
#3424 = CYLINDRICAL_SURFACE ( 'NONE', #2948, 0.02625691779518022500 ) ;
#3425 = DIRECTION ( 'NONE',  ( 0.0000000000000000000, 0.0000000000000000000, 1.000000000000000000 ) ) ;
#3426 = CARTESIAN_POINT ( 'NONE',  ( 0.4374999999999998900, 0.2700000000000001800, -0.1480000000000000800 ) ) ;
#3427 = DIRECTION ( 'NONE',  ( 1.000000000000000000, 0.0000000000000000000, 0.0000000000000000000 ) ) ;
#3428 = ORIENTED_EDGE ( 'NONE', *, *, #6212, .T. ) ;
#3429 = AXIS2_PLACEMENT_3D ( 'NONE', #2723, #8623, #3954 ) ;
#3430 = CARTESIAN_POINT ( 'NONE',  ( 0.9374999999999998900, 0.5580000000000000500, -0.2974999999999999900 ) ) ;
#3431 = VECTOR ( 'NONE', #6665, 39.37007874015748100 ) ;
#3432 = CC_DESIGN_APPROVAL ( #2808, ( #1517 ) ) ;
#3433 = LINE ( 'NONE', #3035, #3512 ) ;
#3434 = LINE ( 'NONE', #1567, #9994 ) ;
#3435 = VERTEX_POINT ( 'NONE', #9278 ) ;
#3436 = CARTESIAN_POINT ( 'NONE',  ( 0.1299999999999994200, 0.2500000000000000000, -0.1850000000000000800 ) ) ;
#3437 = VERTEX_POINT ( 'NONE', #8940 ) ;
#3438 = CARTESIAN_POINT ( 'NONE',  ( 0.9974999999999999400, 0.3450000000000001400, -0.1479999999999999900 ) ) ;
#3440 = DIRECTION ( 'NONE',  ( 1.000000000000000000, 0.0000000000000000000, 0.0000000000000000000 ) ) ;
#3439 = LINE ( 'NONE', #10305, #3141 ) ;
#3441 = DIRECTION ( 'NONE',  ( 1.000000000000000000, 0.0000000000000000000, 0.0000000000000000000 ) ) ;
#3442 = VECTOR ( 'NONE', #2885, 39.37007874015748100 ) ;
#3443 = EDGE_CURVE ( 'NONE', #9993, #475, #4441, .T. ) ;
#3444 = CARTESIAN_POINT ( 'NONE',  ( 1.037499999999999900, 0.05000000000000001000, -0.09750000000000000300 ) ) ;
#3445 = AXIS2_PLACEMENT_3D ( 'NONE', #1687, #2099, #1801 ) ;
#3446 = FACE_OUTER_BOUND ( 'NONE', #2139, .T. ) ;
#3447 = DIRECTION ( 'NONE',  ( 1.000000000000000000, 0.0000000000000000000, 0.0000000000000000000 ) ) ;
#3448 = DIRECTION ( 'NONE',  ( 1.000000000000000000, 0.0000000000000000000, 0.0000000000000000000 ) ) ;
#3449 = CARTESIAN_POINT ( 'NONE',  ( 0.9624999999999999100, 0.5580000000000000500, -0.2610000000000000700 ) ) ;
#3450 = DIRECTION ( 'NONE',  ( -0.0000000000000000000, 0.0000000000000000000, 1.000000000000000000 ) ) ;
#3451 = VERTEX_POINT ( 'NONE', #9302 ) ;
#3452 = VERTEX_POINT ( 'NONE', #9373 ) ;
#3453 = CARTESIAN_POINT ( 'NONE',  ( 0.7624999999999998400, 0.5180000000000000200, -0.1089999999999998900 ) ) ;
#3454 = LINE ( 'NONE', #732, #5321 ) ;
#3455 = DIRECTION ( 'NONE',  ( -0.0000000000000000000, 0.0000000000000000000, 1.000000000000000000 ) ) ;
#3456 = VERTEX_POINT ( 'NONE', #9417 ) ;
#3457 = CIRCLE ( 'NONE', #2675, 0.03999999999999998000 ) ;
#3458 = EDGE_LOOP ( 'NONE', ( #657, #9351, #7955, #9930, #8621, #6248, #6527, #5672, #8180 ) ) ;
#3459 = DIRECTION ( 'NONE',  ( 0.0000000000000000000, 1.000000000000000000, 1.707404996040164500E-016 ) ) ;
#3460 = CARTESIAN_POINT ( 'NONE',  ( 1.044978156973178900, 0.2965345564089684700, -0.01000000000000000000 ) ) ;
#3461 = EDGE_LOOP ( 'NONE', ( #3479, #3523, #5907, #6007 ) ) ;
#3462 = AXIS2_PLACEMENT_3D ( 'NONE', #185, #3144, #4436 ) ;
#3463 = EDGE_CURVE ( 'NONE', #1486, #2830, #8545, .T. ) ;
#3464 = FACE_OUTER_BOUND ( 'NONE', #7004, .T. ) ;
#3465 = ORIENTED_EDGE ( 'NONE', *, *, #3869, .F. ) ;
#3466 = EDGE_CURVE ( 'NONE', #1498, #7322, #10503, .T. ) ;
#3467 = DIRECTION ( 'NONE',  ( -0.0000000000000000000, 0.0000000000000000000, 1.000000000000000000 ) ) ;
#3468 = EDGE_LOOP ( 'NONE', ( #10215, #873, #7410, #10698 ) ) ;
#3469 = ORIENTED_EDGE ( 'NONE', *, *, #811, .F. ) ;
#3470 = CARTESIAN_POINT ( 'NONE',  ( 0.8374999999999999100, 0.3450000000000002000, -0.09750000000000001700 ) ) ;
#3471 = DIRECTION ( 'NONE',  ( 1.000000000000000000, 0.0000000000000000000, 0.0000000000000000000 ) ) ;
#3472 = DIRECTION ( 'NONE',  ( 0.0000000000000000000, 1.707404996040164500E-016, -1.000000000000000000 ) ) ;
#3473 = VERTEX_POINT ( 'NONE', #9578 ) ;
#3474 = CARTESIAN_POINT ( 'NONE',  ( 0.4374999999999998900, 0.5999999999999999800, -0.2974999999999999900 ) ) ;
#3475 = DIRECTION ( 'NONE',  ( -0.0000000000000000000, 0.0000000000000000000, -1.000000000000000000 ) ) ;
#3476 = FACE_OUTER_BOUND ( 'NONE', #1520, .T. ) ;
#3477 = ORIENTED_EDGE ( 'NONE', *, *, #814, .F. ) ;
#3478 = ORIENTED_EDGE ( 'NONE', *, *, #7736, .F. ) ;
#3479 = ORIENTED_EDGE ( 'NONE', *, *, #1735, .F. ) ;
#3480 = VECTOR ( 'NONE', #5733, 39.37007874015748100 ) ;
#3481 = CARTESIAN_POINT ( 'NONE',  ( 0.7990956183678278300, 0.4133410318342097800, 0.0000000000000000000 ) ) ;
#3482 = EDGE_CURVE ( 'NONE', #8268, #4886, #8784, .T. ) ;
#3483 = ADVANCED_FACE ( 'NONE', ( #10267 ), #9390, .T. ) ;
#3484 = FACE_OUTER_BOUND ( 'NONE', #798, .T. ) ;
#3485 = EDGE_CURVE ( 'NONE', #3473, #2762, #8324, .T. ) ;
#3486 = EDGE_CURVE ( 'NONE', #9062, #250, #2212, .T. ) ;
#3487 = CARTESIAN_POINT ( 'NONE',  ( 1.044978156973178900, 0.0000000000000000000, -0.01000000000000000000 ) ) ;
#3488 = AXIS2_PLACEMENT_3D ( 'NONE', #4638, #4618, #4608 ) ;
#3489 = DIRECTION ( 'NONE',  ( -1.000000000000000000, 0.0000000000000000000, 0.0000000000000000000 ) ) ;
#3490 = FACE_OUTER_BOUND ( 'NONE', #4238, .T. ) ;
#3491 = VECTOR ( 'NONE', #4713, 39.37007874015748100 ) ;
#3492 = DIRECTION ( 'NONE',  ( -0.0000000000000000000, -0.0000000000000000000, 1.000000000000000000 ) ) ;
#3493 = DIRECTION ( 'NONE',  ( 0.0000000000000000000, 0.0000000000000000000, 1.000000000000000000 ) ) ;
#3494 = VECTOR ( 'NONE', #10043, 39.37007874015748100 ) ;
#3495 = ORIENTED_EDGE ( 'NONE', *, *, #6417, .T. ) ;
#3496 = ORIENTED_EDGE ( 'NONE', *, *, #9358, .F. ) ;
#3497 = CARTESIAN_POINT ( 'NONE',  ( 0.6057269153529094600, 0.3780046191005195800, 0.0000000000000000000 ) ) ;
#3498 = CARTESIAN_POINT ( 'NONE',  ( 1.097499999999999900, 0.5999999999999999800, -0.2974999999999999900 ) ) ;
#3499 = CIRCLE ( 'NONE', #8107, 0.03200000000000033400 ) ;
#3500 = VERTEX_POINT ( 'NONE', #9897 ) ;
#3501 = APPROVAL ( #2889, 'UNSPECIFIED' ) ;
#3502 = VECTOR ( 'NONE', #10336, 39.37007874015748100 ) ;
#3503 = ORIENTED_EDGE ( 'NONE', *, *, #5906, .F. ) ;
#3504 = PLANE ( 'NONE',  #8473 ) ;
#3505 = ORIENTED_EDGE ( 'NONE', *, *, #6077, .T. ) ;
#3506 = DIRECTION ( 'NONE',  ( -1.000000000000000000, -0.0000000000000000000, 0.0000000000000000000 ) ) ;
#3507 = DIRECTION ( 'NONE',  ( -0.0000000000000000000, -0.0000000000000000000, 1.000000000000000000 ) ) ;
#3508 = VECTOR ( 'NONE', #4417, 39.37007874015748100 ) ;
#3509 = DIRECTION ( 'NONE',  ( 0.0000000000000000000, 1.000000000000000000, 0.0000000000000000000 ) ) ;
#3510 = VERTEX_POINT ( 'NONE', #9750 ) ;
#3511 = EDGE_CURVE ( 'NONE', #1014, #10136, #10055, .T. ) ;
#3512 = VECTOR ( 'NONE', #729, 39.37007874015748100 ) ;
#3513 = VERTEX_POINT ( 'NONE', #9991 ) ;
#3514 = CALENDAR_DATE ( 2019, 15, 10 ) ;
#3515 = LOCAL_TIME ( 13, 11, 25.00000000000000000, #5897 ) ;
#3516 = DIRECTION ( 'NONE',  ( -0.0000000000000000000, -1.352399996863497200E-015, -1.000000000000000000 ) ) ;
#3517 = CARTESIAN_POINT ( 'NONE',  ( 0.8374999999999999100, 0.2699999999999999100, -0.2220000000000000600 ) ) ;
#3518 = ADVANCED_FACE ( 'NONE', ( #1283 ), #975, .F. ) ;
#3519 = LINE ( 'NONE', #10177, #7835 ) ;
#3520 = CARTESIAN_POINT ( 'NONE',  ( 1.137499999999999700, 0.3450000000000002000, -0.09750000000000000300 ) ) ;
#3521 = VERTEX_POINT ( 'NONE', #10050 ) ;
#3522 = CARTESIAN_POINT ( 'NONE',  ( 0.6974999999999999000, 0.3450000000000001400, -0.1480000000000000200 ) ) ;
#3523 = ORIENTED_EDGE ( 'NONE', *, *, #2686, .F. ) ;
#3524 = CARTESIAN_POINT ( 'NONE',  ( 0.7990956183678278300, 0.4133410318342097800, -0.01000000000000000000 ) ) ;
#3525 = VERTEX_POINT ( 'NONE', #10099 ) ;
#3526 = CIRCLE ( 'NONE', #1350, 0.01000000000015175000 ) ;
#3527 = DIRECTION ( 'NONE',  ( 0.0000000000000000000, 0.0000000000000000000, -1.000000000000000000 ) ) ;
#3528 = EDGE_CURVE ( 'NONE', #10101, #10876, #10292, .T. ) ;
#3529 = VERTEX_POINT ( 'NONE', #10118 ) ;
#3530 = DIRECTION ( 'NONE',  ( 0.0000000000000000000, -1.000000000000000000, -1.352399996863497400E-015 ) ) ;
#3531 = ORIENTED_EDGE ( 'NONE', *, *, #10294, .F. ) ;
#3532 = AXIS2_PLACEMENT_3D ( 'NONE', #2539, #1816, #610 ) ;
#3533 = EDGE_CURVE ( 'NONE', #4626, #6616, #4132, .T. ) ;
#3534 = LINE ( 'NONE', #735, #7850 ) ;
#3535 = ORIENTED_EDGE ( 'NONE', *, *, #7239, .T. ) ;
#3536 = CARTESIAN_POINT ( 'NONE',  ( 0.4374999999999998900, 0.2699999999999999100, -0.1490000000000000800 ) ) ;
#3537 = LINE ( 'NONE', #5257, #5642 ) ;
#3538 = VECTOR ( 'NONE', #2026, 39.37007874015748100 ) ;
#3539 = COORDINATED_UNIVERSAL_TIME_OFFSET ( 5, 0, .BEHIND. ) ;
#3540 = DIRECTION ( 'NONE',  ( 0.0000000000000000000, -0.0000000000000000000, 1.000000000000000000 ) ) ;
#3541 = VERTEX_POINT ( 'NONE', #10083 ) ;
#3542 = CARTESIAN_POINT ( 'NONE',  ( 0.7374999999999998200, 0.2700000000000001800, -0.1480000000000000500 ) ) ;
#3543 = LINE ( 'NONE', #1205, #2963 ) ;
#3544 = LINE ( 'NONE', #473, #3494 ) ;
#3545 = PLANE ( 'NONE',  #216 ) ;
#3546 = EDGE_CURVE ( 'NONE', #922, #1795, #3519, .T. ) ;
#3547 = EDGE_CURVE ( 'NONE', #6113, #561, #6157, .T. ) ;
#3548 = PLANE ( 'NONE',  #10881 ) ;
#3549 = ORIENTED_EDGE ( 'NONE', *, *, #8351, .T. ) ;
#3550 = DIRECTION ( 'NONE',  ( -1.000000000000000000, -0.0000000000000000000, -0.0000000000000000000 ) ) ;
#3551 = FACE_OUTER_BOUND ( 'NONE', #1345, .T. ) ;
#3552 = VERTEX_POINT ( 'NONE', #10261 ) ;
#3553 = LINE ( 'NONE', #2350, #3538 ) ;
#3554 = DIRECTION ( 'NONE',  ( -0.7071067811865451300, -0.7071067811865499000, 0.0000000000000000000 ) ) ;
#3555 = LINE ( 'NONE', #3026, #8112 ) ;
#3556 = CARTESIAN_POINT ( 'NONE',  ( 0.4375000000000010000, -0.2561646025221183100, -0.3310000000000007400 ) ) ;
#3557 = ORIENTED_EDGE ( 'NONE', *, *, #3138, .F. ) ;
#3558 = ORIENTED_EDGE ( 'NONE', *, *, #8902, .F. ) ;
#3559 = VERTEX_POINT ( 'NONE', #10316 ) ;
#3560 = EDGE_LOOP ( 'NONE', ( #2313, #9337, #245, #7960 ) ) ;
#3561 = PLANE ( 'NONE',  #4827 ) ;
#3562 = ORIENTED_EDGE ( 'NONE', *, *, #1920, .T. ) ;
#3563 = VECTOR ( 'NONE', #7479, 39.37007874015748100 ) ;
#3564 = ORIENTED_EDGE ( 'NONE', *, *, #6416, .F. ) ;
#3565 = VERTEX_POINT ( 'NONE', #10535 ) ;
#3566 = EDGE_LOOP ( 'NONE', ( #8387, #78, #5108, #487 ) ) ;
#3567 = EDGE_CURVE ( 'NONE', #8071, #5973, #3217, .T. ) ;
#3568 = AXIS2_PLACEMENT_3D ( 'NONE', #209, #2324, #8102 ) ;
#3569 = LINE ( 'NONE', #2058, #3581 ) ;
#3570 = CARTESIAN_POINT ( 'NONE',  ( 1.635000000000000000, 0.2500000000000000000, 0.0000000000000000000 ) ) ;
#3572 = ORIENTED_EDGE ( 'NONE', *, *, #6683, .T. ) ;
#3571 = AXIS2_PLACEMENT_3D ( 'NONE', #6368, #7185, #1857 ) ;
#3573 = FACE_OUTER_BOUND ( 'NONE', #1172, .T. ) ;
#3574 = ORIENTED_EDGE ( 'NONE', *, *, #9078, .F. ) ;
#3575 = DIRECTION ( 'NONE',  ( 0.0000000000000000000, -1.000000000000000000, -5.691349986800549600E-017 ) ) ;
#3576 = DIRECTION ( 'NONE',  ( -3.681989669462878400E-013, 7.789823685977714400E-013, 1.000000000000000000 ) ) ;
#3577 = CARTESIAN_POINT ( 'NONE',  ( 0.7990956183678278300, 0.4133410318342097800, -0.01000000000000000000 ) ) ;
#3578 = CARTESIAN_POINT ( 'NONE',  ( 0.6374999999999998400, 0.5579999999999999400, -0.2610000000000001200 ) ) ;
#3579 = CYLINDRICAL_SURFACE ( 'NONE', #6061, 0.03999999999999998000 ) ;
#3580 = EDGE_LOOP ( 'NONE', ( #663, #3088, #640, #7201 ) ) ;
#3581 = VECTOR ( 'NONE', #10042, 39.37007874015748100 ) ;
#3582 = LINE ( 'NONE', #9908, #1044 ) ;
#3583 =( CONVERSION_BASED_UNIT ( 'INCH', #7071 ) LENGTH_UNIT ( ) NAMED_UNIT ( #9226 ) );
#3584 = EDGE_CURVE ( 'NONE', #10353, #8706, #9829, .T. ) ;
#3585 = PLANE ( 'NONE',  #840 ) ;
#3586 = SECURITY_CLASSIFICATION ( '', '', #4178 ) ;
#3587 = FACE_OUTER_BOUND ( 'NONE', #3580, .T. ) ;
#3588 = CARTESIAN_POINT ( 'NONE',  ( 1.197499999999999800, 0.5999999999999999800, -0.07249999999999995300 ) ) ;
#3589 = FACE_OUTER_BOUND ( 'NONE', #6197, .T. ) ;
#3590 = DIRECTION ( 'NONE',  ( 3.681989669462701200E-013, -7.789624222777219800E-013, -1.000000000000000000 ) ) ;
#3591 = FACE_OUTER_BOUND ( 'NONE', #4987, .T. ) ;
#3592 = PLANE ( 'NONE',  #3121 ) ;
#3593 = CARTESIAN_POINT ( 'NONE',  ( 1.137499999999999700, 0.5579999999999996100, -0.09749999999999961500 ) ) ;
#3594 = VERTEX_POINT ( 'NONE', #7820 ) ;
#3595 = ADVANCED_FACE ( 'NONE', ( #5378 ), #7946, .F. ) ;
#3596 = PLANE ( 'NONE',  #10896 ) ;
#3597 = CARTESIAN_POINT ( 'NONE',  ( 0.3176904633932090000, 0.04370789473629559100, 0.005999999997237709700 ) ) ;
#3599 = ORIENTED_EDGE ( 'NONE', *, *, #1450, .F. ) ;
#3598 = EDGE_CURVE ( 'NONE', #5561, #8570, #2936, .T. ) ;
#3600 = DIRECTION ( 'NONE',  ( 0.0000000000000000000, -0.0000000000000000000, 1.000000000000000000 ) ) ;
#3601 = FACE_OUTER_BOUND ( 'NONE', #4551, .T. ) ;
#3602 = ORIENTED_EDGE ( 'NONE', *, *, #6467, .F. ) ;
#3603 = ORIENTED_EDGE ( 'NONE', *, *, #5130, .T. ) ;
#3604 = AXIS2_PLACEMENT_3D ( 'NONE', #6265, #6444, #7982 ) ;
#3605 = VECTOR ( 'NONE', #7370, 39.37007874015748100 ) ;
#3606 = CARTESIAN_POINT ( 'NONE',  ( 0.3924999999999996800, 0.05000000000000000300, -0.09750000000000003100 ) ) ;
#3607 = DIRECTION ( 'NONE',  ( 3.681989669462878400E-013, -7.789823685977713400E-013, -1.000000000000000000 ) ) ;
#3608 = DIRECTION ( 'NONE',  ( -0.0000000000000000000, 0.0000000000000000000, 1.000000000000000000 ) ) ;
#3609 = DIRECTION ( 'NONE',  ( 0.0000000000000000000, 0.0000000000000000000, 1.000000000000000000 ) ) ;
#3610 = CIRCLE ( 'NONE', #3604, 0.006870969142663458500 ) ;
#3611 = ORIENTED_EDGE ( 'NONE', *, *, #7893, .F. ) ;
#3612 = ORIENTED_EDGE ( 'NONE', *, *, #3224, .F. ) ;
#3613 = ORIENTED_EDGE ( 'NONE', *, *, #8875, .F. ) ;
#3614 = FACE_OUTER_BOUND ( 'NONE', #2471, .T. ) ;
#3615 = CIRCLE ( 'NONE', #4247, 0.02172792206135780400 ) ;
#3616 = DIRECTION ( 'NONE',  ( 0.0000000000000000000, 1.000000000000000000, 0.0000000000000000000 ) ) ;
#3617 = ORIENTED_EDGE ( 'NONE', *, *, #10782, .F. ) ;
#3618 = DIRECTION ( 'NONE',  ( 1.000000000000000000, 0.0000000000000000000, 0.0000000000000000000 ) ) ;
#3619 = AXIS2_PLACEMENT_3D ( 'NONE', #5535, #5398, #5353 ) ;
#3620 = EDGE_CURVE ( 'NONE', #7329, #4628, #7579, .T. ) ;
#3621 = PLANE ( 'NONE',  #8624 ) ;
#3622 = EDGE_CURVE ( 'NONE', #1261, #4757, #9609, .T. ) ;
#3623 = DIRECTION ( 'NONE',  ( -8.054752014271279800E-012, -1.000000000000000000, 9.472423642657713700E-013 ) ) ;
#3624 = CARTESIAN_POINT ( 'NONE',  ( 0.6974999999999999000, 0.2700000000000001800, -0.1480000000000000500 ) ) ;
#3625 = VECTOR ( 'NONE', #952, 39.37007874015748100 ) ;
#3626 = ORIENTED_EDGE ( 'NONE', *, *, #2347, .F. ) ;
#3627 = DIRECTION ( 'NONE',  ( 0.0000000000000000000, -3.691686477924679400E-015, -1.000000000000000000 ) ) ;
#3628 = ORIENTED_EDGE ( 'NONE', *, *, #6165, .T. ) ;
#3629 = ORIENTED_EDGE ( 'NONE', *, *, #5623, .F. ) ;
#3630 = DIRECTION ( 'NONE',  ( 1.000000000000000000, 0.0000000000000000000, 7.189073667537546000E-016 ) ) ;
#3631 = LINE ( 'NONE', #676, #3605 ) ;
#3632 = CARTESIAN_POINT ( 'NONE',  ( 0.9885380533012652100, 0.2268432979619829900, -0.01000000000000000000 ) ) ;
#3633 = DIRECTION ( 'NONE',  ( -0.0000000000000000000, -0.0000000000000000000, 1.000000000000000000 ) ) ;
#3634 = LINE ( 'NONE', #6079, #3343 ) ;
#3635 = ORIENTED_EDGE ( 'NONE', *, *, #5694, .T. ) ;
#3636 = CARTESIAN_POINT ( 'NONE',  ( 1.137499999999999700, 0.2699999999999999100, -0.2220000000000000000 ) ) ;
#3637 = EDGE_CURVE ( 'NONE', #5197, #9316, #346, .T. ) ;
#3638 = ADVANCED_FACE ( 'NONE', ( #2676 ), #8171, .F. ) ;
#3639 = VERTEX_POINT ( 'NONE', #8041 ) ;
#3640 = PLANE ( 'NONE',  #658 ) ;
#3641 = EDGE_CURVE ( 'NONE', #1795, #4912, #7042, .T. ) ;
#3642 = EDGE_CURVE ( 'NONE', #10136, #3688, #7307, .T. ) ;
#3643 = CARTESIAN_POINT ( 'NONE',  ( 0.8496463199174501000, 0.3416866393464885200, -0.01000000000000000000 ) ) ;
#3644 = DIRECTION ( 'NONE',  ( 0.0000000000000000000, 0.0000000000000000000, 1.000000000000000000 ) ) ;
#3645 = AXIS2_PLACEMENT_3D ( 'NONE', #8084, #8863, #8121 ) ;
#3646 = LINE ( 'NONE', #7154, #3668 ) ;
#3647 = ORIENTED_EDGE ( 'NONE', *, *, #2761, .F. ) ;
#3648 = VECTOR ( 'NONE', #2079, 39.37007874015748100 ) ;
#3649 = ORIENTED_EDGE ( 'NONE', *, *, #3528, .T. ) ;
#3650 = ORIENTED_EDGE ( 'NONE', *, *, #10799, .F. ) ;
#3651 = ORIENTED_EDGE ( 'NONE', *, *, #3413, .F. ) ;
#3652 = CIRCLE ( 'NONE', #9, 0.006000000000000086000 ) ;
#3653 = LINE ( 'NONE', #2901, #638 ) ;
#3654 = PLANE ( 'NONE',  #10957 ) ;
#3655 = DIRECTION ( 'NONE',  ( -0.0000000000000000000, -0.0000000000000000000, 1.000000000000000000 ) ) ;
#3656 = APPROVAL_DATE_TIME ( #6013, #9797 ) ;
#3657 = AXIS2_PLACEMENT_3D ( 'NONE', #1392, #8721, #393 ) ;
#3658 = DIRECTION ( 'NONE',  ( -0.0000000000000000000, 1.000000000000000000, -0.0000000000000000000 ) ) ;
#3659 = FACE_OUTER_BOUND ( 'NONE', #5320, .T. ) ;
#3660 = APPROVAL ( #8938, 'UNSPECIFIED' ) ;
#3661 = ADVANCED_FACE ( 'NONE', ( #9155 ), #7008, .F. ) ;
#3662 = DIRECTION ( 'NONE',  ( -3.681989669462878400E-013, 7.789823685977714400E-013, 1.000000000000000000 ) ) ;
#3663 = CARTESIAN_POINT ( 'NONE',  ( 0.4374999999999998900, 0.5579999999999996100, -0.07250000000000000900 ) ) ;
#3664 = ORIENTED_EDGE ( 'NONE', *, *, #10481, .F. ) ;
#3665 = CARTESIAN_POINT ( 'NONE',  ( 0.6132132034329587100, 0.01600000000093007200, 0.02499999999947508100 ) ) ;
#3666 = CARTESIAN_POINT ( 'NONE',  ( 0.8675000000022228300, 0.6712132034341625800, -0.3100000000010567600 ) ) ;
#3667 = FACE_OUTER_BOUND ( 'NONE', #9660, .T. ) ;
#3668 = VECTOR ( 'NONE', #10135, 39.37007874015748100 ) ;
#3669 = CALENDAR_DATE ( 2019, 15, 10 ) ;
#3670 = LOCAL_TIME ( 13, 11, 25.00000000000000000, #6024 ) ;
#3671 = PLANE ( 'NONE',  #1306 ) ;
#3672 = CARTESIAN_POINT ( 'NONE',  ( -0.0000000000000000000, 0.3539562271012334200, 0.0000000000000000000 ) ) ;
#3673 = ORIENTED_EDGE ( 'NONE', *, *, #9893, .F. ) ;
#3674 = CARTESIAN_POINT ( 'NONE',  ( 0.4375000000000010000, 0.5999999999999999800, -0.03900000000000072900 ) ) ;
#3675 = EDGE_CURVE ( 'NONE', #728, #9989, #4837, .T. ) ;
#3676 = CIRCLE ( 'NONE', #3721, 0.006870969142657995000 ) ;
#3677 = AXIS2_PLACEMENT_3D ( 'NONE', #2019, #9274, #2290 ) ;
#3678 = DIRECTION ( 'NONE',  ( 0.0000000000000000000, -1.000000000000000000, -1.979599995408885400E-016 ) ) ;
#3679 = VECTOR ( 'NONE', #813, 39.37007874015748100 ) ;
#3680 = DIRECTION ( 'NONE',  ( -0.0000000000000000000, 0.0000000000000000000, 1.000000000000000000 ) ) ;
#3681 = VECTOR ( 'NONE', #8965, 39.37007874015748100 ) ;
#3682 = PERSON_AND_ORGANIZATION ( #8983, #828 ) ;
#3683 = DIRECTION ( 'NONE',  ( -0.0000000000000000000, -0.0000000000000000000, 1.000000000000000000 ) ) ;
#3684 = VERTEX_POINT ( 'NONE', #10800 ) ;
#3685 = DIRECTION ( 'NONE',  ( -0.0000000000000000000, 1.000000000000000000, -0.0000000000000000000 ) ) ;
#3686 = EDGE_LOOP ( 'NONE', ( #5486, #2751, #6455, #1655 ) ) ;
#3687 = EDGE_LOOP ( 'NONE', ( #9779, #685, #6931, #6963, #9563, #7905, #9133, #8325, #9659, #5638, #5078, #2503, #10491, #3775, #3562, #4348, #4249, #4098, #1823, #10888, #4968, #2856, #854, #783, #1059, #2049, #3979, #8556, #2537, #5983, #8252, #1078 ) ) ;
#3688 = VERTEX_POINT ( 'NONE', #10806 ) ;
#3689 = VECTOR ( 'NONE', #10266, 39.37007874015748100 ) ;
#3690 = ORIENTED_EDGE ( 'NONE', *, *, #7941, .F. ) ;
#3691 = ORIENTED_EDGE ( 'NONE', *, *, #4092, .T. ) ;
#3692 = CYLINDRICAL_SURFACE ( 'NONE', #10088, 0.03999999999999998000 ) ;
#3693 = VECTOR ( 'NONE', #5397, 39.37007874015748100 ) ;
#3694 = DIRECTION ( 'NONE',  ( 0.0000000000000000000, 0.0000000000000000000, 1.000000000000000000 ) ) ;
#3695 = DIRECTION ( 'NONE',  ( 0.0000000000000000000, 1.000000000000000000, 0.0000000000000000000 ) ) ;
#3696 = CARTESIAN_POINT ( 'NONE',  ( 0.5463421106199221100, 0.2366589681657897700, -0.01000000000000000000 ) ) ;
#3697 = EDGE_CURVE ( 'NONE', #48, #6438, #6778, .T. ) ;
#3698 = EDGE_CURVE ( 'NONE', #966, #6321, #10818, .T. ) ;
#3699 = CIRCLE ( 'NONE', #10298, 0.03999999999999998000 ) ;
#3700 = LINE ( 'NONE', #10218, #3681 ) ;
#3701 = ADVANCED_FACE ( 'NONE', ( #6521 ), #8616, .F. ) ;
#3702 = LINE ( 'NONE', #3298, #7740 ) ;
#3703 = VERTEX_POINT ( 'NONE', #8667 ) ;
#3704 = DIRECTION ( 'NONE',  ( 1.000000000000000200, 8.055057399101522600E-012, -5.203623633218455500E-012 ) ) ;
#3705 = ORIENTED_EDGE ( 'NONE', *, *, #10839, .F. ) ;
#3706 = DIRECTION ( 'NONE',  ( 1.000000000000000000, 0.0000000000000000000, 0.0000000000000000000 ) ) ;
#3707 = ORIENTED_EDGE ( 'NONE', *, *, #1471, .T. ) ;
#3708 = VERTEX_POINT ( 'NONE', #7760 ) ;
#3709 = LINE ( 'NONE', #10885, #9979 ) ;
#3710 = ORIENTED_EDGE ( 'NONE', *, *, #8205, .F. ) ;
#3711 = CARTESIAN_POINT ( 'NONE',  ( 0.3361881571557119300, 0.04400000000096382400, -0.02499999999431216200 ) ) ;
#3712 = ORIENTED_EDGE ( 'NONE', *, *, #6259, .F. ) ;
#3713 = ORIENTED_EDGE ( 'NONE', *, *, #8398, .F. ) ;
#3714 = CARTESIAN_POINT ( 'NONE',  ( 1.114178631909940000, 0.2965345564089702500, 0.0000000000000000000 ) ) ;
#3715 = FACE_OUTER_BOUND ( 'NONE', #8126, .T. ) ;
#3716 = EDGE_CURVE ( 'NONE', #2836, #6316, #4279, .T. ) ;
#3717 = EDGE_CURVE ( 'NONE', #6456, #4571, #2029, .T. ) ;
#3718 = VECTOR ( 'NONE', #810, 39.37007874015748100 ) ;
#3719 = ORIENTED_EDGE ( 'NONE', *, *, #5661, .T. ) ;
#3720 = VERTEX_POINT ( 'NONE', #7255 ) ;
#3721 = AXIS2_PLACEMENT_3D ( 'NONE', #5828, #9146, #8478 ) ;
#3722 = ORIENTED_EDGE ( 'NONE', *, *, #9531, .F. ) ;
#3723 = DIRECTION ( 'NONE',  ( 0.0000000000000000000, 1.000000000000000000, 0.0000000000000000000 ) ) ;
#3724 = FACE_OUTER_BOUND ( 'NONE', #8040, .T. ) ;
#3725 = ORIENTED_EDGE ( 'NONE', *, *, #6557, .F. ) ;
#3726 = CARTESIAN_POINT ( 'NONE',  ( 0.4974999999999998900, 0.5999999999999999800, -0.07250000000000000900 ) ) ;
#3727 = FACE_OUTER_BOUND ( 'NONE', #8814, .T. ) ;
#3728 = ORIENTED_EDGE ( 'NONE', *, *, #8076, .F. ) ;
#3729 = FACE_BOUND ( 'NONE', #2305, .T. ) ;
#3730 = ORIENTED_EDGE ( 'NONE', *, *, #5161, .F. ) ;
#3731 = DIRECTION ( 'NONE',  ( 0.0000000000000000000, 1.000000000000000000, 0.0000000000000000000 ) ) ;
#3732 = EDGE_LOOP ( 'NONE', ( #10886, #3016, #7231, #3269 ) ) ;
#3733 = AXIS2_PLACEMENT_3D ( 'NONE', #7819, #8277, #3475 ) ;
#3734 = CARTESIAN_POINT ( 'NONE',  ( 0.8624999999999999300, 0.5180000000000000200, -0.1089999999999998900 ) ) ;
#3735 = CARTESIAN_POINT ( 'NONE',  ( 0.3275000000000000100, 0.5999999999999999800, -0.3700000000000001600 ) ) ;
#3736 = VECTOR ( 'NONE', #4875, 39.37007874015748100 ) ;
#3737 = AXIS2_PLACEMENT_3D ( 'NONE', #10172, #5490, #10889 ) ;
#3738 = CARTESIAN_POINT ( 'NONE',  ( 0.5374999999999999800, 0.3450000000000001400, -0.2220000000000000600 ) ) ;
#3739 = VECTOR ( 'NONE', #8856, 39.37007874015748100 ) ;
#3740 = VECTOR ( 'NONE', #2144, 39.37007874015748100 ) ;
#3741 = DIRECTION ( 'NONE',  ( 1.000000000000000000, 0.0000000000000000000, 0.0000000000000000000 ) ) ;
#3742 = VECTOR ( 'NONE', #1347, 39.37007874015748100 ) ;
#3743 = ORIENTED_EDGE ( 'NONE', *, *, #5112, .F. ) ;
#3744 = DIRECTION ( 'NONE',  ( 8.055046623592789800E-012, -1.000000000000000000, -9.474066515849366000E-013 ) ) ;
#3745 = VECTOR ( 'NONE', #3658, 39.37007874015748100 ) ;
#3746 = EDGE_CURVE ( 'NONE', #10709, #8188, #4567, .T. ) ;
#3747 = CARTESIAN_POINT ( 'NONE',  ( 1.037499999999999900, 0.2700000000000001800, -0.1480000000000000200 ) ) ;
#3748 = DIRECTION ( 'NONE',  ( -0.0000000000000000000, -0.0000000000000000000, 1.000000000000000000 ) ) ;
#3749 = CC_DESIGN_APPROVAL ( #3124, ( #1850 ) ) ;
#3750 = CARTESIAN_POINT ( 'NONE',  ( 0.8496463199174501000, 0.3083133606535453700, -0.01000000000000000000 ) ) ;
#3751 = VERTEX_POINT ( 'NONE', #7445 ) ;
#3752 = ORIENTED_EDGE ( 'NONE', *, *, #7288, .F. ) ;
#3753 = VECTOR ( 'NONE', #1231, 39.37007874015748100 ) ;
#3754 = ORIENTED_EDGE ( 'NONE', *, *, #3584, .F. ) ;
#3755 = DIRECTION ( 'NONE',  ( 0.0000000000000000000, 1.000000000000000000, 0.0000000000000000000 ) ) ;
#3756 = ORIENTED_EDGE ( 'NONE', *, *, #10453, .T. ) ;
#3757 = DIRECTION ( 'NONE',  ( -0.0000000000000000000, -0.0000000000000000000, 1.000000000000000000 ) ) ;
#3758 = DIRECTION ( 'NONE',  ( 1.000000000000000000, 0.0000000000000000000, 0.0000000000000000000 ) ) ;
#3759 = ADVANCED_FACE ( 'NONE', ( #3951 ), #7530, .F. ) ;
#3760 = CARTESIAN_POINT ( 'NONE',  ( 0.0000000000000000000, 0.3181290308573566100, -0.01000000000000000000 ) ) ;
#3761 = ORIENTED_EDGE ( 'NONE', *, *, #4865, .T. ) ;
#3762 = AXIS2_PLACEMENT_3D ( 'NONE', #1593, #3957, #268 ) ;
#3763 = PLANE ( 'NONE',  #8833 ) ;
#3764 = EDGE_CURVE ( 'NONE', #10785, #6111, #1736, .T. ) ;
#3765 = VECTOR ( 'NONE', #5825, 39.37007874015748100 ) ;
#3766 = VERTEX_POINT ( 'NONE', #7363 ) ;
#3767 = VERTEX_POINT ( 'NONE', #7086 ) ;
#3768 = ORIENTED_EDGE ( 'NONE', *, *, #3315, .F. ) ;
#3769 = CARTESIAN_POINT ( 'NONE',  ( 0.1488389218491042400, 0.06550000000001081300, -0.006000000001719306200 ) ) ;
#3770 = VECTOR ( 'NONE', #1742, 39.37007874015748100 ) ;
#3771 = ORIENTED_EDGE ( 'NONE', *, *, #6621, .T. ) ;
#3772 = PLANE ( 'NONE',  #3657 ) ;
#3773 = VECTOR ( 'NONE', #9503, 39.37007874015748100 ) ;
#3774 = ADVANCED_BREP_SHAPE_REPRESENTATION ( '', ( #8476, #8995 ), #7961 ) ;
#3775 = ORIENTED_EDGE ( 'NONE', *, *, #1367, .F. ) ;
#3776 = CARTESIAN_POINT ( 'NONE',  ( 0.1478498183583210100, 0.06415552626547113600, -0.006000000001527202100 ) ) ;
#3777 = EDGE_CURVE ( 'NONE', #1739, #1489, #8203, .T. ) ;
#3778 = LINE ( 'NONE', #7935, #3739 ) ;
#3779 = EDGE_CURVE ( 'NONE', #10423, #9989, #6015, .T. ) ;
#3780 = DIRECTION ( 'NONE',  ( 0.0000000000000000000, 0.0000000000000000000, 1.000000000000000000 ) ) ;
#3781 = EDGE_LOOP ( 'NONE', ( #7001, #3389, #7659, #7334, #2860, #4578, #9776, #7460, #1370, #8106, #1020, #885, #679, #539, #7633, #5460, #6971, #6327, #9306, #10765, #870 ) ) ;
#3782 = DIRECTION ( 'NONE',  ( -0.0000000000000000000, 1.000000000000000000, -0.0000000000000000000 ) ) ;
#3783 = CARTESIAN_POINT ( 'NONE',  ( 0.0000000000000000000, 0.4094147637527243400, -0.01000000000000000000 ) ) ;
#3784 = VECTOR ( 'NONE', #2397, 39.37007874015748100 ) ;
#3785 = ORIENTED_EDGE ( 'NONE', *, *, #9382, .F. ) ;
#3786 = CARTESIAN_POINT ( 'NONE',  ( 1.044978156973165800, 0.0000000000000000000, 0.0000000000000000000 ) ) ;
#3787 = ORIENTED_EDGE ( 'NONE', *, *, #1880, .F. ) ;
#3788 = DIRECTION ( 'NONE',  ( -0.0000000000000000000, 0.0000000000000000000, -1.000000000000000000 ) ) ;
#3789 = DIRECTION ( 'NONE',  ( -1.000000000000000000, 0.0000000000000000000, -0.0000000000000000000 ) ) ;
#3790 = ORIENTED_EDGE ( 'NONE', *, *, #7896, .T. ) ;
#3791 = LINE ( 'NONE', #139, #3770 ) ;
#3792 = CARTESIAN_POINT ( 'NONE',  ( 0.4374999999999998900, 0.2700000000000001800, -0.1490000000000000800 ) ) ;
#3793 = DIRECTION ( 'NONE',  ( -2.988516718513840300E-011, -1.000000000000000000, -7.788640355592806800E-013 ) ) ;
#3794 = CARTESIAN_POINT ( 'NONE',  ( 0.9974999999999999400, 0.2699999999999999100, -0.2210000000000000900 ) ) ;
#3795 = FACE_OUTER_BOUND ( 'NONE', #8542, .T. ) ;
#3796 = CARTESIAN_POINT ( 'NONE',  ( 0.8398306497136467400, 0.2337142671046477700, -0.01000000000000000000 ) ) ;
#3797 = EDGE_CURVE ( 'NONE', #5999, #1726, #8438, .T. ) ;
#3798 = AXIS2_PLACEMENT_3D ( 'NONE', #7976, #1076, #8970 ) ;
#3799 = ORIENTED_EDGE ( 'NONE', *, *, #8898, .F. ) ;
#3800 = AXIS2_PLACEMENT_3D ( 'NONE', #1320, #2211, #2202 ) ;
#3801 = CYLINDRICAL_SURFACE ( 'NONE', #604, 0.01850000000000008900 ) ;
#3802 = VECTOR ( 'NONE', #2074, 39.37007874015748100 ) ;
#3803 = ITEM_DEFINED_TRANSFORMATION ( 'NONE', 'NONE', #3108,  #8995 ) ;
#3804 = CONTEXT_DEPENDENT_SHAPE_REPRESENTATION ( #7654, #7832 ) ;
#3805 = VECTOR ( 'NONE', #9861, 39.37007874015748100 ) ;
#3806 = DIRECTION ( 'NONE',  ( 1.000000000000000000, 0.0000000000000000000, -0.0000000000000000000 ) ) ;
#3807 = DIRECTION ( 'NONE',  ( 1.000000000000000000, 0.0000000000000000000, 0.0000000000000000000 ) ) ;
#3808 = DIRECTION ( 'NONE',  ( 9.478563083388219400E-013, 1.000000000000000000, 7.789823685982826700E-013 ) ) ;
#3809 = EDGE_CURVE ( 'NONE', #5104, #328, #9943, .T. ) ;
#3810 = FACE_OUTER_BOUND ( 'NONE', #6462, .T. ) ;
#3811 = PLANE ( 'NONE',  #4139 ) ;
#3812 = LINE ( 'NONE', #4891, #3838 ) ;
#3813 = PERSON_AND_ORGANIZATION ( #6629, #6163 ) ;
#3814 = AXIS2_PLACEMENT_3D ( 'NONE', #9800, #3530, #5594 ) ;
#3815 = ADVANCED_FACE ( 'NONE', ( #9716 ), #5499, .F. ) ;
#3816 = CC_DESIGN_PERSON_AND_ORGANIZATION_ASSIGNMENT ( #2519, #5020, ( #605 ) ) ;
#3817 = ORGANIZATION ( 'NAUO-ORG9', 'UNSPECIFIED', 'UNSPECIFIED' ) ;
#3818 = ORIENTED_EDGE ( 'NONE', *, *, #6077, .F. ) ;
#3819 = ADVANCED_FACE ( 'NONE', ( #788 ), #6088, .F. ) ;
#3820 = CARTESIAN_POINT ( 'NONE',  ( 0.6374999999999998400, 0.05000000000000014800, -0.07250000000000002300 ) ) ;
#3821 = ORIENTED_EDGE ( 'NONE', *, *, #8458, .F. ) ;
#3822 = ORIENTED_EDGE ( 'NONE', *, *, #10837, .T. ) ;
#3823 = PERSON_AND_ORGANIZATION_ROLE ( 'creator' ) ;
#3825 = CARTESIAN_POINT ( 'NONE',  ( 0.1462224658717766500, 0.05799999999962908400, 0.02499999999777122900 ) ) ;
#3824 = FACE_OUTER_BOUND ( 'NONE', #1906, .T. ) ;
#3826 = LINE ( 'NONE', #8855, #3802 ) ;
#3827 = VECTOR ( 'NONE', #5052, 39.37007874015748100 ) ;
#3828 = VECTOR ( 'NONE', #3678, 39.37007874015748100 ) ;
#3829 = DATE_AND_TIME ( #6175, #8343 ) ;
#3830 = CARTESIAN_POINT ( 'NONE',  ( 0.5802132034320401900, 0.01600000000091142800, -0.02500000000655767200 ) ) ;
#3831 = DIRECTION ( 'NONE',  ( 0.0000000000000000000, 1.000000000000000000, 1.707404996040164500E-016 ) ) ;
#3832 = EDGE_CURVE ( 'NONE', #6321, #3720, #7702, .T. ) ;
#3833 = VERTEX_POINT ( 'NONE', #1955 ) ;
#3834 = DIRECTION ( 'NONE',  ( 0.0000000000000000000, 0.0000000000000000000, 1.000000000000000000 ) ) ;
#3835 = VECTOR ( 'NONE', #1536, 39.37007874015748100 ) ;
#3836 = DIRECTION ( 'NONE',  ( 0.0000000000000000000, -1.000000000000000000, 0.0000000000000000000 ) ) ;
#3837 = VERTEX_POINT ( 'NONE', #8457 ) ;
#3838 = VECTOR ( 'NONE', #7494, 39.37007874015748100 ) ;
#3839 = DIRECTION ( 'NONE',  ( 0.0000000000000000000, 0.0000000000000000000, 1.000000000000000000 ) ) ;
#3840 = ORIENTED_EDGE ( 'NONE', *, *, #10729, .T. ) ;
#3841 = VERTEX_POINT ( 'NONE', #5669 ) ;
#3842 = CARTESIAN_POINT ( 'NONE',  ( 0.9974999999999999400, 0.3450000000000002000, -0.09750000000000001700 ) ) ;
#3843 = LINE ( 'NONE', #4400, #3745 ) ;
#3844 = VECTOR ( 'NONE', #6170, 39.37007874015748100 ) ;
#3845 = ADVANCED_FACE ( 'NONE', ( #3659 ), #4988, .F. ) ;
#3846 = LINE ( 'NONE', #4877, #3828 ) ;
#3847 = DIRECTION ( 'NONE',  ( -0.0000000000000000000, 0.0000000000000000000, 1.000000000000000000 ) ) ;
#3848 = AXIS2_PLACEMENT_3D ( 'NONE', #9590, #9516, #9400 ) ;
#3849 = VECTOR ( 'NONE', #8157, 39.37007874015748100 ) ;
#3850 = EDGE_CURVE ( 'NONE', #7636, #5396, #3069, .T. ) ;
#3851 = ORIENTED_EDGE ( 'NONE', *, *, #9107, .F. ) ;
#3852 = EDGE_CURVE ( 'NONE', #2134, #3265, #9491, .T. ) ;
#3853 = DIRECTION ( 'NONE',  ( 1.000000000000000000, 0.0000000000000000000, 0.0000000000000000000 ) ) ;
#3854 = CARTESIAN_POINT ( 'NONE',  ( 0.3176904633930545700, 0.04370789473626068800, -0.02500000000333026500 ) ) ;
#3855 = CARTESIAN_POINT ( 'NONE',  ( 0.3924999999999996800, 0.05000000000000000300, 0.0000000000000000000 ) ) ;
#3856 = CARTESIAN_POINT ( 'NONE',  ( 0.5374999999999999800, 0.2699999999999999100, -0.2210000000000000900 ) ) ;
#3857 = FACE_OUTER_BOUND ( 'NONE', #3047, .T. ) ;
#3858 = LINE ( 'NONE', #3267, #2323 ) ;
#3859 = VECTOR ( 'NONE', #5927, 39.37007874015748100 ) ;
#3860 = PERSON_AND_ORGANIZATION_ROLE ( 'design_owner' ) ;
#3861 = DIRECTION ( 'NONE',  ( 0.0000000000000000000, 1.000000000000000000, 1.707404996040164500E-016 ) ) ;
#3862 = CARTESIAN_POINT ( 'NONE',  ( 0.3361881571558663600, 0.04400000000100367400, 0.006000000006273570300 ) ) ;
#3863 = ORIENTED_EDGE ( 'NONE', *, *, #1154, .T. ) ;
#3864 = VERTEX_POINT ( 'NONE', #2704 ) ;
#3865 = ORIENTED_EDGE ( 'NONE', *, *, #10809, .T. ) ;
#3866 = EDGE_CURVE ( 'NONE', #10901, #9793, #177, .T. ) ;
#3867 = FACE_OUTER_BOUND ( 'NONE', #7792, .T. ) ;
#3868 = CARTESIAN_POINT ( 'NONE',  ( 0.7974999999999998800, 0.5580000000000000500, -0.2974999999999999900 ) ) ;
#3869 = EDGE_CURVE ( 'NONE', #2163, #7902, #5752, .T. ) ;
#3870 = EDGE_CURVE ( 'NONE', #4571, #6581, #2788, .T. ) ;
#3871 = LINE ( 'NONE', #6186, #3955 ) ;
#3872 = AXIS2_PLACEMENT_3D ( 'NONE', #3291, #3359, #3345 ) ;
#3873 = VECTOR ( 'NONE', #9209, 39.37007874015748100 ) ;
#3874 = CARTESIAN_POINT ( 'NONE',  ( 0.4582132034347503000, 0.06550000000151988400, -2.950122648358037900E-012 ) ) ;
#3875 = DIRECTION ( 'NONE',  ( -0.0000000000000000000, 0.0000000000000000000, -1.000000000000000000 ) ) ;
#3876 = CARTESIAN_POINT ( 'NONE',  ( 0.1332132034349660700, 0.01400000000021766800, 0.003000000000101838700 ) ) ;
#3877 = ADVANCED_FACE ( 'NONE', ( #9031 ), #5246, .T. ) ;
#3878 = VERTEX_POINT ( 'NONE', #7434 ) ;
#3879 = ORIENTED_EDGE ( 'NONE', *, *, #8525, .F. ) ;
#3880 = VERTEX_POINT ( 'NONE', #6277 ) ;
#3881 = ORIENTED_EDGE ( 'NONE', *, *, #10204, .T. ) ;
#3882 = VECTOR ( 'NONE', #1677, 39.37007874015748100 ) ;
#3883 = VECTOR ( 'NONE', #10524, 39.37007874015748100 ) ;
#3884 = LINE ( 'NONE', #6570, #1912 ) ;
#3885 = CARTESIAN_POINT ( 'NONE',  ( 1.242499999999999900, 0.0000000000000000000, -0.2200000000000000000 ) ) ;
#3886 = DIRECTION ( 'NONE',  ( -1.000000000000000000, 0.0000000000000000000, -0.0000000000000000000 ) ) ;
#3887 = CARTESIAN_POINT ( 'NONE',  ( 1.137499999999999700, 0.3450000000000001400, -0.2219999999999999800 ) ) ;
#3888 = CC_DESIGN_DATE_AND_TIME_ASSIGNMENT ( #5393, #6485, ( #1353 ) ) ;
#3889 = ORIENTED_EDGE ( 'NONE', *, *, #8526, .F. ) ;
#3891 = CARTESIAN_POINT ( 'NONE',  ( 0.4582132034339475600, 0.03750000000070134000, -0.05764965544050942200 ) ) ;
#3890 = FACE_OUTER_BOUND ( 'NONE', #1797, .T. ) ;
#3892 = ORIENTED_EDGE ( 'NONE', *, *, #9459, .T. ) ;
#3893 = CARTESIAN_POINT ( 'NONE',  ( 0.6374999999999998400, 0.2700000000000001800, -0.1480000000000000500 ) ) ;
#3894 = DIRECTION ( 'NONE',  ( 0.0000000000000000000, -3.691686477924679400E-015, -1.000000000000000000 ) ) ;
#3895 = VERTEX_POINT ( 'NONE', #9790 ) ;
#3896 = CARTESIAN_POINT ( 'NONE',  ( 1.114178631909972000, 0.0000000000000000000, -0.01000000000000000000 ) ) ;
#3897 = CARTESIAN_POINT ( 'NONE',  ( 0.6974999999999999000, 0.5180000000000000200, -0.2610000000000001200 ) ) ;
#3898 = VERTEX_POINT ( 'NONE', #6658 ) ;
#3899 = ORIENTED_EDGE ( 'NONE', *, *, #8754, .F. ) ;
#3900 = ORIENTED_EDGE ( 'NONE', *, *, #2834, .F. ) ;
#3901 = DATE_TIME_ROLE ( 'classification_date' ) ;
#3902 = EDGE_CURVE ( 'NONE', #2506, #4158, #8220, .T. ) ;
#3903 = EDGE_LOOP ( 'NONE', ( #3572, #2625, #9109, #5449 ) ) ;
#3904 = LINE ( 'NONE', #391, #3320 ) ;
#3905 = EDGE_LOOP ( 'NONE', ( #8243, #6691, #3728, #6825, #856, #10416, #5821, #4176, #8699 ) ) ;
#3906 = AXIS2_PLACEMENT_3D ( 'NONE', #2355, #5948, #613 ) ;
#3907 = VERTEX_POINT ( 'NONE', #6342 ) ;
#3908 = DIRECTION ( 'NONE',  ( -0.0000000000000000000, -0.0000000000000000000, 1.000000000000000000 ) ) ;
#3909 = FACE_OUTER_BOUND ( 'NONE', #7403, .T. ) ;
#3910 = ADVANCED_FACE ( 'NONE', ( #6905 ), #10717, .F. ) ;
#3911 = ORIENTED_EDGE ( 'NONE', *, *, #10663, .F. ) ;
#3912 = CARTESIAN_POINT ( 'NONE',  ( -1.378577015171061900E-015, 0.3318709691426816600, 0.0000000000000000000 ) ) ;
#3913 = DIRECTION ( 'NONE',  ( -0.0000000000000000000, 0.0000000000000000000, 1.000000000000000000 ) ) ;
#3914 = CARTESIAN_POINT ( 'NONE',  ( 1.037499999999999900, 0.05000000000000001000, -0.2725000000000000800 ) ) ;
#3915 = LINE ( 'NONE', #845, #8877 ) ;
#3916 = DIRECTION ( 'NONE',  ( -0.0000000000000000000, -0.0000000000000000000, 1.000000000000000000 ) ) ;
#3917 = ORIENTED_EDGE ( 'NONE', *, *, #3941, .T. ) ;
#3918 = PLANE ( 'NONE',  #8647 ) ;
#3919 = CARTESIAN_POINT ( 'NONE',  ( 0.6506336065353354200, 0.2337142671046477700, 0.0000000000000000000 ) ) ;
#3920 = LINE ( 'NONE', #1119, #3883 ) ;
#3921 = AXIS2_PLACEMENT_3D ( 'NONE', #167, #96, #21 ) ;
#3922 = CARTESIAN_POINT ( 'NONE',  ( 0.8825288151001876600, 0.3083133606535526400, 0.0000000000000000000 ) ) ;
#3923 = CARTESIAN_POINT ( 'NONE',  ( 1.197499999999999800, 0.5600000000000003900, -0.2210000000000000900 ) ) ;
#3924 = EDGE_CURVE ( 'NONE', #2846, #4090, #4695, .T. ) ;
#3925 = ORIENTED_EDGE ( 'NONE', *, *, #1719, .T. ) ;
#3926 = EDGE_CURVE ( 'NONE', #6209, #2077, #7166, .T. ) ;
#3927 = ORIENTED_EDGE ( 'NONE', *, *, #9519, .T. ) ;
#3928 = DIRECTION ( 'NONE',  ( 1.000000000000000000, -0.0000000000000000000, -0.0000000000000000000 ) ) ;
#3929 = VECTOR ( 'NONE', #965, 39.37007874015748100 ) ;
#3930 = ORIENTED_EDGE ( 'NONE', *, *, #10547, .F. ) ;
#3931 = DIRECTION ( 'NONE',  ( 1.000000000000000000, 0.0000000000000000000, 0.0000000000000000000 ) ) ;
#3932 = CARTESIAN_POINT ( 'NONE',  ( 0.3674999999999998300, 0.2699999999999999100, -0.2210000000000000900 ) ) ;
#3933 = CIRCLE ( 'NONE', #7560, 0.009815670203787086500 ) ;
#3934 = DIRECTION ( 'NONE',  ( 0.0000000000000000000, -3.691686477924679400E-015, -1.000000000000000000 ) ) ;
#3935 = ORIENTED_EDGE ( 'NONE', *, *, #2536, .F. ) ;
#3936 = CARTESIAN_POINT ( 'NONE',  ( 1.242499999999999900, 0.05000000000000000300, -0.2725000000000000200 ) ) ;
#3937 = ADVANCED_FACE ( 'NONE', ( #4431 ), #3592, .T. ) ;
#3938 = CARTESIAN_POINT ( 'NONE',  ( 0.9021601555077879400, 0.2366589681657876300, -0.01000000000000000000 ) ) ;
#3939 = VECTOR ( 'NONE', #9479, 39.37007874015748100 ) ;
#3940 = DIRECTION ( 'NONE',  ( 0.0000000000000000000, 1.707404996040164500E-016, -1.000000000000000000 ) ) ;
#3941 = EDGE_CURVE ( 'NONE', #48, #9544, #1877, .T. ) ;
#3942 = ORIENTED_EDGE ( 'NONE', *, *, #8886, .T. ) ;
#3943 = ORIENTED_EDGE ( 'NONE', *, *, #7062, .T. ) ;
#3944 = CARTESIAN_POINT ( 'NONE',  ( 0.7974999999999998800, 0.3450000000000002000, -0.09750000000000003100 ) ) ;
#3945 = EDGE_CURVE ( 'NONE', #5547, #7457, #8775, .T. ) ;
#3946 = APPROVAL_ROLE ( '' ) ;
#3947 = CARTESIAN_POINT ( 'NONE',  ( 0.1332132034340367300, 0.05766667903028698000, -0.02483333951651480600 ) ) ;
#3948 = AXIS2_PLACEMENT_3D ( 'NONE', #6938, #8716, #344 ) ;
#3949 = DATE_AND_TIME ( #6285, #8437 ) ;
#3950 = DIRECTION ( 'NONE',  ( 0.0000000000000000000, -1.871128762783745300E-015, 1.000000000000000000 ) ) ;
#3951 = FACE_OUTER_BOUND ( 'NONE', #5709, .T. ) ;
#3952 = ORIENTED_EDGE ( 'NONE', *, *, #4030, .F. ) ;
#3953 = VERTEX_POINT ( 'NONE', #4910 ) ;
#3954 = DIRECTION ( 'NONE',  ( -0.0000000000000000000, 0.0000000000000000000, -1.000000000000000000 ) ) ;
#3955 = VECTOR ( 'NONE', #8773, 39.37007874015748100 ) ;
#3956 = ORIENTED_EDGE ( 'NONE', *, *, #3014, .F. ) ;
#3957 = DIRECTION ( 'NONE',  ( 0.0000000000000000000, -5.691349986800549600E-017, 1.000000000000000000 ) ) ;
#3958 = CYLINDRICAL_SURFACE ( 'NONE', #8093, 0.01000000000015175000 ) ;
#3959 = LOCAL_TIME ( 13, 11, 25.00000000000000000, #6290 ) ;
#3960 = CARTESIAN_POINT ( 'NONE',  ( 0.5802132034356579600, 0.03400000000118852400, -0.02500000000477404700 ) ) ;
#3961 = COORDINATED_UNIVERSAL_TIME_OFFSET ( 5, 0, .BEHIND. ) ;
#3962 = CARTESIAN_POINT ( 'NONE',  ( 0.6974999999999999000, 0.2699999999999999100, -0.1490000000000000800 ) ) ;
#3963 = DIRECTION ( 'NONE',  ( 0.0000000000000000000, 1.000000000000000000, 4.553079989440425900E-016 ) ) ;
#3964 = AXIS2_PLACEMENT_3D ( 'NONE', #387, #2379, #8421 ) ;
#3965 = ORIENTED_EDGE ( 'NONE', *, *, #7603, .F. ) ;
#3966 = DIRECTION ( 'NONE',  ( -0.0000000000000000000, -0.0000000000000000000, 1.000000000000000000 ) ) ;
#3967 = ORIENTED_EDGE ( 'NONE', *, *, #9442, .T. ) ;
#3968 = VERTEX_POINT ( 'NONE', #6970 ) ;
#3969 = FACE_OUTER_BOUND ( 'NONE', #9657, .T. ) ;
#3970 = DIRECTION ( 'NONE',  ( 0.0000000000000000000, -1.352399996863497400E-015, -1.000000000000000000 ) ) ;
#3971 = FACE_OUTER_BOUND ( 'NONE', #7984, .T. ) ;
#3972 = VECTOR ( 'NONE', #1922, 39.37007874015748100 ) ;
#3973 = LINE ( 'NONE', #31, #3988 ) ;
#3974 = DIRECTION ( 'NONE',  ( 0.0000000000000000000, -3.691686477924679400E-015, -1.000000000000000000 ) ) ;
#3975 = COORDINATED_UNIVERSAL_TIME_OFFSET ( 5, 0, .BEHIND. ) ;
#3976 = PLANE ( 'NONE',  #6119 ) ;
#3977 = ORIENTED_EDGE ( 'NONE', *, *, #9020, .F. ) ;
#3978 = DIRECTION ( 'NONE',  ( 1.000000000000000000, 9.480675684627761000E-013, -3.681989669470754400E-013 ) ) ;
#3979 = ORIENTED_EDGE ( 'NONE', *, *, #10387, .T. ) ;
#3980 = VERTEX_POINT ( 'NONE', #10024 ) ;
#3981 = ORIENTED_EDGE ( 'NONE', *, *, #1809, .T. ) ;
#3982 = EDGE_CURVE ( 'NONE', #889, #9347, #4119, .T. ) ;
#3983 = ORIENTED_EDGE ( 'NONE', *, *, #1641, .T. ) ;
#3984 = CIRCLE ( 'NONE', #1407, 0.009815670203806754800 ) ;
#3986 = VERTEX_POINT ( 'NONE', #8384 ) ;
#3985 = DIRECTION ( 'NONE',  ( -0.0000000000000000000, 1.000000000000000000, 1.707404996040165000E-016 ) ) ;
#3987 = AXIS2_PLACEMENT_3D ( 'NONE', #7951, #10777, #10716 ) ;
#3988 = VECTOR ( 'NONE', #1575, 39.37007874015748100 ) ;
#3989 = VECTOR ( 'NONE', #8956, 39.37007874015748100 ) ;
#3990 = ORIENTED_EDGE ( 'NONE', *, *, #3941, .F. ) ;
#3991 = APPROVAL ( #2367, 'UNKNOWN' ) ;
#3992 = VECTOR ( 'NONE', #2635, 39.37007874015748100 ) ;
#3993 = LENGTH_MEASURE_WITH_UNIT ( LENGTH_MEASURE( 0.02539999999999999900 ), #905 );
#3994 = DIRECTION ( 'NONE',  ( 0.0000000000000000000, -1.000000000000000000, -1.979599995408885400E-016 ) ) ;
#3995 = CARTESIAN_POINT ( 'NONE',  ( 0.1536499778716397300, 0.06956181146386052100, -0.005999999997108766900 ) ) ;
#3996 = PERSON_AND_ORGANIZATION_ROLE ( 'classification_officer' ) ;
#3997 = DIRECTION ( 'NONE',  ( 1.000000000000000000, -0.0000000000000000000, -0.0000000000000000000 ) ) ;
#3998 = CIRCLE ( 'NONE', #4880, 0.009815670203796920600 ) ;
#3999 = DIRECTION ( 'NONE',  ( 0.0000000000000000000, 0.0000000000000000000, -1.000000000000000000 ) ) ;
#4000 = FACE_OUTER_BOUND ( 'NONE', #2226, .T. ) ;
#4001 = DIRECTION ( 'NONE',  ( -3.687994791390789600E-013, 7.790035294315036400E-013, 1.000000000000000000 ) ) ;
#4002 = VECTOR ( 'NONE', #8356, 39.37007874015748100 ) ;
#4003 = EDGE_CURVE ( 'NONE', #1487, #2957, #10494, .T. ) ;
#4004 = CARTESIAN_POINT ( 'NONE',  ( 0.9615449602408066000, 0.2366589681657806600, 0.0000000000000000000 ) ) ;
#4005 = AXIS2_PLACEMENT_3D ( 'NONE', #5124, #6603, #6903 ) ;
#4006 = CARTESIAN_POINT ( 'NONE',  ( 1.044978156973178900, 0.2668421540424528200, -0.01000000000000000000 ) ) ;
#4007 = EDGE_CURVE ( 'NONE', #7365, #7182, #10257, .T. ) ;
#4008 = CARTESIAN_POINT ( 'NONE',  ( 0.3046920839934302800, 0.04350263157872041200, -0.02499999999766714500 ) ) ;
#4009 = CARTESIAN_POINT ( 'NONE',  ( 0.8260887114283307400, 0.0000000000000000000, -0.01000000000000000000 ) ) ;
#4010 = VERTEX_POINT ( 'NONE', #8924 ) ;
#4011 = PLANE ( 'NONE',  #9395 ) ;
#4012 = CARTESIAN_POINT ( 'NONE',  ( -2.860952991549687900E-014, 0.2405852362472326300, 0.0000000000000000000 ) ) ;
#4013 = ORIENTED_EDGE ( 'NONE', *, *, #4680, .F. ) ;
#4014 = ADVANCED_FACE ( 'NONE', ( #3795 ), #7401, .F. ) ;
#4015 = LINE ( 'NONE', #1113, #10188 ) ;
#4016 = DIRECTION ( 'NONE',  ( -1.000000000000000000, -9.476097728022884600E-013, 3.683726278956644000E-013 ) ) ;
#4017 = ADVANCED_FACE ( 'NONE', ( #6143 ), #3976, .F. ) ;
#4018 = VECTOR ( 'NONE', #1637, 39.37007874015748900 ) ;
#4019 = LINE ( 'NONE', #5422, #10190 ) ;
#4020 = DIRECTION ( 'NONE',  ( -1.000000000000000000, 0.0000000000000000000, 0.0000000000000000000 ) ) ;
#4021 = DIRECTION ( 'NONE',  ( 1.000000000000000000, 0.0000000000000000000, 0.0000000000000000000 ) ) ;
#4022 = EDGE_LOOP ( 'NONE', ( #10545, #8414, #10222, #596 ) ) ;
#4023 = DIRECTION ( 'NONE',  ( 1.000000000000000000, 0.0000000000000000000, 0.0000000000000000000 ) ) ;
#4024 = LINE ( 'NONE', #4411, #9986 ) ;
#4025 = DIRECTION ( 'NONE',  ( 3.681989669462198800E-013, -7.791020465180536500E-013, -1.000000000000000000 ) ) ;
#4026 = LINE ( 'NONE', #9444, #3992 ) ;
#4027 = EDGE_CURVE ( 'NONE', #6426, #1314, #8062, .T. ) ;
#4028 = DIRECTION ( 'NONE',  ( -0.0000000000000000000, 1.000000000000000000, -0.0000000000000000000 ) ) ;
#4029 = CARTESIAN_POINT ( 'NONE',  ( 0.6132132034329587100, 0.01600000000093007200, 0.02499999999947508100 ) ) ;
#4030 = EDGE_CURVE ( 'NONE', #2547, #6316, #6390, .T. ) ;
#4031 = FACE_OUTER_BOUND ( 'NONE', #10466, .T. ) ;
#4032 = CARTESIAN_POINT ( 'NONE',  ( 0.0000000000000000000, 0.2500000000000000000, -0.3700000000000001600 ) ) ;
#4033 = CARTESIAN_POINT ( 'NONE',  ( 0.6974999999999999000, 0.5180000000000000200, -0.1489999999999998500 ) ) ;
#4034 = DIRECTION ( 'NONE',  ( -1.000000000000000000, 0.0000000000000000000, -0.0000000000000000000 ) ) ;
#4035 = CARTESIAN_POINT ( 'NONE',  ( 0.4374999999999998900, 0.5999999999999999800, -0.2974999999999999900 ) ) ;
#4036 = CIRCLE ( 'NONE', #8959, 0.009815670203803340800 ) ;
#4037 = CARTESIAN_POINT ( 'NONE',  ( 0.6974999999999999000, 0.05000000000000000300, -0.3700000000000000000 ) ) ;
#4038 = DATE_TIME_ROLE ( 'classification_date' ) ;
#4039 = LINE ( 'NONE', #1474, #4018 ) ;
#4040 = CARTESIAN_POINT ( 'NONE',  ( 0.1462132034351231200, 0.05749999999999344500, 0.02474999999877427700 ) ) ;
#4041 = CARTESIAN_POINT ( 'NONE',  ( 0.7974999999999998800, 0.2700000000000001800, -0.1480000000000000500 ) ) ;
#4042 = LINE ( 'NONE', #1851, #8267 ) ;
#4043 = PERSON ( 'NAUO-PER10', 'UNSPECIFIED', 'UNSPECIFIED', ('UNSPECIFIED'), ('UNSPECIFIED'), ('UNSPECIFIED') ) ;
#4044 = EDGE_CURVE ( 'NONE', #2830, #567, #5891, .T. ) ;
#4045 = DIRECTION ( 'NONE',  ( -0.0000000000000000000, 0.0000000000000000000, 1.000000000000000000 ) ) ;
#4046 = CARTESIAN_POINT ( 'NONE',  ( 0.4374999999999998900, 0.5580000000000000500, -0.2974999999999999900 ) ) ;
#4047 = EDGE_CURVE ( 'NONE', #6107, #5626, #963, .T. ) ;
#4048 = ORIENTED_EDGE ( 'NONE', *, *, #7574, .F. ) ;
#4049 = EDGE_CURVE ( 'NONE', #2910, #7359, #1271, .T. ) ;
#4050 = VECTOR ( 'NONE', #6610, 39.37007874015748100 ) ;
#4051 = ORIENTED_EDGE ( 'NONE', *, *, #4520, .F. ) ;
#4052 = AXIS2_PLACEMENT_3D ( 'NONE', #1086, #1099, #1149 ) ;
#4053 = ORIENTED_EDGE ( 'NONE', *, *, #10593, .T. ) ;
#4054 = ORIENTED_EDGE ( 'NONE', *, *, #4286, .F. ) ;
#4055 = CARTESIAN_POINT ( 'NONE',  ( 0.5974999999999999200, 0.5999999999999999800, -0.2974999999999999900 ) ) ;
#4056 = VECTOR ( 'NONE', #5004, 39.37007874015748100 ) ;
#4057 = PLANE ( 'NONE',  #9066 ) ;
#4058 = PLANE ( 'NONE',  #2706 ) ;
#4059 = CARTESIAN_POINT ( 'NONE',  ( 0.8374999999999999100, 0.2700000000000001800, -0.1480000000000000200 ) ) ;
#4060 = CARTESIAN_POINT ( 'NONE',  ( 0.6374999999999998400, 0.2700000000000001800, -0.1480000000000000500 ) ) ;
#4061 = CARTESIAN_POINT ( 'NONE',  ( 0.3784999999999999500, 0.4749999999999999800, -0.2820000000000000300 ) ) ;
#4062 = CARTESIAN_POINT ( 'NONE',  ( 0.8496463199174501000, 0.3181290308573484500, 0.0000000000000000000 ) ) ;
#4063 = ORIENTED_EDGE ( 'NONE', *, *, #7225, .T. ) ;
#4064 = ORIENTED_EDGE ( 'NONE', *, *, #4341, .F. ) ;
#4065 = CYLINDRICAL_SURFACE ( 'NONE', #2115, 0.006870969142663185300 ) ;
#4066 = ORIENTED_EDGE ( 'NONE', *, *, #4979, .F. ) ;
#4067 = VERTEX_POINT ( 'NONE', #622 ) ;
#4068 = VERTEX_POINT ( 'NONE', #5794 ) ;
#4069 = ORIENTED_EDGE ( 'NONE', *, *, #1490, .F. ) ;
#4070 = CARTESIAN_POINT ( 'NONE',  ( 0.1464353983163006200, 0.06023401307051300100, -0.003297255669424012100 ) ) ;
#4071 = ORIENTED_EDGE ( 'NONE', *, *, #2765, .F. ) ;
#4072 = CARTESIAN_POINT ( 'NONE',  ( 0.4375000000000010000, 0.5579999999999996100, -0.07250000000000000900 ) ) ;
#4073 = DIRECTION ( 'NONE',  ( -1.000000000000000000, -0.0000000000000000000, -0.0000000000000000000 ) ) ;
#4074 = CC_DESIGN_DATE_AND_TIME_ASSIGNMENT ( #5633, #6583, ( #1517 ) ) ;
#4075 = VERTEX_POINT ( 'NONE', #4836 ) ;
#4076 = DIRECTION ( 'NONE',  ( -0.0000000000000000000, 0.0000000000000000000, 1.000000000000000000 ) ) ;
#4077 = DIRECTION ( 'NONE',  ( 0.0000000000000000000, 1.000000000000000000, 0.0000000000000000000 ) ) ;
#4078 = EDGE_LOOP ( 'NONE', ( #8627, #4952, #8151, #9448 ) ) ;
#4079 = DIRECTION ( 'NONE',  ( -1.000000000000000000, -4.153954829891640800E-015, 0.0000000000000000000 ) ) ;
#4080 = VECTOR ( 'NONE', #355, 39.37007874015748100 ) ;
#4081 = CARTESIAN_POINT ( 'NONE',  ( -0.0000000000000000000, 0.3181290308573566100, 0.0000000000000000000 ) ) ;
#4082 = ORIENTED_EDGE ( 'NONE', *, *, #2209, .F. ) ;
#4083 = ORIENTED_EDGE ( 'NONE', *, *, #2164, .T. ) ;
#4084 = ADVANCED_FACE ( 'NONE', ( #7825 ), #5367, .F. ) ;
#4085 = DIRECTION ( 'NONE',  ( 0.0000000000000000000, -1.352399996863497400E-015, -1.000000000000000000 ) ) ;
#4086 = CARTESIAN_POINT ( 'NONE',  ( 1.242499999999999900, 0.0000000000000000000, 0.0000000000000000000 ) ) ;
#4087 = CARTESIAN_POINT ( 'NONE',  ( 0.3924999999999996800, 0.05000000000000000300, 0.0000000000000000000 ) ) ;
#4088 = DIRECTION ( 'NONE',  ( -0.0000000000000000000, -1.000000000000000000, -4.553079989440441700E-016 ) ) ;
#4089 = CIRCLE ( 'NONE', #5343, 0.009815670203796237100 ) ;
#4090 = VERTEX_POINT ( 'NONE', #1989 ) ;
#4091 = APPROVAL_ROLE ( '' ) ;
#4092 = EDGE_CURVE ( 'NONE', #4370, #5305, #3208, .T. ) ;
#4093 = DIRECTION ( 'NONE',  ( 3.682081268427840000E-013, 7.789823685984482700E-013, 1.000000000000000000 ) ) ;
#4094 = CARTESIAN_POINT ( 'NONE',  ( 0.4974999999999998900, 0.5999999999999999800, -0.2974999999999999900 ) ) ;
#4095 = AXIS2_PLACEMENT_3D ( 'NONE', #3481, #4147, #7470 ) ;
#4096 = ORIENTED_EDGE ( 'NONE', *, *, #1768, .F. ) ;
#4097 = VECTOR ( 'NONE', #2965, 39.37007874015748100 ) ;
#4098 = ORIENTED_EDGE ( 'NONE', *, *, #7988, .F. ) ;
#4099 = CARTESIAN_POINT ( 'NONE',  ( 0.8923444853039821400, 0.3416866393464817500, 0.0000000000000000000 ) ) ;
#4100 = CARTESIAN_POINT ( 'NONE',  ( 0.9374999999999998900, 0.3450000000000002000, -0.09750000000000001700 ) ) ;
#4101 = DIRECTION ( 'NONE',  ( -0.0000000000000000000, -1.000000000000000000, -0.0000000000000000000 ) ) ;
#4102 = ORIENTED_EDGE ( 'NONE', *, *, #7379, .F. ) ;
#4103 = DIRECTION ( 'NONE',  ( -0.0000000000000000000, 0.0000000000000000000, -1.000000000000000000 ) ) ;
#4104 = CYLINDRICAL_SURFACE ( 'NONE', #4155, 0.009815670203803340800 ) ;
#4105 = ADVANCED_FACE ( 'NONE', ( #7568 ), #9385, .T. ) ;
#4106 = FACE_OUTER_BOUND ( 'NONE', #4228, .T. ) ;
#4107 = PLANE ( 'NONE',  #5922 ) ;
#4108 = DIRECTION ( 'NONE',  ( 1.000000000000000000, 0.0000000000000000000, 0.0000000000000000000 ) ) ;
#4109 = VERTEX_POINT ( 'NONE', #2716 ) ;
#4110 = CARTESIAN_POINT ( 'NONE',  ( 0.8297496155125578800, 0.03599822380198788900, 0.01699822379284112900 ) ) ;
#4111 = AXIS2_PLACEMENT_3D ( 'NONE', #1750, #1934, #2127 ) ;
#4112 = EDGE_CURVE ( 'NONE', #2155, #10659, #330, .T. ) ;
#4113 = CARTESIAN_POINT ( 'NONE',  ( 0.7974999999999998800, 0.5180000000000000200, -0.1089999999999998900 ) ) ;
#4114 = FACE_OUTER_BOUND ( 'NONE', #1511, .T. ) ;
#4115 = EDGE_CURVE ( 'NONE', #6340, #5961, #2924, .T. ) ;
#4116 = DIRECTION ( 'NONE',  ( 1.000000000000000000, 0.0000000000000000000, -0.0000000000000000000 ) ) ;
#4117 = CARTESIAN_POINT ( 'NONE',  ( 0.1462224658720561700, 0.05800000000017931800, -0.02500000000292595300 ) ) ;
#4118 = VERTEX_POINT ( 'NONE', #7980 ) ;
#4119 = LINE ( 'NONE', #6128, #1589 ) ;
#4120 = ORIENTED_EDGE ( 'NONE', *, *, #5387, .T. ) ;
#4121 = ORIENTED_EDGE ( 'NONE', *, *, #7922, .T. ) ;
#4122 = ORIENTED_EDGE ( 'NONE', *, *, #6402, .T. ) ;
#4123 = CARTESIAN_POINT ( 'NONE',  ( 0.4374999999999998900, 0.4782500000000009500, -0.2307499999999999800 ) ) ;
#4124 = ORIENTED_EDGE ( 'NONE', *, *, #5936, .T. ) ;
#4125 = CIRCLE ( 'NONE', #9555, 0.03999999999999998000 ) ;
#4126 = CIRCLE ( 'NONE', #936, 0.03141014465218178200 ) ;
#4127 = DIRECTION ( 'NONE',  ( 0.0000000000000000000, -1.871128762783745300E-015, 1.000000000000000000 ) ) ;
#4128 = APPROVAL_DATE_TIME ( #6395, #5611 ) ;
#4129 = DATE_AND_TIME ( #6396, #8544 ) ;
#4130 = EDGE_CURVE ( 'NONE', #10947, #3250, #5118, .T. ) ;
#4131 = EDGE_LOOP ( 'NONE', ( #7652, #5227, #7022, #9265 ) ) ;
#4132 = CIRCLE ( 'NONE', #9680, 0.03999999999999998000 ) ;
#4133 = PLANE ( 'NONE',  #2980 ) ;
#4134 = EDGE_CURVE ( 'NONE', #668, #8727, #17, .T. ) ;
#4135 = EDGE_CURVE ( 'NONE', #1387, #6500, #2669, .T. ) ;
#4136 = APPROVAL_STATUS ( 'not_yet_approved' ) ;
#4137 = ORIENTED_EDGE ( 'NONE', *, *, #1137, .F. ) ;
#4138 = CARTESIAN_POINT ( 'NONE',  ( 0.9787223830974584000, 0.4133410318342099500, 0.0000000000000000000 ) ) ;
#4139 = AXIS2_PLACEMENT_3D ( 'NONE', #4100, #3806, #3788 ) ;
#4140 = FACE_OUTER_BOUND ( 'NONE', #3903, .T. ) ;
#4141 = LOCAL_TIME ( 13, 11, 25.00000000000000000, #6406 ) ;
#4142 = CARTESIAN_POINT ( 'NONE',  ( 0.9674999999999983600, 0.2600000000000008400, -0.4490000000000013400 ) ) ;
#4143 = COORDINATED_UNIVERSAL_TIME_OFFSET ( 5, 0, .BEHIND. ) ;
#4144 = CARTESIAN_POINT ( 'NONE',  ( 0.9974999999999999400, 0.05000000000000001000, -0.2725000000000000800 ) ) ;
#4145 = ORIENTED_EDGE ( 'NONE', *, *, #968, .F. ) ;
#4146 = LINE ( 'NONE', #10112, #8336 ) ;
#4147 = DIRECTION ( 'NONE',  ( -0.0000000000000000000, 0.0000000000000000000, 1.000000000000000000 ) ) ;
#4148 = CARTESIAN_POINT ( 'NONE',  ( 0.8089112885716688300, 0.2366589681657897700, -0.01000000000000000000 ) ) ;
#4149 = CIRCLE ( 'NONE', #3488, 0.009815670203840767500 ) ;
#4150 = ADVANCED_FACE ( 'NONE', ( #7032 ), #10721, .F. ) ;
#4151 = ORIENTED_EDGE ( 'NONE', *, *, #10180, .T. ) ;
#4152 = DIRECTION ( 'NONE',  ( -1.000000000000000000, -0.0000000000000000000, -0.0000000000000000000 ) ) ;
#4153 = VECTOR ( 'NONE', #3755, 39.37007874015748100 ) ;
#4154 = PERSON_AND_ORGANIZATION ( #8983, #828 ) ;
#4155 = AXIS2_PLACEMENT_3D ( 'NONE', #3938, #4387, #6419 ) ;
#4156 = CC_DESIGN_APPROVAL ( #3501, ( #2876 ) ) ;
#4157 = CARTESIAN_POINT ( 'NONE',  ( 0.3924999999999996800, 0.05000000000000000300, -0.3700000000000000000 ) ) ;
#4158 = VERTEX_POINT ( 'NONE', #9033 ) ;
#4159 = CARTESIAN_POINT ( 'NONE',  ( 0.3361881571559963100, 0.01250000000056290100, 0.006000000002168422700 ) ) ;
#4160 = ORIENTED_EDGE ( 'NONE', *, *, #2718, .F. ) ;
#4161 = ORIENTED_EDGE ( 'NONE', *, *, #5456, .F. ) ;
#4162 = EDGE_LOOP ( 'NONE', ( #403, #7068, #584, #3603 ) ) ;
#4163 = DIRECTION ( 'NONE',  ( 0.0000000000000000000, 1.352399996863497400E-015, -1.000000000000000000 ) ) ;
#4164 = LINE ( 'NONE', #1747, #6182 ) ;
#4165 = FACE_OUTER_BOUND ( 'NONE', #1360, .T. ) ;
#4166 = VECTOR ( 'NONE', #7838, 39.37007874015748100 ) ;
#4167 = CARTESIAN_POINT ( 'NONE',  ( 0.8923444853039845800, 0.3083133606535432600, -0.01000000000000000000 ) ) ;
#4168 = DIRECTION ( 'NONE',  ( -0.0000000000000000000, -0.0000000000000000000, 1.000000000000000000 ) ) ;
#4169 = CARTESIAN_POINT ( 'NONE',  ( 0.2874999999999999800, 0.5999999999999999800, 0.0000000000000000000 ) ) ;
#4170 = EDGE_CURVE ( 'NONE', #1724, #986, #9147, .T. ) ;
#4171 = DIRECTION ( 'NONE',  ( -0.5773502691896271700, -0.5773502691896232900, -0.5773502691896267300 ) ) ;
#4172 = ORIENTED_EDGE ( 'NONE', *, *, #7543, .F. ) ;
#4173 = CARTESIAN_POINT ( 'NONE',  ( 0.9974999999999999400, 0.5580000000000000500, -0.2974999999999999900 ) ) ;
#4174 = LINE ( 'NONE', #7012, #6429 ) ;
#4175 = ORIENTED_EDGE ( 'NONE', *, *, #4044, .T. ) ;
#4176 = ORIENTED_EDGE ( 'NONE', *, *, #6907, .F. ) ;
#4177 = LINE ( 'NONE', #35, #8361 ) ;
#4178 = SECURITY_CLASSIFICATION_LEVEL ( 'unclassified' ) ;
#4179 = DIRECTION ( 'NONE',  ( -3.681989669462878400E-013, 7.789823685977714400E-013, 1.000000000000000000 ) ) ;
#4180 = ORIENTED_EDGE ( 'NONE', *, *, #9757, .F. ) ;
#4181 = CARTESIAN_POINT ( 'NONE',  ( 0.4374999999999998900, 0.3450000000000002000, -0.09750000000000005900 ) ) ;
#4182 = ORIENTED_EDGE ( 'NONE', *, *, #493, .F. ) ;
#4183 = ORIENTED_EDGE ( 'NONE', *, *, #3296, .T. ) ;
#4184 = CARTESIAN_POINT ( 'NONE',  ( 0.5878125455128547800, 0.03400000000083348900, 0.02500000000202498900 ) ) ;
#4185 = CYLINDRICAL_SURFACE ( 'NONE', #5865, 0.03999999999999998000 ) ;
#4186 = DIRECTION ( 'NONE',  ( -1.000000000000000000, 0.0000000000000000000, -0.0000000000000000000 ) ) ;
#4187 = CARTESIAN_POINT ( 'NONE',  ( 0.4974999999999998900, 0.05000000000000001000, -0.2725000000000000800 ) ) ;
#4188 = DIRECTION ( 'NONE',  ( -0.0000000000000000000, 0.0000000000000000000, -1.000000000000000000 ) ) ;
#4189 = VECTOR ( 'NONE', #6771, 39.37007874015748100 ) ;
#4190 = EDGE_CURVE ( 'NONE', #1521, #230, #8891, .T. ) ;
#4191 = CARTESIAN_POINT ( 'NONE',  ( 0.5974999999999999200, 0.05000000000000001000, -0.2725000000000000800 ) ) ;
#4192 = DIRECTION ( 'NONE',  ( -0.0000000000000000000, -0.0000000000000000000, -1.000000000000000000 ) ) ;
#4193 = CARTESIAN_POINT ( 'NONE',  ( 0.1478113162198083100, 0.08117688916732608600, 0.006000000001974733900 ) ) ;
#4194 = DIRECTION ( 'NONE',  ( 0.0000000000000000000, 0.0000000000000000000, -1.000000000000000000 ) ) ;
#4195 = EDGE_LOOP ( 'NONE', ( #5699, #4253 ) ) ;
#4196 = LINE ( 'NONE', #7439, #10317 ) ;
#4197 = ORIENTED_EDGE ( 'NONE', *, *, #7159, .T. ) ;
#4198 = DIRECTION ( 'NONE',  ( 1.000000000000000000, 0.0000000000000000000, -0.0000000000000000000 ) ) ;
#4199 = VECTOR ( 'NONE', #4202, 39.37007874015748100 ) ;
#4200 = DIRECTION ( 'NONE',  ( 0.0000000000000000000, -1.000000000000000000, 0.0000000000000000000 ) ) ;
#4201 = VECTOR ( 'NONE', #8461, 39.37007874015748100 ) ;
#4202 = DIRECTION ( 'NONE',  ( -0.0000000000000000000, -0.0000000000000000000, 1.000000000000000000 ) ) ;
#4203 = CARTESIAN_POINT ( 'NONE',  ( 0.2874999999999999800, 0.5999999999999999800, 0.0000000000000000000 ) ) ;
#4204 = VERTEX_POINT ( 'NONE', #6166 ) ;
#4205 = ORIENTED_EDGE ( 'NONE', *, *, #1583, .F. ) ;
#4206 = DIRECTION ( 'NONE',  ( -0.0000000000000000000, 0.0000000000000000000, 1.000000000000000000 ) ) ;
#4207 = VERTEX_POINT ( 'NONE', #6235 ) ;
#4208 = EDGE_CURVE ( 'NONE', #8629, #1239, #6772, .T. ) ;
#4210 = CARTESIAN_POINT ( 'NONE',  ( 0.6374999999999998400, 0.2699999999999999100, -0.2220000000000000900 ) ) ;
#4209 = FACE_OUTER_BOUND ( 'NONE', #5837, .T. ) ;
#4211 = EDGE_CURVE ( 'NONE', #2912, #3968, #10592, .T. ) ;
#4212 = LINE ( 'NONE', #5087, #4056 ) ;
#4213 = CARTESIAN_POINT ( 'NONE',  ( 0.7990956183678619200, 0.2268432979619829900, -0.01000000000000000000 ) ) ;
#4214 = AXIS2_PLACEMENT_3D ( 'NONE', #2021, #2611, #2071 ) ;
#4215 = ADVANCED_FACE ( 'NONE', ( #10811 ), #937, .F. ) ;
#4216 = ORIENTED_EDGE ( 'NONE', *, *, #4027, .T. ) ;
#4217 = DIRECTION ( 'NONE',  ( 1.000000000000000000, 0.0000000000000000000, 0.0000000000000000000 ) ) ;
#4218 = VERTEX_POINT ( 'NONE', #5491 ) ;
#4219 =( REPRESENTATION_RELATIONSHIP ('NONE','NONE', #6361, #2501 ) REPRESENTATION_RELATIONSHIP_WITH_TRANSFORMATION ( #2683 )SHAPE_REPRESENTATION_RELATIONSHIP( ) );
#4220 = CYLINDRICAL_SURFACE ( 'NONE', #8501, 0.02625691779516779700 ) ;
#4221 = DIRECTION ( 'NONE',  ( 1.000000000000000000, -0.0000000000000000000, -0.0000000000000000000 ) ) ;
#4222 = ORIENTED_EDGE ( 'NONE', *, *, #6524, .T. ) ;
#4223 = ORIENTED_EDGE ( 'NONE', *, *, #5818, .T. ) ;
#4224 = DIRECTION ( 'NONE',  ( -0.0000000000000000000, 0.0000000000000000000, 1.000000000000000000 ) ) ;
#4225 = CARTESIAN_POINT ( 'NONE',  ( 1.114178631909972000, 0.4133410318341946300, -0.01000000000000000000 ) ) ;
#4226 = EDGE_CURVE ( 'NONE', #9482, #2613, #4269, .T. ) ;
#4227 = EDGE_LOOP ( 'NONE', ( #8400, #10216, #4931, #3086 ) ) ;
#4228 = EDGE_LOOP ( 'NONE', ( #10018, #9644, #6551, #2958, #4366, #7932, #851, #9805, #10464, #190, #10269, #1167 ) ) ;
#4229 = ORIENTED_EDGE ( 'NONE', *, *, #5387, .F. ) ;
#4230 = EDGE_LOOP ( 'NONE', ( #6282, #5428, #5673, #4855 ) ) ;
#4231 = ORIENTED_EDGE ( 'NONE', *, *, #9582, .T. ) ;
#4232 = ORIENTED_EDGE ( 'NONE', *, *, #9548, .T. ) ;
#4233 = LINE ( 'NONE', #2434, #6748 ) ;
#4234 = CARTESIAN_POINT ( 'NONE',  ( 0.7374999999999998200, 0.3450000000000002000, -0.09750000000000003100 ) ) ;
#4235 = VERTEX_POINT ( 'NONE', #5508 ) ;
#4236 = CARTESIAN_POINT ( 'NONE',  ( 0.5974999999999999200, 0.5180000000000000200, -0.2210000000000000600 ) ) ;
#4237 = FACE_OUTER_BOUND ( 'NONE', #5651, .T. ) ;
#4238 = EDGE_LOOP ( 'NONE', ( #903, #8123, #4896, #2595 ) ) ;
#4239 = DIRECTION ( 'NONE',  ( 0.0000000000000000000, -0.0000000000000000000, 1.000000000000000000 ) ) ;
#4240 = DIRECTION ( 'NONE',  ( -0.0000000000000000000, -0.0000000000000000000, 1.000000000000000000 ) ) ;
#4241 = DIRECTION ( 'NONE',  ( -0.0000000000000000000, -0.0000000000000000000, 1.000000000000000000 ) ) ;
#4242 = VERTEX_POINT ( 'NONE', #5326 ) ;
#4243 = EDGE_CURVE ( 'NONE', #6335, #791, #8430, .T. ) ;
#4244 = DIRECTION ( 'NONE',  ( 0.0000000000000000000, 0.0000000000000000000, -1.000000000000000000 ) ) ;
#4245 = LINE ( 'NONE', #678, #6495 ) ;
#4246 = ORIENTED_EDGE ( 'NONE', *, *, #3443, .F. ) ;
#4247 = AXIS2_PLACEMENT_3D ( 'NONE', #1628, #1591, #1399 ) ;
#4248 = DIRECTION ( 'NONE',  ( -1.000000000000000000, -3.530861605407645300E-014, 0.0000000000000000000 ) ) ;
#4249 = ORIENTED_EDGE ( 'NONE', *, *, #5371, .T. ) ;
#4250 = CARTESIAN_POINT ( 'NONE',  ( 0.9374999999999998900, 0.5180000000000000200, -0.2610000000000000700 ) ) ;
#4251 = CC_DESIGN_SECURITY_CLASSIFICATION ( #3586, ( #11003 ) ) ;
#4252 = ORIENTED_EDGE ( 'NONE', *, *, #4810, .F. ) ;
#4253 = ORIENTED_EDGE ( 'NONE', *, *, #4584, .T. ) ;
#4254 = CARTESIAN_POINT ( 'NONE',  ( 0.4374999999999998900, 0.5999999999999999800, -0.07250000000000000900 ) ) ;
#4255 = LINE ( 'NONE', #9341, #4199 ) ;
#4256 = DIRECTION ( 'NONE',  ( 0.4997224534961722300, -0.8661855860447955600, -8.587405906061747500E-013 ) ) ;
#4257 = ORIENTED_EDGE ( 'NONE', *, *, #8830, .T. ) ;
#4258 = VECTOR ( 'NONE', #7139, 39.37007874015748100 ) ;
#4259 = ORIENTED_EDGE ( 'NONE', *, *, #7309, .F. ) ;
#4260 = ORIENTED_EDGE ( 'NONE', *, *, #2196, .T. ) ;
#4261 = ORIENTED_EDGE ( 'NONE', *, *, #8565, .T. ) ;
#4262 = DIRECTION ( 'NONE',  ( 0.0000000000000000000, 0.0000000000000000000, -1.000000000000000000 ) ) ;
#4263 = EDGE_CURVE ( 'NONE', #3559, #6225, #1722, .T. ) ;
#4264 = DIRECTION ( 'NONE',  ( -0.0000000000000000000, 1.000000000000000000, -0.0000000000000000000 ) ) ;
#4265 = CARTESIAN_POINT ( 'NONE',  ( 0.7974999999999998800, 0.3450000000000002000, -0.09750000000000003100 ) ) ;
#4266 = LINE ( 'NONE', #4055, #4317 ) ;
#4267 = AXIS2_PLACEMENT_3D ( 'NONE', #3783, #2553, #3309 ) ;
#4268 = DIRECTION ( 'NONE',  ( 0.0000000000000000000, 1.000000000000000000, 0.0000000000000000000 ) ) ;
#4269 = CIRCLE ( 'NONE', #10752, 0.009815670203840767500 ) ;
#4270 = ORIENTED_EDGE ( 'NONE', *, *, #5300, .T. ) ;
#4271 = CARTESIAN_POINT ( 'NONE',  ( 1.104362961706156600, 0.3063502266127573500, 0.0000000000000000000 ) ) ;
#4272 = VERTEX_POINT ( 'NONE', #10575 ) ;
#4273 = DIRECTION ( 'NONE',  ( -9.473898398312560600E-013, -1.000000000000000000, -7.789823685997327600E-013 ) ) ;
#4274 = ORIENTED_EDGE ( 'NONE', *, *, #5067, .T. ) ;
#4275 = DIRECTION ( 'NONE',  ( -0.0000000000000000000, 0.0000000000000000000, 1.000000000000000000 ) ) ;
#4276 = EDGE_LOOP ( 'NONE', ( #10344, #753, #5211, #904 ) ) ;
#4277 = CARTESIAN_POINT ( 'NONE',  ( 0.4374999999999998900, 0.3450000000000001400, -0.1480000000000000200 ) ) ;
#4278 = CARTESIAN_POINT ( 'NONE',  ( 0.0000000000000000000, 0.4231567020380508400, -0.01000000000000000000 ) ) ;
#4279 = LINE ( 'NONE', #7802, #8654 ) ;
#4280 = CARTESIAN_POINT ( 'NONE',  ( 0.6374999999999998400, 0.2700000000000001800, -0.1480000000000000500 ) ) ;
#4281 = AXIS2_PLACEMENT_3D ( 'NONE', #4684, #4629, #4607 ) ;
#4282 = DIRECTION ( 'NONE',  ( 1.000000000000000000, 9.478563083521717400E-013, -3.681989669454755000E-013 ) ) ;
#4283 = EDGE_CURVE ( 'NONE', #8116, #7842, #1419, .T. ) ;
#4284 = ORIENTED_EDGE ( 'NONE', *, *, #5451, .F. ) ;
#4285 = ORIENTED_EDGE ( 'NONE', *, *, #7326, .T. ) ;
#4286 = EDGE_CURVE ( 'NONE', #9060, #6256, #2014, .T. ) ;
#4287 = DIRECTION ( 'NONE',  ( 0.0000000000000000000, 0.0000000000000000000, 1.000000000000000000 ) ) ;
#4288 = VERTEX_POINT ( 'NONE', #10935 ) ;
#4289 = CYLINDRICAL_SURFACE ( 'NONE', #10252, 0.03999999999999998000 ) ;
#4290 = CONTEXT_DEPENDENT_SHAPE_REPRESENTATION ( #2151, #7668 ) ;
#4291 = APPROVAL_PERSON_ORGANIZATION ( #6532, #103, #10573 ) ;
#4292 = DIRECTION ( 'NONE',  ( -3.681989669462878400E-013, 7.789823685977714400E-013, 1.000000000000000000 ) ) ;
#4293 = VERTEX_POINT ( 'NONE', #6008 ) ;
#4294 = CARTESIAN_POINT ( 'NONE',  ( 0.5374999999999999800, 0.3450000000000001400, -0.2220000000000000600 ) ) ;
#4295 = CARTESIAN_POINT ( 'NONE',  ( 1.267500000000000100, 0.5999999999999999800, -0.3130000000000000600 ) ) ;
#4296 = LINE ( 'NONE', #9402, #2048 ) ;
#4297 = CARTESIAN_POINT ( 'NONE',  ( 0.0000000000000000000, 0.2405852362473140900, -0.01000000000000000000 ) ) ;
#4298 = CARTESIAN_POINT ( 'NONE',  ( 0.8974999999999999600, 0.5999999999999999800, -0.2974999999999999900 ) ) ;
#4299 = LINE ( 'NONE', #3498, #10395 ) ;
#4300 = CARTESIAN_POINT ( 'NONE',  ( 0.2068417218044817400, 0.1108502649548979100, -0.02499999999985562700 ) ) ;
#4301 = LINE ( 'NONE', #224, #4153 ) ;
#4302 = DATE_AND_TIME ( #6537, #8669 ) ;
#4303 = EDGE_CURVE ( 'NONE', #8117, #1559, #1102, .T. ) ;
#4304 = EDGE_CURVE ( 'NONE', #5395, #6426, #6006, .T. ) ;
#4305 = EDGE_CURVE ( 'NONE', #2486, #10258, #10370, .T. ) ;
#4306 = PERSON_AND_ORGANIZATION_ROLE ( 'classification_officer' ) ;
#4307 = ORIENTED_EDGE ( 'NONE', *, *, #8460, .F. ) ;
#4308 = CARTESIAN_POINT ( 'NONE',  ( 0.6506336065353511800, 0.4094147637527355600, -0.01000000000000000000 ) ) ;
#4309 = AXIS2_PLACEMENT_3D ( 'NONE', #1916, #1901, #1888 ) ;
#4310 = ORIENTED_EDGE ( 'NONE', *, *, #4135, .F. ) ;
#4311 = VECTOR ( 'NONE', #10870, 39.37007874015748100 ) ;
#4312 = PERSON ( 'NAUO-PER14', 'UNSPECIFIED', 'UNSPECIFIED', ('UNSPECIFIED'), ('UNSPECIFIED'), ('UNSPECIFIED') ) ;
#4313 = VECTOR ( 'NONE', #6612, 39.37007874015748100 ) ;
#4314 = DIRECTION ( 'NONE',  ( 0.8661855860458366200, -0.4997224534943677200, -7.082036184400149900E-013 ) ) ;
#4315 = CARTESIAN_POINT ( 'NONE',  ( 0.7374999999999998200, 0.3450000000000001400, -0.1480000000000000200 ) ) ;
#4316 = ORIENTED_EDGE ( 'NONE', *, *, #10171, .F. ) ;
#4317 = VECTOR ( 'NONE', #9416, 39.37007874015748100 ) ;
#4318 = ADVANCED_FACE ( 'NONE', ( #3354 ), #7996, .F. ) ;
#4319 = ORIENTED_EDGE ( 'NONE', *, *, #2022, .T. ) ;
#4320 = EDGE_LOOP ( 'NONE', ( #736, #892, #1095, #1610, #1105, #1136, #2802, #740, #1923, #1002, #1868 ) ) ;
#4321 = CARTESIAN_POINT ( 'NONE',  ( 1.162499999999999900, 0.5180000000000000200, -0.2610000000000000700 ) ) ;
#4322 = ORIENTED_EDGE ( 'NONE', *, *, #7239, .F. ) ;
#4324 = DIRECTION ( 'NONE',  ( 1.000000000000000000, 0.0000000000000000000, 0.0000000000000000000 ) ) ;
#4323 = LINE ( 'NONE', #4157, #6815 ) ;
#4325 = DIRECTION ( 'NONE',  ( -0.4997224534943677200, -0.8661855860458366200, -4.907460083221988300E-013 ) ) ;
#4326 = AXIS2_PLACEMENT_3D ( 'NONE', #6946, #7706, #6805 ) ;
#4327 = CIRCLE ( 'NONE', #9317, 0.03999999999999998000 ) ;
#4328 = LINE ( 'NONE', #7840, #9019 ) ;
#4329 = CC_DESIGN_APPROVAL ( #3660, ( #3038 ) ) ;
#4330 = LINE ( 'NONE', #644, #9714 ) ;
#4331 = FACE_OUTER_BOUND ( 'NONE', #438, .T. ) ;
#4332 = CARTESIAN_POINT ( 'NONE',  ( 0.1462162912665370100, 0.05783340005702496800, -0.02491670002988506300 ) ) ;
#4333 = PLANE ( 'NONE',  #2182 ) ;
#4334 = VECTOR ( 'NONE', #10554, 39.37007874015748100 ) ;
#4335 = CARTESIAN_POINT ( 'NONE',  ( 0.3674999999999998300, 0.2699999999999999100, -0.2210000000000000900 ) ) ;
#4336 = ORIENTED_EDGE ( 'NONE', *, *, #795, .T. ) ;
#4337 = VECTOR ( 'NONE', #5833, 39.37007874015748100 ) ;
#4338 = DIRECTION ( 'NONE',  ( 1.000000000000000000, 0.0000000000000000000, 0.0000000000000000000 ) ) ;
#4339 = CARTESIAN_POINT ( 'NONE',  ( 0.1478113162194632800, 0.08117688916756478400, -0.02499999999825394700 ) ) ;
#4340 = LINE ( 'NONE', #7892, #6334 ) ;
#4341 = EDGE_CURVE ( 'NONE', #1014, #9689, #7947, .T. ) ;
#4342 = CARTESIAN_POINT ( 'NONE',  ( 0.0000000000000000000, 0.0000000000000000000, 0.0000000000000000000 ) ) ;
#4343 = ORIENTED_EDGE ( 'NONE', *, *, #7484, .T. ) ;
#4344 = AXIS2_PLACEMENT_3D ( 'NONE', #9614, #9490, #9463 ) ;
#4345 = ORIENTED_EDGE ( 'NONE', *, *, #5609, .F. ) ;
#4346 = DIRECTION ( 'NONE',  ( 0.0000000000000000000, 0.0000000000000000000, -1.000000000000000000 ) ) ;
#4347 = EDGE_LOOP ( 'NONE', ( #4705, #7293, #2742, #1548 ) ) ;
#4348 = ORIENTED_EDGE ( 'NONE', *, *, #7062, .F. ) ;
#4349 = FACE_OUTER_BOUND ( 'NONE', #231, .T. ) ;
#4350 = DATE_TIME_ROLE ( 'classification_date' ) ;
#4351 = LINE ( 'NONE', #8114, #4337 ) ;
#4352 = CARTESIAN_POINT ( 'NONE',  ( 1.137499999999999700, 0.2700000000000001800, -0.1480000000000000200 ) ) ;
#4353 = FACE_OUTER_BOUND ( 'NONE', #2223, .T. ) ;
#4354 = ORIENTED_EDGE ( 'NONE', *, *, #5801, .T. ) ;
#4355 = CARTESIAN_POINT ( 'NONE',  ( 0.3564999999999999300, 0.5999999999999999800, -0.2820000000000000800 ) ) ;
#4356 = CARTESIAN_POINT ( 'NONE',  ( 0.6374999999999998400, 0.3450000000000002000, -0.09750000000000003100 ) ) ;
#4357 = LINE ( 'NONE', #7313, #3736 ) ;
#4358 = EDGE_CURVE ( 'NONE', #5435, #6438, #9711, .T. ) ;
#4359 = DIRECTION ( 'NONE',  ( 1.000000000000000000, 0.0000000000000000000, -0.0000000000000000000 ) ) ;
#4360 = DIRECTION ( 'NONE',  ( -0.0000000000000000000, 0.0000000000000000000, 1.000000000000000000 ) ) ;
#4361 = EDGE_CURVE ( 'NONE', #6011, #10080, #780, .T. ) ;
#4362 = CIRCLE ( 'NONE', #4309, 0.03141014465217017300 ) ;
#4363 = CARTESIAN_POINT ( 'NONE',  ( 0.6974999999999999000, 0.5580000000000000500, -0.07249999999999996700 ) ) ;
#4364 = PLANE ( 'NONE',  #8906 ) ;
#4365 = ORIENTED_EDGE ( 'NONE', *, *, #7685, .T. ) ;
#4366 = ORIENTED_EDGE ( 'NONE', *, *, #1404, .T. ) ;
#4367 = CARTESIAN_POINT ( 'NONE',  ( 1.037499999999999900, 0.3450000000000002000, -0.09750000000000000300 ) ) ;
#4368 = ORIENTED_EDGE ( 'NONE', *, *, #6827, .F. ) ;
#4369 = VECTOR ( 'NONE', #891, 39.37007874015748100 ) ;
#4370 = VERTEX_POINT ( 'NONE', #5751 ) ;
#4371 = ORIENTED_EDGE ( 'NONE', *, *, #8483, .T. ) ;
#4372 = CIRCLE ( 'NONE', #8781, 0.03141014465217194900 ) ;
#4373 = CARTESIAN_POINT ( 'NONE',  ( 0.8398306497136467400, 0.3416866393464885200, 0.0000000000000000000 ) ) ;
#4374 = DIRECTION ( 'NONE',  ( 1.000000000000000000, 0.0000000000000000000, 0.0000000000000000000 ) ) ;
#4375 = EDGE_CURVE ( 'NONE', #5395, #4615, #9486, .T. ) ;
#4376 = ORIENTED_EDGE ( 'NONE', *, *, #6259, .T. ) ;
#4377 = CARTESIAN_POINT ( 'NONE',  ( 1.097499999999999900, 0.2699999999999999100, -0.2220000000000000600 ) ) ;
#4378 = ORIENTED_EDGE ( 'NONE', *, *, #7484, .F. ) ;
#4379 = CARTESIAN_POINT ( 'NONE',  ( 1.137499999999999700, 0.5579999999999996100, -0.07249999999999996700 ) ) ;
#4380 = EDGE_CURVE ( 'NONE', #9052, #4723, #5492, .T. ) ;
#4381 = ORIENTED_EDGE ( 'NONE', *, *, #4303, .F. ) ;
#4382 = FACE_OUTER_BOUND ( 'NONE', #7094, .T. ) ;
#4383 = EDGE_LOOP ( 'NONE', ( #257, #6230, #8020, #6720 ) ) ;
#4384 = AXIS2_PLACEMENT_3D ( 'NONE', #2905, #7680, #10566 ) ;
#4385 = ORIENTED_EDGE ( 'NONE', *, *, #6484, .T. ) ;
#4386 = LINE ( 'NONE', #6747, #4434 ) ;
#4387 = DIRECTION ( 'NONE',  ( -0.0000000000000000000, -0.0000000000000000000, 1.000000000000000000 ) ) ;
#4388 = LINE ( 'NONE', #6909, #1525 ) ;
#4389 = DIRECTION ( 'NONE',  ( -0.0000000000000000000, 1.000000000000000000, 1.707404996040165000E-016 ) ) ;
#4390 = CARTESIAN_POINT ( 'NONE',  ( 0.8974999999999999600, 0.2699999999999999100, -0.2220000000000000600 ) ) ;
#4391 = ORIENTED_EDGE ( 'NONE', *, *, #726, .T. ) ;
#4392 = CARTESIAN_POINT ( 'NONE',  ( 0.3674999999999998300, 0.2699999999999999100, -0.1490000000000000800 ) ) ;
#4393 = DIRECTION ( 'NONE',  ( -3.681989669447371300E-013, -7.789823685984692700E-013, -1.000000000000000000 ) ) ;
#4394 = ORIENTED_EDGE ( 'NONE', *, *, #1107, .T. ) ;
#4395 = VECTOR ( 'NONE', #282, 39.37007874015748100 ) ;
#4396 = ORIENTED_EDGE ( 'NONE', *, *, #5218, .T. ) ;
#4397 = ORIENTED_EDGE ( 'NONE', *, *, #1812, .F. ) ;
#4398 = CARTESIAN_POINT ( 'NONE',  ( 1.104362961706167000, 0.3539562271012334200, -0.01000000000000000000 ) ) ;
#4399 = CARTESIAN_POINT ( 'NONE',  ( 0.6506336064154142300, 0.2405852362473100100, 0.0000000000000000000 ) ) ;
#4400 = CARTESIAN_POINT ( 'NONE',  ( 1.267500000000000100, 0.4749999999999999800, -0.2809999999999996900 ) ) ;
#4401 = AXIS2_PLACEMENT_3D ( 'NONE', #6324, #796, #7138 ) ;
#4402 = FACE_OUTER_BOUND ( 'NONE', #2769, .T. ) ;
#4403 = CARTESIAN_POINT ( 'NONE',  ( 1.267500000000000100, 0.5999999999999999800, -0.3130000000000000600 ) ) ;
#4404 = DIRECTION ( 'NONE',  ( 0.0000000000000000000, 0.0000000000000000000, 1.000000000000000000 ) ) ;
#4405 = ORIENTED_EDGE ( 'NONE', *, *, #655, .T. ) ;
#4406 = CARTESIAN_POINT ( 'NONE',  ( 1.097499999999999900, 0.5580000000000000500, -0.07249999999999992600 ) ) ;
#4407 = LINE ( 'NONE', #7203, #8051 ) ;
#4408 = CARTESIAN_POINT ( 'NONE',  ( 0.7974999999999998800, 0.5999999999999999800, -0.2974999999999999900 ) ) ;
#4409 = ORIENTED_EDGE ( 'NONE', *, *, #1384, .T. ) ;
#4410 = ORIENTED_EDGE ( 'NONE', *, *, #6063, .T. ) ;
#4411 = CARTESIAN_POINT ( 'NONE',  ( 1.137499999999999700, 0.5999999999999999800, -0.2974999999999999300 ) ) ;
#4412 = VECTOR ( 'NONE', #5548, 39.37007874015748100 ) ;
#4413 = EDGE_CURVE ( 'NONE', #8074, #1498, #5243, .T. ) ;
#4414 = CARTESIAN_POINT ( 'NONE',  ( 0.8332132034392821800, 0.01600000000118334900, 0.01499999999908508000 ) ) ;
#4415 = DIRECTION ( 'NONE',  ( -4.153954829891640800E-015, 1.000000000000000000, 0.0000000000000000000 ) ) ;
#4416 = ORIENTED_EDGE ( 'NONE', *, *, #8813, .T. ) ;
#4417 = DIRECTION ( 'NONE',  ( 0.0000000000000000000, -1.000000000000000000, -1.979599995408885400E-016 ) ) ;
#4418 = LINE ( 'NONE', #3570, #1864 ) ;
#4419 = DIRECTION ( 'NONE',  ( -7.189073667537545100E-016, 0.0000000000000000000, 1.000000000000000000 ) ) ;
#4420 = CC_DESIGN_DATE_AND_TIME_ASSIGNMENT ( #9827, #6837, ( #1850 ) ) ;
#4421 = ORIENTED_EDGE ( 'NONE', *, *, #9422, .F. ) ;
#4422 = ORIENTED_EDGE ( 'NONE', *, *, #296, .F. ) ;
#4423 = ADVANCED_FACE ( 'NONE', ( #169 ), #7266, .F. ) ;
#4424 = ORIENTED_EDGE ( 'NONE', *, *, #3387, .F. ) ;
#4425 = CARTESIAN_POINT ( 'NONE',  ( 0.5624999999999998900, 0.5180000000000000200, -0.2210000000000000600 ) ) ;
#4426 = DIRECTION ( 'NONE',  ( 0.0000000000000000000, 0.0000000000000000000, 1.000000000000000000 ) ) ;
#4427 = FACE_OUTER_BOUND ( 'NONE', #1571, .T. ) ;
#4428 = DIRECTION ( 'NONE',  ( 0.0000000000000000000, 0.0000000000000000000, 1.000000000000000000 ) ) ;
#4429 = FACE_OUTER_BOUND ( 'NONE', #8002, .T. ) ;
#4430 = ORIENTED_EDGE ( 'NONE', *, *, #4640, .T. ) ;
#4431 = FACE_OUTER_BOUND ( 'NONE', #3175, .T. ) ;
#4432 = ORIENTED_EDGE ( 'NONE', *, *, #7607, .T. ) ;
#4433 = EDGE_CURVE ( 'NONE', #524, #9993, #2781, .T. ) ;
#4434 = VECTOR ( 'NONE', #5220, 39.37007874015748100 ) ;
#4435 = DATE_AND_TIME ( #6649, #8779 ) ;
#4436 = DIRECTION ( 'NONE',  ( 0.0000000000000000000, 0.0000000000000000000, 1.000000000000000000 ) ) ;
#4437 = DIRECTION ( 'NONE',  ( 1.000000000000000000, 0.0000000000000000000, 0.0000000000000000000 ) ) ;
#4438 = CALENDAR_DATE ( 2019, 15, 10 ) ;
#4439 = ORIENTED_EDGE ( 'NONE', *, *, #915, .T. ) ;
#4440 = CARTESIAN_POINT ( 'NONE',  ( 0.3564999999999999800, 0.4749999999999999800, -0.3440000000000000800 ) ) ;
#4441 = LINE ( 'NONE', #9249, #1889 ) ;
#4442 = ORIENTED_EDGE ( 'NONE', *, *, #1957, .T. ) ;
#4443 = ORIENTED_EDGE ( 'NONE', *, *, #6294, .F. ) ;
#4444 = ORIENTED_EDGE ( 'NONE', *, *, #7586, .T. ) ;
#4445 = CARTESIAN_POINT ( 'NONE',  ( 1.267500000000000100, 0.4749999999999999800, -0.3130000000000000600 ) ) ;
#4446 = DIRECTION ( 'NONE',  ( -0.0000000000000000000, 0.0000000000000000000, 1.000000000000000000 ) ) ;
#4447 = ORIENTED_EDGE ( 'NONE', *, *, #3642, .T. ) ;
#4448 = EDGE_LOOP ( 'NONE', ( #3151, #3041, #8905, #2346 ) ) ;
#4449 = COORDINATED_UNIVERSAL_TIME_OFFSET ( 5, 0, .BEHIND. ) ;
#4450 = DIRECTION ( 'NONE',  ( -0.0000000000000000000, -0.0000000000000000000, 1.000000000000000000 ) ) ;
#4451 = EDGE_CURVE ( 'NONE', #10310, #7814, #7155, .T. ) ;
#4452 = ORIENTED_EDGE ( 'NONE', *, *, #5985, .T. ) ;
#4453 = EDGE_CURVE ( 'NONE', #7137, #1979, #4976, .T. ) ;
#4454 = ORIENTED_EDGE ( 'NONE', *, *, #5114, .T. ) ;
#4456 = B_SPLINE_CURVE_WITH_KNOTS ( 'NONE', 3,
 ( #10399, #6688, #123, #1645, #1709, #2089, #4070, #9331, #3776, #3769 ),
 .UNSPECIFIED., .F., .F.,
 ( 4, 2, 2, 2, 4 ),
 ( 0.0000000000000000000, 0.0001254866033565543200, 0.0002509732067131085800, 0.0003764598100696629300, 0.0005019464134262172700 ),
 .UNSPECIFIED. ) ;
#4455 = VECTOR ( 'NONE', #7013, 39.37007874015748100 ) ;
#4457 = EDGE_LOOP ( 'NONE', ( #5998, #10461 ) ) ;
#4458 = CARTESIAN_POINT ( 'NONE',  ( 0.9787223830974584000, 0.0000000000000000000, -0.01000000000000000000 ) ) ;
#4459 = ORIENTED_EDGE ( 'NONE', *, *, #10468, .T. ) ;
#4460 = FACE_OUTER_BOUND ( 'NONE', #1538, .T. ) ;
#4461 = CARTESIAN_POINT ( 'NONE',  ( 0.9974999999999999400, 0.3450000000000002000, -0.09750000000000001700 ) ) ;
#4462 = DIRECTION ( 'NONE',  ( -1.000000000000000000, -9.478405032071569600E-013, 3.681880435717674700E-013 ) ) ;
#4463 = DIRECTION ( 'NONE',  ( 1.000000000000000000, 0.0000000000000000000, 7.189073667537545100E-016 ) ) ;
#4464 = PERSON_AND_ORGANIZATION ( #8983, #828 ) ;
#4465 = CARTESIAN_POINT ( 'NONE',  ( 0.8974999999999999600, 0.05000000000000000300, -0.2975000000000001000 ) ) ;
#4466 = ORIENTED_EDGE ( 'NONE', *, *, #9005, .T. ) ;
#4467 = ORIENTED_EDGE ( 'NONE', *, *, #8695, .T. ) ;
#4468 = VECTOR ( 'NONE', #2129, 39.37007874015748100 ) ;
#4469 = EDGE_CURVE ( 'NONE', #9874, #4293, #10921, .T. ) ;
#4470 = SHAPE_DEFINITION_REPRESENTATION ( #1729, #6361 ) ;
#4471 = AXIS2_PLACEMENT_3D ( 'NONE', #8465, #7596, #6834 ) ;
#4472 = CARTESIAN_POINT ( 'NONE',  ( 0.5374999999999999800, 0.3450000000000001400, -0.1480000000000000200 ) ) ;
#4473 = AXIS2_PLACEMENT_3D ( 'NONE', #470, #435, #425 ) ;
#4474 = VECTOR ( 'NONE', #8440, 39.37007874015748100 ) ;
#4475 = CARTESIAN_POINT ( 'NONE',  ( -0.0000000000000000000, 0.2268432979619829900, 0.0000000000000000000 ) ) ;
#4476 = DIRECTION ( 'NONE',  ( 0.0000000000000000000, -1.000000000000000000, 0.0000000000000000000 ) ) ;
#4477 = ORIENTED_EDGE ( 'NONE', *, *, #7161, .T. ) ;
#4478 = LINE ( 'NONE', #7807, #1932 ) ;
#4479 = CARTESIAN_POINT ( 'NONE',  ( 0.5974999999999999200, 0.05000000000000000300, -0.09750000000000005900 ) ) ;
#4480 = DIRECTION ( 'NONE',  ( -1.000000000000000000, 0.0000000000000000000, 0.0000000000000000000 ) ) ;
#4481 = ADVANCED_FACE ( 'NONE', ( #9267 ), #7748, .F. ) ;
#4482 = CARTESIAN_POINT ( 'NONE',  ( 0.5974999999999999200, 0.3450000000000001400, -0.2220000000000000600 ) ) ;
#4483 = FACE_OUTER_BOUND ( 'NONE', #5976, .T. ) ;
#4484 = ORIENTED_EDGE ( 'NONE', *, *, #1973, .T. ) ;
#4485 = EDGE_CURVE ( 'NONE', #4272, #37, #10708, .T. ) ;
#4486 = CARTESIAN_POINT ( 'NONE',  ( 0.6132132034354841300, 0.03400000000140287300, -0.01499999999649283100 ) ) ;
#4487 = EDGE_LOOP ( 'NONE', ( #819, #911, #1533, #9439 ) ) ;
#4488 = VERTEX_POINT ( 'NONE', #8557 ) ;
#4489 = AXIS2_PLACEMENT_3D ( 'NONE', #4689, #3506, #1373 ) ;
#4490 = ORIENTED_EDGE ( 'NONE', *, *, #2045, .F. ) ;
#4491 = SECURITY_CLASSIFICATION ( '', '', #244 ) ;
#4492 = CARTESIAN_POINT ( 'NONE',  ( 0.5374999999999999800, 0.05000000000000000300, -0.1499999999999999900 ) ) ;
#4493 = VECTOR ( 'NONE', #6729, 39.37007874015748100 ) ;
#4494 = CARTESIAN_POINT ( 'NONE',  ( 0.0000000000000000000, 0.4231567020380508400, 0.0000000000000000000 ) ) ;
#4495 = LINE ( 'NONE', #6268, #6709 ) ;
#4496 = DIRECTION ( 'NONE',  ( 0.0000000000000000000, -1.000000000000000000, -5.691349986800549600E-017 ) ) ;
#4497 = DIRECTION ( 'NONE',  ( -0.0000000000000000000, 0.0000000000000000000, 1.000000000000000000 ) ) ;
#4498 = VERTEX_POINT ( 'NONE', #9497 ) ;
#4499 = DIRECTION ( 'NONE',  ( 1.000000000000000000, -0.0000000000000000000, -0.0000000000000000000 ) ) ;
#4501 = DIRECTION ( 'NONE',  ( 1.000000000000000000, -0.0000000000000000000, -0.0000000000000000000 ) ) ;
#4500 = LINE ( 'NONE', #7863, #1949 ) ;
#4502 = CARTESIAN_POINT ( 'NONE',  ( 0.9885380533012991800, 0.4231567020380508400, -0.01000000000000000000 ) ) ;
#4503 = LINE ( 'NONE', #3632, #4412 ) ;
#4504 = EDGE_CURVE ( 'NONE', #832, #2304, #4418, .T. ) ;
#4505 = CARTESIAN_POINT ( 'NONE',  ( 0.5365264404161153000, 0.4133410318342099500, -0.01000000000000000000 ) ) ;
#4506 = DIRECTION ( 'NONE',  ( 0.0000000000000000000, 1.000000000000000000, 1.707404996040164500E-016 ) ) ;
#4507 = VECTOR ( 'NONE', #6058, 39.37007874015748100 ) ;
#4508 = ORIENTED_EDGE ( 'NONE', *, *, #6895, .T. ) ;
#4509 = DIRECTION ( 'NONE',  ( -0.0000000000000000000, -1.352399996863497200E-015, -1.000000000000000000 ) ) ;
#4510 = CYLINDRICAL_SURFACE ( 'NONE', #7585, 0.01350000000000000700 ) ;
#4511 = CARTESIAN_POINT ( 'NONE',  ( 0.1536499778714801900, 0.06956181146424517100, -0.02499999999694102100 ) ) ;
#4512 = VECTOR ( 'NONE', #5115, 39.37007874015748100 ) ;
#4513 = CARTESIAN_POINT ( 'NONE',  ( 0.7083006689826733000, 0.2405852362473140900, -0.01000000000000000000 ) ) ;
#4514 = ORIENTED_EDGE ( 'NONE', *, *, #7440, .F. ) ;
#4515 = ORIENTED_EDGE ( 'NONE', *, *, #7688, .F. ) ;
#4516 = AXIS2_PLACEMENT_3D ( 'NONE', #264, #180, #199 ) ;
#4517 = ORIENTED_EDGE ( 'NONE', *, *, #8674, .F. ) ;
#4518 = EDGE_CURVE ( 'NONE', #7441, #1554, #6637, .T. ) ;
#4519 = VECTOR ( 'NONE', #1287, 39.37007874015748100 ) ;
#4520 = EDGE_CURVE ( 'NONE', #2220, #394, #8765, .T. ) ;
#4521 = CARTESIAN_POINT ( 'NONE',  ( 0.6506336065353510700, 0.4162857328953860600, -0.01000000000000000000 ) ) ;
#4522 = DIRECTION ( 'NONE',  ( 0.0000000000000000000, -3.691686477924679400E-015, -1.000000000000000000 ) ) ;
#4523 = LINE ( 'NONE', #6493, #4512 ) ;
#4524 = ORIENTED_EDGE ( 'NONE', *, *, #9245, .F. ) ;
#4525 = EDGE_LOOP ( 'NONE', ( #4593, #3613, #5374, #8209 ) ) ;
#4526 = LINE ( 'NONE', #3995, #2318 ) ;
#4527 = EDGE_LOOP ( 'NONE', ( #2095, #8574, #3421, #6190 ) ) ;
#4528 = CARTESIAN_POINT ( 'NONE',  ( 0.8923444853039821400, 0.3416866393464817500, -0.01000000000000000000 ) ) ;
#4529 = EDGE_CURVE ( 'NONE', #3094, #3083, #10490, .T. ) ;
#4530 = ADVANCED_FACE ( 'NONE', ( #8305 ), #3203, .T. ) ;
#4531 = DIRECTION ( 'NONE',  ( 0.0000000000000000000, 1.000000000000000000, 0.0000000000000000000 ) ) ;
#4532 = PLANE ( 'NONE',  #10078 ) ;
#4533 = EDGE_CURVE ( 'NONE', #7227, #9175, #8530, .T. ) ;
#4534 = EDGE_CURVE ( 'NONE', #3437, #5726, #6135, .T. ) ;
#4535 = DIRECTION ( 'NONE',  ( -3.681989669462878400E-013, 7.789823685977714400E-013, 1.000000000000000000 ) ) ;
#4536 = DIRECTION ( 'NONE',  ( 0.0000000000000000000, 0.0000000000000000000, 1.000000000000000000 ) ) ;
#4537 = CARTESIAN_POINT ( 'NONE',  ( 0.8923444853039821400, 0.3416866393464817500, -0.01000000000000000000 ) ) ;
#4538 = EDGE_LOOP ( 'NONE', ( #1381, #3496, #7249, #6880 ) ) ;
#4539 = DIRECTION ( 'NONE',  ( -0.0000000000000000000, -0.0000000000000000000, 1.000000000000000000 ) ) ;
#4540 = CIRCLE ( 'NONE', #9747, 0.009815670203796237100 ) ;
#4541 = DIRECTION ( 'NONE',  ( -1.000000000000000000, 0.0000000000000000000, -0.0000000000000000000 ) ) ;
#4542 = VERTEX_POINT ( 'NONE', #9920 ) ;
#4543 = CARTESIAN_POINT ( 'NONE',  ( 0.5374999999999999800, 0.2699999999999999100, -0.2210000000000000900 ) ) ;
#4544 = ORIENTED_EDGE ( 'NONE', *, *, #144, .F. ) ;
#4545 = CARTESIAN_POINT ( 'NONE',  ( 0.5974999999999999200, 0.2699999999999999100, -0.2210000000000000900 ) ) ;
#4546 = CIRCLE ( 'NONE', #6793, 0.006870969142663458500 ) ;
#4547 = AXIS2_PLACEMENT_3D ( 'NONE', #3160, #2168, #2132 ) ;
#4548 = EDGE_LOOP ( 'NONE', ( #3469, #2478, #2708, #2900, #4381, #10001, #4907, #3611, #3003, #1822, #1953, #2644 ) ) ;
#4549 = PRODUCT_DEFINITION_FORMATION_WITH_SPECIFIED_SOURCE ( 'ANY', '', #9048, .NOT_KNOWN. ) ;
#4550 = ADVANCED_FACE ( 'NONE', ( #4106 ), #449, .F. ) ;
#4551 = EDGE_LOOP ( 'NONE', ( #2462, #8997, #6867, #10689, #10460, #8285, #7148, #5850, #9786, #8034, #7525 ) ) ;
#4552 = CIRCLE ( 'NONE', #7194, 0.01000000000015175000 ) ;
#4553 =( NAMED_UNIT ( * ) PLANE_ANGLE_UNIT ( ) SI_UNIT ( $, .RADIAN. ) );
#4554 = CARTESIAN_POINT ( 'NONE',  ( 0.8329596805709869000, 0.2337142671046477700, -0.01000000000000000000 ) ) ;
#4555 = ORIENTED_EDGE ( 'NONE', *, *, #8708, .T. ) ;
#4556 = VECTOR ( 'NONE', #4789, 39.37007874015748100 ) ;
#4557 = PLANE ( 'NONE',  #6687 ) ;
#4558 = CARTESIAN_POINT ( 'NONE',  ( 0.5374999999999999800, 0.5180000000000000200, -0.2210000000000001100 ) ) ;
#4559 = ORIENTED_EDGE ( 'NONE', *, *, #9860, .T. ) ;
#4560 = EDGE_CURVE ( 'NONE', #959, #9062, #10044, .T. ) ;
#4561 = VECTOR ( 'NONE', #1613, 39.37007874015748100 ) ;
#4562 = ORIENTED_EDGE ( 'NONE', *, *, #6002, .T. ) ;
#4563 = CIRCLE ( 'NONE', #8293, 0.03999999999999998000 ) ;
#4564 = DIRECTION ( 'NONE',  ( -1.000000000000000000, 0.0000000000000000000, -0.0000000000000000000 ) ) ;
#4565 = ORGANIZATION ( 'NAUO-ORG16', 'UNSPECIFIED', 'UNSPECIFIED' ) ;
#4566 = CARTESIAN_POINT ( 'NONE',  ( 0.1332132034341574300, 0.05766667903142856700, 0.02483333951527556800 ) ) ;
#4567 = LINE ( 'NONE', #7667, #6286 ) ;
#4568 = EDGE_LOOP ( 'NONE', ( #2879, #2307, #6487, #6094 ) ) ;
#4569 = CARTESIAN_POINT ( 'NONE',  ( 1.197499999999999800, 0.5999999999999999800, -0.2974999999999999300 ) ) ;
#4570 = VERTEX_POINT ( 'NONE', #7310 ) ;
#4572 = ORIENTED_EDGE ( 'NONE', *, *, #7586, .F. ) ;
#4571 = VERTEX_POINT ( 'NONE', #9101 ) ;
#4573 = CARTESIAN_POINT ( 'NONE',  ( 0.8398306497136467400, 0.0000000000000000000, -0.01000000000000000000 ) ) ;
#4574 = VERTEX_POINT ( 'NONE', #10378 ) ;
#4575 = DATE_AND_TIME ( #6783, #8909 ) ;
#4576 = CALENDAR_DATE ( 2019, 15, 10 ) ;
#4577 = DIRECTION ( 'NONE',  ( -0.0000000000000000000, 1.000000000000000000, -0.0000000000000000000 ) ) ;
#4578 = ORIENTED_EDGE ( 'NONE', *, *, #4727, .T. ) ;
#4579 = ORIENTED_EDGE ( 'NONE', *, *, #3152, .T. ) ;
#4580 = AXIS2_PLACEMENT_3D ( 'NONE', #7531, #7267, #7242 ) ;
#4581 = EDGE_CURVE ( 'NONE', #8442, #10987, #8054, .T. ) ;
#4582 = FACE_OUTER_BOUND ( 'NONE', #10205, .T. ) ;
#4583 = ORIENTED_EDGE ( 'NONE', *, *, #7523, .T. ) ;
#4584 = EDGE_CURVE ( 'NONE', #3529, #7160, #3499, .T. ) ;
#4585 = CARTESIAN_POINT ( 'NONE',  ( 1.347499999999999700, 0.5999999999999999800, 0.0000000000000000000 ) ) ;
#4586 = CYLINDRICAL_SURFACE ( 'NONE', #9596, 0.01000000000015175000 ) ;
#4587 = CARTESIAN_POINT ( 'NONE',  ( 0.9974999999999999400, 0.5180000000000000200, -0.2610000000000000700 ) ) ;
#4588 = CARTESIAN_POINT ( 'NONE',  ( 0.0000000000000000000, 0.5999999999999999800, 0.0000000000000000000 ) ) ;
#4589 = FACE_OUTER_BOUND ( 'NONE', #1697, .T. ) ;
#4590 = PERSON_AND_ORGANIZATION ( #8983, #828 ) ;
#4591 = ADVANCED_FACE ( 'NONE', ( #5879 ), #5996, .F. ) ;
#4592 = ADVANCED_FACE ( 'NONE', ( #9811 ), #797, .F. ) ;
#4593 = ORIENTED_EDGE ( 'NONE', *, *, #6511, .T. ) ;
#4594 = DIRECTION ( 'NONE',  ( 1.000000000000000200, 8.055057399101522600E-012, -5.203623633218455500E-012 ) ) ;
#4596 = CARTESIAN_POINT ( 'NONE',  ( 1.635000000000000000, 0.0000000000000000000, -0.3700000000000000000 ) ) ;
#4595 = VECTOR ( 'NONE', #1757, 39.37007874015748100 ) ;
#4597 = VERTEX_POINT ( 'NONE', #5285 ) ;
#4598 = LINE ( 'NONE', #8059, #8682 ) ;
#4599 = ORIENTED_EDGE ( 'NONE', *, *, #6346, .T. ) ;
#4600 = EDGE_CURVE ( 'NONE', #1993, #5465, #7821, .T. ) ;
#4601 = EDGE_CURVE ( 'NONE', #3039, #3473, #3198, .T. ) ;
#4602 = VERTEX_POINT ( 'NONE', #3299 ) ;
#4603 = CARTESIAN_POINT ( 'NONE',  ( 1.242499999999999900, 0.05000000000000000300, 0.0000000000000000000 ) ) ;
#4604 = CYLINDRICAL_SURFACE ( 'NONE', #6000, 0.009815670203840084000 ) ;
#4605 = PLANE ( 'NONE',  #5886 ) ;
#4606 = VECTOR ( 'NONE', #8318, 39.37007874015748100 ) ;
#4607 = DIRECTION ( 'NONE',  ( 1.000000000000000000, 0.0000000000000000000, 0.0000000000000000000 ) ) ;
#4608 = DIRECTION ( 'NONE',  ( 1.000000000000000000, 0.0000000000000000000, 0.0000000000000000000 ) ) ;
#4609 = CARTESIAN_POINT ( 'NONE',  ( 0.3924999999999996800, 0.05000000000000000300, -0.07250000000000000900 ) ) ;
#4610 = DIRECTION ( 'NONE',  ( 1.000000000000000000, 0.0000000000000000000, 0.0000000000000000000 ) ) ;
#4611 = DIRECTION ( 'NONE',  ( -0.0000000000000000000, 0.0000000000000000000, 1.000000000000000000 ) ) ;
#4612 = FACE_OUTER_BOUND ( 'NONE', #8024, .T. ) ;
#4613 = ORIENTED_EDGE ( 'NONE', *, *, #10954, .T. ) ;
#4614 = CARTESIAN_POINT ( 'NONE',  ( 0.1332132034356853500, 0.05750000000114703600, -0.02475000000112380400 ) ) ;
#4615 = VERTEX_POINT ( 'NONE', #9141 ) ;
#4616 = AXIS2_PLACEMENT_3D ( 'NONE', #9969, #5245, #10690 ) ;
#4617 = CIRCLE ( 'NONE', #9375, 0.06399999999999984900 ) ;
#4618 = DIRECTION ( 'NONE',  ( -0.0000000000000000000, 0.0000000000000000000, 1.000000000000000000 ) ) ;
#4619 = DIRECTION ( 'NONE',  ( 0.0000000000000000000, -3.691686477924679400E-015, -1.000000000000000000 ) ) ;
#4620 = ORIENTED_EDGE ( 'NONE', *, *, #10675, .T. ) ;
#4621 = LINE ( 'NONE', #1728, #10424 ) ;
#4622 = CARTESIAN_POINT ( 'NONE',  ( 1.347499999999999700, 0.2500000000000000000, 0.0000000000000000000 ) ) ;
#4623 = FACE_BOUND ( 'NONE', #6238, .T. ) ;
#4624 = DIRECTION ( 'NONE',  ( -8.054752014271279800E-012, -1.000000000000000000, 9.472423642657713700E-013 ) ) ;
#4625 = EDGE_CURVE ( 'NONE', #6731, #7921, #9589, .T. ) ;
#4626 = VERTEX_POINT ( 'NONE', #5021 ) ;
#4627 = CC_DESIGN_APPROVAL ( #3991, ( #2753 ) ) ;
#4628 = VERTEX_POINT ( 'NONE', #4840 ) ;
#4629 = DIRECTION ( 'NONE',  ( -0.0000000000000000000, 0.0000000000000000000, 1.000000000000000000 ) ) ;
#4630 = LINE ( 'NONE', #2423, #8720 ) ;
#4631 = ORIENTED_EDGE ( 'NONE', *, *, #4645, .F. ) ;
#4632 = CARTESIAN_POINT ( 'NONE',  ( 0.8374999999999999100, 0.3450000000000002000, -0.2725000000000000200 ) ) ;
#4633 = CARTESIAN_POINT ( 'NONE',  ( 0.8923444853039821400, 0.0000000000000000000, -0.01000000000000000000 ) ) ;
#4634 = VECTOR ( 'NONE', #9843, 39.37007874015748100 ) ;
#4635 = DIRECTION ( 'NONE',  ( 0.0000000000000000000, 1.000000000000000000, -0.0000000000000000000 ) ) ;
#4636 = CARTESIAN_POINT ( 'NONE',  ( 0.6575045756779975800, 0.2337142671046477700, -0.01000000000000000000 ) ) ;
#4637 = ORIENTED_EDGE ( 'NONE', *, *, #2316, .F. ) ;
#4638 = CARTESIAN_POINT ( 'NONE',  ( 0.9885380533012991800, 0.4133410318342099500, 0.0000000000000000000 ) ) ;
#4639 = ADVANCED_FACE ( 'NONE', ( #5357 ), #703, .F. ) ;
#4640 = EDGE_CURVE ( 'NONE', #1461, #2910, #2913, .T. ) ;
#4641 = DIRECTION ( 'NONE',  ( 0.0000000000000000000, 1.000000000000000000, 4.553079989440425900E-016 ) ) ;
#4642 = VECTOR ( 'NONE', #464, 39.37007874015748100 ) ;
#4643 = ORIENTED_EDGE ( 'NONE', *, *, #3870, .T. ) ;
#4644 = AXIS2_PLACEMENT_3D ( 'NONE', #3123, #2293, #2092 ) ;
#4645 = EDGE_CURVE ( 'NONE', #7457, #5365, #626, .T. ) ;
#4646 = ORIENTED_EDGE ( 'NONE', *, *, #6766, .F. ) ;
#4647 = DIRECTION ( 'NONE',  ( 1.000000000000000000, 0.0000000000000000000, -0.0000000000000000000 ) ) ;
#4648 = ORIENTED_EDGE ( 'NONE', *, *, #3387, .T. ) ;
#4649 = ORIENTED_EDGE ( 'NONE', *, *, #7735, .F. ) ;
#4650 = DIRECTION ( 'NONE',  ( -0.0000000000000000000, 0.0000000000000000000, -1.000000000000000000 ) ) ;
#4651 = VERTEX_POINT ( 'NONE', #9854 ) ;
#4652 = EDGE_LOOP ( 'NONE', ( #6888, #933, #9576, #7264 ) ) ;
#4653 = LINE ( 'NONE', #10761, #10459 ) ;
#4654 = ORIENTED_EDGE ( 'NONE', *, *, #7603, .T. ) ;
#4655 = PLANE ( 'NONE',  #9837 ) ;
#4656 = EDGE_LOOP ( 'NONE', ( #10711, #3314, #887, #3635 ) ) ;
#4657 = CARTESIAN_POINT ( 'NONE',  ( 0.4974999999999998300, 0.05000000000000000300, -0.2975000000000001000 ) ) ;
#4658 = CARTESIAN_POINT ( 'NONE',  ( 0.4374999999999998900, 0.3450000000000002000, -0.2725000000000000200 ) ) ;
#4659 = ORIENTED_EDGE ( 'NONE', *, *, #4286, .T. ) ;
#4660 = ADVANCED_FACE ( 'NONE', ( #320 ), #13, .T. ) ;
#4661 = EDGE_CURVE ( 'NONE', #7130, #7227, #2658, .T. ) ;
#4662 = EDGE_CURVE ( 'NONE', #2242, #1131, #953, .T. ) ;
#4663 = ORIENTED_EDGE ( 'NONE', *, *, #4682, .T. ) ;
#4664 = CARTESIAN_POINT ( 'NONE',  ( 0.9675000000022229200, 0.6712132034341625800, -0.3100000000010567600 ) ) ;
#4665 = VERTEX_POINT ( 'NONE', #8534 ) ;
#4666 = CARTESIAN_POINT ( 'NONE',  ( 0.4974999999999998900, 0.2700000000000001800, -0.1480000000000000800 ) ) ;
#4667 = LINE ( 'NONE', #1233, #6877 ) ;
#4668 = ORIENTED_EDGE ( 'NONE', *, *, #2857, .F. ) ;
#4669 = ORIENTED_EDGE ( 'NONE', *, *, #4810, .T. ) ;
#4670 = ORIENTED_EDGE ( 'NONE', *, *, #5650, .T. ) ;
#4671 = PRODUCT_DEFINITION_SHAPE ( 'NONE', 'NONE',  #11007 ) ;
#4672 = VECTOR ( 'NONE', #5679, 39.37007874015748100 ) ;
#4673 = DIRECTION ( 'NONE',  ( -9.478563083388219400E-013, -1.000000000000000000, -7.789823685982827700E-013 ) ) ;
#4674 = DIRECTION ( 'NONE',  ( 1.000000000000000000, -0.0000000000000000000, -0.0000000000000000000 ) ) ;
#4675 = LINE ( 'NONE', #8341, #1856 ) ;
#4676 = ORIENTED_EDGE ( 'NONE', *, *, #8579, .T. ) ;
#4677 = CARTESIAN_POINT ( 'NONE',  ( 0.0000000000000000000, 0.3539562271012334200, -0.01000000000000000000 ) ) ;
#4678 = ORIENTED_EDGE ( 'NONE', *, *, #9756, .F. ) ;
#4679 = DIRECTION ( 'NONE',  ( -1.000000000000000000, 0.0000000000000000000, 0.0000000000000000000 ) ) ;
#4680 = EDGE_CURVE ( 'NONE', #2424, #4909, #9688, .T. ) ;
#4681 = ORIENTED_EDGE ( 'NONE', *, *, #774, .T. ) ;
#4682 = EDGE_CURVE ( 'NONE', #9366, #3456, #7024, .T. ) ;
#4683 = AXIS2_PLACEMENT_3D ( 'NONE', #9271, #9207, #964 ) ;
#4684 = CARTESIAN_POINT ( 'NONE',  ( 0.9517292900370114600, 0.4133410318342102300, -0.01000000000000000000 ) ) ;
#4685 = ORIENTED_EDGE ( 'NONE', *, *, #5923, .T. ) ;
#4686 = VECTOR ( 'NONE', #10506, 39.37007874015748100 ) ;
#4687 = CARTESIAN_POINT ( 'NONE',  ( 0.8825288151001879900, 0.3181290308573496200, -0.01000000000000000000 ) ) ;
#4688 = ORIENTED_EDGE ( 'NONE', *, *, #10481, .T. ) ;
#4689 = CARTESIAN_POINT ( 'NONE',  ( 0.8374999999999999100, 0.5180000000000000200, -0.1089999999999998900 ) ) ;
#4690 = ORIENTED_EDGE ( 'NONE', *, *, #5098, .F. ) ;
#4691 = ORIENTED_EDGE ( 'NONE', *, *, #2707, .F. ) ;
#4693 = ORIENTED_EDGE ( 'NONE', *, *, #3239, .T. ) ;
#4692 = CARTESIAN_POINT ( 'NONE',  ( 1.267500000000000100, 0.4749999999999999800, -0.2809999999999996900 ) ) ;
#4694 = DIRECTION ( 'NONE',  ( -1.000000000000000000, -4.637095155912253200E-013, 3.682100178960423100E-013 ) ) ;
#4695 = LINE ( 'NONE', #7387, #4984 ) ;
#4696 = CC_DESIGN_PERSON_AND_ORGANIZATION_ASSIGNMENT ( #350, #1155, ( #1517 ) ) ;
#4697 = ADVANCED_FACE ( 'NONE', ( #10807 ), #6436, .F. ) ;
#4698 = EDGE_LOOP ( 'NONE', ( #2988, #4693, #1792, #5748 ) ) ;
#4699 = VERTEX_POINT ( 'NONE', #6449 ) ;
#4700 = DIRECTION ( 'NONE',  ( -1.000000000000000000, 8.054752014276220300E-012, 5.203555549537171000E-012 ) ) ;
#4701 = CARTESIAN_POINT ( 'NONE',  ( 1.197499999999999800, 0.5999999999999999800, -0.2974999999999999300 ) ) ;
#4702 = PRODUCT_DEFINITION_SHAPE ( 'NONE', 'NONE',  #11010 ) ;
#4703 = VERTEX_POINT ( 'NONE', #1184 ) ;
#4704 = ORIENTED_EDGE ( 'NONE', *, *, #7362, .F. ) ;
#4705 = ORIENTED_EDGE ( 'NONE', *, *, #6978, .F. ) ;
#4706 = DIRECTION ( 'NONE',  ( 1.000000000000000000, -0.0000000000000000000, -0.0000000000000000000 ) ) ;
#4707 = ITEM_DEFINED_TRANSFORMATION ( 'NONE', 'NONE', #7198,  #8995 ) ;
#4708 = DIRECTION ( 'NONE',  ( 1.000000000000000000, 0.0000000000000000000, 0.0000000000000000000 ) ) ;
#4709 = VECTOR ( 'NONE', #9030, 39.37007874015748100 ) ;
#4710 = EDGE_CURVE ( 'NONE', #1334, #9021, #4816, .T. ) ;
#4711 = CARTESIAN_POINT ( 'NONE',  ( 0.9374999999999998900, 0.2699999999999999100, -0.2220000000000000600 ) ) ;
#4712 = CARTESIAN_POINT ( 'NONE',  ( 0.6871969780444986400, 0.4025437946100565700, -0.01000000000000000000 ) ) ;
#4713 = DIRECTION ( 'NONE',  ( 0.0000000000000000000, 1.000000000000000000, 4.553079989440424900E-016 ) ) ;
#4714 = ORIENTED_EDGE ( 'NONE', *, *, #9234, .T. ) ;
#4715 = DATE_AND_TIME ( #6924, #9047 ) ;
#4716 = CARTESIAN_POINT ( 'NONE',  ( 1.197499999999999800, 0.3450000000000002000, -0.09750000000000000300 ) ) ;
#4717 = PERSON_AND_ORGANIZATION ( #7478, #6927 ) ;
#4718 = CARTESIAN_POINT ( 'NONE',  ( 0.9974999999999999400, 0.2700000000000001800, -0.1480000000000000200 ) ) ;
#4719 = LINE ( 'NONE', #10288, #6930 ) ;
#4720 = ORIENTED_EDGE ( 'NONE', *, *, #5114, .F. ) ;
#4721 = LINE ( 'NONE', #2205, #4493 ) ;
#4722 = VECTOR ( 'NONE', #6724, 39.37007874015748100 ) ;
#4723 = VERTEX_POINT ( 'NONE', #10451 ) ;
#4724 = CARTESIAN_POINT ( 'NONE',  ( 0.8260887114283307400, 0.2337142671046477700, -0.01000000000000000000 ) ) ;
#4725 = CALENDAR_DATE ( 2019, 15, 10 ) ;
#4726 = DIRECTION ( 'NONE',  ( 1.000000000000000000, 0.0000000000000000000, 0.0000000000000000000 ) ) ;
#4727 = EDGE_CURVE ( 'NONE', #2134, #8268, #5107, .T. ) ;
#4728 = VERTEX_POINT ( 'NONE', #5798 ) ;
#4729 = DIRECTION ( 'NONE',  ( -0.0000000000000000000, 0.0000000000000000000, 1.000000000000000000 ) ) ;
#4730 = EDGE_CURVE ( 'NONE', #1498, #5241, #4546, .T. ) ;
#4731 = VECTOR ( 'NONE', #2615, 39.37007874015748100 ) ;
#4732 = CARTESIAN_POINT ( 'NONE',  ( 0.9974999999999999400, 0.05000000000000000300, -0.1499999999999999900 ) ) ;
#4733 = CARTESIAN_POINT ( 'NONE',  ( 0.6871969780444986400, 0.2474562053899773100, -0.01000000000000000000 ) ) ;
#4734 = CIRCLE ( 'NONE', #6102, 0.01350000000020486000 ) ;
#4735 = VECTOR ( 'NONE', #5231, 39.37007874015748100 ) ;
#4736 = LINE ( 'NONE', #6921, #9070 ) ;
#4737 = APPLICATION_CONTEXT ( 'configuration controlled 3d designs of mechanical parts and assemblies' ) ;
#4738 = DIRECTION ( 'NONE',  ( -0.0000000000000000000, 0.0000000000000000000, -1.000000000000000000 ) ) ;
#4739 = LINE ( 'NONE', #7493, #10753 ) ;
#4740 = ORIENTED_EDGE ( 'NONE', *, *, #4842, .T. ) ;
#4741 = VECTOR ( 'NONE', #304, 39.37007874015748100 ) ;
#4742 = EDGE_CURVE ( 'NONE', #869, #8552, #6763, .T. ) ;
#4743 = CARTESIAN_POINT ( 'NONE',  ( 1.197499999999999800, 0.3450000000000002000, -0.2724999999999999600 ) ) ;
#4744 = UNCERTAINTY_MEASURE_WITH_UNIT (LENGTH_MEASURE( 1.000000000000000100E-005 ), #7207, 'distance_accuracy_value', 'NONE');
#4745 = EDGE_CURVE ( 'NONE', #7106, #4597, #2004, .T. ) ;
#4746 = VECTOR ( 'NONE', #8845, 39.37007874015748100 ) ;
#4747 = EDGE_CURVE ( 'NONE', #3034, #2188, #6505, .T. ) ;
#4748 = DIRECTION ( 'NONE',  ( -0.0000000000000000000, -0.0000000000000000000, 1.000000000000000000 ) ) ;
#4749 = ORIENTED_EDGE ( 'NONE', *, *, #10167, .F. ) ;
#4750 = VERTEX_POINT ( 'NONE', #9046 ) ;
#4751 = DIRECTION ( 'NONE',  ( 0.0000000000000000000, -1.000000000000000000, 0.0000000000000000000 ) ) ;
#4752 = ADVANCED_FACE ( 'NONE', ( #6262 ), #10846, .F. ) ;
#4753 = VECTOR ( 'NONE', #4610, 39.37007874015748100 ) ;
#4754 = EDGE_LOOP ( 'NONE', ( #1688, #9888 ) ) ;
#4755 = ORIENTED_EDGE ( 'NONE', *, *, #10586, .T. ) ;
#4756 = CARTESIAN_POINT ( 'NONE',  ( 0.7974999999999998800, 0.3450000000000001400, -0.1480000000000000200 ) ) ;
#4757 = VERTEX_POINT ( 'NONE', #1804 ) ;
#4758 = ADVANCED_FACE ( 'NONE', ( #1713 ), #10139, .T. ) ;
#4759 = LINE ( 'NONE', #1947, #4741 ) ;
#4760 = VERTEX_POINT ( 'NONE', #8066 ) ;
#4761 = LINE ( 'NONE', #8274, #8831 ) ;
#4762 = DIRECTION ( 'NONE',  ( -0.0000000000000000000, -0.0000000000000000000, 1.000000000000000000 ) ) ;
#4763 = CARTESIAN_POINT ( 'NONE',  ( 0.6371370600050838600, 0.3181290308573566100, -0.01000000000000000000 ) ) ;
#4764 = AXIS2_PLACEMENT_3D ( 'NONE', #6431, #9029, #8841 ) ;
#4765 = DIRECTION ( 'NONE',  ( 1.000000000000000000, 0.0000000000000000000, 0.0000000000000000000 ) ) ;
#4766 = LINE ( 'NONE', #7695, #6715 ) ;
#4767 = DIRECTION ( 'NONE',  ( 0.0000000000000000000, -1.979599995408886100E-016, 1.000000000000000000 ) ) ;
#4768 = ORIENTED_EDGE ( 'NONE', *, *, #3065, .F. ) ;
#4769 = CC_DESIGN_PERSON_AND_ORGANIZATION_ASSIGNMENT ( #2818, #3823, ( #2876 ) ) ;
#4770 = VECTOR ( 'NONE', #497, 39.37007874015748100 ) ;
#4771 = PLANE ( 'NONE',  #5287 ) ;
#4772 = DIRECTION ( 'NONE',  ( -0.0000000000000000000, -1.352399996863497200E-015, -1.000000000000000000 ) ) ;
#4773 = ORIENTED_EDGE ( 'NONE', *, *, #774, .F. ) ;
#4774 = VECTOR ( 'NONE', #3013, 39.37007874015748100 ) ;
#4775 = EDGE_LOOP ( 'NONE', ( #3981, #7673, #9671, #680 ) ) ;
#4776 = ORIENTED_EDGE ( 'NONE', *, *, #4662, .T. ) ;
#4777 = FACE_OUTER_BOUND ( 'NONE', #8477, .T. ) ;
#4778 = ORIENTED_EDGE ( 'NONE', *, *, #5936, .F. ) ;
#4779 = APPROVAL_STATUS ( 'not_yet_approved' ) ;
#4780 = EDGE_CURVE ( 'NONE', #166, #10019, #1409, .T. ) ;
#4781 = VECTOR ( 'NONE', #2118, 39.37007874015748100 ) ;
#4782 = AXIS2_PLACEMENT_3D ( 'NONE', #4254, #5695, #7018 ) ;
#4783 = EDGE_LOOP ( 'NONE', ( #9814, #2722, #4804, #651 ) ) ;
#4784 = CARTESIAN_POINT ( 'NONE',  ( 0.8923444853039821400, 0.3826670498449319900, -0.01000000000000000000 ) ) ;
#4785 = FACE_OUTER_BOUND ( 'NONE', #414, .T. ) ;
#4786 = ORIENTED_EDGE ( 'NONE', *, *, #1153, .F. ) ;
#4787 = DIRECTION ( 'NONE',  ( 3.687994791390789600E-013, -7.790035294315036400E-013, -1.000000000000000000 ) ) ;
#4788 = LINE ( 'NONE', #8539, #4672 ) ;
#4789 = DIRECTION ( 'NONE',  ( -1.000000000000000000, 0.0000000000000000000, 0.0000000000000000000 ) ) ;
#4790 = DIRECTION ( 'NONE',  ( -1.000000000000000000, -0.0000000000000000000, -0.0000000000000000000 ) ) ;
#4791 = DIRECTION ( 'NONE',  ( 0.0000000000000000000, 0.0000000000000000000, 1.000000000000000000 ) ) ;
#4792 = CARTESIAN_POINT ( 'NONE',  ( 0.8398306497136467400, 0.3826670624473477700, -0.01000000000000000000 ) ) ;
#4793 = AXIS2_PLACEMENT_3D ( 'NONE', #6075, #8978, #8742 ) ;
#4794 = EDGE_CURVE ( 'NONE', #10659, #2910, #10587, .T. ) ;
#4795 = VECTOR ( 'NONE', #7570, 39.37007874015748100 ) ;
#4796 = ORIENTED_EDGE ( 'NONE', *, *, #4243, .T. ) ;
#4797 = DIRECTION ( 'NONE',  ( -0.0000000000000000000, -0.0000000000000000000, 1.000000000000000000 ) ) ;
#4798 = VECTOR ( 'NONE', #620, 39.37007874015748100 ) ;
#4799 = PLANE ( 'NONE',  #747 ) ;
#4800 = DIRECTION ( 'NONE',  ( 1.000000000000000000, 0.0000000000000000000, 0.0000000000000000000 ) ) ;
#4801 = LINE ( 'NONE', #607, #4770 ) ;
#4802 = VERTEX_POINT ( 'NONE', #6744 ) ;
#4803 = DIRECTION ( 'NONE',  ( -1.000000000000000000, 0.0000000000000000000, 0.0000000000000000000 ) ) ;
#4804 = ORIENTED_EDGE ( 'NONE', *, *, #7174, .F. ) ;
#4805 = CARTESIAN_POINT ( 'NONE',  ( 0.4974999999999998900, 0.5579999999999996100, -0.07250000000000000900 ) ) ;
#4806 = LINE ( 'NONE', #1651, #1996 ) ;
#4807 = DIRECTION ( 'NONE',  ( 1.000000000000000000, 0.0000000000000000000, 0.0000000000000000000 ) ) ;
#4808 = ADVANCED_FACE ( 'NONE', ( #5997 ), #816, .F. ) ;
#4809 = EDGE_CURVE ( 'NONE', #9462, #10347, #1090, .T. ) ;
#4810 = EDGE_CURVE ( 'NONE', #5656, #5845, #8186, .T. ) ;
#4811 = APPLICATION_PROTOCOL_DEFINITION ( 'international standard', 'config_control_design', 1994, #9618 ) ;
#4812 = DIRECTION ( 'NONE',  ( -0.0000000000000000000, -1.352399996863497200E-015, -1.000000000000000000 ) ) ;
#4813 = DIRECTION ( 'NONE',  ( 1.000000000000000000, 9.477452811353084400E-013, -3.681989669454846400E-013 ) ) ;
#4814 = AXIS2_PLACEMENT_3D ( 'NONE', #1669, #1653, #1642 ) ;
#4815 = ORIENTED_EDGE ( 'NONE', *, *, #1210, .F. ) ;
#4816 = LINE ( 'NONE', #408, #8883 ) ;
#4817 = DIRECTION ( 'NONE',  ( 1.000000000000000000, -0.0000000000000000000, -0.0000000000000000000 ) ) ;
#4818 = ORIENTED_EDGE ( 'NONE', *, *, #3240, .F. ) ;
#4819 = CARTESIAN_POINT ( 'NONE',  ( 0.3361881571558419400, 0.01250000000031812600, -0.02499999999944749200 ) ) ;
#4820 = CYLINDRICAL_SURFACE ( 'NONE', #6639, 0.006870969142663458500 ) ;
#4821 = PLANE ( 'NONE',  #9967 ) ;
#4822 = DIRECTION ( 'NONE',  ( -0.0000000000000000000, -0.0000000000000000000, 1.000000000000000000 ) ) ;
#4823 = DIRECTION ( 'NONE',  ( -0.0000000000000000000, 0.0000000000000000000, 1.000000000000000000 ) ) ;
#4824 = VECTOR ( 'NONE', #4866, 39.37007874015748100 ) ;
#4825 = CARTESIAN_POINT ( 'NONE',  ( 1.037499999999999900, 0.2700000000000001800, -0.1480000000000000200 ) ) ;
#4826 = EDGE_CURVE ( 'NONE', #8874, #3158, #3634, .T. ) ;
#4827 = AXIS2_PLACEMENT_3D ( 'NONE', #7958, #3184, #7411 ) ;
#4828 = DIRECTION ( 'NONE',  ( -0.0000000000000000000, -0.0000000000000000000, 1.000000000000000000 ) ) ;
#4829 = AXIS2_PLACEMENT_3D ( 'NONE', #4716, #10245, #5567 ) ;
#4830 = ORIENTED_EDGE ( 'NONE', *, *, #1077, .T. ) ;
#4831 = ORIENTED_EDGE ( 'NONE', *, *, #1191, .T. ) ;
#4832 = LINE ( 'NONE', #4763, #5017 ) ;
#4833 = EDGE_LOOP ( 'NONE', ( #1572, #4990, #7025, #272, #9547, #1939, #8653, #4544, #10168 ) ) ;
#4834 = COORDINATED_UNIVERSAL_TIME_OFFSET ( 5, 0, .BEHIND. ) ;
#4835 = ADVANCED_FACE ( 'NONE', ( #770 ), #5482, .T. ) ;
#4836 = CARTESIAN_POINT ( 'NONE',  ( 1.267500000000000100, 0.5999999999999999800, -0.3450000000000004200 ) ) ;
#4837 = CIRCLE ( 'NONE', #3351, 0.03141014465217454400 ) ;
#4838 = CARTESIAN_POINT ( 'NONE',  ( 0.8923444853039821400, 0.3826670498449319900, -0.01000000000000000000 ) ) ;
#4839 = ORIENTED_EDGE ( 'NONE', *, *, #6297, .F. ) ;
#4840 = CARTESIAN_POINT ( 'NONE',  ( 1.267500000000000100, 0.2699999999999999100, -0.1490000000000000800 ) ) ;
#4841 = ORIENTED_EDGE ( 'NONE', *, *, #6483, .T. ) ;
#4842 = EDGE_CURVE ( 'NONE', #8874, #7385, #9702, .T. ) ;
#4843 = CARTESIAN_POINT ( 'NONE',  ( 0.4374999999999998900, 0.3450000000000002000, -0.2725000000000000200 ) ) ;
#4844 = ORIENTED_EDGE ( 'NONE', *, *, #10883, .T. ) ;
#4845 = LINE ( 'NONE', #659, #4798 ) ;
#4846 = CALENDAR_DATE ( 2019, 15, 10 ) ;
#4847 = AXIS2_PLACEMENT_3D ( 'NONE', #1411, #1783, #2060 ) ;
#4848 = CARTESIAN_POINT ( 'NONE',  ( 1.114178631909940000, 0.0000000000000000000, -0.01000000000000000000 ) ) ;
#4849 = APPROVAL ( #9830, 'UNKNOWN' ) ;
#4850 = LOCAL_TIME ( 13, 11, 25.00000000000000000, #7047 ) ;
#4851 = ORIENTED_EDGE ( 'NONE', *, *, #10550, .T. ) ;
#4852 = CARTESIAN_POINT ( 'NONE',  ( 0.1597132034350749700, 0.05749999999995571200, -1.138634243759265000E-012 ) ) ;
#4853 = CARTESIAN_POINT ( 'NONE',  ( 0.5365264404161153000, 0.0000000000000000000, -0.01000000000000000000 ) ) ;
#4854 = APPROVAL_ROLE ( '' ) ;
#4855 = ORIENTED_EDGE ( 'NONE', *, *, #7574, .T. ) ;
#4857 = CARTESIAN_POINT ( 'NONE',  ( 0.5463421106199378700, 0.4231567020380325200, -0.01000000000000000000 ) ) ;
#4856 = LINE ( 'NONE', #3896, #2688 ) ;
#4858 = ORIENTED_EDGE ( 'NONE', *, *, #7036, .T. ) ;
#4859 = VECTOR ( 'NONE', #6160, 39.37007874015748100 ) ;
#4860 = EDGE_LOOP ( 'NONE', ( #8851, #3113, #2401, #5968 ) ) ;
#4861 = PERSON_AND_ORGANIZATION ( #8983, #828 ) ;
#4862 = DIRECTION ( 'NONE',  ( 1.000000000000000000, 0.0000000000000000000, 0.0000000000000000000 ) ) ;
#4863 = DIRECTION ( 'NONE',  ( 0.0000000000000000000, 0.0000000000000000000, 1.000000000000000000 ) ) ;
#4864 = DIRECTION ( 'NONE',  ( 0.0000000000000000000, 1.352399996863497400E-015, -1.000000000000000000 ) ) ;
#4865 = EDGE_CURVE ( 'NONE', #6714, #698, #9927, .T. ) ;
#4866 = DIRECTION ( 'NONE',  ( 0.0000000000000000000, -3.691686477924679400E-015, -1.000000000000000000 ) ) ;
#4867 = VECTOR ( 'NONE', #482, 39.37007874015748100 ) ;
#4868 = VERTEX_POINT ( 'NONE', #7834 ) ;
#4869 = LINE ( 'NONE', #7620, #56 ) ;
#4870 = ADVANCED_FACE ( 'NONE', ( #7683 ), #9026, .F. ) ;
#4871 = DIRECTION ( 'NONE',  ( 0.0000000000000000000, -1.000000000000000000, -1.352399996863497400E-015 ) ) ;
#4872 = LINE ( 'NONE', #3278, #4735 ) ;
#4873 = CARTESIAN_POINT ( 'NONE',  ( 0.4375000000000010000, 0.5999999999999999800, -0.03900000000000072900 ) ) ;
#4874 = ORIENTED_EDGE ( 'NONE', *, *, #5601, .T. ) ;
#4875 = DIRECTION ( 'NONE',  ( -1.000000000000000000, -9.478563083521717400E-013, 3.681989669454755000E-013 ) ) ;
#4876 = CIRCLE ( 'NONE', #2996, 0.009815670203796374200 ) ;
#4877 = CARTESIAN_POINT ( 'NONE',  ( 0.8974999999999999600, 0.3450000000000002000, -0.2725000000000000200 ) ) ;
#4878 = DIRECTION ( 'NONE',  ( -3.681989669462878400E-013, 7.789823685977714400E-013, 1.000000000000000000 ) ) ;
#4879 = CARTESIAN_POINT ( 'NONE',  ( 0.7374999999999998200, 0.05000000000000001000, -0.2725000000000000800 ) ) ;
#4880 = AXIS2_PLACEMENT_3D ( 'NONE', #3922, #3913, #3853 ) ;
#4881 = LINE ( 'NONE', #9780, #74 ) ;
#4882 = EDGE_CURVE ( 'NONE', #1714, #5096, #3054, .T. ) ;
#4883 = DIRECTION ( 'NONE',  ( 0.0000000000000000000, -1.000000000000000000, -1.979599995408885400E-016 ) ) ;
#4884 = EDGE_CURVE ( 'NONE', #3841, #1876, #7419, .T. ) ;
#4885 = CARTESIAN_POINT ( 'NONE',  ( 1.037499999999999900, 0.3450000000000001400, -0.2220000000000000000 ) ) ;
#4886 = VERTEX_POINT ( 'NONE', #9710 ) ;
#4887 = CARTESIAN_POINT ( 'NONE',  ( 0.8374999999999999100, 0.3450000000000001400, -0.2220000000000000000 ) ) ;
#4888 = ORIENTED_EDGE ( 'NONE', *, *, #7749, .F. ) ;
#4889 = VERTEX_POINT ( 'NONE', #6161 ) ;
#4890 = DIRECTION ( 'NONE',  ( 0.0000000000000000000, 1.352399996863497400E-015, -1.000000000000000000 ) ) ;
#4891 = CARTESIAN_POINT ( 'NONE',  ( 0.3674999999999998300, 0.2699999999999999100, -0.2210000000000000900 ) ) ;
#4892 = ORIENTED_EDGE ( 'NONE', *, *, #2750, .F. ) ;
#4893 = CIRCLE ( 'NONE', #1951, 0.03141014465221592800 ) ;
#4894 = VERTEX_POINT ( 'NONE', #929 ) ;
#4895 = ORIENTED_EDGE ( 'NONE', *, *, #9717, .T. ) ;
#4896 = ORIENTED_EDGE ( 'NONE', *, *, #5190, .F. ) ;
#4897 = LINE ( 'NONE', #6973, #6830 ) ;
#4898 = PERSON_AND_ORGANIZATION_ROLE ( 'design_supplier' ) ;
#4899 = PLANE ( 'NONE',  #8161 ) ;
#4900 = DIRECTION ( 'NONE',  ( -0.0000000000000000000, 0.0000000000000000000, 1.000000000000000000 ) ) ;
#4901 = DIRECTION ( 'NONE',  ( -1.000000000000000000, -0.0000000000000000000, -0.0000000000000000000 ) ) ;
#4902 = EDGE_CURVE ( 'NONE', #6188, #10863, #9480, .T. ) ;
#4903 = VECTOR ( 'NONE', #3199, 39.37007874015748100 ) ;
#4904 = CARTESIAN_POINT ( 'NONE',  ( 1.162499999999999900, 0.5579999999999999400, -0.1089999999999998500 ) ) ;
#4905 = EDGE_CURVE ( 'NONE', #8977, #8928, #156, .T. ) ;
#4906 = EDGE_CURVE ( 'NONE', #7167, #1018, #7147, .T. ) ;
#4907 = ORIENTED_EDGE ( 'NONE', *, *, #10362, .T. ) ;
#4908 = FACE_OUTER_BOUND ( 'NONE', #5206, .T. ) ;
#4909 = VERTEX_POINT ( 'NONE', #8643 ) ;
#4910 = CARTESIAN_POINT ( 'NONE',  ( 0.3361881571567894000, 0.02550000000033500100, 0.02500000000466941900 ) ) ;
#4911 = DIRECTION ( 'NONE',  ( -0.9529809208180843900, -1.139344240750676100E-012, -0.3030303030337323000 ) ) ;
#4912 = VERTEX_POINT ( 'NONE', #2088 ) ;
#4913 = VERTEX_POINT ( 'NONE', #5546 ) ;
#4914 = VECTOR ( 'NONE', #4822, 39.37007874015748100 ) ;
#4915 = CARTESIAN_POINT ( 'NONE',  ( 0.0000000000000000000, 0.4231567020380508400, -0.01000000000000000000 ) ) ;
#4916 = CARTESIAN_POINT ( 'NONE',  ( 0.8825288151001856600, 0.3416866393464817500, -0.01000000000000000000 ) ) ;
#4917 = VECTOR ( 'NONE', #6757, 39.37007874015748100 ) ;
#4918 = LINE ( 'NONE', #374, #6068 ) ;
#4919 = DIRECTION ( 'NONE',  ( 1.000000000000000000, 0.0000000000000000000, 0.0000000000000000000 ) ) ;
#4920 = LINE ( 'NONE', #4732, #5196 ) ;
#4921 = DIRECTION ( 'NONE',  ( 0.0000000000000000000, -1.000000000000000000, -1.352399996863497400E-015 ) ) ;
#4922 = ORIENTED_EDGE ( 'NONE', *, *, #3238, .T. ) ;
#4923 = AXIS2_PLACEMENT_3D ( 'NONE', #5939, #263, #8819 ) ;
#4924 = DIRECTION ( 'NONE',  ( -1.000000000000000000, -9.478563083521717400E-013, 3.681989669454755000E-013 ) ) ;
#4925 = DIRECTION ( 'NONE',  ( 0.0000000000000000000, 1.352399996863497400E-015, -1.000000000000000000 ) ) ;
#4926 = CC_DESIGN_PERSON_AND_ORGANIZATION_ASSIGNMENT ( #9513, #9685, ( #3038 ) ) ;
#4927 = VERTEX_POINT ( 'NONE', #9318 ) ;
#4928 = ORIENTED_EDGE ( 'NONE', *, *, #10059, .F. ) ;
#4929 = LINE ( 'NONE', #4037, #9230 ) ;
#4930 = ORIENTED_EDGE ( 'NONE', *, *, #9548, .F. ) ;
#4931 = ORIENTED_EDGE ( 'NONE', *, *, #4358, .F. ) ;
#4932 = FACE_OUTER_BOUND ( 'NONE', #4656, .T. ) ;
#4933 = VERTEX_POINT ( 'NONE', #3209 ) ;
#4934 = CARTESIAN_POINT ( 'NONE',  ( 1.197499999999999800, 0.3450000000000002000, -0.09750000000000000300 ) ) ;
#4935 = ORIENTED_EDGE ( 'NONE', *, *, #275, .F. ) ;
#4936 = ADVANCED_FACE ( 'NONE', ( #9014 ), #2179, .T. ) ;
#4937 = ADVANCED_FACE ( 'NONE', ( #6887 ), #2251, .T. ) ;
#4938 = ORIENTED_EDGE ( 'NONE', *, *, #9880, .T. ) ;
#4939 = ORIENTED_EDGE ( 'NONE', *, *, #3311, .T. ) ;
#4940 =( REPRESENTATION_RELATIONSHIP ('NONE','NONE', #6361, #2501 ) REPRESENTATION_RELATIONSHIP_WITH_TRANSFORMATION ( #8081 )SHAPE_REPRESENTATION_RELATIONSHIP( ) );
#4941 = EDGE_CURVE ( 'NONE', #6456, #589, #5233, .T. ) ;
#4942 = ORIENTED_EDGE ( 'NONE', *, *, #9653, .T. ) ;
#4943 = CARTESIAN_POINT ( 'NONE',  ( 0.1462132034360249000, 0.03799999999885113300, 0.02499999999939886400 ) ) ;
#4944 = FACE_OUTER_BOUND ( 'NONE', #10195, .T. ) ;
#4945 = ORIENTED_EDGE ( 'NONE', *, *, #10363, .T. ) ;
#4946 = AXIS2_PLACEMENT_3D ( 'NONE', #6779, #8178, #7824 ) ;
#4947 = ORIENTED_EDGE ( 'NONE', *, *, #4979, .T. ) ;
#4948 = CARTESIAN_POINT ( 'NONE',  ( 0.0000000000000000000, 0.3063502266127573500, -0.01000000000000000000 ) ) ;
#4949 = DIRECTION ( 'NONE',  ( -0.0000000000000000000, 0.0000000000000000000, 1.000000000000000000 ) ) ;
#4950 = CARTESIAN_POINT ( 'NONE',  ( 1.037499999999999900, 0.3450000000000001400, -0.2220000000000000000 ) ) ;
#4951 = CARTESIAN_POINT ( 'NONE',  ( 0.7083006689826715200, 0.3780046191005523900, 0.0000000000000000000 ) ) ;
#4952 = ORIENTED_EDGE ( 'NONE', *, *, #2239, .T. ) ;
#4953 = ORIENTED_EDGE ( 'NONE', *, *, #420, .F. ) ;
#4954 = FACE_OUTER_BOUND ( 'NONE', #447, .T. ) ;
#4956 = ORIENTED_EDGE ( 'NONE', *, *, #421, .F. ) ;
#4955 = VERTEX_POINT ( 'NONE', #5176 ) ;
#4957 = CARTESIAN_POINT ( 'NONE',  ( 1.097499999999999900, 0.3450000000000002000, -0.2725000000000000200 ) ) ;
#4958 = LINE ( 'NONE', #7408, #4917 ) ;
#4959 = ORIENTED_EDGE ( 'NONE', *, *, #6222, .T. ) ;
#4960 = AXIS2_PLACEMENT_3D ( 'NONE', #7873, #7611, #7538 ) ;
#4961 = EDGE_CURVE ( 'NONE', #3034, #1964, #10704, .T. ) ;
#4962 = CARTESIAN_POINT ( 'NONE',  ( 1.242499999999999900, 0.0000000000000000000, -0.1499999999999999900 ) ) ;
#4963 = EDGE_CURVE ( 'NONE', #1152, #8515, #4675, .T. ) ;
#4964 = PLANE ( 'NONE',  #8264 ) ;
#4965 = VECTOR ( 'NONE', #4807, 39.37007874015748100 ) ;
#4966 = EDGE_LOOP ( 'NONE', ( #9613, #4410, #8903, #7131 ) ) ;
#4967 = DIRECTION ( 'NONE',  ( -3.642463991497076900E-013, 7.782921106831645500E-013, 1.000000000000000000 ) ) ;
#4968 = ORIENTED_EDGE ( 'NONE', *, *, #9836, .T. ) ;
#4969 = CARTESIAN_POINT ( 'NONE',  ( 0.3924999999999996800, 0.0000000000000000000, -0.3700000000000000000 ) ) ;
#4970 = CARTESIAN_POINT ( 'NONE',  ( 0.1332887780443063300, 0.05950574689887264800, -0.0007171944613730432800 ) ) ;
#4971 = VECTOR ( 'NONE', #3293, 39.37007874015748100 ) ;
#4972 = CARTESIAN_POINT ( 'NONE',  ( 1.104362961706131900, 0.4133410318342107300, -0.01000000000000000000 ) ) ;
#4973 = CARTESIAN_POINT ( 'NONE',  ( 0.1337526823320734400, 0.06281990075562750300, 0.005368153124792118100 ) ) ;
#4974 = ORIENTED_EDGE ( 'NONE', *, *, #7941, .T. ) ;
#4975 = CARTESIAN_POINT ( 'NONE',  ( 1.197499999999999800, 0.5600000000000003900, -0.1490000000000000800 ) ) ;
#4976 = LINE ( 'NONE', #3735, #9025 ) ;
#4977 = CARTESIAN_POINT ( 'NONE',  ( 0.6871969780444986400, 0.0000000000000000000, 0.0000000000000000000 ) ) ;
#4978 = EDGE_CURVE ( 'NONE', #8045, #9119, #8757, .T. ) ;
#4979 = EDGE_CURVE ( 'NONE', #7902, #1978, #10477, .T. ) ;
#4980 = VECTOR ( 'NONE', #3305, 39.37007874015748100 ) ;
#4981 = CARTESIAN_POINT ( 'NONE',  ( 0.6974999999999999000, 0.3450000000000001400, -0.1480000000000000200 ) ) ;
#4982 = PLANE ( 'NONE',  #2408 ) ;
#4983 = CARTESIAN_POINT ( 'NONE',  ( 0.6871969780444986400, 0.4025437946100565700, 0.0000000000000000000 ) ) ;
#4984 = VECTOR ( 'NONE', #5629, 39.37007874015748900 ) ;
#4985 = ORIENTED_EDGE ( 'NONE', *, *, #7687, .T. ) ;
#4986 = VERTEX_POINT ( 'NONE', #7188 ) ;
#4987 = EDGE_LOOP ( 'NONE', ( #9350, #7253, #9114, #10788, #1229, #7664, #5979, #3612, #6263 ) ) ;
#4988 = PLANE ( 'NONE',  #9977 ) ;
#4989 = VECTOR ( 'NONE', #8248, 39.37007874015748100 ) ;
#4990 = ORIENTED_EDGE ( 'NONE', *, *, #1471, .F. ) ;
#4991 = CARTESIAN_POINT ( 'NONE',  ( 1.054793827176966800, 0.3063502266127573500, 0.0000000000000000000 ) ) ;
#4992 = CARTESIAN_POINT ( 'NONE',  ( 0.5374999999999999800, 0.5180000000000000200, -0.2610000000000001200 ) ) ;
#4993 = ORGANIZATION ( 'NAUO-ORG5', 'UNSPECIFIED', 'UNSPECIFIED' ) ;
#4994 = DIRECTION ( 'NONE',  ( -1.000000000000000000, -1.189163988687022500E-013, 0.0000000000000000000 ) ) ;
#4995 = ADVANCED_FACE ( 'NONE', ( #1566 ), #8453, .F. ) ;
#4996 = APPROVAL_DATE_TIME ( #7173, #7430 ) ;
#4997 = CARTESIAN_POINT ( 'NONE',  ( 0.1343626268146712300, 0.06522536426252344100, 0.005999999996603576400 ) ) ;
#4998 = LINE ( 'NONE', #8796, #9043 ) ;
#4999 = CARTESIAN_POINT ( 'NONE',  ( 0.2411999999995233800, 0.04250000000088804300, -5.717211481140569700E-012 ) ) ;
#5000 = AXIS2_PLACEMENT_3D ( 'NONE', #1803, #7970, #2779 ) ;
#5001 = DIRECTION ( 'NONE',  ( 1.000000000000000000, 0.0000000000000000000, -0.0000000000000000000 ) ) ;
#5002 = VERTEX_POINT ( 'NONE', #4399 ) ;
#5003 = VERTEX_POINT ( 'NONE', #4975 ) ;
#5004 = DIRECTION ( 'NONE',  ( 0.0000000000000000000, -1.000000000000000000, 0.0000000000000000000 ) ) ;
#5005 = VECTOR ( 'NONE', #841, 39.37007874015748100 ) ;
#5006 = PERSON_AND_ORGANIZATION ( #8983, #828 ) ;
#5007 = CARTESIAN_POINT ( 'NONE',  ( 0.8496463199174501000, 0.3416866393464885200, 0.0000000000000000000 ) ) ;
#5008 = LOCAL_TIME ( 13, 11, 25.00000000000000000, #7186 ) ;
#5009 = DIRECTION ( 'NONE',  ( 0.0000000000000000000, 0.0000000000000000000, 1.000000000000000000 ) ) ;
#5010 = EDGE_CURVE ( 'NONE', #4760, #6245, #10244, .T. ) ;
#5011 = FACE_OUTER_BOUND ( 'NONE', #1798, .T. ) ;
#5012 = DIRECTION ( 'NONE',  ( -0.0000000000000000000, 1.000000000000000000, -0.0000000000000000000 ) ) ;
#5013 = AXIS2_PLACEMENT_3D ( 'NONE', #8817, #1940, #2525 ) ;
#5014 = VECTOR ( 'NONE', #2527, 39.37007874015748100 ) ;
#5015 = DIRECTION ( 'NONE',  ( 9.478563083388219400E-013, 1.000000000000000000, 7.789823685982827700E-013 ) ) ;
#5016 = CC_DESIGN_PERSON_AND_ORGANIZATION_ASSIGNMENT ( #5376, #1449, ( #1850 ) ) ;
#5017 = VECTOR ( 'NONE', #779, 39.37007874015748100 ) ;
#5018 = DATE_AND_TIME ( #7193, #9300 ) ;
#5019 = CARTESIAN_POINT ( 'NONE',  ( 1.114178631909940000, 0.2366589681657828000, -0.01000000000000000000 ) ) ;
#5020 = PERSON_AND_ORGANIZATION_ROLE ( 'classification_officer' ) ;
#5021 = CARTESIAN_POINT ( 'NONE',  ( 0.4974999999999998900, 0.5180000000000000200, -0.1489999999999998800 ) ) ;
#5022 = ORIENTED_EDGE ( 'NONE', *, *, #10351, .T. ) ;
#5023 = VECTOR ( 'NONE', #3134, 39.37007874015748100 ) ;
#5024 = VERTEX_POINT ( 'NONE', #5458 ) ;
#5025 = DIRECTION ( 'NONE',  ( 0.0000000000000000000, -0.0000000000000000000, 1.000000000000000000 ) ) ;
#5026 = DIRECTION ( 'NONE',  ( -0.0000000000000000000, 0.0000000000000000000, -1.000000000000000000 ) ) ;
#5027 = VECTOR ( 'NONE', #7699, 39.37007874015748100 ) ;
#5028 = AXIS2_PLACEMENT_3D ( 'NONE', #4677, #6313, #9374 ) ;
#5029 = EDGE_CURVE ( 'NONE', #7925, #700, #6124, .T. ) ;
#5030 = CARTESIAN_POINT ( 'NONE',  ( 0.9885380533012991800, 0.4231567020380508400, -0.01000000000000000000 ) ) ;
#5031 = ORIENTED_EDGE ( 'NONE', *, *, #5778, .F. ) ;
#5032 = DIRECTION ( 'NONE',  ( 0.0000000000000000000, -3.691686477924679400E-015, -1.000000000000000000 ) ) ;
#5034 = CARTESIAN_POINT ( 'NONE',  ( 0.6974999999999999000, 0.5180000000000000200, -0.1089999999999998900 ) ) ;
#5033 = LINE ( 'NONE', #8428, #7491 ) ;
#5035 = EDGE_LOOP ( 'NONE', ( #10803, #7276, #10006, #6385 ) ) ;
#5036 = DIRECTION ( 'NONE',  ( 0.0000000000000000000, 1.000000000000000000, 0.0000000000000000000 ) ) ;
#5037 = VERTEX_POINT ( 'NONE', #4062 ) ;
#5038 = LINE ( 'NONE', #7220, #10960 ) ;
#5039 = CARTESIAN_POINT ( 'NONE',  ( 0.1462132034357492600, 0.03799999999916567300, -0.01500000000102141500 ) ) ;
#5040 = ORIENTED_EDGE ( 'NONE', *, *, #7527, .F. ) ;
#5041 = ORIENTED_EDGE ( 'NONE', *, *, #8363, .F. ) ;
#5042 = ORIENTED_EDGE ( 'NONE', *, *, #1563, .F. ) ;
#5043 = VERTEX_POINT ( 'NONE', #4213 ) ;
#5044 = DIRECTION ( 'NONE',  ( 0.0000000000000000000, 0.0000000000000000000, 1.000000000000000000 ) ) ;
#5045 = ORIENTED_EDGE ( 'NONE', *, *, #3119, .T. ) ;
#5046 = DIRECTION ( 'NONE',  ( 0.0000000000000000000, 0.0000000000000000000, -1.000000000000000000 ) ) ;
#5047 = CYLINDRICAL_SURFACE ( 'NONE', #3462, 0.03999999999999998000 ) ;
#5048 = EDGE_LOOP ( 'NONE', ( #260, #7063, #9647, #7123 ) ) ;
#5049 = EDGE_CURVE ( 'NONE', #7626, #7137, #4407, .T. ) ;
#5050 = DIRECTION ( 'NONE',  ( 1.000000000000000000, 0.0000000000000000000, -0.0000000000000000000 ) ) ;
#5051 = VERTEX_POINT ( 'NONE', #2608 ) ;
#5052 = DIRECTION ( 'NONE',  ( 0.0000000000000000000, 1.000000000000000000, -0.0000000000000000000 ) ) ;
#5053 = EDGE_CURVE ( 'NONE', #4651, #900, #1254, .T. ) ;
#5054 = VECTOR ( 'NONE', #2249, 39.37007874015748100 ) ;
#5055 = PLANE ( 'NONE',  #10993 ) ;
#5056 = PLANE ( 'NONE',  #7157 ) ;
#5057 = ADVANCED_FACE ( 'NONE', ( #5870 ), #10439, .T. ) ;
#5058 = DIRECTION ( 'NONE',  ( -0.0000000000000000000, 0.7071067811865454600, -0.7071067811865496800 ) ) ;
#5059 = ORIENTED_EDGE ( 'NONE', *, *, #10867, .T. ) ;
#5060 = ORIENTED_EDGE ( 'NONE', *, *, #6016, .F. ) ;
#5061 = LINE ( 'NONE', #8837, #10972 ) ;
#5062 = VERTEX_POINT ( 'NONE', #9305 ) ;
#5063 = DATE_TIME_ROLE ( 'classification_date' ) ;
#5064 = LINE ( 'NONE', #7304, #5005 ) ;
#5065 = VECTOR ( 'NONE', #4679, 39.37007874015748100 ) ;
#5066 = CARTESIAN_POINT ( 'NONE',  ( 0.3361881571563409300, 0.02550000000057543700, -0.02499999999636760500 ) ) ;
#5067 = EDGE_CURVE ( 'NONE', #4886, #8849, #8295, .T. ) ;
#5068 = VERTEX_POINT ( 'NONE', #9257 ) ;
#5069 = VERTEX_POINT ( 'NONE', #2744 ) ;
#5070 = AXIS2_PLACEMENT_3D ( 'NONE', #331, #1875, #3405 ) ;
#5071 = FACE_OUTER_BOUND ( 'NONE', #2926, .T. ) ;
#5072 = ORIENTED_EDGE ( 'NONE', *, *, #6165, .F. ) ;
#5073 = AXIS2_PLACEMENT_3D ( 'NONE', #2227, #603, #583 ) ;
#5074 = ADVANCED_FACE ( 'NONE', ( #3490 ), #3186, .F. ) ;
#5075 = CARTESIAN_POINT ( 'NONE',  ( 0.9787223830974584000, 0.4133410318342099500, -0.01000000000000000000 ) ) ;
#5076 = DIRECTION ( 'NONE',  ( -0.0000000000000000000, 0.7071067811865454600, 0.7071067811865496800 ) ) ;
#5077 = EDGE_LOOP ( 'NONE', ( #3756, #6882 ) ) ;
#5078 = ORIENTED_EDGE ( 'NONE', *, *, #9244, .T. ) ;
#5079 = ORIENTED_EDGE ( 'NONE', *, *, #1705, .F. ) ;
#5080 = VERTEX_POINT ( 'NONE', #8337 ) ;
#5081 = VECTOR ( 'NONE', #321, 39.37007874015748100 ) ;
#5082 = ORIENTED_EDGE ( 'NONE', *, *, #7332, .F. ) ;
#5083 = LINE ( 'NONE', #804, #4980 ) ;
#5084 = EDGE_CURVE ( 'NONE', #567, #8768, #5595, .T. ) ;
#5085 = ORIENTED_EDGE ( 'NONE', *, *, #4003, .T. ) ;
#5086 = AXIS2_PLACEMENT_3D ( 'NONE', #2849, #8206, #5404 ) ;
#5087 = CARTESIAN_POINT ( 'NONE',  ( 0.8398306497136467400, 0.0000000000000000000, -0.01000000000000000000 ) ) ;
#5088 = DIRECTION ( 'NONE',  ( 0.8934675157458197300, 0.4491278195647575600, 2.088883639489091200E-014 ) ) ;
#5089 = DIRECTION ( 'NONE',  ( 3.681989669462878400E-013, -7.789823685977714400E-013, -1.000000000000000000 ) ) ;
#5090 = CC_DESIGN_SECURITY_CLASSIFICATION ( #4491, ( #11000 ) ) ;
#5091 = DIRECTION ( 'NONE',  ( 1.000000000000000000, 9.479654821764528500E-013, -3.681989669470783100E-013 ) ) ;
#5092 = CARTESIAN_POINT ( 'NONE',  ( 0.1335575124899341900, 0.06175791395056070400, -0.004690073771377129200 ) ) ;
#5093 = CIRCLE ( 'NONE', #2631, 0.01350000000000000700 ) ;
#5094 = ORIENTED_EDGE ( 'NONE', *, *, #2927, .F. ) ;
#5095 = DIRECTION ( 'NONE',  ( -3.687994791390789600E-013, 7.790035294315036400E-013, 1.000000000000000000 ) ) ;
#5096 = VERTEX_POINT ( 'NONE', #10582 ) ;
#5097 = APPROVAL_ROLE ( '' ) ;
#5098 = EDGE_CURVE ( 'NONE', #1267, #3031, #942, .T. ) ;
#5099 = ORIENTED_EDGE ( 'NONE', *, *, #3014, .T. ) ;
#5100 = DIRECTION ( 'NONE',  ( 1.000000000000000000, 0.0000000000000000000, 0.0000000000000000000 ) ) ;
#5101 = DIRECTION ( 'NONE',  ( 0.4491278195647576100, -0.8934675157458197300, -8.613638408816944500E-013 ) ) ;
#5102 = AXIS2_PLACEMENT_3D ( 'NONE', #3331, #4093, #1732 ) ;
#5103 = VECTOR ( 'NONE', #1766, 39.37007874015748100 ) ;
#5104 = VERTEX_POINT ( 'NONE', #8153 ) ;
#5105 = CARTESIAN_POINT ( 'NONE',  ( 0.3462132034338333300, 0.1190000000023715700, -1.753026857534357700E-012 ) ) ;
#5106 = ADVANCED_FACE ( 'NONE', ( #621 ), #5350, .T. ) ;
#5107 = CIRCLE ( 'NONE', #5697, 0.009815670203822599700 ) ;
#5108 = ORIENTED_EDGE ( 'NONE', *, *, #9595, .F. ) ;
#5109 = ORIENTED_EDGE ( 'NONE', *, *, #2584, .T. ) ;
#5110 = AXIS2_PLACEMENT_3D ( 'NONE', #1502, #1971, #2201 ) ;
#5111 = ORIENTED_EDGE ( 'NONE', *, *, #2778, .F. ) ;
#5112 = EDGE_CURVE ( 'NONE', #10447, #7240, #7813, .T. ) ;
#5113 = VECTOR ( 'NONE', #8484, 39.37007874015748100 ) ;
#5114 = EDGE_CURVE ( 'NONE', #419, #4889, #10037, .T. ) ;
#5115 = DIRECTION ( 'NONE',  ( -0.0000000000000000000, -0.0000000000000000000, 1.000000000000000000 ) ) ;
#5116 = ORIENTED_EDGE ( 'NONE', *, *, #2660, .T. ) ;
#5117 = CARTESIAN_POINT ( 'NONE',  ( 0.0000000000000000000, 0.0000000000000000000, -0.3700000000000001600 ) ) ;
#5118 = LINE ( 'NONE', #2636, #636 ) ;
#5119 = CARTESIAN_POINT ( 'NONE',  ( 0.8374999999999999100, 0.2700000000000001800, -0.1480000000000000200 ) ) ;
#5120 = VERTEX_POINT ( 'NONE', #4271 ) ;
#5121 = CARTESIAN_POINT ( 'NONE',  ( 0.6734550397591690900, 0.4133410318342099500, -0.01000000000000000000 ) ) ;
#5122 = PLANE ( 'NONE',  #6981 ) ;
#5123 = LINE ( 'NONE', #4406, #1569 ) ;
#5124 = CARTESIAN_POINT ( 'NONE',  ( 0.7374999999999998200, 0.5180000000000000200, -0.1089999999999998900 ) ) ;
#5125 = ORIENTED_EDGE ( 'NONE', *, *, #4662, .F. ) ;
#5126 = ADVANCED_FACE ( 'NONE', ( #1639 ), #3504, .F. ) ;
#5127 = EDGE_CURVE ( 'NONE', #10901, #491, #9370, .T. ) ;
#5128 = VECTOR ( 'NONE', #8331, 39.37007874015748100 ) ;
#5129 = EDGE_CURVE ( 'NONE', #10106, #8302, #2902, .T. ) ;
#5130 = EDGE_CURVE ( 'NONE', #5626, #5569, #305, .T. ) ;
#5131 = APPROVAL_STATUS ( 'not_yet_approved' ) ;
#5132 = CARTESIAN_POINT ( 'NONE',  ( 0.0000000000000000000, 0.4231567020380325200, -0.01000000000000000000 ) ) ;
#5133 = DIRECTION ( 'NONE',  ( 1.000000000000000000, 0.0000000000000000000, 0.0000000000000000000 ) ) ;
#5134 = CARTESIAN_POINT ( 'NONE',  ( 0.7624999999999998400, 0.5180000000000000200, -0.2210000000000000600 ) ) ;
#5135 = VERTEX_POINT ( 'NONE', #2839 ) ;
#5136 = DIRECTION ( 'NONE',  ( -3.681989669462878400E-013, 7.789823685977713400E-013, 1.000000000000000000 ) ) ;
#5137 = FACE_OUTER_BOUND ( 'NONE', #6369, .T. ) ;
#5138 = ITEM_DEFINED_TRANSFORMATION ( 'NONE', 'NONE', #513,  #8995 ) ;
#5139 = DIRECTION ( 'NONE',  ( -1.000000000000000000, -9.478563083527454700E-013, -3.681989669455494600E-013 ) ) ;
#5140 = CONTEXT_DEPENDENT_SHAPE_REPRESENTATION ( #6733, #696 ) ;
#5141 = ORIENTED_EDGE ( 'NONE', *, *, #4226, .T. ) ;
#5142 = ORIENTED_EDGE ( 'NONE', *, *, #546, .T. ) ;
#5143 = VERTEX_POINT ( 'NONE', #2230 ) ;
#5144 = VECTOR ( 'NONE', #3507, 39.37007874015748100 ) ;
#5145 = ORIENTED_EDGE ( 'NONE', *, *, #5269, .T. ) ;
#5146 = LINE ( 'NONE', #6538, #5113 ) ;
#5147 = VECTOR ( 'NONE', #10247, 39.37007874015748100 ) ;
#5148 = VECTOR ( 'NONE', #9067, 39.37007874015748100 ) ;
#5149 = CALENDAR_DATE ( 2019, 15, 10 ) ;
#5150 = AXIS2_PLACEMENT_3D ( 'NONE', #6784, #2873, #2183 ) ;
#5151 = APPROVAL ( #1030, 'UNSPECIFIED' ) ;
#5152 = CARTESIAN_POINT ( 'NONE',  ( 1.197499999999999800, 0.2700000000000001800, -0.1480000000000000200 ) ) ;
#5153 = CARTESIAN_POINT ( 'NONE',  ( 1.114178631909940000, 0.0000000000000000000, 0.0000000000000000000 ) ) ;
#5154 = ORIENTED_EDGE ( 'NONE', *, *, #10674, .T. ) ;
#5155 = CIRCLE ( 'NONE', #8146, 0.07650000000116084800 ) ;
#5156 = CARTESIAN_POINT ( 'NONE',  ( 0.7374999999999998200, 0.3450000000000002000, -0.2725000000000000200 ) ) ;
#5157 = LINE ( 'NONE', #4712, #5148 ) ;
#5158 = VECTOR ( 'NONE', #7285, 39.37007874015748100 ) ;
#5159 = ORIENTED_EDGE ( 'NONE', *, *, #10074, .T. ) ;
#5160 = LINE ( 'NONE', #886, #4971 ) ;
#5161 = EDGE_CURVE ( 'NONE', #9467, #7356, #2651, .T. ) ;
#5162 = DIRECTION ( 'NONE',  ( -0.0000000000000000000, -0.0000000000000000000, 1.000000000000000000 ) ) ;
#5163 = DIRECTION ( 'NONE',  ( -0.0000000000000000000, -0.0000000000000000000, 1.000000000000000000 ) ) ;
#5164 = ORIENTED_EDGE ( 'NONE', *, *, #7655, .F. ) ;
#5165 = EDGE_LOOP ( 'NONE', ( #10971, #6696, #7058, #3719 ) ) ;
#5166 = ADVANCED_FACE ( 'NONE', ( #7016 ), #7628, .F. ) ;
#5167 = FACE_BOUND ( 'NONE', #5077, .T. ) ;
#5168 = DIRECTION ( 'NONE',  ( 1.000000000000000000, 0.0000000000000000000, -0.0000000000000000000 ) ) ;
#5169 = VECTOR ( 'NONE', #2360, 39.37007874015748100 ) ;
#5170 = FACE_OUTER_BOUND ( 'NONE', #6091, .T. ) ;
#5171 = SECURITY_CLASSIFICATION_LEVEL ( 'unclassified' ) ;
#5172 = DIRECTION ( 'NONE',  ( -0.0000000000000000000, 0.0000000000000000000, 1.000000000000000000 ) ) ;
#5173 = LINE ( 'NONE', #4718, #7083 ) ;
#5174 = DIRECTION ( 'NONE',  ( 0.0000000000000000000, -0.0000000000000000000, -1.000000000000000000 ) ) ;
#5175 = VECTOR ( 'NONE', #8326, 39.37007874015748100 ) ;
#5176 = CARTESIAN_POINT ( 'NONE',  ( 0.2068417218042673500, 0.1108502649548841200, -0.005999999999028982600 ) ) ;
#5177 = VECTOR ( 'NONE', #10397, 39.37007874015748100 ) ;
#5178 = EDGE_CURVE ( 'NONE', #7921, #3250, #10801, .T. ) ;
#5179 = EDGE_CURVE ( 'NONE', #6987, #4894, #2330, .T. ) ;
#5180 = ORIENTED_EDGE ( 'NONE', *, *, #4906, .T. ) ;
#5181 = CARTESIAN_POINT ( 'NONE',  ( 0.1333359709822697400, 0.06007260175815559000, -0.002642438163631507600 ) ) ;
#5182 = FACE_OUTER_BOUND ( 'NONE', #1336, .T. ) ;
#5183 = FACE_OUTER_BOUND ( 'NONE', #3905, .T. ) ;
#5184 = VECTOR ( 'NONE', #1944, 39.37007874015748100 ) ;
#5185 = CARTESIAN_POINT ( 'NONE',  ( 0.7374999999999998200, 0.3450000000000001400, -0.1480000000000000200 ) ) ;
#5186 = EDGE_CURVE ( 'NONE', #5544, #1964, #4806, .T. ) ;
#5188 = DIRECTION ( 'NONE',  ( 1.000000000000000000, 0.0000000000000000000, 0.0000000000000000000 ) ) ;
#5187 = LINE ( 'NONE', #6237, #7376 ) ;
#5189 = DIRECTION ( 'NONE',  ( 0.0000000000000000000, -1.000000000000000000, 0.0000000000000000000 ) ) ;
#5190 = EDGE_CURVE ( 'NONE', #3541, #8141, #4540, .T. ) ;
#5191 = LINE ( 'NONE', #9264, #5169 ) ;
#5192 = DIRECTION ( 'NONE',  ( 0.0000000000000000000, -3.691686477924679400E-015, -1.000000000000000000 ) ) ;
#5193 = AXIS2_PLACEMENT_3D ( 'NONE', #564, #4152, #252 ) ;
#5194 = CARTESIAN_POINT ( 'NONE',  ( 0.3361881571559630600, 0.04400000000070935400, 6.272596178252514500E-012 ) ) ;
#5195 = ORIENTED_EDGE ( 'NONE', *, *, #10547, .T. ) ;
#5196 = VECTOR ( 'NONE', #5009, 39.37007874015748100 ) ;
#5197 = VERTEX_POINT ( 'NONE', #10754 ) ;
#5198 = EDGE_LOOP ( 'NONE', ( #5811, #10760, #1484, #4447, #7031, #1638, #6272, #6052, #5072 ) ) ;
#5199 =( REPRESENTATION_RELATIONSHIP ('NONE','NONE', #6361, #2501 ) REPRESENTATION_RELATIONSHIP_WITH_TRANSFORMATION ( #1281 )SHAPE_REPRESENTATION_RELATIONSHIP( ) );
#5200 = ADVANCED_FACE ( 'NONE', ( #10577 ), #1564, .F. ) ;
#5201 = FACE_OUTER_BOUND ( 'NONE', #2542, .T. ) ;
#5202 = DIRECTION ( 'NONE',  ( -0.0000000000000000000, -0.0000000000000000000, 1.000000000000000000 ) ) ;
#5203 = EDGE_LOOP ( 'NONE', ( #2387, #1071, #6178, #1451 ) ) ;
#5204 = CIRCLE ( 'NONE', #3107, 0.009815670203796374200 ) ;
#5205 = AXIS2_PLACEMENT_3D ( 'NONE', #5262, #352, #3607 ) ;
#5206 = EDGE_LOOP ( 'NONE', ( #10544, #6363, #2453, #458 ) ) ;
#5207 = CARTESIAN_POINT ( 'NONE',  ( 0.6940679471871618000, 0.2474562053899773100, -0.01000000000000000000 ) ) ;
#5208 = AXIS2_PLACEMENT_3D ( 'NONE', #4321, #9940, #5212 ) ;
#5209 = ORIENTED_EDGE ( 'NONE', *, *, #1809, .F. ) ;
#5210 = VECTOR ( 'NONE', #10939, 39.37007874015748100 ) ;
#5211 = ORIENTED_EDGE ( 'NONE', *, *, #2857, .T. ) ;
#5212 = DIRECTION ( 'NONE',  ( 0.0000000000000000000, 0.0000000000000000000, 1.000000000000000000 ) ) ;
#5213 = CIRCLE ( 'NONE', #511, 0.03999999999999998000 ) ;
#5214 = VERTEX_POINT ( 'NONE', #1701 ) ;
#5215 = CARTESIAN_POINT ( 'NONE',  ( 0.5802132034324840600, 0.01600000000112908700, 0.02499999999473027200 ) ) ;
#5216 = ORIENTED_EDGE ( 'NONE', *, *, #8458, .T. ) ;
#5217 = EDGE_LOOP ( 'NONE', ( #10071, #725, #9012, #5382 ) ) ;
#5218 = EDGE_CURVE ( 'NONE', #5135, #10876, #8633, .T. ) ;
#5219 = ORIENTED_EDGE ( 'NONE', *, *, #9594, .F. ) ;
#5220 = DIRECTION ( 'NONE',  ( 3.681989669462878400E-013, -7.789823685977714400E-013, -1.000000000000000000 ) ) ;
#5221 = VECTOR ( 'NONE', #371, 39.37007874015748100 ) ;
#5222 = EDGE_LOOP ( 'NONE', ( #8032, #8226, #3965, #5423, #7563, #2692, #7250, #5928 ) ) ;
#5223 = CC_DESIGN_DATE_AND_TIME_ASSIGNMENT ( #8214, #3281, ( #2753 ) ) ;
#5224 = ORIENTED_EDGE ( 'NONE', *, *, #9382, .T. ) ;
#5225 = CARTESIAN_POINT ( 'NONE',  ( 0.8374999999999999100, 0.3450000000000001400, -0.2220000000000000000 ) ) ;
#5226 = PRODUCT_DEFINITION_SHAPE ( 'NONE', 'NONE',  #10857 ) ;
#5227 = ORIENTED_EDGE ( 'NONE', *, *, #8187, .F. ) ;
#5228 = DIRECTION ( 'NONE',  ( 1.000000000000000000, 0.0000000000000000000, 0.0000000000000000000 ) ) ;
#5229 = LINE ( 'NONE', #7110, #4474 ) ;
#5230 = DIRECTION ( 'NONE',  ( -0.0000000000000000000, 0.0000000000000000000, 1.000000000000000000 ) ) ;
#5231 = DIRECTION ( 'NONE',  ( -1.000000000000000000, 0.0000000000000000000, 0.0000000000000000000 ) ) ;
#5232 = ORIENTED_EDGE ( 'NONE', *, *, #1041, .F. ) ;
#5233 = LINE ( 'NONE', #595, #2490 ) ;
#5235 = ORIENTED_EDGE ( 'NONE', *, *, #3716, .T. ) ;
#5234 = ORIENTED_EDGE ( 'NONE', *, *, #6540, .F. ) ;
#5236 = CARTESIAN_POINT ( 'NONE',  ( 0.6506336065353510700, 0.4231567020380325200, -0.01000000000000000000 ) ) ;
#5237 = EDGE_CURVE ( 'NONE', #10693, #5069, #4245, .T. ) ;
#5238 = LINE ( 'NONE', #8684, #5175 ) ;
#5239 = AXIS2_PLACEMENT_3D ( 'NONE', #7468, #1246, #148 ) ;
#5240 = EDGE_CURVE ( 'NONE', #6983, #3751, #10355, .T. ) ;
#5241 = VERTEX_POINT ( 'NONE', #2929 ) ;
#5242 = CARTESIAN_POINT ( 'NONE',  ( 0.6974999999999999000, 0.2700000000000001800, -0.1480000000000000500 ) ) ;
#5243 = CIRCLE ( 'NONE', #2892, 0.006870969142663458500 ) ;
#5244 = ADVANCED_FACE ( 'NONE', ( #1398 ), #8176, .F. ) ;
#5245 = DIRECTION ( 'NONE',  ( 0.0000000000000000000, 1.000000000000000000, 0.0000000000000000000 ) ) ;
#5246 = PLANE ( 'NONE',  #10920 ) ;
#5247 = VECTOR ( 'NONE', #9704, 39.37007874015748100 ) ;
#5248 = EDGE_CURVE ( 'NONE', #7626, #8618, #3915, .T. ) ;
#5249 = DIRECTION ( 'NONE',  ( -0.0000000000000000000, 0.0000000000000000000, -1.000000000000000000 ) ) ;
#5250 = EDGE_CURVE ( 'NONE', #8928, #328, #8418, .T. ) ;
#5251 = EDGE_LOOP ( 'NONE', ( #1790, #3935 ) ) ;
#5252 = ORIENTED_EDGE ( 'NONE', *, *, #8398, .T. ) ;
#5253 = VECTOR ( 'NONE', #2291, 39.37007874015748100 ) ;
#5254 = COORDINATED_UNIVERSAL_TIME_OFFSET ( 5, 0, .BEHIND. ) ;
#5255 = DATE_AND_TIME ( #7449, #9505 ) ;
#5256 = VECTOR ( 'NONE', #9565, 39.37007874015748100 ) ;
#5257 = CARTESIAN_POINT ( 'NONE',  ( 0.5374999999999999800, 0.2700000000000001800, -0.1480000000000000800 ) ) ;
#5258 = DIRECTION ( 'NONE',  ( 1.000000000000000000, 0.0000000000000000000, -0.0000000000000000000 ) ) ;
#5259 = LINE ( 'NONE', #5600, #7178 ) ;
#5260 = CARTESIAN_POINT ( 'NONE',  ( 0.6374999999999998400, 0.3450000000000001400, -0.1480000000000000200 ) ) ;
#5261 = LINE ( 'NONE', #4843, #10111 ) ;
#5262 = CARTESIAN_POINT ( 'NONE',  ( 0.8462132034382746600, 0.01600000000095913200, -0.01500000000265396700 ) ) ;
#5263 = LINE ( 'NONE', #4633, #5253 ) ;
#5264 = DIRECTION ( 'NONE',  ( -9.473898398312560600E-013, -1.000000000000000000, -7.789823685997327600E-013 ) ) ;
#5265 = PERSON_AND_ORGANIZATION ( #8983, #828 ) ;
#5266 = CARTESIAN_POINT ( 'NONE',  ( 1.504999999999999900, 0.0000000000000000000, -0.2489999999999998600 ) ) ;
#5267 = COORDINATED_UNIVERSAL_TIME_OFFSET ( 5, 0, .BEHIND. ) ;
#5268 = EDGE_CURVE ( 'NONE', #10621, #8096, #10133, .T. ) ;
#5269 = EDGE_CURVE ( 'NONE', #8364, #50, #5990, .T. ) ;
#5270 = PLANE ( 'NONE',  #2349 ) ;
#5271 = AXIS2_PLACEMENT_3D ( 'NONE', #978, #7426, #7392 ) ;
#5272 = DIRECTION ( 'NONE',  ( 1.000000000000000000, 0.0000000000000000000, -0.0000000000000000000 ) ) ;
#5273 = ORIENTED_EDGE ( 'NONE', *, *, #8022, .T. ) ;
#5274 = ORIENTED_EDGE ( 'NONE', *, *, #4130, .F. ) ;
#5275 = CYLINDRICAL_SURFACE ( 'NONE', #5193, 0.03999999999999998000 ) ;
#5276 = VECTOR ( 'NONE', #1237, 39.37007874015748100 ) ;
#5277 = CARTESIAN_POINT ( 'NONE',  ( 0.9787223830974584000, 0.2366589681657897700, -0.01000000000000000000 ) ) ;
#5278 = CARTESIAN_POINT ( 'NONE',  ( 1.137499999999999700, 0.5180000000000000200, -0.1489999999999998300 ) ) ;
#5279 = LINE ( 'NONE', #3407, #5288 ) ;
#5280 = APPROVAL_DATE_TIME ( #7469, #3501 ) ;
#5281 = ADVANCED_FACE ( 'NONE', ( #9914 ), #1931, .F. ) ;
#5282 = DIRECTION ( 'NONE',  ( 0.0000000000000000000, 0.0000000000000000000, -1.000000000000000000 ) ) ;
#5283 = DIRECTION ( 'NONE',  ( -0.0000000000000000000, 1.871128762783746100E-015, 1.000000000000000000 ) ) ;
#5285 = CARTESIAN_POINT ( 'NONE',  ( 0.9924643213828182600, 0.3831578459575294400, -0.01000000000000000000 ) ) ;
#5284 = VECTOR ( 'NONE', #3183, 39.37007874015748100 ) ;
#5286 = DIRECTION ( 'NONE',  ( -1.000000000000000000, 0.0000000000000000000, 0.0000000000000000000 ) ) ;
#5287 = AXIS2_PLACEMENT_3D ( 'NONE', #9987, #4564, #1201 ) ;
#5288 = VECTOR ( 'NONE', #4726, 39.37007874015748100 ) ;
#5289 = SECURITY_CLASSIFICATION ( '', '', #8246 ) ;
#5290 = LINE ( 'NONE', #10655, #9312 ) ;
#5291 = DIRECTION ( 'NONE',  ( 1.000000000000000000, -0.0000000000000000000, -0.0000000000000000000 ) ) ;
#5292 = DIRECTION ( 'NONE',  ( 0.0000000000000000000, -1.000000000000000000, 0.0000000000000000000 ) ) ;
#5293 = CARTESIAN_POINT ( 'NONE',  ( 0.5878125455130356300, 0.006000000000768862500, 0.02500000000168842500 ) ) ;
#5294 = VECTOR ( 'NONE', #10563, 39.37007874015748100 ) ;
#5295 = VERTEX_POINT ( 'NONE', #63 ) ;
#5296 = ORIENTED_EDGE ( 'NONE', *, *, #1705, .T. ) ;
#5297 = VERTEX_POINT ( 'NONE', #1125 ) ;
#5298 = DIRECTION ( 'NONE',  ( 1.000000000000000000, -0.0000000000000000000, -0.0000000000000000000 ) ) ;
#5299 = VECTOR ( 'NONE', #871, 39.37007874015748100 ) ;
#5300 = EDGE_CURVE ( 'NONE', #10965, #7321, #5724, .T. ) ;
#5301 = DIRECTION ( 'NONE',  ( -0.0000000000000000000, 0.0000000000000000000, 1.000000000000000000 ) ) ;
#5302 = CARTESIAN_POINT ( 'NONE',  ( 0.9885380533012652100, 0.2366589681657897700, 0.0000000000000000000 ) ) ;
#5303 = ORIENTED_EDGE ( 'NONE', *, *, #9032, .F. ) ;
#5304 = LINE ( 'NONE', #1428, #2844 ) ;
#5305 = VERTEX_POINT ( 'NONE', #1546 ) ;
#5306 = FACE_OUTER_BOUND ( 'NONE', #2059, .T. ) ;
#5307 = VECTOR ( 'NONE', #817, 39.37007874015748100 ) ;
#5308 = ORIENTED_EDGE ( 'NONE', *, *, #6810, .F. ) ;
#5309 = CARTESIAN_POINT ( 'NONE',  ( 0.6506336065353511800, 0.4094147637527355600, -0.01000000000000000000 ) ) ;
#5310 = CARTESIAN_POINT ( 'NONE',  ( 1.635000000000000000, 0.2500000000000000000, 0.0000000000000000000 ) ) ;
#5311 = VECTOR ( 'NONE', #10013, 39.37007874015748100 ) ;
#5312 = VERTEX_POINT ( 'NONE', #4991 ) ;
#5313 = AXIS2_PLACEMENT_3D ( 'NONE', #381, #3289, #3447 ) ;
#5314 = EDGE_CURVE ( 'NONE', #9204, #959, #3332, .T. ) ;
#5315 = VERTEX_POINT ( 'NONE', #1492 ) ;
#5316 = EDGE_CURVE ( 'NONE', #4886, #869, #7678, .T. ) ;
#5317 = LINE ( 'NONE', #8787, #5065 ) ;
#5318 = CARTESIAN_POINT ( 'NONE',  ( 0.4374999999999998900, 0.5600000000000003900, -0.2210000000000000900 ) ) ;
#5319 = CARTESIAN_POINT ( 'NONE',  ( 0.0000000000000000000, 0.0000000000000000000, -0.01000000000000000000 ) ) ;
#5320 = EDGE_LOOP ( 'NONE', ( #7606, #4959, #10830, #3531 ) ) ;
#5321 = VECTOR ( 'NONE', #3994, 39.37007874015748100 ) ;
#5322 = ORIENTED_EDGE ( 'NONE', *, *, #8205, .T. ) ;
#5323 = CARTESIAN_POINT ( 'NONE',  ( 0.5374999999999999800, 0.2700000000000001800, -0.1490000000000000800 ) ) ;
#5324 = DIRECTION ( 'NONE',  ( 1.000000000000000000, 0.0000000000000000000, 0.0000000000000000000 ) ) ;
#5325 = DIRECTION ( 'NONE',  ( 0.0000000000000000000, 0.0000000000000000000, 1.000000000000000000 ) ) ;
#5326 = CARTESIAN_POINT ( 'NONE',  ( 0.8825288151001856600, 0.3318709691426853200, 0.0000000000000000000 ) ) ;
#5327 = EDGE_LOOP ( 'NONE', ( #2062, #3743, #4786, #2319 ) ) ;
#5328 = EDGE_CURVE ( 'NONE', #1321, #1581, #764, .T. ) ;
#5329 = ADVANCED_FACE ( 'NONE', ( #3045 ), #1142, .F. ) ;
#5330 = PLANE ( 'NONE',  #10241 ) ;
#5331 = EDGE_CURVE ( 'NONE', #4802, #8668, #7409, .T. ) ;
#5332 = EDGE_LOOP ( 'NONE', ( #1987, #9962, #5142, #7686 ) ) ;
#5333 = EDGE_CURVE ( 'NONE', #4665, #6113, #9470, .T. ) ;
#5334 = CYLINDRICAL_SURFACE ( 'NONE', #4644, 0.07649999999999998500 ) ;
#5335 = ORIENTED_EDGE ( 'NONE', *, *, #5431, .T. ) ;
#5336 = VECTOR ( 'NONE', #8609, 39.37007874015748100 ) ;
#5337 = CARTESIAN_POINT ( 'NONE',  ( 0.9924643213828182600, 0.2668421540424528200, -0.01000000000000000000 ) ) ;
#5338 = LINE ( 'NONE', #9044, #4795 ) ;
#5340 = EDGE_LOOP ( 'NONE', ( #6496, #8776, #5031, #5082, #3725, #9325, #8893, #5426, #2492 ) ) ;
#5339 = EDGE_LOOP ( 'NONE', ( #8988, #3321, #5145, #8915, #3244, #1160, #1376, #10314, #8704, #1789, #712 ) ) ;
#5341 = ORIENTED_EDGE ( 'NONE', *, *, #7440, .T. ) ;
#5342 = CARTESIAN_POINT ( 'NONE',  ( 0.7974999999999998800, 0.5579999999999999400, -0.1089999999999998900 ) ) ;
#5343 = AXIS2_PLACEMENT_3D ( 'NONE', #3266, #9371, #2829 ) ;
#5344 = ORIENTED_EDGE ( 'NONE', *, *, #4134, .F. ) ;
#5345 = ORIENTED_EDGE ( 'NONE', *, *, #1075, .T. ) ;
#5346 = CC_DESIGN_DATE_AND_TIME_ASSIGNMENT ( #5018, #9588, ( #2876 ) ) ;
#5347 = ADVANCED_FACE ( 'NONE', ( #146 ), #499, .F. ) ;
#5348 = DIRECTION ( 'NONE',  ( -0.0000000000000000000, 0.0000000000000000000, 1.000000000000000000 ) ) ;
#5349 = DIRECTION ( 'NONE',  ( 0.0000000000000000000, -3.691686477924679400E-015, -1.000000000000000000 ) ) ;
#5350 = CYLINDRICAL_SURFACE ( 'NONE', #9272, 0.009815670203796920600 ) ;
#5351 = ORIENTED_EDGE ( 'NONE', *, *, #4380, .T. ) ;
#5352 = CYLINDRICAL_SURFACE ( 'NONE', #10323, 0.06399999999999984900 ) ;
#5353 = DIRECTION ( 'NONE',  ( 0.0000000000000000000, 1.000000000000000000, 4.553079989440425900E-016 ) ) ;
#5354 = CIRCLE ( 'NONE', #10436, 0.03999999999999998000 ) ;
#5355 = EDGE_CURVE ( 'NONE', #204, #8702, #9252, .T. ) ;
#5356 = CARTESIAN_POINT ( 'NONE',  ( 0.9374999999999998900, 0.3450000000000002000, -0.09750000000000001700 ) ) ;
#5357 = FACE_OUTER_BOUND ( 'NONE', #8511, .T. ) ;
#5358 = CARTESIAN_POINT ( 'NONE',  ( 0.09500000000015292000, 0.03800000000027852600, -0.01500000000092580100 ) ) ;
#5359 = ORIENTED_EDGE ( 'NONE', *, *, #490, .T. ) ;
#5360 = CARTESIAN_POINT ( 'NONE',  ( 0.8374999999999999100, 0.5999999999999999800, -0.07249999999999998100 ) ) ;
#5361 = LINE ( 'NONE', #6176, #5336 ) ;
#5362 = CARTESIAN_POINT ( 'NONE',  ( 0.5974999999999999200, 0.3450000000000002000, -0.09750000000000005900 ) ) ;
#5363 = DIRECTION ( 'NONE',  ( -0.0000000000000000000, -1.000000000000000000, -4.553079989440441700E-016 ) ) ;
#5364 = ORIENTED_EDGE ( 'NONE', *, *, #3369, .T. ) ;
#5365 = VERTEX_POINT ( 'NONE', #1590 ) ;
#5366 = CARTESIAN_POINT ( 'NONE',  ( 0.8089112885716688300, 0.2366589681657897700, -0.01000000000000000000 ) ) ;
#5367 = CYLINDRICAL_SURFACE ( 'NONE', #7783, 0.006870969142648433200 ) ;
#5368 = ORIENTED_EDGE ( 'NONE', *, *, #6370, .T. ) ;
#5369 = ORIENTED_EDGE ( 'NONE', *, *, #396, .F. ) ;
#5370 = AXIS2_PLACEMENT_3D ( 'NONE', #4403, #3695, #1157 ) ;
#5371 = EDGE_CURVE ( 'NONE', #8727, #117, #466, .T. ) ;
#5372 = FACE_OUTER_BOUND ( 'NONE', #3310, .T. ) ;
#5373 = APPROVAL_PERSON_ORGANIZATION ( #7576, #8866, #9799 ) ;
#5374 = ORIENTED_EDGE ( 'NONE', *, *, #4727, .F. ) ;
#5375 = DIRECTION ( 'NONE',  ( 1.000000000000000000, 0.0000000000000000000, 0.0000000000000000000 ) ) ;
#5376 = PERSON_AND_ORGANIZATION ( #9772, #7578 ) ;
#5377 = ADVANCED_FACE ( 'NONE', ( #4954 ), #10722, .T. ) ;
#5378 = FACE_OUTER_BOUND ( 'NONE', #9004, .T. ) ;
#5379 = CARTESIAN_POINT ( 'NONE',  ( 0.5374999999999999800, 0.05000000000000001000, -0.2725000000000000800 ) ) ;
#5380 = ORIENTED_EDGE ( 'NONE', *, *, #8862, .F. ) ;
#5381 = ORIENTED_EDGE ( 'NONE', *, *, #4601, .T. ) ;
#5382 = ORIENTED_EDGE ( 'NONE', *, *, #2516, .T. ) ;
#5383 = APPROVAL_DATE_TIME ( #7583, #2808 ) ;
#5384 = DATE_AND_TIME ( #7584, #9616 ) ;
#5385 = EDGE_CURVE ( 'NONE', #1721, #524, #7140, .T. ) ;
#5386 = DIRECTION ( 'NONE',  ( 1.000000000000000000, -0.0000000000000000000, -0.0000000000000000000 ) ) ;
#5387 = EDGE_CURVE ( 'NONE', #1185, #4118, #9007, .T. ) ;
#5388 = CARTESIAN_POINT ( 'NONE',  ( 1.137499999999999700, 0.05000000000000000300, -0.3700000000000000000 ) ) ;
#5389 = FACE_OUTER_BOUND ( 'NONE', #8279, .T. ) ;
#5390 = LINE ( 'NONE', #6989, #2953 ) ;
#5391 = DIRECTION ( 'NONE',  ( 0.0000000000000000000, 0.0000000000000000000, 1.000000000000000000 ) ) ;
#5392 = DIRECTION ( 'NONE',  ( -0.0000000000000000000, -1.000000000000000000, -0.0000000000000000000 ) ) ;
#5393 = DATE_AND_TIME ( #7594, #9626 ) ;
#5394 = DIRECTION ( 'NONE',  ( 1.000000000000000000, 0.0000000000000000000, 0.0000000000000000000 ) ) ;
#5395 = VERTEX_POINT ( 'NONE', #2171 ) ;
#5396 = VERTEX_POINT ( 'NONE', #8885 ) ;
#5397 = DIRECTION ( 'NONE',  ( 0.0000000000000000000, 1.000000000000000000, 4.553079989440424900E-016 ) ) ;
#5398 = DIRECTION ( 'NONE',  ( 0.0000000000000000000, 4.553079989440425900E-016, -1.000000000000000000 ) ) ;
#5399 = FACE_OUTER_BOUND ( 'NONE', #137, .T. ) ;
#5400 = EDGE_LOOP ( 'NONE', ( #4818, #6043, #5630, #9232, #121, #5442, #4222, #2570, #10679 ) ) ;
#5401 = VECTOR ( 'NONE', #7889, 39.37007874015748100 ) ;
#5402 = CIRCLE ( 'NONE', #8472, 0.03150000000000002800 ) ;
#5403 = EDGE_CURVE ( 'NONE', #8074, #1234, #6615, .T. ) ;
#5404 = DIRECTION ( 'NONE',  ( 0.0000000000000000000, 0.0000000000000000000, -1.000000000000000000 ) ) ;
#5405 = CARTESIAN_POINT ( 'NONE',  ( 0.5974999999999999200, 0.05000000000000000300, -0.1499999999999999900 ) ) ;
#5406 = DIRECTION ( 'NONE',  ( -7.383372955849362000E-016, -0.0000000000000000000, 1.000000000000000000 ) ) ;
#5407 = FACE_OUTER_BOUND ( 'NONE', #4383, .T. ) ;
#5408 = CARTESIAN_POINT ( 'NONE',  ( 0.8374999999999999100, 0.2699999999999999100, -0.2220000000000000600 ) ) ;
#5409 = VECTOR ( 'NONE', #6073, 39.37007874015748100 ) ;
#5410 = DIRECTION ( 'NONE',  ( -0.0000000000000000000, 1.000000000000000000, 1.707404996040165000E-016 ) ) ;
#5411 = LINE ( 'NONE', #10432, #9641 ) ;
#5412 = EDGE_CURVE ( 'NONE', #5315, #5626, #4667, .T. ) ;
#5413 = CARTESIAN_POINT ( 'NONE',  ( 0.6871969780444986400, 0.0000000000000000000, -0.01000000000000000000 ) ) ;
#5414 = VERTEX_POINT ( 'NONE', #2051 ) ;
#5415 = AXIS2_PLACEMENT_3D ( 'NONE', #10768, #6459, #2735 ) ;
#5416 = LINE ( 'NONE', #4885, #2983 ) ;
#5417 = DIRECTION ( 'NONE',  ( 1.000000000000000000, 0.0000000000000000000, 0.0000000000000000000 ) ) ;
#5418 = CC_DESIGN_APPROVAL ( #4849, ( #3586 ) ) ;
#5419 = CARTESIAN_POINT ( 'NONE',  ( 0.6974999999999999000, 0.3450000000000002000, -0.09750000000000003100 ) ) ;
#5420 = VECTOR ( 'NONE', #157, 39.37007874015748100 ) ;
#5421 = ORIENTED_EDGE ( 'NONE', *, *, #9093, .F. ) ;
#5422 = CARTESIAN_POINT ( 'NONE',  ( 0.3361881571563409300, 0.02550000000057543700, -0.02499999999636760500 ) ) ;
#5423 = ORIENTED_EDGE ( 'NONE', *, *, #10204, .F. ) ;
#5424 = ADVANCED_FACE ( 'NONE', ( #8748 ), #2156, .F. ) ;
#5425 = VECTOR ( 'NONE', #5462, 39.37007874015748100 ) ;
#5426 = ORIENTED_EDGE ( 'NONE', *, *, #2464, .F. ) ;
#5427 = CARTESIAN_POINT ( 'NONE',  ( 0.7374999999999998200, 0.2699999999999999100, -0.2210000000000000900 ) ) ;
#5428 = ORIENTED_EDGE ( 'NONE', *, *, #2978, .F. ) ;
#5429 = PLANE ( 'NONE',  #10056 ) ;
#5430 = FACE_OUTER_BOUND ( 'NONE', #8013, .T. ) ;
#5431 = EDGE_CURVE ( 'NONE', #4909, #7921, #10697, .T. ) ;
#5432 = DIRECTION ( 'NONE',  ( 1.000000000000000000, -0.0000000000000000000, -0.0000000000000000000 ) ) ;
#5433 = AXIS2_PLACEMENT_3D ( 'NONE', #4113, #5291, #5282 ) ;
#5434 = CIRCLE ( 'NONE', #163, 0.03099999999999998900 ) ;
#5435 = VERTEX_POINT ( 'NONE', #1182 ) ;
#5436 = CARTESIAN_POINT ( 'NONE',  ( 0.9374999999999998900, 0.3450000000000002000, -0.2725000000000000200 ) ) ;
#5437 = DIRECTION ( 'NONE',  ( 1.000000000000000000, -0.0000000000000000000, -0.0000000000000000000 ) ) ;
#5438 = VERTEX_POINT ( 'NONE', #1362 ) ;
#5439 = ORIENTED_EDGE ( 'NONE', *, *, #8006, .T. ) ;
#5440 = CARTESIAN_POINT ( 'NONE',  ( 0.3361881571557119300, 0.04400000000096382400, -0.02499999999431216200 ) ) ;
#5441 = LINE ( 'NONE', #645, #7105 ) ;
#5442 = ORIENTED_EDGE ( 'NONE', *, *, #6017, .T. ) ;
#5443 = CYLINDRICAL_SURFACE ( 'NONE', #8994, 0.009815670203805868300 ) ;
#5444 = CARTESIAN_POINT ( 'NONE',  ( 0.6374999999999998400, 0.3450000000000001400, -0.2220000000000000600 ) ) ;
#5445 = FACE_OUTER_BOUND ( 'NONE', #5803, .T. ) ;
#5446 = PLANE ( 'NONE',  #3619 ) ;
#5447 = VERTEX_POINT ( 'NONE', #2195 ) ;
#5448 = ADVANCED_FACE ( 'NONE', ( #10469 ), #10234, .F. ) ;
#5449 = ORIENTED_EDGE ( 'NONE', *, *, #968, .T. ) ;
#5450 = VERTEX_POINT ( 'NONE', #1594 ) ;
#5451 = EDGE_CURVE ( 'NONE', #9090, #1721, #6372, .T. ) ;
#5452 = VECTOR ( 'NONE', #3978, 39.37007874015748100 ) ;
#5453 = EDGE_LOOP ( 'NONE', ( #5720, #4071, #138, #2467 ) ) ;
#5454 = ORIENTED_EDGE ( 'NONE', *, *, #9107, .T. ) ;
#5455 = ORIENTED_EDGE ( 'NONE', *, *, #2164, .F. ) ;
#5456 = EDGE_CURVE ( 'NONE', #8824, #1321, #1552, .T. ) ;
#5457 = CARTESIAN_POINT ( 'NONE',  ( 0.5675000000022227800, 0.6712132034341625800, -0.3100000000010569300 ) ) ;
#5458 = CARTESIAN_POINT ( 'NONE',  ( 1.137499999999999700, 0.05000000000000001000, -0.2725000000000000200 ) ) ;
#5459 = ORIENTED_EDGE ( 'NONE', *, *, #9164, .F. ) ;
#5460 = ORIENTED_EDGE ( 'NONE', *, *, #1689, .T. ) ;
#5461 = EDGE_LOOP ( 'NONE', ( #9745, #562, #415, #577 ) ) ;
#5462 = DIRECTION ( 'NONE',  ( 0.0000000000000000000, -1.871128762783745300E-015, 1.000000000000000000 ) ) ;
#5463 = ORIENTED_EDGE ( 'NONE', *, *, #7208, .F. ) ;
#5464 = CIRCLE ( 'NONE', #5433, 0.03999999999999998000 ) ;
#5465 = VERTEX_POINT ( 'NONE', #2279 ) ;
#5466 = LINE ( 'NONE', #307, #5401 ) ;
#5467 = CARTESIAN_POINT ( 'NONE',  ( 0.6734550397591690900, 0.4133410318342099500, -0.01000000000000000000 ) ) ;
#5468 = DIRECTION ( 'NONE',  ( -0.0000000000000000000, -0.0000000000000000000, 1.000000000000000000 ) ) ;
#5469 = EDGE_CURVE ( 'NONE', #9753, #1714, #1242, .T. ) ;
#5470 = EDGE_CURVE ( 'NONE', #10967, #958, #6118, .T. ) ;
#5471 = EDGE_CURVE ( 'NONE', #7160, #3529, #8517, .T. ) ;
#5472 = ORIENTED_EDGE ( 'NONE', *, *, #9706, .F. ) ;
#5473 = AXIS2_PLACEMENT_3D ( 'NONE', #1644, #1633, #1614 ) ;
#5474 = VERTEX_POINT ( 'NONE', #5590 ) ;
#5475 = VECTOR ( 'NONE', #4088, 39.37007874015748100 ) ;
#5476 = ORIENTED_EDGE ( 'NONE', *, *, #3584, .T. ) ;
#5477 = ORIENTED_EDGE ( 'NONE', *, *, #2819, .T. ) ;
#5478 = CARTESIAN_POINT ( 'NONE',  ( 1.104362961706134100, 0.2268432979619829900, -0.01000000000000000000 ) ) ;
#5479 = DIRECTION ( 'NONE',  ( -0.7748259416012170900, -0.4470149663167041200, -0.4470149663161883700 ) ) ;
#5480 = CARTESIAN_POINT ( 'NONE',  ( 0.8624999999999999300, 0.5180000000000000200, -0.2610000000000000700 ) ) ;
#5481 = ORIENTED_EDGE ( 'NONE', *, *, #10531, .F. ) ;
#5482 = CYLINDRICAL_SURFACE ( 'NONE', #457, 0.02625691779517367100 ) ;
#5483 = AXIS2_PLACEMENT_3D ( 'NONE', #1415, #1393, #1223 ) ;
#5484 = CC_DESIGN_PERSON_AND_ORGANIZATION_ASSIGNMENT ( #7456, #4898, ( #3038 ) ) ;
#5485 = ADVANCED_FACE ( 'NONE', ( #3476 ), #7601, .F. ) ;
#5486 = ORIENTED_EDGE ( 'NONE', *, *, #2650, .F. ) ;
#5487 = ORIENTED_EDGE ( 'NONE', *, *, #243, .F. ) ;
#5488 = ORIENTED_EDGE ( 'NONE', *, *, #4007, .T. ) ;
#5489 = LINE ( 'NONE', #8101, #5550 ) ;
#5490 = DIRECTION ( 'NONE',  ( 1.000000000000000200, 8.055057399101522600E-012, -5.203623633218455500E-012 ) ) ;
#5491 = CARTESIAN_POINT ( 'NONE',  ( 1.097499999999999900, 0.05000000000000014800, -0.07249999999999999500 ) ) ;
#5492 = LINE ( 'NONE', #9972, #486 ) ;
#5493 = DIRECTION ( 'NONE',  ( 0.0000000000000000000, -0.0000000000000000000, -1.000000000000000000 ) ) ;
#5494 = ORIENTED_EDGE ( 'NONE', *, *, #3675, .T. ) ;
#5495 = CARTESIAN_POINT ( 'NONE',  ( 1.114178631909940000, 0.2965345564089702500, -0.01000000000000000000 ) ) ;
#5496 = EDGE_CURVE ( 'NONE', #166, #719, #5857, .T. ) ;
#5497 = LINE ( 'NONE', #7870, #5409 ) ;
#5498 = ORIENTED_EDGE ( 'NONE', *, *, #8566, .T. ) ;
#5499 = CYLINDRICAL_SURFACE ( 'NONE', #7973, 0.01000000000000003000 ) ;
#5500 = ADVANCED_FACE ( 'NONE', ( #932 ), #608, .T. ) ;
#5501 = CARTESIAN_POINT ( 'NONE',  ( 0.4974999999999998900, 0.3450000000000001400, -0.1480000000000000200 ) ) ;
#5502 = DIRECTION ( 'NONE',  ( 0.0000000000000000000, -1.000000000000000000, 0.0000000000000000000 ) ) ;
#5503 = DIRECTION ( 'NONE',  ( -0.0000000000000000000, -0.0000000000000000000, 1.000000000000000000 ) ) ;
#5504 = ORIENTED_EDGE ( 'NONE', *, *, #10883, .F. ) ;
#5505 = ORIENTED_EDGE ( 'NONE', *, *, #10277, .F. ) ;
#5506 = FACE_OUTER_BOUND ( 'NONE', #10249, .T. ) ;
#5507 = CARTESIAN_POINT ( 'NONE',  ( 0.4374999999999998900, 0.5579999999999996100, -0.07250000000000000900 ) ) ;
#5508 = CARTESIAN_POINT ( 'NONE',  ( 0.9021601555077856100, 0.2268432979619844400, -0.01000000000000000000 ) ) ;
#5509 = AXIS2_PLACEMENT_3D ( 'NONE', #7056, #7045, #6991 ) ;
#5510 = EDGE_CURVE ( 'NONE', #3837, #5305, #5588, .T. ) ;
#5511 = VECTOR ( 'NONE', #5532, 39.37007874015748100 ) ;
#5512 = EDGE_CURVE ( 'NONE', #7182, #8045, #3176, .T. ) ;
#5513 = VECTOR ( 'NONE', #3403, 39.37007874015748100 ) ;
#5514 = CARTESIAN_POINT ( 'NONE',  ( 0.7990956183678619200, 0.2268432979619829900, -0.01000000000000000000 ) ) ;
#5515 = VECTOR ( 'NONE', #3489, 39.37007874015748100 ) ;
#5516 = CALENDAR_DATE ( 2019, 15, 10 ) ;
#5517 = DIRECTION ( 'NONE',  ( -8.054752014271279800E-012, -1.000000000000000000, 9.472423642657713700E-013 ) ) ;
#5518 = VERTEX_POINT ( 'NONE', #1785 ) ;
#5519 = VECTOR ( 'NONE', #5683, 39.37007874015748100 ) ;
#5520 = VECTOR ( 'NONE', #3655, 39.37007874015748100 ) ;
#5521 = VERTEX_POINT ( 'NONE', #6020 ) ;
#5522 = CIRCLE ( 'NONE', #6846, 0.009815670203811535700 ) ;
#5523 = APPROVAL_PERSON_ORGANIZATION ( #7732, #3501, #8832 ) ;
#5524 = EDGE_CURVE ( 'NONE', #793, #1979, #2891, .T. ) ;
#5525 = ORIENTED_EDGE ( 'NONE', *, *, #4747, .F. ) ;
#5526 = EDGE_CURVE ( 'NONE', #4913, #2216, #9575, .T. ) ;
#5527 = ORIENTED_EDGE ( 'NONE', *, *, #8247, .F. ) ;
#5528 = PLANE ( 'NONE',  #1092 ) ;
#5529 = AXIS2_PLACEMENT_3D ( 'NONE', #7328, #7660, #7789 ) ;
#5530 = DIRECTION ( 'NONE',  ( -1.000000000000000000, -0.0000000000000000000, 0.0000000000000000000 ) ) ;
#5531 = VECTOR ( 'NONE', #3509, 39.37007874015748100 ) ;
#5532 = DIRECTION ( 'NONE',  ( -0.0000000000000000000, 1.871128762783746100E-015, 1.000000000000000000 ) ) ;
#5533 = ADVANCED_FACE ( 'NONE', ( #7537 ), #10262, .F. ) ;
#5534 = LINE ( 'NONE', #8449, #9530 ) ;
#5535 = CARTESIAN_POINT ( 'NONE',  ( 0.7374999999999998200, 0.2699999999999999100, -0.2220000000000000600 ) ) ;
#5536 = LINE ( 'NONE', #10541, #3122 ) ;
#5537 = VERTEX_POINT ( 'NONE', #3944 ) ;
#5538 = ORIENTED_EDGE ( 'NONE', *, *, #5583, .T. ) ;
#5539 = AXIS2_PLACEMENT_3D ( 'NONE', #7599, #8622, #8665 ) ;
#5540 = LINE ( 'NONE', #6507, #5515 ) ;
#5541 = DIRECTION ( 'NONE',  ( -0.0000000000000000000, 0.0000000000000000000, -1.000000000000000000 ) ) ;
#5542 = AXIS2_PLACEMENT_3D ( 'NONE', #8731, #3704, #9494 ) ;
#5543 = VECTOR ( 'NONE', #10179, 39.37007874015748100 ) ;
#5544 = VERTEX_POINT ( 'NONE', #4191 ) ;
#5545 = DIRECTION ( 'NONE',  ( -1.000000000000000000, -9.478563083521717400E-013, 3.681989669454755000E-013 ) ) ;
#5546 = CARTESIAN_POINT ( 'NONE',  ( 0.8398306497136467400, 0.3416866393464885200, -0.01000000000000000000 ) ) ;
#5547 = VERTEX_POINT ( 'NONE', #10492 ) ;
#5548 = DIRECTION ( 'NONE',  ( -0.0000000000000000000, -0.0000000000000000000, 1.000000000000000000 ) ) ;
#5549 = LINE ( 'NONE', #5152, #7499 ) ;
#5550 = VECTOR ( 'NONE', #5410, 39.37007874015748100 ) ;
#5551 = LINE ( 'NONE', #1402, #9550 ) ;
#5552 = CARTESIAN_POINT ( 'NONE',  ( 1.167499999997776900, 0.6712132034341626900, -0.05999999999894310700 ) ) ;
#5553 = EDGE_CURVE ( 'NONE', #3703, #2155, #5093, .T. ) ;
#5554 = DIRECTION ( 'NONE',  ( -1.000000000000000000, 0.0000000000000000000, 0.0000000000000000000 ) ) ;
#5555 = DIRECTION ( 'NONE',  ( 9.478563083388219400E-013, 1.000000000000000000, 7.789823685982826700E-013 ) ) ;
#5556 = AXIS2_PLACEMENT_3D ( 'NONE', #5440, #2103, #5741 ) ;
#5557 = SECURITY_CLASSIFICATION ( '', '', #8468 ) ;
#5558 = CARTESIAN_POINT ( 'NONE',  ( 0.1332132034352882800, 0.05800000000140888300, -0.02499999999917266700 ) ) ;
#5559 = FACE_OUTER_BOUND ( 'NONE', #7501, .T. ) ;
#5561 = VERTEX_POINT ( 'NONE', #7759 ) ;
#5560 = CARTESIAN_POINT ( 'NONE',  ( 0.4974999999999998900, 0.5580000000000000500, -0.07249999999999998100 ) ) ;
#5562 = EDGE_LOOP ( 'NONE', ( #5477, #2247, #9675, #7121 ) ) ;
#5563 = CARTESIAN_POINT ( 'NONE',  ( 0.4974999999999998900, 0.5579999999999999400, -0.2975000000000001000 ) ) ;
#5564 = LINE ( 'NONE', #1775, #585 ) ;
#5565 = DIRECTION ( 'NONE',  ( -1.000000000000000000, -0.0000000000000000000, -0.0000000000000000000 ) ) ;
#5566 = VERTEX_POINT ( 'NONE', #4308 ) ;
#5567 = DIRECTION ( 'NONE',  ( -0.0000000000000000000, 0.0000000000000000000, -1.000000000000000000 ) ) ;
#5568 = CARTESIAN_POINT ( 'NONE',  ( 1.097499999999999900, 0.3450000000000001400, -0.1479999999999999900 ) ) ;
#5569 = VERTEX_POINT ( 'NONE', #3820 ) ;
#5570 = EDGE_LOOP ( 'NONE', ( #4938, #10324, #4319, #1240, #5783, #1485, #5677, #5498 ) ) ;
#5571 = LINE ( 'NONE', #9186, #270 ) ;
#5572 = EDGE_CURVE ( 'NONE', #375, #9961, #6292, .T. ) ;
#5573 = DIRECTION ( 'NONE',  ( 0.8934675157458197300, 0.4491278195647575600, 2.088883639489091200E-014 ) ) ;
#5574 = CARTESIAN_POINT ( 'NONE',  ( 0.7974999999999998800, 0.3450000000000002000, -0.09750000000000003100 ) ) ;
#5575 = ORIENTED_EDGE ( 'NONE', *, *, #10595, .T. ) ;
#5576 = VERTEX_POINT ( 'NONE', #2705 ) ;
#5577 = FACE_OUTER_BOUND ( 'NONE', #8137, .T. ) ;
#5578 = EDGE_LOOP ( 'NONE', ( #1123, #9138, #1586, #3956 ) ) ;
#5579 = PLANE ( 'NONE',  #7751 ) ;
#5580 = ORIENTED_EDGE ( 'NONE', *, *, #5470, .F. ) ;
#5581 = ADVANCED_FACE ( 'NONE', ( #7003 ), #2638, .T. ) ;
#5582 = ADVANCED_FACE ( 'NONE', ( #9360 ), #2724, .T. ) ;
#5583 = EDGE_CURVE ( 'NONE', #660, #397, #2640, .T. ) ;
#5584 = DIRECTION ( 'NONE',  ( 0.0000000000000000000, 0.0000000000000000000, -1.000000000000000000 ) ) ;
#5585 = CARTESIAN_POINT ( 'NONE',  ( 1.037499999999999900, 0.5180000000000000200, -0.1089999999999998600 ) ) ;
#5586 = EDGE_CURVE ( 'NONE', #8085, #2547, #5338, .T. ) ;
#5587 = ORIENTED_EDGE ( 'NONE', *, *, #9939, .T. ) ;
#5588 = LINE ( 'NONE', #6358, #9795 ) ;
#5589 = CARTESIAN_POINT ( 'NONE',  ( 0.8374999999999999100, 0.3450000000000002000, -0.09750000000000001700 ) ) ;
#5590 = CARTESIAN_POINT ( 'NONE',  ( 1.097499999999999900, 0.5579999999999999400, -0.1089999999999998500 ) ) ;
#5591 = CARTESIAN_POINT ( 'NONE',  ( 0.0000000000000000000, 0.0000000000000000000, -0.3700000000000001600 ) ) ;
#5592 = LINE ( 'NONE', #7707, #5660 ) ;
#5593 = ADVANCED_FACE ( 'NONE', ( #7263 ), #2619, .F. ) ;
#5594 = DIRECTION ( 'NONE',  ( 0.0000000000000000000, 1.352399996863497400E-015, -1.000000000000000000 ) ) ;
#5595 = CIRCLE ( 'NONE', #7145, 0.006870969142648433200 ) ;
#5596 = ORIENTED_EDGE ( 'NONE', *, *, #1079, .T. ) ;
#5597 = CARTESIAN_POINT ( 'NONE',  ( 0.4974999999999998900, 0.3450000000000001400, -0.2220000000000000600 ) ) ;
#5598 = CARTESIAN_POINT ( 'NONE',  ( 0.6057269153529094600, 0.0000000000000000000, -0.01000000000000000000 ) ) ;
#5599 = ORIENTED_EDGE ( 'NONE', *, *, #3620, .F. ) ;
#5600 = CARTESIAN_POINT ( 'NONE',  ( 1.197499999999999800, 0.5600000000000003900, -0.1490000000000000800 ) ) ;
#5601 = EDGE_CURVE ( 'NONE', #58, #9054, #7805, .T. ) ;
#5602 = DIRECTION ( 'NONE',  ( 0.0000000000000000000, -1.000000000000000000, -5.691349986800549600E-017 ) ) ;
#5603 = VECTOR ( 'NONE', #5682, 39.37007874015748100 ) ;
#5604 = EDGE_LOOP ( 'NONE', ( #3917, #2, #3420, #823 ) ) ;
#5605 = ADVANCED_FACE ( 'NONE', ( #8871 ), #4011, .F. ) ;
#5606 = DIRECTION ( 'NONE',  ( -3.681989669462878400E-013, 7.789823685977714400E-013, 1.000000000000000000 ) ) ;
#5607 = DIRECTION ( 'NONE',  ( 1.000000000000000000, 0.0000000000000000000, 0.0000000000000000000 ) ) ;
#5608 = CARTESIAN_POINT ( 'NONE',  ( 0.6374999999999998400, 0.3450000000000002000, -0.2725000000000000200 ) ) ;
#5609 = EDGE_CURVE ( 'NONE', #7676, #4207, #4526, .T. ) ;
#5610 = VECTOR ( 'NONE', #907, 39.37007874015748100 ) ;
#5611 = APPROVAL ( #6657, 'UNKNOWN' ) ;
#5612 = ORIENTED_EDGE ( 'NONE', *, *, #726, .F. ) ;
#5613 = PERSON_AND_ORGANIZATION_ROLE ( 'creator' ) ;
#5614 = CARTESIAN_POINT ( 'NONE',  ( -0.0000000000000000000, 0.4094147637527243400, 0.0000000000000000000 ) ) ;
#5615 = CARTESIAN_POINT ( 'NONE',  ( 1.137499999999999700, 0.3450000000000001400, -0.2219999999999999800 ) ) ;
#5616 = LINE ( 'NONE', #4440, #5747 ) ;
#5617 = CALENDAR_DATE ( 2019, 15, 10 ) ;
#5618 = LOCAL_TIME ( 13, 11, 25.00000000000000000, #7833 ) ;
#5619 = CARTESIAN_POINT ( 'NONE',  ( 0.8462132034369113100, 0.02350000000100955700, -0.007500000004088881700 ) ) ;
#5620 = VECTOR ( 'NONE', #10656, 39.37007874015748100 ) ;
#5621 = DIRECTION ( 'NONE',  ( -0.0000000000000000000, -1.352399996863497200E-015, -1.000000000000000000 ) ) ;
#5622 = PLANE ( 'NONE',  #2383 ) ;
#5623 = EDGE_CURVE ( 'NONE', #9054, #1963, #10795, .T. ) ;
#5624 = LINE ( 'NONE', #492, #327 ) ;
#5625 = ORIENTED_EDGE ( 'NONE', *, *, #525, .T. ) ;
#5626 = VERTEX_POINT ( 'NONE', #2522 ) ;
#5627 = AXIS2_PLACEMENT_3D ( 'NONE', #8969, #4275, #10392 ) ;
#5628 = CARTESIAN_POINT ( 'NONE',  ( 0.1597132034348693900, 0.05750000000005750500, -0.006000000001126495700 ) ) ;
#5629 = DIRECTION ( 'NONE',  ( -0.7071067811827339600, -0.7071067811903608600, -2.904677289089618600E-013 ) ) ;
#5630 = ORIENTED_EDGE ( 'NONE', *, *, #8579, .F. ) ;
#5631 = ORIENTED_EDGE ( 'NONE', *, *, #8410, .T. ) ;
#5632 = FACE_OUTER_BOUND ( 'NONE', #1465, .T. ) ;
#5633 = DATE_AND_TIME ( #7843, #9833 ) ;
#5634 = ADVANCED_FACE ( 'NONE', ( #8626 ), #2799, .F. ) ;
#5635 = CALENDAR_DATE ( 2019, 15, 10 ) ;
#5636 = ADVANCED_FACE ( 'NONE', ( #1983 ), #2365, .F. ) ;
#5637 = CARTESIAN_POINT ( 'NONE',  ( 0.5878125455090621500, 0.01600000000061399500, 0.02258354980247794700 ) ) ;
#5638 = ORIENTED_EDGE ( 'NONE', *, *, #8266, .F. ) ;
#5639 = ORIENTED_EDGE ( 'NONE', *, *, #4003, .F. ) ;
#5640 = VECTOR ( 'NONE', #5653, 39.37007874015748100 ) ;
#5641 = CIRCLE ( 'NONE', #1420, 0.01350000000000000700 ) ;
#5642 = VECTOR ( 'NONE', #7533, 39.37007874015748100 ) ;
#5643 = VECTOR ( 'NONE', #2701, 39.37007874015748100 ) ;
#5644 = APPROVAL_DATE_TIME ( #7854, #1991 ) ;
#5645 = DIRECTION ( 'NONE',  ( 0.0000000000000000000, 0.0000000000000000000, -1.000000000000000000 ) ) ;
#5646 = DIRECTION ( 'NONE',  ( 0.0000000000000000000, -3.691686477924679400E-015, -1.000000000000000000 ) ) ;
#5647 = AXIS2_PLACEMENT_3D ( 'NONE', #10064, #10046, #10040 ) ;
#5648 = EDGE_CURVE ( 'NONE', #5214, #1581, #4233, .T. ) ;
#5649 = DIRECTION ( 'NONE',  ( 0.0000000000000000000, 1.000000000000000000, -0.0000000000000000000 ) ) ;
#5651 = EDGE_LOOP ( 'NONE', ( #1648, #7404, #5041, #9803 ) ) ;
#5650 = EDGE_CURVE ( 'NONE', #5521, #8768, #1696, .T. ) ;
#5652 = VECTOR ( 'NONE', #1394, 39.37007874015748100 ) ;
#5653 = DIRECTION ( 'NONE',  ( -1.000000000000000000, -9.478563083521717400E-013, 3.681989669454755000E-013 ) ) ;
#5654 = LINE ( 'NONE', #2578, #5643 ) ;
#5655 = APPROVAL_ROLE ( '' ) ;
#5656 = VERTEX_POINT ( 'NONE', #10471 ) ;
#5657 = LINE ( 'NONE', #5854, #9418 ) ;
#5658 = ORIENTED_EDGE ( 'NONE', *, *, #3486, .T. ) ;
#5659 = ADVANCED_FACE ( 'NONE', ( #6239 ), #2329, .F. ) ;
#5660 = VECTOR ( 'NONE', #7752, 39.37007874015748100 ) ;
#5661 = EDGE_CURVE ( 'NONE', #9753, #375, #1386, .T. ) ;
#5662 = ADVANCED_FACE ( 'NONE', ( #8166 ), #4133, .T. ) ;
#5663 = CARTESIAN_POINT ( 'NONE',  ( 0.6132132034320935100, 0.01600000000115367500, -0.01500000000065261500 ) ) ;
#5664 = EDGE_CURVE ( 'NONE', #10816, #9060, #5978, .T. ) ;
#5665 = VECTOR ( 'NONE', #124, 39.37007874015748100 ) ;
#5666 = EDGE_CURVE ( 'NONE', #8372, #10522, #10343, .T. ) ;
#5667 = AXIS2_PLACEMENT_3D ( 'NONE', #4887, #4871, #4864 ) ;
#5668 = ORIENTED_EDGE ( 'NONE', *, *, #2837, .F. ) ;
#5669 = CARTESIAN_POINT ( 'NONE',  ( 0.8332132034350029400, 0.03400000000129486200, 0.01499999999860509400 ) ) ;
#5670 = DIRECTION ( 'NONE',  ( 0.0000000000000000000, 0.0000000000000000000, -1.000000000000000000 ) ) ;
#5671 = LINE ( 'NONE', #5700, #3268 ) ;
#5672 = ORIENTED_EDGE ( 'NONE', *, *, #3119, .F. ) ;
#5673 = ORIENTED_EDGE ( 'NONE', *, *, #6370, .F. ) ;
#5674 = FACE_OUTER_BOUND ( 'NONE', #1144, .T. ) ;
#5675 = CARTESIAN_POINT ( 'NONE',  ( 0.1462132034361516600, 0.03799999999906991700, 0.01499999999903754700 ) ) ;
#5676 = ORIENTED_EDGE ( 'NONE', *, *, #5661, .F. ) ;
#5677 = ORIENTED_EDGE ( 'NONE', *, *, #3390, .T. ) ;
#5678 = ORIENTED_EDGE ( 'NONE', *, *, #10224, .T. ) ;
#5679 = DIRECTION ( 'NONE',  ( 0.0000000000000000000, 1.000000000000000000, 4.553079989440424900E-016 ) ) ;
#5680 = LINE ( 'NONE', #6668, #9658 ) ;
#5681 = CC_DESIGN_APPROVAL ( #5151, ( #4549 ) ) ;
#5682 = DIRECTION ( 'NONE',  ( 3.681989669462878400E-013, -7.789823685977714400E-013, -1.000000000000000000 ) ) ;
#5683 = DIRECTION ( 'NONE',  ( -0.0000000000000000000, 1.000000000000000000, -0.0000000000000000000 ) ) ;
#5684 = FACE_OUTER_BOUND ( 'NONE', #8946, .T. ) ;
#5685 = CARTESIAN_POINT ( 'NONE',  ( 0.4974999999999998900, 0.05000000000000014800, -0.07250000000000005100 ) ) ;
#5686 = ORIENTED_EDGE ( 'NONE', *, *, #10643, .T. ) ;
#5687 = ADVANCED_FACE ( 'NONE', ( #9905 ), #547, .F. ) ;
#5688 = CARTESIAN_POINT ( 'NONE',  ( 1.347500000000000100, 0.5999999999999999800, -0.3699999999999998800 ) ) ;
#5689 = FACE_OUTER_BOUND ( 'NONE', #9212, .T. ) ;
#5690 = VERTEX_POINT ( 'NONE', #6945 ) ;
#5691 = CARTESIAN_POINT ( 'NONE',  ( 0.5374999999999999800, 0.3450000000000002000, -0.09750000000000005900 ) ) ;
#5692 = MECHANICAL_CONTEXT ( 'NONE', #10259, 'mechanical' ) ;
#5693 = LINE ( 'NONE', #2146, #5786 ) ;
#5694 = EDGE_CURVE ( 'NONE', #1234, #7322, #3610, .T. ) ;
#5695 = DIRECTION ( 'NONE',  ( 0.0000000000000000000, -5.691349986800549600E-017, 1.000000000000000000 ) ) ;
#5696 = DIRECTION ( 'NONE',  ( -0.0000000000000000000, -0.0000000000000000000, 1.000000000000000000 ) ) ;
#5697 = AXIS2_PLACEMENT_3D ( 'NONE', #10860, #5172, #1017 ) ;
#5698 = VECTOR ( 'NONE', #5920, 39.37007874015748100 ) ;
#5699 = ORIENTED_EDGE ( 'NONE', *, *, #5471, .T. ) ;
#5700 = CARTESIAN_POINT ( 'NONE',  ( 0.9924643213828182600, 0.3831578459575294400, -0.01000000000000000000 ) ) ;
#5701 = DIRECTION ( 'NONE',  ( -1.000000000000000000, 0.0000000000000000000, 0.0000000000000000000 ) ) ;
#5702 = CARTESIAN_POINT ( 'NONE',  ( 0.3674999999999998300, 0.2699999999999999100, -0.2210000000000000900 ) ) ;
#5703 = CARTESIAN_POINT ( 'NONE',  ( 0.6374999999999998400, 0.2699999999999999100, -0.2210000000000000900 ) ) ;
#5704 = ORIENTED_EDGE ( 'NONE', *, *, #10586, .F. ) ;
#5705 = ORIENTED_EDGE ( 'NONE', *, *, #8830, .F. ) ;
#5706 = DIRECTION ( 'NONE',  ( 1.000000000000000000, 0.0000000000000000000, 0.0000000000000000000 ) ) ;
#5707 = ORIENTED_EDGE ( 'NONE', *, *, #4263, .T. ) ;
#5708 = LINE ( 'NONE', #5597, #7657 ) ;
#5709 = EDGE_LOOP ( 'NONE', ( #9461, #2591, #2141, #3649 ) ) ;
#5710 = PLANE ( 'NONE',  #10906 ) ;
#5711 = CARTESIAN_POINT ( 'NONE',  ( 1.197499999999999800, 0.5600000000000003900, -0.2210000000000000900 ) ) ;
#5712 = EDGE_LOOP ( 'NONE', ( #9233, #8694, #5364, #4096 ) ) ;
#5713 = CARTESIAN_POINT ( 'NONE',  ( 0.9974999999999999400, 0.5580000000000000500, -0.07249999999999993900 ) ) ;
#5714 = AXIS2_PLACEMENT_3D ( 'NONE', #6288, #6337, #7277 ) ;
#5715 = EDGE_CURVE ( 'NONE', #2668, #4927, #3904, .T. ) ;
#5716 = LINE ( 'NONE', #8889, #454 ) ;
#5717 = DIRECTION ( 'NONE',  ( 0.0000000000000000000, 0.0000000000000000000, 1.000000000000000000 ) ) ;
#5718 = EDGE_CURVE ( 'NONE', #8188, #10522, #7923, .T. ) ;
#5719 = FACE_OUTER_BOUND ( 'NONE', #6127, .T. ) ;
#5720 = ORIENTED_EDGE ( 'NONE', *, *, #10931, .T. ) ;
#5721 = ORIENTED_EDGE ( 'NONE', *, *, #5331, .T. ) ;
#5722 = ADVANCED_FACE ( 'NONE', ( #7663 ), #279, .F. ) ;
#5723 = EDGE_LOOP ( 'NONE', ( #914, #409, #3892, #8270 ) ) ;
#5724 = LINE ( 'NONE', #5019, #9693 ) ;
#5725 = ORIENTED_EDGE ( 'NONE', *, *, #10839, .T. ) ;
#5726 = VERTEX_POINT ( 'NONE', #6103 ) ;
#5727 = CARTESIAN_POINT ( 'NONE',  ( 0.4374999999999998900, 0.2700000000000001800, -0.1480000000000000800 ) ) ;
#5728 = ORIENTED_EDGE ( 'NONE', *, *, #2858, .T. ) ;
#5729 = EDGE_CURVE ( 'NONE', #4955, #846, #5716, .T. ) ;
#5730 = LINE ( 'NONE', #9557, #5793 ) ;
#5731 = EDGE_CURVE ( 'NONE', #6965, #9060, #5464, .T. ) ;
#5732 = PERSON_AND_ORGANIZATION_ROLE ( 'classification_officer' ) ;
#5733 = DIRECTION ( 'NONE',  ( 1.000000000000000000, 0.0000000000000000000, 0.0000000000000000000 ) ) ;
#5734 = AXIS2_PLACEMENT_3D ( 'NONE', #7436, #9219, #276 ) ;
#5735 = VECTOR ( 'NONE', #2712, 39.37007874015748100 ) ;
#5736 = PERSON ( 'NAUO-PER2', 'UNSPECIFIED', 'UNSPECIFIED', ('UNSPECIFIED'), ('UNSPECIFIED'), ('UNSPECIFIED') ) ;
#5737 = ORIENTED_EDGE ( 'NONE', *, *, #10751, .F. ) ;
#5738 = DIRECTION ( 'NONE',  ( 9.478563083388219400E-013, 1.000000000000000000, 7.789823685982826700E-013 ) ) ;
#5739 = EDGE_LOOP ( 'NONE', ( #2271, #1866, #10028, #135 ) ) ;
#5740 = CYLINDRICAL_SURFACE ( 'NONE', #2734, 0.006000000000000086000 ) ;
#5741 = DIRECTION ( 'NONE',  ( 1.000000000000000000, 9.477452811353084400E-013, -3.681761408127871100E-013 ) ) ;
#5742 = ADVANCED_FACE ( 'NONE', ( #3033 ), #9586, .T. ) ;
#5743 = VECTOR ( 'NONE', #10794, 39.37007874015748100 ) ;
#5744 = ADVANCED_FACE ( 'NONE', ( #752 ), #129, .F. ) ;
#5745 = ORIENTED_EDGE ( 'NONE', *, *, #9766, .T. ) ;
#5746 = CARTESIAN_POINT ( 'NONE',  ( 0.6374999999999998400, 0.05000000000000000300, -0.3700000000000000000 ) ) ;
#5747 = VECTOR ( 'NONE', #2417, 39.37007874015748100 ) ;
#5748 = ORIENTED_EDGE ( 'NONE', *, *, #5250, .F. ) ;
#5749 = CARTESIAN_POINT ( 'NONE',  ( 0.0000000000000000000, 0.0000000000000000000, -0.01000000000000000000 ) ) ;
#5750 = CONTEXT_DEPENDENT_SHAPE_REPRESENTATION ( #10676, #10456 ) ;
#5751 = CARTESIAN_POINT ( 'NONE',  ( 1.114178631909972000, 0.4133410318341946300, 0.0000000000000000000 ) ) ;
#5752 = LINE ( 'NONE', #3150, #7437 ) ;
#5753 = ORIENTED_EDGE ( 'NONE', *, *, #9196, .F. ) ;
#5754 = CARTESIAN_POINT ( 'NONE',  ( 0.9974999999999999400, 0.5580000000000000500, -0.2610000000000000700 ) ) ;
#5755 = CARTESIAN_POINT ( 'NONE',  ( 0.8974999999999999600, 0.05000000000000014800, -0.07250000000000000900 ) ) ;
#5756 = EDGE_CURVE ( 'NONE', #8552, #5051, #7402, .T. ) ;
#5757 = ORIENTED_EDGE ( 'NONE', *, *, #9149, .F. ) ;
#5758 = PERSON_AND_ORGANIZATION ( #10683, #7957 ) ;
#5759 = AXIS2_PLACEMENT_3D ( 'NONE', #8657, #8697, #8705 ) ;
#5760 = CC_DESIGN_PERSON_AND_ORGANIZATION_ASSIGNMENT ( #3377, #9178, ( #2753 ) ) ;
#5761 = ORGANIZATION ( 'NAUO-ORG12', 'UNSPECIFIED', 'UNSPECIFIED' ) ;
#5762 = ORIENTED_EDGE ( 'NONE', *, *, #546, .F. ) ;
#5763 = APPROVAL_STATUS ( 'not_yet_approved' ) ;
#5765 = CARTESIAN_POINT ( 'NONE',  ( 0.8332132034341749300, 0.03400000000143463300, -0.01500000000187402500 ) ) ;
#5764 = LINE ( 'NONE', #10609, #3381 ) ;
#5766 = CYLINDRICAL_SURFACE ( 'NONE', #2665, 0.01850000000000008900 ) ;
#5767 = DATE_AND_TIME ( #7967, #9959 ) ;
#5768 = CARTESIAN_POINT ( 'NONE',  ( 1.037499999999999900, 0.3450000000000001400, -0.1479999999999999900 ) ) ;
#5769 = CARTESIAN_POINT ( 'NONE',  ( 1.197499999999999800, 0.5999999999999999800, -0.03900000000000018700 ) ) ;
#5770 = ORIENTED_EDGE ( 'NONE', *, *, #763, .F. ) ;
#5771 = CARTESIAN_POINT ( 'NONE',  ( -0.0000000000000000000, 0.4231567020380064300, 0.0000000000000000000 ) ) ;
#5772 = ORIENTED_EDGE ( 'NONE', *, *, #5333, .F. ) ;
#5773 = EDGE_CURVE ( 'NONE', #9605, #9394, #9456, .T. ) ;
#5774 = DIRECTION ( 'NONE',  ( -0.0000000000000000000, 0.0000000000000000000, 1.000000000000000000 ) ) ;
#5775 = ORIENTED_EDGE ( 'NONE', *, *, #8581, .T. ) ;
#5776 = ORIENTED_EDGE ( 'NONE', *, *, #1654, .F. ) ;
#5777 = AXIS2_PLACEMENT_3D ( 'NONE', #5156, #6526, #6177 ) ;
#5778 = EDGE_CURVE ( 'NONE', #6240, #7790, #9241, .T. ) ;
#5779 = CARTESIAN_POINT ( 'NONE',  ( 0.8923444853039845800, 0.0000000000000000000, 0.0000000000000000000 ) ) ;
#5780 = VECTOR ( 'NONE', #329, 39.37007874015748100 ) ;
#5781 = DIRECTION ( 'NONE',  ( 0.0000000000000000000, -1.000000000000000000, 0.0000000000000000000 ) ) ;
#5782 = CIRCLE ( 'NONE', #10731, 0.03100000000000002400 ) ;
#5783 = ORIENTED_EDGE ( 'NONE', *, *, #1490, .T. ) ;
#5784 = ORIENTED_EDGE ( 'NONE', *, *, #6181, .T. ) ;
#5785 = DIRECTION ( 'NONE',  ( 1.000000000000000000, 0.0000000000000000000, 0.0000000000000000000 ) ) ;
#5786 = VECTOR ( 'NONE', #1000, 39.37007874015748100 ) ;
#5787 = DIRECTION ( 'NONE',  ( 0.0000000000000000000, -0.0000000000000000000, -1.000000000000000000 ) ) ;
#5788 = SHAPE_DEFINITION_REPRESENTATION ( #671, #2501 ) ;
#5789 = CARTESIAN_POINT ( 'NONE',  ( 0.3924999999999996800, 0.0000000000000000000, 0.0000000000000000000 ) ) ;
#5790 = VECTOR ( 'NONE', #3685, 39.37007874015748100 ) ;
#5791 = CARTESIAN_POINT ( 'NONE',  ( 0.0000000000000000000, 0.4231567020380508400, -0.01000000000000000000 ) ) ;
#5792 = VERTEX_POINT ( 'NONE', #8429 ) ;
#5793 = VECTOR ( 'NONE', #10066, 39.37007874015748100 ) ;
#5794 = CARTESIAN_POINT ( 'NONE',  ( 1.054793827176977200, 0.3539562271012334200, 0.0000000000000000000 ) ) ;
#5795 = DIRECTION ( 'NONE',  ( 1.000000000000000000, 0.0000000000000000000, 0.0000000000000000000 ) ) ;
#5796 = VECTOR ( 'NONE', #6773, 39.37007874015748100 ) ;
#5797 = EDGE_CURVE ( 'NONE', #6060, #5037, #10895, .T. ) ;
#5798 = CARTESIAN_POINT ( 'NONE',  ( 0.8974999999999999600, 0.2700000000000001800, -0.1480000000000000200 ) ) ;
#5799 = DIRECTION ( 'NONE',  ( 0.0000000000000000000, 1.352399996863497200E-015, -1.000000000000000000 ) ) ;
#5800 = ORIENTED_EDGE ( 'NONE', *, *, #4453, .T. ) ;
#5801 = EDGE_CURVE ( 'NONE', #1555, #3703, #8130, .T. ) ;
#5802 = DIRECTION ( 'NONE',  ( 0.0000000000000000000, 0.0000000000000000000, 1.000000000000000000 ) ) ;
#5803 = EDGE_LOOP ( 'NONE', ( #4432, #989, #4490, #1011 ) ) ;
#5804 = ADVANCED_FACE ( 'NONE', ( #4944 ), #9928, .F. ) ;
#5805 = LINE ( 'NONE', #9784, #7213 ) ;
#5806 = ORIENTED_EDGE ( 'NONE', *, *, #143, .F. ) ;
#5807 = FACE_OUTER_BOUND ( 'NONE', #9254, .T. ) ;
#5808 = LINE ( 'NONE', #10898, #5543 ) ;
#5809 = SECURITY_CLASSIFICATION_LEVEL ( 'unclassified' ) ;
#5810 = DIRECTION ( 'NONE',  ( -3.681989669462878400E-013, 7.789823685977714400E-013, 1.000000000000000000 ) ) ;
#5811 = ORIENTED_EDGE ( 'NONE', *, *, #1494, .T. ) ;
#5812 = EDGE_LOOP ( 'NONE', ( #5421, #2031, #8055, #4947 ) ) ;
#5813 = ORIENTED_EDGE ( 'NONE', *, *, #8961, .F. ) ;
#5814 = ORIENTED_EDGE ( 'NONE', *, *, #6704, .T. ) ;
#5815 = VERTEX_POINT ( 'NONE', #1194 ) ;
#5816 = LINE ( 'NONE', #6578, #1181 ) ;
#5817 = EDGE_CURVE ( 'NONE', #1275, #7837, #6866, .T. ) ;
#5818 = EDGE_CURVE ( 'NONE', #1375, #10923, #2461, .T. ) ;
#5819 = VECTOR ( 'NONE', #3339, 39.37007874015748100 ) ;
#5820 = EDGE_LOOP ( 'NONE', ( #3270, #9867, #9270, #2757, #9906, #2309, #430, #502, #6910 ) ) ;
#5821 = ORIENTED_EDGE ( 'NONE', *, *, #9937, .F. ) ;
#5822 = LINE ( 'NONE', #1378, #3137 ) ;
#5823 = ORIENTED_EDGE ( 'NONE', *, *, #5512, .T. ) ;
#5824 = CARTESIAN_POINT ( 'NONE',  ( 1.097499999999999900, 0.5579999999999999400, -0.2975000000000001000 ) ) ;
#5825 = DIRECTION ( 'NONE',  ( 3.681989669462878400E-013, -7.789823685977714400E-013, -1.000000000000000000 ) ) ;
#5826 = CARTESIAN_POINT ( 'NONE',  ( 0.6101829004062493400, 0.03400000000088460700, 0.01547019079557224000 ) ) ;
#5827 = PLANE ( 'NONE',  #10467 ) ;
#5828 = CARTESIAN_POINT ( 'NONE',  ( 0.8329596805709869000, 0.2337142671046477700, 0.0000000000000000000 ) ) ;
#5829 = ORIENTED_EDGE ( 'NONE', *, *, #8734, .T. ) ;
#5830 = VECTOR ( 'NONE', #2177, 39.37007874015748100 ) ;
#5831 = CIRCLE ( 'NONE', #83, 0.06399999999999998700 ) ;
#5832 = VECTOR ( 'NONE', #2161, 39.37007874015748100 ) ;
#5833 = DIRECTION ( 'NONE',  ( 0.0000000000000000000, -1.000000000000000000, 0.0000000000000000000 ) ) ;
#5834 = AXIS2_PLACEMENT_3D ( 'NONE', #3399, #5969, #3257 ) ;
#5835 = ADVANCED_FACE ( 'NONE', ( #6602 ), #2166, .F. ) ;
#5836 = CC_DESIGN_SECURITY_CLASSIFICATION ( #5289, ( #10997 ) ) ;
#5837 = EDGE_LOOP ( 'NONE', ( #4467, #4888, #7597, #8942 ) ) ;
#5839 = DIRECTION ( 'NONE',  ( -0.0000000000000000000, 1.000000000000000000, -0.0000000000000000000 ) ) ;
#5838 = FACE_OUTER_BOUND ( 'NONE', #7072, .T. ) ;
#5840 = DIRECTION ( 'NONE',  ( 0.0000000000000000000, 0.0000000000000000000, 1.000000000000000000 ) ) ;
#5841 = VECTOR ( 'NONE', #9999, 39.37007874015748100 ) ;
#5842 = CARTESIAN_POINT ( 'NONE',  ( 0.7374999999999998200, 0.5180000000000000200, -0.2610000000000001200 ) ) ;
#5843 = ORIENTED_EDGE ( 'NONE', *, *, #6146, .T. ) ;
#5844 = CARTESIAN_POINT ( 'NONE',  ( 0.9374999999999998900, 0.3450000000000001400, -0.2220000000000000000 ) ) ;
#5845 = VERTEX_POINT ( 'NONE', #3394 ) ;
#5846 = ORIENTED_EDGE ( 'NONE', *, *, #10182, .T. ) ;
#5847 =( REPRESENTATION_RELATIONSHIP ('NONE','NONE', #6361, #2501 ) REPRESENTATION_RELATIONSHIP_WITH_TRANSFORMATION ( #6913 )SHAPE_REPRESENTATION_RELATIONSHIP( ) );
#5848 = EDGE_CURVE ( 'NONE', #3452, #3895, #4653, .T. ) ;
#5849 = FACE_OUTER_BOUND ( 'NONE', #9612, .T. ) ;
#5850 = ORIENTED_EDGE ( 'NONE', *, *, #1400, .T. ) ;
#5851 = AXIS2_PLACEMENT_3D ( 'NONE', #1870, #4393, #3400 ) ;
#5852 = ORIENTED_EDGE ( 'NONE', *, *, #4047, .F. ) ;
#5853 = CARTESIAN_POINT ( 'NONE',  ( 0.8974999999999999600, 0.3450000000000002000, -0.09750000000000001700 ) ) ;
#5854 = CARTESIAN_POINT ( 'NONE',  ( 0.9624999999999999100, 0.5180000000000000200, -0.1489999999999998500 ) ) ;
#5855 = CARTESIAN_POINT ( 'NONE',  ( 1.097499999999999900, 0.5580000000000000500, -0.2974999999999999900 ) ) ;
#5856 = VERTEX_POINT ( 'NONE', #1166 ) ;
#5857 = LINE ( 'NONE', #2463, #8042 ) ;
#5858 = ORIENTED_EDGE ( 'NONE', *, *, #1238, .F. ) ;
#5859 = DIRECTION ( 'NONE',  ( 1.000000000000000000, 0.0000000000000000000, 0.0000000000000000000 ) ) ;
#5861 = ORIENTED_EDGE ( 'NONE', *, *, #3413, .T. ) ;
#5860 = ADVANCED_FACE ( 'NONE', ( #4382 ), #4065, .T. ) ;
#5862 = DIRECTION ( 'NONE',  ( 0.0000000000000000000, -0.0000000000000000000, -1.000000000000000000 ) ) ;
#5863 = ORIENTED_EDGE ( 'NONE', *, *, #5178, .T. ) ;
#5864 = FACE_OUTER_BOUND ( 'NONE', #10007, .T. ) ;
#5865 = AXIS2_PLACEMENT_3D ( 'NONE', #5480, #4901, #281 ) ;
#5866 = EDGE_CURVE ( 'NONE', #3594, #7700, #8735, .T. ) ;
#5867 = DIRECTION ( 'NONE',  ( 0.0000000000000000000, -0.0000000000000000000, -1.000000000000000000 ) ) ;
#5868 = EDGE_CURVE ( 'NONE', #4574, #6987, #1831, .T. ) ;
#5869 = DIRECTION ( 'NONE',  ( -0.0000000000000000000, -0.0000000000000000000, 1.000000000000000000 ) ) ;
#5870 = FACE_OUTER_BOUND ( 'NONE', #10746, .T. ) ;
#5871 = CARTESIAN_POINT ( 'NONE',  ( 0.3784999999999999500, 0.5999999999999999800, -0.3130000000000000600 ) ) ;
#5872 = ORIENTED_EDGE ( 'NONE', *, *, #5729, .F. ) ;
#5873 = DIRECTION ( 'NONE',  ( 0.0000000000000000000, 0.0000000000000000000, 1.000000000000000000 ) ) ;
#5874 = ORIENTED_EDGE ( 'NONE', *, *, #9424, .F. ) ;
#5875 = DIRECTION ( 'NONE',  ( 3.681989669462878400E-013, -7.789823685977714400E-013, -1.000000000000000000 ) ) ;
#5876 = CARTESIAN_POINT ( 'NONE',  ( 0.0000000000000000000, 0.2268432979619844400, -0.01000000000000000000 ) ) ;
#5877 = DIRECTION ( 'NONE',  ( 1.000000000000000000, 0.0000000000000000000, 0.0000000000000000000 ) ) ;
#5878 = VERTEX_POINT ( 'NONE', #8189 ) ;
#5879 = FACE_OUTER_BOUND ( 'NONE', #2907, .T. ) ;
#5880 = EDGE_CURVE ( 'NONE', #3435, #5120, #6108, .T. ) ;
#5881 = ORIENTED_EDGE ( 'NONE', *, *, #5797, .F. ) ;
#5882 = DIRECTION ( 'NONE',  ( -0.0000000000000000000, 1.000000000000000000, -0.0000000000000000000 ) ) ;
#5883 = EDGE_CURVE ( 'NONE', #2472, #5999, #8284, .T. ) ;
#5884 = EDGE_CURVE ( 'NONE', #7359, #9698, #6365, .T. ) ;
#5885 = CARTESIAN_POINT ( 'NONE',  ( 0.1332147759476974600, 0.05783335064174290700, -0.02491667532224265900 ) ) ;
#5886 = AXIS2_PLACEMENT_3D ( 'NONE', #4588, #4194, #4186 ) ;
#5887 = VECTOR ( 'NONE', #164, 39.37007874015748100 ) ;
#5888 = PERSON ( 'NAUO-PER11', 'UNSPECIFIED', 'UNSPECIFIED', ('UNSPECIFIED'), ('UNSPECIFIED'), ('UNSPECIFIED') ) ;
#5889 = DIRECTION ( 'NONE',  ( 0.0000000000000000000, -1.000000000000000000, 0.0000000000000000000 ) ) ;
#5890 = ADVANCED_FACE ( 'NONE', ( #3464 ), #9785, .F. ) ;
#5891 = LINE ( 'NONE', #1120, #9816 ) ;
#5892 = DIRECTION ( 'NONE',  ( 0.0000000000000000000, 0.0000000000000000000, -1.000000000000000000 ) ) ;
#5893 = CIRCLE ( 'NONE', #2966, 0.06350000000096359100 ) ;
#5894 = LOCAL_TIME ( 13, 11, 25.00000000000000000, #8069 ) ;
#5895 = CARTESIAN_POINT ( 'NONE',  ( 0.8462132034390498200, 0.01600000000094099800, -0.007500000002685258000 ) ) ;
#5896 = DIRECTION ( 'NONE',  ( 0.0000000000000000000, -3.691686477924679400E-015, -1.000000000000000000 ) ) ;
#5897 = COORDINATED_UNIVERSAL_TIME_OFFSET ( 5, 0, .BEHIND. ) ;
#5898 = VECTOR ( 'NONE', #8298, 39.37007874015748100 ) ;
#5899 = PRODUCT_DEFINITION_FORMATION_WITH_SPECIFIED_SOURCE ( 'ANY', '', #8529, .NOT_KNOWN. ) ;
#5900 = CARTESIAN_POINT ( 'NONE',  ( 0.0000000000000000000, 0.4231567020380064300, -0.01000000000000000000 ) ) ;
#5901 = DIRECTION ( 'NONE',  ( 0.0000000000000000000, -1.000000000000000000, 0.0000000000000000000 ) ) ;
#5902 = DIRECTION ( 'NONE',  ( 0.0000000000000000000, -1.871128762783746500E-015, -1.000000000000000000 ) ) ;
#5903 = LINE ( 'NONE', #10498, #5819 ) ;
#5904 = CARTESIAN_POINT ( 'NONE',  ( 0.7974999999999998800, 0.2699999999999999100, -0.2220000000000000600 ) ) ;
#5905 = ITEM_DEFINED_TRANSFORMATION ( 'NONE', 'NONE', #5000,  #8995 ) ;
#5906 = EDGE_CURVE ( 'NONE', #1293, #6690, #10021, .T. ) ;
#5907 = ORIENTED_EDGE ( 'NONE', *, *, #10703, .T. ) ;
#5908 = VECTOR ( 'NONE', #956, 39.37007874015748100 ) ;
#5909 = CARTESIAN_POINT ( 'NONE',  ( 0.9374999999999998900, 0.05000000000000000300, -0.3700000000000000000 ) ) ;
#5910 = AXIS2_PLACEMENT_3D ( 'NONE', #6719, #9235, #2874 ) ;
#5911 = VECTOR ( 'NONE', #9715, 39.37007874015748100 ) ;
#5912 = ADVANCED_FACE ( 'NONE', ( #5849 ), #2646, .F. ) ;
#5913 = CARTESIAN_POINT ( 'NONE',  ( 0.8374999999999999100, 0.5579999999999999400, -0.2610000000000001200 ) ) ;
#5914 = APPROVAL_PERSON_ORGANIZATION ( #8092, #1991, #5655 ) ;
#5915 = PERSON_AND_ORGANIZATION_ROLE ( 'classification_officer' ) ;
#5916 = DIRECTION ( 'NONE',  ( -1.000000000000000000, -0.0000000000000000000, -0.0000000000000000000 ) ) ;
#5917 = ORIENTED_EDGE ( 'NONE', *, *, #2961, .T. ) ;
#5918 = LINE ( 'NONE', #1599, #3835 ) ;
#5919 = ORIENTED_EDGE ( 'NONE', *, *, #4745, .T. ) ;
#5920 = DIRECTION ( 'NONE',  ( 1.000000000000000000, 0.0000000000000000000, 0.0000000000000000000 ) ) ;
#5921 = CARTESIAN_POINT ( 'NONE',  ( 1.137499999999999700, 0.5180000000000000200, -0.1089999999999998500 ) ) ;
#5922 = AXIS2_PLACEMENT_3D ( 'NONE', #9735, #4767, #6019 ) ;
#5923 = EDGE_CURVE ( 'NONE', #9561, #9021, #917, .T. ) ;
#5924 = EDGE_LOOP ( 'NONE', ( #6053, #2288, #10772, #761 ) ) ;
#5925 = VECTOR ( 'NONE', #6590, 39.37007874015748100 ) ;
#5926 = CARTESIAN_POINT ( 'NONE',  ( 1.197499999999999800, 0.5999999999999999800, -0.2609999999999999000 ) ) ;
#5927 = DIRECTION ( 'NONE',  ( -0.0000000000000000000, 1.000000000000000000, -0.0000000000000000000 ) ) ;
#5928 = ORIENTED_EDGE ( 'NONE', *, *, #1878, .F. ) ;
#5929 = LINE ( 'NONE', #10187, #5841 ) ;
#5930 = CYLINDRICAL_SURFACE ( 'NONE', #8163, 0.009815670203811535700 ) ;
#5931 = EDGE_LOOP ( 'NONE', ( #10214, #222, #9228, #9454 ) ) ;
#5932 = DIRECTION ( 'NONE',  ( 1.000000000000000000, 0.0000000000000000000, 0.0000000000000000000 ) ) ;
#5933 = ADVANCED_FACE ( 'NONE', ( #5577 ), #5334, .T. ) ;
#5934 = DIRECTION ( 'NONE',  ( 0.0000000000000000000, 0.0000000000000000000, 1.000000000000000000 ) ) ;
#5935 = VECTOR ( 'NONE', #6037, 39.37007874015748100 ) ;
#5936 = EDGE_CURVE ( 'NONE', #2073, #7636, #598, .T. ) ;
#5937 = EDGE_CURVE ( 'NONE', #1724, #10258, #3164, .T. ) ;
#5938 = VECTOR ( 'NONE', #5162, 39.37007874015748100 ) ;
#5939 = CARTESIAN_POINT ( 'NONE',  ( 1.162499999999999900, 0.5180000000000000200, -0.1089999999999998500 ) ) ;
#5940 = PLANE ( 'NONE',  #6911 ) ;
#5941 = AXIS2_PLACEMENT_3D ( 'NONE', #1656, #1573, #1570 ) ;
#5942 = VERTEX_POINT ( 'NONE', #1021 ) ;
#5943 = ORIENTED_EDGE ( 'NONE', *, *, #10405, .T. ) ;
#5944 = VERTEX_POINT ( 'NONE', #2551 ) ;
#5945 = ORIENTED_EDGE ( 'NONE', *, *, #5866, .T. ) ;
#5946 = CIRCLE ( 'NONE', #5509, 0.009815670203796511200 ) ;
#5947 = DATE_TIME_ROLE ( 'classification_date' ) ;
#5948 = DIRECTION ( 'NONE',  ( -1.000000000000000000, 0.0000000000000000000, -0.0000000000000000000 ) ) ;
#5949 = LINE ( 'NONE', #6631, #4507 ) ;
#5950 = CARTESIAN_POINT ( 'NONE',  ( 0.3674999999999998300, 0.5600000000000003900, -0.2210000000000000900 ) ) ;
#5951 = CARTESIAN_POINT ( 'NONE',  ( 1.037499999999999900, 0.3450000000000001400, -0.1479999999999999900 ) ) ;
#5952 = AXIS2_PLACEMENT_3D ( 'NONE', #7742, #6012, #6661 ) ;
#5953 = CYLINDRICAL_SURFACE ( 'NONE', #708, 0.03200000000000033400 ) ;
#5954 = AXIS2_PLACEMENT_3D ( 'NONE', #5598, #10984, #6421 ) ;
#5955 = VECTOR ( 'NONE', #10874, 39.37007874015748100 ) ;
#5956 = CARTESIAN_POINT ( 'NONE',  ( 1.137499999999999700, 0.2700000000000001800, -0.1480000000000000200 ) ) ;
#5957 = ADVANCED_FACE ( 'NONE', ( #286 ), #3307, .F. ) ;
#5958 = DIRECTION ( 'NONE',  ( -0.0000000000000000000, -1.352399996863497200E-015, -1.000000000000000000 ) ) ;
#5959 = ORIENTED_EDGE ( 'NONE', *, *, #1970, .F. ) ;
#5960 = ORIENTED_EDGE ( 'NONE', *, *, #1657, .F. ) ;
#5961 = VERTEX_POINT ( 'NONE', #4632 ) ;
#5962 = CARTESIAN_POINT ( 'NONE',  ( 0.7974999999999998800, 0.3450000000000002000, -0.09750000000000003100 ) ) ;
#5963 = LINE ( 'NONE', #5589, #3303 ) ;
#5964 = VERTEX_POINT ( 'NONE', #15 ) ;
#5965 = LINE ( 'NONE', #10612, #5887 ) ;
#5966 = EDGE_CURVE ( 'NONE', #1355, #10030, #9349, .T. ) ;
#5967 = DIRECTION ( 'NONE',  ( 0.0000000000000000000, -1.000000000000000000, -5.691349986800549600E-017 ) ) ;
#5968 = ORIENTED_EDGE ( 'NONE', *, *, #1737, .F. ) ;
#5969 = DIRECTION ( 'NONE',  ( 0.0000000000000000000, 1.000000000000000000, -0.0000000000000000000 ) ) ;
#5970 = CC_DESIGN_DATE_AND_TIME_ASSIGNMENT ( #6407, #10552, ( #3586 ) ) ;
#5971 = EDGE_LOOP ( 'NONE', ( #1429, #6344, #1800, #237 ) ) ;
#5972 = ORIENTED_EDGE ( 'NONE', *, *, #1310, .F. ) ;
#5973 = VERTEX_POINT ( 'NONE', #10696 ) ;
#5974 = VERTEX_POINT ( 'NONE', #7487 ) ;
#5975 = DIRECTION ( 'NONE',  ( 0.0000000000000000000, -0.7071067811865496800, 0.7071067811865454600 ) ) ;
#5976 = EDGE_LOOP ( 'NONE', ( #2841, #4508, #4063, #3015 ) ) ;
#5977 = DIRECTION ( 'NONE',  ( -1.000000000000000000, -0.0000000000000000000, -0.0000000000000000000 ) ) ;
#5978 = LINE ( 'NONE', #2604, #10123 ) ;
#5979 = ORIENTED_EDGE ( 'NONE', *, *, #6148, .F. ) ;
#5980 = LINE ( 'NONE', #7195, #6110 ) ;
#5981 = ORIENTED_EDGE ( 'NONE', *, *, #1329, .T. ) ;
#5982 = DIRECTION ( 'NONE',  ( -0.0000000000000000000, 1.000000000000000000, 1.707404996040165000E-016 ) ) ;
#5983 = ORIENTED_EDGE ( 'NONE', *, *, #4518, .F. ) ;
#5984 = APPROVAL_ROLE ( '' ) ;
#5985 = EDGE_CURVE ( 'NONE', #7321, #7463, #7252, .T. ) ;
#5986 = CARTESIAN_POINT ( 'NONE',  ( 1.242499999999999900, 0.05000000000000000300, -0.2975000000000001000 ) ) ;
#5987 = PLANE ( 'NONE',  #3762 ) ;
#5988 = DIRECTION ( 'NONE',  ( -0.0000000000000000000, -0.0000000000000000000, 1.000000000000000000 ) ) ;
#5989 = AXIS2_PLACEMENT_3D ( 'NONE', #6482, #7978, #176 ) ;
#5990 = LINE ( 'NONE', #287, #7934 ) ;
#5991 = VERTEX_POINT ( 'NONE', #7442 ) ;
#5992 = ORIENTED_EDGE ( 'NONE', *, *, #9990, .F. ) ;
#5993 = DIRECTION ( 'NONE',  ( -0.0000000000000000000, -0.0000000000000000000, 1.000000000000000000 ) ) ;
#5994 = VECTOR ( 'NONE', #10699, 39.37007874015748100 ) ;
#5995 = DIRECTION ( 'NONE',  ( -0.0000000000000000000, -1.352399996863497200E-015, -1.000000000000000000 ) ) ;
#5996 = PLANE ( 'NONE',  #10095 ) ;
#5997 = FACE_OUTER_BOUND ( 'NONE', #3566, .T. ) ;
#5998 = ORIENTED_EDGE ( 'NONE', *, *, #9794, .T. ) ;
#5999 = VERTEX_POINT ( 'NONE', #2348 ) ;
#6000 = AXIS2_PLACEMENT_3D ( 'NONE', #4972, #4762, #4919 ) ;
#6001 = DIRECTION ( 'NONE',  ( -0.0000000000000000000, -1.000000000000000000, -0.0000000000000000000 ) ) ;
#6002 = EDGE_CURVE ( 'NONE', #3451, #7119, #2878, .T. ) ;
#6003 = ORIENTED_EDGE ( 'NONE', *, *, #5470, .T. ) ;
#6004 = EDGE_CURVE ( 'NONE', #5961, #5792, #7524, .T. ) ;
#6005 = PLANE ( 'NONE',  #7496 ) ;
#6006 = LINE ( 'NONE', #6375, #8195 ) ;
#6007 = ORIENTED_EDGE ( 'NONE', *, *, #5848, .T. ) ;
#6009 = ORIENTED_EDGE ( 'NONE', *, *, #10723, .T. ) ;
#6008 = CARTESIAN_POINT ( 'NONE',  ( 0.8974999999999999600, 0.5579999999999996100, -0.07249999999999998100 ) ) ;
#6010 = DIRECTION ( 'NONE',  ( 0.0000000000000000000, 1.000000000000000000, 0.0000000000000000000 ) ) ;
#6011 = VERTEX_POINT ( 'NONE', #9832 ) ;
#6012 = DIRECTION ( 'NONE',  ( 0.0000000000000000000, -0.7071067811865496800, 0.7071067811865454600 ) ) ;
#6013 = DATE_AND_TIME ( #8202, #10152 ) ;
#6014 = EDGE_CURVE ( 'NONE', #2217, #5396, #2306, .T. ) ;
#6015 = LINE ( 'NONE', #7146, #1115 ) ;
#6016 = EDGE_CURVE ( 'NONE', #39, #2472, #10051, .T. ) ;
#6017 = EDGE_CURVE ( 'NONE', #9347, #9237, #8860, .T. ) ;
#6018 = APPROVAL_STATUS ( 'not_yet_approved' ) ;
#6019 = DIRECTION ( 'NONE',  ( 0.0000000000000000000, -1.000000000000000000, -1.979599995408886100E-016 ) ) ;
#6020 = CARTESIAN_POINT ( 'NONE',  ( 0.6575045756779994700, 0.4162857328953860600, -0.01000000000000000000 ) ) ;
#6021 = AXIS2_PLACEMENT_3D ( 'NONE', #1935, #2514, #2499 ) ;
#6022 = LOCAL_TIME ( 13, 11, 25.00000000000000000, #8211 ) ;
#6023 = CARTESIAN_POINT ( 'NONE',  ( 1.054793827176966800, 0.3063502266127573500, -0.01000000000000000000 ) ) ;
#6024 = COORDINATED_UNIVERSAL_TIME_OFFSET ( 5, 0, .BEHIND. ) ;
#6025 = DIRECTION ( 'NONE',  ( 1.000000000000000000, 0.0000000000000000000, 0.0000000000000000000 ) ) ;
#6026 = DIRECTION ( 'NONE',  ( -0.0000000000000000000, -1.352399996863497200E-015, -1.000000000000000000 ) ) ;
#6027 = ORIENTED_EDGE ( 'NONE', *, *, #7877, .F. ) ;
#6028 = ADVANCED_FACE ( 'NONE', ( #4785 ), #10529, .F. ) ;
#6029 = FACE_OUTER_BOUND ( 'NONE', #9428, .T. ) ;
#6030 = CARTESIAN_POINT ( 'NONE',  ( 1.242499999999999900, 0.05000000000000000300, 0.0000000000000000000 ) ) ;
#6031 = FACE_OUTER_BOUND ( 'NONE', #1551, .T. ) ;
#6032 = CARTESIAN_POINT ( 'NONE',  ( 1.104362961706131900, 0.4133410318342107300, 0.0000000000000000000 ) ) ;
#6033 = DIRECTION ( 'NONE',  ( 0.0000000000000000000, -1.000000000000000000, -1.979599995408885400E-016 ) ) ;
#6034 = APPROVAL_DATE_TIME ( #8221, #437 ) ;
#6035 = AXIS2_PLACEMENT_3D ( 'NONE', #4521, #3916, #1049 ) ;
#6036 = SECURITY_CLASSIFICATION ( '', '', #10386 ) ;
#6037 = DIRECTION ( 'NONE',  ( 0.0000000000000000000, 0.0000000000000000000, 1.000000000000000000 ) ) ;
#6038 = ORIENTED_EDGE ( 'NONE', *, *, #10770, .F. ) ;
#6039 = VECTOR ( 'NONE', #6, 39.37007874015748100 ) ;
#6040 = VECTOR ( 'NONE', #10077, 39.37007874015748100 ) ;
#6041 = ADVANCED_FACE ( 'NONE', ( #1974 ), #4220, .T. ) ;
#6042 = CARTESIAN_POINT ( 'NONE',  ( 1.267500000000000100, 0.5600000000000003900, -0.1490000000000000800 ) ) ;
#6043 = ORIENTED_EDGE ( 'NONE', *, *, #8715, .T. ) ;
#6044 = CARTESIAN_POINT ( 'NONE',  ( 0.8462132034390498200, 0.01600000000094099800, -0.007500000002685258000 ) ) ;
#6045 = DIRECTION ( 'NONE',  ( 1.000000000000000000, -0.0000000000000000000, -0.0000000000000000000 ) ) ;
#6046 = ADVANCED_FACE ( 'NONE', ( #10562 ), #9125, .F. ) ;
#6047 = CARTESIAN_POINT ( 'NONE',  ( 0.7374999999999998200, 0.5999999999999999800, -0.07249999999999998100 ) ) ;
#6048 = EDGE_CURVE ( 'NONE', #9159, #6107, #1685, .T. ) ;
#6049 = DIRECTION ( 'NONE',  ( -0.0000000000000000000, 0.0000000000000000000, 1.000000000000000000 ) ) ;
#6050 = AXIS2_PLACEMENT_3D ( 'NONE', #5302, #5230, #5228 ) ;
#6051 = VECTOR ( 'NONE', #3808, 39.37007874015748100 ) ;
#6052 = ORIENTED_EDGE ( 'NONE', *, *, #7874, .T. ) ;
#6053 = ORIENTED_EDGE ( 'NONE', *, *, #7816, .F. ) ;
#6054 = VECTOR ( 'NONE', #3253, 39.37007874015748100 ) ;
#6055 = SECURITY_CLASSIFICATION_LEVEL ( 'unclassified' ) ;
#6056 = ORIENTED_EDGE ( 'NONE', *, *, #2834, .T. ) ;
#6057 = LINE ( 'NONE', #40, #1476 ) ;
#6058 = DIRECTION ( 'NONE',  ( 1.000000000000000000, 9.480675684627761000E-013, -3.681989669470754400E-013 ) ) ;
#6059 = ORIENTED_EDGE ( 'NONE', *, *, #5084, .T. ) ;
#6060 = VERTEX_POINT ( 'NONE', #1032 ) ;
#6061 = AXIS2_PLACEMENT_3D ( 'NONE', #7287, #7393, #7302 ) ;
#6062 = LINE ( 'NONE', #3636, #8245 ) ;
#6063 = EDGE_CURVE ( 'NONE', #2800, #2415, #8399, .T. ) ;
#6064 = EDGE_CURVE ( 'NONE', #5944, #10693, #8620, .T. ) ;
#6065 = CARTESIAN_POINT ( 'NONE',  ( 1.137499999999999700, 0.3450000000000002000, -0.09750000000000000300 ) ) ;
#6066 = VECTOR ( 'NONE', #3418, 39.37007874015748100 ) ;
#6067 = FACE_OUTER_BOUND ( 'NONE', #9954, .T. ) ;
#6068 = VECTOR ( 'NONE', #8415, 39.37007874015748100 ) ;
#6069 = CARTESIAN_POINT ( 'NONE',  ( 1.037499999999999900, 0.3450000000000002000, -0.09750000000000000300 ) ) ;
#6070 = ORIENTED_EDGE ( 'NONE', *, *, #1938, .F. ) ;
#6071 = FACE_BOUND ( 'NONE', #9197, .T. ) ;
#6072 = VERTEX_POINT ( 'NONE', #2174 ) ;
#6073 = DIRECTION ( 'NONE',  ( 0.0000000000000000000, 1.000000000000000000, 4.553079989440424900E-016 ) ) ;
#6074 = DIRECTION ( 'NONE',  ( 0.0000000000000000000, 0.0000000000000000000, 1.000000000000000000 ) ) ;
#6075 = CARTESIAN_POINT ( 'NONE',  ( 0.5974999999999999200, 0.3450000000000002000, -0.09750000000000005900 ) ) ;
#6076 = ORIENTED_EDGE ( 'NONE', *, *, #1137, .T. ) ;
#6077 = EDGE_CURVE ( 'NONE', #10081, #7815, #1374, .T. ) ;
#6078 = ADVANCED_FACE ( 'NONE', ( #3890 ), #5827, .T. ) ;
#6079 = CARTESIAN_POINT ( 'NONE',  ( 1.037499999999999900, 0.3450000000000002000, -0.09750000000000000300 ) ) ;
#6081 = CARTESIAN_POINT ( 'NONE',  ( 0.6506336065353510700, 0.4162857328953860600, -0.01000000000000000000 ) ) ;
#6080 = FACE_OUTER_BOUND ( 'NONE', #3560, .T. ) ;
#6082 = ORIENTED_EDGE ( 'NONE', *, *, #8075, .T. ) ;
#6083 = DIRECTION ( 'NONE',  ( 1.000000000000000000, 0.0000000000000000000, 0.0000000000000000000 ) ) ;
#6084 = EDGE_CURVE ( 'NONE', #469, #1876, #10333, .T. ) ;
#6085 = PLANE ( 'NONE',  #10025 ) ;
#6086 = AXIS2_PLACEMENT_3D ( 'NONE', #9135, #8207, #9144 ) ;
#6087 = LINE ( 'NONE', #2175, #3740 ) ;
#6088 = PLANE ( 'NONE',  #8485 ) ;
#6089 = DIRECTION ( 'NONE',  ( 0.0000000000000000000, -1.000000000000000000, 0.0000000000000000000 ) ) ;
#6090 = EDGE_LOOP ( 'NONE', ( #3063, #4371, #4841, #8948, #7610, #2257, #1072, #4197, #3629 ) ) ;
#6091 = EDGE_LOOP ( 'NONE', ( #1109, #5676, #2422, #1556 ) ) ;
#6092 = CARTESIAN_POINT ( 'NONE',  ( 1.097499999999999900, 0.3450000000000002000, -0.09750000000000000300 ) ) ;
#6093 = FACE_OUTER_BOUND ( 'NONE', #7005, .T. ) ;
#6094 = ORIENTED_EDGE ( 'NONE', *, *, #9650, .F. ) ;
#6095 = EDGE_LOOP ( 'NONE', ( #4559, #853, #108, #7095 ) ) ;
#6096 = VECTOR ( 'NONE', #2178, 39.37007874015748100 ) ;
#6097 = ORIENTED_EDGE ( 'NONE', *, *, #9110, .F. ) ;
#6098 = PERSON ( 'NAUO-PER16', 'UNSPECIFIED', 'UNSPECIFIED', ('UNSPECIFIED'), ('UNSPECIFIED'), ('UNSPECIFIED') ) ;
#6099 = DIRECTION ( 'NONE',  ( 0.0000000000000000000, -1.000000000000000000, -1.979599995408885400E-016 ) ) ;
#6100 = ADVANCED_FACE ( 'NONE', ( #3601 ), #947, .T. ) ;
#6101 = DIRECTION ( 'NONE',  ( -1.000000000000000000, -0.0000000000000000000, 0.0000000000000000000 ) ) ;
#6102 = AXIS2_PLACEMENT_3D ( 'NONE', #5628, #3590, #2264 ) ;
#6103 = CARTESIAN_POINT ( 'NONE',  ( 0.4974999999999998900, 0.2699999999999999100, -0.2220000000000000900 ) ) ;
#6104 = DIRECTION ( 'NONE',  ( 0.0000000000000000000, 0.0000000000000000000, 1.000000000000000000 ) ) ;
#6105 = AXIS2_PLACEMENT_3D ( 'NONE', #4664, #10200, #5517 ) ;
#6106 = VERTEX_POINT ( 'NONE', #1053 ) ;
#6107 = VERTEX_POINT ( 'NONE', #9115 ) ;
#6108 = LINE ( 'NONE', #8444, #3753 ) ;
#6109 = ORIENTED_EDGE ( 'NONE', *, *, #6685, .T. ) ;
#6110 = VECTOR ( 'NONE', #10624, 39.37007874015748100 ) ;
#6111 = VERTEX_POINT ( 'NONE', #1361 ) ;
#6112 = DIRECTION ( 'NONE',  ( 0.0000000000000000000, 0.0000000000000000000, -1.000000000000000000 ) ) ;
#6113 = VERTEX_POINT ( 'NONE', #8968 ) ;
#6114 = PLANE ( 'NONE',  #1056 ) ;
#6115 = VERTEX_POINT ( 'NONE', #1997 ) ;
#6116 = EDGE_CURVE ( 'NONE', #3365, #2220, #5963, .T. ) ;
#6117 = CARTESIAN_POINT ( 'NONE',  ( 1.137499999999999700, 0.3450000000000001400, -0.1479999999999999900 ) ) ;
#6118 = LINE ( 'NONE', #2224, #3765 ) ;
#6119 = AXIS2_PLACEMENT_3D ( 'NONE', #10847, #404, #10219 ) ;
#6120 = CARTESIAN_POINT ( 'NONE',  ( 1.018721239177992100, 0.3831578459575294400, -0.01000000000000000000 ) ) ;
#6121 = VECTOR ( 'NONE', #4264, 39.37007874015748100 ) ;
#6122 = CC_DESIGN_SECURITY_CLASSIFICATION ( #5557, ( #11010 ) ) ;
#6123 = CARTESIAN_POINT ( 'NONE',  ( 0.4374999999999998900, 0.3450000000000002000, -0.2725000000000000200 ) ) ;
#6124 = LINE ( 'NONE', #4280, #6376 ) ;
#6125 = ORIENTED_EDGE ( 'NONE', *, *, #1057, .F. ) ;
#6126 = VECTOR ( 'NONE', #5649, 39.37007874015748100 ) ;
#6127 = EDGE_LOOP ( 'NONE', ( #6710, #4385, #9907, #10763 ) ) ;
#6128 = CARTESIAN_POINT ( 'NONE',  ( 0.6374999999999998400, 0.3450000000000001400, -0.1480000000000000200 ) ) ;
#6129 = DIRECTION ( 'NONE',  ( 0.0000000000000000000, 0.0000000000000000000, -1.000000000000000000 ) ) ;
#6130 = LINE ( 'NONE', #2455, #6162 ) ;
#6131 = AXIS2_PLACEMENT_3D ( 'NONE', #9022, #7786, #6179 ) ;
#6132 = VERTEX_POINT ( 'NONE', #1015 ) ;
#6133 = EDGE_CURVE ( 'NONE', #8323, #5792, #9898, .T. ) ;
#6134 = VERTEX_POINT ( 'NONE', #1424 ) ;
#6135 = LINE ( 'NONE', #4666, #3784 ) ;
#6136 = VERTEX_POINT ( 'NONE', #784 ) ;
#6137 = VERTEX_POINT ( 'NONE', #3251 ) ;
#6138 = ADVANCED_FACE ( 'NONE', ( #8154 ), #6473, .F. ) ;
#6139 = ORIENTED_EDGE ( 'NONE', *, *, #2997, .F. ) ;
#6140 = CARTESIAN_POINT ( 'NONE',  ( 0.4374999999999998900, 0.3450000000000002000, -0.09750000000000005900 ) ) ;
#6141 = DIRECTION ( 'NONE',  ( 0.0000000000000000000, 0.7071067811865454600, -0.7071067811865496800 ) ) ;
#6142 = DIRECTION ( 'NONE',  ( 0.0000000000000000000, -1.871128762783745300E-015, 1.000000000000000000 ) ) ;
#6143 = FACE_OUTER_BOUND ( 'NONE', #2142, .T. ) ;
#6144 = CARTESIAN_POINT ( 'NONE',  ( 0.3176904633930545700, 0.04370789473626068800, -0.02500000000333026500 ) ) ;
#6145 = CARTESIAN_POINT ( 'NONE',  ( 1.114178631909940000, 0.2366589681657828000, 0.0000000000000000000 ) ) ;
#6146 = EDGE_CURVE ( 'NONE', #9617, #8045, #7914, .T. ) ;
#6147 = ORIENTED_EDGE ( 'NONE', *, *, #3642, .F. ) ;
#6148 = EDGE_CURVE ( 'NONE', #8706, #5104, #5708, .T. ) ;
#6149 = ORIENTED_EDGE ( 'NONE', *, *, #3697, .F. ) ;
#6150 = FACE_OUTER_BOUND ( 'NONE', #9792, .T. ) ;
#6151 = CONTEXT_DEPENDENT_SHAPE_REPRESENTATION ( #5847, #2120 ) ;
#6152 = ADVANCED_FACE ( 'NONE', ( #739 ), #5987, .F. ) ;
#6153 = CARTESIAN_POINT ( 'NONE',  ( 0.8260887114283307400, 0.0000000000000000000, 0.0000000000000000000 ) ) ;
#6154 = ORIENTED_EDGE ( 'NONE', *, *, #3797, .T. ) ;
#6155 = APPROVAL_PERSON_ORGANIZATION ( #8322, #10455, #3329 ) ;
#6156 = CARTESIAN_POINT ( 'NONE',  ( 1.037499999999999900, 0.3450000000000002000, -0.09750000000000000300 ) ) ;
#6157 = CIRCLE ( 'NONE', #8661, 0.03999999999999998000 ) ;
#6158 = CARTESIAN_POINT ( 'NONE',  ( 0.5374999999999999800, 0.3450000000000002000, -0.09750000000000005900 ) ) ;
#6159 = ORIENTED_EDGE ( 'NONE', *, *, #7527, .T. ) ;
#6160 = DIRECTION ( 'NONE',  ( 0.0000000000000000000, -3.691686477924679400E-015, -1.000000000000000000 ) ) ;
#6161 = CARTESIAN_POINT ( 'NONE',  ( 0.3361881571563409300, 0.02550000000057543700, -0.02499999999636760500 ) ) ;
#6162 = VECTOR ( 'NONE', #2745, 39.37007874015748100 ) ;
#6163 = ORGANIZATION ( 'NAUO-ORG1', 'UNSPECIFIED', 'UNSPECIFIED' ) ;
#6164 = APPROVAL_DATE_TIME ( #8332, #4849 ) ;
#6165 = EDGE_CURVE ( 'NONE', #7549, #1541, #9673, .T. ) ;
#6166 = CARTESIAN_POINT ( 'NONE',  ( 0.1478113162192862000, 0.08117688916732114500, 0.02500000000277788700 ) ) ;
#6167 = PLANE ( 'NONE',  #6279 ) ;
#6168 = ORIENTED_EDGE ( 'NONE', *, *, #8433, .T. ) ;
#6169 = VECTOR ( 'NONE', #14, 39.37007874015748100 ) ;
#6170 = DIRECTION ( 'NONE',  ( -3.681989669462878400E-013, 7.789823685977714400E-013, 1.000000000000000000 ) ) ;
#6171 = VECTOR ( 'NONE', #1043, 39.37007874015748100 ) ;
#6172 = LINE ( 'NONE', #4545, #8089 ) ;
#6173 = ORIENTED_EDGE ( 'NONE', *, *, #2890, .F. ) ;
#6174 = LINE ( 'NONE', #2432, #6096 ) ;
#6175 = CALENDAR_DATE ( 2019, 15, 10 ) ;
#6176 = CARTESIAN_POINT ( 'NONE',  ( 1.267500000000000100, 0.2699999999999999100, -0.1490000000000000800 ) ) ;
#6177 = DIRECTION ( 'NONE',  ( 0.0000000000000000000, -1.000000000000000000, -1.979599995408886100E-016 ) ) ;
#6178 = ORIENTED_EDGE ( 'NONE', *, *, #4380, .F. ) ;
#6179 = DIRECTION ( 'NONE',  ( 0.0000000000000000000, -1.000000000000000000, -4.553079989440441700E-016 ) ) ;
#6180 =( LENGTH_UNIT ( ) NAMED_UNIT ( * ) SI_UNIT ( $, .METRE. ) );
#6181 = EDGE_CURVE ( 'NONE', #7876, #3265, #442, .T. ) ;
#6182 = VECTOR ( 'NONE', #1727, 39.37007874015748100 ) ;
#6183 = CC_DESIGN_APPROVAL ( #5611, ( #4491 ) ) ;
#6184 = VECTOR ( 'NONE', #8601, 39.37007874015748100 ) ;
#6185 = CARTESIAN_POINT ( 'NONE',  ( 0.6101829004028455100, 0.01600000000078664900, 0.01547019079361091000 ) ) ;
#6186 = CARTESIAN_POINT ( 'NONE',  ( 0.3924999999999996800, 0.05000000000000000300, -0.09750000000000001700 ) ) ;
#6187 = FACE_OUTER_BOUND ( 'NONE', #930, .T. ) ;
#6188 = VERTEX_POINT ( 'NONE', #961 ) ;
#6189 = PLANE ( 'NONE',  #6131 ) ;
#6190 = ORIENTED_EDGE ( 'NONE', *, *, #4826, .T. ) ;
#6191 = DIRECTION ( 'NONE',  ( -9.456705993319725800E-014, -0.4472135954994749300, -0.8944271910001574400 ) ) ;
#6192 = ADVANCED_FACE ( 'NONE', ( #5201 ), #6635, .F. ) ;
#6193 = FACE_OUTER_BOUND ( 'NONE', #684, .T. ) ;
#6194 = CARTESIAN_POINT ( 'NONE',  ( 0.5802132034345225400, 0.01250000000099398700, 0.02499999999547920800 ) ) ;
#6195 = EDGE_CURVE ( 'NONE', #2304, #2957, #120, .T. ) ;
#6196 = AXIS2_PLACEMENT_3D ( 'NONE', #2510, #2338, #3356 ) ;
#6197 = EDGE_LOOP ( 'NONE', ( #459, #1074, #483, #573 ) ) ;
#6198 = EDGE_LOOP ( 'NONE', ( #9487, #7552, #934, #8741, #5639, #7254, #159, #10578, #7421, #9839, #6378, #9818 ) ) ;
#6199 = CYLINDRICAL_SURFACE ( 'NONE', #9579, 0.009815670203803340800 ) ;
#6200 = LINE ( 'NONE', #5310, #6171 ) ;
#6201 = DIRECTION ( 'NONE',  ( 0.0000000000000000000, 0.0000000000000000000, -1.000000000000000000 ) ) ;
#6202 = LINE ( 'NONE', #2340, #6121 ) ;
#6203 = CARTESIAN_POINT ( 'NONE',  ( 1.635000000000000000, 0.5999999999999999800, -0.3700000000000000000 ) ) ;
#6204 = FACE_OUTER_BOUND ( 'NONE', #3468, .T. ) ;
#6205 = ORIENTED_EDGE ( 'NONE', *, *, #7259, .T. ) ;
#6206 = ADVANCED_FACE ( 'NONE', ( #3018 ), #6189, .F. ) ;
#6207 = CARTESIAN_POINT ( 'NONE',  ( 0.5802132034340811200, 0.01250000000080996200, -0.02500000000590066300 ) ) ;
#6208 = ORIENTED_EDGE ( 'NONE', *, *, #8939, .F. ) ;
#6209 = VERTEX_POINT ( 'NONE', #831 ) ;
#6210 = VECTOR ( 'NONE', #7383, 39.37007874015748100 ) ;
#6211 = AXIS2_PLACEMENT_3D ( 'NONE', #10910, #10937, #10904 ) ;
#6212 = EDGE_CURVE ( 'NONE', #10019, #10759, #2747, .T. ) ;
#6213 = EDGE_CURVE ( 'NONE', #1948, #10878, #4929, .T. ) ;
#6214 = LINE ( 'NONE', #9855, #8134 ) ;
#6215 =( CONVERSION_BASED_UNIT ( 'INCH', #7864 ) LENGTH_UNIT ( ) NAMED_UNIT ( #3325 ) );
#6216 = CARTESIAN_POINT ( 'NONE',  ( 1.137499999999999700, 0.05000000000000000300, -0.1499999999999999900 ) ) ;
#6217 = VERTEX_POINT ( 'NONE', #1527 ) ;
#6218 = FACE_OUTER_BOUND ( 'NONE', #1752, .T. ) ;
#6219 = DIRECTION ( 'NONE',  ( 3.681989669462878400E-013, -7.789823685977714400E-013, -1.000000000000000000 ) ) ;
#6220 = CARTESIAN_POINT ( 'NONE',  ( 0.8974999999999999600, 0.2700000000000001800, -0.1480000000000000200 ) ) ;
#6221 = CARTESIAN_POINT ( 'NONE',  ( 1.504999999999999900, 0.0000000000000000000, -0.1850000000000000000 ) ) ;
#6222 = EDGE_CURVE ( 'NONE', #2363, #5537, #6852, .T. ) ;
#6223 = EDGE_CURVE ( 'NONE', #1018, #8402, #10887, .T. ) ;
#6224 = VERTEX_POINT ( 'NONE', #993 ) ;
#6225 = VERTEX_POINT ( 'NONE', #1928 ) ;
#6226 = EDGE_LOOP ( 'NONE', ( #297, #1833, #2616, #8927 ) ) ;
#6227 = EDGE_CURVE ( 'NONE', #5096, #2624, #6592, .T. ) ;
#6228 = ORIENTED_EDGE ( 'NONE', *, *, #3511, .T. ) ;
#6229 = VECTOR ( 'NONE', #6129, 39.37007874015748100 ) ;
#6230 = ORIENTED_EDGE ( 'NONE', *, *, #10405, .F. ) ;
#6231 = ORIENTED_EDGE ( 'NONE', *, *, #4518, .T. ) ;
#6232 = VERTEX_POINT ( 'NONE', #4969 ) ;
#6233 = EDGE_LOOP ( 'NONE', ( #6860, #751, #10457, #10230 ) ) ;
#6234 = PLANE ( 'NONE',  #3733 ) ;
#6235 = CARTESIAN_POINT ( 'NONE',  ( 0.2126803834562697700, 0.09923518725169563900, -0.005999999998734489000 ) ) ;
#6236 = CARTESIAN_POINT ( 'NONE',  ( 0.1332179208363047900, 0.05800000000159888400, -0.02499999999773407400 ) ) ;
#6237 = CARTESIAN_POINT ( 'NONE',  ( 0.3924999999999996800, 0.0000000000000000000, 0.0000000000000000000 ) ) ;
#6238 = EDGE_LOOP ( 'NONE', ( #5972, #3790, #3705, #2564 ) ) ;
#6239 = FACE_OUTER_BOUND ( 'NONE', #2377, .T. ) ;
#6240 = VERTEX_POINT ( 'NONE', #9705 ) ;
#6241 = DIRECTION ( 'NONE',  ( 1.000000000000000000, 0.0000000000000000000, -0.0000000000000000000 ) ) ;
#6242 = PLANE ( 'NONE',  #1904 ) ;
#6243 = CYLINDRICAL_SURFACE ( 'NONE', #9664, 0.009815670203822599700 ) ;
#6244 = ORIENTED_EDGE ( 'NONE', *, *, #2238, .T. ) ;
#6245 = VERTEX_POINT ( 'NONE', #5119 ) ;
#6246 = ADVANCED_FACE ( 'NONE', ( #8987 ), #1883, .F. ) ;
#6247 = PLANE ( 'NONE',  #7413 ) ;
#6248 = ORIENTED_EDGE ( 'NONE', *, *, #8828, .F. ) ;
#6249 = CC_DESIGN_PERSON_AND_ORGANIZATION_ASSIGNMENT ( #9177, #2001, ( #4549 ) ) ;
#6250 = EDGE_LOOP ( 'NONE', ( #97, #5368, #5762, #913, #407, #778, #3195, #5116 ) ) ;
#6251 = CARTESIAN_POINT ( 'NONE',  ( 1.504999999999999900, 0.2500000000000000000, -0.1850000000000000000 ) ) ;
#6252 = CARTESIAN_POINT ( 'NONE',  ( 1.267500000000000100, 0.5600000000000003900, -0.2210000000000000900 ) ) ;
#6253 = DIRECTION ( 'NONE',  ( 0.0000000000000000000, 0.0000000000000000000, 1.000000000000000000 ) ) ;
#6254 = DIRECTION ( 'NONE',  ( 1.000000000000000000, 0.0000000000000000000, 0.0000000000000000000 ) ) ;
#6255 = VECTOR ( 'NONE', #6383, 39.37007874015748100 ) ;
#6257 = VERTEX_POINT ( 'NONE', #9512 ) ;
#6256 = VERTEX_POINT ( 'NONE', #3355 ) ;
#6258 = CARTESIAN_POINT ( 'NONE',  ( 0.6506336065353510700, 0.4231567020380325200, 0.0000000000000000000 ) ) ;
#6259 = EDGE_CURVE ( 'NONE', #1387, #8172, #10450, .T. ) ;
#6260 = AXIS2_PLACEMENT_3D ( 'NONE', #6585, #5050, #1031 ) ;
#6261 = CARTESIAN_POINT ( 'NONE',  ( 0.6974999999999999000, 0.5999999999999999800, -0.07249999999999999500 ) ) ;
#6262 = FACE_OUTER_BOUND ( 'NONE', #6525, .T. ) ;
#6263 = ORIENTED_EDGE ( 'NONE', *, *, #4534, .F. ) ;
#6264 = CARTESIAN_POINT ( 'NONE',  ( 1.044978156973178900, 0.2965345564089684700, 0.0000000000000000000 ) ) ;
#6265 = CARTESIAN_POINT ( 'NONE',  ( 0.6506336065353098800, 0.3250000000000201600, 0.0000000000000000000 ) ) ;
#6266 = DIRECTION ( 'NONE',  ( -0.0000000000000000000, 0.0000000000000000000, 1.000000000000000000 ) ) ;
#6267 = ADVANCED_FACE ( 'NONE', ( #1825 ), #3165, .F. ) ;
#6268 = CARTESIAN_POINT ( 'NONE',  ( 1.242499999999999900, 0.05000000000000000300, -0.2975000000000001000 ) ) ;
#6269 = CARTESIAN_POINT ( 'NONE',  ( 0.3924999999999996800, 0.05000000000000000300, 0.0000000000000000000 ) ) ;
#6270 = ORIENTED_EDGE ( 'NONE', *, *, #6813, .T. ) ;
#6271 = CIRCLE ( 'NONE', #9184, 0.03141014465217454400 ) ;
#6272 = ORIENTED_EDGE ( 'NONE', *, *, #5884, .T. ) ;
#6273 = ORIENTED_EDGE ( 'NONE', *, *, #10713, .F. ) ;
#6274 = VECTOR ( 'NONE', #3834, 39.37007874015748100 ) ;
#6276 = VERTEX_POINT ( 'NONE', #6264 ) ;
#6275 = ORIENTED_EDGE ( 'NONE', *, *, #5161, .T. ) ;
#6277 = CARTESIAN_POINT ( 'NONE',  ( 0.3784999999999999500, 0.4749999999999999800, -0.3440000000000000800 ) ) ;
#6278 = ORIENTED_EDGE ( 'NONE', *, *, #1041, .T. ) ;
#6279 = AXIS2_PLACEMENT_3D ( 'NONE', #4009, #3416, #3132 ) ;
#6280 = EDGE_CURVE ( 'NONE', #7104, #3279, #6357, .T. ) ;
#6281 = EDGE_CURVE ( 'NONE', #7861, #7724, #10677, .T. ) ;
#6282 = ORIENTED_EDGE ( 'NONE', *, *, #4451, .T. ) ;
#6283 = DIRECTION ( 'NONE',  ( 0.8661855860447955600, 0.4997224534961722300, 7.034634249218130000E-014 ) ) ;
#6284 = DIRECTION ( 'NONE',  ( 0.0000000000000000000, 0.0000000000000000000, 1.000000000000000000 ) ) ;
#6285 = CALENDAR_DATE ( 2019, 15, 10 ) ;
#6286 = VECTOR ( 'NONE', #7723, 39.37007874015748100 ) ;
#6287 = ORIENTED_EDGE ( 'NONE', *, *, #9455, .T. ) ;
#6288 = CARTESIAN_POINT ( 'NONE',  ( 0.6371370600050838600, 0.2867188862052003600, -0.01000000000000000000 ) ) ;
#6289 = DIRECTION ( 'NONE',  ( -8.054752014271279800E-012, -1.000000000000000000, 9.472423642657713700E-013 ) ) ;
#6290 = COORDINATED_UNIVERSAL_TIME_OFFSET ( 5, 0, .BEHIND. ) ;
#6291 = DIRECTION ( 'NONE',  ( 0.7748259416012217600, -0.4470149663157688700, -0.4470149663171155700 ) ) ;
#6292 = LINE ( 'NONE', #2582, #9120 ) ;
#6293 = CARTESIAN_POINT ( 'NONE',  ( 1.097499999999999900, 0.05000000000000000300, -0.3700000000000000000 ) ) ;
#6294 = EDGE_CURVE ( 'NONE', #5465, #5414, #2137, .T. ) ;
#6296 = DIRECTION ( 'NONE',  ( 0.0000000000000000000, 0.0000000000000000000, -1.000000000000000000 ) ) ;
#6295 = CARTESIAN_POINT ( 'NONE',  ( 0.5878125455090307300, 0.01600000000095776500, -0.02258354980724666000 ) ) ;
#6297 = EDGE_CURVE ( 'NONE', #5566, #5521, #1522, .T. ) ;
#6298 = LINE ( 'NONE', #2317, #10163 ) ;
#6299 = DIRECTION ( 'NONE',  ( 0.0000000000000000000, 1.000000000000000000, 0.0000000000000000000 ) ) ;
#6300 = AXIS2_PLACEMENT_3D ( 'NONE', #229, #10927, #10631 ) ;
#6301 = FACE_OUTER_BOUND ( 'NONE', #2457, .T. ) ;
#6302 = CARTESIAN_POINT ( 'NONE',  ( 0.6132132034320935100, 0.01600000000115367500, -0.01500000000065261500 ) ) ;
#6303 = APPROVAL_PERSON_ORGANIZATION ( #8452, #437, #2046 ) ;
#6304 = ADVANCED_FACE ( 'NONE', ( #10213 ), #8026, .T. ) ;
#6305 = VERTEX_POINT ( 'NONE', #7904 ) ;
#6306 = CARTESIAN_POINT ( 'NONE',  ( 0.1332132034342828900, 0.02800000000038739200, -0.02500000000033015000 ) ) ;
#6307 = ADVANCED_FACE ( 'NONE', ( #5838 ), #1452, .F. ) ;
#6308 = VERTEX_POINT ( 'NONE', #4072 ) ;
#6309 = LINE ( 'NONE', #4977, #6039 ) ;
#6310 = CARTESIAN_POINT ( 'NONE',  ( 0.3924999999999996800, 0.05000000000000000300, -0.09750000000000005900 ) ) ;
#6311 = VECTOR ( 'NONE', #6865, 39.37007874015748100 ) ;
#6312 = DIRECTION ( 'NONE',  ( -1.000000000000000000, 0.0000000000000000000, -0.0000000000000000000 ) ) ;
#6313 = DIRECTION ( 'NONE',  ( 0.0000000000000000000, -1.000000000000000000, 0.0000000000000000000 ) ) ;
#6314 = AXIS2_PLACEMENT_3D ( 'NONE', #10715, #3467, #9321 ) ;
#6315 = EDGE_LOOP ( 'NONE', ( #720, #6208, #9352, #8747 ) ) ;
#6316 = VERTEX_POINT ( 'NONE', #4879 ) ;
#6317 = DIRECTION ( 'NONE',  ( -0.0000000000000000000, 0.0000000000000000000, -1.000000000000000000 ) ) ;
#6318 = ADVANCED_FACE ( 'NONE', ( #902 ), #301, .T. ) ;
#6319 = VECTOR ( 'NONE', #4020, 39.37007874015748100 ) ;
#6320 = DIRECTION ( 'NONE',  ( 0.0000000000000000000, -1.000000000000000000, 0.0000000000000000000 ) ) ;
#6321 = VERTEX_POINT ( 'NONE', #8763 ) ;
#6322 = ADVANCED_FACE ( 'NONE', ( #6093 ), #141, .F. ) ;
#6323 = FACE_OUTER_BOUND ( 'NONE', #1830, .T. ) ;
#6324 = CARTESIAN_POINT ( 'NONE',  ( 0.6674999999977769800, 0.6712132034341626900, -0.05999999999894310700 ) ) ;
#6325 = EDGE_CURVE ( 'NONE', #7126, #7708, #1211, .T. ) ;
#6326 = DIRECTION ( 'NONE',  ( 0.9529809208180760600, 6.672337143205618200E-013, -0.3030303030337587700 ) ) ;
#6327 = ORIENTED_EDGE ( 'NONE', *, *, #4730, .T. ) ;
#6328 = AXIS2_PLACEMENT_3D ( 'NONE', #8861, #3608, #4338 ) ;
#6329 = CYLINDRICAL_SURFACE ( 'NONE', #5110, 0.03999999999999998000 ) ;
#6330 = SECURITY_CLASSIFICATION ( '', '', #5171 ) ;
#6331 = ORIENTED_EDGE ( 'NONE', *, *, #6048, .F. ) ;
#6332 = DIRECTION ( 'NONE',  ( 1.000000000000000000, 0.0000000000000000000, -0.0000000000000000000 ) ) ;
#6333 = DIRECTION ( 'NONE',  ( 0.0000000000000000000, -1.000000000000000000, 0.0000000000000000000 ) ) ;
#6334 = VECTOR ( 'NONE', #8640, 39.37007874015748100 ) ;
#6335 = VERTEX_POINT ( 'NONE', #7669 ) ;
#6336 = DIRECTION ( 'NONE',  ( 0.4491278195647576100, -0.8934675157458197300, -8.613638408816944500E-013 ) ) ;
#6337 = DIRECTION ( 'NONE',  ( -0.0000000000000000000, -0.0000000000000000000, 1.000000000000000000 ) ) ;
#6338 = PLANE ( 'NONE',  #2052 ) ;
#6339 = CARTESIAN_POINT ( 'NONE',  ( 0.1536499778713355200, 0.06956181146428860900, 0.006000000002890995700 ) ) ;
#6340 = VERTEX_POINT ( 'NONE', #8829 ) ;
#6342 = CARTESIAN_POINT ( 'NONE',  ( 0.9374999999999998900, 0.3450000000000001400, -0.2220000000000000000 ) ) ;
#6341 = LINE ( 'NONE', #1503, #8709 ) ;
#6343 = CARTESIAN_POINT ( 'NONE',  ( 0.1339104363763634300, 0.06353880883211546200, -0.005670425834729297600 ) ) ;
#6344 = ORIENTED_EDGE ( 'NONE', *, *, #5648, .F. ) ;
#6345 = CARTESIAN_POINT ( 'NONE',  ( 0.7974999999999998800, 0.3450000000000002000, -0.2725000000000000200 ) ) ;
#6346 = EDGE_CURVE ( 'NONE', #1274, #8250, #10010, .T. ) ;
#6347 = VECTOR ( 'NONE', #672, 39.37007874015748100 ) ;
#6348 = EDGE_CURVE ( 'NONE', #2992, #2846, #9777, .T. ) ;
#6349 = CARTESIAN_POINT ( 'NONE',  ( 0.7974999999999998800, 0.05000000000000001000, -0.2725000000000000800 ) ) ;
#6350 = LINE ( 'NONE', #8854, #10202 ) ;
#6351 = VECTOR ( 'NONE', #1094, 39.37007874015748100 ) ;
#6352 = VECTOR ( 'NONE', #3044, 39.37007874015748100 ) ;
#6353 = DIRECTION ( 'NONE',  ( 1.000000000000000000, 0.0000000000000000000, 0.0000000000000000000 ) ) ;
#6354 = DIRECTION ( 'NONE',  ( 0.0000000000000000000, 1.000000000000000000, 4.553079989440424900E-016 ) ) ;
#6355 = ADVANCED_FACE ( 'NONE', ( #590 ), #8991, .F. ) ;
#6356 = EDGE_CURVE ( 'NONE', #7790, #4293, #9560, .T. ) ;
#6357 = LINE ( 'NONE', #1141, #4050 ) ;
#6358 = CARTESIAN_POINT ( 'NONE',  ( 1.104362961706168100, 0.4231567020380508400, -0.01000000000000000000 ) ) ;
#6359 = EDGE_CURVE ( 'NONE', #2507, #5024, #3454, .T. ) ;
#6360 = DIRECTION ( 'NONE',  ( 1.000000000000000200, 8.055057399101522600E-012, -5.203623633218455500E-012 ) ) ;
#6361 = SHAPE_REPRESENTATION ( '395-016-520-202', ( #10255, #10440, #10908, #513, #1173, #1829, #2509, #3108, #3737, #4401, #5000, #5542, #6105, #6640, #7198, #7771, #8294, #8785 ), #9319 ) ;
#6362 = CARTESIAN_POINT ( 'NONE',  ( 0.5374999999999999800, 0.2700000000000001800, -0.1480000000000000800 ) ) ;
#6363 = ORIENTED_EDGE ( 'NONE', *, *, #10076, .T. ) ;
#6364 = ORIENTED_EDGE ( 'NONE', *, *, #6955, .F. ) ;
#6365 = LINE ( 'NONE', #4819, #8033 ) ;
#6366 = EDGE_LOOP ( 'NONE', ( #9168, #10127, #10808, #5085 ) ) ;
#6367 = CARTESIAN_POINT ( 'NONE',  ( 0.4974999999999998900, 0.3450000000000002000, -0.09750000000000005900 ) ) ;
#6368 = CARTESIAN_POINT ( 'NONE',  ( 0.0000000000000000000, 0.5999999999999999800, -0.3700000000000001600 ) ) ;
#6369 = EDGE_LOOP ( 'NONE', ( #8319, #760, #10326, #3098 ) ) ;
#6370 = EDGE_CURVE ( 'NONE', #9871, #3510, #5571, .T. ) ;
#6371 = EDGE_CURVE ( 'NONE', #9237, #5973, #7517, .T. ) ;
#6372 = LINE ( 'NONE', #1421, #8289 ) ;
#6373 = EDGE_LOOP ( 'NONE', ( #5813, #4048, #5829, #8136 ) ) ;
#6374 = ORIENTED_EDGE ( 'NONE', *, *, #3924, .T. ) ;
#6375 = CARTESIAN_POINT ( 'NONE',  ( 0.3924999999999996800, 0.05000000000000000300, -0.09750000000000000300 ) ) ;
#6376 = VECTOR ( 'NONE', #3218, 39.37007874015748100 ) ;
#6377 = AXIS2_PLACEMENT_3D ( 'NONE', #9311, #4028, #530 ) ;
#6378 = ORIENTED_EDGE ( 'NONE', *, *, #5848, .F. ) ;
#6379 = APPROVAL ( #3082, 'UNKNOWN' ) ;
#6380 = VECTOR ( 'NONE', #10897, 39.37007874015748100 ) ;
#6381 = ORIENTED_EDGE ( 'NONE', *, *, #3486, .F. ) ;
#6382 = DIRECTION ( 'NONE',  ( 8.055046623592789800E-012, -1.000000000000000000, -9.474066515849366000E-013 ) ) ;
#6383 = DIRECTION ( 'NONE',  ( -0.0000000000000000000, 1.000000000000000000, 1.707404996040165000E-016 ) ) ;
#6384 = VECTOR ( 'NONE', #5437, 39.37007874015748100 ) ;
#6385 = ORIENTED_EDGE ( 'NONE', *, *, #7874, .F. ) ;
#6386 = EDGE_CURVE ( 'NONE', #9316, #4370, #2867, .T. ) ;
#6387 = CARTESIAN_POINT ( 'NONE',  ( 0.9021601555077856100, 0.2268432979619844400, 0.0000000000000000000 ) ) ;
#6388 = ORIENTED_EDGE ( 'NONE', *, *, #5269, .F. ) ;
#6389 = ADVANCED_FACE ( 'NONE', ( #5071 ), #1069, .F. ) ;
#6390 = LINE ( 'NONE', #8307, #3508 ) ;
#6391 = CARTESIAN_POINT ( 'NONE',  ( 0.9374999999999998900, 0.5579999999999999400, -0.2610000000000001200 ) ) ;
#6392 = ADVANCED_FACE ( 'NONE', ( #10988 ), #4107, .F. ) ;
#6393 = ORIENTED_EDGE ( 'NONE', *, *, #3746, .T. ) ;
#6394 = FACE_OUTER_BOUND ( 'NONE', #4525, .T. ) ;
#6395 = DATE_AND_TIME ( #8540, #10499 ) ;
#6396 = CALENDAR_DATE ( 2019, 15, 10 ) ;
#6397 = ORIENTED_EDGE ( 'NONE', *, *, #7818, .T. ) ;
#6398 = VECTOR ( 'NONE', #9410, 39.37007874015748100 ) ;
#6399 = ORIENTED_EDGE ( 'NONE', *, *, #6014, .F. ) ;
#6400 = AXIS2_PLACEMENT_3D ( 'NONE', #10875, #10990, #9913 ) ;
#6401 = EDGE_CURVE ( 'NONE', #1422, #4075, #6986, .T. ) ;
#6402 = EDGE_CURVE ( 'NONE', #1439, #5002, #9100, .T. ) ;
#6403 = ADVANCED_FACE ( 'NONE', ( #4777 ), #4510, .F. ) ;
#6404 = CARTESIAN_POINT ( 'NONE',  ( 0.9974999999999999400, 0.5579999999999999400, -0.2975000000000001000 ) ) ;
#6405 = VECTOR ( 'NONE', #5573, 39.37007874015748100 ) ;
#6406 = COORDINATED_UNIVERSAL_TIME_OFFSET ( 5, 0, .BEHIND. ) ;
#6407 = DATE_AND_TIME ( #8553, #10508 ) ;
#6408 = APPLICATION_PROTOCOL_DEFINITION ( 'international standard', 'config_control_design', 1994, #10970 ) ;
#6409 = LINE ( 'NONE', #5909, #10279 ) ;
#6410 = LINE ( 'NONE', #743, #6405 ) ;
#6411 = LINE ( 'NONE', #4142, #10067 ) ;
#6412 = LINE ( 'NONE', #2322, #6380 ) ;
#6413 = DATE_AND_TIME ( #8561, #10513 ) ;
#6414 = EDGE_CURVE ( 'NONE', #3833, #3500, #10780, .T. ) ;
#6415 = DIRECTION ( 'NONE',  ( 0.0000000000000000000, -1.000000000000000000, 1.352399996863497400E-015 ) ) ;
#6416 = EDGE_CURVE ( 'NONE', #3513, #958, #6723, .T. ) ;
#6417 = EDGE_CURVE ( 'NONE', #8364, #7137, #1966, .T. ) ;
#6418 = AXIS2_PLACEMENT_3D ( 'NONE', #5842, #6101, #6112 ) ;
#6419 = DIRECTION ( 'NONE',  ( 1.000000000000000000, 0.0000000000000000000, 0.0000000000000000000 ) ) ;
#6420 = VECTOR ( 'NONE', #1834, 39.37007874015748100 ) ;
#6421 = DIRECTION ( 'NONE',  ( 0.0000000000000000000, 0.0000000000000000000, -1.000000000000000000 ) ) ;
#6422 = DIRECTION ( 'NONE',  ( 0.0000000000000000000, -1.000000000000000000, -1.979599995408885400E-016 ) ) ;
#6423 = CIRCLE ( 'NONE', #7622, 0.02625691779516779700 ) ;
#6424 = VECTOR ( 'NONE', #1612, 39.37007874015748100 ) ;
#6425 = CARTESIAN_POINT ( 'NONE',  ( 0.1597132034349023100, 0.05749999999957711200, 0.02499999999950048800 ) ) ;
#6426 = VERTEX_POINT ( 'NONE', #431 ) ;
#6427 = ORIENTED_EDGE ( 'NONE', *, *, #1583, .T. ) ;
#6428 = CARTESIAN_POINT ( 'NONE',  ( 0.6132132034325150600, 0.01600000000094936600, -0.02500000000086422700 ) ) ;
#6429 = VECTOR ( 'NONE', #6939, 39.37007874015748100 ) ;
#6430 = ORIENTED_EDGE ( 'NONE', *, *, #452, .F. ) ;
#6431 = CARTESIAN_POINT ( 'NONE',  ( 0.3361881571563409300, 0.02550000000057543700, -0.02499999999636760500 ) ) ;
#6432 = CARTESIAN_POINT ( 'NONE',  ( 0.3674999999999998300, 0.2699999999999999100, -0.2210000000000000900 ) ) ;
#6433 = DIRECTION ( 'NONE',  ( 0.0000000000000000000, 1.000000000000000000, 0.0000000000000000000 ) ) ;
#6434 = APPROVAL ( #4779, 'UNSPECIFIED' ) ;
#6435 = VECTOR ( 'NONE', #4911, 39.37007874015748900 ) ;
#6436 = PLANE ( 'NONE',  #6260 ) ;
#6437 = CARTESIAN_POINT ( 'NONE',  ( 1.137499999999999700, 0.3450000000000002000, -0.09750000000000000300 ) ) ;
#6438 = VERTEX_POINT ( 'NONE', #9725 ) ;
#6439 = ADVANCED_FACE ( 'NONE', ( #10555 ), #3621, .F. ) ;
#6440 = PLANE ( 'NONE',  #3338 ) ;
#6441 = VECTOR ( 'NONE', #9472, 39.37007874015748100 ) ;
#6442 = ADVANCED_FACE ( 'NONE', ( #4209 ), #1700, .F. ) ;
#6443 = FACE_BOUND ( 'NONE', #6463, .T. ) ;
#6444 = DIRECTION ( 'NONE',  ( -0.0000000000000000000, 0.0000000000000000000, 1.000000000000000000 ) ) ;
#6445 = FACE_OUTER_BOUND ( 'NONE', #10694, .T. ) ;
#6446 = SECURITY_CLASSIFICATION_LEVEL ( 'unclassified' ) ;
#6447 = ORIENTED_EDGE ( 'NONE', *, *, #6401, .T. ) ;
#6448 = EDGE_CURVE ( 'NONE', #3174, #375, #6464, .T. ) ;
#6449 = CARTESIAN_POINT ( 'NONE',  ( 0.3674999999999998300, 0.2699999999999999100, -0.1490000000000000800 ) ) ;
#6450 = PRODUCT_DEFINITION_SHAPE ( 'NONE', 'NONE',  #10998 ) ;
#6451 = ORIENTED_EDGE ( 'NONE', *, *, #7804, .F. ) ;
#6452 = AXIS2_PLACEMENT_3D ( 'NONE', #10538, #341, #6787 ) ;
#6453 = ORIENTED_EDGE ( 'NONE', *, *, #5985, .F. ) ;
#6454 = LINE ( 'NONE', #7427, #6210 ) ;
#6455 = ORIENTED_EDGE ( 'NONE', *, *, #9094, .T. ) ;
#6456 = VERTEX_POINT ( 'NONE', #706 ) ;
#6457 = LINE ( 'NONE', #9983, #10321 ) ;
#6458 = ORIENTED_EDGE ( 'NONE', *, *, #2793, .T. ) ;
#6459 = DIRECTION ( 'NONE',  ( 3.681989669462878400E-013, -7.789823685977714400E-013, -1.000000000000000000 ) ) ;
#6460 = CARTESIAN_POINT ( 'NONE',  ( 0.9374999999999998900, 0.2699999999999999100, -0.2210000000000000900 ) ) ;
#6461 = ADVANCED_FACE ( 'NONE', ( #10327 ), #9918, .T. ) ;
#6462 = EDGE_LOOP ( 'NONE', ( #5045, #4514, #5380, #4444 ) ) ;
#6463 = EDGE_LOOP ( 'NONE', ( #7634, #8038, #2820, #5776, #7991, #6580, #4579, #5439, #566, #8836, #8261, #10359, #7726, #1746 ) ) ;
#6464 = LINE ( 'NONE', #3438, #9344 ) ;
#6465 = VERTEX_POINT ( 'NONE', #5467 ) ;
#6466 = ORIENTED_EDGE ( 'NONE', *, *, #10119, .F. ) ;
#6467 = EDGE_CURVE ( 'NONE', #7708, #3368, #8390, .T. ) ;
#6468 = CARTESIAN_POINT ( 'NONE',  ( 1.114178631909940000, 0.0000000000000000000, -0.01000000000000000000 ) ) ;
#6469 = ORIENTED_EDGE ( 'NONE', *, *, #7099, .F. ) ;
#6470 = ADVANCED_FACE ( 'NONE', ( #6218 ), #5953, .F. ) ;
#6471 = DIRECTION ( 'NONE',  ( -1.000000000000000000, -0.0000000000000000000, -0.0000000000000000000 ) ) ;
#6472 = CARTESIAN_POINT ( 'NONE',  ( 1.242499999999999900, 0.05000000000000000300, -0.2725000000000000200 ) ) ;
#6473 = PLANE ( 'NONE',  #1859 ) ;
#6474 = DIRECTION ( 'NONE',  ( -0.5773502691896271700, 0.5773502691896232900, -0.5773502691896267300 ) ) ;
#6475 = ORIENTED_EDGE ( 'NONE', *, *, #3068, .T. ) ;
#6476 = VECTOR ( 'NONE', #7725, 39.37007874015748100 ) ;
#6478 = ORIENTED_EDGE ( 'NONE', *, *, #3415, .F. ) ;
#6477 = ORIENTED_EDGE ( 'NONE', *, *, #347, .T. ) ;
#6479 = FACE_BOUND ( 'NONE', #10087, .T. ) ;
#6480 = DIRECTION ( 'NONE',  ( 3.681989669462878400E-013, -7.789823685977714400E-013, -1.000000000000000000 ) ) ;
#6481 = CARTESIAN_POINT ( 'NONE',  ( 0.6940679471871663600, 0.4025437946100565700, -0.01000000000000000000 ) ) ;
#6482 = CARTESIAN_POINT ( 'NONE',  ( 0.09499999999754893400, 0.02500000000000461600, -0.02500000000175207600 ) ) ;
#6483 = EDGE_CURVE ( 'NONE', #1683, #715, #1676, .T. ) ;
#6484 = EDGE_CURVE ( 'NONE', #9052, #469, #8140, .T. ) ;
#6485 = DATE_TIME_ROLE ( 'creation_date' ) ;
#6486 = VECTOR ( 'NONE', #4221, 39.37007874015748100 ) ;
#6487 = ORIENTED_EDGE ( 'NONE', *, *, #4190, .F. ) ;
#6488 = ORIENTED_EDGE ( 'NONE', *, *, #5029, .T. ) ;
#6489 = AXIS2_PLACEMENT_3D ( 'NONE', #1176, #1161, #1145 ) ;
#6490 = ORIENTED_EDGE ( 'NONE', *, *, #4007, .F. ) ;
#6491 = CARTESIAN_POINT ( 'NONE',  ( 1.097499999999999900, 0.3450000000000001400, -0.1479999999999999900 ) ) ;
#6492 = ORIENTED_EDGE ( 'NONE', *, *, #8173, .F. ) ;
#6493 = CARTESIAN_POINT ( 'NONE',  ( 1.044978156973165800, 0.3637718973050450000, -0.01000000000000000000 ) ) ;
#6494 = DIRECTION ( 'NONE',  ( 0.0000000000000000000, 1.000000000000000000, 0.0000000000000000000 ) ) ;
#6495 = VECTOR ( 'NONE', #3327, 39.37007874015748100 ) ;
#6496 = ORIENTED_EDGE ( 'NONE', *, *, #6605, .F. ) ;
#6497 = ADVANCED_FACE ( 'NONE', ( #9886 ), #7710, .F. ) ;
#6498 = DIRECTION ( 'NONE',  ( 1.000000000000000000, 0.0000000000000000000, 0.0000000000000000000 ) ) ;
#6499 = ADVANCED_FACE ( 'NONE', ( #3587 ), #4058, .F. ) ;
#6500 = VERTEX_POINT ( 'NONE', #3792 ) ;
#6501 = EDGE_LOOP ( 'NONE', ( #8108, #9354, #6853, #10581 ) ) ;
#6502 = AXIS2_PLACEMENT_3D ( 'NONE', #9632, #4823, #10337 ) ;
#6503 = CARTESIAN_POINT ( 'NONE',  ( 0.1536499778712670200, 0.06956181146370474200, 0.02500000000375370400 ) ) ;
#6504 = ORIENTED_EDGE ( 'NONE', *, *, #6813, .F. ) ;
#6505 = LINE ( 'NONE', #3154, #10360 ) ;
#6506 = ORIENTED_EDGE ( 'NONE', *, *, #7971, .F. ) ;
#6507 = CARTESIAN_POINT ( 'NONE',  ( 0.3924999999999996800, 0.05000000000000000300, -0.07250000000000005100 ) ) ;
#6508 = DIRECTION ( 'NONE',  ( 0.8934675157458196200, 0.4491278195647575600, 2.088883638616915800E-014 ) ) ;
#6509 = ORIENTED_EDGE ( 'NONE', *, *, #1217, .T. ) ;
#6510 = CARTESIAN_POINT ( 'NONE',  ( 0.6374999999999998400, 0.3450000000000002000, -0.2725000000000000200 ) ) ;
#6511 = EDGE_CURVE ( 'NONE', #3265, #3552, #7903, .T. ) ;
#6512 = DIRECTION ( 'NONE',  ( 1.000000000000000000, 0.0000000000000000000, 0.0000000000000000000 ) ) ;
#6513 = AXIS2_PLACEMENT_3D ( 'NONE', #829, #609, #623 ) ;
#6514 = CARTESIAN_POINT ( 'NONE',  ( 0.6371370600051252700, 0.4094147637527355600, -0.01000000000000000000 ) ) ;
#6515 = VECTOR ( 'NONE', #1764, 39.37007874015748100 ) ;
#6516 = CC_DESIGN_PERSON_AND_ORGANIZATION_ASSIGNMENT ( #1292, #5915, ( #3586 ) ) ;
#6517 = EDGE_LOOP ( 'NONE', ( #1052, #7705, #7090, #4459 ) ) ;
#6518 = APPLICATION_CONTEXT ( 'configuration controlled 3d designs of mechanical parts and assemblies' ) ;
#6519 = DIRECTION ( 'NONE',  ( -0.0000000000000000000, 1.871128762783746100E-015, 1.000000000000000000 ) ) ;
#6520 = ITEM_DEFINED_TRANSFORMATION ( 'NONE', 'NONE', #8785,  #8995 ) ;
#6521 = FACE_OUTER_BOUND ( 'NONE', #1165, .T. ) ;
#6522 = ORIENTED_EDGE ( 'NONE', *, *, #10942, .F. ) ;
#6523 = CARTESIAN_POINT ( 'NONE',  ( 0.9974999999999999400, 0.3450000000000002000, -0.09750000000000001700 ) ) ;
#6524 = EDGE_CURVE ( 'NONE', #9237, #1609, #3294, .T. ) ;
#6525 = EDGE_LOOP ( 'NONE', ( #9357, #9904, #9108, #2990 ) ) ;
#6526 = DIRECTION ( 'NONE',  ( 0.0000000000000000000, -1.979599995408886100E-016, 1.000000000000000000 ) ) ;
#6527 = ORIENTED_EDGE ( 'NONE', *, *, #984, .F. ) ;
#6528 = DIRECTION ( 'NONE',  ( 0.0000000000000000000, 1.000000000000000000, 1.707404996040164500E-016 ) ) ;
#6529 = ORIENTED_EDGE ( 'NONE', *, *, #3852, .F. ) ;
#6530 = APPROVAL_PERSON_ORGANIZATION ( #8660, #6379, #9011 ) ;
#6531 = DIRECTION ( 'NONE',  ( 1.000000000000000000, 0.0000000000000000000, 0.0000000000000000000 ) ) ;
#6532 = PERSON_AND_ORGANIZATION ( #5888, #8663 ) ;
#6533 = DIRECTION ( 'NONE',  ( 9.478563083388219400E-013, 1.000000000000000000, 7.789823685982827700E-013 ) ) ;
#6534 = CYLINDRICAL_SURFACE ( 'NONE', #10421, 0.009815670203796511200 ) ;
#6535 = CARTESIAN_POINT ( 'NONE',  ( 0.8660875675088115500, 0.3826670498449319900, -0.01000000000000000000 ) ) ;
#6536 = FACE_OUTER_BOUND ( 'NONE', #5971, .T. ) ;
#6537 = CALENDAR_DATE ( 2019, 15, 10 ) ;
#6538 = CARTESIAN_POINT ( 'NONE',  ( 0.5974999999999999200, 0.2700000000000001800, -0.1480000000000000800 ) ) ;
#6539 = DIRECTION ( 'NONE',  ( -3.104372720073026700E-015, 0.0000000000000000000, 1.000000000000000000 ) ) ;
#6540 = EDGE_CURVE ( 'NONE', #283, #6690, #10109, .T. ) ;
#6541 = EDGE_CURVE ( 'NONE', #1549, #6316, #9665, .T. ) ;
#6542 = DIRECTION ( 'NONE',  ( -1.000000000000000000, -9.477708487453142300E-013, 3.682196057497940700E-013 ) ) ;
#6543 = LINE ( 'NONE', #6836, #1763 ) ;
#6544 = FACE_BOUND ( 'NONE', #8131, .T. ) ;
#6545 = LINE ( 'NONE', #6510, #4313 ) ;
#6546 = ADVANCED_FACE ( 'NONE', ( #5689 ), #7938, .T. ) ;
#6547 = ADVANCED_FACE ( 'NONE', ( #429 ), #2736, .T. ) ;
#6548 = DIRECTION ( 'NONE',  ( -1.000000000000000000, -0.0000000000000000000, -0.0000000000000000000 ) ) ;
#6549 = APPROVAL_STATUS ( 'not_yet_approved' ) ;
#6550 = CARTESIAN_POINT ( 'NONE',  ( 0.5802132034345470800, 0.03750000000118856900, -0.02500000000715813000 ) ) ;
#6551 = ORIENTED_EDGE ( 'NONE', *, *, #10059, .T. ) ;
#6552 = LINE ( 'NONE', #3830, #6051 ) ;
#6553 = FACE_BOUND ( 'NONE', #6736, .T. ) ;
#6554 = EDGE_CURVE ( 'NONE', #7388, #4272, #5187, .T. ) ;
#6555 = CARTESIAN_POINT ( 'NONE',  ( 0.6374999999999998400, 0.3450000000000002000, -0.2725000000000000200 ) ) ;
#6556 = DIRECTION ( 'NONE',  ( -1.000000000000000000, -0.0000000000000000000, -0.0000000000000000000 ) ) ;
#6557 = EDGE_CURVE ( 'NONE', #4728, #3878, #9440, .T. ) ;
#6558 = LINE ( 'NONE', #2299, #8467 ) ;
#6559 = EDGE_CURVE ( 'NONE', #9482, #10784, #107, .T. ) ;
#6560 = VERTEX_POINT ( 'NONE', #4838 ) ;
#6561 = ORIENTED_EDGE ( 'NONE', *, *, #8766, .T. ) ;
#6562 = CYLINDRICAL_SURFACE ( 'NONE', #2648, 0.009815670203796374200 ) ;
#6563 = CARTESIAN_POINT ( 'NONE',  ( 0.3046920839934302800, 0.04350263157872041200, -0.02499999999766714500 ) ) ;
#6564 = LINE ( 'NONE', #2659, #10419 ) ;
#6565 = ORIENTED_EDGE ( 'NONE', *, *, #7804, .T. ) ;
#6566 = CARTESIAN_POINT ( 'NONE',  ( 0.6101829004055366900, 0.03400000000091797000, -0.01547019078904121100 ) ) ;
#6567 = DIRECTION ( 'NONE',  ( -0.0000000000000000000, 0.0000000000000000000, 1.000000000000000000 ) ) ;
#6568 = CARTESIAN_POINT ( 'NONE',  ( 0.3674999999999998300, 0.2699999999999999100, -0.1490000000000000800 ) ) ;
#6569 = AXIS2_PLACEMENT_3D ( 'NONE', #6743, #6844, #6863 ) ;
#6570 = CARTESIAN_POINT ( 'NONE',  ( 0.2874999999999999800, 0.2500000000000000000, 0.0000000000000000000 ) ) ;
#6571 = VECTOR ( 'NONE', #1443, 39.37007874015748100 ) ;
#6572 = CC_DESIGN_PERSON_AND_ORGANIZATION_ASSIGNMENT ( #5265, #5732, ( #6036 ) ) ;
#6573 = VECTOR ( 'NONE', #7481, 39.37007874015748100 ) ;
#6574 = CARTESIAN_POINT ( 'NONE',  ( 1.242499999999999900, 0.05000000000000000300, -0.2725000000000000800 ) ) ;
#6575 = CIRCLE ( 'NONE', #4683, 0.009815670203806754800 ) ;
#6576 = PLANE ( 'NONE',  #10820 ) ;
#6577 = ORIENTED_EDGE ( 'NONE', *, *, #8007, .T. ) ;
#6578 = CARTESIAN_POINT ( 'NONE',  ( 0.6940679471871618000, 0.2405852362473140900, -0.01000000000000000000 ) ) ;
#6579 = DIRECTION ( 'NONE',  ( 0.0000000000000000000, 1.000000000000000000, -0.0000000000000000000 ) ) ;
#6580 = ORIENTED_EDGE ( 'NONE', *, *, #6683, .F. ) ;
#6581 = VERTEX_POINT ( 'NONE', #5926 ) ;
#6582 = CIRCLE ( 'NONE', #3921, 0.03141014465221592800 ) ;
#6583 = DATE_TIME_ROLE ( 'classification_date' ) ;
#6584 = EDGE_CURVE ( 'NONE', #4118, #2083, #10880, .T. ) ;
#6585 = CARTESIAN_POINT ( 'NONE',  ( 0.6974999999999999000, 0.3450000000000002000, -0.09750000000000003100 ) ) ;
#6586 = AXIS2_PLACEMENT_3D ( 'NONE', #1838, #9431, #9412 ) ;
#6587 = VECTOR ( 'NONE', #2187, 39.37007874015748100 ) ;
#6588 = ORIENTED_EDGE ( 'NONE', *, *, #4882, .T. ) ;
#6589 = CARTESIAN_POINT ( 'NONE',  ( 1.267500000000000100, 0.4749999999999999800, -0.3450000000000004200 ) ) ;
#6590 = DIRECTION ( 'NONE',  ( 0.8934675157458197300, 0.4491278195647575600, 2.088883639489091200E-014 ) ) ;
#6591 = ORIENTED_EDGE ( 'NONE', *, *, #3152, .F. ) ;
#6592 = LINE ( 'NONE', #9279, #4369 ) ;
#6593 = LINE ( 'NONE', #10672, #5994 ) ;
#6594 = DIRECTION ( 'NONE',  ( -1.000000000000000000, 0.0000000000000000000, -0.0000000000000000000 ) ) ;
#6595 = DIRECTION ( 'NONE',  ( 0.0000000000000000000, 1.000000000000000000, 0.0000000000000000000 ) ) ;
#6596 = ORIENTED_EDGE ( 'NONE', *, *, #10663, .T. ) ;
#6597 = ADVANCED_FACE ( 'NONE', ( #6847 ), #6167, .T. ) ;
#6598 = CARTESIAN_POINT ( 'NONE',  ( 0.5878125455112517300, 0.04400000000063388600, 0.02500000000351029400 ) ) ;
#6599 = VERTEX_POINT ( 'NONE', #4138 ) ;
#6600 = CARTESIAN_POINT ( 'NONE',  ( 0.3674999999999998300, 0.2699999999999999100, -0.2210000000000000900 ) ) ;
#6601 = EDGE_CURVE ( 'NONE', #7385, #3639, #2436, .T. ) ;
#6602 = FACE_OUTER_BOUND ( 'NONE', #4783, .T. ) ;
#6603 = DIRECTION ( 'NONE',  ( -1.000000000000000000, -0.0000000000000000000, 0.0000000000000000000 ) ) ;
#6604 = VERTEX_POINT ( 'NONE', #2395 ) ;
#6605 = EDGE_CURVE ( 'NONE', #4293, #7902, #4630, .T. ) ;
#6606 = LINE ( 'NONE', #6310, #6573 ) ;
#6607 = ORIENTED_EDGE ( 'NONE', *, *, #8693, .T. ) ;
#6608 = ORIENTED_EDGE ( 'NONE', *, *, #5355, .T. ) ;
#6609 = DIRECTION ( 'NONE',  ( -1.000000000000000000, 0.0000000000000000000, 0.0000000000000000000 ) ) ;
#6610 = DIRECTION ( 'NONE',  ( -1.000000000000000000, 0.0000000000000000000, 0.0000000000000000000 ) ) ;
#6611 = DIRECTION ( 'NONE',  ( -0.0000000000000000000, 0.0000000000000000000, 1.000000000000000000 ) ) ;
#6612 = DIRECTION ( 'NONE',  ( 0.0000000000000000000, -1.000000000000000000, -1.979599995408885400E-016 ) ) ;
#6613 = VERTEX_POINT ( 'NONE', #532 ) ;
#6614 = DIRECTION ( 'NONE',  ( -0.0000000000000000000, 1.000000000000000000, -0.0000000000000000000 ) ) ;
#6615 = LINE ( 'NONE', #2185, #4395 ) ;
#6617 = ORIENTED_EDGE ( 'NONE', *, *, #9848, .T. ) ;
#6616 = VERTEX_POINT ( 'NONE', #1976 ) ;
#6618 = ORIENTED_EDGE ( 'NONE', *, *, #4601, .F. ) ;
#6619 = DIRECTION ( 'NONE',  ( -1.000000000000000000, -9.478887605467424400E-013, 3.682080251264394600E-013 ) ) ;
#6620 = ORIENTED_EDGE ( 'NONE', *, *, #5469, .T. ) ;
#6621 = EDGE_CURVE ( 'NONE', #491, #1739, #5441, .T. ) ;
#6622 = VECTOR ( 'NONE', #5982, 39.37007874015748100 ) ;
#6623 = EDGE_CURVE ( 'NONE', #1486, #3500, #6582, .T. ) ;
#6624 = APPROVAL_ROLE ( '' ) ;
#6625 = VECTOR ( 'NONE', #6284, 39.37007874015748100 ) ;
#6626 = ORIENTED_EDGE ( 'NONE', *, *, #950, .T. ) ;
#6627 = CARTESIAN_POINT ( 'NONE',  ( 1.137499999999999700, 0.5999999999999999800, -0.07249999999999995300 ) ) ;
#6628 = ADVANCED_FACE ( 'NONE', ( #10669 ), #354, .T. ) ;
#6629 = PERSON ( 'NAUO-PER1', 'UNSPECIFIED', 'UNSPECIFIED', ('UNSPECIFIED'), ('UNSPECIFIED'), ('UNSPECIFIED') ) ;
#6630 = DIRECTION ( 'NONE',  ( -1.000000000000000000, -4.153954829891640800E-015, 0.0000000000000000000 ) ) ;
#6631 = CARTESIAN_POINT ( 'NONE',  ( 0.3361881571567894000, 0.02550000000033500100, 0.02500000000466941900 ) ) ;
#6632 = CARTESIAN_POINT ( 'NONE',  ( -1.378577015171061900E-015, 0.3318709691426816600, -0.01000000000000000000 ) ) ;
#6633 = DIRECTION ( 'NONE',  ( -3.681989669462878400E-013, 7.789823685977714400E-013, 1.000000000000000000 ) ) ;
#6634 = CARTESIAN_POINT ( 'NONE',  ( 0.4374999999999998900, 0.5579999999999996100, -0.07250000000000000900 ) ) ;
#6635 = PLANE ( 'NONE',  #5028 ) ;
#6636 = PLANE ( 'NONE',  #750 ) ;
#6637 = LINE ( 'NONE', #10284, #6897 ) ;
#6638 = CARTESIAN_POINT ( 'NONE',  ( 0.6374999999999998400, 0.2699999999999999100, -0.1490000000000000800 ) ) ;
#6639 = AXIS2_PLACEMENT_3D ( 'NONE', #3392, #8740, #3448 ) ;
#6640 = AXIS2_PLACEMENT_3D ( 'NONE', #10917, #6360, #847 ) ;
#6641 = LINE ( 'NONE', #4948, #6676 ) ;
#6642 = VECTOR ( 'NONE', #3782, 39.37007874015748100 ) ;
#6643 = ORIENTED_EDGE ( 'NONE', *, *, #1733, .T. ) ;
#6644 = DIRECTION ( 'NONE',  ( 1.000000000000000000, -0.0000000000000000000, -0.0000000000000000000 ) ) ;
#6645 = CARTESIAN_POINT ( 'NONE',  ( 0.7374999999999998200, 0.2700000000000001800, -0.1490000000000000800 ) ) ;
#6646 = EDGE_CURVE ( 'NONE', #5051, #9116, #10437, .T. ) ;
#6647 = ORIENTED_EDGE ( 'NONE', *, *, #10157, .T. ) ;
#6648 = DIRECTION ( 'NONE',  ( -1.000000000000000000, 0.0000000000000000000, 0.0000000000000000000 ) ) ;
#6649 = CALENDAR_DATE ( 2019, 15, 10 ) ;
#6650 = ADVANCED_FACE ( 'NONE', ( #8490 ), #1505, .F. ) ;
#6651 = CARTESIAN_POINT ( 'NONE',  ( 0.5878125455090307300, 0.01600000000095776500, -0.02258354980724666000 ) ) ;
#6652 = APPROVAL ( #3367, 'UNKNOWN' ) ;
#6653 = LOCAL_TIME ( 13, 11, 25.00000000000000000, #8780 ) ;
#6654 = CARTESIAN_POINT ( 'NONE',  ( 0.3924999999999996800, 0.05000000000000000300, -0.09750000000000000300 ) ) ;
#6655 = ORIENTED_EDGE ( 'NONE', *, *, #3945, .F. ) ;
#6656 = VECTOR ( 'NONE', #9534, 39.37007874015748100 ) ;
#6657 = APPROVAL_STATUS ( 'not_yet_approved' ) ;
#6658 = CARTESIAN_POINT ( 'NONE',  ( 0.8974999999999999600, 0.05000000000000001000, -0.2725000000000000800 ) ) ;
#6659 = VERTEX_POINT ( 'NONE', #8138 ) ;
#6660 = CARTESIAN_POINT ( 'NONE',  ( 1.347499999999999700, 0.2500000000000000000, 0.0000000000000000000 ) ) ;
#6661 = DIRECTION ( 'NONE',  ( 0.0000000000000000000, -0.7071067811865454600, -0.7071067811865496800 ) ) ;
#6662 = LINE ( 'NONE', #6878, #6622 ) ;
#6663 = PERSON_AND_ORGANIZATION_ROLE ( 'design_supplier' ) ;
#6664 = CARTESIAN_POINT ( 'NONE',  ( 0.7374999999999998200, 0.2699999999999999100, -0.2210000000000000900 ) ) ;
#6665 = DIRECTION ( 'NONE',  ( 0.0000000000000000000, 1.352399996863497200E-015, -1.000000000000000000 ) ) ;
#6666 = ORIENTED_EDGE ( 'NONE', *, *, #3777, .T. ) ;
#6667 = DIRECTION ( 'NONE',  ( -1.000000000000000000, 0.0000000000000000000, 0.0000000000000000000 ) ) ;
#6668 = CARTESIAN_POINT ( 'NONE',  ( 1.242499999999999900, 0.05000000000000000300, -0.2975000000000001000 ) ) ;
#6669 = DIRECTION ( 'NONE',  ( -1.000000000000000000, 0.0000000000000000000, 0.0000000000000000000 ) ) ;
#6670 = EDGE_CURVE ( 'NONE', #3688, #2138, #6350, .T. ) ;
#6671 = LINE ( 'NONE', #5771, #6169 ) ;
#6672 = EDGE_LOOP ( 'NONE', ( #3222, #2938, #10831, #10377 ) ) ;
#6673 = CARTESIAN_POINT ( 'NONE',  ( 0.5374999999999999800, 0.3450000000000002000, -0.09750000000000005900 ) ) ;
#6674 = VECTOR ( 'NONE', #3950, 39.37007874015748100 ) ;
#6675 = CARTESIAN_POINT ( 'NONE',  ( 0.8359043816321273200, 0.4133410318342099500, -0.01000000000000000000 ) ) ;
#6676 = VECTOR ( 'NONE', #7956, 39.37007874015748100 ) ;
#6677 = PERSON_AND_ORGANIZATION ( #8983, #828 ) ;
#6678 = CARTESIAN_POINT ( 'NONE',  ( 0.6057269153529276600, 0.2719953808994902100, -0.01000000000000000000 ) ) ;
#6679 = CARTESIAN_POINT ( 'NONE',  ( 0.1478113162198083100, 0.08117688916732608600, 0.006000000001974733900 ) ) ;
#6680 = LINE ( 'NONE', #2262, #4468 ) ;
#6681 = FACE_OUTER_BOUND ( 'NONE', #1022, .T. ) ;
#6682 = VECTOR ( 'NONE', #5283, 39.37007874015748100 ) ;
#6683 = EDGE_CURVE ( 'NONE', #4750, #2113, #4036, .T. ) ;
#6684 = CARTESIAN_POINT ( 'NONE',  ( 0.3674999999999998300, 0.2699999999999999100, -0.2210000000000000900 ) ) ;
#6685 = EDGE_CURVE ( 'NONE', #5069, #8256, #8262, .T. ) ;
#6686 = CARTESIAN_POINT ( 'NONE',  ( 0.8374999999999999100, 0.2699999999999999100, -0.2210000000000000900 ) ) ;
#6687 = AXIS2_PLACEMENT_3D ( 'NONE', #4367, #4198, #4188 ) ;
#6688 = CARTESIAN_POINT ( 'NONE',  ( 0.1478508375887075700, 0.06415691169022962000, 0.005999999998003951000 ) ) ;
#6689 = FACE_OUTER_BOUND ( 'NONE', #376, .T. ) ;
#6690 = VERTEX_POINT ( 'NONE', #8004 ) ;
#6691 = ORIENTED_EDGE ( 'NONE', *, *, #2858, .F. ) ;
#6692 = VECTOR ( 'NONE', #3550, 39.37007874015748100 ) ;
#6693 = CIRCLE ( 'NONE', #6502, 0.006870969142648433200 ) ;
#6694 = SECURITY_CLASSIFICATION_LEVEL ( 'unclassified' ) ;
#6695 = CARTESIAN_POINT ( 'NONE',  ( 0.8923444853039845800, 0.3083133606535432600, 0.0000000000000000000 ) ) ;
#6696 = ORIENTED_EDGE ( 'NONE', *, *, #2440, .F. ) ;
#6697 = ORIENTED_EDGE ( 'NONE', *, *, #5923, .F. ) ;
#6698 = DIRECTION ( 'NONE',  ( -1.000000000000000000, -0.0000000000000000000, -0.0000000000000000000 ) ) ;
#6699 = ORIENTED_EDGE ( 'NONE', *, *, #7397, .F. ) ;
#6700 = CARTESIAN_POINT ( 'NONE',  ( 0.8974999999999999600, 0.3450000000000001400, -0.2220000000000000000 ) ) ;
#6701 = DIRECTION ( 'NONE',  ( -0.0000000000000000000, -0.0000000000000000000, 1.000000000000000000 ) ) ;
#6702 = VECTOR ( 'NONE', #3043, 39.37007874015748100 ) ;
#6703 = DIRECTION ( 'NONE',  ( 1.000000000000000000, 9.478563083521717400E-013, -3.681989669454755000E-013 ) ) ;
#6704 = EDGE_CURVE ( 'NONE', #5438, #1352, #4357, .T. ) ;
#6705 = AXIS2_PLACEMENT_3D ( 'NONE', #9847, #6241, #10852 ) ;
#6706 = LINE ( 'NONE', #6468, #6795 ) ;
#6708 = VERTEX_POINT ( 'NONE', #6730 ) ;
#6707 = AXIS2_PLACEMENT_3D ( 'NONE', #480, #38, #54 ) ;
#6709 = VECTOR ( 'NONE', #8405, 39.37007874015748100 ) ;
#6710 = ORIENTED_EDGE ( 'NONE', *, *, #7675, .T. ) ;
#6711 = ORIENTED_EDGE ( 'NONE', *, *, #4027, .F. ) ;
#6712 = DIRECTION ( 'NONE',  ( -0.0000000000000000000, -1.000000000000000000, -4.553079989440441700E-016 ) ) ;
#6713 = ADVANCED_FACE ( 'NONE', ( #1197 ), #3548, .T. ) ;
#6714 = VERTEX_POINT ( 'NONE', #4733 ) ;
#6715 = VECTOR ( 'NONE', #7756, 39.37007874015748100 ) ;
#6716 = VECTOR ( 'NONE', #9921, 39.37007874015748100 ) ;
#6717 = EDGE_CURVE ( 'NONE', #791, #4912, #1810, .T. ) ;
#6718 = AXIS2_PLACEMENT_3D ( 'NONE', #1436, #8451, #6958 ) ;
#6719 = CARTESIAN_POINT ( 'NONE',  ( 0.4374999999999998900, 0.5999999999999999800, -0.2974999999999999900 ) ) ;
#6720 = ORIENTED_EDGE ( 'NONE', *, *, #9474, .T. ) ;
#6721 = CC_DESIGN_DATE_AND_TIME_ASSIGNMENT ( #4435, #7510, ( #4491 ) ) ;
#6722 = ORIENTED_EDGE ( 'NONE', *, *, #2718, .T. ) ;
#6723 = CIRCLE ( 'NONE', #7020, 0.06350000000096359100 ) ;
#6724 = DIRECTION ( 'NONE',  ( -0.0000000000000000000, -0.0000000000000000000, 1.000000000000000000 ) ) ;
#6725 = DIRECTION ( 'NONE',  ( 0.0000000000000000000, -1.000000000000000000, 0.0000000000000000000 ) ) ;
#6726 = MANIFOLD_SOLID_BREP ( 'Chamfer1', #6807 ) ;
#6727 = CARTESIAN_POINT ( 'NONE',  ( 0.5878125455126279600, 0.03400000000074309600, 0.02258354980622795400 ) ) ;
#6728 = DIRECTION ( 'NONE',  ( -1.000000000000000000, -0.0000000000000000000, -0.0000000000000000000 ) ) ;
#6729 = DIRECTION ( 'NONE',  ( 1.000000000000000000, -0.0000000000000000000, -0.0000000000000000000 ) ) ;
#6730 = CARTESIAN_POINT ( 'NONE',  ( 0.8974999999999999600, 0.5580000000000000500, -0.2610000000000000700 ) ) ;
#6731 = VERTEX_POINT ( 'NONE', #2131 ) ;
#6732 = ORIENTED_EDGE ( 'NONE', *, *, #10882, .T. ) ;
#6733 =( REPRESENTATION_RELATIONSHIP ('NONE','NONE', #6361, #2501 ) REPRESENTATION_RELATIONSHIP_WITH_TRANSFORMATION ( #5905 )SHAPE_REPRESENTATION_RELATIONSHIP( ) );
#6734 = EDGE_CURVE ( 'NONE', #2138, #1461, #10000, .T. ) ;
#6735 = VECTOR ( 'NONE', #9746, 39.37007874015748100 ) ;
#6737 = ORIENTED_EDGE ( 'NONE', *, *, #9995, .T. ) ;
#6736 = EDGE_LOOP ( 'NONE', ( #10341, #10448, #5494, #8822, #2894, #3162, #9231, #10678, #10008, #9719, #5737, #228, #10211, #8868, #10330, #6492, #955, #8767, #9471, #3334, #7117 ) ) ;
#6738 = ORIENTED_EDGE ( 'NONE', *, *, #9718, .T. ) ;
#6739 = ORIENTED_EDGE ( 'NONE', *, *, #9836, .F. ) ;
#6740 = ORIENTED_EDGE ( 'NONE', *, *, #4794, .T. ) ;
#6741 = FACE_OUTER_BOUND ( 'NONE', #4548, .T. ) ;
#6742 = ADVANCED_FACE ( 'NONE', ( #6080 ), #7770, .T. ) ;
#6743 = CARTESIAN_POINT ( 'NONE',  ( 0.8329596805709869000, 0.2337142671046477700, -0.01000000000000000000 ) ) ;
#6744 = CARTESIAN_POINT ( 'NONE',  ( 0.4375000000000010000, 0.5579999999999996100, -0.03900000000000072900 ) ) ;
#6745 = DIRECTION ( 'NONE',  ( -0.0000000000000000000, -1.000000000000000000, -0.0000000000000000000 ) ) ;
#6746 = CARTESIAN_POINT ( 'NONE',  ( 0.8974999999999999600, 0.3450000000000001400, -0.1479999999999999900 ) ) ;
#6747 = CARTESIAN_POINT ( 'NONE',  ( 0.3361881571558419400, 0.01250000000031812600, -0.02499999999944749200 ) ) ;
#6748 = VECTOR ( 'NONE', #3748, 39.37007874015748100 ) ;
#6749 = ORIENTED_EDGE ( 'NONE', *, *, #9050, .F. ) ;
#6750 = CARTESIAN_POINT ( 'NONE',  ( 1.242499999999999900, 0.05000000000000000300, -0.2725000000000000800 ) ) ;
#6751 = DIRECTION ( 'NONE',  ( 0.0000000000000000000, 1.000000000000000000, 0.0000000000000000000 ) ) ;
#6752 = VECTOR ( 'NONE', #3128, 39.37007874015748100 ) ;
#6753 = CARTESIAN_POINT ( 'NONE',  ( 0.7397108136348434800, 0.3780046191005523900, -0.01000000000000000000 ) ) ;
#6754 = EDGE_CURVE ( 'NONE', #9853, #1293, #9764, .T. ) ;
#6755 = EDGE_CURVE ( 'NONE', #966, #4651, #3439, .T. ) ;
#6756 = ORIENTED_EDGE ( 'NONE', *, *, #1563, .T. ) ;
#6757 = DIRECTION ( 'NONE',  ( 1.000000000000000000, 0.0000000000000000000, 0.0000000000000000000 ) ) ;
#6758 = VECTOR ( 'NONE', #611, 39.37007874015748100 ) ;
#6759 = DIRECTION ( 'NONE',  ( 0.0000000000000000000, -0.0000000000000000000, 1.000000000000000000 ) ) ;
#6760 = ADVANCED_FACE ( 'NONE', ( #5559 ), #10041, .F. ) ;
#6761 = CARTESIAN_POINT ( 'NONE',  ( 0.2068417218045150700, 0.1108502649546832300, 0.006000000000995913500 ) ) ;
#6762 = CARTESIAN_POINT ( 'NONE',  ( 0.1344495932412504400, 0.06550000000008932000, -0.006000000003344756000 ) ) ;
#6763 = LINE ( 'NONE', #3190, #8639 ) ;
#6764 = EDGE_CURVE ( 'NONE', #10479, #2217, #9552, .T. ) ;
#6765 = EDGE_CURVE ( 'NONE', #6188, #7925, #7509, .T. ) ;
#6766 = EDGE_CURVE ( 'NONE', #1541, #2992, #888, .T. ) ;
#6767 = AXIS2_PLACEMENT_3D ( 'NONE', #10973, #82, #49 ) ;
#6768 = ORIENTED_EDGE ( 'NONE', *, *, #2663, .T. ) ;
#6769 = PLANE ( 'NONE',  #3645 ) ;
#6770 = VERTEX_POINT ( 'NONE', #9273 ) ;
#6771 = DIRECTION ( 'NONE',  ( -0.0000000000000000000, -0.0000000000000000000, 1.000000000000000000 ) ) ;
#6772 = LINE ( 'NONE', #4472, #8644 ) ;
#6773 = DIRECTION ( 'NONE',  ( 0.0000000000000000000, -3.691686477924679400E-015, -1.000000000000000000 ) ) ;
#6774 = DIRECTION ( 'NONE',  ( -0.0000000000000000000, -0.7071067811865454600, 0.7071067811865496800 ) ) ;
#6775 = APPROVAL_DATE_TIME ( #8897, #6652 ) ;
#6776 = EDGE_LOOP ( 'NONE', ( #9862, #9883, #8592, #4180 ) ) ;
#6777 = AXIS2_PLACEMENT_3D ( 'NONE', #3187, #5869, #5932 ) ;
#6778 = LINE ( 'NONE', #8805, #8900 ) ;
#6779 = CARTESIAN_POINT ( 'NONE',  ( 0.3674999999999998300, 0.2699999999999999100, -0.2210000000000000900 ) ) ;
#6780 = ORIENTED_EDGE ( 'NONE', *, *, #9244, .F. ) ;
#6781 = CC_DESIGN_PERSON_AND_ORGANIZATION_ASSIGNMENT ( #7055, #8144, ( #4549 ) ) ;
#6782 = CARTESIAN_POINT ( 'NONE',  ( 0.5974999999999999200, 0.2700000000000001800, -0.1480000000000000800 ) ) ;
#6783 = CALENDAR_DATE ( 2019, 15, 10 ) ;
#6784 = CARTESIAN_POINT ( 'NONE',  ( 0.9374999999999998900, 0.3450000000000002000, -0.09750000000000001700 ) ) ;
#6785 = CARTESIAN_POINT ( 'NONE',  ( 0.1536499778714801900, 0.06956181146424517100, -0.02499999999694102100 ) ) ;
#6786 = LOCAL_TIME ( 13, 11, 25.00000000000000000, #8911 ) ;
#6787 = DIRECTION ( 'NONE',  ( -9.485583311190306100E-013, -1.000000000000000000, -7.788454363763172900E-013 ) ) ;
#6788 = ORIENTED_EDGE ( 'NONE', *, *, #7897, .T. ) ;
#6789 = EDGE_CURVE ( 'NONE', #1239, #8199, #2854, .T. ) ;
#6790 = ORIENTED_EDGE ( 'NONE', *, *, #4742, .F. ) ;
#6791 = ORIENTED_EDGE ( 'NONE', *, *, #9756, .T. ) ;
#6792 = VECTOR ( 'NONE', #6667, 39.37007874015748100 ) ;
#6793 = AXIS2_PLACEMENT_3D ( 'NONE', #10296, #6611, #8403 ) ;
#6794 = LINE ( 'NONE', #3842, #10616 ) ;
#6795 = VECTOR ( 'NONE', #10843, 39.37007874015748100 ) ;
#6796 = DATE_AND_TIME ( #8922, #10835 ) ;
#6797 = ORIENTED_EDGE ( 'NONE', *, *, #9895, .T. ) ;
#6798 = CARTESIAN_POINT ( 'NONE',  ( 0.3674999999999998300, 0.2699999999999999100, -0.2210000000000000900 ) ) ;
#6799 = PERSON_AND_ORGANIZATION_ROLE ( 'classification_officer' ) ;
#6800 = DIRECTION ( 'NONE',  ( -0.0000000000000000000, -0.0000000000000000000, 1.000000000000000000 ) ) ;
#6801 = EDGE_LOOP ( 'NONE', ( #3564, #8359, #7345, #6003 ) ) ;
#6802 = LINE ( 'NONE', #10082, #10625 ) ;
#6803 = EDGE_LOOP ( 'NONE', ( #6070, #591, #10719, #7697, #4477, #9201, #1531, #9690, #4928, #3930 ) ) ;
#6804 = DIRECTION ( 'NONE',  ( -0.0000000000000000000, -0.0000000000000000000, 1.000000000000000000 ) ) ;
#6805 = DIRECTION ( 'NONE',  ( 0.0000000000000000000, 0.0000000000000000000, 1.000000000000000000 ) ) ;
#6806 = LINE ( 'NONE', #5514, #2066 ) ;
#6807 = CLOSED_SHELL ( 'NONE', ( #10855, #5329, #5722, #10315, #1664, #1608, #9646, #9483, #2845, #46, #6304, #4936, #5933, #1962, #8714, #7768, #3877, #5057, #6461, #4758, #6403, #8972, #4530, #4591, #1534, #1668, #9826, #1004, #5581, #9421, #9515, #5636, #6546, #6307, #9123, #9625, #10819, #3815, #8760, #9781, #3910, #4550, #944, #4937, #10433, #5377 ) ) ;
#6808 = PLANE ( 'NONE',  #8030 ) ;
#6809 = CARTESIAN_POINT ( 'NONE',  ( 0.1462132034350087100, 0.05799999999974338200, 0.02500000000184605200 ) ) ;
#6810 = EDGE_CURVE ( 'NONE', #3980, #2624, #9335, .T. ) ;
#6811 = ORIENTED_EDGE ( 'NONE', *, *, #1432, .T. ) ;
#6812 = EDGE_LOOP ( 'NONE', ( #5296, #855, #10318, #1619 ) ) ;
#6813 = EDGE_CURVE ( 'NONE', #10621, #561, #5061, .T. ) ;
#6814 = DIRECTION ( 'NONE',  ( 0.0000000000000000000, 1.352399996863497200E-015, -1.000000000000000000 ) ) ;
#6816 = CARTESIAN_POINT ( 'NONE',  ( 0.9374999999999998900, 0.5999999999999999800, -0.07249999999999996700 ) ) ;
#6815 = VECTOR ( 'NONE', #4101, 39.37007874015748100 ) ;
#6817 = VECTOR ( 'NONE', #6089, 39.37007874015748100 ) ;
#6818 = LINE ( 'NONE', #6673, #4606 ) ;
#6819 = DIRECTION ( 'NONE',  ( -1.000000000000000000, -9.478563083525610900E-013, 3.681898070474286200E-013 ) ) ;
#6820 = CARTESIAN_POINT ( 'NONE',  ( 1.037499999999999900, 0.5180000000000000200, -0.2210000000000000000 ) ) ;
#6821 = CARTESIAN_POINT ( 'NONE',  ( 0.8374999999999999100, 0.05000000000000014800, -0.07250000000000000900 ) ) ;
#6822 = ORIENTED_EDGE ( 'NONE', *, *, #218, .F. ) ;
#6823 = DIRECTION ( 'NONE',  ( 0.0000000000000000000, -1.871128762783746500E-015, -1.000000000000000000 ) ) ;
#6824 = FACE_OUTER_BOUND ( 'NONE', #8362, .T. ) ;
#6825 = ORIENTED_EDGE ( 'NONE', *, *, #10550, .F. ) ;
#6826 = LINE ( 'NONE', #61, #6752 ) ;
#6827 = EDGE_CURVE ( 'NONE', #700, #8717, #578, .T. ) ;
#6828 = CARTESIAN_POINT ( 'NONE',  ( 0.4582132034339979600, 0.03750000000084555100, -0.02500000000511197800 ) ) ;
#6829 = EDGE_CURVE ( 'NONE', #7200, #3174, #2593, .T. ) ;
#6830 = VECTOR ( 'NONE', #8576, 39.37007874015748100 ) ;
#6831 = ORIENTED_EDGE ( 'NONE', *, *, #2563, .T. ) ;
#6832 = ORIENTED_EDGE ( 'NONE', *, *, #10352, .F. ) ;
#6833 = AXIS2_PLACEMENT_3D ( 'NONE', #8159, #10463, #7132 ) ;
#6834 = DIRECTION ( 'NONE',  ( 0.0000000000000000000, -0.0000000000000000000, -1.000000000000000000 ) ) ;
#6835 = LINE ( 'NONE', #1647, #6571 ) ;
#6836 = CARTESIAN_POINT ( 'NONE',  ( 0.3462132034339878200, 0.1190000000024613500, -0.006000000001815740400 ) ) ;
#6837 = DATE_TIME_ROLE ( 'classification_date' ) ;
#6838 = CARTESIAN_POINT ( 'NONE',  ( 1.242499999999999900, 0.0000000000000000000, -0.3700000000000000000 ) ) ;
#6839 = CARTESIAN_POINT ( 'NONE',  ( 0.3176904633930545700, 0.04370789473626068800, -0.02500000000333026500 ) ) ;
#6840 = VECTOR ( 'NONE', #8642, 39.37007874015748100 ) ;
#6841 = CARTESIAN_POINT ( 'NONE',  ( 0.6871969780444986400, 0.2474562053899773100, 0.0000000000000000000 ) ) ;
#6842 = DIRECTION ( 'NONE',  ( 0.0000000000000000000, -1.000000000000000000, 0.0000000000000000000 ) ) ;
#6843 = PERSON ( 'NAUO-PER5', 'UNSPECIFIED', 'UNSPECIFIED', ('UNSPECIFIED'), ('UNSPECIFIED'), ('UNSPECIFIED') ) ;
#6844 = DIRECTION ( 'NONE',  ( -0.0000000000000000000, 0.0000000000000000000, 1.000000000000000000 ) ) ;
#6845 = PLANE ( 'NONE',  #6400 ) ;
#6846 = AXIS2_PLACEMENT_3D ( 'NONE', #9525, #7567, #9523 ) ;
#6847 = FACE_OUTER_BOUND ( 'NONE', #1618, .T. ) ;
#6848 = VECTOR ( 'NONE', #1126, 39.37007874015748100 ) ;
#6849 = FACE_OUTER_BOUND ( 'NONE', #128, .T. ) ;
#6850 = CARTESIAN_POINT ( 'NONE',  ( 0.2874999999999999800, 0.5999999999999999800, -0.3700000000000001600 ) ) ;
#6851 = CARTESIAN_POINT ( 'NONE',  ( 0.6575045756779994700, 0.4162857328953860600, 0.0000000000000000000 ) ) ;
#6852 = LINE ( 'NONE', #5574, #4642 ) ;
#6853 = ORIENTED_EDGE ( 'NONE', *, *, #2536, .T. ) ;
#6854 = CARTESIAN_POINT ( 'NONE',  ( 0.6624999999999999800, 0.5180000000000000200, -0.1489999999999998800 ) ) ;
#6855 = LINE ( 'NONE', #2064, #6817 ) ;
#6856 = EDGE_CURVE ( 'NONE', #2547, #475, #9091, .T. ) ;
#6857 = AXIS2_PLACEMENT_3D ( 'NONE', #7335, #7294, #7306 ) ;
#6858 = CARTESIAN_POINT ( 'NONE',  ( 0.3564999999999999300, 0.4749999999999999800, -0.2820000000000000800 ) ) ;
#6859 = CC_DESIGN_SECURITY_CLASSIFICATION ( #6330, ( #11007 ) ) ;
#6860 = ORIENTED_EDGE ( 'NONE', *, *, #5524, .T. ) ;
#6861 = DIRECTION ( 'NONE',  ( 0.0000000000000000000, -1.000000000000000000, -1.979599995408885400E-016 ) ) ;
#6862 = ORIENTED_EDGE ( 'NONE', *, *, #3637, .T. ) ;
#6863 = DIRECTION ( 'NONE',  ( 1.000000000000000000, 0.0000000000000000000, 0.0000000000000000000 ) ) ;
#6864 = EDGE_LOOP ( 'NONE', ( #3942, #3899, #1824, #4124 ) ) ;
#6865 = DIRECTION ( 'NONE',  ( -1.000000000000000000, 0.0000000000000000000, 0.0000000000000000000 ) ) ;
#6866 = LINE ( 'NONE', #9148, #10688 ) ;
#6867 = ORIENTED_EDGE ( 'NONE', *, *, #8057, .T. ) ;
#6868 = VERTEX_POINT ( 'NONE', #7798 ) ;
#6869 = VECTOR ( 'NONE', #3425, 39.37007874015748100 ) ;
#6870 = APPROVAL_ROLE ( '' ) ;
#6871 = EDGE_CURVE ( 'NONE', #9689, #8599, #4500, .T. ) ;
#6872 = DIRECTION ( 'NONE',  ( 0.0000000000000000000, -1.000000000000000000, 0.0000000000000000000 ) ) ;
#6873 = EDGE_LOOP ( 'NONE', ( #6577, #10072, #6139, #1175 ) ) ;
#6874 = AXIS2_PLACEMENT_3D ( 'NONE', #9452, #7569, #9190 ) ;
#6875 = ORIENTED_EDGE ( 'NONE', *, *, #9245, .T. ) ;
#6876 = EDGE_CURVE ( 'NONE', #2410, #7671, #4766, .T. ) ;
#6877 = VECTOR ( 'NONE', #1220, 39.37007874015748100 ) ;
#6878 = CARTESIAN_POINT ( 'NONE',  ( 0.4374999999999998900, 0.5999999999999999800, -0.2974999999999999900 ) ) ;
#6879 = CARTESIAN_POINT ( 'NONE',  ( 0.1478113162192862000, 0.08117688916732114500, 0.02500000000277788700 ) ) ;
#6880 = ORIENTED_EDGE ( 'NONE', *, *, #8187, .T. ) ;
#6881 = CARTESIAN_POINT ( 'NONE',  ( 0.5624999999999998900, 0.5180000000000000200, -0.2610000000000001200 ) ) ;
#6882 = ORIENTED_EDGE ( 'NONE', *, *, #6064, .T. ) ;
#6883 = CARTESIAN_POINT ( 'NONE',  ( 1.635000000000000000, 0.2500000000000001100, -0.3700000000000000000 ) ) ;
#6884 = ORIENTED_EDGE ( 'NONE', *, *, #143, .T. ) ;
#6885 = FACE_OUTER_BOUND ( 'NONE', #3147, .T. ) ;
#6886 = ADVANCED_FACE ( 'NONE', ( #8597 ), #7662, .F. ) ;
#6887 = FACE_OUTER_BOUND ( 'NONE', #2914, .T. ) ;
#6888 = ORIENTED_EDGE ( 'NONE', *, *, #6717, .T. ) ;
#6889 = DIRECTION ( 'NONE',  ( 1.000000000000000000, 0.0000000000000000000, 0.0000000000000000000 ) ) ;
#6891 = ORIENTED_EDGE ( 'NONE', *, *, #6348, .F. ) ;
#6890 = ORIENTED_EDGE ( 'NONE', *, *, #4780, .T. ) ;
#6892 = CARTESIAN_POINT ( 'NONE',  ( 0.1462224658717766500, 0.05799999999962908400, 0.02499999999777122900 ) ) ;
#6893 = DIRECTION ( 'NONE',  ( 1.000000000000000000, 0.0000000000000000000, 0.0000000000000000000 ) ) ;
#6894 = EDGE_CURVE ( 'NONE', #2725, #3030, #10774, .T. ) ;
#6895 = EDGE_CURVE ( 'NONE', #4986, #9394, #4196, .T. ) ;
#6896 = CARTESIAN_POINT ( 'NONE',  ( 0.8923444853039845800, 0.3083133606535432600, -0.01000000000000000000 ) ) ;
#6897 = VECTOR ( 'NONE', #8097, 39.37007874015748100 ) ;
#6898 = DIRECTION ( 'NONE',  ( 0.0000000000000000000, 1.352399996863497200E-015, -1.000000000000000000 ) ) ;
#6899 = CARTESIAN_POINT ( 'NONE',  ( 0.3674999999999998300, 0.2699999999999999100, -0.2210000000000000900 ) ) ;
#6900 = ORIENTED_EDGE ( 'NONE', *, *, #10623, .T. ) ;
#6901 = CARTESIAN_POINT ( 'NONE',  ( 1.114178631909972000, 0.4133410318341946300, -0.01000000000000000000 ) ) ;
#6902 = VECTOR ( 'NONE', #3412, 39.37007874015748100 ) ;
#6903 = DIRECTION ( 'NONE',  ( 0.0000000000000000000, 0.0000000000000000000, -1.000000000000000000 ) ) ;
#6904 = LINE ( 'NONE', #5779, #6126 ) ;
#6905 = FACE_OUTER_BOUND ( 'NONE', #8174, .T. ) ;
#6906 = DIRECTION ( 'NONE',  ( 1.000000000000000000, 0.0000000000000000000, 0.0000000000000000000 ) ) ;
#6907 = EDGE_CURVE ( 'NONE', #8396, #3158, #6454, .T. ) ;
#6908 = EDGE_CURVE ( 'NONE', #5297, #7919, #8380, .T. ) ;
#6909 = CARTESIAN_POINT ( 'NONE',  ( 0.5974999999999999200, 0.3450000000000001400, -0.1480000000000000200 ) ) ;
#6910 = ORIENTED_EDGE ( 'NONE', *, *, #4963, .F. ) ;
#6911 = AXIS2_PLACEMENT_3D ( 'NONE', #9239, #941, #939 ) ;
#6912 = LINE ( 'NONE', #8393, #6869 ) ;
#6913 = ITEM_DEFINED_TRANSFORMATION ( 'NONE', 'NONE', #2509,  #8995 ) ;
#6914 = ORIENTED_EDGE ( 'NONE', *, *, #1920, .F. ) ;
#6915 = CARTESIAN_POINT ( 'NONE',  ( 1.037499999999999900, 0.3450000000000001400, -0.2220000000000000000 ) ) ;
#6916 = CONTEXT_DEPENDENT_SHAPE_REPRESENTATION ( #9896, #4671 ) ;
#6917 = CARTESIAN_POINT ( 'NONE',  ( 1.635000000000000000, 0.5999999999999999800, 0.0000000000000000000 ) ) ;
#6918 = DIRECTION ( 'NONE',  ( -9.478563083388219400E-013, -1.000000000000000000, -7.789823685982827700E-013 ) ) ;
#6919 = LINE ( 'NONE', #8966, #10726 ) ;
#6920 = VERTEX_POINT ( 'NONE', #7327 ) ;
#6921 = CARTESIAN_POINT ( 'NONE',  ( 0.9787223830974584000, 0.0000000000000000000, 0.0000000000000000000 ) ) ;
#6922 = CARTESIAN_POINT ( 'NONE',  ( 0.9974999999999999400, 0.2700000000000001800, -0.1480000000000000200 ) ) ;
#6923 = LINE ( 'NONE', #3304, #7027 ) ;
#6924 = CALENDAR_DATE ( 2019, 15, 10 ) ;
#6925 = AXIS2_PLACEMENT_3D ( 'NONE', #1478, #3492, #285 ) ;
#6926 = CC_DESIGN_APPROVAL ( #6379, ( #5289 ) ) ;
#6927 = ORGANIZATION ( 'NAUO-ORG8', 'UNSPECIFIED', 'UNSPECIFIED' ) ;
#6928 = CARTESIAN_POINT ( 'NONE',  ( 0.6506336065353354200, 0.2337142671046477700, -0.01000000000000000000 ) ) ;
#6929 = ORIENTED_EDGE ( 'NONE', *, *, #5385, .F. ) ;
#6930 = VECTOR ( 'NONE', #837, 39.37007874015748100 ) ;
#6931 = ORIENTED_EDGE ( 'NONE', *, *, #3598, .T. ) ;
#6932 = LINE ( 'NONE', #2044, #6902 ) ;
#6933 = LINE ( 'NONE', #2333, #10738 ) ;
#6934 = DIRECTION ( 'NONE',  ( -0.0000000000000000000, -1.000000000000000000, -0.0000000000000000000 ) ) ;
#6935 = LOCAL_TIME ( 13, 11, 25.00000000000000000, #9061 ) ;
#6936 = ADVANCED_FACE ( 'NONE', ( #3867 ), #3579, .T. ) ;
#6937 = DIRECTION ( 'NONE',  ( -0.0000000000000000000, 1.871128762783744900E-015, -1.000000000000000000 ) ) ;
#6938 = CARTESIAN_POINT ( 'NONE',  ( 0.6374999999999998400, 0.3450000000000002000, -0.2725000000000000200 ) ) ;
#6939 = DIRECTION ( 'NONE',  ( 0.0000000000000000000, 1.000000000000000000, 4.553079989440424900E-016 ) ) ;
#6940 = EDGE_CURVE ( 'NONE', #8379, #9682, #1666, .T. ) ;
#6941 = DIRECTION ( 'NONE',  ( 0.0000000000000000000, -0.0000000000000000000, -1.000000000000000000 ) ) ;
#6942 = AXIS2_PLACEMENT_3D ( 'NONE', #1158, #1199, #10848 ) ;
#6943 = LINE ( 'NONE', #2760, #4731 ) ;
#6944 = DIRECTION ( 'NONE',  ( -0.0000000000000000000, 1.000000000000000000, -0.0000000000000000000 ) ) ;
#6945 = CARTESIAN_POINT ( 'NONE',  ( 0.7374999999999998200, 0.5180000000000000200, -0.2210000000000000600 ) ) ;
#6946 = CARTESIAN_POINT ( 'NONE',  ( 1.097499999999999900, 0.5180000000000000200, -0.2610000000000000700 ) ) ;
#6947 = VECTOR ( 'NONE', #8508, 39.37007874015748100 ) ;
#6948 = DIRECTION ( 'NONE',  ( 1.000000000000000000, 0.0000000000000000000, -0.0000000000000000000 ) ) ;
#6949 = CARTESIAN_POINT ( 'NONE',  ( 0.9374999999999998900, 0.3450000000000002000, -0.09750000000000001700 ) ) ;
#6950 = LINE ( 'NONE', #7884, #8815 ) ;
#6951 = CARTESIAN_POINT ( 'NONE',  ( 0.7974999999999998800, 0.5180000000000000200, -0.1489999999999998500 ) ) ;
#6952 = VECTOR ( 'NONE', #4751, 39.37007874015748100 ) ;
#6953 = EDGE_CURVE ( 'NONE', #2126, #5396, #5946, .T. ) ;
#6954 = ORIENTED_EDGE ( 'NONE', *, *, #1641, .F. ) ;
#6955 = EDGE_CURVE ( 'NONE', #58, #2725, #10098, .T. ) ;
#6956 = CARTESIAN_POINT ( 'NONE',  ( 0.4374999999999998900, 0.05000000000000000300, -0.1499999999999999900 ) ) ;
#6957 = EDGE_LOOP ( 'NONE', ( #8496, #8269, #2149, #4939 ) ) ;
#6958 = DIRECTION ( 'NONE',  ( 0.0000000000000000000, 1.000000000000000000, 4.553079989440425900E-016 ) ) ;
#6959 =( BOUNDED_CURVE ( )  B_SPLINE_CURVE ( 3, ( #9944, #10039, #9936, #9879 ),
 .UNSPECIFIED., .F., .F. ) 
 B_SPLINE_CURVE_WITH_KNOTS ( ( 4, 4 ),
 ( 0.7075844365362249400, 1.570796326878752100 ),
 .UNSPECIFIED. ) 
 CURVE ( )  GEOMETRIC_REPRESENTATION_ITEM ( )  RATIONAL_B_SPLINE_CURVE ( ( 1.000000000000000000, 0.9388634041147654300, 0.9388634041147654300, 1.000000000000000000 ) ) 
 REPRESENTATION_ITEM ( '' )  );
#6960 = EDGE_LOOP ( 'NONE', ( #9345, #10872, #9778, #4720 ) ) ;
#6961 = CIRCLE ( 'NONE', #6513, 0.006870969142663185300 ) ;
#6962 = LINE ( 'NONE', #4475, #4753 ) ;
#6963 = ORIENTED_EDGE ( 'NONE', *, *, #894, .F. ) ;
#6964 = FACE_BOUND ( 'NONE', #2000, .T. ) ;
#6965 = VERTEX_POINT ( 'NONE', #6951 ) ;
#6966 = VECTOR ( 'NONE', #9103, 39.37007874015748100 ) ;
#6967 = ORIENTED_EDGE ( 'NONE', *, *, #1673, .T. ) ;
#6968 = PLANE ( 'NONE',  #5539 ) ;
#6969 = ORIENTED_EDGE ( 'NONE', *, *, #10892, .F. ) ;
#6970 = CARTESIAN_POINT ( 'NONE',  ( 0.8496463199174501000, 0.3318709691426852100, 0.0000000000000000000 ) ) ;
#6971 = ORIENTED_EDGE ( 'NONE', *, *, #4413, .T. ) ;
#6972 = ORIENTED_EDGE ( 'NONE', *, *, #10714, .T. ) ;
#6973 = CARTESIAN_POINT ( 'NONE',  ( 0.7374999999999998200, 0.2700000000000001800, -0.1480000000000000500 ) ) ;
#6974 = EDGE_CURVE ( 'NONE', #832, #1487, #1037, .T. ) ;
#6976 = DIRECTION ( 'NONE',  ( -0.0000000000000000000, -0.0000000000000000000, 1.000000000000000000 ) ) ;
#6975 = VECTOR ( 'NONE', #8890, 39.37007874015748100 ) ;
#6977 = CARTESIAN_POINT ( 'NONE',  ( 0.5974999999999999200, 0.3450000000000002000, -0.2725000000000000200 ) ) ;
#6978 = EDGE_CURVE ( 'NONE', #1549, #6983, #5680, .T. ) ;
#6979 = EDGE_CURVE ( 'NONE', #2668, #5974, #714, .T. ) ;
#6980 = CARTESIAN_POINT ( 'NONE',  ( 0.4374999999999998900, 0.5580000000000000500, -0.2974999999999999900 ) ) ;
#6981 = AXIS2_PLACEMENT_3D ( 'NONE', #977, #1207, #1956 ) ;
#6982 = VECTOR ( 'NONE', #8602, 39.37007874015748100 ) ;
#6983 = VERTEX_POINT ( 'NONE', #7274 ) ;
#6984 = DIRECTION ( 'NONE',  ( 0.0000000000000000000, -1.000000000000000000, 1.352399996863497400E-015 ) ) ;
#6985 = DIRECTION ( 'NONE',  ( -9.478563083393956700E-013, -1.000000000000000000, 7.789823685974223700E-013 ) ) ;
#6986 = CIRCLE ( 'NONE', #5370, 0.03200000000000033400 ) ;
#6987 = VERTEX_POINT ( 'NONE', #5478 ) ;
#6988 = PERSON ( 'NAUO-PER7', 'UNSPECIFIED', 'UNSPECIFIED', ('UNSPECIFIED'), ('UNSPECIFIED'), ('UNSPECIFIED') ) ;
#6989 = CARTESIAN_POINT ( 'NONE',  ( 0.8332132034392821800, 0.01600000000118334900, 0.01499999999908508000 ) ) ;
#6990 = AXIS2_PLACEMENT_3D ( 'NONE', #8031, #9509, #2235 ) ;
#6991 = DIRECTION ( 'NONE',  ( 1.000000000000000000, 0.0000000000000000000, 0.0000000000000000000 ) ) ;
#6992 = ADVANCED_FACE ( 'NONE', ( #9433 ), #5056, .F. ) ;
#6993 = DIRECTION ( 'NONE',  ( -3.687994791390789600E-013, 7.790035294315036400E-013, 1.000000000000000000 ) ) ;
#6994 = CC_DESIGN_APPROVAL ( #6434, ( #5899 ) ) ;
#6995 = VERTEX_POINT ( 'NONE', #7096 ) ;
#6996 = ORIENTED_EDGE ( 'NONE', *, *, #3698, .F. ) ;
#6997 = VECTOR ( 'NONE', #7446, 39.37007874015748100 ) ;
#6998 = ORIENTED_EDGE ( 'NONE', *, *, #7309, .T. ) ;
#6999 = FACE_OUTER_BOUND ( 'NONE', #10534, .T. ) ;
#7000 = DIRECTION ( 'NONE',  ( 1.000000000000000000, 0.0000000000000000000, 0.0000000000000000000 ) ) ;
#7001 = ORIENTED_EDGE ( 'NONE', *, *, #6623, .F. ) ;
#7002 = EDGE_CURVE ( 'NONE', #6560, #2106, #9875, .T. ) ;
#7003 = FACE_OUTER_BOUND ( 'NONE', #386, .T. ) ;
#7005 = EDGE_LOOP ( 'NONE', ( #1915, #306, #10422, #3558 ) ) ;
#7004 = EDGE_LOOP ( 'NONE', ( #2504, #2245, #7462, #8316 ) ) ;
#7006 = EDGE_LOOP ( 'NONE', ( #4175, #8989, #8804, #582 ) ) ;
#7007 = AXIS2_PLACEMENT_3D ( 'NONE', #3891, #9810, #7604 ) ;
#7008 = PLANE ( 'NONE',  #3987 ) ;
#7009 = ADVANCED_FACE ( 'NONE', ( #5182 ), #4964, .F. ) ;
#7010 = DIRECTION ( 'NONE',  ( 1.000000000000000000, 7.203446383881649800E-015, 0.0000000000000000000 ) ) ;
#7011 = VECTOR ( 'NONE', #2535, 39.37007874015748100 ) ;
#7012 = CARTESIAN_POINT ( 'NONE',  ( 0.7374999999999998200, 0.2699999999999999100, -0.2220000000000000600 ) ) ;
#7013 = DIRECTION ( 'NONE',  ( -0.0000000000000000000, -0.0000000000000000000, 1.000000000000000000 ) ) ;
#7014 = ORIENTED_EDGE ( 'NONE', *, *, #7816, .T. ) ;
#7015 = ORIENTED_EDGE ( 'NONE', *, *, #2482, .F. ) ;
#7016 = FACE_OUTER_BOUND ( 'NONE', #7495, .T. ) ;
#7017 = ORIENTED_EDGE ( 'NONE', *, *, #9246, .T. ) ;
#7018 = DIRECTION ( 'NONE',  ( 0.0000000000000000000, -1.000000000000000000, -5.691349986800549600E-017 ) ) ;
#7019 = ORIENTED_EDGE ( 'NONE', *, *, #7948, .F. ) ;
#7020 = AXIS2_PLACEMENT_3D ( 'NONE', #9493, #10391, #10907 ) ;
#7021 = EDGE_CURVE ( 'NONE', #1284, #6276, #7368, .T. ) ;
#7022 = ORIENTED_EDGE ( 'NONE', *, *, #4208, .F. ) ;
#7023 = DIRECTION ( 'NONE',  ( 0.0000000000000000000, -1.979599995408886100E-016, 1.000000000000000000 ) ) ;
#7024 = LINE ( 'NONE', #1845, #2341 ) ;
#7025 = ORIENTED_EDGE ( 'NONE', *, *, #8441, .F. ) ;
#7026 = VERTEX_POINT ( 'NONE', #3391 ) ;
#7027 = VECTOR ( 'NONE', #1840, 39.37007874015748100 ) ;
#7028 =( NAMED_UNIT ( * ) SI_UNIT ( $, .STERADIAN. ) SOLID_ANGLE_UNIT ( ) );
#7029 = ORIENTED_EDGE ( 'NONE', *, *, #7118, .T. ) ;
#7030 = CARTESIAN_POINT ( 'NONE',  ( 0.7374999999999998200, 0.3450000000000002000, -0.09750000000000003100 ) ) ;
#7031 = ORIENTED_EDGE ( 'NONE', *, *, #6670, .T. ) ;
#7032 = FACE_OUTER_BOUND ( 'NONE', #5924, .T. ) ;
#7033 = EDGE_CURVE ( 'NONE', #233, #2124, #2727, .T. ) ;
#7034 = ORIENTED_EDGE ( 'NONE', *, *, #6766, .T. ) ;
#7035 = DIRECTION ( 'NONE',  ( -1.000000000000000000, 0.0000000000000000000, -0.0000000000000000000 ) ) ;
#7036 = EDGE_CURVE ( 'NONE', #10258, #9256, #95, .T. ) ;
#7037 = AXIS2_PLACEMENT_3D ( 'NONE', #1395, #1343, #1318 ) ;
#7038 = ORIENTED_EDGE ( 'NONE', *, *, #4978, .T. ) ;
#7039 = CARTESIAN_POINT ( 'NONE',  ( 0.4372132034343707600, 0.02549999999931755800, -0.02499999999894728800 ) ) ;
#7040 = DATE_AND_TIME ( #9153, #25 ) ;
#7041 = DIRECTION ( 'NONE',  ( 0.0000000000000000000, 0.0000000000000000000, -1.000000000000000000 ) ) ;
#7042 = LINE ( 'NONE', #8050, #2364 ) ;
#7043 = ORIENTED_EDGE ( 'NONE', *, *, #2720, .T. ) ;
#7044 = LOCAL_TIME ( 13, 11, 25.00000000000000000, #9161 ) ;
#7045 = DIRECTION ( 'NONE',  ( -0.0000000000000000000, 0.0000000000000000000, 1.000000000000000000 ) ) ;
#7046 = ORIENTED_EDGE ( 'NONE', *, *, #1733, .F. ) ;
#7047 = COORDINATED_UNIVERSAL_TIME_OFFSET ( 5, 0, .BEHIND. ) ;
#7048 = AXIS2_PLACEMENT_3D ( 'NONE', #3760, #5901, #2091 ) ;
#7049 = AXIS2_PLACEMENT_3D ( 'NONE', #9598, #4790, #3839 ) ;
#7050 = ORIENTED_EDGE ( 'NONE', *, *, #1737, .T. ) ;
#7051 = VECTOR ( 'NONE', #6861, 39.37007874015748100 ) ;
#7052 = DIRECTION ( 'NONE',  ( -0.0000000000000000000, -0.0000000000000000000, 1.000000000000000000 ) ) ;
#7053 = VECTOR ( 'NONE', #4536, 39.37007874015748100 ) ;
#7054 = CARTESIAN_POINT ( 'NONE',  ( 0.6506336064154142300, 0.2268432979619855200, -0.01000000000000000000 ) ) ;
#7055 = PERSON_AND_ORGANIZATION ( #8983, #828 ) ;
#7056 = CARTESIAN_POINT ( 'NONE',  ( 0.8359043816321273200, 0.4133410318342099500, 0.0000000000000000000 ) ) ;
#7057 = CARTESIAN_POINT ( 'NONE',  ( 0.9924643213828182600, 0.3831578459575294400, 0.0000000000000000000 ) ) ;
#7058 = ORIENTED_EDGE ( 'NONE', *, *, #5469, .F. ) ;
#7059 = ORIENTED_EDGE ( 'NONE', *, *, #2042, .T. ) ;
#7060 = DIRECTION ( 'NONE',  ( -1.000000000000000000, -0.0000000000000000000, -0.0000000000000000000 ) ) ;
#7061 = CARTESIAN_POINT ( 'NONE',  ( 0.0000000000000000000, 0.0000000000000000000, 0.0000000000000000000 ) ) ;
#7062 = EDGE_CURVE ( 'NONE', #8727, #6708, #7635, .T. ) ;
#7063 = ORIENTED_EDGE ( 'NONE', *, *, #7655, .T. ) ;
#7065 = CARTESIAN_POINT ( 'NONE',  ( 0.3462132034351258500, 0.01250000000068501400, 9.875630497096311600E-013 ) ) ;
#7064 = FACE_OUTER_BOUND ( 'NONE', #1349, .T. ) ;
#7066 = AXIS2_PLACEMENT_3D ( 'NONE', #5356, #6948, #5541 ) ;
#7067 = FACE_OUTER_BOUND ( 'NONE', #5217, .T. ) ;
#7068 = ORIENTED_EDGE ( 'NONE', *, *, #6048, .T. ) ;
#7069 = SECURITY_CLASSIFICATION ( '', '', #1330 ) ;
#7070 = LINE ( 'NONE', #3663, #6848 ) ;
#7071 = LENGTH_MEASURE_WITH_UNIT ( LENGTH_MEASURE( 0.02539999999999999900 ), #9381 );
#7072 = EDGE_LOOP ( 'NONE', ( #8934, #10240, #5960, #5219 ) ) ;
#7073 = ORIENTED_EDGE ( 'NONE', *, *, #3275, .T. ) ;
#7074 = DIRECTION ( 'NONE',  ( 9.476450482283153200E-013, 1.000000000000000000, 7.789823685978804900E-013 ) ) ;
#7075 = CIRCLE ( 'NONE', #4281, 0.009815670203795690700 ) ;
#7076 = CARTESIAN_POINT ( 'NONE',  ( 0.5974999999999999200, 0.3450000000000002000, -0.09750000000000005900 ) ) ;
#7077 = ORIENTED_EDGE ( 'NONE', *, *, #1494, .F. ) ;
#7078 = PLANE ( 'NONE',  #336 ) ;
#7079 = DIRECTION ( 'NONE',  ( 1.000000000000000000, 0.0000000000000000000, 0.0000000000000000000 ) ) ;
#7080 = LINE ( 'NONE', #7489, #10858 ) ;
#7081 = EDGE_CURVE ( 'NONE', #6987, #10965, #2426, .T. ) ;
#7082 = CARTESIAN_POINT ( 'NONE',  ( 0.8398306497136467400, 0.0000000000000000000, 0.0000000000000000000 ) ) ;
#7083 = VECTOR ( 'NONE', #3934, 39.37007874015748100 ) ;
#7084 = CARTESIAN_POINT ( 'NONE',  ( 1.197499999999999800, -0.2561646025221183100, -0.3310000000000001800 ) ) ;
#7085 = ORIENTED_EDGE ( 'NONE', *, *, #9923, .T. ) ;
#7086 = CARTESIAN_POINT ( 'NONE',  ( 0.8398306497136467400, 0.3083133606535453700, -0.01000000000000000000 ) ) ;
#7087 = EDGE_LOOP ( 'NONE', ( #152, #6458, #87, #6205, #6900, #6620, #6588, #896, #5308 ) ) ;
#7088 = CYLINDRICAL_SURFACE ( 'NONE', #7829, 0.006870969142663458500 ) ;
#7089 = DIRECTION ( 'NONE',  ( 0.0000000000000000000, 1.000000000000000000, -0.0000000000000000000 ) ) ;
#7090 = ORIENTED_EDGE ( 'NONE', *, *, #9817, .F. ) ;
#7091 = DIRECTION ( 'NONE',  ( 1.000000000000000000, 0.0000000000000000000, 0.0000000000000000000 ) ) ;
#7092 = ADVANCED_FACE ( 'NONE', ( #7093 ), #10658, .F. ) ;
#7093 = FACE_OUTER_BOUND ( 'NONE', #1048, .T. ) ;
#7094 = EDGE_LOOP ( 'NONE', ( #2258, #3722, #3761, #7566 ) ) ;
#7095 = ORIENTED_EDGE ( 'NONE', *, *, #5880, .T. ) ;
#7096 = CARTESIAN_POINT ( 'NONE',  ( 0.8398306497136467400, 0.3826670624473477700, -0.01000000000000000000 ) ) ;
#7097 = VECTOR ( 'NONE', #2194, 39.37007874015748100 ) ;
#7098 = EDGE_CURVE ( 'NONE', #4158, #7551, #2111, .T. ) ;
#7099 = EDGE_CURVE ( 'NONE', #4913, #2912, #6835, .T. ) ;
#7100 = CYLINDRICAL_SURFACE ( 'NONE', #3417, 0.009815670203806754800 ) ;
#7101 = DIRECTION ( 'NONE',  ( -1.000000000000000000, 8.054752014276220300E-012, 5.203555549537171000E-012 ) ) ;
#7102 = EDGE_LOOP ( 'NONE', ( #8583, #10104, #8018, #6711 ) ) ;
#7103 = DIRECTION ( 'NONE',  ( -1.000000000000000000, -1.189163988687022500E-013, 0.0000000000000000000 ) ) ;
#7104 = VERTEX_POINT ( 'NONE', #1621 ) ;
#7105 = VECTOR ( 'NONE', #503, 39.37007874015748100 ) ;
#7106 = VERTEX_POINT ( 'NONE', #104 ) ;
#7107 = ORIENTED_EDGE ( 'NONE', *, *, #8502, .F. ) ;
#7108 = CARTESIAN_POINT ( 'NONE',  ( 0.9374999999999998900, 0.5579999999999996100, -0.07249999999999998100 ) ) ;
#7109 = LINE ( 'NONE', #4756, #10884 ) ;
#7110 = CARTESIAN_POINT ( 'NONE',  ( 0.3674999999999998300, 0.2699999999999999100, -0.1490000000000000800 ) ) ;
#7111 = CARTESIAN_POINT ( 'NONE',  ( 0.1332179208360252700, 0.05800000000112224400, 0.02500000000283839800 ) ) ;
#7112 = EDGE_CURVE ( 'NONE', #1559, #1779, #4621, .T. ) ;
#7113 = ADVANCED_FACE ( 'NONE', ( #4349 ), #1501, .F. ) ;
#7114 = DIRECTION ( 'NONE',  ( 1.000000000000000000, 0.0000000000000000000, 0.0000000000000000000 ) ) ;
#7115 = EDGE_CURVE ( 'NONE', #1795, #5518, #6341, .T. ) ;
#7116 = ORIENTED_EDGE ( 'NONE', *, *, #8247, .T. ) ;
#7117 = ORIENTED_EDGE ( 'NONE', *, *, #4044, .F. ) ;
#7118 = EDGE_CURVE ( 'NONE', #5450, #2486, #8479, .T. ) ;
#7119 = VERTEX_POINT ( 'NONE', #1860 ) ;
#7120 = VECTOR ( 'NONE', #985, 39.37007874015748100 ) ;
#7121 = ORIENTED_EDGE ( 'NONE', *, *, #9229, .T. ) ;
#7122 = AXIS2_PLACEMENT_3D ( 'NONE', #2035, #2015, #1995 ) ;
#7123 = ORIENTED_EDGE ( 'NONE', *, *, #5817, .F. ) ;
#7124 = CARTESIAN_POINT ( 'NONE',  ( 0.0000000000000000000, 0.2500000000000000000, 0.0000000000000000000 ) ) ;
#7125 = DIRECTION ( 'NONE',  ( -0.0000000000000000000, 0.0000000000000000000, 1.000000000000000000 ) ) ;
#7126 = VERTEX_POINT ( 'NONE', #2214 ) ;
#7127 = VERTEX_POINT ( 'NONE', #2633 ) ;
#7128 = VECTOR ( 'NONE', #4127, 39.37007874015748100 ) ;
#7129 = EDGE_LOOP ( 'NONE', ( #10926, #4394, #7077, #2231 ) ) ;
#7130 = VERTEX_POINT ( 'NONE', #1339 ) ;
#7131 = ORIENTED_EDGE ( 'NONE', *, *, #10821, .F. ) ;
#7132 = DIRECTION ( 'NONE',  ( 1.000000000000000000, 0.0000000000000000000, 0.0000000000000000000 ) ) ;
#7133 = AXIS2_PLACEMENT_3D ( 'NONE', #4915, #7781, #6759 ) ;
#7134 = DIRECTION ( 'NONE',  ( -0.0000000000000000000, 0.0000000000000000000, 1.000000000000000000 ) ) ;
#7135 = CC_DESIGN_DATE_AND_TIME_ASSIGNMENT ( #7184, #110, ( #6036 ) ) ;
#7136 = ORIENTED_EDGE ( 'NONE', *, *, #2388, .T. ) ;
#7137 = VERTEX_POINT ( 'NONE', #2006 ) ;
#7138 = DIRECTION ( 'NONE',  ( 8.055046623592789800E-012, -1.000000000000000000, -9.474066515849366000E-013 ) ) ;
#7139 = DIRECTION ( 'NONE',  ( 0.0000000000000000000, 1.000000000000000000, -0.0000000000000000000 ) ) ;
#7140 = LINE ( 'NONE', #1611, #10905 ) ;
#7141 = ORIENTED_EDGE ( 'NONE', *, *, #162, .T. ) ;
#7142 = VECTOR ( 'NONE', #586, 39.37007874015748100 ) ;
#7143 = EDGE_CURVE ( 'NONE', #9407, #8141, #10194, .T. ) ;
#7144 = CARTESIAN_POINT ( 'NONE',  ( 0.8359043816321273200, 0.4231567020380064300, 0.0000000000000000000 ) ) ;
#7145 = AXIS2_PLACEMENT_3D ( 'NONE', #7561, #5774, #5706 ) ;
#7146 = CARTESIAN_POINT ( 'NONE',  ( 0.6371370600050838600, 0.3318709691426837100, -0.01000000000000000000 ) ) ;
#7147 = LINE ( 'NONE', #3856, #10912 ) ;
#7149 = ORIENTED_EDGE ( 'NONE', *, *, #477, .F. ) ;
#7148 = ORIENTED_EDGE ( 'NONE', *, *, #2750, .T. ) ;
#7150 = DIRECTION ( 'NONE',  ( 0.0000000000000000000, 0.0000000000000000000, 1.000000000000000000 ) ) ;
#7151 = CARTESIAN_POINT ( 'NONE',  ( 0.4974999999999998900, 0.2699999999999999100, -0.2210000000000000900 ) ) ;
#7152 = ADVANCED_FACE ( 'NONE', ( #3724 ), #3545, .F. ) ;
#7153 = EDGE_LOOP ( 'NONE', ( #7017, #7616, #8964, #8043 ) ) ;
#7154 = CARTESIAN_POINT ( 'NONE',  ( -0.0000000000000000000, 0.2268432979619829900, 0.0000000000000000000 ) ) ;
#7155 = LINE ( 'NONE', #5614, #2500 ) ;
#7156 = ORIENTED_EDGE ( 'NONE', *, *, #9346, .T. ) ;
#7157 = AXIS2_PLACEMENT_3D ( 'NONE', #4950, #4921, #4890 ) ;
#7158 = VERTEX_POINT ( 'NONE', #3247 ) ;
#7159 = EDGE_CURVE ( 'NONE', #2670, #1963, #4024, .T. ) ;
#7160 = VERTEX_POINT ( 'NONE', #4692 ) ;
#7161 = EDGE_CURVE ( 'NONE', #1337, #4204, #1796, .T. ) ;
#7162 = CARTESIAN_POINT ( 'NONE',  ( 0.4372132034341753000, 0.04722792206088490000, -0.05764965543625744100 ) ) ;
#7163 = PLANE ( 'NONE',  #7827 ) ;
#7164 = CARTESIAN_POINT ( 'NONE',  ( 1.162499999999999900, 0.5180000000000000200, -0.2210000000000000000 ) ) ;
#7165 = ORIENTED_EDGE ( 'NONE', *, *, #10069, .T. ) ;
#7166 = LINE ( 'NONE', #7373, #6642 ) ;
#7167 = VERTEX_POINT ( 'NONE', #4558 ) ;
#7168 = ORIENTED_EDGE ( 'NONE', *, *, #2162, .F. ) ;
#7169 = VERTEX_POINT ( 'NONE', #5277 ) ;
#7170 = CARTESIAN_POINT ( 'NONE',  ( 1.067500000002222800, 0.6712132034341625800, -0.3100000000010567600 ) ) ;
#7171 = LINE ( 'NONE', #2511, #7011 ) ;
#7172 = APPROVAL_DATE_TIME ( #9281, #1925 ) ;
#7173 = DATE_AND_TIME ( #9283, #186 ) ;
#7174 = EDGE_CURVE ( 'NONE', #10092, #7398, #8254, .T. ) ;
#7175 = PLANE ( 'NONE',  #8584 ) ;
#7176 = VECTOR ( 'NONE', #8358, 39.37007874015748100 ) ;
#7177 = EDGE_CURVE ( 'NONE', #698, #8302, #5816, .T. ) ;
#7178 = VECTOR ( 'NONE', #3120, 39.37007874015748100 ) ;
#7179 = ORIENTED_EDGE ( 'NONE', *, *, #10751, .T. ) ;
#7180 = AXIS2_PLACEMENT_3D ( 'NONE', #7162, #7909, #7258 ) ;
#7181 = CARTESIAN_POINT ( 'NONE',  ( 0.6132132034334405500, 0.01600000000097535200, 0.01499999999909518800 ) ) ;
#7182 = VERTEX_POINT ( 'NONE', #6761 ) ;
#7183 = FACE_OUTER_BOUND ( 'NONE', #7229, .T. ) ;
#7184 = DATE_AND_TIME ( #9292, #198 ) ;
#7185 = DIRECTION ( 'NONE',  ( -8.354275209982457700E-017, 0.0000000000000000000, 1.000000000000000000 ) ) ;
#7186 = COORDINATED_UNIVERSAL_TIME_OFFSET ( 5, 0, .BEHIND. ) ;
#7187 = CARTESIAN_POINT ( 'NONE',  ( 0.9517292900370114600, 0.4133410318342102300, -0.01000000000000000000 ) ) ;
#7188 = CARTESIAN_POINT ( 'NONE',  ( 1.037499999999999900, 0.5579999999999999400, -0.2610000000000000700 ) ) ;
#7189 = ORIENTED_EDGE ( 'NONE', *, *, #7688, .T. ) ;
#7190 = VECTOR ( 'NONE', #10237, 39.37007874015748100 ) ;
#7191 = VECTOR ( 'NONE', #1488, 39.37007874015748100 ) ;
#7192 = CIRCLE ( 'NONE', #920, 0.009815670203804980100 ) ;
#7193 = CALENDAR_DATE ( 2019, 15, 10 ) ;
#7194 = AXIS2_PLACEMENT_3D ( 'NONE', #7541, #4673, #4787 ) ;
#7195 = CARTESIAN_POINT ( 'NONE',  ( 1.162499999999999900, 0.5580000000000000500, -0.2610000000000000700 ) ) ;
#7196 = CARTESIAN_POINT ( 'NONE',  ( 0.9787223830974584000, 0.4133410318342099500, -0.01000000000000000000 ) ) ;
#7197 = DIRECTION ( 'NONE',  ( -0.0000000000000000000, 0.0000000000000000000, -1.000000000000000000 ) ) ;
#7198 = AXIS2_PLACEMENT_3D ( 'NONE', #7170, #1843, #8009 ) ;
#7199 = VERTEX_POINT ( 'NONE', #6841 ) ;
#7200 = VERTEX_POINT ( 'NONE', #6949 ) ;
#7201 = ORIENTED_EDGE ( 'NONE', *, *, #1473, .T. ) ;
#7202 = CIRCLE ( 'NONE', #318, 0.009815670203795690700 ) ;
#7203 = CARTESIAN_POINT ( 'NONE',  ( 0.3674999999999998300, 0.5600000000000003900, -0.1490000000000000800 ) ) ;
#7204 = DIRECTION ( 'NONE',  ( 1.000000000000000000, -0.0000000000000000000, -0.0000000000000000000 ) ) ;
#7205 = ADVANCED_FACE ( 'NONE', ( #7757 ), #3135, .T. ) ;
#7206 = FACE_OUTER_BOUND ( 'NONE', #10226, .T. ) ;
#7207 =( CONVERSION_BASED_UNIT ( 'INCH', #3993 ) LENGTH_UNIT ( ) NAMED_UNIT ( #8463 ) );
#7208 = EDGE_CURVE ( 'NONE', #10092, #1261, #8003, .T. ) ;
#7209 = CARTESIAN_POINT ( 'NONE',  ( 1.137499999999999700, 0.3450000000000002000, -0.2724999999999999600 ) ) ;
#7210 = AXIS2_PLACEMENT_3D ( 'NONE', #6032, #4076, #4023 ) ;
#7211 = ORIENTED_EDGE ( 'NONE', *, *, #9442, .F. ) ;
#7212 = ORIENTED_EDGE ( 'NONE', *, *, #8072, .T. ) ;
#7213 = VECTOR ( 'NONE', #9953, 39.37007874015748100 ) ;
#7214 = CC_DESIGN_APPROVAL ( #6652, ( #5557 ) ) ;
#7215 = FACE_OUTER_BOUND ( 'NONE', #4320, .T. ) ;
#7216 = CARTESIAN_POINT ( 'NONE',  ( 1.037499999999999900, 0.3450000000000002000, -0.2725000000000000200 ) ) ;
#7217 = CARTESIAN_POINT ( 'NONE',  ( 0.3361881571562475000, 0.01250000000021250600, -0.005999999998658543700 ) ) ;
#7218 = DIRECTION ( 'NONE',  ( 1.000000000000000000, 9.478405032071569600E-013, -3.681989669454495000E-013 ) ) ;
#7219 = DIRECTION ( 'NONE',  ( 1.000000000000000000, 0.0000000000000000000, 0.0000000000000000000 ) ) ;
#7220 = CARTESIAN_POINT ( 'NONE',  ( 0.0000000000000000000, 0.4231567020380508400, 0.0000000000000000000 ) ) ;
#7221 = ORIENTED_EDGE ( 'NONE', *, *, #4534, .T. ) ;
#7222 = VECTOR ( 'NONE', #1206, 39.37007874015748100 ) ;
#7223 = AXIS2_PLACEMENT_3D ( 'NONE', #1512, #8688, #9899 ) ;
#7224 = CYLINDRICAL_SURFACE ( 'NONE', #9053, 0.03099999999999998900 ) ;
#7225 = EDGE_CURVE ( 'NONE', #9394, #462, #872, .T. ) ;
#7226 = ORIENTED_EDGE ( 'NONE', *, *, #9020, .T. ) ;
#7227 = VERTEX_POINT ( 'NONE', #1711 ) ;
#7228 = DIRECTION ( 'NONE',  ( 0.0000000000000000000, -1.000000000000000000, -4.553079989440441700E-016 ) ) ;
#7229 = EDGE_LOOP ( 'NONE', ( #4083, #4397, #9789, #4409 ) ) ;
#7230 = VECTOR ( 'NONE', #8986, 39.37007874015748100 ) ;
#7231 = ORIENTED_EDGE ( 'NONE', *, *, #220, .T. ) ;
#7232 = LINE ( 'NONE', #3059, #7191 ) ;
#7233 = DIRECTION ( 'NONE',  ( -9.478563083388219400E-013, -1.000000000000000000, -7.789823685982826700E-013 ) ) ;
#7234 = LINE ( 'NONE', #8459, #6982 ) ;
#7235 = ORIENTED_EDGE ( 'NONE', *, *, #4680, .T. ) ;
#7236 = ORIENTED_EDGE ( 'NONE', *, *, #5664, .F. ) ;
#7237 = ORIENTED_EDGE ( 'NONE', *, *, #8006, .F. ) ;
#7238 = CARTESIAN_POINT ( 'NONE',  ( 0.9021601555077879400, 0.2366589681657876300, 0.0000000000000000000 ) ) ;
#7239 = EDGE_CURVE ( 'NONE', #2083, #7329, #5549, .T. ) ;
#7240 = VERTEX_POINT ( 'NONE', #4099 ) ;
#7241 = VECTOR ( 'NONE', #9562, 39.37007874015748100 ) ;
#7242 = DIRECTION ( 'NONE',  ( -3.681989669462878400E-013, 7.789823685977713400E-013, 1.000000000000000000 ) ) ;
#7243 = EDGE_CURVE ( 'NONE', #5566, #567, #9546, .T. ) ;
#7244 = PERSON_AND_ORGANIZATION_ROLE ( 'design_owner' ) ;
#7245 = VECTOR ( 'NONE', #6548, 39.37007874015748100 ) ;
#7246 = CARTESIAN_POINT ( 'NONE',  ( 0.4374999999999998900, 0.5999999999999999800, -0.2974999999999999900 ) ) ;
#7247 = CARTESIAN_POINT ( 'NONE',  ( 0.9924643213828182600, 0.0000000000000000000, -0.01000000000000000000 ) ) ;
#7248 = ORIENTED_EDGE ( 'NONE', *, *, #8223, .T. ) ;
#7249 = ORIENTED_EDGE ( 'NONE', *, *, #6789, .F. ) ;
#7250 = ORIENTED_EDGE ( 'NONE', *, *, #10674, .F. ) ;
#7251 = ORIENTED_EDGE ( 'NONE', *, *, #9692, .F. ) ;
#7252 = LINE ( 'NONE', #5153, #5081 ) ;
#7253 = ORIENTED_EDGE ( 'NONE', *, *, #162, .F. ) ;
#7254 = ORIENTED_EDGE ( 'NONE', *, *, #9591, .F. ) ;
#7255 = CARTESIAN_POINT ( 'NONE',  ( 1.054793827176977200, 0.3539562271012334200, -0.01000000000000000000 ) ) ;
#7256 = CARTESIAN_POINT ( 'NONE',  ( 0.9374999999999998900, 0.3450000000000001400, -0.1479999999999999900 ) ) ;
#7257 = ADVANCED_FACE ( 'NONE', ( #9324 ), #5047, .T. ) ;
#7258 = DIRECTION ( 'NONE',  ( 1.000000000000000000, 9.476886098033806800E-013, -3.681526647536350200E-013 ) ) ;
#7259 = EDGE_CURVE ( 'NONE', #8632, #7200, #5304, .T. ) ;
#7260 = ADVANCED_FACE ( 'NONE', ( #10963 ), #711, .F. ) ;
#7261 = AXIS2_PLACEMENT_3D ( 'NONE', #182, #8700, #3807 ) ;
#7262 = AXIS2_PLACEMENT_3D ( 'NONE', #181, #201, #197 ) ;
#7263 = FACE_OUTER_BOUND ( 'NONE', #10217, .T. ) ;
#7264 = ORIENTED_EDGE ( 'NONE', *, *, #9050, .T. ) ;
#7265 = DIRECTION ( 'NONE',  ( 0.0000000000000000000, -4.553079989440441700E-016, 1.000000000000000000 ) ) ;
#7266 = PLANE ( 'NONE',  #4782 ) ;
#7267 = DIRECTION ( 'NONE',  ( 9.478563083393956700E-013, 1.000000000000000000, -7.789823685974223700E-013 ) ) ;
#7268 = LINE ( 'NONE', #2554, #7142 ) ;
#7269 = CARTESIAN_POINT ( 'NONE',  ( 1.104362961706167000, 0.3637718973050384500, 0.0000000000000000000 ) ) ;
#7270 = CARTESIAN_POINT ( 'NONE',  ( 0.7974999999999998800, 0.5999999999999999800, -0.07249999999999998100 ) ) ;
#7271 = EDGE_CURVE ( 'NONE', #2866, #1334, #569, .T. ) ;
#7272 = VECTOR ( 'NONE', #2921, 39.37007874015748100 ) ;
#7273 = AXIS2_PLACEMENT_3D ( 'NONE', #5034, #4674, #10108 ) ;
#7274 = CARTESIAN_POINT ( 'NONE',  ( 0.7974999999999998800, 0.05000000000000000300, -0.2975000000000001000 ) ) ;
#7275 = CC_DESIGN_PERSON_AND_ORGANIZATION_ASSIGNMENT ( #10263, #2240, ( #4491 ) ) ;
#7276 = ORIENTED_EDGE ( 'NONE', *, *, #5496, .F. ) ;
#7277 = DIRECTION ( 'NONE',  ( 1.000000000000000000, 0.0000000000000000000, 0.0000000000000000000 ) ) ;
#7278 = DATE_TIME_ROLE ( 'classification_date' ) ;
#7279 = VERTEX_POINT ( 'NONE', #2852 ) ;
#7280 = CARTESIAN_POINT ( 'NONE',  ( 0.4582132034344009200, 0.03750000000058530800, 0.02499999999554641100 ) ) ;
#7281 = CARTESIAN_POINT ( 'NONE',  ( 0.6374999999999998400, 0.2700000000000001800, -0.1480000000000000500 ) ) ;
#7282 = VERTEX_POINT ( 'NONE', #3197 ) ;
#7283 = VECTOR ( 'NONE', #9982, 39.37007874015748100 ) ;
#7284 = ADVANCED_FACE ( 'NONE', ( #9083 ), #10767, .F. ) ;
#7285 = DIRECTION ( 'NONE',  ( 1.000000000000000000, -0.0000000000000000000, -0.0000000000000000000 ) ) ;
#7286 = CARTESIAN_POINT ( 'NONE',  ( 0.4374999999999998900, 0.5579999999999996100, -0.07250000000000000900 ) ) ;
#7287 = CARTESIAN_POINT ( 'NONE',  ( 0.7624999999999998400, 0.5180000000000000200, -0.2610000000000001200 ) ) ;
#7288 = EDGE_CURVE ( 'NONE', #3031, #4894, #6962, .T. ) ;
#7289 = ORIENTED_EDGE ( 'NONE', *, *, #1217, .F. ) ;
#7290 = ORIENTED_EDGE ( 'NONE', *, *, #9948, .T. ) ;
#7291 = LINE ( 'NONE', #3149, #7245 ) ;
#7292 = AXIS2_PLACEMENT_3D ( 'NONE', #599, #2916, #4262 ) ;
#7293 = ORIENTED_EDGE ( 'NONE', *, *, #6541, .T. ) ;
#7294 = DIRECTION ( 'NONE',  ( 0.0000000000000000000, -5.691349986800549600E-017, 1.000000000000000000 ) ) ;
#7295 = DIRECTION ( 'NONE',  ( 6.831248714727670800E-013, 0.8944271909996767100, 0.4472135955004362700 ) ) ;
#7296 = VECTOR ( 'NONE', #5088, 39.37007874015748100 ) ;
#7297 = DIRECTION ( 'NONE',  ( -0.0000000000000000000, 0.0000000000000000000, 1.000000000000000000 ) ) ;
#7298 = ORIENTED_EDGE ( 'NONE', *, *, #6223, .F. ) ;
#7299 = DIRECTION ( 'NONE',  ( -0.0000000000000000000, -1.000000000000000000, -4.553079989440441700E-016 ) ) ;
#7300 = ORIENTED_EDGE ( 'NONE', *, *, #6764, .T. ) ;
#7301 = VECTOR ( 'NONE', #7432, 39.37007874015748100 ) ;
#7302 = DIRECTION ( 'NONE',  ( 0.0000000000000000000, 0.0000000000000000000, 1.000000000000000000 ) ) ;
#7303 = DIRECTION ( 'NONE',  ( 0.0000000000000000000, 0.0000000000000000000, 1.000000000000000000 ) ) ;
#7304 = CARTESIAN_POINT ( 'NONE',  ( 0.3674999999999998300, 0.2699999999999999100, -0.2210000000000000900 ) ) ;
#7305 = CARTESIAN_POINT ( 'NONE',  ( 1.044978156973165800, 0.0000000000000000000, -0.01000000000000000000 ) ) ;
#7306 = DIRECTION ( 'NONE',  ( 0.0000000000000000000, -1.000000000000000000, -5.691349986800549600E-017 ) ) ;
#7307 = CIRCLE ( 'NONE', #1434, 0.006000000000000086000 ) ;
#7308 = ORIENTED_EDGE ( 'NONE', *, *, #2114, .F. ) ;
#7309 = EDGE_CURVE ( 'NONE', #5143, #5315, #2581, .T. ) ;
#7310 = CARTESIAN_POINT ( 'NONE',  ( 0.6374999999999998400, 0.5580000000000000500, -0.1089999999999999000 ) ) ;
#7311 = EDGE_CURVE ( 'NONE', #10695, #6581, #8826, .T. ) ;
#7312 = CONTEXT_DEPENDENT_SHAPE_REPRESENTATION ( #4940, #7482 ) ;
#7313 = CARTESIAN_POINT ( 'NONE',  ( 0.4582132034347911600, 0.06550000000149912300, -0.006000000002952189800 ) ) ;
#7314 = ADVANCED_FACE ( 'NONE', ( #8588 ), #4185, .T. ) ;
#7315 = APPROVAL_PERSON_ORGANIZATION ( #9397, #8181, #2326 ) ;
#7316 = ADVANCED_FACE ( 'NONE', ( #10536 ), #6845, .F. ) ;
#7317 = DIRECTION ( 'NONE',  ( 0.0000000000000000000, -1.000000000000000000, -1.979599995408885400E-016 ) ) ;
#7318 = APPROVAL_ROLE ( '' ) ;
#7320 = DIRECTION ( 'NONE',  ( 3.681989669462878400E-013, -7.789823685977713400E-013, -1.000000000000000000 ) ) ;
#7319 = LINE ( 'NONE', #3796, #5144 ) ;
#7321 = VERTEX_POINT ( 'NONE', #6145 ) ;
#7322 = VERTEX_POINT ( 'NONE', #9773 ) ;
#7323 = LINE ( 'NONE', #7559, #9173 ) ;
#7324 = LINE ( 'NONE', #8551, #7301 ) ;
#7325 = LOCAL_TIME ( 13, 11, 25.00000000000000000, #9403 ) ;
#7326 = EDGE_CURVE ( 'NONE', #10376, #2992, #9971, .T. ) ;
#7327 = CARTESIAN_POINT ( 'NONE',  ( 0.5374999999999999800, 0.5579999999999999400, -0.1089999999999999000 ) ) ;
#7328 = CARTESIAN_POINT ( 'NONE',  ( 0.6940679471871663600, 0.4025437946100565700, 0.0000000000000000000 ) ) ;
#7329 = VERTEX_POINT ( 'NONE', #10020 ) ;
#7330 = CARTESIAN_POINT ( 'NONE',  ( 1.044978156973178900, 0.0000000000000000000, 0.0000000000000000000 ) ) ;
#7331 = EDGE_CURVE ( 'NONE', #1314, #4615, #2268, .T. ) ;
#7332 = EDGE_CURVE ( 'NONE', #3878, #6240, #1652, .T. ) ;
#7333 = DIRECTION ( 'NONE',  ( 0.0000000000000000000, 0.0000000000000000000, 1.000000000000000000 ) ) ;
#7334 = ORIENTED_EDGE ( 'NONE', *, *, #10665, .T. ) ;
#7335 = CARTESIAN_POINT ( 'NONE',  ( 0.4374999999999998900, 0.5999999999999999800, -0.07250000000000000900 ) ) ;
#7336 = VECTOR ( 'NONE', #954, 39.37007874015748100 ) ;
#7337 = CARTESIAN_POINT ( 'NONE',  ( 0.5463421106199378700, 0.4231567020380325200, -0.01000000000000000000 ) ) ;
#7338 = FACE_OUTER_BOUND ( 'NONE', #1892, .T. ) ;
#7339 = CARTESIAN_POINT ( 'NONE',  ( 0.4582132034339475600, 0.03750000000070134000, -0.05764965544050942200 ) ) ;
#7340 = CARTESIAN_POINT ( 'NONE',  ( 0.4582132034344984500, 0.06550000000168643100, 0.005999999997049758500 ) ) ;
#7341 = PLANE ( 'NONE',  #8923 ) ;
#7342 = ORIENTED_EDGE ( 'NONE', *, *, #4533, .T. ) ;
#7343 = FACE_OUTER_BOUND ( 'NONE', #6198, .T. ) ;
#7344 = CARTESIAN_POINT ( 'NONE',  ( 1.197499999999999800, 0.2700000000000001800, -0.1480000000000000200 ) ) ;
#7345 = ORIENTED_EDGE ( 'NONE', *, *, #7544, .F. ) ;
#7346 = ADVANCED_FACE ( 'NONE', ( #3857 ), #10620, .F. ) ;
#7347 = AXIS2_PLACEMENT_3D ( 'NONE', #10198, #2336, #9882 ) ;
#7348 = VECTOR ( 'NONE', #7317, 39.37007874015748100 ) ;
#7349 = DIRECTION ( 'NONE',  ( 0.0000000000000000000, 0.0000000000000000000, -1.000000000000000000 ) ) ;
#7350 = SECURITY_CLASSIFICATION ( '', '', #2971 ) ;
#7351 = LINE ( 'NONE', #4012, #2714 ) ;
#7352 = DIRECTION ( 'NONE',  ( -0.0000000000000000000, -0.0000000000000000000, 1.000000000000000000 ) ) ;
#7353 = CARTESIAN_POINT ( 'NONE',  ( 1.197499999999999800, 0.3450000000000002000, -0.09750000000000000300 ) ) ;
#7354 = VERTEX_POINT ( 'NONE', #9922 ) ;
#7355 = CARTESIAN_POINT ( 'NONE',  ( 0.4974999999999998900, 0.05000000000000000300, -0.1499999999999999900 ) ) ;
#7356 = VERTEX_POINT ( 'NONE', #9775 ) ;
#7357 = LINE ( 'NONE', #5039, #80 ) ;
#7358 = LINE ( 'NONE', #1781, #7097 ) ;
#7359 = VERTEX_POINT ( 'NONE', #9643 ) ;
#7360 = LINE ( 'NONE', #3287, #10866 ) ;
#7361 = APPROVAL_STATUS ( 'not_yet_approved' ) ;
#7362 = EDGE_CURVE ( 'NONE', #7126, #5414, #10308, .T. ) ;
#7363 = CARTESIAN_POINT ( 'NONE',  ( 0.8974999999999999600, 0.3450000000000001400, -0.1479999999999999900 ) ) ;
#7364 = ORIENTED_EDGE ( 'NONE', *, *, #8512, .T. ) ;
#7365 = VERTEX_POINT ( 'NONE', #6679 ) ;
#7366 = ORIENTED_EDGE ( 'NONE', *, *, #1432, .F. ) ;
#7367 = DIRECTION ( 'NONE',  ( 0.0000000000000000000, -1.000000000000000000, -5.691349986800549600E-017 ) ) ;
#7368 = LINE ( 'NONE', #3460, #2995 ) ;
#7369 = VECTOR ( 'NONE', #7303, 39.37007874015748100 ) ;
#7370 = DIRECTION ( 'NONE',  ( 1.000000000000000000, -0.0000000000000000000, -0.0000000000000000000 ) ) ;
#7371 = VECTOR ( 'NONE', #10138, 39.37007874015748100 ) ;
#7372 = ORIENTED_EDGE ( 'NONE', *, *, #161, .T. ) ;
#7373 = CARTESIAN_POINT ( 'NONE',  ( 0.1299999999999994200, 0.0000000000000000000, -0.1210000000000000900 ) ) ;
#7374 = ADVANCED_FACE ( 'NONE', ( #1023 ), #6199, .T. ) ;
#7375 = CARTESIAN_POINT ( 'NONE',  ( 0.6871969780444986400, 0.2474562053899773100, -0.01000000000000000000 ) ) ;
#7376 = VECTOR ( 'NONE', #9527, 39.37007874015748100 ) ;
#7377 = AXIS2_PLACEMENT_3D ( 'NONE', #9828, #9415, #8937 ) ;
#7378 = LINE ( 'NONE', #105, #7348 ) ;
#7379 = EDGE_CURVE ( 'NONE', #6868, #7104, #1340, .T. ) ;
#7380 = ORIENTED_EDGE ( 'NONE', *, *, #10931, .F. ) ;
#7381 = EDGE_CURVE ( 'NONE', #3529, #4075, #10091, .T. ) ;
#7382 = LINE ( 'NONE', #4825, #3009 ) ;
#7383 = DIRECTION ( 'NONE',  ( -0.0000000000000000000, 1.000000000000000000, -0.0000000000000000000 ) ) ;
#7384 = CARTESIAN_POINT ( 'NONE',  ( 0.5374999999999999800, 0.05000000000000014800, -0.2975000000000001000 ) ) ;
#7385 = VERTEX_POINT ( 'NONE', #5951 ) ;
#7387 = CARTESIAN_POINT ( 'NONE',  ( 0.4582132034344009200, 0.03750000000058530800, 0.02499999999554641100 ) ) ;
#7386 = VECTOR ( 'NONE', #1331, 39.37007874015748100 ) ;
#7388 = VERTEX_POINT ( 'NONE', #5789 ) ;
#7389 = ORIENTED_EDGE ( 'NONE', *, *, #5067, .F. ) ;
#7390 = CARTESIAN_POINT ( 'NONE',  ( 0.3564999999999999300, 0.4749999999999999800, -0.2820000000000000800 ) ) ;
#7391 = CARTESIAN_POINT ( 'NONE',  ( 0.6974999999999999000, 0.2699999999999999100, -0.2220000000000000900 ) ) ;
#7392 = DIRECTION ( 'NONE',  ( -1.000000000000000000, 0.0000000000000000000, -7.189073667537545100E-016 ) ) ;
#7393 = DIRECTION ( 'NONE',  ( -1.000000000000000000, -0.0000000000000000000, -0.0000000000000000000 ) ) ;
#7394 = CARTESIAN_POINT ( 'NONE',  ( 1.137499999999999700, 0.2700000000000001800, -0.1480000000000000200 ) ) ;
#7395 = EDGE_CURVE ( 'NONE', #5856, #10876, #9865, .T. ) ;
#7396 = ORIENTED_EDGE ( 'NONE', *, *, #1972, .T. ) ;
#7397 = EDGE_CURVE ( 'NONE', #4597, #900, #5671, .T. ) ;
#7398 = VERTEX_POINT ( 'NONE', #5608 ) ;
#7399 = ORIENTED_EDGE ( 'NONE', *, *, #3698, .T. ) ;
#7400 =( REPRESENTATION_RELATIONSHIP ('NONE','NONE', #6361, #7989 ) REPRESENTATION_RELATIONSHIP_WITH_TRANSFORMATION ( #10733 )SHAPE_REPRESENTATION_RELATIONSHIP( ) );
#7401 = PLANE ( 'NONE',  #5013 ) ;
#7402 = LINE ( 'NONE', #2232, #5210 ) ;
#7404 = ORIENTED_EDGE ( 'NONE', *, *, #9848, .F. ) ;
#7403 = EDGE_LOOP ( 'NONE', ( #8327, #460, #7995, #2294, #2671, #2826, #1060, #553, #1894 ) ) ;
#7405 = CARTESIAN_POINT ( 'NONE',  ( 0.9974999999999999400, 0.3450000000000001400, -0.1479999999999999900 ) ) ;
#7406 = DIRECTION ( 'NONE',  ( -1.000000000000000000, -0.0000000000000000000, -0.0000000000000000000 ) ) ;
#7407 = ORIENTED_EDGE ( 'NONE', *, *, #6955, .T. ) ;
#7408 = CARTESIAN_POINT ( 'NONE',  ( 1.242499999999999900, 0.05000000000000000300, -0.2975000000000001000 ) ) ;
#7409 = LINE ( 'NONE', #339, #1083 ) ;
#7410 = ORIENTED_EDGE ( 'NONE', *, *, #4130, .T. ) ;
#7411 = DIRECTION ( 'NONE',  ( 0.0000000000000000000, 0.0000000000000000000, -1.000000000000000000 ) ) ;
#7412 = CARTESIAN_POINT ( 'NONE',  ( 0.5974999999999999200, 0.2699999999999999100, -0.1490000000000000800 ) ) ;
#7413 = AXIS2_PLACEMENT_3D ( 'NONE', #4458, #6312, #7733 ) ;
#7414 = PLANE ( 'NONE',  #3173 ) ;
#7415 = AXIS2_PLACEMENT_3D ( 'NONE', #2555, #10747, #6141 ) ;
#7416 = CIRCLE ( 'NONE', #10312, 0.07649999999999998500 ) ;
#7417 = ORIENTED_EDGE ( 'NONE', *, *, #1077, .F. ) ;
#7418 = ORIENTED_EDGE ( 'NONE', *, *, #7159, .F. ) ;
#7419 = LINE ( 'NONE', #4110, #2773 ) ;
#7420 = PLANE ( 'NONE',  #674 ) ;
#7421 = ORIENTED_EDGE ( 'NONE', *, *, #6554, .F. ) ;
#7422 = CARTESIAN_POINT ( 'NONE',  ( 0.5974999999999999200, 0.3450000000000002000, -0.09750000000000005900 ) ) ;
#7423 = ORIENTED_EDGE ( 'NONE', *, *, #10184, .F. ) ;
#7424 = CARTESIAN_POINT ( 'NONE',  ( 0.4372132034343363400, 0.04722792206100100100, -0.02500000000125296800 ) ) ;
#7425 = EDGE_CURVE ( 'NONE', #5878, #7463, #9648, .T. ) ;
#7426 = DIRECTION ( 'NONE',  ( 7.189073667537545100E-016, 0.0000000000000000000, -1.000000000000000000 ) ) ;
#7427 = CARTESIAN_POINT ( 'NONE',  ( 1.097499999999999900, 0.3450000000000002000, -0.09750000000000000300 ) ) ;
#7428 = ADVANCED_FACE ( 'NONE', ( #405 ), #5429, .F. ) ;
#7429 = VECTOR ( 'NONE', #9266, 39.37007874015748100 ) ;
#7430 = APPROVAL ( #10602, 'UNKNOWN' ) ;
#7431 = ADVANCED_FACE ( 'NONE', ( #7619 ), #5055, .F. ) ;
#7432 = DIRECTION ( 'NONE',  ( -3.681989669462878400E-013, 7.789823685977714400E-013, 1.000000000000000000 ) ) ;
#7433 = ORIENTED_EDGE ( 'NONE', *, *, #6940, .F. ) ;
#7434 = CARTESIAN_POINT ( 'NONE',  ( 0.8974999999999999600, 0.2700000000000001800, -0.1490000000000000800 ) ) ;
#7435 = PLANE ( 'NONE',  #8725 ) ;
#7436 = CARTESIAN_POINT ( 'NONE',  ( 1.104362961706167000, 0.3637718973050384500, -0.01000000000000000000 ) ) ;
#7437 = VECTOR ( 'NONE', #3114, 39.37007874015748100 ) ;
#7438 = DIRECTION ( 'NONE',  ( 0.0000000000000000000, -1.000000000000000000, 1.352399996863497400E-015 ) ) ;
#7439 = CARTESIAN_POINT ( 'NONE',  ( 1.062500000000000000, 0.5580000000000000500, -0.2610000000000000700 ) ) ;
#7440 = EDGE_CURVE ( 'NONE', #10789, #4498, #5416, .T. ) ;
#7441 = VERTEX_POINT ( 'NONE', #5563 ) ;
#7442 = CARTESIAN_POINT ( 'NONE',  ( 0.4374999999999998900, 0.05000000000000014800, -0.07250000000000005100 ) ) ;
#7443 = AXIS2_PLACEMENT_3D ( 'NONE', #4087, #10556, #8346 ) ;
#7444 = EDGE_CURVE ( 'NONE', #10947, #6731, #7357, .T. ) ;
#7445 = CARTESIAN_POINT ( 'NONE',  ( 0.7974999999999998800, 0.5579999999999999400, -0.2975000000000001000 ) ) ;
#7446 = DIRECTION ( 'NONE',  ( -1.000000000000000000, -0.0000000000000000000, -0.0000000000000000000 ) ) ;
#7447 = CARTESIAN_POINT ( 'NONE',  ( 0.4374999999999998900, 0.2699999999999999100, -0.2220000000000000900 ) ) ;
#7448 = DATE_AND_TIME ( #9501, #507 ) ;
#7449 = CALENDAR_DATE ( 2019, 15, 10 ) ;
#7450 = CARTESIAN_POINT ( 'NONE',  ( 0.4374999999999998900, 0.05000000000000014800, -0.2975000000000001000 ) ) ;
#7451 = LINE ( 'NONE', #179, #9507 ) ;
#7452 = CARTESIAN_POINT ( 'NONE',  ( 0.8974999999999997400, 0.2699999999999999100, -0.2210000000000000900 ) ) ;
#7453 = LINE ( 'NONE', #8251, #191 ) ;
#7454 = FACE_OUTER_BOUND ( 'NONE', #1740, .T. ) ;
#7455 = VECTOR ( 'NONE', #6800, 39.37007874015748100 ) ;
#7456 = PERSON_AND_ORGANIZATION ( #8983, #828 ) ;
#7457 = VERTEX_POINT ( 'NONE', #4315 ) ;
#7458 = EDGE_LOOP ( 'NONE', ( #1576, #979, #5538, #205 ) ) ;
#7459 = EDGE_CURVE ( 'NONE', #10331, #1122, #5173, .T. ) ;
#7460 = ORIENTED_EDGE ( 'NONE', *, *, #5316, .T. ) ;
#7461 = EDGE_CURVE ( 'NONE', #4651, #616, #9425, .T. ) ;
#7462 = ORIENTED_EDGE ( 'NONE', *, *, #7081, .F. ) ;
#7463 = VERTEX_POINT ( 'NONE', #3714 ) ;
#7464 = LINE ( 'NONE', #273, #5519 ) ;
#7465 = ORIENTED_EDGE ( 'NONE', *, *, #1718, .F. ) ;
#7466 = DIRECTION ( 'NONE',  ( 0.0000000000000000000, -1.000000000000000000, 0.0000000000000000000 ) ) ;
#7467 = FACE_OUTER_BOUND ( 'NONE', #5203, .T. ) ;
#7468 = CARTESIAN_POINT ( 'NONE',  ( 0.3361881571561175500, 0.04400000000068640700, -0.005999999993755150000 ) ) ;
#7469 = DATE_AND_TIME ( #9524, #535 ) ;
#7470 = DIRECTION ( 'NONE',  ( 1.000000000000000000, 0.0000000000000000000, 0.0000000000000000000 ) ) ;
#7471 = PERSON_AND_ORGANIZATION_ROLE ( 'classification_officer' ) ;
#7472 = ORIENTED_EDGE ( 'NONE', *, *, #9549, .T. ) ;
#7473 = DIRECTION ( 'NONE',  ( -0.0000000000000000000, 0.0000000000000000000, 1.000000000000000000 ) ) ;
#7474 = VERTEX_POINT ( 'NONE', #4144 ) ;
#7475 = CARTESIAN_POINT ( 'NONE',  ( 0.6371370600051093900, 0.2405852362473084000, -0.01000000000000000000 ) ) ;
#7476 = FACE_OUTER_BOUND ( 'NONE', #9450, .T. ) ;
#7477 = CARTESIAN_POINT ( 'NONE',  ( 0.2068417218044817400, 0.1108502649548979100, -0.02499999999985562700 ) ) ;
#7478 = PERSON ( 'NAUO-PER8', 'UNSPECIFIED', 'UNSPECIFIED', ('UNSPECIFIED'), ('UNSPECIFIED'), ('UNSPECIFIED') ) ;
#7479 = DIRECTION ( 'NONE',  ( -0.0000000000000000000, -0.0000000000000000000, 1.000000000000000000 ) ) ;
#7480 = CIRCLE ( 'NONE', #1008, 0.03141014465217194900 ) ;
#7481 = DIRECTION ( 'NONE',  ( 1.000000000000000000, 0.0000000000000000000, 0.0000000000000000000 ) ) ;
#7482 = PRODUCT_DEFINITION_SHAPE ( 'NONE', 'NONE',  #10996 ) ;
#7483 = DIRECTION ( 'NONE',  ( -0.0000000000000000000, 1.000000000000000000, -0.0000000000000000000 ) ) ;
#7484 = EDGE_CURVE ( 'NONE', #9156, #1314, #10864, .T. ) ;
#7485 = CIRCLE ( 'NONE', #4616, 0.06399999999999998700 ) ;
#7486 = EDGE_CURVE ( 'NONE', #1284, #1771, #9203, .T. ) ;
#7487 = CARTESIAN_POINT ( 'NONE',  ( 1.097499999999999900, 0.5580000000000000500, -0.2610000000000000700 ) ) ;
#7488 = DIRECTION ( 'NONE',  ( 0.0000000000000000000, -1.000000000000000000, -1.352399996863497400E-015 ) ) ;
#7489 = CARTESIAN_POINT ( 'NONE',  ( 0.4374999999999998900, 0.5579999999999996100, -0.07250000000000000900 ) ) ;
#7490 = ADVANCED_FACE ( 'NONE', ( #2090 ), #3671, .F. ) ;
#7491 = VECTOR ( 'NONE', #8164, 39.37007874015748100 ) ;
#7492 = VECTOR ( 'NONE', #10209, 39.37007874015748100 ) ;
#7493 = CARTESIAN_POINT ( 'NONE',  ( 0.0000000000000000000, 0.3539562271012334200, -0.01000000000000000000 ) ) ;
#7494 = DIRECTION ( 'NONE',  ( -1.000000000000000000, -0.0000000000000000000, -0.0000000000000000000 ) ) ;
#7495 = EDGE_LOOP ( 'NONE', ( #10120, #448, #1065, #9502 ) ) ;
#7496 = AXIS2_PLACEMENT_3D ( 'NONE', #8094, #3070, #6528 ) ;
#7497 = CARTESIAN_POINT ( 'NONE',  ( 0.6506336064154142300, 0.2405852362473100100, -0.01000000000000000000 ) ) ;
#7498 = DIRECTION ( 'NONE',  ( 9.478563083388219400E-013, 1.000000000000000000, 7.789823685982826700E-013 ) ) ;
#7499 = VECTOR ( 'NONE', #3894, 39.37007874015748100 ) ;
#7500 = CC_DESIGN_DATE_AND_TIME_ASSIGNMENT ( #2372, #4038, ( #5289 ) ) ;
#7501 = EDGE_LOOP ( 'NONE', ( #8736, #10283, #1253, #1862 ) ) ;
#7502 = ADVANCED_FACE ( 'NONE', ( #6824 ), #6562, .T. ) ;
#7503 = LINE ( 'NONE', #2763, #6966 ) ;
#7504 = DIRECTION ( 'NONE',  ( 1.000000000000000000, 0.0000000000000000000, 0.0000000000000000000 ) ) ;
#7505 = ORIENTED_EDGE ( 'NONE', *, *, #490, .F. ) ;
#7506 = CARTESIAN_POINT ( 'NONE',  ( 0.5374999999999999800, 0.3450000000000002000, -0.09750000000000005900 ) ) ;
#7507 = ORIENTED_EDGE ( 'NONE', *, *, #10009, .T. ) ;
#7508 = CARTESIAN_POINT ( 'NONE',  ( 0.6374999999999998400, 0.2699999999999999100, -0.2220000000000000900 ) ) ;
#7509 = LINE ( 'NONE', #9807, #5311 ) ;
#7510 = DATE_TIME_ROLE ( 'classification_date' ) ;
#7511 = LINE ( 'NONE', #5388, #7369 ) ;
#7512 = EDGE_CURVE ( 'NONE', #2830, #8061, #4893, .T. ) ;
#7513 = FACE_OUTER_BOUND ( 'NONE', #364, .T. ) ;
#7514 = VERTEX_POINT ( 'NONE', #2870 ) ;
#7515 = DIRECTION ( 'NONE',  ( 1.000000000000000000, 0.0000000000000000000, 0.0000000000000000000 ) ) ;
#7516 = ORIENTED_EDGE ( 'NONE', *, *, #2482, .T. ) ;
#7517 = LINE ( 'NONE', #7281, #7241 ) ;
#7518 = CARTESIAN_POINT ( 'NONE',  ( 1.054793827176966800, 0.2965345564089693600, -0.01000000000000000000 ) ) ;
#7519 = VECTOR ( 'NONE', #5988, 39.37007874015748100 ) ;
#7520 = CARTESIAN_POINT ( 'NONE',  ( 0.7397108136348434800, 0.0000000000000000000, -0.01000000000000000000 ) ) ;
#7521 = DIRECTION ( 'NONE',  ( 0.0000000000000000000, -1.979599995408886100E-016, 1.000000000000000000 ) ) ;
#7522 = CARTESIAN_POINT ( 'NONE',  ( 0.8974999999999999600, 0.5579999999999999400, -0.1089999999999998600 ) ) ;
#7523 = EDGE_CURVE ( 'NONE', #4933, #1284, #8698, .T. ) ;
#7524 = LINE ( 'NONE', #558, #2628 ) ;
#7525 = ORIENTED_EDGE ( 'NONE', *, *, #3239, .F. ) ;
#7526 = DIRECTION ( 'NONE',  ( -1.000000000000000000, 0.0000000000000000000, -0.0000000000000000000 ) ) ;
#7527 = EDGE_CURVE ( 'NONE', #6708, #6136, #10649, .T. ) ;
#7528 = LINE ( 'NONE', #5337, #7519 ) ;
#7529 = CARTESIAN_POINT ( 'NONE',  ( 0.0000000000000000000, 0.5999999999999999800, 0.0000000000000000000 ) ) ;
#7530 = PLANE ( 'NONE',  #6857 ) ;
#7531 = CARTESIAN_POINT ( 'NONE',  ( 0.6132132034364061700, 0.03400000000104708200, 0.02500000000382855300 ) ) ;
#7532 = DIRECTION ( 'NONE',  ( 3.681989669477468700E-013, 7.790023149179799300E-013, -1.000000000000000000 ) ) ;
#7533 = DIRECTION ( 'NONE',  ( 1.000000000000000000, -0.0000000000000000000, -0.0000000000000000000 ) ) ;
#7534 = ORIENTED_EDGE ( 'NONE', *, *, #9035, .T. ) ;
#7535 = DIRECTION ( 'NONE',  ( 0.9529809208180760600, 6.672337143205618200E-013, -0.3030303030337587700 ) ) ;
#7536 = DIRECTION ( 'NONE',  ( 1.000000000000000000, 0.0000000000000000000, 0.0000000000000000000 ) ) ;
#7537 = FACE_OUTER_BOUND ( 'NONE', #2285, .T. ) ;
#7538 = DIRECTION ( 'NONE',  ( -1.000000000000000000, 0.0000000000000000000, 0.0000000000000000000 ) ) ;
#7539 = ADVANCED_FACE ( 'NONE', ( #4612 ), #6329, .T. ) ;
#7540 = EDGE_LOOP ( 'NONE', ( #6168, #9295, #10822, #4678 ) ) ;
#7541 = CARTESIAN_POINT ( 'NONE',  ( 0.6132132034359270000, 0.03400000000135673700, -0.02499999999676836800 ) ) ;
#7542 = ORIENTED_EDGE ( 'NONE', *, *, #6280, .F. ) ;
#7543 = EDGE_CURVE ( 'NONE', #6308, #5991, #8471, .T. ) ;
#7544 = EDGE_CURVE ( 'NONE', #10967, #384, #1782, .T. ) ;
#7545 = EDGE_CURVE ( 'NONE', #8096, #6113, #4015, .T. ) ;
#7546 = APPROVAL_ROLE ( '' ) ;
#7547 = EDGE_LOOP ( 'NONE', ( #6287, #2643, #5704, #308 ) ) ;
#7548 = DIRECTION ( 'NONE',  ( 1.000000000000000000, 0.0000000000000000000, -0.0000000000000000000 ) ) ;
#7549 = VERTEX_POINT ( 'NONE', #426 ) ;
#7550 = VECTOR ( 'NONE', #2794, 39.37007874015748100 ) ;
#7551 = VERTEX_POINT ( 'NONE', #115 ) ;
#7552 = ORIENTED_EDGE ( 'NONE', *, *, #6717, .F. ) ;
#7553 = DIRECTION ( 'NONE',  ( -0.0000000000000000000, 0.0000000000000000000, 1.000000000000000000 ) ) ;
#7554 = ORIENTED_EDGE ( 'NONE', *, *, #10121, .F. ) ;
#7555 = VERTEX_POINT ( 'NONE', #52 ) ;
#7556 = DIRECTION ( 'NONE',  ( 0.8661855860454581400, 1.210294452400923700E-012, 0.4997224534950235900 ) ) ;
#7557 = DIRECTION ( 'NONE',  ( -0.0000000000000000000, 1.000000000000000000, -0.0000000000000000000 ) ) ;
#7558 = VECTOR ( 'NONE', #5810, 39.37007874015748100 ) ;
#7559 = CARTESIAN_POINT ( 'NONE',  ( 0.6374999999999998400, 0.3450000000000002000, -0.09750000000000003100 ) ) ;
#7560 = AXIS2_PLACEMENT_3D ( 'NONE', #88, #10096, #1544 ) ;
#7561 = CARTESIAN_POINT ( 'NONE',  ( 0.6506336065353510700, 0.4162857328953860600, 0.0000000000000000000 ) ) ;
#7562 = CC_DESIGN_PERSON_AND_ORGANIZATION_ASSIGNMENT ( #8802, #5613, ( #5899 ) ) ;
#7563 = ORIENTED_EDGE ( 'NONE', *, *, #10714, .F. ) ;
#7564 = DIRECTION ( 'NONE',  ( 0.0000000000000000000, 0.0000000000000000000, -1.000000000000000000 ) ) ;
#7565 = LINE ( 'NONE', #6660, #7624 ) ;
#7566 = ORIENTED_EDGE ( 'NONE', *, *, #7177, .T. ) ;
#7567 = DIRECTION ( 'NONE',  ( -0.0000000000000000000, 0.0000000000000000000, 1.000000000000000000 ) ) ;
#7568 = FACE_OUTER_BOUND ( 'NONE', #9097, .T. ) ;
#7569 = DIRECTION ( 'NONE',  ( 0.0000000000000000000, 1.000000000000000000, -0.0000000000000000000 ) ) ;
#7570 = DIRECTION ( 'NONE',  ( 0.0000000000000000000, 1.352399996863497200E-015, -1.000000000000000000 ) ) ;
#7571 = ORIENTED_EDGE ( 'NONE', *, *, #8448, .T. ) ;
#7572 = ORIENTED_EDGE ( 'NONE', *, *, #9234, .F. ) ;
#7573 = ORIENTED_EDGE ( 'NONE', *, *, #5029, .F. ) ;
#7574 = EDGE_CURVE ( 'NONE', #9871, #10310, #6057, .T. ) ;
#7575 = CARTESIAN_POINT ( 'NONE',  ( 0.9615449602408066000, 0.4133410318342007900, -0.01000000000000000000 ) ) ;
#7576 = PERSON_AND_ORGANIZATION ( #6988, #9606 ) ;
#7577 = CARTESIAN_POINT ( 'NONE',  ( 0.8089112885716688300, 0.4133410318342099500, 0.0000000000000000000 ) ) ;
#7578 = ORGANIZATION ( 'NAUO-ORG15', 'UNSPECIFIED', 'UNSPECIFIED' ) ;
#7579 = LINE ( 'NONE', #8170, #9391 ) ;
#7580 = APPROVAL_STATUS ( 'not_yet_approved' ) ;
#7581 = ORIENTED_EDGE ( 'NONE', *, *, #3485, .T. ) ;
#7582 = ORIENTED_EDGE ( 'NONE', *, *, #2890, .T. ) ;
#7583 = DATE_AND_TIME ( #9615, #662 ) ;
#7584 = CALENDAR_DATE ( 2019, 15, 10 ) ;
#7585 = AXIS2_PLACEMENT_3D ( 'NONE', #4852, #908, #9535 ) ;
#7586 = EDGE_CURVE ( 'NONE', #6224, #5295, #8241, .T. ) ;
#7587 = FACE_OUTER_BOUND ( 'NONE', #4448, .T. ) ;
#7588 = LINE ( 'NONE', #1595, #7455 ) ;
#7589 = DIRECTION ( 'NONE',  ( -1.000000000000000000, 0.0000000000000000000, 0.0000000000000000000 ) ) ;
#7590 = FACE_OUTER_BOUND ( 'NONE', #5340, .T. ) ;
#7591 = ADVANCED_FACE ( 'NONE', ( #7992 ), #3419, .T. ) ;
#7592 = DIRECTION ( 'NONE',  ( 0.0000000000000000000, -4.553079989440441700E-016, 1.000000000000000000 ) ) ;
#7593 = VECTOR ( 'NONE', #6872, 39.37007874015748100 ) ;
#7594 = CALENDAR_DATE ( 2019, 15, 10 ) ;
#7595 = ORIENTED_EDGE ( 'NONE', *, *, #10942, .T. ) ;
#7596 = DIRECTION ( 'NONE',  ( 0.0000000000000000000, -1.000000000000000000, 0.0000000000000000000 ) ) ;
#7597 = ORIENTED_EDGE ( 'NONE', *, *, #10944, .F. ) ;
#7598 = LINE ( 'NONE', #1365, #7336 ) ;
#7599 = CARTESIAN_POINT ( 'NONE',  ( 0.0000000000000000000, 0.4231567020380508400, -0.01000000000000000000 ) ) ;
#7600 = DIRECTION ( 'NONE',  ( 0.0000000000000000000, 0.0000000000000000000, -1.000000000000000000 ) ) ;
#7601 = PLANE ( 'NONE',  #10980 ) ;
#7602 = LINE ( 'NONE', #5134, #7853 ) ;
#7603 = EDGE_CURVE ( 'NONE', #8116, #719, #3709, .T. ) ;
#7604 = DIRECTION ( 'NONE',  ( -0.7071067811827340700, -0.7071067811903608600, -2.904677289025993300E-013 ) ) ;
#7605 = CARTESIAN_POINT ( 'NONE',  ( 0.0000000000000000000, 0.2500000000000000000, -0.3700000000000001600 ) ) ;
#7606 = ORIENTED_EDGE ( 'NONE', *, *, #1238, .T. ) ;
#7607 = EDGE_CURVE ( 'NONE', #8759, #10949, #10415, .T. ) ;
#7608 = EDGE_LOOP ( 'NONE', ( #9124, #4121, #9380, #4681, #2775, #4454, #10604, #5381, #7581, #10497, #9143, #10256, #9683, #2110, #8947 ) ) ;
#7609 = VECTOR ( 'NONE', #5717, 39.37007874015748100 ) ;
#7610 = ORIENTED_EDGE ( 'NONE', *, *, #10944, .T. ) ;
#7611 = DIRECTION ( 'NONE',  ( -0.0000000000000000000, 0.0000000000000000000, -1.000000000000000000 ) ) ;
#7612 = LINE ( 'NONE', #8286, #7637 ) ;
#7613 = FACE_OUTER_BOUND ( 'NONE', #4652, .T. ) ;
#7614 = SECURITY_CLASSIFICATION_LEVEL ( 'unclassified' ) ;
#7615 = ORIENTED_EDGE ( 'NONE', *, *, #4809, .T. ) ;
#7616 = ORIENTED_EDGE ( 'NONE', *, *, #7036, .F. ) ;
#7617 = CARTESIAN_POINT ( 'NONE',  ( 0.5802132034360694100, 0.03400000000091810800, 0.02499999999601028000 ) ) ;
#7618 = DIRECTION ( 'NONE',  ( -0.8934675157458196200, -0.4491278195647575600, -2.088883638616915800E-014 ) ) ;
#7619 = FACE_OUTER_BOUND ( 'NONE', #4833, .T. ) ;
#7620 = CARTESIAN_POINT ( 'NONE',  ( 1.097499999999999900, 0.05000000000000000300, -0.1499999999999999900 ) ) ;
#7621 = ORIENTED_EDGE ( 'NONE', *, *, #1954, .F. ) ;
#7622 = AXIS2_PLACEMENT_3D ( 'NONE', #10635, #4949, #1003 ) ;
#7623 = CARTESIAN_POINT ( 'NONE',  ( 0.3564999999999999800, 0.4749999999999999800, -0.3130000000000000600 ) ) ;
#7624 = VECTOR ( 'NONE', #3166, 39.37007874015748100 ) ;
#7625 = CARTESIAN_POINT ( 'NONE',  ( 0.8398306497136467400, 0.2337142671046477700, 0.0000000000000000000 ) ) ;
#7626 = VERTEX_POINT ( 'NONE', #10648 ) ;
#7627 = FACE_OUTER_BOUND ( 'NONE', #1686, .T. ) ;
#7628 = PLANE ( 'NONE',  #10206 ) ;
#7629 = PLANE ( 'NONE',  #3964 ) ;
#7630 = VERTEX_POINT ( 'NONE', #10580 ) ;
#7631 = CARTESIAN_POINT ( 'NONE',  ( 1.197499999999999800, 0.05000000000000000300, -0.1499999999999999900 ) ) ;
#7632 = ORIENTED_EDGE ( 'NONE', *, *, #9821, .F. ) ;
#7633 = ORIENTED_EDGE ( 'NONE', *, *, #9709, .F. ) ;
#7634 = ORIENTED_EDGE ( 'NONE', *, *, #8635, .T. ) ;
#7635 = LINE ( 'NONE', #3449, #10871 ) ;
#7636 = VERTEX_POINT ( 'NONE', #10651 ) ;
#7637 = VECTOR ( 'NONE', #3627, 39.37007874015748100 ) ;
#7638 = VECTOR ( 'NONE', #2084, 39.37007874015748100 ) ;
#7639 = EDGE_CURVE ( 'NONE', #715, #8188, #5536, .T. ) ;
#7640 = AXIS2_PLACEMENT_3D ( 'NONE', #111, #67, #11 ) ;
#7641 = DIRECTION ( 'NONE',  ( 0.0000000000000000000, -1.000000000000000000, -1.352399996863497400E-015 ) ) ;
#7642 = VERTEX_POINT ( 'NONE', #10520 ) ;
#7643 = DIRECTION ( 'NONE',  ( 1.000000000000000000, 9.478563083535225700E-013, -3.682339547527759300E-013 ) ) ;
#7644 = CC_DESIGN_SECURITY_CLASSIFICATION ( #7069, ( #11004 ) ) ;
#7646 = DIRECTION ( 'NONE',  ( -1.000000000000000000, 0.0000000000000000000, 0.0000000000000000000 ) ) ;
#7645 = VECTOR ( 'NONE', #1895, 39.37007874015748100 ) ;
#7647 = VECTOR ( 'NONE', #5202, 39.37007874015748100 ) ;
#7648 = CARTESIAN_POINT ( 'NONE',  ( 0.8374999999999999100, 0.2700000000000001800, -0.1480000000000000200 ) ) ;
#7649 = ORIENTED_EDGE ( 'NONE', *, *, #10954, .F. ) ;
#7650 = VECTOR ( 'NONE', #10851, 39.37007874015748100 ) ;
#7651 = CARTESIAN_POINT ( 'NONE',  ( 0.7374999999999998200, 0.3450000000000001400, -0.2220000000000000000 ) ) ;
#7652 = ORIENTED_EDGE ( 'NONE', *, *, #2853, .T. ) ;
#7653 = ORIENTED_EDGE ( 'NONE', *, *, #9167, .F. ) ;
#7654 =( REPRESENTATION_RELATIONSHIP ('NONE','NONE', #6361, #2501 ) REPRESENTATION_RELATIONSHIP_WITH_TRANSFORMATION ( #4707 )SHAPE_REPRESENTATION_RELATIONSHIP( ) );
#7655 = EDGE_CURVE ( 'NONE', #8649, #2618, #7745, .T. ) ;
#7656 = CARTESIAN_POINT ( 'NONE',  ( 0.4374999999999998900, 0.3907500000000009300, -0.05174999999999961600 ) ) ;
#7657 = VECTOR ( 'NONE', #8753, 39.37007874015748100 ) ;
#7658 = AXIS2_PLACEMENT_3D ( 'NONE', #9404, #5168, #4103 ) ;
#7659 = ORIENTED_EDGE ( 'NONE', *, *, #6297, .T. ) ;
#7660 = DIRECTION ( 'NONE',  ( -0.0000000000000000000, 0.0000000000000000000, 1.000000000000000000 ) ) ;
#7661 = CARTESIAN_POINT ( 'NONE',  ( 0.6132132034354841300, 0.03400000000140287300, -0.01499999999649283100 ) ) ;
#7662 = PLANE ( 'NONE',  #4960 ) ;
#7663 = FACE_OUTER_BOUND ( 'NONE', #7608, .T. ) ;
#7664 = ORIENTED_EDGE ( 'NONE', *, *, #3809, .F. ) ;
#7665 = CARTESIAN_POINT ( 'NONE',  ( 1.137499999999999700, 0.5580000000000000500, -0.1089999999999998500 ) ) ;
#7666 = ORIENTED_EDGE ( 'NONE', *, *, #3000, .F. ) ;
#7667 = CARTESIAN_POINT ( 'NONE',  ( 1.197499999999999800, 0.2700000000000001800, -0.1480000000000000200 ) ) ;
#7668 = PRODUCT_DEFINITION_SHAPE ( 'NONE', 'NONE',  #10997 ) ;
#7669 = CARTESIAN_POINT ( 'NONE',  ( 1.242499999999999900, 0.0000000000000000000, -0.3700000000000000000 ) ) ;
#7670 = ORIENTED_EDGE ( 'NONE', *, *, #9892, .T. ) ;
#7671 = VERTEX_POINT ( 'NONE', #10476 ) ;
#7672 = ORIENTED_EDGE ( 'NONE', *, *, #2297, .T. ) ;
#7673 = ORIENTED_EDGE ( 'NONE', *, *, #9017, .F. ) ;
#7674 = EDGE_CURVE ( 'NONE', #5037, #4288, #551, .T. ) ;
#7675 = EDGE_CURVE ( 'NONE', #6137, #9052, #9536, .T. ) ;
#7676 = VERTEX_POINT ( 'NONE', #10286 ) ;
#7677 = CARTESIAN_POINT ( 'NONE',  ( 1.097499999999999900, 0.2699999999999999100, -0.2210000000000000900 ) ) ;
#7678 = CIRCLE ( 'NONE', #2821, 0.009815670203805868300 ) ;
#7679 = ORIENTED_EDGE ( 'NONE', *, *, #1584, .F. ) ;
#7680 = DIRECTION ( 'NONE',  ( 1.000000000000000000, 0.0000000000000000000, -0.0000000000000000000 ) ) ;
#7681 = ORIENTED_EDGE ( 'NONE', *, *, #7747, .F. ) ;
#7682 = CARTESIAN_POINT ( 'NONE',  ( 0.8825288151001856600, 0.3318709691426853200, -0.01000000000000000000 ) ) ;
#7683 = FACE_OUTER_BOUND ( 'NONE', #5461, .T. ) ;
#7684 = DIRECTION ( 'NONE',  ( -1.000000000000000000, -9.480675684639138800E-013, 3.683270223217796200E-013 ) ) ;
#7685 = EDGE_CURVE ( 'NONE', #8788, #7630, #6959, .T. ) ;
#7686 = ORIENTED_EDGE ( 'NONE', *, *, #2978, .T. ) ;
#7687 = EDGE_CURVE ( 'NONE', #384, #7549, #235, .T. ) ;
#7688 = EDGE_CURVE ( 'NONE', #10987, #793, #5805, .T. ) ;
#7689 = CARTESIAN_POINT ( 'NONE',  ( 1.097499999999999900, 0.3450000000000002000, -0.09750000000000000300 ) ) ;
#7690 = DESIGN_CONTEXT ( 'detailed design', #6518, 'design' ) ;
#7691 = AXIS2_PLACEMENT_3D ( 'NONE', #2673, #2438, #2414 ) ;
#7692 = ORIENTED_EDGE ( 'NONE', *, *, #10352, .T. ) ;
#7693 = VECTOR ( 'NONE', #5565, 39.37007874015748100 ) ;
#7694 = DIRECTION ( 'NONE',  ( -1.000000000000000000, -0.0000000000000000000, 0.0000000000000000000 ) ) ;
#7695 = CARTESIAN_POINT ( 'NONE',  ( 0.3784999999999999500, 0.4749999999999999800, -0.2820000000000000300 ) ) ;
#7696 = CARTESIAN_POINT ( 'NONE',  ( 0.8462132034325551300, 0.02650000000077008500, 0.007499999993650490300 ) ) ;
#7697 = ORIENTED_EDGE ( 'NONE', *, *, #10515, .T. ) ;
#7698 = LINE ( 'NONE', #9863, #7593 ) ;
#7699 = DIRECTION ( 'NONE',  ( 0.0000000000000000000, 1.000000000000000000, 4.553079989440424900E-016 ) ) ;
#7700 = VERTEX_POINT ( 'NONE', #9092 ) ;
#7701 = CARTESIAN_POINT ( 'NONE',  ( 0.4374999999999998900, 0.3450000000000002000, -0.09750000000000005900 ) ) ;
#7702 = CIRCLE ( 'NONE', #6328, 0.009815670203811535700 ) ;
#7703 = ORIENTED_EDGE ( 'NONE', *, *, #6541, .F. ) ;
#7704 = APPROVAL ( #6549, 'UNSPECIFIED' ) ;
#7705 = ORIENTED_EDGE ( 'NONE', *, *, #3012, .F. ) ;
#7706 = DIRECTION ( 'NONE',  ( 1.000000000000000000, -0.0000000000000000000, -0.0000000000000000000 ) ) ;
#7707 = CARTESIAN_POINT ( 'NONE',  ( 0.7397108136348434800, 0.0000000000000000000, 0.0000000000000000000 ) ) ;
#7708 = VERTEX_POINT ( 'NONE', #9387 ) ;
#7709 = FACE_OUTER_BOUND ( 'NONE', #5339, .T. ) ;
#7710 = PLANE ( 'NONE',  #1382 ) ;
#7711 = ITEM_DEFINED_TRANSFORMATION ( 'NONE', 'NONE', #6640,  #8995 ) ;
#7712 = CARTESIAN_POINT ( 'NONE',  ( 1.197499999999999800, 0.5579999999999996100, -0.03900000000000018700 ) ) ;
#7713 = EDGE_CURVE ( 'NONE', #6560, #6995, #9314, .T. ) ;
#7714 = LINE ( 'NONE', #8769, #515 ) ;
#7715 = CARTESIAN_POINT ( 'NONE',  ( 0.8332132034392821800, 0.01600000000118334900, 0.01499999999908508000 ) ) ;
#7716 = AXIS2_PLACEMENT_3D ( 'NONE', #9171, #8932, #8865 ) ;
#7717 = DIRECTION ( 'NONE',  ( -9.473898398312560600E-013, -1.000000000000000000, -7.789823685997327600E-013 ) ) ;
#7718 = CIRCLE ( 'NONE', #1332, 0.009815670203841039800 ) ;
#7719 = LOCAL_TIME ( 13, 11, 25.00000000000000000, #9733 ) ;
#7720 = DIRECTION ( 'NONE',  ( 1.000000000000000000, 0.0000000000000000000, 0.0000000000000000000 ) ) ;
#7721 = ORIENTED_EDGE ( 'NONE', *, *, #9167, .T. ) ;
#7722 = PERSON_AND_ORGANIZATION_ROLE ( 'classification_officer' ) ;
#7723 = DIRECTION ( 'NONE',  ( 0.0000000000000000000, -3.691686477924679400E-015, -1.000000000000000000 ) ) ;
#7724 = VERTEX_POINT ( 'NONE', #9082 ) ;
#7725 = DIRECTION ( 'NONE',  ( 1.000000000000000000, 0.0000000000000000000, 0.0000000000000000000 ) ) ;
#7726 = ORIENTED_EDGE ( 'NONE', *, *, #3850, .T. ) ;
#7727 = VECTOR ( 'NONE', #9506, 39.37007874015748100 ) ;
#7728 = DIRECTION ( 'NONE',  ( -0.4491278195647576100, 0.8934675157458197300, 8.613638408816944500E-013 ) ) ;
#7729 = VECTOR ( 'NONE', #10380, 39.37007874015748100 ) ;
#7730 = LINE ( 'NONE', #6362, #5014 ) ;
#7731 = CARTESIAN_POINT ( 'NONE',  ( 0.4375000000000010000, 0.5999999999999999800, -0.3310000000000007400 ) ) ;
#7732 = PERSON_AND_ORGANIZATION ( #8983, #828 ) ;
#7733 = DIRECTION ( 'NONE',  ( -0.0000000000000000000, 0.0000000000000000000, 1.000000000000000000 ) ) ;
#7734 = AXIS2_PLACEMENT_3D ( 'NONE', #2041, #2038, #2024 ) ;
#7735 = EDGE_CURVE ( 'NONE', #8323, #9467, #10959, .T. ) ;
#7736 = EDGE_CURVE ( 'NONE', #3841, #2719, #5033, .T. ) ;
#7737 = CARTESIAN_POINT ( 'NONE',  ( 1.137499999999999700, 0.3450000000000001400, -0.2219999999999999800 ) ) ;
#7738 = LINE ( 'NONE', #3336, #5284 ) ;
#7739 = LINE ( 'NONE', #2783, #7729 ) ;
#7740 = VECTOR ( 'NONE', #1389, 39.37007874015748100 ) ;
#7741 = ORIENTED_EDGE ( 'NONE', *, *, #3138, .T. ) ;
#7742 = CARTESIAN_POINT ( 'NONE',  ( 0.3674999999999998300, 0.5600000000000003900, -0.1490000000000000800 ) ) ;
#7743 = CARTESIAN_POINT ( 'NONE',  ( 0.5374999999999999800, 0.5180000000000000200, -0.1089999999999999000 ) ) ;
#7744 = ORIENTED_EDGE ( 'NONE', *, *, #7988, .T. ) ;
#7745 = LINE ( 'NONE', #10504, #852 ) ;
#7746 = ORIENTED_EDGE ( 'NONE', *, *, #650, .F. ) ;
#7747 = EDGE_CURVE ( 'NONE', #397, #6604, #2567, .T. ) ;
#7748 = PLANE ( 'NONE',  #5910 ) ;
#7749 = EDGE_CURVE ( 'NONE', #2507, #9687, #6950, .T. ) ;
#7750 = LINE ( 'NONE', #1818, #559 ) ;
#7751 = AXIS2_PLACEMENT_3D ( 'NONE', #7605, #6842, #6941 ) ;
#7752 = DIRECTION ( 'NONE',  ( 0.0000000000000000000, -1.000000000000000000, 0.0000000000000000000 ) ) ;
#7753 = ORIENTED_EDGE ( 'NONE', *, *, #6789, .T. ) ;
#7754 = ORIENTED_EDGE ( 'NONE', *, *, #334, .F. ) ;
#7755 = ORIENTED_EDGE ( 'NONE', *, *, #4600, .F. ) ;
#7756 = DIRECTION ( 'NONE',  ( -0.0000000000000000000, 1.000000000000000000, -0.0000000000000000000 ) ) ;
#7757 = FACE_OUTER_BOUND ( 'NONE', #9645, .T. ) ;
#7758 = ORIENTED_EDGE ( 'NONE', *, *, #6484, .F. ) ;
#7759 = CARTESIAN_POINT ( 'NONE',  ( 0.5974999999999999200, 0.5579999999999999400, -0.2975000000000001000 ) ) ;
#7760 = CARTESIAN_POINT ( 'NONE',  ( 0.9974999999999999400, 0.3450000000000001400, -0.2220000000000000000 ) ) ;
#7761 = ORIENTED_EDGE ( 'NONE', *, *, #9531, .T. ) ;
#7762 = CARTESIAN_POINT ( 'NONE',  ( 0.8462132034320297700, 0.02650000000095240100, -0.01500000000701563600 ) ) ;
#7763 = LINE ( 'NONE', #2759, #5054 ) ;
#7764 = PERSON ( 'NAUO-PER17', 'UNSPECIFIED', 'UNSPECIFIED', ('UNSPECIFIED'), ('UNSPECIFIED'), ('UNSPECIFIED') ) ;
#7765 = ORIENTED_EDGE ( 'NONE', *, *, #10840, .F. ) ;
#7766 = DIRECTION ( 'NONE',  ( 1.000000000000000000, 0.0000000000000000000, 0.0000000000000000000 ) ) ;
#7767 = AXIS2_PLACEMENT_3D ( 'NONE', #5749, #267, #3618 ) ;
#7768 = ADVANCED_FACE ( 'NONE', ( #6689 ), #7849, .T. ) ;
#7769 = CARTESIAN_POINT ( 'NONE',  ( 0.3674999999999998300, 0.2699999999999999100, -0.2210000000000000900 ) ) ;
#7770 = CYLINDRICAL_SURFACE ( 'NONE', #1786, 0.03141014465221592800 ) ;
#7771 = AXIS2_PLACEMENT_3D ( 'NONE', #2810, #8762, #3744 ) ;
#7772 = VECTOR ( 'NONE', #1670, 39.37007874015748100 ) ;
#7773 = DIRECTION ( 'NONE',  ( 0.0000000000000000000, -1.000000000000000000, 0.0000000000000000000 ) ) ;
#7774 = ORIENTED_EDGE ( 'NONE', *, *, #1768, .T. ) ;
#7775 = ORIENTED_EDGE ( 'NONE', *, *, #4710, .F. ) ;
#7776 = DIRECTION ( 'NONE',  ( -1.000000000000000000, -9.478563083521717400E-013, 3.681989669454755000E-013 ) ) ;
#7777 = ORIENTED_EDGE ( 'NONE', *, *, #9422, .T. ) ;
#7778 = ORIENTED_EDGE ( 'NONE', *, *, #1844, .F. ) ;
#7779 = ORIENTED_EDGE ( 'NONE', *, *, #3156, .F. ) ;
#7780 = VECTOR ( 'NONE', #1170, 39.37007874015748100 ) ;
#7781 = DIRECTION ( 'NONE',  ( 0.0000000000000000000, 1.000000000000000000, 0.0000000000000000000 ) ) ;
#7782 = EDGE_CURVE ( 'NONE', #3720, #9145, #4739, .T. ) ;
#7783 = AXIS2_PLACEMENT_3D ( 'NONE', #6081, #2752, #4765 ) ;
#7784 = CARTESIAN_POINT ( 'NONE',  ( 0.3361881571558663600, 0.04400000000100367400, 0.006000000006273570300 ) ) ;
#7785 = CARTESIAN_POINT ( 'NONE',  ( 0.9885380533012652100, 0.2268432979619829900, 0.0000000000000000000 ) ) ;
#7786 = DIRECTION ( 'NONE',  ( 0.0000000000000000000, -4.553079989440441700E-016, 1.000000000000000000 ) ) ;
#7787 = CC_DESIGN_DATE_AND_TIME_ASSIGNMENT ( #7040, #4350, ( #5557 ) ) ;
#7788 = DIRECTION ( 'NONE',  ( 0.0000000000000000000, 1.707404996040164500E-016, -1.000000000000000000 ) ) ;
#7789 = DIRECTION ( 'NONE',  ( 1.000000000000000000, 0.0000000000000000000, 0.0000000000000000000 ) ) ;
#7790 = VERTEX_POINT ( 'NONE', #7522 ) ;
#7791 = ORIENTED_EDGE ( 'NONE', *, *, #3764, .T. ) ;
#7792 = EDGE_LOOP ( 'NONE', ( #2107, #5625, #3707, #2962 ) ) ;
#7793 = CARTESIAN_POINT ( 'NONE',  ( 0.3784999999999999500, 0.4749999999999999800, -0.3130000000000000600 ) ) ;
#7794 = VECTOR ( 'NONE', #2939, 39.37007874015748100 ) ;
#7796 = ORIENTED_EDGE ( 'NONE', *, *, #6856, .T. ) ;
#7795 = EDGE_LOOP ( 'NONE', ( #2028, #8272, #3690, #918 ) ) ;
#7797 = CARTESIAN_POINT ( 'NONE',  ( 0.8374999999999999100, 0.2700000000000001800, -0.1480000000000000200 ) ) ;
#7798 = CARTESIAN_POINT ( 'NONE',  ( 1.097499999999999900, 0.05000000000000000300, -0.2975000000000001000 ) ) ;
#7799 = DIRECTION ( 'NONE',  ( 0.0000000000000000000, 0.0000000000000000000, -1.000000000000000000 ) ) ;
#7800 = CARTESIAN_POINT ( 'NONE',  ( 1.267500000000000100, 0.4749999999999999800, -0.3130000000000000600 ) ) ;
#7801 = ORIENTED_EDGE ( 'NONE', *, *, #9653, .F. ) ;
#7802 = CARTESIAN_POINT ( 'NONE',  ( 1.242499999999999900, 0.05000000000000000300, -0.2725000000000000200 ) ) ;
#7803 = AXIS2_PLACEMENT_3D ( 'NONE', #1198, #1110, #10374 ) ;
#7804 = EDGE_CURVE ( 'NONE', #9021, #8172, #4478, .T. ) ;
#7805 = CIRCLE ( 'NONE', #7292, 0.03999999999999998000 ) ;
#7806 = ORIENTED_EDGE ( 'NONE', *, *, #7713, .T. ) ;
#7807 = CARTESIAN_POINT ( 'NONE',  ( 0.4974999999999998900, 0.2700000000000001800, -0.1480000000000000800 ) ) ;
#7808 = PLANE ( 'NONE',  #9307 ) ;
#7809 = VECTOR ( 'NONE', #2105, 39.37007874015748100 ) ;
#7810 = ORIENTED_EDGE ( 'NONE', *, *, #41, .F. ) ;
#7811 = CARTESIAN_POINT ( 'NONE',  ( 0.6974999999999999000, 0.5580000000000000500, -0.2975000000000000400 ) ) ;
#7812 = CARTESIAN_POINT ( 'NONE',  ( 0.3674999999999998300, 0.5600000000000003900, -0.1490000000000000800 ) ) ;
#7813 = LINE ( 'NONE', #4537, #9584 ) ;
#7814 = VERTEX_POINT ( 'NONE', #10442 ) ;
#7815 = VERTEX_POINT ( 'NONE', #9593 ) ;
#7816 = EDGE_CURVE ( 'NONE', #2454, #8165, #1643, .T. ) ;
#7817 = CARTESIAN_POINT ( 'NONE',  ( 0.1478113162194632800, 0.08117688916756478400, -0.02499999999825394700 ) ) ;
#7818 = EDGE_CURVE ( 'NONE', #1721, #8085, #4174, .T. ) ;
#7819 = CARTESIAN_POINT ( 'NONE',  ( 1.097499999999999900, 0.3450000000000002000, -0.09750000000000000300 ) ) ;
#7820 = CARTESIAN_POINT ( 'NONE',  ( 1.197499999999999800, 0.05000000000000000300, -0.2975000000000000400 ) ) ;
#7821 = CIRCLE ( 'NONE', #10570, 0.009815670203840902800 ) ;
#7822 = PLANE ( 'NONE',  #8852 ) ;
#7823 = ADVANCED_FACE ( 'NONE', ( #6187 ), #1324, .F. ) ;
#7824 = DIRECTION ( 'NONE',  ( -1.000000000000000000, 0.0000000000000000000, -0.0000000000000000000 ) ) ;
#7825 = FACE_OUTER_BOUND ( 'NONE', #8067, .T. ) ;
#7826 = EDGE_CURVE ( 'NONE', #1837, #2216, #8357, .T. ) ;
#7827 = AXIS2_PLACEMENT_3D ( 'NONE', #1917, #2429, #4506 ) ;
#7828 = ORIENTED_EDGE ( 'NONE', *, *, #5248, .T. ) ;
#7829 = AXIS2_PLACEMENT_3D ( 'NONE', #9430, #10411, #160 ) ;
#7830 = LOCAL_TIME ( 13, 11, 25.00000000000000000, #9824 ) ;
#7831 = CARTESIAN_POINT ( 'NONE',  ( 0.5878125455126279600, 0.03400000000074309600, 0.02258354980622795400 ) ) ;
#7832 = PRODUCT_DEFINITION_SHAPE ( 'NONE', 'NONE',  #11008 ) ;
#7833 = COORDINATED_UNIVERSAL_TIME_OFFSET ( 5, 0, .BEHIND. ) ;
#7834 = CARTESIAN_POINT ( 'NONE',  ( 1.037499999999999900, 0.5579999999999996100, -0.07249999999999996700 ) ) ;
#7835 = VECTOR ( 'NONE', #10233, 39.37007874015748100 ) ;
#7836 = CARTESIAN_POINT ( 'NONE',  ( 0.1299999999999994200, 0.2500000000000000000, -0.1210000000000000900 ) ) ;
#7837 = VERTEX_POINT ( 'NONE', #6686 ) ;
#7838 = DIRECTION ( 'NONE',  ( -1.000000000000000000, 0.0000000000000000000, 0.0000000000000000000 ) ) ;
#7839 = EDGE_CURVE ( 'NONE', #4204, #10191, #8109, .T. ) ;
#7840 = CARTESIAN_POINT ( 'NONE',  ( 1.267500000000000100, 0.5600000000000003900, -0.2210000000000000900 ) ) ;
#7841 = ORIENTED_EDGE ( 'NONE', *, *, #9473, .F. ) ;
#7842 = VERTEX_POINT ( 'NONE', #6566 ) ;
#7843 = CALENDAR_DATE ( 2019, 15, 10 ) ;
#7844 = AXIS2_PLACEMENT_3D ( 'NONE', #7246, #7788, #3330 ) ;
#7845 = CARTESIAN_POINT ( 'NONE',  ( 0.8825288151001876600, 0.3083133606535526400, -0.01000000000000000000 ) ) ;
#7846 = SECURITY_CLASSIFICATION ( '', '', #9077 ) ;
#7847 = LOCAL_TIME ( 13, 11, 25.00000000000000000, #9834 ) ;
#7848 = DIRECTION ( 'NONE',  ( 1.000000000000000000, -0.0000000000000000000, -0.0000000000000000000 ) ) ;
#7849 = PLANE ( 'NONE',  #9405 ) ;
#7850 = VECTOR ( 'NONE', #10702, 39.37007874015748100 ) ;
#7851 = FACE_OUTER_BOUND ( 'NONE', #4276, .T. ) ;
#7852 = CARTESIAN_POINT ( 'NONE',  ( 0.3674999999999998300, 0.2699999999999999100, -0.1490000000000000800 ) ) ;
#7853 = VECTOR ( 'NONE', #6698, 39.37007874015748100 ) ;
#7854 = DATE_AND_TIME ( #9845, #997 ) ;
#7855 = CARTESIAN_POINT ( 'NONE',  ( 0.6624999999999999800, 0.5180000000000000200, -0.2610000000000001200 ) ) ;
#7856 = ORIENTED_EDGE ( 'NONE', *, *, #3797, .F. ) ;
#7857 = CARTESIAN_POINT ( 'NONE',  ( 0.7083006689826733000, 0.2405852362473140900, 0.0000000000000000000 ) ) ;
#7858 = EDGE_CURVE ( 'NONE', #7724, #10331, #8573, .T. ) ;
#7859 = DIRECTION ( 'NONE',  ( -3.681989669462878400E-013, 7.789823685977714400E-013, 1.000000000000000000 ) ) ;
#7860 = AXIS2_PLACEMENT_3D ( 'NONE', #4265, #2599, #3875 ) ;
#7861 = VERTEX_POINT ( 'NONE', #6820 ) ;
#7862 = VECTOR ( 'NONE', #1230, 39.37007874015748100 ) ;
#7863 = CARTESIAN_POINT ( 'NONE',  ( 0.3462132034337366300, 0.1190000000021531600, 0.005999999998247947600 ) ) ;
#7864 = LENGTH_MEASURE_WITH_UNIT ( LENGTH_MEASURE( 0.02539999999999999900 ), #6180 );
#7865 = ORIENTED_EDGE ( 'NONE', *, *, #2315, .T. ) ;
#7866 = DIRECTION ( 'NONE',  ( 0.0000000000000000000, 0.7071067811865454600, -0.7071067811865496800 ) ) ;
#7867 = LINE ( 'NONE', #6194, #3844 ) ;
#7868 = CARTESIAN_POINT ( 'NONE',  ( 1.037499999999999900, 0.05000000000000014800, -0.2975000000000001000 ) ) ;
#7869 = ADVANCED_FACE ( 'NONE', ( #3551 ), #6576, .F. ) ;
#7870 = CARTESIAN_POINT ( 'NONE',  ( 0.5974999999999999200, 0.2699999999999999100, -0.2220000000000000900 ) ) ;
#7871 = AXIS2_PLACEMENT_3D ( 'NONE', #6535, #10900, #6353 ) ;
#7872 = LINE ( 'NONE', #9023, #2977 ) ;
#7873 = CARTESIAN_POINT ( 'NONE',  ( 0.4374999999999998900, 0.3450000000000002000, -0.09750000000000005900 ) ) ;
#7874 = EDGE_CURVE ( 'NONE', #9698, #1541, #7867, .T. ) ;
#7875 = CARTESIAN_POINT ( 'NONE',  ( 0.4374999999999998900, 0.2700000000000001800, -0.1480000000000000800 ) ) ;
#7876 = VERTEX_POINT ( 'NONE', #6258 ) ;
#7877 = EDGE_CURVE ( 'NONE', #475, #2836, #10085, .T. ) ;
#7878 = CARTESIAN_POINT ( 'NONE',  ( 0.0000000000000000000, 0.0000000000000000000, 0.0000000000000000000 ) ) ;
#7879 = CARTESIAN_POINT ( 'NONE',  ( 1.044978156973165800, 0.0000000000000000000, -0.01000000000000000000 ) ) ;
#7880 = EDGE_LOOP ( 'NONE', ( #724, #2477, #7692, #4922 ) ) ;
#7881 = ORIENTED_EDGE ( 'NONE', *, *, #2819, .F. ) ;
#7882 = VECTOR ( 'NONE', #6614, 39.37007874015748100 ) ;
#7883 = ORIENTED_EDGE ( 'NONE', *, *, #62, .F. ) ;
#7884 = CARTESIAN_POINT ( 'NONE',  ( 1.137499999999999700, 0.3450000000000002000, -0.2724999999999999600 ) ) ;
#7885 = VECTOR ( 'NONE', #4476, 39.37007874015748100 ) ;
#7886 = ORIENTED_EDGE ( 'NONE', *, *, #7161, .F. ) ;
#7887 = VECTOR ( 'NONE', #756, 39.37007874015748100 ) ;
#7888 = ORIENTED_EDGE ( 'NONE', *, *, #4305, .T. ) ;
#7889 = DIRECTION ( 'NONE',  ( -1.000000000000000000, -0.0000000000000000000, -0.0000000000000000000 ) ) ;
#7890 = ORIENTED_EDGE ( 'NONE', *, *, #9951, .F. ) ;
#7891 = DIRECTION ( 'NONE',  ( -0.0000000000000000000, 0.0000000000000000000, 1.000000000000000000 ) ) ;
#7892 = CARTESIAN_POINT ( 'NONE',  ( 0.6832707099630099800, 0.4231567020380508400, -0.01000000000000000000 ) ) ;
#7893 = EDGE_CURVE ( 'NONE', #491, #7388, #9857, .T. ) ;
#7894 = VECTOR ( 'NONE', #7060, 39.37007874015748100 ) ;
#7895 = ADVANCED_FACE ( 'NONE', ( #5407 ), #6114, .T. ) ;
#7896 = EDGE_CURVE ( 'NONE', #10576, #3565, #2973, .T. ) ;
#7897 = EDGE_CURVE ( 'NONE', #2624, #6240, #5657, .T. ) ;
#7898 = DIRECTION ( 'NONE',  ( 0.0000000000000000000, -1.000000000000000000, -1.979599995408885400E-016 ) ) ;
#7899 = AXIS2_PLACEMENT_3D ( 'NONE', #10961, #6415, #10379 ) ;
#7900 = LINE ( 'NONE', #6065, #3284 ) ;
#7901 = DIRECTION ( 'NONE',  ( 0.0000000000000000000, -5.691349986800549600E-017, 1.000000000000000000 ) ) ;
#7902 = VERTEX_POINT ( 'NONE', #5755 ) ;
#7903 = CIRCLE ( 'NONE', #2020, 0.009815670203822599700 ) ;
#7904 = CARTESIAN_POINT ( 'NONE',  ( 0.4372132034346176100, 0.02549999999928255500, 0.02500000000155866100 ) ) ;
#7905 = ORIENTED_EDGE ( 'NONE', *, *, #1286, .F. ) ;
#7906 = LINE ( 'NONE', #4792, #7647 ) ;
#7907 = LINE ( 'NONE', #7954, #730 ) ;
#7908 = DIRECTION ( 'NONE',  ( 0.0000000000000000000, 0.0000000000000000000, 1.000000000000000000 ) ) ;
#7909 = DIRECTION ( 'NONE',  ( -3.681989669462878400E-013, 7.789823685977714400E-013, 1.000000000000000000 ) ) ;
#7910 = AXIS2_PLACEMENT_3D ( 'NONE', #8037, #4415, #9541 ) ;
#7911 = DIRECTION ( 'NONE',  ( -1.000000000000000000, -0.0000000000000000000, -0.0000000000000000000 ) ) ;
#7912 = CC_DESIGN_PERSON_AND_ORGANIZATION_ASSIGNMENT ( #4861, #8892, ( #7350 ) ) ;
#7913 = ORIENTED_EDGE ( 'NONE', *, *, #4283, .F. ) ;
#7914 = CIRCLE ( 'NONE', #1215, 0.01850000000000008900 ) ;
#7915 = DIRECTION ( 'NONE',  ( 1.000000000000000000, 0.0000000000000000000, 0.0000000000000000000 ) ) ;
#7916 = ORIENTED_EDGE ( 'NONE', *, *, #1019, .T. ) ;
#7917 = CARTESIAN_POINT ( 'NONE',  ( 0.1299999999999994200, 0.2500000000000000000, -0.1850000000000000800 ) ) ;
#7918 = VERTEX_POINT ( 'NONE', #5769 ) ;
#7919 = VERTEX_POINT ( 'NONE', #5685 ) ;
#7920 = ORIENTED_EDGE ( 'NONE', *, *, #9358, .T. ) ;
#7921 = VERTEX_POINT ( 'NONE', #5675 ) ;
#7922 = EDGE_CURVE ( 'NONE', #3703, #2506, #389, .T. ) ;
#7923 = LINE ( 'NONE', #342, #9686 ) ;
#7924 = ORIENTED_EDGE ( 'NONE', *, *, #9420, .F. ) ;
#7925 = VERTEX_POINT ( 'NONE', #5703 ) ;
#7926 = DIRECTION ( 'NONE',  ( 0.0000000000000000000, -1.352399996863497400E-015, -1.000000000000000000 ) ) ;
#7927 = CARTESIAN_POINT ( 'NONE',  ( 0.8332132034392821800, 0.01600000000118334900, 0.01499999999908508000 ) ) ;
#7928 = DIRECTION ( 'NONE',  ( 0.0000000000000000000, 1.000000000000000000, 4.553079989440424900E-016 ) ) ;
#7929 = ADVANCED_FACE ( 'NONE', ( #5167, #70, #7343 ), #5622, .T. ) ;
#7930 = DIRECTION ( 'NONE',  ( 0.0000000000000000000, 1.000000000000000000, 0.0000000000000000000 ) ) ;
#7932 = ORIENTED_EDGE ( 'NONE', *, *, #5609, .T. ) ;
#7931 = ADVANCED_FACE ( 'NONE', ( #9188 ), #5446, .F. ) ;
#7933 = DIRECTION ( 'NONE',  ( -0.0000000000000000000, -0.0000000000000000000, 1.000000000000000000 ) ) ;
#7934 = VECTOR ( 'NONE', #10823, 39.37007874015748100 ) ;
#7935 = CARTESIAN_POINT ( 'NONE',  ( 0.5624999999999998900, 0.5180000000000000200, -0.1489999999999998800 ) ) ;
#7936 = ORIENTED_EDGE ( 'NONE', *, *, #6386, .F. ) ;
#7937 = DIRECTION ( 'NONE',  ( 0.0000000000000000000, 1.000000000000000000, 4.553079989440424900E-016 ) ) ;
#7938 = PLANE ( 'NONE',  #4580 ) ;
#7939 = AXIS2_PLACEMENT_3D ( 'NONE', #1744, #10685, #10546 ) ;
#7940 = EDGE_CURVE ( 'NONE', #1837, #10447, #4876, .T. ) ;
#7941 = EDGE_CURVE ( 'NONE', #9407, #9214, #7075, .T. ) ;
#7942 = CARTESIAN_POINT ( 'NONE',  ( 0.9021601555077879400, 0.2366589681657876300, -0.01000000000000000000 ) ) ;
#7943 = VECTOR ( 'NONE', #3908, 39.37007874015748100 ) ;
#7944 = ADVANCED_FACE ( 'NONE', ( #2398 ), #4604, .F. ) ;
#7945 = CARTESIAN_POINT ( 'NONE',  ( 0.7675000000022228500, 0.6712132034341625800, -0.3100000000010568700 ) ) ;
#7946 = PLANE ( 'NONE',  #766 ) ;
#7947 = CIRCLE ( 'NONE', #1625, 0.006000000000000086000 ) ;
#7948 = EDGE_CURVE ( 'NONE', #919, #8165, #9637, .T. ) ;
#7949 = EDGE_CURVE ( 'NONE', #1375, #4010, #10850, .T. ) ;
#7950 = AXIS2_PLACEMENT_3D ( 'NONE', #9760, #10657, #7010 ) ;
#7951 = CARTESIAN_POINT ( 'NONE',  ( 0.8923444853039821400, 0.0000000000000000000, -0.01000000000000000000 ) ) ;
#7952 = APPROVAL_PERSON_ORGANIZATION ( #9942, #9797, #6870 ) ;
#7953 = VECTOR ( 'NONE', #3282, 39.37007874015748100 ) ;
#7954 = CARTESIAN_POINT ( 'NONE',  ( 0.8462132034384647300, 0.01600000000082096900, 0.007499999997176759800 ) ) ;
#7955 = ORIENTED_EDGE ( 'NONE', *, *, #6979, .F. ) ;
#7956 = DIRECTION ( 'NONE',  ( -1.000000000000000000, 0.0000000000000000000, 0.0000000000000000000 ) ) ;
#7957 = ORGANIZATION ( 'NAUO-ORG4', 'UNSPECIFIED', 'UNSPECIFIED' ) ;
#7958 = CARTESIAN_POINT ( 'NONE',  ( 1.347499999999999700, 0.2500000000000000000, 0.0000000000000000000 ) ) ;
#7959 = APPROVAL_DATE_TIME ( #9947, #3991 ) ;
#7960 = ORIENTED_EDGE ( 'NONE', *, *, #1565, .T. ) ;
#7961 =( GEOMETRIC_REPRESENTATION_CONTEXT ( 3 ) GLOBAL_UNCERTAINTY_ASSIGNED_CONTEXT ( ( #3286 ) ) GLOBAL_UNIT_ASSIGNED_CONTEXT ( ( #6215, #681, #7028 ) ) REPRESENTATION_CONTEXT ( 'NONE', 'WORKASPACE' ) );
#7962 = ORIENTED_EDGE ( 'NONE', *, *, #5937, .T. ) ;
#7963 = FACE_OUTER_BOUND ( 'NONE', #8249, .T. ) ;
#7964 = DIRECTION ( 'NONE',  ( -0.0000000000000000000, -0.0000000000000000000, 1.000000000000000000 ) ) ;
#7965 = VECTOR ( 'NONE', #7089, 39.37007874015748100 ) ;
#7966 = VECTOR ( 'NONE', #6333, 39.37007874015748100 ) ;
#7967 = CALENDAR_DATE ( 2019, 15, 10 ) ;
#7968 = ORIENTED_EDGE ( 'NONE', *, *, #3945, .T. ) ;
#7969 = ADVANCED_FACE ( 'NONE', ( #8690 ), #4557, .T. ) ;
#7970 = DIRECTION ( 'NONE',  ( 1.000000000000000200, 8.055057399101522600E-012, -5.203623633218455500E-012 ) ) ;
#7971 = EDGE_CURVE ( 'NONE', #5518, #6232, #4323, .T. ) ;
#7972 = LINE ( 'NONE', #317, #7727 ) ;
#7973 = AXIS2_PLACEMENT_3D ( 'NONE', #5293, #6219, #8589 ) ;
#7974 = LINE ( 'NONE', #5408, #3693 ) ;
#7975 = CC_DESIGN_APPROVAL ( #7430, ( #6330 ) ) ;
#7976 = CARTESIAN_POINT ( 'NONE',  ( 1.037499999999999900, 0.5180000000000000200, -0.2610000000000000700 ) ) ;
#7977 = ORIENTED_EDGE ( 'NONE', *, *, #420, .T. ) ;
#7978 = DIRECTION ( 'NONE',  ( 3.681989669447371300E-013, 7.789823685984692700E-013, 1.000000000000000000 ) ) ;
#7979 = CARTESIAN_POINT ( 'NONE',  ( 1.037499999999999900, 0.2700000000000001800, -0.1480000000000000200 ) ) ;
#7980 = CARTESIAN_POINT ( 'NONE',  ( 1.137499999999999700, 0.2700000000000001800, -0.1480000000000000200 ) ) ;
#7981 = CYLINDRICAL_SURFACE ( 'NONE', #8339, 0.009815670203803203800 ) ;
#7982 = DIRECTION ( 'NONE',  ( 1.000000000000000000, 0.0000000000000000000, 0.0000000000000000000 ) ) ;
#7983 = VECTOR ( 'NONE', #9787, 39.37007874015748100 ) ;
#7984 = EDGE_LOOP ( 'NONE', ( #5344, #6596, #4648, #6831, #5224, #5359, #125, #5686, #165 ) ) ;
#7985 = CARTESIAN_POINT ( 'NONE',  ( 0.1332132034356680000, 0.03400000000050515400, -0.01300000000163757700 ) ) ;
#7986 = CYLINDRICAL_SURFACE ( 'NONE', #3340, 0.006000000000000086000 ) ;
#7987 = EDGE_CURVE ( 'NONE', #7630, #10376, #2075, .T. ) ;
#7988 = EDGE_CURVE ( 'NONE', #9605, #117, #1774, .T. ) ;
#7989 = SHAPE_REPRESENTATION ( '345 Part_Flush Mounting Lugs - 0.128 Dia', ( #8995 ), #7961 ) ;
#7990 = EDGE_LOOP ( 'NONE', ( #91, #3277, #10638, #5587 ) ) ;
#7991 = ORIENTED_EDGE ( 'NONE', *, *, #312, .T. ) ;
#7992 = FACE_OUTER_BOUND ( 'NONE', #5332, .T. ) ;
#7993 = VERTEX_POINT ( 'NONE', #4032 ) ;
#7994 = LINE ( 'NONE', #10849, #7983 ) ;
#7995 = ORIENTED_EDGE ( 'NONE', *, *, #10363, .F. ) ;
#7996 = PLANE ( 'NONE',  #2275 ) ;
#7997 = ORIENTED_EDGE ( 'NONE', *, *, #1007, .F. ) ;
#7998 = FACE_OUTER_BOUND ( 'NONE', #9567, .T. ) ;
#7999 = ORIENTED_EDGE ( 'NONE', *, *, #7940, .T. ) ;
#8000 = DIRECTION ( 'NONE',  ( -0.0000000000000000000, -0.0000000000000000000, 1.000000000000000000 ) ) ;
#8001 = VERTEX_POINT ( 'NONE', #4159 ) ;
#8002 = EDGE_LOOP ( 'NONE', ( #1607, #6788, #1464, #7632 ) ) ;
#8003 = LINE ( 'NONE', #2816, #9759 ) ;
#8004 = CARTESIAN_POINT ( 'NONE',  ( 0.5974999999999999200, 0.05000000000000014800, -0.07250000000000003700 ) ) ;
#8005 = LINE ( 'NONE', #7330, #7885 ) ;
#8006 = EDGE_CURVE ( 'NONE', #3083, #6060, #3998, .T. ) ;
#8007 = EDGE_CURVE ( 'NONE', #1779, #10923, #8464, .T. ) ;
#8008 = LINE ( 'NONE', #5242, #1189 ) ;
#8009 = DIRECTION ( 'NONE',  ( -8.054752014271279800E-012, -1.000000000000000000, 9.472423642657713700E-013 ) ) ;
#8010 = DIRECTION ( 'NONE',  ( 0.0000000000000000000, -1.000000000000000000, 1.352399996863497400E-015 ) ) ;
#8011 = ORIENTED_EDGE ( 'NONE', *, *, #4283, .T. ) ;
#8012 = ORIENTED_EDGE ( 'NONE', *, *, #549, .F. ) ;
#8013 = EDGE_LOOP ( 'NONE', ( #9758, #5575, #565, #247 ) ) ;
#8014 = VECTOR ( 'NONE', #2685, 39.37007874015748100 ) ;
#8015 = DIRECTION ( 'NONE',  ( 0.3030303030337324100, -4.551261505745297400E-013, -0.9529809208180846100 ) ) ;
#8016 = LINE ( 'NONE', #2984, #3148 ) ;
#8017 = DIRECTION ( 'NONE',  ( 1.000000000000000000, 0.0000000000000000000, 0.0000000000000000000 ) ) ;
#8018 = ORIENTED_EDGE ( 'NONE', *, *, #7331, .F. ) ;
#8019 = CARTESIAN_POINT ( 'NONE',  ( 0.1462132034356681000, 0.03399999999891210900, -0.01300000000240058300 ) ) ;
#8020 = ORIENTED_EDGE ( 'NONE', *, *, #2209, .T. ) ;
#8021 = ORIENTED_EDGE ( 'NONE', *, *, #8862, .T. ) ;
#8022 = EDGE_CURVE ( 'NONE', #9698, #8788, #6552, .T. ) ;
#8023 = ADVANCED_FACE ( 'NONE', ( #1159 ), #7981, .T. ) ;
#8024 = EDGE_LOOP ( 'NONE', ( #89, #3943, #6159, #4160 ) ) ;
#8025 = EDGE_CURVE ( 'NONE', #50, #7918, #1467, .T. ) ;
#8026 = CYLINDRICAL_SURFACE ( 'NONE', #9808, 0.03150000000000006300 ) ;
#8027 = DIRECTION ( 'NONE',  ( 1.000000000000000000, 0.0000000000000000000, 0.0000000000000000000 ) ) ;
#8028 = ORIENTED_EDGE ( 'NONE', *, *, #710, .F. ) ;
#8029 = ORIENTED_EDGE ( 'NONE', *, *, #7174, .T. ) ;
#8030 = AXIS2_PLACEMENT_3D ( 'NONE', #653, #5189, #5174 ) ;
#8031 = CARTESIAN_POINT ( 'NONE',  ( 0.1462132034342828500, 0.02799999999884365800, -0.02499999999346201200 ) ) ;
#8032 = ORIENTED_EDGE ( 'NONE', *, *, #4780, .F. ) ;
#8033 = VECTOR ( 'NONE', #2443, 39.37007874015748100 ) ;
#8034 = ORIENTED_EDGE ( 'NONE', *, *, #9568, .T. ) ;
#8035 = DIRECTION ( 'NONE',  ( -0.0000000000000000000, 0.0000000000000000000, -1.000000000000000000 ) ) ;
#8036 = CC_DESIGN_PERSON_AND_ORGANIZATION_ASSIGNMENT ( #8660, #9742, ( #5289 ) ) ;
#8037 = CARTESIAN_POINT ( 'NONE',  ( -1.378577015171061900E-015, 0.3318709691426816600, -0.01000000000000000000 ) ) ;
#8038 = ORIENTED_EDGE ( 'NONE', *, *, #8139, .F. ) ;
#8039 =( NAMED_UNIT ( * ) SI_UNIT ( $, .STERADIAN. ) SOLID_ANGLE_UNIT ( ) );
#8040 = EDGE_LOOP ( 'NONE', ( #6278, #4252, #3650, #721 ) ) ;
#8041 = CARTESIAN_POINT ( 'NONE',  ( 1.037499999999999900, 0.2700000000000001800, -0.1480000000000000200 ) ) ;
#8042 = VECTOR ( 'NONE', #5089, 39.37007874015748100 ) ;
#8043 = ORIENTED_EDGE ( 'NONE', *, *, #7118, .F. ) ;
#8044 = DIRECTION ( 'NONE',  ( -1.000000000000000000, 0.0000000000000000000, 0.0000000000000000000 ) ) ;
#8045 = VERTEX_POINT ( 'NONE', #3597 ) ;
#8046 = DIRECTION ( 'NONE',  ( 0.0000000000000000000, -0.0000000000000000000, 1.000000000000000000 ) ) ;
#8047 = DIRECTION ( 'NONE',  ( 1.000000000000000000, -0.0000000000000000000, -0.0000000000000000000 ) ) ;
#8048 = EDGE_CURVE ( 'NONE', #9630, #7919, #3408, .T. ) ;
#8049 = AXIS2_PLACEMENT_3D ( 'NONE', #2243, #2533, #2342 ) ;
#8050 = CARTESIAN_POINT ( 'NONE',  ( 0.3924999999999996800, 0.05000000000000000300, -0.2200000000000000000 ) ) ;
#8051 = VECTOR ( 'NONE', #10815, 39.37007874015748900 ) ;
#8052 = DIRECTION ( 'NONE',  ( -1.000000000000000000, 0.0000000000000000000, 0.0000000000000000000 ) ) ;
#8053 = CARTESIAN_POINT ( 'NONE',  ( 0.9374999999999998900, 0.2700000000000001800, -0.1480000000000000200 ) ) ;
#8054 = LINE ( 'NONE', #7656, #10250 ) ;
#8055 = ORIENTED_EDGE ( 'NONE', *, *, #6605, .T. ) ;
#8056 = PLANE ( 'NONE',  #6718 ) ;
#8057 = EDGE_CURVE ( 'NONE', #589, #3684, #9970, .T. ) ;
#8058 = EDGE_CURVE ( 'NONE', #6500, #8618, #9748, .T. ) ;
#8059 = CARTESIAN_POINT ( 'NONE',  ( 0.8374999999999999100, 0.3450000000000002000, -0.2725000000000000200 ) ) ;
#8060 = ADVANCED_FACE ( 'NONE', ( #542 ), #3763, .F. ) ;
#8061 = VERTEX_POINT ( 'NONE', #3497 ) ;
#8062 = LINE ( 'NONE', #7631, #10049 ) ;
#8063 = ADVANCED_FACE ( 'NONE', ( #7476 ), #3346, .F. ) ;
#8064 = EDGE_LOOP ( 'NONE', ( #4345, #2622, #8957, #2571 ) ) ;
#8065 = APPLICATION_PROTOCOL_DEFINITION ( 'international standard', 'config_control_design', 1994, #1929 ) ;
#8066 = CARTESIAN_POINT ( 'NONE',  ( 0.8374999999999999100, 0.3450000000000001400, -0.1479999999999999900 ) ) ;
#8067 = EDGE_LOOP ( 'NONE', ( #9342, #4670, #290, #628 ) ) ;
#8068 = VECTOR ( 'NONE', #8811, 39.37007874015748100 ) ;
#8069 = COORDINATED_UNIVERSAL_TIME_OFFSET ( 5, 0, .BEHIND. ) ;
#8070 = CARTESIAN_POINT ( 'NONE',  ( 0.6057269153529276600, 0.0000000000000000000, 0.0000000000000000000 ) ) ;
#8071 = VERTEX_POINT ( 'NONE', #3522 ) ;
#8072 = EDGE_CURVE ( 'NONE', #4699, #7626, #7738, .T. ) ;
#8073 = VECTOR ( 'NONE', #9917, 39.37007874015748100 ) ;
#8074 = VERTEX_POINT ( 'NONE', #3223 ) ;
#8075 = EDGE_CURVE ( 'NONE', #2719, #469, #3110, .T. ) ;
#8076 = EDGE_CURVE ( 'NONE', #3456, #5474, #2824, .T. ) ;
#8077 = CARTESIAN_POINT ( 'NONE',  ( 0.8923444853039821400, 0.3826670498449319900, 0.0000000000000000000 ) ) ;
#8078 = AXIS2_PLACEMENT_3D ( 'NONE', #4295, #4268, #3644 ) ;
#8079 = DIRECTION ( 'NONE',  ( 1.000000000000000000, 0.0000000000000000000, 0.0000000000000000000 ) ) ;
#8080 = ORIENTED_EDGE ( 'NONE', *, *, #1259, .F. ) ;
#8081 = ITEM_DEFINED_TRANSFORMATION ( 'NONE', 'NONE', #10908,  #8995 ) ;
#8082 = CARTESIAN_POINT ( 'NONE',  ( 0.9374999999999998900, 0.5999999999999999800, -0.2974999999999999900 ) ) ;
#8083 = CONTEXT_DEPENDENT_SHAPE_REPRESENTATION ( #9111, #1479 ) ;
#8084 = CARTESIAN_POINT ( 'NONE',  ( 0.8089112885716688300, 0.0000000000000000000, -0.01000000000000000000 ) ) ;
#8085 = VERTEX_POINT ( 'NONE', #3118 ) ;
#8086 = ORIENTED_EDGE ( 'NONE', *, *, #6871, .T. ) ;
#8087 = LINE ( 'NONE', #10684, #991 ) ;
#8088 = LINE ( 'NONE', #1873, #8068 ) ;
#8089 = VECTOR ( 'NONE', #9699, 39.37007874015748100 ) ;
#8090 = CARTESIAN_POINT ( 'NONE',  ( 1.242499999999999900, 0.05000000000000000300, -0.1499999999999999900 ) ) ;
#8091 = LINE ( 'NONE', #9458, #7966 ) ;
#8092 = PERSON_AND_ORGANIZATION ( #8983, #828 ) ;
#8093 = AXIS2_PLACEMENT_3D ( 'NONE', #6428, #5015, #5095 ) ;
#8094 = CARTESIAN_POINT ( 'NONE',  ( 0.4374999999999998900, 0.5999999999999999800, -0.2974999999999999900 ) ) ;
#8095 = CC_DESIGN_PERSON_AND_ORGANIZATION_ASSIGNMENT ( #6677, #6663, ( #5899 ) ) ;
#8096 = VERTEX_POINT ( 'NONE', #3171 ) ;
#8097 = DIRECTION ( 'NONE',  ( -1.000000000000000000, 0.0000000000000000000, 0.0000000000000000000 ) ) ;
#8098 = DIRECTION ( 'NONE',  ( 3.681989669462878400E-013, -7.789823685977714400E-013, -1.000000000000000000 ) ) ;
#8099 = CARTESIAN_POINT ( 'NONE',  ( 1.267500000000000100, 0.5600000000000003900, -0.2210000000000000900 ) ) ;
#8100 = LINE ( 'NONE', #1459, #9849 ) ;
#8101 = CARTESIAN_POINT ( 'NONE',  ( 0.6374999999999998400, 0.5999999999999999800, -0.2974999999999999900 ) ) ;
#8102 = DIRECTION ( 'NONE',  ( 0.0000000000000000000, -1.352399996863497400E-015, -1.000000000000000000 ) ) ;
#8103 = APPROVAL_ROLE ( '' ) ;
#8104 = EDGE_CURVE ( 'NONE', #8570, #10863, #3699, .T. ) ;
#8105 = PLANE ( 'NONE',  #7844 ) ;
#8106 = ORIENTED_EDGE ( 'NONE', *, *, #9678, .T. ) ;
#8107 = AXIS2_PLACEMENT_3D ( 'NONE', #4445, #6751, #746 ) ;
#8108 = ORIENTED_EDGE ( 'NONE', *, *, #10929, .F. ) ;
#8109 = LINE ( 'NONE', #6879, #5925 ) ;
#8110 = ORIENTED_EDGE ( 'NONE', *, *, #7639, .F. ) ;
#8111 = CARTESIAN_POINT ( 'NONE',  ( 0.7974999999999998800, 0.2700000000000001800, -0.1480000000000000500 ) ) ;
#8112 = VECTOR ( 'NONE', #8953, 39.37007874015748100 ) ;
#8113 = ORIENTED_EDGE ( 'NONE', *, *, #2776, .F. ) ;
#8114 = CARTESIAN_POINT ( 'NONE',  ( 0.6734550397591690900, 0.0000000000000000000, -0.01000000000000000000 ) ) ;
#8115 = CARTESIAN_POINT ( 'NONE',  ( 1.037499999999999900, 0.3450000000000001400, -0.1479999999999999900 ) ) ;
#8116 = VERTEX_POINT ( 'NONE', #3010 ) ;
#8117 = VERTEX_POINT ( 'NONE', #3032 ) ;
#8118 = EDGE_LOOP ( 'NONE', ( #416, #4161, #1933, #3865 ) ) ;
#8119 = ADVANCED_FACE ( 'NONE', ( #9309 ), #2919, .F. ) ;
#8120 = VECTOR ( 'NONE', #9729, 39.37007874015748100 ) ;
#8121 = DIRECTION ( 'NONE',  ( 0.0000000000000000000, 0.0000000000000000000, -1.000000000000000000 ) ) ;
#8122 = CARTESIAN_POINT ( 'NONE',  ( 0.9374999999999998900, 0.2700000000000001800, -0.1480000000000000200 ) ) ;
#8123 = ORIENTED_EDGE ( 'NONE', *, *, #8498, .F. ) ;
#8124 = VECTOR ( 'NONE', #618, 39.37007874015748100 ) ;
#8125 = EDGE_CURVE ( 'NONE', #5068, #4218, #9528, .T. ) ;
#8126 = EDGE_LOOP ( 'NONE', ( #5917, #132, #9585, #7236 ) ) ;
#8127 = CARTESIAN_POINT ( 'NONE',  ( 1.635000000000000000, 0.0000000000000000000, 0.0000000000000000000 ) ) ;
#8128 = DIRECTION ( 'NONE',  ( -1.000000000000000000, 0.0000000000000000000, 0.0000000000000000000 ) ) ;
#8129 = VECTOR ( 'NONE', #7204, 39.37007874015748100 ) ;
#8130 =( BOUNDED_CURVE ( )  B_SPLINE_CURVE ( 3, ( #10584, #10664, #4332, #4117 ),
 .UNSPECIFIED., .F., .F. ) 
 B_SPLINE_CURVE_WITH_KNOTS ( ( 4, 4 ),
 ( 4.712388980412281800, 4.749434490253820600 ),
 .UNSPECIFIED. ) 
 CURVE ( )  GEOMETRIC_REPRESENTATION_ITEM ( )  RATIONAL_B_SPLINE_CURVE ( ( 1.000000000000000000, 0.9998856391198006600, 0.9998856391198006600, 1.000000000000000000 ) ) 
 REPRESENTATION_ITEM ( '' )  );
#8131 = EDGE_LOOP ( 'NONE', ( #2445, #1702, #10307, #1475, #2877, #5705, #8858, #9468, #7881, #1055, #5079, #6453, #7251, #3752, #4690, #10764, #2580, #1684, #10968, #7936 ) ) ;
#8132 = LINE ( 'NONE', #9949, #3502 ) ;
#8133 = PLANE ( 'NONE',  #10958 ) ;
#8134 = VECTOR ( 'NONE', #10031, 39.37007874015748100 ) ;
#8135 = CARTESIAN_POINT ( 'NONE',  ( 0.7374999999999998200, 0.3450000000000002000, -0.2725000000000000200 ) ) ;
#8136 = ORIENTED_EDGE ( 'NONE', *, *, #1235, .T. ) ;
#8137 = EDGE_LOOP ( 'NONE', ( #1493, #7924, #7149, #1177 ) ) ;
#8138 = CARTESIAN_POINT ( 'NONE',  ( 0.8825288151001879900, 0.3181290308573496200, -0.01000000000000000000 ) ) ;
#8139 = EDGE_CURVE ( 'NONE', #233, #2851, #7202, .T. ) ;
#8140 = LINE ( 'NONE', #6044, #1050 ) ;
#8141 = VERTEX_POINT ( 'NONE', #2754 ) ;
#8142 = CARTESIAN_POINT ( 'NONE',  ( 0.3674999999999998300, 0.2699999999999999100, -0.2210000000000000900 ) ) ;
#8143 = EDGE_CURVE ( 'NONE', #3039, #6305, #6943, .T. ) ;
#8144 = PERSON_AND_ORGANIZATION_ROLE ( 'design_supplier' ) ;
#8145 = CARTESIAN_POINT ( 'NONE',  ( 1.114178631909972000, 0.3637718973050384500, -0.01000000000000000000 ) ) ;
#8146 = AXIS2_PLACEMENT_3D ( 'NONE', #451, #440, #411 ) ;
#8147 = LINE ( 'NONE', #4342, #5698 ) ;
#8148 = ADVANCED_FACE ( 'NONE', ( #10952 ), #2626, .F. ) ;
#8149 = EDGE_LOOP ( 'NONE', ( #7212, #7828, #9262, #3167 ) ) ;
#8150 = CARTESIAN_POINT ( 'NONE',  ( 0.3462132034350290900, 0.01250000000062013300, 0.006000000001004928000 ) ) ;
#8151 = ORIENTED_EDGE ( 'NONE', *, *, #3924, .F. ) ;
#8152 = ORIENTED_EDGE ( 'NONE', *, *, #2239, .F. ) ;
#8153 = CARTESIAN_POINT ( 'NONE',  ( 0.4974999999999998900, 0.3450000000000002000, -0.2725000000000000200 ) ) ;
#8154 = FACE_OUTER_BOUND ( 'NONE', #1980, .T. ) ;
#8155 = CARTESIAN_POINT ( 'NONE',  ( 0.8398306497136467400, 0.3826670624473477700, 0.0000000000000000000 ) ) ;
#8156 = CARTESIAN_POINT ( 'NONE',  ( 1.097499999999999500, 0.2699999999999999100, -0.2210000000000000900 ) ) ;
#8157 = DIRECTION ( 'NONE',  ( -3.681989669462878400E-013, 7.789823685977714400E-013, 1.000000000000000000 ) ) ;
#8158 = PRODUCT_DEFINITION_SHAPE ( 'NONE', 'NONE',  #11001 ) ;
#8159 = CARTESIAN_POINT ( 'NONE',  ( 0.7083006689826733000, 0.2719953808994843300, -0.01000000000000000000 ) ) ;
#8160 = ORIENTED_EDGE ( 'NONE', *, *, #7395, .T. ) ;
#8161 = AXIS2_PLACEMENT_3D ( 'NONE', #9566, #441, #7035 ) ;
#8162 = ORIENTED_EDGE ( 'NONE', *, *, #161, .F. ) ;
#8163 = AXIS2_PLACEMENT_3D ( 'NONE', #2012, #2982, #8880 ) ;
#8164 = DIRECTION ( 'NONE',  ( 3.681989669462878400E-013, -7.789823685977714400E-013, -1.000000000000000000 ) ) ;
#8165 = VERTEX_POINT ( 'NONE', #2473 ) ;
#8166 = FACE_OUTER_BOUND ( 'NONE', #2791, .T. ) ;
#8167 = CARTESIAN_POINT ( 'NONE',  ( 0.0000000000000000000, 0.2268432979619829900, -0.01000000000000000000 ) ) ;
#8168 = VERTEX_POINT ( 'NONE', #2356 ) ;
#8169 = VECTOR ( 'NONE', #8027, 39.37007874015748100 ) ;
#8170 = CARTESIAN_POINT ( 'NONE',  ( 0.3674999999999998300, 0.2699999999999999100, -0.1490000000000000800 ) ) ;
#8171 = PLANE ( 'NONE',  #2086 ) ;
#8172 = VERTEX_POINT ( 'NONE', #2576 ) ;
#8173 = EDGE_CURVE ( 'NONE', #3552, #8849, #6680, .T. ) ;
#8174 = EDGE_LOOP ( 'NONE', ( #7571, #1891, #6427, #5814 ) ) ;
#8175 = CARTESIAN_POINT ( 'NONE',  ( 0.9787223830974584000, 0.2366589681657897700, -0.01000000000000000000 ) ) ;
#8176 = CYLINDRICAL_SURFACE ( 'NONE', #2200, 0.009815670203806891800 ) ;
#8177 = ADVANCED_FACE ( 'NONE', ( #2246 ), #10748, .F. ) ;
#8178 = DIRECTION ( 'NONE',  ( 0.0000000000000000000, 0.0000000000000000000, -1.000000000000000000 ) ) ;
#8179 = CARTESIAN_POINT ( 'NONE',  ( 0.5878125455090621500, 0.01600000000061399500, 0.02258354980247794700 ) ) ;
#8180 = ORIENTED_EDGE ( 'NONE', *, *, #10779, .F. ) ;
#8181 = APPROVAL ( #7580, 'UNKNOWN' ) ;
#8182 = ORIENTED_EDGE ( 'NONE', *, *, #3136, .F. ) ;
#8183 = PERSON_AND_ORGANIZATION_ROLE ( 'creator' ) ;
#8184 = DIRECTION ( 'NONE',  ( -0.0000000000000000000, -0.0000000000000000000, 1.000000000000000000 ) ) ;
#8185 = ORIENTED_EDGE ( 'NONE', *, *, #9328, .T. ) ;
#8186 = LINE ( 'NONE', #1301, #7943 ) ;
#8187 = EDGE_CURVE ( 'NONE', #1239, #9791, #9064, .T. ) ;
#8188 = VERTEX_POINT ( 'NONE', #1890 ) ;
#8189 = CARTESIAN_POINT ( 'NONE',  ( 1.114178631909940000, 0.2965345564089702500, -0.01000000000000000000 ) ) ;
#8190 = ORIENTED_EDGE ( 'NONE', *, *, #8410, .F. ) ;
#8191 = LINE ( 'NONE', #4094, #7809 ) ;
#8192 = AXIS2_PLACEMENT_3D ( 'NONE', #10590, #9000, #7564 ) ;
#8193 = ORIENTED_EDGE ( 'NONE', *, *, #6765, .F. ) ;
#8194 = DIRECTION ( 'NONE',  ( 0.0000000000000000000, -1.871128762783746500E-015, -1.000000000000000000 ) ) ;
#8195 = VECTOR ( 'NONE', #9112, 39.37007874015748100 ) ;
#8196 = DIRECTION ( 'NONE',  ( 1.000000000000000000, 0.0000000000000000000, 0.0000000000000000000 ) ) ;
#8197 = EDGE_LOOP ( 'NONE', ( #5235, #3952, #7796, #579 ) ) ;
#8198 = CARTESIAN_POINT ( 'NONE',  ( 1.037499999999999900, 0.5580000000000000500, -0.09750000000000039200 ) ) ;
#8199 = VERTEX_POINT ( 'NONE', #1887 ) ;
#8200 = CARTESIAN_POINT ( 'NONE',  ( 0.6371370600051093900, 0.2405852362473084000, -0.01000000000000000000 ) ) ;
#8201 = CARTESIAN_POINT ( 'NONE',  ( 1.137499999999999700, 0.5579999999999999400, -0.2975000000000000400 ) ) ;
#8202 = CALENDAR_DATE ( 2019, 15, 10 ) ;
#8203 = LINE ( 'NONE', #8719, #10155 ) ;
#8204 = ORIENTED_EDGE ( 'NONE', *, *, #10012, .F. ) ;
#8205 = EDGE_CURVE ( 'NONE', #1489, #10901, #1921, .T. ) ;
#8206 = DIRECTION ( 'NONE',  ( 1.000000000000000000, 0.0000000000000000000, 0.0000000000000000000 ) ) ;
#8207 = DIRECTION ( 'NONE',  ( -0.0000000000000000000, -0.0000000000000000000, 1.000000000000000000 ) ) ;
#8208 = EDGE_CURVE ( 'NONE', #9687, #7354, #2556, .T. ) ;
#8209 = ORIENTED_EDGE ( 'NONE', *, *, #3852, .T. ) ;
#8210 = DIRECTION ( 'NONE',  ( 0.0000000000000000000, -3.691686477924679400E-015, -1.000000000000000000 ) ) ;
#8211 = COORDINATED_UNIVERSAL_TIME_OFFSET ( 5, 0, .BEHIND. ) ;
#8212 = CARTESIAN_POINT ( 'NONE',  ( 0.5848420742557984800, 0.01600000000000752200, 0.02352810471303187100 ) ) ;
#8213 = ORIENTED_EDGE ( 'NONE', *, *, #8224, .T. ) ;
#8214 = DATE_AND_TIME ( #10162, #1438 ) ;
#8215 = APPROVAL_STATUS ( 'not_yet_approved' ) ;
#8217 = CARTESIAN_POINT ( 'NONE',  ( 0.5974999999999999200, 0.5580000000000000500, -0.2975000000000000400 ) ) ;
#8216 = LINE ( 'NONE', #4505, #9955 ) ;
#8218 = ORIENTED_EDGE ( 'NONE', *, *, #571, .F. ) ;
#8219 = CYLINDRICAL_SURFACE ( 'NONE', #1975, 0.009815670203841039800 ) ;
#8220 =( BOUNDED_CURVE ( )  B_SPLINE_CURVE ( 3, ( #6236, #5885, #3947, #4614 ),
 .UNSPECIFIED., .F., .F. ) 
 B_SPLINE_CURVE_WITH_KNOTS ( ( 4, 4 ),
 ( 1.551927282602326700, 1.570796326764456200 ),
 .UNSPECIFIED. ) 
 CURVE ( )  GEOMETRIC_REPRESENTATION_ITEM ( )  RATIONAL_B_SPLINE_CURVE ( ( 1.000000000000000000, 0.9999703301511115900, 0.9999703301511115900, 1.000000000000000000 ) ) 
 REPRESENTATION_ITEM ( '' )  );
#8221 = DATE_AND_TIME ( #10166, #1448 ) ;
#8222 = EDGE_CURVE ( 'NONE', #6257, #2415, #8567, .T. ) ;
#8223 = EDGE_CURVE ( 'NONE', #6308, #4802, #4164, .T. ) ;
#8224 = EDGE_CURVE ( 'NONE', #7815, #3986, #8347, .T. ) ;
#8225 = AXIS2_PLACEMENT_3D ( 'NONE', #1751, #2920, #2917 ) ;
#8226 = ORIENTED_EDGE ( 'NONE', *, *, #5496, .T. ) ;
#8227 = DIRECTION ( 'NONE',  ( 0.0000000000000000000, 0.0000000000000000000, 1.000000000000000000 ) ) ;
#8228 = FACE_OUTER_BOUND ( 'NONE', #1592, .T. ) ;
#8229 = CARTESIAN_POINT ( 'NONE',  ( 0.3924999999999996800, 0.05000000000000000300, -0.2200000000000000000 ) ) ;
#8230 = LINE ( 'NONE', #1348, #529 ) ;
#8231 = ADVANCED_FACE ( 'NONE', ( #1636 ), #1704, .F. ) ;
#8232 = ADVANCED_FACE ( 'NONE', ( #10079 ), #1620, .F. ) ;
#8233 = CARTESIAN_POINT ( 'NONE',  ( 0.9374999999999998900, 0.3450000000000002000, -0.09750000000000001700 ) ) ;
#8234 = VECTOR ( 'NONE', #3630, 39.37007874015748100 ) ;
#8235 = EDGE_LOOP ( 'NONE', ( #8391, #10058, #10913, #4524, #6509, #2267 ) ) ;
#8236 = DIRECTION ( 'NONE',  ( -0.0000000000000000000, -0.0000000000000000000, 1.000000000000000000 ) ) ;
#8237 = CC_DESIGN_APPROVAL ( #7704, ( #6036 ) ) ;
#8238 = LINE ( 'NONE', #5956, #5796 ) ;
#8239 = DIRECTION ( 'NONE',  ( -0.0000000000000000000, -0.0000000000000000000, 1.000000000000000000 ) ) ;
#8240 = ORIENTED_EDGE ( 'NONE', *, *, #1738, .T. ) ;
#8241 = LINE ( 'NONE', #3076, #1169 ) ;
#8242 = ORIENTED_EDGE ( 'NONE', *, *, #2945, .T. ) ;
#8243 = ORIENTED_EDGE ( 'NONE', *, *, #8125, .F. ) ;
#8244 = CARTESIAN_POINT ( 'NONE',  ( 0.3924999999999996800, 0.05000000000000000300, 0.0000000000000000000 ) ) ;
#8245 = VECTOR ( 'NONE', #7928, 39.37007874015748100 ) ;
#8246 = SECURITY_CLASSIFICATION_LEVEL ( 'unclassified' ) ;
#8247 = EDGE_CURVE ( 'NONE', #2241, #8702, #5918, .T. ) ;
#8248 = DIRECTION ( 'NONE',  ( 0.0000000000000000000, 1.000000000000000000, -0.0000000000000000000 ) ) ;
#8249 = EDGE_LOOP ( 'NONE', ( #1730, #1529, #5252, #5180, #2940, #7582, #9712, #4151, #1672 ) ) ;
#8250 = VERTEX_POINT ( 'NONE', #1778 ) ;
#8251 = CARTESIAN_POINT ( 'NONE',  ( 1.054793827176977200, 0.3539562271012334200, -0.01000000000000000000 ) ) ;
#8252 = ORIENTED_EDGE ( 'NONE', *, *, #8755, .T. ) ;
#8253 = ORIENTED_EDGE ( 'NONE', *, *, #9876, .F. ) ;
#8254 = LINE ( 'NONE', #5444, #3431 ) ;
#8255 = DIRECTION ( 'NONE',  ( 1.000000000000000000, 0.0000000000000000000, 0.0000000000000000000 ) ) ;
#8256 = VERTEX_POINT ( 'NONE', #1524 ) ;
#8257 = FACE_BOUND ( 'NONE', #2869, .T. ) ;
#8258 = ORIENTED_EDGE ( 'NONE', *, *, #8048, .F. ) ;
#8259 = DIRECTION ( 'NONE',  ( 0.0000000000000000000, -1.000000000000000000, -4.553079989440441700E-016 ) ) ;
#8260 = CARTESIAN_POINT ( 'NONE',  ( 0.5974999999999999200, 0.5580000000000000500, -0.2610000000000001200 ) ) ;
#8261 = ORIENTED_EDGE ( 'NONE', *, *, #396, .T. ) ;
#8262 = CIRCLE ( 'NONE', #8445, 0.06399999999999984900 ) ;
#8263 = DIRECTION ( 'NONE',  ( 0.0000000000000000000, 1.000000000000000000, 4.553079989440424900E-016 ) ) ;
#8264 = AXIS2_PLACEMENT_3D ( 'NONE', #4035, #3940, #3831 ) ;
#8265 = EDGE_CURVE ( 'NONE', #8172, #5942, #8100, .T. ) ;
#8266 = EDGE_CURVE ( 'NONE', #3751, #10080, #1001, .T. ) ;
#8267 = VECTOR ( 'NONE', #2652, 39.37007874015748100 ) ;
#8268 = VERTEX_POINT ( 'NONE', #1427 ) ;
#8269 = ORIENTED_EDGE ( 'NONE', *, *, #6876, .F. ) ;
#8270 = ORIENTED_EDGE ( 'NONE', *, *, #1791, .F. ) ;
#8271 = VECTOR ( 'NONE', #10983, 39.37007874015748100 ) ;
#8272 = ORIENTED_EDGE ( 'NONE', *, *, #9474, .F. ) ;
#8273 = ORIENTED_EDGE ( 'NONE', *, *, #7243, .T. ) ;
#8274 = CARTESIAN_POINT ( 'NONE',  ( 0.5374999999999999800, 0.5580000000000000500, -0.07249999999999998100 ) ) ;
#8275 = DIRECTION ( 'NONE',  ( 1.000000000000000000, 0.0000000000000000000, 0.0000000000000000000 ) ) ;
#8276 = ADVANCED_FACE ( 'NONE', ( #3243 ), #1482, .F. ) ;
#8277 = DIRECTION ( 'NONE',  ( 1.000000000000000000, 0.0000000000000000000, -0.0000000000000000000 ) ) ;
#8278 = EDGE_CURVE ( 'NONE', #8632, #230, #9629, .T. ) ;
#8279 = EDGE_LOOP ( 'NONE', ( #998, #200, #4484, #6740 ) ) ;
#8280 = EDGE_CURVE ( 'NONE', #6770, #3767, #682, .T. ) ;
#8281 = ORIENTED_EDGE ( 'NONE', *, *, #8460, .T. ) ;
#8282 =( REPRESENTATION_RELATIONSHIP ('NONE','NONE', #6361, #2501 ) REPRESENTATION_RELATIONSHIP_WITH_TRANSFORMATION ( #9723 )SHAPE_REPRESENTATION_RELATIONSHIP( ) );
#8283 = DIRECTION ( 'NONE',  ( -0.0000000000000000000, 0.0000000000000000000, 1.000000000000000000 ) ) ;
#8284 = LINE ( 'NONE', #2191, #1540 ) ;
#8285 = ORIENTED_EDGE ( 'NONE', *, *, #296, .T. ) ;
#8286 = CARTESIAN_POINT ( 'NONE',  ( 0.8374999999999999100, 0.2700000000000001800, -0.1480000000000000200 ) ) ;
#8287 = ORIENTED_EDGE ( 'NONE', *, *, #4190, .T. ) ;
#8288 = CARTESIAN_POINT ( 'NONE',  ( 0.5463421106199221100, 0.2366589681657897700, -0.01000000000000000000 ) ) ;
#8289 = VECTOR ( 'NONE', #10605, 39.37007874015748100 ) ;
#8290 = VERTEX_POINT ( 'NONE', #1190 ) ;
#8291 = DIRECTION ( 'NONE',  ( 0.0000000000000000000, -1.352399996863497400E-015, -1.000000000000000000 ) ) ;
#8292 = ORIENTED_EDGE ( 'NONE', *, *, #8901, .F. ) ;
#8293 = AXIS2_PLACEMENT_3D ( 'NONE', #3897, #3928, #5325 ) ;
#8294 = AXIS2_PLACEMENT_3D ( 'NONE', #9533, #4700, #10232 ) ;
#8295 = LINE ( 'NONE', #9308, #9801 ) ;
#8296 = ORIENTED_EDGE ( 'NONE', *, *, #6554, .T. ) ;
#8297 = ORIENTED_EDGE ( 'NONE', *, *, #10142, .T. ) ;
#8298 = DIRECTION ( 'NONE',  ( 0.0000000000000000000, -1.871128762783745300E-015, 1.000000000000000000 ) ) ;
#8299 = DIRECTION ( 'NONE',  ( -0.0000000000000000000, 0.0000000000000000000, -1.000000000000000000 ) ) ;
#8300 = DIRECTION ( 'NONE',  ( 0.0000000000000000000, 1.871128762783746500E-015, 1.000000000000000000 ) ) ;
#8301 = EDGE_CURVE ( 'NONE', #6232, #3452, #3543, .T. ) ;
#8302 = VERTEX_POINT ( 'NONE', #1307 ) ;
#8303 = CARTESIAN_POINT ( 'NONE',  ( 0.6506336064154142300, 0.2268432979619855200, -0.01000000000000000000 ) ) ;
#8304 = AXIS2_PLACEMENT_3D ( 'NONE', #4250, #9884, #5046 ) ;
#8305 = FACE_OUTER_BOUND ( 'NONE', #4078, .T. ) ;
#8306 = CC_DESIGN_PERSON_AND_ORGANIZATION_ASSIGNMENT ( #2027, #9960, ( #5557 ) ) ;
#8307 = CARTESIAN_POINT ( 'NONE',  ( 0.7374999999999998200, 0.3450000000000002000, -0.2725000000000000200 ) ) ;
#8308 = VECTOR ( 'NONE', #147, 39.37007874015748100 ) ;
#8309 = VECTOR ( 'NONE', #5645, 39.37007874015748100 ) ;
#8310 = UNCERTAINTY_MEASURE_WITH_UNIT (LENGTH_MEASURE( 1.000000000000000100E-005 ), #3583, 'distance_accuracy_value', 'NONE');
#8311 = ORIENTED_EDGE ( 'NONE', *, *, #2388, .F. ) ;
#8312 = AXIS2_PLACEMENT_3D ( 'NONE', #9656, #2050, #1297 ) ;
#8313 = DIRECTION ( 'NONE',  ( 1.000000000000000000, 0.0000000000000000000, 0.0000000000000000000 ) ) ;
#8314 = EDGE_CURVE ( 'NONE', #3898, #5792, #7598, .T. ) ;
#8315 = LINE ( 'NONE', #1694, #8308 ) ;
#8316 = ORIENTED_EDGE ( 'NONE', *, *, #5179, .T. ) ;
#8317 = APPROVAL_PERSON_ORGANIZATION ( #10263, #5611, #1251 ) ;
#8318 = DIRECTION ( 'NONE',  ( 1.000000000000000000, -0.0000000000000000000, -0.0000000000000000000 ) ) ;
#8319 = ORIENTED_EDGE ( 'NONE', *, *, #189, .T. ) ;
#8320 = ADVANCED_FACE ( 'NONE', ( #5399 ), #931, .F. ) ;
#8321 = CARTESIAN_POINT ( 'NONE',  ( 1.137499999999999700, 0.05000000000000014800, -0.2975000000000000400 ) ) ;
#8322 = PERSON_AND_ORGANIZATION ( #4312, #10265 ) ;
#8323 = VERTEX_POINT ( 'NONE', #1073 ) ;
#8324 = LINE ( 'NONE', #9639, #1605 ) ;
#8325 = ORIENTED_EDGE ( 'NONE', *, *, #525, .F. ) ;
#8326 = DIRECTION ( 'NONE',  ( -0.0000000000000000000, 1.000000000000000000, -0.0000000000000000000 ) ) ;
#8327 = ORIENTED_EDGE ( 'NONE', *, *, #2562, .F. ) ;
#8328 = LINE ( 'NONE', #7286, #8169 ) ;
#8329 = APPROVAL_DATE_TIME ( #10273, #10196 ) ;
#8330 = CARTESIAN_POINT ( 'NONE',  ( 0.4375000000000010000, 0.5580000000000000500, -0.2975000000000000400 ) ) ;
#8331 = DIRECTION ( 'NONE',  ( 0.0000000000000000000, 1.352399996863497200E-015, -1.000000000000000000 ) ) ;
#8332 = DATE_AND_TIME ( #10274, #1617 ) ;
#8333 = ORIENTED_EDGE ( 'NONE', *, *, #6876, .T. ) ;
#8334 = EDGE_CURVE ( 'NONE', #8168, #922, #9409, .T. ) ;
#8335 = EDGE_CURVE ( 'NONE', #1355, #4955, #5155, .T. ) ;
#8336 = VECTOR ( 'NONE', #1143, 39.37007874015748100 ) ;
#8337 = CARTESIAN_POINT ( 'NONE',  ( 0.4974999999999998900, 0.5580000000000000500, -0.2610000000000001200 ) ) ;
#8338 = VERTEX_POINT ( 'NONE', #471 ) ;
#8339 = AXIS2_PLACEMENT_3D ( 'NONE', #3750, #3966, #3741 ) ;
#8340 = LINE ( 'NONE', #4123, #1626 ) ;
#8341 = CARTESIAN_POINT ( 'NONE',  ( 0.8374999999999999100, 0.5579999999999996100, -0.09749999999999962900 ) ) ;
#8342 = CIRCLE ( 'NONE', #8353, 0.03999999999999998000 ) ;
#8343 = LOCAL_TIME ( 13, 11, 25.00000000000000000, #10282 ) ;
#8344 = PERSON_AND_ORGANIZATION_ROLE ( 'classification_officer' ) ;
#8345 = DIRECTION ( 'NONE',  ( 1.000000000000000000, -0.0000000000000000000, -0.0000000000000000000 ) ) ;
#8346 = DIRECTION ( 'NONE',  ( 0.0000000000000000000, 0.0000000000000000000, 1.000000000000000000 ) ) ;
#8347 = LINE ( 'NONE', #1725, #1312 ) ;
#8348 = PERSON ( 'NAUO-PER12', 'UNSPECIFIED', 'UNSPECIFIED', ('UNSPECIFIED'), ('UNSPECIFIED'), ('UNSPECIFIED') ) ;
#8349 = FACE_OUTER_BOUND ( 'NONE', #5048, .T. ) ;
#8350 = CIRCLE ( 'NONE', #7261, 0.006870969142663458500 ) ;
#8351 = EDGE_CURVE ( 'NONE', #10106, #5845, #2698, .T. ) ;
#8352 = LINE ( 'NONE', #3542, #1315 ) ;
#8353 = AXIS2_PLACEMENT_3D ( 'NONE', #10203, #7694, #4346 ) ;
#8354 = AXIS2_PLACEMENT_3D ( 'NONE', #10836, #6266, #733 ) ;
#8355 = EDGE_LOOP ( 'NONE', ( #2594, #7389, #1319, #1632 ) ) ;
#8356 = DIRECTION ( 'NONE',  ( -1.000000000000000000, -0.0000000000000000000, -0.0000000000000000000 ) ) ;
#8358 = DIRECTION ( 'NONE',  ( 0.0000000000000000000, -3.691686477924679400E-015, -1.000000000000000000 ) ) ;
#8357 = LINE ( 'NONE', #6632, #10527 ) ;
#8359 = ORIENTED_EDGE ( 'NONE', *, *, #10260, .F. ) ;
#8360 = LINE ( 'NONE', #5950, #8466 ) ;
#8361 = VECTOR ( 'NONE', #1046, 39.37007874015748100 ) ;
#8362 = EDGE_LOOP ( 'NONE', ( #7289, #368, #7999, #10328 ) ) ;
#8363 = EDGE_CURVE ( 'NONE', #2220, #4760, #53, .T. ) ;
#8364 = VERTEX_POINT ( 'NONE', #940 ) ;
#8365 = PLANE ( 'NONE',  #5205 ) ;
#8366 = DIRECTION ( 'NONE',  ( 0.0000000000000000000, 1.000000000000000000, 0.0000000000000000000 ) ) ;
#8367 = VECTOR ( 'NONE', #2081, 39.37007874015748100 ) ;
#8368 = CC_DESIGN_SECURITY_CLASSIFICATION ( #7846, ( #11001 ) ) ;
#8369 = CARTESIAN_POINT ( 'NONE',  ( 0.8374999999999999100, 0.3450000000000002000, -0.09750000000000001700 ) ) ;
#8370 = FACE_OUTER_BOUND ( 'NONE', #2263, .T. ) ;
#8371 = DIRECTION ( 'NONE',  ( 1.000000000000000000, 9.476886098033806800E-013, -3.681526647536350200E-013 ) ) ;
#8372 = VERTEX_POINT ( 'NONE', #291 ) ;
#8373 = DIRECTION ( 'NONE',  ( -1.000000000000000000, -0.0000000000000000000, -0.0000000000000000000 ) ) ;
#8374 = LINE ( 'NONE', #6901, #4189 ) ;
#8375 = CARTESIAN_POINT ( 'NONE',  ( 1.137499999999999700, 0.2699999999999999100, -0.2220000000000000000 ) ) ;
#8376 = ORIENTED_EDGE ( 'NONE', *, *, #275, .T. ) ;
#8377 = ADVANCED_FACE ( 'NONE', ( #7064 ), #253, .F. ) ;
#8378 = ORIENTED_EDGE ( 'NONE', *, *, #8265, .F. ) ;
#8379 = VERTEX_POINT ( 'NONE', #399 ) ;
#8380 = LINE ( 'NONE', #7355, #1351 ) ;
#8381 = DATE_TIME_ROLE ( 'classification_date' ) ;
#8382 = VECTOR ( 'NONE', #8758, 39.37007874015748100 ) ;
#8383 = EDGE_CURVE ( 'NONE', #8599, #10136, #2389, .T. ) ;
#8384 = CARTESIAN_POINT ( 'NONE',  ( 0.8374999999999999100, 0.2700000000000001800, -0.1490000000000000800 ) ) ;
#8385 = CARTESIAN_POINT ( 'NONE',  ( 0.8974999999999999600, 0.3450000000000002000, -0.09750000000000001700 ) ) ;
#8386 = LINE ( 'NONE', #5560, #3873 ) ;
#8387 = ORIENTED_EDGE ( 'NONE', *, *, #5333, .T. ) ;
#8388 = VERTEX_POINT ( 'NONE', #203 ) ;
#8389 = DIRECTION ( 'NONE',  ( 1.000000000000000000, 0.0000000000000000000, 0.0000000000000000000 ) ) ;
#8390 = LINE ( 'NONE', #9670, #1364 ) ;
#8391 = ORIENTED_EDGE ( 'NONE', *, *, #763, .T. ) ;
#8392 = CARTESIAN_POINT ( 'NONE',  ( 1.267500000000000100, 0.4749999999999999800, -0.3130000000000000600 ) ) ;
#8393 = CARTESIAN_POINT ( 'NONE',  ( 0.4374999999999998900, 0.5999999999999999800, -0.2974999999999999900 ) ) ;
#8394 = DIRECTION ( 'NONE',  ( -9.473898398312560600E-013, -1.000000000000000000, -7.789823685997327600E-013 ) ) ;
#8395 = PLANE ( 'NONE',  #9734 ) ;
#8396 = VERTEX_POINT ( 'NONE', #131 ) ;
#8397 = EDGE_LOOP ( 'NONE', ( #9131, #6244, #10278, #4572, #10718, #10804, #1431, #8634, #4424, #9812, #1244, #10564, #10158, #10736, #9916, #6929, #4284, #8297, #5109, #4368, #7573, #568, #5707, #7572, #7298, #7050, #7221, #10212, #4892, #2412, #6791, #7073, #4310, #4376, #8733, #748, #5459, #7920, #3312, #7396, #2755, #9496, #6647, #7029, #7046, #10161, #3505, #8213, #8436, #7595, #1755, #8882, #10035, #10053, #3927, #6768, #9368, #8672, #1255, #5658, #1893, #1871, #3535, #2868, #667, #5596, #6393, #8110 ) ) ;
#8398 = EDGE_CURVE ( 'NONE', #4542, #7167, #9181, .T. ) ;
#8399 = LINE ( 'NONE', #6252, #6229 ) ;
#8400 = ORIENTED_EDGE ( 'NONE', *, *, #9580, .F. ) ;
#8401 = EDGE_CURVE ( 'NONE', #8290, #7876, #8930, .T. ) ;
#8402 = VERTEX_POINT ( 'NONE', #100 ) ;
#8403 = DIRECTION ( 'NONE',  ( 1.000000000000000000, 0.0000000000000000000, 0.0000000000000000000 ) ) ;
#8404 = ORIENTED_EDGE ( 'NONE', *, *, #10792, .F. ) ;
#8405 = DIRECTION ( 'NONE',  ( 1.000000000000000000, 0.0000000000000000000, 0.0000000000000000000 ) ) ;
#8406 = EDGE_LOOP ( 'NONE', ( #4874, #850, #7672, #6364 ) ) ;
#8407 = DIRECTION ( 'NONE',  ( -1.000000000000000000, -0.0000000000000000000, -0.0000000000000000000 ) ) ;
#8408 = DIRECTION ( 'NONE',  ( 0.0000000000000000000, -1.000000000000000000, -1.979599995408886100E-016 ) ) ;
#8409 = VECTOR ( 'NONE', #1842, 39.37007874015748100 ) ;
#8410 = EDGE_CURVE ( 'NONE', #283, #3023, #10844, .T. ) ;
#8411 = EDGE_CURVE ( 'NONE', #2762, #8788, #6802, .T. ) ;
#8412 = EDGE_CURVE ( 'NONE', #7514, #3688, #6543, .T. ) ;
#8413 = APPROVAL_ROLE ( '' ) ;
#8414 = ORIENTED_EDGE ( 'NONE', *, *, #10809, .F. ) ;
#8415 = DIRECTION ( 'NONE',  ( -0.0000000000000000000, -0.0000000000000000000, 1.000000000000000000 ) ) ;
#8416 = ORIENTED_EDGE ( 'NONE', *, *, #6646, .T. ) ;
#8417 = CARTESIAN_POINT ( 'NONE',  ( 0.3674999999999998300, 0.2699999999999999100, -0.2210000000000000900 ) ) ;
#8418 = LINE ( 'NONE', #868, #3625 ) ;
#8419 = ORIENTED_EDGE ( 'NONE', *, *, #3051, .F. ) ;
#8420 = DIRECTION ( 'NONE',  ( -1.000000000000000000, 0.0000000000000000000, -0.0000000000000000000 ) ) ;
#8421 = DIRECTION ( 'NONE',  ( -0.0000000000000000000, 0.0000000000000000000, -1.000000000000000000 ) ) ;
#8422 = ADVANCED_FACE ( 'NONE', ( #10400 ), #6338, .F. ) ;
#8423 = ORIENTED_EDGE ( 'NONE', *, *, #9763, .F. ) ;
#8424 = VECTOR ( 'NONE', #6326, 39.37007874015748900 ) ;
#8425 = PLANE ( 'NONE',  #1262 ) ;
#8426 = CC_DESIGN_DATE_AND_TIME_ASSIGNMENT ( #6796, #3901, ( #7350 ) ) ;
#8427 = CARTESIAN_POINT ( 'NONE',  ( -1.123269580619649800E-014, 0.3181290308573184700, 0.0000000000000000000 ) ) ;
#8428 = CARTESIAN_POINT ( 'NONE',  ( 0.8332132034375824300, 0.03400000000123312000, 0.02499999999892215500 ) ) ;
#8429 = CARTESIAN_POINT ( 'NONE',  ( 0.8374999999999999100, 0.05000000000000001000, -0.2725000000000000800 ) ) ;
#8430 = LINE ( 'NONE', #6838, #6274 ) ;
#8431 = CARTESIAN_POINT ( 'NONE',  ( 0.9374999999999998900, 0.2700000000000001800, -0.1480000000000000200 ) ) ;
#8432 = DIRECTION ( 'NONE',  ( 0.0000000000000000000, 0.0000000000000000000, 1.000000000000000000 ) ) ;
#8433 = EDGE_CURVE ( 'NONE', #9518, #793, #8455, .T. ) ;
#8434 = FACE_OUTER_BOUND ( 'NONE', #5400, .T. ) ;
#8435 = AXIS2_PLACEMENT_3D ( 'NONE', #7812, #5975, #1468 ) ;
#8436 = ORIENTED_EDGE ( 'NONE', *, *, #2273, .F. ) ;
#8437 = LOCAL_TIME ( 13, 11, 25.00000000000000000, #10371 ) ;
#8438 = LINE ( 'NONE', #4390, #7953 ) ;
#8439 = APPROVAL_STATUS ( 'not_yet_approved' ) ;
#8440 = DIRECTION ( 'NONE',  ( 1.000000000000000000, 0.0000000000000000000, 0.0000000000000000000 ) ) ;
#8441 = EDGE_CURVE ( 'NONE', #1087, #3290, #10523, .T. ) ;
#8442 = VERTEX_POINT ( 'NONE', #3328 ) ;
#8443 = CARTESIAN_POINT ( 'NONE',  ( 0.7374999999999998200, 0.3450000000000001400, -0.2220000000000000000 ) ) ;
#8444 = CARTESIAN_POINT ( 'NONE',  ( 1.104362961706156600, 0.3063502266127573500, -0.01000000000000000000 ) ) ;
#8445 = AXIS2_PLACEMENT_3D ( 'NONE', #6251, #6579, #5892 ) ;
#8446 = EDGE_CURVE ( 'NONE', #37, #9793, #1456, .T. ) ;
#8447 = VECTOR ( 'NONE', #7898, 39.37007874015748100 ) ;
#8448 = EDGE_CURVE ( 'NONE', #1352, #4602, #2693, .T. ) ;
#8449 = CARTESIAN_POINT ( 'NONE',  ( 1.137499999999999700, 0.3450000000000001400, -0.1479999999999999900 ) ) ;
#8450 = LINE ( 'NONE', #116, #3679 ) ;
#8451 = DIRECTION ( 'NONE',  ( 0.0000000000000000000, 4.553079989440425900E-016, -1.000000000000000000 ) ) ;
#8452 = PERSON_AND_ORGANIZATION ( #8983, #828 ) ;
#8453 = PLANE ( 'NONE',  #4946 ) ;
#8454 = ORIENTED_EDGE ( 'NONE', *, *, #1537, .T. ) ;
#8455 = LINE ( 'NONE', #4335, #4311 ) ;
#8456 = CIRCLE ( 'NONE', #9770, 0.006870969142662229500 ) ;
#8457 = CARTESIAN_POINT ( 'NONE',  ( 1.104362961706168100, 0.4231567020380508400, -0.01000000000000000000 ) ) ;
#8458 = EDGE_CURVE ( 'NONE', #5414, #3368, #3984, .T. ) ;
#8459 = CARTESIAN_POINT ( 'NONE',  ( 0.8089112885716688300, 0.0000000000000000000, -0.01000000000000000000 ) ) ;
#8460 = EDGE_CURVE ( 'NONE', #7199, #9676, #6309, .T. ) ;
#8461 = DIRECTION ( 'NONE',  ( -0.0000000000000000000, -1.352399996863497200E-015, -1.000000000000000000 ) ) ;
#8462 = AXIS2_PLACEMENT_3D ( 'NONE', #6481, #7297, #7766 ) ;
#8463 = DIMENSIONAL_EXPONENTS ( 1.000000000000000000, 0.0000000000000000000, 0.0000000000000000000, 0.0000000000000000000, 0.0000000000000000000, 0.0000000000000000000, 0.0000000000000000000 ) ;
#8464 = LINE ( 'NONE', #4169, #10178 ) ;
#8465 = CARTESIAN_POINT ( 'NONE',  ( 0.3924999999999996800, 0.05000000000000000300, -0.1499999999999999900 ) ) ;
#8466 = VECTOR ( 'NONE', #6648, 39.37007874015748100 ) ;
#8467 = VECTOR ( 'NONE', #6712, 39.37007874015748100 ) ;
#8468 = SECURITY_CLASSIFICATION_LEVEL ( 'unclassified' ) ;
#8469 = CARTESIAN_POINT ( 'NONE',  ( 0.5974999999999998100, 0.05000000000000000300, -0.3700000000000000000 ) ) ;
#8470 = DIRECTION ( 'NONE',  ( 1.000000000000000000, 0.0000000000000000000, 0.0000000000000000000 ) ) ;
#8471 = LINE ( 'NONE', #1227, #4334 ) ;
#8472 = AXIS2_PLACEMENT_3D ( 'NONE', #7784, #6633, #4694 ) ;
#8473 = AXIS2_PLACEMENT_3D ( 'NONE', #10060, #5348, #10776 ) ;
#8474 = ADVANCED_FACE ( 'NONE', ( #8228 ), #9227, .F. ) ;
#8475 = FACE_OUTER_BOUND ( 'NONE', #5453, .T. ) ;
#8476 = MANIFOLD_SOLID_BREP ( 'EDAC', #772 ) ;
#8477 = EDGE_LOOP ( 'NONE', ( #4260, #4354, #1118, #1039, #757, #4205, #2630, #8610, #3127, #7235 ) ) ;
#8478 = DIRECTION ( 'NONE',  ( 1.000000000000000000, 0.0000000000000000000, 0.0000000000000000000 ) ) ;
#8479 = LINE ( 'NONE', #1133, #1491 ) ;
#8480 = ORIENTED_EDGE ( 'NONE', *, *, #8766, .F. ) ;
#8481 = CARTESIAN_POINT ( 'NONE',  ( 1.197499999999999800, 0.5999999999999999800, -0.2974999999999999300 ) ) ;
#8482 = FACE_BOUND ( 'NONE', #5578, .T. ) ;
#8483 = EDGE_CURVE ( 'NONE', #58, #1683, #2061, .T. ) ;
#8484 = DIRECTION ( 'NONE',  ( 0.0000000000000000000, -3.691686477924679400E-015, -1.000000000000000000 ) ) ;
#8485 = AXIS2_PLACEMENT_3D ( 'NONE', #9217, #10834, #6594 ) ;
#8486 = DIRECTION ( 'NONE',  ( 0.0000000000000000000, 0.0000000000000000000, -1.000000000000000000 ) ) ;
#8487 = CARTESIAN_POINT ( 'NONE',  ( 0.6974999999999999000, 0.3450000000000001400, -0.2220000000000000600 ) ) ;
#8488 = CC_DESIGN_DATE_AND_TIME_ASSIGNMENT ( #5255, #422, ( #6330 ) ) ;
#8489 = ORIENTED_EDGE ( 'NONE', *, *, #1286, .T. ) ;
#8491 = CARTESIAN_POINT ( 'NONE',  ( 0.0000000000000000000, 0.2268432979619829900, -0.01000000000000000000 ) ) ;
#8490 = FACE_OUTER_BOUND ( 'NONE', #5723, .T. ) ;
#8492 = CARTESIAN_POINT ( 'NONE',  ( 0.9517292900370137900, 0.4231567020380064300, -0.01000000000000000000 ) ) ;
#8493 = ORIENTED_EDGE ( 'NONE', *, *, #3567, .T. ) ;
#8494 = FACE_OUTER_BOUND ( 'NONE', #4162, .T. ) ;
#8495 = DIRECTION ( 'NONE',  ( 1.000000000000000000, -0.0000000000000000000, -0.0000000000000000000 ) ) ;
#8496 = ORIENTED_EDGE ( 'NONE', *, *, #9580, .T. ) ;
#8497 = ORIENTED_EDGE ( 'NONE', *, *, #2485, .T. ) ;
#8498 = EDGE_CURVE ( 'NONE', #8141, #2124, #9963, .T. ) ;
#8499 = VECTOR ( 'NONE', #1660, 39.37007874015748100 ) ;
#8500 = CARTESIAN_POINT ( 'NONE',  ( 0.4582132034344009200, 0.03750000000058530800, 0.02499999999554641100 ) ) ;
#8501 = AXIS2_PLACEMENT_3D ( 'NONE', #9872, #9180, #8950 ) ;
#8502 = EDGE_CURVE ( 'NONE', #3708, #6613, #1148, .T. ) ;
#8503 = CARTESIAN_POINT ( 'NONE',  ( 0.8825288151001856600, 0.3318709691426853200, -0.01000000000000000000 ) ) ;
#8504 = DIRECTION ( 'NONE',  ( 3.681989669462878400E-013, -7.789823685977714400E-013, -1.000000000000000000 ) ) ;
#8505 = ORIENTED_EDGE ( 'NONE', *, *, #9359, .F. ) ;
#8506 = DIRECTION ( 'NONE',  ( -0.0000000000000000000, -0.0000000000000000000, 1.000000000000000000 ) ) ;
#8507 = VECTOR ( 'NONE', #8513, 39.37007874015748100 ) ;
#8508 = DIRECTION ( 'NONE',  ( 0.0000000000000000000, 1.352399996863497200E-015, -1.000000000000000000 ) ) ;
#8509 = VECTOR ( 'NONE', #928, 39.37007874015748100 ) ;
#8510 = DIRECTION ( 'NONE',  ( 1.000000000000000000, 0.0000000000000000000, 0.0000000000000000000 ) ) ;
#8511 = EDGE_LOOP ( 'NONE', ( #8240, #867, #6478, #8546 ) ) ;
#8512 = EDGE_CURVE ( 'NONE', #5518, #8168, #7972, .T. ) ;
#8513 = DIRECTION ( 'NONE',  ( -0.0000000000000000000, 1.000000000000000000, 1.707404996040165000E-016 ) ) ;
#8514 = EDGE_CURVE ( 'NONE', #2618, #524, #9738, .T. ) ;
#8515 = VERTEX_POINT ( 'NONE', #359 ) ;
#8516 = DIRECTION ( 'NONE',  ( 0.0000000000000000000, 0.0000000000000000000, -1.000000000000000000 ) ) ;
#8517 = CIRCLE ( 'NONE', #9572, 0.03200000000000033400 ) ;
#8518 = DIRECTION ( 'NONE',  ( 1.000000000000000000, 0.0000000000000000000, 0.0000000000000000000 ) ) ;
#8519 = ADVANCED_FACE ( 'NONE', ( #3393 ), #5275, .T. ) ;
#8520 = CARTESIAN_POINT ( 'NONE',  ( 1.104362961706167000, 0.3637718973050384500, -0.01000000000000000000 ) ) ;
#8521 = ORIENTED_EDGE ( 'NONE', *, *, #8104, .F. ) ;
#8522 = CARTESIAN_POINT ( 'NONE',  ( 1.037499999999999900, 0.3450000000000002000, -0.2725000000000000200 ) ) ;
#8523 = DIRECTION ( 'NONE',  ( 3.681989669462878400E-013, -7.789823685977714400E-013, -1.000000000000000000 ) ) ;
#8524 = VECTOR ( 'NONE', #2922, 39.37007874015748100 ) ;
#8525 = EDGE_CURVE ( 'NONE', #6426, #8759, #7464, .T. ) ;
#8526 = EDGE_CURVE ( 'NONE', #6581, #10438, #527, .T. ) ;
#8527 = AXIS2_PLACEMENT_3D ( 'NONE', #2730, #2804, #2789 ) ;
#8528 = ORIENTED_EDGE ( 'NONE', *, *, #5937, .F. ) ;
#8529 = PRODUCT ( '395-016-520-202', '395-016-520-202', '', ( #949 ) ) ;
#8530 = CIRCLE ( 'NONE', #6452, 0.01350000000020486000 ) ;
#8531 = CARTESIAN_POINT ( 'NONE',  ( 0.6374999999999998400, 0.5180000000000000200, -0.2610000000000001200 ) ) ;
#8532 = ORIENTED_EDGE ( 'NONE', *, *, #6133, .T. ) ;
#8533 = PLANE ( 'NONE',  #6314 ) ;
#8534 = CARTESIAN_POINT ( 'NONE',  ( 0.9974999999999999400, 0.2700000000000001800, -0.1490000000000000800 ) ) ;
#8535 = AXIS2_PLACEMENT_3D ( 'NONE', #1045, #992, #731 ) ;
#8536 = VECTOR ( 'NONE', #1577, 39.37007874015748100 ) ;
#8537 = ORIENTED_EDGE ( 'NONE', *, *, #9743, .T. ) ;
#8538 = SECURITY_CLASSIFICATION ( '', '', #5809 ) ;
#8539 = CARTESIAN_POINT ( 'NONE',  ( 0.4374999999999998900, 0.2699999999999999100, -0.2220000000000000900 ) ) ;
#8540 = CALENDAR_DATE ( 2019, 15, 10 ) ;
#8541 = PLANE ( 'NONE',  #7767 ) ;
#8542 = EDGE_LOOP ( 'NONE', ( #6998, #6738, #8730, #10650 ) ) ;
#8543 = CARTESIAN_POINT ( 'NONE',  ( 1.037499999999999900, 0.05000000000000000300, -0.3700000000000000000 ) ) ;
#8544 = LOCAL_TIME ( 13, 11, 25.00000000000000000, #10501 ) ;
#8545 = LINE ( 'NONE', #9152, #6398 ) ;
#8546 = ORIENTED_EDGE ( 'NONE', *, *, #8224, .F. ) ;
#8547 = CARTESIAN_POINT ( 'NONE',  ( 0.5374999999999999800, 0.5580000000000000500, -0.2974999999999999900 ) ) ;
#8548 = EDGE_CURVE ( 'NONE', #8085, #9993, #9520, .T. ) ;
#8549 = ORIENTED_EDGE ( 'NONE', *, *, #2602, .T. ) ;
#8550 = DATE_AND_TIME ( #10505, #1896 ) ;
#8551 = CARTESIAN_POINT ( 'NONE',  ( 0.2068417218044817400, 0.1108502649548979100, -0.02499999999985562700 ) ) ;
#8552 = VERTEX_POINT ( 'NONE', #9034 ) ;
#8554 = CARTESIAN_POINT ( 'NONE',  ( 0.3674999999999998300, 0.2699999999999999100, -0.1490000000000000800 ) ) ;
#8553 = CALENDAR_DATE ( 2019, 15, 10 ) ;
#8555 = ORIENTED_EDGE ( 'NONE', *, *, #8025, .F. ) ;
#8556 = ORIENTED_EDGE ( 'NONE', *, *, #4941, .T. ) ;
#8557 = CARTESIAN_POINT ( 'NONE',  ( 0.5974999999999998100, 0.05000000000000000300, -0.2975000000000001000 ) ) ;
#8558 = CARTESIAN_POINT ( 'NONE',  ( 1.104362961706153000, 0.2965345564089702500, -0.01000000000000000000 ) ) ;
#8559 = CIRCLE ( 'NONE', #6300, 0.006870969142648433200 ) ;
#8560 = VECTOR ( 'NONE', #4077, 39.37007874015748100 ) ;
#8561 = CALENDAR_DATE ( 2019, 15, 10 ) ;
#8562 = ADVANCED_FACE ( 'NONE', ( #5011 ), #9056, .F. ) ;
#8563 = ORIENTED_EDGE ( 'NONE', *, *, #8314, .T. ) ;
#8564 = AXIS2_PLACEMENT_3D ( 'NONE', #9255, #9997, #7866 ) ;
#8565 = EDGE_CURVE ( 'NONE', #7329, #5003, #10948, .T. ) ;
#8566 = EDGE_CURVE ( 'NONE', #5043, #1623, #2544, .T. ) ;
#8567 = LINE ( 'NONE', #1811, #10287 ) ;
#8568 = LINE ( 'NONE', #9353, #6184 ) ;
#8569 = ORIENTED_EDGE ( 'NONE', *, *, #5385, .T. ) ;
#8570 = VERTEX_POINT ( 'NONE', #8260 ) ;
#8571 = VERTEX_POINT ( 'NONE', #10102 ) ;
#8572 = CARTESIAN_POINT ( 'NONE',  ( 0.6974999999999999000, 0.5579999999999999400, -0.1089999999999998900 ) ) ;
#8573 = LINE ( 'NONE', #6600, #1012 ) ;
#8574 = ORIENTED_EDGE ( 'NONE', *, *, #2460, .F. ) ;
#8575 = LINE ( 'NONE', #4904, #8509 ) ;
#8576 = DIRECTION ( 'NONE',  ( 1.000000000000000000, -0.0000000000000000000, -0.0000000000000000000 ) ) ;
#8577 = EDGE_CURVE ( 'NONE', #6256, #10101, #2811, .T. ) ;
#8578 = DIRECTION ( 'NONE',  ( 1.000000000000000000, 0.0000000000000000000, 0.0000000000000000000 ) ) ;
#8579 = EDGE_CURVE ( 'NONE', #5143, #5569, #4719, .T. ) ;
#8580 = CYLINDRICAL_SURFACE ( 'NONE', #7049, 0.03999999999999998000 ) ;
#8581 = EDGE_CURVE ( 'NONE', #1771, #6134, #2228, .T. ) ;
#8582 = CARTESIAN_POINT ( 'NONE',  ( 0.6575045756779975800, 0.2337142671046477700, 0.0000000000000000000 ) ) ;
#8583 = ORIENTED_EDGE ( 'NONE', *, *, #4304, .F. ) ;
#8584 = AXIS2_PLACEMENT_3D ( 'NONE', #5853, #10488, #10521 ) ;
#8585 = CARTESIAN_POINT ( 'NONE',  ( 0.9374999999999998900, 0.2699999999999999100, -0.2210000000000000900 ) ) ;
#8586 = CARTESIAN_POINT ( 'NONE',  ( 1.044978156973165800, 0.3831578454992597400, -0.01000000000000000000 ) ) ;
#8587 = ORIENTED_EDGE ( 'NONE', *, *, #9976, .F. ) ;
#8588 = FACE_OUTER_BOUND ( 'NONE', #2489, .T. ) ;
#8589 = DIRECTION ( 'NONE',  ( -1.000000000000000000, -9.478231984267934800E-013, 3.683726278956644000E-013 ) ) ;
#8590 = ORIENTED_EDGE ( 'NONE', *, *, #6871, .F. ) ;
#8591 = LINE ( 'NONE', #9166, #3859 ) ;
#8592 = ORIENTED_EDGE ( 'NONE', *, *, #7271, .F. ) ;
#8593 = ORIENTED_EDGE ( 'NONE', *, *, #10724, .F. ) ;
#8594 = ORIENTED_EDGE ( 'NONE', *, *, #1326, .T. ) ;
#8595 = CARTESIAN_POINT ( 'NONE',  ( 0.3361881571561604100, 0.04400000000045378700, 0.02500000000646096500 ) ) ;
#8596 = ORIENTED_EDGE ( 'NONE', *, *, #9549, .F. ) ;
#8597 = FACE_OUTER_BOUND ( 'NONE', #6776, .T. ) ;
#8598 = SECURITY_CLASSIFICATION ( '', '', #6446 ) ;
#8599 = VERTEX_POINT ( 'NONE', #8150 ) ;
#8600 = VECTOR ( 'NONE', #10017, 39.37007874015748100 ) ;
#8601 = DIRECTION ( 'NONE',  ( 1.000000000000000000, 0.0000000000000000000, 0.0000000000000000000 ) ) ;
#8602 = DIRECTION ( 'NONE',  ( 0.0000000000000000000, 1.000000000000000000, -0.0000000000000000000 ) ) ;
#8603 = DIRECTION ( 'NONE',  ( -0.0000000000000000000, 0.0000000000000000000, 1.000000000000000000 ) ) ;
#8604 = ORIENTED_EDGE ( 'NONE', *, *, #2662, .T. ) ;
#8605 = ORIENTED_EDGE ( 'NONE', *, *, #8076, .T. ) ;
#8606 = ORIENTED_EDGE ( 'NONE', *, *, #6359, .F. ) ;
#8607 = VECTOR ( 'NONE', #1710, 39.37007874015748100 ) ;
#8608 = EDGE_CURVE ( 'NONE', #2100, #2529, #8795, .T. ) ;
#8609 = DIRECTION ( 'NONE',  ( -0.0000000000000000000, 1.000000000000000000, -0.0000000000000000000 ) ) ;
#8610 = ORIENTED_EDGE ( 'NONE', *, *, #4661, .F. ) ;
#8611 = AXIS2_PLACEMENT_3D ( 'NONE', #9819, #7532, #9642 ) ;
#8612 = DIRECTION ( 'NONE',  ( 0.0000000000000000000, 1.707404996040164500E-016, -1.000000000000000000 ) ) ;
#8613 = CARTESIAN_POINT ( 'NONE',  ( 1.197499999999999800, 0.05000000000000000300, -0.3700000000000000000 ) ) ;
#8614 = CARTESIAN_POINT ( 'NONE',  ( 1.307499999999999900, 0.5999999999999999800, -0.2609999999999999000 ) ) ;
#8615 = ADVANCED_FACE ( 'NONE', ( #1908 ), #1624, .T. ) ;
#8616 = PLANE ( 'NONE',  #5759 ) ;
#8617 = CARTESIAN_POINT ( 'NONE',  ( 0.6506336065353098800, 0.3318709691426837100, -0.01000000000000000000 ) ) ;
#8618 = VERTEX_POINT ( 'NONE', #383 ) ;
#8619 = CARTESIAN_POINT ( 'NONE',  ( 0.3176904633935030400, 0.04370789473572135600, 0.02499999999766332200 ) ) ;
#8620 = CIRCLE ( 'NONE', #6874, 0.06399999999999984900 ) ;
#8621 = ORIENTED_EDGE ( 'NONE', *, *, #7379, .T. ) ;
#8622 = DIRECTION ( 'NONE',  ( 0.0000000000000000000, 1.000000000000000000, 0.0000000000000000000 ) ) ;
#8623 = DIRECTION ( 'NONE',  ( 1.000000000000000000, 0.0000000000000000000, -0.0000000000000000000 ) ) ;
#8624 = AXIS2_PLACEMENT_3D ( 'NONE', #516, #1805, #8420 ) ;
#8625 = EDGE_CURVE ( 'NONE', #6115, #10159, #6409, .T. ) ;
#8626 = FACE_OUTER_BOUND ( 'NONE', #7540, .T. ) ;
#8627 = ORIENTED_EDGE ( 'NONE', *, *, #3485, .F. ) ;
#8628 = DIRECTION ( 'NONE',  ( 3.681989669462878400E-013, -7.789823685977714400E-013, -1.000000000000000000 ) ) ;
#8629 = VERTEX_POINT ( 'NONE', #6158 ) ;
#8630 = DIRECTION ( 'NONE',  ( 1.000000000000000000, 0.0000000000000000000, 0.0000000000000000000 ) ) ;
#8631 = ORIENTED_EDGE ( 'NONE', *, *, #421, .T. ) ;
#8632 = VERTEX_POINT ( 'NONE', #392 ) ;
#8633 = LINE ( 'NONE', #10640, #1708 ) ;
#8634 = ORIENTED_EDGE ( 'NONE', *, *, #2136, .F. ) ;
#8635 = EDGE_CURVE ( 'NONE', #2126, #2851, #6671, .T. ) ;
#8636 = EDGE_CURVE ( 'NONE', #8768, #7876, #8559, .T. ) ;
#8637 = AXIS2_PLACEMENT_3D ( 'NONE', #1009, #857, #833 ) ;
#8638 = DIRECTION ( 'NONE',  ( -0.0000000000000000000, 1.000000000000000000, -0.0000000000000000000 ) ) ;
#8639 = VECTOR ( 'NONE', #9707, 39.37007874015748100 ) ;
#8640 = DIRECTION ( 'NONE',  ( -0.0000000000000000000, -0.0000000000000000000, 1.000000000000000000 ) ) ;
#8641 = ORIENTED_EDGE ( 'NONE', *, *, #6195, .T. ) ;
#8642 = DIRECTION ( 'NONE',  ( -1.012452039204145100E-012, -0.8944271910001573300, 0.4472135954994748700 ) ) ;
#8643 = CARTESIAN_POINT ( 'NONE',  ( 0.1462132034351231200, 0.05749999999999344500, 0.02474999999877427700 ) ) ;
#8644 = VECTOR ( 'NONE', #2381, 39.37007874015748100 ) ;
#8645 = CARTESIAN_POINT ( 'NONE',  ( 0.7974999999999998800, 0.5580000000000000500, -0.07249999999999995300 ) ) ;
#8646 = CARTESIAN_POINT ( 'NONE',  ( 0.7374999999999998200, 0.3450000000000002000, -0.2725000000000000200 ) ) ;
#8647 = AXIS2_PLACEMENT_3D ( 'NONE', #2942, #6531, #1085 ) ;
#8648 = CIRCLE ( 'NONE', #5070, 0.03999999999999998000 ) ;
#8649 = VERTEX_POINT ( 'NONE', #212 ) ;
#8650 = CARTESIAN_POINT ( 'NONE',  ( 1.037499999999999900, 0.3450000000000001400, -0.1479999999999999900 ) ) ;
#8651 = CONTEXT_DEPENDENT_SHAPE_REPRESENTATION ( #2446, #4702 ) ;
#8652 = ADVANCED_FACE ( 'NONE', ( #3824 ), #10670, .F. ) ;
#8653 = ORIENTED_EDGE ( 'NONE', *, *, #3622, .F. ) ;
#8654 = VECTOR ( 'NONE', #7646, 39.37007874015748100 ) ;
#8655 = DIRECTION ( 'NONE',  ( -1.000000000000000000, 8.054752014276220300E-012, 5.203555549537171000E-012 ) ) ;
#8656 = EDGE_CURVE ( 'NONE', #4912, #6232, #4146, .T. ) ;
#8657 = CARTESIAN_POINT ( 'NONE',  ( 0.9374999999999998900, 0.3450000000000002000, -0.2725000000000000200 ) ) ;
#8658 = ORIENTED_EDGE ( 'NONE', *, *, #654, .F. ) ;
#8659 = CIRCLE ( 'NONE', #3798, 0.03999999999999998000 ) ;
#8660 = PERSON_AND_ORGANIZATION ( #2590, #10608 ) ;
#8661 = AXIS2_PLACEMENT_3D ( 'NONE', #10516, #10367, #10372 ) ;
#8662 = CC_DESIGN_APPROVAL ( #8181, ( #7069 ) ) ;
#8663 = ORGANIZATION ( 'NAUO-ORG11', 'UNSPECIFIED', 'UNSPECIFIED' ) ;
#8664 = VECTOR ( 'NONE', #3319, 39.37007874015748100 ) ;
#8665 = DIRECTION ( 'NONE',  ( 0.0000000000000000000, -0.0000000000000000000, 1.000000000000000000 ) ) ;
#8666 = VECTOR ( 'NONE', #5012, 39.37007874015748100 ) ;
#8667 = CARTESIAN_POINT ( 'NONE',  ( 0.1462224658720561700, 0.05800000000017931800, -0.02500000000292595300 ) ) ;
#8668 = VERTEX_POINT ( 'NONE', #7712 ) ;
#8669 = LOCAL_TIME ( 13, 11, 25.00000000000000000, #10619 ) ;
#8670 = CARTESIAN_POINT ( 'NONE',  ( 0.3361881571564953600, 0.02550000000060975700, 0.006000000004374936300 ) ) ;
#8671 = DIRECTION ( 'NONE',  ( 0.0000000000000000000, 1.000000000000000000, 4.553079989440425900E-016 ) ) ;
#8672 = ORIENTED_EDGE ( 'NONE', *, *, #9619, .T. ) ;
#8673 = ORIENTED_EDGE ( 'NONE', *, *, #3547, .F. ) ;
#8674 = EDGE_CURVE ( 'NONE', #3541, #1243, #10065, .T. ) ;
#8675 = CARTESIAN_POINT ( 'NONE',  ( 0.5624999999999998900, 0.5580000000000000500, -0.2610000000000001200 ) ) ;
#8676 = DIRECTION ( 'NONE',  ( -0.0000000000000000000, 0.0000000000000000000, 1.000000000000000000 ) ) ;
#8677 = ORIENTED_EDGE ( 'NONE', *, *, #6978, .T. ) ;
#8678 = AXIS2_PLACEMENT_3D ( 'NONE', #7518, #1213, #9701 ) ;
#8679 = VECTOR ( 'NONE', #10345, 39.37007874015748100 ) ;
#8680 = ORIENTED_EDGE ( 'NONE', *, *, #9718, .F. ) ;
#8681 = LINE ( 'NONE', #4494, #8382 ) ;
#8682 = VECTOR ( 'NONE', #5432, 39.37007874015748100 ) ;
#8683 = ORIENTED_EDGE ( 'NONE', *, *, #5053, .F. ) ;
#8684 = CARTESIAN_POINT ( 'NONE',  ( 0.1299999999999994200, 0.0000000000000000000, -0.2490000000000000500 ) ) ;
#8685 = FACE_BOUND ( 'NONE', #7102, .T. ) ;
#8686 = SHAPE_REPRESENTATION_RELATIONSHIP ( 'NONE' , 'NONE' ,  #2501, #1295 ) ;
#8687 = DIRECTION ( 'NONE',  ( 1.000000000000000000, 0.0000000000000000000, 0.0000000000000000000 ) ) ;
#8688 = DIRECTION ( 'NONE',  ( 0.0000000000000000000, -1.979599995408886100E-016, 1.000000000000000000 ) ) ;
#8689 = CARTESIAN_POINT ( 'NONE',  ( 0.3564999999999999800, 0.4749999999999999800, -0.3440000000000000800 ) ) ;
#8690 = FACE_OUTER_BOUND ( 'NONE', #300, .T. ) ;
#8691 = ORIENTED_EDGE ( 'NONE', *, *, #41, .T. ) ;
#8692 = VECTOR ( 'NONE', #2254, 39.37007874015748100 ) ;
#8693 = EDGE_CURVE ( 'NONE', #3833, #728, #8087, .T. ) ;
#8694 = ORIENTED_EDGE ( 'NONE', *, *, #10465, .F. ) ;
#8695 = EDGE_CURVE ( 'NONE', #10522, #9687, #3534, .T. ) ;
#8696 = DIRECTION ( 'NONE',  ( -8.054752014271279800E-012, -1.000000000000000000, 9.472423642657713700E-013 ) ) ;
#8697 = DIRECTION ( 'NONE',  ( 0.0000000000000000000, -1.979599995408886100E-016, 1.000000000000000000 ) ) ;
#8698 = CIRCLE ( 'NONE', #629, 0.009815670203788042300 ) ;
#8699 = ORIENTED_EDGE ( 'NONE', *, *, #8975, .T. ) ;
#8700 = DIRECTION ( 'NONE',  ( -0.0000000000000000000, 0.0000000000000000000, 1.000000000000000000 ) ) ;
#8701 = CIRCLE ( 'NONE', #8354, 0.009815670203796920600 ) ;
#8702 = VERTEX_POINT ( 'NONE', #10730 ) ;
#8703 = CARTESIAN_POINT ( 'NONE',  ( 0.5821440097521646300, 0.01475736272040718000, 0.02438603931201648400 ) ) ;
#8704 = ORIENTED_EDGE ( 'NONE', *, *, #10892, .T. ) ;
#8705 = DIRECTION ( 'NONE',  ( 0.0000000000000000000, -1.000000000000000000, -1.979599995408886100E-016 ) ) ;
#8706 = VERTEX_POINT ( 'NONE', #8931 ) ;
#8707 = CARTESIAN_POINT ( 'NONE',  ( 1.018721239177998700, 0.2668421540424528200, -0.01000000000000000000 ) ) ;
#8708 = EDGE_CURVE ( 'NONE', #1779, #4010, #9840, .T. ) ;
#8709 = VECTOR ( 'NONE', #1707, 39.37007874015748100 ) ;
#8710 = ORIENTED_EDGE ( 'NONE', *, *, #6765, .T. ) ;
#8711 = CARTESIAN_POINT ( 'NONE',  ( 0.0000000000000000000, 0.0000000000000000000, -0.01000000000000000000 ) ) ;
#8712 = EDGE_LOOP ( 'NONE', ( #10369, #6469, #687, #5454 ) ) ;
#8713 = EDGE_CURVE ( 'NONE', #9175, #4602, #1296, .T. ) ;
#8714 = ADVANCED_FACE ( 'NONE', ( #5389 ), #362, .F. ) ;
#8715 = EDGE_CURVE ( 'NONE', #9159, #5569, #9621, .T. ) ;
#8716 = DIRECTION ( 'NONE',  ( 0.0000000000000000000, -1.979599995408886100E-016, 1.000000000000000000 ) ) ;
#8717 = VERTEX_POINT ( 'NONE', #10691 ) ;
#8718 = LINE ( 'NONE', #7985, #6840 ) ;
#8719 = CARTESIAN_POINT ( 'NONE',  ( 0.3924999999999996800, 0.05000000000000000300, -0.1499999999999999900 ) ) ;
#8720 = VECTOR ( 'NONE', #1222, 39.37007874015748100 ) ;
#8721 = DIRECTION ( 'NONE',  ( 0.0000000000000000000, 0.0000000000000000000, -1.000000000000000000 ) ) ;
#8722 = LINE ( 'NONE', #225, #2798 ) ;
#8723 = CIRCLE ( 'NONE', #3021, 0.03141014465215624000 ) ;
#8724 = DIRECTION ( 'NONE',  ( -1.000000000000000000, 0.0000000000000000000, 0.0000000000000000000 ) ) ;
#8725 = AXIS2_PLACEMENT_3D ( 'NONE', #9952, #9975, #5787 ) ;
#8726 = CC_DESIGN_SECURITY_CLASSIFICATION ( #6036, ( #3038 ) ) ;
#8727 = VERTEX_POINT ( 'NONE', #6391 ) ;
#8728 = VECTOR ( 'NONE', #9010, 39.37007874015748100 ) ;
#8729 = ORIENTED_EDGE ( 'NONE', *, *, #4905, .T. ) ;
#8730 = ORIENTED_EDGE ( 'NONE', *, *, #1384, .F. ) ;
#8731 = CARTESIAN_POINT ( 'NONE',  ( 0.8674999999977769400, 0.6712132034341626900, -0.05999999999894310700 ) ) ;
#8732 = FACE_BOUND ( 'NONE', #51, .T. ) ;
#8733 = ORIENTED_EDGE ( 'NONE', *, *, #8265, .T. ) ;
#8734 = EDGE_CURVE ( 'NONE', #9871, #9964, #9399, .T. ) ;
#8735 = LINE ( 'NONE', #8481, #8507 ) ;
#8737 = ORIENTED_EDGE ( 'NONE', *, *, #5237, .T. ) ;
#8736 = ORIENTED_EDGE ( 'NONE', *, *, #9517, .T. ) ;
#8738 =( BOUNDED_CURVE ( )  B_SPLINE_CURVE ( 3, ( #6651, #1682, #150, #93 ),
 .UNSPECIFIED., .F., .F. ) 
 B_SPLINE_CURVE_WITH_KNOTS ( ( 4, 4 ),
 ( 4.712388980843518200, 5.575600870698354000 ),
 .UNSPECIFIED. ) 
 CURVE ( )  GEOMETRIC_REPRESENTATION_ITEM ( )  RATIONAL_B_SPLINE_CURVE ( ( 1.000000000000000000, 0.9388634041827709200, 0.9388634041827709200, 1.000000000000000000 ) ) 
 REPRESENTATION_ITEM ( '' )  );
#8739 = AXIS2_PLACEMENT_3D ( 'NONE', #3711, #3361, #3259 ) ;
#8740 = DIRECTION ( 'NONE',  ( -0.0000000000000000000, -0.0000000000000000000, 1.000000000000000000 ) ) ;
#8741 = ORIENTED_EDGE ( 'NONE', *, *, #2602, .F. ) ;
#8742 = DIRECTION ( 'NONE',  ( -0.0000000000000000000, 0.0000000000000000000, -1.000000000000000000 ) ) ;
#8743 = ORIENTED_EDGE ( 'NONE', *, *, #1455, .F. ) ;
#8744 = PLANE ( 'NONE',  #4829 ) ;
#8745 = CARTESIAN_POINT ( 'NONE',  ( 0.6940679471871663600, 0.4094147637527243400, -0.01000000000000000000 ) ) ;
#8746 = VERTEX_POINT ( 'NONE', #594 ) ;
#8747 = ORIENTED_EDGE ( 'NONE', *, *, #1450, .T. ) ;
#8748 = FACE_OUTER_BOUND ( 'NONE', #9179, .T. ) ;
#8749 = DIRECTION ( 'NONE',  ( 0.0000000000000000000, 0.0000000000000000000, -1.000000000000000000 ) ) ;
#8750 = DIRECTION ( 'NONE',  ( 0.0000000000000000000, 1.352399996863497400E-015, -1.000000000000000000 ) ) ;
#8751 = ORIENTED_EDGE ( 'NONE', *, *, #7143, .T. ) ;
#8752 = CARTESIAN_POINT ( 'NONE',  ( 0.5974999999999999200, 0.2700000000000001800, -0.1480000000000000800 ) ) ;
#8753 = DIRECTION ( 'NONE',  ( 0.0000000000000000000, 1.352399996863497200E-015, -1.000000000000000000 ) ) ;
#8754 = EDGE_CURVE ( 'NONE', #9500, #2032, #7319, .T. ) ;
#8755 = EDGE_CURVE ( 'NONE', #7441, #5080, #2951, .T. ) ;
#8756 = CARTESIAN_POINT ( 'NONE',  ( 0.5974999999999999200, 0.5579999999999999400, -0.1089999999999999000 ) ) ;
#8757 = LINE ( 'NONE', #6144, #8524 ) ;
#8758 = DIRECTION ( 'NONE',  ( -1.000000000000000000, 0.0000000000000000000, 0.0000000000000000000 ) ) ;
#8759 = VERTEX_POINT ( 'NONE', #7353 ) ;
#8760 = ADVANCED_FACE ( 'NONE', ( #7587 ), #2376, .F. ) ;
#8761 = DIRECTION ( 'NONE',  ( 0.0000000000000000000, -5.691349986800549600E-017, 1.000000000000000000 ) ) ;
#8762 = DIRECTION ( 'NONE',  ( 1.000000000000000200, 8.055057399101522600E-012, -5.203623633218455500E-012 ) ) ;
#8763 = CARTESIAN_POINT ( 'NONE',  ( 1.044978156973165800, 0.3637718973050450000, -0.01000000000000000000 ) ) ;
#8764 = ORIENTED_EDGE ( 'NONE', *, *, #1738, .F. ) ;
#8765 = LINE ( 'NONE', #3470, #6384 ) ;
#8766 = EDGE_CURVE ( 'NONE', #5197, #136, #4856, .T. ) ;
#8767 = ORIENTED_EDGE ( 'NONE', *, *, #6181, .F. ) ;
#8768 = VERTEX_POINT ( 'NONE', #6851 ) ;
#8769 = CARTESIAN_POINT ( 'NONE',  ( 0.3674999999999998300, 0.2699999999999999100, -0.1490000000000000800 ) ) ;
#8770 = EDGE_CURVE ( 'NONE', #328, #10946, #8914, .T. ) ;
#8771 = AXIS2_PLACEMENT_3D ( 'NONE', #7187, #7352, #7536 ) ;
#8772 = FACE_BOUND ( 'NONE', #4568, .T. ) ;
#8773 = DIRECTION ( 'NONE',  ( 1.000000000000000000, 0.0000000000000000000, 0.0000000000000000000 ) ) ;
#8774 = DIRECTION ( 'NONE',  ( 0.0000000000000000000, 0.0000000000000000000, 1.000000000000000000 ) ) ;
#8775 = LINE ( 'NONE', #5185, #8536 ) ;
#8776 = ORIENTED_EDGE ( 'NONE', *, *, #6356, .F. ) ;
#8777 = CARTESIAN_POINT ( 'NONE',  ( 0.5374999999999999800, 0.3450000000000002000, -0.2725000000000000200 ) ) ;
#8778 = FACE_BOUND ( 'NONE', #1335, .T. ) ;
#8779 = LOCAL_TIME ( 13, 11, 25.00000000000000000, #10720 ) ;
#8780 = COORDINATED_UNIVERSAL_TIME_OFFSET ( 5, 0, .BEHIND. ) ;
#8781 = AXIS2_PLACEMENT_3D ( 'NONE', #4951, #6567, #9098 ) ;
#8782 = ORIENTED_EDGE ( 'NONE', *, *, #8075, .F. ) ;
#8783 = DIRECTION ( 'NONE',  ( 1.000000000000000000, 0.0000000000000000000, -0.0000000000000000000 ) ) ;
#8784 = LINE ( 'NONE', #9600, #5256 ) ;
#8785 = AXIS2_PLACEMENT_3D ( 'NONE', #5552, #10945, #6382 ) ;
#8786 = CARTESIAN_POINT ( 'NONE',  ( 0.8374999999999999100, 0.5579999999999996100, -0.07249999999999998100 ) ) ;
#8787 = CARTESIAN_POINT ( 'NONE',  ( 0.0000000000000000000, 0.3063502266127573500, 0.0000000000000000000 ) ) ;
#8788 = VERTEX_POINT ( 'NONE', #9191 ) ;
#8789 = DIRECTION ( 'NONE',  ( -1.000000000000000000, -0.0000000000000000000, 0.0000000000000000000 ) ) ;
#8790 = ITEM_DEFINED_TRANSFORMATION ( 'NONE', 'NONE', #4401,  #8995 ) ;
#8791 = CARTESIAN_POINT ( 'NONE',  ( 0.9374999999999998900, 0.5180000000000000200, -0.1089999999999998600 ) ) ;
#8792 = CARTESIAN_POINT ( 'NONE',  ( 0.0000000000000000000, 0.0000000000000000000, 0.0000000000000000000 ) ) ;
#8793 = EDGE_CURVE ( 'NONE', #7119, #5544, #10832, .T. ) ;
#8794 = EDGE_LOOP ( 'NONE', ( #7179, #7681, #8218, #4122 ) ) ;
#8796 = CARTESIAN_POINT ( 'NONE',  ( 0.3674999999999998300, 0.5600000000000003900, -0.2210000000000000900 ) ) ;
#8795 = LINE ( 'NONE', #5663, #10511 ) ;
#8797 = AXIS2_PLACEMENT_3D ( 'NONE', #3453, #1108, #8227 ) ;
#8798 = CARTESIAN_POINT ( 'NONE',  ( 0.6624999999999999800, 0.5579999999999999400, -0.1089999999999999000 ) ) ;
#8799 = FACE_BOUND ( 'NONE', #10636, .T. ) ;
#8800 = LINE ( 'NONE', #3962, #8560 ) ;
#8801 = SECURITY_CLASSIFICATION ( '', '', #6055 ) ;
#8802 = PERSON_AND_ORGANIZATION ( #8983, #828 ) ;
#8803 = DESIGN_CONTEXT ( 'detailed design', #1929, 'design' ) ;
#8804 = ORIENTED_EDGE ( 'NONE', *, *, #65, .F. ) ;
#8805 = CARTESIAN_POINT ( 'NONE',  ( 0.3564999999999999800, 0.4749999999999999800, -0.3440000000000000800 ) ) ;
#8806 = VECTOR ( 'NONE', #1936, 39.37007874015748100 ) ;
#8807 = ADVANCED_FACE ( 'NONE', ( #4582 ), #6534, .F. ) ;
#8808 = LINE ( 'NONE', #6123, #777 ) ;
#8809 = ADVANCED_FACE ( 'NONE', ( #9169 ), #3596, .F. ) ;
#8810 = LINE ( 'NONE', #4363, #6682 ) ;
#8811 = DIRECTION ( 'NONE',  ( 1.000000000000000000, 0.0000000000000000000, 0.0000000000000000000 ) ) ;
#8812 = CARTESIAN_POINT ( 'NONE',  ( 1.242499999999999900, 0.05000000000000000300, -0.2975000000000001000 ) ) ;
#8813 = EDGE_CURVE ( 'NONE', #9467, #3898, #4296, .T. ) ;
#8814 = EDGE_LOOP ( 'NONE', ( #4844, #9498, #4749, #4776 ) ) ;
#8815 = VECTOR ( 'NONE', #7848, 39.37007874015748100 ) ;
#8816 = CARTESIAN_POINT ( 'NONE',  ( 0.8974999999999999600, 0.3450000000000001400, -0.2220000000000000000 ) ) ;
#8817 = CARTESIAN_POINT ( 'NONE',  ( 0.6374999999999998400, 0.3450000000000002000, -0.09750000000000003100 ) ) ;
#8818 = VECTOR ( 'NONE', #2903, 39.37007874015748100 ) ;
#8819 = DIRECTION ( 'NONE',  ( 0.0000000000000000000, 0.0000000000000000000, 1.000000000000000000 ) ) ;
#8820 = CARTESIAN_POINT ( 'NONE',  ( 0.7624999999999998400, 0.5579999999999999400, -0.1089999999999998900 ) ) ;
#8821 = CARTESIAN_POINT ( 'NONE',  ( 0.7374999999999998200, 0.5180000000000000200, -0.1489999999999998500 ) ) ;
#8822 = ORIENTED_EDGE ( 'NONE', *, *, #9923, .F. ) ;
#8823 = CARTESIAN_POINT ( 'NONE',  ( 0.6624999999999999800, 0.5180000000000000200, -0.1089999999999999000 ) ) ;
#8824 = VERTEX_POINT ( 'NONE', #10073 ) ;
#8825 = CARTESIAN_POINT ( 'NONE',  ( 0.9374999999999998900, 0.2700000000000001800, -0.1480000000000000200 ) ) ;
#8826 = LINE ( 'NONE', #3923, #1943 ) ;
#8827 = FACE_BOUND ( 'NONE', #951, .T. ) ;
#8828 = EDGE_CURVE ( 'NONE', #9682, #7104, #10390, .T. ) ;
#8829 = CARTESIAN_POINT ( 'NONE',  ( 0.8374999999999999100, 0.3450000000000001400, -0.2220000000000000000 ) ) ;
#8830 = EDGE_CURVE ( 'NONE', #742, #900, #10614, .T. ) ;
#8831 = VECTOR ( 'NONE', #8300, 39.37007874015748100 ) ;
#8832 = APPROVAL_ROLE ( '' ) ;
#8833 = AXIS2_PLACEMENT_3D ( 'NONE', #3474, #3472, #3459 ) ;
#8834 = EDGE_LOOP ( 'NONE', ( #2327, #1480, #3990, #10150 ) ) ;
#8835 = ORIENTED_EDGE ( 'NONE', *, *, #6894, .T. ) ;
#8836 = ORIENTED_EDGE ( 'NONE', *, *, #7674, .T. ) ;
#8837 = CARTESIAN_POINT ( 'NONE',  ( 1.062500000000000000, 0.5579999999999999400, -0.1089999999999998600 ) ) ;
#8838 = VECTOR ( 'NONE', #8495, 39.37007874015748100 ) ;
#8839 = FACE_BOUND ( 'NONE', #10681, .T. ) ;
#8840 = EDGE_LOOP ( 'NONE', ( #2872, #7744, #2479, #2687 ) ) ;
#8841 = DIRECTION ( 'NONE',  ( -1.000000000000000000, -9.480675684627761000E-013, 3.681989669470754400E-013 ) ) ;
#8842 = LINE ( 'NONE', #9925, #8600 ) ;
#8843 = CARTESIAN_POINT ( 'NONE',  ( 0.7374999999999998200, 0.5579999999999996100, -0.09749999999999964300 ) ) ;
#8844 = ORIENTED_EDGE ( 'NONE', *, *, #6908, .T. ) ;
#8845 = DIRECTION ( 'NONE',  ( -0.0000000000000000000, 1.000000000000000000, 1.707404996040165000E-016 ) ) ;
#8846 = DIRECTION ( 'NONE',  ( -0.0000000000000000000, 0.0000000000000000000, 1.000000000000000000 ) ) ;
#8847 = EDGE_LOOP ( 'NONE', ( #5612, #890, #3626, #5234 ) ) ;
#8848 = EDGE_CURVE ( 'NONE', #332, #4235, #1745, .T. ) ;
#8849 = VERTEX_POINT ( 'NONE', #10086 ) ;
#8850 = VECTOR ( 'NONE', #2521, 39.37007874015748100 ) ;
#8851 = ORIENTED_EDGE ( 'NONE', *, *, #4906, .F. ) ;
#8852 = AXIS2_PLACEMENT_3D ( 'NONE', #5358, #6191, #649 ) ;
#8853 = FACE_OUTER_BOUND ( 'NONE', #10414, .T. ) ;
#8854 = CARTESIAN_POINT ( 'NONE',  ( 0.3361881571562475000, 0.01250000000021250600, -0.005999999998658543700 ) ) ;
#8855 = CARTESIAN_POINT ( 'NONE',  ( 0.0000000000000000000, 0.5999999999999999800, 0.0000000000000000000 ) ) ;
#8856 = DIRECTION ( 'NONE',  ( -1.000000000000000000, -0.0000000000000000000, -0.0000000000000000000 ) ) ;
#8857 = DIRECTION ( 'NONE',  ( 1.000000000000000000, 0.0000000000000000000, 0.0000000000000000000 ) ) ;
#8858 = ORIENTED_EDGE ( 'NONE', *, *, #2316, .T. ) ;
#8859 = CARTESIAN_POINT ( 'NONE',  ( 0.8496463199174501000, 0.3318709691426852100, -0.01000000000000000000 ) ) ;
#8861 = CARTESIAN_POINT ( 'NONE',  ( 1.054793827176977200, 0.3637718973050450000, -0.01000000000000000000 ) ) ;
#8860 = LINE ( 'NONE', #4060, #4519 ) ;
#8862 = EDGE_CURVE ( 'NONE', #6224, #10789, #6298, .T. ) ;
#8863 = DIRECTION ( 'NONE',  ( 1.000000000000000000, 0.0000000000000000000, 0.0000000000000000000 ) ) ;
#8864 = ADVANCED_FACE ( 'NONE', ( #6029 ), #3090, .F. ) ;
#8865 = DIRECTION ( 'NONE',  ( 1.000000000000000000, 0.0000000000000000000, 0.0000000000000000000 ) ) ;
#8866 = APPROVAL ( #4136, 'UNKNOWN' ) ;
#8867 = ADVANCED_FACE ( 'NONE', ( #3969 ), #3104, .F. ) ;
#8868 = ORIENTED_EDGE ( 'NONE', *, *, #5756, .F. ) ;
#8869 = MECHANICAL_CONTEXT ( 'NONE', #4737, 'mechanical' ) ;
#8870 = DIRECTION ( 'NONE',  ( 0.0000000000000000000, -1.000000000000000000, 0.0000000000000000000 ) ) ;
#8871 = FACE_OUTER_BOUND ( 'NONE', #8149, .T. ) ;
#8872 = ORIENTED_EDGE ( 'NONE', *, *, #3777, .F. ) ;
#8873 = VECTOR ( 'NONE', #8263, 39.37007874015748100 ) ;
#8874 = VERTEX_POINT ( 'NONE', #1368 ) ;
#8875 = EDGE_CURVE ( 'NONE', #8268, #3552, #8216, .T. ) ;
#8876 = DIRECTION ( 'NONE',  ( 1.000000000000000000, 0.0000000000000000000, 0.0000000000000000000 ) ) ;
#8877 = VECTOR ( 'NONE', #10943, 39.37007874015748100 ) ;
#8878 = ORIENTED_EDGE ( 'NONE', *, *, #9713, .F. ) ;
#8879 = EDGE_LOOP ( 'NONE', ( #2122, #10084, #1820, #1828 ) ) ;
#8880 = DIRECTION ( 'NONE',  ( 1.000000000000000000, 0.0000000000000000000, 0.0000000000000000000 ) ) ;
#8881 = ORIENTED_EDGE ( 'NONE', *, *, #10227, .T. ) ;
#8882 = ORIENTED_EDGE ( 'NONE', *, *, #8902, .T. ) ;
#8883 = VECTOR ( 'NONE', #9238, 39.37007874015748100 ) ;
#8884 = ADVANCED_FACE ( 'NONE', ( #7963 ), #3056, .T. ) ;
#8885 = CARTESIAN_POINT ( 'NONE',  ( 0.8260887114283307400, 0.4133410318342099500, 0.0000000000000000000 ) ) ;
#8886 = EDGE_CURVE ( 'NONE', #7636, #2032, #3676, .T. ) ;
#8887 = DIRECTION ( 'NONE',  ( 0.0000000000000000000, 0.0000000000000000000, 1.000000000000000000 ) ) ;
#8888 = EDGE_CURVE ( 'NONE', #5062, #5726, #5764, .T. ) ;
#8889 = CARTESIAN_POINT ( 'NONE',  ( 0.1478113162196198200, 0.08117688916748683200, -0.005999999998146049100 ) ) ;
#8890 = DIRECTION ( 'NONE',  ( 1.000000000000000000, -0.0000000000000000000, -0.0000000000000000000 ) ) ;
#8891 = LINE ( 'NONE', #10128, #4556 ) ;
#8892 = PERSON_AND_ORGANIZATION_ROLE ( 'classification_officer' ) ;
#8893 = ORIENTED_EDGE ( 'NONE', *, *, #101, .F. ) ;
#8894 = DIRECTION ( 'NONE',  ( -0.0000000000000000000, -0.0000000000000000000, 1.000000000000000000 ) ) ;
#8895 = CARTESIAN_POINT ( 'NONE',  ( 0.1462132034357309400, 0.05750000000006023900, -0.02500000000263145900 ) ) ;
#8896 = LINE ( 'NONE', #4425, #6692 ) ;
#8897 = DATE_AND_TIME ( #10814, #2361 ) ;
#8898 = EDGE_CURVE ( 'NONE', #8168, #6335, #1442, .T. ) ;
#8899 = DIRECTION ( 'NONE',  ( 1.000000000000000000, -0.0000000000000000000, -0.0000000000000000000 ) ) ;
#8900 = VECTOR ( 'NONE', #8638, 39.37007874015748100 ) ;
#8901 = EDGE_CURVE ( 'NONE', #561, #8250, #803, .T. ) ;
#8902 = EDGE_CURVE ( 'NONE', #3878, #5096, #7714, .T. ) ;
#8903 = ORIENTED_EDGE ( 'NONE', *, *, #8222, .F. ) ;
#8904 = DIRECTION ( 'NONE',  ( 0.0000000000000000000, 1.352399996863497400E-015, -1.000000000000000000 ) ) ;
#8905 = ORIENTED_EDGE ( 'NONE', *, *, #7326, .F. ) ;
#8906 = AXIS2_PLACEMENT_3D ( 'NONE', #3276, #4325, #4314 ) ;
#8907 = DIRECTION ( 'NONE',  ( 1.000000000000000000, 0.0000000000000000000, -0.0000000000000000000 ) ) ;
#8908 = CARTESIAN_POINT ( 'NONE',  ( 1.242499999999999900, 0.05000000000000000300, -0.3700000000000000000 ) ) ;
#8909 = LOCAL_TIME ( 13, 11, 25.00000000000000000, #10827 ) ;
#8910 = ADVANCED_FACE ( 'NONE', ( #3084 ), #2801, .F. ) ;
#8911 = COORDINATED_UNIVERSAL_TIME_OFFSET ( 5, 0, .BEHIND. ) ;
#8912 = DIRECTION ( 'NONE',  ( -0.0000000000000000000, 1.000000000000000000, -0.0000000000000000000 ) ) ;
#8913 = VERTEX_POINT ( 'NONE', #7868 ) ;
#8914 = LINE ( 'NONE', #6574, #6792 ) ;
#8915 = ORIENTED_EDGE ( 'NONE', *, *, #10182, .F. ) ;
#8916 = CARTESIAN_POINT ( 'NONE',  ( 1.197499999999999800, 0.2699999999999999100, -0.2210000000000000900 ) ) ;
#8917 = FACE_OUTER_BOUND ( 'NONE', #9348, .T. ) ;
#8918 = PLANE ( 'NONE',  #4764 ) ;
#8919 = FACE_BOUND ( 'NONE', #2076, .T. ) ;
#8920 = DIRECTION ( 'NONE',  ( 1.000000000000000000, -0.0000000000000000000, 0.0000000000000000000 ) ) ;
#8921 = FACE_OUTER_BOUND ( 'NONE', #1547, .T. ) ;
#8922 = CALENDAR_DATE ( 2019, 15, 10 ) ;
#8923 = AXIS2_PLACEMENT_3D ( 'NONE', #7529, #8920, #5584 ) ;
#8924 = CARTESIAN_POINT ( 'NONE',  ( 1.347499999999999700, 0.5999999999999999800, 0.0000000000000000000 ) ) ;
#8925 = APPROVAL ( #9655, 'UNSPECIFIED' ) ;
#8926 = ORIENTED_EDGE ( 'NONE', *, *, #6222, .F. ) ;
#8927 = ORIENTED_EDGE ( 'NONE', *, *, #4645, .T. ) ;
#8928 = VERTEX_POINT ( 'NONE', #4657 ) ;
#8929 = CARTESIAN_POINT ( 'NONE',  ( 1.137499999999999700, 0.2699999999999999100, -0.2210000000000000900 ) ) ;
#8930 = LINE ( 'NONE', #5236, #4595 ) ;
#8931 = CARTESIAN_POINT ( 'NONE',  ( 0.4974999999999998900, 0.3450000000000001400, -0.2220000000000000600 ) ) ;
#8932 = DIRECTION ( 'NONE',  ( -0.0000000000000000000, -0.0000000000000000000, 1.000000000000000000 ) ) ;
#8933 = VECTOR ( 'NONE', #6320, 39.37007874015748100 ) ;
#8934 = ORIENTED_EDGE ( 'NONE', *, *, #4884, .F. ) ;
#8935 = CARTESIAN_POINT ( 'NONE',  ( 0.7374999999999998200, 0.5580000000000000500, -0.1089999999999998900 ) ) ;
#8936 = VECTOR ( 'NONE', #4480, 39.37007874015748100 ) ;
#8937 = DIRECTION ( 'NONE',  ( 1.000000000000000000, 0.0000000000000000000, 0.0000000000000000000 ) ) ;
#8938 = APPROVAL_STATUS ( 'not_yet_approved' ) ;
#8939 = EDGE_CURVE ( 'NONE', #3720, #4068, #7453, .T. ) ;
#8940 = CARTESIAN_POINT ( 'NONE',  ( 0.4974999999999998300, 0.2699999999999999100, -0.2210000000000000900 ) ) ;
#8941 = ORIENTED_EDGE ( 'NONE', *, *, #6685, .F. ) ;
#8942 = ORIENTED_EDGE ( 'NONE', *, *, #5666, .T. ) ;
#8943 = CARTESIAN_POINT ( 'NONE',  ( 0.6940679471871663600, 0.4025437946100565700, -0.01000000000000000000 ) ) ;
#8944 = AXIS2_PLACEMENT_3D ( 'NONE', #834, #1224, #1203 ) ;
#8945 = VECTOR ( 'NONE', #4426, 39.37007874015748100 ) ;
#8946 = EDGE_LOOP ( 'NONE', ( #4851, #10484, #7679, #6381 ) ) ;
#8947 = ORIENTED_EDGE ( 'NONE', *, *, #4112, .F. ) ;
#8948 = ORIENTED_EDGE ( 'NONE', *, *, #10496, .T. ) ;
#8949 = LINE ( 'NONE', #7520, #2404 ) ;
#8950 = DIRECTION ( 'NONE',  ( 1.000000000000000000, 0.0000000000000000000, 0.0000000000000000000 ) ) ;
#8951 = EDGE_LOOP ( 'NONE', ( #3252, #10306, #627, #8569 ) ) ;
#8952 = ORIENTED_EDGE ( 'NONE', *, *, #4581, .F. ) ;
#8953 = DIRECTION ( 'NONE',  ( -0.0000000000000000000, -1.000000000000000000, -0.0000000000000000000 ) ) ;
#8954 = VECTOR ( 'NONE', #3262, 39.37007874015748100 ) ;
#8955 = ORIENTED_EDGE ( 'NONE', *, *, #722, .T. ) ;
#8956 = DIRECTION ( 'NONE',  ( -0.0000000000000000000, -1.000000000000000000, -0.0000000000000000000 ) ) ;
#8957 = ORIENTED_EDGE ( 'NONE', *, *, #4112, .T. ) ;
#8958 = LINE ( 'NONE', #10791, #8936 ) ;
#8959 = AXIS2_PLACEMENT_3D ( 'NONE', #7238, #7134, #7091 ) ;
#8960 = FACE_OUTER_BOUND ( 'NONE', #4487, .T. ) ;
#8961 = EDGE_CURVE ( 'NONE', #10310, #9676, #1135, .T. ) ;
#8962 = EDGE_CURVE ( 'NONE', #6217, #5003, #5259, .T. ) ;
#8963 = DIRECTION ( 'NONE',  ( -1.000000000000000000, -0.0000000000000000000, -0.0000000000000000000 ) ) ;
#8964 = ORIENTED_EDGE ( 'NONE', *, *, #4305, .F. ) ;
#8965 = DIRECTION ( 'NONE',  ( 3.681989669462878400E-013, -7.789823685977714400E-013, -1.000000000000000000 ) ) ;
#8966 = CARTESIAN_POINT ( 'NONE',  ( 0.8374999999999999100, 0.2699999999999999100, -0.1490000000000000800 ) ) ;
#8967 = VECTOR ( 'NONE', #3662, 39.37007874015748100 ) ;
#8968 = CARTESIAN_POINT ( 'NONE',  ( 0.9974999999999999400, 0.5180000000000000200, -0.1489999999999998500 ) ) ;
#8969 = CARTESIAN_POINT ( 'NONE',  ( 0.6371370600051093900, 0.2719953808994902100, -0.01000000000000000000 ) ) ;
#8970 = DIRECTION ( 'NONE',  ( 0.0000000000000000000, 0.0000000000000000000, -1.000000000000000000 ) ) ;
#8971 = CYLINDRICAL_SURFACE ( 'NONE', #4052, 0.03141014465217454400 ) ;
#8972 = ADVANCED_FACE ( 'NONE', ( #9288 ), #9183, .F. ) ;
#8973 = DIRECTION ( 'NONE',  ( 0.0000000000000000000, -1.000000000000000000, -1.352399996863497400E-015 ) ) ;
#8974 = ADVANCED_FACE ( 'NONE', ( #9508, #7067 ), #5579, .F. ) ;
#8975 = EDGE_CURVE ( 'NONE', #8396, #4218, #4869, .T. ) ;
#8976 = VECTOR ( 'NONE', #3997, 39.37007874015748100 ) ;
#8977 = VERTEX_POINT ( 'NONE', #7450 ) ;
#8978 = DIRECTION ( 'NONE',  ( 1.000000000000000000, 0.0000000000000000000, -0.0000000000000000000 ) ) ;
#8979 = EDGE_CURVE ( 'NONE', #6106, #3437, #10845, .T. ) ;
#8980 = DATE_TIME_ROLE ( 'classification_date' ) ;
#8981 = AXIS2_PLACEMENT_3D ( 'NONE', #1193, #5875, #9762 ) ;
#8982 = CIRCLE ( 'NONE', #10365, 0.006870969142662229500 ) ;
#8983 = PERSON ( 'UNSPECIFIED', 'UNSPECIFIED', 'UNSPECIFIED', ('UNSPECIFIED'), ('UNSPECIFIED'), ('UNSPECIFIED') ) ;
#8984 = DIRECTION ( 'NONE',  ( 1.000000000000000000, 0.0000000000000000000, 0.0000000000000000000 ) ) ;
#8985 = ORIENTED_EDGE ( 'NONE', *, *, #9301, .F. ) ;
#8986 = DIRECTION ( 'NONE',  ( -0.0000000000000000000, -1.000000000000000000, -4.553079989440441700E-016 ) ) ;
#8987 = FACE_OUTER_BOUND ( 'NONE', #10891, .T. ) ;
#8988 = ORIENTED_EDGE ( 'NONE', *, *, #8058, .T. ) ;
#8989 = ORIENTED_EDGE ( 'NONE', *, *, #7243, .F. ) ;
#8990 = CARTESIAN_POINT ( 'NONE',  ( 0.6374999999999998400, 0.2700000000000001800, -0.1490000000000000800 ) ) ;
#8991 = PLANE ( 'NONE',  #3532 ) ;
#8992 = DIRECTION ( 'NONE',  ( 1.000000000000000000, 0.0000000000000000000, -0.0000000000000000000 ) ) ;
#8993 = CARTESIAN_POINT ( 'NONE',  ( 0.3674999999999998300, 0.5600000000000003900, -0.1490000000000000800 ) ) ;
#8994 = AXIS2_PLACEMENT_3D ( 'NONE', #8288, #8506, #8313 ) ;
#8995 = AXIS2_PLACEMENT_3D ( 'NONE', #7878, #2680, #8630 ) ;
#8996 = VECTOR ( 'NONE', #10599, 39.37007874015748100 ) ;
#8997 = ORIENTED_EDGE ( 'NONE', *, *, #10110, .F. ) ;
#8998 = ORIENTED_EDGE ( 'NONE', *, *, #8828, .T. ) ;
#8999 = LINE ( 'NONE', #7391, #8873 ) ;
#9000 = DIRECTION ( 'NONE',  ( 1.000000000000000000, -0.0000000000000000000, -0.0000000000000000000 ) ) ;
#9001 = CARTESIAN_POINT ( 'NONE',  ( 0.5624999999999998900, 0.5579999999999999400, -0.1089999999999999000 ) ) ;
#9002 = ORIENTED_EDGE ( 'NONE', *, *, #987, .T. ) ;
#9003 = DIRECTION ( 'NONE',  ( -0.0000000000000000000, 0.0000000000000000000, 1.000000000000000000 ) ) ;
#9004 = EDGE_LOOP ( 'NONE', ( #3840, #10853, #505, #81 ) ) ;
#9005 = EDGE_CURVE ( 'NONE', #7398, #4757, #2391, .T. ) ;
#9006 = CARTESIAN_POINT ( 'NONE',  ( 0.6506336065353354200, 0.2337142671046477700, -0.01000000000000000000 ) ) ;
#9007 = LINE ( 'NONE', #311, #2170 ) ;
#9008 = ORIENTED_EDGE ( 'NONE', *, *, #7002, .F. ) ;
#9009 = CC_DESIGN_PERSON_AND_ORGANIZATION_ASSIGNMENT ( #10934, #6799, ( #6330 ) ) ;
#9010 = DIRECTION ( 'NONE',  ( 0.0000000000000000000, -1.000000000000000000, 0.0000000000000000000 ) ) ;
#9011 = APPROVAL_ROLE ( '' ) ;
#9012 = ORIENTED_EDGE ( 'NONE', *, *, #2997, .T. ) ;
#9013 = CARTESIAN_POINT ( 'NONE',  ( 0.8974999999999999600, 0.05000000000000000300, -0.09750000000000001700 ) ) ;
#9014 = FACE_OUTER_BOUND ( 'NONE', #7880, .T. ) ;
#9015 = ORIENTED_EDGE ( 'NONE', *, *, #8656, .T. ) ;
#9016 = CARTESIAN_POINT ( 'NONE',  ( 1.242499999999999900, 0.05000000000000000300, -0.2200000000000000000 ) ) ;
#9017 = EDGE_CURVE ( 'NONE', #5043, #1909, #6806, .T. ) ;
#9018 = AXIS2_PLACEMENT_3D ( 'NONE', #9992, #9150, #2328 ) ;
#9019 = VECTOR ( 'NONE', #1252, 39.37007874015748900 ) ;
#9020 = EDGE_CURVE ( 'NONE', #5961, #7282, #4598, .T. ) ;
#9021 = VERTEX_POINT ( 'NONE', #5501 ) ;
#9022 = CARTESIAN_POINT ( 'NONE',  ( 0.5374999999999999800, 0.2700000000000001800, -0.1480000000000000800 ) ) ;
#9023 = CARTESIAN_POINT ( 'NONE',  ( 0.8374999999999999100, 0.5999999999999999800, -0.2974999999999999900 ) ) ;
#9024 = ADVANCED_FACE ( 'NONE', ( #2700 ), #10402, .F. ) ;
#9025 = VECTOR ( 'NONE', #6201, 39.37007874015748100 ) ;
#9026 = PLANE ( 'NONE',  #1769 ) ;
#9027 = FACE_OUTER_BOUND ( 'NONE', #6960, .T. ) ;
#9028 = DIRECTION ( 'NONE',  ( -0.0000000000000000000, 0.0000000000000000000, 1.000000000000000000 ) ) ;
#9029 = DIRECTION ( 'NONE',  ( -9.480675684624893300E-013, 1.000000000000000000, 7.789823685985785200E-013 ) ) ;
#9030 = DIRECTION ( 'NONE',  ( -1.000000000000000000, -0.0000000000000000000, -0.0000000000000000000 ) ) ;
#9031 = FACE_OUTER_BOUND ( 'NONE', #10903, .T. ) ;
#9032 = EDGE_CURVE ( 'NONE', #7398, #3565, #6545, .T. ) ;
#9033 = CARTESIAN_POINT ( 'NONE',  ( 0.1332132034356853500, 0.05750000000114703600, -0.02475000000112380400 ) ) ;
#9034 = CARTESIAN_POINT ( 'NONE',  ( 0.5463421106199184400, 0.2268432979619847700, 0.0000000000000000000 ) ) ;
#9035 = EDGE_CURVE ( 'NONE', #5561, #2188, #1765, .T. ) ;
#9036 = ADVANCED_FACE ( 'NONE', ( #1457 ), #7808, .T. ) ;
#9037 = CARTESIAN_POINT ( 'NONE',  ( 0.5848420742573359200, 0.03400000000003555700, 0.02352810471378837700 ) ) ;
#9038 = DIRECTION ( 'NONE',  ( -0.0000000000000000000, -1.000000000000000000, -0.0000000000000000000 ) ) ;
#9039 = FACE_BOUND ( 'NONE', #8847, .T. ) ;
#9040 = CONTEXT_DEPENDENT_SHAPE_REPRESENTATION ( #8282, #10176 ) ;
#9041 = PLANE ( 'NONE',  #3258 ) ;
#9042 = APPROVAL_PERSON_ORGANIZATION ( #10934, #7430, #5984 ) ;
#9043 = VECTOR ( 'NONE', #8887, 39.37007874015748100 ) ;
#9044 = CARTESIAN_POINT ( 'NONE',  ( 0.7374999999999998200, 0.3450000000000001400, -0.2220000000000000000 ) ) ;
#9045 = APPROVAL_STATUS ( 'not_yet_approved' ) ;
#9046 = CARTESIAN_POINT ( 'NONE',  ( 0.8923444853039845800, 0.2366589681657876300, 0.0000000000000000000 ) ) ;
#9047 = LOCAL_TIME ( 13, 11, 25.00000000000000000, #10940 ) ;
#9048 = PRODUCT ( '345-292-001_345-293-120', '345-292-001_345-293-120', '', ( #8869 ) ) ;
#9049 = APPROVAL_DATE_TIME ( #10941, #1025 ) ;
#9050 = EDGE_CURVE ( 'NONE', #922, #791, #10175, .T. ) ;
#9051 = EDGE_CURVE ( 'NONE', #7925, #3559, #10626, .T. ) ;
#9052 = VERTEX_POINT ( 'NONE', #5619 ) ;
#9053 = AXIS2_PLACEMENT_3D ( 'NONE', #1483, #2286, #775 ) ;
#9054 = VERTEX_POINT ( 'NONE', #10061 ) ;
#9055 = EDGE_LOOP ( 'NONE', ( #3371, #5040, #6914, #3730, #4416, #1899, #10487, #7856, #2835 ) ) ;
#9056 = CYLINDRICAL_SURFACE ( 'NONE', #5734, 0.009815670203804980100 ) ;
#9057 = ORIENTED_EDGE ( 'NONE', *, *, #2215, .F. ) ;
#9058 = CARTESIAN_POINT ( 'NONE',  ( 0.9885380533012991800, 0.4231567020380508400, 0.0000000000000000000 ) ) ;
#9059 = CIRCLE ( 'NONE', #2244, 0.02650000000040211900 ) ;
#9060 = VERTEX_POINT ( 'NONE', #5342 ) ;
#9061 = COORDINATED_UNIVERSAL_TIME_OFFSET ( 5, 0, .BEHIND. ) ;
#9062 = VERTEX_POINT ( 'NONE', #9369 ) ;
#9063 = CARTESIAN_POINT ( 'NONE',  ( 0.5374999999999999800, 0.3450000000000001400, -0.1480000000000000200 ) ) ;
#9064 = LINE ( 'NONE', #1918, #8806 ) ;
#9065 = ORIENTED_EDGE ( 'NONE', *, *, #6346, .F. ) ;
#9066 = AXIS2_PLACEMENT_3D ( 'NONE', #6858, #6539, #2915 ) ;
#9067 = DIRECTION ( 'NONE',  ( -0.0000000000000000000, -0.0000000000000000000, 1.000000000000000000 ) ) ;
#9068 = CARTESIAN_POINT ( 'NONE',  ( 0.7974999999999997600, 0.2699999999999999100, -0.2210000000000000900 ) ) ;
#9069 = CC_DESIGN_SECURITY_CLASSIFICATION ( #8538, ( #10998 ) ) ;
#9070 = VECTOR ( 'NONE', #7773, 39.37007874015748100 ) ;
#9071 = CARTESIAN_POINT ( 'NONE',  ( 0.3674999999999998300, 0.2699999999999999100, -0.2210000000000000900 ) ) ;
#9072 = ADVANCED_FACE ( 'NONE', ( #9965, #1151 ), #5330, .T. ) ;
#9073 = VECTOR ( 'NONE', #8470, 39.37007874015748100 ) ;
#9074 = EDGE_LOOP ( 'NONE', ( #7407, #8835, #9248, #849 ) ) ;
#9075 = LINE ( 'NONE', #8198, #9085 ) ;
#9076 = LINE ( 'NONE', #7256, #8818 ) ;
#9077 = SECURITY_CLASSIFICATION_LEVEL ( 'unclassified' ) ;
#9078 = EDGE_CURVE ( 'NONE', #5815, #6340, #7974, .T. ) ;
#9079 = CARTESIAN_POINT ( 'NONE',  ( 0.3046920839932034700, 0.04350263157819640700, 0.02500000000290218700 ) ) ;
#9080 = AXIS2_PLACEMENT_3D ( 'NONE', #1070, #1027, #1066 ) ;
#9081 = EDGE_LOOP ( 'NONE', ( #3264, #10427, #3161, #1717, #504, #6466 ) ) ;
#9082 = CARTESIAN_POINT ( 'NONE',  ( 1.037499999999999900, 0.2699999999999999100, -0.2210000000000000900 ) ) ;
#9083 = FACE_OUTER_BOUND ( 'NONE', #3686, .T. ) ;
#9084 = CARTESIAN_POINT ( 'NONE',  ( 0.5374999999999999800, 0.2700000000000001800, -0.1480000000000000800 ) ) ;
#9085 = VECTOR ( 'NONE', #5902, 39.37007874015748100 ) ;
#9086 = LINE ( 'NONE', #8175, #2272 ) ;
#9087 = ORIENTED_EDGE ( 'NONE', *, *, #8975, .F. ) ;
#9088 = CARTESIAN_POINT ( 'NONE',  ( 0.5974999999999999200, 0.5180000000000000200, -0.1089999999999999000 ) ) ;
#9089 = CARTESIAN_POINT ( 'NONE',  ( 0.6940679471871663600, 0.4094147637527243400, 0.0000000000000000000 ) ) ;
#9090 = VERTEX_POINT ( 'NONE', #5427 ) ;
#9091 = LINE ( 'NONE', #8135, #8838 ) ;
#9092 = CARTESIAN_POINT ( 'NONE',  ( 1.197499999999999800, 0.5579999999999999400, -0.2974999999999999300 ) ) ;
#9093 = EDGE_CURVE ( 'NONE', #9874, #1978, #3397, .T. ) ;
#9094 = EDGE_CURVE ( 'NONE', #9116, #5002, #8456, .T. ) ;
#9095 = CYLINDRICAL_SURFACE ( 'NONE', #10680, 0.03999999999999998000 ) ;
#9096 = CARTESIAN_POINT ( 'NONE',  ( 0.6374999999999998400, 0.2699999999999999100, -0.2220000000000000900 ) ) ;
#9097 = EDGE_LOOP ( 'NONE', ( #7962, #4858, #122, #3366 ) ) ;
#9098 = DIRECTION ( 'NONE',  ( 1.000000000000000000, 0.0000000000000000000, 0.0000000000000000000 ) ) ;
#9099 = EDGE_LOOP ( 'NONE', ( #4815, #1385, #9478, #4439 ) ) ;
#9101 = CARTESIAN_POINT ( 'NONE',  ( 1.197499999999999800, 0.5999999999999999800, -0.3310000000000001800 ) ) ;
#9100 = LINE ( 'NONE', #10915, #2292 ) ;
#9102 = PLANE ( 'NONE',  #2588 ) ;
#9103 = DIRECTION ( 'NONE',  ( 0.0000000000000000000, -1.000000000000000000, 0.0000000000000000000 ) ) ;
#9104 = ORIENTED_EDGE ( 'NONE', *, *, #9269, .T. ) ;
#9105 = EDGE_CURVE ( 'NONE', #2410, #3880, #5782, .T. ) ;
#9106 = DIRECTION ( 'NONE',  ( -0.0000000000000000000, 1.871128762783746100E-015, 1.000000000000000000 ) ) ;
#9107 = EDGE_CURVE ( 'NONE', #2216, #3968, #9739, .T. ) ;
#9108 = ORIENTED_EDGE ( 'NONE', *, *, #9287, .F. ) ;
#9109 = ORIENTED_EDGE ( 'NONE', *, *, #8848, .F. ) ;
#9110 = EDGE_CURVE ( 'NONE', #869, #206, #8230, .T. ) ;
#9111 =( REPRESENTATION_RELATIONSHIP ('NONE','NONE', #6361, #2501 ) REPRESENTATION_RELATIONSHIP_WITH_TRANSFORMATION ( #8790 )SHAPE_REPRESENTATION_RELATIONSHIP( ) );
#9112 = DIRECTION ( 'NONE',  ( 1.000000000000000000, 0.0000000000000000000, 0.0000000000000000000 ) ) ;
#9113 = VECTOR ( 'NONE', #9286, 39.37007874015748100 ) ;
#9114 = ORIENTED_EDGE ( 'NONE', *, *, #8755, .F. ) ;
#9115 = CARTESIAN_POINT ( 'NONE',  ( 0.6974999999999999000, 0.5579999999999996100, -0.07249999999999999500 ) ) ;
#9116 = VERTEX_POINT ( 'NONE', #8582 ) ;
#9117 = PERSON ( 'NAUO-PER9', 'UNSPECIFIED', 'UNSPECIFIED', ('UNSPECIFIED'), ('UNSPECIFIED'), ('UNSPECIFIED') ) ;
#9118 = ORIENTED_EDGE ( 'NONE', *, *, #5756, .T. ) ;
#9119 = VERTEX_POINT ( 'NONE', #8619 ) ;
#9120 = VECTOR ( 'NONE', #2587, 39.37007874015748100 ) ;
#9121 = VERTEX_POINT ( 'NONE', #697 ) ;
#9122 = CARTESIAN_POINT ( 'NONE',  ( 1.267500000000000100, 0.2699999999999999100, -0.2210000000000000900 ) ) ;
#9123 = ADVANCED_FACE ( 'NONE', ( #7467 ), #10132, .T. ) ;
#9124 = ORIENTED_EDGE ( 'NONE', *, *, #5553, .F. ) ;
#9125 = PLANE ( 'NONE',  #9018 ) ;
#9126 = DIRECTION ( 'NONE',  ( 0.0000000000000000000, 1.000000000000000000, 0.0000000000000000000 ) ) ;
#9127 = AXIS2_PLACEMENT_3D ( 'NONE', #9329, #4116, #2989 ) ;
#9128 = CC_DESIGN_PERSON_AND_ORGANIZATION_ASSIGNMENT ( #4464, #988, ( #8598 ) ) ;
#9129 = DIRECTION ( 'NONE',  ( 0.0000000000000000000, 1.000000000000000000, 0.0000000000000000000 ) ) ;
#9130 = VECTOR ( 'NONE', #7776, 39.37007874015748100 ) ;
#9131 = ORIENTED_EDGE ( 'NONE', *, *, #6483, .F. ) ;
#9132 = DIRECTION ( 'NONE',  ( 1.000000000000000000, -0.0000000000000000000, -0.0000000000000000000 ) ) ;
#9133 = ORIENTED_EDGE ( 'NONE', *, *, #8441, .T. ) ;
#9134 = DIRECTION ( 'NONE',  ( 0.0000000000000000000, 0.0000000000000000000, -1.000000000000000000 ) ) ;
#9135 = CARTESIAN_POINT ( 'NONE',  ( 0.9885380533012991800, 0.4133410318342099500, -0.01000000000000000000 ) ) ;
#9136 = FACE_OUTER_BOUND ( 'NONE', #10388, .T. ) ;
#9137 = EDGE_CURVE ( 'NONE', #4542, #5080, #9522, .T. ) ;
#9138 = ORIENTED_EDGE ( 'NONE', *, *, #4961, .T. ) ;
#9139 = DIRECTION ( 'NONE',  ( -0.0000000000000000000, -0.0000000000000000000, 1.000000000000000000 ) ) ;
#9140 = VECTOR ( 'NONE', #6644, 39.37007874015748100 ) ;
#9141 = CARTESIAN_POINT ( 'NONE',  ( 1.137499999999999700, 0.05000000000000014800, -0.07249999999999998100 ) ) ;
#9142 = LINE ( 'NONE', #2981, #2098 ) ;
#9143 = ORIENTED_EDGE ( 'NONE', *, *, #8022, .F. ) ;
#9144 = DIRECTION ( 'NONE',  ( 1.000000000000000000, 0.0000000000000000000, 0.0000000000000000000 ) ) ;
#9145 = VERTEX_POINT ( 'NONE', #4398 ) ;
#9146 = DIRECTION ( 'NONE',  ( -0.0000000000000000000, 0.0000000000000000000, 1.000000000000000000 ) ) ;
#9147 = LINE ( 'NONE', #8820, #2351 ) ;
#9148 = CARTESIAN_POINT ( 'NONE',  ( 0.8374999999999999100, 0.2699999999999999100, -0.2210000000000000900 ) ) ;
#9149 = EDGE_CURVE ( 'NONE', #7474, #10159, #210, .T. ) ;
#9150 = DIRECTION ( 'NONE',  ( 0.0000000000000000000, 0.0000000000000000000, -1.000000000000000000 ) ) ;
#9151 = DIRECTION ( 'NONE',  ( 1.000000000000000000, 9.476097728022777500E-013, -3.681989669492109400E-013 ) ) ;
#9152 = CARTESIAN_POINT ( 'NONE',  ( 0.6371370600051252700, 0.4094147637527355600, -0.01000000000000000000 ) ) ;
#9153 = CALENDAR_DATE ( 2019, 15, 10 ) ;
#9154 = CARTESIAN_POINT ( 'NONE',  ( 0.7974999999999998800, 0.2700000000000001800, -0.1480000000000000500 ) ) ;
#9155 = FACE_OUTER_BOUND ( 'NONE', #5327, .T. ) ;
#9156 = VERTEX_POINT ( 'NONE', #453 ) ;
#9157 = DIRECTION ( 'NONE',  ( 9.478563083388219400E-013, 1.000000000000000000, 7.789823685982826700E-013 ) ) ;
#9158 = CARTESIAN_POINT ( 'NONE',  ( 0.9974999999999999400, 0.05000000000000014800, -0.07250000000000000900 ) ) ;
#9159 = VERTEX_POINT ( 'NONE', #2838 ) ;
#9160 = VECTOR ( 'NONE', #8275, 39.37007874015748100 ) ;
#9161 = COORDINATED_UNIVERSAL_TIME_OFFSET ( 5, 0, .BEHIND. ) ;
#9162 = ORIENTED_EDGE ( 'NONE', *, *, #6014, .T. ) ;
#9163 = ORIENTED_EDGE ( 'NONE', *, *, #2196, .F. ) ;
#9164 = EDGE_CURVE ( 'NONE', #8199, #303, #7730, .T. ) ;
#9165 = DIRECTION ( 'NONE',  ( 0.0000000000000000000, -1.000000000000000000, -4.553079989440441700E-016 ) ) ;
#9166 = CARTESIAN_POINT ( 'NONE',  ( 0.7374999999999998200, 0.3450000000000002000, -0.09750000000000003100 ) ) ;
#9167 = EDGE_CURVE ( 'NONE', #1979, #8442, #3103, .T. ) ;
#9168 = ORIENTED_EDGE ( 'NONE', *, *, #6195, .F. ) ;
#9169 = FACE_OUTER_BOUND ( 'NONE', #2610, .T. ) ;
#9170 = CARTESIAN_POINT ( 'NONE',  ( 1.044978156973178900, 0.2668421540424528200, -0.01000000000000000000 ) ) ;
#9171 = CARTESIAN_POINT ( 'NONE',  ( 0.9517292900370103400, 0.2366589681657806600, -0.01000000000000000000 ) ) ;
#9172 = AXIS2_PLACEMENT_3D ( 'NONE', #333, #316, #292 ) ;
#9173 = VECTOR ( 'NONE', #10412, 39.37007874015748100 ) ;
#9174 = DIRECTION ( 'NONE',  ( -1.000000000000000000, -0.0000000000000000000, -0.0000000000000000000 ) ) ;
#9175 = VERTEX_POINT ( 'NONE', #3207 ) ;
#9176 = LINE ( 'NONE', #6654, #9708 ) ;
#9177 = PERSON_AND_ORGANIZATION ( #8983, #828 ) ;
#9178 = PERSON_AND_ORGANIZATION_ROLE ( 'classification_officer' ) ;
#9179 = EDGE_LOOP ( 'NONE', ( #10029, #5861, #926, #5487, #7248, #5721, #6967, #4935, #472, #7372, #5728, #5111, #6884, #6270, #617, #9065, #223, #2739, #1192, #2731, #744, #345, #4659, #3617, #781, #514, #4613, #6331, #9981, #10652, #10865, #7746 ) ) ;
#9180 = DIRECTION ( 'NONE',  ( -0.0000000000000000000, -0.0000000000000000000, 1.000000000000000000 ) ) ;
#9181 = CIRCLE ( 'NONE', #69, 0.03999999999999998000 ) ;
#9182 = CYLINDRICAL_SURFACE ( 'NONE', #1260, 0.03150000000000006300 ) ;
#9183 = CYLINDRICAL_SURFACE ( 'NONE', #7180, 0.02172792206135780400 ) ;
#9184 = AXIS2_PLACEMENT_3D ( 'NONE', #10242, #2733, #2431 ) ;
#9185 = ORIENTED_EDGE ( 'NONE', *, *, #1191, .F. ) ;
#9186 = CARTESIAN_POINT ( 'NONE',  ( 0.0000000000000000000, 0.4094147637527243400, -0.01000000000000000000 ) ) ;
#9187 = CARTESIAN_POINT ( 'NONE',  ( 0.6974999999999999000, 0.05000000000000001000, -0.2725000000000000800 ) ) ;
#9188 = FACE_OUTER_BOUND ( 'NONE', #8951, .T. ) ;
#9189 = ORIENTED_EDGE ( 'NONE', *, *, #6621, .F. ) ;
#9190 = DIRECTION ( 'NONE',  ( 0.0000000000000000000, 0.0000000000000000000, -1.000000000000000000 ) ) ;
#9191 = CARTESIAN_POINT ( 'NONE',  ( 0.5802132034345470800, 0.03750000000118856900, -0.02500000000715813000 ) ) ;
#9192 = LINE ( 'NONE', #758, #9160 ) ;
#9193 = LINE ( 'NONE', #4148, #8692 ) ;
#9194 = ORIENTED_EDGE ( 'NONE', *, *, #5648, .T. ) ;
#9195 = ORIENTED_EDGE ( 'NONE', *, *, #2368, .F. ) ;
#9196 = EDGE_CURVE ( 'NONE', #9145, #5197, #7192, .T. ) ;
#9197 = EDGE_LOOP ( 'NONE', ( #5505, #10134, #7542, #4102 ) ) ;
#9198 = ORIENTED_EDGE ( 'NONE', *, *, #4433, .F. ) ;
#9199 = AXIS2_PLACEMENT_3D ( 'NONE', #9628, #9622, #9662 ) ;
#9200 = CARTESIAN_POINT ( 'NONE',  ( 0.1597132034349023100, 0.05749999999957711200, 0.02499999999950048800 ) ) ;
#9201 = ORIENTED_EDGE ( 'NONE', *, *, #9636, .F. ) ;
#9202 = DIRECTION ( 'NONE',  ( 0.0000000000000000000, 1.352399996863497200E-015, -1.000000000000000000 ) ) ;
#9203 = LINE ( 'NONE', #3487, #2413 ) ;
#9204 = VERTEX_POINT ( 'NONE', #6491 ) ;
#9205 = CC_DESIGN_DATE_AND_TIME_ASSIGNMENT ( #3227, #8381, ( #7069 ) ) ;
#9206 = VECTOR ( 'NONE', #7908, 39.37007874015748100 ) ;
#9207 = DIRECTION ( 'NONE',  ( -0.0000000000000000000, 0.0000000000000000000, 1.000000000000000000 ) ) ;
#9208 = LINE ( 'NONE', #9677, #410 ) ;
#9209 = DIRECTION ( 'NONE',  ( -0.0000000000000000000, 1.871128762783746100E-015, 1.000000000000000000 ) ) ;
#9210 = CARTESIAN_POINT ( 'NONE',  ( 0.3046920839931546700, 0.04350263157818783800, -0.005999999997355725600 ) ) ;
#9211 = ORIENTED_EDGE ( 'NONE', *, *, #3369, .F. ) ;
#9212 = EDGE_LOOP ( 'NONE', ( #9492, #802, #7516, #10131, #3301, #2193, #1104, #6811 ) ) ;
#9213 = VECTOR ( 'NONE', #3326, 39.37007874015748100 ) ;
#9214 = VERTEX_POINT ( 'NONE', #8492 ) ;
#9215 = DATE_TIME_ROLE ( 'classification_date' ) ;
#9216 = EDGE_CURVE ( 'NONE', #4602, #7365, #9059, .T. ) ;
#9217 = CARTESIAN_POINT ( 'NONE',  ( 0.3674999999999998300, 0.2699999999999999100, -0.2210000000000000900 ) ) ;
#9218 = LINE ( 'NONE', #7731, #7371 ) ;
#9219 = DIRECTION ( 'NONE',  ( -0.0000000000000000000, -0.0000000000000000000, 1.000000000000000000 ) ) ;
#9220 = PLANE ( 'NONE',  #4471 ) ;
#9221 = VECTOR ( 'NONE', #5896, 39.37007874015748100 ) ;
#9222 = LINE ( 'NONE', #2666, #9206 ) ;
#9223 = ORIENTED_EDGE ( 'NONE', *, *, #7826, .T. ) ;
#9224 = FACE_OUTER_BOUND ( 'NONE', #385, .T. ) ;
#9225 = DIRECTION ( 'NONE',  ( 1.000000000000000000, -0.0000000000000000000, -0.0000000000000000000 ) ) ;
#9226 = DIMENSIONAL_EXPONENTS ( 1.000000000000000000, 0.0000000000000000000, 0.0000000000000000000, 0.0000000000000000000, 0.0000000000000000000, 0.0000000000000000000, 0.0000000000000000000 ) ;
#9227 = PLANE ( 'NONE',  #3948 ) ;
#9228 = ORIENTED_EDGE ( 'NONE', *, *, #2761, .T. ) ;
#9229 = EDGE_CURVE ( 'NONE', #4933, #5312, #10950, .T. ) ;
#9230 = VECTOR ( 'NONE', #5873, 39.37007874015748100 ) ;
#9231 = ORIENTED_EDGE ( 'NONE', *, *, #19, .F. ) ;
#9232 = ORIENTED_EDGE ( 'NONE', *, *, #9406, .T. ) ;
#9233 = ORIENTED_EDGE ( 'NONE', *, *, #2720, .F. ) ;
#9234 = EDGE_CURVE ( 'NONE', #8402, #6225, #6933, .T. ) ;
#9235 = DIRECTION ( 'NONE',  ( 0.0000000000000000000, 1.707404996040164500E-016, -1.000000000000000000 ) ) ;
#9236 = ORIENTED_EDGE ( 'NONE', *, *, #6734, .T. ) ;
#9237 = VERTEX_POINT ( 'NONE', #3893 ) ;
#9238 = DIRECTION ( 'NONE',  ( -0.0000000000000000000, -1.352399996863497200E-015, -1.000000000000000000 ) ) ;
#9239 = CARTESIAN_POINT ( 'NONE',  ( 1.044978156973178900, 0.0000000000000000000, -0.01000000000000000000 ) ) ;
#9240 = ORIENTED_EDGE ( 'NONE', *, *, #910, .F. ) ;
#9241 = CIRCLE ( 'NONE', #8192, 0.03999999999999998000 ) ;
#9242 = ORIENTED_EDGE ( 'NONE', *, *, #8888, .T. ) ;
#9243 = DIRECTION ( 'NONE',  ( -0.0000000000000000000, -0.0000000000000000000, 1.000000000000000000 ) ) ;
#9244 = EDGE_CURVE ( 'NONE', #3751, #9610, #2546, .T. ) ;
#9245 = EDGE_CURVE ( 'NONE', #4242, #3968, #2233, .T. ) ;
#9246 = EDGE_CURVE ( 'NONE', #5450, #9256, #8800, .T. ) ;
#9247 = APPROVAL_ROLE ( '' ) ;
#9248 = ORIENTED_EDGE ( 'NONE', *, *, #2238, .F. ) ;
#9249 = CARTESIAN_POINT ( 'NONE',  ( 0.7974999999999998800, 0.3450000000000001400, -0.2220000000000000000 ) ) ;
#9250 = DIRECTION ( 'NONE',  ( -0.0000000000000000000, -0.0000000000000000000, 1.000000000000000000 ) ) ;
#9251 = DIRECTION ( 'NONE',  ( 0.0000000000000000000, 0.0000000000000000000, 1.000000000000000000 ) ) ;
#9252 = LINE ( 'NONE', #8070, #5221 ) ;
#9253 = ORIENTED_EDGE ( 'NONE', *, *, #6148, .T. ) ;
#9254 = EDGE_LOOP ( 'NONE', ( #10660, #1040, #8480, #6862 ) ) ;
#9255 = CARTESIAN_POINT ( 'NONE',  ( 0.3674999999999998300, 0.5600000000000003900, -0.2210000000000000900 ) ) ;
#9256 = VERTEX_POINT ( 'NONE', #4033 ) ;
#9257 = CARTESIAN_POINT ( 'NONE',  ( 1.097499999999999900, 0.5579999999999996100, -0.07249999999999996700 ) ) ;
#9258 = ADVANCED_FACE ( 'NONE', ( #10512 ), #3811, .T. ) ;
#9259 = CARTESIAN_POINT ( 'NONE',  ( 0.5374999999999999800, 0.2700000000000001800, -0.1480000000000000800 ) ) ;
#9260 = VECTOR ( 'NONE', #9174, 39.37007874015748100 ) ;
#9261 = AXIS2_PLACEMENT_3D ( 'NONE', #7917, #4531, #9941 ) ;
#9262 = ORIENTED_EDGE ( 'NONE', *, *, #8058, .F. ) ;
#9263 = PRODUCT_RELATED_PRODUCT_CATEGORY ( 'detail', '', ( #2498 ) ) ;
#9264 = CARTESIAN_POINT ( 'NONE',  ( 0.3924999999999996800, 0.05000000000000000300, -0.09750000000000003100 ) ) ;
#9265 = ORIENTED_EDGE ( 'NONE', *, *, #10792, .T. ) ;
#9266 = DIRECTION ( 'NONE',  ( 0.0000000000000000000, 0.0000000000000000000, 1.000000000000000000 ) ) ;
#9267 = FACE_OUTER_BOUND ( 'NONE', #10909, .T. ) ;
#9268 = DIRECTION ( 'NONE',  ( 0.0000000000000000000, 1.000000000000000000, 0.0000000000000000000 ) ) ;
#9269 = EDGE_CURVE ( 'NONE', #10784, #6599, #4149, .T. ) ;
#9270 = ORIENTED_EDGE ( 'NONE', *, *, #417, .T. ) ;
#9271 = CARTESIAN_POINT ( 'NONE',  ( 0.9885380533012652100, 0.2366589681657897700, -0.01000000000000000000 ) ) ;
#9272 = AXIS2_PLACEMENT_3D ( 'NONE', #7845, #5163, #5417 ) ;
#9273 = CARTESIAN_POINT ( 'NONE',  ( 0.8496463199174501000, 0.3181290308573484500, -0.01000000000000000000 ) ) ;
#9274 = DIRECTION ( 'NONE',  ( -9.478563083393956700E-013, -1.000000000000000000, 7.789823685974223700E-013 ) ) ;
#9275 = CARTESIAN_POINT ( 'NONE',  ( 0.5802132034324840600, 0.01600000000112908700, 0.02499999999473027200 ) ) ;
#9276 = VECTOR ( 'NONE', #2557, 39.37007874015748100 ) ;
#9277 = ORIENTED_EDGE ( 'NONE', *, *, #6348, .T. ) ;
#9278 = CARTESIAN_POINT ( 'NONE',  ( 1.104362961706156600, 0.3063502266127573500, -0.01000000000000000000 ) ) ;
#9279 = CARTESIAN_POINT ( 'NONE',  ( 0.9374999999999998900, 0.2699999999999999100, -0.1490000000000000800 ) ) ;
#9280 = FACE_OUTER_BOUND ( 'NONE', #2767, .T. ) ;
#9281 = DATE_AND_TIME ( #184, #2795 ) ;
#9282 = ORIENTED_EDGE ( 'NONE', *, *, #4115, .F. ) ;
#9283 = CALENDAR_DATE ( 2019, 15, 10 ) ;
#9284 = ADVANCED_FACE ( 'NONE', ( #4460 ), #4605, .F. ) ;
#9285 = LINE ( 'NONE', #8491, #2526 ) ;
#9286 = DIRECTION ( 'NONE',  ( 1.000000000000000000, -0.0000000000000000000, -0.0000000000000000000 ) ) ;
#9287 = EDGE_CURVE ( 'NONE', #8618, #8364, #8340, .T. ) ;
#9288 = FACE_OUTER_BOUND ( 'NONE', #2586, .T. ) ;
#9289 = EDGE_CURVE ( 'NONE', #4913, #6995, #10280, .T. ) ;
#9290 = CARTESIAN_POINT ( 'NONE',  ( 1.197499999999999800, 0.3450000000000001400, -0.1479999999999999900 ) ) ;
#9291 = CARTESIAN_POINT ( 'NONE',  ( 0.6101829004020867800, 0.01600000000052377600, -0.01547019079035482000 ) ) ;
#9292 = CALENDAR_DATE ( 2019, 15, 10 ) ;
#9293 = DATE_AND_TIME ( #202, #2809 ) ;
#9294 = ORIENTED_EDGE ( 'NONE', *, *, #5586, .T. ) ;
#9295 = ORIENTED_EDGE ( 'NONE', *, *, #3411, .T. ) ;
#9296 = CARTESIAN_POINT ( 'NONE',  ( 0.6506336064153887000, 0.3181290308573566100, 0.0000000000000000000 ) ) ;
#9297 = VECTOR ( 'NONE', #9126, 39.37007874015748100 ) ;
#9298 = VECTOR ( 'NONE', #8724, 39.37007874015748100 ) ;
#9299 = CARTESIAN_POINT ( 'NONE',  ( 0.6506336065353098800, 0.3250000000000201600, -0.01000000000000000000 ) ) ;
#9300 = LOCAL_TIME ( 13, 11, 25.00000000000000000, #215 ) ;
#9301 = EDGE_CURVE ( 'NONE', #4109, #2800, #6411, .T. ) ;
#9302 = CARTESIAN_POINT ( 'NONE',  ( 0.5374999999999999800, 0.3450000000000002000, -0.2725000000000000200 ) ) ;
#9303 = EDGE_CURVE ( 'NONE', #4889, #10030, #1300, .T. ) ;
#9304 = DIRECTION ( 'NONE',  ( -0.0000000000000000000, 0.0000000000000000000, 1.000000000000000000 ) ) ;
#9305 = CARTESIAN_POINT ( 'NONE',  ( 0.4374999999999998900, 0.2699999999999999100, -0.2220000000000000900 ) ) ;
#9306 = ORIENTED_EDGE ( 'NONE', *, *, #3185, .T. ) ;
#9307 = AXIS2_PLACEMENT_3D ( 'NONE', #5876, #6010, #8046 ) ;
#9308 = CARTESIAN_POINT ( 'NONE',  ( 0.5365264404161153000, 0.2366589681657897700, -0.01000000000000000000 ) ) ;
#9309 = FACE_OUTER_BOUND ( 'NONE', #7547, .T. ) ;
#9310 = DIRECTION ( 'NONE',  ( 1.000000000000000000, 0.0000000000000000000, 0.0000000000000000000 ) ) ;
#9311 = CARTESIAN_POINT ( 'NONE',  ( 0.1299999999999994200, 0.0000000000000000000, -0.1850000000000000800 ) ) ;
#9312 = VECTOR ( 'NONE', #3342, 39.37007874015748100 ) ;
#9313 = CARTESIAN_POINT ( 'NONE',  ( 1.037499999999999900, 0.2699999999999999100, -0.2210000000000000900 ) ) ;
#9314 = CIRCLE ( 'NONE', #7871, 0.02625691779516779700 ) ;
#9315 = DIRECTION ( 'NONE',  ( 1.000000000000000000, 0.0000000000000000000, 0.0000000000000000000 ) ) ;
#9316 = VERTEX_POINT ( 'NONE', #9691 ) ;
#9317 = AXIS2_PLACEMENT_3D ( 'NONE', #3263, #1323, #1462 ) ;
#9318 = CARTESIAN_POINT ( 'NONE',  ( 1.037499999999999900, 0.5580000000000000500, -0.2974999999999999900 ) ) ;
#9319 =( GEOMETRIC_REPRESENTATION_CONTEXT ( 3 ) GLOBAL_UNCERTAINTY_ASSIGNED_CONTEXT ( ( #4744 ) ) GLOBAL_UNIT_ASSIGNED_CONTEXT ( ( #7207, #1881, #8039 ) ) REPRESENTATION_CONTEXT ( 'NONE', 'WORKASPACE' ) );
#9320 = VECTOR ( 'NONE', #1897, 39.37007874015748100 ) ;
#9321 = DIRECTION ( 'NONE',  ( 1.000000000000000000, 0.0000000000000000000, 0.0000000000000000000 ) ) ;
#9322 = VERTEX_POINT ( 'NONE', #9727 ) ;
#9323 = DIRECTION ( 'NONE',  ( -0.0000000000000000000, 1.000000000000000000, -0.0000000000000000000 ) ) ;
#9324 = FACE_OUTER_BOUND ( 'NONE', #2358, .T. ) ;
#9325 = ORIENTED_EDGE ( 'NONE', *, *, #9743, .F. ) ;
#9326 = ORIENTED_EDGE ( 'NONE', *, *, #9809, .T. ) ;
#9327 = CIRCLE ( 'NONE', #8527, 0.01000000000015175000 ) ;
#9328 = EDGE_CURVE ( 'NONE', #10863, #3559, #6172, .T. ) ;
#9329 = CARTESIAN_POINT ( 'NONE',  ( 0.8374999999999999100, 0.3450000000000002000, -0.09750000000000001700 ) ) ;
#9330 = AXIS2_PLACEMENT_3D ( 'NONE', #5007, #3680, #6906 ) ;
#9331 = CARTESIAN_POINT ( 'NONE',  ( 0.1471517780947426400, 0.06259760038267726800, -0.005493504325171881400 ) ) ;
#9332 = CARTESIAN_POINT ( 'NONE',  ( 0.1536499778714801900, 0.06956181146424517100, -0.02499999999694102100 ) ) ;
#9333 = CC_DESIGN_SECURITY_CLASSIFICATION ( #8801, ( #11011 ) ) ;
#9334 = ADVANCED_FACE ( 'NONE', ( #7851 ), #5122, .F. ) ;
#9336 = DIRECTION ( 'NONE',  ( 0.0000000000000000000, 0.0000000000000000000, -1.000000000000000000 ) ) ;
#9335 = CIRCLE ( 'NONE', #3064, 0.03999999999999998000 ) ;
#9337 = ORIENTED_EDGE ( 'NONE', *, *, #3463, .F. ) ;
#9338 = FACE_OUTER_BOUND ( 'NONE', #10016, .T. ) ;
#9339 = CARTESIAN_POINT ( 'NONE',  ( 0.9974999999999999400, 0.2700000000000001800, -0.1480000000000000200 ) ) ;
#9340 = FACE_OUTER_BOUND ( 'NONE', #8879, .T. ) ;
#9341 = CARTESIAN_POINT ( 'NONE',  ( 0.6057269153529094600, 0.3780046191005195800, -0.01000000000000000000 ) ) ;
#9342 = ORIENTED_EDGE ( 'NONE', *, *, #10665, .F. ) ;
#9343 = CARTESIAN_POINT ( 'NONE',  ( 1.037499999999999900, 0.3450000000000002000, -0.2725000000000000200 ) ) ;
#9344 = VECTOR ( 'NONE', #5958, 39.37007874015748100 ) ;
#9345 = ORIENTED_EDGE ( 'NONE', *, *, #9420, .T. ) ;
#9346 = EDGE_CURVE ( 'NONE', #3837, #9482, #9842, .T. ) ;
#9347 = VERTEX_POINT ( 'NONE', #5260 ) ;
#9348 = EDGE_LOOP ( 'NONE', ( #1054, #427, #219, #7791 ) ) ;
#9349 = CIRCLE ( 'NONE', #5239, 0.01850000000000008900 ) ;
#9350 = ORIENTED_EDGE ( 'NONE', *, *, #8979, .F. ) ;
#9351 = ORIENTED_EDGE ( 'NONE', *, *, #2297, .F. ) ;
#9352 = ORIENTED_EDGE ( 'NONE', *, *, #3832, .F. ) ;
#9353 = CARTESIAN_POINT ( 'NONE',  ( 0.0000000000000000000, 0.4231567020380064300, -0.01000000000000000000 ) ) ;
#9354 = ORIENTED_EDGE ( 'NONE', *, *, #1210, .T. ) ;
#9355 = CARTESIAN_POINT ( 'NONE',  ( 0.3564999999999999800, 0.4749999999999999800, -0.3130000000000000600 ) ) ;
#9356 = CARTESIAN_POINT ( 'NONE',  ( 0.3361881571559630600, 0.04400000000070935400, 6.272596178252514500E-012 ) ) ;
#9357 = ORIENTED_EDGE ( 'NONE', *, *, #5049, .T. ) ;
#9358 = EDGE_CURVE ( 'NONE', #8199, #379, #3537, .T. ) ;
#9359 = EDGE_CURVE ( 'NONE', #5690, #6011, #3232, .T. ) ;
#9360 = FACE_OUTER_BOUND ( 'NONE', #3358, .T. ) ;
#9361 = AXIS2_PLACEMENT_3D ( 'NONE', #3096, #3066, #3042 ) ;
#9362 = ORIENTED_EDGE ( 'NONE', *, *, #62, .T. ) ;
#9363 = PLANE ( 'NONE',  #9127 ) ;
#9364 = ORIENTED_EDGE ( 'NONE', *, *, #3221, .T. ) ;
#9365 = CARTESIAN_POINT ( 'NONE',  ( 0.6371370600050838600, 0.3318709691426837100, -0.01000000000000000000 ) ) ;
#9366 = VERTEX_POINT ( 'NONE', #5278 ) ;
#9367 = CARTESIAN_POINT ( 'NONE',  ( 0.2874999999999999800, 0.2500000000000000000, -0.3700000000000001600 ) ) ;
#9368 = ORIENTED_EDGE ( 'NONE', *, *, #9408, .F. ) ;
#9369 = CARTESIAN_POINT ( 'NONE',  ( 1.097499999999999900, 0.2700000000000001800, -0.1490000000000000800 ) ) ;
#9370 = LINE ( 'NONE', #3855, #7272 ) ;
#9371 = DIRECTION ( 'NONE',  ( -0.0000000000000000000, 0.0000000000000000000, 1.000000000000000000 ) ) ;
#9372 = EDGE_CURVE ( 'NONE', #1659, #3841, #5390, .T. ) ;
#9373 = CARTESIAN_POINT ( 'NONE',  ( 0.0000000000000000000, 0.0000000000000000000, -0.3700000000000001600 ) ) ;
#9374 = DIRECTION ( 'NONE',  ( 0.0000000000000000000, -0.0000000000000000000, -1.000000000000000000 ) ) ;
#9375 = AXIS2_PLACEMENT_3D ( 'NONE', #6221, #692, #7041 ) ;
#9376 = VECTOR ( 'NONE', #6045, 39.37007874015748100 ) ;
#9377 =( BOUNDED_CURVE ( )  B_SPLINE_CURVE ( 3, ( #973, #8703, #8212, #8179 ),
 .UNSPECIFIED., .F., .F. ) 
 B_SPLINE_CURVE_WITH_KNOTS ( ( 4, 4 ),
 ( 3.849177090385873100, 4.712388980139716700 ),
 .UNSPECIFIED. ) 
 CURVE ( )  GEOMETRIC_REPRESENTATION_ITEM ( )  RATIONAL_B_SPLINE_CURVE ( ( 1.000000000000000000, 0.9388634041968535500, 0.9388634041968535500, 1.000000000000000000 ) ) 
 REPRESENTATION_ITEM ( '' )  );
#9378 = ADVANCED_FACE ( 'NONE', ( #7590 ), #7175, .F. ) ;
#9379 = CARTESIAN_POINT ( 'NONE',  ( 0.3924999999999996800, 0.05000000000000000300, -0.1499999999999999900 ) ) ;
#9380 = ORIENTED_EDGE ( 'NONE', *, *, #1938, .T. ) ;
#9381 =( LENGTH_UNIT ( ) NAMED_UNIT ( * ) SI_UNIT ( $, .METRE. ) );
#9382 = EDGE_CURVE ( 'NONE', #3907, #1992, #9624, .T. ) ;
#9383 = DIRECTION ( 'NONE',  ( 0.0000000000000000000, 1.000000000000000000, 4.553079989440424900E-016 ) ) ;
#9384 = AXIS2_PLACEMENT_3D ( 'NONE', #6432, #9815, #9737 ) ;
#9385 = CYLINDRICAL_SURFACE ( 'NONE', #8797, 0.03999999999999998000 ) ;
#9386 = CC_DESIGN_APPROVAL ( #8866, ( #7846 ) ) ;
#9387 = CARTESIAN_POINT ( 'NONE',  ( 0.6832707099629759000, 0.2268432979619829900, -0.01000000000000000000 ) ) ;
#9388 = VECTOR ( 'NONE', #6609, 39.37007874015748100 ) ;
#9389 = ITEM_DEFINED_TRANSFORMATION ( 'NONE', 'NONE', #8294,  #8995 ) ;
#9390 = PLANE ( 'NONE',  #9199 ) ;
#9391 = VECTOR ( 'NONE', #8079, 39.37007874015748100 ) ;
#9392 = CARTESIAN_POINT ( 'NONE',  ( 0.9924643213828182600, 0.0000000000000000000, 0.0000000000000000000 ) ) ;
#9393 = EDGE_CURVE ( 'NONE', #4723, #1659, #9401, .T. ) ;
#9394 = VERTEX_POINT ( 'NONE', #5754 ) ;
#9395 = AXIS2_PLACEMENT_3D ( 'NONE', #9885, #2444, #3758 ) ;
#9396 = APPROVAL_PERSON_ORGANIZATION ( #350, #2808, #154 ) ;
#9398 = CARTESIAN_POINT ( 'NONE',  ( 1.504999999999999900, 0.0000000000000000000, -0.1850000000000000000 ) ) ;
#9397 = PERSON_AND_ORGANIZATION ( #4043, #357 ) ;
#9399 = CIRCLE ( 'NONE', #8462, 0.006870969142667693000 ) ;
#9400 = DIRECTION ( 'NONE',  ( 1.000000000000000000, 9.477452811353084400E-013, -3.681761408127871100E-013 ) ) ;
#9401 = LINE ( 'NONE', #7715, #5147 ) ;
#9402 = CARTESIAN_POINT ( 'NONE',  ( 0.8974999999999999600, 0.05000000000000000300, -0.3700000000000000000 ) ) ;
#9403 = COORDINATED_UNIVERSAL_TIME_OFFSET ( 5, 0, .BEHIND. ) ;
#9404 = CARTESIAN_POINT ( 'NONE',  ( 0.5374999999999999800, 0.3450000000000002000, -0.09750000000000005900 ) ) ;
#9405 = AXIS2_PLACEMENT_3D ( 'NONE', #7817, #7728, #7618 ) ;
#9406 = EDGE_CURVE ( 'NONE', #5143, #889, #7323, .T. ) ;
#9407 = VERTEX_POINT ( 'NONE', #7575 ) ;
#9408 = EDGE_CURVE ( 'NONE', #3639, #7158, #2691, .T. ) ;
#9410 = DIRECTION ( 'NONE',  ( -0.0000000000000000000, -0.0000000000000000000, 1.000000000000000000 ) ) ;
#9409 = LINE ( 'NONE', #768, #380 ) ;
#9411 = EDGE_LOOP ( 'NONE', ( #4422, #7189, #2269, #1510 ) ) ;
#9412 = DIRECTION ( 'NONE',  ( -0.8934675157458196200, -0.4491278195647575600, -2.088883638616915800E-014 ) ) ;
#9413 = SHAPE_REPRESENTATION_RELATIONSHIP ( 'NONE' , 'NONE' ,  #7989, #3774 ) ;
#9414 = ORIENTED_EDGE ( 'NONE', *, *, #790, .T. ) ;
#9415 = DIRECTION ( 'NONE',  ( -0.0000000000000000000, 0.0000000000000000000, 1.000000000000000000 ) ) ;
#9416 = DIRECTION ( 'NONE',  ( -0.0000000000000000000, 1.000000000000000000, 1.707404996040165000E-016 ) ) ;
#9417 = CARTESIAN_POINT ( 'NONE',  ( 1.097499999999999900, 0.5180000000000000200, -0.1489999999999998300 ) ) ;
#9418 = VECTOR ( 'NONE', #5977, 39.37007874015748100 ) ;
#9419 = DIRECTION ( 'NONE',  ( 1.000000000000000000, 9.480675684627761000E-013, -3.681989669470754400E-013 ) ) ;
#9420 = EDGE_CURVE ( 'NONE', #419, #1355, #670, .T. ) ;
#9421 = ADVANCED_FACE ( 'NONE', ( #8917 ), #4586, .F. ) ;
#9422 = EDGE_CURVE ( 'NONE', #6217, #7918, #2380, .T. ) ;
#9423 = FACE_OUTER_BOUND ( 'NONE', #5165, .T. ) ;
#9424 = EDGE_CURVE ( 'NONE', #294, #3174, #6794, .T. ) ;
#9425 = LINE ( 'NONE', #3786, #2717 ) ;
#9426 = CARTESIAN_POINT ( 'NONE',  ( 0.8374999999999999100, 0.5580000000000000500, -0.09750000000000040600 ) ) ;
#9427 = VECTOR ( 'NONE', #171, 39.37007874015748100 ) ;
#9428 = EDGE_LOOP ( 'NONE', ( #8537, #6522, #170, #6617 ) ) ;
#9429 = ORIENTED_EDGE ( 'NONE', *, *, #10171, .T. ) ;
#9430 = CARTESIAN_POINT ( 'NONE',  ( 0.6506336065353098800, 0.3250000000000201600, -0.01000000000000000000 ) ) ;
#9431 = DIRECTION ( 'NONE',  ( -0.4491278195647576100, 0.8934675157458197300, 8.613638408816944500E-013 ) ) ;
#9432 = DIRECTION ( 'NONE',  ( -0.0000000000000000000, 0.0000000000000000000, 1.000000000000000000 ) ) ;
#9433 = FACE_OUTER_BOUND ( 'NONE', #9695, .T. ) ;
#9434 = EDGE_LOOP ( 'NONE', ( #574, #881, #1391, #6607 ) ) ;
#9435 = CC_DESIGN_APPROVAL ( #8925, ( #7350 ) ) ;
#9436 = ADVANCED_FACE ( 'NONE', ( #10833 ), #4532, .T. ) ;
#9437 = CIRCLE ( 'NONE', #1499, 0.02650000000040212200 ) ;
#9438 = CARTESIAN_POINT ( 'NONE',  ( 0.4674999999977768100, 0.6712132034341608000, -0.05999999999894218400 ) ) ;
#9439 = ORIENTED_EDGE ( 'NONE', *, *, #4902, .F. ) ;
#9440 = LINE ( 'NONE', #6220, #9221 ) ;
#9441 = ORIENTED_EDGE ( 'NONE', *, *, #7893, .T. ) ;
#9442 = EDGE_CURVE ( 'NONE', #5395, #118, #2053, .T. ) ;
#9443 = AXIS2_PLACEMENT_3D ( 'NONE', #10565, #10644, #271 ) ;
#9444 = CARTESIAN_POINT ( 'NONE',  ( 0.0000000000000000000, 0.3181290308573566100, -0.01000000000000000000 ) ) ;
#9445 = FACE_OUTER_BOUND ( 'NONE', #899, .T. ) ;
#9446 = CARTESIAN_POINT ( 'NONE',  ( 0.6575045756779732700, 0.3250000000000201600, -0.01000000000000000000 ) ) ;
#9447 = CARTESIAN_POINT ( 'NONE',  ( 1.197499999999999800, 0.3450000000000001400, -0.2219999999999999800 ) ) ;
#9448 = ORIENTED_EDGE ( 'NONE', *, *, #10675, .F. ) ;
#9449 = VECTOR ( 'NONE', #5392, 39.37007874015748100 ) ;
#9450 = EDGE_LOOP ( 'NONE', ( #1333, #5463, #9460, #2386 ) ) ;
#9451 = DIRECTION ( 'NONE',  ( 0.0000000000000000000, -5.691349986800549600E-017, 1.000000000000000000 ) ) ;
#9452 = CARTESIAN_POINT ( 'NONE',  ( 1.504999999999999900, 0.0000000000000000000, -0.1850000000000000000 ) ) ;
#9453 = AXIS2_PLACEMENT_3D ( 'NONE', #9926, #10229, #9825 ) ;
#9454 = ORIENTED_EDGE ( 'NONE', *, *, #5237, .F. ) ;
#9455 = EDGE_CURVE ( 'NONE', #6868, #2668, #4299, .T. ) ;
#9456 = LINE ( 'NONE', #4173, #7128 ) ;
#9457 = ORIENTED_EDGE ( 'NONE', *, *, #373, .T. ) ;
#9458 = CARTESIAN_POINT ( 'NONE',  ( 0.4374999999999998900, 0.2699999999999999100, -0.2210000000000000900 ) ) ;
#9459 = EDGE_CURVE ( 'NONE', #4075, #1422, #1749, .T. ) ;
#9460 = ORIENTED_EDGE ( 'NONE', *, *, #2649, .F. ) ;
#9461 = ORIENTED_EDGE ( 'NONE', *, *, #7395, .F. ) ;
#9462 = VERTEX_POINT ( 'NONE', #3444 ) ;
#9463 = DIRECTION ( 'NONE',  ( 1.000000000000000000, 0.0000000000000000000, 0.0000000000000000000 ) ) ;
#9464 = ADVANCED_FACE ( 'NONE', ( #6301 ), #3640, .F. ) ;
#9466 = ADVANCED_FACE ( 'NONE', ( #6536 ), #8219, .F. ) ;
#9465 = ORIENTED_EDGE ( 'NONE', *, *, #549, .T. ) ;
#9467 = VERTEX_POINT ( 'NONE', #4465 ) ;
#9468 = ORIENTED_EDGE ( 'NONE', *, *, #315, .F. ) ;
#9469 = DIRECTION ( 'NONE',  ( -1.000000000000000000, 8.054752014276220300E-012, 5.203555549537171000E-012 ) ) ;
#9470 = LINE ( 'NONE', #1111, #2766 ) ;
#9471 = ORIENTED_EDGE ( 'NONE', *, *, #8636, .F. ) ;
#9472 = DIRECTION ( 'NONE',  ( 0.0000000000000000000, 1.000000000000000000, 0.0000000000000000000 ) ) ;
#9473 = EDGE_CURVE ( 'NONE', #4067, #10106, #10164, .T. ) ;
#9474 = EDGE_CURVE ( 'NONE', #9214, #2851, #8450, .T. ) ;
#9475 = ORIENTED_EDGE ( 'NONE', *, *, #4263, .F. ) ;
#9476 = AXIS2_PLACEMENT_3D ( 'NONE', #7942, #7553, #7079 ) ;
#9477 = ORIENTED_EDGE ( 'NONE', *, *, #10531, .T. ) ;
#9478 = ORIENTED_EDGE ( 'NONE', *, *, #3926, .T. ) ;
#9479 = DIRECTION ( 'NONE',  ( -0.0000000000000000000, 1.871128762783746100E-015, 1.000000000000000000 ) ) ;
#9480 = LINE ( 'NONE', #1042, #9260 ) ;
#9481 = DIRECTION ( 'NONE',  ( 1.000000000000000000, 0.0000000000000000000, 0.0000000000000000000 ) ) ;
#9482 = VERTEX_POINT ( 'NONE', #4502 ) ;
#9483 = ADVANCED_FACE ( 'NONE', ( #6031 ), #5766, .F. ) ;
#9484 = CARTESIAN_POINT ( 'NONE',  ( 0.8359043816321273200, 0.4133410318342099500, -0.01000000000000000000 ) ) ;
#9485 = PLANE ( 'NONE',  #6990 ) ;
#9486 = LINE ( 'NONE', #6216, #7429 ) ;
#9487 = ORIENTED_EDGE ( 'NONE', *, *, #8656, .F. ) ;
#9488 = DIRECTION ( 'NONE',  ( -0.0000000000000000000, 1.000000000000000000, -0.0000000000000000000 ) ) ;
#9489 =( GEOMETRIC_REPRESENTATION_CONTEXT ( 3 ) GLOBAL_UNCERTAINTY_ASSIGNED_CONTEXT ( ( #8310 ) ) GLOBAL_UNIT_ASSIGNED_CONTEXT ( ( #3583, #4553, #10117 ) ) REPRESENTATION_CONTEXT ( 'NONE', 'WORKASPACE' ) );
#9490 = DIRECTION ( 'NONE',  ( -0.0000000000000000000, 0.0000000000000000000, 1.000000000000000000 ) ) ;
#9491 = LINE ( 'NONE', #4857, #5247 ) ;
#9492 = ORIENTED_EDGE ( 'NONE', *, *, #10713, .T. ) ;
#9493 = CARTESIAN_POINT ( 'NONE',  ( 0.2411999999996222700, 0.04250000000063435700, 0.005999999994282669900 ) ) ;
#9494 = DIRECTION ( 'NONE',  ( 8.055046623592789800E-012, -1.000000000000000000, -9.474066515849366000E-013 ) ) ;
#9495 = EDGE_CURVE ( 'NONE', #5576, #10923, #1138, .T. ) ;
#9496 = ORIENTED_EDGE ( 'NONE', *, *, #6371, .T. ) ;
#9497 = CARTESIAN_POINT ( 'NONE',  ( 1.097499999999999900, 0.3450000000000001400, -0.2220000000000000000 ) ) ;
#9498 = ORIENTED_EDGE ( 'NONE', *, *, #6002, .F. ) ;
#9499 = DIRECTION ( 'NONE',  ( 0.0000000000000000000, -1.000000000000000000, -1.352399996863497400E-015 ) ) ;
#9500 = VERTEX_POINT ( 'NONE', #10597 ) ;
#9501 = CALENDAR_DATE ( 2019, 15, 10 ) ;
#9502 = ORIENTED_EDGE ( 'NONE', *, *, #2315, .F. ) ;
#9503 = DIRECTION ( 'NONE',  ( -0.0000000000000000000, -1.000000000000000000, -4.553079989440441700E-016 ) ) ;
#9504 = SECURITY_CLASSIFICATION ( '', '', #2406 ) ;
#9505 = LOCAL_TIME ( 13, 11, 25.00000000000000000, #510 ) ;
#9506 = DIRECTION ( 'NONE',  ( 1.000000000000000000, 0.0000000000000000000, 0.0000000000000000000 ) ) ;
#9507 = VECTOR ( 'NONE', #8345, 39.37007874015748100 ) ;
#9508 = FACE_BOUND ( 'NONE', #5251, .T. ) ;
#9509 = DIRECTION ( 'NONE',  ( 1.000000000000000000, 9.478563083527454700E-013, 3.681989669455494600E-013 ) ) ;
#9510 = LINE ( 'NONE', #3376, #2803 ) ;
#9511 = CARTESIAN_POINT ( 'NONE',  ( 0.4374999999999998900, 0.5999999999999999800, -0.07250000000000000900 ) ) ;
#9512 = CARTESIAN_POINT ( 'NONE',  ( 1.267500000000000100, 0.2699999999999999100, -0.2210000000000000900 ) ) ;
#9513 = PERSON_AND_ORGANIZATION ( #8983, #828 ) ;
#9514 = CARTESIAN_POINT ( 'NONE',  ( 0.1332859197145652700, 0.05946306959123821800, -3.216304985413584500E-005 ) ) ;
#9515 = ADVANCED_FACE ( 'NONE', ( #3383 ), #10588, .T. ) ;
#9516 = DIRECTION ( 'NONE',  ( -3.681989669462878400E-013, 7.789823685977714400E-013, 1.000000000000000000 ) ) ;
#9517 = EDGE_CURVE ( 'NONE', #2912, #1507, #9730, .T. ) ;
#9518 = VERTEX_POINT ( 'NONE', #6899 ) ;
#9519 = EDGE_CURVE ( 'NONE', #9961, #4665, #805, .T. ) ;
#9520 = LINE ( 'NONE', #8443, #7190 ) ;
#9521 = ORIENTED_EDGE ( 'NONE', *, *, #5098, .T. ) ;
#9522 = LINE ( 'NONE', #8675, #5276 ) ;
#9523 = DIRECTION ( 'NONE',  ( 1.000000000000000000, 0.0000000000000000000, 0.0000000000000000000 ) ) ;
#9524 = CALENDAR_DATE ( 2019, 15, 10 ) ;
#9525 = CARTESIAN_POINT ( 'NONE',  ( 1.054793827176977200, 0.3637718973050450000, 0.0000000000000000000 ) ) ;
#9526 = DIRECTION ( 'NONE',  ( 1.000000000000000000, 0.0000000000000000000, 0.0000000000000000000 ) ) ;
#9527 = DIRECTION ( 'NONE',  ( 0.0000000000000000000, 0.0000000000000000000, -1.000000000000000000 ) ) ;
#9528 = LINE ( 'NONE', #2881, #5023 ) ;
#9529 = ORIENTED_EDGE ( 'NONE', *, *, #312, .F. ) ;
#9530 = VECTOR ( 'NONE', #9225, 39.37007874015748100 ) ;
#9531 = EDGE_CURVE ( 'NONE', #6714, #7199, #1444, .T. ) ;
#9532 = EDGE_CURVE ( 'NONE', #8824, #5214, #7718, .T. ) ;
#9533 = CARTESIAN_POINT ( 'NONE',  ( 1.167500000002222900, 0.6712132034341625800, -0.3100000000010567100 ) ) ;
#9534 = DIRECTION ( 'NONE',  ( -0.0000000000000000000, -0.0000000000000000000, 1.000000000000000000 ) ) ;
#9535 = DIRECTION ( 'NONE',  ( -1.000000000000000000, -9.479259589126686100E-013, 3.681989669454799400E-013 ) ) ;
#9536 = LINE ( 'NONE', #10474, #5294 ) ;
#9537 = ORIENTED_EDGE ( 'NONE', *, *, #2218, .F. ) ;
#9538 = CARTESIAN_POINT ( 'NONE',  ( 0.1333135560621443200, 0.05980903434154435900, -0.002013313944595893800 ) ) ;
#9539 = LINE ( 'NONE', #925, #9320 ) ;
#9540 = EDGE_LOOP ( 'NONE', ( #4082, #7300, #412, #9551, #6954, #2421, #10431, #3664, #8012, #10189, #2314, #3380, #1758, #4974 ) ) ;
#9541 = DIRECTION ( 'NONE',  ( -1.000000000000000000, -4.153954829891640800E-015, 0.0000000000000000000 ) ) ;
#9542 = PLANE ( 'NONE',  #351 ) ;
#9543 = ORIENTED_EDGE ( 'NONE', *, *, #5240, .T. ) ;
#9544 = VERTEX_POINT ( 'NONE', #7390 ) ;
#9545 = CARTESIAN_POINT ( 'NONE',  ( 0.6374999999999998400, 0.05000000000000014800, -0.2975000000000001000 ) ) ;
#9546 = LINE ( 'NONE', #5309, #251 ) ;
#9547 = ORIENTED_EDGE ( 'NONE', *, *, #6213, .T. ) ;
#9548 = EDGE_CURVE ( 'NONE', #7106, #1771, #519, .T. ) ;
#9549 = EDGE_CURVE ( 'NONE', #10438, #4109, #9510, .T. ) ;
#9550 = VECTOR ( 'NONE', #897, 39.37007874015748100 ) ;
#9551 = ORIENTED_EDGE ( 'NONE', *, *, #2385, .T. ) ;
#9552 = CIRCLE ( 'NONE', #474, 0.009815670203796511200 ) ;
#9553 = LINE ( 'NONE', #2883, #266 ) ;
#9554 = CARTESIAN_POINT ( 'NONE',  ( 0.1344495932412330400, 0.06550000000009539900, 0.005999999996655006600 ) ) ;
#9555 = AXIS2_PLACEMENT_3D ( 'NONE', #1526, #10208, #1218 ) ;
#9556 = ADVANCED_FACE ( 'NONE', ( #7454 ), #3335, .F. ) ;
#9557 = CARTESIAN_POINT ( 'NONE',  ( 0.3924999999999996800, 0.05000000000000000300, -0.1499999999999999900 ) ) ;
#9558 = APPROVAL ( #188, 'UNKNOWN' ) ;
#9559 = EDGE_LOOP ( 'NONE', ( #6076, #4663, #8605, #8162 ) ) ;
#9560 = LINE ( 'NONE', #10919, #3153 ) ;
#9561 = VERTEX_POINT ( 'NONE', #3300 ) ;
#9562 = DIRECTION ( 'NONE',  ( 1.000000000000000000, -0.0000000000000000000, -0.0000000000000000000 ) ) ;
#9563 = ORIENTED_EDGE ( 'NONE', *, *, #3136, .T. ) ;
#9564 = DIRECTION ( 'NONE',  ( 1.000000000000000000, 0.0000000000000000000, 0.0000000000000000000 ) ) ;
#9565 = DIRECTION ( 'NONE',  ( 0.0000000000000000000, -1.000000000000000000, 0.0000000000000000000 ) ) ;
#9566 = CARTESIAN_POINT ( 'NONE',  ( 0.0000000000000000000, 0.5999999999999999800, 0.0000000000000000000 ) ) ;
#9567 = EDGE_LOOP ( 'NONE', ( #4637, #4953, #4232, #5775 ) ) ;
#9568 = EDGE_CURVE ( 'NONE', #269, #10946, #5261, .T. ) ;
#9569 = VECTOR ( 'NONE', #9945, 39.37007874015748100 ) ;
#9570 = EDGE_LOOP ( 'NONE', ( #1942, #1919, #8204, #7211 ) ) ;
#9571 = ORIENTED_EDGE ( 'NONE', *, *, #6280, .T. ) ;
#9572 = AXIS2_PLACEMENT_3D ( 'NONE', #7800, #6433, #7150 ) ;
#9573 = VECTOR ( 'NONE', #634, 39.37007874015748100 ) ;
#9574 = VERTEX_POINT ( 'NONE', #4379 ) ;
#9575 = CIRCLE ( 'NONE', #10518, 0.009815670203803340800 ) ;
#9576 = ORIENTED_EDGE ( 'NONE', *, *, #3546, .F. ) ;
#9577 = ORIENTED_EDGE ( 'NONE', *, *, #9246, .F. ) ;
#9578 = CARTESIAN_POINT ( 'NONE',  ( 0.4525771644665517700, 0.03186396103158099100, -0.02500000000181190600 ) ) ;
#9579 = AXIS2_PLACEMENT_3D ( 'NONE', #3643, #6701, #7504 ) ;
#9580 = EDGE_CURVE ( 'NONE', #5964, #7671, #195, .T. ) ;
#9581 = CARTESIAN_POINT ( 'NONE',  ( 0.6832707099629759000, 0.2366589681657897700, 0.0000000000000000000 ) ) ;
#9582 = EDGE_CURVE ( 'NONE', #4757, #10878, #1051, .T. ) ;
#9583 = CARTESIAN_POINT ( 'NONE',  ( 0.1333752732752556100, 0.06042633471998853900, -0.003202798873109555800 ) ) ;
#9584 = VECTOR ( 'NONE', #4539, 39.37007874015748100 ) ;
#9585 = ORIENTED_EDGE ( 'NONE', *, *, #5731, .T. ) ;
#9586 = PLANE ( 'NONE',  #7658 ) ;
#9587 = DIRECTION ( 'NONE',  ( 1.000000000000000000, 0.0000000000000000000, -0.0000000000000000000 ) ) ;
#9588 = DATE_TIME_ROLE ( 'creation_date' ) ;
#9589 = LINE ( 'NONE', #4943, #7558 ) ;
#9590 = CARTESIAN_POINT ( 'NONE',  ( 0.3361881571561604100, 0.04400000000045378700, 0.02500000000646096500 ) ) ;
#9591 = EDGE_CURVE ( 'NONE', #9793, #1487, #8147, .T. ) ;
#9592 = CARTESIAN_POINT ( 'NONE',  ( 0.1336443312311859900, 0.06229122772599739900, -0.005115590754293593500 ) ) ;
#9593 = CARTESIAN_POINT ( 'NONE',  ( 0.7974999999999998800, 0.2700000000000001800, -0.1490000000000000800 ) ) ;
#9594 = EDGE_CURVE ( 'NONE', #1876, #6137, #7907, .T. ) ;
#9595 = EDGE_CURVE ( 'NONE', #7158, #8096, #3297, .T. ) ;
#9596 = AXIS2_PLACEMENT_3D ( 'NONE', #4029, #6533, #4001 ) ;
#9597 = ORIENTED_EDGE ( 'NONE', *, *, #6754, .F. ) ;
#9598 = CARTESIAN_POINT ( 'NONE',  ( 1.062500000000000000, 0.5180000000000000200, -0.2610000000000000700 ) ) ;
#9599 = ADVANCED_FACE ( 'NONE', ( #3591 ), #10473, .F. ) ;
#9600 = CARTESIAN_POINT ( 'NONE',  ( 0.5365264404161153000, 0.0000000000000000000, -0.01000000000000000000 ) ) ;
#9601 = VECTOR ( 'NONE', #6898, 39.37007874015748100 ) ;
#9602 = CARTESIAN_POINT ( 'NONE',  ( 0.1333012014182589400, 0.05965781125446699400, -0.001367051812054413900 ) ) ;
#9603 = ADVANCED_FACE ( 'NONE', ( #5445 ), #10303, .F. ) ;
#9604 = DIRECTION ( 'NONE',  ( -0.8934675157458197300, -0.4491278195647575600, -2.089779483339925100E-014 ) ) ;
#9605 = VERTEX_POINT ( 'NONE', #6404 ) ;
#9606 = ORGANIZATION ( 'NAUO-ORG7', 'UNSPECIFIED', 'UNSPECIFIED' ) ;
#9607 = APPROVAL_DATE_TIME ( #648, #3124 ) ;
#9608 = CARTESIAN_POINT ( 'NONE',  ( 0.3674999999999998300, 0.2699999999999999100, -0.1490000000000000800 ) ) ;
#9609 = LINE ( 'NONE', #8487, #5128 ) ;
#9610 = VERTEX_POINT ( 'NONE', #10285 ) ;
#9611 = CC_DESIGN_DATE_AND_TIME_ASSIGNMENT ( #6413, #7278, ( #8598 ) ) ;
#9612 = EDGE_LOOP ( 'NONE', ( #214, #8743, #3785, #1836 ) ) ;
#9613 = ORIENTED_EDGE ( 'NONE', *, *, #1134, .T. ) ;
#9614 = CARTESIAN_POINT ( 'NONE',  ( 1.018721239177992100, 0.3831578459575294400, 0.0000000000000000000 ) ) ;
#9615 = CALENDAR_DATE ( 2019, 15, 10 ) ;
#9616 = LOCAL_TIME ( 13, 11, 25.00000000000000000, #664 ) ;
#9617 = VERTEX_POINT ( 'NONE', #3272 ) ;
#9618 = APPLICATION_CONTEXT ( 'configuration controlled 3d designs of mechanical parts and assemblies' ) ;
#9619 = EDGE_CURVE ( 'NONE', #3639, #959, #7382, .T. ) ;
#9620 = ORIENTED_EDGE ( 'NONE', *, *, #4529, .F. ) ;
#9622 = DIRECTION ( 'NONE',  ( 1.000000000000000000, 0.0000000000000000000, -0.0000000000000000000 ) ) ;
#9621 = LINE ( 'NONE', #3374, #3229 ) ;
#9623 = DIRECTION ( 'NONE',  ( 0.0000000000000000000, -3.691686477924679400E-015, -1.000000000000000000 ) ) ;
#9624 = LINE ( 'NONE', #10924, #365 ) ;
#9625 = ADVANCED_FACE ( 'NONE', ( #9445 ), #4364, .F. ) ;
#9626 = LOCAL_TIME ( 13, 11, 25.00000000000000000, #673 ) ;
#9627 = CARTESIAN_POINT ( 'NONE',  ( 0.1332913274390935300, 0.05953333933161172900, 0.0006316331574268674800 ) ) ;
#9628 = CARTESIAN_POINT ( 'NONE',  ( 1.137499999999999700, 0.3450000000000002000, -0.09750000000000000300 ) ) ;
#9629 = LINE ( 'NONE', #1256, #7862 ) ;
#9630 = VERTEX_POINT ( 'NONE', #4805 ) ;
#9631 = CARTESIAN_POINT ( 'NONE',  ( 0.6734550397591690900, 0.0000000000000000000, 0.0000000000000000000 ) ) ;
#9632 = CARTESIAN_POINT ( 'NONE',  ( 0.6506336065353510700, 0.4162857328953860600, -0.01000000000000000000 ) ) ;
#9633 = CARTESIAN_POINT ( 'NONE',  ( 0.1332967510525392700, 0.05960381553777288600, 0.001297379723511664800 ) ) ;
#9634 = AXIS2_PLACEMENT_3D ( 'NONE', #5615, #9499, #4925 ) ;
#9635 = DIRECTION ( 'NONE',  ( -0.0000000000000000000, -0.0000000000000000000, 1.000000000000000000 ) ) ;
#9636 = EDGE_CURVE ( 'NONE', #7365, #4204, #432, .T. ) ;
#9637 = LINE ( 'NONE', #4492, #8945 ) ;
#9638 = DIRECTION ( 'NONE',  ( 1.000000000000000000, -0.0000000000000000000, -0.0000000000000000000 ) ) ;
#9639 = CARTESIAN_POINT ( 'NONE',  ( 0.4582132034339979600, 0.03750000000084555100, -0.02500000000511197800 ) ) ;
#9640 = DIRECTION ( 'NONE',  ( -0.0000000000000000000, 1.000000000000000000, -0.0000000000000000000 ) ) ;
#9641 = VECTOR ( 'NONE', #5781, 39.37007874015748100 ) ;
#9642 = DIRECTION ( 'NONE',  ( 9.478563083386801700E-013, 1.000000000000000000, 7.790023149183289000E-013 ) ) ;
#9643 = CARTESIAN_POINT ( 'NONE',  ( 0.3361881571558419400, 0.01250000000031812600, -0.02499999999944749200 ) ) ;
#9644 = ORIENTED_EDGE ( 'NONE', *, *, #5729, .T. ) ;
#9645 = EDGE_LOOP ( 'NONE', ( #3713, #1325, #7141, #489 ) ) ;
#9646 = ADVANCED_FACE ( 'NONE', ( #9668 ), #3117, .T. ) ;
#9647 = ORIENTED_EDGE ( 'NONE', *, *, #1268, .F. ) ;
#9648 = LINE ( 'NONE', #5495, #8120 ) ;
#9649 = ADVANCED_FACE ( 'NONE', ( #9224 ), #3071, .F. ) ;
#9650 = EDGE_CURVE ( 'NONE', #294, #1521, #4920, .T. ) ;
#9651 = ORIENTED_EDGE ( 'NONE', *, *, #10351, .F. ) ;
#9652 = CARTESIAN_POINT ( 'NONE',  ( 0.6832707099630099800, 0.4231567020380508400, 0.0000000000000000000 ) ) ;
#9653 = EDGE_CURVE ( 'NONE', #5537, #5365, #7109, .T. ) ;
#9654 = VECTOR ( 'NONE', #509, 39.37007874015748100 ) ;
#9655 = APPROVAL_STATUS ( 'not_yet_approved' ) ;
#9656 = CARTESIAN_POINT ( 'NONE',  ( 0.7374999999999998200, 0.3450000000000001400, -0.1480000000000000200 ) ) ;
#9657 = EDGE_LOOP ( 'NONE', ( #6154, #3557, #3574, #2888 ) ) ;
#9658 = VECTOR ( 'NONE', #5877, 39.37007874015748100 ) ;
#9659 = ORIENTED_EDGE ( 'NONE', *, *, #4361, .T. ) ;
#9660 = EDGE_LOOP ( 'NONE', ( #6608, #5527, #7666, #298 ) ) ;
#9661 = LINE ( 'NONE', #6627, #7638 ) ;
#9662 = DIRECTION ( 'NONE',  ( -0.0000000000000000000, 0.0000000000000000000, -1.000000000000000000 ) ) ;
#9663 = ORIENTED_EDGE ( 'NONE', *, *, #9709, .T. ) ;
#9664 = AXIS2_PLACEMENT_3D ( 'NONE', #10633, #10732, #6025 ) ;
#9665 = LINE ( 'NONE', #9765, #3004 ) ;
#9666 = AXIS2_PLACEMENT_3D ( 'NONE', #8229, #3060, #8992 ) ;
#9667 = LINE ( 'NONE', #6746, #9798 ) ;
#9668 = FACE_OUTER_BOUND ( 'NONE', #5198, .T. ) ;
#9669 = DIRECTION ( 'NONE',  ( -0.0000000000000000000, -1.000000000000000000, -0.0000000000000000000 ) ) ;
#9670 = CARTESIAN_POINT ( 'NONE',  ( 0.6832707099629759000, 0.2268432979619829900, -0.01000000000000000000 ) ) ;
#9671 = ORIENTED_EDGE ( 'NONE', *, *, #3390, .F. ) ;
#9672 = ORIENTED_EDGE ( 'NONE', *, *, #7461, .T. ) ;
#9674 = CARTESIAN_POINT ( 'NONE',  ( 0.3674999999999998300, 0.2699999999999999100, -0.1490000000000000800 ) ) ;
#9673 = LINE ( 'NONE', #1249, #5452 ) ;
#9675 = ORIENTED_EDGE ( 'NONE', *, *, #7523, .F. ) ;
#9676 = VERTEX_POINT ( 'NONE', #4983 ) ;
#9677 = CARTESIAN_POINT ( 'NONE',  ( 1.197499999999999800, 0.5579999999999996100, -0.03899999999999866800 ) ) ;
#9678 = EDGE_CURVE ( 'NONE', #206, #8571, #8982, .T. ) ;
#9679 = CARTESIAN_POINT ( 'NONE',  ( 0.8462132034362699300, 0.02350000000095239100, -0.01500000000408928000 ) ) ;
#9680 = AXIS2_PLACEMENT_3D ( 'NONE', #10174, #10243, #10272 ) ;
#9681 = CC_DESIGN_PERSON_AND_ORGANIZATION_ASSIGNMENT ( #9397, #3241, ( #7069 ) ) ;
#9682 = VERTEX_POINT ( 'NONE', #4957 ) ;
#9683 = ORIENTED_EDGE ( 'NONE', *, *, #4049, .F. ) ;
#9684 = DIRECTION ( 'NONE',  ( -0.0000000000000000000, -0.0000000000000000000, 1.000000000000000000 ) ) ;
#9685 = PERSON_AND_ORGANIZATION_ROLE ( 'creator' ) ;
#9686 = VECTOR ( 'NONE', #10978, 39.37007874015748100 ) ;
#9687 = VERTEX_POINT ( 'NONE', #4743 ) ;
#9688 =( BOUNDED_CURVE ( )  B_SPLINE_CURVE ( 3, ( #3825, #1650, #10630, #4040 ),
 .UNSPECIFIED., .F., .F. ) 
 B_SPLINE_CURVE_WITH_KNOTS ( ( 4, 4 ),
 ( 4.675343470637071300, 4.712388980397438600 ),
 .UNSPECIFIED. ) 
 CURVE ( )  GEOMETRIC_REPRESENTATION_ITEM ( )  RATIONAL_B_SPLINE_CURVE ( ( 1.000000000000000000, 0.9998856391203017100, 0.9998856391203017100, 1.000000000000000000 ) ) 
 REPRESENTATION_ITEM ( '' )  );
#9689 = VERTEX_POINT ( 'NONE', #9950 ) ;
#9690 = ORIENTED_EDGE ( 'NONE', *, *, #8448, .F. ) ;
#9691 = CARTESIAN_POINT ( 'NONE',  ( 1.114178631909972000, 0.3637718973050384500, 0.0000000000000000000 ) ) ;
#9692 = EDGE_CURVE ( 'NONE', #4894, #7321, #2441, .T. ) ;
#9693 = VECTOR ( 'NONE', #2119, 39.37007874015748100 ) ;
#9694 = ORIENTED_EDGE ( 'NONE', *, *, #3224, .T. ) ;
#9695 = EDGE_LOOP ( 'NONE', ( #957, #7433, #1363, #5341 ) ) ;
#9696 = CARTESIAN_POINT ( 'NONE',  ( 0.7374999999999998200, 0.5580000000000000500, -0.09750000000000043400 ) ) ;
#9697 = ADVANCED_FACE ( 'NONE', ( #6849 ), #4982, .F. ) ;
#9698 = VERTEX_POINT ( 'NONE', #6207 ) ;
#9699 = DIRECTION ( 'NONE',  ( 0.0000000000000000000, -1.000000000000000000, 0.0000000000000000000 ) ) ;
#9700 = ADVANCED_FACE ( 'NONE', ( #2740 ), #6769, .F. ) ;
#9701 = DIRECTION ( 'NONE',  ( 1.000000000000000000, 0.0000000000000000000, 0.0000000000000000000 ) ) ;
#9702 = LINE ( 'NONE', #8650, #5735 ) ;
#9703 = ORIENTED_EDGE ( 'NONE', *, *, #1584, .T. ) ;
#9704 = DIRECTION ( 'NONE',  ( -0.0000000000000000000, -0.0000000000000000000, 1.000000000000000000 ) ) ;
#9705 = CARTESIAN_POINT ( 'NONE',  ( 0.8974999999999999600, 0.5180000000000000200, -0.1489999999999998500 ) ) ;
#9706 = EDGE_CURVE ( 'NONE', #5003, #2800, #2130, .T. ) ;
#9707 = DIRECTION ( 'NONE',  ( -0.0000000000000000000, -0.0000000000000000000, 1.000000000000000000 ) ) ;
#9708 = VECTOR ( 'NONE', #1794, 39.37007874015748100 ) ;
#9709 = EDGE_CURVE ( 'NONE', #7555, #2241, #8723, .T. ) ;
#9710 = CARTESIAN_POINT ( 'NONE',  ( 0.5365264404161153000, 0.2366589681657897700, -0.01000000000000000000 ) ) ;
#9711 = LINE ( 'NONE', #576, #7693 ) ;
#9712 = ORIENTED_EDGE ( 'NONE', *, *, #10167, .T. ) ;
#9713 = EDGE_CURVE ( 'NONE', #8338, #4010, #10671, .T. ) ;
#9714 = VECTOR ( 'NONE', #2756, 39.37007874015748100 ) ;
#9715 = DIRECTION ( 'NONE',  ( -3.681989669462878400E-013, 7.789823685977714400E-013, 1.000000000000000000 ) ) ;
#9716 = FACE_OUTER_BOUND ( 'NONE', #5035, .T. ) ;
#9717 = EDGE_CURVE ( 'NONE', #4067, #5656, #4362, .T. ) ;
#9718 = EDGE_CURVE ( 'NONE', #5315, #3521, #10444, .T. ) ;
#9719 = ORIENTED_EDGE ( 'NONE', *, *, #1622, .T. ) ;
#9720 = AXIS2_PLACEMENT_3D ( 'NONE', #2880, #2865, #2999 ) ;
#9721 = DIRECTION ( 'NONE',  ( 0.7071067811827340700, 0.7071067811903608600, 2.904677289025992800E-013 ) ) ;
#9722 = ORIENTED_EDGE ( 'NONE', *, *, #8793, .T. ) ;
#9723 = ITEM_DEFINED_TRANSFORMATION ( 'NONE', 'NONE', #1829,  #8995 ) ;
#9724 = CARTESIAN_POINT ( 'NONE',  ( 0.9374999999999998900, 0.2700000000000001800, -0.1480000000000000200 ) ) ;
#9725 = CARTESIAN_POINT ( 'NONE',  ( 0.3564999999999999800, 0.5999999999999999800, -0.3440000000000000800 ) ) ;
#9726 = CONTEXT_DEPENDENT_SHAPE_REPRESENTATION ( #1372, #10617 ) ;
#9727 = CARTESIAN_POINT ( 'NONE',  ( 0.6974999999999999000, 0.5180000000000000200, -0.2210000000000000600 ) ) ;
#9728 = VECTOR ( 'NONE', #9038, 39.37007874015748100 ) ;
#9729 = DIRECTION ( 'NONE',  ( -0.0000000000000000000, -0.0000000000000000000, 1.000000000000000000 ) ) ;
#9730 = LINE ( 'NONE', #7082, #7965 ) ;
#9731 = DESIGN_CONTEXT ( 'detailed design', #9618, 'design' ) ;
#9732 = DIRECTION ( 'NONE',  ( 1.000000000000000000, 0.0000000000000000000, 0.0000000000000000000 ) ) ;
#9733 = COORDINATED_UNIVERSAL_TIME_OFFSET ( 5, 0, .BEHIND. ) ;
#9734 = AXIS2_PLACEMENT_3D ( 'NONE', #7689, #8907, #4738 ) ;
#9735 = CARTESIAN_POINT ( 'NONE',  ( 0.8374999999999999100, 0.3450000000000002000, -0.2725000000000000200 ) ) ;
#9736 = CC_DESIGN_SECURITY_CLASSIFICATION ( #1606, ( #10995 ) ) ;
#9737 = DIRECTION ( 'NONE',  ( -1.000000000000000000, 0.0000000000000000000, -0.0000000000000000000 ) ) ;
#9738 = LINE ( 'NONE', #8111, #3100 ) ;
#9739 = LINE ( 'NONE', #10185, #5520 ) ;
#9740 = ADVANCED_FACE ( 'NONE', ( #8494 ), #2548, .F. ) ;
#9741 = PERSON_AND_ORGANIZATION ( #8983, #828 ) ;
#9742 = PERSON_AND_ORGANIZATION_ROLE ( 'classification_officer' ) ;
#9743 = EDGE_CURVE ( 'NONE', #3766, #4728, #10207, .T. ) ;
#9744 = ORIENTED_EDGE ( 'NONE', *, *, #632, .F. ) ;
#9745 = ORIENTED_EDGE ( 'NONE', *, *, #5718, .T. ) ;
#9746 = DIRECTION ( 'NONE',  ( -3.681989669462878400E-013, 7.789823685977714400E-013, 1.000000000000000000 ) ) ;
#9747 = AXIS2_PLACEMENT_3D ( 'NONE', #2011, #4497, #4374 ) ;
#9748 = LINE ( 'NONE', #3536, #5531 ) ;
#9749 = VECTOR ( 'NONE', #6814, 39.37007874015748100 ) ;
#9750 = CARTESIAN_POINT ( 'NONE',  ( 0.7083006689826778500, 0.4094147637527243400, -0.01000000000000000000 ) ) ;
#9751 = VECTOR ( 'NONE', #10596, 39.37007874015748100 ) ;
#9752 = ORIENTED_EDGE ( 'NONE', *, *, #8693, .F. ) ;
#9753 = VERTEX_POINT ( 'NONE', #2577 ) ;
#9754 = AXIS2_PLACEMENT_3D ( 'NONE', #2096, #2165, #2057 ) ;
#9755 = VECTOR ( 'NONE', #3683, 39.37007874015748100 ) ;
#9756 = EDGE_CURVE ( 'NONE', #9518, #4699, #6087, .T. ) ;
#9757 = EDGE_CURVE ( 'NONE', #7127, #2866, #4042, .T. ) ;
#9758 = ORIENTED_EDGE ( 'NONE', *, *, #10551, .T. ) ;
#9759 = VECTOR ( 'NONE', #3002, 39.37007874015748100 ) ;
#9760 = CARTESIAN_POINT ( 'NONE',  ( -1.634053534412018700E-015, 0.2268432979619808600, -0.01000000000000000000 ) ) ;
#9761 = VECTOR ( 'NONE', #1557, 39.37007874015748100 ) ;
#9762 = DIRECTION ( 'NONE',  ( -1.000000000000000000, -9.478114348096974400E-013, 3.681989669454820600E-013 ) ) ;
#9763 = EDGE_CURVE ( 'NONE', #1909, #7642, #1513, .T. ) ;
#9764 = LINE ( 'NONE', #10766, #8014 ) ;
#9765 = CARTESIAN_POINT ( 'NONE',  ( 0.7374999999999998200, 0.05000000000000000300, -0.3700000000000000000 ) ) ;
#9766 = EDGE_CURVE ( 'NONE', #6770, #5037, #10002, .T. ) ;
#9767 = DATE_TIME_ROLE ( 'classification_date' ) ;
#9768 = PLANE ( 'NONE',  #5086 ) ;
#9769 = DIRECTION ( 'NONE',  ( -0.0000000000000000000, 0.0000000000000000000, 1.000000000000000000 ) ) ;
#9770 = AXIS2_PLACEMENT_3D ( 'NONE', #3919, #4045, #6512 ) ;
#9771 = LINE ( 'NONE', #2067, #7772 ) ;
#9772 = PERSON ( 'NAUO-PER15', 'UNSPECIFIED', 'UNSPECIFIED', ('UNSPECIFIED'), ('UNSPECIFIED'), ('UNSPECIFIED') ) ;
#9773 = CARTESIAN_POINT ( 'NONE',  ( 0.6575045756779732700, 0.3250000000000201600, 0.0000000000000000000 ) ) ;
#9774 = CARTESIAN_POINT ( 'NONE',  ( 0.9615449602408066000, 0.2366589681657806600, -0.01000000000000000000 ) ) ;
#9775 = CARTESIAN_POINT ( 'NONE',  ( 0.8974999999999999600, 0.5579999999999999400, -0.2975000000000001000 ) ) ;
#9776 = ORIENTED_EDGE ( 'NONE', *, *, #3482, .T. ) ;
#9777 = LINE ( 'NONE', #8500, #3742 ) ;
#9778 = ORIENTED_EDGE ( 'NONE', *, *, #9303, .F. ) ;
#9779 = ORIENTED_EDGE ( 'NONE', *, *, #615, .F. ) ;
#9780 = CARTESIAN_POINT ( 'NONE',  ( 1.097499999999999900, 0.2700000000000001800, -0.1480000000000000200 ) ) ;
#9781 = ADVANCED_FACE ( 'NONE', ( #3446 ), #1667, .F. ) ;
#9782 = DIRECTION ( 'NONE',  ( 9.478563083388219400E-013, 1.000000000000000000, 7.789823685982826700E-013 ) ) ;
#9783 = CARTESIAN_POINT ( 'NONE',  ( 0.6371370600050838600, 0.3181290308573566100, 0.0000000000000000000 ) ) ;
#9784 = CARTESIAN_POINT ( 'NONE',  ( 0.3674999999999998300, 0.5600000000000003900, -0.2210000000000000900 ) ) ;
#9785 = CYLINDRICAL_SURFACE ( 'NONE', #2764, 0.009815670203806345400 ) ;
#9786 = ORIENTED_EDGE ( 'NONE', *, *, #3201, .T. ) ;
#9787 = DIRECTION ( 'NONE',  ( -1.000000000000000000, 0.0000000000000000000, 0.0000000000000000000 ) ) ;
#9788 = LINE ( 'NONE', #4081, #9813 ) ;
#9789 = ORIENTED_EDGE ( 'NONE', *, *, #3982, .F. ) ;
#9790 = CARTESIAN_POINT ( 'NONE',  ( 0.0000000000000000000, 0.0000000000000000000, 0.0000000000000000000 ) ) ;
#9791 = VERTEX_POINT ( 'NONE', #2373 ) ;
#9792 = EDGE_LOOP ( 'NONE', ( #5881, #7168, #5981, #5745 ) ) ;
#9793 = VERTEX_POINT ( 'NONE', #2371 ) ;
#9794 = EDGE_CURVE ( 'NONE', #6209, #2450, #895, .T. ) ;
#9795 = VECTOR ( 'NONE', #2198, 39.37007874015748100 ) ;
#9796 = AXIS2_PLACEMENT_3D ( 'NONE', #9511, #9451, #1815 ) ;
#9797 = APPROVAL ( #500, 'UNKNOWN' ) ;
#9798 = VECTOR ( 'NONE', #5621, 39.37007874015748100 ) ;
#9799 = APPROVAL_ROLE ( '' ) ;
#9800 = CARTESIAN_POINT ( 'NONE',  ( 0.4374999999999998900, 0.3450000000000001400, -0.2220000000000000600 ) ) ;
#9801 = VECTOR ( 'NONE', #9243, 39.37007874015748100 ) ;
#9803 = ORIENTED_EDGE ( 'NONE', *, *, #4520, .T. ) ;
#9802 = ORIENTED_EDGE ( 'NONE', *, *, #2945, .F. ) ;
#9805 = ORIENTED_EDGE ( 'NONE', *, *, #6734, .F. ) ;
#9804 = EDGE_LOOP ( 'NONE', ( #3388, #9236, #4430, #1854 ) ) ;
#9806 = ORIENTED_EDGE ( 'NONE', *, *, #1134, .F. ) ;
#9807 = CARTESIAN_POINT ( 'NONE',  ( 0.6374999999999998400, 0.2699999999999999100, -0.2210000000000000900 ) ) ;
#9808 = AXIS2_PLACEMENT_3D ( 'NONE', #2956, #690, #4813 ) ;
#9809 = EDGE_CURVE ( 'NONE', #6613, #7474, #9771, .T. ) ;
#9810 = DIRECTION ( 'NONE',  ( -0.7071067811903609700, 0.7071067811827341800, 8.111797016188917300E-013 ) ) ;
#9811 = FACE_OUTER_BOUND ( 'NONE', #6226, .T. ) ;
#9812 = ORIENTED_EDGE ( 'NONE', *, *, #6016, .T. ) ;
#9813 = VECTOR ( 'NONE', #9823, 39.37007874015748100 ) ;
#9814 = ORIENTED_EDGE ( 'NONE', *, *, #3622, .T. ) ;
#9815 = DIRECTION ( 'NONE',  ( 0.0000000000000000000, 0.0000000000000000000, -1.000000000000000000 ) ) ;
#9816 = VECTOR ( 'NONE', #8518, 39.37007874015748100 ) ;
#9817 = EDGE_CURVE ( 'NONE', #3316, #6465, #1202, .T. ) ;
#9818 = ORIENTED_EDGE ( 'NONE', *, *, #8301, .F. ) ;
#9819 = CARTESIAN_POINT ( 'NONE',  ( 0.4582132034347911600, 0.06550000000149912300, -0.006000000002952189800 ) ) ;
#9820 = CARTESIAN_POINT ( 'NONE',  ( 1.104362961706134100, 0.2366589681657897700, 0.0000000000000000000 ) ) ;
#9821 = EDGE_CURVE ( 'NONE', #3980, #7790, #5564, .T. ) ;
#9822 = AXIS2_PLACEMENT_3D ( 'NONE', #3317, #3288, #3274 ) ;
#9823 = DIRECTION ( 'NONE',  ( 1.000000000000000000, 0.0000000000000000000, 0.0000000000000000000 ) ) ;
#9824 = COORDINATED_UNIVERSAL_TIME_OFFSET ( 5, 0, .BEHIND. ) ;
#9825 = DIRECTION ( 'NONE',  ( 0.0000000000000000000, 0.0000000000000000000, 1.000000000000000000 ) ) ;
#9826 = ADVANCED_FACE ( 'NONE', ( #7513 ), #2036, .T. ) ;
#9827 = DATE_AND_TIME ( #972, #3515 ) ;
#9828 = CARTESIAN_POINT ( 'NONE',  ( 0.6506336065353354200, 0.2337142671046477700, 0.0000000000000000000 ) ) ;
#9829 = LINE ( 'NONE', #10700, #5620 ) ;
#9830 = APPROVAL_STATUS ( 'not_yet_approved' ) ;
#9831 = CARTESIAN_POINT ( 'NONE',  ( 0.3522132034338333900, 0.1190000000023772500, -1.755236051336053000E-012 ) ) ;
#9832 = CARTESIAN_POINT ( 'NONE',  ( 0.7374999999999998200, 0.5579999999999999400, -0.2610000000000001200 ) ) ;
#9833 = LOCAL_TIME ( 13, 11, 25.00000000000000000, #982 ) ;
#9834 = COORDINATED_UNIVERSAL_TIME_OFFSET ( 5, 0, .BEHIND. ) ;
#9835 = ORIENTED_EDGE ( 'NONE', *, *, #10824, .T. ) ;
#9836 = EDGE_CURVE ( 'NONE', #4986, #4927, #8016, .T. ) ;
#9837 = AXIS2_PLACEMENT_3D ( 'NONE', #5702, #2918, #3789 ) ;
#9838 = AXIS2_PLACEMENT_3D ( 'NONE', #7855, #1663, #1630 ) ;
#9839 = ORIENTED_EDGE ( 'NONE', *, *, #10362, .F. ) ;
#9840 = LINE ( 'NONE', #10727, #666 ) ;
#9841 = CARTESIAN_POINT ( 'NONE',  ( 0.0000000000000000000, 0.2268432979619829900, -0.01000000000000000000 ) ) ;
#9842 = LINE ( 'NONE', #4278, #995 ) ;
#9843 = DIRECTION ( 'NONE',  ( 1.000000000000000000, 0.0000000000000000000, 0.0000000000000000000 ) ) ;
#9844 = FACE_OUTER_BOUND ( 'NONE', #7129, .T. ) ;
#9845 = CALENDAR_DATE ( 2019, 15, 10 ) ;
#9846 = ORIENTED_EDGE ( 'NONE', *, *, #4902, .T. ) ;
#9847 = CARTESIAN_POINT ( 'NONE',  ( 0.6374999999999998400, 0.3450000000000002000, -0.09750000000000003100 ) ) ;
#9848 = EDGE_CURVE ( 'NONE', #4760, #3766, #9553, .T. ) ;
#9849 = VECTOR ( 'NONE', #1417, 39.37007874015748100 ) ;
#9850 = AXIS2_PLACEMENT_3D ( 'NONE', #7269, #3847, #5188 ) ;
#9851 = FACE_OUTER_BOUND ( 'NONE', #4131, .T. ) ;
#9852 = CC_DESIGN_DATE_AND_TIME_ASSIGNMENT ( #970, #5063, ( #7846 ) ) ;
#9853 = VERTEX_POINT ( 'NONE', #8756 ) ;
#9854 = CARTESIAN_POINT ( 'NONE',  ( 1.044978156973165800, 0.3831578454992597400, 0.0000000000000000000 ) ) ;
#9855 = CARTESIAN_POINT ( 'NONE',  ( 1.197499999999999800, -0.2561646025221183100, -0.03900000000000018700 ) ) ;
#9856 = DIRECTION ( 'NONE',  ( -0.0000000000000000000, 0.0000000000000000000, 1.000000000000000000 ) ) ;
#9857 = LINE ( 'NONE', #6269, #3256 ) ;
#9858 = LINE ( 'NONE', #10401, #5665 ) ;
#9859 = SECURITY_CLASSIFICATION_LEVEL ( 'unclassified' ) ;
#9860 = EDGE_CURVE ( 'NONE', #5120, #5312, #5317, .T. ) ;
#9861 = DIRECTION ( 'NONE',  ( 1.000000000000000000, 0.0000000000000000000, 0.0000000000000000000 ) ) ;
#9862 = ORIENTED_EDGE ( 'NONE', *, *, #1718, .T. ) ;
#9863 = CARTESIAN_POINT ( 'NONE',  ( 0.8398306497136467400, 0.0000000000000000000, 0.0000000000000000000 ) ) ;
#9864 = CARTESIAN_POINT ( 'NONE',  ( 0.5974999999999999200, 0.5180000000000000200, -0.1489999999999998800 ) ) ;
#9865 = LINE ( 'NONE', #6047, #701 ) ;
#9866 = DIRECTION ( 'NONE',  ( -9.478563083388219400E-013, -1.000000000000000000, -7.789823685982826700E-013 ) ) ;
#9867 = ORIENTED_EDGE ( 'NONE', *, *, #5817, .T. ) ;
#9868 = LINE ( 'NONE', #1317, #7887 ) ;
#9869 = CARTESIAN_POINT ( 'NONE',  ( 0.7374999999999998200, 0.05000000000000014800, -0.07250000000000002300 ) ) ;
#9870 = ADVANCED_FACE ( 'NONE', ( #9340 ), #9095, .T. ) ;
#9871 = VERTEX_POINT ( 'NONE', #8745 ) ;
#9872 = CARTESIAN_POINT ( 'NONE',  ( 0.8660875675088115500, 0.3826670498449319900, -0.01000000000000000000 ) ) ;
#9873 = CARTESIAN_POINT ( 'NONE',  ( 0.6871969780444986400, 0.4025437946100565700, -0.01000000000000000000 ) ) ;
#9874 = VERTEX_POINT ( 'NONE', #8786 ) ;
#9875 = LINE ( 'NONE', #4784, #418 ) ;
#9876 = EDGE_CURVE ( 'NONE', #206, #5051, #10981, .T. ) ;
#9877 = ORIENTED_EDGE ( 'NONE', *, *, #2660, .F. ) ;
#9878 = CARTESIAN_POINT ( 'NONE',  ( 0.9615449602408066000, 0.4133410318342007900, 0.0000000000000000000 ) ) ;
#9879 = CARTESIAN_POINT ( 'NONE',  ( 0.5878125455126593800, 0.03400000000095519000, -0.02258354980356248900 ) ) ;
#9880 = EDGE_CURVE ( 'NONE', #1623, #8824, #7234, .T. ) ;
#9881 = LINE ( 'NONE', #1585, #424 ) ;
#9882 = DIRECTION ( 'NONE',  ( -1.000000000000000000, -9.478114348096974400E-013, 3.681989669454820600E-013 ) ) ;
#9883 = ORIENTED_EDGE ( 'NONE', *, *, #2776, .T. ) ;
#9884 = DIRECTION ( 'NONE',  ( -1.000000000000000000, -0.0000000000000000000, 0.0000000000000000000 ) ) ;
#9885 = CARTESIAN_POINT ( 'NONE',  ( 0.3674999999999998300, 0.2699999999999999100, -0.1490000000000000800 ) ) ;
#9887 = DIRECTION ( 'NONE',  ( 0.0000000000000000000, 0.0000000000000000000, 1.000000000000000000 ) ) ;
#9886 = FACE_OUTER_BOUND ( 'NONE', #1767, .T. ) ;
#9888 = ORIENTED_EDGE ( 'NONE', *, *, #9459, .F. ) ;
#9889 = DIRECTION ( 'NONE',  ( 1.000000000000000000, 9.478405032071569600E-013, -3.682457261729850500E-013 ) ) ;
#9890 = CARTESIAN_POINT ( 'NONE',  ( 0.1299999999999994200, 0.0000000000000000000, -0.2490000000000000500 ) ) ;
#9891 = VECTOR ( 'NONE', #6033, 39.37007874015748100 ) ;
#9892 = EDGE_CURVE ( 'NONE', #8379, #3279, #2600, .T. ) ;
#9893 = EDGE_CURVE ( 'NONE', #5365, #10081, #2283, .T. ) ;
#9894 = ORIENTED_EDGE ( 'NONE', *, *, #5524, .F. ) ;
#9895 = EDGE_CURVE ( 'NONE', #1837, #4242, #2862, .T. ) ;
#9896 =( REPRESENTATION_RELATIONSHIP ('NONE','NONE', #6361, #2501 ) REPRESENTATION_RELATIONSHIP_WITH_TRANSFORMATION ( #7711 )SHAPE_REPRESENTATION_RELATIONSHIP( ) );
#9897 = CARTESIAN_POINT ( 'NONE',  ( 0.6057269153529094600, 0.3780046191005195800, -0.01000000000000000000 ) ) ;
#9898 = LINE ( 'NONE', #9931, #1058 ) ;
#9899 = DIRECTION ( 'NONE',  ( 0.0000000000000000000, -1.000000000000000000, -1.979599995408886100E-016 ) ) ;
#9900 = AXIS2_PLACEMENT_3D ( 'NONE', #3155, #3194, #3191 ) ;
#9901 = ORIENTED_EDGE ( 'NONE', *, *, #3238, .F. ) ;
#9902 = CARTESIAN_POINT ( 'NONE',  ( 0.8974999999999999600, 0.3450000000000002000, -0.09750000000000001700 ) ) ;
#9903 = CARTESIAN_POINT ( 'NONE',  ( 0.7974999999999998800, 0.2700000000000001800, -0.1480000000000000500 ) ) ;
#9904 = ORIENTED_EDGE ( 'NONE', *, *, #6417, .F. ) ;
#9905 = FACE_OUTER_BOUND ( 'NONE', #4230, .T. ) ;
#9906 = ORIENTED_EDGE ( 'NONE', *, *, #4115, .T. ) ;
#9907 = ORIENTED_EDGE ( 'NONE', *, *, #6084, .T. ) ;
#9908 = CARTESIAN_POINT ( 'NONE',  ( 0.8332132034382747600, 0.01600000000112471500, -0.01500000000087471500 ) ) ;
#9909 = AXIS2_PLACEMENT_3D ( 'NONE', #6798, #7799, #7526 ) ;
#9910 = CC_DESIGN_SECURITY_CLASSIFICATION ( #7350, ( #4549 ) ) ;
#9911 = CARTESIAN_POINT ( 'NONE',  ( 0.5802132034349867200, 0.03750000000091815300, 0.02499999999394172300 ) ) ;
#9912 = DIRECTION ( 'NONE',  ( -0.0000000000000000000, -0.0000000000000000000, 1.000000000000000000 ) ) ;
#9913 = DIRECTION ( 'NONE',  ( -1.000000000000000000, 0.0000000000000000000, 0.0000000000000000000 ) ) ;
#9914 = FACE_OUTER_BOUND ( 'NONE', #4966, .T. ) ;
#9915 = ORIENTED_EDGE ( 'NONE', *, *, #3078, .F. ) ;
#9916 = ORIENTED_EDGE ( 'NONE', *, *, #8514, .T. ) ;
#9917 = DIRECTION ( 'NONE',  ( -9.473898398312560600E-013, -1.000000000000000000, -7.789823685997327600E-013 ) ) ;
#9918 = PLANE ( 'NONE',  #10585 ) ;
#9919 = ORIENTED_EDGE ( 'NONE', *, *, #8498, .T. ) ;
#9920 = CARTESIAN_POINT ( 'NONE',  ( 0.5374999999999999800, 0.5579999999999999400, -0.2610000000000001200 ) ) ;
#9921 = DIRECTION ( 'NONE',  ( -0.0000000000000000000, -1.000000000000000000, -4.553079989440441700E-016 ) ) ;
#9922 = CARTESIAN_POINT ( 'NONE',  ( 1.197499999999999800, 0.05000000000000001000, -0.2725000000000000200 ) ) ;
#9923 = EDGE_CURVE ( 'NONE', #3864, #9989, #8842, .T. ) ;
#9924 = ORIENTED_EDGE ( 'NONE', *, *, #8793, .F. ) ;
#9925 = CARTESIAN_POINT ( 'NONE',  ( 0.0000000000000000000, 0.3318709691426837100, 0.0000000000000000000 ) ) ;
#9926 = CARTESIAN_POINT ( 'NONE',  ( 1.267500000000000100, 0.4749999999999999800, -0.3130000000000000600 ) ) ;
#9927 = CIRCLE ( 'NONE', #10868, 0.006870969142663185300 ) ;
#9928 = PLANE ( 'NONE',  #10645 ) ;
#9929 = ORIENTED_EDGE ( 'NONE', *, *, #7839, .F. ) ;
#9930 = ORIENTED_EDGE ( 'NONE', *, *, #9455, .F. ) ;
#9931 = CARTESIAN_POINT ( 'NONE',  ( 0.8374999999999999100, 0.05000000000000000300, -0.3700000000000000000 ) ) ;
#9932 = DIRECTION ( 'NONE',  ( -0.0000000000000000000, 0.0000000000000000000, -1.000000000000000000 ) ) ;
#9933 = FACE_OUTER_BOUND ( 'NONE', #5739, .T. ) ;
#9934 = CARTESIAN_POINT ( 'NONE',  ( 0.6371370600050838600, 0.3318709691426837100, 0.0000000000000000000 ) ) ;
#9935 = VECTOR ( 'NONE', #501, 39.37007874015748100 ) ;
#9936 = CARTESIAN_POINT ( 'NONE',  ( 0.5848420742552707900, 0.03400000000047442800, -0.02352810470861608400 ) ) ;
#9937 = EDGE_CURVE ( 'NONE', #3158, #9204, #10553, .T. ) ;
#9938 = ORIENTED_EDGE ( 'NONE', *, *, #9216, .T. ) ;
#9939 = EDGE_CURVE ( 'NONE', #4218, #10347, #6457, .T. ) ;
#9940 = DIRECTION ( 'NONE',  ( -1.000000000000000000, -0.0000000000000000000, -0.0000000000000000000 ) ) ;
#9941 = DIRECTION ( 'NONE',  ( 0.0000000000000000000, 0.0000000000000000000, 1.000000000000000000 ) ) ;
#9942 = PERSON_AND_ORGANIZATION ( #7764, #1112 ) ;
#9943 = LINE ( 'NONE', #20, #3364 ) ;
#9944 = CARTESIAN_POINT ( 'NONE',  ( 0.5802132034345470800, 0.03750000000118856900, -0.02500000000715813000 ) ) ;
#9945 = DIRECTION ( 'NONE',  ( -0.0000000000000000000, -0.0000000000000000000, 1.000000000000000000 ) ) ;
#9946 = APPROVAL_DATE_TIME ( #1127, #9558 ) ;
#9947 = DATE_AND_TIME ( #1130, #3670 ) ;
#9948 = EDGE_CURVE ( 'NONE', #9119, #3953, #1671, .T. ) ;
#9949 = CARTESIAN_POINT ( 'NONE',  ( 0.8374999999999999100, 0.3450000000000001400, -0.2220000000000000000 ) ) ;
#9950 = CARTESIAN_POINT ( 'NONE',  ( 0.3462132034355281400, 0.02550000000052626500, 0.006000000005583915400 ) ) ;
#9951 = EDGE_CURVE ( 'NONE', #6616, #9630, #8386, .T. ) ;
#9952 = CARTESIAN_POINT ( 'NONE',  ( 0.0000000000000000000, 0.4094147637527355600, -0.01000000000000000000 ) ) ;
#9953 = DIRECTION ( 'NONE',  ( -1.000000000000000000, 0.0000000000000000000, 0.0000000000000000000 ) ) ;
#9954 = EDGE_LOOP ( 'NONE', ( #9672, #3599, #6996, #2459 ) ) ;
#9955 = VECTOR ( 'NONE', #552, 39.37007874015748100 ) ;
#9956 = CARTESIAN_POINT ( 'NONE',  ( 0.7974999999999998800, 0.05000000000000000300, -0.3700000000000000000 ) ) ;
#9957 = AXIS2_PLACEMENT_3D ( 'NONE', #6598, #8098, #4016 ) ;
#9958 = VECTOR ( 'NONE', #9323, 39.37007874015748100 ) ;
#9959 = LOCAL_TIME ( 13, 11, 25.00000000000000000, #1139 ) ;
#9960 = PERSON_AND_ORGANIZATION_ROLE ( 'classification_officer' ) ;
#9961 = VERTEX_POINT ( 'NONE', #6922 ) ;
#9962 = ORIENTED_EDGE ( 'NONE', *, *, #2405, .F. ) ;
#9963 = LINE ( 'NONE', #9774, #5780 ) ;
#9964 = VERTEX_POINT ( 'NONE', #9873 ) ;
#9965 = FACE_BOUND ( 'NONE', #6250, .T. ) ;
#9966 = ORIENTED_EDGE ( 'NONE', *, *, #6755, .F. ) ;
#9967 = AXIS2_PLACEMENT_3D ( 'NONE', #4848, #8389, #8486 ) ;
#9968 = AXIS2_PLACEMENT_3D ( 'NONE', #10825, #6253, #718 ) ;
#9969 = CARTESIAN_POINT ( 'NONE',  ( 0.1299999999999994200, 0.0000000000000000000, -0.1850000000000000800 ) ) ;
#9972 = CARTESIAN_POINT ( 'NONE',  ( 0.8436155124959673300, 0.02200133215020502400, -0.008998667850048722500 ) ) ;
#9971 =( BOUNDED_CURVE ( )  B_SPLINE_CURVE ( 3, ( #7831, #9037, #10661, #9911 ),
 .UNSPECIFIED., .F., .F. ) 
 B_SPLINE_CURVE_WITH_KNOTS ( ( 4, 4 ),
 ( 1.570796326609361600, 2.434008216629942800 ),
 .UNSPECIFIED. ) 
 CURVE ( )  GEOMETRIC_REPRESENTATION_ITEM ( )  RATIONAL_B_SPLINE_CURVE ( ( 1.000000000000000000, 0.9388634041596587400, 0.9388634041596587400, 1.000000000000000000 ) ) 
 REPRESENTATION_ITEM ( '' )  );
#9970 = LINE ( 'NONE', #3556, #5790 ) ;
#9973 = EDGE_LOOP ( 'NONE', ( #10107, #4704, #4069, #10662 ) ) ;
#9974 = LINE ( 'NONE', #4277, #3116 ) ;
#9975 = DIRECTION ( 'NONE',  ( 0.0000000000000000000, -1.000000000000000000, 0.0000000000000000000 ) ) ;
#9976 = EDGE_CURVE ( 'NONE', #8668, #7918, #6214, .T. ) ;
#9977 = AXIS2_PLACEMENT_3D ( 'NONE', #10879, #8299, #10097 ) ;
#9978 = PLANE ( 'NONE',  #9384 ) ;
#9979 = VECTOR ( 'NONE', #10890, 39.37007874015748900 ) ;
#9980 = CC_DESIGN_SECURITY_CLASSIFICATION ( #9504, ( #11008 ) ) ;
#9981 = ORIENTED_EDGE ( 'NONE', *, *, #3240, .T. ) ;
#9982 = DIRECTION ( 'NONE',  ( 3.681989669462878400E-013, -7.789823685977714400E-013, -1.000000000000000000 ) ) ;
#9983 = CARTESIAN_POINT ( 'NONE',  ( 0.3924999999999996800, 0.05000000000000000300, -0.07249999999999999500 ) ) ;
#9984 = LINE ( 'NONE', #6339, #3718 ) ;
#9985 = CARTESIAN_POINT ( 'NONE',  ( 0.5802132034324840600, 0.01600000000112908700, 0.02499999999473027200 ) ) ;
#9986 = VECTOR ( 'NONE', #2409, 39.37007874015748100 ) ;
#9988 = VERTEX_POINT ( 'NONE', #9864 ) ;
#9987 = CARTESIAN_POINT ( 'NONE',  ( 0.6734550397591690900, 0.0000000000000000000, -0.01000000000000000000 ) ) ;
#9989 = VERTEX_POINT ( 'NONE', #9934 ) ;
#9990 = EDGE_CURVE ( 'NONE', #2719, #4723, #3582, .T. ) ;
#9991 = CARTESIAN_POINT ( 'NONE',  ( 0.3046920839934660300, 0.04350263157829888800, 0.006000000002654964000 ) ) ;
#9992 = CARTESIAN_POINT ( 'NONE',  ( 0.3924999999999996800, 0.05000000000000000300, -0.1499999999999999900 ) ) ;
#9993 = VERTEX_POINT ( 'NONE', #10054 ) ;
#9994 = VECTOR ( 'NONE', #1481, 39.37007874015748100 ) ;
#9995 = EDGE_CURVE ( 'NONE', #6983, #2836, #10103, .T. ) ;
#9996 = ORIENTED_EDGE ( 'NONE', *, *, #9149, .T. ) ;
#9997 = DIRECTION ( 'NONE',  ( 0.0000000000000000000, -0.7071067811865496800, -0.7071067811865454600 ) ) ;
#9998 = CARTESIAN_POINT ( 'NONE',  ( 0.9974999999999999400, 0.05000000000000000300, -0.09750000000000001700 ) ) ;
#9999 = DIRECTION ( 'NONE',  ( 0.0000000000000000000, 1.000000000000000000, -0.0000000000000000000 ) ) ;
#10000 = CIRCLE ( 'NONE', #10403, 0.03150000000000006300 ) ;
#10001 = ORIENTED_EDGE ( 'NONE', *, *, #1735, .T. ) ;
#10002 = LINE ( 'NONE', #2661, #5832 ) ;
#10003 = CARTESIAN_POINT ( 'NONE',  ( 1.114178631909940000, 0.2366589681657828000, -0.01000000000000000000 ) ) ;
#10004 = CARTESIAN_POINT ( 'NONE',  ( 0.1299999999999994200, 0.0000000000000000000, -0.1850000000000000800 ) ) ;
#10005 = DIRECTION ( 'NONE',  ( -3.681989669462878400E-013, 7.789823685977714400E-013, 1.000000000000000000 ) ) ;
#10006 = ORIENTED_EDGE ( 'NONE', *, *, #1019, .F. ) ;
#10007 = EDGE_LOOP ( 'NONE', ( #10710, #481, #2782, #6147 ) ) ;
#10008 = ORIENTED_EDGE ( 'NONE', *, *, #5355, .F. ) ;
#10009 = EDGE_CURVE ( 'NONE', #3953, #6305, #5949, .T. ) ;
#10010 = LINE ( 'NONE', #68, #7780 ) ;
#10011 = ORIENTED_EDGE ( 'NONE', *, *, #9032, .T. ) ;
#10012 = EDGE_CURVE ( 'NONE', #118, #8759, #7900, .T. ) ;
#10013 = DIRECTION ( 'NONE',  ( 0.0000000000000000000, -1.000000000000000000, 0.0000000000000000000 ) ) ;
#10014 = DIRECTION ( 'NONE',  ( 1.000000000000000000, 0.0000000000000000000, -0.0000000000000000000 ) ) ;
#10015 = DIRECTION ( 'NONE',  ( -0.0000000000000000000, 1.000000000000000000, -0.0000000000000000000 ) ) ;
#10016 = EDGE_LOOP ( 'NONE', ( #9253, #4668, #467, #5476 ) ) ;
#10017 = DIRECTION ( 'NONE',  ( -1.000000000000000000, 0.0000000000000000000, 0.0000000000000000000 ) ) ;
#10018 = ORIENTED_EDGE ( 'NONE', *, *, #8335, .T. ) ;
#10019 = VERTEX_POINT ( 'NONE', #2487 ) ;
#10020 = CARTESIAN_POINT ( 'NONE',  ( 1.197499999999999800, 0.2700000000000001800, -0.1490000000000000800 ) ) ;
#10021 = LINE ( 'NONE', #2579, #1228 ) ;
#10022 = DIRECTION ( 'NONE',  ( 0.0000000000000000000, 0.0000000000000000000, -1.000000000000000000 ) ) ;
#10023 = EDGE_CURVE ( 'NONE', #9574, #4615, #9661, .T. ) ;
#10024 = CARTESIAN_POINT ( 'NONE',  ( 0.9374999999999998900, 0.5580000000000000500, -0.1089999999999998600 ) ) ;
#10025 = AXIS2_PLACEMENT_3D ( 'NONE', #2274, #6049, #6083 ) ;
#10026 = VECTOR ( 'NONE', #794, 39.37007874015748100 ) ;
#10027 = ORIENTED_EDGE ( 'NONE', *, *, #8334, .F. ) ;
#10028 = ORIENTED_EDGE ( 'NONE', *, *, #2082, .T. ) ;
#10029 = ORIENTED_EDGE ( 'NONE', *, *, #10239, .F. ) ;
#10030 = VERTEX_POINT ( 'NONE', #1835 ) ;
#10031 = DIRECTION ( 'NONE',  ( -0.0000000000000000000, 1.000000000000000000, -0.0000000000000000000 ) ) ;
#10032 = DIRECTION ( 'NONE',  ( 1.000000000000000000, 0.0000000000000000000, 0.0000000000000000000 ) ) ;
#10033 = ADVANCED_FACE ( 'NONE', ( #5684 ), #2605, .F. ) ;
#10034 = VERTEX_POINT ( 'NONE', #2121 ) ;
#10035 = ORIENTED_EDGE ( 'NONE', *, *, #4882, .F. ) ;
#10036 = PLANE ( 'NONE',  #7415 ) ;
#10037 = CIRCLE ( 'NONE', #8739, 0.01850000000000008900 ) ;
#10038 = CC_DESIGN_APPROVAL ( #9558, ( #8538 ) ) ;
#10039 = CARTESIAN_POINT ( 'NONE',  ( 0.5821440097496318700, 0.03524263728087940300, -0.02438603930823748200 ) ) ;
#10040 = DIRECTION ( 'NONE',  ( 1.000000000000000000, 0.0000000000000000000, 0.0000000000000000000 ) ) ;
#10041 = PLANE ( 'NONE',  #2458 ) ;
#10042 = DIRECTION ( 'NONE',  ( -0.0000000000000000000, 1.000000000000000000, 1.707404996040165000E-016 ) ) ;
#10043 = DIRECTION ( 'NONE',  ( -0.0000000000000000000, -1.000000000000000000, -4.553079989440441700E-016 ) ) ;
#10044 = LINE ( 'NONE', #358, #1265 ) ;
#10045 = EDGE_LOOP ( 'NONE', ( #575, #6697, #6969, #413 ) ) ;
#10046 = DIRECTION ( 'NONE',  ( -0.0000000000000000000, 0.0000000000000000000, 1.000000000000000000 ) ) ;
#10047 = EDGE_CURVE ( 'NONE', #728, #8061, #9881, .T. ) ;
#10048 = AXIS2_PLACEMENT_3D ( 'NONE', #323, #1272, #193 ) ;
#10049 = VECTOR ( 'NONE', #3694, 39.37007874015748100 ) ;
#10050 = CARTESIAN_POINT ( 'NONE',  ( 0.6974999999999999000, 0.3450000000000002000, -0.09750000000000003100 ) ) ;
#10051 = LINE ( 'NONE', #2407, #6997 ) ;
#10052 = ORIENTED_EDGE ( 'NONE', *, *, #8314, .F. ) ;
#10053 = ORIENTED_EDGE ( 'NONE', *, *, #2440, .T. ) ;
#10054 = CARTESIAN_POINT ( 'NONE',  ( 0.7974999999999998800, 0.3450000000000001400, -0.2220000000000000000 ) ) ;
#10055 = LINE ( 'NONE', #9831, #8073 ) ;
#10056 = AXIS2_PLACEMENT_3D ( 'NONE', #1472, #5258, #5249 ) ;
#10057 = EDGE_CURVE ( 'NONE', #6438, #5964, #5434, .T. ) ;
#10058 = ORIENTED_EDGE ( 'NONE', *, *, #9517, .F. ) ;
#10059 = EDGE_CURVE ( 'NONE', #846, #1352, #9437, .T. ) ;
#10060 = CARTESIAN_POINT ( 'NONE',  ( 0.3674999999999998300, 0.2699999999999999100, -0.1490000000000000800 ) ) ;
#10061 = CARTESIAN_POINT ( 'NONE',  ( 1.137499999999999700, 0.5579999999999999400, -0.2610000000000000700 ) ) ;
#10062 = CONTEXT_DEPENDENT_SHAPE_REPRESENTATION ( #7400, #44 ) ;
#10063 = APPROVAL_PERSON_ORGANIZATION ( #1292, #4849, #5097 ) ;
#10064 = CARTESIAN_POINT ( 'NONE',  ( 0.8496463199174501000, 0.3083133606535453700, 0.0000000000000000000 ) ) ;
#10065 = LINE ( 'NONE', #787, #5908 ) ;
#10066 = DIRECTION ( 'NONE',  ( -0.0000000000000000000, -1.000000000000000000, -0.0000000000000000000 ) ) ;
#10067 = VECTOR ( 'NONE', #4171, 39.37007874015748900 ) ;
#10068 = PERSON_AND_ORGANIZATION ( #8983, #828 ) ;
#10069 = EDGE_CURVE ( 'NONE', #2304, #9121, #717, .T. ) ;
#10070 = ADVANCED_FACE ( 'NONE', ( #99 ), #7100, .F. ) ;
#10071 = ORIENTED_EDGE ( 'NONE', *, *, #2686, .T. ) ;
#10072 = ORIENTED_EDGE ( 'NONE', *, *, #9495, .F. ) ;
#10073 = CARTESIAN_POINT ( 'NONE',  ( 0.8089112885716688300, 0.4133410318342099500, -0.01000000000000000000 ) ) ;
#10074 = EDGE_CURVE ( 'NONE', #10030, #7514, #3001, .T. ) ;
#10075 = ADVANCED_FACE ( 'NONE', ( #2430 ), #8971, .T. ) ;
#10076 = EDGE_CURVE ( 'NONE', #4571, #3684, #9218, .T. ) ;
#10077 = DIRECTION ( 'NONE',  ( -1.000000000000000000, -0.0000000000000000000, -0.0000000000000000000 ) ) ;
#10078 = AXIS2_PLACEMENT_3D ( 'NONE', #2528, #5036, #5025 ) ;
#10079 = FACE_OUTER_BOUND ( 'NONE', #10045, .T. ) ;
#10080 = VERTEX_POINT ( 'NONE', #1114 ) ;
#10081 = VERTEX_POINT ( 'NONE', #9154 ) ;
#10082 = CARTESIAN_POINT ( 'NONE',  ( 0.4582132034339979600, 0.03750000000084555100, -0.02500000000511197800 ) ) ;
#10083 = CARTESIAN_POINT ( 'NONE',  ( 0.9517292900370103400, 0.2268432979619844400, -0.01000000000000000000 ) ) ;
#10084 = ORIENTED_EDGE ( 'NONE', *, *, #2334, .T. ) ;
#10085 = LINE ( 'NONE', #6345, #689 ) ;
#10086 = CARTESIAN_POINT ( 'NONE',  ( 0.5365264404161153000, 0.2366589681657897700, 0.0000000000000000000 ) ) ;
#10087 = EDGE_LOOP ( 'NONE', ( #2654, #9240, #8423, #5209, #3821, #4443, #7755, #1853 ) ) ;
#10088 = AXIS2_PLACEMENT_3D ( 'NONE', #3734, #7911, #1245 ) ;
#10089 = APPROVAL ( #1967, 'UNSPECIFIED' ) ;
#10090 = LINE ( 'NONE', #3960, #6435 ) ;
#10091 = LINE ( 'NONE', #6589, #7882 ) ;
#10092 = VERTEX_POINT ( 'NONE', #1874 ) ;
#10093 = LINE ( 'NONE', #6638, #8124 ) ;
#10094 = EDGE_CURVE ( 'NONE', #2437, #8702, #10877, .T. ) ;
#10095 = AXIS2_PLACEMENT_3D ( 'NONE', #6550, #6985, #7320 ) ;
#10096 = DIRECTION ( 'NONE',  ( -0.0000000000000000000, 0.0000000000000000000, 1.000000000000000000 ) ) ;
#10097 = DIRECTION ( 'NONE',  ( -1.000000000000000000, 0.0000000000000000000, 0.0000000000000000000 ) ) ;
#10099 = CARTESIAN_POINT ( 'NONE',  ( 1.104362961706167000, 0.3539562271012334200, 0.0000000000000000000 ) ) ;
#10098 = LINE ( 'NONE', #7164, #7894 ) ;
#10100 = CARTESIAN_POINT ( 'NONE',  ( 1.097499999999999900, 0.3450000000000002000, -0.2725000000000000200 ) ) ;
#10101 = VERTEX_POINT ( 'NONE', #1187 ) ;
#10102 = CARTESIAN_POINT ( 'NONE',  ( 0.6575045756779975800, 0.2337142671046477700, -0.01000000000000000000 ) ) ;
#10103 = LINE ( 'NONE', #9956, #1356 ) ;
#10104 = ORIENTED_EDGE ( 'NONE', *, *, #4375, .T. ) ;
#10105 = CARTESIAN_POINT ( 'NONE',  ( 0.4374999999999998900, 0.2700000000000001800, -0.1480000000000000800 ) ) ;
#10106 = VERTEX_POINT ( 'NONE', #7857 ) ;
#10107 = ORIENTED_EDGE ( 'NONE', *, *, #6294, .T. ) ;
#10108 = DIRECTION ( 'NONE',  ( 0.0000000000000000000, 0.0000000000000000000, -1.000000000000000000 ) ) ;
#10109 = LINE ( 'NONE', #5405, #7645 ) ;
#10110 = EDGE_CURVE ( 'NONE', #589, #1554, #2116, .T. ) ;
#10111 = VECTOR ( 'NONE', #4883, 39.37007874015748100 ) ;
#10112 = CARTESIAN_POINT ( 'NONE',  ( 0.3924999999999996800, 0.0000000000000000000, -0.3700000000000000000 ) ) ;
#10113 = ADVANCED_FACE ( 'NONE', ( #4908 ), #1204, .F. ) ;
#10114 = ORIENTED_EDGE ( 'NONE', *, *, #8383, .F. ) ;
#10115 = VECTOR ( 'NONE', #5646, 39.37007874015748100 ) ;
#10116 = ORIENTED_EDGE ( 'NONE', *, *, #10673, .F. ) ;
#10117 =( NAMED_UNIT ( * ) SI_UNIT ( $, .STERADIAN. ) SOLID_ANGLE_UNIT ( ) );
#10118 = CARTESIAN_POINT ( 'NONE',  ( 1.267500000000000100, 0.4749999999999999800, -0.3450000000000004200 ) ) ;
#10119 = EDGE_CURVE ( 'NONE', #4158, #10947, #8718, .T. ) ;
#10120 = ORIENTED_EDGE ( 'NONE', *, *, #400, .T. ) ;
#10121 = EDGE_CURVE ( 'NONE', #7169, #4574, #6575, .T. ) ;
#10122 = EDGE_LOOP ( 'NONE', ( #1294, #3254, #9663, #7116 ) ) ;
#10123 = VECTOR ( 'NONE', #4073, 39.37007874015748100 ) ;
#10124 = ORIENTED_EDGE ( 'NONE', *, *, #9303, .T. ) ;
#10125 = DIRECTION ( 'NONE',  ( 0.0000000000000000000, -3.691686477924679400E-015, -1.000000000000000000 ) ) ;
#10126 = AXIS2_PLACEMENT_3D ( 'NONE', #73, #71, #30 ) ;
#10127 = ORIENTED_EDGE ( 'NONE', *, *, #4504, .F. ) ;
#10128 = CARTESIAN_POINT ( 'NONE',  ( 0.3924999999999996800, 0.05000000000000000300, -0.07250000000000000900 ) ) ;
#10129 = ADVANCED_FACE ( 'NONE', ( #4353 ), #5940, .F. ) ;
#10130 = DIRECTION ( 'NONE',  ( -0.0000000000000000000, -0.0000000000000000000, 1.000000000000000000 ) ) ;
#10131 = ORIENTED_EDGE ( 'NONE', *, *, #10404, .T. ) ;
#10132 = PLANE ( 'NONE',  #1587 ) ;
#10133 = CIRCLE ( 'NONE', #1542, 0.03999999999999998000 ) ;
#10134 = ORIENTED_EDGE ( 'NONE', *, *, #2707, .T. ) ;
#10135 = DIRECTION ( 'NONE',  ( 1.000000000000000000, 0.0000000000000000000, 0.0000000000000000000 ) ) ;
#10136 = VERTEX_POINT ( 'NONE', #713 ) ;
#10137 = EDGE_LOOP ( 'NONE', ( #9846, #8185, #10812, #8193 ) ) ;
#10138 = DIRECTION ( 'NONE',  ( -1.000000000000000000, -0.0000000000000000000, -7.189073667537546000E-016 ) ) ;
#10139 = CYLINDRICAL_SURFACE ( 'NONE', #9443, 0.02649999999999999200 ) ;
#10140 = ORIENTED_EDGE ( 'NONE', *, *, #9948, .F. ) ;
#10141 = DIRECTION ( 'NONE',  ( 8.055046623592789800E-012, -1.000000000000000000, -9.474066515849366000E-013 ) ) ;
#10142 = EDGE_CURVE ( 'NONE', #9090, #4703, #1802, .T. ) ;
#10143 = AXIS2_PLACEMENT_3D ( 'NONE', #10004, #10015, #9887 ) ;
#10144 = VECTOR ( 'NONE', #10408, 39.37007874015748100 ) ;
#10145 = SECURITY_CLASSIFICATION ( '', '', #9859 ) ;
#10146 = ORIENTED_EDGE ( 'NONE', *, *, #10322, .T. ) ;
#10147 = FACE_OUTER_BOUND ( 'NONE', #6864, .T. ) ;
#10148 = ORIENTED_EDGE ( 'NONE', *, *, #7362, .T. ) ;
#10149 = DIRECTION ( 'NONE',  ( 0.0000000000000000000, 0.0000000000000000000, -1.000000000000000000 ) ) ;
#10150 = ORIENTED_EDGE ( 'NONE', *, *, #3697, .T. ) ;
#10151 = CARTESIAN_POINT ( 'NONE',  ( 0.3924999999999996800, 0.0000000000000000000, -0.1499999999999999900 ) ) ;
#10152 = LOCAL_TIME ( 13, 11, 25.00000000000000000, #1425 ) ;
#10153 = CARTESIAN_POINT ( 'NONE',  ( 0.1332132034351231300, 0.05750000000108399700, 0.02475000000074503400 ) ) ;
#10154 = ADVANCED_FACE ( 'NONE', ( #4031, #10429, #8482, #4623, #1500, #10199, #8257, #6071, #3729 ), #6808, .T. ) ;
#10155 = VECTOR ( 'NONE', #7000, 39.37007874015748100 ) ;
#10156 = ORIENTED_EDGE ( 'NONE', *, *, #4361, .F. ) ;
#10157 = EDGE_CURVE ( 'NONE', #5973, #5450, #8008, .T. ) ;
#10158 = ORIENTED_EDGE ( 'NONE', *, *, #417, .F. ) ;
#10159 = VERTEX_POINT ( 'NONE', #1516 ) ;
#10160 = DATE_AND_TIME ( #1433, #3959 ) ;
#10161 = ORIENTED_EDGE ( 'NONE', *, *, #10417, .T. ) ;
#10162 = CALENDAR_DATE ( 2019, 15, 10 ) ;
#10163 = VECTOR ( 'NONE', #6354, 39.37007874015748100 ) ;
#10164 = LINE ( 'NONE', #4513, #3972 ) ;
#10165 = DIRECTION ( 'NONE',  ( 0.0000000000000000000, 1.000000000000000000, -0.0000000000000000000 ) ) ;
#10166 = CALENDAR_DATE ( 2019, 15, 10 ) ;
#10167 = EDGE_CURVE ( 'NONE', #2242, #3451, #878, .T. ) ;
#10168 = ORIENTED_EDGE ( 'NONE', *, *, #2584, .F. ) ;
#10169 = DIRECTION ( 'NONE',  ( -1.000000000000000000, 0.0000000000000000000, 0.0000000000000000000 ) ) ;
#10170 = ORIENTED_EDGE ( 'NONE', *, *, #8266, .T. ) ;
#10171 = EDGE_CURVE ( 'NONE', #9617, #3953, #3434, .T. ) ;
#10172 = CARTESIAN_POINT ( 'NONE',  ( 0.5674999999977770000, 0.6712132034341626900, -0.05999999999894310700 ) ) ;
#10174 = CARTESIAN_POINT ( 'NONE',  ( 0.4974999999999998900, 0.5180000000000000200, -0.1089999999999999000 ) ) ;
#10173 = VECTOR ( 'NONE', #2435, 39.37007874015748100 ) ;
#10175 = LINE ( 'NONE', #9016, #3989 ) ;
#10176 = PRODUCT_DEFINITION_SHAPE ( 'NONE', 'NONE',  #10999 ) ;
#10177 = CARTESIAN_POINT ( 'NONE',  ( 0.3924999999999996800, 0.05000000000000000300, -0.2200000000000000000 ) ) ;
#10178 = VECTOR ( 'NONE', #3999, 39.37007874015748100 ) ;
#10179 = DIRECTION ( 'NONE',  ( -3.681989669462878400E-013, 7.789823685977714400E-013, 1.000000000000000000 ) ) ;
#10180 = EDGE_CURVE ( 'NONE', #3451, #1964, #5822, .T. ) ;
#10181 = DIRECTION ( 'NONE',  ( -3.681989669462878400E-013, 7.789823685977714400E-013, 1.000000000000000000 ) ) ;
#10182 = EDGE_CURVE ( 'NONE', #4802, #50, #5551, .T. ) ;
#10183 = VECTOR ( 'NONE', #7589, 39.37007874015748100 ) ;
#10184 = EDGE_CURVE ( 'NONE', #3767, #4288, #572, .T. ) ;
#10185 = CARTESIAN_POINT ( 'NONE',  ( 0.8496463199174501000, 0.3318709691426852100, -0.01000000000000000000 ) ) ;
#10186 = AXIS2_PLACEMENT_3D ( 'NONE', #8595, #7859, #9889 ) ;
#10187 = CARTESIAN_POINT ( 'NONE',  ( 0.8089112885716688300, 0.0000000000000000000, 0.0000000000000000000 ) ) ;
#10188 = VECTOR ( 'NONE', #3193, 39.37007874015748100 ) ;
#10189 = ORIENTED_EDGE ( 'NONE', *, *, #8848, .T. ) ;
#10190 = VECTOR ( 'NONE', #9419, 39.37007874015748100 ) ;
#10191 = VERTEX_POINT ( 'NONE', #859 ) ;
#10192 = CARTESIAN_POINT ( 'NONE',  ( 0.8923444853039845800, 0.2366589681657876300, -0.01000000000000000000 ) ) ;
#10193 = AXIS2_PLACEMENT_3D ( 'NONE', #9088, #5298, #9336 ) ;
#10194 = LINE ( 'NONE', #2950, #6066 ) ;
#10195 = EDGE_LOOP ( 'NONE', ( #10757, #8878, #4956, #4442 ) ) ;
#10196 = APPROVAL ( #8215, 'UNKNOWN' ) ;
#10197 = ADVANCED_FACE ( 'NONE', ( #254 ), #7224, .F. ) ;
#10198 = CARTESIAN_POINT ( 'NONE',  ( 0.2411999999995233800, 0.04250000000088804300, -5.717211481140569700E-012 ) ) ;
#10199 = FACE_BOUND ( 'NONE', #820, .T. ) ;
#10200 = DIRECTION ( 'NONE',  ( -1.000000000000000000, 8.054752014276220300E-012, 5.203555549537171000E-012 ) ) ;
#10201 = ORIENTED_EDGE ( 'NONE', *, *, #10023, .F. ) ;
#10202 = VECTOR ( 'NONE', #7684, 39.37007874015748100 ) ;
#10203 = CARTESIAN_POINT ( 'NONE',  ( 0.6374999999999998400, 0.5180000000000000200, -0.1089999999999999000 ) ) ;
#10204 = EDGE_CURVE ( 'NONE', #2100, #8116, #9327, .T. ) ;
#10205 = EDGE_LOOP ( 'NONE', ( #3409, #6399, #2375, #5943 ) ) ;
#10206 = AXIS2_PLACEMENT_3D ( 'NONE', #8142, #446, #962 ) ;
#10207 = LINE ( 'NONE', #2190, #6587 ) ;
#10208 = DIRECTION ( 'NONE',  ( 1.000000000000000000, -0.0000000000000000000, -0.0000000000000000000 ) ) ;
#10209 = DIRECTION ( 'NONE',  ( -1.000000000000000000, -0.0000000000000000000, -0.0000000000000000000 ) ) ;
#10210 = EDGE_LOOP ( 'NONE', ( #4830, #5125, #6173, #4714 ) ) ;
#10211 = ORIENTED_EDGE ( 'NONE', *, *, #6646, .F. ) ;
#10212 = ORIENTED_EDGE ( 'NONE', *, *, #8888, .F. ) ;
#10213 = FACE_OUTER_BOUND ( 'NONE', #9804, .T. ) ;
#10214 = ORIENTED_EDGE ( 'NONE', *, *, #6064, .F. ) ;
#10215 = ORIENTED_EDGE ( 'NONE', *, *, #7098, .F. ) ;
#10216 = ORIENTED_EDGE ( 'NONE', *, *, #10057, .F. ) ;
#10217 = EDGE_LOOP ( 'NONE', ( #2295, #4054, #2657, #8764, #3818, #3673, #7801, #8926, #9414 ) ) ;
#10218 = CARTESIAN_POINT ( 'NONE',  ( 0.3361881571558419400, 0.01250000000031812600, -0.02499999999944749200 ) ) ;
#10219 = DIRECTION ( 'NONE',  ( -1.000000000000000000, 0.0000000000000000000, -0.0000000000000000000 ) ) ;
#10220 = CARTESIAN_POINT ( 'NONE',  ( 0.3674999999999998300, 0.5600000000000003900, -0.2210000000000000900 ) ) ;
#10221 = EDGE_LOOP ( 'NONE', ( #8258, #7890, #1661, #9211, #8378, #6451, #7775, #8113, #8844 ) ) ;
#10222 = ORIENTED_EDGE ( 'NONE', *, *, #8566, .F. ) ;
#10223 = AXIS2_PLACEMENT_3D ( 'NONE', #5962, #2772, #1678 ) ;
#10224 = EDGE_CURVE ( 'NONE', #7700, #1963, #7763, .T. ) ;
#10225 = VECTOR ( 'NONE', #9732, 39.37007874015748100 ) ;
#10226 = EDGE_LOOP ( 'NONE', ( #2474, #6822, #3900, #3889 ) ) ;
#10227 = EDGE_CURVE ( 'NONE', #5241, #3864, #2848, .T. ) ;
#10228 = DIRECTION ( 'NONE',  ( -0.0000000000000000000, -0.0000000000000000000, 1.000000000000000000 ) ) ;
#10229 = DIRECTION ( 'NONE',  ( -0.0000000000000000000, 1.000000000000000000, -0.0000000000000000000 ) ) ;
#10230 = ORIENTED_EDGE ( 'NONE', *, *, #3411, .F. ) ;
#10231 = EDGE_LOOP ( 'NONE', ( #8563, #114, #7226, #3925 ) ) ;
#10232 = DIRECTION ( 'NONE',  ( -8.054752014271279800E-012, -1.000000000000000000, 9.472423642657713700E-013 ) ) ;
#10233 = DIRECTION ( 'NONE',  ( -1.000000000000000000, -0.0000000000000000000, -0.0000000000000000000 ) ) ;
#10234 = CYLINDRICAL_SURFACE ( 'NONE', #10048, 0.03100000000000002400 ) ;
#10235 = DIRECTION ( 'NONE',  ( 0.0000000000000000000, 0.0000000000000000000, 1.000000000000000000 ) ) ;
#10236 = EDGE_CURVE ( 'NONE', #9322, #4703, #7503, .T. ) ;
#10237 = DIRECTION ( 'NONE',  ( 1.000000000000000000, -0.0000000000000000000, -0.0000000000000000000 ) ) ;
#10238 = EDGE_CURVE ( 'NONE', #7169, #1267, #9086, .T. ) ;
#10239 = EDGE_CURVE ( 'NONE', #6920, #2454, #4761, .T. ) ;
#10240 = ORIENTED_EDGE ( 'NONE', *, *, #9372, .F. ) ;
#10241 = AXIS2_PLACEMENT_3D ( 'NONE', #5319, #5301, #5375 ) ;
#10242 = CARTESIAN_POINT ( 'NONE',  ( 0.6371370600050838600, 0.3632811137948581700, -0.01000000000000000000 ) ) ;
#10243 = DIRECTION ( 'NONE',  ( 1.000000000000000000, -0.0000000000000000000, -0.0000000000000000000 ) ) ;
#10244 = LINE ( 'NONE', #7797, #3773 ) ;
#10245 = DIRECTION ( 'NONE',  ( 1.000000000000000000, 0.0000000000000000000, -0.0000000000000000000 ) ) ;
#10246 = ORIENTED_EDGE ( 'NONE', *, *, #10703, .F. ) ;
#10247 = DIRECTION ( 'NONE',  ( -3.681989669462878400E-013, 7.789823685977714400E-013, 1.000000000000000000 ) ) ;
#10248 = ADVANCED_FACE ( 'NONE', ( #10769 ), #6085, .F. ) ;
#10249 = EDGE_LOOP ( 'NONE', ( #1762, #6790, #1441, #4274 ) ) ;
#10250 = VECTOR ( 'NONE', #6774, 39.37007874015748100 ) ;
#10251 = CARTESIAN_POINT ( 'NONE',  ( 0.3275000000000000100, 0.5999999999999999800, -0.2609999999999999000 ) ) ;
#10252 = AXIS2_PLACEMENT_3D ( 'NONE', #1357, #6471, #5044 ) ;
#10253 = DIRECTION ( 'NONE',  ( 0.0000000000000000000, 1.000000000000000000, 4.553079989440424900E-016 ) ) ;
#10254 = CARTESIAN_POINT ( 'NONE',  ( 0.2411999999996222700, 0.04250000000063435700, 0.005999999994282669900 ) ) ;
#10255 = AXIS2_PLACEMENT_3D ( 'NONE', #8792, #3780, #9564 ) ;
#10256 = ORIENTED_EDGE ( 'NONE', *, *, #5884, .F. ) ;
#10257 = LINE ( 'NONE', #4193, #2203 ) ;
#10258 = VERTEX_POINT ( 'NONE', #8821 ) ;
#10259 = APPLICATION_CONTEXT ( 'configuration controlled 3d designs of mechanical parts and assemblies' ) ;
#10260 = EDGE_CURVE ( 'NONE', #384, #3513, #2589, .T. ) ;
#10261 = CARTESIAN_POINT ( 'NONE',  ( 0.5365264404161153000, 0.4133410318342099500, 0.0000000000000000000 ) ) ;
#10262 = PLANE ( 'NONE',  #3205 ) ;
#10263 = PERSON_AND_ORGANIZATION ( #1416, #1598 ) ;
#10264 = CC_DESIGN_APPROVAL ( #9797, ( #8801 ) ) ;
#10265 = ORGANIZATION ( 'NAUO-ORG14', 'UNSPECIFIED', 'UNSPECIFIED' ) ;
#10266 = DIRECTION ( 'NONE',  ( 0.0000000000000000000, -1.000000000000000000, 0.0000000000000000000 ) ) ;
#10267 = FACE_OUTER_BOUND ( 'NONE', #3350, .T. ) ;
#10268 = ORIENTED_EDGE ( 'NONE', *, *, #10294, .T. ) ;
#10269 = ORIENTED_EDGE ( 'NONE', *, *, #10074, .F. ) ;
#10270 = ORIENTED_EDGE ( 'NONE', *, *, #1057, .T. ) ;
#10271 = DIRECTION ( 'NONE',  ( 1.000000000000000000, 0.0000000000000000000, 0.0000000000000000000 ) ) ;
#10272 = DIRECTION ( 'NONE',  ( 0.0000000000000000000, 0.0000000000000000000, -1.000000000000000000 ) ) ;
#10273 = DATE_AND_TIME ( #1615, #4141 ) ;
#10274 = CALENDAR_DATE ( 2019, 15, 10 ) ;
#10275 = CARTESIAN_POINT ( 'NONE',  ( 0.0000000000000000000, 0.5999999999999999800, -0.2609999999999999000 ) ) ;
#10276 = AXIS2_PLACEMENT_3D ( 'NONE', #7927, #1969, #1303 ) ;
#10277 = EDGE_CURVE ( 'NONE', #8913, #6868, #4495, .T. ) ;
#10278 = ORIENTED_EDGE ( 'NONE', *, *, #10779, .T. ) ;
#10279 = VECTOR ( 'NONE', #10646, 39.37007874015748100 ) ;
#10280 = LINE ( 'NONE', #4573, #3827 ) ;
#10281 = CARTESIAN_POINT ( 'NONE',  ( 0.1478113162194632800, 0.08117688916756478400, -0.02499999999825394700 ) ) ;
#10282 = COORDINATED_UNIVERSAL_TIME_OFFSET ( 5, 0, .BEHIND. ) ;
#10283 = ORIENTED_EDGE ( 'NONE', *, *, #373, .F. ) ;
#10284 = CARTESIAN_POINT ( 'NONE',  ( 0.4374999999999998900, 0.5580000000000000500, -0.2974999999999999900 ) ) ;
#10285 = CARTESIAN_POINT ( 'NONE',  ( 0.7974999999999998800, 0.5580000000000000500, -0.2610000000000000700 ) ) ;
#10286 = CARTESIAN_POINT ( 'NONE',  ( 0.1536499778716397300, 0.06956181146386052100, -0.005999999997108766900 ) ) ;
#10287 = VECTOR ( 'NONE', #1907, 39.37007874015748100 ) ;
#10288 = CARTESIAN_POINT ( 'NONE',  ( 0.6374999999999998400, 0.05000000000000000300, -0.1499999999999999900 ) ) ;
#10289 = ORIENTED_EDGE ( 'NONE', *, *, #2793, .F. ) ;
#10290 = ADVANCED_FACE ( 'NONE', ( #6445 ), #8133, .F. ) ;
#10291 = ADVANCED_FACE ( 'NONE', ( #1945, #10313 ), #8425, .T. ) ;
#10292 = LINE ( 'NONE', #1649, #4166 ) ;
#10293 = EDGE_CURVE ( 'NONE', #136, #4370, #8374, .T. ) ;
#10294 = EDGE_CURVE ( 'NONE', #5135, #5547, #8591, .T. ) ;
#10295 = APPROVAL_ROLE ( '' ) ;
#10296 = CARTESIAN_POINT ( 'NONE',  ( 0.6506336065353098800, 0.3250000000000201600, -0.01000000000000000000 ) ) ;
#10297 = CARTESIAN_POINT ( 'NONE',  ( 0.8398306497136467400, 0.0000000000000000000, -0.01000000000000000000 ) ) ;
#10298 = AXIS2_PLACEMENT_3D ( 'NONE', #2987, #2976, #2934 ) ;
#10299 = ORIENTED_EDGE ( 'NONE', *, *, #2837, .T. ) ;
#10300 = VECTOR ( 'NONE', #7367, 39.37007874015748100 ) ;
#10301 = ORIENTED_EDGE ( 'NONE', *, *, #2927, .T. ) ;
#10302 = PRODUCT_DEFINITION_SHAPE ( 'NONE', 'NONE',  #11005 ) ;
#10303 = PLANE ( 'NONE',  #7899 ) ;
#10304 = LINE ( 'NONE', #7339, #3849 ) ;
#10305 = CARTESIAN_POINT ( 'NONE',  ( 1.044978156973165800, 0.3831578454992597400, -0.01000000000000000000 ) ) ;
#10306 = ORIENTED_EDGE ( 'NONE', *, *, #8548, .F. ) ;
#10307 = ORIENTED_EDGE ( 'NONE', *, *, #1062, .F. ) ;
#10308 = LINE ( 'NONE', #10974, #3563 ) ;
#10309 = DIRECTION ( 'NONE',  ( 0.0000000000000000000, -1.000000000000000000, -5.691349986800549600E-017 ) ) ;
#10310 = VERTEX_POINT ( 'NONE', #9089 ) ;
#10311 = EDGE_CURVE ( 'NONE', #1609, #6132, #10093, .T. ) ;
#10312 = AXIS2_PLACEMENT_3D ( 'NONE', #1247, #2277, #6619 ) ;
#10313 = FACE_OUTER_BOUND ( 'NONE', #9540, .T. ) ;
#10314 = ORIENTED_EDGE ( 'NONE', *, *, #9757, .T. ) ;
#10315 = ADVANCED_FACE ( 'NONE', ( #6204 ), #9102, .T. ) ;
#10316 = CARTESIAN_POINT ( 'NONE',  ( 0.5974999999999999200, 0.2699999999999999100, -0.2210000000000000900 ) ) ;
#10317 = VECTOR ( 'NONE', #7406, 39.37007874015748100 ) ;
#10318 = ORIENTED_EDGE ( 'NONE', *, *, #2160, .F. ) ;
#10319 = CARTESIAN_POINT ( 'NONE',  ( 0.0000000000000000000, 0.2500000000000000000, -0.3700000000000001600 ) ) ;
#10320 = DIRECTION ( 'NONE',  ( 1.000000000000000000, 0.0000000000000000000, 0.0000000000000000000 ) ) ;
#10321 = VECTOR ( 'NONE', #5701, 39.37007874015748100 ) ;
#10322 = EDGE_CURVE ( 'NONE', #9145, #3525, #1346, .T. ) ;
#10323 = AXIS2_PLACEMENT_3D ( 'NONE', #9398, #9488, #5391 ) ;
#10324 = ORIENTED_EDGE ( 'NONE', *, *, #9532, .T. ) ;
#10325 = CC_DESIGN_PERSON_AND_ORGANIZATION_ASSIGNMENT ( #7576, #10514, ( #7846 ) ) ;
#10326 = ORIENTED_EDGE ( 'NONE', *, *, #9346, .F. ) ;
#10327 = FACE_OUTER_BOUND ( 'NONE', #8064, .T. ) ;
#10328 = ORIENTED_EDGE ( 'NONE', *, *, #5112, .T. ) ;
#10329 = APPROVAL_STATUS ( 'not_yet_approved' ) ;
#10330 = ORIENTED_EDGE ( 'NONE', *, *, #3349, .F. ) ;
#10331 = VERTEX_POINT ( 'NONE', #1440 ) ;
#10332 = EDGE_CURVE ( 'NONE', #4868, #10347, #9868, .T. ) ;
#10333 = LINE ( 'NONE', #7762, #6735 ) ;
#10334 = AXIS2_PLACEMENT_3D ( 'NONE', #3932, #10169, #10235 ) ;
#10335 = ORIENTED_EDGE ( 'NONE', *, *, #2516, .F. ) ;
#10336 = DIRECTION ( 'NONE',  ( 1.000000000000000000, -0.0000000000000000000, -0.0000000000000000000 ) ) ;
#10337 = DIRECTION ( 'NONE',  ( 1.000000000000000000, 0.0000000000000000000, 0.0000000000000000000 ) ) ;
#10338 = ADVANCED_FACE ( 'NONE', ( #3573 ), #614, .F. ) ;
#10339 = CARTESIAN_POINT ( 'NONE',  ( 0.7990956183678619200, 0.2366589681657897700, -0.01000000000000000000 ) ) ;
#10340 = ADVANCED_FACE ( 'NONE', ( #5674 ), #2710, .F. ) ;
#10341 = ORIENTED_EDGE ( 'NONE', *, *, #7512, .T. ) ;
#10342 = ORIENTED_EDGE ( 'NONE', *, *, #811, .T. ) ;
#10343 = LINE ( 'NONE', #3887, #1068 ) ;
#10344 = ORIENTED_EDGE ( 'NONE', *, *, #8770, .T. ) ;
#10345 = DIRECTION ( 'NONE',  ( -0.0000000000000000000, 1.000000000000000000, -0.0000000000000000000 ) ) ;
#10346 = ORIENTED_EDGE ( 'NONE', *, *, #5314, .T. ) ;
#10347 = VERTEX_POINT ( 'NONE', #580 ) ;
#10348 = CARTESIAN_POINT ( 'NONE',  ( 0.1478113162196198200, 0.08117688916748683200, -0.005999999998146049100 ) ) ;
#10349 = DIRECTION ( 'NONE',  ( -1.000000000000000000, 0.0000000000000000000, -0.0000000000000000000 ) ) ;
#10350 = AXIS2_PLACEMENT_3D ( 'NONE', #6928, #7052, #6893 ) ;
#10351 = EDGE_CURVE ( 'NONE', #136, #3837, #709, .T. ) ;
#10352 = EDGE_CURVE ( 'NONE', #7182, #10191, #3273, .T. ) ;
#10353 = VERTEX_POINT ( 'NONE', #537 ) ;
#10354 = DIRECTION ( 'NONE',  ( -0.0000000000000000000, 0.0000000000000000000, 1.000000000000000000 ) ) ;
#10355 = LINE ( 'NONE', #4408, #6255 ) ;
#10356 = ORIENTED_EDGE ( 'NONE', *, *, #790, .F. ) ;
#10357 = FACE_OUTER_BOUND ( 'NONE', #6873, .T. ) ;
#10358 = APPLICATION_PROTOCOL_DEFINITION ( 'international standard', 'config_control_design', 1994, #10259 ) ;
#10359 = ORIENTED_EDGE ( 'NONE', *, *, #8886, .F. ) ;
#10360 = VECTOR ( 'NONE', #2281, 39.37007874015748100 ) ;
#10361 = ADVANCED_FACE ( 'NONE', ( #7627 ), #28, .F. ) ;
#10362 = EDGE_CURVE ( 'NONE', #3895, #7388, #2986, .T. ) ;
#10363 = EDGE_CURVE ( 'NONE', #3365, #1978, #1029, .T. ) ;
#10364 = EDGE_CURVE ( 'NONE', #4235, #2113, #1658, .T. ) ;
#10365 = AXIS2_PLACEMENT_3D ( 'NONE', #9006, #9304, #9315 ) ;
#10366 = LINE ( 'NONE', #865, #4561 ) ;
#10367 = DIRECTION ( 'NONE',  ( 1.000000000000000000, -0.0000000000000000000, -0.0000000000000000000 ) ) ;
#10368 = CARTESIAN_POINT ( 'NONE',  ( 1.504999999999999900, 0.0000000000000000000, -0.1210000000000001400 ) ) ;
#10369 = ORIENTED_EDGE ( 'NONE', *, *, #4211, .F. ) ;
#10370 = LINE ( 'NONE', #1675, #5743 ) ;
#10371 = COORDINATED_UNIVERSAL_TIME_OFFSET ( 5, 0, .BEHIND. ) ;
#10372 = DIRECTION ( 'NONE',  ( 0.0000000000000000000, 0.0000000000000000000, -1.000000000000000000 ) ) ;
#10373 = VECTOR ( 'NONE', #7557, 39.37007874015748100 ) ;
#10374 = DIRECTION ( 'NONE',  ( 1.000000000000000000, 0.0000000000000000000, 0.0000000000000000000 ) ) ;
#10375 = PRODUCT_RELATED_PRODUCT_CATEGORY ( 'detail', '', ( #9048 ) ) ;
#10376 = VERTEX_POINT ( 'NONE', #6727 ) ;
#10377 = ORIENTED_EDGE ( 'NONE', *, *, #10184, .T. ) ;
#10378 = CARTESIAN_POINT ( 'NONE',  ( 0.9885380533012652100, 0.2268432979619829900, -0.01000000000000000000 ) ) ;
#10379 = DIRECTION ( 'NONE',  ( 0.0000000000000000000, -1.352399996863497400E-015, -1.000000000000000000 ) ) ;
#10380 = DIRECTION ( 'NONE',  ( 1.000000000000000000, 9.480675684627761000E-013, -3.681989669470754400E-013 ) ) ;
#10381 = DIRECTION ( 'NONE',  ( -0.0000000000000000000, 0.0000000000000000000, 1.000000000000000000 ) ) ;
#10382 = ORIENTED_EDGE ( 'NONE', *, *, #10975, .T. ) ;
#10383 = ADVANCED_FACE ( 'NONE', ( #2721 ), #7088, .F. ) ;
#10384 = ITEM_DEFINED_TRANSFORMATION ( 'NONE', 'NONE', #6105,  #8995 ) ;
#10385 = ORIENTED_EDGE ( 'NONE', *, *, #10453, .F. ) ;
#10386 = SECURITY_CLASSIFICATION_LEVEL ( 'unclassified' ) ;
#10387 = EDGE_CURVE ( 'NONE', #7700, #6456, #9208, .T. ) ;
#10388 = EDGE_LOOP ( 'NONE', ( #6591, #4145, #9465, #1209 ) ) ;
#10389 = ORIENTED_EDGE ( 'NONE', *, *, #10009, .F. ) ;
#10390 = LINE ( 'NONE', #10100, #8447 ) ;
#10391 = DIRECTION ( 'NONE',  ( -3.681989669462198800E-013, 7.791020465180536500E-013, 1.000000000000000000 ) ) ;
#10392 = DIRECTION ( 'NONE',  ( 1.000000000000000000, 0.0000000000000000000, 0.0000000000000000000 ) ) ;
#10393 = ORIENTED_EDGE ( 'NONE', *, *, #5510, .F. ) ;
#10394 = AXIS2_PLACEMENT_3D ( 'NONE', #1146, #3011, #1665 ) ;
#10395 = VECTOR ( 'NONE', #3985, 39.37007874015748100 ) ;
#10396 = PERSON_AND_ORGANIZATION ( #8983, #828 ) ;
#10397 = DIRECTION ( 'NONE',  ( -0.0000000000000000000, -0.0000000000000000000, 1.000000000000000000 ) ) ;
#10398 = ORIENTED_EDGE ( 'NONE', *, *, #8548, .T. ) ;
#10399 = CARTESIAN_POINT ( 'NONE',  ( 0.1488389218490868100, 0.06549999999998380700, 0.005999999998281549200 ) ) ;
#10400 = FACE_OUTER_BOUND ( 'NONE', #8355, .T. ) ;
#10401 = CARTESIAN_POINT ( 'NONE',  ( 0.6132132034320935100, 0.01600000000115367500, -0.01500000000065261500 ) ) ;
#10402 = CYLINDRICAL_SURFACE ( 'NONE', #8771, 0.009815670203795690700 ) ;
#10403 = AXIS2_PLACEMENT_3D ( 'NONE', #10966, #10933, #10810 ) ;
#10404 = EDGE_CURVE ( 'NONE', #10759, #6111, #86, .T. ) ;
#10405 = EDGE_CURVE ( 'NONE', #10479, #2126, #7360, .T. ) ;
#10406 = VECTOR ( 'NONE', #4535, 39.37007874015748100 ) ;
#10407 = ORIENTED_EDGE ( 'NONE', *, *, #9809, .F. ) ;
#10408 = DIRECTION ( 'NONE',  ( 9.478563083388219400E-013, 1.000000000000000000, 7.789823685982826700E-013 ) ) ;
#10409 = LINE ( 'NONE', #6750, #10183 ) ;
#10410 = DIRECTION ( 'NONE',  ( -9.476450482283153200E-013, -1.000000000000000000, -7.789823685978804900E-013 ) ) ;
#10411 = DIRECTION ( 'NONE',  ( -0.0000000000000000000, -0.0000000000000000000, 1.000000000000000000 ) ) ;
#10412 = DIRECTION ( 'NONE',  ( -0.0000000000000000000, 1.000000000000000000, -0.0000000000000000000 ) ) ;
#10413 = ORIENTED_EDGE ( 'NONE', *, *, #7735, .T. ) ;
#10414 = EDGE_LOOP ( 'NONE', ( #3771, #6666, #5322, #822 ) ) ;
#10415 = LINE ( 'NONE', #10781, #9751 ) ;
#10416 = ORIENTED_EDGE ( 'NONE', *, *, #5314, .F. ) ;
#10417 = EDGE_CURVE ( 'NONE', #10745, #10081, #4897, .T. ) ;
#10418 = EDGE_CURVE ( 'NONE', #5815, #5999, #2420, .T. ) ;
#10419 = VECTOR ( 'NONE', #5394, 39.37007874015748100 ) ;
#10420 = SECURITY_CLASSIFICATION_LEVEL ( 'unclassified' ) ;
#10421 = AXIS2_PLACEMENT_3D ( 'NONE', #6675, #5993, #4108 ) ;
#10422 = ORIENTED_EDGE ( 'NONE', *, *, #6227, .F. ) ;
#10423 = VERTEX_POINT ( 'NONE', #9365 ) ;
#10424 = VECTOR ( 'NONE', #541, 39.37007874015748100 ) ;
#10425 = DIRECTION ( 'NONE',  ( 3.681989669462198800E-013, -7.791020465180536500E-013, -1.000000000000000000 ) ) ;
#10426 = ORIENTED_EDGE ( 'NONE', *, *, #3866, .F. ) ;
#10427 = ORIENTED_EDGE ( 'NONE', *, *, #7922, .F. ) ;
#10428 = CARTESIAN_POINT ( 'NONE',  ( 0.0000000000000000000, 0.5999999999999999800, -0.3700000000000001600 ) ) ;
#10429 = FACE_BOUND ( 'NONE', #4698, .T. ) ;
#10430 = CARTESIAN_POINT ( 'NONE',  ( 0.6974999999999999000, 0.2700000000000001800, -0.1480000000000000500 ) ) ;
#10431 = ORIENTED_EDGE ( 'NONE', *, *, #1329, .F. ) ;
#10432 = CARTESIAN_POINT ( 'NONE',  ( 0.8974999999999999600, 0.2699999999999999100, -0.2210000000000000900 ) ) ;
#10433 = ADVANCED_FACE ( 'NONE', ( #10654 ), #7822, .T. ) ;
#10434 = CARTESIAN_POINT ( 'NONE',  ( 0.1336327212097513400, 0.06223450388627379400, 0.005075888416495842800 ) ) ;
#10435 = ADVANCED_FACE ( 'NONE', ( #8960 ), #1787, .T. ) ;
#10436 = AXIS2_PLACEMENT_3D ( 'NONE', #5921, #2266, #935 ) ;
#10437 = CIRCLE ( 'NONE', #7377, 0.006870969142662229500 ) ;
#10438 = VERTEX_POINT ( 'NONE', #8614 ) ;
#10439 = PLANE ( 'NONE',  #6586 ) ;
#10440 = AXIS2_PLACEMENT_3D ( 'NONE', #7061, #1720, #7915 ) ;
#10441 = FACE_OUTER_BOUND ( 'NONE', #5931, .T. ) ;
#10442 = CARTESIAN_POINT ( 'NONE',  ( 0.7083006689826778500, 0.4094147637527243400, 0.0000000000000000000 ) ) ;
#10443 = ORIENTED_EDGE ( 'NONE', *, *, #7782, .F. ) ;
#10444 = LINE ( 'NONE', #3181, #6352 ) ;
#10445 = ORIENTED_EDGE ( 'NONE', *, *, #4030, .T. ) ;
#10446 = DIRECTION ( 'NONE',  ( -1.189163988687022500E-013, 1.000000000000000000, 0.0000000000000000000 ) ) ;
#10447 = VERTEX_POINT ( 'NONE', #4528 ) ;
#10448 = ORIENTED_EDGE ( 'NONE', *, *, #10047, .F. ) ;
#10449 = ORIENTED_EDGE ( 'NONE', *, *, #1880, .T. ) ;
#10451 = CARTESIAN_POINT ( 'NONE',  ( 0.8332132034382747600, 0.01600000000112471500, -0.01500000000087471500 ) ) ;
#10450 = LINE ( 'NONE', #7875, #8499 ) ;
#10452 = CARTESIAN_POINT ( 'NONE',  ( 0.8825288151001856600, 0.3416866393464817500, -0.01000000000000000000 ) ) ;
#10453 = EDGE_CURVE ( 'NONE', #10693, #5944, #4617, .T. ) ;
#10454 = AXIS2_PLACEMENT_3D ( 'NONE', #9355, #463, #5934 ) ;
#10455 = APPROVAL ( #8439, 'UNKNOWN' ) ;
#10456 = PRODUCT_DEFINITION_SHAPE ( 'NONE', 'NONE',  #11011 ) ;
#10457 = ORIENTED_EDGE ( 'NONE', *, *, #5049, .F. ) ;
#10458 =( REPRESENTATION_RELATIONSHIP ('NONE','NONE', #6361, #2501 ) REPRESENTATION_RELATIONSHIP_WITH_TRANSFORMATION ( #1741 )SHAPE_REPRESENTATION_RELATIONSHIP( ) );
#10459 = VECTOR ( 'NONE', #1179, 39.37007874015748100 ) ;
#10460 = ORIENTED_EDGE ( 'NONE', *, *, #4581, .T. ) ;
#10461 = ORIENTED_EDGE ( 'NONE', *, *, #10929, .T. ) ;
#10462 = CARTESIAN_POINT ( 'NONE',  ( 1.037499999999999900, 0.2699999999999999100, -0.1490000000000000800 ) ) ;
#10463 = DIRECTION ( 'NONE',  ( -0.0000000000000000000, -0.0000000000000000000, 1.000000000000000000 ) ) ;
#10464 = ORIENTED_EDGE ( 'NONE', *, *, #6670, .F. ) ;
#10465 = EDGE_CURVE ( 'NONE', #5942, #303, #6564, .T. ) ;
#10466 = EDGE_LOOP ( 'NONE', ( #7364, #2850, #10532, #1033 ) ) ;
#10467 = AXIS2_PLACEMENT_3D ( 'NONE', #10297, #10349, #9769 ) ;
#10468 = EDGE_CURVE ( 'NONE', #3316, #1993, #4340, .T. ) ;
#10469 = FACE_OUTER_BOUND ( 'NONE', #898, .T. ) ;
#10470 = ORIENTED_EDGE ( 'NONE', *, *, #8898, .T. ) ;
#10471 = CARTESIAN_POINT ( 'NONE',  ( 0.7397108136348434800, 0.2719953808994843300, -0.01000000000000000000 ) ) ;
#10472 = DIRECTION ( 'NONE',  ( -0.0000000000000000000, 1.000000000000000000, 1.707404996040165000E-016 ) ) ;
#10473 = PLANE ( 'NONE',  #6767 ) ;
#10474 = CARTESIAN_POINT ( 'NONE',  ( 0.8462132034362699300, 0.02350000000095239100, -0.01500000000408928000 ) ) ;
#10475 = DIRECTION ( 'NONE',  ( -1.000000000000000000, 0.0000000000000000000, -7.383372955849362000E-016 ) ) ;
#10476 = CARTESIAN_POINT ( 'NONE',  ( 0.3784999999999999500, 0.5999999999999999800, -0.2820000000000000300 ) ) ;
#10477 = LINE ( 'NONE', #4609, #4097 ) ;
#10478 = CARTESIAN_POINT ( 'NONE',  ( 1.114178631909972000, 0.0000000000000000000, -0.01000000000000000000 ) ) ;
#10479 = VERTEX_POINT ( 'NONE', #2696 ) ;
#10480 = CARTESIAN_POINT ( 'NONE',  ( 0.3674999999999998300, 0.2699999999999999100, -0.1490000000000000800 ) ) ;
#10481 = EDGE_CURVE ( 'NONE', #3094, #6659, #8701, .T. ) ;
#10482 = CARTESIAN_POINT ( 'NONE',  ( 0.5463421106199378700, 0.4231567020380325200, 0.0000000000000000000 ) ) ;
#10483 = CARTESIAN_POINT ( 'NONE',  ( 0.1334096169264937000, 0.06075474078889305700, 0.003731666242099969200 ) ) ;
#10484 = ORIENTED_EDGE ( 'NONE', *, *, #4682, .F. ) ;
#10485 = EDGE_CURVE ( 'NONE', #4889, #3039, #4019, .T. ) ;
#10486 = DIRECTION ( 'NONE',  ( 0.0000000000000000000, -1.000000000000000000, 0.0000000000000000000 ) ) ;
#10487 = ORIENTED_EDGE ( 'NONE', *, *, #2403, .F. ) ;
#10488 = DIRECTION ( 'NONE',  ( 1.000000000000000000, 0.0000000000000000000, -0.0000000000000000000 ) ) ;
#10489 = ADVANCED_FACE ( 'NONE', ( #8475 ), #7078, .F. ) ;
#10490 = LINE ( 'NONE', #4167, #1578 ) ;
#10491 = ORIENTED_EDGE ( 'NONE', *, *, #4963, .T. ) ;
#10492 = CARTESIAN_POINT ( 'NONE',  ( 0.7374999999999998200, 0.3450000000000002000, -0.09750000000000003100 ) ) ;
#10493 = CARTESIAN_POINT ( 'NONE',  ( 0.1333386886339347500, 0.06007584335927951300, 0.002564863487839586100 ) ) ;
#10494 = LINE ( 'NONE', #1855, #8309 ) ;
#10495 = DIRECTION ( 'NONE',  ( 1.000000000000000000, -0.0000000000000000000, -0.0000000000000000000 ) ) ;
#10496 = EDGE_CURVE ( 'NONE', #715, #8372, #6062, .T. ) ;
#10497 = ORIENTED_EDGE ( 'NONE', *, *, #8411, .T. ) ;
#10498 = CARTESIAN_POINT ( 'NONE',  ( 0.3924999999999996800, 0.05000000000000000300, -0.09750000000000001700 ) ) ;
#10499 = LOCAL_TIME ( 13, 11, 25.00000000000000000, #1884 ) ;
#10500 = CARTESIAN_POINT ( 'NONE',  ( 0.6132132034334405500, 0.01600000000097535200, 0.01499999999909518800 ) ) ;
#10501 = COORDINATED_UNIVERSAL_TIME_OFFSET ( 5, 0, .BEHIND. ) ;
#10502 = CARTESIAN_POINT ( 'NONE',  ( 0.1335415958338352900, 0.06168528670007719600, 0.004678261380839329200 ) ) ;
#10503 = LINE ( 'NONE', #9446, #6656 ) ;
#10504 = CARTESIAN_POINT ( 'NONE',  ( 0.7974999999999998800, 0.2699999999999999100, -0.2210000000000000900 ) ) ;
#10505 = CALENDAR_DATE ( 2019, 15, 10 ) ;
#10506 = DIRECTION ( 'NONE',  ( 1.000000000000000000, 0.0000000000000000000, 0.0000000000000000000 ) ) ;
#10507 = CC_DESIGN_DATE_AND_TIME_ASSIGNMENT ( #10160, #1200, ( #8538 ) ) ;
#10508 = LOCAL_TIME ( 13, 11, 25.00000000000000000, #1900 ) ;
#10509 = DIRECTION ( 'NONE',  ( 1.000000000000000000, 0.0000000000000000000, 0.0000000000000000000 ) ) ;
#10510 = CARTESIAN_POINT ( 'NONE',  ( 0.1338724490176590200, 0.06340434879543828400, 0.005659944121314199200 ) ) ;
#10511 = VECTOR ( 'NONE', #10607, 39.37007874015748100 ) ;
#10512 = FACE_OUTER_BOUND ( 'NONE', #7087, .T. ) ;
#10513 = LOCAL_TIME ( 13, 11, 25.00000000000000000, #1913 ) ;
#10514 = PERSON_AND_ORGANIZATION_ROLE ( 'classification_officer' ) ;
#10515 = EDGE_CURVE ( 'NONE', #7551, #1337, #554, .T. ) ;
#10516 = CARTESIAN_POINT ( 'NONE',  ( 0.9974999999999999400, 0.5180000000000000200, -0.1089999999999998600 ) ) ;
#10517 = DIRECTION ( 'NONE',  ( 0.0000000000000000000, 1.000000000000000000, 0.0000000000000000000 ) ) ;
#10518 = AXIS2_PLACEMENT_3D ( 'NONE', #3080, #2737, #4217 ) ;
#10519 = VECTOR ( 'NONE', #1807, 39.37007874015748100 ) ;
#10520 = CARTESIAN_POINT ( 'NONE',  ( 0.8089112885716688300, 0.2366589681657897700, 0.0000000000000000000 ) ) ;
#10521 = DIRECTION ( 'NONE',  ( -0.0000000000000000000, 0.0000000000000000000, -1.000000000000000000 ) ) ;
#10522 = VERTEX_POINT ( 'NONE', #9447 ) ;
#10523 = LINE ( 'NONE', #7811, #6424 ) ;
#10524 = DIRECTION ( 'NONE',  ( 1.000000000000000000, 0.0000000000000000000, 0.0000000000000000000 ) ) ;
#10525 = CARTESIAN_POINT ( 'NONE',  ( 0.8374999999999999100, 0.5580000000000000500, -0.1089999999999998900 ) ) ;
#10526 = ADVANCED_FACE ( 'NONE', ( #7998 ), #3424, .T. ) ;
#10528 = CARTESIAN_POINT ( 'NONE',  ( 0.3046920839934302800, 0.04350263157872041200, -0.02499999999766714500 ) ) ;
#10527 = VECTOR ( 'NONE', #6630, 39.37007874015748100 ) ;
#10529 = PLANE ( 'NONE',  #7443 ) ;
#10530 = LINE ( 'NONE', #6460, #1937 ) ;
#10531 = EDGE_CURVE ( 'NONE', #958, #7227, #9984, .T. ) ;
#10532 = ORIENTED_EDGE ( 'NONE', *, *, #3546, .T. ) ;
#10533 = EDGE_CURVE ( 'NONE', #8571, #9116, #1174, .T. ) ;
#10534 = EDGE_LOOP ( 'NONE', ( #10342, #32, #7165, #8631 ) ) ;
#10535 = CARTESIAN_POINT ( 'NONE',  ( 0.6374999999999998400, 0.05000000000000001000, -0.2725000000000000800 ) ) ;
#10536 = FACE_OUTER_BOUND ( 'NONE', #9570, .T. ) ;
#10537 = DIRECTION ( 'NONE',  ( 0.0000000000000000000, 1.000000000000000000, -0.0000000000000000000 ) ) ;
#10538 = CARTESIAN_POINT ( 'NONE',  ( 0.1597132034351065900, 0.05749999999999085000, 0.005999999998912606100 ) ) ;
#10539 = CARTESIAN_POINT ( 'NONE',  ( 1.242499999999999900, 0.05000000000000000300, -0.3700000000000000000 ) ) ;
#10540 = VECTOR ( 'NONE', #8628, 39.37007874015748100 ) ;
#10541 = CARTESIAN_POINT ( 'NONE',  ( 1.137499999999999700, 0.2699999999999999100, -0.2220000000000000000 ) ) ;
#10542 = DIRECTION ( 'NONE',  ( 0.0000000000000000000, 1.352399996863497200E-015, -1.000000000000000000 ) ) ;
#10543 = DIRECTION ( 'NONE',  ( -7.383372955849362000E-016, 0.0000000000000000000, 1.000000000000000000 ) ) ;
#10544 = ORIENTED_EDGE ( 'NONE', *, *, #3717, .T. ) ;
#10545 = ORIENTED_EDGE ( 'NONE', *, *, #9763, .T. ) ;
#10546 = DIRECTION ( 'NONE',  ( -0.0000000000000000000, 0.0000000000000000000, -1.000000000000000000 ) ) ;
#10547 = EDGE_CURVE ( 'NONE', #916, #846, #5808, .T. ) ;
#10548 = VECTOR ( 'NONE', #7466, 39.37007874015748100 ) ;
#10549 = CARTESIAN_POINT ( 'NONE',  ( 0.9374999999999998900, 0.3450000000000001400, -0.1479999999999999900 ) ) ;
#10550 = EDGE_CURVE ( 'NONE', #9062, #3456, #7750, .T. ) ;
#10551 = EDGE_CURVE ( 'NONE', #7861, #462, #860, .T. ) ;
#10552 = DATE_TIME_ROLE ( 'classification_date' ) ;
#10553 = LINE ( 'NONE', #5568, #4201 ) ;
#10554 = DIRECTION ( 'NONE',  ( 0.0000000000000000000, -1.000000000000000000, -5.691349986800549600E-017 ) ) ;
#10555 = FACE_OUTER_BOUND ( 'NONE', #9074, .T. ) ;
#10556 = DIRECTION ( 'NONE',  ( -1.000000000000000000, 0.0000000000000000000, 0.0000000000000000000 ) ) ;
#10557 = CARTESIAN_POINT ( 'NONE',  ( 0.1462132034349660200, 0.01399999999880786400, 0.003000000001064541700 ) ) ;
#10558 = AXIS2_PLACEMENT_3D ( 'NONE', #1013, #7641, #8750 ) ;
#10559 = CC_DESIGN_APPROVAL ( #10089, ( #8598 ) ) ;
#10560 = CARTESIAN_POINT ( 'NONE',  ( 0.8974999999999999600, 0.2699999999999999100, -0.1490000000000000800 ) ) ;
#10561 = ADVANCED_FACE ( 'NONE', ( #3129 ), #10925, .F. ) ;
#10562 = FACE_OUTER_BOUND ( 'NONE', #1806, .T. ) ;
#10563 = DIRECTION ( 'NONE',  ( 3.681989669462878400E-013, -7.789823685977714400E-013, -1.000000000000000000 ) ) ;
#10564 = ORIENTED_EDGE ( 'NONE', *, *, #10418, .F. ) ;
#10565 = CARTESIAN_POINT ( 'NONE',  ( 0.1597132034350749700, 0.05749999999995571200, -1.138634243759265000E-012 ) ) ;
#10566 = DIRECTION ( 'NONE',  ( -0.0000000000000000000, 0.0000000000000000000, -1.000000000000000000 ) ) ;
#10567 = EDGE_CURVE ( 'NONE', #6731, #1555, #2833, .T. ) ;
#10568 = DIRECTION ( 'NONE',  ( 0.3030303030337588900, 1.029584519276796200E-012, 0.9529809208180761700 ) ) ;
#10569 = VECTOR ( 'NONE', #2569, 39.37007874015748100 ) ;
#10570 = AXIS2_PLACEMENT_3D ( 'NONE', #602, #8283, #3440 ) ;
#10571 = ADVANCED_FACE ( 'NONE', ( #7215 ), #8744, .F. ) ;
#10572 = CARTESIAN_POINT ( 'NONE',  ( 0.5374999999999999800, 0.05000000000000001000, -0.09750000000000005900 ) ) ;
#10573 = APPROVAL_ROLE ( '' ) ;
#10574 = ORIENTED_EDGE ( 'NONE', *, *, #7782, .T. ) ;
#10575 = CARTESIAN_POINT ( 'NONE',  ( 0.3924999999999996800, 0.0000000000000000000, -0.1499999999999999900 ) ) ;
#10576 = VERTEX_POINT ( 'NONE', #9545 ) ;
#10577 = FACE_OUTER_BOUND ( 'NONE', #2392, .T. ) ;
#10578 = ORIENTED_EDGE ( 'NONE', *, *, #4485, .F. ) ;
#10579 = CARTESIAN_POINT ( 'NONE',  ( 0.1342026757312386200, 0.06467377002275602500, 0.005942839721032187200 ) ) ;
#10580 = CARTESIAN_POINT ( 'NONE',  ( 0.5878125455126593800, 0.03400000000095519000, -0.02258354980356248900 ) ) ;
#10581 = ORIENTED_EDGE ( 'NONE', *, *, #3926, .F. ) ;
#10582 = CARTESIAN_POINT ( 'NONE',  ( 0.9374999999999998900, 0.2700000000000001800, -0.1490000000000000800 ) ) ;
#10583 = CARTESIAN_POINT ( 'NONE',  ( 1.242499999999999900, 0.05000000000000000300, -0.2200000000000000000 ) ) ;
#10584 = CARTESIAN_POINT ( 'NONE',  ( 0.1462132034356853100, 0.05749999999983609200, -0.02475000000263082700 ) ) ;
#10585 = AXIS2_PLACEMENT_3D ( 'NONE', #4511, #5101, #1914 ) ;
#10586 = EDGE_CURVE ( 'NONE', #8913, #4927, #9539, .T. ) ;
#10587 = CIRCLE ( 'NONE', #8944, 0.06350000000000001500 ) ;
#10588 = PLANE ( 'NONE',  #3242 ) ;
#10589 = ORIENTED_EDGE ( 'NONE', *, *, #5818, .F. ) ;
#10590 = CARTESIAN_POINT ( 'NONE',  ( 0.8974999999999999600, 0.5180000000000000200, -0.1089999999999998600 ) ) ;
#10591 = CARTESIAN_POINT ( 'NONE',  ( 0.3674999999999998300, 0.5600000000000003900, -0.2210000000000000900 ) ) ;
#10592 = CIRCLE ( 'NONE', #9330, 0.009815670203803340800 ) ;
#10593 = EDGE_CURVE ( 'NONE', #1581, #1993, #5038, .T. ) ;
#10594 = DIRECTION ( 'NONE',  ( 1.000000000000000000, -0.0000000000000000000, -0.0000000000000000000 ) ) ;
#10595 = EDGE_CURVE ( 'NONE', #462, #10331, #2575, .T. ) ;
#10596 = DIRECTION ( 'NONE',  ( -0.0000000000000000000, -1.352399996863497200E-015, -1.000000000000000000 ) ) ;
#10597 = CARTESIAN_POINT ( 'NONE',  ( 0.8398306497136467400, 0.2337142671046477700, -0.01000000000000000000 ) ) ;
#10598 = AXIS2_PLACEMENT_3D ( 'NONE', #249, #227, #217 ) ;
#10599 = DIRECTION ( 'NONE',  ( -1.000000000000000000, -3.530861605407645300E-014, 0.0000000000000000000 ) ) ;
#10600 = APPROVAL_PERSON_ORGANIZATION ( #2027, #6652, #9247 ) ;
#10601 = VECTOR ( 'NONE', #8870, 39.37007874015748100 ) ;
#10602 = APPROVAL_STATUS ( 'not_yet_approved' ) ;
#10603 = ADVANCED_FACE ( 'NONE', ( #2260 ), #10953, .F. ) ;
#10604 = ORIENTED_EDGE ( 'NONE', *, *, #10485, .T. ) ;
#10605 = DIRECTION ( 'NONE',  ( 0.0000000000000000000, -3.691686477924679400E-015, -1.000000000000000000 ) ) ;
#10606 = ORIENTED_EDGE ( 'NONE', *, *, #10238, .T. ) ;
#10607 = DIRECTION ( 'NONE',  ( 9.478563083388219400E-013, 1.000000000000000000, 7.789823685982826700E-013 ) ) ;
#10608 = ORGANIZATION ( 'NAUO-ORG3', 'UNSPECIFIED', 'UNSPECIFIED' ) ;
#10609 = CARTESIAN_POINT ( 'NONE',  ( 0.4374999999999998900, 0.2699999999999999100, -0.2220000000000000900 ) ) ;
#10610 = APPROVAL_DATE_TIME ( #2040, #103 ) ;
#10611 = AXIS2_PLACEMENT_3D ( 'NONE', #2308, #2508, #4248 ) ;
#10612 = CARTESIAN_POINT ( 'NONE',  ( 0.6624999999999999800, 0.5580000000000000500, -0.2610000000000001200 ) ) ;
#10613 = AXIS2_PLACEMENT_3D ( 'NONE', #9724, #2172, #8259 ) ;
#10614 = LINE ( 'NONE', #9392, #8664 ) ;
#10615 = CARTESIAN_POINT ( 'NONE',  ( 0.5974999999999999200, 0.3450000000000001400, -0.2220000000000000600 ) ) ;
#10616 = VECTOR ( 'NONE', #7483, 39.37007874015748100 ) ;
#10617 = PRODUCT_DEFINITION_SHAPE ( 'NONE', 'NONE',  #11006 ) ;
#10618 = CARTESIAN_POINT ( 'NONE',  ( 0.1342799711620837600, 0.06494863905587232300, 0.005981054622638720500 ) ) ;
#10619 = COORDINATED_UNIVERSAL_TIME_OFFSET ( 5, 0, .BEHIND. ) ;
#10620 = PLANE ( 'NONE',  #8564 ) ;
#10621 = VERTEX_POINT ( 'NONE', #1941 ) ;
#10622 = CARTESIAN_POINT ( 'NONE',  ( 0.8923444853039845800, 0.0000000000000000000, -0.01000000000000000000 ) ) ;
#10623 = EDGE_CURVE ( 'NONE', #7200, #9753, #9076, .T. ) ;
#10624 = DIRECTION ( 'NONE',  ( -1.000000000000000000, -0.0000000000000000000, -0.0000000000000000000 ) ) ;
#10625 = VECTOR ( 'NONE', #7643, 39.37007874015748100 ) ;
#10626 = LINE ( 'NONE', #6684, #6040 ) ;
#10627 = CARTESIAN_POINT ( 'NONE',  ( 0.0000000000000000000, 0.5999999999999999800, -0.3700000000000001600 ) ) ;
#10628 = CC_DESIGN_SECURITY_CLASSIFICATION ( #10145, ( #11005 ) ) ;
#10629 = ORIENTED_EDGE ( 'NONE', *, *, #7839, .T. ) ;
#10630 = CARTESIAN_POINT ( 'NONE',  ( 0.1462132034345870700, 0.05766671432683480300, 0.02483335716298963300 ) ) ;
#10631 = DIRECTION ( 'NONE',  ( 1.000000000000000000, 0.0000000000000000000, 0.0000000000000000000 ) ) ;
#10632 = DIRECTION ( 'NONE',  ( -0.0000000000000000000, -0.0000000000000000000, 1.000000000000000000 ) ) ;
#10633 = CARTESIAN_POINT ( 'NONE',  ( 0.5463421106199378700, 0.4133410318342099500, -0.01000000000000000000 ) ) ;
#10634 = VECTOR ( 'NONE', #5406, 39.37007874015748100 ) ;
#10635 = CARTESIAN_POINT ( 'NONE',  ( 0.8660875675088115500, 0.3826670498449319900, 0.0000000000000000000 ) ) ;
#10636 = EDGE_LOOP ( 'NONE', ( #7465, #6009, #6125, #10989 ) ) ;
#10637 = CARTESIAN_POINT ( 'NONE',  ( 0.8398306497136467400, 0.0000000000000000000, -0.01000000000000000000 ) ) ;
#10638 = ORIENTED_EDGE ( 'NONE', *, *, #8125, .T. ) ;
#10639 = CIRCLE ( 'NONE', #10802, 0.02625691779517367100 ) ;
#10640 = CARTESIAN_POINT ( 'NONE',  ( 0.7374999999999998200, 0.05000000000000000300, -0.1499999999999999900 ) ) ;
#10641 = LINE ( 'NONE', #3214, #4002 ) ;
#10642 = SECURITY_CLASSIFICATION_LEVEL ( 'unclassified' ) ;
#10643 = EDGE_CURVE ( 'NONE', #6115, #117, #10758, .T. ) ;
#10644 = DIRECTION ( 'NONE',  ( 3.681989669462878400E-013, -7.789823685977714400E-013, -1.000000000000000000 ) ) ;
#10645 = AXIS2_PLACEMENT_3D ( 'NONE', #4622, #10475, #10543 ) ;
#10646 = DIRECTION ( 'NONE',  ( 0.0000000000000000000, 0.0000000000000000000, 1.000000000000000000 ) ) ;
#10647 = ORIENTED_EDGE ( 'NONE', *, *, #6063, .F. ) ;
#10648 = CARTESIAN_POINT ( 'NONE',  ( 0.3674999999999998300, 0.5600000000000003900, -0.1490000000000000800 ) ) ;
#10649 = CIRCLE ( 'NONE', #3219, 0.03999999999999998000 ) ;
#10650 = ORIENTED_EDGE ( 'NONE', *, *, #9406, .F. ) ;
#10651 = CARTESIAN_POINT ( 'NONE',  ( 0.8260887114283307400, 0.2337142671046477700, 0.0000000000000000000 ) ) ;
#10652 = ORIENTED_EDGE ( 'NONE', *, *, #2237, .T. ) ;
#10653 = ADVANCED_FACE ( 'NONE', ( #4483 ), #8580, .T. ) ;
#10654 = FACE_OUTER_BOUND ( 'NONE', #9081, .T. ) ;
#10655 = CARTESIAN_POINT ( 'NONE',  ( 0.1536499778714801900, 0.06956181146424517100, -0.02499999999694102100 ) ) ;
#10656 = DIRECTION ( 'NONE',  ( 1.000000000000000000, -0.0000000000000000000, -0.0000000000000000000 ) ) ;
#10657 = DIRECTION ( 'NONE',  ( 7.203446383881649800E-015, -1.000000000000000000, 0.0000000000000000000 ) ) ;
#10658 = CYLINDRICAL_SURFACE ( 'NONE', #9754, 0.06399999999999984900 ) ;
#10659 = VERTEX_POINT ( 'NONE', #1 ) ;
#10660 = ORIENTED_EDGE ( 'NONE', *, *, #6386, .T. ) ;
#10661 = CARTESIAN_POINT ( 'NONE',  ( 0.5821440097524422900, 0.03524263727923948600, 0.02438603931317089400 ) ) ;
#10662 = ORIENTED_EDGE ( 'NONE', *, *, #3012, .T. ) ;
#10663 = EDGE_CURVE ( 'NONE', #668, #39, #10530, .T. ) ;
#10664 = CARTESIAN_POINT ( 'NONE',  ( 0.1462132034344773600, 0.05766671432789649600, -0.02483335716532093400 ) ) ;
#10665 = EDGE_CURVE ( 'NONE', #5521, #8290, #6693, .T. ) ;
#10666 = VECTOR ( 'NONE', #1005, 39.37007874015748100 ) ;
#10667 = CARTESIAN_POINT ( 'NONE',  ( 0.9374999999999998900, 0.5180000000000000200, -0.1489999999999998500 ) ) ;
#10668 = ORIENTED_EDGE ( 'NONE', *, *, #630, .F. ) ;
#10669 = FACE_OUTER_BOUND ( 'NONE', #5820, .T. ) ;
#10670 = PLANE ( 'NONE',  #7950 ) ;
#10671 = LINE ( 'NONE', #3170, #1814 ) ;
#10672 = CARTESIAN_POINT ( 'NONE',  ( 0.3564999999999999300, 0.4749999999999999800, -0.2820000000000000800 ) ) ;
#10673 = EDGE_CURVE ( 'NONE', #3250, #7551, #242, .T. ) ;
#10674 = EDGE_CURVE ( 'NONE', #10785, #1659, #4177, .T. ) ;
#10675 = EDGE_CURVE ( 'NONE', #2762, #2846, #10304, .T. ) ;
#10676 =( REPRESENTATION_RELATIONSHIP ('NONE','NONE', #6361, #2501 ) REPRESENTATION_RELATIONSHIP_WITH_TRANSFORMATION ( #6520 )SHAPE_REPRESENTATION_RELATIONSHIP( ) );
#10677 = LINE ( 'NONE', #9313, #8728 ) ;
#10678 = ORIENTED_EDGE ( 'NONE', *, *, #10094, .T. ) ;
#10679 = ORIENTED_EDGE ( 'NONE', *, *, #241, .F. ) ;
#10680 = AXIS2_PLACEMENT_3D ( 'NONE', #8823, #8373, #8432 ) ;
#10681 = EDGE_LOOP ( 'NONE', ( #5858, #4396, #3333, #10356 ) ) ;
#10682 = VECTOR ( 'NONE', #6074, 39.37007874015748100 ) ;
#10683 = PERSON ( 'NAUO-PER4', 'UNSPECIFIED', 'UNSPECIFIED', ('UNSPECIFIED'), ('UNSPECIFIED'), ('UNSPECIFIED') ) ;
#10684 = CARTESIAN_POINT ( 'NONE',  ( 0.6057269153529094600, 0.3632811137948581700, -0.01000000000000000000 ) ) ;
#10685 = DIRECTION ( 'NONE',  ( 1.000000000000000000, 0.0000000000000000000, -0.0000000000000000000 ) ) ;
#10686 = ADVANCED_FACE ( 'NONE', ( #1328 ), #5930, .F. ) ;
#10687 = ORIENTED_EDGE ( 'NONE', *, *, #3832, .T. ) ;
#10688 = VECTOR ( 'NONE', #2181, 39.37007874015748100 ) ;
#10689 = ORIENTED_EDGE ( 'NONE', *, *, #632, .T. ) ;
#10690 = DIRECTION ( 'NONE',  ( 0.0000000000000000000, 0.0000000000000000000, 1.000000000000000000 ) ) ;
#10691 = CARTESIAN_POINT ( 'NONE',  ( 0.6974999999999999000, 0.2699999999999999100, -0.2220000000000000900 ) ) ;
#10692 = CC_DESIGN_APPROVAL ( #10196, ( #1606 ) ) ;
#10693 = VERTEX_POINT ( 'NONE', #10368 ) ;
#10694 = EDGE_LOOP ( 'NONE', ( #3234, #531, #4562, #9722 ) ) ;
#10695 = VERTEX_POINT ( 'NONE', #5711 ) ;
#10696 = CARTESIAN_POINT ( 'NONE',  ( 0.6974999999999999000, 0.2700000000000001800, -0.1480000000000000500 ) ) ;
#10697 = LINE ( 'NONE', #10557, #1846 ) ;
#10698 = ORIENTED_EDGE ( 'NONE', *, *, #10673, .T. ) ;
#10699 = DIRECTION ( 'NONE',  ( 1.000000000000000000, 0.0000000000000000000, 3.104372720073026700E-015 ) ) ;
#10700 = CARTESIAN_POINT ( 'NONE',  ( 0.4374999999999998900, 0.3450000000000001400, -0.2220000000000000600 ) ) ;
#10701 = ADVANCED_FACE ( 'NONE', ( #6193 ), #3918, .F. ) ;
#10702 = DIRECTION ( 'NONE',  ( 0.0000000000000000000, 1.352399996863497200E-015, -1.000000000000000000 ) ) ;
#10703 = EDGE_CURVE ( 'NONE', #7993, #3452, #3555, .T. ) ;
#10704 = LINE ( 'NONE', #838, #6625 ) ;
#10705 = CARTESIAN_POINT ( 'NONE',  ( 0.6974999999999999000, 0.5999999999999999800, -0.2974999999999999900 ) ) ;
#10706 = CARTESIAN_POINT ( 'NONE',  ( 0.6506336065353354200, 0.2337142671046477700, -0.01000000000000000000 ) ) ;
#10707 = CARTESIAN_POINT ( 'NONE',  ( 0.4375000000000010000, -0.2561646025221183100, -0.03900000000000072900 ) ) ;
#10708 = LINE ( 'NONE', #10151, #2192 ) ;
#10709 = VERTEX_POINT ( 'NONE', #2065 ) ;
#10710 = ORIENTED_EDGE ( 'NONE', *, *, #3511, .F. ) ;
#10711 = ORIENTED_EDGE ( 'NONE', *, *, #3466, .F. ) ;
#10712 = AXIS2_PLACEMENT_3D ( 'NONE', #6425, #6480, #6542 ) ;
#10713 = EDGE_CURVE ( 'NONE', #7842, #7630, #10090, .T. ) ;
#10714 = EDGE_CURVE ( 'NONE', #4723, #2100, #9858, .T. ) ;
#10715 = CARTESIAN_POINT ( 'NONE',  ( 0.0000000000000000000, 0.0000000000000000000, -0.01000000000000000000 ) ) ;
#10716 = DIRECTION ( 'NONE',  ( -0.0000000000000000000, 0.0000000000000000000, 1.000000000000000000 ) ) ;
#10717 = CYLINDRICAL_SURFACE ( 'NONE', #2520, 0.006000000000091049700 ) ;
#10718 = ORIENTED_EDGE ( 'NONE', *, *, #2042, .F. ) ;
#10719 = ORIENTED_EDGE ( 'NONE', *, *, #7098, .T. ) ;
#10720 = COORDINATED_UNIVERSAL_TIME_OFFSET ( 5, 0, .BEHIND. ) ;
#10721 = PLANE ( 'NONE',  #9796 ) ;
#10722 = PLANE ( 'NONE',  #8049 ) ;
#10723 = EDGE_CURVE ( 'NONE', #7127, #5991, #2250, .T. ) ;
#10724 = EDGE_CURVE ( 'NONE', #5856, #1724, #1016, .T. ) ;
#10725 = ADVANCED_FACE ( 'NONE', ( #7613 ), #1128, .F. ) ;
#10726 = VECTOR ( 'NONE', #9268, 39.37007874015748100 ) ;
#10727 = CARTESIAN_POINT ( 'NONE',  ( 0.0000000000000000000, 0.5999999999999999800, 0.0000000000000000000 ) ) ;
#10728 = EDGE_CURVE ( 'NONE', #6136, #2472, #5411, .T. ) ;
#10729 = EDGE_CURVE ( 'NONE', #8746, #9988, #3261, .T. ) ;
#10730 = CARTESIAN_POINT ( 'NONE',  ( 0.6057269153529276600, 0.2867188862052003600, 0.0000000000000000000 ) ) ;
#10731 = AXIS2_PLACEMENT_3D ( 'NONE', #7793, #7930, #3040 ) ;
#10732 = DIRECTION ( 'NONE',  ( -0.0000000000000000000, -0.0000000000000000000, 1.000000000000000000 ) ) ;
#10733 = ITEM_DEFINED_TRANSFORMATION ( 'NONE', 'NONE', #10440,  #8995 ) ;
#10734 = CONTEXT_DEPENDENT_SHAPE_REPRESENTATION ( #284, #3079 ) ;
#10735 = DIRECTION ( 'NONE',  ( -0.0000000000000000000, 0.0000000000000000000, 1.000000000000000000 ) ) ;
#10736 = ORIENTED_EDGE ( 'NONE', *, *, #1268, .T. ) ;
#10737 = VECTOR ( 'NONE', #10309, 39.37007874015748100 ) ;
#10738 = VECTOR ( 'NONE', #8899, 39.37007874015748100 ) ;
#10739 = APPROVAL_DATE_TIME ( #2236, #6434 ) ;
#10740 = AXIS2_PLACEMENT_3D ( 'NONE', #1101, #8015, #1232 ) ;
#10741 = DIRECTION ( 'NONE',  ( -0.0000000000000000000, 0.0000000000000000000, 1.000000000000000000 ) ) ;
#10742 = ORIENTED_EDGE ( 'NONE', *, *, #9636, .T. ) ;
#10743 = CC_DESIGN_PERSON_AND_ORGANIZATION_ASSIGNMENT ( #10068, #3860, ( #9048 ) ) ;
#10744 = ADVANCED_FACE ( 'NONE', ( #9423 ), #1168, .F. ) ;
#10745 = VERTEX_POINT ( 'NONE', #168 ) ;
#10746 = EDGE_LOOP ( 'NONE', ( #5872, #4182, #4773, #5195 ) ) ;
#10747 = DIRECTION ( 'NONE',  ( 0.0000000000000000000, -0.7071067811865496800, -0.7071067811865454600 ) ) ;
#10748 = CYLINDRICAL_SURFACE ( 'NONE', #4214, 0.009815670203840902800 ) ;
#10749 = CARTESIAN_POINT ( 'NONE',  ( 0.1334731652146519400, 0.06123978199909520200, -0.004276669965035006200 ) ) ;
#10750 = FACE_OUTER_BOUND ( 'NONE', #3781, .T. ) ;
#10751 = EDGE_CURVE ( 'NONE', #5002, #6604, #7351, .T. ) ;
#10752 = AXIS2_PLACEMENT_3D ( 'NONE', #2493, #1236, #353 ) ;
#10753 = VECTOR ( 'NONE', #7515, 39.37007874015748100 ) ;
#10754 = CARTESIAN_POINT ( 'NONE',  ( 1.114178631909972000, 0.3637718973050384500, -0.01000000000000000000 ) ) ;
#10755 = CC_DESIGN_DATE_AND_TIME_ASSIGNMENT ( #3949, #1496, ( #8801 ) ) ;
#10756 = ORIENTED_EDGE ( 'NONE', *, *, #6601, .T. ) ;
#10757 = ORIENTED_EDGE ( 'NONE', *, *, #7949, .T. ) ;
#10758 = LINE ( 'NONE', #8082, #4746 ) ;
#10759 = VERTEX_POINT ( 'NONE', #5826 ) ;
#10760 = ORIENTED_EDGE ( 'NONE', *, *, #334, .T. ) ;
#10761 = CARTESIAN_POINT ( 'NONE',  ( 0.0000000000000000000, 0.0000000000000000000, 0.0000000000000000000 ) ) ;
#10762 = ORIENTED_EDGE ( 'NONE', *, *, #8514, .F. ) ;
#10763 = ORIENTED_EDGE ( 'NONE', *, *, #9594, .T. ) ;
#10764 = ORIENTED_EDGE ( 'NONE', *, *, #10975, .F. ) ;
#10765 = ORIENTED_EDGE ( 'NONE', *, *, #795, .F. ) ;
#10766 = CARTESIAN_POINT ( 'NONE',  ( 0.5974999999999999200, 0.5580000000000000500, -0.07249999999999996700 ) ) ;
#10767 = CYLINDRICAL_SURFACE ( 'NONE', #5313, 0.006870969142662229500 ) ;
#10768 = CARTESIAN_POINT ( 'NONE',  ( 0.2411999999994040000, 0.04250000000049377500, 0.02499999999479242000 ) ) ;
#10769 = FACE_OUTER_BOUND ( 'NONE', #5712, .T. ) ;
#10770 = EDGE_CURVE ( 'NONE', #8323, #8515, #7872, .T. ) ;
#10771 = CARTESIAN_POINT ( 'NONE',  ( 0.1340244797596539800, 0.06404009020650902600, 0.005854739539089613500 ) ) ;
#10772 = ORIENTED_EDGE ( 'NONE', *, *, #5906, .T. ) ;
#10773 = ADVANCED_FACE ( 'NONE', ( #5170 ), #6636, .F. ) ;
#10774 = LINE ( 'NONE', #7677, #10548 ) ;
#10775 = VECTOR ( 'NONE', #6422, 39.37007874015748100 ) ;
#10776 = DIRECTION ( 'NONE',  ( 1.000000000000000000, 0.0000000000000000000, 0.0000000000000000000 ) ) ;
#10777 = DIRECTION ( 'NONE',  ( -1.000000000000000000, 0.0000000000000000000, -0.0000000000000000000 ) ) ;
#10778 = CARTESIAN_POINT ( 'NONE',  ( 0.1333107623650036400, 0.05978990136259261500, 0.001960155211473486600 ) ) ;
#10779 = EDGE_CURVE ( 'NONE', #3030, #5295, #4881, .T. ) ;
#10780 = LINE ( 'NONE', #1869, #8850 ) ;
#10781 = CARTESIAN_POINT ( 'NONE',  ( 1.197499999999999800, 0.3450000000000001400, -0.1479999999999999900 ) ) ;
#10782 = EDGE_CURVE ( 'NONE', #5856, #6256, #7080, .T. ) ;
#10783 = DIRECTION ( 'NONE',  ( -0.0000000000000000000, 0.0000000000000000000, 1.000000000000000000 ) ) ;
#10784 = VERTEX_POINT ( 'NONE', #9058 ) ;
#10785 = VERTEX_POINT ( 'NONE', #10500 ) ;
#10786 = CARTESIAN_POINT ( 'NONE',  ( 0.1333665831342872000, 0.06036146007188245000, 0.003168883855538824600 ) ) ;
#10787 = VECTOR ( 'NONE', #9250, 39.37007874015748100 ) ;
#10789 = VERTEX_POINT ( 'NONE', #1263 ) ;
#10788 = ORIENTED_EDGE ( 'NONE', *, *, #347, .F. ) ;
#10790 = ORIENTED_EDGE ( 'NONE', *, *, #2162, .T. ) ;
#10791 = CARTESIAN_POINT ( 'NONE',  ( 0.0000000000000000000, 0.2405852362473140900, -0.01000000000000000000 ) ) ;
#10792 = EDGE_CURVE ( 'NONE', #8629, #3023, #6818, .T. ) ;
#10793 = AXIS2_PLACEMENT_3D ( 'NONE', #4181, #5272, #9932 ) ;
#10794 = DIRECTION ( 'NONE',  ( 0.0000000000000000000, 1.000000000000000000, 0.0000000000000000000 ) ) ;
#10795 = LINE ( 'NONE', #3593, #10569 ) ;
#10796 = ORIENTED_EDGE ( 'NONE', *, *, #7115, .F. ) ;
#10797 = DIRECTION ( 'NONE',  ( 0.9529809208180760600, 6.672337143193620500E-013, -0.3030303030337588300 ) ) ;
#10798 = DIRECTION ( 'NONE',  ( -0.0000000000000000000, -0.0000000000000000000, 1.000000000000000000 ) ) ;
#10799 = EDGE_CURVE ( 'NONE', #7279, #5656, #8949, .T. ) ;
#10800 = CARTESIAN_POINT ( 'NONE',  ( 0.4375000000000010000, 0.5999999999999999800, -0.3310000000000007400 ) ) ;
#10801 = LINE ( 'NONE', #456, #9130 ) ;
#10802 = AXIS2_PLACEMENT_3D ( 'NONE', #6120, #10735, #5100 ) ;
#10803 = ORIENTED_EDGE ( 'NONE', *, *, #1580, .F. ) ;
#10804 = ORIENTED_EDGE ( 'NONE', *, *, #7858, .T. ) ;
#10805 = SECURITY_CLASSIFICATION ( '', '', #6694 ) ;
#10806 = CARTESIAN_POINT ( 'NONE',  ( 0.3462132034352802800, 0.01250000000044966500, -0.005999999999012318000 ) ) ;
#10807 = FACE_OUTER_BOUND ( 'NONE', #1186, .T. ) ;
#10808 = ORIENTED_EDGE ( 'NONE', *, *, #6974, .T. ) ;
#10809 = EDGE_CURVE ( 'NONE', #1623, #7642, #9193, .T. ) ;
#10810 = DIRECTION ( 'NONE',  ( 1.000000000000000000, 1.430967996681277800E-012, -3.683116491458061800E-013 ) ) ;
#10811 = FACE_OUTER_BOUND ( 'NONE', #1226, .T. ) ;
#10812 = ORIENTED_EDGE ( 'NONE', *, *, #9051, .F. ) ;
#10813 = DIRECTION ( 'NONE',  ( 1.000000000000000000, 0.0000000000000000000, -0.0000000000000000000 ) ) ;
#10814 = CALENDAR_DATE ( 2019, 15, 10 ) ;
#10815 = DIRECTION ( 'NONE',  ( -0.5773502691896271700, 0.5773502691896232900, 0.5773502691896267300 ) ) ;
#10816 = VERTEX_POINT ( 'NONE', #10525 ) ;
#10817 = CARTESIAN_POINT ( 'NONE',  ( 1.635000000000000000, 0.2500000000000000000, 0.0000000000000000000 ) ) ;
#10818 = LINE ( 'NONE', #7879, #10601 ) ;
#10819 = ADVANCED_FACE ( 'NONE', ( #4331 ), #302, .F. ) ;
#10820 = AXIS2_PLACEMENT_3D ( 'NONE', #6523, #6332, #6317 ) ;
#10821 = EDGE_CURVE ( 'NONE', #4628, #6257, #1777, .T. ) ;
#10822 = ORIENTED_EDGE ( 'NONE', *, *, #8072, .F. ) ;
#10823 = DIRECTION ( 'NONE',  ( 0.0000000000000000000, 0.0000000000000000000, 1.000000000000000000 ) ) ;
#10824 = EDGE_CURVE ( 'NONE', #7457, #10745, #6558, .T. ) ;
#10825 = CARTESIAN_POINT ( 'NONE',  ( 0.0000000000000000000, 0.0000000000000000000, 0.0000000000000000000 ) ) ;
#10826 = CARTESIAN_POINT ( 'NONE',  ( 0.1536499778714801900, 0.06956181146424517100, -0.02499999999694102100 ) ) ;
#10827 = COORDINATED_UNIVERSAL_TIME_OFFSET ( 5, 0, .BEHIND. ) ;
#10828 = DATE_AND_TIME ( #2374, #4850 ) ;
#10829 = CARTESIAN_POINT ( 'NONE',  ( 1.137499999999999700, 0.2699999999999999100, -0.2220000000000000000 ) ) ;
#10830 = ORIENTED_EDGE ( 'NONE', *, *, #3373, .F. ) ;
#10831 = ORIENTED_EDGE ( 'NONE', *, *, #8280, .T. ) ;
#10832 = LINE ( 'NONE', #6977, #7051 ) ;
#10833 = FACE_OUTER_BOUND ( 'NONE', #4195, .T. ) ;
#10834 = DIRECTION ( 'NONE',  ( 0.0000000000000000000, 0.0000000000000000000, -1.000000000000000000 ) ) ;
#10835 = LOCAL_TIME ( 13, 11, 25.00000000000000000, #2382 ) ;
#10836 = CARTESIAN_POINT ( 'NONE',  ( 0.8825288151001876600, 0.3083133606535526400, -0.01000000000000000000 ) ) ;
#10837 = EDGE_CURVE ( 'NONE', #1152, #9610, #10641, .T. ) ;
#10838 = CARTESIAN_POINT ( 'NONE',  ( 1.197499999999999800, 0.2699999999999999100, -0.1490000000000000800 ) ) ;
#10839 = EDGE_CURVE ( 'NONE', #10878, #3565, #10409, .T. ) ;
#10840 = EDGE_CURVE ( 'NONE', #6111, #3841, #1469, .T. ) ;
#10841 = DIRECTION ( 'NONE',  ( -0.0000000000000000000, 0.0000000000000000000, -1.000000000000000000 ) ) ;
#10842 = AXIS2_PLACEMENT_3D ( 'NONE', #3216, #4803, #4791 ) ;
#10843 = DIRECTION ( 'NONE',  ( 0.0000000000000000000, 1.000000000000000000, -0.0000000000000000000 ) ) ;
#10844 = LINE ( 'NONE', #5362, #8679 ) ;
#10845 = LINE ( 'NONE', #7151, #8933 ) ;
#10846 = PLANE ( 'NONE',  #8435 ) ;
#10847 = CARTESIAN_POINT ( 'NONE',  ( 0.3674999999999998300, 0.2699999999999999100, -0.2210000000000000900 ) ) ;
#10848 = DIRECTION ( 'NONE',  ( -1.000000000000000000, 0.0000000000000000000, 0.0000000000000000000 ) ) ;
#10849 = CARTESIAN_POINT ( 'NONE',  ( 0.0000000000000000000, 0.2268432979619844400, 0.0000000000000000000 ) ) ;
#10850 = LINE ( 'NONE', #4585, #10634 ) ;
#10851 = DIRECTION ( 'NONE',  ( 0.0000000000000000000, 1.000000000000000000, 0.0000000000000000000 ) ) ;
#10852 = DIRECTION ( 'NONE',  ( -0.0000000000000000000, 0.0000000000000000000, -1.000000000000000000 ) ) ;
#10853 = ORIENTED_EDGE ( 'NONE', *, *, #2334, .F. ) ;
#10854 = AXIS2_PLACEMENT_3D ( 'NONE', #8908, #5324, #1088 ) ;
#10855 = ADVANCED_FACE ( 'NONE', ( #6323 ), #7986, .F. ) ;
#10856 = ORIENTED_EDGE ( 'NONE', *, *, #7940, .F. ) ;
#10857 = PRODUCT_DEFINITION ( 'UNKNOWN', '', #3038, #7690 ) ;
#10858 = VECTOR ( 'NONE', #5859, 39.37007874015748100 ) ;
#10859 = DIRECTION ( 'NONE',  ( -1.000000000000000000, 8.054752014276220300E-012, 5.203555549537171000E-012 ) ) ;
#10860 = CARTESIAN_POINT ( 'NONE',  ( 0.5463421106199378700, 0.4133410318342099500, -0.01000000000000000000 ) ) ;
#10861 = ORIENTED_EDGE ( 'NONE', *, *, #5403, .F. ) ;
#10862 = ORIENTED_EDGE ( 'NONE', *, *, #5331, .F. ) ;
#10863 = VERTEX_POINT ( 'NONE', #4236 ) ;
#10864 = LINE ( 'NONE', #3588, #8954 ) ;
#10865 = ORIENTED_EDGE ( 'NONE', *, *, #6754, .T. ) ;
#10866 = VECTOR ( 'NONE', #4168, 39.37007874015748100 ) ;
#10867 = EDGE_CURVE ( 'NONE', #4118, #250, #8238, .T. ) ;
#10868 = AXIS2_PLACEMENT_3D ( 'NONE', #5207, #8676, #2774 ) ;
#10869 = ORIENTED_EDGE ( 'NONE', *, *, #7331, .T. ) ;
#10870 = DIRECTION ( 'NONE',  ( -0.0000000000000000000, 1.000000000000000000, -0.0000000000000000000 ) ) ;
#10871 = VECTOR ( 'NONE', #2678, 39.37007874015748100 ) ;
#10872 = ORIENTED_EDGE ( 'NONE', *, *, #5966, .T. ) ;
#10873 = ADVANCED_FACE ( 'NONE', ( #1164 ), #7629, .F. ) ;
#10874 = DIRECTION ( 'NONE',  ( 1.000000000000000000, 0.0000000000000000000, 3.104372720073026700E-015 ) ) ;
#10875 = CARTESIAN_POINT ( 'NONE',  ( 1.137499999999999700, 0.3450000000000002000, -0.09750000000000000300 ) ) ;
#10876 = VERTEX_POINT ( 'NONE', #9869 ) ;
#10877 = CIRCLE ( 'NONE', #2167, 0.03141014465215624000 ) ;
#10878 = VERTEX_POINT ( 'NONE', #9187 ) ;
#10879 = CARTESIAN_POINT ( 'NONE',  ( 0.7374999999999998200, 0.3450000000000002000, -0.09750000000000003100 ) ) ;
#10880 = LINE ( 'NONE', #4352, #8976 ) ;
#10881 = AXIS2_PLACEMENT_3D ( 'NONE', #7623, #3731, #3540 ) ;
#10882 = EDGE_CURVE ( 'NONE', #2670, #3594, #3702, .T. ) ;
#10883 = EDGE_CURVE ( 'NONE', #1131, #7119, #843, .T. ) ;
#10884 = VECTOR ( 'NONE', #4772, 39.37007874015748100 ) ;
#10885 = CARTESIAN_POINT ( 'NONE',  ( 0.5802132034320401900, 0.01600000000091142800, -0.02500000000655767200 ) ) ;
#10886 = ORIENTED_EDGE ( 'NONE', *, *, #4730, .F. ) ;
#10887 = LINE ( 'NONE', #9259, #7120 ) ;
#10888 = ORIENTED_EDGE ( 'NONE', *, *, #6895, .F. ) ;
#10889 = DIRECTION ( 'NONE',  ( 8.055046623592789800E-012, -1.000000000000000000, -9.474066515849366000E-013 ) ) ;
#10890 = DIRECTION ( 'NONE',  ( -0.9529809208180843900, -1.139344240750676100E-012, -0.3030303030337323000 ) ) ;
#10891 = EDGE_LOOP ( 'NONE', ( #1024, #8606, #866, #2085 ) ) ;
#10892 = EDGE_CURVE ( 'NONE', #2866, #9561, #9974, .T. ) ;
#10893 = EDGE_CURVE ( 'NONE', #1185, #10949, #5534, .T. ) ;
#10894 = VERTEX_POINT ( 'NONE', #7665 ) ;
#10895 = LINE ( 'NONE', #8427, #8996 ) ;
#10896 = AXIS2_PLACEMENT_3D ( 'NONE', #7506, #8035, #656 ) ;
#10897 = DIRECTION ( 'NONE',  ( 0.0000000000000000000, 0.0000000000000000000, 1.000000000000000000 ) ) ;
#10898 = CARTESIAN_POINT ( 'NONE',  ( 0.1478113162194632800, 0.08117688916756478400, -0.02499999999825394700 ) ) ;
#10899 = ADVANCED_FACE ( 'NONE', ( #3414 ), #226, .T. ) ;
#10900 = DIRECTION ( 'NONE',  ( -0.0000000000000000000, 0.0000000000000000000, 1.000000000000000000 ) ) ;
#10901 = VERTEX_POINT ( 'NONE', #6030 ) ;
#10902 = CARTESIAN_POINT ( 'NONE',  ( 0.1334148334557624100, 0.06078238875038159000, -0.003766836468163514400 ) ) ;
#10903 = EDGE_LOOP ( 'NONE', ( #5481, #5580, #10991, #2703 ) ) ;
#10904 = DIRECTION ( 'NONE',  ( 1.000000000000000000, 0.0000000000000000000, 0.0000000000000000000 ) ) ;
#10905 = VECTOR ( 'NONE', #2030, 39.37007874015748100 ) ;
#10906 = AXIS2_PLACEMENT_3D ( 'NONE', #7394, #7265, #7228 ) ;
#10907 = DIRECTION ( 'NONE',  ( -9.480803174718525900E-013, -1.000000000000000000, -7.788690880932350800E-013 ) ) ;
#10908 = AXIS2_PLACEMENT_3D ( 'NONE', #2715, #8655, #3623 ) ;
#10909 = EDGE_LOOP ( 'NONE', ( #9543, #10170, #7778, #8677 ) ) ;
#10910 = CARTESIAN_POINT ( 'NONE',  ( 0.7083006689826715200, 0.3780046191005523900, -0.01000000000000000000 ) ) ;
#10911 = CARTESIAN_POINT ( 'NONE',  ( 0.6974999999999999000, 0.3450000000000002000, -0.2725000000000000200 ) ) ;
#10912 = VECTOR ( 'NONE', #2884, 39.37007874015748100 ) ;
#10913 = ORIENTED_EDGE ( 'NONE', *, *, #4211, .T. ) ;
#10914 = VECTOR ( 'NONE', #2566, 39.37007874015748100 ) ;
#10915 = CARTESIAN_POINT ( 'NONE',  ( 0.6506336064154142300, 0.2405852362473100100, -0.01000000000000000000 ) ) ;
#10916 = DIRECTION ( 'NONE',  ( -0.0000000000000000000, -1.000000000000000000, -4.553079989440441700E-016 ) ) ;
#10917 = CARTESIAN_POINT ( 'NONE',  ( 0.9674999999977769200, 0.6712132034341626900, -0.05999999999894310700 ) ) ;
#10918 = EDGE_CURVE ( 'NONE', #7676, #2155, #5290, .T. ) ;
#10919 = CARTESIAN_POINT ( 'NONE',  ( 0.8974999999999999600, 0.5580000000000000500, -0.07249999999999993900 ) ) ;
#10920 = AXIS2_PLACEMENT_3D ( 'NONE', #6785, #6336, #6508 ) ;
#10921 = LINE ( 'NONE', #6634, #4686 ) ;
#10922 = CC_DESIGN_APPROVAL ( #10455, ( #9504 ) ) ;
#10923 = VERTEX_POINT ( 'NONE', #6850 ) ;
#10924 = CARTESIAN_POINT ( 'NONE',  ( 0.9374999999999998900, 0.3450000000000001400, -0.2220000000000000000 ) ) ;
#10925 = PLANE ( 'NONE',  #3571 ) ;
#10926 = ORIENTED_EDGE ( 'NONE', *, *, #10260, .T. ) ;
#10927 = DIRECTION ( 'NONE',  ( -0.0000000000000000000, 0.0000000000000000000, 1.000000000000000000 ) ) ;
#10928 = ORIENTED_EDGE ( 'NONE', *, *, #6017, .F. ) ;
#10929 = EDGE_CURVE ( 'NONE', #2450, #6209, #7485, .T. ) ;
#10930 = DIRECTION ( 'NONE',  ( -1.000000000000000000, 1.345168251710072600E-030, -7.189073667537545100E-016 ) ) ;
#10931 = EDGE_CURVE ( 'NONE', #1122, #3708, #545, .T. ) ;
#10932 = APPROVAL_PERSON_ORGANIZATION ( #2519, #1925, #4091 ) ;
#10933 = DIRECTION ( 'NONE',  ( 3.680709115715888600E-013, -7.789823685984645200E-013, -1.000000000000000000 ) ) ;
#10934 = PERSON_AND_ORGANIZATION ( #2159, #2524 ) ;
#10935 = CARTESIAN_POINT ( 'NONE',  ( 0.8398306497136467400, 0.3083133606535453700, 0.0000000000000000000 ) ) ;
#10936 = LINE ( 'NONE', #9001, #4709 ) ;
#10937 = DIRECTION ( 'NONE',  ( -0.0000000000000000000, -0.0000000000000000000, 1.000000000000000000 ) ) ;
#10938 = CARTESIAN_POINT ( 'NONE',  ( 1.037499999999999900, 0.2700000000000001800, -0.1480000000000000200 ) ) ;
#10939 = DIRECTION ( 'NONE',  ( 1.000000000000000000, 7.203446383881649800E-015, 0.0000000000000000000 ) ) ;
#10940 = COORDINATED_UNIVERSAL_TIME_OFFSET ( 5, 0, .BEHIND. ) ;
#10941 = DATE_AND_TIME ( #2534, #5008 ) ;
#10942 = EDGE_CURVE ( 'NONE', #6245, #4728, #2828, .T. ) ;
#10943 = DIRECTION ( 'NONE',  ( 1.000000000000000000, 0.0000000000000000000, 0.0000000000000000000 ) ) ;
#10944 = EDGE_CURVE ( 'NONE', #8372, #2507, #2560, .T. ) ;
#10945 = DIRECTION ( 'NONE',  ( 1.000000000000000200, 8.055057399101522600E-012, -5.203623633218455500E-012 ) ) ;
#10946 = VERTEX_POINT ( 'NONE', #2465 ) ;
#10947 = VERTEX_POINT ( 'NONE', #2513 ) ;
#10948 = LINE ( 'NONE', #10838, #9297 ) ;
#10949 = VERTEX_POINT ( 'NONE', #9290 ) ;
#10950 = LINE ( 'NONE', #6023, #4722 ) ;
#10951 = APPROVAL_PERSON_ORGANIZATION ( #2550, #6434, #10295 ) ;
#10952 = FACE_OUTER_BOUND ( 'NONE', #6095, .T. ) ;
#10953 = PLANE ( 'NONE',  #5954 ) ;
#10954 = EDGE_CURVE ( 'NONE', #986, #6107, #8810, .T. ) ;
#10955 = ORIENTED_EDGE ( 'NONE', *, *, #1455, .T. ) ;
#10956 = VECTOR ( 'NONE', #1514, 39.37007874015748100 ) ;
#10957 = AXIS2_PLACEMENT_3D ( 'NONE', #1748, #7438, #3970 ) ;
#10958 = AXIS2_PLACEMENT_3D ( 'NONE', #8777, #7023, #8408 ) ;
#10959 = LINE ( 'NONE', #8812, #9073 ) ;
#10960 = VECTOR ( 'NONE', #8052, 39.37007874015748100 ) ;
#10961 = CARTESIAN_POINT ( 'NONE',  ( 1.137499999999999700, 0.3450000000000001400, -0.1479999999999999900 ) ) ;
#10962 = AXIS2_PLACEMENT_3D ( 'NONE', #4554, #1497, #4800 ) ;
#10963 = FACE_OUTER_BOUND ( 'NONE', #4775, .T. ) ;
#10964 = CC_DESIGN_PERSON_AND_ORGANIZATION_ASSIGNMENT ( #5758, #7471, ( #8538 ) ) ;
#10965 = VERTEX_POINT ( 'NONE', #10003 ) ;
#10966 = CARTESIAN_POINT ( 'NONE',  ( 0.3361881571561175500, 0.04400000000068640700, -0.005999999993755150000 ) ) ;
#10967 = VERTEX_POINT ( 'NONE', #560 ) ;
#10968 = ORIENTED_EDGE ( 'NONE', *, *, #4092, .F. ) ;
#10969 = VECTOR ( 'NONE', #10130, 39.37007874015748100 ) ;
#10970 = APPLICATION_CONTEXT ( 'configuration controlled 3d designs of mechanical parts and assemblies' ) ;
#10971 = ORIENTED_EDGE ( 'NONE', *, *, #5572, .T. ) ;
#10972 = VECTOR ( 'NONE', #8963, 39.37007874015748100 ) ;
#10973 = CARTESIAN_POINT ( 'NONE',  ( 0.4974999999999998900, 0.3450000000000002000, -0.09750000000000005900 ) ) ;
#10974 = CARTESIAN_POINT ( 'NONE',  ( 0.6734550397591690900, 0.2366589681657897700, -0.01000000000000000000 ) ) ;
#10975 = EDGE_CURVE ( 'NONE', #6599, #1267, #4736, .T. ) ;
#10976 = ORIENTED_EDGE ( 'NONE', *, *, #1107, .F. ) ;
#10977 = ORIENTED_EDGE ( 'NONE', *, *, #4358, .T. ) ;
#10978 = DIRECTION ( 'NONE',  ( 0.0000000000000000000, 1.000000000000000000, 4.553079989440424900E-016 ) ) ;
#10979 = PLANE ( 'NONE',  #9909 ) ;
#10980 = AXIS2_PLACEMENT_3D ( 'NONE', #7076, #7548, #7197 ) ;
#10981 = LINE ( 'NONE', #8303, #4774 ) ;
#10982 = DIRECTION ( 'NONE',  ( -0.0000000000000000000, -1.000000000000000000, -4.553079989440441700E-016 ) ) ;
#10983 = DIRECTION ( 'NONE',  ( 0.0000000000000000000, -1.000000000000000000, 0.0000000000000000000 ) ) ;
#10984 = DIRECTION ( 'NONE',  ( 1.000000000000000000, 0.0000000000000000000, 0.0000000000000000000 ) ) ;
#10985 = ADVANCED_FACE ( 'NONE', ( #10750 ), #8533, .T. ) ;
#10986 = ADVANCED_FACE ( 'NONE', ( #7206 ), #10036, .F. ) ;
#10987 = VERTEX_POINT ( 'NONE', #5318 ) ;
#10988 = FACE_OUTER_BOUND ( 'NONE', #10231, .T. ) ;
#10989 = ORIENTED_EDGE ( 'NONE', *, *, #6908, .F. ) ;
#10990 = DIRECTION ( 'NONE',  ( -0.0000000000000000000, 0.0000000000000000000, -1.000000000000000000 ) ) ;
#10991 = ORIENTED_EDGE ( 'NONE', *, *, #2485, .F. ) ;
#10992 = DIRECTION ( 'NONE',  ( 0.0000000000000000000, -1.000000000000000000, 0.0000000000000000000 ) ) ;
#10993 = AXIS2_PLACEMENT_3D ( 'NONE', #5419, #5001, #5026 ) ;
#10994 = VECTOR ( 'NONE', #2682, 39.37007874015748100 ) ;
#10995 = NEXT_ASSEMBLY_USAGE_OCCURRENCE ( 'NAUO1', ' ', ' ', #2876, #10857, $ ) ;
#10996 = NEXT_ASSEMBLY_USAGE_OCCURRENCE ( 'NAUO2', ' ', ' ', #2876, #1353, $ ) ;
#10997 = NEXT_ASSEMBLY_USAGE_OCCURRENCE ( 'NAUO3', ' ', ' ', #2876, #1353, $ ) ;
#10998 = NEXT_ASSEMBLY_USAGE_OCCURRENCE ( 'NAUO4', ' ', ' ', #2876, #1353, $ ) ;
#10999 = NEXT_ASSEMBLY_USAGE_OCCURRENCE ( 'NAUO5', ' ', ' ', #2876, #1353, $ ) ;
#11000 = NEXT_ASSEMBLY_USAGE_OCCURRENCE ( 'NAUO6', ' ', ' ', #2876, #1353, $ ) ;
#11001 = NEXT_ASSEMBLY_USAGE_OCCURRENCE ( 'NAUO7', ' ', ' ', #2876, #1353, $ ) ;
#11002 = NEXT_ASSEMBLY_USAGE_OCCURRENCE ( 'NAUO8', ' ', ' ', #2876, #1353, $ ) ;
#11003 = NEXT_ASSEMBLY_USAGE_OCCURRENCE ( 'NAUO9', ' ', ' ', #2876, #1353, $ ) ;
#11004 = NEXT_ASSEMBLY_USAGE_OCCURRENCE ( 'NAUO10', ' ', ' ', #2876, #1353, $ ) ;
#11005 = NEXT_ASSEMBLY_USAGE_OCCURRENCE ( 'NAUO11', ' ', ' ', #2876, #1353, $ ) ;
#11006 = NEXT_ASSEMBLY_USAGE_OCCURRENCE ( 'NAUO12', ' ', ' ', #2876, #1353, $ ) ;
#11007 = NEXT_ASSEMBLY_USAGE_OCCURRENCE ( 'NAUO13', ' ', ' ', #2876, #1353, $ ) ;
#11008 = NEXT_ASSEMBLY_USAGE_OCCURRENCE ( 'NAUO14', ' ', ' ', #2876, #1353, $ ) ;
#11009 = NEXT_ASSEMBLY_USAGE_OCCURRENCE ( 'NAUO15', ' ', ' ', #2876, #1353, $ ) ;
#11010 = NEXT_ASSEMBLY_USAGE_OCCURRENCE ( 'NAUO16', ' ', ' ', #2876, #1353, $ ) ;
#11011 = NEXT_ASSEMBLY_USAGE_OCCURRENCE ( 'NAUO17', ' ', ' ', #2876, #1353, $ ) ;
ENDSEC;
END-ISO-10303-21;
