#VRML V2.0 utf8
# 3D model generated by easyeda2kicad.py (https://github.com/uPesy/easyeda2kicad.py)

Shape{
    appearance Appearance {
        material  Material 	{
            diffuseColor 0.11372549019607843 0.11372549019607843 0.11372549019607843
            specularColor 0.058823529411764705 0.058823529411764705 0.058823529411764705
            ambientIntensity 0.1137
            transparency 0.0
            shininess 0.5
        }
    }
    geometry IndexedFaceSet {
        ccw TRUE
        solid FALSE
        coord DEF co Coordinate {
            point [
                -0.0257 0.1181 0.0, -0.0257 0.0121 0.0, -0.0712 0.0121 0.0, -0.2067 0.1339 0.0, -0.2067 0.5031 0.0, -0.1083 0.5031 0.0, -0.2907 0.0575 0.0, -0.3013 -0.0015 0.0, -0.2907 0.0697 0.0, -0.2907 0.106 0.0, -0.2347 0.0697 0.0, -0.2347 0.106 0.0, -0.1083 0.1339 0.0, -0.0492 0.1339 0.0, -0.0151 0.1181 0.0, -0.0957 0.0645 0.0, -0.0954 0.0589 0.0, -0.1477 0.109 0.0, -0.1999 0.0217 0.0, -0.2241 0.1181 0.0, -0.1999 0.0964 0.0, -0.0982 0.076 0.0, -0.1906 0.0288 0.0, -0.0865 0.0442 0.0, -0.0848 0.0597 0.0, -0.0867 0.0759 0.0, 0.0492 0.1339 0.0, -0.0151 0.0 0.0, -0.1071 0.0269 0.0, -0.1156 0.0191 0.0, -0.2347 0.0575 0.0, -0.2347 0.0121 0.0, -0.2907 0.0121 0.0, -0.2907 0.0 0.0, -0.2241 0.0 0.0, -0.1906 0.0893 0.0, -0.1811 0.0985 0.0, -0.1841 0.0222 0.0, -0.17 0.1048 0.0, -0.1736 0.015 0.0, -0.1623 0.0107 0.0, -0.1337 0.1073 0.0, -0.1217 0.1026 0.0, -0.097 0.0459 0.0, -0.1007 0.0361 0.0, -0.1648 0.1066 0.0, -0.1518 0.1089 0.0, -0.139 0.0097 0.0, -0.127 0.0128 0.0, -0.1895 0.0108 0.0, -0.1772 0.0031 0.0, -0.3013 0.5031 0.0, -0.2657 0.5031 0.0, -0.2907 0.1181 0.0, -0.2657 0.1339 0.0, -0.0492 0.5031 0.0, 0.0492 0.5031 0.0, -0.1484 0.0091 0.0, -0.1108 0.095 0.0, -0.1035 0.0864 0.0, -0.1353 -0.0015 0.0, -0.0712 0.0 0.0, -0.1301 -0.0009 0.0, -0.1159 0.0045 0.0, 0.2657 0.1339 0.0, 0.2657 0.5031 0.0, 0.3642 0.5031 0.0, -0.0916 0.0884 0.0, -0.0997 0.1 0.0, -0.112 0.1108 0.0, 0.3642 0.1339 0.0, 0.4232 0.1339 0.0, 1.4567 -0.0015 0.0, 0.2067 0.1339 0.0, 0.1083 0.1339 0.0, 0.2067 0.5031 0.0, 0.1083 0.5031 0.0, -0.1483 0.1211 0.0, -0.1655 0.1192 0.0, -0.1045 0.0127 0.0, -0.0998 0.0176 0.0, -0.0912 0.0306 0.0, -0.1389 0.1206 0.0, 0.5807 0.1339 0.0, 0.5807 0.5031 0.0, 0.6791 0.5031 0.0, 0.6791 0.1339 0.0, 0.7382 0.1339 0.0, -0.1245 0.1172 0.0, -0.1763 0.1155 0.0, -0.1892 0.1077 0.0, -0.1964 0.1008 0.0, 0.5217 0.1339 0.0, 0.5217 0.5031 0.0, 0.4232 0.5031 0.0, 0.8957 0.5031 0.0, 1.4567 0.5031 0.0, 0.8957 0.1339 0.0, 0.8366 0.1339 0.0, 0.8366 0.5031 0.0, 0.7382 0.5031 0.0, -0.536 0.0 0.0, -0.5245 0.0 0.0, -0.4026 0.0286 0.0, -0.3945 0.0165 0.0, -0.424 0.0 0.0, -0.3485 0.0 0.0, -0.3119 0.0 0.0, -0.3119 0.1181 0.0, -1.4567 0.5031 0.0, -0.8957 0.5031 0.0, -1.4567 -0.0015 0.0, -0.8957 0.1339 0.0, -0.3857 0.0087 0.0, -0.3768 0.0041 0.0, -0.3624 0.0008 0.0, -0.4356 0.0 0.0, -0.4535 0.0379 0.0, -0.5071 0.0379 0.0, -0.8366 0.5031 0.0, -0.7382 0.5031 0.0, -0.8366 0.1339 0.0, -0.7382 0.1339 0.0, -0.6791 0.5031 0.0, -0.5807 0.5031 0.0, -0.6791 0.1339 0.0, -0.5807 0.1339 0.0, -0.4232 0.5031 0.0, -0.4232 0.1339 0.0, -0.48 0.1181 0.0, -0.4815 0.1181 0.0, -0.5217 0.1339 0.0, -0.5217 0.5031 0.0, -0.3642 0.1339 0.0, -0.3547 0.1174 0.0, -0.3733 0.1139 0.0, -0.3358 0.1181 0.0, -0.3642 0.5031 0.0, -0.3852 0.1078 0.0, -0.3938 0.1003 0.0, -0.4014 0.0897 0.0, -0.4063 0.0773 0.0, -0.4087 0.063 0.0, -0.4088 0.0576 0.0, -0.4072 0.0418 0.0, -0.3013 -0.5031 0.0, -0.3642 -0.5031 0.0, -0.3642 -0.1339 0.0, -0.4232 -0.1339 0.0, -0.5807 -0.1339 0.0, -0.5807 -0.5031 0.0, -0.6791 -0.5031 0.0, -0.6791 -0.1339 0.0, -0.7382 -0.1339 0.0, -0.5217 -0.1339 0.0, -0.5217 -0.5031 0.0, -0.4232 -0.5031 0.0, -0.8957 -0.5031 0.0, -1.4567 -0.5031 0.0, -0.8957 -0.1339 0.0, -0.8366 -0.1339 0.0, -0.8366 -0.5031 0.0, -0.7382 -0.5031 0.0, 1.4567 -0.5031 0.0, 0.8957 -0.5031 0.0, 0.8957 -0.1339 0.0, 0.8366 -0.1339 0.0, 0.8366 -0.5031 0.0, 0.7382 -0.5031 0.0, 0.7382 -0.1339 0.0, 0.6791 -0.1339 0.0, 0.5217 -0.1339 0.0, 0.5217 -0.5031 0.0, 0.4232 -0.5031 0.0, 0.4232 -0.1339 0.0, 0.3642 -0.1339 0.0, 0.5807 -0.1339 0.0, 0.5807 -0.5031 0.0, 0.6791 -0.5031 0.0, 0.2067 -0.1339 0.0, 0.2067 -0.5031 0.0, 0.1083 -0.5031 0.0, 0.1083 -0.1339 0.0, 0.2657 -0.1339 0.0, 0.2657 -0.5031 0.0, 0.3642 -0.5031 0.0, 0.0492 -0.5031 0.0, -0.0492 -0.5031 0.0, 0.0492 -0.1339 0.0, -0.0492 -0.1339 0.0, -0.1638 -0.0015 0.0, -0.1634 -0.0015 0.0, -0.1083 -0.1339 0.0, -0.1544 -0.0028 0.0, -0.1485 -0.003 0.0, -0.2657 -0.5031 0.0, -0.2657 -0.1339 0.0, -0.2067 -0.1339 0.0, -0.2067 -0.5031 0.0, -0.1083 -0.5031 0.0, 0.8425 0.5031 0.1564, 0.8425 0.5031 0.0394, 0.7323 0.5031 0.1564, 0.8366 0.5031 0.0394, 0.7323 0.5031 0.0394, 0.7382 0.5031 0.0394, 0.7323 -0.5031 0.1564, 0.7323 -0.5031 0.0394, 0.8425 -0.5031 0.1564, 0.7382 -0.5031 0.0394, 0.8425 -0.5031 0.0394, 0.8366 -0.5031 0.0394, 0.5807 0.5031 0.0394, 0.5748 0.5031 0.0394, 0.5748 0.5031 0.1564, 0.685 0.5031 0.1564, 0.685 0.5031 0.0394, 0.6791 0.5031 0.0394, 0.5748 -0.5031 0.1564, 0.5748 -0.5031 0.0394, 0.685 -0.5031 0.1564, 0.5807 -0.5031 0.0394, 0.685 -0.5031 0.0394, 0.6791 -0.5031 0.0394, 0.5276 0.5031 0.1564, 0.5276 0.5031 0.0394, 0.4173 0.5031 0.1564, 0.5217 0.5031 0.0394, 0.4173 0.5031 0.0394, 0.4232 0.5031 0.0394, 0.4173 -0.5031 0.1564, 0.4173 -0.5031 0.0394, 0.5276 -0.5031 0.1564, 0.4232 -0.5031 0.0394, 0.5276 -0.5031 0.0394, 0.5217 -0.5031 0.0394, 0.3701 0.5031 0.1564, 0.3701 0.5031 0.0394, 0.2598 0.5031 0.1564, 0.3642 0.5031 0.0394, 0.2598 0.5031 0.0394, 0.2657 0.5031 0.0394, 0.2598 -0.5031 0.1564, 0.2598 -0.5031 0.0394, 0.3701 -0.5031 0.1564, 0.2657 -0.5031 0.0394, 0.3701 -0.5031 0.0394, 0.3642 -0.5031 0.0394, 0.2126 0.5031 0.1564, 0.2126 0.5031 0.0394, 0.1024 0.5031 0.1564, 0.2067 0.5031 0.0394, 0.1024 0.5031 0.0394, 0.1083 0.5031 0.0394, 0.1024 -0.5031 0.1564, 0.1024 -0.5031 0.0394, 0.2126 -0.5031 0.1564, 0.1083 -0.5031 0.0394, 0.2126 -0.5031 0.0394, 0.2067 -0.5031 0.0394, 0.0551 0.5031 0.1564, 0.0551 0.5031 0.0394, -0.0551 0.5031 0.1564, 0.0492 0.5031 0.0394, -0.0551 0.5031 0.0394, -0.0492 0.5031 0.0394, -0.0551 -0.5031 0.1564, -0.0551 -0.5031 0.0394, 0.0551 -0.5031 0.1564, -0.0492 -0.5031 0.0394, 0.0551 -0.5031 0.0394, 0.0492 -0.5031 0.0394, -0.1024 0.5031 0.1564, -0.1024 0.5031 0.0394, -0.2126 0.5031 0.1564, -0.1083 0.5031 0.0394, -0.2126 0.5031 0.0394, -0.2067 0.5031 0.0394, -0.2126 -0.5031 0.1564, -0.2126 -0.5031 0.0394, -0.1024 -0.5031 0.1564, -0.2067 -0.5031 0.0394, -0.1024 -0.5031 0.0394, -0.1083 -0.5031 0.0394, -0.2598 0.5031 0.1564, -0.2598 0.5031 0.0394, -0.3701 0.5031 0.1564, -0.2657 0.5031 0.0394, -0.3701 0.5031 0.0394, -0.3642 0.5031 0.0394, -0.3701 -0.5031 0.1564, -0.3701 -0.5031 0.0394, -0.2598 -0.5031 0.1564, -0.3642 -0.5031 0.0394, -0.2598 -0.5031 0.0394, -0.2657 -0.5031 0.0394, -0.4173 0.5031 0.1564, -0.4173 0.5031 0.0394, -0.5276 0.5031 0.1564, -0.4232 0.5031 0.0394, -0.5276 0.5031 0.0394, -0.5217 0.5031 0.0394, -0.5276 -0.5031 0.1564, -0.5276 -0.5031 0.0394, -0.4173 -0.5031 0.1564, -0.5217 -0.5031 0.0394, -0.4173 -0.5031 0.0394, -0.4232 -0.5031 0.0394, -0.5748 0.5031 0.1564, -0.5748 0.5031 0.0394, -0.685 0.5031 0.1564, -0.5807 0.5031 0.0394, -0.685 0.5031 0.0394, -0.6791 0.5031 0.0394, -0.685 -0.5031 0.1564, -0.685 -0.5031 0.0394, -0.5748 -0.5031 0.1564, -0.6791 -0.5031 0.0394, -0.5748 -0.5031 0.0394, -0.5807 -0.5031 0.0394, -0.7323 0.5031 0.1564, -0.7323 0.5031 0.0394, -0.8425 0.5031 0.1564, -0.7382 0.5031 0.0394, -0.8425 0.5031 0.0394, -0.8366 0.5031 0.0394, -0.8425 -0.5031 0.1564, -0.8425 -0.5031 0.0394, -0.7323 -0.5031 0.1564, -0.8366 -0.5031 0.0394, -0.7323 -0.5031 0.0394, -0.7382 -0.5031 0.0394, 0.2697 -0.1969 0.2362, 0.3602 -0.1969 0.2362, 0.2697 -0.1969 0.4724, 0.3602 -0.1969 0.4724, 0.2028 -0.1969 0.4724, 0.1122 -0.1969 0.4724, 0.2028 -0.1969 0.2362, 0.1122 -0.1969 0.2362, 0.5846 -0.1969 0.2362, 0.6752 -0.1969 0.2362, 0.5846 -0.1969 0.4724, 0.6752 -0.1969 0.4724, 0.5177 -0.1969 0.4724, 0.4272 -0.1969 0.4724, 0.5177 -0.1969 0.2362, 0.4272 -0.1969 0.2362, -0.3602 -0.1969 0.2362, -0.2697 -0.1969 0.2362, -0.3602 -0.1969 0.4724, -0.2697 -0.1969 0.4724, -0.4272 -0.1969 0.4724, -0.5177 -0.1969 0.4724, -0.4272 -0.1969 0.2362, -0.5177 -0.1969 0.2362, 0.0453 -0.1969 0.4724, -0.0453 -0.1969 0.4724, 0.0453 -0.1969 0.2362, -0.0453 -0.1969 0.2362, -0.1122 -0.1969 0.4724, -0.2028 -0.1969 0.4724, -0.1122 -0.1969 0.2362, -0.2028 -0.1969 0.2362, 0.7421 -0.1969 0.2362, 0.8327 -0.1969 0.2362, 0.7421 -0.1969 0.4724, 0.8327 -0.1969 0.4724, 0.8996 -0.1969 0.2362, 0.9055 -0.1969 0.2362, 0.8996 -0.1969 0.4724, 0.9055 -0.1969 0.4724, -0.5846 -0.1969 0.4724, -0.6752 -0.1969 0.4724, -0.5846 -0.1969 0.2362, -0.6752 -0.1969 0.2362, 0.3602 -0.1575 0.5118, 0.2697 -0.1575 0.5118, 0.1122 -0.1575 0.5118, 0.2028 -0.1575 0.5118, 0.6752 -0.1575 0.5118, 0.5846 -0.1575 0.5118, 0.4272 -0.1575 0.5118, 0.5177 -0.1575 0.5118, -0.2697 -0.1575 0.5118, -0.3602 -0.1575 0.5118, -0.5177 -0.1575 0.5118, -0.4272 -0.1575 0.5118, -0.0453 -0.1575 0.5118, 0.0453 -0.1575 0.5118, -0.2028 -0.1575 0.5118, -0.1122 -0.1575 0.5118, 0.8327 -0.1575 0.5118, 0.7421 -0.1575 0.5118, 0.9055 -0.1575 0.5118, 0.8996 -0.1575 0.5118, -0.6752 -0.1575 0.5118, -0.5846 -0.1575 0.5118, 0.0453 0.1969 0.2362, -0.0453 0.1969 0.2362, 0.0453 0.1969 0.4724, -0.0453 0.1969 0.4724, -0.1122 0.1969 0.2362, -0.2028 0.1969 0.2362, -0.1122 0.1969 0.4724, -0.2028 0.1969 0.4724, 0.3602 0.1969 0.2362, 0.2697 0.1969 0.2362, 0.3602 0.1969 0.4724, 0.2697 0.1969 0.4724, 0.1122 0.1969 0.4724, 0.2028 0.1969 0.4724, 0.1122 0.1969 0.2362, 0.2028 0.1969 0.2362, -0.5846 0.1969 0.2362, -0.6752 0.1969 0.2362, -0.5846 0.1969 0.4724, -0.6752 0.1969 0.4724, -0.7421 0.1969 0.2362, -0.8327 0.1969 0.2362, -0.7421 0.1969 0.4724, -0.8327 0.1969 0.4724, -0.2697 0.1969 0.2362, -0.3602 0.1969 0.2362, -0.2697 0.1969 0.4724, -0.3602 0.1969 0.4724, -0.5177 0.1969 0.4724, -0.4272 0.1969 0.4724, -0.5177 0.1969 0.2362, -0.4272 0.1969 0.2362, 0.8327 0.1969 0.2362, 0.7421 0.1969 0.2362, 0.8327 0.1969 0.4724, 0.7421 0.1969 0.4724, 0.4272 0.1969 0.4724, 0.5177 0.1969 0.4724, 0.4272 0.1969 0.2362, 0.5177 0.1969 0.2362, 0.5846 0.1969 0.4724, 0.6752 0.1969 0.4724, 0.5846 0.1969 0.2362, 0.6752 0.1969 0.2362, -0.0453 0.1575 0.5118, 0.0453 0.1575 0.5118, -0.2028 0.1575 0.5118, -0.1122 0.1575 0.5118, 0.2697 0.1575 0.5118, 0.3602 0.1575 0.5118, 0.2028 0.1575 0.5118, 0.1122 0.1575 0.5118, -0.6752 0.1575 0.5118, -0.5846 0.1575 0.5118, -0.8327 0.1575 0.5118, -0.7421 0.1575 0.5118, -0.3602 0.1575 0.5118, -0.2697 0.1575 0.5118, -0.4272 0.1575 0.5118, -0.5177 0.1575 0.5118, 0.7421 0.1575 0.5118, 0.8327 0.1575 0.5118, 0.5177 0.1575 0.5118, 0.4272 0.1575 0.5118, 0.6752 0.1575 0.5118, 0.5846 0.1575 0.5118, -0.8898 0.5031 0.1564, -0.8898 0.5031 0.0394, -0.8957 0.5031 0.0394, -1.4567 0.5031 0.1564, -0.8898 -0.5031 0.0394, -0.8898 -0.5031 0.1564, -0.8957 -0.5031 0.0394, -1.4567 -0.5031 0.1564, -0.8996 0.1969 0.2362, -0.9055 0.1969 0.2362, -0.8996 0.1969 0.4724, -0.9055 0.1969 0.4724, -0.7421 -0.1969 0.4724, -0.8327 -0.1969 0.4724, -0.7421 -0.1969 0.2362, -0.8327 -0.1969 0.2362, -0.9055 0.1575 0.5118, -0.8996 0.1575 0.5118, -0.8327 -0.1575 0.5118, -0.7421 -0.1575 0.5118, -1.2205 -0.5669 0.5709, -1.2205 -0.3701 0.5709, -1.437 -0.5669 0.5709, -1.3583 -0.3701 0.5709, -1.4567 -0.5472 0.5709, -1.4567 0.5472 0.5709, -1.3583 0.3701 0.5709, -1.2205 0.3701 0.5709, -1.2205 0.5669 0.5709, -1.437 0.5669 0.5709, -1.456 -0.5523 0.5709, -1.4541 -0.5571 0.5709, -1.4509 -0.5612 0.5709, -1.4469 -0.5643 0.5709, -1.4421 -0.5663 0.5709, -1.4421 0.5663 0.5709, -1.4469 0.5643 0.5709, -1.4509 0.5612 0.5709, -1.4541 0.5571 0.5709, -1.456 0.5523 0.5709, 1.3583 -0.3701 0.5709, 1.4567 -0.5472 0.5709, 1.3583 0.3701 0.5709, 1.4567 0.5472 0.5709, 1.456 0.5523 0.5709, 1.2205 -0.3701 0.5709, 1.2205 -0.5669 0.5709, 1.437 -0.5669 0.5709, 1.2205 0.5669 0.5709, 1.2205 0.3701 0.5709, 1.437 0.5669 0.5709, 1.4421 0.5663 0.5709, 1.4469 0.5643 0.5709, 1.4541 0.5571 0.5709, 1.4509 0.5612 0.5709, 1.4421 -0.5663 0.5709, 1.4469 -0.5643 0.5709, 1.4509 -0.5612 0.5709, 1.4541 -0.5571 0.5709, 1.456 -0.5523 0.5709, -1.1614 0.5669 0.5118, -1.1614 0.4246 0.5118, -1.1614 0.4094 0.5118, -1.122 0.3701 0.4724, -1.1614 -0.4094 0.5118, -1.122 -0.3701 0.4724, -1.1614 -0.5405 0.5118, -1.1614 -0.5669 0.5118, 1.1614 0.4094 0.5118, 1.122 0.3701 0.4724, 1.1614 0.5669 0.5118, 1.1614 0.4246 0.5118, 1.1614 -0.5669 0.5118, 1.1614 -0.5405 0.5118, 1.1614 -0.4094 0.5118, 1.122 -0.3701 0.4724, 0.0 0.4094 0.5118, 0.0 0.4246 0.5118, -0.1575 0.4094 0.5118, -0.1575 0.4246 0.5118, -0.315 0.4094 0.5118, -0.315 0.4246 0.5118, -0.4724 0.4094 0.5118, -0.4724 0.4246 0.5118, -0.6299 0.4094 0.5118, -0.6299 0.4246 0.5118, -0.7874 0.4094 0.5118, -0.7874 0.4246 0.5118, 1.0302 0.4094 0.5118, 1.0302 0.4246 0.5118, 0.7874 0.4094 0.5118, 0.7874 0.4246 0.5118, 0.6299 0.4094 0.5118, 0.6299 0.4246 0.5118, 0.4724 0.4094 0.5118, 0.4724 0.4246 0.5118, 0.315 0.4094 0.5118, 0.315 0.4246 0.5118, -0.8333 0.4398 0.5118, -0.899 0.4398 0.5118, -0.8333 0.5141 0.5118, -0.7874 0.5669 0.5118, -0.899 0.5141 0.5118, -0.7416 0.4398 0.5118, -0.6758 0.4398 0.5118, -0.6758 0.5141 0.5118, -0.6299 0.5669 0.5118, -0.7416 0.5141 0.5118, -0.5841 0.4398 0.5118, -0.5183 0.4398 0.5118, -0.5183 0.5141 0.5118, -0.4724 0.5669 0.5118, -0.5841 0.5141 0.5118, -0.4266 0.4398 0.5118, -0.3608 0.4398 0.5118, -0.3608 0.5141 0.5118, -0.315 0.5669 0.5118, -0.4266 0.5141 0.5118, -0.2691 0.4398 0.5118, -0.2033 0.4398 0.5118, -0.2033 0.5141 0.5118, -0.1575 0.5669 0.5118, -0.2691 0.5141 0.5118, -0.1116 0.4398 0.5118, -0.0459 0.4398 0.5118, -0.0459 0.5141 0.5118, 0.0 0.5669 0.5118, -0.1116 0.5141 0.5118, 0.2033 0.5141 0.5118, 0.2691 0.5141 0.5118, 0.315 0.5669 0.5118, 0.1116 0.5141 0.5118, 0.0459 0.5141 0.5118, 0.2691 0.4398 0.5118, 0.2033 0.4398 0.5118, 0.0459 0.4398 0.5118, 0.1116 0.4398 0.5118, 0.3608 0.4398 0.5118, 0.4266 0.4398 0.5118, 0.4266 0.5141 0.5118, 0.4724 0.5669 0.5118, 0.3608 0.5141 0.5118, 0.5183 0.4398 0.5118, 0.5841 0.4398 0.5118, 0.5841 0.5141 0.5118, 0.6299 0.5669 0.5118, 0.5183 0.5141 0.5118, 0.6758 0.4398 0.5118, 0.7416 0.4398 0.5118, 0.7416 0.5141 0.5118, 0.7874 0.5669 0.5118, 0.6758 0.5141 0.5118, 1.0302 0.5669 0.5118, 0.8333 0.5141 0.5118, 0.8333 0.4398 0.5118, 0.899 0.4398 0.5118, 0.899 0.5141 0.5118, 0.899 -0.4398 0.5118, 0.899 -0.5141 0.5118, 1.0302 -0.5405 0.5118, 1.0302 -0.5669 0.5118, 0.7874 -0.5669 0.5118, 0.7874 -0.5405 0.5118, 0.6299 -0.5669 0.5118, 0.6299 -0.5405 0.5118, 0.4724 -0.5669 0.5118, 0.4724 -0.5405 0.5118, 0.315 -0.5669 0.5118, 0.315 -0.5405 0.5118, 0.0 -0.5669 0.5118, 0.0 -0.5405 0.5118, -0.1575 -0.5669 0.5118, -0.1575 -0.5405 0.5118, -0.315 -0.5669 0.5118, -0.315 -0.5405 0.5118, -0.4724 -0.5669 0.5118, -0.4724 -0.5405 0.5118, -0.6299 -0.5669 0.5118, -0.6299 -0.5405 0.5118, -0.7874 -0.5669 0.5118, -0.7874 -0.5405 0.5118, -0.8333 -0.5141 0.5118, -0.899 -0.5141 0.5118, -0.8333 -0.4398 0.5118, -0.7874 -0.4094 0.5118, -0.899 -0.4398 0.5118, -0.6758 -0.4398 0.5118, -0.6299 -0.4094 0.5118, -0.7416 -0.4398 0.5118, -0.7416 -0.5141 0.5118, -0.6758 -0.5141 0.5118, -0.5183 -0.4398 0.5118, -0.4724 -0.4094 0.5118, -0.5841 -0.4398 0.5118, -0.5841 -0.5141 0.5118, -0.5183 -0.5141 0.5118, -0.3608 -0.4398 0.5118, -0.315 -0.4094 0.5118, -0.4266 -0.4398 0.5118, -0.4266 -0.5141 0.5118, -0.3608 -0.5141 0.5118, -0.2033 -0.4398 0.5118, -0.1575 -0.4094 0.5118, -0.2691 -0.4398 0.5118, -0.2691 -0.5141 0.5118, -0.2033 -0.5141 0.5118, -0.0459 -0.4398 0.5118, 0.0 -0.4094 0.5118, -0.1116 -0.4398 0.5118, -0.1116 -0.5141 0.5118, -0.0459 -0.5141 0.5118, 0.1116 -0.5141 0.5118, 0.2033 -0.5141 0.5118, 0.1116 -0.4398 0.5118, 0.2033 -0.4398 0.5118, 0.0459 -0.4398 0.5118, 0.0459 -0.5141 0.5118, 0.315 -0.4094 0.5118, 0.2691 -0.4398 0.5118, 0.2691 -0.5141 0.5118, 0.4266 -0.4398 0.5118, 0.4724 -0.4094 0.5118, 0.3608 -0.4398 0.5118, 0.3608 -0.5141 0.5118, 0.4266 -0.5141 0.5118, 0.5841 -0.4398 0.5118, 0.6299 -0.4094 0.5118, 0.5183 -0.4398 0.5118, 0.5183 -0.5141 0.5118, 0.5841 -0.5141 0.5118, 0.7416 -0.4398 0.5118, 0.7874 -0.4094 0.5118, 0.6758 -0.4398 0.5118, 0.6758 -0.5141 0.5118, 0.7416 -0.5141 0.5118, 0.8333 -0.5141 0.5118, 1.0302 -0.4094 0.5118, 0.8333 -0.4398 0.5118, 1.4567 -0.5472 0.1564, 1.4567 -0.5031 0.1564, 1.4567 0.5472 0.1564, 1.4567 0.5031 0.1564, 1.437 0.5669 0.1564, -1.437 0.5669 0.1564, -1.4567 0.5472 0.1564, -1.4567 -0.5472 0.1564, -1.437 -0.5669 0.1564, 1.437 -0.5669 0.1564, 0.9449 -0.1575 0.2362, 0.9449 0.1575 0.2362, 0.9449 -0.1575 0.4724, 0.9449 0.1575 0.4724, 0.8996 0.1969 0.4724, 0.9055 0.1969 0.4724, 0.8996 0.1969 0.2362, 0.9055 0.1969 0.2362, -0.9449 -0.1575 0.4724, -0.9449 0.1575 0.4724, -0.9449 -0.1575 0.2362, -0.9449 0.1575 0.2362, -0.8996 -0.1969 0.4724, -0.9055 -0.1969 0.4724, -0.8996 -0.1969 0.2362, -0.9055 -0.1969 0.2362, 1.2795 0.3701 0.4921, 1.2795 0.3701 0.2362, 1.2795 -0.3701 0.4921, 1.2795 -0.3701 0.2362, -0.8425 0.3701 0.264, -0.8898 0.3701 0.264, -1.2795 0.3701 0.2362, -0.8898 0.3701 0.2362, -1.2795 0.3701 0.4921, -0.685 0.3701 0.264, -0.685 0.3701 0.2362, -0.5748 0.3701 0.2362, -0.5748 0.3701 0.264, -0.5276 0.3701 0.264, -0.7323 0.3701 0.264, -0.7323 0.3701 0.2362, -0.8425 0.3701 0.2362, -0.3701 0.3701 0.264, -0.3701 0.3701 0.2362, -0.2598 0.3701 0.2362, -0.2598 0.3701 0.264, -0.2126 0.3701 0.264, -0.4173 0.3701 0.264, -0.4173 0.3701 0.2362, -0.5276 0.3701 0.2362, -0.0551 0.3701 0.264, -0.0551 0.3701 0.2362, 0.0551 0.3701 0.2362, 0.0551 0.3701 0.264, 0.1024 0.3701 0.264, -0.1024 0.3701 0.264, -0.1024 0.3701 0.2362, -0.2126 0.3701 0.2362, 0.2598 0.3701 0.264, 0.2598 0.3701 0.2362, 0.3701 0.3701 0.2362, 0.3701 0.3701 0.264, 0.4173 0.3701 0.264, 0.2126 0.3701 0.264, 0.2126 0.3701 0.2362, 0.1024 0.3701 0.2362, 0.5748 0.3701 0.264, 0.5748 0.3701 0.2362, 0.685 0.3701 0.2362, 0.685 0.3701 0.264, 0.7323 0.3701 0.264, 0.5276 0.3701 0.264, 0.5276 0.3701 0.2362, 0.4173 0.3701 0.2362, 0.7323 0.3701 0.2362, 0.8425 0.3701 0.2362, 0.8425 0.3701 0.264, 0.8898 0.3701 0.264, 0.8898 0.3701 0.2362, -1.2795 -0.3701 0.4921, -1.2795 -0.3701 0.2362, 0.8425 -0.3701 0.264, 0.8898 -0.3701 0.264, 0.8898 -0.3701 0.2362, 0.685 -0.3701 0.264, 0.685 -0.3701 0.2362, 0.5748 -0.3701 0.2362, 0.5748 -0.3701 0.264, 0.5276 -0.3701 0.264, 0.7323 -0.3701 0.264, 0.7323 -0.3701 0.2362, 0.8425 -0.3701 0.2362, 0.3701 -0.3701 0.264, 0.3701 -0.3701 0.2362, 0.2598 -0.3701 0.2362, 0.2598 -0.3701 0.264, 0.2126 -0.3701 0.264, 0.4173 -0.3701 0.264, 0.4173 -0.3701 0.2362, 0.5276 -0.3701 0.2362, 0.0551 -0.3701 0.264, 0.0551 -0.3701 0.2362, -0.0551 -0.3701 0.2362, -0.0551 -0.3701 0.264, -0.1024 -0.3701 0.264, 0.1024 -0.3701 0.264, 0.1024 -0.3701 0.2362, 0.2126 -0.3701 0.2362, -0.2598 -0.3701 0.264, -0.2598 -0.3701 0.2362, -0.3701 -0.3701 0.2362, -0.3701 -0.3701 0.264, -0.4173 -0.3701 0.264, -0.2126 -0.3701 0.264, -0.2126 -0.3701 0.2362, -0.1024 -0.3701 0.2362, -0.5748 -0.3701 0.264, -0.5748 -0.3701 0.2362, -0.685 -0.3701 0.2362, -0.685 -0.3701 0.264, -0.7323 -0.3701 0.264, -0.5276 -0.3701 0.264, -0.5276 -0.3701 0.2362, -0.4173 -0.3701 0.2362, -0.7323 -0.3701 0.2362, -0.8425 -0.3701 0.2362, -0.8425 -0.3701 0.264, -0.8898 -0.3701 0.264, -0.8898 -0.3701 0.2362, -0.7323 -0.1637 0.2362, -0.7421 -0.1378 0.2362, -0.8898 -0.1637 0.2362, -0.8425 -0.1637 0.2362, -0.8327 -0.1378 0.2362, -0.5748 -0.1637 0.2362, -0.5846 -0.1378 0.2362, -0.8898 0.1637 0.2362, -0.8996 0.1378 0.2362, -0.8425 0.1637 0.2362, -0.8327 0.1378 0.2362, -0.4173 -0.1637 0.2362, -0.4272 -0.1378 0.2362, -0.685 0.1637 0.2362, -0.6752 0.1378 0.2362, -0.6752 -0.1378 0.2362, -0.685 -0.1637 0.2362, -0.2598 -0.1637 0.2362, -0.2697 -0.1378 0.2362, -0.8996 -0.1378 0.2362, -0.7421 0.1378 0.2362, -0.7323 0.1637 0.2362, -0.5177 -0.1378 0.2362, -0.5276 -0.1637 0.2362, -0.1024 -0.1637 0.2362, -0.1122 -0.1378 0.2362, -0.5276 0.1637 0.2362, -0.5177 0.1378 0.2362, -0.3602 -0.1378 0.2362, -0.3701 -0.1637 0.2362, 0.0551 -0.1637 0.2362, 0.0453 -0.1378 0.2362, -0.5846 0.1378 0.2362, -0.5748 0.1637 0.2362, -0.2028 -0.1378 0.2362, -0.2126 -0.1637 0.2362, 0.2126 -0.1637 0.2362, 0.2028 -0.1378 0.2362, -0.3701 0.1637 0.2362, -0.3602 0.1378 0.2362, -0.0453 -0.1378 0.2362, -0.0551 -0.1637 0.2362, 0.3701 -0.1637 0.2362, 0.3602 -0.1378 0.2362, -0.4272 0.1378 0.2362, -0.4173 0.1637 0.2362, 0.1122 -0.1378 0.2362, 0.1024 -0.1637 0.2362, 0.5276 -0.1637 0.2362, 0.5177 -0.1378 0.2362, -0.2126 0.1637 0.2362, -0.2028 0.1378 0.2362, 0.2697 -0.1378 0.2362, 0.2598 -0.1637 0.2362, 0.685 -0.1637 0.2362, 0.6752 -0.1378 0.2362, -0.2697 0.1378 0.2362, -0.2598 0.1637 0.2362, 0.4272 -0.1378 0.2362, 0.4173 -0.1637 0.2362, 0.8425 -0.1637 0.2362, 0.8327 -0.1378 0.2362, -0.0551 0.1637 0.2362, -0.0453 0.1378 0.2362, 0.5846 -0.1378 0.2362, 0.5748 -0.1637 0.2362, 0.8996 -0.1378 0.2362, 0.8898 -0.1637 0.2362, -0.1122 0.1378 0.2362, -0.1024 0.1637 0.2362, 0.7421 -0.1378 0.2362, 0.7323 -0.1637 0.2362, 0.1024 0.1637 0.2362, 0.1122 0.1378 0.2362, 0.0453 0.1378 0.2362, 0.0551 0.1637 0.2362, 0.2598 0.1637 0.2362, 0.2697 0.1378 0.2362, 0.2028 0.1378 0.2362, 0.2126 0.1637 0.2362, 0.4173 0.1637 0.2362, 0.4272 0.1378 0.2362, 0.3602 0.1378 0.2362, 0.3701 0.1637 0.2362, 0.5748 0.1637 0.2362, 0.5846 0.1378 0.2362, 0.5177 0.1378 0.2362, 0.5276 0.1637 0.2362, 0.7323 0.1637 0.2362, 0.7421 0.1378 0.2362, 0.6752 0.1378 0.2362, 0.685 0.1637 0.2362, 0.8898 0.1637 0.2362, 0.8996 0.1378 0.2362, 0.8327 0.1378 0.2362, 0.8425 0.1637 0.2362, 0.8996 -0.1378 0.5118, 0.2028 0.1378 0.5118, 0.7421 0.1378 0.5118, 0.696 0.0588 0.5118, 0.8327 0.1378 0.5118, 0.696 -0.0588 0.5118, -0.2028 -0.1378 0.5118, 0.0453 0.1378 0.5118, -0.0453 0.1378 0.5118, 0.6752 0.1378 0.5118, 0.5846 0.1378 0.5118, 0.4272 -0.1378 0.5118, 0.5177 -0.1378 0.5118, 0.3602 -0.1378 0.5118, 0.3164 -0.0588 0.5118, 0.5846 -0.1378 0.5118, 0.3164 0.0588 0.5118, 0.5177 0.1378 0.5118, -0.7421 -0.1378 0.5118, -0.1122 0.1378 0.5118, -0.2028 0.1378 0.5118, -0.0453 -0.1378 0.5118, 0.1122 0.1378 0.5118, -0.1122 -0.1378 0.5118, 0.0453 -0.1378 0.5118, 0.1122 -0.1378 0.5118, 0.2697 0.1378 0.5118, 0.8996 0.1378 0.5118, 0.7421 -0.1378 0.5118, 0.6752 -0.1378 0.5118, -0.8327 -0.1378 0.5118, -0.696 -0.0588 0.5118, 0.3602 0.1378 0.5118, 0.4272 0.1378 0.5118, 0.9055 0.1575 0.5118, 0.8996 0.1575 0.5118, 0.8327 -0.1378 0.5118, -0.6752 -0.1378 0.5118, -0.3164 -0.0588 0.5118, -0.8996 0.1378 0.5118, -0.9055 -0.1575 0.5118, -0.5177 -0.1378 0.5118, -0.696 0.0588 0.5118, -0.3164 0.0588 0.5118, -0.4272 0.1378 0.5118, -0.3602 0.1378 0.5118, -0.4272 -0.1378 0.5118, -0.3602 -0.1378 0.5118, 0.2028 -0.1378 0.5118, 0.2697 -0.1378 0.5118, -0.8327 0.1378 0.5118, -0.8996 -0.1378 0.5118, -0.8996 -0.1575 0.5118, -0.5846 0.1378 0.5118, -0.5177 0.1378 0.5118, -0.5846 -0.1378 0.5118, -0.2697 -0.1378 0.5118, -0.2697 0.1378 0.5118, -0.7421 0.1378 0.5118, -0.6752 0.1378 0.5118, 0.3164 -0.0588 0.3937, 0.3164 0.0588 0.3937, 0.696 0.0588 0.3937, 0.696 -0.0588 0.3937, -0.696 -0.0588 0.3937, -0.696 0.0588 0.3937, -0.3164 0.0588 0.3937, -0.3164 -0.0588 0.3937, 0.8898 -0.5031 0.1564, 0.8898 -0.5031 0.0394, 0.8957 -0.5031 0.0394, -1.4541 -0.5571 0.1564, -1.456 -0.5523 0.1564, -0.8425 -0.535 0.1564, -0.7323 -0.535 0.1564, -1.4421 -0.5663 0.1564, -1.4469 -0.5643 0.1564, -1.4509 -0.5612 0.1564, -0.3701 -0.535 0.1564, -0.8898 -0.535 0.1564, -0.685 -0.535 0.1564, -0.5748 -0.535 0.1564, -0.5276 -0.535 0.1564, 0.1024 -0.535 0.1564, -0.2598 -0.535 0.1564, -0.2126 -0.535 0.1564, -0.4173 -0.535 0.1564, 0.2126 -0.535 0.1564, 0.2598 -0.535 0.1564, 0.4173 -0.535 0.1564, 0.8898 -0.535 0.1564, -0.1024 -0.535 0.1564, -0.0551 -0.535 0.1564, 0.0551 -0.535 0.1564, 0.5276 -0.535 0.1564, 0.5748 -0.535 0.1564, 0.3701 -0.535 0.1564, 0.7323 -0.535 0.1564, 0.8425 -0.535 0.1564, 0.685 -0.535 0.1564, 1.4469 -0.5643 0.1564, 1.456 -0.5523 0.1564, 1.4509 -0.5612 0.1564, 1.4541 -0.5571 0.1564, 1.4421 -0.5663 0.1564, 0.8425 0.535 0.1564, 0.7323 0.535 0.1564, 1.456 0.5523 0.1564, 1.4421 0.5663 0.1564, 1.4469 0.5643 0.1564, 1.4509 0.5612 0.1564, 1.4541 0.5571 0.1564, 0.3701 0.535 0.1564, 0.8898 0.5031 0.1564, 0.8898 0.535 0.1564, 0.685 0.535 0.1564, 0.5748 0.535 0.1564, 0.5276 0.535 0.1564, -0.1024 0.535 0.1564, 0.2598 0.535 0.1564, 0.2126 0.535 0.1564, 0.4173 0.535 0.1564, -0.2126 0.535 0.1564, -0.2598 0.535 0.1564, -0.4173 0.535 0.1564, 0.1024 0.535 0.1564, 0.0551 0.535 0.1564, -0.0551 0.535 0.1564, -0.5276 0.535 0.1564, -0.5748 0.535 0.1564, -0.3701 0.535 0.1564, -0.7323 0.535 0.1564, -0.8425 0.535 0.1564, -0.8898 0.535 0.1564, -0.685 0.535 0.1564, -1.4469 0.5643 0.1564, -1.4509 0.5612 0.1564, -1.456 0.5523 0.1564, -1.4541 0.5571 0.1564, -1.4421 0.5663 0.1564, 0.8898 0.5031 0.0394, 0.8957 0.5031 0.0394, -0.8366 0.1339 0.0394, -0.8957 0.1339 0.0394, -0.8898 0.1637 0.0394, -0.8425 0.1637 0.0394, -0.8366 -0.1339 0.0394, -0.8957 -0.1339 0.0394, -0.8425 -0.1637 0.0394, -0.8898 -0.1637 0.0394
            ]
        }
        coordIndex [
            0,1,2,-1,3,4,5,-1,6,7,8,-1,8,7,9,-1,8,9,10,-1,10,9,11,-1,12,13,14,-1,15,16,17,-1,18,19,20,-1,15,17,21,-1,18,20,22,-1,2,23,0,-1,0,23,24,-1,0,24,25,-1,26,27,14,-1,17,28,29,-1,30,31,6,-1,6,31,32,-1,6,32,7,-1,7,32,33,-1,7,33,34,-1,20,35,22,-1,22,35,36,-1,22,36,37,-1,37,36,38,-1,37,38,39,-1,39,38,40,-1,17,41,42,-1,16,43,17,-1,17,43,44,-1,17,44,28,-1,45,46,47,-1,47,46,17,-1,47,17,48,-1,48,17,29,-1,19,18,34,-1,34,18,49,-1,34,49,50,-1,51,52,53,-1,53,52,54,-1,53,54,19,-1,19,54,3,-1,13,55,14,-1,14,55,56,-1,14,56,26,-1,45,47,38,-1,38,47,57,-1,38,57,40,-1,42,58,17,-1,17,58,59,-1,17,59,21,-1,27,60,61,-1,61,60,62,-1,61,62,63,-1,64,65,66,-1,25,67,0,-1,0,67,68,-1,0,68,69,-1,70,71,72,-1,66,70,64,-1,64,70,72,-1,64,72,73,-1,73,72,74,-1,73,74,75,-1,75,74,76,-1,77,78,3,-1,63,79,61,-1,61,79,80,-1,61,80,2,-1,2,80,81,-1,2,81,23,-1,77,3,82,-1,83,84,85,-1,86,87,72,-1,69,88,0,-1,0,88,82,-1,0,82,14,-1,14,82,3,-1,14,3,12,-1,12,3,5,-1,78,89,3,-1,3,89,90,-1,3,90,19,-1,19,90,91,-1,19,91,20,-1,85,86,83,-1,83,86,72,-1,83,72,92,-1,92,72,71,-1,92,71,93,-1,93,71,94,-1,95,96,97,-1,97,96,72,-1,97,72,98,-1,98,72,87,-1,98,87,99,-1,99,87,100,-1,101,102,7,-1,103,104,105,-1,106,107,7,-1,7,107,108,-1,109,110,111,-1,111,110,112,-1,104,113,105,-1,105,113,114,-1,105,114,115,-1,115,106,105,-1,105,106,7,-1,105,7,116,-1,116,7,102,-1,116,102,117,-1,117,102,118,-1,119,120,121,-1,121,120,122,-1,121,122,101,-1,123,124,125,-1,125,124,126,-1,127,128,129,-1,122,125,101,-1,101,125,126,-1,101,126,130,-1,130,126,131,-1,130,131,129,-1,129,131,132,-1,129,132,127,-1,133,134,135,-1,133,135,128,-1,134,133,136,-1,136,133,137,-1,136,137,108,-1,108,137,51,-1,108,51,7,-1,7,51,53,-1,7,53,9,-1,135,138,128,-1,128,138,139,-1,128,139,129,-1,129,139,140,-1,129,140,141,-1,141,142,129,-1,129,142,143,-1,129,143,105,-1,105,143,144,-1,105,144,103,-1,145,146,7,-1,7,146,147,-1,147,148,7,-1,7,148,111,-1,7,111,101,-1,101,111,112,-1,101,112,121,-1,149,150,151,-1,152,153,111,-1,151,152,149,-1,149,152,111,-1,149,111,154,-1,154,111,148,-1,154,148,155,-1,155,148,156,-1,157,158,159,-1,159,158,111,-1,159,111,160,-1,160,111,153,-1,160,153,161,-1,161,153,162,-1,163,164,72,-1,72,164,165,-1,72,165,166,-1,166,167,168,-1,169,170,60,-1,168,169,166,-1,166,169,60,-1,166,60,72,-1,72,60,27,-1,72,27,74,-1,74,27,26,-1,171,172,173,-1,174,175,60,-1,173,174,171,-1,171,174,60,-1,171,60,176,-1,176,60,170,-1,176,170,177,-1,177,170,178,-1,179,180,181,-1,181,182,179,-1,179,182,60,-1,179,60,183,-1,183,60,175,-1,183,175,184,-1,184,175,185,-1,186,187,188,-1,188,187,189,-1,50,190,34,-1,34,190,191,-1,34,191,7,-1,7,191,192,-1,191,193,192,-1,192,193,194,-1,192,194,189,-1,189,194,60,-1,189,60,188,-1,188,60,182,-1,195,145,196,-1,196,145,7,-1,196,7,197,-1,197,7,192,-1,197,192,198,-1,198,192,199,-1,200,201,202,-1,202,201,203,-1,204,202,205,-1,205,202,203,-1,205,203,100,-1,100,203,99,-1,206,207,208,-1,208,207,209,-1,210,208,211,-1,211,208,209,-1,211,209,167,-1,167,209,168,-1,212,213,214,-1,215,216,217,-1,85,84,217,-1,217,84,212,-1,217,212,215,-1,215,212,214,-1,218,219,220,-1,220,219,221,-1,222,220,223,-1,223,220,221,-1,223,221,178,-1,178,221,177,-1,224,225,226,-1,226,225,227,-1,228,226,229,-1,229,226,227,-1,229,227,94,-1,94,227,93,-1,230,231,232,-1,232,231,233,-1,234,232,235,-1,235,232,233,-1,235,233,172,-1,172,233,173,-1,236,237,238,-1,238,237,239,-1,240,238,241,-1,241,238,239,-1,241,239,65,-1,65,239,66,-1,242,243,244,-1,244,243,245,-1,246,244,247,-1,247,244,245,-1,247,245,185,-1,185,245,184,-1,248,249,250,-1,250,249,251,-1,252,250,253,-1,253,250,251,-1,253,251,76,-1,76,251,75,-1,254,255,256,-1,256,255,257,-1,258,256,259,-1,259,256,257,-1,259,257,180,-1,180,257,181,-1,260,261,262,-1,262,261,263,-1,264,262,265,-1,265,262,263,-1,265,263,55,-1,55,263,56,-1,266,267,268,-1,268,267,269,-1,270,268,271,-1,271,268,269,-1,271,269,186,-1,186,269,187,-1,272,273,274,-1,274,273,275,-1,276,274,277,-1,277,274,275,-1,277,275,4,-1,4,275,5,-1,278,279,280,-1,280,279,281,-1,282,280,283,-1,283,280,281,-1,283,281,199,-1,199,281,198,-1,284,285,286,-1,286,285,287,-1,288,286,289,-1,289,286,287,-1,289,287,137,-1,137,287,52,-1,290,291,292,-1,292,291,293,-1,294,292,295,-1,295,292,293,-1,295,293,195,-1,195,293,146,-1,296,297,298,-1,298,297,299,-1,300,298,301,-1,301,298,299,-1,301,299,132,-1,132,299,127,-1,302,303,304,-1,304,303,305,-1,306,304,307,-1,307,304,305,-1,307,305,156,-1,156,305,155,-1,308,309,310,-1,310,309,311,-1,312,310,313,-1,313,310,311,-1,313,311,123,-1,123,311,124,-1,314,315,316,-1,316,315,317,-1,318,316,319,-1,319,316,317,-1,319,317,150,-1,150,317,151,-1,320,321,322,-1,322,321,323,-1,324,322,325,-1,325,322,323,-1,325,323,119,-1,119,323,120,-1,326,327,328,-1,328,327,329,-1,330,328,331,-1,331,328,329,-1,331,329,162,-1,162,329,161,-1,332,333,334,-1,334,333,335,-1,336,337,338,-1,338,337,339,-1,340,341,342,-1,342,341,343,-1,344,345,346,-1,346,345,347,-1,348,349,350,-1,350,349,351,-1,352,353,354,-1,354,353,355,-1,356,357,358,-1,358,357,359,-1,360,361,362,-1,362,361,363,-1,364,365,366,-1,366,365,367,-1,368,369,370,-1,370,369,371,-1,372,373,374,-1,374,373,375,-1,335,376,334,-1,334,376,377,-1,378,337,379,-1,379,337,336,-1,343,380,342,-1,342,380,381,-1,382,345,383,-1,383,345,344,-1,351,384,350,-1,350,384,385,-1,386,353,387,-1,387,353,352,-1,388,357,389,-1,389,357,356,-1,390,361,391,-1,391,361,360,-1,367,392,366,-1,366,392,393,-1,371,394,370,-1,370,394,395,-1,396,373,397,-1,397,373,372,-1,398,399,400,-1,400,399,401,-1,402,403,404,-1,404,403,405,-1,406,407,408,-1,408,407,409,-1,410,411,412,-1,412,411,413,-1,414,415,416,-1,416,415,417,-1,418,419,420,-1,420,419,421,-1,422,423,424,-1,424,423,425,-1,426,427,428,-1,428,427,429,-1,430,431,432,-1,432,431,433,-1,434,435,436,-1,436,435,437,-1,438,439,440,-1,440,439,441,-1,401,442,400,-1,400,442,443,-1,405,444,404,-1,404,444,445,-1,409,446,408,-1,408,446,447,-1,448,411,449,-1,449,411,410,-1,417,450,416,-1,416,450,451,-1,421,452,420,-1,420,452,453,-1,425,454,424,-1,424,454,455,-1,456,427,457,-1,457,427,426,-1,433,458,432,-1,432,458,459,-1,460,435,461,-1,461,435,434,-1,462,439,463,-1,463,439,438,-1,464,465,466,-1,110,109,466,-1,466,109,467,-1,466,467,464,-1,468,469,470,-1,470,469,471,-1,470,471,157,-1,157,471,158,-1,472,473,474,-1,474,473,475,-1,476,477,478,-1,478,477,479,-1,475,480,474,-1,474,480,481,-1,482,477,483,-1,483,477,476,-1,484,485,486,-1,486,485,487,-1,488,487,489,-1,489,487,490,-1,491,492,490,-1,490,492,493,-1,488,494,487,-1,487,494,495,-1,487,495,496,-1,496,497,487,-1,487,497,498,-1,487,498,486,-1,493,499,490,-1,490,499,500,-1,490,500,501,-1,501,502,490,-1,490,502,503,-1,490,503,489,-1,504,505,506,-1,506,505,507,-1,506,507,508,-1,509,510,504,-1,504,510,511,-1,512,513,514,-1,514,513,506,-1,514,506,515,-1,515,506,516,-1,508,517,506,-1,506,517,518,-1,506,518,516,-1,511,519,504,-1,504,519,520,-1,504,520,521,-1,521,522,504,-1,504,522,523,-1,504,523,505,-1,524,492,525,-1,525,492,491,-1,525,491,526,-1,526,491,527,-1,528,529,485,-1,528,485,530,-1,530,485,484,-1,530,484,531,-1,532,533,513,-1,512,534,513,-1,513,534,535,-1,513,535,532,-1,536,510,537,-1,537,510,509,-1,537,509,538,-1,538,509,539,-1,540,541,542,-1,542,541,543,-1,542,543,544,-1,544,543,545,-1,544,545,546,-1,546,545,547,-1,546,547,548,-1,548,547,549,-1,548,549,550,-1,550,549,551,-1,532,535,552,-1,552,535,553,-1,552,553,554,-1,554,553,555,-1,554,555,556,-1,556,555,557,-1,556,557,558,-1,558,557,559,-1,558,559,560,-1,560,559,561,-1,551,562,563,-1,562,551,564,-1,564,551,565,-1,564,565,566,-1,566,565,524,-1,566,524,563,-1,563,524,525,-1,563,525,551,-1,551,525,526,-1,551,526,550,-1,567,551,568,-1,568,551,549,-1,568,549,569,-1,569,549,570,-1,569,570,571,-1,571,570,565,-1,571,565,567,-1,567,565,551,-1,572,549,573,-1,573,549,547,-1,573,547,574,-1,574,547,575,-1,574,575,576,-1,576,575,570,-1,576,570,572,-1,572,570,549,-1,577,547,578,-1,578,547,545,-1,578,545,579,-1,579,545,580,-1,579,580,581,-1,581,580,575,-1,581,575,577,-1,577,575,547,-1,582,545,583,-1,583,545,543,-1,583,543,584,-1,584,543,585,-1,584,585,586,-1,586,585,580,-1,586,580,582,-1,582,580,545,-1,587,543,588,-1,588,543,541,-1,588,541,589,-1,589,541,590,-1,589,590,591,-1,591,590,585,-1,591,585,587,-1,587,585,543,-1,592,593,594,-1,594,590,595,-1,595,590,596,-1,594,593,561,-1,561,593,597,-1,561,597,598,-1,596,590,599,-1,599,590,541,-1,599,541,600,-1,594,595,592,-1,592,595,600,-1,592,600,598,-1,598,600,541,-1,598,541,561,-1,561,541,540,-1,561,540,560,-1,601,561,602,-1,602,561,559,-1,602,559,603,-1,603,559,604,-1,603,604,605,-1,605,604,594,-1,605,594,601,-1,601,594,561,-1,606,559,607,-1,607,559,557,-1,607,557,608,-1,608,557,609,-1,608,609,610,-1,610,609,604,-1,610,604,606,-1,606,604,559,-1,611,557,612,-1,612,557,555,-1,612,555,613,-1,613,555,614,-1,613,614,615,-1,615,614,609,-1,615,609,611,-1,611,609,557,-1,616,614,617,-1,617,614,618,-1,618,614,555,-1,618,555,619,-1,619,555,553,-1,619,553,620,-1,535,534,553,-1,553,534,616,-1,553,616,620,-1,620,616,617,-1,621,622,623,-1,536,537,624,-1,624,537,623,-1,624,623,625,-1,625,623,626,-1,625,626,627,-1,627,626,628,-1,627,628,629,-1,629,628,630,-1,629,630,631,-1,631,630,632,-1,631,632,633,-1,633,632,634,-1,633,634,635,-1,635,634,636,-1,635,636,637,-1,637,636,638,-1,637,638,639,-1,639,638,640,-1,639,640,641,-1,641,640,642,-1,641,642,643,-1,643,642,644,-1,644,645,646,-1,645,644,647,-1,647,644,648,-1,647,648,649,-1,649,648,528,-1,649,528,646,-1,646,528,530,-1,646,530,644,-1,644,530,531,-1,644,531,643,-1,650,651,652,-1,652,651,648,-1,652,648,653,-1,653,648,644,-1,653,644,654,-1,654,644,642,-1,654,642,650,-1,650,642,651,-1,655,656,657,-1,657,656,651,-1,657,651,658,-1,658,651,642,-1,658,642,659,-1,659,642,640,-1,659,640,655,-1,655,640,656,-1,660,661,662,-1,662,661,656,-1,662,656,663,-1,663,656,640,-1,663,640,664,-1,664,640,638,-1,664,638,660,-1,660,638,661,-1,665,666,667,-1,667,666,661,-1,667,661,668,-1,668,661,638,-1,668,638,669,-1,669,638,636,-1,669,636,665,-1,665,636,666,-1,670,671,672,-1,672,671,666,-1,672,666,673,-1,673,666,636,-1,673,636,674,-1,674,636,634,-1,674,634,670,-1,670,634,671,-1,675,676,677,-1,677,676,678,-1,679,671,680,-1,680,671,634,-1,680,634,675,-1,675,634,632,-1,675,632,676,-1,679,677,671,-1,671,677,678,-1,671,678,681,-1,681,678,682,-1,681,682,632,-1,632,682,683,-1,632,683,676,-1,684,685,686,-1,686,685,681,-1,686,681,687,-1,687,681,632,-1,687,632,688,-1,688,632,630,-1,688,630,684,-1,684,630,685,-1,689,690,691,-1,691,690,685,-1,691,685,692,-1,692,685,630,-1,692,630,693,-1,693,630,628,-1,693,628,689,-1,689,628,690,-1,694,695,696,-1,696,695,690,-1,696,690,697,-1,697,690,628,-1,697,628,698,-1,698,628,626,-1,698,626,694,-1,694,626,695,-1,623,622,626,-1,626,622,699,-1,626,699,695,-1,537,538,623,-1,623,538,700,-1,623,700,621,-1,621,700,695,-1,621,695,701,-1,701,695,699,-1,505,702,507,-1,507,702,703,-1,704,507,705,-1,705,507,703,-1,705,703,96,-1,96,703,163,-1,512,514,534,-1,534,514,706,-1,534,706,524,-1,524,706,707,-1,524,707,492,-1,492,707,493,-1,489,708,488,-1,488,708,467,-1,709,488,471,-1,471,488,467,-1,471,467,158,-1,158,467,109,-1,484,486,531,-1,531,486,710,-1,531,710,536,-1,536,710,711,-1,536,711,510,-1,510,711,511,-1,712,713,714,-1,714,713,715,-1,716,717,718,-1,718,717,719,-1,720,721,722,-1,722,721,723,-1,724,725,726,-1,726,725,727,-1,728,729,730,-1,730,729,731,-1,533,527,732,-1,732,527,733,-1,734,735,736,-1,736,735,733,-1,736,733,490,-1,490,733,527,-1,490,527,491,-1,737,738,739,-1,740,741,533,-1,739,740,737,-1,737,740,533,-1,737,533,742,-1,742,533,732,-1,742,732,743,-1,743,732,744,-1,745,746,747,-1,748,749,533,-1,747,748,745,-1,745,748,533,-1,745,533,750,-1,750,533,741,-1,750,741,751,-1,751,741,752,-1,753,754,755,-1,756,757,533,-1,755,756,753,-1,753,756,533,-1,753,533,758,-1,758,533,749,-1,758,749,759,-1,759,749,760,-1,761,762,763,-1,764,765,533,-1,763,764,761,-1,761,764,533,-1,761,533,766,-1,766,533,757,-1,766,757,767,-1,767,757,768,-1,769,770,771,-1,772,773,533,-1,771,772,769,-1,769,772,533,-1,769,533,774,-1,774,533,765,-1,774,765,775,-1,775,765,776,-1,777,778,773,-1,773,778,779,-1,773,779,533,-1,533,779,780,-1,533,780,781,-1,506,513,728,-1,728,513,533,-1,728,533,729,-1,729,533,781,-1,782,783,736,-1,736,783,734,-1,529,539,784,-1,784,539,785,-1,731,786,730,-1,730,786,785,-1,730,785,504,-1,504,785,539,-1,504,539,509,-1,787,788,789,-1,790,791,529,-1,789,790,787,-1,787,790,529,-1,787,529,792,-1,792,529,784,-1,792,784,793,-1,793,784,794,-1,795,796,797,-1,798,799,529,-1,797,798,795,-1,795,798,529,-1,795,529,800,-1,800,529,791,-1,800,791,801,-1,801,791,802,-1,803,804,805,-1,806,807,529,-1,805,806,803,-1,803,806,529,-1,803,529,808,-1,808,529,799,-1,808,799,809,-1,809,799,810,-1,811,812,813,-1,814,815,529,-1,813,814,811,-1,811,814,529,-1,811,529,816,-1,816,529,807,-1,816,807,817,-1,817,807,818,-1,819,820,821,-1,822,823,529,-1,821,822,819,-1,819,822,529,-1,819,529,824,-1,824,529,815,-1,824,815,825,-1,825,815,826,-1,827,828,823,-1,823,828,829,-1,823,829,529,-1,529,829,830,-1,529,830,831,-1,487,485,782,-1,782,485,529,-1,782,529,783,-1,783,529,831,-1,832,833,478,-1,834,835,836,-1,837,838,374,-1,735,472,839,-1,839,472,840,-1,839,840,841,-1,841,840,842,-1,841,842,419,-1,836,835,479,-1,479,835,828,-1,479,828,478,-1,478,828,827,-1,478,827,832,-1,843,844,354,-1,845,846,415,-1,833,832,847,-1,847,832,848,-1,847,848,375,-1,375,848,821,-1,375,821,374,-1,374,821,820,-1,374,820,837,-1,849,850,349,-1,836,851,834,-1,834,851,726,-1,834,726,831,-1,831,726,727,-1,831,727,783,-1,783,727,722,-1,783,722,734,-1,734,722,723,-1,734,723,735,-1,735,723,473,-1,735,473,472,-1,846,845,852,-1,852,845,853,-1,852,853,418,-1,418,853,743,-1,418,743,419,-1,419,743,744,-1,419,744,841,-1,838,837,854,-1,854,837,855,-1,854,855,355,-1,355,855,825,-1,355,825,354,-1,354,825,826,-1,354,826,843,-1,856,857,362,-1,858,859,428,-1,844,843,860,-1,860,843,861,-1,860,861,348,-1,348,861,813,-1,348,813,349,-1,349,813,812,-1,349,812,849,-1,862,863,358,-1,859,858,864,-1,864,858,865,-1,864,865,414,-1,414,865,739,-1,414,739,415,-1,415,739,738,-1,415,738,845,-1,850,849,866,-1,866,849,867,-1,866,867,363,-1,363,867,817,-1,363,817,362,-1,362,817,818,-1,362,818,856,-1,868,869,338,-1,870,871,423,-1,857,856,872,-1,872,856,873,-1,872,873,359,-1,359,873,805,-1,359,805,358,-1,358,805,804,-1,358,804,862,-1,874,875,333,-1,871,870,876,-1,876,870,877,-1,876,877,429,-1,429,877,751,-1,429,751,428,-1,428,751,752,-1,428,752,858,-1,863,862,878,-1,878,862,879,-1,878,879,339,-1,339,879,809,-1,339,809,338,-1,338,809,810,-1,338,810,868,-1,880,881,346,-1,882,883,403,-1,869,868,884,-1,884,868,885,-1,884,885,332,-1,332,885,797,-1,332,797,333,-1,333,797,796,-1,333,796,874,-1,886,887,341,-1,883,882,888,-1,888,882,889,-1,888,889,422,-1,422,889,747,-1,422,747,423,-1,423,747,746,-1,423,746,870,-1,875,874,890,-1,890,874,891,-1,890,891,347,-1,347,891,801,-1,347,801,346,-1,346,801,802,-1,346,802,880,-1,892,893,365,-1,894,895,399,-1,881,880,896,-1,896,880,897,-1,896,897,340,-1,340,897,789,-1,340,789,341,-1,341,789,788,-1,341,788,886,-1,893,892,898,-1,898,892,899,-1,898,899,368,-1,368,899,786,-1,368,786,369,-1,895,894,900,-1,900,894,901,-1,900,901,402,-1,402,901,759,-1,402,759,403,-1,403,759,760,-1,403,760,882,-1,887,886,902,-1,902,886,903,-1,902,903,364,-1,364,903,793,-1,364,793,365,-1,365,793,794,-1,365,794,892,-1,904,905,412,-1,905,904,906,-1,906,904,907,-1,906,907,398,-1,398,907,755,-1,398,755,399,-1,399,755,754,-1,399,754,894,-1,908,909,407,-1,909,908,910,-1,910,908,911,-1,910,911,413,-1,413,911,767,-1,413,767,412,-1,412,767,768,-1,412,768,904,-1,912,913,436,-1,913,912,914,-1,914,912,915,-1,914,915,406,-1,406,915,763,-1,406,763,407,-1,407,763,762,-1,407,762,908,-1,916,917,440,-1,917,916,918,-1,918,916,919,-1,918,919,437,-1,437,919,775,-1,437,775,436,-1,436,775,776,-1,436,776,912,-1,920,921,431,-1,921,920,922,-1,922,920,923,-1,922,923,441,-1,441,923,771,-1,441,771,440,-1,440,771,770,-1,440,770,916,-1,369,786,712,-1,712,786,731,-1,712,731,713,-1,713,731,729,-1,713,729,719,-1,719,729,781,-1,719,781,718,-1,718,781,924,-1,718,924,925,-1,925,924,926,-1,926,924,927,-1,926,927,430,-1,430,927,778,-1,430,778,431,-1,431,778,777,-1,431,777,920,-1,928,395,394,-1,929,448,449,-1,459,458,930,-1,459,931,932,-1,932,931,933,-1,934,390,391,-1,443,442,935,-1,935,442,936,-1,462,463,937,-1,937,463,938,-1,382,383,939,-1,939,383,940,-1,941,939,942,-1,942,939,940,-1,942,940,933,-1,933,940,943,-1,459,930,931,-1,931,930,937,-1,931,937,944,-1,944,937,938,-1,944,938,945,-1,482,483,946,-1,445,444,947,-1,947,444,948,-1,949,950,951,-1,951,950,935,-1,952,953,942,-1,446,954,944,-1,955,932,956,-1,956,932,933,-1,956,933,957,-1,957,933,943,-1,957,943,380,-1,380,943,381,-1,958,482,959,-1,447,446,960,-1,960,446,944,-1,960,944,961,-1,961,944,945,-1,961,945,461,-1,461,945,460,-1,962,963,955,-1,394,962,928,-1,928,962,955,-1,928,955,964,-1,964,955,956,-1,964,956,392,-1,392,956,393,-1,388,389,949,-1,949,389,952,-1,949,952,950,-1,950,952,942,-1,950,942,449,-1,449,942,944,-1,449,944,929,-1,929,944,954,-1,482,946,959,-1,959,946,965,-1,959,965,966,-1,481,480,967,-1,967,480,968,-1,969,386,387,-1,970,971,972,-1,972,971,973,-1,974,975,966,-1,378,379,953,-1,953,379,976,-1,953,976,942,-1,942,976,977,-1,942,977,941,-1,941,977,377,-1,941,377,376,-1,970,452,959,-1,959,452,978,-1,959,978,958,-1,958,978,967,-1,958,967,979,-1,979,967,968,-1,979,968,980,-1,981,970,982,-1,982,970,972,-1,982,972,457,-1,457,972,456,-1,387,974,969,-1,969,974,966,-1,969,966,983,-1,983,966,965,-1,983,965,397,-1,397,965,396,-1,385,384,975,-1,975,384,984,-1,391,951,934,-1,934,951,935,-1,934,935,984,-1,984,935,936,-1,984,936,975,-1,975,936,947,-1,975,947,966,-1,966,947,948,-1,966,948,971,-1,971,948,985,-1,971,985,973,-1,973,985,455,-1,973,455,454,-1,453,452,986,-1,986,452,970,-1,986,970,987,-1,987,970,981,-1,987,981,450,-1,450,981,451,-1,717,715,719,-1,719,715,713,-1,715,962,714,-1,714,962,394,-1,714,371,712,-1,712,371,369,-1,715,717,962,-1,714,394,371,-1,721,475,723,-1,723,475,473,-1,962,717,963,-1,963,717,716,-1,968,725,980,-1,980,725,724,-1,725,720,727,-1,727,720,722,-1,475,721,480,-1,725,968,720,-1,720,968,721,-1,721,968,480,-1,988,989,942,-1,942,989,944,-1,989,990,944,-1,944,990,931,-1,990,991,931,-1,931,991,933,-1,991,988,933,-1,933,988,942,-1,991,990,988,-1,988,990,989,-1,992,993,959,-1,959,993,970,-1,993,994,970,-1,970,994,971,-1,994,995,971,-1,971,995,966,-1,995,992,966,-1,966,992,959,-1,995,994,992,-1,992,994,993,-1,482,958,477,-1,477,958,836,-1,477,836,479,-1,979,980,851,-1,851,980,724,-1,851,724,726,-1,958,979,836,-1,836,979,851,-1,481,967,474,-1,474,967,840,-1,474,840,472,-1,978,452,842,-1,842,452,421,-1,842,421,419,-1,967,978,840,-1,840,978,842,-1,996,997,998,-1,164,163,998,-1,998,163,703,-1,998,703,996,-1,999,1000,709,-1,326,328,1001,-1,1001,328,1002,-1,709,710,1003,-1,1003,1004,709,-1,709,1004,1005,-1,709,1005,999,-1,1006,290,292,-1,471,469,709,-1,709,469,1007,-1,709,1007,710,-1,710,1007,1001,-1,710,1001,711,-1,711,1001,1002,-1,711,1002,1008,-1,314,316,1008,-1,1008,316,1009,-1,1008,1009,711,-1,711,1009,1010,-1,1011,254,256,-1,1012,1013,711,-1,292,1012,1006,-1,1006,1012,711,-1,1006,711,1014,-1,1014,711,1010,-1,1014,1010,304,-1,304,1010,302,-1,1015,1016,711,-1,1017,230,232,-1,711,1018,996,-1,278,280,1013,-1,1013,280,1019,-1,1013,1019,711,-1,711,1019,1020,-1,266,268,1020,-1,1020,268,1021,-1,1020,1021,711,-1,711,1021,1011,-1,711,1011,1015,-1,1015,1011,256,-1,1022,1023,711,-1,242,244,1016,-1,1016,244,1024,-1,1016,1024,711,-1,711,1024,1017,-1,711,1017,1022,-1,1022,1017,232,-1,1025,206,208,-1,1018,711,1026,-1,208,1026,1025,-1,1025,1026,711,-1,1025,711,1027,-1,1027,711,1023,-1,1027,1023,220,-1,220,1023,218,-1,1028,1029,1030,-1,1030,1029,1031,-1,1028,1032,1029,-1,1029,1032,711,-1,1029,711,702,-1,702,711,996,-1,702,996,703,-1,200,202,1033,-1,1033,202,1034,-1,704,706,1035,-1,1035,706,1036,-1,1036,1037,1035,-1,1035,1037,1038,-1,1035,1038,1039,-1,1040,236,238,-1,705,1041,704,-1,704,1041,1042,-1,704,1042,706,-1,706,1042,1033,-1,706,1033,707,-1,707,1033,1034,-1,707,1034,1043,-1,215,214,1043,-1,1043,214,1044,-1,1043,1044,707,-1,707,1044,1045,-1,1046,272,274,-1,1047,1048,707,-1,238,1047,1040,-1,1040,1047,707,-1,1040,707,1049,-1,1049,707,1045,-1,1049,1045,226,-1,226,1045,224,-1,1050,1051,707,-1,1052,296,298,-1,248,250,1048,-1,1048,250,1053,-1,1048,1053,707,-1,707,1053,1054,-1,260,262,1054,-1,1054,262,1055,-1,1054,1055,707,-1,707,1055,1046,-1,707,1046,1050,-1,1050,1046,274,-1,1056,1057,707,-1,284,286,1051,-1,1051,286,1058,-1,1051,1058,707,-1,707,1058,1052,-1,707,1052,1056,-1,1056,1052,298,-1,1059,320,322,-1,1060,1061,707,-1,322,1060,1059,-1,1059,1060,707,-1,1059,707,1062,-1,1062,707,1057,-1,1062,1057,310,-1,310,1057,308,-1,464,467,708,-1,1063,708,1064,-1,1064,708,1065,-1,1064,1065,1066,-1,1061,464,707,-1,707,464,708,-1,707,708,1067,-1,1067,708,1063,-1,1068,1041,1069,-1,1069,1041,705,-1,1069,705,95,-1,95,705,96,-1,1070,325,121,-1,121,325,119,-1,112,110,1071,-1,1071,110,466,-1,466,465,1072,-1,324,325,1073,-1,1073,325,1070,-1,1073,1070,1072,-1,1072,1070,1071,-1,1072,1071,466,-1,1071,1070,112,-1,112,1070,121,-1,160,161,1074,-1,1074,161,329,-1,1075,470,159,-1,159,470,157,-1,329,327,1076,-1,468,470,1077,-1,1077,470,1075,-1,1077,1075,1076,-1,1076,1075,1074,-1,1076,1074,329,-1,1074,1075,160,-1,160,1075,159,-1,
        ]
    }
}
Shape{
    appearance Appearance {
        material  Material 	{
            diffuseColor 0.5019607843137255 0.5019607843137255 0.0
            specularColor 0.25098039215686274 0.25098039215686274 0.0
            ambientIntensity 0.4447
            transparency 0.0
            shininess 0.5
        }
    }
    geometry IndexedFaceSet {
        ccw TRUE
        solid FALSE
        coord DEF co Coordinate {
            point [
                -0.8425 -0.535 0.0984, -0.8898 -0.535 0.0984, -0.8425 -0.5395 0.0758, -0.8898 -0.5395 0.0758, -0.8425 -0.5523 0.0567, -0.8898 -0.5523 0.0567, -0.8425 -0.5714 0.0439, -0.8898 -0.5714 0.0439, -0.8425 -0.594 0.0394, -0.8898 -0.594 0.0394, -0.8425 -0.6654 0.0394, -0.8898 -0.6654 0.0394, -0.8425 -0.6654 0.0, -0.8898 -0.6654 0.0, -0.8425 -0.1637 0.0, -0.8898 -0.1637 0.0, -0.8898 -0.1637 0.0394, -0.8898 -0.5031 0.0394, -0.8898 -0.535 0.1564, -0.8898 -0.5031 0.1564, -0.8425 -0.5031 0.0394, -0.8425 -0.1637 0.0394, -0.8425 -0.5031 0.1564, -0.8425 -0.535 0.1564, -0.8898 -0.1637 0.4745, -0.8425 -0.1637 0.4745, -0.8898 -0.1637 0.2362, -0.8425 -0.1637 0.2362, -0.8425 -0.1958 0.4745, -0.8898 -0.1958 0.4745, -0.8425 -0.1958 0.264, -0.8898 -0.1958 0.264, -0.8425 -0.3701 0.264, -0.8898 -0.3701 0.264, -0.8425 -0.3701 0.2362, -0.8898 -0.3701 0.2362, -0.8425 0.6654 0.0, -0.8425 0.1637 0.0, -0.8898 0.6654 0.0, -0.8898 0.1637 0.0, -0.8425 0.6654 0.0394, -0.8898 0.6654 0.0394, -0.8425 0.594 0.0394, -0.8898 0.594 0.0394, -0.8425 0.5714 0.0439, -0.8898 0.5714 0.0439, -0.8425 0.5523 0.0567, -0.8898 0.5523 0.0567, -0.8425 0.5395 0.0758, -0.8898 0.5395 0.0758, -0.8425 0.535 0.0984, -0.8898 0.535 0.0984, -0.8425 0.5031 0.0394, -0.8425 0.1637 0.0394, -0.8425 0.535 0.1564, -0.8425 0.5031 0.1564, -0.8898 0.5031 0.0394, -0.8898 0.1637 0.0394, -0.8898 0.5031 0.1564, -0.8898 0.535 0.1564, -0.8425 0.1637 0.4745, -0.8898 0.1637 0.4745, -0.8425 0.1637 0.2362, -0.8898 0.1637 0.2362, -0.8425 0.1958 0.4745, -0.8425 0.1958 0.264, -0.8898 0.1958 0.4745, -0.8898 0.1958 0.264, -0.8898 0.3701 0.264, -0.8425 0.3701 0.264, -0.8425 0.3701 0.2362, -0.8898 0.3701 0.2362
            ]
        }
        coordIndex [
            0,1,2,-1,2,1,3,-1,2,3,4,-1,4,3,5,-1,4,5,6,-1,6,5,7,-1,6,7,8,-1,8,7,9,-1,10,8,11,-1,11,8,9,-1,12,10,13,-1,13,10,11,-1,14,12,15,-1,15,12,13,-1,16,15,17,-1,17,15,13,-1,18,19,1,-1,1,19,17,-1,1,17,3,-1,11,9,13,-1,13,9,7,-1,13,7,17,-1,17,7,5,-1,17,5,3,-1,12,14,20,-1,20,14,21,-1,22,23,20,-1,20,23,0,-1,20,0,2,-1,2,4,20,-1,20,4,6,-1,20,6,12,-1,12,6,8,-1,12,8,10,-1,14,15,21,-1,21,15,16,-1,18,1,23,-1,23,1,0,-1,24,25,26,-1,26,25,27,-1,28,25,29,-1,29,25,24,-1,30,28,31,-1,31,28,29,-1,30,31,32,-1,32,31,33,-1,32,34,30,-1,30,34,27,-1,30,27,28,-1,28,27,25,-1,29,24,31,-1,31,24,26,-1,31,26,33,-1,33,26,35,-1,36,37,38,-1,38,37,39,-1,40,36,41,-1,41,36,38,-1,42,40,43,-1,43,40,41,-1,42,43,44,-1,44,43,45,-1,44,45,46,-1,46,45,47,-1,46,47,48,-1,48,47,49,-1,48,49,50,-1,50,49,51,-1,44,46,52,-1,36,40,42,-1,53,37,52,-1,52,37,36,-1,52,36,44,-1,44,36,42,-1,54,55,50,-1,50,55,52,-1,50,52,48,-1,48,52,46,-1,38,39,56,-1,56,39,57,-1,58,59,56,-1,56,59,51,-1,56,51,49,-1,49,47,56,-1,56,47,45,-1,56,45,38,-1,38,45,43,-1,38,43,41,-1,39,37,57,-1,57,37,53,-1,54,50,59,-1,59,50,51,-1,60,61,62,-1,62,61,63,-1,64,65,66,-1,66,65,67,-1,60,64,61,-1,61,64,66,-1,67,65,68,-1,68,65,69,-1,64,60,65,-1,65,60,62,-1,65,62,69,-1,69,62,70,-1,68,71,67,-1,67,71,63,-1,67,63,66,-1,66,63,61,-1,
        ]
    }
}
Shape{
    appearance Appearance {
        material  Material 	{
            diffuseColor 0.11372549019607843 0.11372549019607843 0.11372549019607843
            specularColor 0.058823529411764705 0.058823529411764705 0.058823529411764705
            ambientIntensity 0.1137
            transparency 0.0
            shininess 0.5
        }
    }
    geometry IndexedFaceSet {
        ccw TRUE
        solid FALSE
        coord DEF co Coordinate {
            point [
                -0.899 -0.5141 0.3937, -0.899 -0.4398 0.3937, -0.899 -0.5141 0.5118, -0.899 -0.4398 0.5118, -0.8333 -0.4398 0.3937, -0.8333 -0.4398 0.5118, -0.8333 -0.5141 0.3937, -0.8333 -0.5141 0.5118, -0.8333 0.5141 0.3937, -0.8333 0.4398 0.3937, -0.8333 0.5141 0.5118, -0.8333 0.4398 0.5118, -0.899 0.4398 0.3937, -0.899 0.4398 0.5118, -0.899 0.5141 0.3937, -0.899 0.5141 0.5118, 0.6752 0.1575 0.5118, 0.6752 0.1378 0.5118, 0.6752 0.1969 0.4724, 0.6752 0.1378 0.2362, 0.6752 0.1969 0.2362, 0.7421 0.1378 0.5118, 0.7421 0.1575 0.5118, 0.7421 0.1378 0.2362, 0.7421 0.1969 0.4724, 0.7421 0.1969 0.2362, 0.5177 0.1575 0.5118, 0.5177 0.1378 0.5118, 0.5177 0.1969 0.4724, 0.5177 0.1378 0.2362, 0.5177 0.1969 0.2362, 0.5846 0.1378 0.5118, 0.5846 0.1575 0.5118, 0.5846 0.1378 0.2362, 0.5846 0.1969 0.4724, 0.5846 0.1969 0.2362, 0.8327 0.1575 0.5118, 0.8327 0.1378 0.5118, 0.8327 0.1969 0.4724, 0.8327 0.1378 0.2362, 0.8327 0.1969 0.2362, 0.8996 0.1378 0.5118, 0.8996 0.1575 0.5118, 0.8996 0.1378 0.2362, 0.8996 0.1969 0.4724, 0.8996 0.1969 0.2362, -0.4272 0.1575 0.5118, -0.4272 0.1378 0.5118, -0.4272 0.1969 0.4724, -0.4272 0.1378 0.2362, -0.4272 0.1969 0.2362, -0.3602 0.1378 0.5118, -0.3602 0.1575 0.5118, -0.3602 0.1378 0.2362, -0.3602 0.1969 0.4724, -0.3602 0.1969 0.2362, -0.2697 0.1575 0.5118, -0.2697 0.1378 0.5118, -0.2697 0.1969 0.4724, -0.2697 0.1378 0.2362, -0.2697 0.1969 0.2362, -0.2028 0.1378 0.5118, -0.2028 0.1575 0.5118, -0.2028 0.1378 0.2362, -0.2028 0.1969 0.4724, -0.2028 0.1969 0.2362, -0.7421 0.1575 0.5118, -0.7421 0.1378 0.5118, -0.7421 0.1969 0.4724, -0.7421 0.1378 0.2362, -0.7421 0.1969 0.2362, -0.6752 0.1378 0.5118, -0.6752 0.1575 0.5118, -0.6752 0.1378 0.2362, -0.6752 0.1969 0.4724, -0.6752 0.1969 0.2362, -0.5846 0.1575 0.5118, -0.5846 0.1378 0.5118, -0.5846 0.1969 0.4724, -0.5846 0.1378 0.2362, -0.5846 0.1969 0.2362, -0.5177 0.1378 0.5118, -0.5177 0.1575 0.5118, -0.5177 0.1378 0.2362, -0.5177 0.1969 0.4724, -0.5177 0.1969 0.2362, 0.2028 0.1575 0.5118, 0.2028 0.1378 0.5118, 0.2028 0.1969 0.4724, 0.2028 0.1378 0.2362, 0.2028 0.1969 0.2362, 0.2697 0.1378 0.5118, 0.2697 0.1575 0.5118, 0.2697 0.1378 0.2362, 0.2697 0.1969 0.4724, 0.2697 0.1969 0.2362, 0.3602 0.1575 0.5118, 0.3602 0.1378 0.5118, 0.3602 0.1969 0.4724, 0.3602 0.1378 0.2362, 0.3602 0.1969 0.2362, 0.4272 0.1378 0.5118, 0.4272 0.1575 0.5118, 0.4272 0.1378 0.2362, 0.4272 0.1969 0.4724, 0.4272 0.1969 0.2362, -0.1122 0.1575 0.5118, -0.1122 0.1378 0.5118, -0.1122 0.1969 0.4724, -0.1122 0.1378 0.2362, -0.1122 0.1969 0.2362, -0.0453 0.1378 0.5118, -0.0453 0.1575 0.5118, -0.0453 0.1378 0.2362, -0.0453 0.1969 0.4724, -0.0453 0.1969 0.2362, 0.0453 0.1575 0.5118, 0.0453 0.1378 0.5118, 0.0453 0.1969 0.4724, 0.0453 0.1378 0.2362, 0.0453 0.1969 0.2362, 0.1122 0.1378 0.5118, 0.1122 0.1575 0.5118, 0.1122 0.1378 0.2362, 0.1122 0.1969 0.4724, 0.1122 0.1969 0.2362, -0.6752 -0.1575 0.5118, -0.6752 -0.1378 0.5118, -0.6752 -0.1969 0.4724, -0.6752 -0.1378 0.2362, -0.6752 -0.1969 0.2362, -0.7421 -0.1378 0.5118, -0.7421 -0.1575 0.5118, -0.7421 -0.1378 0.2362, -0.7421 -0.1969 0.4724, -0.7421 -0.1969 0.2362, 0.8996 -0.1575 0.5118, 0.8996 -0.1378 0.5118, 0.8996 -0.1969 0.4724, 0.8996 -0.1378 0.2362, 0.8996 -0.1969 0.2362, 0.8327 -0.1378 0.5118, 0.8327 -0.1575 0.5118, 0.8327 -0.1378 0.2362, 0.8327 -0.1969 0.4724, 0.8327 -0.1969 0.2362, 0.7421 -0.1575 0.5118, 0.7421 -0.1378 0.5118, 0.7421 -0.1969 0.4724, 0.7421 -0.1378 0.2362, 0.7421 -0.1969 0.2362, 0.6752 -0.1378 0.5118, 0.6752 -0.1575 0.5118, 0.6752 -0.1378 0.2362, 0.6752 -0.1969 0.4724, 0.6752 -0.1969 0.2362, -0.2028 -0.1575 0.5118, -0.2028 -0.1378 0.5118, -0.2028 -0.1969 0.4724, -0.2028 -0.1378 0.2362, -0.2028 -0.1969 0.2362, -0.2697 -0.1378 0.5118, -0.2697 -0.1575 0.5118, -0.2697 -0.1378 0.2362, -0.2697 -0.1969 0.4724, -0.2697 -0.1969 0.2362, -0.0453 -0.1575 0.5118, -0.0453 -0.1378 0.5118, -0.0453 -0.1969 0.4724, -0.0453 -0.1378 0.2362, -0.0453 -0.1969 0.2362, -0.1122 -0.1378 0.5118, -0.1122 -0.1575 0.5118, -0.1122 -0.1378 0.2362, -0.1122 -0.1969 0.4724, -0.1122 -0.1969 0.2362, -0.5177 -0.1575 0.5118, -0.5177 -0.1378 0.5118, -0.5177 -0.1969 0.4724, -0.5177 -0.1378 0.2362, -0.5177 -0.1969 0.2362, -0.5846 -0.1378 0.5118, -0.5846 -0.1575 0.5118, -0.5846 -0.1378 0.2362, -0.5846 -0.1969 0.4724, -0.5846 -0.1969 0.2362, -0.3602 -0.1575 0.5118, -0.3602 -0.1378 0.5118, -0.3602 -0.1969 0.4724, -0.3602 -0.1378 0.2362, -0.3602 -0.1969 0.2362, -0.4272 -0.1378 0.5118, -0.4272 -0.1575 0.5118, -0.4272 -0.1378 0.2362, -0.4272 -0.1969 0.4724, -0.4272 -0.1969 0.2362, 0.4272 -0.1575 0.5118, 0.4272 -0.1378 0.5118, 0.4272 -0.1969 0.4724, 0.4272 -0.1378 0.2362, 0.4272 -0.1969 0.2362, 0.3602 -0.1378 0.5118, 0.3602 -0.1575 0.5118, 0.3602 -0.1378 0.2362, 0.3602 -0.1969 0.4724, 0.3602 -0.1969 0.2362, 0.5846 -0.1575 0.5118, 0.5846 -0.1378 0.5118, 0.5846 -0.1969 0.4724, 0.5846 -0.1378 0.2362, 0.5846 -0.1969 0.2362, 0.5177 -0.1378 0.5118, 0.5177 -0.1575 0.5118, 0.5177 -0.1378 0.2362, 0.5177 -0.1969 0.4724, 0.5177 -0.1969 0.2362, 0.1122 -0.1575 0.5118, 0.1122 -0.1378 0.5118, 0.1122 -0.1969 0.4724, 0.1122 -0.1378 0.2362, 0.1122 -0.1969 0.2362, 0.0453 -0.1378 0.5118, 0.0453 -0.1575 0.5118, 0.0453 -0.1378 0.2362, 0.0453 -0.1969 0.4724, 0.0453 -0.1969 0.2362, 0.2697 -0.1575 0.5118, 0.2697 -0.1378 0.5118, 0.2697 -0.1969 0.4724, 0.2697 -0.1378 0.2362, 0.2697 -0.1969 0.2362, 0.2028 -0.1378 0.5118, 0.2028 -0.1575 0.5118, 0.2028 -0.1378 0.2362, 0.2028 -0.1969 0.4724, 0.2028 -0.1969 0.2362, -0.6791 0.1339 0.0394, -0.6791 0.5031 0.0394, -0.6791 0.1339 0.0, -0.6791 0.5031 0.0, -0.7382 0.1339 0.0, -0.7382 0.5031 0.0, -0.7382 0.1339 0.0394, -0.7382 0.5031 0.0394, -0.7323 0.5031 0.0394, -0.7323 0.1637 0.0394, -0.685 0.5031 0.0394, -0.685 0.1637 0.0394, 0.8957 0.1339 0.0394, 0.8957 0.5031 0.0394, 0.8957 0.1339 0.0, 0.8957 0.5031 0.0, 0.8366 0.1339 0.0, 0.8366 0.5031 0.0, 0.8366 0.1339 0.0394, 0.8366 0.5031 0.0394, 0.8425 0.5031 0.0394, 0.8425 0.1637 0.0394, 0.8898 0.5031 0.0394, 0.8898 0.1637 0.0394, 0.7382 0.1339 0.0394, 0.7382 0.5031 0.0394, 0.7382 0.1339 0.0, 0.7382 0.5031 0.0, 0.6791 0.1339 0.0, 0.6791 0.5031 0.0, 0.6791 0.1339 0.0394, 0.6791 0.5031 0.0394, 0.685 0.5031 0.0394, 0.685 0.1637 0.0394, 0.7323 0.5031 0.0394, 0.7323 0.1637 0.0394, -0.2067 0.1339 0.0394, -0.2067 0.5031 0.0394, -0.2067 0.1339 0.0, -0.2067 0.5031 0.0, -0.2657 0.1339 0.0, -0.2657 0.5031 0.0, -0.2657 0.1339 0.0394, -0.2657 0.5031 0.0394, -0.2598 0.5031 0.0394, -0.2598 0.1637 0.0394, -0.2126 0.5031 0.0394, -0.2126 0.1637 0.0394, -0.0492 0.1339 0.0394, -0.0492 0.5031 0.0394, -0.0492 0.1339 0.0, -0.0492 0.5031 0.0, -0.1083 0.1339 0.0, -0.1083 0.5031 0.0, -0.1083 0.1339 0.0394, -0.1083 0.5031 0.0394, -0.1024 0.5031 0.0394, -0.1024 0.1637 0.0394, -0.0551 0.5031 0.0394, -0.0551 0.1637 0.0394, -0.5217 0.1339 0.0394, -0.5217 0.5031 0.0394, -0.5217 0.1339 0.0, -0.5217 0.5031 0.0, -0.5807 0.1339 0.0, -0.5807 0.5031 0.0, -0.5807 0.1339 0.0394, -0.5807 0.5031 0.0394, -0.5748 0.5031 0.0394, -0.5748 0.1637 0.0394, -0.5276 0.5031 0.0394, -0.5276 0.1637 0.0394, -0.3642 0.1339 0.0394, -0.3642 0.5031 0.0394, -0.3642 0.1339 0.0, -0.3642 0.5031 0.0, -0.4232 0.1339 0.0, -0.4232 0.5031 0.0, -0.4232 0.1339 0.0394, -0.4232 0.5031 0.0394, -0.4173 0.5031 0.0394, -0.4173 0.1637 0.0394, -0.3701 0.5031 0.0394, -0.3701 0.1637 0.0394, 0.4232 0.1339 0.0394, 0.4232 0.5031 0.0394, 0.4232 0.1339 0.0, 0.4232 0.5031 0.0, 0.3642 0.1339 0.0, 0.3642 0.5031 0.0, 0.3642 0.1339 0.0394, 0.3642 0.5031 0.0394, 0.3701 0.5031 0.0394, 0.3701 0.1637 0.0394, 0.4173 0.5031 0.0394, 0.4173 0.1637 0.0394, 0.5807 0.1339 0.0394, 0.5807 0.5031 0.0394, 0.5807 0.1339 0.0, 0.5807 0.5031 0.0, 0.5217 0.1339 0.0, 0.5217 0.5031 0.0, 0.5217 0.1339 0.0394, 0.5217 0.5031 0.0394, 0.5276 0.5031 0.0394, 0.5276 0.1637 0.0394, 0.5748 0.5031 0.0394, 0.5748 0.1637 0.0394, 0.1083 0.1339 0.0394, 0.1083 0.5031 0.0394, 0.1083 0.1339 0.0, 0.1083 0.5031 0.0, 0.0492 0.1339 0.0, 0.0492 0.5031 0.0, 0.0492 0.1339 0.0394, 0.0492 0.5031 0.0394, 0.0551 0.5031 0.0394, 0.0551 0.1637 0.0394, 0.1024 0.5031 0.0394, 0.1024 0.1637 0.0394, 0.2657 0.1339 0.0394, 0.2657 0.5031 0.0394, 0.2657 0.1339 0.0, 0.2657 0.5031 0.0, 0.2067 0.1339 0.0, 0.2067 0.5031 0.0, 0.2067 0.1339 0.0394, 0.2067 0.5031 0.0394, 0.2126 0.5031 0.0394, 0.2126 0.1637 0.0394, 0.2598 0.5031 0.0394, 0.2598 0.1637 0.0394, 0.7382 -0.1339 0.0, 0.7382 -0.5031 0.0, 0.7382 -0.1339 0.0394, 0.7382 -0.5031 0.0394, 0.6791 -0.1339 0.0394, 0.6791 -0.5031 0.0394, 0.6791 -0.1339 0.0, 0.6791 -0.5031 0.0, 0.7323 -0.5031 0.0394, 0.7323 -0.1637 0.0394, 0.685 -0.5031 0.0394, 0.685 -0.1637 0.0394, 0.5807 -0.1339 0.0, 0.5807 -0.5031 0.0, 0.5807 -0.1339 0.0394, 0.5807 -0.5031 0.0394, 0.5217 -0.1339 0.0394, 0.5217 -0.5031 0.0394, 0.5217 -0.1339 0.0, 0.5217 -0.5031 0.0, 0.5748 -0.5031 0.0394, 0.5748 -0.1637 0.0394, 0.5276 -0.5031 0.0394, 0.5276 -0.1637 0.0394, 0.8957 -0.1339 0.0, 0.8957 -0.5031 0.0, 0.8957 -0.1339 0.0394, 0.8957 -0.5031 0.0394, 0.8366 -0.1339 0.0394, 0.8366 -0.5031 0.0394, 0.8366 -0.1339 0.0, 0.8366 -0.5031 0.0, 0.8898 -0.5031 0.0394, 0.8898 -0.1637 0.0394, 0.8425 -0.5031 0.0394, 0.8425 -0.1637 0.0394, -0.3642 -0.1339 0.0, -0.3642 -0.5031 0.0, -0.3642 -0.1339 0.0394, -0.3642 -0.5031 0.0394, -0.4232 -0.1339 0.0394, -0.4232 -0.5031 0.0394, -0.4232 -0.1339 0.0, -0.4232 -0.5031 0.0, -0.3701 -0.5031 0.0394, -0.3701 -0.1637 0.0394, -0.4173 -0.5031 0.0394, -0.4173 -0.1637 0.0394, -0.2067 -0.1339 0.0, -0.2067 -0.5031 0.0, -0.2067 -0.1339 0.0394, -0.2067 -0.5031 0.0394, -0.2657 -0.1339 0.0394, -0.2657 -0.5031 0.0394, -0.2657 -0.1339 0.0, -0.2657 -0.5031 0.0, -0.2126 -0.5031 0.0394, -0.2126 -0.1637 0.0394, -0.2598 -0.5031 0.0394, -0.2598 -0.1637 0.0394, -0.6791 -0.1339 0.0, -0.6791 -0.5031 0.0, -0.6791 -0.1339 0.0394, -0.6791 -0.5031 0.0394, -0.7382 -0.1339 0.0394, -0.7382 -0.5031 0.0394, -0.7382 -0.1339 0.0, -0.7382 -0.5031 0.0, -0.685 -0.5031 0.0394, -0.685 -0.1637 0.0394, -0.7323 -0.5031 0.0394, -0.7323 -0.1637 0.0394, -0.5217 -0.1339 0.0, -0.5217 -0.5031 0.0, -0.5217 -0.1339 0.0394, -0.5217 -0.5031 0.0394, -0.5807 -0.1339 0.0394, -0.5807 -0.5031 0.0394, -0.5807 -0.1339 0.0, -0.5807 -0.5031 0.0, -0.5276 -0.5031 0.0394, -0.5276 -0.1637 0.0394, -0.5748 -0.5031 0.0394, -0.5748 -0.1637 0.0394, 0.2657 -0.1339 0.0, 0.2657 -0.5031 0.0, 0.2657 -0.1339 0.0394, 0.2657 -0.5031 0.0394, 0.2067 -0.1339 0.0394, 0.2067 -0.5031 0.0394, 0.2067 -0.1339 0.0, 0.2067 -0.5031 0.0, 0.2598 -0.5031 0.0394, 0.2598 -0.1637 0.0394, 0.2126 -0.5031 0.0394, 0.2126 -0.1637 0.0394, 0.4232 -0.1339 0.0, 0.4232 -0.5031 0.0, 0.4232 -0.1339 0.0394, 0.4232 -0.5031 0.0394, 0.3642 -0.1339 0.0394, 0.3642 -0.5031 0.0394, 0.3642 -0.1339 0.0, 0.3642 -0.5031 0.0, 0.4173 -0.5031 0.0394, 0.4173 -0.1637 0.0394, 0.3701 -0.5031 0.0394, 0.3701 -0.1637 0.0394, -0.0492 -0.1339 0.0, -0.0492 -0.5031 0.0, -0.0492 -0.1339 0.0394, -0.0492 -0.5031 0.0394, -0.1083 -0.1339 0.0394, -0.1083 -0.5031 0.0394, -0.1083 -0.1339 0.0, -0.1083 -0.5031 0.0, -0.0551 -0.5031 0.0394, -0.0551 -0.1637 0.0394, -0.1024 -0.5031 0.0394, -0.1024 -0.1637 0.0394, 0.1083 -0.1339 0.0, 0.1083 -0.5031 0.0, 0.1083 -0.1339 0.0394, 0.1083 -0.5031 0.0394, 0.0492 -0.1339 0.0394, 0.0492 -0.5031 0.0394, 0.0492 -0.1339 0.0, 0.0492 -0.5031 0.0, 0.1024 -0.5031 0.0394, 0.1024 -0.1637 0.0394, 0.0551 -0.5031 0.0394, 0.0551 -0.1637 0.0394
            ]
        }
        coordIndex [
            0,1,2,-1,2,1,3,-1,1,4,3,-1,3,4,5,-1,4,6,5,-1,5,6,7,-1,6,0,7,-1,7,0,2,-1,6,4,0,-1,0,4,1,-1,8,9,10,-1,10,9,11,-1,9,12,11,-1,11,12,13,-1,12,14,13,-1,13,14,15,-1,14,8,15,-1,15,8,10,-1,14,12,8,-1,8,12,9,-1,16,17,18,-1,18,17,19,-1,18,19,20,-1,21,22,23,-1,23,22,24,-1,23,24,25,-1,17,21,19,-1,19,21,23,-1,26,27,28,-1,28,27,29,-1,28,29,30,-1,31,32,33,-1,33,32,34,-1,33,34,35,-1,27,31,29,-1,29,31,33,-1,36,37,38,-1,38,37,39,-1,38,39,40,-1,41,42,43,-1,43,42,44,-1,43,44,45,-1,37,41,39,-1,39,41,43,-1,46,47,48,-1,48,47,49,-1,48,49,50,-1,51,52,53,-1,53,52,54,-1,53,54,55,-1,47,51,49,-1,49,51,53,-1,56,57,58,-1,58,57,59,-1,58,59,60,-1,61,62,63,-1,63,62,64,-1,63,64,65,-1,57,61,59,-1,59,61,63,-1,66,67,68,-1,68,67,69,-1,68,69,70,-1,71,72,73,-1,73,72,74,-1,73,74,75,-1,67,71,69,-1,69,71,73,-1,76,77,78,-1,78,77,79,-1,78,79,80,-1,81,82,83,-1,83,82,84,-1,83,84,85,-1,77,81,79,-1,79,81,83,-1,86,87,88,-1,88,87,89,-1,88,89,90,-1,91,92,93,-1,93,92,94,-1,93,94,95,-1,87,91,89,-1,89,91,93,-1,96,97,98,-1,98,97,99,-1,98,99,100,-1,101,102,103,-1,103,102,104,-1,103,104,105,-1,97,101,99,-1,99,101,103,-1,106,107,108,-1,108,107,109,-1,108,109,110,-1,111,112,113,-1,113,112,114,-1,113,114,115,-1,107,111,109,-1,109,111,113,-1,116,117,118,-1,118,117,119,-1,118,119,120,-1,121,122,123,-1,123,122,124,-1,123,124,125,-1,117,121,119,-1,119,121,123,-1,126,127,128,-1,128,127,129,-1,128,129,130,-1,131,132,133,-1,133,132,134,-1,133,134,135,-1,127,131,129,-1,129,131,133,-1,136,137,138,-1,138,137,139,-1,138,139,140,-1,141,142,143,-1,143,142,144,-1,143,144,145,-1,137,141,139,-1,139,141,143,-1,146,147,148,-1,148,147,149,-1,148,149,150,-1,151,152,153,-1,153,152,154,-1,153,154,155,-1,147,151,149,-1,149,151,153,-1,156,157,158,-1,158,157,159,-1,158,159,160,-1,161,162,163,-1,163,162,164,-1,163,164,165,-1,157,161,159,-1,159,161,163,-1,166,167,168,-1,168,167,169,-1,168,169,170,-1,171,172,173,-1,173,172,174,-1,173,174,175,-1,167,171,169,-1,169,171,173,-1,176,177,178,-1,178,177,179,-1,178,179,180,-1,181,182,183,-1,183,182,184,-1,183,184,185,-1,177,181,179,-1,179,181,183,-1,186,187,188,-1,188,187,189,-1,188,189,190,-1,191,192,193,-1,193,192,194,-1,193,194,195,-1,187,191,189,-1,189,191,193,-1,196,197,198,-1,198,197,199,-1,198,199,200,-1,201,202,203,-1,203,202,204,-1,203,204,205,-1,197,201,199,-1,199,201,203,-1,206,207,208,-1,208,207,209,-1,208,209,210,-1,211,212,213,-1,213,212,214,-1,213,214,215,-1,207,211,209,-1,209,211,213,-1,216,217,218,-1,218,217,219,-1,218,219,220,-1,221,222,223,-1,223,222,224,-1,223,224,225,-1,217,221,219,-1,219,221,223,-1,226,227,228,-1,228,227,229,-1,228,229,230,-1,231,232,233,-1,233,232,234,-1,233,234,235,-1,227,231,229,-1,229,231,233,-1,236,237,238,-1,238,237,239,-1,240,241,242,-1,242,241,243,-1,243,244,245,-1,246,237,247,-1,247,237,236,-1,247,236,245,-1,245,236,242,-1,245,242,243,-1,242,236,240,-1,240,236,238,-1,248,249,250,-1,250,249,251,-1,252,253,254,-1,254,253,255,-1,255,256,257,-1,258,249,259,-1,259,249,248,-1,259,248,257,-1,257,248,254,-1,257,254,255,-1,254,248,252,-1,252,248,250,-1,260,261,262,-1,262,261,263,-1,264,265,266,-1,266,265,267,-1,267,268,269,-1,270,261,271,-1,271,261,260,-1,271,260,269,-1,269,260,266,-1,269,266,267,-1,266,260,264,-1,264,260,262,-1,272,273,274,-1,274,273,275,-1,276,277,278,-1,278,277,279,-1,279,280,281,-1,282,273,283,-1,283,273,272,-1,283,272,281,-1,281,272,278,-1,281,278,279,-1,278,272,276,-1,276,272,274,-1,284,285,286,-1,286,285,287,-1,288,289,290,-1,290,289,291,-1,291,292,293,-1,294,285,295,-1,295,285,284,-1,295,284,293,-1,293,284,290,-1,293,290,291,-1,290,284,288,-1,288,284,286,-1,296,297,298,-1,298,297,299,-1,300,301,302,-1,302,301,303,-1,303,304,305,-1,306,297,307,-1,307,297,296,-1,307,296,305,-1,305,296,302,-1,305,302,303,-1,302,296,300,-1,300,296,298,-1,308,309,310,-1,310,309,311,-1,312,313,314,-1,314,313,315,-1,315,316,317,-1,318,309,319,-1,319,309,308,-1,319,308,317,-1,317,308,314,-1,317,314,315,-1,314,308,312,-1,312,308,310,-1,320,321,322,-1,322,321,323,-1,324,325,326,-1,326,325,327,-1,327,328,329,-1,330,321,331,-1,331,321,320,-1,331,320,329,-1,329,320,326,-1,329,326,327,-1,326,320,324,-1,324,320,322,-1,332,333,334,-1,334,333,335,-1,336,337,338,-1,338,337,339,-1,339,340,341,-1,342,333,343,-1,343,333,332,-1,343,332,341,-1,341,332,338,-1,341,338,339,-1,338,332,336,-1,336,332,334,-1,344,345,346,-1,346,345,347,-1,348,349,350,-1,350,349,351,-1,351,352,353,-1,354,345,355,-1,355,345,344,-1,355,344,353,-1,353,344,350,-1,353,350,351,-1,350,344,348,-1,348,344,346,-1,356,357,358,-1,358,357,359,-1,360,361,362,-1,362,361,363,-1,363,364,365,-1,366,357,367,-1,367,357,356,-1,367,356,365,-1,365,356,362,-1,365,362,363,-1,362,356,360,-1,360,356,358,-1,368,369,370,-1,370,369,371,-1,372,373,374,-1,374,373,375,-1,371,376,377,-1,378,373,379,-1,379,373,372,-1,379,372,377,-1,377,372,370,-1,377,370,371,-1,370,372,368,-1,368,372,374,-1,380,381,382,-1,382,381,383,-1,384,385,386,-1,386,385,387,-1,383,388,389,-1,390,385,391,-1,391,385,384,-1,391,384,389,-1,389,384,382,-1,389,382,383,-1,382,384,380,-1,380,384,386,-1,392,393,394,-1,394,393,395,-1,396,397,398,-1,398,397,399,-1,395,400,401,-1,402,397,403,-1,403,397,396,-1,403,396,401,-1,401,396,394,-1,401,394,395,-1,394,396,392,-1,392,396,398,-1,404,405,406,-1,406,405,407,-1,408,409,410,-1,410,409,411,-1,407,412,413,-1,414,409,415,-1,415,409,408,-1,415,408,413,-1,413,408,406,-1,413,406,407,-1,406,408,404,-1,404,408,410,-1,416,417,418,-1,418,417,419,-1,420,421,422,-1,422,421,423,-1,419,424,425,-1,426,421,427,-1,427,421,420,-1,427,420,425,-1,425,420,418,-1,425,418,419,-1,418,420,416,-1,416,420,422,-1,428,429,430,-1,430,429,431,-1,432,433,434,-1,434,433,435,-1,431,436,437,-1,438,433,439,-1,439,433,432,-1,439,432,437,-1,437,432,430,-1,437,430,431,-1,430,432,428,-1,428,432,434,-1,440,441,442,-1,442,441,443,-1,444,445,446,-1,446,445,447,-1,443,448,449,-1,450,445,451,-1,451,445,444,-1,451,444,449,-1,449,444,442,-1,449,442,443,-1,442,444,440,-1,440,444,446,-1,452,453,454,-1,454,453,455,-1,456,457,458,-1,458,457,459,-1,455,460,461,-1,462,457,463,-1,463,457,456,-1,463,456,461,-1,461,456,454,-1,461,454,455,-1,454,456,452,-1,452,456,458,-1,464,465,466,-1,466,465,467,-1,468,469,470,-1,470,469,471,-1,467,472,473,-1,474,469,475,-1,475,469,468,-1,475,468,473,-1,473,468,466,-1,473,466,467,-1,466,468,464,-1,464,468,470,-1,476,477,478,-1,478,477,479,-1,480,481,482,-1,482,481,483,-1,479,484,485,-1,486,481,487,-1,487,481,480,-1,487,480,485,-1,485,480,478,-1,485,478,479,-1,478,480,476,-1,476,480,482,-1,488,489,490,-1,490,489,491,-1,492,493,494,-1,494,493,495,-1,491,496,497,-1,498,493,499,-1,499,493,492,-1,499,492,497,-1,497,492,490,-1,497,490,491,-1,490,492,488,-1,488,492,494,-1,
        ]
    }
}
Shape{
    appearance Appearance {
        material  Material 	{
            diffuseColor 0.5019607843137255 0.5019607843137255 0.0
            specularColor 0.25098039215686274 0.25098039215686274 0.0
            ambientIntensity 0.4447
            transparency 0.0
            shininess 0.5
        }
    }
    geometry IndexedFaceSet {
        ccw TRUE
        solid FALSE
        coord DEF co Coordinate {
            point [
                -0.685 -0.535 0.0984, -0.7323 -0.535 0.0984, -0.685 -0.5364 0.0853, -0.7323 -0.5364 0.0853, -0.685 -0.5408 0.0728, -0.7323 -0.5408 0.0728, -0.685 -0.5479 0.0616, -0.7323 -0.5479 0.0616, -0.685 -0.5572 0.0523, -0.7323 -0.5572 0.0523, -0.685 -0.5684 0.0452, -0.7323 -0.5684 0.0452, -0.685 -0.5809 0.0409, -0.7323 -0.5809 0.0409, -0.685 -0.594 0.0394, -0.7323 -0.594 0.0394, -0.685 -0.6654 0.0394, -0.7323 -0.6654 0.0394, -0.685 -0.6654 0.0, -0.7323 -0.6654 0.0, -0.685 -0.1637 0.0, -0.7323 -0.1637 0.0, -0.7323 -0.5031 0.0394, -0.7323 -0.1637 0.0394, -0.7323 -0.535 0.1564, -0.7323 -0.5031 0.1564, -0.685 -0.5031 0.0394, -0.685 -0.1637 0.0394, -0.685 -0.5031 0.1564, -0.685 -0.535 0.1564, -0.7323 -0.1637 0.4745, -0.685 -0.1637 0.4745, -0.7323 -0.1637 0.2362, -0.685 -0.1637 0.2362, -0.685 -0.1958 0.4745, -0.7323 -0.1958 0.4745, -0.685 -0.1958 0.264, -0.7323 -0.1958 0.264, -0.685 -0.3701 0.264, -0.7323 -0.3701 0.264, -0.685 -0.3701 0.2362, -0.7323 -0.3701 0.2362, -0.685 0.6654 0.0, -0.685 0.1637 0.0, -0.7323 0.6654 0.0, -0.7323 0.1637 0.0, -0.685 0.6654 0.0394, -0.7323 0.6654 0.0394, -0.685 0.594 0.0394, -0.7323 0.594 0.0394, -0.685 0.5809 0.0409, -0.7323 0.5809 0.0409, -0.685 0.5684 0.0452, -0.7323 0.5684 0.0452, -0.685 0.5572 0.0523, -0.7323 0.5572 0.0523, -0.685 0.5479 0.0616, -0.7323 0.5479 0.0616, -0.685 0.5408 0.0728, -0.7323 0.5408 0.0728, -0.685 0.5364 0.0853, -0.7323 0.5364 0.0853, -0.685 0.535 0.0984, -0.7323 0.535 0.0984, -0.685 0.5031 0.0394, -0.685 0.1637 0.0394, -0.685 0.535 0.1564, -0.685 0.5031 0.1564, -0.7323 0.5031 0.0394, -0.7323 0.1637 0.0394, -0.7323 0.5031 0.1564, -0.7323 0.535 0.1564, -0.685 0.1637 0.4745, -0.7323 0.1637 0.4745, -0.685 0.1637 0.2362, -0.7323 0.1637 0.2362, -0.685 0.1958 0.4745, -0.685 0.1958 0.264, -0.7323 0.1958 0.4745, -0.7323 0.1958 0.264, -0.7323 0.3701 0.264, -0.685 0.3701 0.264, -0.685 0.3701 0.2362, -0.7323 0.3701 0.2362, -0.5276 -0.535 0.0984, -0.5748 -0.535 0.0984, -0.5276 -0.5364 0.0853, -0.5748 -0.5364 0.0853, -0.5276 -0.5408 0.0728, -0.5748 -0.5408 0.0728, -0.5276 -0.5479 0.0616, -0.5748 -0.5479 0.0616, -0.5276 -0.5572 0.0523, -0.5748 -0.5572 0.0523, -0.5276 -0.5684 0.0452, -0.5748 -0.5684 0.0452, -0.5276 -0.5809 0.0409, -0.5748 -0.5809 0.0409, -0.5276 -0.594 0.0394, -0.5748 -0.594 0.0394, -0.5276 -0.6654 0.0394, -0.5748 -0.6654 0.0394, -0.5276 -0.6654 0.0, -0.5748 -0.6654 0.0, -0.5276 -0.1637 0.0, -0.5748 -0.1637 0.0, -0.5748 -0.5031 0.0394, -0.5748 -0.1637 0.0394, -0.5748 -0.535 0.1564, -0.5748 -0.5031 0.1564, -0.5276 -0.5031 0.0394, -0.5276 -0.1637 0.0394, -0.5276 -0.5031 0.1564, -0.5276 -0.535 0.1564, -0.5748 -0.1637 0.4745, -0.5276 -0.1637 0.4745, -0.5748 -0.1637 0.2362, -0.5276 -0.1637 0.2362, -0.5276 -0.1958 0.4745, -0.5748 -0.1958 0.4745, -0.5276 -0.1958 0.264, -0.5748 -0.1958 0.264, -0.5276 -0.3701 0.264, -0.5748 -0.3701 0.264, -0.5276 -0.3701 0.2362, -0.5748 -0.3701 0.2362, -0.5276 0.6654 0.0, -0.5276 0.1637 0.0, -0.5748 0.6654 0.0, -0.5748 0.1637 0.0, -0.5276 0.6654 0.0394, -0.5748 0.6654 0.0394, -0.5276 0.594 0.0394, -0.5748 0.594 0.0394, -0.5276 0.5809 0.0409, -0.5748 0.5809 0.0409, -0.5276 0.5684 0.0452, -0.5748 0.5684 0.0452, -0.5276 0.5572 0.0523, -0.5748 0.5572 0.0523, -0.5276 0.5479 0.0616, -0.5748 0.5479 0.0616, -0.5276 0.5408 0.0728, -0.5748 0.5408 0.0728, -0.5276 0.5364 0.0853, -0.5748 0.5364 0.0853, -0.5276 0.535 0.0984, -0.5748 0.535 0.0984, -0.5276 0.5031 0.0394, -0.5276 0.1637 0.0394, -0.5276 0.535 0.1564, -0.5276 0.5031 0.1564, -0.5748 0.5031 0.0394, -0.5748 0.1637 0.0394, -0.5748 0.5031 0.1564, -0.5748 0.535 0.1564, -0.5276 0.1637 0.4745, -0.5748 0.1637 0.4745, -0.5276 0.1637 0.2362, -0.5748 0.1637 0.2362, -0.5276 0.1958 0.4745, -0.5276 0.1958 0.264, -0.5748 0.1958 0.4745, -0.5748 0.1958 0.264, -0.5748 0.3701 0.264, -0.5276 0.3701 0.264, -0.5276 0.3701 0.2362, -0.5748 0.3701 0.2362, -0.3701 -0.535 0.0984, -0.4173 -0.535 0.0984, -0.3701 -0.5364 0.0853, -0.4173 -0.5364 0.0853, -0.3701 -0.5408 0.0728, -0.4173 -0.5408 0.0728, -0.3701 -0.5479 0.0616, -0.4173 -0.5479 0.0616, -0.3701 -0.5572 0.0523, -0.4173 -0.5572 0.0523, -0.3701 -0.5684 0.0452, -0.4173 -0.5684 0.0452, -0.3701 -0.5809 0.0409, -0.4173 -0.5809 0.0409, -0.3701 -0.594 0.0394, -0.4173 -0.594 0.0394, -0.3701 -0.6654 0.0394, -0.4173 -0.6654 0.0394, -0.3701 -0.6654 0.0, -0.4173 -0.6654 0.0, -0.3701 -0.1637 0.0, -0.4173 -0.1637 0.0, -0.4173 -0.5031 0.0394, -0.4173 -0.1637 0.0394, -0.4173 -0.535 0.1564, -0.4173 -0.5031 0.1564, -0.3701 -0.5031 0.0394, -0.3701 -0.1637 0.0394, -0.3701 -0.5031 0.1564, -0.3701 -0.535 0.1564, -0.4173 -0.1637 0.4745, -0.3701 -0.1637 0.4745, -0.4173 -0.1637 0.2362, -0.3701 -0.1637 0.2362, -0.3701 -0.1958 0.4745, -0.4173 -0.1958 0.4745, -0.3701 -0.1958 0.264, -0.4173 -0.1958 0.264, -0.3701 -0.3701 0.264, -0.4173 -0.3701 0.264, -0.3701 -0.3701 0.2362, -0.4173 -0.3701 0.2362, -0.3701 0.6654 0.0, -0.3701 0.1637 0.0, -0.4173 0.6654 0.0, -0.4173 0.1637 0.0, -0.3701 0.6654 0.0394, -0.4173 0.6654 0.0394, -0.3701 0.594 0.0394, -0.4173 0.594 0.0394, -0.3701 0.5809 0.0409, -0.4173 0.5809 0.0409, -0.3701 0.5684 0.0452, -0.4173 0.5684 0.0452, -0.3701 0.5572 0.0523, -0.4173 0.5572 0.0523, -0.3701 0.5479 0.0616, -0.4173 0.5479 0.0616, -0.3701 0.5408 0.0728, -0.4173 0.5408 0.0728, -0.3701 0.5364 0.0853, -0.4173 0.5364 0.0853, -0.3701 0.535 0.0984, -0.4173 0.535 0.0984, -0.3701 0.5031 0.0394, -0.3701 0.1637 0.0394, -0.3701 0.535 0.1564, -0.3701 0.5031 0.1564, -0.4173 0.5031 0.0394, -0.4173 0.1637 0.0394, -0.4173 0.5031 0.1564, -0.4173 0.535 0.1564, -0.3701 0.1637 0.4745, -0.4173 0.1637 0.4745, -0.3701 0.1637 0.2362, -0.4173 0.1637 0.2362, -0.3701 0.1958 0.4745, -0.3701 0.1958 0.264, -0.4173 0.1958 0.4745, -0.4173 0.1958 0.264, -0.4173 0.3701 0.264, -0.3701 0.3701 0.264, -0.3701 0.3701 0.2362, -0.4173 0.3701 0.2362, -0.2126 -0.535 0.0984, -0.2598 -0.535 0.0984, -0.2126 -0.5364 0.0853, -0.2598 -0.5364 0.0853, -0.2126 -0.5408 0.0728, -0.2598 -0.5408 0.0728, -0.2126 -0.5479 0.0616, -0.2598 -0.5479 0.0616, -0.2126 -0.5572 0.0523, -0.2598 -0.5572 0.0523, -0.2126 -0.5684 0.0452, -0.2598 -0.5684 0.0452, -0.2126 -0.5809 0.0409, -0.2598 -0.5809 0.0409, -0.2126 -0.594 0.0394, -0.2598 -0.594 0.0394, -0.2126 -0.6654 0.0394, -0.2598 -0.6654 0.0394, -0.2126 -0.6654 0.0, -0.2598 -0.6654 0.0, -0.2126 -0.1637 0.0, -0.2598 -0.1637 0.0, -0.2598 -0.5031 0.0394, -0.2598 -0.1637 0.0394, -0.2598 -0.535 0.1564, -0.2598 -0.5031 0.1564, -0.2126 -0.5031 0.0394, -0.2126 -0.1637 0.0394, -0.2126 -0.5031 0.1564, -0.2126 -0.535 0.1564, -0.2598 -0.1637 0.4745, -0.2126 -0.1637 0.4745, -0.2598 -0.1637 0.2362, -0.2126 -0.1637 0.2362, -0.2126 -0.1958 0.4745, -0.2598 -0.1958 0.4745, -0.2126 -0.1958 0.264, -0.2598 -0.1958 0.264, -0.2126 -0.3701 0.264, -0.2598 -0.3701 0.264, -0.2126 -0.3701 0.2362, -0.2598 -0.3701 0.2362, -0.2126 0.6654 0.0, -0.2126 0.1637 0.0, -0.2598 0.6654 0.0, -0.2598 0.1637 0.0, -0.2126 0.6654 0.0394, -0.2598 0.6654 0.0394, -0.2126 0.594 0.0394, -0.2598 0.594 0.0394, -0.2126 0.5809 0.0409, -0.2598 0.5809 0.0409, -0.2126 0.5684 0.0452, -0.2598 0.5684 0.0452, -0.2126 0.5572 0.0523, -0.2598 0.5572 0.0523, -0.2126 0.5479 0.0616, -0.2598 0.5479 0.0616, -0.2126 0.5408 0.0728, -0.2598 0.5408 0.0728, -0.2126 0.5364 0.0853, -0.2598 0.5364 0.0853, -0.2126 0.535 0.0984, -0.2598 0.535 0.0984, -0.2126 0.5031 0.0394, -0.2126 0.1637 0.0394, -0.2126 0.535 0.1564, -0.2126 0.5031 0.1564, -0.2598 0.5031 0.0394, -0.2598 0.1637 0.0394, -0.2598 0.5031 0.1564, -0.2598 0.535 0.1564, -0.2126 0.1637 0.4745, -0.2598 0.1637 0.4745, -0.2126 0.1637 0.2362, -0.2598 0.1637 0.2362, -0.2126 0.1958 0.4745, -0.2126 0.1958 0.264, -0.2598 0.1958 0.4745, -0.2598 0.1958 0.264, -0.2598 0.3701 0.264, -0.2126 0.3701 0.264, -0.2126 0.3701 0.2362, -0.2598 0.3701 0.2362, -0.0551 -0.535 0.0984, -0.1024 -0.535 0.0984, -0.0551 -0.5364 0.0853, -0.1024 -0.5364 0.0853, -0.0551 -0.5408 0.0728, -0.1024 -0.5408 0.0728, -0.0551 -0.5479 0.0616, -0.1024 -0.5479 0.0616, -0.0551 -0.5572 0.0523, -0.1024 -0.5572 0.0523, -0.0551 -0.5684 0.0452, -0.1024 -0.5684 0.0452, -0.0551 -0.5809 0.0409, -0.1024 -0.5809 0.0409, -0.0551 -0.594 0.0394, -0.1024 -0.594 0.0394, -0.0551 -0.6654 0.0394, -0.1024 -0.6654 0.0394, -0.0551 -0.6654 0.0, -0.1024 -0.6654 0.0, -0.0551 -0.1637 0.0, -0.1024 -0.1637 0.0, -0.1024 -0.5031 0.0394, -0.1024 -0.1637 0.0394, -0.1024 -0.535 0.1564, -0.1024 -0.5031 0.1564, -0.0551 -0.5031 0.0394, -0.0551 -0.1637 0.0394, -0.0551 -0.5031 0.1564, -0.0551 -0.535 0.1564, -0.1024 -0.1637 0.4745, -0.0551 -0.1637 0.4745, -0.1024 -0.1637 0.2362, -0.0551 -0.1637 0.2362, -0.0551 -0.1958 0.4745, -0.1024 -0.1958 0.4745, -0.0551 -0.1958 0.264, -0.1024 -0.1958 0.264, -0.0551 -0.3701 0.264, -0.1024 -0.3701 0.264, -0.0551 -0.3701 0.2362, -0.1024 -0.3701 0.2362, -0.0551 0.6654 0.0, -0.0551 0.1637 0.0, -0.1024 0.6654 0.0, -0.1024 0.1637 0.0, -0.0551 0.6654 0.0394, -0.1024 0.6654 0.0394, -0.0551 0.594 0.0394, -0.1024 0.594 0.0394, -0.0551 0.5809 0.0409, -0.1024 0.5809 0.0409, -0.0551 0.5684 0.0452, -0.1024 0.5684 0.0452, -0.0551 0.5572 0.0523, -0.1024 0.5572 0.0523, -0.0551 0.5479 0.0616, -0.1024 0.5479 0.0616, -0.0551 0.5408 0.0728, -0.1024 0.5408 0.0728, -0.0551 0.5364 0.0853, -0.1024 0.5364 0.0853, -0.0551 0.535 0.0984, -0.1024 0.535 0.0984, -0.0551 0.5031 0.0394, -0.0551 0.1637 0.0394, -0.0551 0.535 0.1564, -0.0551 0.5031 0.1564, -0.1024 0.5031 0.0394, -0.1024 0.1637 0.0394, -0.1024 0.5031 0.1564, -0.1024 0.535 0.1564, -0.0551 0.1637 0.4745, -0.1024 0.1637 0.4745, -0.0551 0.1637 0.2362, -0.1024 0.1637 0.2362, -0.0551 0.1958 0.4745, -0.0551 0.1958 0.264, -0.1024 0.1958 0.4745, -0.1024 0.1958 0.264, -0.1024 0.3701 0.264, -0.0551 0.3701 0.264, -0.0551 0.3701 0.2362, -0.1024 0.3701 0.2362, 0.1024 -0.535 0.0984, 0.0551 -0.535 0.0984, 0.1024 -0.5364 0.0853, 0.0551 -0.5364 0.0853, 0.1024 -0.5408 0.0728, 0.0551 -0.5408 0.0728, 0.1024 -0.5479 0.0616, 0.0551 -0.5479 0.0616, 0.1024 -0.5572 0.0523, 0.0551 -0.5572 0.0523, 0.1024 -0.5684 0.0452, 0.0551 -0.5684 0.0452, 0.1024 -0.5809 0.0409, 0.0551 -0.5809 0.0409, 0.1024 -0.594 0.0394, 0.0551 -0.594 0.0394, 0.1024 -0.6654 0.0394, 0.0551 -0.6654 0.0394, 0.1024 -0.6654 0.0, 0.0551 -0.6654 0.0, 0.1024 -0.1637 0.0, 0.0551 -0.1637 0.0, 0.0551 -0.5031 0.0394, 0.0551 -0.1637 0.0394, 0.0551 -0.535 0.1564, 0.0551 -0.5031 0.1564, 0.1024 -0.5031 0.0394, 0.1024 -0.1637 0.0394, 0.1024 -0.5031 0.1564, 0.1024 -0.535 0.1564, 0.0551 -0.1637 0.4745, 0.1024 -0.1637 0.4745, 0.0551 -0.1637 0.2362, 0.1024 -0.1637 0.2362, 0.1024 -0.1958 0.4745, 0.0551 -0.1958 0.4745, 0.1024 -0.1958 0.264, 0.0551 -0.1958 0.264, 0.1024 -0.3701 0.264, 0.0551 -0.3701 0.264, 0.1024 -0.3701 0.2362, 0.0551 -0.3701 0.2362, 0.1024 0.6654 0.0, 0.1024 0.1637 0.0, 0.0551 0.6654 0.0, 0.0551 0.1637 0.0, 0.1024 0.6654 0.0394, 0.0551 0.6654 0.0394, 0.1024 0.594 0.0394, 0.0551 0.594 0.0394, 0.1024 0.5809 0.0409, 0.0551 0.5809 0.0409, 0.1024 0.5684 0.0452, 0.0551 0.5684 0.0452, 0.1024 0.5572 0.0523, 0.0551 0.5572 0.0523, 0.1024 0.5479 0.0616, 0.0551 0.5479 0.0616, 0.1024 0.5408 0.0728, 0.0551 0.5408 0.0728, 0.1024 0.5364 0.0853, 0.0551 0.5364 0.0853, 0.1024 0.535 0.0984, 0.0551 0.535 0.0984, 0.1024 0.5031 0.0394, 0.1024 0.1637 0.0394, 0.1024 0.535 0.1564, 0.1024 0.5031 0.1564, 0.0551 0.5031 0.0394, 0.0551 0.1637 0.0394, 0.0551 0.5031 0.1564, 0.0551 0.535 0.1564, 0.1024 0.1637 0.4745, 0.0551 0.1637 0.4745, 0.1024 0.1637 0.2362, 0.0551 0.1637 0.2362, 0.1024 0.1958 0.4745, 0.1024 0.1958 0.264, 0.0551 0.1958 0.4745, 0.0551 0.1958 0.264, 0.0551 0.3701 0.264, 0.1024 0.3701 0.264, 0.1024 0.3701 0.2362, 0.0551 0.3701 0.2362, 0.2598 -0.535 0.0984, 0.2126 -0.535 0.0984, 0.2598 -0.5364 0.0853, 0.2126 -0.5364 0.0853, 0.2598 -0.5408 0.0728, 0.2126 -0.5408 0.0728, 0.2598 -0.5479 0.0616, 0.2126 -0.5479 0.0616, 0.2598 -0.5572 0.0523, 0.2126 -0.5572 0.0523, 0.2598 -0.5684 0.0452, 0.2126 -0.5684 0.0452, 0.2598 -0.5809 0.0409, 0.2126 -0.5809 0.0409, 0.2598 -0.594 0.0394, 0.2126 -0.594 0.0394, 0.2598 -0.6654 0.0394, 0.2126 -0.6654 0.0394, 0.2598 -0.6654 0.0, 0.2126 -0.6654 0.0, 0.2598 -0.1637 0.0, 0.2126 -0.1637 0.0, 0.2126 -0.5031 0.0394, 0.2126 -0.1637 0.0394, 0.2126 -0.535 0.1564, 0.2126 -0.5031 0.1564, 0.2598 -0.5031 0.0394, 0.2598 -0.1637 0.0394, 0.2598 -0.5031 0.1564, 0.2598 -0.535 0.1564, 0.2126 -0.1637 0.4745, 0.2598 -0.1637 0.4745, 0.2126 -0.1637 0.2362, 0.2598 -0.1637 0.2362, 0.2598 -0.1958 0.4745, 0.2126 -0.1958 0.4745, 0.2598 -0.1958 0.264, 0.2126 -0.1958 0.264, 0.2598 -0.3701 0.264, 0.2126 -0.3701 0.264, 0.2598 -0.3701 0.2362, 0.2126 -0.3701 0.2362, 0.2598 0.6654 0.0, 0.2598 0.1637 0.0, 0.2126 0.6654 0.0, 0.2126 0.1637 0.0, 0.2598 0.6654 0.0394, 0.2126 0.6654 0.0394, 0.2598 0.594 0.0394, 0.2126 0.594 0.0394, 0.2598 0.5809 0.0409, 0.2126 0.5809 0.0409, 0.2598 0.5684 0.0452, 0.2126 0.5684 0.0452, 0.2598 0.5572 0.0523, 0.2126 0.5572 0.0523, 0.2598 0.5479 0.0616, 0.2126 0.5479 0.0616, 0.2598 0.5408 0.0728, 0.2126 0.5408 0.0728, 0.2598 0.5364 0.0853, 0.2126 0.5364 0.0853, 0.2598 0.535 0.0984, 0.2126 0.535 0.0984, 0.2598 0.5031 0.0394, 0.2598 0.1637 0.0394, 0.2598 0.535 0.1564, 0.2598 0.5031 0.1564, 0.2126 0.5031 0.0394, 0.2126 0.1637 0.0394, 0.2126 0.5031 0.1564, 0.2126 0.535 0.1564, 0.2598 0.1637 0.4745, 0.2126 0.1637 0.4745, 0.2598 0.1637 0.2362, 0.2126 0.1637 0.2362, 0.2598 0.1958 0.4745, 0.2598 0.1958 0.264, 0.2126 0.1958 0.4745, 0.2126 0.1958 0.264, 0.2126 0.3701 0.264, 0.2598 0.3701 0.264, 0.2598 0.3701 0.2362, 0.2126 0.3701 0.2362, 0.4173 -0.535 0.0984, 0.3701 -0.535 0.0984, 0.4173 -0.5364 0.0853, 0.3701 -0.5364 0.0853, 0.4173 -0.5408 0.0728, 0.3701 -0.5408 0.0728, 0.4173 -0.5479 0.0616, 0.3701 -0.5479 0.0616, 0.4173 -0.5572 0.0523, 0.3701 -0.5572 0.0523, 0.4173 -0.5684 0.0452, 0.3701 -0.5684 0.0452, 0.4173 -0.5809 0.0409, 0.3701 -0.5809 0.0409, 0.4173 -0.594 0.0394, 0.3701 -0.594 0.0394, 0.4173 -0.6654 0.0394, 0.3701 -0.6654 0.0394, 0.4173 -0.6654 0.0, 0.3701 -0.6654 0.0, 0.4173 -0.1637 0.0, 0.3701 -0.1637 0.0, 0.3701 -0.5031 0.0394, 0.3701 -0.1637 0.0394, 0.3701 -0.535 0.1564, 0.3701 -0.5031 0.1564, 0.4173 -0.5031 0.0394, 0.4173 -0.1637 0.0394, 0.4173 -0.5031 0.1564, 0.4173 -0.535 0.1564, 0.3701 -0.1637 0.4745, 0.4173 -0.1637 0.4745, 0.3701 -0.1637 0.2362, 0.4173 -0.1637 0.2362, 0.4173 -0.1958 0.4745, 0.3701 -0.1958 0.4745, 0.4173 -0.1958 0.264, 0.3701 -0.1958 0.264, 0.4173 -0.3701 0.264, 0.3701 -0.3701 0.264, 0.4173 -0.3701 0.2362, 0.3701 -0.3701 0.2362, 0.4173 0.6654 0.0, 0.4173 0.1637 0.0, 0.3701 0.6654 0.0, 0.3701 0.1637 0.0, 0.4173 0.6654 0.0394, 0.3701 0.6654 0.0394, 0.4173 0.594 0.0394, 0.3701 0.594 0.0394, 0.4173 0.5809 0.0409, 0.3701 0.5809 0.0409, 0.4173 0.5684 0.0452, 0.3701 0.5684 0.0452, 0.4173 0.5572 0.0523, 0.3701 0.5572 0.0523, 0.4173 0.5479 0.0616, 0.3701 0.5479 0.0616, 0.4173 0.5408 0.0728, 0.3701 0.5408 0.0728, 0.4173 0.5364 0.0853, 0.3701 0.5364 0.0853, 0.4173 0.535 0.0984, 0.3701 0.535 0.0984, 0.4173 0.5031 0.0394, 0.4173 0.1637 0.0394, 0.4173 0.535 0.1564, 0.4173 0.5031 0.1564, 0.3701 0.5031 0.0394, 0.3701 0.1637 0.0394, 0.3701 0.5031 0.1564, 0.3701 0.535 0.1564, 0.4173 0.1637 0.4745, 0.3701 0.1637 0.4745, 0.4173 0.1637 0.2362, 0.3701 0.1637 0.2362, 0.4173 0.1958 0.4745, 0.4173 0.1958 0.264, 0.3701 0.1958 0.4745, 0.3701 0.1958 0.264, 0.3701 0.3701 0.264, 0.4173 0.3701 0.264, 0.4173 0.3701 0.2362, 0.3701 0.3701 0.2362, 0.5748 -0.535 0.0984, 0.5276 -0.535 0.0984, 0.5748 -0.5364 0.0853, 0.5276 -0.5364 0.0853, 0.5748 -0.5408 0.0728, 0.5276 -0.5408 0.0728, 0.5748 -0.5479 0.0616, 0.5276 -0.5479 0.0616, 0.5748 -0.5572 0.0523, 0.5276 -0.5572 0.0523, 0.5748 -0.5684 0.0452, 0.5276 -0.5684 0.0452, 0.5748 -0.5809 0.0409, 0.5276 -0.5809 0.0409, 0.5748 -0.594 0.0394, 0.5276 -0.594 0.0394, 0.5748 -0.6654 0.0394, 0.5276 -0.6654 0.0394, 0.5748 -0.6654 0.0, 0.5276 -0.6654 0.0, 0.5748 -0.1637 0.0, 0.5276 -0.1637 0.0, 0.5276 -0.5031 0.0394, 0.5276 -0.1637 0.0394, 0.5276 -0.535 0.1564, 0.5276 -0.5031 0.1564, 0.5748 -0.5031 0.0394, 0.5748 -0.1637 0.0394, 0.5748 -0.5031 0.1564, 0.5748 -0.535 0.1564, 0.5276 -0.1637 0.4745, 0.5748 -0.1637 0.4745, 0.5276 -0.1637 0.2362, 0.5748 -0.1637 0.2362, 0.5748 -0.1958 0.4745, 0.5276 -0.1958 0.4745, 0.5748 -0.1958 0.264, 0.5276 -0.1958 0.264, 0.5748 -0.3701 0.264, 0.5276 -0.3701 0.264, 0.5748 -0.3701 0.2362, 0.5276 -0.3701 0.2362, 0.5748 0.6654 0.0, 0.5748 0.1637 0.0, 0.5276 0.6654 0.0, 0.5276 0.1637 0.0, 0.5748 0.6654 0.0394, 0.5276 0.6654 0.0394, 0.5748 0.594 0.0394, 0.5276 0.594 0.0394, 0.5748 0.5809 0.0409, 0.5276 0.5809 0.0409, 0.5748 0.5684 0.0452, 0.5276 0.5684 0.0452, 0.5748 0.5572 0.0523, 0.5276 0.5572 0.0523, 0.5748 0.5479 0.0616, 0.5276 0.5479 0.0616, 0.5748 0.5408 0.0728, 0.5276 0.5408 0.0728, 0.5748 0.5364 0.0853, 0.5276 0.5364 0.0853, 0.5748 0.535 0.0984, 0.5276 0.535 0.0984, 0.5748 0.5031 0.0394, 0.5748 0.1637 0.0394, 0.5748 0.535 0.1564, 0.5748 0.5031 0.1564, 0.5276 0.5031 0.0394, 0.5276 0.1637 0.0394, 0.5276 0.5031 0.1564, 0.5276 0.535 0.1564, 0.5748 0.1637 0.4745, 0.5276 0.1637 0.4745, 0.5748 0.1637 0.2362, 0.5276 0.1637 0.2362, 0.5748 0.1958 0.4745, 0.5748 0.1958 0.264, 0.5276 0.1958 0.4745, 0.5276 0.1958 0.264, 0.5276 0.3701 0.264, 0.5748 0.3701 0.264, 0.5748 0.3701 0.2362, 0.5276 0.3701 0.2362, 0.7323 -0.535 0.0984, 0.685 -0.535 0.0984, 0.7323 -0.5364 0.0853, 0.685 -0.5364 0.0853, 0.7323 -0.5408 0.0728, 0.685 -0.5408 0.0728, 0.7323 -0.5479 0.0616, 0.685 -0.5479 0.0616, 0.7323 -0.5572 0.0523, 0.685 -0.5572 0.0523, 0.7323 -0.5684 0.0452, 0.685 -0.5684 0.0452, 0.7323 -0.5809 0.0409, 0.685 -0.5809 0.0409, 0.7323 -0.594 0.0394, 0.685 -0.594 0.0394, 0.7323 -0.6654 0.0394, 0.685 -0.6654 0.0394, 0.7323 -0.6654 0.0, 0.685 -0.6654 0.0, 0.7323 -0.1637 0.0, 0.685 -0.1637 0.0, 0.685 -0.5031 0.0394, 0.685 -0.1637 0.0394, 0.685 -0.535 0.1564, 0.685 -0.5031 0.1564, 0.7323 -0.5031 0.0394, 0.7323 -0.1637 0.0394, 0.7323 -0.5031 0.1564, 0.7323 -0.535 0.1564, 0.685 -0.1637 0.4745, 0.7323 -0.1637 0.4745, 0.685 -0.1637 0.2362, 0.7323 -0.1637 0.2362, 0.7323 -0.1958 0.4745, 0.685 -0.1958 0.4745, 0.7323 -0.1958 0.264, 0.685 -0.1958 0.264, 0.7323 -0.3701 0.264, 0.685 -0.3701 0.264, 0.7323 -0.3701 0.2362, 0.685 -0.3701 0.2362, 0.7323 0.6654 0.0, 0.7323 0.1637 0.0, 0.685 0.6654 0.0, 0.685 0.1637 0.0, 0.7323 0.6654 0.0394, 0.685 0.6654 0.0394, 0.7323 0.594 0.0394, 0.685 0.594 0.0394, 0.7323 0.5809 0.0409, 0.685 0.5809 0.0409, 0.7323 0.5684 0.0452, 0.685 0.5684 0.0452, 0.7323 0.5572 0.0523, 0.685 0.5572 0.0523, 0.7323 0.5479 0.0616, 0.685 0.5479 0.0616, 0.7323 0.5408 0.0728, 0.685 0.5408 0.0728, 0.7323 0.5364 0.0853, 0.685 0.5364 0.0853, 0.7323 0.535 0.0984, 0.685 0.535 0.0984, 0.7323 0.5031 0.0394, 0.7323 0.1637 0.0394, 0.7323 0.535 0.1564, 0.7323 0.5031 0.1564, 0.685 0.5031 0.0394, 0.685 0.1637 0.0394, 0.685 0.5031 0.1564, 0.685 0.535 0.1564, 0.7323 0.1637 0.4745, 0.685 0.1637 0.4745, 0.7323 0.1637 0.2362, 0.685 0.1637 0.2362, 0.7323 0.1958 0.4745, 0.7323 0.1958 0.264, 0.685 0.1958 0.4745, 0.685 0.1958 0.264, 0.685 0.3701 0.264, 0.7323 0.3701 0.264, 0.7323 0.3701 0.2362, 0.685 0.3701 0.2362, 0.8898 -0.535 0.0984, 0.8425 -0.535 0.0984, 0.8898 -0.5364 0.0853, 0.8425 -0.5364 0.0853, 0.8898 -0.5408 0.0728, 0.8425 -0.5408 0.0728, 0.8898 -0.5479 0.0616, 0.8425 -0.5479 0.0616, 0.8898 -0.5572 0.0523, 0.8425 -0.5572 0.0523, 0.8898 -0.5684 0.0452, 0.8425 -0.5684 0.0452, 0.8898 -0.5809 0.0409, 0.8425 -0.5809 0.0409, 0.8898 -0.594 0.0394, 0.8425 -0.594 0.0394, 0.8898 -0.6654 0.0394, 0.8425 -0.6654 0.0394, 0.8898 -0.6654 0.0, 0.8425 -0.6654 0.0, 0.8898 -0.1637 0.0, 0.8425 -0.1637 0.0, 0.8425 -0.5031 0.0394, 0.8425 -0.1637 0.0394, 0.8425 -0.535 0.1564, 0.8425 -0.5031 0.1564, 0.8898 -0.5031 0.0394, 0.8898 -0.1637 0.0394, 0.8898 -0.5031 0.1564, 0.8898 -0.535 0.1564, 0.8425 -0.1637 0.4745, 0.8898 -0.1637 0.4745, 0.8425 -0.1637 0.2362, 0.8898 -0.1637 0.2362, 0.8898 -0.1958 0.4745, 0.8425 -0.1958 0.4745, 0.8898 -0.1958 0.264, 0.8425 -0.1958 0.264, 0.8898 -0.3701 0.264, 0.8425 -0.3701 0.264, 0.8898 -0.3701 0.2362, 0.8425 -0.3701 0.2362, 0.8898 0.6654 0.0, 0.8898 0.1637 0.0, 0.8425 0.6654 0.0, 0.8425 0.1637 0.0, 0.8898 0.6654 0.0394, 0.8425 0.6654 0.0394, 0.8898 0.594 0.0394, 0.8425 0.594 0.0394, 0.8898 0.5809 0.0409, 0.8425 0.5809 0.0409, 0.8898 0.5684 0.0452, 0.8425 0.5684 0.0452, 0.8898 0.5572 0.0523, 0.8425 0.5572 0.0523, 0.8898 0.5479 0.0616, 0.8425 0.5479 0.0616, 0.8898 0.5408 0.0728, 0.8425 0.5408 0.0728, 0.8898 0.5364 0.0853, 0.8425 0.5364 0.0853, 0.8898 0.535 0.0984, 0.8425 0.535 0.0984, 0.8898 0.5031 0.0394, 0.8898 0.1637 0.0394, 0.8898 0.535 0.1564, 0.8898 0.5031 0.1564, 0.8425 0.5031 0.0394, 0.8425 0.1637 0.0394, 0.8425 0.5031 0.1564, 0.8425 0.535 0.1564, 0.8898 0.1637 0.4745, 0.8425 0.1637 0.4745, 0.8898 0.1637 0.2362, 0.8425 0.1637 0.2362, 0.8898 0.1958 0.4745, 0.8898 0.1958 0.264, 0.8425 0.1958 0.4745, 0.8425 0.1958 0.264, 0.8425 0.3701 0.264, 0.8898 0.3701 0.264, 0.8898 0.3701 0.2362, 0.8425 0.3701 0.2362
            ]
        }
        coordIndex [
            0,1,2,-1,2,1,3,-1,2,3,4,-1,4,3,5,-1,4,5,6,-1,6,5,7,-1,6,7,8,-1,8,7,9,-1,8,9,10,-1,10,9,11,-1,10,11,12,-1,12,11,13,-1,12,13,14,-1,14,13,15,-1,16,14,17,-1,17,14,15,-1,18,16,19,-1,19,16,17,-1,20,18,21,-1,21,18,19,-1,7,5,22,-1,23,21,22,-1,22,21,19,-1,7,22,9,-1,24,25,1,-1,1,25,22,-1,1,22,3,-1,3,22,5,-1,17,15,19,-1,19,15,13,-1,19,13,22,-1,22,13,11,-1,22,11,9,-1,18,20,26,-1,26,20,27,-1,28,29,26,-1,26,29,0,-1,26,0,2,-1,2,4,26,-1,26,4,6,-1,26,6,8,-1,8,10,26,-1,26,10,12,-1,26,12,18,-1,18,12,14,-1,18,14,16,-1,20,21,27,-1,27,21,23,-1,24,1,29,-1,29,1,0,-1,30,31,32,-1,32,31,33,-1,34,31,35,-1,35,31,30,-1,36,34,37,-1,37,34,35,-1,36,37,38,-1,38,37,39,-1,38,40,36,-1,36,40,33,-1,36,33,34,-1,34,33,31,-1,35,30,37,-1,37,30,32,-1,37,32,39,-1,39,32,41,-1,42,43,44,-1,44,43,45,-1,46,42,47,-1,47,42,44,-1,48,46,49,-1,49,46,47,-1,48,49,50,-1,50,49,51,-1,50,51,52,-1,52,51,53,-1,52,53,54,-1,54,53,55,-1,54,55,56,-1,56,55,57,-1,56,57,58,-1,58,57,59,-1,58,59,60,-1,60,59,61,-1,60,61,62,-1,62,61,63,-1,56,58,64,-1,65,43,64,-1,64,43,42,-1,56,64,54,-1,66,67,62,-1,62,67,64,-1,62,64,60,-1,60,64,58,-1,46,48,42,-1,42,48,50,-1,42,50,64,-1,64,50,52,-1,64,52,54,-1,44,45,68,-1,68,45,69,-1,70,71,68,-1,68,71,63,-1,68,63,61,-1,61,59,68,-1,68,59,57,-1,68,57,55,-1,55,53,68,-1,68,53,51,-1,68,51,44,-1,44,51,49,-1,44,49,47,-1,45,43,69,-1,69,43,65,-1,66,62,71,-1,71,62,63,-1,72,73,74,-1,74,73,75,-1,76,77,78,-1,78,77,79,-1,72,76,73,-1,73,76,78,-1,79,77,80,-1,80,77,81,-1,76,72,77,-1,77,72,74,-1,77,74,81,-1,81,74,82,-1,80,83,79,-1,79,83,75,-1,79,75,78,-1,78,75,73,-1,84,85,86,-1,86,85,87,-1,86,87,88,-1,88,87,89,-1,88,89,90,-1,90,89,91,-1,90,91,92,-1,92,91,93,-1,92,93,94,-1,94,93,95,-1,94,95,96,-1,96,95,97,-1,96,97,98,-1,98,97,99,-1,100,98,101,-1,101,98,99,-1,102,100,103,-1,103,100,101,-1,104,102,105,-1,105,102,103,-1,91,89,106,-1,107,105,106,-1,106,105,103,-1,91,106,93,-1,108,109,85,-1,85,109,106,-1,85,106,87,-1,87,106,89,-1,101,99,103,-1,103,99,97,-1,103,97,106,-1,106,97,95,-1,106,95,93,-1,102,104,110,-1,110,104,111,-1,112,113,110,-1,110,113,84,-1,110,84,86,-1,86,88,110,-1,110,88,90,-1,110,90,92,-1,92,94,110,-1,110,94,96,-1,110,96,102,-1,102,96,98,-1,102,98,100,-1,104,105,111,-1,111,105,107,-1,108,85,113,-1,113,85,84,-1,114,115,116,-1,116,115,117,-1,118,115,119,-1,119,115,114,-1,120,118,121,-1,121,118,119,-1,120,121,122,-1,122,121,123,-1,122,124,120,-1,120,124,117,-1,120,117,118,-1,118,117,115,-1,119,114,121,-1,121,114,116,-1,121,116,123,-1,123,116,125,-1,126,127,128,-1,128,127,129,-1,130,126,131,-1,131,126,128,-1,132,130,133,-1,133,130,131,-1,132,133,134,-1,134,133,135,-1,134,135,136,-1,136,135,137,-1,136,137,138,-1,138,137,139,-1,138,139,140,-1,140,139,141,-1,140,141,142,-1,142,141,143,-1,142,143,144,-1,144,143,145,-1,144,145,146,-1,146,145,147,-1,140,142,148,-1,149,127,148,-1,148,127,126,-1,140,148,138,-1,150,151,146,-1,146,151,148,-1,146,148,144,-1,144,148,142,-1,130,132,126,-1,126,132,134,-1,126,134,148,-1,148,134,136,-1,148,136,138,-1,128,129,152,-1,152,129,153,-1,154,155,152,-1,152,155,147,-1,152,147,145,-1,145,143,152,-1,152,143,141,-1,152,141,139,-1,139,137,152,-1,152,137,135,-1,152,135,128,-1,128,135,133,-1,128,133,131,-1,129,127,153,-1,153,127,149,-1,150,146,155,-1,155,146,147,-1,156,157,158,-1,158,157,159,-1,160,161,162,-1,162,161,163,-1,156,160,157,-1,157,160,162,-1,163,161,164,-1,164,161,165,-1,160,156,161,-1,161,156,158,-1,161,158,165,-1,165,158,166,-1,164,167,163,-1,163,167,159,-1,163,159,162,-1,162,159,157,-1,168,169,170,-1,170,169,171,-1,170,171,172,-1,172,171,173,-1,172,173,174,-1,174,173,175,-1,174,175,176,-1,176,175,177,-1,176,177,178,-1,178,177,179,-1,178,179,180,-1,180,179,181,-1,180,181,182,-1,182,181,183,-1,184,182,185,-1,185,182,183,-1,186,184,187,-1,187,184,185,-1,188,186,189,-1,189,186,187,-1,175,173,190,-1,191,189,190,-1,190,189,187,-1,175,190,177,-1,192,193,169,-1,169,193,190,-1,169,190,171,-1,171,190,173,-1,185,183,187,-1,187,183,181,-1,187,181,190,-1,190,181,179,-1,190,179,177,-1,186,188,194,-1,194,188,195,-1,196,197,194,-1,194,197,168,-1,194,168,170,-1,170,172,194,-1,194,172,174,-1,194,174,176,-1,176,178,194,-1,194,178,180,-1,194,180,186,-1,186,180,182,-1,186,182,184,-1,188,189,195,-1,195,189,191,-1,192,169,197,-1,197,169,168,-1,198,199,200,-1,200,199,201,-1,202,199,203,-1,203,199,198,-1,204,202,205,-1,205,202,203,-1,204,205,206,-1,206,205,207,-1,206,208,204,-1,204,208,201,-1,204,201,202,-1,202,201,199,-1,203,198,205,-1,205,198,200,-1,205,200,207,-1,207,200,209,-1,210,211,212,-1,212,211,213,-1,214,210,215,-1,215,210,212,-1,216,214,217,-1,217,214,215,-1,216,217,218,-1,218,217,219,-1,218,219,220,-1,220,219,221,-1,220,221,222,-1,222,221,223,-1,222,223,224,-1,224,223,225,-1,224,225,226,-1,226,225,227,-1,226,227,228,-1,228,227,229,-1,228,229,230,-1,230,229,231,-1,224,226,232,-1,233,211,232,-1,232,211,210,-1,224,232,222,-1,234,235,230,-1,230,235,232,-1,230,232,228,-1,228,232,226,-1,214,216,210,-1,210,216,218,-1,210,218,232,-1,232,218,220,-1,232,220,222,-1,212,213,236,-1,236,213,237,-1,238,239,236,-1,236,239,231,-1,236,231,229,-1,229,227,236,-1,236,227,225,-1,236,225,223,-1,223,221,236,-1,236,221,219,-1,236,219,212,-1,212,219,217,-1,212,217,215,-1,213,211,237,-1,237,211,233,-1,234,230,239,-1,239,230,231,-1,240,241,242,-1,242,241,243,-1,244,245,246,-1,246,245,247,-1,240,244,241,-1,241,244,246,-1,247,245,248,-1,248,245,249,-1,244,240,245,-1,245,240,242,-1,245,242,249,-1,249,242,250,-1,248,251,247,-1,247,251,243,-1,247,243,246,-1,246,243,241,-1,252,253,254,-1,254,253,255,-1,254,255,256,-1,256,255,257,-1,256,257,258,-1,258,257,259,-1,258,259,260,-1,260,259,261,-1,260,261,262,-1,262,261,263,-1,262,263,264,-1,264,263,265,-1,264,265,266,-1,266,265,267,-1,268,266,269,-1,269,266,267,-1,270,268,271,-1,271,268,269,-1,272,270,273,-1,273,270,271,-1,259,257,274,-1,275,273,274,-1,274,273,271,-1,259,274,261,-1,276,277,253,-1,253,277,274,-1,253,274,255,-1,255,274,257,-1,269,267,271,-1,271,267,265,-1,271,265,274,-1,274,265,263,-1,274,263,261,-1,270,272,278,-1,278,272,279,-1,280,281,278,-1,278,281,252,-1,278,252,254,-1,254,256,278,-1,278,256,258,-1,278,258,260,-1,260,262,278,-1,278,262,264,-1,278,264,270,-1,270,264,266,-1,270,266,268,-1,272,273,279,-1,279,273,275,-1,276,253,281,-1,281,253,252,-1,282,283,284,-1,284,283,285,-1,286,283,287,-1,287,283,282,-1,288,286,289,-1,289,286,287,-1,288,289,290,-1,290,289,291,-1,290,292,288,-1,288,292,285,-1,288,285,286,-1,286,285,283,-1,287,282,289,-1,289,282,284,-1,289,284,291,-1,291,284,293,-1,294,295,296,-1,296,295,297,-1,298,294,299,-1,299,294,296,-1,300,298,301,-1,301,298,299,-1,300,301,302,-1,302,301,303,-1,302,303,304,-1,304,303,305,-1,304,305,306,-1,306,305,307,-1,306,307,308,-1,308,307,309,-1,308,309,310,-1,310,309,311,-1,310,311,312,-1,312,311,313,-1,312,313,314,-1,314,313,315,-1,308,310,316,-1,317,295,316,-1,316,295,294,-1,308,316,306,-1,318,319,314,-1,314,319,316,-1,314,316,312,-1,312,316,310,-1,298,300,294,-1,294,300,302,-1,294,302,316,-1,316,302,304,-1,316,304,306,-1,296,297,320,-1,320,297,321,-1,322,323,320,-1,320,323,315,-1,320,315,313,-1,313,311,320,-1,320,311,309,-1,320,309,307,-1,307,305,320,-1,320,305,303,-1,320,303,296,-1,296,303,301,-1,296,301,299,-1,297,295,321,-1,321,295,317,-1,318,314,323,-1,323,314,315,-1,324,325,326,-1,326,325,327,-1,328,329,330,-1,330,329,331,-1,324,328,325,-1,325,328,330,-1,331,329,332,-1,332,329,333,-1,328,324,329,-1,329,324,326,-1,329,326,333,-1,333,326,334,-1,332,335,331,-1,331,335,327,-1,331,327,330,-1,330,327,325,-1,336,337,338,-1,338,337,339,-1,338,339,340,-1,340,339,341,-1,340,341,342,-1,342,341,343,-1,342,343,344,-1,344,343,345,-1,344,345,346,-1,346,345,347,-1,346,347,348,-1,348,347,349,-1,348,349,350,-1,350,349,351,-1,352,350,353,-1,353,350,351,-1,354,352,355,-1,355,352,353,-1,356,354,357,-1,357,354,355,-1,343,341,358,-1,359,357,358,-1,358,357,355,-1,343,358,345,-1,360,361,337,-1,337,361,358,-1,337,358,339,-1,339,358,341,-1,353,351,355,-1,355,351,349,-1,355,349,358,-1,358,349,347,-1,358,347,345,-1,354,356,362,-1,362,356,363,-1,364,365,362,-1,362,365,336,-1,362,336,338,-1,338,340,362,-1,362,340,342,-1,362,342,344,-1,344,346,362,-1,362,346,348,-1,362,348,354,-1,354,348,350,-1,354,350,352,-1,356,357,363,-1,363,357,359,-1,360,337,365,-1,365,337,336,-1,366,367,368,-1,368,367,369,-1,370,367,371,-1,371,367,366,-1,372,370,373,-1,373,370,371,-1,372,373,374,-1,374,373,375,-1,374,376,372,-1,372,376,369,-1,372,369,370,-1,370,369,367,-1,371,366,373,-1,373,366,368,-1,373,368,375,-1,375,368,377,-1,378,379,380,-1,380,379,381,-1,382,378,383,-1,383,378,380,-1,384,382,385,-1,385,382,383,-1,384,385,386,-1,386,385,387,-1,386,387,388,-1,388,387,389,-1,388,389,390,-1,390,389,391,-1,390,391,392,-1,392,391,393,-1,392,393,394,-1,394,393,395,-1,394,395,396,-1,396,395,397,-1,396,397,398,-1,398,397,399,-1,392,394,400,-1,401,379,400,-1,400,379,378,-1,392,400,390,-1,402,403,398,-1,398,403,400,-1,398,400,396,-1,396,400,394,-1,382,384,378,-1,378,384,386,-1,378,386,400,-1,400,386,388,-1,400,388,390,-1,380,381,404,-1,404,381,405,-1,406,407,404,-1,404,407,399,-1,404,399,397,-1,397,395,404,-1,404,395,393,-1,404,393,391,-1,391,389,404,-1,404,389,387,-1,404,387,380,-1,380,387,385,-1,380,385,383,-1,381,379,405,-1,405,379,401,-1,402,398,407,-1,407,398,399,-1,408,409,410,-1,410,409,411,-1,412,413,414,-1,414,413,415,-1,408,412,409,-1,409,412,414,-1,415,413,416,-1,416,413,417,-1,412,408,413,-1,413,408,410,-1,413,410,417,-1,417,410,418,-1,416,419,415,-1,415,419,411,-1,415,411,414,-1,414,411,409,-1,420,421,422,-1,422,421,423,-1,422,423,424,-1,424,423,425,-1,424,425,426,-1,426,425,427,-1,426,427,428,-1,428,427,429,-1,428,429,430,-1,430,429,431,-1,430,431,432,-1,432,431,433,-1,432,433,434,-1,434,433,435,-1,436,434,437,-1,437,434,435,-1,438,436,439,-1,439,436,437,-1,440,438,441,-1,441,438,439,-1,427,425,442,-1,443,441,442,-1,442,441,439,-1,427,442,429,-1,444,445,421,-1,421,445,442,-1,421,442,423,-1,423,442,425,-1,437,435,439,-1,439,435,433,-1,439,433,442,-1,442,433,431,-1,442,431,429,-1,438,440,446,-1,446,440,447,-1,448,449,446,-1,446,449,420,-1,446,420,422,-1,422,424,446,-1,446,424,426,-1,446,426,428,-1,428,430,446,-1,446,430,432,-1,446,432,438,-1,438,432,434,-1,438,434,436,-1,440,441,447,-1,447,441,443,-1,444,421,449,-1,449,421,420,-1,450,451,452,-1,452,451,453,-1,454,451,455,-1,455,451,450,-1,456,454,457,-1,457,454,455,-1,456,457,458,-1,458,457,459,-1,458,460,456,-1,456,460,453,-1,456,453,454,-1,454,453,451,-1,455,450,457,-1,457,450,452,-1,457,452,459,-1,459,452,461,-1,462,463,464,-1,464,463,465,-1,466,462,467,-1,467,462,464,-1,468,466,469,-1,469,466,467,-1,468,469,470,-1,470,469,471,-1,470,471,472,-1,472,471,473,-1,472,473,474,-1,474,473,475,-1,474,475,476,-1,476,475,477,-1,476,477,478,-1,478,477,479,-1,478,479,480,-1,480,479,481,-1,480,481,482,-1,482,481,483,-1,476,478,484,-1,485,463,484,-1,484,463,462,-1,476,484,474,-1,486,487,482,-1,482,487,484,-1,482,484,480,-1,480,484,478,-1,466,468,462,-1,462,468,470,-1,462,470,484,-1,484,470,472,-1,484,472,474,-1,464,465,488,-1,488,465,489,-1,490,491,488,-1,488,491,483,-1,488,483,481,-1,481,479,488,-1,488,479,477,-1,488,477,475,-1,475,473,488,-1,488,473,471,-1,488,471,464,-1,464,471,469,-1,464,469,467,-1,465,463,489,-1,489,463,485,-1,486,482,491,-1,491,482,483,-1,492,493,494,-1,494,493,495,-1,496,497,498,-1,498,497,499,-1,492,496,493,-1,493,496,498,-1,499,497,500,-1,500,497,501,-1,496,492,497,-1,497,492,494,-1,497,494,501,-1,501,494,502,-1,500,503,499,-1,499,503,495,-1,499,495,498,-1,498,495,493,-1,504,505,506,-1,506,505,507,-1,506,507,508,-1,508,507,509,-1,508,509,510,-1,510,509,511,-1,510,511,512,-1,512,511,513,-1,512,513,514,-1,514,513,515,-1,514,515,516,-1,516,515,517,-1,516,517,518,-1,518,517,519,-1,520,518,521,-1,521,518,519,-1,522,520,523,-1,523,520,521,-1,524,522,525,-1,525,522,523,-1,511,509,526,-1,527,525,526,-1,526,525,523,-1,511,526,513,-1,528,529,505,-1,505,529,526,-1,505,526,507,-1,507,526,509,-1,521,519,523,-1,523,519,517,-1,523,517,526,-1,526,517,515,-1,526,515,513,-1,522,524,530,-1,530,524,531,-1,532,533,530,-1,530,533,504,-1,530,504,506,-1,506,508,530,-1,530,508,510,-1,530,510,512,-1,512,514,530,-1,530,514,516,-1,530,516,522,-1,522,516,518,-1,522,518,520,-1,524,525,531,-1,531,525,527,-1,528,505,533,-1,533,505,504,-1,534,535,536,-1,536,535,537,-1,538,535,539,-1,539,535,534,-1,540,538,541,-1,541,538,539,-1,540,541,542,-1,542,541,543,-1,542,544,540,-1,540,544,537,-1,540,537,538,-1,538,537,535,-1,539,534,541,-1,541,534,536,-1,541,536,543,-1,543,536,545,-1,546,547,548,-1,548,547,549,-1,550,546,551,-1,551,546,548,-1,552,550,553,-1,553,550,551,-1,552,553,554,-1,554,553,555,-1,554,555,556,-1,556,555,557,-1,556,557,558,-1,558,557,559,-1,558,559,560,-1,560,559,561,-1,560,561,562,-1,562,561,563,-1,562,563,564,-1,564,563,565,-1,564,565,566,-1,566,565,567,-1,560,562,568,-1,569,547,568,-1,568,547,546,-1,560,568,558,-1,570,571,566,-1,566,571,568,-1,566,568,564,-1,564,568,562,-1,550,552,546,-1,546,552,554,-1,546,554,568,-1,568,554,556,-1,568,556,558,-1,548,549,572,-1,572,549,573,-1,574,575,572,-1,572,575,567,-1,572,567,565,-1,565,563,572,-1,572,563,561,-1,572,561,559,-1,559,557,572,-1,572,557,555,-1,572,555,548,-1,548,555,553,-1,548,553,551,-1,549,547,573,-1,573,547,569,-1,570,566,575,-1,575,566,567,-1,576,577,578,-1,578,577,579,-1,580,581,582,-1,582,581,583,-1,576,580,577,-1,577,580,582,-1,583,581,584,-1,584,581,585,-1,580,576,581,-1,581,576,578,-1,581,578,585,-1,585,578,586,-1,584,587,583,-1,583,587,579,-1,583,579,582,-1,582,579,577,-1,588,589,590,-1,590,589,591,-1,590,591,592,-1,592,591,593,-1,592,593,594,-1,594,593,595,-1,594,595,596,-1,596,595,597,-1,596,597,598,-1,598,597,599,-1,598,599,600,-1,600,599,601,-1,600,601,602,-1,602,601,603,-1,604,602,605,-1,605,602,603,-1,606,604,607,-1,607,604,605,-1,608,606,609,-1,609,606,607,-1,595,593,610,-1,611,609,610,-1,610,609,607,-1,595,610,597,-1,612,613,589,-1,589,613,610,-1,589,610,591,-1,591,610,593,-1,605,603,607,-1,607,603,601,-1,607,601,610,-1,610,601,599,-1,610,599,597,-1,606,608,614,-1,614,608,615,-1,616,617,614,-1,614,617,588,-1,614,588,590,-1,590,592,614,-1,614,592,594,-1,614,594,596,-1,596,598,614,-1,614,598,600,-1,614,600,606,-1,606,600,602,-1,606,602,604,-1,608,609,615,-1,615,609,611,-1,612,589,617,-1,617,589,588,-1,618,619,620,-1,620,619,621,-1,622,619,623,-1,623,619,618,-1,624,622,625,-1,625,622,623,-1,624,625,626,-1,626,625,627,-1,626,628,624,-1,624,628,621,-1,624,621,622,-1,622,621,619,-1,623,618,625,-1,625,618,620,-1,625,620,627,-1,627,620,629,-1,630,631,632,-1,632,631,633,-1,634,630,635,-1,635,630,632,-1,636,634,637,-1,637,634,635,-1,636,637,638,-1,638,637,639,-1,638,639,640,-1,640,639,641,-1,640,641,642,-1,642,641,643,-1,642,643,644,-1,644,643,645,-1,644,645,646,-1,646,645,647,-1,646,647,648,-1,648,647,649,-1,648,649,650,-1,650,649,651,-1,644,646,652,-1,653,631,652,-1,652,631,630,-1,644,652,642,-1,654,655,650,-1,650,655,652,-1,650,652,648,-1,648,652,646,-1,634,636,630,-1,630,636,638,-1,630,638,652,-1,652,638,640,-1,652,640,642,-1,632,633,656,-1,656,633,657,-1,658,659,656,-1,656,659,651,-1,656,651,649,-1,649,647,656,-1,656,647,645,-1,656,645,643,-1,643,641,656,-1,656,641,639,-1,656,639,632,-1,632,639,637,-1,632,637,635,-1,633,631,657,-1,657,631,653,-1,654,650,659,-1,659,650,651,-1,660,661,662,-1,662,661,663,-1,664,665,666,-1,666,665,667,-1,660,664,661,-1,661,664,666,-1,667,665,668,-1,668,665,669,-1,664,660,665,-1,665,660,662,-1,665,662,669,-1,669,662,670,-1,668,671,667,-1,667,671,663,-1,667,663,666,-1,666,663,661,-1,672,673,674,-1,674,673,675,-1,674,675,676,-1,676,675,677,-1,676,677,678,-1,678,677,679,-1,678,679,680,-1,680,679,681,-1,680,681,682,-1,682,681,683,-1,682,683,684,-1,684,683,685,-1,684,685,686,-1,686,685,687,-1,688,686,689,-1,689,686,687,-1,690,688,691,-1,691,688,689,-1,692,690,693,-1,693,690,691,-1,679,677,694,-1,695,693,694,-1,694,693,691,-1,679,694,681,-1,696,697,673,-1,673,697,694,-1,673,694,675,-1,675,694,677,-1,689,687,691,-1,691,687,685,-1,691,685,694,-1,694,685,683,-1,694,683,681,-1,690,692,698,-1,698,692,699,-1,700,701,698,-1,698,701,672,-1,698,672,674,-1,674,676,698,-1,698,676,678,-1,698,678,680,-1,680,682,698,-1,698,682,684,-1,698,684,690,-1,690,684,686,-1,690,686,688,-1,692,693,699,-1,699,693,695,-1,696,673,701,-1,701,673,672,-1,702,703,704,-1,704,703,705,-1,706,703,707,-1,707,703,702,-1,708,706,709,-1,709,706,707,-1,708,709,710,-1,710,709,711,-1,710,712,708,-1,708,712,705,-1,708,705,706,-1,706,705,703,-1,707,702,709,-1,709,702,704,-1,709,704,711,-1,711,704,713,-1,714,715,716,-1,716,715,717,-1,718,714,719,-1,719,714,716,-1,720,718,721,-1,721,718,719,-1,720,721,722,-1,722,721,723,-1,722,723,724,-1,724,723,725,-1,724,725,726,-1,726,725,727,-1,726,727,728,-1,728,727,729,-1,728,729,730,-1,730,729,731,-1,730,731,732,-1,732,731,733,-1,732,733,734,-1,734,733,735,-1,728,730,736,-1,737,715,736,-1,736,715,714,-1,728,736,726,-1,738,739,734,-1,734,739,736,-1,734,736,732,-1,732,736,730,-1,718,720,714,-1,714,720,722,-1,714,722,736,-1,736,722,724,-1,736,724,726,-1,716,717,740,-1,740,717,741,-1,742,743,740,-1,740,743,735,-1,740,735,733,-1,733,731,740,-1,740,731,729,-1,740,729,727,-1,727,725,740,-1,740,725,723,-1,740,723,716,-1,716,723,721,-1,716,721,719,-1,717,715,741,-1,741,715,737,-1,738,734,743,-1,743,734,735,-1,744,745,746,-1,746,745,747,-1,748,749,750,-1,750,749,751,-1,744,748,745,-1,745,748,750,-1,751,749,752,-1,752,749,753,-1,748,744,749,-1,749,744,746,-1,749,746,753,-1,753,746,754,-1,752,755,751,-1,751,755,747,-1,751,747,750,-1,750,747,745,-1,756,757,758,-1,758,757,759,-1,758,759,760,-1,760,759,761,-1,760,761,762,-1,762,761,763,-1,762,763,764,-1,764,763,765,-1,764,765,766,-1,766,765,767,-1,766,767,768,-1,768,767,769,-1,768,769,770,-1,770,769,771,-1,772,770,773,-1,773,770,771,-1,774,772,775,-1,775,772,773,-1,776,774,777,-1,777,774,775,-1,763,761,778,-1,779,777,778,-1,778,777,775,-1,763,778,765,-1,780,781,757,-1,757,781,778,-1,757,778,759,-1,759,778,761,-1,773,771,775,-1,775,771,769,-1,775,769,778,-1,778,769,767,-1,778,767,765,-1,774,776,782,-1,782,776,783,-1,784,785,782,-1,782,785,756,-1,782,756,758,-1,758,760,782,-1,782,760,762,-1,782,762,764,-1,764,766,782,-1,782,766,768,-1,782,768,774,-1,774,768,770,-1,774,770,772,-1,776,777,783,-1,783,777,779,-1,780,757,785,-1,785,757,756,-1,786,787,788,-1,788,787,789,-1,790,787,791,-1,791,787,786,-1,792,790,793,-1,793,790,791,-1,792,793,794,-1,794,793,795,-1,794,796,792,-1,792,796,789,-1,792,789,790,-1,790,789,787,-1,791,786,793,-1,793,786,788,-1,793,788,795,-1,795,788,797,-1,798,799,800,-1,800,799,801,-1,802,798,803,-1,803,798,800,-1,804,802,805,-1,805,802,803,-1,804,805,806,-1,806,805,807,-1,806,807,808,-1,808,807,809,-1,808,809,810,-1,810,809,811,-1,810,811,812,-1,812,811,813,-1,812,813,814,-1,814,813,815,-1,814,815,816,-1,816,815,817,-1,816,817,818,-1,818,817,819,-1,812,814,820,-1,821,799,820,-1,820,799,798,-1,812,820,810,-1,822,823,818,-1,818,823,820,-1,818,820,816,-1,816,820,814,-1,802,804,798,-1,798,804,806,-1,798,806,820,-1,820,806,808,-1,820,808,810,-1,800,801,824,-1,824,801,825,-1,826,827,824,-1,824,827,819,-1,824,819,817,-1,817,815,824,-1,824,815,813,-1,824,813,811,-1,811,809,824,-1,824,809,807,-1,824,807,800,-1,800,807,805,-1,800,805,803,-1,801,799,825,-1,825,799,821,-1,822,818,827,-1,827,818,819,-1,828,829,830,-1,830,829,831,-1,832,833,834,-1,834,833,835,-1,828,832,829,-1,829,832,834,-1,835,833,836,-1,836,833,837,-1,832,828,833,-1,833,828,830,-1,833,830,837,-1,837,830,838,-1,836,839,835,-1,835,839,831,-1,835,831,834,-1,834,831,829,-1,840,841,842,-1,842,841,843,-1,842,843,844,-1,844,843,845,-1,844,845,846,-1,846,845,847,-1,846,847,848,-1,848,847,849,-1,848,849,850,-1,850,849,851,-1,850,851,852,-1,852,851,853,-1,852,853,854,-1,854,853,855,-1,856,854,857,-1,857,854,855,-1,858,856,859,-1,859,856,857,-1,860,858,861,-1,861,858,859,-1,847,845,862,-1,863,861,862,-1,862,861,859,-1,847,862,849,-1,864,865,841,-1,841,865,862,-1,841,862,843,-1,843,862,845,-1,857,855,859,-1,859,855,853,-1,859,853,862,-1,862,853,851,-1,862,851,849,-1,858,860,866,-1,866,860,867,-1,868,869,866,-1,866,869,840,-1,866,840,842,-1,842,844,866,-1,866,844,846,-1,866,846,848,-1,848,850,866,-1,866,850,852,-1,866,852,858,-1,858,852,854,-1,858,854,856,-1,860,861,867,-1,867,861,863,-1,864,841,869,-1,869,841,840,-1,870,871,872,-1,872,871,873,-1,874,871,875,-1,875,871,870,-1,876,874,877,-1,877,874,875,-1,876,877,878,-1,878,877,879,-1,878,880,876,-1,876,880,873,-1,876,873,874,-1,874,873,871,-1,875,870,877,-1,877,870,872,-1,877,872,879,-1,879,872,881,-1,882,883,884,-1,884,883,885,-1,886,882,887,-1,887,882,884,-1,888,886,889,-1,889,886,887,-1,888,889,890,-1,890,889,891,-1,890,891,892,-1,892,891,893,-1,892,893,894,-1,894,893,895,-1,894,895,896,-1,896,895,897,-1,896,897,898,-1,898,897,899,-1,898,899,900,-1,900,899,901,-1,900,901,902,-1,902,901,903,-1,896,898,904,-1,905,883,904,-1,904,883,882,-1,896,904,894,-1,906,907,902,-1,902,907,904,-1,902,904,900,-1,900,904,898,-1,886,888,882,-1,882,888,890,-1,882,890,904,-1,904,890,892,-1,904,892,894,-1,884,885,908,-1,908,885,909,-1,910,911,908,-1,908,911,903,-1,908,903,901,-1,901,899,908,-1,908,899,897,-1,908,897,895,-1,895,893,908,-1,908,893,891,-1,908,891,884,-1,884,891,889,-1,884,889,887,-1,885,883,909,-1,909,883,905,-1,906,902,911,-1,911,902,903,-1,912,913,914,-1,914,913,915,-1,916,917,918,-1,918,917,919,-1,912,916,913,-1,913,916,918,-1,919,917,920,-1,920,917,921,-1,916,912,917,-1,917,912,914,-1,917,914,921,-1,921,914,922,-1,920,923,919,-1,919,923,915,-1,919,915,918,-1,918,915,913,-1,
        ]
    }
}
Shape{
    appearance Appearance {
        material  Material 	{
            diffuseColor 0.11372549019607843 0.11372549019607843 0.11372549019607843
            specularColor 0.058823529411764705 0.058823529411764705 0.058823529411764705
            ambientIntensity 0.1137
            transparency 0.0
            shininess 0.5
        }
    }
    geometry IndexedFaceSet {
        ccw TRUE
        solid FALSE
        coord DEF co Coordinate {
            point [
                0.6758 -0.5141 0.3937, 0.6758 -0.4398 0.3937, 0.6758 -0.5141 0.5118, 0.6758 -0.4398 0.5118, 0.7416 -0.4398 0.3937, 0.7416 -0.4398 0.5118, 0.7416 -0.5141 0.3937, 0.7416 -0.5141 0.5118, 0.5183 -0.5141 0.3937, 0.5183 -0.4398 0.3937, 0.5183 -0.5141 0.5118, 0.5183 -0.4398 0.5118, 0.5841 -0.4398 0.3937, 0.5841 -0.4398 0.5118, 0.5841 -0.5141 0.3937, 0.5841 -0.5141 0.5118, 0.8333 -0.5141 0.3937, 0.8333 -0.4398 0.3937, 0.8333 -0.5141 0.5118, 0.8333 -0.4398 0.5118, 0.899 -0.4398 0.3937, 0.899 -0.4398 0.5118, 0.899 -0.5141 0.3937, 0.899 -0.5141 0.5118, -0.4266 -0.5141 0.3937, -0.4266 -0.4398 0.3937, -0.4266 -0.5141 0.5118, -0.4266 -0.4398 0.5118, -0.3608 -0.4398 0.3937, -0.3608 -0.4398 0.5118, -0.3608 -0.5141 0.3937, -0.3608 -0.5141 0.5118, -0.2691 -0.5141 0.3937, -0.2691 -0.4398 0.3937, -0.2691 -0.5141 0.5118, -0.2691 -0.4398 0.5118, -0.2033 -0.4398 0.3937, -0.2033 -0.4398 0.5118, -0.2033 -0.5141 0.3937, -0.2033 -0.5141 0.5118, -0.7416 -0.5141 0.3937, -0.7416 -0.4398 0.3937, -0.7416 -0.5141 0.5118, -0.7416 -0.4398 0.5118, -0.6758 -0.4398 0.3937, -0.6758 -0.4398 0.5118, -0.6758 -0.5141 0.3937, -0.6758 -0.5141 0.5118, -0.5841 -0.5141 0.3937, -0.5841 -0.4398 0.3937, -0.5841 -0.5141 0.5118, -0.5841 -0.4398 0.5118, -0.5183 -0.4398 0.3937, -0.5183 -0.4398 0.5118, -0.5183 -0.5141 0.3937, -0.5183 -0.5141 0.5118, 0.2033 -0.5141 0.3937, 0.2033 -0.4398 0.3937, 0.2033 -0.5141 0.5118, 0.2033 -0.4398 0.5118, 0.2691 -0.4398 0.3937, 0.2691 -0.4398 0.5118, 0.2691 -0.5141 0.3937, 0.2691 -0.5141 0.5118, 0.3608 -0.5141 0.3937, 0.3608 -0.4398 0.3937, 0.3608 -0.5141 0.5118, 0.3608 -0.4398 0.5118, 0.4266 -0.4398 0.3937, 0.4266 -0.4398 0.5118, 0.4266 -0.5141 0.3937, 0.4266 -0.5141 0.5118, -0.1116 -0.5141 0.3937, -0.1116 -0.4398 0.3937, -0.1116 -0.5141 0.5118, -0.1116 -0.4398 0.5118, -0.0459 -0.4398 0.3937, -0.0459 -0.4398 0.5118, -0.0459 -0.5141 0.3937, -0.0459 -0.5141 0.5118, 0.0459 -0.5141 0.3937, 0.0459 -0.4398 0.3937, 0.0459 -0.5141 0.5118, 0.0459 -0.4398 0.5118, 0.1116 -0.4398 0.3937, 0.1116 -0.4398 0.5118, 0.1116 -0.5141 0.3937, 0.1116 -0.5141 0.5118, -0.6758 0.5141 0.3937, -0.6758 0.4398 0.3937, -0.6758 0.5141 0.5118, -0.6758 0.4398 0.5118, -0.7416 0.4398 0.3937, -0.7416 0.4398 0.5118, -0.7416 0.5141 0.3937, -0.7416 0.5141 0.5118, 0.899 0.5141 0.3937, 0.899 0.4398 0.3937, 0.899 0.5141 0.5118, 0.899 0.4398 0.5118, 0.8333 0.4398 0.3937, 0.8333 0.4398 0.5118, 0.8333 0.5141 0.3937, 0.8333 0.5141 0.5118, 0.7416 0.5141 0.3937, 0.7416 0.4398 0.3937, 0.7416 0.5141 0.5118, 0.7416 0.4398 0.5118, 0.6758 0.4398 0.3937, 0.6758 0.4398 0.5118, 0.6758 0.5141 0.3937, 0.6758 0.5141 0.5118, -0.2033 0.5141 0.3937, -0.2033 0.4398 0.3937, -0.2033 0.5141 0.5118, -0.2033 0.4398 0.5118, -0.2691 0.4398 0.3937, -0.2691 0.4398 0.5118, -0.2691 0.5141 0.3937, -0.2691 0.5141 0.5118, -0.0459 0.5141 0.3937, -0.0459 0.4398 0.3937, -0.0459 0.5141 0.5118, -0.0459 0.4398 0.5118, -0.1116 0.4398 0.3937, -0.1116 0.4398 0.5118, -0.1116 0.5141 0.3937, -0.1116 0.5141 0.5118, -0.5183 0.5141 0.3937, -0.5183 0.4398 0.3937, -0.5183 0.5141 0.5118, -0.5183 0.4398 0.5118, -0.5841 0.4398 0.3937, -0.5841 0.4398 0.5118, -0.5841 0.5141 0.3937, -0.5841 0.5141 0.5118, -0.3608 0.5141 0.3937, -0.3608 0.4398 0.3937, -0.3608 0.5141 0.5118, -0.3608 0.4398 0.5118, -0.4266 0.4398 0.3937, -0.4266 0.4398 0.5118, -0.4266 0.5141 0.3937, -0.4266 0.5141 0.5118, 0.4266 0.5141 0.3937, 0.4266 0.4398 0.3937, 0.4266 0.5141 0.5118, 0.4266 0.4398 0.5118, 0.3608 0.4398 0.3937, 0.3608 0.4398 0.5118, 0.3608 0.5141 0.3937, 0.3608 0.5141 0.5118, 0.5841 0.5141 0.3937, 0.5841 0.4398 0.3937, 0.5841 0.5141 0.5118, 0.5841 0.4398 0.5118, 0.5183 0.4398 0.3937, 0.5183 0.4398 0.5118, 0.5183 0.5141 0.3937, 0.5183 0.5141 0.5118, 0.1116 0.5141 0.3937, 0.1116 0.4398 0.3937, 0.1116 0.5141 0.5118, 0.1116 0.4398 0.5118, 0.0459 0.4398 0.3937, 0.0459 0.4398 0.5118, 0.0459 0.5141 0.3937, 0.0459 0.5141 0.5118, 0.2691 0.5141 0.3937, 0.2691 0.4398 0.3937, 0.2691 0.5141 0.5118, 0.2691 0.4398 0.5118, 0.2033 0.4398 0.3937, 0.2033 0.4398 0.5118, 0.2033 0.5141 0.3937, 0.2033 0.5141 0.5118, 1.2795 -0.3701 0.4921, 1.3583 -0.3701 0.5709, 1.2795 0.3701 0.4921, 1.3583 0.3701 0.5709, -1.2795 0.3701 0.4921, -1.3583 0.3701 0.5709, -1.2795 -0.3701 0.4921, -1.3583 -0.3701 0.5709, 1.122 0.3701 0.4724, 1.1614 0.4094 0.5118, 1.0302 0.4094 0.5118, 0.7874 0.4094 0.5118, 0.6299 0.4094 0.5118, 0.4724 0.4094 0.5118, 0.315 0.4094 0.5118, 0.0 0.4094 0.5118, -1.122 0.3701 0.4724, -0.1575 0.4094 0.5118, -0.315 0.4094 0.5118, -0.4724 0.4094 0.5118, -0.6299 0.4094 0.5118, -0.7874 0.4094 0.5118, -1.1614 0.4094 0.5118, -1.122 -0.3701 0.4724, -1.1614 -0.4094 0.5118, -0.7874 -0.4094 0.5118, -0.6299 -0.4094 0.5118, -0.4724 -0.4094 0.5118, -0.315 -0.4094 0.5118, -0.1575 -0.4094 0.5118, 0.0 -0.4094 0.5118, 1.122 -0.3701 0.4724, 0.315 -0.4094 0.5118, 0.4724 -0.4094 0.5118, 0.6299 -0.4094 0.5118, 0.7874 -0.4094 0.5118, 1.0302 -0.4094 0.5118, 1.1614 -0.4094 0.5118, -1.4567 -0.5472 0.5709, -1.4567 -0.5472 0.1564, -1.456 -0.5523 0.1564, -1.456 -0.5523 0.5709, -1.4541 -0.5571 0.1564, -1.4541 -0.5571 0.5709, -1.4509 -0.5612 0.1564, -1.4509 -0.5612 0.5709, -1.4469 -0.5643 0.1564, -1.4469 -0.5643 0.5709, -1.4421 -0.5663 0.1564, -1.4421 -0.5663 0.5709, -1.437 -0.5669 0.1564, -1.437 -0.5669 0.5709, -1.437 0.5669 0.5709, -1.437 0.5669 0.1564, -1.4421 0.5663 0.1564, -1.4421 0.5663 0.5709, -1.4469 0.5643 0.1564, -1.4469 0.5643 0.5709, -1.4509 0.5612 0.1564, -1.4509 0.5612 0.5709, -1.4541 0.5571 0.1564, -1.4541 0.5571 0.5709, -1.456 0.5523 0.1564, -1.456 0.5523 0.5709, -1.4567 0.5472 0.1564, -1.4567 0.5472 0.5709, 1.437 -0.5669 0.5709, 1.437 -0.5669 0.1564, 1.4421 -0.5663 0.1564, 1.4421 -0.5663 0.5709, 1.4469 -0.5643 0.1564, 1.4469 -0.5643 0.5709, 1.4509 -0.5612 0.1564, 1.4509 -0.5612 0.5709, 1.4541 -0.5571 0.1564, 1.4541 -0.5571 0.5709, 1.456 -0.5523 0.1564, 1.456 -0.5523 0.5709, 1.4567 -0.5472 0.1564, 1.4567 -0.5472 0.5709, 1.4567 0.5472 0.5709, 1.4567 0.5472 0.1564, 1.456 0.5523 0.1564, 1.456 0.5523 0.5709, 1.4541 0.5571 0.1564, 1.4541 0.5571 0.5709, 1.4509 0.5612 0.1564, 1.4509 0.5612 0.5709, 1.4469 0.5643 0.1564, 1.4469 0.5643 0.5709, 1.4421 0.5663 0.1564, 1.4421 0.5663 0.5709, 1.437 0.5669 0.1564, 1.437 0.5669 0.5709
            ]
        }
        coordIndex [
            0,1,2,-1,2,1,3,-1,1,4,3,-1,3,4,5,-1,4,6,5,-1,5,6,7,-1,6,0,7,-1,7,0,2,-1,6,4,0,-1,0,4,1,-1,8,9,10,-1,10,9,11,-1,9,12,11,-1,11,12,13,-1,12,14,13,-1,13,14,15,-1,14,8,15,-1,15,8,10,-1,14,12,8,-1,8,12,9,-1,16,17,18,-1,18,17,19,-1,17,20,19,-1,19,20,21,-1,20,22,21,-1,21,22,23,-1,22,16,23,-1,23,16,18,-1,22,20,16,-1,16,20,17,-1,24,25,26,-1,26,25,27,-1,25,28,27,-1,27,28,29,-1,28,30,29,-1,29,30,31,-1,30,24,31,-1,31,24,26,-1,30,28,24,-1,24,28,25,-1,32,33,34,-1,34,33,35,-1,33,36,35,-1,35,36,37,-1,36,38,37,-1,37,38,39,-1,38,32,39,-1,39,32,34,-1,38,36,32,-1,32,36,33,-1,40,41,42,-1,42,41,43,-1,41,44,43,-1,43,44,45,-1,44,46,45,-1,45,46,47,-1,46,40,47,-1,47,40,42,-1,46,44,40,-1,40,44,41,-1,48,49,50,-1,50,49,51,-1,49,52,51,-1,51,52,53,-1,52,54,53,-1,53,54,55,-1,54,48,55,-1,55,48,50,-1,54,52,48,-1,48,52,49,-1,56,57,58,-1,58,57,59,-1,57,60,59,-1,59,60,61,-1,60,62,61,-1,61,62,63,-1,62,56,63,-1,63,56,58,-1,62,60,56,-1,56,60,57,-1,64,65,66,-1,66,65,67,-1,65,68,67,-1,67,68,69,-1,68,70,69,-1,69,70,71,-1,70,64,71,-1,71,64,66,-1,70,68,64,-1,64,68,65,-1,72,73,74,-1,74,73,75,-1,73,76,75,-1,75,76,77,-1,76,78,77,-1,77,78,79,-1,78,72,79,-1,79,72,74,-1,78,76,72,-1,72,76,73,-1,80,81,82,-1,82,81,83,-1,81,84,83,-1,83,84,85,-1,84,86,85,-1,85,86,87,-1,86,80,87,-1,87,80,82,-1,86,84,80,-1,80,84,81,-1,88,89,90,-1,90,89,91,-1,89,92,91,-1,91,92,93,-1,92,94,93,-1,93,94,95,-1,94,88,95,-1,95,88,90,-1,94,92,88,-1,88,92,89,-1,96,97,98,-1,98,97,99,-1,97,100,99,-1,99,100,101,-1,100,102,101,-1,101,102,103,-1,102,96,103,-1,103,96,98,-1,102,100,96,-1,96,100,97,-1,104,105,106,-1,106,105,107,-1,105,108,107,-1,107,108,109,-1,108,110,109,-1,109,110,111,-1,110,104,111,-1,111,104,106,-1,110,108,104,-1,104,108,105,-1,112,113,114,-1,114,113,115,-1,113,116,115,-1,115,116,117,-1,116,118,117,-1,117,118,119,-1,118,112,119,-1,119,112,114,-1,118,116,112,-1,112,116,113,-1,120,121,122,-1,122,121,123,-1,121,124,123,-1,123,124,125,-1,124,126,125,-1,125,126,127,-1,126,120,127,-1,127,120,122,-1,126,124,120,-1,120,124,121,-1,128,129,130,-1,130,129,131,-1,129,132,131,-1,131,132,133,-1,132,134,133,-1,133,134,135,-1,134,128,135,-1,135,128,130,-1,134,132,128,-1,128,132,129,-1,136,137,138,-1,138,137,139,-1,137,140,139,-1,139,140,141,-1,140,142,141,-1,141,142,143,-1,142,136,143,-1,143,136,138,-1,142,140,136,-1,136,140,137,-1,144,145,146,-1,146,145,147,-1,145,148,147,-1,147,148,149,-1,148,150,149,-1,149,150,151,-1,150,144,151,-1,151,144,146,-1,150,148,144,-1,144,148,145,-1,152,153,154,-1,154,153,155,-1,153,156,155,-1,155,156,157,-1,156,158,157,-1,157,158,159,-1,158,152,159,-1,159,152,154,-1,158,156,152,-1,152,156,153,-1,160,161,162,-1,162,161,163,-1,161,164,163,-1,163,164,165,-1,164,166,165,-1,165,166,167,-1,166,160,167,-1,167,160,162,-1,166,164,160,-1,160,164,161,-1,168,169,170,-1,170,169,171,-1,169,172,171,-1,171,172,173,-1,172,174,173,-1,173,174,175,-1,174,168,175,-1,175,168,170,-1,174,172,168,-1,168,172,169,-1,176,177,178,-1,178,177,179,-1,180,181,182,-1,182,181,183,-1,184,185,186,-1,186,187,184,-1,184,187,188,-1,184,188,189,-1,189,190,184,-1,184,190,191,-1,184,191,192,-1,191,193,192,-1,192,193,194,-1,192,194,195,-1,195,196,192,-1,192,196,197,-1,192,197,198,-1,199,200,201,-1,201,202,199,-1,199,202,203,-1,199,203,204,-1,204,205,199,-1,199,205,206,-1,199,206,207,-1,206,208,207,-1,207,208,209,-1,207,209,210,-1,210,211,207,-1,207,211,212,-1,207,212,213,-1,214,215,216,-1,214,216,217,-1,217,216,218,-1,217,218,219,-1,219,218,220,-1,219,220,221,-1,221,220,222,-1,221,222,223,-1,223,222,224,-1,223,224,225,-1,225,224,226,-1,225,226,227,-1,228,229,230,-1,228,230,231,-1,231,230,232,-1,231,232,233,-1,233,232,234,-1,233,234,235,-1,235,234,236,-1,235,236,237,-1,237,236,238,-1,237,238,239,-1,239,238,240,-1,239,240,241,-1,242,243,244,-1,242,244,245,-1,245,244,246,-1,245,246,247,-1,247,246,248,-1,247,248,249,-1,249,248,250,-1,249,250,251,-1,251,250,252,-1,251,252,253,-1,253,252,254,-1,253,254,255,-1,256,257,258,-1,256,258,259,-1,259,258,260,-1,259,260,261,-1,261,260,262,-1,261,262,263,-1,263,262,264,-1,263,264,265,-1,265,264,266,-1,265,266,267,-1,267,266,268,-1,267,268,269,-1,
        ]
    }
}
Shape{
    appearance Appearance {
        material  Material 	{
            diffuseColor 0.7529411764705882 0.7529411764705882 0.7529411764705882
            specularColor 0.3764705882352941 0.3764705882352941 0.3764705882352941
            ambientIntensity 0.7529
            transparency 0.0
            shininess 0.5
        }
    }
    geometry IndexedFaceSet {
        ccw TRUE
        solid FALSE
        coord DEF co Coordinate {
            point [
                -0.48 0.1181 0.0394, -0.4815 0.1181 0.0394, -0.48 0.1181 0.0, -0.4815 0.1181 0.0, -0.536 -0.0 0.0394, -0.536 0.0 0.0, -0.5245 0.0 0.0394, -0.5245 0.0 0.0, -0.5071 0.0379 0.0394, -0.5071 0.0379 0.0, -0.4535 0.0379 0.0394, -0.4535 0.0379 0.0, -0.4356 -0.0 0.0394, -0.4356 0.0 0.0, -0.424 0.0 0.0394, -0.424 0.0 0.0, -0.5015 0.05 0.0394, -0.4593 0.05 0.0394, -0.4807 0.0951 0.0394, -0.5015 0.05 0.0, -0.4807 0.0951 0.0, -0.4593 0.05 0.0, -0.3485 0.0 0.0394, -0.3119 0.0 0.0394, -0.3485 0.0 0.0, -0.3119 0.0 0.0, -0.3119 0.1181 0.0394, -0.3119 0.1181 0.0, -0.3358 0.1181 0.0394, -0.3358 0.1181 0.0, -0.3733 0.1139 0.0394, -0.3733 0.1139 0.0, -0.3547 0.1174 0.0, -0.3547 0.1174 0.0394, -0.4088 0.0576 0.0394, -0.4088 0.0576 0.0, -0.4087 0.063 0.0, -0.4087 0.063 0.0394, -0.4063 0.0773 0.0, -0.4063 0.0773 0.0394, -0.4014 0.0897 0.0, -0.4014 0.0897 0.0394, -0.3938 0.1003 0.0, -0.3938 0.1003 0.0394, -0.3852 0.1078 0.0, -0.3852 0.1078 0.0394, -0.3624 0.0008 0.0, -0.3624 0.0008 0.0394, -0.3768 0.0041 0.0, -0.3768 0.0041 0.0394, -0.3857 0.0087 0.0, -0.3857 0.0087 0.0394, -0.3945 0.0165 0.0, -0.3945 0.0165 0.0394, -0.4026 0.0286 0.0, -0.4026 0.0286 0.0394, -0.4072 0.0418 0.0, -0.4072 0.0418 0.0394, -0.3491 0.1054 0.0394, -0.3671 0.1027 0.0394, -0.3724 0.1008 0.0394, -0.3813 0.0956 0.0394, -0.3881 0.0889 0.0394, -0.3935 0.0803 0.0394, -0.397 0.0701 0.0394, -0.3982 0.0576 0.0394, -0.3982 0.0543 0.0394, -0.3961 0.0418 0.0394, -0.3922 0.0329 0.0394, -0.3863 0.0251 0.0394, -0.3793 0.0195 0.0394, -0.3699 0.0151 0.0394, -0.3531 0.0126 0.0394, -0.3361 0.0121 0.0394, -0.3225 0.0121 0.0394, -0.3225 0.106 0.0394, -0.3308 0.106 0.0394, -0.3225 0.106 0.0, -0.3225 0.0121 0.0, -0.3308 0.106 0.0, -0.3491 0.1054 0.0, -0.3671 0.1027 0.0, -0.3724 0.1008 0.0, -0.3813 0.0956 0.0, -0.3881 0.0889 0.0, -0.3935 0.0803 0.0, -0.397 0.0701 0.0, -0.3982 0.0576 0.0, -0.3982 0.0543 0.0, -0.3961 0.0418 0.0, -0.3922 0.0329 0.0, -0.3863 0.0251 0.0, -0.3793 0.0195 0.0, -0.3699 0.0151 0.0, -0.3531 0.0126 0.0, -0.3361 0.0121 0.0, -0.2241 0.0 0.0394, -0.2241 0.1181 0.0394, -0.2241 0.0 0.0, -0.2241 0.1181 0.0, -0.2907 0.1181 0.0394, -0.2907 0.1181 0.0, -0.2907 0.106 0.0394, -0.2907 0.106 0.0, -0.2347 0.106 0.0394, -0.2347 0.106 0.0, -0.2347 0.0697 0.0394, -0.2347 0.0697 0.0, -0.2907 0.0697 0.0394, -0.2907 0.0697 0.0, -0.2907 0.0575 0.0394, -0.2907 0.0575 0.0, -0.2347 0.0575 0.0394, -0.2347 0.0575 0.0, -0.2347 0.0121 0.0394, -0.2347 0.0121 0.0, -0.2907 0.0121 0.0394, -0.2907 0.0121 0.0, -0.2907 0.0 0.0394, -0.2907 0.0 0.0, -0.1999 0.0964 0.0394, -0.1999 0.0964 0.0, -0.1964 0.1008 0.0, -0.1964 0.1008 0.0394, -0.1892 0.1077 0.0, -0.1892 0.1077 0.0394, -0.1763 0.1155 0.0, -0.1763 0.1155 0.0394, -0.1655 0.1192 0.0, -0.1655 0.1192 0.0394, -0.1483 0.1211 0.0, -0.1483 0.1211 0.0394, -0.1906 0.0893 0.0394, -0.1906 0.0893 0.0, -0.1477 0.109 0.0394, -0.1477 0.109 0.0, -0.1518 0.1089 0.0, -0.1518 0.1089 0.0394, -0.1648 0.1066 0.0, -0.1648 0.1066 0.0394, -0.17 0.1048 0.0, -0.17 0.1048 0.0394, -0.1811 0.0985 0.0, -0.1811 0.0985 0.0394, -0.0954 0.0589 0.0394, -0.0954 0.0589 0.0, -0.0957 0.0645 0.0, -0.0957 0.0645 0.0394, -0.0982 0.076 0.0, -0.0982 0.076 0.0394, -0.1035 0.0864 0.0, -0.1035 0.0864 0.0394, -0.1108 0.095 0.0, -0.1108 0.095 0.0394, -0.1217 0.1026 0.0, -0.1217 0.1026 0.0394, -0.1337 0.1073 0.0, -0.1337 0.1073 0.0394, -0.1484 0.0091 0.0394, -0.1484 0.0091 0.0, -0.139 0.0097 0.0, -0.139 0.0097 0.0394, -0.127 0.0128 0.0, -0.127 0.0128 0.0394, -0.1156 0.0191 0.0, -0.1156 0.0191 0.0394, -0.1071 0.0269 0.0, -0.1071 0.0269 0.0394, -0.1007 0.0361 0.0, -0.1007 0.0361 0.0394, -0.097 0.0459 0.0, -0.097 0.0459 0.0394, -0.1906 0.0288 0.0394, -0.1906 0.0288 0.0, -0.1841 0.0222 0.0, -0.1841 0.0222 0.0394, -0.1736 0.015 0.0, -0.1736 0.015 0.0394, -0.1623 0.0107 0.0, -0.1623 0.0107 0.0394, -0.1999 0.0217 0.0394, -0.1999 0.0217 0.0, -0.1485 -0.003 0.0394, -0.1485 -0.003 0.0, -0.1544 -0.0028 0.0, -0.1544 -0.0028 0.0394, -0.1634 -0.0015 0.0, -0.1638 -0.0015 0.0394, -0.1638 -0.0015 0.0, -0.1772 0.0031 0.0, -0.1772 0.0031 0.0394, -0.1895 0.0108 0.0, -0.1895 0.0108 0.0394, -0.1353 -0.0015 0.0, -0.1301 -0.0009 0.0394, -0.1301 -0.0009 0.0, -0.1159 0.0045 0.0394, -0.1159 0.0045 0.0, -0.1045 0.0127 0.0394, -0.1045 0.0127 0.0, -0.0998 0.0176 0.0394, -0.0998 0.0176 0.0, -0.0848 0.0597 0.0394, -0.0848 0.0597 0.0, -0.0865 0.0442 0.0, -0.0865 0.0442 0.0394, -0.0912 0.0306 0.0, -0.0912 0.0306 0.0394, -0.1389 0.1206 0.0, -0.1389 0.1206 0.0394, -0.1245 0.1172 0.0, -0.1245 0.1172 0.0394, -0.112 0.1108 0.0, -0.112 0.1108 0.0394, -0.0997 0.1 0.0, -0.0997 0.1 0.0394, -0.0916 0.0884 0.0, -0.0916 0.0884 0.0394, -0.0867 0.0759 0.0, -0.0867 0.0759 0.0394, -0.0151 0.0 0.0394, -0.0151 0.1181 0.0394, -0.0151 0.0 0.0, -0.0151 0.1181 0.0, -0.0257 0.1181 0.0394, -0.0257 0.1181 0.0, -0.0257 0.0121 0.0394, -0.0257 0.0121 0.0, -0.0712 0.0121 0.0394, -0.0712 0.0121 0.0, -0.0712 0.0 0.0394, -0.0712 0.0 0.0
            ]
        }
        coordIndex [
            0,1,2,-1,2,1,3,-1,1,4,3,-1,3,4,5,-1,4,6,5,-1,5,6,7,-1,6,8,7,-1,7,8,9,-1,8,10,9,-1,9,10,11,-1,10,12,11,-1,11,12,13,-1,12,14,13,-1,13,14,15,-1,14,0,15,-1,15,0,2,-1,16,4,1,-1,0,17,1,-1,1,17,18,-1,1,18,16,-1,14,12,10,-1,6,4,8,-1,8,4,16,-1,8,16,10,-1,10,16,17,-1,10,17,14,-1,14,17,0,-1,16,18,19,-1,19,18,20,-1,17,16,21,-1,21,16,19,-1,18,17,20,-1,20,17,21,-1,22,23,24,-1,24,23,25,-1,23,26,25,-1,25,26,27,-1,26,28,27,-1,27,28,29,-1,30,31,32,-1,30,32,33,-1,33,32,29,-1,33,29,28,-1,34,35,36,-1,34,36,37,-1,37,36,38,-1,37,38,39,-1,39,38,40,-1,39,40,41,-1,41,40,42,-1,41,42,43,-1,43,42,44,-1,43,44,45,-1,45,44,31,-1,45,31,30,-1,22,24,46,-1,22,46,47,-1,47,46,48,-1,47,48,49,-1,49,48,50,-1,49,50,51,-1,51,50,52,-1,51,52,53,-1,53,52,54,-1,53,54,55,-1,55,54,56,-1,55,56,57,-1,57,56,35,-1,57,35,34,-1,58,59,30,-1,30,59,60,-1,30,60,45,-1,45,60,61,-1,45,61,43,-1,43,61,62,-1,43,62,41,-1,41,62,63,-1,41,63,39,-1,39,63,64,-1,39,64,37,-1,37,64,65,-1,37,65,34,-1,34,65,66,-1,34,66,57,-1,57,66,67,-1,57,67,55,-1,55,67,68,-1,55,68,53,-1,53,68,69,-1,53,69,51,-1,51,69,70,-1,51,70,49,-1,49,70,71,-1,49,71,47,-1,47,71,72,-1,47,72,22,-1,22,72,73,-1,22,73,23,-1,23,73,74,-1,23,74,26,-1,26,74,75,-1,26,75,28,-1,28,75,76,-1,28,76,33,-1,33,76,58,-1,33,58,30,-1,75,74,77,-1,77,74,78,-1,76,75,79,-1,79,75,77,-1,76,79,80,-1,76,80,58,-1,58,80,81,-1,58,81,59,-1,59,81,82,-1,59,82,60,-1,60,82,83,-1,60,83,61,-1,61,83,84,-1,61,84,62,-1,62,84,85,-1,62,85,63,-1,63,85,86,-1,63,86,64,-1,64,86,87,-1,64,87,65,-1,65,87,88,-1,65,88,66,-1,66,88,89,-1,66,89,67,-1,67,89,90,-1,67,90,68,-1,68,90,91,-1,68,91,69,-1,69,91,92,-1,69,92,70,-1,70,92,93,-1,70,93,71,-1,71,93,94,-1,71,94,72,-1,72,94,95,-1,72,95,73,-1,74,73,78,-1,78,73,95,-1,96,97,98,-1,98,97,99,-1,97,100,99,-1,99,100,101,-1,100,102,101,-1,101,102,103,-1,102,104,103,-1,103,104,105,-1,104,106,105,-1,105,106,107,-1,106,108,107,-1,107,108,109,-1,108,110,109,-1,109,110,111,-1,110,112,111,-1,111,112,113,-1,112,114,113,-1,113,114,115,-1,114,116,115,-1,115,116,117,-1,116,118,117,-1,117,118,119,-1,118,96,119,-1,119,96,98,-1,96,118,116,-1,116,114,96,-1,96,114,112,-1,96,112,97,-1,102,100,104,-1,104,100,97,-1,104,97,106,-1,106,97,112,-1,106,112,108,-1,108,112,110,-1,120,121,122,-1,120,122,123,-1,123,122,124,-1,123,124,125,-1,125,124,126,-1,125,126,127,-1,127,126,128,-1,127,128,129,-1,129,128,130,-1,129,130,131,-1,120,132,121,-1,121,132,133,-1,134,135,136,-1,134,136,137,-1,137,136,138,-1,137,138,139,-1,139,138,140,-1,139,140,141,-1,141,140,142,-1,141,142,143,-1,143,142,133,-1,143,133,132,-1,144,145,146,-1,144,146,147,-1,147,146,148,-1,147,148,149,-1,149,148,150,-1,149,150,151,-1,151,150,152,-1,151,152,153,-1,153,152,154,-1,153,154,155,-1,155,154,156,-1,155,156,157,-1,157,156,135,-1,157,135,134,-1,158,159,160,-1,158,160,161,-1,161,160,162,-1,161,162,163,-1,163,162,164,-1,163,164,165,-1,165,164,166,-1,165,166,167,-1,167,166,168,-1,167,168,169,-1,169,168,170,-1,169,170,171,-1,171,170,145,-1,171,145,144,-1,172,173,174,-1,172,174,175,-1,175,174,176,-1,175,176,177,-1,177,176,178,-1,177,178,179,-1,179,178,159,-1,179,159,158,-1,172,180,173,-1,173,180,181,-1,182,183,184,-1,182,184,185,-1,185,184,186,-1,185,186,187,-1,186,188,187,-1,187,188,189,-1,187,189,190,-1,190,189,191,-1,190,191,192,-1,192,191,181,-1,192,181,180,-1,183,182,193,-1,193,182,194,-1,193,194,195,-1,195,194,196,-1,195,196,197,-1,197,196,198,-1,197,198,199,-1,199,198,200,-1,199,200,201,-1,202,203,204,-1,202,204,205,-1,205,204,206,-1,205,206,207,-1,207,206,201,-1,207,201,200,-1,131,130,208,-1,131,208,209,-1,209,208,210,-1,209,210,211,-1,211,210,212,-1,211,212,213,-1,213,212,214,-1,213,214,215,-1,215,214,216,-1,215,216,217,-1,217,216,218,-1,217,218,219,-1,219,218,203,-1,219,203,202,-1,132,120,123,-1,180,172,192,-1,192,172,175,-1,192,175,190,-1,190,175,177,-1,190,177,187,-1,187,177,179,-1,187,179,185,-1,185,179,158,-1,132,123,143,-1,143,123,125,-1,143,125,141,-1,141,125,127,-1,141,127,139,-1,139,127,129,-1,139,129,137,-1,137,129,131,-1,137,131,134,-1,134,131,209,-1,134,209,157,-1,157,209,211,-1,157,211,155,-1,155,211,213,-1,155,213,153,-1,153,213,215,-1,153,215,151,-1,151,215,217,-1,151,217,149,-1,149,217,219,-1,149,219,147,-1,147,219,202,-1,147,202,144,-1,144,202,171,-1,171,202,205,-1,171,205,169,-1,169,205,207,-1,169,207,167,-1,167,207,200,-1,167,200,165,-1,165,200,198,-1,165,198,163,-1,163,198,196,-1,163,196,161,-1,161,196,194,-1,161,194,158,-1,158,194,182,-1,158,182,185,-1,220,221,222,-1,222,221,223,-1,221,224,223,-1,223,224,225,-1,224,226,225,-1,225,226,227,-1,226,228,227,-1,227,228,229,-1,228,230,229,-1,229,230,231,-1,230,220,231,-1,231,220,222,-1,224,221,226,-1,226,221,220,-1,226,220,228,-1,228,220,230,-1,
        ]
    }
}
Shape{
    appearance Appearance {
        material  Material 	{
            diffuseColor 0.11372549019607843 0.11372549019607843 0.11372549019607843
            specularColor 0.058823529411764705 0.058823529411764705 0.058823529411764705
            ambientIntensity 0.1137
            transparency 0.0
            shininess 0.5
        }
    }
    geometry IndexedFaceSet {
        ccw TRUE
        solid FALSE
        coord DEF co Coordinate {
            point [
                -0.4807 0.0951 0.0, -0.4593 0.05 0.0, -0.5015 0.05 0.0, -0.3225 0.106 0.0, -0.3225 0.0121 0.0, -0.3308 0.106 0.0, -0.3361 0.0121 0.0, -0.3491 0.1054 0.0, -0.3531 0.0126 0.0, -0.3671 0.1027 0.0, -0.3922 0.0329 0.0, -0.3961 0.0418 0.0, -0.3982 0.0543 0.0, -0.3982 0.0576 0.0, -0.3699 0.0151 0.0, -0.3793 0.0195 0.0, -0.3863 0.0251 0.0, -0.397 0.0701 0.0, -0.3935 0.0803 0.0, -0.3881 0.0889 0.0, -0.3813 0.0956 0.0, -0.3724 0.1008 0.0
            ]
        }
        coordIndex [
            0,1,2,-1,3,4,5,-1,5,4,6,-1,5,6,7,-1,7,6,8,-1,7,8,9,-1,10,11,8,-1,8,11,12,-1,8,12,13,-1,14,15,8,-1,8,15,16,-1,8,16,10,-1,13,17,8,-1,8,17,18,-1,8,18,19,-1,19,20,8,-1,8,20,21,-1,8,21,9,-1,
        ]
    }
}