#VRML V2.0 utf8
# 3D model generated by easyeda2kicad.py (https://github.com/uPesy/easyeda2kicad.py)

Shape{
    appearance Appearance {
        material  Material 	{
            diffuseColor 0.996078431372549 0.8705882352941177 0.7607843137254902
            specularColor 0.996078431372549 0.8705882352941177 0.7607843137254902
            ambientIntensity 0.8956
            transparency 0.0
            shininess 0.5
        }
    }
    geometry IndexedFaceSet {
        ccw TRUE
        solid FALSE
        coord DEF co Coordinate {
            point [
                -0.2915 0.1811 0.5039, -0.2915 0.2008 0.5039, -0.3388 0.1811 0.5039, -0.3388 0.2008 0.5039, -0.2915 0.1811 0.1092, -0.3388 0.1811 0.1092, -0.2915 0.1247 0.1092, -0.3388 0.1247 0.1092, -0.2915 0.1247 0.0745, -0.3388 0.1247 0.0745, -0.3388 0.126 0.0651, -0.2915 0.126 0.0651, -0.3388 0.1296 0.0564, -0.2915 0.1296 0.0564, -0.3388 0.1354 0.0488, -0.2915 0.1354 0.0488, -0.3388 0.1429 0.0431, -0.2915 0.1429 0.0431, -0.3388 0.1516 0.0395, -0.2915 0.1516 0.0395, -0.3388 0.161 0.0382, -0.2915 0.161 0.0382, -0.2915 0.3112 0.0382, -0.3388 0.3112 0.0382, -0.2915 0.3112 0.026, -0.3388 0.3112 0.026, -0.2915 0.3645 0.026, -0.3388 0.3645 0.026, -0.2915 0.3645 0.0395, -0.3388 0.3645 0.0395, -0.2915 0.4818 0.0395, -0.3388 0.4818 0.0395, -0.2915 0.5472 0.0, -0.3388 0.5472 0.0, -0.2915 0.6654 0.0, -0.3388 0.6654 0.0, -0.2915 0.6654 0.0591, -0.3388 0.6654 0.0591, -0.2915 0.5591 0.0591, -0.3388 0.5591 0.0591, -0.2915 0.5591 0.1142, -0.3388 0.5591 0.1142, -0.2915 0.4843 0.1142, -0.3388 0.4843 0.1142, -0.2915 0.4843 0.1798, -0.3388 0.4843 0.1798, -0.2915 0.4528 0.1798, -0.3388 0.4528 0.1798, -0.2915 0.4528 0.1142, -0.3388 0.4528 0.1142, -0.2915 0.4286 0.1063, -0.3388 0.4286 0.1063, -0.2915 0.2795 0.1063, -0.3388 0.2795 0.1063, -0.2915 0.2664 0.1078, -0.3388 0.2664 0.1078, -0.2915 0.2539 0.1121, -0.3388 0.2539 0.1121, -0.2915 0.2427 0.1192, -0.3388 0.2427 0.1192, -0.2915 0.2334 0.1285, -0.3388 0.2334 0.1285, -0.2915 0.2263 0.1397, -0.3388 0.2263 0.1397, -0.2915 0.222 0.1522, -0.3388 0.222 0.1522, -0.2915 0.2205 0.1654, -0.3388 0.2205 0.1654, -0.2915 0.2205 0.4843, -0.3388 0.2205 0.4843, -0.2915 -0.2205 0.1654, -0.3388 -0.2205 0.1654, -0.2915 -0.222 0.1522, -0.3388 -0.222 0.1522, -0.2915 -0.2263 0.1397, -0.3388 -0.2263 0.1397, -0.2915 -0.2334 0.1285, -0.3388 -0.2334 0.1285, -0.2915 -0.2427 0.1192, -0.3388 -0.2427 0.1192, -0.2915 -0.2539 0.1121, -0.3388 -0.2539 0.1121, -0.2915 -0.2664 0.1078, -0.3388 -0.2664 0.1078, -0.2915 -0.2795 0.1063, -0.3388 -0.2795 0.1063, -0.2915 -0.4286 0.1063, -0.3388 -0.4286 0.1063, -0.2915 -0.4528 0.1142, -0.3388 -0.4528 0.1142, -0.2915 -0.4528 0.1798, -0.3388 -0.4528 0.1798, -0.2915 -0.4843 0.1798, -0.3388 -0.4843 0.1798, -0.2915 -0.4843 0.1142, -0.3388 -0.4843 0.1142, -0.2915 -0.5591 0.1142, -0.3388 -0.5591 0.1142, -0.2915 -0.5591 0.0591, -0.3388 -0.5591 0.0591, -0.2915 -0.6654 0.0591, -0.3388 -0.6654 0.0591, -0.2915 -0.6654 0.0, -0.3388 -0.6654 0.0, -0.2915 -0.5472 0.0, -0.3388 -0.5472 0.0, -0.2915 -0.4818 0.0395, -0.3388 -0.4818 0.0395, -0.2915 -0.3645 0.0395, -0.3388 -0.3645 0.0395, -0.2915 -0.3645 0.026, -0.3388 -0.3645 0.026, -0.2915 -0.3112 0.026, -0.3388 -0.3112 0.026, -0.2915 -0.3112 0.0382, -0.3388 -0.3112 0.0382, -0.2915 -0.1247 0.0382, -0.3388 -0.1247 0.0382, -0.2915 -0.1247 0.1092, -0.3388 -0.1247 0.1092, -0.2915 -0.1811 0.1092, -0.3388 -0.1811 0.1092, -0.2915 -0.1811 0.5039, -0.3388 -0.1811 0.5039, -0.2915 -0.2008 0.5039, -0.3388 -0.2008 0.5039, -0.2915 -0.2205 0.4843, -0.3388 -0.2205 0.4843, -0.1341 0.1811 0.5039, -0.1341 0.2008 0.5039, -0.1813 0.1811 0.5039, -0.1813 0.2008 0.5039, -0.1341 0.1811 0.1092, -0.1813 0.1811 0.1092, -0.1341 0.1247 0.1092, -0.1813 0.1247 0.1092, -0.1341 0.1247 0.0745, -0.1813 0.1247 0.0745, -0.1813 0.126 0.0651, -0.1341 0.126 0.0651, -0.1813 0.1296 0.0564, -0.1341 0.1296 0.0564, -0.1813 0.1354 0.0488, -0.1341 0.1354 0.0488, -0.1813 0.1429 0.0431, -0.1341 0.1429 0.0431, -0.1813 0.1516 0.0395, -0.1341 0.1516 0.0395, -0.1813 0.161 0.0382, -0.1341 0.161 0.0382, -0.1341 0.3112 0.0382, -0.1813 0.3112 0.0382, -0.1341 0.3112 0.026, -0.1813 0.3112 0.026, -0.1341 0.3645 0.026, -0.1813 0.3645 0.026, -0.1341 0.3645 0.0395, -0.1813 0.3645 0.0395, -0.1341 0.4818 0.0395, -0.1813 0.4818 0.0395, -0.1341 0.5472 0.0, -0.1813 0.5472 0.0, -0.1341 0.6654 0.0, -0.1813 0.6654 0.0, -0.1341 0.6654 0.0591, -0.1813 0.6654 0.0591, -0.1341 0.5591 0.0591, -0.1813 0.5591 0.0591, -0.1341 0.5591 0.1142, -0.1813 0.5591 0.1142, -0.1341 0.4843 0.1142, -0.1813 0.4843 0.1142, -0.1341 0.4843 0.1798, -0.1813 0.4843 0.1798, -0.1341 0.4528 0.1798, -0.1813 0.4528 0.1798, -0.1341 0.4528 0.1142, -0.1813 0.4528 0.1142, -0.1341 0.4286 0.1063, -0.1813 0.4286 0.1063, -0.1341 0.2795 0.1063, -0.1813 0.2795 0.1063, -0.1341 0.2664 0.1078, -0.1813 0.2664 0.1078, -0.1341 0.2539 0.1121, -0.1813 0.2539 0.1121, -0.1341 0.2427 0.1192, -0.1813 0.2427 0.1192, -0.1341 0.2334 0.1285, -0.1813 0.2334 0.1285, -0.1341 0.2263 0.1397, -0.1813 0.2263 0.1397, -0.1341 0.222 0.1522, -0.1813 0.222 0.1522, -0.1341 0.2205 0.1654, -0.1813 0.2205 0.1654, -0.1341 0.2205 0.4843, -0.1813 0.2205 0.4843, -0.1341 -0.2205 0.1654, -0.1813 -0.2205 0.1654, -0.1341 -0.222 0.1522, -0.1813 -0.222 0.1522, -0.1341 -0.2263 0.1397, -0.1813 -0.2263 0.1397, -0.1341 -0.2334 0.1285, -0.1813 -0.2334 0.1285, -0.1341 -0.2427 0.1192, -0.1813 -0.2427 0.1192, -0.1341 -0.2539 0.1121, -0.1813 -0.2539 0.1121, -0.1341 -0.2664 0.1078, -0.1813 -0.2664 0.1078, -0.1341 -0.2795 0.1063, -0.1813 -0.2795 0.1063, -0.1341 -0.4286 0.1063, -0.1813 -0.4286 0.1063, -0.1341 -0.4528 0.1142, -0.1813 -0.4528 0.1142, -0.1341 -0.4528 0.1798, -0.1813 -0.4528 0.1798, -0.1341 -0.4843 0.1798, -0.1813 -0.4843 0.1798, -0.1341 -0.4843 0.1142, -0.1813 -0.4843 0.1142, -0.1341 -0.5591 0.1142, -0.1813 -0.5591 0.1142, -0.1341 -0.5591 0.0591, -0.1813 -0.5591 0.0591, -0.1341 -0.6654 0.0591, -0.1813 -0.6654 0.0591, -0.1341 -0.6654 0.0, -0.1813 -0.6654 0.0, -0.1341 -0.5472 0.0, -0.1813 -0.5472 0.0, -0.1341 -0.4818 0.0395, -0.1813 -0.4818 0.0395, -0.1341 -0.3645 0.0395, -0.1813 -0.3645 0.0395, -0.1341 -0.3645 0.026, -0.1813 -0.3645 0.026, -0.1341 -0.3112 0.026, -0.1813 -0.3112 0.026, -0.1341 -0.3112 0.0382, -0.1813 -0.3112 0.0382, -0.1341 -0.1247 0.0382, -0.1813 -0.1247 0.0382, -0.1341 -0.1247 0.1092, -0.1813 -0.1247 0.1092, -0.1341 -0.1811 0.1092, -0.1813 -0.1811 0.1092, -0.1341 -0.1811 0.5039, -0.1813 -0.1811 0.5039, -0.1341 -0.2008 0.5039, -0.1813 -0.2008 0.5039, -0.1341 -0.2205 0.4843, -0.1813 -0.2205 0.4843, 0.0234 0.1811 0.5039, 0.0234 0.2008 0.5039, -0.0238 0.1811 0.5039, -0.0238 0.2008 0.5039, 0.0234 0.1811 0.1092, -0.0238 0.1811 0.1092, 0.0234 0.1247 0.1092, -0.0238 0.1247 0.1092, 0.0234 0.1247 0.0745, -0.0238 0.1247 0.0745, -0.0238 0.126 0.0651, 0.0234 0.126 0.0651, -0.0238 0.1296 0.0564, 0.0234 0.1296 0.0564, -0.0238 0.1354 0.0488, 0.0234 0.1354 0.0488, -0.0238 0.1429 0.0431, 0.0234 0.1429 0.0431, -0.0238 0.1516 0.0395, 0.0234 0.1516 0.0395, -0.0238 0.161 0.0382, 0.0234 0.161 0.0382, 0.0234 0.3112 0.0382, -0.0238 0.3112 0.0382, 0.0234 0.3112 0.026, -0.0238 0.3112 0.026, 0.0234 0.3645 0.026, -0.0238 0.3645 0.026, 0.0234 0.3645 0.0395, -0.0238 0.3645 0.0395, 0.0234 0.4818 0.0395, -0.0238 0.4818 0.0395, 0.0234 0.5472 0.0, -0.0238 0.5472 0.0, 0.0234 0.6654 0.0, -0.0238 0.6654 0.0, 0.0234 0.6654 0.0591, -0.0238 0.6654 0.0591, 0.0234 0.5591 0.0591, -0.0238 0.5591 0.0591, 0.0234 0.5591 0.1142, -0.0238 0.5591 0.1142, 0.0234 0.4843 0.1142, -0.0238 0.4843 0.1142, 0.0234 0.4843 0.1798, -0.0238 0.4843 0.1798, 0.0234 0.4528 0.1798, -0.0238 0.4528 0.1798, 0.0234 0.4528 0.1142, -0.0238 0.4528 0.1142, 0.0234 0.4286 0.1063, -0.0238 0.4286 0.1063, 0.0234 0.2795 0.1063, -0.0238 0.2795 0.1063, 0.0234 0.2664 0.1078, -0.0238 0.2664 0.1078, 0.0234 0.2539 0.1121, -0.0238 0.2539 0.1121, 0.0234 0.2427 0.1192, -0.0238 0.2427 0.1192, 0.0234 0.2334 0.1285, -0.0238 0.2334 0.1285, 0.0234 0.2263 0.1397, -0.0238 0.2263 0.1397, 0.0234 0.222 0.1522, -0.0238 0.222 0.1522, 0.0234 0.2205 0.1654, -0.0238 0.2205 0.1654, 0.0234 0.2205 0.4843, -0.0238 0.2205 0.4843, 0.0234 -0.2205 0.1654, -0.0238 -0.2205 0.1654, 0.0234 -0.222 0.1522, -0.0238 -0.222 0.1522, 0.0234 -0.2263 0.1397, -0.0238 -0.2263 0.1397, 0.0234 -0.2334 0.1285, -0.0238 -0.2334 0.1285, 0.0234 -0.2427 0.1192, -0.0238 -0.2427 0.1192, 0.0234 -0.2539 0.1121, -0.0238 -0.2539 0.1121, 0.0234 -0.2664 0.1078, -0.0238 -0.2664 0.1078, 0.0234 -0.2795 0.1063, -0.0238 -0.2795 0.1063, 0.0234 -0.4286 0.1063, -0.0238 -0.4286 0.1063, 0.0234 -0.4528 0.1142, -0.0238 -0.4528 0.1142, 0.0234 -0.4528 0.1798, -0.0238 -0.4528 0.1798, 0.0234 -0.4843 0.1798, -0.0238 -0.4843 0.1798, 0.0234 -0.4843 0.1142, -0.0238 -0.4843 0.1142, 0.0234 -0.5591 0.1142, -0.0238 -0.5591 0.1142, 0.0234 -0.5591 0.0591, -0.0238 -0.5591 0.0591, 0.0234 -0.6654 0.0591, -0.0238 -0.6654 0.0591, 0.0234 -0.6654 0.0, -0.0238 -0.6654 0.0, 0.0234 -0.5472 0.0, -0.0238 -0.5472 0.0, 0.0234 -0.4818 0.0395, -0.0238 -0.4818 0.0395, 0.0234 -0.3645 0.0395, -0.0238 -0.3645 0.0395, 0.0234 -0.3645 0.026, -0.0238 -0.3645 0.026, 0.0234 -0.3112 0.026, -0.0238 -0.3112 0.026, 0.0234 -0.3112 0.0382, -0.0238 -0.3112 0.0382, 0.0234 -0.1247 0.0382, -0.0238 -0.1247 0.0382, 0.0234 -0.1247 0.1092, -0.0238 -0.1247 0.1092, 0.0234 -0.1811 0.1092, -0.0238 -0.1811 0.1092, 0.0234 -0.1811 0.5039, -0.0238 -0.1811 0.5039, 0.0234 -0.2008 0.5039, -0.0238 -0.2008 0.5039, 0.0234 -0.2205 0.4843, -0.0238 -0.2205 0.4843, 0.1809 0.1811 0.5039, 0.1809 0.2008 0.5039, 0.1337 0.1811 0.5039, 0.1337 0.2008 0.5039, 0.1809 0.1811 0.1092, 0.1337 0.1811 0.1092, 0.1809 0.1247 0.1092, 0.1337 0.1247 0.1092, 0.1809 0.1247 0.0745, 0.1337 0.1247 0.0745, 0.1337 0.126 0.0651, 0.1809 0.126 0.0651, 0.1337 0.1296 0.0564, 0.1809 0.1296 0.0564, 0.1337 0.1354 0.0488, 0.1809 0.1354 0.0488, 0.1337 0.1429 0.0431, 0.1809 0.1429 0.0431, 0.1337 0.1516 0.0395, 0.1809 0.1516 0.0395, 0.1337 0.161 0.0382, 0.1809 0.161 0.0382, 0.1809 0.3112 0.0382, 0.1337 0.3112 0.0382, 0.1809 0.3112 0.026, 0.1337 0.3112 0.026, 0.1809 0.3645 0.026, 0.1337 0.3645 0.026, 0.1809 0.3645 0.0395, 0.1337 0.3645 0.0395, 0.1809 0.4818 0.0395, 0.1337 0.4818 0.0395, 0.1809 0.5472 0.0, 0.1337 0.5472 0.0, 0.1809 0.6654 0.0, 0.1337 0.6654 0.0, 0.1809 0.6654 0.0591, 0.1337 0.6654 0.0591, 0.1809 0.5591 0.0591, 0.1337 0.5591 0.0591, 0.1809 0.5591 0.1142, 0.1337 0.5591 0.1142, 0.1809 0.4843 0.1142, 0.1337 0.4843 0.1142, 0.1809 0.4843 0.1798, 0.1337 0.4843 0.1798, 0.1809 0.4528 0.1798, 0.1337 0.4528 0.1798, 0.1809 0.4528 0.1142, 0.1337 0.4528 0.1142, 0.1809 0.4286 0.1063, 0.1337 0.4286 0.1063, 0.1809 0.2795 0.1063, 0.1337 0.2795 0.1063, 0.1809 0.2664 0.1078, 0.1337 0.2664 0.1078, 0.1809 0.2539 0.1121, 0.1337 0.2539 0.1121, 0.1809 0.2427 0.1192, 0.1337 0.2427 0.1192, 0.1809 0.2334 0.1285, 0.1337 0.2334 0.1285, 0.1809 0.2263 0.1397, 0.1337 0.2263 0.1397, 0.1809 0.222 0.1522, 0.1337 0.222 0.1522, 0.1809 0.2205 0.1654, 0.1337 0.2205 0.1654, 0.1809 0.2205 0.4843, 0.1337 0.2205 0.4843, 0.1809 -0.2205 0.1654, 0.1337 -0.2205 0.1654, 0.1809 -0.222 0.1522, 0.1337 -0.222 0.1522, 0.1809 -0.2263 0.1397, 0.1337 -0.2263 0.1397, 0.1809 -0.2334 0.1285, 0.1337 -0.2334 0.1285, 0.1809 -0.2427 0.1192, 0.1337 -0.2427 0.1192, 0.1809 -0.2539 0.1121, 0.1337 -0.2539 0.1121, 0.1809 -0.2664 0.1078, 0.1337 -0.2664 0.1078, 0.1809 -0.2795 0.1063, 0.1337 -0.2795 0.1063, 0.1809 -0.4286 0.1063, 0.1337 -0.4286 0.1063, 0.1809 -0.4528 0.1142, 0.1337 -0.4528 0.1142, 0.1809 -0.4528 0.1798, 0.1337 -0.4528 0.1798, 0.1809 -0.4843 0.1798, 0.1337 -0.4843 0.1798, 0.1809 -0.4843 0.1142, 0.1337 -0.4843 0.1142, 0.1809 -0.5591 0.1142, 0.1337 -0.5591 0.1142, 0.1809 -0.5591 0.0591, 0.1337 -0.5591 0.0591, 0.1809 -0.6654 0.0591, 0.1337 -0.6654 0.0591, 0.1809 -0.6654 0.0, 0.1337 -0.6654 0.0, 0.1809 -0.5472 0.0, 0.1337 -0.5472 0.0, 0.1809 -0.4818 0.0395, 0.1337 -0.4818 0.0395, 0.1809 -0.3645 0.0395, 0.1337 -0.3645 0.0395, 0.1809 -0.3645 0.026, 0.1337 -0.3645 0.026, 0.1809 -0.3112 0.026, 0.1337 -0.3112 0.026, 0.1809 -0.3112 0.0382, 0.1337 -0.3112 0.0382, 0.1809 -0.1247 0.0382, 0.1337 -0.1247 0.0382, 0.1809 -0.1247 0.1092, 0.1337 -0.1247 0.1092, 0.1809 -0.1811 0.1092, 0.1337 -0.1811 0.1092, 0.1809 -0.1811 0.5039, 0.1337 -0.1811 0.5039, 0.1809 -0.2008 0.5039, 0.1337 -0.2008 0.5039, 0.1809 -0.2205 0.4843, 0.1337 -0.2205 0.4843, 0.3384 0.1811 0.5039, 0.3384 0.2008 0.5039, 0.2911 0.1811 0.5039, 0.2911 0.2008 0.5039, 0.3384 0.1811 0.1092, 0.2911 0.1811 0.1092, 0.3384 0.1247 0.1092, 0.2911 0.1247 0.1092, 0.3384 0.1247 0.0745, 0.2911 0.1247 0.0745, 0.2911 0.126 0.0651, 0.3384 0.126 0.0651, 0.2911 0.1296 0.0564, 0.3384 0.1296 0.0564, 0.2911 0.1354 0.0488, 0.3384 0.1354 0.0488, 0.2911 0.1429 0.0431, 0.3384 0.1429 0.0431, 0.2911 0.1516 0.0395, 0.3384 0.1516 0.0395, 0.2911 0.161 0.0382, 0.3384 0.161 0.0382, 0.3384 0.3112 0.0382, 0.2911 0.3112 0.0382, 0.3384 0.3112 0.026, 0.2911 0.3112 0.026, 0.3384 0.3645 0.026, 0.2911 0.3645 0.026, 0.3384 0.3645 0.0395, 0.2911 0.3645 0.0395, 0.3384 0.4818 0.0395, 0.2911 0.4818 0.0395, 0.3384 0.5472 0.0, 0.2911 0.5472 0.0, 0.3384 0.6654 0.0, 0.2911 0.6654 0.0, 0.3384 0.6654 0.0591, 0.2911 0.6654 0.0591, 0.3384 0.5591 0.0591, 0.2911 0.5591 0.0591, 0.3384 0.5591 0.1142, 0.2911 0.5591 0.1142, 0.3384 0.4843 0.1142, 0.2911 0.4843 0.1142, 0.3384 0.4843 0.1798, 0.2911 0.4843 0.1798, 0.3384 0.4528 0.1798, 0.2911 0.4528 0.1798, 0.3384 0.4528 0.1142, 0.2911 0.4528 0.1142, 0.3384 0.4286 0.1063, 0.2911 0.4286 0.1063, 0.3384 0.2795 0.1063, 0.2911 0.2795 0.1063, 0.3384 0.2664 0.1078, 0.2911 0.2664 0.1078, 0.3384 0.2539 0.1121, 0.2911 0.2539 0.1121, 0.3384 0.2427 0.1192, 0.2911 0.2427 0.1192, 0.3384 0.2334 0.1285, 0.2911 0.2334 0.1285, 0.3384 0.2263 0.1397, 0.2911 0.2263 0.1397, 0.3384 0.222 0.1522, 0.2911 0.222 0.1522, 0.3384 0.2205 0.1654, 0.2911 0.2205 0.1654, 0.3384 0.2205 0.4843, 0.2911 0.2205 0.4843, 0.3384 -0.2205 0.1654, 0.2911 -0.2205 0.1654, 0.3384 -0.222 0.1522, 0.2911 -0.222 0.1522, 0.3384 -0.2263 0.1397, 0.2911 -0.2263 0.1397, 0.3384 -0.2334 0.1285, 0.2911 -0.2334 0.1285, 0.3384 -0.2427 0.1192, 0.2911 -0.2427 0.1192, 0.3384 -0.2539 0.1121, 0.2911 -0.2539 0.1121, 0.3384 -0.2664 0.1078, 0.2911 -0.2664 0.1078, 0.3384 -0.2795 0.1063, 0.2911 -0.2795 0.1063, 0.3384 -0.4286 0.1063, 0.2911 -0.4286 0.1063, 0.3384 -0.4528 0.1142, 0.2911 -0.4528 0.1142, 0.3384 -0.4528 0.1798, 0.2911 -0.4528 0.1798, 0.3384 -0.4843 0.1798, 0.2911 -0.4843 0.1798, 0.3384 -0.4843 0.1142, 0.2911 -0.4843 0.1142, 0.3384 -0.5591 0.1142, 0.2911 -0.5591 0.1142, 0.3384 -0.5591 0.0591, 0.2911 -0.5591 0.0591, 0.3384 -0.6654 0.0591, 0.2911 -0.6654 0.0591, 0.3384 -0.6654 0.0, 0.2911 -0.6654 0.0, 0.3384 -0.5472 0.0, 0.2911 -0.5472 0.0, 0.3384 -0.4818 0.0395, 0.2911 -0.4818 0.0395, 0.3384 -0.3645 0.0395, 0.2911 -0.3645 0.0395, 0.3384 -0.3645 0.026, 0.2911 -0.3645 0.026, 0.3384 -0.3112 0.026, 0.2911 -0.3112 0.026, 0.3384 -0.3112 0.0382, 0.2911 -0.3112 0.0382, 0.3384 -0.1247 0.0382, 0.2911 -0.1247 0.0382, 0.3384 -0.1247 0.1092, 0.2911 -0.1247 0.1092, 0.3384 -0.1811 0.1092, 0.2911 -0.1811 0.1092, 0.3384 -0.1811 0.5039, 0.2911 -0.1811 0.5039, 0.3384 -0.2008 0.5039, 0.2911 -0.2008 0.5039, 0.3384 -0.2205 0.4843, 0.2911 -0.2205 0.4843, -0.764 0.6417 0.0591, -0.764 0.6417 0.0, -0.8112 0.6417 0.0591, -0.8112 0.6417 0.0, -0.764 0.5591 0.0591, -0.8112 0.5591 0.0591, -0.764 0.5591 0.1063, -0.8112 0.5591 0.1063, -0.764 0.5512 0.1142, -0.8112 0.5512 0.1142, -0.764 0.3543 0.1142, -0.8112 0.3543 0.1142, -0.764 0.3543 0.0335, -0.8112 0.3543 0.0335, -0.8112 0.3545 0.0317, -0.764 0.3545 0.0317, -0.8112 0.3551 0.03, -0.764 0.3551 0.03, -0.8112 0.356 0.0286, -0.764 0.356 0.0286, -0.8112 0.3573 0.0273, -0.764 0.3573 0.0273, -0.8112 0.3588 0.0264, -0.764 0.3588 0.0264, -0.8112 0.3605 0.0258, -0.764 0.3605 0.0258, -0.8112 0.3622 0.0256, -0.764 0.3622 0.0256, -0.764 0.5049 0.0256, -0.8112 0.5049 0.0256, -0.764 0.5472 0.0, -0.8112 0.5472 0.0, -0.764 -0.3622 0.0256, -0.8112 -0.3622 0.0256, -0.8112 -0.3605 0.0258, -0.764 -0.3605 0.0258, -0.8112 -0.3588 0.0264, -0.764 -0.3588 0.0264, -0.8112 -0.3573 0.0273, -0.764 -0.3573 0.0273, -0.8112 -0.356 0.0286, -0.764 -0.356 0.0286, -0.8112 -0.3551 0.03, -0.764 -0.3551 0.03, -0.8112 -0.3545 0.0317, -0.764 -0.3545 0.0317, -0.8112 -0.3543 0.0335, -0.764 -0.3543 0.0335, -0.764 -0.3543 0.1142, -0.8112 -0.3543 0.1142, -0.764 -0.5512 0.1142, -0.8112 -0.5512 0.1142, -0.764 -0.5591 0.1063, -0.8112 -0.5591 0.1063, -0.764 -0.5591 0.0591, -0.8112 -0.5591 0.0591, -0.764 -0.6417 0.0591, -0.8112 -0.6417 0.0591, -0.764 -0.6417 0.0, -0.8112 -0.6417 0.0, -0.764 -0.5472 0.0, -0.8112 -0.5472 0.0, -0.764 -0.5049 0.0256, -0.8112 -0.5049 0.0256, 0.8108 0.6417 0.0591, 0.8108 0.6417 0.0, 0.7636 0.6417 0.0591, 0.7636 0.6417 0.0, 0.8108 0.5591 0.0591, 0.7636 0.5591 0.0591, 0.8108 0.5591 0.1063, 0.7636 0.5591 0.1063, 0.8108 0.5512 0.1142, 0.7636 0.5512 0.1142, 0.8108 0.3543 0.1142, 0.7636 0.3543 0.1142, 0.8108 0.3543 0.0335, 0.7636 0.3543 0.0335, 0.7636 0.3545 0.0317, 0.8108 0.3545 0.0317, 0.7636 0.3551 0.03, 0.8108 0.3551 0.03, 0.7636 0.356 0.0286, 0.8108 0.356 0.0286, 0.7636 0.3573 0.0273, 0.8108 0.3573 0.0273, 0.7636 0.3588 0.0264, 0.8108 0.3588 0.0264, 0.7636 0.3605 0.0258, 0.8108 0.3605 0.0258, 0.7636 0.3622 0.0256, 0.8108 0.3622 0.0256, 0.8108 0.5049 0.0256, 0.7636 0.5049 0.0256, 0.8108 0.5472 0.0, 0.7636 0.5472 0.0, 0.8108 -0.3622 0.0256, 0.7636 -0.3622 0.0256, 0.7636 -0.3605 0.0258, 0.8108 -0.3605 0.0258, 0.7636 -0.3588 0.0264, 0.8108 -0.3588 0.0264, 0.7636 -0.3573 0.0273, 0.8108 -0.3573 0.0273, 0.7636 -0.356 0.0286, 0.8108 -0.356 0.0286, 0.7636 -0.3551 0.03, 0.8108 -0.3551 0.03, 0.7636 -0.3545 0.0317, 0.8108 -0.3545 0.0317, 0.7636 -0.3543 0.0335, 0.8108 -0.3543 0.0335, 0.8108 -0.3543 0.1142, 0.7636 -0.3543 0.1142, 0.8108 -0.5512 0.1142, 0.7636 -0.5512 0.1142, 0.8108 -0.5591 0.1063, 0.7636 -0.5591 0.1063, 0.8108 -0.5591 0.0591, 0.7636 -0.5591 0.0591, 0.8108 -0.6417 0.0591, 0.7636 -0.6417 0.0591, 0.8108 -0.6417 0.0, 0.7636 -0.6417 0.0, 0.8108 -0.5472 0.0, 0.7636 -0.5472 0.0, 0.8108 -0.5049 0.0256, 0.7636 -0.5049 0.0256
            ]
        }
        coordIndex [
            0,1,2,-1,2,1,3,-1,4,0,5,-1,5,0,2,-1,6,4,7,-1,7,4,5,-1,8,6,9,-1,9,6,7,-1,8,9,10,-1,8,10,11,-1,11,10,12,-1,11,12,13,-1,13,12,14,-1,13,14,15,-1,15,14,16,-1,15,16,17,-1,17,16,18,-1,17,18,19,-1,19,18,20,-1,19,20,21,-1,22,21,23,-1,23,21,20,-1,24,22,25,-1,25,22,23,-1,26,24,27,-1,27,24,25,-1,28,26,29,-1,29,26,27,-1,30,28,31,-1,31,28,29,-1,32,30,33,-1,33,30,31,-1,34,32,35,-1,35,32,33,-1,36,34,37,-1,37,34,35,-1,38,36,39,-1,39,36,37,-1,40,38,41,-1,41,38,39,-1,42,40,43,-1,43,40,41,-1,44,42,45,-1,45,42,43,-1,46,44,47,-1,47,44,45,-1,48,46,49,-1,49,46,47,-1,50,48,51,-1,51,48,49,-1,52,50,53,-1,53,50,51,-1,52,53,54,-1,54,53,55,-1,54,55,56,-1,56,55,57,-1,56,57,58,-1,58,57,59,-1,58,59,60,-1,60,59,61,-1,60,61,62,-1,62,61,63,-1,62,63,64,-1,64,63,65,-1,64,65,66,-1,66,65,67,-1,68,66,69,-1,69,66,67,-1,1,68,3,-1,3,68,69,-1,66,68,1,-1,24,26,22,-1,22,26,4,-1,30,32,38,-1,38,32,34,-1,38,34,36,-1,58,60,4,-1,4,60,62,-1,4,6,22,-1,22,6,8,-1,22,8,21,-1,21,8,19,-1,44,46,42,-1,42,46,48,-1,38,40,30,-1,30,40,42,-1,30,42,28,-1,28,42,48,-1,13,15,17,-1,62,64,4,-1,4,64,66,-1,4,66,0,-1,0,66,1,-1,48,50,28,-1,28,50,52,-1,28,52,26,-1,26,52,54,-1,26,54,4,-1,4,54,56,-1,4,56,58,-1,19,8,17,-1,17,8,11,-1,17,11,13,-1,43,25,23,-1,63,61,5,-1,37,35,39,-1,39,35,33,-1,39,33,31,-1,47,45,49,-1,49,45,43,-1,49,43,51,-1,51,43,23,-1,51,23,53,-1,27,25,29,-1,29,25,43,-1,29,43,31,-1,31,43,41,-1,31,41,39,-1,23,20,5,-1,5,20,18,-1,61,59,5,-1,5,59,57,-1,5,57,23,-1,23,57,55,-1,23,55,53,-1,18,16,5,-1,5,16,14,-1,5,14,12,-1,12,10,5,-1,5,10,9,-1,5,9,7,-1,3,69,2,-1,2,69,67,-1,2,67,5,-1,5,67,65,-1,5,65,63,-1,70,71,72,-1,72,71,73,-1,72,73,74,-1,74,73,75,-1,74,75,76,-1,76,75,77,-1,76,77,78,-1,78,77,79,-1,78,79,80,-1,80,79,81,-1,80,81,82,-1,82,81,83,-1,82,83,84,-1,84,83,85,-1,86,84,87,-1,87,84,85,-1,88,86,89,-1,89,86,87,-1,90,88,91,-1,91,88,89,-1,92,90,93,-1,93,90,91,-1,94,92,95,-1,95,92,93,-1,96,94,97,-1,97,94,95,-1,98,96,99,-1,99,96,97,-1,100,98,101,-1,101,98,99,-1,102,100,103,-1,103,100,101,-1,104,102,105,-1,105,102,103,-1,106,104,107,-1,107,104,105,-1,108,106,109,-1,109,106,107,-1,110,108,111,-1,111,108,109,-1,112,110,113,-1,113,110,111,-1,114,112,115,-1,115,112,113,-1,116,114,117,-1,117,114,115,-1,118,116,119,-1,119,116,117,-1,120,118,121,-1,121,118,119,-1,122,120,123,-1,123,120,121,-1,124,122,125,-1,125,122,123,-1,126,124,127,-1,127,124,125,-1,70,126,71,-1,71,126,127,-1,94,112,114,-1,116,118,114,-1,114,118,120,-1,100,102,98,-1,98,102,104,-1,98,104,106,-1,90,92,88,-1,88,92,94,-1,88,94,86,-1,86,94,114,-1,86,114,84,-1,110,112,108,-1,108,112,94,-1,108,94,106,-1,106,94,96,-1,106,96,98,-1,120,74,76,-1,124,126,122,-1,122,126,70,-1,122,70,120,-1,120,70,72,-1,120,72,74,-1,76,78,120,-1,120,78,80,-1,120,80,114,-1,114,80,82,-1,114,82,84,-1,71,127,125,-1,107,105,99,-1,99,105,103,-1,99,103,101,-1,119,117,121,-1,121,117,115,-1,121,115,111,-1,111,115,113,-1,77,75,121,-1,77,121,79,-1,93,91,95,-1,95,91,89,-1,99,97,107,-1,107,97,95,-1,107,95,109,-1,109,95,89,-1,75,73,121,-1,121,73,71,-1,121,71,123,-1,123,71,125,-1,89,87,109,-1,109,87,85,-1,109,85,111,-1,111,85,83,-1,111,83,121,-1,121,83,81,-1,121,81,79,-1,128,129,130,-1,130,129,131,-1,132,128,133,-1,133,128,130,-1,134,132,135,-1,135,132,133,-1,136,134,137,-1,137,134,135,-1,136,137,138,-1,136,138,139,-1,139,138,140,-1,139,140,141,-1,141,140,142,-1,141,142,143,-1,143,142,144,-1,143,144,145,-1,145,144,146,-1,145,146,147,-1,147,146,148,-1,147,148,149,-1,150,149,151,-1,151,149,148,-1,152,150,153,-1,153,150,151,-1,154,152,155,-1,155,152,153,-1,156,154,157,-1,157,154,155,-1,158,156,159,-1,159,156,157,-1,160,158,161,-1,161,158,159,-1,162,160,163,-1,163,160,161,-1,164,162,165,-1,165,162,163,-1,166,164,167,-1,167,164,165,-1,168,166,169,-1,169,166,167,-1,170,168,171,-1,171,168,169,-1,172,170,173,-1,173,170,171,-1,174,172,175,-1,175,172,173,-1,176,174,177,-1,177,174,175,-1,178,176,179,-1,179,176,177,-1,180,178,181,-1,181,178,179,-1,180,181,182,-1,182,181,183,-1,182,183,184,-1,184,183,185,-1,184,185,186,-1,186,185,187,-1,186,187,188,-1,188,187,189,-1,188,189,190,-1,190,189,191,-1,190,191,192,-1,192,191,193,-1,192,193,194,-1,194,193,195,-1,196,194,197,-1,197,194,195,-1,129,196,131,-1,131,196,197,-1,194,196,129,-1,152,154,150,-1,150,154,132,-1,158,160,166,-1,166,160,162,-1,166,162,164,-1,186,188,132,-1,132,188,190,-1,132,134,150,-1,150,134,136,-1,150,136,149,-1,149,136,147,-1,172,174,170,-1,170,174,176,-1,166,168,158,-1,158,168,170,-1,158,170,156,-1,156,170,176,-1,141,143,145,-1,190,192,132,-1,132,192,194,-1,132,194,128,-1,128,194,129,-1,176,178,156,-1,156,178,180,-1,156,180,154,-1,154,180,182,-1,154,182,132,-1,132,182,184,-1,132,184,186,-1,147,136,145,-1,145,136,139,-1,145,139,141,-1,171,153,151,-1,191,189,133,-1,165,163,167,-1,167,163,161,-1,167,161,159,-1,175,173,177,-1,177,173,171,-1,177,171,179,-1,179,171,151,-1,179,151,181,-1,155,153,157,-1,157,153,171,-1,157,171,159,-1,159,171,169,-1,159,169,167,-1,151,148,133,-1,133,148,146,-1,189,187,133,-1,133,187,185,-1,133,185,151,-1,151,185,183,-1,151,183,181,-1,146,144,133,-1,133,144,142,-1,133,142,140,-1,140,138,133,-1,133,138,137,-1,133,137,135,-1,131,197,130,-1,130,197,195,-1,130,195,133,-1,133,195,193,-1,133,193,191,-1,198,199,200,-1,200,199,201,-1,200,201,202,-1,202,201,203,-1,202,203,204,-1,204,203,205,-1,204,205,206,-1,206,205,207,-1,206,207,208,-1,208,207,209,-1,208,209,210,-1,210,209,211,-1,210,211,212,-1,212,211,213,-1,214,212,215,-1,215,212,213,-1,216,214,217,-1,217,214,215,-1,218,216,219,-1,219,216,217,-1,220,218,221,-1,221,218,219,-1,222,220,223,-1,223,220,221,-1,224,222,225,-1,225,222,223,-1,226,224,227,-1,227,224,225,-1,228,226,229,-1,229,226,227,-1,230,228,231,-1,231,228,229,-1,232,230,233,-1,233,230,231,-1,234,232,235,-1,235,232,233,-1,236,234,237,-1,237,234,235,-1,238,236,239,-1,239,236,237,-1,240,238,241,-1,241,238,239,-1,242,240,243,-1,243,240,241,-1,244,242,245,-1,245,242,243,-1,246,244,247,-1,247,244,245,-1,248,246,249,-1,249,246,247,-1,250,248,251,-1,251,248,249,-1,252,250,253,-1,253,250,251,-1,254,252,255,-1,255,252,253,-1,198,254,199,-1,199,254,255,-1,222,240,242,-1,244,246,242,-1,242,246,248,-1,228,230,226,-1,226,230,232,-1,226,232,234,-1,218,220,216,-1,216,220,222,-1,216,222,214,-1,214,222,242,-1,214,242,212,-1,238,240,236,-1,236,240,222,-1,236,222,234,-1,234,222,224,-1,234,224,226,-1,248,202,204,-1,252,254,250,-1,250,254,198,-1,250,198,248,-1,248,198,200,-1,248,200,202,-1,204,206,248,-1,248,206,208,-1,248,208,242,-1,242,208,210,-1,242,210,212,-1,199,255,253,-1,235,233,227,-1,227,233,231,-1,227,231,229,-1,247,245,249,-1,249,245,243,-1,249,243,239,-1,239,243,241,-1,205,203,249,-1,205,249,207,-1,221,219,223,-1,223,219,217,-1,227,225,235,-1,235,225,223,-1,235,223,237,-1,237,223,217,-1,203,201,249,-1,249,201,199,-1,249,199,251,-1,251,199,253,-1,217,215,237,-1,237,215,213,-1,237,213,239,-1,239,213,211,-1,239,211,249,-1,249,211,209,-1,249,209,207,-1,256,257,258,-1,258,257,259,-1,260,256,261,-1,261,256,258,-1,262,260,263,-1,263,260,261,-1,264,262,265,-1,265,262,263,-1,264,265,266,-1,264,266,267,-1,267,266,268,-1,267,268,269,-1,269,268,270,-1,269,270,271,-1,271,270,272,-1,271,272,273,-1,273,272,274,-1,273,274,275,-1,275,274,276,-1,275,276,277,-1,278,277,279,-1,279,277,276,-1,280,278,281,-1,281,278,279,-1,282,280,283,-1,283,280,281,-1,284,282,285,-1,285,282,283,-1,286,284,287,-1,287,284,285,-1,288,286,289,-1,289,286,287,-1,290,288,291,-1,291,288,289,-1,292,290,293,-1,293,290,291,-1,294,292,295,-1,295,292,293,-1,296,294,297,-1,297,294,295,-1,298,296,299,-1,299,296,297,-1,300,298,301,-1,301,298,299,-1,302,300,303,-1,303,300,301,-1,304,302,305,-1,305,302,303,-1,306,304,307,-1,307,304,305,-1,308,306,309,-1,309,306,307,-1,308,309,310,-1,310,309,311,-1,310,311,312,-1,312,311,313,-1,312,313,314,-1,314,313,315,-1,314,315,316,-1,316,315,317,-1,316,317,318,-1,318,317,319,-1,318,319,320,-1,320,319,321,-1,320,321,322,-1,322,321,323,-1,324,322,325,-1,325,322,323,-1,257,324,259,-1,259,324,325,-1,322,324,257,-1,280,282,278,-1,278,282,260,-1,286,288,294,-1,294,288,290,-1,294,290,292,-1,314,316,260,-1,260,316,318,-1,260,262,278,-1,278,262,264,-1,278,264,277,-1,277,264,275,-1,300,302,298,-1,298,302,304,-1,294,296,286,-1,286,296,298,-1,286,298,284,-1,284,298,304,-1,269,271,273,-1,318,320,260,-1,260,320,322,-1,260,322,256,-1,256,322,257,-1,304,306,284,-1,284,306,308,-1,284,308,282,-1,282,308,310,-1,282,310,260,-1,260,310,312,-1,260,312,314,-1,275,264,273,-1,273,264,267,-1,273,267,269,-1,299,281,279,-1,319,317,261,-1,293,291,295,-1,295,291,289,-1,295,289,287,-1,303,301,305,-1,305,301,299,-1,305,299,307,-1,307,299,279,-1,307,279,309,-1,283,281,285,-1,285,281,299,-1,285,299,287,-1,287,299,297,-1,287,297,295,-1,279,276,261,-1,261,276,274,-1,317,315,261,-1,261,315,313,-1,261,313,279,-1,279,313,311,-1,279,311,309,-1,274,272,261,-1,261,272,270,-1,261,270,268,-1,268,266,261,-1,261,266,265,-1,261,265,263,-1,259,325,258,-1,258,325,323,-1,258,323,261,-1,261,323,321,-1,261,321,319,-1,326,327,328,-1,328,327,329,-1,328,329,330,-1,330,329,331,-1,330,331,332,-1,332,331,333,-1,332,333,334,-1,334,333,335,-1,334,335,336,-1,336,335,337,-1,336,337,338,-1,338,337,339,-1,338,339,340,-1,340,339,341,-1,342,340,343,-1,343,340,341,-1,344,342,345,-1,345,342,343,-1,346,344,347,-1,347,344,345,-1,348,346,349,-1,349,346,347,-1,350,348,351,-1,351,348,349,-1,352,350,353,-1,353,350,351,-1,354,352,355,-1,355,352,353,-1,356,354,357,-1,357,354,355,-1,358,356,359,-1,359,356,357,-1,360,358,361,-1,361,358,359,-1,362,360,363,-1,363,360,361,-1,364,362,365,-1,365,362,363,-1,366,364,367,-1,367,364,365,-1,368,366,369,-1,369,366,367,-1,370,368,371,-1,371,368,369,-1,372,370,373,-1,373,370,371,-1,374,372,375,-1,375,372,373,-1,376,374,377,-1,377,374,375,-1,378,376,379,-1,379,376,377,-1,380,378,381,-1,381,378,379,-1,382,380,383,-1,383,380,381,-1,326,382,327,-1,327,382,383,-1,350,368,370,-1,372,374,370,-1,370,374,376,-1,356,358,354,-1,354,358,360,-1,354,360,362,-1,346,348,344,-1,344,348,350,-1,344,350,342,-1,342,350,370,-1,342,370,340,-1,366,368,364,-1,364,368,350,-1,364,350,362,-1,362,350,352,-1,362,352,354,-1,376,330,332,-1,380,382,378,-1,378,382,326,-1,378,326,376,-1,376,326,328,-1,376,328,330,-1,332,334,376,-1,376,334,336,-1,376,336,370,-1,370,336,338,-1,370,338,340,-1,327,383,381,-1,363,361,355,-1,355,361,359,-1,355,359,357,-1,375,373,377,-1,377,373,371,-1,377,371,367,-1,367,371,369,-1,333,331,377,-1,333,377,335,-1,349,347,351,-1,351,347,345,-1,355,353,363,-1,363,353,351,-1,363,351,365,-1,365,351,345,-1,331,329,377,-1,377,329,327,-1,377,327,379,-1,379,327,381,-1,345,343,365,-1,365,343,341,-1,365,341,367,-1,367,341,339,-1,367,339,377,-1,377,339,337,-1,377,337,335,-1,384,385,386,-1,386,385,387,-1,388,384,389,-1,389,384,386,-1,390,388,391,-1,391,388,389,-1,392,390,393,-1,393,390,391,-1,392,393,394,-1,392,394,395,-1,395,394,396,-1,395,396,397,-1,397,396,398,-1,397,398,399,-1,399,398,400,-1,399,400,401,-1,401,400,402,-1,401,402,403,-1,403,402,404,-1,403,404,405,-1,406,405,407,-1,407,405,404,-1,408,406,409,-1,409,406,407,-1,410,408,411,-1,411,408,409,-1,412,410,413,-1,413,410,411,-1,414,412,415,-1,415,412,413,-1,416,414,417,-1,417,414,415,-1,418,416,419,-1,419,416,417,-1,420,418,421,-1,421,418,419,-1,422,420,423,-1,423,420,421,-1,424,422,425,-1,425,422,423,-1,426,424,427,-1,427,424,425,-1,428,426,429,-1,429,426,427,-1,430,428,431,-1,431,428,429,-1,432,430,433,-1,433,430,431,-1,434,432,435,-1,435,432,433,-1,436,434,437,-1,437,434,435,-1,436,437,438,-1,438,437,439,-1,438,439,440,-1,440,439,441,-1,440,441,442,-1,442,441,443,-1,442,443,444,-1,444,443,445,-1,444,445,446,-1,446,445,447,-1,446,447,448,-1,448,447,449,-1,448,449,450,-1,450,449,451,-1,452,450,453,-1,453,450,451,-1,385,452,387,-1,387,452,453,-1,450,452,385,-1,408,410,406,-1,406,410,388,-1,414,416,422,-1,422,416,418,-1,422,418,420,-1,442,444,388,-1,388,444,446,-1,388,390,406,-1,406,390,392,-1,406,392,405,-1,405,392,403,-1,428,430,426,-1,426,430,432,-1,422,424,414,-1,414,424,426,-1,414,426,412,-1,412,426,432,-1,397,399,401,-1,446,448,388,-1,388,448,450,-1,388,450,384,-1,384,450,385,-1,432,434,412,-1,412,434,436,-1,412,436,410,-1,410,436,438,-1,410,438,388,-1,388,438,440,-1,388,440,442,-1,403,392,401,-1,401,392,395,-1,401,395,397,-1,427,409,407,-1,447,445,389,-1,421,419,423,-1,423,419,417,-1,423,417,415,-1,431,429,433,-1,433,429,427,-1,433,427,435,-1,435,427,407,-1,435,407,437,-1,411,409,413,-1,413,409,427,-1,413,427,415,-1,415,427,425,-1,415,425,423,-1,407,404,389,-1,389,404,402,-1,445,443,389,-1,389,443,441,-1,389,441,407,-1,407,441,439,-1,407,439,437,-1,402,400,389,-1,389,400,398,-1,389,398,396,-1,396,394,389,-1,389,394,393,-1,389,393,391,-1,387,453,386,-1,386,453,451,-1,386,451,389,-1,389,451,449,-1,389,449,447,-1,454,455,456,-1,456,455,457,-1,456,457,458,-1,458,457,459,-1,458,459,460,-1,460,459,461,-1,460,461,462,-1,462,461,463,-1,462,463,464,-1,464,463,465,-1,464,465,466,-1,466,465,467,-1,466,467,468,-1,468,467,469,-1,470,468,471,-1,471,468,469,-1,472,470,473,-1,473,470,471,-1,474,472,475,-1,475,472,473,-1,476,474,477,-1,477,474,475,-1,478,476,479,-1,479,476,477,-1,480,478,481,-1,481,478,479,-1,482,480,483,-1,483,480,481,-1,484,482,485,-1,485,482,483,-1,486,484,487,-1,487,484,485,-1,488,486,489,-1,489,486,487,-1,490,488,491,-1,491,488,489,-1,492,490,493,-1,493,490,491,-1,494,492,495,-1,495,492,493,-1,496,494,497,-1,497,494,495,-1,498,496,499,-1,499,496,497,-1,500,498,501,-1,501,498,499,-1,502,500,503,-1,503,500,501,-1,504,502,505,-1,505,502,503,-1,506,504,507,-1,507,504,505,-1,508,506,509,-1,509,506,507,-1,510,508,511,-1,511,508,509,-1,454,510,455,-1,455,510,511,-1,478,496,498,-1,500,502,498,-1,498,502,504,-1,484,486,482,-1,482,486,488,-1,482,488,490,-1,474,476,472,-1,472,476,478,-1,472,478,470,-1,470,478,498,-1,470,498,468,-1,494,496,492,-1,492,496,478,-1,492,478,490,-1,490,478,480,-1,490,480,482,-1,504,458,460,-1,508,510,506,-1,506,510,454,-1,506,454,504,-1,504,454,456,-1,504,456,458,-1,460,462,504,-1,504,462,464,-1,504,464,498,-1,498,464,466,-1,498,466,468,-1,455,511,509,-1,491,489,483,-1,483,489,487,-1,483,487,485,-1,503,501,505,-1,505,501,499,-1,505,499,495,-1,495,499,497,-1,461,459,505,-1,461,505,463,-1,477,475,479,-1,479,475,473,-1,483,481,491,-1,491,481,479,-1,491,479,493,-1,493,479,473,-1,459,457,505,-1,505,457,455,-1,505,455,507,-1,507,455,509,-1,473,471,493,-1,493,471,469,-1,493,469,495,-1,495,469,467,-1,495,467,505,-1,505,467,465,-1,505,465,463,-1,512,513,514,-1,514,513,515,-1,516,512,517,-1,517,512,514,-1,518,516,519,-1,519,516,517,-1,520,518,521,-1,521,518,519,-1,520,521,522,-1,520,522,523,-1,523,522,524,-1,523,524,525,-1,525,524,526,-1,525,526,527,-1,527,526,528,-1,527,528,529,-1,529,528,530,-1,529,530,531,-1,531,530,532,-1,531,532,533,-1,534,533,535,-1,535,533,532,-1,536,534,537,-1,537,534,535,-1,538,536,539,-1,539,536,537,-1,540,538,541,-1,541,538,539,-1,542,540,543,-1,543,540,541,-1,544,542,545,-1,545,542,543,-1,546,544,547,-1,547,544,545,-1,548,546,549,-1,549,546,547,-1,550,548,551,-1,551,548,549,-1,552,550,553,-1,553,550,551,-1,554,552,555,-1,555,552,553,-1,556,554,557,-1,557,554,555,-1,558,556,559,-1,559,556,557,-1,560,558,561,-1,561,558,559,-1,562,560,563,-1,563,560,561,-1,564,562,565,-1,565,562,563,-1,564,565,566,-1,566,565,567,-1,566,567,568,-1,568,567,569,-1,568,569,570,-1,570,569,571,-1,570,571,572,-1,572,571,573,-1,572,573,574,-1,574,573,575,-1,574,575,576,-1,576,575,577,-1,576,577,578,-1,578,577,579,-1,580,578,581,-1,581,578,579,-1,513,580,515,-1,515,580,581,-1,578,580,513,-1,536,538,534,-1,534,538,516,-1,542,544,550,-1,550,544,546,-1,550,546,548,-1,570,572,516,-1,516,572,574,-1,516,518,534,-1,534,518,520,-1,534,520,533,-1,533,520,531,-1,556,558,554,-1,554,558,560,-1,550,552,542,-1,542,552,554,-1,542,554,540,-1,540,554,560,-1,525,527,529,-1,574,576,516,-1,516,576,578,-1,516,578,512,-1,512,578,513,-1,560,562,540,-1,540,562,564,-1,540,564,538,-1,538,564,566,-1,538,566,516,-1,516,566,568,-1,516,568,570,-1,531,520,529,-1,529,520,523,-1,529,523,525,-1,555,537,535,-1,575,573,517,-1,549,547,551,-1,551,547,545,-1,551,545,543,-1,559,557,561,-1,561,557,555,-1,561,555,563,-1,563,555,535,-1,563,535,565,-1,539,537,541,-1,541,537,555,-1,541,555,543,-1,543,555,553,-1,543,553,551,-1,535,532,517,-1,517,532,530,-1,573,571,517,-1,517,571,569,-1,517,569,535,-1,535,569,567,-1,535,567,565,-1,530,528,517,-1,517,528,526,-1,517,526,524,-1,524,522,517,-1,517,522,521,-1,517,521,519,-1,515,581,514,-1,514,581,579,-1,514,579,517,-1,517,579,577,-1,517,577,575,-1,582,583,584,-1,584,583,585,-1,584,585,586,-1,586,585,587,-1,586,587,588,-1,588,587,589,-1,588,589,590,-1,590,589,591,-1,590,591,592,-1,592,591,593,-1,592,593,594,-1,594,593,595,-1,594,595,596,-1,596,595,597,-1,598,596,599,-1,599,596,597,-1,600,598,601,-1,601,598,599,-1,602,600,603,-1,603,600,601,-1,604,602,605,-1,605,602,603,-1,606,604,607,-1,607,604,605,-1,608,606,609,-1,609,606,607,-1,610,608,611,-1,611,608,609,-1,612,610,613,-1,613,610,611,-1,614,612,615,-1,615,612,613,-1,616,614,617,-1,617,614,615,-1,618,616,619,-1,619,616,617,-1,620,618,621,-1,621,618,619,-1,622,620,623,-1,623,620,621,-1,624,622,625,-1,625,622,623,-1,626,624,627,-1,627,624,625,-1,628,626,629,-1,629,626,627,-1,630,628,631,-1,631,628,629,-1,632,630,633,-1,633,630,631,-1,634,632,635,-1,635,632,633,-1,636,634,637,-1,637,634,635,-1,638,636,639,-1,639,636,637,-1,582,638,583,-1,583,638,639,-1,606,624,626,-1,628,630,626,-1,626,630,632,-1,612,614,610,-1,610,614,616,-1,610,616,618,-1,602,604,600,-1,600,604,606,-1,600,606,598,-1,598,606,626,-1,598,626,596,-1,622,624,620,-1,620,624,606,-1,620,606,618,-1,618,606,608,-1,618,608,610,-1,632,586,588,-1,636,638,634,-1,634,638,582,-1,634,582,632,-1,632,582,584,-1,632,584,586,-1,588,590,632,-1,632,590,592,-1,632,592,626,-1,626,592,594,-1,626,594,596,-1,583,639,637,-1,619,617,611,-1,611,617,615,-1,611,615,613,-1,631,629,633,-1,633,629,627,-1,633,627,623,-1,623,627,625,-1,589,587,633,-1,589,633,591,-1,605,603,607,-1,607,603,601,-1,611,609,619,-1,619,609,607,-1,619,607,621,-1,621,607,601,-1,587,585,633,-1,633,585,583,-1,633,583,635,-1,635,583,637,-1,601,599,621,-1,621,599,597,-1,621,597,623,-1,623,597,595,-1,623,595,633,-1,633,595,593,-1,633,593,591,-1,640,641,642,-1,642,641,643,-1,644,640,645,-1,645,640,642,-1,646,644,647,-1,647,644,645,-1,648,646,649,-1,649,646,647,-1,650,648,651,-1,651,648,649,-1,652,650,653,-1,653,650,651,-1,652,653,654,-1,652,654,655,-1,655,654,656,-1,655,656,657,-1,657,656,658,-1,657,658,659,-1,659,658,660,-1,659,660,661,-1,661,660,662,-1,661,662,663,-1,663,662,664,-1,663,664,665,-1,665,664,666,-1,665,666,667,-1,668,667,669,-1,669,667,666,-1,670,668,671,-1,671,668,669,-1,641,670,643,-1,643,670,671,-1,665,667,652,-1,641,640,670,-1,670,640,644,-1,670,644,668,-1,659,661,663,-1,644,646,668,-1,668,646,648,-1,668,648,667,-1,667,648,650,-1,667,650,652,-1,659,663,657,-1,665,652,663,-1,663,652,655,-1,663,655,657,-1,669,645,671,-1,671,645,642,-1,671,642,643,-1,647,645,649,-1,649,645,669,-1,649,669,651,-1,651,669,666,-1,651,666,653,-1,653,666,664,-1,653,664,662,-1,662,660,658,-1,658,656,662,-1,662,656,654,-1,662,654,653,-1,672,673,674,-1,672,674,675,-1,675,674,676,-1,675,676,677,-1,677,676,678,-1,677,678,679,-1,679,678,680,-1,679,680,681,-1,681,680,682,-1,681,682,683,-1,683,682,684,-1,683,684,685,-1,685,684,686,-1,685,686,687,-1,688,687,689,-1,689,687,686,-1,690,688,691,-1,691,688,689,-1,692,690,693,-1,693,690,691,-1,694,692,695,-1,695,692,693,-1,696,694,697,-1,697,694,695,-1,698,696,699,-1,699,696,697,-1,700,698,701,-1,701,698,699,-1,702,700,703,-1,703,700,701,-1,672,702,673,-1,673,702,703,-1,702,694,700,-1,700,694,696,-1,700,696,698,-1,692,694,690,-1,690,694,702,-1,690,702,688,-1,688,702,672,-1,688,672,687,-1,687,672,675,-1,687,675,677,-1,677,679,681,-1,681,683,677,-1,677,683,685,-1,677,685,687,-1,674,673,686,-1,699,697,701,-1,701,697,695,-1,701,695,703,-1,680,678,676,-1,695,693,703,-1,703,693,691,-1,703,691,673,-1,673,691,689,-1,673,689,686,-1,680,676,682,-1,674,686,676,-1,676,686,684,-1,676,684,682,-1,704,705,706,-1,706,705,707,-1,708,704,709,-1,709,704,706,-1,710,708,711,-1,711,708,709,-1,712,710,713,-1,713,710,711,-1,714,712,715,-1,715,712,713,-1,716,714,717,-1,717,714,715,-1,716,717,718,-1,716,718,719,-1,719,718,720,-1,719,720,721,-1,721,720,722,-1,721,722,723,-1,723,722,724,-1,723,724,725,-1,725,724,726,-1,725,726,727,-1,727,726,728,-1,727,728,729,-1,729,728,730,-1,729,730,731,-1,732,731,733,-1,733,731,730,-1,734,732,735,-1,735,732,733,-1,705,734,707,-1,707,734,735,-1,729,731,716,-1,705,704,734,-1,734,704,708,-1,734,708,732,-1,723,725,727,-1,708,710,732,-1,732,710,712,-1,732,712,731,-1,731,712,714,-1,731,714,716,-1,723,727,721,-1,729,716,727,-1,727,716,719,-1,727,719,721,-1,733,709,735,-1,735,709,706,-1,735,706,707,-1,711,709,713,-1,713,709,733,-1,713,733,715,-1,715,733,730,-1,715,730,717,-1,717,730,728,-1,717,728,726,-1,726,724,722,-1,722,720,726,-1,726,720,718,-1,726,718,717,-1,736,737,738,-1,736,738,739,-1,739,738,740,-1,739,740,741,-1,741,740,742,-1,741,742,743,-1,743,742,744,-1,743,744,745,-1,745,744,746,-1,745,746,747,-1,747,746,748,-1,747,748,749,-1,749,748,750,-1,749,750,751,-1,752,751,753,-1,753,751,750,-1,754,752,755,-1,755,752,753,-1,756,754,757,-1,757,754,755,-1,758,756,759,-1,759,756,757,-1,760,758,761,-1,761,758,759,-1,762,760,763,-1,763,760,761,-1,764,762,765,-1,765,762,763,-1,766,764,767,-1,767,764,765,-1,736,766,737,-1,737,766,767,-1,766,758,764,-1,764,758,760,-1,764,760,762,-1,756,758,754,-1,754,758,766,-1,754,766,752,-1,752,766,736,-1,752,736,751,-1,751,736,739,-1,751,739,741,-1,741,743,745,-1,745,747,741,-1,741,747,749,-1,741,749,751,-1,738,737,750,-1,763,761,765,-1,765,761,759,-1,765,759,767,-1,744,742,740,-1,759,757,767,-1,767,757,755,-1,767,755,737,-1,737,755,753,-1,737,753,750,-1,744,740,746,-1,738,750,740,-1,740,750,748,-1,740,748,746,-1,
        ]
    }
}
Shape{
    appearance Appearance {
        material  Material 	{
            diffuseColor 0.25098039215686274 0.25098039215686274 0.25098039215686274
            specularColor 0.25098039215686274 0.25098039215686274 0.25098039215686274
            ambientIntensity 0.251
            transparency 0.0
            shininess 0.5
        }
    }
    geometry IndexedFaceSet {
        ccw TRUE
        solid FALSE
        coord DEF co Coordinate {
            point [
                0.9053 0.1279 0.2611, 0.9053 0.1405 0.2611, 0.9053 0.1405 0.2725, 0.9053 0.0854 0.2209, 0.9053 0.0837 0.2207, 0.9053 0.0937 0.2207, 0.9053 0.1719 0.2845, 0.9053 0.1679 0.2955, 0.9053 0.1532 0.2955, 0.9053 -0.1435 0.2032, 0.9053 -0.1474 0.2048, 0.9053 -0.3763 0.2048, 0.9053 -0.0699 0.3279, 0.9053 -0.0656 0.3249, 0.9053 0.0006 0.3249, 0.9053 -0.0594 0.3205, 0.9053 -0.0492 0.3085, 0.9053 -0.0181 0.2725, 0.9053 0.0006 0.2725, 0.9053 -0.0206 0.2787, 0.9053 -0.0264 0.2868, 0.9053 -0.0341 0.2934, 0.9053 -0.044 0.298, 0.9053 -0.0426 0.2976, 0.9053 -0.0981 0.3353, 0.9053 -0.084 0.3335, 0.9053 0.0006 0.4531, 0.9053 -0.1104 0.334, 0.9053 -0.3763 0.4531, 0.9053 -0.1236 0.3294, 0.9053 -0.1311 0.3249, 0.9053 -0.3763 0.3249, 0.9053 -0.1322 0.3242, 0.9053 -0.1908 0.29, 0.9053 -0.184 0.2986, 0.9053 -0.1622 0.3109, 0.9053 -0.1513 0.3123, 0.9053 -0.1389 0.3185, 0.9053 -0.148 0.3121, 0.9053 -0.1447 0.3117, 0.9053 -0.1819 0.3006, 0.9053 -0.1728 0.3069, 0.9053 -0.1769 0.2278, 0.9053 -0.1854 0.2351, 0.9053 -0.3763 0.2207, 0.9053 -0.1667 0.2227, 0.9053 -0.1921 0.2447, 0.9053 -0.1961 0.2553, 0.9053 -0.3763 0.2725, 0.9053 -0.1974 0.2662, 0.9053 -0.1973 0.2691, 0.9053 -0.1967 0.2725, 0.9053 -0.1953 0.2798, 0.9053 -0.15 0.2059, 0.9053 -0.1556 0.2101, 0.9053 -0.1627 0.2215, 0.9053 -0.1623 0.2207, 0.9053 -0.1598 0.2154, 0.9053 0.0006 0.0197, 0.9053 0.0006 0.2048, 0.9053 -0.1238 0.2048, 0.9053 -0.1288 0.203, 0.9053 -0.1356 0.2021, 0.9053 -0.3763 0.0197, 0.9053 -0.1367 0.2021, 0.9053 0.0006 0.2207, 0.9053 -0.109 0.2207, 0.9053 -0.109 0.2206, 0.9053 -0.1123 0.2143, 0.9053 -0.1167 0.2093, 0.9053 -0.1224 0.2054, 0.9053 -0.0726 0.2375, 0.9053 -0.0707 0.2383, 0.9053 -0.0673 0.2545, 0.9053 -0.0263 0.2337, 0.9053 -0.0341 0.2271, 0.9053 -0.1143 0.2496, 0.9053 -0.0761 0.2696, 0.9053 -0.1193 0.2542, 0.9053 -0.1253 0.2574, 0.9053 -0.0744 0.2362, 0.9053 -0.0207 0.2416, 0.9053 -0.0336 0.2629, 0.9053 -0.0349 0.2684, 0.9053 -0.0371 0.2725, 0.9053 -0.1788 0.2725, 0.9053 -0.0171 0.27, 0.9053 -0.0158 0.2607, 0.9053 -0.0171 0.2506, 0.9053 -0.0685 0.2385, 0.9053 -0.0682 0.2385, 0.9053 -0.0673 0.2383, 0.9053 -0.1771 0.2554, 0.9053 -0.1737 0.2496, 0.9053 -0.1592 0.2467, 0.9053 -0.1686 0.2444, 0.9053 -0.1624 0.2405, 0.9053 -0.1487 0.2561, 0.9053 -0.1545 0.252, 0.9053 -0.1795 0.2667, 0.9053 -0.1791 0.2624, 0.9053 -0.1424 0.2585, 0.9053 -0.1356 0.2593, 0.9053 -0.1322 0.2591, 0.9053 -0.0773 0.2297, 0.9053 -0.0772 0.2308, 0.9053 -0.1072 0.2334, 0.9053 -0.0766 0.233, 0.9053 -0.0755 0.2349, 0.9053 -0.0392 0.2454, 0.9053 -0.0361 0.2498, 0.9053 -0.0341 0.2549, 0.9053 -0.0334 0.2605, 0.9053 -0.0706 0.2212, 0.9053 -0.0725 0.2219, 0.9053 -0.0744 0.2232, 0.9053 -0.075 0.2239, 0.9053 -0.0763 0.2257, 0.9053 -0.077 0.2276, 0.9053 -0.1073 0.2276, 0.9053 -0.1072 0.2306, 0.9053 -0.0428 0.2229, 0.9053 -0.0522 0.2209, 0.9053 -0.069 0.2209, 0.9053 -0.0668 0.2383, 0.9053 -0.0539 0.2383, 0.9053 -0.0488 0.2392, 0.9053 -0.0438 0.2416, 0.9053 -0.0396 0.245, 0.9053 -0.0641 0.2997, 0.9053 -0.0705 0.3074, 0.9053 -0.1359 0.2909, 0.9053 -0.0712 0.3081, 0.9053 -0.0792 0.3136, 0.9053 -0.1316 0.2999, 0.9053 -0.138 0.292, 0.9053 -0.1444 0.2944, 0.9053 -0.0376 0.2733, 0.9053 -0.0409 0.277, 0.9053 -0.0557 0.2827, 0.9053 -0.0453 0.2801, 0.9053 -0.0502 0.282, 0.9053 -0.0579 0.2827, 0.9053 -0.0597 0.2906, 0.9053 -0.161 0.2934, 0.9053 -0.1673 0.29, 0.9053 -0.1539 0.295, 0.9053 -0.1722 0.2856, 0.9053 -0.1762 0.28, 0.9053 -0.1252 0.3075, 0.9053 -0.0881 0.3171, 0.9053 -0.1175 0.3131, 0.9053 -0.0978 0.3182, 0.9053 -0.1082 0.3169, 0.9053 -0.151 0.2952, 0.9053 -0.1786 0.2736, 0.9053 0.1777 0.2845, 0.9053 0.1532 0.2725, 0.9053 0.1624 0.3246, 0.9053 0.5551 0.2725, 0.9053 0.5551 0.3249, 0.9053 0.1532 0.3249, 0.9053 0.1569 0.3246, 0.9053 0.1532 0.3148, 0.9053 0.1473 0.2845, 0.9053 0.1416 0.2845, 0.9053 0.1512 0.2955, 0.9053 0.0993 0.2891, 0.9053 0.0993 0.2845, 0.9053 0.103 0.2725, 0.9053 0.0983 0.32, 0.9053 0.103 0.3249, 0.9053 0.0983 0.3246, 0.9053 0.0937 0.3249, 0.9053 0.0937 0.3246, 0.9053 0.0829 0.3026, 0.9053 0.0829 0.2891, 0.9053 0.0937 0.3026, 0.9053 0.0937 0.2891, 0.9053 0.0972 0.3026, 0.9053 0.0972 0.3072, 0.9053 0.0829 0.32, 0.9053 0.0829 0.3072, 0.9053 0.0937 0.32, 0.9053 0.0937 0.3072, 0.9053 0.0937 0.2725, 0.9053 0.0937 0.2845, 0.9053 0.0754 0.2725, 0.9053 0.0777 0.3246, 0.9053 0.0754 0.3249, 0.9053 0.0777 0.2845, 0.9053 0.0697 0.3236, 0.9053 0.0655 0.3248, 0.9053 0.0645 0.3249, 0.9053 0.0697 0.3182, 0.9053 0.0693 0.3185, 0.9053 0.0697 0.2912, 0.9053 0.0652 0.32, 0.9053 0.0603 0.3206, 0.9053 0.0582 0.3205, 0.9053 0.0548 0.3197, 0.9053 0.0517 0.3181, 0.9053 0.0494 0.3161, 0.9053 0.0491 0.3159, 0.9053 0.0472 0.3131, 0.9053 0.0697 0.2862, 0.9053 0.069 0.2859, 0.9053 0.0519 0.2849, 0.9053 0.0481 0.2867, 0.9053 0.0415 0.2725, 0.9053 0.0449 0.2893, 0.9053 0.0446 0.2897, 0.9053 0.0458 0.3096, 0.9053 0.0452 0.3041, 0.9053 0.0452 0.3021, 0.9053 0.046 0.2982, 0.9053 0.0612 0.2885, 0.9053 0.0658 0.2894, 0.9053 0.0525 0.2901, 0.9053 0.0554 0.289, 0.9053 0.0594 0.2885, 0.9053 0.0647 0.2845, 0.9053 0.0586 0.2839, 0.9053 0.0562 0.284, 0.9053 0.0473 0.2951, 0.9053 0.0491 0.2927, 0.9053 0.0499 0.2919, 0.9053 0.0415 0.3249, 0.9053 0.0426 0.3156, 0.9053 0.0455 0.3194, 0.9053 0.0465 0.3203, 0.9053 0.0502 0.3229, 0.9053 0.0544 0.3245, 0.9053 0.0422 0.2931, 0.9053 0.0415 0.2947, 0.9053 0.0391 0.2725, 0.9053 0.0391 0.3249, 0.9053 0.0407 0.3111, 0.9053 0.0415 0.313, 0.9053 0.0405 0.2973, 0.9053 0.0397 0.3038, 0.9053 0.0398 0.3059, 0.9053 0.5551 0.1181, 0.9053 0.5551 0.2048, 0.9053 0.5472 0.1181, 0.9053 0.1532 0.2048, 0.9053 0.5472 0.0197, 0.9053 0.1532 0.0197, 0.9053 -0.5551 0.1181, 0.9053 -0.5472 0.1181, 0.9053 -0.5472 0.0197, 0.9053 0.1393 0.3025, 0.9053 0.1383 0.2978, 0.9053 0.1364 0.2937, 0.9053 0.1334 0.2902, 0.9053 0.1252 0.3249, 0.9053 0.1252 0.3236, 0.9053 0.1405 0.3249, 0.9053 0.1292 0.3221, 0.9053 0.1373 0.3144, 0.9053 0.1387 0.3106, 0.9053 0.1394 0.3051, 0.9053 0.1334 0.3193, 0.9053 0.1348 0.3179, 0.9053 0.1292 0.2872, 0.9053 0.1252 0.2856, 0.9053 0.1252 0.2725, 0.9053 0.1246 0.2854, 0.9053 0.1178 0.2845, 0.9053 0.1068 0.2845, 0.9053 0.1068 0.3246, 0.9053 0.1182 0.3246, 0.9053 0.1244 0.3239, 0.9053 0.0571 0.2214, 0.9053 0.0552 0.2207, 0.9053 0.0613 0.221, 0.9053 0.0572 0.246, 0.9053 0.0555 0.2462, 0.9053 0.0528 0.238, 0.9053 0.0584 0.2223, 0.9053 0.0415 0.2207, 0.9053 0.0442 0.2247, 0.9053 0.0436 0.2264, 0.9053 0.0452 0.2345, 0.9053 0.0467 0.2358, 0.9053 0.0461 0.2427, 0.9053 0.0487 0.237, 0.9053 0.0496 0.2449, 0.9053 0.0527 0.2459, 0.9053 0.0475 0.2214, 0.9053 0.0494 0.2207, 0.9053 0.0495 0.2207, 0.9053 0.0458 0.2226, 0.9053 0.0452 0.2232, 0.9053 0.0433 0.2287, 0.9053 0.0435 0.231, 0.9053 0.0613 0.2255, 0.9053 0.0611 0.2255, 0.9053 0.0601 0.2239, 0.9053 0.0471 0.2482, 0.9053 0.0461 0.2476, 0.9053 0.0442 0.2329, 0.9053 0.0745 0.2374, 0.9053 0.0739 0.2384, 0.9053 0.0663 0.2394, 0.9053 0.0733 0.24, 0.9053 0.0658 0.2436, 0.9053 0.0731 0.2419, 0.9053 0.0613 0.2392, 0.9053 0.0611 0.2414, 0.9053 0.0606 0.2432, 0.9053 0.06 0.2442, 0.9053 0.0614 0.2492, 0.9053 0.063 0.2482, 0.9053 0.0748 0.2467, 0.9053 0.0754 0.2365, 0.9053 0.0731 0.2272, 0.9053 0.0754 0.2365, 0.9053 0.0752 0.2259, 0.9053 0.0754 0.2258, 0.9053 0.0509 0.2497, 0.9053 0.056 0.2503, 0.9053 0.0594 0.2499, 0.9053 0.0733 0.2437, 0.9053 0.0739 0.2453, 0.9053 0.065 0.2458, 0.9053 0.0639 0.2473, 0.9053 0.0592 0.245, 0.9053 0.0584 0.2456, 0.9053 0.0524 0.2204, 0.9053 0.0415 0.2048, 0.9053 0.0551 0.2207, 0.9053 0.0754 0.2048, 0.9053 0.0731 0.222, 0.9053 0.0663 0.221, 0.9053 0.0754 0.2212, 0.9053 0.0754 0.2207, 0.9053 0.0766 0.2208, 0.9053 0.0776 0.2207, 0.9053 0.0808 0.2204, 0.9053 0.091 0.249, 0.9053 0.091 0.2441, 0.9053 0.0763 0.248, 0.9053 0.0776 0.2488, 0.9053 0.0754 0.2472, 0.9053 0.0922 0.2268, 0.9053 0.0915 0.2252, 0.9053 0.0906 0.2239, 0.9053 0.0803 0.2498, 0.9053 0.0843 0.2503, 0.9053 0.0878 0.25, 0.9053 0.0907 0.2335, 0.9053 0.0917 0.2322, 0.9053 0.0922 0.2307, 0.9053 0.0924 0.2288, 0.9053 0.0892 0.2226, 0.9053 0.088 0.2219, 0.9053 0.0838 0.2462, 0.9053 0.0823 0.2461, 0.9053 0.0783 0.2424, 0.9053 0.0809 0.2457, 0.9053 0.0798 0.2451, 0.9053 0.0783 0.2417, 0.9053 0.0785 0.2409, 0.9053 0.0789 0.2402, 0.9053 0.0794 0.2397, 0.9053 0.0812 0.2386, 0.9053 0.0868 0.2459, 0.9053 0.0843 0.2372, 0.9053 0.0897 0.2449, 0.9053 0.0862 0.2365, 0.9053 0.0895 0.2346, 0.9053 0.0791 0.2445, 0.9053 0.0786 0.2438, 0.9053 0.0784 0.2432, 0.9053 0.0784 0.2248, 0.9053 0.0807 0.2336, 0.9053 0.0777 0.235, 0.9053 0.0813 0.2245, 0.9053 0.0816 0.2245, 0.9053 0.084 0.2322, 0.9053 0.0841 0.2247, 0.9053 0.0873 0.2283, 0.9053 0.0872 0.2289, 0.9053 0.0854 0.2252, 0.9053 0.0859 0.2255, 0.9053 0.0865 0.226, 0.9053 0.0869 0.2266, 0.9053 0.0871 0.2274, 0.9053 0.087 0.2297, 0.9053 0.0866 0.2304, 0.9053 0.086 0.231, 0.9053 0.1173 0.2496, 0.9053 0.1225 0.2496, 0.9053 0.1252 0.2207, 0.9053 0.1081 0.2281, 0.9053 0.1087 0.2258, 0.9053 0.1088 0.2258, 0.9053 0.103 0.2427, 0.9053 0.1095 0.2281, 0.9053 0.1091 0.2268, 0.9053 0.103 0.2207, 0.9053 0.103 0.2292, 0.9053 0.095 0.2496, 0.9053 0.1006 0.2496, 0.9053 0.1062 0.2211, 0.9053 0.1061 0.2207, 0.9053 0.104 0.2159, 0.9053 0.0937 0.2048, 0.9053 0.096 0.208, 0.9053 0.096 0.2124, 0.9053 0.1021 0.213, 0.9053 0.103 0.2141, 0.9053 0.103 0.2141, 0.9053 0.0971 0.2121, 0.9053 0.0989 0.2119, 0.9053 0.103 0.2085, 0.9053 0.1013 0.2078, 0.9053 0.103 0.2048, 0.9053 0.0993 0.2076, 0.9053 0.0982 0.2076, 0.9053 0.1002 0.212, 0.9053 0.1013 0.2125, 0.9053 0.1095 0.2167, 0.9053 0.1072 0.2123, 0.9053 0.1252 0.2048, 0.9053 0.1111 0.2207, 0.9053 0.1054 0.2101, 0.9053 0.105 0.2098, 0.9053 0.1033 0.2086, 0.9053 0.1485 0.2611, 0.9053 0.1485 0.2565, 0.9053 0.1494 0.2256, 0.9053 0.1532 0.2207, 0.9053 0.1494 0.221, 0.9053 0.1405 0.2207, 0.9053 0.133 0.2391, 0.9053 0.133 0.2256, 0.9053 0.1405 0.2391, 0.9053 0.1405 0.2256, 0.9053 0.1473 0.2391, 0.9053 0.1473 0.2436, 0.9053 0.1405 0.2436, 0.9053 0.1405 0.2565, 0.9053 0.133 0.2436, 0.9053 0.133 0.2565, 0.9053 0.1405 0.221, 0.9053 0.1279 0.221, 0.9053 0.1894 0.239, 0.9053 0.1885 0.2343, 0.9053 0.1918 0.221, 0.9053 0.1865 0.2302, 0.9053 0.1835 0.2266, 0.9053 0.207 0.2611, 0.9053 0.2125 0.2611, 0.9053 0.1896 0.2416, 0.9053 0.1889 0.2471, 0.9053 0.1684 0.2611, 0.9053 0.1745 0.2604, 0.9053 0.1793 0.2236, 0.9053 0.1748 0.2219, 0.9053 0.168 0.221, 0.9053 0.1835 0.2558, 0.9053 0.1849 0.2544, 0.9053 0.1874 0.2509, 0.9053 0.218 0.232, 0.9053 0.2013 0.232, 0.9053 0.2221 0.221, 0.9053 0.1975 0.221, 0.9053 0.5551 0.2207, 0.9053 0.1793 0.2586, 0.9053 0.2278 0.221, 0.9053 0.157 0.221, 0.9053 0.157 0.2611, 0.9053 0.1405 0.2048, 0.9053 0.5551 0.4531, 0.9053 0.1532 0.4531, 0.9053 0.1405 0.4531, 0.9053 0.1252 0.4531, 0.9053 0.103 0.4531, 0.9053 0.0937 0.4531, 0.9053 0.0754 0.4531, 0.9053 0.0415 0.4531, 0.9053 0.0602 0.3253, 0.9053 0.0575 0.3249, 0.9053 0.1405 0.0197, 0.9053 0.1252 0.0197, 0.9053 0.103 0.0197, 0.9053 0.0937 0.0197, 0.9053 0.0754 0.0197, 0.9053 0.0415 0.0197, 0.9053 0.0391 0.0197, 0.9053 0.0391 0.2048, 0.9053 0.0391 0.2207, 0.9053 0.0385 0.2256, 0.9053 0.0385 0.221, 0.9053 0.017 0.221, 0.9053 0.0376 0.2565, 0.9053 0.017 0.2611, 0.9053 0.0376 0.2611, 0.9053 0.0222 0.2391, 0.9053 0.0222 0.2256, 0.9053 0.0365 0.2391, 0.9053 0.0365 0.2436, 0.9053 0.0222 0.2436, 0.9053 0.0222 0.2565, 0.9053 0.0222 0.3246, 0.9053 0.0222 0.2891, 0.9053 0.0381 0.2891, 0.9053 0.017 0.2845, 0.9053 0.017 0.3246, 0.9053 0.0381 0.2845, 0.9053 0.0391 0.4531, 0.9053 -0.5551 0.2048, 0.9053 -0.5551 0.2207, 0.9053 -0.5551 0.2725, 0.9053 -0.5551 0.3249, 0.9053 -0.5551 0.4531, 0.9053 0.5551 0.5709, 0.9053 0.1532 0.5709, 0.9053 0.1405 0.5709, 0.9053 0.1252 0.5709, 0.9053 0.103 0.5709, 0.9053 0.0937 0.5709, 0.9053 0.0754 0.5709, 0.9053 0.0415 0.5709, 0.9053 0.0391 0.5709, 0.9053 0.0006 0.5709, 0.9053 -0.3763 0.5709, 0.9053 -0.5551 0.5709, 0.7437 0.5472 0.0197, 0.3386 0.5472 0.0197, 0.7634 0.5472 0.0394, 0.3386 0.5472 0.1181, 0.7634 0.5472 0.1181, 0.811 -0.5472 0.1181, 0.811 -0.5472 0.0394, 0.8307 -0.5472 0.0197, -0.7441 -0.5472 0.0197, -0.339 -0.5472 0.0197, -0.7638 -0.5472 0.0394, -0.339 -0.5472 0.1181, -0.7638 -0.5472 0.1181, -0.8311 0.5472 0.0197, -0.9057 0.5472 0.0197, -0.8114 0.5472 0.0394, -0.9057 0.5472 0.1181, -0.8114 0.5472 0.1181, -0.9057 -0.5472 0.0197, -0.8311 -0.5472 0.0197, -0.9057 -0.5472 0.1181, -0.8114 -0.5472 0.0394, -0.8114 -0.5472 0.1181, -0.339 0.5472 0.0197, -0.7441 0.5472 0.0197, -0.339 0.5472 0.1181, -0.7638 0.5472 0.0394, -0.7638 0.5472 0.1181, -0.2913 -0.5472 0.0197, -0.1815 -0.5472 0.0197, -0.2913 -0.5472 0.1181, -0.1815 -0.5472 0.1181, -0.2913 0.5472 0.1181, -0.1815 0.5472 0.1181, -0.2913 0.5472 0.0197, -0.1815 0.5472 0.0197, -0.1339 -0.5472 0.0197, -0.024 -0.5472 0.0197, -0.1339 -0.5472 0.1181, -0.024 -0.5472 0.1181, -0.1339 0.5472 0.1181, -0.024 0.5472 0.1181, -0.1339 0.5472 0.0197, -0.024 0.5472 0.0197, 0.0236 -0.5472 0.0197, 0.1335 -0.5472 0.0197, 0.0236 -0.5472 0.1181, 0.1335 -0.5472 0.1181, 0.0236 0.5472 0.1181, 0.1335 0.5472 0.1181, 0.0236 0.5472 0.0197, 0.1335 0.5472 0.0197, 0.1811 -0.5472 0.0197, 0.2909 -0.5472 0.0197, 0.1811 -0.5472 0.1181, 0.2909 -0.5472 0.1181, 0.1811 0.5472 0.1181, 0.2909 0.5472 0.1181, 0.1811 0.5472 0.0197, 0.2909 0.5472 0.0197, -0.9057 0.5551 0.5709, -0.9057 0.5551 0.1181, -0.9057 -0.5551 0.5709, -0.9057 -0.5551 0.1181, 0.5904 0.5669 0.5709, 0.8935 0.5669 0.5709, 0.4919 0.5669 0.5118, 0.8935 0.5669 0.1181, -0.4923 0.5669 0.5118, -0.8939 0.5669 0.1181, -0.5907 0.5669 0.5709, -0.8939 0.5669 0.5709, 0.1811 -0.1969 0.2165, 0.1811 -0.3701 0.2165, 0.2909 -0.1969 0.2165, 0.2909 -0.3701 0.2165, 0.1811 -0.1969 0.5, 0.2909 -0.1969 0.5, 0.1811 -0.185 0.5118, 0.2909 -0.185 0.5118, 0.4329 0.1969 0.5, 0.4329 0.1969 0.2165, 0.3386 0.1969 0.5, 0.3386 0.1969 0.2165, 0.4211 0.185 0.5118, 0.3386 0.185 0.5118, 0.3386 -0.1969 0.2165, 0.3386 -0.3701 0.2165, 0.4329 -0.1969 0.2165, 0.7085 -0.3701 0.2165, 0.7085 0.3701 0.2165, 0.3386 0.3701 0.2165, 0.0236 -0.1969 0.2165, 0.0236 -0.3701 0.2165, 0.1335 -0.1969 0.2165, 0.1335 -0.3701 0.2165, 0.0236 -0.1969 0.5, 0.1335 -0.1969 0.5, 0.0236 -0.185 0.5118, 0.1335 -0.185 0.5118, 0.1811 0.1969 0.2165, 0.1811 0.1969 0.5, 0.2909 0.1969 0.2165, 0.2909 0.1969 0.5, 0.1811 0.185 0.5118, 0.2909 0.185 0.5118, 0.1811 0.3701 0.2165, 0.2909 0.3701 0.2165, -0.1339 -0.1969 0.2165, -0.1339 -0.3701 0.2165, -0.024 -0.1969 0.2165, -0.024 -0.3701 0.2165, -0.1339 -0.1969 0.5, -0.024 -0.1969 0.5, -0.1339 -0.185 0.5118, -0.024 -0.185 0.5118, 0.0236 0.1969 0.2165, 0.0236 0.1969 0.5, 0.1335 0.1969 0.2165, 0.1335 0.1969 0.5, 0.0236 0.185 0.5118, 0.1335 0.185 0.5118, 0.0236 0.3701 0.2165, 0.1335 0.3701 0.2165, -0.2913 -0.1969 0.2165, -0.2913 -0.3701 0.2165, -0.1815 -0.1969 0.2165, -0.1815 -0.3701 0.2165, -0.2913 -0.1969 0.5, -0.1815 -0.1969 0.5, -0.2913 -0.185 0.5118, -0.1815 -0.185 0.5118, -0.1339 0.1969 0.2165, -0.1339 0.1969 0.5, -0.024 0.1969 0.2165, -0.024 0.1969 0.5, -0.1339 0.185 0.5118, -0.024 0.185 0.5118, -0.1339 0.3701 0.2165, -0.024 0.3701 0.2165, -0.339 0.1969 0.2165, -0.339 0.3701 0.2165, -0.4333 0.1969 0.2165, -0.7089 0.3701 0.2165, -0.4333 -0.1969 0.2165, -0.7089 -0.3701 0.2165, -0.339 -0.1969 0.2165, -0.339 -0.3701 0.2165, -0.4333 -0.1969 0.5, -0.339 -0.1969 0.5, -0.4215 -0.185 0.5118, -0.339 -0.185 0.5118, -0.2913 0.1969 0.2165, -0.2913 0.1969 0.5, -0.1815 0.1969 0.2165, -0.1815 0.1969 0.5, -0.2913 0.185 0.5118, -0.1815 0.185 0.5118, 0.5904 0.4094 0.5709, 0.7478 0.4094 0.5709, 0.5904 -0.4094 0.5709, 0.5904 -0.5669 0.5709, 0.7478 -0.4094 0.5709, 0.8935 -0.5669 0.5709, 0.8966 -0.5665 0.5709, 0.8994 -0.5653 0.5709, 0.9019 -0.5635 0.5709, 0.9037 -0.561 0.5709, 0.905 0.5577 0.5709, 0.9041 0.5602 0.5709, 0.9027 0.5625 0.5709, 0.9009 0.5644 0.5709, 0.8986 0.5658 0.5709, 0.8961 0.5666 0.5709, 0.9049 -0.5582 0.5709, -0.5907 -0.5669 0.5709, -0.8939 -0.5669 0.5709, -0.4923 -0.5669 0.5118, -0.8939 -0.5669 0.1181, 0.4919 -0.5669 0.5118, 0.8935 -0.5669 0.1181, 0.3386 -0.1115 0.0197, 0.2909 -0.1115 0.0197, 0.7437 0.3307 0.0197, -0.8311 -0.3307 0.0197, 0.8307 0.5472 0.0197, 0.8307 0.3307 0.0197, 0.1811 -0.1115 0.0197, -0.1339 0.1115 0.0197, -0.024 0.1115 0.0197, 0.1335 -0.1115 0.0197, 0.0236 -0.1115 0.0197, 0.7437 -0.5472 0.0197, 0.3386 -0.5472 0.0197, 0.7437 -0.3307 0.0197, 0.0236 0.1115 0.0197, 0.8307 -0.3307 0.0197, -0.2913 0.1115 0.0197, -0.024 -0.1115 0.0197, -0.1339 -0.1115 0.0197, -0.1815 -0.1115 0.0197, -0.2913 -0.1115 0.0197, 0.1335 0.1115 0.0197, 0.1811 0.1115 0.0197, -0.1815 0.1115 0.0197, -0.7441 0.3307 0.0197, -0.339 0.1115 0.0197, 0.3386 0.1115 0.0197, 0.2909 0.1115 0.0197, -0.8311 0.3307 0.0197, -0.339 -0.1115 0.0197, -0.7441 -0.3307 0.0197, -0.5907 -0.4094 0.5709, -0.7482 -0.4094 0.5709, -0.897 -0.5665 0.5709, -0.8998 -0.5653 0.5709, -0.5907 0.4094 0.5709, -0.7482 0.4094 0.5709, -0.9045 0.5602 0.5709, -0.9031 0.5625 0.5709, -0.9013 0.5644 0.5709, -0.9053 -0.5582 0.5709, -0.9041 -0.561 0.5709, -0.9022 -0.5635 0.5709, -0.8965 0.5666 0.5709, -0.899 0.5658 0.5709, -0.9054 0.5577 0.5709, -0.7089 -0.3701 0.5481, -0.7089 0.3701 0.5481, -0.597 0.3701 0.5481, -0.339 0.3701 0.1181, -0.2913 0.3701 0.1181, -0.2913 0.3701 0.2165, 0.2909 0.3701 0.1181, 0.3386 0.3701 0.1181, -0.4986 0.3701 0.4891, -0.1815 0.3701 0.2165, 0.4982 0.3701 0.4891, 0.5967 0.3701 0.5481, 0.7085 0.3701 0.5481, -0.1815 0.3701 0.1181, -0.1339 0.3701 0.1181, -0.024 0.3701 0.1181, 0.0236 0.3701 0.1181, 0.1335 0.3701 0.1181, 0.1811 0.3701 0.1181, 0.7085 -0.3701 0.5481, -0.4986 -0.3701 0.4891, 0.3386 -0.3701 0.1181, 0.2909 -0.3701 0.1181, 0.4982 -0.3701 0.4891, 0.5967 -0.3701 0.5481, 0.0236 -0.3701 0.1181, -0.024 -0.3701 0.1181, -0.2913 -0.3701 0.1181, -0.339 -0.3701 0.1181, 0.1335 -0.3701 0.1181, 0.1811 -0.3701 0.1181, -0.597 -0.3701 0.5481, -0.1815 -0.3701 0.1181, -0.1339 -0.3701 0.1181, -0.4333 0.1969 0.5, -0.339 0.1969 0.5, 0.4329 -0.1969 0.5, 0.3386 -0.1969 0.5, 0.3386 -0.1772 0.5118, 0.3386 -0.185 0.5118, 0.4211 -0.185 0.5118, 0.1811 -0.1772 0.5118, 0.2909 -0.1772 0.5118, -0.339 -0.1772 0.5118, 0.3386 0.1772 0.5118, 0.1335 0.1772 0.5118, -0.024 0.1772 0.5118, -0.1339 0.1772 0.5118, -0.1815 0.1772 0.5118, -0.2913 0.1772 0.5118, -0.339 0.185 0.5118, -0.4215 0.185 0.5118, -0.339 0.1772 0.5118, -0.2913 -0.1772 0.5118, 0.0236 -0.1772 0.5118, 0.0236 0.1772 0.5118, 0.1335 -0.1772 0.5118, 0.2909 0.1772 0.5118, 0.1811 0.1772 0.5118, -0.1815 -0.1772 0.5118, -0.1339 -0.1772 0.5118, -0.024 -0.1772 0.5118, -0.4923 -0.4094 0.5118, -0.4923 -0.5276 0.5118, 0.4919 -0.5276 0.5118, 0.0785 -0.5669 0.5118, 0.0785 -0.5276 0.5118, -0.2913 -0.4882 0.5118, -0.339 -0.4882 0.5118, -0.1339 -0.4488 0.5118, 0.0785 -0.4094 0.5118, -0.1815 -0.4488 0.5118, -0.339 -0.4488 0.5118, -0.2913 -0.4488 0.5118, -0.1815 -0.4882 0.5118, -0.1339 -0.4882 0.5118, -0.024 -0.4882 0.5118, -0.024 -0.4488 0.5118, 0.0236 -0.4488 0.5118, 0.0236 -0.4882 0.5118, 0.2909 -0.4488 0.5118, 0.3386 -0.4488 0.5118, 0.4919 -0.4094 0.5118, 0.1811 -0.4882 0.5118, 0.1335 -0.4882 0.5118, 0.1335 -0.4488 0.5118, 0.1811 -0.4488 0.5118, 0.3386 -0.4882 0.5118, 0.2909 -0.4882 0.5118, 0.4919 0.4094 0.5118, 0.4919 0.4291 0.5118, -0.4923 0.4291 0.5118, -0.4923 0.4094 0.5118, 0.0785 0.4094 0.5118, 0.0785 0.4291 0.5118, 0.0785 0.5669 0.5118, -0.2913 0.4882 0.5118, -0.339 0.4882 0.5118, 0.0236 0.4488 0.5118, -0.024 0.4488 0.5118, -0.1815 0.4882 0.5118, -0.1339 0.4882 0.5118, 0.0236 0.4882 0.5118, -0.024 0.4882 0.5118, -0.1339 0.4488 0.5118, -0.339 0.4488 0.5118, -0.2913 0.4488 0.5118, -0.1815 0.4488 0.5118, 0.2909 0.4882 0.5118, 0.3386 0.4882 0.5118, 0.1811 0.4882 0.5118, 0.1335 0.4882 0.5118, 0.3386 0.4488 0.5118, 0.2909 0.4488 0.5118, 0.1335 0.4488 0.5118, 0.1811 0.4488 0.5118, -0.2913 0.4488 0.1181, -0.2913 0.4882 0.1181, -0.2913 0.1772 0.1181, -0.2913 0.1115 0.1181, -0.339 0.4488 0.1181, -0.339 0.1115 0.1181, -0.339 0.1772 0.1181, -0.339 0.4882 0.1181, -0.339 -0.4882 0.1181, -0.339 -0.1772 0.1181, -0.339 -0.1115 0.1181, -0.339 -0.4488 0.1181, -0.2913 -0.1772 0.1181, -0.2913 -0.1115 0.1181, -0.2913 -0.4882 0.1181, -0.2913 -0.4488 0.1181, -0.1339 0.4488 0.1181, -0.1339 0.4882 0.1181, -0.1339 0.1772 0.1181, -0.1339 0.1115 0.1181, -0.1815 0.4488 0.1181, -0.1815 0.1115 0.1181, -0.1815 0.1772 0.1181, -0.1815 0.4882 0.1181, -0.1815 -0.4882 0.1181, -0.1815 -0.1772 0.1181, -0.1815 -0.1115 0.1181, -0.1815 -0.4488 0.1181, -0.1339 -0.1772 0.1181, -0.1339 -0.1115 0.1181, -0.1339 -0.4882 0.1181, -0.1339 -0.4488 0.1181, 0.0236 0.4488 0.1181, 0.0236 0.4882 0.1181, 0.0236 0.1772 0.1181, 0.0236 0.1115 0.1181, -0.024 0.4488 0.1181, -0.024 0.1115 0.1181, -0.024 0.1772 0.1181, -0.024 0.4882 0.1181, -0.024 -0.4882 0.1181, -0.024 -0.1772 0.1181, -0.024 -0.1115 0.1181, -0.024 -0.4488 0.1181, 0.0236 -0.1772 0.1181, 0.0236 -0.1115 0.1181, 0.0236 -0.4882 0.1181, 0.0236 -0.4488 0.1181, 0.1811 0.4488 0.1181, 0.1811 0.4882 0.1181, 0.1811 0.1772 0.1181, 0.1811 0.1115 0.1181, 0.1335 0.4488 0.1181, 0.1335 0.1115 0.1181, 0.1335 0.1772 0.1181, 0.1335 0.4882 0.1181, 0.1335 -0.4882 0.1181, 0.1335 -0.1772 0.1181, 0.1335 -0.1115 0.1181, 0.1335 -0.4488 0.1181, 0.1811 -0.1772 0.1181, 0.1811 -0.1115 0.1181, 0.1811 -0.4882 0.1181, 0.1811 -0.4488 0.1181, 0.3386 0.4488 0.1181, 0.3386 0.4882 0.1181, 0.3386 0.1772 0.1181, 0.3386 0.1115 0.1181, 0.2909 0.4488 0.1181, 0.2909 0.1115 0.1181, 0.2909 0.1772 0.1181, 0.2909 0.4882 0.1181, 0.2909 -0.4882 0.1181, 0.2909 -0.1772 0.1181, 0.2909 -0.1115 0.1181, 0.2909 -0.4488 0.1181, 0.3386 -0.1772 0.1181, 0.3386 -0.1115 0.1181, 0.3386 -0.5472 0.1181, 0.3386 -0.4882 0.1181, 0.3386 -0.4488 0.1181, -0.9053 -0.5582 0.1181, 0.8966 -0.5665 0.1181, -0.897 -0.5665 0.1181, -0.8998 -0.5653 0.1181, -0.9022 -0.5635 0.1181, -0.9041 -0.561 0.1181, -0.8114 -0.3504 0.1181, -0.7638 -0.3504 0.1181, 0.7634 -0.5472 0.1181, 0.7634 -0.3504 0.1181, 0.811 -0.3504 0.1181, 0.9049 -0.5582 0.1181, 0.9037 -0.561 0.1181, 0.9019 -0.5635 0.1181, 0.8994 -0.5653 0.1181, 0.7634 -0.5472 0.0394, 0.811 0.5472 0.1181, 0.8961 0.5666 0.1181, 0.8986 0.5658 0.1181, 0.9009 0.5644 0.1181, 0.9027 0.5625 0.1181, 0.9041 0.5602 0.1181, 0.905 0.5577 0.1181, 0.811 0.3504 0.1181, 0.7634 0.3504 0.1181, -0.7638 0.3504 0.1181, -0.8114 0.3504 0.1181, -0.9054 0.5577 0.1181, -0.9045 0.5602 0.1181, -0.9031 0.5625 0.1181, -0.9013 0.5644 0.1181, -0.899 0.5658 0.1181, -0.8965 0.5666 0.1181, 0.811 0.5472 0.0394, -0.8114 0.3504 0.0394, -0.7638 0.3504 0.0394, -0.7638 -0.3504 0.0394, -0.8114 -0.3504 0.0394, 0.811 -0.3504 0.0394, 0.7634 -0.3504 0.0394, 0.7634 0.3504 0.0394, 0.811 0.3504 0.0394
            ]
        }
        coordIndex [
            0,1,2,-1,3,4,5,-1,6,7,8,-1,9,10,11,-1,12,13,14,-1,14,13,15,-1,14,15,16,-1,17,18,19,-1,19,18,14,-1,19,14,20,-1,20,14,21,-1,16,22,14,-1,14,22,23,-1,14,23,21,-1,24,25,26,-1,24,26,27,-1,27,26,28,-1,27,28,29,-1,29,28,30,-1,30,28,31,-1,30,31,32,-1,31,33,34,-1,31,35,32,-1,32,35,36,-1,32,36,37,-1,37,36,38,-1,37,38,39,-1,34,40,31,-1,31,40,41,-1,31,41,35,-1,42,43,44,-1,42,44,45,-1,43,46,44,-1,44,46,47,-1,44,47,48,-1,48,47,49,-1,49,50,48,-1,48,50,51,-1,48,51,31,-1,31,51,52,-1,31,52,33,-1,11,10,44,-1,44,10,53,-1,44,53,54,-1,55,45,56,-1,56,45,44,-1,56,44,57,-1,57,44,54,-1,58,59,60,-1,60,61,58,-1,58,61,62,-1,58,62,63,-1,63,62,64,-1,63,64,9,-1,65,66,59,-1,59,66,67,-1,59,67,68,-1,68,69,59,-1,59,69,70,-1,59,70,60,-1,71,72,73,-1,74,75,65,-1,76,77,78,-1,78,77,79,-1,71,73,80,-1,74,65,81,-1,82,83,77,-1,77,83,84,-1,77,84,85,-1,17,86,18,-1,18,86,87,-1,18,87,65,-1,65,87,88,-1,65,88,81,-1,72,89,73,-1,73,89,90,-1,73,90,91,-1,92,93,94,-1,94,93,95,-1,94,95,96,-1,97,85,98,-1,98,85,99,-1,98,99,94,-1,94,99,100,-1,94,100,92,-1,97,101,85,-1,85,101,102,-1,85,102,77,-1,77,102,103,-1,77,103,79,-1,104,105,106,-1,106,105,107,-1,106,107,73,-1,73,107,108,-1,73,108,80,-1,109,110,73,-1,73,110,111,-1,73,111,77,-1,77,111,112,-1,77,112,82,-1,113,114,66,-1,66,114,115,-1,66,115,116,-1,116,117,66,-1,66,117,118,-1,66,118,119,-1,119,118,104,-1,119,104,120,-1,120,104,106,-1,75,121,65,-1,65,121,122,-1,65,122,66,-1,66,122,123,-1,66,123,113,-1,91,124,73,-1,73,124,125,-1,73,125,126,-1,126,127,73,-1,73,127,128,-1,73,128,109,-1,129,130,131,-1,130,132,131,-1,131,132,133,-1,131,133,134,-1,84,131,85,-1,85,131,135,-1,85,135,136,-1,137,138,139,-1,139,138,140,-1,139,140,141,-1,137,139,84,-1,84,139,142,-1,84,142,131,-1,131,142,143,-1,131,143,129,-1,144,145,146,-1,146,145,147,-1,146,147,148,-1,134,133,149,-1,149,133,150,-1,149,150,151,-1,151,150,152,-1,151,152,153,-1,136,154,85,-1,85,154,146,-1,85,146,155,-1,155,146,148,-1,156,6,157,-1,158,156,159,-1,159,160,158,-1,158,160,161,-1,158,161,162,-1,162,161,163,-1,164,165,2,-1,6,8,157,-1,157,8,166,-1,157,166,164,-1,167,168,169,-1,170,171,172,-1,172,171,173,-1,172,173,174,-1,175,176,177,-1,177,176,178,-1,177,178,179,-1,179,178,167,-1,179,167,180,-1,181,182,183,-1,183,182,184,-1,183,184,170,-1,169,168,185,-1,185,168,186,-1,185,186,187,-1,174,173,188,-1,188,173,189,-1,188,189,190,-1,191,189,192,-1,192,189,193,-1,186,190,187,-1,187,190,189,-1,187,189,194,-1,194,189,191,-1,194,195,196,-1,196,195,197,-1,196,197,198,-1,198,199,196,-1,196,199,200,-1,196,200,201,-1,201,202,196,-1,196,202,203,-1,196,203,204,-1,194,196,187,-1,187,196,205,-1,187,205,206,-1,207,208,209,-1,209,208,210,-1,209,210,211,-1,204,212,196,-1,196,212,213,-1,196,213,214,-1,215,216,214,-1,214,216,217,-1,214,217,196,-1,218,219,220,-1,206,221,187,-1,187,221,222,-1,187,222,209,-1,209,222,223,-1,209,223,207,-1,215,224,216,-1,216,224,225,-1,216,225,220,-1,220,225,226,-1,220,226,218,-1,227,228,229,-1,229,230,227,-1,227,230,231,-1,227,231,232,-1,211,233,209,-1,209,233,234,-1,209,234,235,-1,236,237,227,-1,227,237,238,-1,227,238,228,-1,234,239,235,-1,235,239,240,-1,235,240,236,-1,236,240,241,-1,236,241,237,-1,242,243,244,-1,244,243,245,-1,244,245,246,-1,246,245,247,-1,248,249,11,-1,9,11,63,-1,63,11,249,-1,63,249,250,-1,251,252,2,-1,2,252,253,-1,2,253,254,-1,255,256,257,-1,257,256,258,-1,259,260,257,-1,257,260,261,-1,258,262,257,-1,257,262,263,-1,257,263,259,-1,163,161,165,-1,165,161,257,-1,165,257,2,-1,2,257,261,-1,2,261,251,-1,264,265,266,-1,266,265,267,-1,268,269,169,-1,169,269,171,-1,169,171,167,-1,167,171,170,-1,167,170,180,-1,180,170,184,-1,269,270,171,-1,171,270,271,-1,171,271,255,-1,255,271,272,-1,255,272,256,-1,273,274,275,-1,276,277,278,-1,273,275,279,-1,280,281,282,-1,283,284,285,-1,285,284,286,-1,285,286,287,-1,287,286,278,-1,287,278,288,-1,288,278,277,-1,289,280,290,-1,290,280,291,-1,289,292,280,-1,280,292,293,-1,280,293,281,-1,294,295,209,-1,296,297,275,-1,275,297,298,-1,275,298,279,-1,299,209,300,-1,300,209,295,-1,300,295,285,-1,285,295,301,-1,285,301,283,-1,302,303,304,-1,304,303,305,-1,304,305,306,-1,306,305,307,-1,308,309,278,-1,278,309,310,-1,278,310,311,-1,312,313,314,-1,315,316,317,-1,317,316,318,-1,317,318,319,-1,299,320,209,-1,209,320,321,-1,209,321,322,-1,307,323,306,-1,306,323,324,-1,306,324,325,-1,325,324,314,-1,325,314,326,-1,326,314,313,-1,311,327,278,-1,278,327,328,-1,278,328,276,-1,329,330,331,-1,331,330,332,-1,331,332,274,-1,315,302,316,-1,316,302,304,-1,316,304,333,-1,333,304,334,-1,333,334,335,-1,335,334,336,-1,335,336,337,-1,337,336,338,-1,339,338,332,-1,332,338,336,-1,332,336,274,-1,274,336,334,-1,274,334,275,-1,340,341,5,-1,342,343,187,-1,322,312,209,-1,209,312,314,-1,209,314,187,-1,187,314,344,-1,187,344,342,-1,345,346,5,-1,5,346,347,-1,343,348,187,-1,187,348,349,-1,187,349,185,-1,185,349,350,-1,185,350,340,-1,351,352,341,-1,341,352,353,-1,341,353,5,-1,5,353,354,-1,5,354,345,-1,347,355,5,-1,5,355,356,-1,5,356,3,-1,357,358,359,-1,359,358,360,-1,359,360,361,-1,359,362,357,-1,357,362,363,-1,357,363,364,-1,364,365,357,-1,357,365,366,-1,357,366,367,-1,367,366,368,-1,367,368,369,-1,369,368,370,-1,369,370,341,-1,341,370,371,-1,341,371,351,-1,372,373,361,-1,361,373,374,-1,361,374,359,-1,375,376,319,-1,319,376,377,-1,319,377,317,-1,375,378,376,-1,376,378,379,-1,376,379,380,-1,380,379,381,-1,380,382,383,-1,381,384,380,-1,380,384,385,-1,380,385,386,-1,386,387,380,-1,380,387,388,-1,380,388,382,-1,383,389,380,-1,380,389,390,-1,380,390,391,-1,392,393,266,-1,266,393,394,-1,395,396,397,-1,267,268,266,-1,266,268,169,-1,266,169,392,-1,392,169,398,-1,392,398,399,-1,399,398,395,-1,399,395,400,-1,400,395,397,-1,401,402,5,-1,5,402,403,-1,340,5,185,-1,185,5,403,-1,185,403,169,-1,169,403,404,-1,169,404,398,-1,405,402,406,-1,406,402,401,-1,406,401,407,-1,408,409,410,-1,411,412,401,-1,401,412,413,-1,401,413,407,-1,339,332,4,-1,4,332,408,-1,4,408,5,-1,5,408,410,-1,5,410,401,-1,401,410,414,-1,401,414,415,-1,416,417,418,-1,418,417,419,-1,418,419,408,-1,408,419,420,-1,408,420,409,-1,415,421,401,-1,401,421,422,-1,401,422,411,-1,423,424,425,-1,423,425,426,-1,424,427,425,-1,425,427,428,-1,425,428,418,-1,418,428,429,-1,418,429,416,-1,164,2,157,-1,157,2,1,-1,157,1,430,-1,430,431,157,-1,157,431,432,-1,157,432,433,-1,433,432,434,-1,433,434,435,-1,436,437,438,-1,438,437,439,-1,438,439,440,-1,440,439,432,-1,440,432,441,-1,441,432,431,-1,441,431,442,-1,442,431,443,-1,442,443,444,-1,444,443,445,-1,434,446,435,-1,435,446,447,-1,435,447,394,-1,394,447,0,-1,394,0,266,-1,266,0,2,-1,266,2,264,-1,264,2,254,-1,448,449,450,-1,450,449,451,-1,450,451,452,-1,157,453,454,-1,448,450,455,-1,455,450,453,-1,455,453,456,-1,457,458,157,-1,452,459,450,-1,450,459,460,-1,450,460,461,-1,462,463,453,-1,453,463,464,-1,453,464,456,-1,465,466,467,-1,467,466,468,-1,467,468,469,-1,157,458,453,-1,453,458,470,-1,453,470,462,-1,156,157,159,-1,159,157,454,-1,159,454,469,-1,469,454,471,-1,469,471,467,-1,468,450,469,-1,469,450,461,-1,469,461,433,-1,433,461,472,-1,433,472,157,-1,157,472,473,-1,157,473,457,-1,243,469,245,-1,245,469,433,-1,245,433,474,-1,474,433,435,-1,474,435,425,-1,425,435,394,-1,425,394,426,-1,426,394,393,-1,160,475,161,-1,161,475,476,-1,161,476,257,-1,257,476,477,-1,257,477,255,-1,255,477,478,-1,255,478,171,-1,171,478,479,-1,171,479,173,-1,173,479,480,-1,173,480,189,-1,189,480,481,-1,189,481,193,-1,193,481,482,-1,193,482,483,-1,483,482,484,-1,247,245,485,-1,485,245,474,-1,485,474,486,-1,486,474,425,-1,486,425,487,-1,487,425,418,-1,487,418,488,-1,488,418,408,-1,488,408,489,-1,489,408,332,-1,489,332,490,-1,490,332,330,-1,490,330,491,-1,491,330,492,-1,491,492,58,-1,329,291,330,-1,330,291,280,-1,330,280,492,-1,492,280,493,-1,494,495,493,-1,493,495,496,-1,282,294,280,-1,280,294,209,-1,280,209,493,-1,493,209,235,-1,493,235,494,-1,494,235,497,-1,58,492,59,-1,59,492,493,-1,59,493,65,-1,65,493,496,-1,65,496,18,-1,18,496,498,-1,18,498,235,-1,235,498,499,-1,235,499,497,-1,500,501,502,-1,502,501,494,-1,502,494,503,-1,503,494,497,-1,503,497,504,-1,504,497,505,-1,506,507,508,-1,509,510,14,-1,14,510,506,-1,14,506,236,-1,236,506,508,-1,236,508,235,-1,235,508,511,-1,235,511,18,-1,18,511,509,-1,18,509,14,-1,232,484,227,-1,227,484,482,-1,227,482,236,-1,236,482,512,-1,236,512,14,-1,14,512,26,-1,14,26,12,-1,12,26,25,-1,248,11,513,-1,513,11,44,-1,513,44,514,-1,514,44,48,-1,514,48,515,-1,515,48,31,-1,515,31,516,-1,516,31,28,-1,516,28,517,-1,475,518,476,-1,476,518,519,-1,476,519,477,-1,477,519,520,-1,477,520,478,-1,478,520,521,-1,478,521,479,-1,479,521,522,-1,479,522,480,-1,480,522,523,-1,480,523,481,-1,481,523,524,-1,481,524,482,-1,482,524,525,-1,482,525,512,-1,512,525,526,-1,512,526,26,-1,26,526,527,-1,26,527,28,-1,28,527,528,-1,28,528,517,-1,517,528,529,-1,530,531,532,-1,532,531,533,-1,532,533,534,-1,535,536,249,-1,249,536,537,-1,249,537,250,-1,538,539,540,-1,540,539,541,-1,540,541,542,-1,543,544,545,-1,545,544,546,-1,545,546,547,-1,548,549,550,-1,550,549,551,-1,550,551,552,-1,553,554,555,-1,555,554,556,-1,555,556,557,-1,558,559,560,-1,560,559,561,-1,562,563,564,-1,564,563,565,-1,566,567,568,-1,568,567,569,-1,570,571,572,-1,572,571,573,-1,574,575,576,-1,576,575,577,-1,578,579,580,-1,580,579,581,-1,582,583,584,-1,584,583,585,-1,586,587,588,-1,588,587,589,-1,590,591,592,-1,592,591,546,-1,593,592,550,-1,550,592,546,-1,550,546,548,-1,548,546,544,-1,594,595,596,-1,596,595,597,-1,596,597,598,-1,598,597,599,-1,598,599,600,-1,600,599,601,-1,602,603,604,-1,604,603,605,-1,606,602,607,-1,607,602,604,-1,608,606,609,-1,609,606,607,-1,610,611,612,-1,612,611,613,-1,614,610,615,-1,615,610,612,-1,616,617,618,-1,618,617,619,-1,618,619,611,-1,611,619,620,-1,611,620,613,-1,613,620,621,-1,622,623,624,-1,624,623,625,-1,626,622,627,-1,627,622,624,-1,628,626,629,-1,629,626,627,-1,630,631,632,-1,632,631,633,-1,631,634,633,-1,633,634,635,-1,636,630,637,-1,637,630,632,-1,638,639,640,-1,640,639,641,-1,642,638,643,-1,643,638,640,-1,644,642,645,-1,645,642,643,-1,646,647,648,-1,648,647,649,-1,647,650,649,-1,649,650,651,-1,652,646,653,-1,653,646,648,-1,654,655,656,-1,656,655,657,-1,658,654,659,-1,659,654,656,-1,660,658,661,-1,661,658,659,-1,662,663,664,-1,664,663,665,-1,663,666,665,-1,665,666,667,-1,668,662,669,-1,669,662,664,-1,670,671,672,-1,672,671,673,-1,672,673,674,-1,674,673,675,-1,674,675,676,-1,676,675,677,-1,678,674,679,-1,679,674,676,-1,680,678,681,-1,681,678,679,-1,682,683,684,-1,684,683,685,-1,683,686,685,-1,685,686,687,-1,594,688,595,-1,595,688,689,-1,690,691,692,-1,692,691,693,-1,692,693,694,-1,694,695,692,-1,692,695,696,-1,692,696,697,-1,698,699,689,-1,689,699,700,-1,689,700,701,-1,701,702,689,-1,689,702,703,-1,689,703,595,-1,697,704,692,-1,692,704,529,-1,692,529,689,-1,689,529,518,-1,689,518,698,-1,705,706,707,-1,707,706,708,-1,707,708,709,-1,709,708,710,-1,709,710,691,-1,691,710,693,-1,711,712,713,-1,714,549,548,-1,715,246,716,-1,716,246,250,-1,583,582,712,-1,712,582,717,-1,712,717,713,-1,713,717,530,-1,572,573,718,-1,718,573,719,-1,575,574,720,-1,720,574,721,-1,722,723,724,-1,724,723,711,-1,725,580,581,-1,711,713,724,-1,724,713,716,-1,724,716,726,-1,726,716,250,-1,726,250,537,-1,727,564,565,-1,567,566,728,-1,728,566,729,-1,559,558,730,-1,730,558,731,-1,717,732,733,-1,728,734,721,-1,721,734,718,-1,721,718,720,-1,720,718,719,-1,720,719,717,-1,717,719,725,-1,717,725,732,-1,732,725,581,-1,554,553,735,-1,735,553,736,-1,531,530,737,-1,737,530,717,-1,737,717,738,-1,738,717,733,-1,738,733,589,-1,589,733,588,-1,565,734,727,-1,727,734,728,-1,727,728,736,-1,736,728,729,-1,736,729,735,-1,735,729,730,-1,735,730,739,-1,739,730,731,-1,739,731,740,-1,544,543,739,-1,539,538,740,-1,740,538,741,-1,740,741,739,-1,739,741,714,-1,739,714,544,-1,544,714,548,-1,705,742,706,-1,706,742,743,-1,706,743,744,-1,744,743,745,-1,746,600,747,-1,747,600,601,-1,748,747,749,-1,749,747,750,-1,751,752,743,-1,743,752,753,-1,743,753,745,-1,601,754,747,-1,747,754,755,-1,747,755,750,-1,748,756,747,-1,747,756,590,-1,747,590,743,-1,743,590,592,-1,743,592,751,-1,757,675,758,-1,758,675,673,-1,759,758,673,-1,760,761,671,-1,671,761,762,-1,637,763,764,-1,673,671,759,-1,759,671,762,-1,759,762,765,-1,765,762,766,-1,765,621,767,-1,767,621,620,-1,767,620,768,-1,768,620,769,-1,770,771,766,-1,766,771,668,-1,766,668,765,-1,765,668,669,-1,772,773,669,-1,669,773,652,-1,669,652,765,-1,765,652,653,-1,774,775,653,-1,653,775,636,-1,653,636,765,-1,765,636,637,-1,765,637,621,-1,621,637,764,-1,769,620,776,-1,776,620,619,-1,641,639,777,-1,605,603,777,-1,617,778,779,-1,779,605,617,-1,617,605,777,-1,617,777,619,-1,619,777,780,-1,619,780,776,-1,776,780,781,-1,623,782,783,-1,784,785,655,-1,655,785,677,-1,783,641,623,-1,623,641,777,-1,623,777,625,-1,625,777,603,-1,625,603,786,-1,786,603,787,-1,675,757,677,-1,677,757,788,-1,677,788,655,-1,655,788,777,-1,655,777,657,-1,657,777,639,-1,657,639,789,-1,789,639,790,-1,762,682,766,-1,766,682,684,-1,791,672,678,-1,678,672,674,-1,672,791,670,-1,670,791,792,-1,793,618,610,-1,610,618,611,-1,618,793,616,-1,616,793,794,-1,795,796,797,-1,608,609,798,-1,798,609,799,-1,680,681,800,-1,614,615,801,-1,802,651,650,-1,667,666,803,-1,803,666,804,-1,687,686,805,-1,805,686,806,-1,807,808,809,-1,809,808,680,-1,810,804,800,-1,800,804,805,-1,800,805,680,-1,680,805,806,-1,680,806,809,-1,811,628,629,-1,812,803,799,-1,799,803,804,-1,799,804,798,-1,798,804,813,-1,797,614,795,-1,795,614,801,-1,795,801,799,-1,799,801,814,-1,635,634,814,-1,814,634,815,-1,814,815,799,-1,799,815,802,-1,799,802,812,-1,812,802,650,-1,660,661,810,-1,810,661,816,-1,810,816,804,-1,804,816,817,-1,644,645,817,-1,817,645,818,-1,817,818,804,-1,804,818,811,-1,804,811,813,-1,813,811,629,-1,819,742,820,-1,820,742,705,-1,820,705,707,-1,709,821,822,-1,822,821,823,-1,822,823,707,-1,707,823,820,-1,823,824,820,-1,820,824,825,-1,820,825,819,-1,826,827,828,-1,828,827,819,-1,825,829,819,-1,819,829,830,-1,819,830,828,-1,828,830,831,-1,830,824,831,-1,831,824,823,-1,831,823,832,-1,832,823,833,-1,832,833,826,-1,826,833,834,-1,826,834,827,-1,827,834,835,-1,827,835,823,-1,823,835,836,-1,823,836,833,-1,837,838,839,-1,839,838,821,-1,821,840,823,-1,823,840,841,-1,823,841,827,-1,827,841,842,-1,827,842,843,-1,838,844,821,-1,821,844,845,-1,821,845,840,-1,840,845,837,-1,840,837,843,-1,843,837,839,-1,843,839,827,-1,709,691,821,-1,821,691,690,-1,821,690,839,-1,846,688,847,-1,847,688,594,-1,847,594,596,-1,598,600,848,-1,848,600,746,-1,848,746,849,-1,849,850,851,-1,852,598,853,-1,853,598,854,-1,855,856,851,-1,851,856,848,-1,851,848,849,-1,857,858,852,-1,855,851,859,-1,859,851,852,-1,859,852,860,-1,860,852,858,-1,860,858,861,-1,854,598,862,-1,862,598,848,-1,862,848,863,-1,852,853,857,-1,857,853,863,-1,857,863,864,-1,864,863,848,-1,864,848,861,-1,861,848,856,-1,861,856,860,-1,865,866,596,-1,596,852,867,-1,867,852,868,-1,596,866,847,-1,847,866,869,-1,847,869,870,-1,868,852,871,-1,871,852,851,-1,871,851,872,-1,596,867,865,-1,865,867,872,-1,865,872,870,-1,870,872,851,-1,870,851,847,-1,847,851,850,-1,847,850,846,-1,846,767,688,-1,688,767,768,-1,849,765,850,-1,850,765,767,-1,850,767,846,-1,769,689,768,-1,768,689,688,-1,746,759,849,-1,849,759,765,-1,776,692,769,-1,769,692,689,-1,747,758,746,-1,746,758,759,-1,781,690,776,-1,776,690,692,-1,743,757,747,-1,747,757,758,-1,780,839,781,-1,781,839,690,-1,742,788,743,-1,743,788,757,-1,839,780,827,-1,827,780,777,-1,827,777,819,-1,819,777,742,-1,742,777,788,-1,793,797,794,-1,794,797,796,-1,610,614,793,-1,793,614,797,-1,808,791,680,-1,680,791,678,-1,791,808,792,-1,792,808,807,-1,873,863,853,-1,562,564,874,-1,874,564,727,-1,686,683,806,-1,806,683,682,-1,806,682,875,-1,727,876,875,-1,682,762,875,-1,875,762,761,-1,875,761,727,-1,727,761,873,-1,727,873,874,-1,874,873,853,-1,877,862,873,-1,873,862,863,-1,670,792,807,-1,878,736,879,-1,879,736,553,-1,553,555,880,-1,854,862,880,-1,880,862,877,-1,880,877,553,-1,553,877,760,-1,553,760,879,-1,760,671,879,-1,879,671,670,-1,879,670,809,-1,809,670,807,-1,874,853,880,-1,880,853,854,-1,879,809,875,-1,875,809,806,-1,881,541,539,-1,539,740,882,-1,882,740,883,-1,884,829,825,-1,681,679,800,-1,800,679,676,-1,800,676,882,-1,825,881,884,-1,884,881,539,-1,884,539,785,-1,785,539,882,-1,785,882,677,-1,677,882,676,-1,885,810,882,-1,882,810,800,-1,654,658,660,-1,886,731,885,-1,885,731,558,-1,558,560,887,-1,824,830,887,-1,887,830,888,-1,887,888,558,-1,558,888,784,-1,558,784,885,-1,784,655,885,-1,885,655,654,-1,885,654,810,-1,810,654,660,-1,888,830,884,-1,884,830,829,-1,881,825,887,-1,887,825,824,-1,889,861,858,-1,570,572,890,-1,890,572,718,-1,666,663,804,-1,804,663,662,-1,804,662,891,-1,718,892,891,-1,662,668,891,-1,891,668,771,-1,891,771,718,-1,718,771,889,-1,718,889,890,-1,890,889,858,-1,893,864,889,-1,889,864,861,-1,684,685,687,-1,894,734,895,-1,895,734,565,-1,565,563,896,-1,857,864,896,-1,896,864,893,-1,896,893,565,-1,565,893,770,-1,565,770,895,-1,770,766,895,-1,895,766,684,-1,895,684,805,-1,805,684,687,-1,890,858,896,-1,896,858,857,-1,895,805,891,-1,891,805,804,-1,897,561,559,-1,559,730,898,-1,898,730,899,-1,900,828,831,-1,661,659,816,-1,816,659,656,-1,816,656,898,-1,831,897,900,-1,900,897,559,-1,900,559,789,-1,789,559,898,-1,789,898,657,-1,657,898,656,-1,901,817,898,-1,898,817,816,-1,638,642,644,-1,902,729,901,-1,901,729,566,-1,566,568,903,-1,832,826,903,-1,903,826,904,-1,903,904,566,-1,566,904,790,-1,566,790,901,-1,790,639,901,-1,901,639,638,-1,901,638,817,-1,817,638,644,-1,904,826,900,-1,900,826,828,-1,897,831,903,-1,903,831,832,-1,905,855,859,-1,578,580,906,-1,906,580,725,-1,650,647,812,-1,812,647,646,-1,812,646,907,-1,725,908,907,-1,646,652,907,-1,907,652,773,-1,907,773,725,-1,725,773,905,-1,725,905,906,-1,906,905,859,-1,909,856,905,-1,905,856,855,-1,664,665,667,-1,910,719,911,-1,911,719,573,-1,573,571,912,-1,860,856,912,-1,912,856,909,-1,912,909,573,-1,573,909,772,-1,573,772,911,-1,772,669,911,-1,911,669,664,-1,911,664,803,-1,803,664,667,-1,906,859,912,-1,912,859,860,-1,911,803,907,-1,907,803,812,-1,913,569,567,-1,567,728,914,-1,914,728,915,-1,916,834,833,-1,645,643,818,-1,818,643,640,-1,818,640,914,-1,833,913,916,-1,916,913,567,-1,916,567,783,-1,783,567,914,-1,783,914,641,-1,641,914,640,-1,917,811,914,-1,914,811,818,-1,622,626,628,-1,918,721,917,-1,917,721,574,-1,574,576,919,-1,836,835,919,-1,919,835,920,-1,919,920,574,-1,574,920,782,-1,574,782,917,-1,782,623,917,-1,917,623,622,-1,917,622,811,-1,811,622,628,-1,920,835,916,-1,916,835,834,-1,913,833,919,-1,919,833,836,-1,921,872,867,-1,586,588,922,-1,922,588,733,-1,634,631,815,-1,815,631,630,-1,815,630,923,-1,733,924,923,-1,630,636,923,-1,923,636,775,-1,923,775,733,-1,733,775,921,-1,733,921,922,-1,922,921,867,-1,925,871,921,-1,921,871,872,-1,648,649,651,-1,926,732,927,-1,927,732,581,-1,581,579,928,-1,868,871,928,-1,928,871,925,-1,928,925,581,-1,581,925,774,-1,581,774,927,-1,774,653,927,-1,927,653,648,-1,927,648,802,-1,802,648,651,-1,922,867,928,-1,928,867,868,-1,927,802,923,-1,923,802,815,-1,929,577,575,-1,575,720,930,-1,930,720,931,-1,932,842,841,-1,629,627,813,-1,813,627,624,-1,813,624,930,-1,841,929,932,-1,932,929,575,-1,932,575,786,-1,786,575,930,-1,786,930,625,-1,625,930,624,-1,933,798,930,-1,930,798,813,-1,602,606,608,-1,934,717,933,-1,933,717,582,-1,582,584,935,-1,840,843,935,-1,935,843,936,-1,935,936,582,-1,582,936,787,-1,582,787,933,-1,787,603,933,-1,933,603,602,-1,933,602,798,-1,798,602,608,-1,936,843,932,-1,932,843,842,-1,929,841,935,-1,935,841,840,-1,937,869,866,-1,533,531,938,-1,938,531,737,-1,615,612,801,-1,801,612,613,-1,801,613,939,-1,737,940,939,-1,613,621,939,-1,939,621,764,-1,939,764,737,-1,737,764,937,-1,737,937,938,-1,938,937,866,-1,941,870,937,-1,937,870,869,-1,632,633,635,-1,942,738,943,-1,943,738,589,-1,589,587,944,-1,865,870,944,-1,944,870,941,-1,944,941,589,-1,589,941,763,-1,589,763,943,-1,763,637,943,-1,943,637,632,-1,943,632,814,-1,814,632,635,-1,938,866,944,-1,944,866,865,-1,943,814,939,-1,939,814,801,-1,945,585,583,-1,583,712,946,-1,946,712,947,-1,948,837,845,-1,609,607,799,-1,799,607,604,-1,799,604,946,-1,845,945,948,-1,948,945,583,-1,948,583,779,-1,779,583,946,-1,779,946,605,-1,605,946,604,-1,949,795,946,-1,946,795,799,-1,616,794,796,-1,950,711,949,-1,949,711,723,-1,723,951,952,-1,844,838,952,-1,952,838,953,-1,952,953,723,-1,723,953,778,-1,723,778,949,-1,778,617,949,-1,949,617,616,-1,949,616,795,-1,795,616,796,-1,953,838,948,-1,948,838,837,-1,945,845,952,-1,952,845,844,-1,593,550,552,-1,593,552,954,-1,541,881,887,-1,560,561,710,-1,569,913,919,-1,955,710,535,-1,710,708,552,-1,552,708,956,-1,552,956,957,-1,957,958,552,-1,552,958,959,-1,552,959,954,-1,960,961,552,-1,552,961,542,-1,552,542,710,-1,710,542,541,-1,710,541,560,-1,560,541,887,-1,576,577,710,-1,585,710,584,-1,584,710,577,-1,584,577,935,-1,935,577,929,-1,962,963,964,-1,897,903,561,-1,561,903,568,-1,561,568,710,-1,710,568,569,-1,710,569,576,-1,576,569,919,-1,964,535,962,-1,962,535,710,-1,962,710,951,-1,951,710,585,-1,951,585,952,-1,952,585,945,-1,249,248,535,-1,535,248,965,-1,535,965,966,-1,966,967,535,-1,535,967,968,-1,535,968,955,-1,969,962,722,-1,722,962,951,-1,722,951,723,-1,533,938,944,-1,599,597,970,-1,970,597,971,-1,970,971,972,-1,972,973,970,-1,970,973,974,-1,970,974,975,-1,975,976,970,-1,970,976,242,-1,970,242,244,-1,587,586,599,-1,578,906,912,-1,977,978,970,-1,970,978,534,-1,970,534,599,-1,599,534,533,-1,599,533,587,-1,587,533,944,-1,571,570,599,-1,912,571,578,-1,578,571,599,-1,578,599,579,-1,579,599,586,-1,579,586,928,-1,928,586,922,-1,562,874,880,-1,880,555,562,-1,562,555,599,-1,562,599,563,-1,563,599,570,-1,563,570,896,-1,896,570,890,-1,979,980,557,-1,557,980,547,-1,546,591,547,-1,547,591,981,-1,547,981,982,-1,982,983,547,-1,547,983,984,-1,547,984,985,-1,555,557,599,-1,599,557,547,-1,599,547,986,-1,986,547,985,-1,246,715,244,-1,244,715,987,-1,244,987,970,-1,942,943,940,-1,940,943,939,-1,738,942,737,-1,737,942,940,-1,937,764,941,-1,941,764,763,-1,948,779,953,-1,953,779,778,-1,950,949,947,-1,947,949,946,-1,711,950,712,-1,712,950,947,-1,926,927,924,-1,924,927,923,-1,732,926,733,-1,733,926,924,-1,921,775,925,-1,925,775,774,-1,932,786,936,-1,936,786,787,-1,934,933,931,-1,931,933,930,-1,717,934,720,-1,720,934,931,-1,910,911,908,-1,908,911,907,-1,719,910,725,-1,725,910,908,-1,905,773,909,-1,909,773,772,-1,916,783,920,-1,920,783,782,-1,918,917,915,-1,915,917,914,-1,721,918,728,-1,728,918,915,-1,894,895,892,-1,892,895,891,-1,734,894,718,-1,718,894,892,-1,889,771,893,-1,893,771,770,-1,900,789,904,-1,904,789,790,-1,902,901,899,-1,899,901,898,-1,729,902,730,-1,730,902,899,-1,878,879,876,-1,876,879,875,-1,736,878,727,-1,727,878,876,-1,873,761,877,-1,877,761,760,-1,884,785,888,-1,888,785,784,-1,886,885,883,-1,883,885,882,-1,731,886,740,-1,740,886,883,-1,545,547,988,-1,988,547,980,-1,989,979,556,-1,556,979,557,-1,988,980,989,-1,989,980,979,-1,540,542,990,-1,990,542,961,-1,991,960,551,-1,551,960,552,-1,990,961,991,-1,991,961,960,-1,536,535,992,-1,992,535,964,-1,993,963,969,-1,969,963,962,-1,992,964,993,-1,993,964,963,-1,532,534,994,-1,994,534,978,-1,995,977,987,-1,987,977,970,-1,994,978,995,-1,995,978,977,-1,716,995,715,-1,715,995,987,-1,713,994,716,-1,716,994,995,-1,530,532,713,-1,713,532,994,-1,724,993,722,-1,722,993,969,-1,726,992,724,-1,724,992,993,-1,537,536,726,-1,726,536,992,-1,990,741,540,-1,540,741,538,-1,991,714,990,-1,990,714,741,-1,714,991,549,-1,549,991,551,-1,735,989,554,-1,554,989,556,-1,739,988,735,-1,735,988,989,-1,543,545,739,-1,739,545,988,-1,597,595,703,-1,597,703,971,-1,971,703,702,-1,971,702,972,-1,972,702,701,-1,972,701,973,-1,973,701,700,-1,973,700,974,-1,974,700,699,-1,974,699,975,-1,975,699,698,-1,975,698,976,-1,976,698,518,-1,976,518,242,-1,248,529,704,-1,248,704,965,-1,965,704,697,-1,965,697,966,-1,966,697,696,-1,966,696,967,-1,967,696,695,-1,967,695,968,-1,968,695,694,-1,968,694,955,-1,955,694,693,-1,955,693,710,-1,708,706,744,-1,708,744,956,-1,956,744,745,-1,956,745,957,-1,957,745,753,-1,957,753,958,-1,958,753,752,-1,958,752,959,-1,959,752,751,-1,959,751,954,-1,954,751,592,-1,954,592,593,-1,591,590,756,-1,591,756,981,-1,981,756,748,-1,981,748,982,-1,982,748,749,-1,982,749,983,-1,983,749,750,-1,983,750,984,-1,984,750,755,-1,984,755,985,-1,985,755,754,-1,985,754,986,-1,986,754,601,-1,986,601,599,-1,
        ]
    }
}
Shape{
    appearance Appearance {
        material  Material 	{
            diffuseColor 1.0 1.0 1.0
            specularColor 0.5019607843137255 0.5019607843137255 0.5019607843137255
            ambientIntensity 1.0
            transparency 0.0
            shininess 0.5
        }
    }
    geometry IndexedFaceSet {
        ccw TRUE
        solid FALSE
        coord DEF co Coordinate {
            point [
                0.9057 0.0381 0.2891, 0.9057 0.0381 0.2845, 0.9053 0.0381 0.2891, 0.9053 0.0381 0.2845, 0.9057 0.0222 0.2891, 0.9053 0.0222 0.2891, 0.9057 0.0222 0.3246, 0.9053 0.0222 0.3246, 0.9057 0.017 0.3246, 0.9053 0.017 0.3246, 0.9057 0.017 0.2845, 0.9053 0.017 0.2845, 0.9057 0.0586 0.2839, 0.9053 0.0586 0.2839, 0.9053 0.0647 0.2845, 0.9057 0.0647 0.2845, 0.9053 0.069 0.2859, 0.9057 0.069 0.2859, 0.9053 0.0697 0.2862, 0.9057 0.0697 0.2862, 0.9057 0.0697 0.2912, 0.9053 0.0697 0.2912, 0.9053 0.0658 0.2894, 0.9057 0.0658 0.2894, 0.9053 0.0612 0.2885, 0.9057 0.0612 0.2885, 0.9053 0.0594 0.2885, 0.9057 0.0594 0.2885, 0.9053 0.0554 0.289, 0.9057 0.0554 0.289, 0.9053 0.0525 0.2901, 0.9057 0.0525 0.2901, 0.9053 0.0499 0.2919, 0.9057 0.0499 0.2919, 0.9053 0.0491 0.2927, 0.9057 0.0491 0.2927, 0.9053 0.0473 0.2951, 0.9057 0.0473 0.2951, 0.9053 0.046 0.2982, 0.9057 0.046 0.2982, 0.9053 0.0452 0.3021, 0.9057 0.0452 0.3021, 0.9053 0.0452 0.3041, 0.9057 0.0452 0.3041, 0.9053 0.0458 0.3096, 0.9057 0.0458 0.3096, 0.9053 0.0472 0.3131, 0.9057 0.0472 0.3131, 0.9053 0.0491 0.3159, 0.9057 0.0491 0.3159, 0.9053 0.0494 0.3161, 0.9057 0.0494 0.3161, 0.9053 0.0517 0.3181, 0.9057 0.0517 0.3181, 0.9053 0.0548 0.3197, 0.9057 0.0548 0.3197, 0.9053 0.0582 0.3205, 0.9057 0.0582 0.3205, 0.9053 0.0603 0.3206, 0.9057 0.0603 0.3206, 0.9053 0.0652 0.32, 0.9057 0.0652 0.32, 0.9053 0.0693 0.3185, 0.9057 0.0693 0.3185, 0.9053 0.0697 0.3182, 0.9057 0.0697 0.3182, 0.9057 0.0697 0.3236, 0.9053 0.0697 0.3236, 0.9053 0.0602 0.3253, 0.9057 0.0602 0.3253, 0.9053 0.0645 0.3249, 0.9057 0.0655 0.3248, 0.9053 0.0655 0.3248, 0.9053 0.0575 0.3249, 0.9057 0.0544 0.3245, 0.9053 0.0544 0.3245, 0.9053 0.0502 0.3229, 0.9057 0.0502 0.3229, 0.9053 0.0465 0.3203, 0.9057 0.0465 0.3203, 0.9053 0.0455 0.3194, 0.9057 0.0455 0.3194, 0.9053 0.0426 0.3156, 0.9057 0.0426 0.3156, 0.9053 0.0415 0.313, 0.9057 0.0407 0.3111, 0.9053 0.0407 0.3111, 0.9053 0.0398 0.3059, 0.9057 0.0398 0.3059, 0.9053 0.0397 0.3038, 0.9057 0.0397 0.3038, 0.9053 0.0405 0.2973, 0.9057 0.0405 0.2973, 0.9053 0.0415 0.2947, 0.9057 0.0422 0.2931, 0.9053 0.0422 0.2931, 0.9053 0.0446 0.2897, 0.9057 0.0446 0.2897, 0.9053 0.0449 0.2893, 0.9057 0.0449 0.2893, 0.9053 0.0481 0.2867, 0.9057 0.0481 0.2867, 0.9053 0.0519 0.2849, 0.9057 0.0519 0.2849, 0.9053 0.0562 0.284, 0.9057 0.0562 0.284, 0.9057 0.0993 0.2891, 0.9057 0.0993 0.2845, 0.9053 0.0993 0.2891, 0.9053 0.0993 0.2845, 0.9053 0.0829 0.2891, 0.9057 0.0829 0.2891, 0.9053 0.0937 0.2891, 0.9057 0.0829 0.3026, 0.9053 0.0829 0.3026, 0.9053 0.0972 0.3026, 0.9057 0.0972 0.3026, 0.9053 0.0937 0.3026, 0.9057 0.0972 0.3072, 0.9053 0.0972 0.3072, 0.9053 0.0829 0.3072, 0.9057 0.0829 0.3072, 0.9053 0.0937 0.3072, 0.9057 0.0829 0.32, 0.9053 0.0829 0.32, 0.9053 0.0983 0.32, 0.9057 0.0983 0.32, 0.9053 0.0937 0.32, 0.9057 0.0983 0.3246, 0.9053 0.0983 0.3246, 0.9053 0.0777 0.3246, 0.9057 0.0777 0.3246, 0.9053 0.0937 0.3246, 0.9057 0.0777 0.2845, 0.9053 0.0777 0.2845, 0.9053 0.0937 0.2845, 0.9057 0.1334 0.2902, 0.9057 0.1292 0.2929, 0.9057 0.1292 0.2872, 0.9057 0.1267 0.2911, 0.9057 0.1246 0.2854, 0.9057 0.1234 0.2898, 0.9057 0.1178 0.2845, 0.9057 0.1178 0.2891, 0.9057 0.1068 0.2845, 0.9057 0.112 0.2891, 0.9057 0.1068 0.3246, 0.9057 0.112 0.32, 0.9057 0.1182 0.3246, 0.9057 0.118 0.32, 0.9057 0.1195 0.3199, 0.9057 0.1244 0.3239, 0.9057 0.1237 0.3193, 0.9057 0.1292 0.3221, 0.9057 0.1271 0.3179, 0.9057 0.1334 0.3193, 0.9057 0.1296 0.3162, 0.9057 0.1348 0.3179, 0.9057 0.1307 0.3151, 0.9057 0.1373 0.3144, 0.9057 0.1323 0.3129, 0.9057 0.1387 0.3106, 0.9057 0.1334 0.31, 0.9057 0.1394 0.3051, 0.9057 0.134 0.3049, 0.9057 0.1393 0.3025, 0.9057 0.1338 0.302, 0.9057 0.1383 0.2978, 0.9057 0.133 0.2984, 0.9057 0.1364 0.2937, 0.9057 0.1315 0.2955, 0.9057 0.1297 0.2933, 0.9053 0.1178 0.2845, 0.9053 0.1068 0.2845, 0.9053 0.1334 0.2902, 0.9053 0.1246 0.2854, 0.9053 0.1252 0.2856, 0.9053 0.1292 0.2872, 0.9053 0.1364 0.2937, 0.9053 0.1383 0.2978, 0.9053 0.1393 0.3025, 0.9053 0.1394 0.3051, 0.9053 0.1387 0.3106, 0.9053 0.1373 0.3144, 0.9053 0.1348 0.3179, 0.9053 0.1334 0.3193, 0.9053 0.1292 0.3221, 0.9053 0.1252 0.3236, 0.9053 0.1244 0.3239, 0.9053 0.1182 0.3246, 0.9053 0.1068 0.3246, 0.9053 0.118 0.32, 0.9053 0.112 0.32, 0.9053 0.112 0.2891, 0.9053 0.1178 0.2891, 0.9053 0.1297 0.2933, 0.9053 0.1292 0.2929, 0.9053 0.1267 0.2911, 0.9053 0.1234 0.2898, 0.9053 0.134 0.3049, 0.9053 0.1338 0.302, 0.9053 0.133 0.2984, 0.9053 0.1315 0.2955, 0.9053 0.1296 0.3162, 0.9053 0.1307 0.3151, 0.9053 0.1323 0.3129, 0.9053 0.1334 0.31, 0.9053 0.1195 0.3199, 0.9053 0.1237 0.3193, 0.9053 0.1271 0.3179
            ]
        }
        coordIndex [
            0,1,2,-1,2,1,3,-1,4,0,5,-1,5,0,2,-1,6,4,7,-1,7,4,5,-1,8,6,9,-1,9,6,7,-1,10,8,11,-1,11,8,9,-1,1,10,3,-1,3,10,11,-1,6,8,4,-1,4,8,10,-1,4,10,0,-1,0,10,1,-1,12,13,14,-1,12,14,15,-1,15,14,16,-1,15,16,17,-1,17,16,18,-1,17,18,19,-1,20,19,21,-1,21,19,18,-1,20,21,22,-1,20,22,23,-1,23,22,24,-1,23,24,25,-1,25,24,26,-1,25,26,27,-1,27,26,28,-1,27,28,29,-1,29,28,30,-1,29,30,31,-1,31,30,32,-1,31,32,33,-1,33,32,34,-1,33,34,35,-1,35,34,36,-1,35,36,37,-1,37,36,38,-1,37,38,39,-1,39,38,40,-1,39,40,41,-1,41,40,42,-1,41,42,43,-1,43,42,44,-1,43,44,45,-1,45,44,46,-1,45,46,47,-1,47,46,48,-1,47,48,49,-1,49,48,50,-1,49,50,51,-1,51,50,52,-1,51,52,53,-1,53,52,54,-1,53,54,55,-1,55,54,56,-1,55,56,57,-1,57,56,58,-1,57,58,59,-1,59,58,60,-1,59,60,61,-1,61,60,62,-1,61,62,63,-1,63,62,64,-1,63,64,65,-1,66,65,67,-1,67,65,64,-1,68,69,70,-1,70,69,71,-1,70,71,72,-1,72,71,66,-1,72,66,67,-1,69,68,73,-1,69,73,74,-1,73,75,74,-1,74,75,76,-1,74,76,77,-1,77,76,78,-1,77,78,79,-1,79,78,80,-1,79,80,81,-1,81,80,82,-1,81,82,83,-1,83,82,84,-1,83,84,85,-1,84,86,85,-1,85,86,87,-1,85,87,88,-1,88,87,89,-1,88,89,90,-1,90,89,91,-1,90,91,92,-1,92,91,93,-1,92,93,94,-1,93,95,94,-1,94,95,96,-1,94,96,97,-1,97,96,98,-1,97,98,99,-1,99,98,100,-1,99,100,101,-1,101,100,102,-1,101,102,103,-1,103,102,104,-1,103,104,105,-1,105,104,13,-1,105,13,12,-1,53,55,74,-1,45,47,83,-1,83,47,81,-1,74,55,69,-1,55,57,69,-1,69,57,59,-1,69,59,71,-1,71,59,61,-1,71,61,66,-1,66,61,63,-1,66,63,65,-1,19,20,17,-1,17,20,23,-1,17,23,15,-1,15,23,25,-1,15,25,12,-1,12,25,27,-1,12,27,105,-1,105,27,29,-1,105,29,103,-1,103,29,31,-1,103,31,101,-1,101,31,33,-1,101,33,99,-1,99,33,35,-1,99,35,97,-1,97,35,37,-1,97,37,94,-1,90,43,88,-1,88,43,45,-1,88,45,85,-1,85,45,83,-1,47,49,81,-1,81,49,51,-1,81,51,79,-1,79,51,53,-1,79,53,77,-1,77,53,74,-1,94,37,92,-1,92,37,39,-1,92,39,90,-1,90,39,41,-1,90,41,43,-1,106,107,108,-1,108,107,109,-1,110,111,112,-1,112,111,106,-1,112,106,108,-1,113,111,114,-1,114,111,110,-1,115,116,117,-1,117,116,113,-1,117,113,114,-1,118,116,119,-1,119,116,115,-1,120,121,122,-1,122,121,118,-1,122,118,119,-1,123,121,124,-1,124,121,120,-1,125,126,127,-1,127,126,123,-1,127,123,124,-1,128,126,129,-1,129,126,125,-1,130,131,132,-1,132,131,128,-1,132,128,129,-1,133,131,134,-1,134,131,130,-1,109,107,135,-1,135,107,133,-1,135,133,134,-1,133,107,106,-1,106,111,133,-1,133,111,113,-1,133,113,131,-1,126,128,123,-1,123,128,131,-1,123,131,121,-1,121,131,113,-1,121,113,118,-1,118,113,116,-1,136,137,138,-1,138,137,139,-1,138,139,140,-1,140,139,141,-1,140,141,142,-1,142,141,143,-1,142,143,144,-1,144,143,145,-1,144,145,146,-1,146,145,147,-1,146,147,148,-1,147,149,148,-1,148,149,150,-1,148,150,151,-1,151,150,152,-1,151,152,153,-1,153,152,154,-1,153,154,155,-1,155,154,156,-1,155,156,157,-1,157,156,158,-1,157,158,159,-1,159,158,160,-1,159,160,161,-1,161,160,162,-1,161,162,163,-1,163,162,164,-1,163,164,165,-1,165,164,166,-1,165,166,167,-1,167,166,168,-1,167,168,169,-1,169,168,170,-1,169,170,136,-1,136,170,171,-1,136,171,137,-1,142,144,172,-1,172,144,173,-1,174,136,138,-1,142,172,175,-1,142,175,140,-1,140,175,176,-1,140,176,138,-1,138,176,177,-1,138,177,174,-1,136,174,178,-1,136,178,169,-1,169,178,179,-1,169,179,167,-1,167,179,180,-1,167,180,165,-1,165,180,181,-1,165,181,163,-1,163,181,182,-1,163,182,161,-1,161,182,183,-1,161,183,159,-1,159,183,184,-1,159,184,157,-1,157,184,185,-1,157,185,155,-1,155,185,186,-1,187,151,186,-1,186,151,153,-1,186,153,155,-1,187,188,151,-1,151,188,189,-1,151,189,148,-1,146,148,190,-1,190,148,189,-1,144,146,173,-1,173,146,190,-1,149,147,191,-1,191,147,192,-1,147,145,192,-1,192,145,193,-1,145,143,193,-1,193,143,194,-1,171,195,196,-1,171,196,137,-1,137,196,197,-1,137,197,139,-1,139,197,198,-1,139,198,141,-1,141,198,194,-1,141,194,143,-1,164,199,200,-1,164,200,166,-1,166,200,201,-1,166,201,168,-1,168,201,202,-1,168,202,170,-1,170,202,195,-1,170,195,171,-1,156,203,204,-1,156,204,158,-1,158,204,205,-1,158,205,160,-1,160,205,206,-1,160,206,162,-1,162,206,199,-1,162,199,164,-1,149,191,207,-1,149,207,150,-1,150,207,208,-1,150,208,152,-1,152,208,209,-1,152,209,154,-1,154,209,203,-1,154,203,156,-1,
        ]
    }
}
Shape{
    appearance Appearance {
        material  Material 	{
            diffuseColor 0.25098039215686274 0.25098039215686274 0.25098039215686274
            specularColor 0.25098039215686274 0.25098039215686274 0.25098039215686274
            ambientIntensity 0.251
            transparency 0.0
            shininess 0.5
        }
    }
    geometry IndexedFaceSet {
        ccw TRUE
        solid FALSE
        coord DEF co Coordinate {
            point [
                0.9053 0.1292 0.2929, 0.9053 0.1297 0.2933, 0.9053 0.1195 0.3199, 0.9053 0.1267 0.2911, 0.9053 0.112 0.32, 0.9053 0.112 0.2891, 0.9053 0.118 0.32, 0.9053 0.1178 0.2891, 0.9053 0.1234 0.2898, 0.9053 0.1315 0.2955, 0.9053 0.133 0.2984, 0.9053 0.1338 0.302, 0.9053 0.1296 0.3162, 0.9053 0.134 0.3049, 0.9053 0.1271 0.3179, 0.9053 0.1237 0.3193, 0.9053 0.1334 0.31, 0.9053 0.1323 0.3129, 0.9053 0.1307 0.3151
            ]
        }
        coordIndex [
            0,1,2,-1,0,2,3,-1,4,5,6,-1,6,5,7,-1,6,7,2,-1,2,7,8,-1,2,8,3,-1,1,9,2,-1,2,9,10,-1,2,10,11,-1,12,11,13,-1,12,14,11,-1,11,14,15,-1,11,15,2,-1,16,17,13,-1,13,17,18,-1,13,18,12,-1,
        ]
    }
}
Shape{
    appearance Appearance {
        material  Material 	{
            diffuseColor 1.0 1.0 1.0
            specularColor 0.5019607843137255 0.5019607843137255 0.5019607843137255
            ambientIntensity 1.0
            transparency 0.0
            shininess 0.5
        }
    }
    geometry IndexedFaceSet {
        ccw TRUE
        solid FALSE
        coord DEF co Coordinate {
            point [
                0.9057 0.1528 0.3, 0.9057 0.1512 0.2955, 0.9057 0.1663 0.3, 0.9057 0.1679 0.2955, 0.9057 0.1588 0.3167, 0.9057 0.1569 0.3246, 0.9057 0.1416 0.2845, 0.9057 0.1473 0.2845, 0.9057 0.1592 0.3179, 0.9057 0.1595 0.3195, 0.9057 0.1624 0.3246, 0.9057 0.1596 0.3195, 0.9057 0.1599 0.3178, 0.9057 0.1602 0.3167, 0.9057 0.1777 0.2845, 0.9057 0.1719 0.2845, 0.9053 0.1624 0.3246, 0.9053 0.1777 0.2845, 0.9053 0.1569 0.3246, 0.9053 0.1416 0.2845, 0.9053 0.1532 0.3148, 0.9053 0.1473 0.2845, 0.9053 0.1512 0.2955, 0.9053 0.1679 0.2955, 0.9053 0.1532 0.2955, 0.9053 0.1719 0.2845, 0.9053 0.1528 0.3, 0.9053 0.1663 0.3, 0.9053 0.1602 0.3167, 0.9053 0.1596 0.3195, 0.9053 0.1599 0.3178, 0.9053 0.1595 0.3195, 0.9053 0.1588 0.3167, 0.9053 0.1592 0.3179
            ]
        }
        coordIndex [
            0,1,2,-1,2,1,3,-1,4,5,0,-1,0,5,6,-1,0,6,1,-1,1,6,7,-1,4,8,5,-1,5,8,9,-1,5,9,10,-1,10,9,11,-1,10,11,12,-1,12,13,10,-1,10,13,2,-1,10,2,14,-1,14,2,3,-1,14,3,15,-1,10,14,16,-1,16,14,17,-1,5,10,18,-1,18,10,16,-1,19,6,20,-1,20,6,5,-1,20,5,18,-1,7,6,21,-1,21,6,19,-1,1,7,22,-1,22,7,21,-1,23,3,24,-1,24,3,1,-1,24,1,22,-1,15,3,25,-1,25,3,23,-1,14,15,17,-1,17,15,25,-1,0,2,26,-1,26,2,27,-1,2,13,27,-1,27,13,28,-1,11,29,30,-1,11,30,12,-1,12,30,28,-1,12,28,13,-1,11,9,29,-1,29,9,31,-1,4,32,33,-1,4,33,8,-1,8,33,31,-1,8,31,9,-1,4,0,32,-1,32,0,26,-1,
        ]
    }
}
Shape{
    appearance Appearance {
        material  Material 	{
            diffuseColor 0.25098039215686274 0.25098039215686274 0.25098039215686274
            specularColor 0.25098039215686274 0.25098039215686274 0.25098039215686274
            ambientIntensity 0.251
            transparency 0.0
            shininess 0.5
        }
    }
    geometry IndexedFaceSet {
        ccw TRUE
        solid FALSE
        coord DEF co Coordinate {
            point [
                0.9053 0.1596 0.3195, 0.9053 0.1595 0.3195, 0.9053 0.1599 0.3178, 0.9053 0.1592 0.3179, 0.9053 0.1602 0.3167, 0.9053 0.1588 0.3167, 0.9053 0.1663 0.3, 0.9053 0.1528 0.3
            ]
        }
        coordIndex [
            0,1,2,-1,2,1,3,-1,2,3,4,-1,4,3,5,-1,4,5,6,-1,6,5,7,-1,
        ]
    }
}
Shape{
    appearance Appearance {
        material  Material 	{
            diffuseColor 1.0 1.0 1.0
            specularColor 0.5019607843137255 0.5019607843137255 0.5019607843137255
            ambientIntensity 1.0
            transparency 0.0
            shininess 0.5
        }
    }
    geometry IndexedFaceSet {
        ccw TRUE
        solid FALSE
        coord DEF co Coordinate {
            point [
                0.9057 0.0385 0.2256, 0.9057 0.0385 0.221, 0.9053 0.0385 0.2256, 0.9053 0.0385 0.221, 0.9057 0.0222 0.2256, 0.9053 0.0222 0.2256, 0.9057 0.0222 0.2391, 0.9053 0.0222 0.2391, 0.9057 0.0365 0.2391, 0.9053 0.0365 0.2391, 0.9057 0.0365 0.2436, 0.9053 0.0365 0.2436, 0.9057 0.0222 0.2436, 0.9053 0.0222 0.2436, 0.9057 0.0222 0.2565, 0.9053 0.0222 0.2565, 0.9057 0.0376 0.2565, 0.9053 0.0376 0.2565, 0.9057 0.0376 0.2611, 0.9053 0.0376 0.2611, 0.9057 0.017 0.2611, 0.9053 0.017 0.2611, 0.9057 0.017 0.221, 0.9053 0.017 0.221, 0.9057 0.0502 0.2331, 0.9057 0.0513 0.2337, 0.9057 0.0487 0.237, 0.9057 0.0611 0.2255, 0.9057 0.0613 0.2255, 0.9057 0.061 0.2301, 0.9057 0.0613 0.2323, 0.9057 0.0663 0.2394, 0.9057 0.0613 0.2326, 0.9057 0.0613 0.2354, 0.9057 0.0613 0.221, 0.9057 0.0663 0.221, 0.9057 0.0594 0.2499, 0.9057 0.0584 0.2456, 0.9057 0.0614 0.2492, 0.9057 0.0592 0.245, 0.9057 0.0528 0.238, 0.9057 0.0546 0.2345, 0.9057 0.0613 0.2392, 0.9057 0.0602 0.2283, 0.9057 0.0591 0.2268, 0.9057 0.0601 0.2239, 0.9057 0.0585 0.2262, 0.9057 0.0584 0.2223, 0.9057 0.0571 0.2252, 0.9057 0.0571 0.2214, 0.9057 0.0556 0.2247, 0.9057 0.0551 0.2207, 0.9057 0.0537 0.2245, 0.9057 0.0524 0.2204, 0.9057 0.052 0.2247, 0.9057 0.0494 0.2207, 0.9057 0.0509 0.2251, 0.9057 0.0475 0.2214, 0.9057 0.0499 0.2258, 0.9057 0.0458 0.2226, 0.9057 0.0494 0.2262, 0.9057 0.0611 0.2414, 0.9057 0.0658 0.2436, 0.9057 0.0606 0.2432, 0.9057 0.065 0.2458, 0.9057 0.06 0.2442, 0.9057 0.0639 0.2473, 0.9057 0.063 0.2482, 0.9057 0.0461 0.2476, 0.9057 0.0461 0.2427, 0.9057 0.0471 0.2482, 0.9057 0.0496 0.2449, 0.9057 0.0509 0.2497, 0.9057 0.0527 0.2459, 0.9057 0.056 0.2503, 0.9057 0.0555 0.2462, 0.9057 0.0572 0.246, 0.9057 0.0497 0.2327, 0.9057 0.0467 0.2358, 0.9057 0.0491 0.232, 0.9057 0.0452 0.2345, 0.9057 0.0487 0.231, 0.9057 0.0442 0.2329, 0.9057 0.0484 0.2299, 0.9057 0.0435 0.231, 0.9057 0.0484 0.2291, 0.9057 0.0433 0.2287, 0.9057 0.0485 0.2279, 0.9057 0.0436 0.2264, 0.9057 0.0489 0.227, 0.9057 0.0442 0.2247, 0.9057 0.0452 0.2232, 0.9053 0.056 0.2503, 0.9053 0.0509 0.2497, 0.9053 0.0471 0.2482, 0.9053 0.0461 0.2476, 0.9053 0.0461 0.2427, 0.9053 0.0496 0.2449, 0.9053 0.0527 0.2459, 0.9053 0.0555 0.2462, 0.9053 0.0572 0.246, 0.9053 0.0584 0.2456, 0.9053 0.0592 0.245, 0.9053 0.06 0.2442, 0.9053 0.0606 0.2432, 0.9053 0.0611 0.2414, 0.9053 0.0613 0.2392, 0.9053 0.0528 0.238, 0.9053 0.0487 0.237, 0.9053 0.0467 0.2358, 0.9053 0.0452 0.2345, 0.9053 0.0442 0.2329, 0.9053 0.0435 0.231, 0.9053 0.0433 0.2287, 0.9053 0.0436 0.2264, 0.9053 0.0442 0.2247, 0.9053 0.0452 0.2232, 0.9053 0.0458 0.2226, 0.9053 0.0524 0.2204, 0.9053 0.0495 0.2207, 0.9053 0.0494 0.2207, 0.9053 0.0475 0.2214, 0.9053 0.0551 0.2207, 0.9053 0.0552 0.2207, 0.9053 0.0571 0.2214, 0.9053 0.0584 0.2223, 0.9053 0.0601 0.2239, 0.9053 0.0611 0.2255, 0.9053 0.0613 0.2255, 0.9053 0.0613 0.221, 0.9053 0.0663 0.221, 0.9053 0.0663 0.2394, 0.9053 0.0658 0.2436, 0.9053 0.065 0.2458, 0.9053 0.0639 0.2473, 0.9053 0.063 0.2482, 0.9053 0.0614 0.2492, 0.9053 0.0594 0.2499, 0.9053 0.0497 0.2327, 0.9053 0.0502 0.2331, 0.9053 0.0513 0.2337, 0.9053 0.0546 0.2345, 0.9053 0.0484 0.2291, 0.9053 0.0484 0.2299, 0.9053 0.0487 0.231, 0.9053 0.0491 0.232, 0.9053 0.0499 0.2258, 0.9053 0.0494 0.2262, 0.9053 0.0489 0.227, 0.9053 0.0485 0.2279, 0.9053 0.0537 0.2245, 0.9053 0.052 0.2247, 0.9053 0.0509 0.2251, 0.9053 0.0591 0.2268, 0.9053 0.0585 0.2262, 0.9053 0.0571 0.2252, 0.9053 0.0556 0.2247, 0.9053 0.0613 0.2326, 0.9053 0.0613 0.2323, 0.9053 0.061 0.2301, 0.9053 0.0602 0.2283, 0.9053 0.0613 0.2354
            ]
        }
        coordIndex [
            0,1,2,-1,2,1,3,-1,4,0,5,-1,5,0,2,-1,6,4,7,-1,7,4,5,-1,8,6,9,-1,9,6,7,-1,10,8,11,-1,11,8,9,-1,12,10,13,-1,13,10,11,-1,14,12,15,-1,15,12,13,-1,16,14,17,-1,17,14,15,-1,18,16,19,-1,19,16,17,-1,20,18,21,-1,21,18,19,-1,22,20,23,-1,23,20,21,-1,1,22,3,-1,3,22,23,-1,22,1,0,-1,0,4,22,-1,22,4,6,-1,22,6,20,-1,16,18,14,-1,14,18,20,-1,14,20,12,-1,12,20,6,-1,12,6,10,-1,10,6,8,-1,24,25,26,-1,27,28,29,-1,30,31,32,-1,32,31,33,-1,34,35,28,-1,28,35,31,-1,28,31,29,-1,29,31,30,-1,36,37,38,-1,38,37,39,-1,26,25,40,-1,40,25,41,-1,40,41,42,-1,29,43,27,-1,27,43,44,-1,27,44,45,-1,45,44,46,-1,45,46,47,-1,47,46,48,-1,47,48,49,-1,49,48,50,-1,49,50,51,-1,51,50,52,-1,51,52,53,-1,53,52,54,-1,53,54,55,-1,55,54,56,-1,55,56,57,-1,57,56,58,-1,57,58,59,-1,59,58,60,-1,41,33,42,-1,42,33,31,-1,42,31,61,-1,61,31,62,-1,61,62,63,-1,63,62,64,-1,63,64,65,-1,65,64,66,-1,65,66,39,-1,39,66,67,-1,39,67,38,-1,68,69,70,-1,70,69,71,-1,70,71,72,-1,72,71,73,-1,72,73,74,-1,74,73,75,-1,74,75,36,-1,36,75,76,-1,36,76,37,-1,24,26,77,-1,77,26,78,-1,77,78,79,-1,79,78,80,-1,79,80,81,-1,81,80,82,-1,81,82,83,-1,83,82,84,-1,83,84,85,-1,85,84,86,-1,85,86,87,-1,87,86,88,-1,87,88,89,-1,89,88,90,-1,89,90,60,-1,60,90,91,-1,60,91,59,-1,74,92,93,-1,74,93,72,-1,72,93,94,-1,72,94,70,-1,70,94,95,-1,70,95,68,-1,69,68,96,-1,96,68,95,-1,69,96,97,-1,69,97,71,-1,71,97,98,-1,71,98,73,-1,73,98,99,-1,73,99,75,-1,75,99,100,-1,75,100,76,-1,76,100,101,-1,76,101,37,-1,37,101,102,-1,37,102,39,-1,39,102,103,-1,39,103,65,-1,65,103,104,-1,65,104,63,-1,63,104,105,-1,63,105,61,-1,61,105,106,-1,61,106,42,-1,40,42,107,-1,107,42,106,-1,40,107,108,-1,40,108,26,-1,26,108,109,-1,26,109,78,-1,78,109,110,-1,78,110,80,-1,80,110,111,-1,80,111,82,-1,82,111,112,-1,82,112,84,-1,84,112,113,-1,84,113,86,-1,86,113,114,-1,86,114,88,-1,88,114,115,-1,88,115,90,-1,90,115,116,-1,90,116,91,-1,91,116,117,-1,91,117,59,-1,118,53,119,-1,119,53,55,-1,119,55,120,-1,120,55,57,-1,120,57,121,-1,121,57,59,-1,121,59,117,-1,53,118,122,-1,53,122,51,-1,51,122,123,-1,51,123,49,-1,123,124,49,-1,49,124,125,-1,49,125,47,-1,47,125,126,-1,47,126,45,-1,45,126,127,-1,45,127,27,-1,28,27,128,-1,128,27,127,-1,34,28,129,-1,129,28,128,-1,35,34,130,-1,130,34,129,-1,31,35,131,-1,131,35,130,-1,31,131,132,-1,31,132,62,-1,62,132,133,-1,62,133,64,-1,64,133,134,-1,64,134,66,-1,66,134,135,-1,66,135,67,-1,67,135,136,-1,67,136,38,-1,38,136,137,-1,38,137,36,-1,36,137,92,-1,36,92,74,-1,77,138,139,-1,77,139,24,-1,24,139,140,-1,24,140,25,-1,25,140,141,-1,25,141,41,-1,85,142,143,-1,85,143,83,-1,83,143,144,-1,83,144,81,-1,81,144,145,-1,81,145,79,-1,79,145,138,-1,79,138,77,-1,58,146,147,-1,58,147,60,-1,60,147,148,-1,60,148,89,-1,89,148,149,-1,89,149,87,-1,87,149,142,-1,87,142,85,-1,52,150,151,-1,52,151,54,-1,54,151,152,-1,54,152,56,-1,56,152,146,-1,56,146,58,-1,44,153,154,-1,44,154,46,-1,46,154,155,-1,46,155,48,-1,48,155,156,-1,48,156,50,-1,50,156,150,-1,50,150,52,-1,32,157,158,-1,32,158,30,-1,30,158,159,-1,30,159,29,-1,29,159,160,-1,29,160,43,-1,43,160,153,-1,43,153,44,-1,32,33,157,-1,157,33,161,-1,33,41,161,-1,161,41,141,-1,
        ]
    }
}
Shape{
    appearance Appearance {
        material  Material 	{
            diffuseColor 0.25098039215686274 0.25098039215686274 0.25098039215686274
            specularColor 0.25098039215686274 0.25098039215686274 0.25098039215686274
            ambientIntensity 0.251
            transparency 0.0
            shininess 0.5
        }
    }
    geometry IndexedFaceSet {
        ccw TRUE
        solid FALSE
        coord DEF co Coordinate {
            point [
                0.9053 0.0613 0.2323, 0.9053 0.0613 0.2326, 0.9053 0.0497 0.2327, 0.9053 0.0613 0.2354, 0.9053 0.0546 0.2345, 0.9053 0.0513 0.2337, 0.9053 0.0502 0.2331, 0.9053 0.061 0.2301, 0.9053 0.0491 0.232, 0.9053 0.0602 0.2283, 0.9053 0.0494 0.2262, 0.9053 0.0499 0.2258, 0.9053 0.0585 0.2262, 0.9053 0.0489 0.227, 0.9053 0.0571 0.2252, 0.9053 0.0556 0.2247, 0.9053 0.0537 0.2245, 0.9053 0.0487 0.231, 0.9053 0.0484 0.2299, 0.9053 0.0591 0.2268, 0.9053 0.0484 0.2291, 0.9053 0.0485 0.2279, 0.9053 0.0509 0.2251, 0.9053 0.052 0.2247
            ]
        }
        coordIndex [
            0,1,2,-1,1,3,4,-1,4,5,1,-1,1,5,6,-1,1,6,2,-1,0,2,7,-1,7,2,8,-1,7,8,9,-1,10,11,12,-1,10,12,13,-1,14,12,15,-1,15,12,16,-1,8,17,9,-1,9,17,18,-1,9,18,19,-1,19,18,20,-1,19,20,12,-1,12,20,21,-1,12,21,13,-1,11,22,12,-1,12,22,23,-1,12,23,16,-1,
        ]
    }
}
Shape{
    appearance Appearance {
        material  Material 	{
            diffuseColor 1.0 1.0 1.0
            specularColor 0.5019607843137255 0.5019607843137255 0.5019607843137255
            ambientIntensity 1.0
            transparency 0.0
            shininess 0.5
        }
    }
    geometry IndexedFaceSet {
        ccw TRUE
        solid FALSE
        coord DEF co Coordinate {
            point [
                0.9053 0.0731 0.2272, 0.9057 0.0731 0.2272, 0.9057 0.0752 0.2259, 0.9057 0.0813 0.2245, 0.9053 0.0813 0.2245, 0.9053 0.0784 0.2248, 0.9057 0.0784 0.2248, 0.9053 0.0754 0.2258, 0.9053 0.0752 0.2259, 0.9057 0.0731 0.222, 0.9053 0.0731 0.222, 0.9057 0.0766 0.2208, 0.9053 0.0754 0.2212, 0.9053 0.0808 0.2204, 0.9057 0.0808 0.2204, 0.9053 0.0776 0.2207, 0.9053 0.0766 0.2208, 0.9057 0.0854 0.2209, 0.9053 0.0837 0.2207, 0.9053 0.0854 0.2209, 0.9053 0.088 0.2219, 0.9057 0.088 0.2219, 0.9053 0.0892 0.2226, 0.9057 0.0892 0.2226, 0.9053 0.0906 0.2239, 0.9057 0.0906 0.2239, 0.9053 0.0915 0.2252, 0.9057 0.0915 0.2252, 0.9053 0.0922 0.2268, 0.9057 0.0922 0.2268, 0.9053 0.0924 0.2288, 0.9057 0.0924 0.2288, 0.9053 0.0922 0.2307, 0.9057 0.0922 0.2307, 0.9053 0.0917 0.2322, 0.9057 0.0917 0.2322, 0.9053 0.0907 0.2335, 0.9057 0.0907 0.2335, 0.9053 0.0895 0.2346, 0.9057 0.0895 0.2346, 0.9053 0.0862 0.2365, 0.9057 0.0862 0.2365, 0.9053 0.0843 0.2372, 0.9057 0.0843 0.2372, 0.9053 0.0812 0.2386, 0.9057 0.0812 0.2386, 0.9053 0.0794 0.2397, 0.9057 0.0794 0.2397, 0.9053 0.0789 0.2402, 0.9057 0.0789 0.2402, 0.9053 0.0785 0.2409, 0.9057 0.0785 0.2409, 0.9053 0.0783 0.2417, 0.9057 0.0783 0.2417, 0.9053 0.0783 0.2424, 0.9057 0.0783 0.2424, 0.9053 0.0784 0.2432, 0.9057 0.0784 0.2432, 0.9053 0.0786 0.2438, 0.9057 0.0786 0.2438, 0.9053 0.0791 0.2445, 0.9057 0.0791 0.2445, 0.9053 0.0798 0.2451, 0.9057 0.0798 0.2451, 0.9053 0.0809 0.2457, 0.9057 0.0809 0.2457, 0.9053 0.0823 0.2461, 0.9057 0.0823 0.2461, 0.9053 0.0838 0.2462, 0.9057 0.0838 0.2462, 0.9053 0.0868 0.2459, 0.9057 0.0868 0.2459, 0.9053 0.0897 0.2449, 0.9057 0.0897 0.2449, 0.9053 0.091 0.2441, 0.9057 0.091 0.2441, 0.9057 0.091 0.249, 0.9053 0.091 0.249, 0.9053 0.0878 0.25, 0.9057 0.0878 0.25, 0.9053 0.0843 0.2503, 0.9057 0.0843 0.2503, 0.9053 0.0803 0.2498, 0.9057 0.0803 0.2498, 0.9053 0.0776 0.2488, 0.9057 0.0776 0.2488, 0.9053 0.0763 0.248, 0.9057 0.0763 0.248, 0.9057 0.0748 0.2467, 0.9053 0.0754 0.2472, 0.9053 0.0748 0.2467, 0.9053 0.0739 0.2453, 0.9057 0.0739 0.2453, 0.9053 0.0733 0.2437, 0.9057 0.0733 0.2437, 0.9053 0.0731 0.2419, 0.9057 0.0731 0.2419, 0.9053 0.0733 0.24, 0.9057 0.0733 0.24, 0.9053 0.0739 0.2384, 0.9057 0.0739 0.2384, 0.9053 0.0745 0.2374, 0.9057 0.0745 0.2374, 0.9053 0.0807 0.2336, 0.9057 0.0807 0.2336, 0.9057 0.0777 0.235, 0.9053 0.0754 0.2365, 0.9057 0.0754 0.2365, 0.9053 0.0754 0.2365, 0.9053 0.0777 0.235, 0.9053 0.084 0.2322, 0.9057 0.084 0.2322, 0.9053 0.086 0.231, 0.9057 0.086 0.231, 0.9053 0.0866 0.2304, 0.9057 0.0866 0.2304, 0.9053 0.087 0.2297, 0.9057 0.087 0.2297, 0.9053 0.0872 0.2289, 0.9057 0.0872 0.2289, 0.9053 0.0873 0.2283, 0.9057 0.0873 0.2283, 0.9053 0.0871 0.2274, 0.9057 0.0871 0.2274, 0.9053 0.0869 0.2266, 0.9057 0.0869 0.2266, 0.9053 0.0865 0.226, 0.9057 0.0865 0.226, 0.9053 0.0859 0.2255, 0.9057 0.0859 0.2255, 0.9053 0.0854 0.2252, 0.9057 0.0854 0.2252, 0.9053 0.0841 0.2247, 0.9057 0.0841 0.2247, 0.9053 0.0816 0.2245, 0.9057 0.0816 0.2245, 0.9057 0.1173 0.2496, 0.9057 0.1225 0.2496, 0.9053 0.1173 0.2496, 0.9053 0.1225 0.2496, 0.9057 0.1095 0.2281, 0.9053 0.1095 0.2281, 0.9053 0.1091 0.2268, 0.9057 0.1091 0.2268, 0.9053 0.1088 0.2258, 0.9057 0.1088 0.2258, 0.9057 0.1087 0.2258, 0.9053 0.1087 0.2258, 0.9057 0.1081 0.2281, 0.9053 0.1081 0.2281, 0.9053 0.1006 0.2496, 0.9057 0.1006 0.2496, 0.9053 0.103 0.2427, 0.9057 0.095 0.2496, 0.9053 0.095 0.2496, 0.9053 0.1062 0.2211, 0.9057 0.1062 0.2211, 0.9053 0.103 0.2292, 0.9053 0.104 0.2159, 0.9057 0.104 0.2159, 0.9053 0.1061 0.2207, 0.9053 0.103 0.2141, 0.9057 0.103 0.2141, 0.9053 0.103 0.2141, 0.9053 0.1021 0.213, 0.9057 0.1021 0.213, 0.9053 0.1013 0.2125, 0.9057 0.1013 0.2125, 0.9053 0.1002 0.212, 0.9057 0.1002 0.212, 0.9053 0.0989 0.2119, 0.9057 0.0989 0.2119, 0.9053 0.0971 0.2121, 0.9057 0.0971 0.2121, 0.9053 0.096 0.2124, 0.9057 0.096 0.2124, 0.9057 0.096 0.208, 0.9053 0.096 0.208, 0.9053 0.0982 0.2076, 0.9057 0.0982 0.2076, 0.9053 0.0993 0.2076, 0.9057 0.0993 0.2076, 0.9053 0.1013 0.2078, 0.9053 0.103 0.2085, 0.9057 0.1033 0.2086, 0.9057 0.1013 0.2078, 0.9053 0.1033 0.2086, 0.9053 0.105 0.2098, 0.9057 0.105 0.2098, 0.9053 0.1054 0.2101, 0.9057 0.1054 0.2101, 0.9053 0.1072 0.2123, 0.9057 0.1072 0.2123, 0.9053 0.1095 0.2167, 0.9057 0.1095 0.2167, 0.9053 0.1111 0.2207, 0.9057 0.1494 0.2256, 0.9057 0.1494 0.221, 0.9053 0.1494 0.2256, 0.9053 0.1494 0.221, 0.9053 0.133 0.2256, 0.9057 0.133 0.2256, 0.9053 0.1405 0.2256, 0.9057 0.133 0.2391, 0.9053 0.133 0.2391, 0.9053 0.1473 0.2391, 0.9057 0.1473 0.2391, 0.9053 0.1405 0.2391, 0.9057 0.1473 0.2436, 0.9053 0.1473 0.2436, 0.9053 0.133 0.2436, 0.9057 0.133 0.2436, 0.9053 0.1405 0.2436, 0.9057 0.133 0.2565, 0.9053 0.133 0.2565, 0.9053 0.1485 0.2565, 0.9057 0.1485 0.2565, 0.9053 0.1405 0.2565, 0.9057 0.1485 0.2611, 0.9053 0.1485 0.2611, 0.9053 0.1279 0.2611, 0.9057 0.1279 0.2611, 0.9053 0.1405 0.2611, 0.9057 0.1279 0.221, 0.9053 0.1279 0.221, 0.9053 0.1405 0.221, 0.9057 0.1835 0.2266, 0.9057 0.1794 0.2293, 0.9057 0.1793 0.2236, 0.9057 0.1768 0.2275, 0.9057 0.1748 0.2219, 0.9057 0.1735 0.2263, 0.9057 0.168 0.221, 0.9057 0.1679 0.2256, 0.9057 0.157 0.221, 0.9057 0.1621 0.2256, 0.9057 0.157 0.2611, 0.9057 0.1621 0.2565, 0.9057 0.1684 0.2611, 0.9057 0.1682 0.2565, 0.9057 0.1696 0.2564, 0.9057 0.1745 0.2604, 0.9057 0.1738 0.2558, 0.9057 0.1793 0.2586, 0.9057 0.1772 0.2544, 0.9057 0.1835 0.2558, 0.9057 0.1797 0.2527, 0.9057 0.1849 0.2544, 0.9057 0.1808 0.2516, 0.9057 0.1874 0.2509, 0.9057 0.1824 0.2494, 0.9057 0.1889 0.2471, 0.9057 0.1835 0.2464, 0.9057 0.1896 0.2416, 0.9057 0.1841 0.2414, 0.9057 0.1894 0.239, 0.9057 0.1839 0.2385, 0.9057 0.1885 0.2343, 0.9057 0.1831 0.2349, 0.9057 0.1865 0.2302, 0.9057 0.1817 0.232, 0.9057 0.1798 0.2298, 0.9053 0.168 0.221, 0.9053 0.157 0.221, 0.9053 0.1748 0.2219, 0.9053 0.1793 0.2236, 0.9053 0.1835 0.2266, 0.9053 0.1865 0.2302, 0.9053 0.1885 0.2343, 0.9053 0.1894 0.239, 0.9053 0.1896 0.2416, 0.9053 0.1889 0.2471, 0.9053 0.1874 0.2509, 0.9053 0.1849 0.2544, 0.9053 0.1835 0.2558, 0.9053 0.1793 0.2586, 0.9053 0.1745 0.2604, 0.9053 0.1684 0.2611, 0.9053 0.157 0.2611, 0.9053 0.1682 0.2565, 0.9053 0.1621 0.2565, 0.9053 0.1621 0.2256, 0.9053 0.1679 0.2256, 0.9053 0.1798 0.2298, 0.9053 0.1794 0.2293, 0.9053 0.1768 0.2275, 0.9053 0.1735 0.2263, 0.9053 0.1841 0.2414, 0.9053 0.1839 0.2385, 0.9053 0.1831 0.2349, 0.9053 0.1817 0.232, 0.9053 0.1797 0.2527, 0.9053 0.1808 0.2516, 0.9053 0.1824 0.2494, 0.9053 0.1835 0.2464, 0.9053 0.1696 0.2564, 0.9053 0.1738 0.2558, 0.9053 0.1772 0.2544
            ]
        }
        coordIndex [
            0,1,2,-1,3,4,5,-1,3,5,6,-1,6,5,7,-1,6,7,2,-1,2,7,8,-1,2,8,0,-1,9,1,10,-1,10,1,0,-1,11,9,12,-1,12,9,10,-1,13,14,15,-1,15,14,11,-1,15,11,16,-1,16,11,12,-1,17,14,18,-1,18,14,13,-1,18,19,17,-1,17,19,20,-1,17,20,21,-1,21,20,22,-1,21,22,23,-1,23,22,24,-1,23,24,25,-1,25,24,26,-1,25,26,27,-1,27,26,28,-1,27,28,29,-1,29,28,30,-1,29,30,31,-1,31,30,32,-1,31,32,33,-1,33,32,34,-1,33,34,35,-1,35,34,36,-1,35,36,37,-1,37,36,38,-1,37,38,39,-1,39,38,40,-1,39,40,41,-1,41,40,42,-1,41,42,43,-1,43,42,44,-1,43,44,45,-1,45,44,46,-1,45,46,47,-1,47,46,48,-1,47,48,49,-1,49,48,50,-1,49,50,51,-1,51,50,52,-1,51,52,53,-1,53,52,54,-1,53,54,55,-1,55,54,56,-1,55,56,57,-1,57,56,58,-1,57,58,59,-1,59,58,60,-1,59,60,61,-1,61,60,62,-1,61,62,63,-1,63,62,64,-1,63,64,65,-1,65,64,66,-1,65,66,67,-1,67,66,68,-1,67,68,69,-1,69,68,70,-1,69,70,71,-1,71,70,72,-1,71,72,73,-1,73,72,74,-1,73,74,75,-1,76,75,77,-1,77,75,74,-1,76,77,78,-1,76,78,79,-1,79,78,80,-1,79,80,81,-1,81,80,82,-1,81,82,83,-1,83,82,84,-1,83,84,85,-1,85,84,86,-1,85,86,87,-1,87,86,88,-1,88,86,89,-1,89,90,88,-1,88,90,91,-1,88,91,92,-1,92,91,93,-1,92,93,94,-1,94,93,95,-1,94,95,96,-1,96,95,97,-1,96,97,98,-1,98,97,99,-1,98,99,100,-1,100,99,101,-1,100,101,102,-1,103,104,105,-1,102,101,106,-1,102,106,107,-1,107,106,108,-1,107,108,105,-1,105,108,109,-1,105,109,103,-1,104,103,110,-1,104,110,111,-1,111,110,112,-1,111,112,113,-1,113,112,114,-1,113,114,115,-1,115,114,116,-1,115,116,117,-1,117,116,118,-1,117,118,119,-1,119,118,120,-1,119,120,121,-1,121,120,122,-1,121,122,123,-1,123,122,124,-1,123,124,125,-1,125,124,126,-1,125,126,127,-1,127,126,128,-1,127,128,129,-1,129,128,130,-1,129,130,131,-1,131,130,132,-1,131,132,133,-1,133,132,134,-1,133,134,135,-1,135,134,4,-1,135,4,3,-1,61,63,85,-1,85,63,83,-1,111,43,104,-1,104,43,45,-1,21,23,127,-1,127,23,25,-1,127,25,125,-1,125,25,27,-1,125,27,123,-1,123,27,29,-1,123,29,121,-1,121,29,31,-1,121,31,119,-1,119,31,33,-1,119,33,117,-1,117,33,35,-1,117,35,115,-1,115,35,37,-1,115,37,113,-1,113,37,39,-1,113,39,111,-1,111,39,41,-1,111,41,43,-1,14,3,11,-1,11,3,6,-1,11,6,9,-1,9,6,2,-1,9,2,1,-1,63,65,83,-1,83,65,67,-1,83,67,81,-1,81,67,69,-1,81,69,79,-1,79,69,71,-1,79,71,76,-1,76,71,73,-1,76,73,75,-1,127,129,21,-1,21,129,131,-1,21,131,17,-1,17,131,133,-1,17,133,14,-1,14,133,135,-1,14,135,3,-1,85,87,61,-1,61,87,88,-1,61,88,59,-1,59,88,92,-1,59,92,57,-1,57,92,94,-1,57,94,55,-1,55,94,96,-1,55,96,53,-1,53,96,98,-1,53,98,51,-1,51,98,100,-1,51,100,49,-1,49,100,102,-1,49,102,47,-1,47,102,107,-1,47,107,45,-1,45,107,105,-1,45,105,104,-1,136,137,138,-1,138,137,139,-1,140,136,141,-1,141,136,138,-1,140,141,142,-1,140,142,143,-1,143,142,144,-1,143,144,145,-1,146,145,147,-1,147,145,144,-1,148,146,149,-1,149,146,147,-1,150,151,152,-1,152,151,148,-1,152,148,149,-1,153,151,154,-1,154,151,150,-1,155,156,157,-1,157,156,153,-1,157,153,154,-1,158,159,160,-1,160,159,156,-1,160,156,155,-1,158,161,159,-1,159,161,162,-1,161,163,162,-1,162,163,164,-1,162,164,165,-1,165,164,166,-1,165,166,167,-1,167,166,168,-1,167,168,169,-1,169,168,170,-1,169,170,171,-1,171,170,172,-1,171,172,173,-1,173,172,174,-1,173,174,175,-1,176,175,177,-1,177,175,174,-1,176,177,178,-1,176,178,179,-1,179,178,180,-1,179,180,181,-1,181,180,182,-1,183,184,182,-1,182,184,185,-1,182,185,181,-1,183,186,184,-1,184,186,187,-1,184,187,188,-1,188,187,189,-1,188,189,190,-1,190,189,191,-1,190,191,192,-1,192,191,193,-1,192,193,194,-1,139,137,195,-1,195,137,194,-1,195,194,193,-1,143,145,194,-1,137,136,194,-1,194,136,140,-1,194,140,143,-1,151,153,148,-1,148,153,156,-1,148,156,146,-1,175,176,173,-1,173,176,179,-1,173,179,171,-1,171,179,181,-1,171,181,169,-1,169,181,185,-1,169,185,167,-1,167,185,184,-1,167,184,165,-1,145,146,194,-1,194,146,156,-1,194,156,192,-1,156,159,192,-1,192,159,162,-1,192,162,190,-1,190,162,165,-1,190,165,188,-1,188,165,184,-1,196,197,198,-1,198,197,199,-1,200,201,202,-1,202,201,196,-1,202,196,198,-1,203,201,204,-1,204,201,200,-1,205,206,207,-1,207,206,203,-1,207,203,204,-1,208,206,209,-1,209,206,205,-1,210,211,212,-1,212,211,208,-1,212,208,209,-1,213,211,214,-1,214,211,210,-1,215,216,217,-1,217,216,213,-1,217,213,214,-1,218,216,219,-1,219,216,215,-1,220,221,222,-1,222,221,218,-1,222,218,219,-1,223,221,224,-1,224,221,220,-1,199,197,225,-1,225,197,223,-1,225,223,224,-1,216,218,213,-1,213,218,221,-1,213,221,211,-1,197,196,223,-1,223,196,201,-1,223,201,203,-1,206,208,203,-1,203,208,211,-1,203,211,223,-1,223,211,221,-1,226,227,228,-1,228,227,229,-1,228,229,230,-1,230,229,231,-1,230,231,232,-1,232,231,233,-1,232,233,234,-1,234,233,235,-1,234,235,236,-1,236,235,237,-1,236,237,238,-1,237,239,238,-1,238,239,240,-1,238,240,241,-1,241,240,242,-1,241,242,243,-1,243,242,244,-1,243,244,245,-1,245,244,246,-1,245,246,247,-1,247,246,248,-1,247,248,249,-1,249,248,250,-1,249,250,251,-1,251,250,252,-1,251,252,253,-1,253,252,254,-1,253,254,255,-1,255,254,256,-1,255,256,257,-1,257,256,258,-1,257,258,259,-1,259,258,260,-1,259,260,226,-1,226,260,261,-1,226,261,227,-1,232,234,262,-1,262,234,263,-1,232,262,264,-1,232,264,230,-1,230,264,265,-1,230,265,228,-1,228,265,266,-1,228,266,226,-1,226,266,267,-1,226,267,259,-1,259,267,268,-1,259,268,257,-1,257,268,269,-1,257,269,255,-1,255,269,270,-1,255,270,253,-1,253,270,271,-1,253,271,251,-1,251,271,272,-1,251,272,249,-1,249,272,273,-1,249,273,247,-1,247,273,274,-1,247,274,245,-1,245,274,275,-1,245,275,243,-1,243,275,276,-1,243,276,241,-1,241,276,277,-1,241,277,238,-1,236,238,278,-1,278,238,277,-1,234,236,263,-1,263,236,278,-1,239,237,279,-1,279,237,280,-1,237,235,280,-1,280,235,281,-1,235,233,281,-1,281,233,282,-1,261,283,284,-1,261,284,227,-1,227,284,285,-1,227,285,229,-1,229,285,286,-1,229,286,231,-1,231,286,282,-1,231,282,233,-1,254,287,288,-1,254,288,256,-1,256,288,289,-1,256,289,258,-1,258,289,290,-1,258,290,260,-1,260,290,283,-1,260,283,261,-1,246,291,292,-1,246,292,248,-1,248,292,293,-1,248,293,250,-1,250,293,294,-1,250,294,252,-1,252,294,287,-1,252,287,254,-1,239,279,295,-1,239,295,240,-1,240,295,296,-1,240,296,242,-1,242,296,297,-1,242,297,244,-1,244,297,291,-1,244,291,246,-1,
        ]
    }
}
Shape{
    appearance Appearance {
        material  Material 	{
            diffuseColor 0.25098039215686274 0.25098039215686274 0.25098039215686274
            specularColor 0.25098039215686274 0.25098039215686274 0.25098039215686274
            ambientIntensity 0.251
            transparency 0.0
            shininess 0.5
        }
    }
    geometry IndexedFaceSet {
        ccw TRUE
        solid FALSE
        coord DEF co Coordinate {
            point [
                0.9053 0.1794 0.2293, 0.9053 0.1798 0.2298, 0.9053 0.1696 0.2564, 0.9053 0.1768 0.2275, 0.9053 0.1621 0.2565, 0.9053 0.1621 0.2256, 0.9053 0.1682 0.2565, 0.9053 0.1679 0.2256, 0.9053 0.1735 0.2263, 0.9053 0.1817 0.232, 0.9053 0.1831 0.2349, 0.9053 0.1839 0.2385, 0.9053 0.1797 0.2527, 0.9053 0.1841 0.2414, 0.9053 0.1772 0.2544, 0.9053 0.1738 0.2558, 0.9053 0.1835 0.2464, 0.9053 0.1824 0.2494, 0.9053 0.1808 0.2516
            ]
        }
        coordIndex [
            0,1,2,-1,0,2,3,-1,4,5,6,-1,6,5,7,-1,6,7,2,-1,2,7,8,-1,2,8,3,-1,1,9,2,-1,2,9,10,-1,2,10,11,-1,12,11,13,-1,12,14,11,-1,11,14,15,-1,11,15,2,-1,16,17,13,-1,13,17,18,-1,13,18,12,-1,
        ]
    }
}
Shape{
    appearance Appearance {
        material  Material 	{
            diffuseColor 1.0 1.0 1.0
            specularColor 0.5019607843137255 0.5019607843137255 0.5019607843137255
            ambientIntensity 1.0
            transparency 0.0
            shininess 0.5
        }
    }
    geometry IndexedFaceSet {
        ccw TRUE
        solid FALSE
        coord DEF co Coordinate {
            point [
                0.9057 0.203 0.2365, 0.9057 0.2013 0.232, 0.9057 0.2164 0.2365, 0.9057 0.218 0.232, 0.9057 0.209 0.2531, 0.9057 0.207 0.2611, 0.9057 0.1918 0.221, 0.9057 0.1975 0.221, 0.9057 0.2093 0.2543, 0.9057 0.2096 0.2559, 0.9057 0.2125 0.2611, 0.9057 0.2097 0.2559, 0.9057 0.2101 0.2543, 0.9057 0.2104 0.2531, 0.9057 0.2278 0.221, 0.9057 0.2221 0.221, 0.9053 0.2125 0.2611, 0.9053 0.2278 0.221, 0.9053 0.207 0.2611, 0.9053 0.1918 0.221, 0.9053 0.1975 0.221, 0.9053 0.2013 0.232, 0.9053 0.218 0.232, 0.9053 0.2221 0.221, 0.9053 0.203 0.2365, 0.9053 0.2164 0.2365, 0.9053 0.2104 0.2531, 0.9053 0.2097 0.2559, 0.9053 0.2101 0.2543, 0.9053 0.2096 0.2559, 0.9053 0.209 0.2531, 0.9053 0.2093 0.2543
            ]
        }
        coordIndex [
            0,1,2,-1,2,1,3,-1,4,5,0,-1,0,5,6,-1,0,6,1,-1,1,6,7,-1,4,8,5,-1,5,8,9,-1,5,9,10,-1,10,9,11,-1,10,11,12,-1,12,13,10,-1,10,13,2,-1,10,2,14,-1,14,2,3,-1,14,3,15,-1,10,14,16,-1,16,14,17,-1,5,10,18,-1,18,10,16,-1,6,5,19,-1,19,5,18,-1,7,6,20,-1,20,6,19,-1,1,7,21,-1,21,7,20,-1,3,1,22,-1,22,1,21,-1,15,3,23,-1,23,3,22,-1,14,15,17,-1,17,15,23,-1,0,2,24,-1,24,2,25,-1,2,13,25,-1,25,13,26,-1,11,27,28,-1,11,28,12,-1,12,28,26,-1,12,26,13,-1,11,9,27,-1,27,9,29,-1,4,30,31,-1,4,31,8,-1,8,31,29,-1,8,29,9,-1,4,0,30,-1,30,0,24,-1,
        ]
    }
}
Shape{
    appearance Appearance {
        material  Material 	{
            diffuseColor 0.25098039215686274 0.25098039215686274 0.25098039215686274
            specularColor 0.25098039215686274 0.25098039215686274 0.25098039215686274
            ambientIntensity 0.251
            transparency 0.0
            shininess 0.5
        }
    }
    geometry IndexedFaceSet {
        ccw TRUE
        solid FALSE
        coord DEF co Coordinate {
            point [
                0.9053 0.2097 0.2559, 0.9053 0.2096 0.2559, 0.9053 0.2101 0.2543, 0.9053 0.2093 0.2543, 0.9053 0.2104 0.2531, 0.9053 0.209 0.2531, 0.9053 0.2164 0.2365, 0.9053 0.203 0.2365
            ]
        }
        coordIndex [
            0,1,2,-1,2,1,3,-1,2,3,4,-1,4,3,5,-1,4,5,6,-1,6,5,7,-1,
        ]
    }
}
Shape{
    appearance Appearance {
        material  Material 	{
            diffuseColor 1.0 1.0 1.0
            specularColor 0.5019607843137255 0.5019607843137255 0.5019607843137255
            ambientIntensity 1.0
            transparency 0.0
            shininess 0.5
        }
    }
    geometry IndexedFaceSet {
        ccw TRUE
        solid FALSE
        coord DEF co Coordinate {
            point [
                0.9057 -0.1598 0.2154, 0.9057 -0.1556 0.2101, 0.9057 -0.1624 0.2405, 0.9057 -0.1673 0.29, 0.9057 -0.161 0.2934, 0.9057 -0.1622 0.3109, 0.9057 -0.1123 0.2143, 0.9057 -0.109 0.2206, 0.9057 -0.1073 0.2276, 0.9057 -0.1447 0.3117, 0.9057 -0.1359 0.2909, 0.9057 -0.1316 0.2999, 0.9057 -0.1433 0.222, 0.9057 -0.141 0.2204, 0.9057 -0.15 0.2059, 0.9057 -0.1383 0.2195, 0.9057 -0.1686 0.2444, 0.9057 -0.1667 0.2227, 0.9057 -0.1627 0.2215, 0.9057 -0.1513 0.3123, 0.9057 -0.0673 0.2545, 0.9057 -0.0761 0.2696, 0.9057 -0.1072 0.2334, 0.9057 -0.1143 0.2496, 0.9057 -0.1072 0.2306, 0.9057 -0.1224 0.2054, 0.9057 -0.1167 0.2093, 0.9057 -0.1257 0.2346, 0.9057 -0.1249 0.232, 0.9057 -0.1249 0.2292, 0.9057 -0.1255 0.2265, 0.9057 -0.1268 0.224, 0.9057 -0.0579 0.2827, 0.9057 -0.0557 0.2827, 0.9057 -0.044 0.298, 0.9057 -0.0502 0.282, 0.9057 -0.0426 0.2976, 0.9057 -0.0453 0.2801, 0.9057 -0.0341 0.2934, 0.9057 -0.0264 0.2868, 0.9057 -0.1389 0.3185, 0.9057 -0.1252 0.3075, 0.9057 -0.1322 0.3242, 0.9057 -0.1175 0.3131, 0.9057 -0.1236 0.3294, 0.9057 -0.1539 0.295, 0.9057 -0.151 0.2952, 0.9057 -0.148 0.3121, 0.9057 -0.1444 0.2944, 0.9057 -0.138 0.292, 0.9057 -0.1451 0.224, 0.9057 -0.1463 0.2264, 0.9057 -0.1469 0.229, 0.9057 -0.1435 0.2032, 0.9057 -0.1367 0.2021, 0.9057 -0.1359 0.2192, 0.9057 -0.1356 0.2021, 0.9057 -0.1333 0.2195, 0.9057 -0.1288 0.203, 0.9057 -0.1308 0.2204, 0.9057 -0.1286 0.2219, 0.9057 -0.0263 0.2337, 0.9057 -0.0396 0.245, 0.9057 -0.0341 0.2271, 0.9057 -0.0438 0.2416, 0.9057 -0.0428 0.2229, 0.9057 -0.0488 0.2392, 0.9057 -0.0522 0.2209, 0.9057 -0.0539 0.2383, 0.9057 -0.069 0.2209, 0.9057 -0.0668 0.2383, 0.9057 -0.0706 0.2212, 0.9057 -0.0409 0.277, 0.9057 -0.0376 0.2733, 0.9057 -0.0206 0.2787, 0.9057 -0.0349 0.2684, 0.9057 -0.0171 0.27, 0.9057 -0.0336 0.2629, 0.9057 -0.0158 0.2607, 0.9057 -0.0334 0.2605, 0.9057 -0.0171 0.2506, 0.9057 -0.0341 0.2549, 0.9057 -0.0207 0.2416, 0.9057 -0.0361 0.2498, 0.9057 -0.0392 0.2454, 0.9057 -0.0594 0.3205, 0.9057 -0.0705 0.3074, 0.9057 -0.0492 0.3085, 0.9057 -0.0641 0.2997, 0.9057 -0.0597 0.2906, 0.9057 -0.1786 0.2736, 0.9057 -0.1973 0.2691, 0.9057 -0.1795 0.2667, 0.9057 -0.1974 0.2662, 0.9057 -0.1791 0.2624, 0.9057 -0.1961 0.2553, 0.9057 -0.1771 0.2554, 0.9057 -0.1921 0.2447, 0.9057 -0.1737 0.2496, 0.9057 -0.1854 0.2351, 0.9057 -0.1769 0.2278, 0.9057 -0.1469 0.2316, 0.9057 -0.1463 0.2343, 0.9057 -0.1592 0.2467, 0.9057 -0.1449 0.2368, 0.9057 -0.1545 0.252, 0.9057 -0.1433 0.2386, 0.9057 -0.1487 0.2561, 0.9057 -0.141 0.2401, 0.9057 -0.1424 0.2585, 0.9057 -0.1385 0.2411, 0.9057 -0.1356 0.2593, 0.9057 -0.1359 0.2414, 0.9057 -0.1322 0.2591, 0.9057 -0.1339 0.2412, 0.9057 -0.1253 0.2574, 0.9057 -0.1312 0.2403, 0.9057 -0.1193 0.2542, 0.9057 -0.1289 0.2389, 0.9057 -0.127 0.2369, 0.9057 -0.1104 0.334, 0.9057 -0.1082 0.3169, 0.9057 -0.0981 0.3353, 0.9057 -0.0978 0.3182, 0.9057 -0.084 0.3335, 0.9057 -0.0881 0.3171, 0.9057 -0.0699 0.3279, 0.9057 -0.0792 0.3136, 0.9057 -0.0712 0.3081, 0.9057 -0.1728 0.3069, 0.9057 -0.1819 0.3006, 0.9057 -0.1722 0.2856, 0.9057 -0.184 0.2986, 0.9057 -0.1762 0.28, 0.9057 -0.1908 0.29, 0.9057 -0.1953 0.2798, 0.9057 -0.0682 0.2385, 0.9057 -0.075 0.2239, 0.9057 -0.0744 0.2232, 0.9057 -0.0673 0.2383, 0.9057 -0.0725 0.2219, 0.9057 -0.0773 0.2297, 0.9057 -0.077 0.2276, 0.9057 -0.0763 0.2257, 0.9057 -0.0707 0.2383, 0.9057 -0.0726 0.2375, 0.9057 -0.0772 0.2308, 0.9057 -0.0744 0.2362, 0.9057 -0.0755 0.2349, 0.9057 -0.0766 0.233, 0.9057 -0.0685 0.2385, 0.9053 -0.0158 0.2607, 0.9053 -0.0171 0.27, 0.9053 -0.0181 0.2725, 0.9053 -0.0206 0.2787, 0.9053 -0.0264 0.2868, 0.9053 -0.0341 0.2934, 0.9053 -0.0426 0.2976, 0.9053 -0.044 0.298, 0.9053 -0.0492 0.3085, 0.9053 -0.0594 0.3205, 0.9053 -0.0656 0.3249, 0.9053 -0.0699 0.3279, 0.9053 -0.084 0.3335, 0.9053 -0.0981 0.3353, 0.9053 -0.1322 0.3242, 0.9053 -0.1311 0.3249, 0.9053 -0.1236 0.3294, 0.9053 -0.1104 0.334, 0.9053 -0.1389 0.3185, 0.9053 -0.1447 0.3117, 0.9053 -0.148 0.3121, 0.9053 -0.1513 0.3123, 0.9053 -0.1622 0.3109, 0.9053 -0.1728 0.3069, 0.9053 -0.1819 0.3006, 0.9053 -0.184 0.2986, 0.9053 -0.1974 0.2662, 0.9053 -0.1908 0.29, 0.9053 -0.1953 0.2798, 0.9053 -0.1967 0.2725, 0.9053 -0.1973 0.2691, 0.9053 -0.1961 0.2553, 0.9053 -0.1921 0.2447, 0.9053 -0.1854 0.2351, 0.9053 -0.1769 0.2278, 0.9053 -0.1667 0.2227, 0.9053 -0.1627 0.2215, 0.9053 -0.1623 0.2207, 0.9053 -0.1598 0.2154, 0.9053 -0.1556 0.2101, 0.9053 -0.15 0.2059, 0.9053 -0.1474 0.2048, 0.9053 -0.1435 0.2032, 0.9053 -0.1367 0.2021, 0.9053 -0.1356 0.2021, 0.9053 -0.1072 0.2306, 0.9053 -0.1288 0.203, 0.9053 -0.1238 0.2048, 0.9053 -0.1224 0.2054, 0.9053 -0.1167 0.2093, 0.9053 -0.1123 0.2143, 0.9053 -0.109 0.2206, 0.9053 -0.109 0.2207, 0.9053 -0.1073 0.2276, 0.9053 -0.1072 0.2334, 0.9053 -0.0673 0.2545, 0.9053 -0.0761 0.2696, 0.9053 -0.1143 0.2496, 0.9053 -0.1193 0.2542, 0.9053 -0.1253 0.2574, 0.9053 -0.1322 0.2591, 0.9053 -0.1356 0.2593, 0.9053 -0.1424 0.2585, 0.9053 -0.1487 0.2561, 0.9053 -0.1545 0.252, 0.9053 -0.1592 0.2467, 0.9053 -0.1624 0.2405, 0.9053 -0.1686 0.2444, 0.9053 -0.1737 0.2496, 0.9053 -0.1771 0.2554, 0.9053 -0.1791 0.2624, 0.9053 -0.1795 0.2667, 0.9053 -0.1788 0.2725, 0.9053 -0.1786 0.2736, 0.9053 -0.1762 0.28, 0.9053 -0.1722 0.2856, 0.9053 -0.1673 0.29, 0.9053 -0.161 0.2934, 0.9053 -0.1539 0.295, 0.9053 -0.151 0.2952, 0.9053 -0.1444 0.2944, 0.9053 -0.138 0.292, 0.9053 -0.1359 0.2909, 0.9053 -0.1316 0.2999, 0.9053 -0.1252 0.3075, 0.9053 -0.1175 0.3131, 0.9053 -0.1082 0.3169, 0.9053 -0.0978 0.3182, 0.9053 -0.0881 0.3171, 0.9053 -0.0792 0.3136, 0.9053 -0.0712 0.3081, 0.9053 -0.0705 0.3074, 0.9053 -0.0641 0.2997, 0.9053 -0.0597 0.2906, 0.9053 -0.0579 0.2827, 0.9053 -0.0557 0.2827, 0.9053 -0.0502 0.282, 0.9053 -0.0453 0.2801, 0.9053 -0.0409 0.277, 0.9053 -0.0376 0.2733, 0.9053 -0.0371 0.2725, 0.9053 -0.0349 0.2684, 0.9053 -0.0336 0.2629, 0.9053 -0.0334 0.2605, 0.9053 -0.0341 0.2549, 0.9053 -0.0361 0.2498, 0.9053 -0.0392 0.2454, 0.9053 -0.0396 0.245, 0.9053 -0.0438 0.2416, 0.9053 -0.0488 0.2392, 0.9053 -0.0539 0.2383, 0.9053 -0.0668 0.2383, 0.9053 -0.0673 0.2383, 0.9053 -0.0682 0.2385, 0.9053 -0.0685 0.2385, 0.9053 -0.0707 0.2383, 0.9053 -0.0726 0.2375, 0.9053 -0.0744 0.2362, 0.9053 -0.0755 0.2349, 0.9053 -0.0766 0.233, 0.9053 -0.0772 0.2308, 0.9053 -0.0773 0.2297, 0.9053 -0.077 0.2276, 0.9053 -0.0763 0.2257, 0.9053 -0.075 0.2239, 0.9053 -0.0744 0.2232, 0.9053 -0.0725 0.2219, 0.9053 -0.0706 0.2212, 0.9053 -0.069 0.2209, 0.9053 -0.0522 0.2209, 0.9053 -0.0428 0.2229, 0.9053 -0.0341 0.2271, 0.9053 -0.0263 0.2337, 0.9053 -0.0207 0.2416, 0.9053 -0.0171 0.2506, 0.9053 -0.1359 0.2414, 0.9053 -0.1339 0.2412, 0.9053 -0.1312 0.2403, 0.9053 -0.1289 0.2389, 0.9053 -0.127 0.2369, 0.9053 -0.1257 0.2346, 0.9053 -0.1249 0.232, 0.9053 -0.1249 0.2292, 0.9053 -0.1255 0.2265, 0.9053 -0.1268 0.224, 0.9053 -0.1286 0.2219, 0.9053 -0.1308 0.2204, 0.9053 -0.1333 0.2195, 0.9053 -0.1359 0.2192, 0.9053 -0.1383 0.2195, 0.9053 -0.141 0.2204, 0.9053 -0.1433 0.222, 0.9053 -0.1451 0.224, 0.9053 -0.1463 0.2264, 0.9053 -0.1469 0.229, 0.9053 -0.1469 0.2316, 0.9053 -0.1463 0.2343, 0.9053 -0.1449 0.2368, 0.9053 -0.1433 0.2386, 0.9053 -0.141 0.2401, 0.9053 -0.1385 0.2411
            ]
        }
        coordIndex [
            0,1,2,-1,3,4,5,-1,6,7,8,-1,9,10,11,-1,12,1,13,-1,13,1,14,-1,13,14,15,-1,16,17,2,-1,2,17,18,-1,2,18,0,-1,5,4,19,-1,20,21,22,-1,22,21,23,-1,22,23,24,-1,24,23,25,-1,24,25,8,-1,8,25,26,-1,8,26,6,-1,27,28,23,-1,23,28,29,-1,23,29,25,-1,25,29,30,-1,25,30,31,-1,32,33,34,-1,34,33,35,-1,34,35,36,-1,36,35,37,-1,36,37,38,-1,38,37,39,-1,9,11,40,-1,40,11,41,-1,40,41,42,-1,42,41,43,-1,42,43,44,-1,4,45,19,-1,19,45,46,-1,19,46,47,-1,47,46,48,-1,47,48,9,-1,9,48,49,-1,9,49,10,-1,12,50,1,-1,1,50,51,-1,1,51,2,-1,2,51,52,-1,14,53,15,-1,15,53,54,-1,15,54,55,-1,55,54,56,-1,55,56,57,-1,57,56,58,-1,57,58,59,-1,59,58,25,-1,59,25,60,-1,60,25,31,-1,61,62,63,-1,63,62,64,-1,63,64,65,-1,65,64,66,-1,65,66,67,-1,67,66,68,-1,67,68,69,-1,69,68,70,-1,69,70,71,-1,37,72,39,-1,39,72,73,-1,39,73,74,-1,74,73,75,-1,74,75,76,-1,76,75,77,-1,76,77,78,-1,78,77,79,-1,78,79,80,-1,80,79,81,-1,80,81,82,-1,82,81,83,-1,82,83,61,-1,61,83,84,-1,61,84,62,-1,85,86,87,-1,87,86,88,-1,87,88,34,-1,34,88,89,-1,34,89,32,-1,90,91,92,-1,92,91,93,-1,92,93,94,-1,94,93,95,-1,94,95,96,-1,96,95,97,-1,96,97,98,-1,98,97,99,-1,98,99,16,-1,16,99,100,-1,16,100,17,-1,52,101,2,-1,2,101,102,-1,2,102,103,-1,103,102,104,-1,103,104,105,-1,105,104,106,-1,105,106,107,-1,107,106,108,-1,107,108,109,-1,109,108,110,-1,109,110,111,-1,111,110,112,-1,111,112,113,-1,113,112,114,-1,113,114,115,-1,115,114,116,-1,115,116,117,-1,117,116,118,-1,117,118,23,-1,23,118,119,-1,23,119,27,-1,44,43,120,-1,120,43,121,-1,120,121,122,-1,122,121,123,-1,122,123,124,-1,124,123,125,-1,124,125,126,-1,126,125,127,-1,126,127,85,-1,85,127,128,-1,85,128,86,-1,5,129,3,-1,3,129,130,-1,3,130,131,-1,131,130,132,-1,131,132,133,-1,133,132,134,-1,133,134,90,-1,90,134,135,-1,90,135,91,-1,136,137,138,-1,70,139,71,-1,71,139,136,-1,71,136,140,-1,140,136,138,-1,141,142,136,-1,136,142,143,-1,136,143,137,-1,144,145,146,-1,145,147,146,-1,146,147,148,-1,146,148,149,-1,141,136,146,-1,146,136,150,-1,146,150,144,-1,78,151,152,-1,78,152,76,-1,76,152,153,-1,76,153,74,-1,153,154,74,-1,74,154,155,-1,74,155,39,-1,39,155,156,-1,39,156,38,-1,38,156,157,-1,38,157,36,-1,36,157,158,-1,36,158,34,-1,34,158,159,-1,34,159,87,-1,87,159,160,-1,87,160,85,-1,126,85,161,-1,161,85,160,-1,161,162,126,-1,126,162,163,-1,126,163,124,-1,124,163,164,-1,124,164,122,-1,165,42,166,-1,166,42,44,-1,166,44,167,-1,167,44,120,-1,167,120,168,-1,168,120,122,-1,168,122,164,-1,42,165,169,-1,42,169,40,-1,40,169,170,-1,40,170,9,-1,9,170,171,-1,9,171,47,-1,47,171,172,-1,47,172,19,-1,19,172,173,-1,19,173,5,-1,5,173,174,-1,5,174,129,-1,129,174,175,-1,129,175,130,-1,130,175,176,-1,130,176,132,-1,177,93,91,-1,132,176,178,-1,132,178,134,-1,134,178,179,-1,134,179,135,-1,135,179,180,-1,135,180,91,-1,91,180,181,-1,91,181,177,-1,93,177,182,-1,93,182,95,-1,95,182,183,-1,95,183,97,-1,97,183,184,-1,97,184,99,-1,99,184,185,-1,99,185,100,-1,100,185,186,-1,100,186,17,-1,17,186,187,-1,17,187,18,-1,18,187,188,-1,18,188,0,-1,188,189,0,-1,0,189,190,-1,0,190,1,-1,1,190,191,-1,1,191,14,-1,14,191,192,-1,14,192,53,-1,192,193,53,-1,53,193,194,-1,53,194,54,-1,54,194,195,-1,54,195,56,-1,196,24,8,-1,56,195,197,-1,56,197,58,-1,58,197,198,-1,58,198,25,-1,198,199,25,-1,25,199,200,-1,25,200,26,-1,26,200,201,-1,26,201,6,-1,6,201,202,-1,6,202,7,-1,7,202,203,-1,7,203,8,-1,8,203,204,-1,8,204,196,-1,22,24,205,-1,205,24,196,-1,20,22,206,-1,206,22,205,-1,21,20,207,-1,207,20,206,-1,23,21,208,-1,208,21,207,-1,23,208,209,-1,23,209,117,-1,117,209,210,-1,117,210,115,-1,115,210,211,-1,115,211,113,-1,113,211,212,-1,113,212,111,-1,111,212,213,-1,111,213,109,-1,109,213,214,-1,109,214,107,-1,107,214,215,-1,107,215,105,-1,105,215,216,-1,105,216,103,-1,103,216,217,-1,103,217,2,-1,2,217,218,-1,2,218,16,-1,16,218,219,-1,16,219,98,-1,98,219,220,-1,98,220,96,-1,96,220,221,-1,96,221,94,-1,94,221,222,-1,94,222,92,-1,92,222,90,-1,90,222,223,-1,223,224,90,-1,90,224,225,-1,90,225,133,-1,133,225,226,-1,133,226,131,-1,131,226,227,-1,131,227,3,-1,3,227,228,-1,3,228,4,-1,4,228,229,-1,4,229,45,-1,45,229,230,-1,45,230,46,-1,46,230,231,-1,46,231,48,-1,48,231,232,-1,48,232,49,-1,49,232,233,-1,49,233,10,-1,10,233,234,-1,10,234,11,-1,11,234,235,-1,11,235,41,-1,41,235,236,-1,41,236,43,-1,43,236,237,-1,43,237,121,-1,121,237,238,-1,121,238,123,-1,123,238,239,-1,123,239,125,-1,125,239,240,-1,125,240,127,-1,127,240,241,-1,127,241,128,-1,128,241,242,-1,128,242,86,-1,86,242,243,-1,86,243,88,-1,88,243,244,-1,88,244,89,-1,89,244,245,-1,89,245,32,-1,33,32,246,-1,246,32,245,-1,33,246,247,-1,33,247,35,-1,35,247,248,-1,35,248,37,-1,37,248,249,-1,37,249,72,-1,72,249,250,-1,72,250,73,-1,73,250,251,-1,73,251,75,-1,251,252,75,-1,75,252,253,-1,75,253,77,-1,77,253,254,-1,77,254,79,-1,79,254,255,-1,79,255,81,-1,81,255,256,-1,81,256,83,-1,83,256,257,-1,83,257,84,-1,84,257,258,-1,84,258,62,-1,62,258,259,-1,62,259,64,-1,64,259,260,-1,64,260,66,-1,66,260,261,-1,66,261,68,-1,70,68,262,-1,262,68,261,-1,70,262,263,-1,70,263,139,-1,139,263,264,-1,139,264,136,-1,136,264,265,-1,136,265,150,-1,150,265,266,-1,150,266,144,-1,144,266,267,-1,144,267,145,-1,145,267,268,-1,145,268,147,-1,147,268,269,-1,147,269,148,-1,148,269,270,-1,148,270,149,-1,149,270,271,-1,149,271,146,-1,146,271,272,-1,146,272,141,-1,141,272,273,-1,141,273,142,-1,142,273,274,-1,142,274,143,-1,143,274,275,-1,143,275,137,-1,137,275,276,-1,137,276,138,-1,138,276,277,-1,138,277,140,-1,140,277,278,-1,140,278,71,-1,71,278,279,-1,71,279,69,-1,67,69,280,-1,280,69,279,-1,67,280,281,-1,67,281,65,-1,65,281,282,-1,65,282,63,-1,63,282,283,-1,63,283,61,-1,61,283,284,-1,61,284,82,-1,82,284,285,-1,82,285,80,-1,80,285,151,-1,80,151,78,-1,112,286,287,-1,112,287,114,-1,114,287,288,-1,114,288,116,-1,116,288,289,-1,116,289,118,-1,118,289,290,-1,118,290,119,-1,119,290,291,-1,119,291,27,-1,27,291,292,-1,27,292,28,-1,28,292,293,-1,28,293,29,-1,29,293,294,-1,29,294,30,-1,30,294,295,-1,30,295,31,-1,31,295,296,-1,31,296,60,-1,60,296,297,-1,60,297,59,-1,59,297,298,-1,59,298,57,-1,57,298,299,-1,57,299,55,-1,55,299,300,-1,55,300,15,-1,15,300,301,-1,15,301,13,-1,13,301,302,-1,13,302,12,-1,12,302,303,-1,12,303,50,-1,50,303,304,-1,50,304,51,-1,51,304,305,-1,51,305,52,-1,52,305,306,-1,52,306,101,-1,101,306,307,-1,101,307,102,-1,102,307,308,-1,102,308,104,-1,104,308,309,-1,104,309,106,-1,106,309,310,-1,106,310,108,-1,108,310,311,-1,108,311,110,-1,110,311,286,-1,110,286,112,-1,
        ]
    }
}
Shape{
    appearance Appearance {
        material  Material 	{
            diffuseColor 0.25098039215686274 0.25098039215686274 0.25098039215686274
            specularColor 0.25098039215686274 0.25098039215686274 0.25098039215686274
            ambientIntensity 0.251
            transparency 0.0
            shininess 0.5
        }
    }
    geometry IndexedFaceSet {
        ccw TRUE
        solid FALSE
        coord DEF co Coordinate {
            point [
                0.9053 -0.1333 0.2195, 0.9053 -0.1339 0.2412, 0.9053 -0.1359 0.2192, 0.9053 -0.1359 0.2414, 0.9053 -0.1385 0.2411, 0.9053 -0.1286 0.2219, 0.9053 -0.127 0.2369, 0.9053 -0.1289 0.2389, 0.9053 -0.141 0.2401, 0.9053 -0.1433 0.2386, 0.9053 -0.1383 0.2195, 0.9053 -0.1449 0.2368, 0.9053 -0.1463 0.2343, 0.9053 -0.1469 0.2316, 0.9053 -0.1469 0.229, 0.9053 -0.1463 0.2264, 0.9053 -0.1451 0.224, 0.9053 -0.1433 0.222, 0.9053 -0.141 0.2204, 0.9053 -0.1308 0.2204, 0.9053 -0.1312 0.2403, 0.9053 -0.1255 0.2265, 0.9053 -0.1249 0.2292, 0.9053 -0.1268 0.224, 0.9053 -0.1249 0.232, 0.9053 -0.1257 0.2346
            ]
        }
        coordIndex [
            0,1,2,-1,2,1,3,-1,2,3,4,-1,5,6,7,-1,4,8,2,-1,2,8,9,-1,2,9,10,-1,10,9,11,-1,10,11,12,-1,12,13,10,-1,10,13,14,-1,10,14,15,-1,15,16,10,-1,10,16,17,-1,10,17,18,-1,0,19,1,-1,1,19,5,-1,1,5,20,-1,20,5,7,-1,21,22,23,-1,23,22,24,-1,23,24,5,-1,5,24,25,-1,5,25,6,-1,
        ]
    }
}