#VRML V2.0 utf8
# 3D model generated by easyeda2kicad.py (https://github.com/uPesy/easyeda2kicad.py)

Shape{
    appearance Appearance {
        material  Material 	{
            diffuseColor 0.9686274509803922 0.8784313725490196 0.6
            specularColor 0.6784313725490196 0.615686274509804 0.4196078431372549
            ambientIntensity 0.8737
            transparency 0.0
            shininess 0.5
        }
    }
    geometry IndexedFaceSet {
        ccw TRUE
        solid FALSE
        coord DEF co Coordinate {
            point [
                -1.6189 -1.3147 0.1785, -1.6135 -1.1834 0.0138, -1.4874 -1.3147 0.1785, -1.4928 -1.1834 0.0138, -1.4941 -1.1526 0.0383, -1.6122 -1.1526 0.0383, -1.4887 -1.2839 0.203, -1.6176 -1.2839 0.203, -1.6219 -1.3873 0.2207, -1.4844 -1.3873 0.2207, -1.4851 -1.37 0.2288, -1.6212 -1.37 0.2288, -1.4859 -1.3513 0.2325, -1.6204 -1.3513 0.2325, -1.4867 -1.3322 0.2316, -1.6196 -1.3322 0.2316, -1.4875 -1.3139 0.2261, -1.6188 -1.3139 0.2261, -1.4881 -1.2975 0.2164, -1.6182 -1.2975 0.2164, -1.4733 -1.6587 0.0503, -1.633 -1.6587 0.0503, -1.6348 -1.7006 0.0383, -1.4715 -1.7006 0.0383, -1.4721 -1.6859 0.0397, -1.6342 -1.6859 0.0397, -1.4727 -1.6718 0.0437, -1.6336 -1.6718 0.0437, -1.437 -2.5394 0.0383, -1.6693 -2.5394 0.0383, -1.437 -2.5394 -0.0011, -1.6693 -2.5394 -0.0011, -1.6348 -1.7006 -0.0011, -1.4715 -1.7006 -0.0011, -1.6322 -1.6378 0.017, -1.4741 -1.6378 0.017, -1.4733 -1.6574 0.0071, -1.633 -1.6574 0.0071, -1.4724 -1.6786 0.001, -1.6339 -1.6786 0.001, -1.621 -1.3664 0.1873, -1.4853 -1.3664 0.1873, -1.4871 -1.3215 0.1852, -1.6192 -1.3215 0.1852, -1.4868 -1.3297 0.1901, -1.6195 -1.3297 0.1901, -1.4864 -1.3388 0.1928, -1.6199 -1.3388 0.1928, -1.486 -1.3484 0.1932, -1.6203 -1.3484 0.1932, -1.4857 -1.3577 0.1914, -1.6206 -1.3577 0.1914, -1.6261 1.279 0.204, -1.6137 1.4918 0.0093, -1.4802 1.279 0.204, -1.4926 1.4918 0.0093, -1.4941 1.5183 0.0383, -1.6122 1.5183 0.0383, -1.4817 1.3056 0.2331, -1.6246 1.3056 0.2331, -1.6306 1.2008 0.2345, -1.4757 1.2008 0.2345, -1.4766 1.2167 0.2451, -1.6297 1.2167 0.2451, -1.4776 1.2345 0.2517, -1.6287 1.2345 0.2517, -1.4787 1.2535 0.2537, -1.6276 1.2535 0.2537, -1.4798 1.2724 0.2512, -1.6265 1.2724 0.2512, -1.4808 1.2901 0.2441, -1.6255 1.2901 0.2441, -1.4638 0.9967 0.0575, -1.6425 0.9967 0.0575, -1.6455 0.9451 0.0383, -1.4608 0.9451 0.0383, -1.4619 0.9637 0.0405, -1.6444 0.9637 0.0405, -1.4629 0.9812 0.047, -1.6434 0.9812 0.047, -1.3957 -0.1772 0.0383, -1.7106 -0.1772 0.0383, -1.7106 -0.1772 -0.0011, -1.6455 0.9451 -0.0011, -1.3957 -0.1772 -0.0011, -1.4608 0.9451 -0.0011, -1.641 1.0224 0.0278, -1.4653 1.0224 0.0278, -1.464 0.9992 0.0121, -1.6423 0.9992 0.0121, -1.4624 0.9729 0.0023, -1.6439 0.9729 0.0023, -1.6291 1.2266 0.2047, -1.4772 1.2266 0.2047, -1.4798 1.2713 0.2096, -1.6265 1.2713 0.2096, -1.4792 1.2624 0.2131, -1.6271 1.2624 0.2131, -1.4787 1.253 0.2144, -1.6276 1.253 0.2144, -1.4781 1.2435 0.2133, -1.6282 1.2435 0.2133, -1.4776 1.2345 0.2101, -1.6287 1.2345 0.2101, -0.6189 -1.3147 0.1785, -0.6135 -1.1834 0.0138, -0.4874 -1.3147 0.1785, -0.4928 -1.1834 0.0138, -0.4941 -1.1526 0.0383, -0.6122 -1.1526 0.0383, -0.4887 -1.2839 0.203, -0.6176 -1.2839 0.203, -0.6219 -1.3873 0.2207, -0.4844 -1.3873 0.2207, -0.4851 -1.37 0.2288, -0.6212 -1.37 0.2288, -0.4859 -1.3513 0.2325, -0.6204 -1.3513 0.2325, -0.4867 -1.3322 0.2316, -0.6196 -1.3322 0.2316, -0.4875 -1.3139 0.2261, -0.6188 -1.3139 0.2261, -0.4881 -1.2975 0.2164, -0.6182 -1.2975 0.2164, -0.4733 -1.6587 0.0503, -0.633 -1.6587 0.0503, -0.6348 -1.7006 0.0383, -0.4715 -1.7006 0.0383, -0.4721 -1.6859 0.0397, -0.6342 -1.6859 0.0397, -0.4727 -1.6718 0.0437, -0.6336 -1.6718 0.0437, -0.437 -2.5394 0.0383, -0.6693 -2.5394 0.0383, -0.437 -2.5394 -0.0011, -0.6693 -2.5394 -0.0011, -0.6348 -1.7006 -0.0011, -0.4715 -1.7006 -0.0011, -0.6322 -1.6378 0.017, -0.4741 -1.6378 0.017, -0.4733 -1.6574 0.0071, -0.633 -1.6574 0.0071, -0.4724 -1.6786 0.001, -0.6339 -1.6786 0.001, -0.621 -1.3664 0.1873, -0.4853 -1.3664 0.1873, -0.4871 -1.3215 0.1852, -0.6192 -1.3215 0.1852, -0.4868 -1.3297 0.1901, -0.6195 -1.3297 0.1901, -0.4864 -1.3388 0.1928, -0.6199 -1.3388 0.1928, -0.486 -1.3484 0.1932, -0.6203 -1.3484 0.1932, -0.4857 -1.3577 0.1914, -0.6206 -1.3577 0.1914, 0.3811 -1.3147 0.1785, 0.3865 -1.1834 0.0138, 0.5126 -1.3147 0.1785, 0.5072 -1.1834 0.0138, 0.5059 -1.1526 0.0383, 0.3878 -1.1526 0.0383, 0.5113 -1.2839 0.203, 0.3824 -1.2839 0.203, 0.3781 -1.3873 0.2207, 0.5156 -1.3873 0.2207, 0.5149 -1.37 0.2288, 0.3788 -1.37 0.2288, 0.5141 -1.3513 0.2325, 0.3796 -1.3513 0.2325, 0.5133 -1.3322 0.2316, 0.3804 -1.3322 0.2316, 0.5125 -1.3139 0.2261, 0.3812 -1.3139 0.2261, 0.5119 -1.2975 0.2164, 0.3818 -1.2975 0.2164, 0.5267 -1.6587 0.0503, 0.367 -1.6587 0.0503, 0.3652 -1.7006 0.0383, 0.5285 -1.7006 0.0383, 0.5279 -1.6859 0.0397, 0.3658 -1.6859 0.0397, 0.5273 -1.6718 0.0437, 0.3664 -1.6718 0.0437, 0.563 -2.5394 0.0383, 0.3307 -2.5394 0.0383, 0.563 -2.5394 -0.0011, 0.3307 -2.5394 -0.0011, 0.3652 -1.7006 -0.0011, 0.5285 -1.7006 -0.0011, 0.3678 -1.6378 0.017, 0.5259 -1.6378 0.017, 0.5267 -1.6574 0.0071, 0.367 -1.6574 0.0071, 0.5276 -1.6786 0.001, 0.3661 -1.6786 0.001, 0.379 -1.3664 0.1873, 0.5147 -1.3664 0.1873, 0.5129 -1.3215 0.1852, 0.3808 -1.3215 0.1852, 0.5132 -1.3297 0.1901, 0.3805 -1.3297 0.1901, 0.5136 -1.3388 0.1928, 0.3801 -1.3388 0.1928, 0.514 -1.3484 0.1932, 0.3797 -1.3484 0.1932, 0.5143 -1.3577 0.1914, 0.3794 -1.3577 0.1914, -0.6261 1.279 0.204, -0.6137 1.4918 0.0093, -0.4802 1.279 0.204, -0.4926 1.4918 0.0093, -0.4941 1.5183 0.0383, -0.6122 1.5183 0.0383, -0.4817 1.3056 0.2331, -0.6246 1.3056 0.2331, -0.6306 1.2008 0.2345, -0.4757 1.2008 0.2345, -0.4766 1.2167 0.2451, -0.6297 1.2167 0.2451, -0.4776 1.2345 0.2517, -0.6287 1.2345 0.2517, -0.4787 1.2535 0.2537, -0.6276 1.2535 0.2537, -0.4798 1.2724 0.2512, -0.6265 1.2724 0.2512, -0.4808 1.2901 0.2441, -0.6255 1.2901 0.2441, -0.4638 0.9967 0.0575, -0.6425 0.9967 0.0575, -0.6455 0.9451 0.0383, -0.4608 0.9451 0.0383, -0.4619 0.9637 0.0405, -0.6444 0.9637 0.0405, -0.4629 0.9812 0.047, -0.6434 0.9812 0.047, -0.3957 -0.1772 0.0383, -0.7106 -0.1772 0.0383, -0.7106 -0.1772 -0.0011, -0.6455 0.9451 -0.0011, -0.3957 -0.1772 -0.0011, -0.4608 0.9451 -0.0011, -0.641 1.0224 0.0278, -0.4653 1.0224 0.0278, -0.464 0.9992 0.0121, -0.6423 0.9992 0.0121, -0.4624 0.9729 0.0023, -0.6439 0.9729 0.0023, -0.6291 1.2266 0.2047, -0.4772 1.2266 0.2047, -0.4798 1.2713 0.2096, -0.6265 1.2713 0.2096, -0.4792 1.2624 0.2131, -0.6271 1.2624 0.2131, -0.4787 1.253 0.2144, -0.6276 1.253 0.2144, -0.4781 1.2435 0.2133, -0.6282 1.2435 0.2133, -0.4776 1.2345 0.2101, -0.6287 1.2345 0.2101, 0.3739 1.279 0.204, 0.3863 1.4918 0.0093, 0.5198 1.279 0.204, 0.5074 1.4918 0.0093, 0.5059 1.5183 0.0383, 0.3878 1.5183 0.0383, 0.5183 1.3056 0.2331, 0.3754 1.3056 0.2331, 0.3694 1.2008 0.2345, 0.5243 1.2008 0.2345, 0.5234 1.2167 0.2451, 0.3703 1.2167 0.2451, 0.5224 1.2345 0.2517, 0.3713 1.2345 0.2517, 0.5213 1.2535 0.2537, 0.3724 1.2535 0.2537, 0.5202 1.2724 0.2512, 0.3735 1.2724 0.2512, 0.5192 1.2901 0.2441, 0.3745 1.2901 0.2441, 0.5362 0.9967 0.0575, 0.3575 0.9967 0.0575, 0.3545 0.9451 0.0383, 0.5392 0.9451 0.0383, 0.5381 0.9637 0.0405, 0.3556 0.9637 0.0405, 0.5371 0.9812 0.047, 0.3566 0.9812 0.047, 0.6043 -0.1772 0.0383, 0.2894 -0.1772 0.0383, 0.2894 -0.1772 -0.0011, 0.3545 0.9451 -0.0011, 0.6043 -0.1772 -0.0011, 0.5392 0.9451 -0.0011, 0.359 1.0224 0.0278, 0.5347 1.0224 0.0278, 0.536 0.9992 0.0121, 0.3577 0.9992 0.0121, 0.5376 0.9729 0.0023, 0.3561 0.9729 0.0023, 0.3709 1.2266 0.2047, 0.5228 1.2266 0.2047, 0.5202 1.2713 0.2096, 0.3735 1.2713 0.2096, 0.5208 1.2624 0.2131, 0.3729 1.2624 0.2131, 0.5213 1.253 0.2144, 0.3724 1.253 0.2144, 0.5219 1.2435 0.2133, 0.3718 1.2435 0.2133, 0.5224 1.2345 0.2101, 0.3713 1.2345 0.2101
            ]
        }
        coordIndex [
            0,1,2,-1,2,1,3,-1,3,1,4,-1,4,1,5,-1,4,5,6,-1,6,5,7,-1,8,9,10,-1,8,10,11,-1,11,10,12,-1,11,12,13,-1,13,12,14,-1,13,14,15,-1,15,14,16,-1,15,16,17,-1,17,16,18,-1,17,18,19,-1,19,18,6,-1,19,6,7,-1,9,8,20,-1,20,8,21,-1,22,23,24,-1,22,24,25,-1,25,24,26,-1,25,26,27,-1,27,26,20,-1,27,20,21,-1,23,22,28,-1,28,22,29,-1,28,29,30,-1,30,29,31,-1,31,32,30,-1,30,32,33,-1,34,35,36,-1,34,36,37,-1,37,36,38,-1,37,38,39,-1,39,38,33,-1,39,33,32,-1,34,40,35,-1,35,40,41,-1,0,2,42,-1,0,42,43,-1,43,42,44,-1,43,44,45,-1,45,44,46,-1,45,46,47,-1,47,46,48,-1,47,48,49,-1,49,48,50,-1,49,50,51,-1,51,50,41,-1,51,41,40,-1,5,1,7,-1,7,1,0,-1,7,0,19,-1,19,0,43,-1,19,43,17,-1,17,43,45,-1,17,45,15,-1,15,45,47,-1,15,47,13,-1,13,47,49,-1,13,49,11,-1,11,49,51,-1,11,51,8,-1,8,51,40,-1,8,40,21,-1,21,40,34,-1,21,34,27,-1,27,34,37,-1,27,37,25,-1,25,37,39,-1,25,39,22,-1,22,39,32,-1,22,32,29,-1,29,32,31,-1,28,30,23,-1,23,30,33,-1,23,33,24,-1,24,33,38,-1,24,38,26,-1,26,38,36,-1,26,36,20,-1,20,36,35,-1,20,35,9,-1,9,35,41,-1,9,41,10,-1,10,41,50,-1,10,50,12,-1,12,50,48,-1,12,48,14,-1,14,48,46,-1,14,46,16,-1,16,46,44,-1,16,44,18,-1,18,44,42,-1,18,42,6,-1,6,42,2,-1,6,2,4,-1,4,2,3,-1,52,53,54,-1,54,53,55,-1,55,53,56,-1,56,53,57,-1,56,57,58,-1,58,57,59,-1,60,61,62,-1,60,62,63,-1,63,62,64,-1,63,64,65,-1,65,64,66,-1,65,66,67,-1,67,66,68,-1,67,68,69,-1,69,68,70,-1,69,70,71,-1,71,70,58,-1,71,58,59,-1,61,60,72,-1,72,60,73,-1,74,75,76,-1,74,76,77,-1,77,76,78,-1,77,78,79,-1,79,78,72,-1,79,72,73,-1,75,74,80,-1,80,74,81,-1,82,83,84,-1,84,83,85,-1,86,87,88,-1,86,88,89,-1,89,88,90,-1,89,90,91,-1,91,90,85,-1,91,85,83,-1,86,92,87,-1,87,92,93,-1,52,54,94,-1,52,94,95,-1,95,94,96,-1,95,96,97,-1,97,96,98,-1,97,98,99,-1,99,98,100,-1,99,100,101,-1,101,100,102,-1,101,102,103,-1,103,102,93,-1,103,93,92,-1,84,80,82,-1,82,80,81,-1,57,53,59,-1,59,53,52,-1,59,52,71,-1,71,52,95,-1,71,95,69,-1,69,95,97,-1,69,97,67,-1,67,97,99,-1,67,99,65,-1,65,99,101,-1,65,101,63,-1,63,101,103,-1,63,103,60,-1,60,103,92,-1,60,92,73,-1,73,92,86,-1,73,86,79,-1,79,86,89,-1,79,89,77,-1,77,89,91,-1,77,91,74,-1,74,91,83,-1,74,83,81,-1,81,83,82,-1,55,56,54,-1,54,56,58,-1,54,58,94,-1,94,58,70,-1,94,70,96,-1,96,70,68,-1,96,68,98,-1,98,68,66,-1,98,66,100,-1,100,66,64,-1,100,64,102,-1,102,64,62,-1,102,62,93,-1,93,62,61,-1,93,61,87,-1,87,61,72,-1,87,72,88,-1,88,72,78,-1,88,78,90,-1,90,78,76,-1,90,76,85,-1,85,76,75,-1,85,75,84,-1,84,75,80,-1,104,105,106,-1,106,105,107,-1,107,105,108,-1,108,105,109,-1,108,109,110,-1,110,109,111,-1,112,113,114,-1,112,114,115,-1,115,114,116,-1,115,116,117,-1,117,116,118,-1,117,118,119,-1,119,118,120,-1,119,120,121,-1,121,120,122,-1,121,122,123,-1,123,122,110,-1,123,110,111,-1,113,112,124,-1,124,112,125,-1,126,127,128,-1,126,128,129,-1,129,128,130,-1,129,130,131,-1,131,130,124,-1,131,124,125,-1,127,126,132,-1,132,126,133,-1,132,133,134,-1,134,133,135,-1,135,136,134,-1,134,136,137,-1,138,139,140,-1,138,140,141,-1,141,140,142,-1,141,142,143,-1,143,142,137,-1,143,137,136,-1,138,144,139,-1,139,144,145,-1,104,106,146,-1,104,146,147,-1,147,146,148,-1,147,148,149,-1,149,148,150,-1,149,150,151,-1,151,150,152,-1,151,152,153,-1,153,152,154,-1,153,154,155,-1,155,154,145,-1,155,145,144,-1,109,105,111,-1,111,105,104,-1,111,104,123,-1,123,104,147,-1,123,147,121,-1,121,147,149,-1,121,149,119,-1,119,149,151,-1,119,151,117,-1,117,151,153,-1,117,153,115,-1,115,153,155,-1,115,155,112,-1,112,155,144,-1,112,144,125,-1,125,144,138,-1,125,138,131,-1,131,138,141,-1,131,141,129,-1,129,141,143,-1,129,143,126,-1,126,143,136,-1,126,136,133,-1,133,136,135,-1,132,134,127,-1,127,134,137,-1,127,137,128,-1,128,137,142,-1,128,142,130,-1,130,142,140,-1,130,140,124,-1,124,140,139,-1,124,139,113,-1,113,139,145,-1,113,145,114,-1,114,145,154,-1,114,154,116,-1,116,154,152,-1,116,152,118,-1,118,152,150,-1,118,150,120,-1,120,150,148,-1,120,148,122,-1,122,148,146,-1,122,146,110,-1,110,146,106,-1,110,106,108,-1,108,106,107,-1,156,157,158,-1,158,157,159,-1,159,157,160,-1,160,157,161,-1,160,161,162,-1,162,161,163,-1,164,165,166,-1,164,166,167,-1,167,166,168,-1,167,168,169,-1,169,168,170,-1,169,170,171,-1,171,170,172,-1,171,172,173,-1,173,172,174,-1,173,174,175,-1,175,174,162,-1,175,162,163,-1,165,164,176,-1,176,164,177,-1,178,179,180,-1,178,180,181,-1,181,180,182,-1,181,182,183,-1,183,182,176,-1,183,176,177,-1,179,178,184,-1,184,178,185,-1,184,185,186,-1,186,185,187,-1,187,188,186,-1,186,188,189,-1,190,191,192,-1,190,192,193,-1,193,192,194,-1,193,194,195,-1,195,194,189,-1,195,189,188,-1,190,196,191,-1,191,196,197,-1,156,158,198,-1,156,198,199,-1,199,198,200,-1,199,200,201,-1,201,200,202,-1,201,202,203,-1,203,202,204,-1,203,204,205,-1,205,204,206,-1,205,206,207,-1,207,206,197,-1,207,197,196,-1,161,157,163,-1,163,157,156,-1,163,156,175,-1,175,156,199,-1,175,199,173,-1,173,199,201,-1,173,201,171,-1,171,201,203,-1,171,203,169,-1,169,203,205,-1,169,205,167,-1,167,205,207,-1,167,207,164,-1,164,207,196,-1,164,196,177,-1,177,196,190,-1,177,190,183,-1,183,190,193,-1,183,193,181,-1,181,193,195,-1,181,195,178,-1,178,195,188,-1,178,188,185,-1,185,188,187,-1,184,186,179,-1,179,186,189,-1,179,189,180,-1,180,189,194,-1,180,194,182,-1,182,194,192,-1,182,192,176,-1,176,192,191,-1,176,191,165,-1,165,191,197,-1,165,197,166,-1,166,197,206,-1,166,206,168,-1,168,206,204,-1,168,204,170,-1,170,204,202,-1,170,202,172,-1,172,202,200,-1,172,200,174,-1,174,200,198,-1,174,198,162,-1,162,198,158,-1,162,158,160,-1,160,158,159,-1,208,209,210,-1,210,209,211,-1,211,209,212,-1,212,209,213,-1,212,213,214,-1,214,213,215,-1,216,217,218,-1,216,218,219,-1,219,218,220,-1,219,220,221,-1,221,220,222,-1,221,222,223,-1,223,222,224,-1,223,224,225,-1,225,224,226,-1,225,226,227,-1,227,226,214,-1,227,214,215,-1,217,216,228,-1,228,216,229,-1,230,231,232,-1,230,232,233,-1,233,232,234,-1,233,234,235,-1,235,234,228,-1,235,228,229,-1,231,230,236,-1,236,230,237,-1,238,239,240,-1,240,239,241,-1,242,243,244,-1,242,244,245,-1,245,244,246,-1,245,246,247,-1,247,246,241,-1,247,241,239,-1,242,248,243,-1,243,248,249,-1,208,210,250,-1,208,250,251,-1,251,250,252,-1,251,252,253,-1,253,252,254,-1,253,254,255,-1,255,254,256,-1,255,256,257,-1,257,256,258,-1,257,258,259,-1,259,258,249,-1,259,249,248,-1,240,236,238,-1,238,236,237,-1,213,209,215,-1,215,209,208,-1,215,208,227,-1,227,208,251,-1,227,251,225,-1,225,251,253,-1,225,253,223,-1,223,253,255,-1,223,255,221,-1,221,255,257,-1,221,257,219,-1,219,257,259,-1,219,259,216,-1,216,259,248,-1,216,248,229,-1,229,248,242,-1,229,242,235,-1,235,242,245,-1,235,245,233,-1,233,245,247,-1,233,247,230,-1,230,247,239,-1,230,239,237,-1,237,239,238,-1,211,212,210,-1,210,212,214,-1,210,214,250,-1,250,214,226,-1,250,226,252,-1,252,226,224,-1,252,224,254,-1,254,224,222,-1,254,222,256,-1,256,222,220,-1,256,220,258,-1,258,220,218,-1,258,218,249,-1,249,218,217,-1,249,217,243,-1,243,217,228,-1,243,228,244,-1,244,228,234,-1,244,234,246,-1,246,234,232,-1,246,232,241,-1,241,232,231,-1,241,231,240,-1,240,231,236,-1,260,261,262,-1,262,261,263,-1,263,261,264,-1,264,261,265,-1,264,265,266,-1,266,265,267,-1,268,269,270,-1,268,270,271,-1,271,270,272,-1,271,272,273,-1,273,272,274,-1,273,274,275,-1,275,274,276,-1,275,276,277,-1,277,276,278,-1,277,278,279,-1,279,278,266,-1,279,266,267,-1,269,268,280,-1,280,268,281,-1,282,283,284,-1,282,284,285,-1,285,284,286,-1,285,286,287,-1,287,286,280,-1,287,280,281,-1,283,282,288,-1,288,282,289,-1,290,291,292,-1,292,291,293,-1,294,295,296,-1,294,296,297,-1,297,296,298,-1,297,298,299,-1,299,298,293,-1,299,293,291,-1,294,300,295,-1,295,300,301,-1,260,262,302,-1,260,302,303,-1,303,302,304,-1,303,304,305,-1,305,304,306,-1,305,306,307,-1,307,306,308,-1,307,308,309,-1,309,308,310,-1,309,310,311,-1,311,310,301,-1,311,301,300,-1,292,288,290,-1,290,288,289,-1,265,261,267,-1,267,261,260,-1,267,260,279,-1,279,260,303,-1,279,303,277,-1,277,303,305,-1,277,305,275,-1,275,305,307,-1,275,307,273,-1,273,307,309,-1,273,309,271,-1,271,309,311,-1,271,311,268,-1,268,311,300,-1,268,300,281,-1,281,300,294,-1,281,294,287,-1,287,294,297,-1,287,297,285,-1,285,297,299,-1,285,299,282,-1,282,299,291,-1,282,291,289,-1,289,291,290,-1,263,264,262,-1,262,264,266,-1,262,266,302,-1,302,266,278,-1,302,278,304,-1,304,278,276,-1,304,276,306,-1,306,276,274,-1,306,274,308,-1,308,274,272,-1,308,272,310,-1,310,272,270,-1,310,270,301,-1,301,270,269,-1,301,269,295,-1,295,269,280,-1,295,280,296,-1,296,280,286,-1,296,286,298,-1,298,286,284,-1,298,284,293,-1,293,284,283,-1,293,283,292,-1,292,283,288,-1,
        ]
    }
}
Shape{
    appearance Appearance {
        material  Material 	{
            diffuseColor 0.8941176470588236 0.9137254901960784 0.9294117647058824
            specularColor 0.4470588235294118 0.4588235294117647 0.4666666666666667
            ambientIntensity 0.9097
            transparency 0.0
            shininess 0.5
        }
    }
    geometry IndexedFaceSet {
        ccw TRUE
        solid FALSE
        coord DEF co Coordinate {
            point [
                2.1485 0.2092 0.2221, 2.1485 0.2132 0.221, 2.1485 0.2165 0.2404, 2.1485 0.2165 0.2207, 2.1485 0.2215 0.2213, 2.1485 0.1992 0.2311, 2.1485 0.2018 0.2274, 2.1485 0.2054 0.2242, 2.1485 0.1973 0.2447, 2.1485 0.1969 0.2404, 2.1485 0.1975 0.2356, 2.1485 0.2047 0.2561, 2.1485 0.2014 0.253, 2.1485 0.1989 0.2491, 2.1485 0.2175 0.26, 2.1485 0.2136 0.2598, 2.1485 0.2092 0.2586, 2.1485 0.2294 0.2552, 2.1485 0.2255 0.2579, 2.1485 0.2216 0.2594, 2.1485 0.236 0.2432, 2.1485 0.2347 0.2478, 2.1485 0.2325 0.2519, 2.1485 0.2328 0.2293, 2.1485 0.2349 0.2334, 2.1485 0.2361 0.2384, 2.1485 0.2257 0.223, 2.1485 0.2298 0.2258, 2.1485 1.7612 0.223, 2.1485 1.757 0.2213, 2.1485 1.752 0.2404, 2.1485 1.752 0.2207, 2.1485 1.7487 0.221, 2.1485 1.7704 0.2334, 2.1485 1.7683 0.2293, 2.1485 1.7652 0.2258, 2.1485 1.7702 0.2478, 2.1485 1.7714 0.2432, 2.1485 1.7716 0.2384, 2.1485 1.761 0.2579, 2.1485 1.7649 0.2552, 2.1485 1.7679 0.2519, 2.1485 1.749 0.2598, 2.1485 1.7529 0.26, 2.1485 1.757 0.2594, 2.1485 1.7368 0.253, 2.1485 1.7402 0.2561, 2.1485 1.7446 0.2586, 2.1485 1.7323 0.2404, 2.1485 1.7328 0.2447, 2.1485 1.7343 0.2491, 2.1485 1.7372 0.2274, 2.1485 1.7346 0.2311, 2.1485 1.7329 0.2356, 2.1485 1.7446 0.2221, 2.1485 1.7408 0.2242, 1.9932 0.6318 0.4356, 1.9932 0.6285 0.4353, 2.0133 0.6317 0.4459, 1.993 0.6245 0.4342, 2.013 0.6277 0.4448, 1.9928 0.6207 0.4321, 2.0124 0.6239 0.4429, 1.9925 0.6171 0.429, 2.0115 0.6203 0.4398, 1.9921 0.6145 0.4252, 2.0105 0.6177 0.4362, 1.9916 0.6128 0.4208, 2.0092 0.616 0.4319, 1.9911 0.6122 0.416, 2.0079 0.6154 0.4273, 1.9906 0.6126 0.4117, 2.0067 0.6158 0.4231, 1.9901 0.6142 0.4074, 2.0055 0.6174 0.4189, 1.9897 0.6167 0.4035, 2.0044 0.6199 0.4152, 1.9893 0.62 0.4004, 2.0035 0.6232 0.4122, 1.9891 0.6245 0.3979, 2.0028 0.6277 0.4098, 1.9889 0.6289 0.3967, 2.0025 0.6321 0.4086, 1.9889 0.6328 0.3965, 2.0024 0.636 0.4084, 1.989 0.6369 0.3971, 2.0026 0.6401 0.409, 1.9891 0.6408 0.3986, 2.003 0.644 0.4105, 1.9894 0.6447 0.4012, 2.0038 0.6479 0.413, 1.9898 0.6478 0.4046, 2.0047 0.651 0.4162, 1.9902 0.6501 0.4086, 2.0058 0.6533 0.4201, 1.9907 0.6513 0.4132, 2.0071 0.6545 0.4246, 1.9913 0.6514 0.418, 2.0085 0.6546 0.4292, 1.9918 0.6503 0.4229, 2.0098 0.6534 0.434, 1.9923 0.6481 0.427, 2.011 0.6513 0.4379, 1.9926 0.6451 0.4305, 2.0119 0.6483 0.4413, 1.9929 0.6411 0.4333, 2.0127 0.6443 0.444, 1.9931 0.6368 0.435, 2.0132 0.64 0.4456, 2.0134 0.635 0.4462, 2.02 1.4628 0.4488, 1.999 1.4645 0.4386, 1.9991 1.4596 0.4392, 1.9808 1.4616 0.4259, 1.9808 1.4566 0.4266, 1.9649 1.4586 0.4104, 1.9648 1.4536 0.411, 1.9514 1.4553 0.3918, 1.9512 1.4503 0.3924, 1.9413 1.4518 0.3708, 1.941 1.4468 0.3714, 1.935 1.4484 0.3484, 1.9346 1.4434 0.3489, 1.9327 1.4451 0.3256, 1.9322 1.4401 0.326, 1.9343 1.4421 0.3034, 1.9337 1.4371 0.3037, 1.9396 1.4391 0.2818, 1.939 1.4341 0.2821, 1.9487 1.4358 0.2608, 1.9481 1.4308 0.2609, 1.9616 1.4323 0.2414, 1.9609 1.4274 0.2414, 1.9776 1.4289 0.2246, 1.977 1.4239 0.2245, 1.9961 1.4256 0.211, 1.9955 1.4206 0.2107, 2.0161 1.4226 0.201, 2.0155 1.4176 0.2007, 2.0373 1.4196 0.1946, 2.0368 1.4146 0.1942, 2.06 1.4163 0.1917, 2.0595 1.4113 0.1912, 2.0832 1.4129 0.1929, 2.0829 1.4079 0.1923, 2.1059 1.4094 0.1981, 2.1057 1.4044 0.1975, 2.1271 1.4061 0.2071, 2.1269 1.4011 0.2065, 2.1458 1.4031 0.2192, 2.1458 1.3981 0.2186, 2.1621 1.4001 0.2342, 2.1622 1.3951 0.2335, 2.1761 1.3969 0.2522, 2.1763 1.3919 0.2516, 2.187 1.3934 0.2728, 2.1873 1.3884 0.2722, 2.194 1.39 0.295, 2.1944 1.385 0.2945, 2.1971 1.3866 0.3178, 2.1976 1.3816 0.3174, 2.1962 1.3836 0.3402, 2.1968 1.3786 0.3399, 2.1917 1.3806 0.3618, 2.1923 1.3756 0.3616, 2.1833 1.3774 0.383, 2.1839 1.3724 0.3829, 2.1711 1.374 0.4028, 2.1717 1.369 0.4028, 2.1556 1.3705 0.4202, 2.1562 1.3655 0.4203, 2.1375 1.3671 0.4345, 2.1381 1.3622 0.4347, 2.1178 1.3641 0.4452, 2.1183 1.3591 0.4455, 2.0969 1.3611 0.4523, 2.0974 1.3562 0.4526, 2.0744 1.3579 0.4558, 2.0748 1.3529 0.4563, 2.0512 1.3545 0.4554, 2.0515 1.3495 0.456, 2.0283 1.351 0.451, 2.0285 1.346 0.4516, 2.0068 1.3477 0.4427, 2.0069 1.3427 0.4433, 1.9875 1.3446 0.4311, 1.9875 1.3396 0.4317, 1.9708 1.3416 0.4167, 1.9707 1.3367 0.4174, 1.9563 1.3384 0.3992, 1.9561 1.3335 0.3999, 1.9448 1.335 0.3791, 1.9445 1.3301 0.3797, 1.9369 1.3316 0.3571, 1.9366 1.3266 0.3576, 1.9331 1.3282 0.3343, 1.9326 1.3232 0.3348, 1.9333 1.3251 0.3118, 1.9327 1.3201 0.3122, 1.9371 1.3222 0.2901, 1.9365 1.3172 0.2904, 1.9447 1.319 0.2688, 1.9441 1.314 0.2689, 1.9562 1.3156 0.2486, 1.9556 1.3106 0.2487, 1.9711 1.3121 0.2307, 1.9705 1.3071 0.2306, 1.9888 1.3087 0.2158, 1.9882 1.3037 0.2156, 2.0083 1.3056 0.2044, 2.0077 1.3006 0.2041, 2.0289 1.3027 0.1966, 2.0284 1.2977 0.1963, 2.0511 1.2995 0.1924, 2.0507 1.2945 0.1919, 2.0743 1.2961 0.192, 2.0739 1.2911 0.1914, 2.0973 1.2926 0.1956, 2.097 1.2877 0.1951, 2.1192 1.2892 0.2032, 2.119 1.2843 0.2026, 2.1389 1.2861 0.2143, 2.1389 1.2811 0.2136, 2.1561 1.2832 0.228, 2.1562 1.2782 0.2274, 2.1711 1.28 0.2449, 2.1712 1.275 0.2443, 2.1832 1.2766 0.2646, 2.1835 1.2717 0.2641, 2.1918 1.2732 0.2863, 2.1921 1.2682 0.2858, 2.1964 1.2698 0.309, 2.1968 1.2648 0.3086, 2.197 1.2666 0.3317, 2.1975 1.2616 0.3313, 2.1939 1.2637 0.3535, 2.1944 1.2587 0.3532, 2.187 1.2606 0.375, 2.1876 1.2556 0.3748, 2.1762 1.2572 0.3954, 2.1769 1.2522 0.3953, 2.1619 1.2537 0.4139, 2.1626 1.2487 0.4139, 2.1447 1.2503 0.4294, 2.1453 1.2453 0.4296, 2.1255 1.2471 0.4415, 2.1261 1.2421 0.4418, 2.1051 1.2442 0.4499, 2.1056 1.2392 0.4503, 2.0832 1.2411 0.4549, 2.0837 1.2361 0.4553, 2.0601 1.2377 0.4561, 2.0605 1.2327 0.4566, 2.037 1.2342 0.4532, 2.0373 1.2293 0.4537, 2.0148 1.2308 0.4463, 2.015 1.2258 0.4469, 1.9946 1.2276 0.4359, 1.9947 1.2226 0.4365, 1.9769 1.2247 0.4226, 1.9769 1.2197 0.4233, 1.9615 1.2216 0.4063, 1.9614 1.2166 0.407, 1.9488 1.2183 0.3871, 1.9485 1.2133 0.3877, 1.9395 1.2148 0.3657, 1.9391 1.2098 0.3663, 1.9341 1.2114 0.3431, 1.9337 1.2064 0.3436, 1.9327 1.2081 0.3204, 1.9322 1.2031 0.3208, 1.9352 1.2052 0.2984, 1.9346 1.2002 0.2987, 1.9413 1.2021 0.2769, 1.9407 1.1971 0.2771, 1.9513 1.1988 0.2562, 1.9507 1.1938 0.2563, 1.965 1.1953 0.2373, 1.9644 1.1903 0.2373, 1.9817 1.1919 0.2211, 1.9811 1.1869 0.221, 2.0006 1.1886 0.2083, 2.0 1.1837 0.2081, 2.0208 1.1857 0.1992, 2.0202 1.1807 0.1989, 2.0424 1.1826 0.1936, 2.0419 1.1777 0.1931, 2.0653 1.1793 0.1916, 2.0649 1.1743 0.1911, 2.0885 1.1759 0.1937, 2.0882 1.1709 0.1932, 2.111 1.1724 0.1999, 2.1108 1.1674 0.1993, 2.1316 1.1692 0.2097, 2.1315 1.1642 0.209, 2.1498 1.1662 0.2224, 2.1498 1.1612 0.2218, 2.1656 1.1632 0.2381, 2.1657 1.1582 0.2375, 2.1789 1.1599 0.2568, 2.1792 1.1549 0.2562, 2.1889 1.1564 0.2778, 2.1893 1.1514 0.2773, 2.1951 1.153 0.3003, 2.1955 1.148 0.2998, 2.1972 1.1497 0.3231, 2.1977 1.1447 0.3227, 2.1955 1.1467 0.3452, 2.1961 1.1417 0.3449, 2.1901 1.1437 0.3668, 2.1907 1.1387 0.3666, 2.1808 1.1404 0.3877, 2.1814 1.1354 0.3876, 2.1678 1.1369 0.4071, 2.1684 1.132 0.4071, 2.1516 1.1335 0.4238, 2.1523 1.1285 0.4239, 2.1331 1.1302 0.4373, 2.1337 1.1252 0.4375, 2.1131 1.1272 0.4471, 2.1136 1.1222 0.4474, 2.0918 1.1242 0.4534, 2.0923 1.1192 0.4538, 2.0691 1.1209 0.4561, 2.0695 1.1159 0.4566, 2.0458 1.1175 0.4548, 2.0462 1.1125 0.4553, 2.0232 1.114 0.4494, 2.0234 1.109 0.45, 2.0021 1.1107 0.4403, 2.0022 1.1057 0.4409, 1.9834 1.1077 0.428, 1.9834 1.1027 0.4287, 1.9672 1.1047 0.413, 1.9671 1.0997 0.4136, 1.9533 1.1015 0.3948, 1.9531 1.0965 0.3954, 1.9426 1.098 0.3742, 1.9423 1.093 0.3747, 1.9357 1.0946 0.3519, 1.9353 1.0896 0.3524, 1.9328 1.0912 0.3291, 1.9323 1.0862 0.3295, 1.9338 1.0882 0.3067, 1.9333 1.0832 0.3071, 1.9385 1.0852 0.2851, 1.9379 1.0802 0.2854, 1.947 1.082 0.264, 1.9464 1.077 0.2641, 1.9593 1.0786 0.2443, 1.9587 1.0736 0.2443, 1.975 1.0751 0.227, 1.9743 1.0701 0.2269, 1.9932 1.0717 0.2128, 1.9925 1.0668 0.2126, 2.0129 1.0687 0.2023, 2.0124 1.0637 0.202, 2.0339 1.0657 0.1953, 2.0334 1.0608 0.1949, 2.0564 1.0625 0.1919, 2.056 1.0575 0.1914, 2.0796 1.0591 0.1924, 2.0793 1.0541 0.1919, 2.1025 1.0556 0.1971, 2.1022 1.0506 0.1965, 2.1239 1.0523 0.2055, 2.1238 1.0473 0.2049, 2.1431 1.0492 0.2172, 2.1431 1.0442 0.2166, 2.1598 1.0463 0.2317, 2.1598 1.0413 0.231, 2.1742 1.043 0.2493, 2.1743 1.0381 0.2487, 2.1855 1.0396 0.2695, 2.1858 1.0346 0.2689, 2.1932 1.0362 0.2915, 2.1936 1.0312 0.291, 2.1969 1.0328 0.3143, 2.1973 1.0278 0.3139, 2.1966 1.0297 0.3368, 2.1971 1.0247 0.3365, 2.1926 1.0268 0.3585, 2.1932 1.0218 0.3582, 2.1848 1.0236 0.3798, 2.1854 1.0186 0.3797, 2.1732 1.0202 0.3999, 2.1739 1.0152 0.3998, 2.1582 1.0167 0.4177, 2.1588 1.0117 0.4178, 2.1404 1.0133 0.4325, 2.141 1.0083 0.4327, 2.1209 1.0102 0.4438, 2.1214 1.0052 0.444, 2.1002 1.0073 0.4514, 2.1007 1.0023 0.4517, 2.0779 1.0041 0.4555, 2.0784 0.9991 0.456, 2.0548 1.0007 0.4558, 2.0551 0.9957 0.4563, 2.0318 0.9972 0.4519, 2.032 0.9922 0.4525, 2.0099 0.9938 0.4442, 2.0101 0.9889 0.4448, 1.9903 0.9907 0.433, 1.9903 0.9857 0.4337, 1.9732 0.9878 0.4191, 1.9731 0.9828 0.4198, 1.9583 0.9846 0.4021, 1.9582 0.9796 0.4027, 1.9463 0.9812 0.3823, 1.946 0.9763 0.3829, 1.9379 0.9778 0.3606, 1.9375 0.9728 0.3611, 1.9334 0.9744 0.3379, 1.933 0.9694 0.3383, 1.933 0.9712 0.3152, 1.9325 0.9662 0.3156, 1.9363 0.9683 0.2934, 1.9357 0.9633 0.2937, 1.9433 0.9652 0.272, 1.9427 0.9602 0.2722, 1.9542 0.9618 0.2516, 1.9536 0.9568 0.2517, 1.9686 0.9583 0.2333, 1.968 0.9533 0.2332, 1.9859 0.9549 0.2178, 1.9853 0.9499 0.2177, 2.0052 0.9517 0.2059, 2.0046 0.9467 0.2056, 2.0256 0.9488 0.1976, 2.0251 0.9438 0.1973, 2.0476 0.9457 0.1928, 2.0471 0.9407 0.1923, 2.0707 0.9423 0.1918, 2.0703 0.9373 0.1912, 2.0938 0.9388 0.1948, 2.0935 0.9339 0.1942, 2.1159 0.9354 0.2018, 2.1157 0.9304 0.2012, 2.1361 0.9322 0.2124, 2.136 0.9272 0.2117, 2.1536 0.9293 0.2257, 2.1536 0.9243 0.2251, 2.1689 0.9262 0.2422, 2.1691 0.9212 0.2415, 2.1816 0.9228 0.2615, 2.1818 0.9179 0.2609, 2.1907 0.9194 0.2829, 2.1911 0.9144 0.2824, 2.1959 0.916 0.3055, 2.1964 0.911 0.3051, 2.1972 0.9127 0.3283, 2.1977 0.9077 0.3279, 2.1946 0.9098 0.3502, 2.1952 0.9048 0.3499, 2.1883 0.9067 0.3717, 2.1889 0.9017 0.3715, 2.1781 0.9034 0.3924, 2.1787 0.8984 0.3923, 2.1643 0.8999 0.4112, 2.165 0.8949 0.4112, 2.1475 0.8965 0.4272, 2.1481 0.8915 0.4274, 2.1285 0.8932 0.4399, 2.1291 0.8883 0.4401, 2.1083 0.8903 0.4488, 2.1089 0.8853 0.4492, 2.0867 0.8872 0.4544, 2.0871 0.8823 0.4548, 2.0637 0.8839 0.4562, 2.0641 0.8789 0.4567, 2.0405 0.8805 0.4539, 2.0408 0.8755 0.4544, 2.0181 0.877 0.4476, 2.0183 0.872 0.4482, 1.9975 0.8738 0.4377, 1.9976 0.8688 0.4383, 1.9795 0.8708 0.4248, 1.9795 0.8658 0.4255, 1.9637 0.8678 0.409, 1.9636 0.8628 0.4097, 1.9505 0.8645 0.3902, 1.9503 0.8595 0.3908, 1.9407 0.861 0.3691, 1.9403 0.856 0.3697, 1.9347 0.8575 0.3466, 1.9342 0.8526 0.3471, 1.9327 0.8543 0.3238, 1.9322 0.8493 0.3243, 1.9346 0.8513 0.3017, 1.934 0.8463 0.3021, 1.9401 0.8483 0.2802, 1.9395 0.8433 0.2804, 1.9496 0.845 0.2593, 1.9489 0.84 0.2594, 1.9627 0.8415 0.24, 1.962 0.8365 0.24, 1.979 0.8381 0.2234, 1.9783 0.8331 0.2233, 1.9976 0.8348 0.2101, 1.997 0.8298 0.2098, 2.0176 0.8318 0.2004, 2.0171 0.8268 0.2001, 2.039 0.8288 0.1942, 2.0385 0.8238 0.1938, 2.0617 0.8255 0.1917, 2.0613 0.8205 0.1912, 2.085 0.8221 0.1932, 2.0846 0.8171 0.1926, 2.1076 0.8186 0.1987, 2.1074 0.8136 0.1981, 2.1286 0.8153 0.2079, 2.1285 0.8103 0.2073, 2.1472 0.8123 0.2203, 2.1472 0.8073 0.2196, 2.1633 0.8093 0.2355, 2.1634 0.8043 0.2348, 2.1771 0.806 0.2537, 2.1773 0.8011 0.2531, 2.1876 0.8026 0.2745, 2.1879 0.7976 0.2739, 2.1944 0.7991 0.2968, 2.1948 0.7942 0.2963, 2.1972 0.7958 0.3196, 2.1976 0.7908 0.3192, 2.196 0.7928 0.3419, 2.1965 0.7878 0.3416, 2.1912 0.7898 0.3635, 2.1918 0.7849 0.3632, 2.1825 0.7866 0.3846, 2.1831 0.7816 0.3845, 2.17 0.7831 0.4042, 2.1707 0.7782 0.4042, 2.1543 0.7797 0.4214, 2.1549 0.7747 0.4215, 2.136 0.7763 0.4354, 2.1366 0.7714 0.4356, 2.1162 0.7733 0.4458, 2.1168 0.7683 0.4461, 2.0952 0.7703 0.4527, 2.0957 0.7654 0.453, 2.0726 0.7671 0.4559, 2.0731 0.7621 0.4564, 2.0494 0.7637 0.4552, 2.0497 0.7587 0.4558, 2.0266 0.7602 0.4505, 2.0268 0.7552 0.4511, 2.0052 0.7569 0.4419, 2.0053 0.7519 0.4425, 1.9861 0.7538 0.4301, 1.9861 0.7488 0.4307, 1.9696 0.7509 0.4155, 1.9695 0.7459 0.4161, 1.9553 0.7476 0.3978, 1.9551 0.7427 0.3984, 1.944 0.7442 0.3775, 1.9437 0.7392 0.378, 1.9365 0.7407 0.3554, 1.9361 0.7358 0.3559, 1.933 0.7374 0.3326, 1.9325 0.7324 0.333, 1.9334 0.7343 0.3101, 1.9329 0.7293 0.3105, 1.9375 0.7314 0.2885, 1.9369 0.7264 0.2887, 1.9455 0.7282 0.2672, 1.9449 0.7232 0.2673, 1.9572 0.7248 0.2472, 1.9566 0.7198 0.2472, 1.9724 0.7213 0.2294, 1.9717 0.7163 0.2294, 1.9902 0.7179 0.2148, 1.9896 0.7129 0.2146, 2.0098 0.7148 0.2037, 2.0093 0.7098 0.2034, 2.0306 0.7119 0.1962, 2.03 0.7069 0.1958, 2.0529 0.7087 0.1922, 2.0524 0.7037 0.1917, 2.076 0.7053 0.1921, 2.0757 0.7003 0.1916, 2.099 0.7018 0.1961, 2.0988 0.6968 0.1955, 2.1208 0.6984 0.204, 2.1206 0.6935 0.2034, 2.1404 0.6953 0.2152, 2.1403 0.6903 0.2146, 2.1573 0.6924 0.2292, 2.1574 0.6874 0.2286, 2.1721 0.6892 0.2464, 2.1723 0.6842 0.2458, 2.184 0.6858 0.2662, 2.1843 0.6808 0.2657, 2.1923 0.6824 0.2881, 2.1926 0.6774 0.2875, 2.1966 0.679 0.3108, 2.197 0.674 0.3104, 2.1969 0.6758 0.3334, 2.1974 0.6708 0.3331, 2.1935 0.6729 0.3552, 2.194 0.6679 0.3549, 2.1863 0.6698 0.3766, 2.1869 0.6648 0.3764, 2.1752 0.6664 0.3969, 2.1759 0.6614 0.3969, 2.1607 0.6629 0.4152, 2.1613 0.6579 0.4152, 2.1433 0.6595 0.4305, 2.1439 0.6545 0.4306, 2.1239 0.6563 0.4423, 2.1245 0.6513 0.4425, 2.1035 0.6534 0.4504, 2.104 0.6484 0.4508, 2.0814 0.6503 0.4551, 2.0819 0.6453 0.4556, 2.0583 0.6469 0.456, 2.0587 0.6419 0.4565, 2.0352 0.6434 0.4528, 2.0355 0.6384 0.4533, 1.9808 1.4658 0.4243, 1.9652 1.4628 0.4087, 1.952 1.4595 0.3902, 1.9421 1.456 0.3694, 1.9361 1.4526 0.3471, 1.934 1.4493 0.3245, 1.9357 1.4463 0.3026, 1.9411 1.4433 0.2812, 1.9503 1.44 0.2605, 1.9632 1.4366 0.2414, 1.9793 1.4331 0.2248, 1.9977 1.4298 0.2115, 2.0175 1.4268 0.2018, 2.0386 1.4238 0.1956, 2.061 1.4206 0.193, 2.084 1.4171 0.1943, 2.1065 1.4137 0.1997, 2.1274 1.4103 0.2087, 2.1459 1.4073 0.2209, 2.1619 1.4043 0.2358, 2.1756 1.4011 0.2538, 2.1862 1.3977 0.2742, 2.193 1.3942 0.2963, 2.1959 1.3909 0.3189, 2.1948 1.3878 0.3411, 2.1901 1.3849 0.3625, 2.1817 1.3816 0.3834, 2.1695 1.3782 0.4029, 2.154 1.3747 0.42, 2.1359 1.3714 0.434, 2.1163 1.3683 0.4444, 2.0955 1.3654 0.4513, 2.0733 1.3621 0.4546, 2.0503 1.3587 0.4541, 2.0277 1.3553 0.4495, 2.0064 1.3519 0.4411, 1.9874 1.3488 0.4294, 1.9709 1.3459 0.4151, 1.9567 1.3427 0.3977, 1.9455 1.3393 0.3776, 1.9379 1.3358 0.3558, 1.9343 1.3324 0.3332, 1.9346 1.3293 0.3109, 1.9386 1.3264 0.2894, 1.9463 1.3232 0.2684, 1.9578 1.3198 0.2485, 1.9727 1.3163 0.2309, 1.9904 1.3129 0.2162, 2.0098 1.3098 0.2051, 2.0302 1.3069 0.1976, 2.0523 1.3037 0.1935, 2.0752 1.3003 0.1933, 2.098 1.2969 0.1971, 2.1196 1.2935 0.2048, 2.1391 1.2903 0.2159, 2.156 1.2874 0.2297, 2.1707 1.2843 0.2465, 2.1825 1.2809 0.2661, 2.1909 1.2774 0.2877, 2.1952 1.274 0.3102, 2.1957 1.2708 0.3327, 2.1924 1.2679 0.3542, 2.1854 1.2648 0.3754, 2.1746 1.2614 0.3956, 2.1603 1.2579 0.4137, 2.1431 1.2545 0.429, 2.124 1.2513 0.4408, 2.1037 1.2484 0.449, 2.082 1.2453 0.4538, 2.0591 1.2419 0.4548, 2.0362 1.2385 0.4517, 2.0143 1.2351 0.4447, 1.9944 1.2318 0.4342, 1.977 1.2289 0.421, 1.9619 1.2258 0.4047, 1.9494 1.2225 0.3856, 1.9404 1.219 0.3643, 1.9352 1.2156 0.3419, 1.934 1.2124 0.3194, 1.9366 1.2094 0.2976, 1.9429 1.2064 0.2764, 1.953 1.203 0.2559, 1.9666 1.1996 0.2373, 1.9833 1.1961 0.2215, 2.0022 1.1929 0.2089, 2.0222 1.1899 0.2001, 2.0436 1.1869 0.1946, 2.0663 1.1836 0.1929, 2.0893 1.1801 0.1952, 2.1115 1.1766 0.2014, 2.1319 1.1734 0.2113, 2.1498 1.1704 0.224, 2.1653 1.1674 0.2397, 2.1784 1.1641 0.2583, 2.1881 1.1606 0.2792, 2.194 1.1572 0.3015, 2.196 1.1539 0.3241, 2.1941 1.1509 0.346, 2.1885 1.1479 0.3674, 2.1792 1.1446 0.388, 2.1662 1.1412 0.4071, 2.15 1.1377 0.4235, 2.1315 1.1344 0.4367, 2.1116 1.1314 0.4463, 2.0905 1.1284 0.4524, 2.068 1.1252 0.4548, 2.045 1.1217 0.4534, 2.0226 1.1182 0.4478, 2.0018 1.1149 0.4386, 1.9834 1.1119 0.4264, 1.9674 1.1089 0.4113, 1.9538 1.1057 0.3932, 1.9434 1.1022 0.3727, 1.9367 1.0988 0.3506, 1.934 1.0955 0.328, 1.9352 1.0924 0.3059, 1.94 1.0895 0.2845, 1.9487 1.0862 0.2636, 1.961 1.0828 0.2442, 1.9766 1.0793 0.2272, 1.9947 1.076 0.2133, 2.0144 1.0729 0.2031, 2.0352 1.07 0.1963, 2.0575 1.0667 0.1931, 2.0805 1.0633 0.1938, 2.1031 1.0599 0.1986, 2.1243 1.0565 0.2071, 2.1432 1.0534 0.2188, 2.1596 1.0505 0.2333, 2.1737 1.0473 0.2508, 2.1848 1.0439 0.271, 2.1922 1.0404 0.2928, 2.1957 1.037 0.3155, 2.1952 1.0339 0.3377, 2.1911 1.031 0.3592, 2.1832 1.0278 0.3802, 2.1716 1.0244 0.4, 2.1565 1.0209 0.4176, 2.1388 1.0175 0.4321, 2.1194 1.0144 0.443, 2.0989 1.0115 0.4504, 2.0768 1.0083 0.4544, 2.0538 1.0049 0.4544, 2.0311 1.0015 0.4504, 2.0095 0.9981 0.4426, 1.9901 0.9949 0.4314, 1.9733 0.992 0.4175, 1.9587 0.9889 0.4005, 1.947 0.9855 0.3808, 1.9388 0.982 0.3592, 1.9346 0.9786 0.3367, 1.9343 0.9754 0.3143, 1.9377 0.9725 0.2927, 1.9449 0.9694 0.2715, 1.9558 0.966 0.2514, 1.9703 0.9625 0.2334, 1.9875 0.9591 0.2182, 2.0067 0.9559 0.2066, 2.027 0.953 0.1985, 2.0488 0.9499 0.1939, 2.0717 0.9465 0.1931, 2.0945 0.9431 0.1963, 2.1164 0.9397 0.2034, 2.1363 0.9364 0.214, 2.1535 0.9335 0.2274, 2.1686 0.9304 0.2438, 2.1809 0.9271 0.263, 2.1898 0.9236 0.2843, 2.1948 0.9202 0.3067, 2.1958 0.917 0.3293, 2.1931 0.914 0.351, 2.1867 0.911 0.3722, 2.1765 0.9076 0.3926, 2.1627 0.9041 0.4111, 2.1459 0.9007 0.4269, 2.127 0.8975 0.4393, 2.1069 0.8945 0.448, 2.0854 0.8915 0.4533, 2.0627 0.8881 0.4549, 2.0397 0.8847 0.4524, 2.0176 0.8812 0.446, 1.9973 0.878 0.4361, 1.9795 0.875 0.4232, 1.9641 0.872 0.4074, 1.9511 0.8687 0.3887, 1.9415 0.8652 0.3677, 1.9357 0.8618 0.3454, 1.934 0.8585 0.3228, 1.936 0.8555 0.3009, 1.9417 0.8525 0.2796, 1.9512 0.8492 0.259, 1.9643 0.8458 0.24, 1.9806 0.8423 0.2237, 1.9992 0.839 0.2106, 2.0191 0.836 0.2012, 2.0402 0.833 0.1953, 2.0628 0.8297 0.1929, 2.0858 0.8263 0.1946, 2.1082 0.8228 0.2002, 2.1289 0.8195 0.2096, 2.1472 0.8165 0.2219, 2.1631 0.8135 0.2371, 2.1765 0.8103 0.2553, 2.1868 0.8068 0.2759, 2.1934 0.8034 0.298, 2.1959 0.8001 0.3207, 2.1946 0.797 0.3427, 2.1896 0.7941 0.3641, 2.1809 0.7908 0.3849, 2.1684 0.7874 0.4043, 2.1527 0.7839 0.4212, 2.1345 0.7806 0.4349, 2.1147 0.7775 0.4451, 2.0939 0.7746 0.4517, 2.0715 0.7713 0.4547, 2.0485 0.7679 0.4538, 2.026 0.7644 0.4489, 2.0048 0.7611 0.4403, 1.986 0.758 0.4284, 1.9698 0.7551 0.4139, 1.9557 0.7519 0.3962, 1.9448 0.7484 0.376, 1.9375 0.745 0.3541, 1.9342 0.7416 0.3315, 1.9348 0.7385 0.3092, 1.939 0.7356 0.2878, 1.9471 0.7324 0.2668, 1.9589 0.729 0.2471, 1.974 0.7255 0.2296, 1.9918 0.7221 0.2152, 2.0113 0.719 0.2044, 2.0319 0.7161 0.1971, 2.054 0.7129 0.1934, 2.077 0.7095 0.1935, 2.0997 0.7061 0.1976, 2.1212 0.7027 0.2056, 2.1405 0.6995 0.2169, 2.1572 0.6966 0.2309, 2.1717 0.6935 0.248, 2.1833 0.6901 0.2677, 2.1913 0.6866 0.2894, 2.1954 0.6832 0.312, 2.1955 0.68 0.3344, 2.192 0.6771 0.3559, 2.1847 0.674 0.377, 2.1736 0.6706 0.3971, 2.159 0.6671 0.415, 2.1417 0.6637 0.4301, 2.1224 0.6605 0.4416, 2.1021 0.6576 0.4495, 2.0802 0.6545 0.454, 2.0574 0.6511 0.4547, 2.0345 0.6477 0.4513, 1.9657 1.4668 0.4059, 1.953 1.4636 0.3875, 1.9436 1.4601 0.3669, 1.9379 1.4566 0.345, 1.9362 1.4534 0.3227, 1.9382 1.4504 0.3011, 1.9438 1.4474 0.2802, 1.9531 1.4441 0.26, 1.9661 1.4406 0.2414, 1.9821 1.4372 0.2253, 2.0004 1.4339 0.2125, 2.02 1.4308 0.2032, 2.0408 1.4279 0.1974, 2.0629 1.4246 0.1951, 2.0855 1.4212 0.1967, 2.1075 1.4177 0.2023, 2.1279 1.4144 0.2115, 2.146 1.4113 0.2237, 2.1615 1.4084 0.2386, 2.1747 1.4051 0.2565, 2.1848 1.4017 0.2768, 2.1912 1.3982 0.2985, 2.1937 1.3949 0.3208, 2.1924 1.3918 0.3426, 2.1875 1.3889 0.3635, 2.1789 1.3857 0.384, 2.1666 1.3823 0.403, 2.1511 1.3788 0.4196, 2.1332 1.3754 0.4331, 2.1137 1.3723 0.4431, 2.0933 1.3694 0.4495, 2.0713 1.3662 0.4525, 2.0487 1.3628 0.4517, 2.0265 1.3593 0.4468, 2.0057 1.356 0.4383, 1.9872 1.3529 0.4266, 1.9712 1.3499 0.4123, 1.9575 1.3467 0.3949, 1.9468 1.3433 0.3751, 1.9396 1.3399 0.3535, 1.9364 1.3365 0.3312, 1.937 1.3334 0.3093, 1.9412 1.3304 0.2883, 1.9491 1.3273 0.2676, 1.9607 1.3239 0.2483, 1.9756 1.3204 0.2311, 1.9931 1.317 0.217, 2.0124 1.3139 0.2063, 2.0326 1.311 0.1992, 2.0543 1.3078 0.1955, 2.0769 1.3044 0.1956, 2.0992 1.3009 0.1997, 2.1203 1.2975 0.2076, 2.1393 1.2944 0.2187, 2.1558 1.2915 0.2325, 2.17 1.2883 0.2493, 2.1814 1.2849 0.2687, 2.1892 1.2815 0.2901, 2.1932 1.2781 0.3123, 2.1933 1.2749 0.3344, 2.1898 1.272 0.3555, 2.1826 1.2688 0.3762, 2.1717 1.2655 0.3959, 2.1574 1.262 0.4136, 2.1403 1.2586 0.4283, 2.1214 1.2554 0.4397, 2.1013 1.2525 0.4475, 2.0799 1.2494 0.4518, 2.0574 1.246 0.4525, 2.035 1.2425 0.4491, 2.0135 1.2391 0.442, 1.994 1.2359 0.4314, 1.9771 1.233 0.4181, 1.9625 1.2299 0.4019, 1.9505 1.2265 0.3829, 1.9419 1.2231 0.3619, 1.9371 1.2196 0.3398, 1.9363 1.2164 0.3176, 1.9391 1.2135 0.2963, 1.9456 1.2104 0.2755, 1.9558 1.2071 0.2555, 1.9695 1.2036 0.2374, 1.9861 1.2002 0.222, 2.0048 1.1969 0.21, 2.0246 1.194 0.2016, 2.0458 1.1909 0.1965, 2.0681 1.1876 0.1951, 2.0907 1.1842 0.1977, 2.1124 1.1807 0.2042, 2.1323 1.1774 0.2141, 2.1497 1.1745 0.2269, 2.1648 1.1715 0.2425, 2.1774 1.1681 0.261, 2.1867 1.1647 0.2817, 2.1922 1.1612 0.3037, 2.1937 1.158 0.3259, 2.1916 1.155 0.3475, 2.1858 1.152 0.3683, 2.1764 1.1487 0.3885, 2.1633 1.1452 0.4071, 2.1472 1.1418 0.423, 2.1288 1.1385 0.4358, 2.1091 1.1355 0.4449, 2.0883 1.1325 0.4506, 2.0661 1.1292 0.4527, 2.0435 1.1258 0.4509, 2.0216 1.1223 0.4452, 2.0012 1.119 0.4358, 1.9833 1.116 0.4235, 1.9679 1.113 0.4085, 1.9547 1.1097 0.3905, 1.9448 1.1063 0.3702, 1.9385 1.1028 0.3484, 1.9362 1.0995 0.3261, 1.9376 1.0965 0.3044, 1.9427 1.0935 0.2834, 1.9514 1.0903 0.263, 1.9639 1.0868 0.2441, 1.9794 1.0834 0.2276, 1.9974 1.08 0.2142, 2.0169 1.077 0.2044, 2.0375 1.074 0.1981, 2.0595 1.0708 0.1952, 2.0821 1.0674 0.1962, 2.1042 1.0639 0.2012, 2.1249 1.0606 0.2099, 2.1434 1.0575 0.2217, 2.1592 1.0545 0.2361, 2.1729 1.0513 0.2536, 2.1835 1.0479 0.2735, 2.1905 1.0444 0.2951, 2.1936 1.0411 0.3174, 2.1928 1.038 0.3393, 2.1885 1.0351 0.3603, 2.1805 1.0319 0.3809, 2.1687 1.0285 0.4002, 2.1537 1.025 0.4173, 2.1361 1.0216 0.4313, 2.1168 1.0185 0.4418, 2.0965 1.0156 0.4488, 2.0748 1.0124 0.4523, 2.0522 1.009 0.4521, 2.0299 1.0055 0.4478, 2.0088 1.0021 0.4398, 1.9899 0.999 0.4286, 1.9736 0.9961 0.4147, 1.9595 0.9929 0.3978, 1.9482 0.9895 0.3782, 1.9405 0.9861 0.3569, 1.9366 0.9827 0.3347, 1.9367 0.9795 0.3126, 1.9403 0.9766 0.2915, 1.9476 0.9734 0.2708, 1.9587 0.9701 0.2511, 1.9731 0.9666 0.2336, 1.9903 0.9632 0.2189, 2.0093 0.96 0.2077, 2.0294 0.9571 0.2001, 2.0509 0.954 0.1959, 2.0734 0.9506 0.1954, 2.0958 0.9471 0.1988, 2.1172 0.9437 0.2062, 2.1366 0.9405 0.2168, 2.1534 0.9376 0.2302, 2.168 0.9345 0.2465, 2.1798 0.9311 0.2656, 2.1883 0.9277 0.2867, 2.1929 0.9242 0.3088, 2.1936 0.921 0.331, 2.1906 0.9181 0.3523, 2.184 0.915 0.3731, 2.1736 0.9117 0.393, 2.1598 0.9082 0.411, 2.1431 0.9048 0.4263, 2.1244 0.9015 0.4382, 2.1045 0.8986 0.4465, 2.0833 0.8955 0.4514, 2.0609 0.8922 0.4526, 2.0384 0.8887 0.4499, 2.0167 0.8853 0.4433, 1.9969 0.882 0.4332, 1.9796 0.8791 0.4203, 1.9646 0.8761 0.4046, 1.9521 0.8727 0.386, 1.943 0.8693 0.3653, 1.9376 0.8658 0.3432, 1.9362 0.8626 0.321, 1.9385 0.8596 0.2995, 1.9444 0.8566 0.2786, 1.954 0.8533 0.2585, 1.9672 0.8498 0.24, 1.9834 0.8464 0.2242, 2.0018 0.8431 0.2116, 2.0215 0.8401 0.2026, 2.0425 0.8371 0.1971, 2.0647 0.8338 0.1951, 2.0873 0.8304 0.197, 2.1092 0.8269 0.2029, 2.1294 0.8236 0.2124, 2.1472 0.8206 0.2248, 2.1626 0.8176 0.2399, 2.1756 0.8143 0.258, 2.1855 0.8109 0.2784, 2.1916 0.8074 0.3003, 2.1938 0.8041 0.3225, 2.1921 0.8011 0.3442, 2.187 0.7981 0.3651, 2.1781 0.7949 0.3855, 2.1655 0.7914 0.4044, 2.1498 0.788 0.4208, 2.1318 0.7846 0.434, 2.1122 0.7816 0.4437, 2.0916 0.7786 0.4499, 2.0696 0.7754 0.4526, 2.047 0.772 0.4514, 2.0249 0.7685 0.4463, 2.0042 0.7652 0.4375, 1.9859 0.7621 0.4256, 1.9701 0.7591 0.411, 1.9566 0.7559 0.3935, 1.9461 0.7525 0.3734, 1.9392 0.749 0.3518, 1.9363 0.7457 0.3295, 1.9372 0.7426 0.3076, 1.9417 0.7397 0.2866, 1.9499 0.7365 0.2661, 1.9617 0.733 0.2469, 1.9769 0.7296 0.2299, 1.9945 0.7262 0.216, 2.0139 0.7231 0.2057, 2.0342 0.7202 0.1988, 2.056 0.717 0.1954, 2.0786 0.7136 0.1958, 2.1009 0.7101 0.2002, 2.1219 0.7067 0.2084, 2.1407 0.7036 0.2197, 2.1569 0.7007 0.2337, 2.171 0.6975 0.2507, 2.1821 0.6941 0.2703, 2.1897 0.6906 0.2917, 2.1934 0.6873 0.314, 2.1932 0.6841 0.336, 2.1894 0.6812 0.3571, 2.1819 0.678 0.3778, 2.1708 0.6747 0.3974, 2.1562 0.6712 0.4148, 2.1389 0.6678 0.4293, 2.1198 0.6646 0.4404, 2.0997 0.6617 0.4479, 2.0782 0.6586 0.452, 2.0557 0.6552 0.4524, 2.0333 0.6517 0.4487, 1.9542 1.4666 0.3843, 1.9453 1.4631 0.3639, 1.9401 1.4597 0.3423, 1.9388 1.4564 0.3205, 1.9412 1.4534 0.2994, 1.947 1.4504 0.279, 1.9565 1.4471 0.2594, 1.9695 1.4436 0.2413, 1.9855 1.4402 0.2259, 2.0036 1.4369 0.2136, 2.023 1.4339 0.2049, 2.0435 1.4309 0.1996, 2.0652 1.4276 0.1977, 2.0873 1.4242 0.1997, 2.1088 1.4207 0.2056, 2.1286 1.4174 0.2149, 2.146 1.4144 0.2272, 2.161 1.4114 0.2421, 2.1737 1.4082 0.2598, 2.1832 1.4047 0.2798, 2.1891 1.4013 0.3013, 2.1911 1.3979 0.3231, 2.1894 1.3949 0.3445, 2.1843 1.3919 0.3649, 2.1755 1.3887 0.3848, 2.1631 1.3853 0.4032, 2.1477 1.3818 0.4192, 2.1299 1.3784 0.4321, 2.1107 1.3754 0.4415, 2.0905 1.3724 0.4475, 2.0689 1.3692 0.45, 2.0468 1.3658 0.4488, 2.0252 1.3623 0.4436, 2.005 1.359 0.4349, 1.987 1.3559 0.4231, 1.9716 1.3529 0.4088, 1.9585 1.3497 0.3916, 1.9483 1.3463 0.3719, 1.9417 1.3429 0.3507, 1.9389 1.3395 0.3288, 1.9399 1.3364 0.3073, 1.9444 1.3335 0.2868, 1.9525 1.3303 0.2668, 1.9642 1.3269 0.248, 1.9791 1.3234 0.2315, 1.9965 1.32 0.2179, 2.0155 1.3169 0.2078, 2.0354 1.314 0.2012, 2.0568 1.3108 0.198, 2.0789 1.3074 0.1985, 2.1007 1.3039 0.2029, 2.1212 1.3005 0.211, 2.1397 1.2974 0.2222, 2.1555 1.2945 0.236, 2.1691 1.2913 0.2527, 2.1799 1.2879 0.2719, 2.1873 1.2845 0.2929, 2.1908 1.2811 0.3148, 2.1905 1.2779 0.3364, 2.1867 1.275 0.357, 2.1793 1.2719 0.3772, 2.1683 1.2685 0.3963, 2.154 1.265 0.4133, 2.137 1.2616 0.4275, 2.1182 1.2584 0.4383, 2.0984 1.2555 0.4455, 2.0773 1.2524 0.4495, 2.0553 1.249 0.4497, 2.0334 1.2456 0.4461, 2.0125 1.2421 0.4386, 1.9936 1.2389 0.428, 1.9773 1.236 0.4146, 1.9632 1.2329 0.3985, 1.9518 1.2296 0.3797, 1.9438 1.2261 0.359, 1.9395 1.2227 0.3372, 1.9391 1.2194 0.3155, 1.9422 1.2165 0.2947, 1.9489 1.2134 0.2744, 1.9592 1.2101 0.255, 1.973 1.2066 0.2375, 1.9895 1.2032 0.2228, 2.008 1.1999 0.2113, 2.0276 1.197 0.2034, 2.0484 1.1939 0.1988, 2.0703 1.1906 0.1978, 2.0924 1.1872 0.2007, 2.1135 1.1837 0.2074, 2.1329 1.1805 0.2176, 2.1497 1.1775 0.2304, 2.1642 1.1745 0.2459, 2.1762 1.1712 0.2643, 2.1849 1.1677 0.2847, 2.1899 1.1643 0.3063, 2.1911 1.161 0.3281, 2.1886 1.158 0.3492, 2.1826 1.155 0.3695, 2.1729 1.1517 0.3892, 2.1598 1.1482 0.4071, 2.1438 1.1448 0.4224, 2.1255 1.1415 0.4346, 2.1061 1.1385 0.4432, 2.0856 1.1355 0.4484, 2.0638 1.1322 0.4501, 2.0417 1.1288 0.4479, 2.0203 1.1253 0.4419, 2.0006 1.122 0.4324, 1.9833 1.119 0.42, 1.9684 1.116 0.4051, 1.9558 1.1128 0.3872, 1.9464 1.1093 0.3671, 1.9407 1.1059 0.3457, 1.9388 1.1025 0.3238, 1.9406 1.0995 0.3025, 1.9459 1.0965 0.2821, 1.9548 1.0933 0.2623, 1.9673 1.0899 0.244, 1.9829 1.0864 0.2281, 2.0007 1.083 0.2153, 2.02 1.08 0.206, 2.0402 1.077 0.2002, 2.0618 1.0738 0.1978, 2.0839 1.0704 0.1992, 2.1056 1.0669 0.2044, 2.1257 1.0636 0.2133, 2.1435 1.0605 0.2252, 2.1588 1.0576 0.2396, 2.1719 1.0543 0.2569, 2.182 1.0509 0.2766, 2.1884 1.0475 0.2979, 2.1911 1.0441 0.3198, 2.1899 1.041 0.3412, 2.1853 1.0381 0.3617, 2.1771 1.0349 0.3818, 2.1653 1.0315 0.4005, 2.1502 1.028 0.4169, 2.1327 1.0246 0.4303, 2.1137 1.0215 0.4403, 2.0937 1.0186 0.4468, 2.0723 1.0154 0.4499, 2.0502 1.012 0.4492, 2.0284 1.0085 0.4447, 2.0079 1.0051 0.4364, 1.9896 1.002 0.4251, 1.9739 0.9991 0.4112, 1.9603 0.9959 0.3944, 1.9496 0.9925 0.3751, 1.9424 0.9891 0.354, 1.9391 0.9857 0.3322, 1.9395 0.9825 0.3106, 1.9434 0.9796 0.29, 1.951 0.9765 0.2698, 1.9621 0.9731 0.2508, 1.9766 0.9696 0.2338, 1.9937 0.9662 0.2198, 2.0125 0.963 0.2091, 2.0323 0.9601 0.202, 2.0534 0.957 0.1982, 2.0754 0.9536 0.1982, 2.0974 0.9501 0.202, 2.1182 0.9467 0.2095, 2.137 0.9435 0.2203, 2.1532 0.9406 0.2337, 2.1672 0.9375 0.2499, 2.1785 0.9341 0.2688, 2.1864 0.9307 0.2896, 2.1905 0.9273 0.3114, 2.1908 0.924 0.3331, 2.1875 0.9211 0.3539, 2.1807 0.918 0.3742, 2.1702 0.9147 0.3935, 2.1564 0.9112 0.4109, 2.1397 0.9078 0.4255, 2.1211 0.9045 0.4369, 2.1015 0.9016 0.4446, 2.0807 0.8985 0.4491, 2.0587 0.8952 0.4499, 2.0367 0.8918 0.4469, 2.0156 0.8883 0.44, 1.9964 0.8851 0.4298, 1.9797 0.8821 0.4169, 1.9652 0.8791 0.4012, 1.9534 0.8758 0.3828, 1.9448 0.8723 0.3623, 1.9399 0.8688 0.3406, 1.9389 0.8656 0.3188, 1.9415 0.8626 0.2978, 1.9476 0.8596 0.2775, 1.9574 0.8563 0.2579, 1.9707 0.8528 0.2401, 1.9868 0.8494 0.2248, 2.0051 0.8461 0.2128, 2.0246 0.8431 0.2044, 2.0451 0.8401 0.1993, 2.0669 0.8368 0.1977, 2.089 0.8334 0.2, 2.1104 0.8299 0.2062, 2.13 0.8266 0.2158, 2.1473 0.8236 0.2283, 2.1621 0.8206 0.2433, 2.1745 0.8173 0.2613, 2.1838 0.8139 0.2814, 2.1894 0.8104 0.303, 2.1911 0.8071 0.3248, 2.1892 0.8041 0.346, 2.1837 0.8011 0.3664, 2.1747 0.7979 0.3862, 2.162 0.7944 0.4045, 2.1464 0.791 0.4203, 2.1285 0.7876 0.4329, 2.1091 0.7846 0.4421, 2.0889 0.7816 0.4478, 2.0672 0.7784 0.45, 2.0451 0.775 0.4485, 2.0236 0.7715 0.4431, 2.0035 0.7682 0.4341, 1.9857 0.7651 0.4221, 1.9705 0.7622 0.4076, 1.9576 0.7589 0.3901, 1.9476 0.7555 0.3703, 1.9413 0.7521 0.349, 1.9388 0.7487 0.3271, 1.9401 0.7456 0.3057, 1.9448 0.7427 0.2853, 1.9532 0.7395 0.2653, 1.9652 0.7361 0.2467, 1.9803 0.7326 0.2303, 1.9979 0.7292 0.217, 2.017 0.7261 0.2072, 2.037 0.7232 0.2008, 2.0585 0.72 0.1979, 2.0806 0.7166 0.1987, 2.1023 0.7131 0.2034, 2.1227 0.7097 0.2117, 2.141 0.7066 0.2232, 2.1566 0.7037 0.2372, 2.1701 0.7005 0.2541, 2.1806 0.6971 0.2735, 2.1877 0.6937 0.2946, 2.1909 0.6903 0.3164, 2.1903 0.6871 0.338, 2.1863 0.6842 0.3586, 2.1786 0.6811 0.3787, 2.1673 0.6777 0.3977, 2.1527 0.6742 0.4145, 2.1356 0.6708 0.4285, 2.1167 0.6676 0.439, 2.0969 0.6647 0.446, 2.0757 0.6616 0.4496, 2.0536 0.6582 0.4496, 2.0317 0.6547 0.4456, 1.9473 1.4652 0.3604, 1.9428 1.4618 0.3392, 1.942 1.4585 0.3178, 1.9447 1.4555 0.2973, 1.9509 1.4525 0.2776, 1.9606 1.4492 0.2586, 1.9736 1.4458 0.2413, 1.9895 1.4423 0.2266, 2.0075 1.439 0.215, 2.0266 1.436 0.2069, 2.0467 1.433 0.2021, 2.0679 1.4298 0.2008, 2.0895 1.4263 0.2032, 2.1103 1.4229 0.2094, 2.1294 1.4195 0.219, 2.1461 1.4165 0.2313, 2.1604 1.4135 0.2461, 2.1724 1.4103 0.2637, 2.1813 1.4069 0.2834, 2.1866 1.4034 0.3045, 2.1881 1.4001 0.3259, 2.186 1.397 0.3466, 2.1805 1.3941 0.3664, 2.1715 1.3908 0.3856, 2.159 1.3874 0.4033, 2.1436 1.3839 0.4186, 2.126 1.3806 0.4308, 2.107 1.3775 0.4396, 2.0872 1.3746 0.445, 2.0661 1.3713 0.447, 2.0446 1.3679 0.4453, 2.0236 1.3645 0.4399, 2.004 1.3611 0.4309, 1.9868 1.358 0.419, 1.9721 1.3551 0.4047, 1.9596 1.3519 0.3876, 1.9501 1.3485 0.3683, 1.9441 1.345 0.3474, 1.9418 1.3416 0.326, 1.9433 1.3385 0.3051, 1.9481 1.3356 0.2851, 1.9564 1.3324 0.2657, 1.9682 1.329 0.2477, 1.9831 1.3255 0.2319, 2.0004 1.3221 0.219, 2.0192 1.319 0.2096, 2.0388 1.3161 0.2036, 2.0597 1.3129 0.2009, 2.0812 1.3095 0.2018, 2.1024 1.3061 0.2066, 2.1223 1.3027 0.2149, 2.14 1.2995 0.2263, 2.1552 1.2966 0.2401, 2.1681 1.2935 0.2567, 2.1783 1.2901 0.2757, 2.185 1.2866 0.2963, 2.1879 1.2832 0.3177, 2.1872 1.28 0.3388, 2.183 1.2771 0.3589, 2.1754 1.274 0.3784, 2.1642 1.2706 0.3968, 2.1499 1.2671 0.4131, 2.133 1.2637 0.4265, 2.1144 1.2605 0.4367, 2.095 1.2576 0.4433, 2.0743 1.2545 0.4467, 2.0529 1.2511 0.4464, 2.0315 1.2477 0.4424, 2.0113 1.2443 0.4347, 1.9931 1.241 0.4239, 1.9775 1.2381 0.4106, 1.9641 1.235 0.3945, 1.9534 1.2317 0.3759, 1.946 1.2282 0.3555, 1.9423 1.2248 0.3342, 1.9423 1.2216 0.313, 1.9458 1.2186 0.2927, 1.9528 1.2156 0.2731, 1.9633 1.2122 0.2544, 1.9771 1.2088 0.2376, 1.9935 1.2053 0.2236, 2.0118 1.2021 0.2128, 2.0311 1.1991 0.2055, 2.0515 1.1961 0.2015, 2.0729 1.1928 0.201, 2.0944 1.1893 0.2043, 2.1149 1.1858 0.2113, 2.1335 1.1826 0.2216, 2.1496 1.1796 0.2345, 2.1634 1.1766 0.25, 2.1747 1.1733 0.2681, 2.1828 1.1698 0.2882, 2.1872 1.1664 0.3094, 2.1879 1.1631 0.3308, 2.185 1.1601 0.3512, 2.1787 1.1571 0.371, 2.1689 1.1538 0.3899, 2.1557 1.1504 0.4071, 2.1397 1.1469 0.4217, 2.1217 1.1436 0.4332, 2.1026 1.1406 0.4411, 2.0824 1.1376 0.4458, 2.0612 1.1344 0.447, 2.0396 1.1309 0.4444, 2.0189 1.1274 0.4381, 1.9998 1.1241 0.4284, 1.9832 1.1211 0.416, 1.969 1.1181 0.401, 1.9571 1.1149 0.3834, 1.9484 1.1114 0.3635, 1.9432 1.108 0.3425, 1.9419 1.1047 0.3211, 1.9441 1.1016 0.3004, 1.9497 1.0987 0.2806, 1.9588 1.0954 0.2614, 1.9714 1.092 0.2438, 1.9869 1.0885 0.2286, 2.0046 1.0852 0.2165, 2.0236 1.0821 0.2079, 2.0435 1.0792 0.2026, 2.0646 1.0759 0.2008, 2.0862 1.0725 0.2026, 2.1071 1.0691 0.2082, 2.1266 1.0657 0.2173, 2.1437 1.0626 0.2293, 2.1584 1.0597 0.2437, 2.1707 1.0565 0.2608, 2.1801 1.0531 0.2803, 2.186 1.0496 0.3012, 2.1881 1.0462 0.3226, 2.1865 1.0431 0.3435, 2.1816 1.0402 0.3634, 2.1731 1.037 0.3828, 2.1612 1.0336 0.4007, 2.1462 1.0301 0.4165, 2.1288 1.0267 0.4292, 2.11 1.0236 0.4385, 2.0904 1.0207 0.4444, 2.0694 1.0175 0.4469, 2.0479 1.0141 0.4458, 2.0267 1.0107 0.4409, 2.0069 1.0073 0.4325, 1.9893 1.0041 0.421, 1.9742 1.0012 0.4071, 1.9614 0.9981 0.3904, 1.9513 0.9947 0.3714, 1.9448 0.9912 0.3507, 1.9419 0.9878 0.3293, 1.9428 0.9846 0.3082, 1.9471 0.9817 0.2882, 1.9549 0.9786 0.2687, 1.9662 0.9752 0.2503, 1.9807 0.9717 0.2341, 1.9976 0.9683 0.2208, 2.0162 0.9651 0.2108, 2.0357 0.9622 0.2043, 2.0564 0.9591 0.2011, 2.0779 0.9557 0.2014, 2.0992 0.9523 0.2056, 2.1193 0.9489 0.2134, 2.1375 0.9456 0.2244, 2.153 0.9427 0.2378, 2.1663 0.9396 0.2539, 2.1769 0.9363 0.2726, 2.1842 0.9328 0.2931, 2.1877 0.9294 0.3144, 2.1875 0.9262 0.3356, 2.1839 0.9232 0.3558, 2.1768 0.9202 0.3754, 2.1662 0.9168 0.3941, 2.1523 0.9133 0.4107, 2.1357 0.9099 0.4247, 2.1173 0.9067 0.4353, 2.0981 0.9037 0.4425, 2.0776 0.9007 0.4464, 2.0562 0.8973 0.4467, 2.0348 0.8939 0.4433, 2.0143 0.8904 0.4361, 1.9958 0.8872 0.4257, 1.9797 0.8842 0.4128, 1.966 0.8812 0.3972, 1.9548 0.8779 0.3789, 1.9469 0.8744 0.3588, 1.9426 0.871 0.3375, 1.9421 0.8677 0.3162, 1.9451 0.8647 0.2958, 1.9515 0.8617 0.2761, 1.9615 0.8584 0.2572, 1.9748 0.855 0.2401, 1.9909 0.8515 0.2256, 2.0089 0.8482 0.2142, 2.0281 0.8452 0.2064, 2.0483 0.8422 0.2019, 2.0696 0.8389 0.2008, 2.0911 0.8355 0.2036, 2.1118 0.832 0.21, 2.1308 0.8287 0.2198, 2.1473 0.8257 0.2324, 2.1615 0.8227 0.2474, 2.1732 0.8195 0.2652, 2.1818 0.816 0.285, 2.1868 0.8126 0.3061, 2.188 0.8093 0.3275, 2.1857 0.8062 0.3482, 2.1799 0.8033 0.368, 2.1707 0.8 0.3871, 2.158 0.7966 0.4046, 2.1423 0.7931 0.4197, 2.1246 0.7898 0.4316, 2.1055 0.7867 0.4402, 2.0856 0.7838 0.4453, 2.0645 0.7805 0.447, 2.0429 0.7771 0.445, 2.022 0.7736 0.4393, 2.0026 0.7703 0.4301, 1.9856 0.7672 0.418, 1.971 0.7643 0.4035, 1.9588 0.7611 0.3862, 1.9495 0.7576 0.3667, 1.9438 0.7542 0.3458, 1.9418 0.7508 0.3244, 1.9435 0.7477 0.3035, 1.9486 0.7448 0.2836, 1.9572 0.7416 0.2643, 1.9693 0.7382 0.2464, 1.9844 0.7347 0.2308, 2.0018 0.7313 0.2182, 2.0207 0.7282 0.209, 2.0404 0.7253 0.2032, 2.0613 0.7221 0.2008, 2.0829 0.7187 0.2021, 2.104 0.7152 0.2071, 2.1237 0.7119 0.2157, 2.1413 0.7087 0.2273, 2.1563 0.7058 0.2413, 2.169 0.7027 0.258, 2.1789 0.6993 0.2772, 2.1853 0.6958 0.2979, 2.188 0.6924 0.3193, 2.187 0.6892 0.3404, 2.1826 0.6863 0.3604, 2.1746 0.6832 0.3799, 2.1632 0.6798 0.3981, 2.1486 0.6763 0.4142, 2.1316 0.6729 0.4274, 2.1129 0.6697 0.4373, 2.0935 0.6668 0.4437, 2.0727 0.6637 0.4468, 2.0512 0.6603 0.4463, 2.0299 0.6569 0.4419, 1.946 1.463 0.3354, 1.9458 1.4597 0.3147, 1.949 1.4567 0.2948, 1.9555 1.4537 0.2758, 1.9654 1.4504 0.2577, 1.9786 1.4469 0.2413, 1.9944 1.4435 0.2274, 2.0122 1.4402 0.2166, 2.0309 1.4372 0.2093, 2.0506 1.4342 0.2052, 2.0712 1.4309 0.2045, 2.092 1.4275 0.2075, 2.112 1.424 0.214, 2.1304 1.4207 0.2238, 2.1463 1.4177 0.2363, 2.1597 1.4147 0.251, 2.1709 1.4115 0.2684, 2.1789 1.408 0.2878, 2.1835 1.4046 0.3084, 2.1844 1.4012 0.3292, 2.1818 1.3982 0.3493, 2.1759 1.3952 0.3683, 2.1667 1.392 0.3867, 2.1541 1.3886 0.4036, 2.1387 1.3851 0.418, 2.1213 1.3817 0.4293, 2.1026 1.3787 0.4373, 2.0832 1.3757 0.442, 2.0627 1.3725 0.4434, 2.0419 1.3691 0.4412, 2.0216 1.3656 0.4353, 2.0029 1.3623 0.4261, 1.9865 1.3592 0.4141, 1.9726 1.3562 0.3998, 1.961 1.353 0.3829, 1.9523 1.3496 0.3638, 1.947 1.3462 0.3434, 1.9454 1.3428 0.3226, 1.9474 1.3397 0.3023, 1.9526 1.3368 0.2831, 1.9612 1.3336 0.2645, 1.9732 1.3302 0.2473, 1.9881 1.3267 0.2324, 2.0052 1.3233 0.2204, 2.0237 1.3202 0.2117, 2.0428 1.3173 0.2064, 2.0632 1.3141 0.2044, 2.0841 1.3107 0.2059, 2.1045 1.3072 0.2111, 2.1236 1.3038 0.2197, 2.1405 1.3007 0.2312, 2.1548 1.2978 0.245, 2.1669 1.2946 0.2615, 2.1762 1.2912 0.2802, 2.1822 1.2878 0.3004, 2.1845 1.2844 0.3212, 2.1832 1.2812 0.3417, 2.1786 1.2783 0.361, 2.1706 1.2752 0.3798, 2.1593 1.2718 0.3973, 2.1449 1.2683 0.4128, 2.1282 1.2649 0.4254, 2.1099 1.2617 0.4347, 2.0909 1.2588 0.4406, 2.0707 1.2557 0.4433, 2.0499 1.2523 0.4425, 2.0293 1.2488 0.438, 2.0099 1.2454 0.43, 1.9925 1.2422 0.419, 1.9777 1.2393 0.4056, 1.9652 1.2362 0.3897, 1.9552 1.2329 0.3714, 1.9486 1.2294 0.3514, 1.9456 1.226 0.3306, 1.9462 1.2227 0.31, 1.9502 1.2198 0.2904, 1.9575 1.2167 0.2715, 1.9682 1.2134 0.2537, 1.982 1.2099 0.2378, 1.9984 1.2065 0.2246, 2.0165 1.2032 0.2146, 2.0353 1.2003 0.2081, 2.0553 1.1972 0.2047, 2.076 1.1939 0.2049, 2.0967 1.1905 0.2087, 2.1164 1.187 0.216, 2.1343 1.1838 0.2265, 2.1496 1.1808 0.2394, 2.1625 1.1778 0.2548, 2.173 1.1745 0.2727, 2.1803 1.171 0.2925, 2.184 1.1676 0.3132, 2.1841 1.1643 0.3339, 2.1807 1.1613 0.3537, 2.1741 1.1583 0.3727, 2.164 1.155 0.3908, 2.1508 1.1515 0.4071, 2.1348 1.1481 0.4209, 2.117 1.1448 0.4315, 2.0982 1.1418 0.4387, 2.0786 1.1388 0.4427, 2.0579 1.1355 0.4432, 2.0371 1.1321 0.4401, 2.0171 1.1286 0.4335, 1.9989 1.1253 0.4235, 1.9831 1.1223 0.411, 1.9697 1.1193 0.3961, 1.9587 1.1161 0.3786, 1.9507 1.1126 0.3592, 1.9463 1.1092 0.3386, 1.9456 1.1058 0.3178, 1.9483 1.1028 0.2978, 1.9543 1.0998 0.2787, 1.9637 1.0966 0.2604, 1.9764 1.0932 0.2436, 1.9918 1.0897 0.2293, 2.0094 1.0863 0.2181, 2.028 1.0833 0.2102, 2.0474 1.0803 0.2056, 2.068 1.0771 0.2044, 2.0888 1.0737 0.2068, 2.1091 1.0702 0.2128, 2.1277 1.0669 0.2221, 2.144 1.0638 0.2342, 2.1578 1.0609 0.2486, 2.1693 1.0576 0.2656, 2.1779 1.0542 0.2847, 2.183 1.0508 0.3052, 2.1845 1.0474 0.326, 2.1824 1.0443 0.3462, 2.1771 1.0414 0.3654, 2.1683 1.0382 0.384, 2.1562 1.0348 0.4011, 2.1412 1.0313 0.4159, 2.1241 1.0279 0.4278, 2.1055 1.0248 0.4363, 2.0863 1.0219 0.4415, 2.0659 1.0187 0.4434, 2.0451 1.0153 0.4418, 2.0247 1.0118 0.4364, 2.0057 1.0084 0.4277, 1.9889 1.0053 0.4161, 1.9746 1.0024 0.4022, 1.9626 0.9992 0.3856, 1.9534 0.9958 0.3669, 1.9476 0.9924 0.3466, 1.9454 0.989 0.3258, 1.9469 0.9858 0.3053, 1.9516 0.9829 0.286, 1.9597 0.9798 0.2673, 1.9711 0.9764 0.2498, 1.9856 0.9729 0.2345, 2.0024 0.9695 0.222, 2.0208 0.9663 0.2128, 2.0398 0.9634 0.207, 2.06 0.9603 0.2045, 2.0809 0.9569 0.2054, 2.1014 0.9534 0.21, 2.1208 0.95 0.2182, 2.138 0.9468 0.2293, 2.1527 0.9439 0.2427, 2.1652 0.9408 0.2588, 2.175 0.9374 0.2772, 2.1815 0.934 0.2972, 2.1844 0.9306 0.318, 2.1836 0.9273 0.3386, 2.1795 0.9244 0.3581, 2.1721 0.9213 0.377, 2.1612 0.918 0.3947, 2.1473 0.9145 0.4105, 2.1309 0.9111 0.4236, 2.1128 0.9078 0.4335, 2.0938 0.9049 0.4399, 2.0739 0.9018 0.4431, 2.0531 0.8985 0.4428, 2.0324 0.8951 0.4389, 2.0127 0.8916 0.4314, 1.995 0.8884 0.4208, 1.9798 0.8854 0.4078, 1.9669 0.8824 0.3923, 1.9566 0.879 0.3743, 1.9494 0.8756 0.3545, 1.9458 0.8721 0.3338, 1.9459 0.8689 0.3131, 1.9494 0.8659 0.2934, 1.9561 0.8629 0.2744, 1.9663 0.8596 0.2563, 1.9797 0.8561 0.2401, 1.9957 0.8527 0.2264, 2.0136 0.8494 0.2159, 2.0324 0.8464 0.2089, 2.0521 0.8434 0.205, 2.0728 0.8401 0.2046, 2.0936 0.8367 0.2078, 2.1135 0.8332 0.2147, 2.1317 0.8299 0.2247, 2.1474 0.8269 0.2373, 2.1607 0.8239 0.2523, 2.1716 0.8206 0.2699, 2.1794 0.8172 0.2894, 2.1837 0.8137 0.31, 2.1843 0.8104 0.3308, 2.1814 0.8074 0.3507, 2.1753 0.8044 0.3698, 2.1658 0.8012 0.3881, 2.153 0.7977 0.4048, 2.1374 0.7943 0.419, 2.1199 0.7909 0.4301, 2.1012 0.7879 0.4378, 2.0817 0.7849 0.4423, 2.0611 0.7817 0.4434, 2.0403 0.7783 0.4409, 2.0201 0.7748 0.4347, 2.0016 0.7715 0.4252, 1.9853 0.7684 0.4131, 1.9716 0.7655 0.3986, 1.9602 0.7622 0.3815, 1.9518 0.7588 0.3623, 1.9468 0.7553 0.3418, 1.9455 0.752 0.321, 1.9477 0.7489 0.3008, 1.9531 0.746 0.2816, 1.962 0.7428 0.2631, 1.9742 0.7394 0.2461, 1.9893 0.7359 0.2313, 2.0066 0.7325 0.2196, 2.0251 0.7294 0.2112, 2.0444 0.7265 0.2061, 2.0648 0.7233 0.2044, 2.0857 0.7199 0.2062, 2.106 0.7164 0.2116, 2.125 0.713 0.2205, 2.1417 0.7099 0.2322, 2.1558 0.707 0.2462, 2.1677 0.7038 0.2628, 2.1768 0.7004 0.2817, 2.1825 0.697 0.302, 2.1845 0.6936 0.3228, 2.1829 0.6904 0.3432, 2.1781 0.6875 0.3625, 2.1699 0.6843 0.3812, 2.1583 0.681 0.3986, 2.1437 0.6775 0.4138, 2.1268 0.6741 0.4262, 2.1084 0.6709 0.4353, 2.0893 0.668 0.4409, 2.0691 0.6649 0.4434, 2.0483 0.6615 0.4423, 2.0277 0.658 0.4375, 1.9495 1.4596 0.3115, 1.9532 1.4566 0.2924, 1.9601 1.4536 0.2741, 1.9702 1.4503 0.2568, 1.9834 1.4468 0.2412, 1.9992 1.4434 0.2282, 2.0168 1.4401 0.2183, 2.0352 1.4371 0.2117, 2.0543 1.4341 0.2083, 2.0744 1.4308 0.2082, 2.0945 1.4274 0.2116, 2.1138 1.4239 0.2185, 2.1313 1.4206 0.2286, 2.1464 1.4176 0.2411, 2.1591 1.4146 0.2559, 2.1693 1.4114 0.273, 2.1766 1.4079 0.2921, 2.1805 1.4045 0.3122, 2.1808 1.4011 0.3324, 2.1777 1.3981 0.3518, 2.1714 1.3951 0.3702, 2.1619 1.3919 0.3878, 2.1492 1.3885 0.4038, 2.1339 1.385 0.4173, 2.1166 1.3816 0.4279, 2.0983 1.3786 0.4351, 2.0794 1.3756 0.4391, 2.0594 1.3724 0.4399, 2.0392 1.369 0.4371, 2.0197 1.3655 0.4308, 2.0018 1.3622 0.4213, 1.9862 1.3591 0.4092, 1.9731 1.3561 0.395, 1.9623 1.3529 0.3782, 1.9544 1.3495 0.3595, 1.9499 1.3461 0.3395, 1.9489 1.3427 0.3192, 1.9514 1.3396 0.2996, 1.957 1.3367 0.2811, 1.9659 1.3335 0.2633, 1.978 1.3301 0.2469, 1.9929 1.3266 0.2328, 2.0099 1.3232 0.2217, 2.0281 1.3201 0.2138, 2.0468 1.3172 0.2092, 2.0666 1.314 0.2078, 2.0869 1.3106 0.2099, 2.1066 1.3071 0.2155, 2.1248 1.3037 0.2244, 2.1409 1.3006 0.2361, 2.1544 1.2977 0.2499, 2.1657 1.2945 0.2662, 2.1742 1.2911 0.2846, 2.1794 1.2877 0.3044, 2.1811 1.2843 0.3247, 2.1792 1.2811 0.3445, 2.1742 1.2782 0.3632, 2.166 1.275 0.3812, 2.1545 1.2717 0.3979, 2.1401 1.2682 0.4124, 2.1235 1.2648 0.4242, 2.1054 1.2616 0.4327, 2.0868 1.2587 0.4379, 2.0672 1.2556 0.44, 2.0469 1.2522 0.4386, 2.0271 1.2487 0.4337, 2.0085 1.2453 0.4253, 1.9919 1.2421 0.4142, 1.9779 1.2392 0.4008, 1.9662 1.2361 0.3849, 1.9571 1.2328 0.3669, 1.9512 1.2293 0.3473, 1.9489 1.2259 0.327, 1.9501 1.2226 0.307, 1.9545 1.2197 0.2881, 1.9621 1.2166 0.27, 1.973 1.2133 0.253, 1.9869 1.2098 0.2379, 2.0031 1.2064 0.2256, 2.021 1.2031 0.2164, 2.0395 1.2002 0.2106, 2.0589 1.1971 0.2079, 2.0791 1.1938 0.2086, 2.0991 1.1904 0.2129, 2.118 1.1869 0.2206, 2.135 1.1836 0.2313, 2.1495 1.1807 0.2443, 2.1617 1.1777 0.2596, 2.1713 1.1744 0.2773, 2.1778 1.1709 0.2967, 2.1809 1.1674 0.3169, 2.1803 1.1642 0.337, 2.1765 1.1612 0.3561, 2.1695 1.1582 0.3744, 2.1593 1.1549 0.3917, 2.1459 1.1514 0.4071, 2.1301 1.148 0.42, 2.1125 1.1447 0.4298, 2.094 1.1417 0.4363, 2.0748 1.1387 0.4396, 2.0547 1.1354 0.4396, 2.0346 1.132 0.436, 2.0154 1.1285 0.4289, 1.998 1.1252 0.4188, 1.983 1.1222 0.4061, 1.9704 1.1192 0.3913, 1.9602 1.1159 0.374, 1.9531 1.1125 0.3549, 1.9494 1.109 0.3348, 1.9492 1.1057 0.3146, 1.9524 1.1027 0.2952, 1.9588 1.0997 0.2769, 1.9684 1.0965 0.2593, 1.9812 1.093 0.2434, 1.9967 1.0896 0.23, 2.014 1.0862 0.2196, 2.0323 1.0832 0.2125, 2.0513 1.0802 0.2086, 2.0713 1.077 0.208, 2.0915 1.0736 0.2108, 2.1109 1.0701 0.2173, 2.1287 1.0668 0.2269, 2.1442 1.0637 0.2391, 2.1572 1.0607 0.2534, 2.1679 1.0575 0.2703, 2.1757 1.0541 0.2891, 2.1801 1.0507 0.3091, 2.1809 1.0473 0.3293, 2.1783 1.0442 0.3489, 2.1726 1.0413 0.3674, 2.1636 1.0381 0.3852, 2.1514 1.0347 0.4014, 2.1364 1.0312 0.4154, 2.1194 1.0278 0.4265, 2.1012 1.0247 0.4342, 2.0824 1.0218 0.4387, 2.0625 1.0186 0.44, 2.0423 1.0152 0.4378, 2.0226 1.0117 0.432, 2.0044 1.0083 0.423, 1.9884 1.0052 0.4112, 1.975 1.0023 0.3973, 1.9638 0.9991 0.3809, 1.9554 0.9957 0.3624, 1.9504 0.9923 0.3426, 1.9489 0.9889 0.3223, 1.9508 0.9857 0.3025, 1.956 0.9828 0.2839, 1.9643 0.9796 0.2659, 1.976 0.9763 0.2493, 1.9904 0.9728 0.2348, 2.0071 0.9694 0.2232, 2.0252 0.9662 0.2148, 2.0439 0.9633 0.2097, 2.0635 0.9602 0.2078, 2.0838 0.9568 0.2093, 2.1036 0.9533 0.2144, 2.1221 0.9499 0.2228, 2.1386 0.9467 0.2341, 2.1525 0.9438 0.2476, 2.1641 0.9407 0.2635, 2.1731 0.9373 0.2817, 2.1789 0.9339 0.3013, 2.1811 0.9305 0.3216, 2.1797 0.9272 0.3415, 2.1752 0.9243 0.3604, 2.1675 0.9212 0.3785, 2.1564 0.9179 0.3954, 2.1425 0.9144 0.4104, 2.1261 0.911 0.4226, 2.1083 0.9077 0.4316, 2.0897 0.9048 0.4373, 2.0702 0.9017 0.4399, 2.0501 0.8984 0.439, 2.0301 0.8949 0.4346, 2.0112 0.8915 0.4268, 1.9943 0.8883 0.416, 1.9799 0.8853 0.403, 1.9678 0.8823 0.3875, 1.9583 0.8789 0.3698, 1.9519 0.8755 0.3503, 1.949 0.872 0.3301, 1.9497 0.8688 0.31, 1.9536 0.8658 0.291, 1.9607 0.8628 0.2727, 1.9711 0.8595 0.2555, 1.9846 0.856 0.2401, 2.0005 0.8526 0.2273, 2.0182 0.8493 0.2176, 2.0366 0.8463 0.2113, 2.0559 0.8433 0.2081, 2.076 0.84 0.2083, 2.0961 0.8366 0.212, 2.1152 0.8331 0.2192, 2.1326 0.8298 0.2295, 2.1474 0.8268 0.2422, 2.1599 0.8238 0.2571, 2.17 0.8205 0.2745, 2.1771 0.8171 0.2936, 2.1806 0.8136 0.3138, 2.1806 0.8103 0.3339, 2.1773 0.8073 0.3533, 2.1708 0.8043 0.3716, 2.161 0.8011 0.3891, 2.1481 0.7976 0.4049, 2.1326 0.7942 0.4182, 2.1152 0.7908 0.4286, 2.0969 0.7878 0.4355, 2.0779 0.7848 0.4393, 2.0578 0.7816 0.4398, 2.0377 0.7782 0.4368, 2.0183 0.7747 0.4302, 2.0005 0.7714 0.4205, 1.9851 0.7683 0.4082, 1.9722 0.7654 0.3938, 1.9616 0.7621 0.3768, 1.954 0.7587 0.358, 1.9497 0.7552 0.3379, 1.949 0.7519 0.3177, 1.9517 0.7488 0.2981, 1.9576 0.7459 0.2797, 1.9667 0.7427 0.262, 1.9791 0.7393 0.2458, 1.9941 0.7358 0.2319, 2.0112 0.7324 0.221, 2.0295 0.7293 0.2133, 2.0483 0.7264 0.209, 2.0682 0.7232 0.2078, 2.0884 0.7198 0.2102, 2.108 0.7163 0.2161, 2.1261 0.7129 0.2252, 2.142 0.7098 0.237, 2.1554 0.7069 0.251, 2.1665 0.7037 0.2675, 2.1747 0.7003 0.2861, 2.1797 0.6969 0.306, 2.1811 0.6935 0.3262, 2.179 0.6903 0.346, 2.1737 0.6874 0.3646, 2.1652 0.6842 0.3825, 2.1535 0.6809 0.3991, 2.1389 0.6774 0.4135, 2.1221 0.674 0.425, 2.104 0.6708 0.4332, 2.0853 0.6679 0.4382, 2.0656 0.6648 0.44, 2.0454 0.6614 0.4383, 2.0256 0.6579 0.4331, 1.9572 1.4553 0.29, 1.9644 1.4523 0.2725, 1.9748 1.449 0.2559, 1.9881 1.4456 0.2412, 2.0038 1.4421 0.2289, 2.0211 1.4388 0.2198, 2.0392 1.4358 0.2139, 2.0579 1.4328 0.2112, 2.0775 1.4296 0.2116, 2.0969 1.4261 0.2156, 2.1155 1.4227 0.2229, 2.1322 1.4193 0.2331, 2.1465 1.4163 0.2457, 2.1584 1.4133 0.2604, 2.1679 1.4101 0.2774, 2.1745 1.4067 0.2962, 2.1776 1.4032 0.3158, 2.1773 1.3999 0.3355, 2.1737 1.3968 0.3543, 2.1672 1.3939 0.372, 2.1574 1.3906 0.3888, 2.1446 1.3872 0.404, 2.1293 1.3837 0.4167, 2.1122 1.3804 0.4265, 2.0942 1.3773 0.433, 2.0757 1.3744 0.4363, 2.0562 1.3712 0.4365, 2.0367 1.3677 0.4332, 2.0179 1.3643 0.4266, 2.0008 1.3609 0.4168, 1.986 1.3578 0.4046, 1.9736 1.3549 0.3904, 1.9636 1.3517 0.3738, 1.9565 1.3483 0.3553, 1.9526 1.3448 0.3358, 1.9523 1.3414 0.316, 1.9553 1.3383 0.297, 1.9612 1.3354 0.2792, 1.9704 1.3322 0.2621, 1.9826 1.3288 0.2466, 1.9975 1.3253 0.2333, 2.0143 1.3219 0.2229, 2.0322 1.3188 0.2158, 2.0506 1.3159 0.2119, 2.0699 1.3127 0.211, 2.0895 1.3093 0.2136, 2.1085 1.3059 0.2197, 2.126 1.3025 0.2289, 2.1413 1.2993 0.2407, 2.1541 1.2964 0.2545, 2.1646 1.2933 0.2706, 2.1723 1.2899 0.2888, 2.1768 1.2864 0.3082, 2.1778 1.283 0.328, 2.1755 1.2798 0.3472, 2.1701 1.2769 0.3652, 2.1615 1.2738 0.3825, 2.1499 1.2704 0.3984, 2.1355 1.2669 0.4121, 2.119 1.2635 0.4231, 2.1012 1.2603 0.4309, 2.0829 1.2574 0.4354, 2.0638 1.2543 0.4368, 2.0442 1.251 0.4349, 2.025 1.2475 0.4295, 2.0071 1.2441 0.4209, 1.9913 1.2408 0.4096, 1.9781 1.2379 0.3961, 1.9672 1.2348 0.3804, 1.9588 1.2315 0.3626, 1.9537 1.228 0.3433, 1.952 1.2246 0.3236, 1.9537 1.2214 0.3042, 1.9586 1.2184 0.286, 1.9665 1.2154 0.2686, 1.9776 1.212 0.2523, 1.9915 1.2086 0.2381, 2.0077 1.2051 0.2266, 2.0253 1.2019 0.2181, 2.0434 1.1989 0.213, 2.0624 1.1959 0.211, 2.082 1.1926 0.2122, 2.1013 1.1891 0.217, 2.1195 1.1857 0.225, 2.1357 1.1824 0.2359, 2.1494 1.1794 0.2489, 2.1608 1.1764 0.2642, 2.1697 1.1731 0.2816, 2.1755 1.1696 0.3007, 2.1779 1.1662 0.3204, 2.1768 1.1629 0.3399, 2.1725 1.1599 0.3584, 2.1652 1.1569 0.376, 2.1547 1.1536 0.3925, 2.1413 1.1502 0.4072, 2.1255 1.1467 0.4192, 2.1081 1.1434 0.4283, 2.09 1.1404 0.434, 2.0712 1.1374 0.4367, 2.0517 1.1342 0.4361, 2.0322 1.1307 0.432, 2.0138 1.1272 0.4246, 1.9971 1.1239 0.4142, 1.9829 1.1209 0.4015, 1.9711 1.1179 0.3867, 1.9617 1.1147 0.3697, 1.9553 1.1112 0.3509, 1.9522 1.1078 0.3312, 1.9527 1.1045 0.3115, 1.9564 1.1014 0.2928, 1.9631 1.0985 0.2752, 1.973 1.0952 0.2584, 1.9858 1.0918 0.2433, 2.0012 1.0883 0.2306, 2.0184 1.085 0.221, 2.0364 1.0819 0.2146, 2.055 1.079 0.2114, 2.0744 1.0757 0.2113, 2.094 1.0723 0.2147, 2.1127 1.0689 0.2215, 2.1298 1.0655 0.2314, 2.1445 1.0624 0.2437, 2.1567 1.0595 0.258, 2.1666 1.0563 0.2747, 2.1737 1.0529 0.2932, 2.1774 1.0494 0.3128, 2.1776 1.046 0.3325, 2.1745 1.0429 0.3515, 2.1684 1.04 0.3693, 2.1591 1.0368 0.3863, 2.1468 1.0334 0.4018, 2.1318 1.0299 0.4149, 2.1149 1.0265 0.4252, 2.097 1.0234 0.4322, 2.0786 1.0205 0.436, 2.0593 1.0173 0.4367, 2.0397 1.0139 0.434, 2.0207 1.0105 0.4278, 2.0033 1.0071 0.4185, 1.9881 1.0039 0.4066, 1.9754 1.001 0.3927, 1.965 0.9979 0.3765, 1.9574 0.9945 0.3582, 1.953 0.991 0.3388, 1.9521 0.9876 0.319, 1.9546 0.9844 0.2999, 1.9601 0.9815 0.2819, 1.9688 0.9784 0.2647, 1.9806 0.975 0.2488, 1.9951 0.9715 0.2352, 2.0116 0.9681 0.2243, 2.0294 0.9649 0.2167, 2.0477 0.962 0.2123, 2.0669 0.9589 0.211, 2.0865 0.9555 0.213, 2.1057 0.9521 0.2185, 2.1234 0.9487 0.2273, 2.1391 0.9454 0.2387, 2.1523 0.9425 0.2522, 2.1631 0.9394 0.268, 2.1713 0.9361 0.2859, 2.1764 0.9326 0.3052, 2.1779 0.9292 0.325, 2.1761 0.926 0.3443, 2.1711 0.923 0.3625, 2.1631 0.92 0.3799, 2.1519 0.9166 0.3961, 2.1378 0.9131 0.4102, 2.1216 0.9097 0.4216, 2.104 0.9065 0.4299, 2.0858 0.9035 0.4349, 2.0668 0.9005 0.4368, 2.0472 0.8971 0.4354, 2.0279 0.8937 0.4306, 2.0098 0.8902 0.4224, 1.9936 0.887 0.4115, 1.98 0.884 0.3983, 1.9687 0.881 0.383, 1.9599 0.8777 0.3654, 1.9543 0.8742 0.3464, 1.952 0.8708 0.3266, 1.9533 0.8675 0.3071, 1.9576 0.8645 0.2887, 1.9651 0.8615 0.2712, 1.9757 0.8582 0.2547, 1.9892 0.8548 0.2401, 2.0051 0.8513 0.2281, 2.0225 0.848 0.2192, 2.0406 0.845 0.2136, 2.0594 0.842 0.2111, 2.079 0.8387 0.2118, 2.0984 0.8353 0.216, 2.1168 0.8318 0.2235, 2.1334 0.8285 0.234, 2.1475 0.8255 0.2468, 2.1592 0.8225 0.2617, 2.1685 0.8193 0.2788, 2.1748 0.8158 0.2977, 2.1777 0.8124 0.3174, 2.1772 0.8091 0.337, 2.1733 0.806 0.3557, 2.1665 0.8031 0.3733, 2.1565 0.7998 0.39, 2.1435 0.7964 0.405, 2.1281 0.7929 0.4176, 2.1109 0.7896 0.4271, 2.0928 0.7865 0.4334, 2.0742 0.7836 0.4365, 2.0547 0.7803 0.4364, 2.0352 0.7769 0.4329, 2.0165 0.7734 0.4259, 1.9995 0.7701 0.416, 1.9849 0.767 0.4036, 1.9728 0.7641 0.3892, 1.963 0.7609 0.3724, 1.956 0.7575 0.3538, 1.9525 0.754 0.3342, 1.9524 0.7506 0.3145, 1.9556 0.7475 0.2956, 1.9618 0.7446 0.2778, 1.9712 0.7414 0.2609, 1.9837 0.738 0.2455, 1.9987 0.7345 0.2324, 2.0157 0.7311 0.2223, 2.0336 0.728 0.2154, 2.0521 0.7251 0.2117, 2.0714 0.7219 0.2111, 2.091 0.7185 0.214, 2.1099 0.7151 0.2203, 2.1273 0.7117 0.2297, 2.1424 0.7085 0.2417, 2.155 0.7056 0.2556, 2.1653 0.7025 0.272, 2.1728 0.6991 0.2903, 2.177 0.6956 0.3097, 2.1778 0.6922 0.3295, 2.1752 0.689 0.3486, 2.1695 0.6861 0.3666, 2.1607 0.683 0.3838, 2.1489 0.6796 0.3995, 2.1343 0.6761 0.4131, 2.1176 0.6727 0.4238, 2.0998 0.6695 0.4313, 2.0815 0.6666 0.4356, 2.0623 0.6635 0.4368, 2.0427 0.6601 0.4346, 2.0235 0.6567 0.429, 1.9682 1.45 0.2711, 1.9787 1.4468 0.2552, 1.9921 1.4433 0.2411, 2.0078 1.4399 0.2296, 2.0249 1.4366 0.2212, 2.0428 1.4335 0.2159, 2.0611 1.4306 0.2137, 2.0802 1.4273 0.2147, 2.099 1.4239 0.219, 2.1169 1.4204 0.2266, 2.133 1.4171 0.2371, 2.1466 1.414 0.2498, 2.1578 1.4111 0.2644, 2.1667 1.4078 0.2813, 2.1725 1.4044 0.2998, 2.1751 1.4009 0.319, 2.1743 1.3976 0.3382, 2.1703 1.3945 0.3564, 2.1634 1.3916 0.3735, 2.1534 1.3884 0.3897, 2.1406 1.3849 0.4041, 2.1253 1.3815 0.4162, 2.1084 1.3781 0.4253, 2.0906 1.375 0.4311, 2.0724 1.3721 0.4339, 2.0534 1.3689 0.4335, 2.0345 1.3655 0.4298, 2.0163 1.362 0.4228, 1.9999 1.3586 0.4129, 1.9857 1.3555 0.4006, 1.9741 1.3526 0.3863, 1.9647 1.3494 0.3699, 1.9583 1.346 0.3517, 1.955 1.3425 0.3325, 1.9552 1.3392 0.3132, 1.9586 1.336 0.2947, 1.9649 1.3331 0.2775, 1.9743 1.3299 0.2611, 1.9867 1.3265 0.2462, 2.0015 1.3231 0.2337, 2.0182 1.3197 0.224, 2.0359 1.3165 0.2175, 2.0539 1.3136 0.2142, 2.0728 1.3105 0.2139, 2.0919 1.3071 0.217, 2.1102 1.3036 0.2234, 2.1271 1.3002 0.2328, 2.1417 1.297 0.2447, 2.1538 1.2941 0.2585, 2.1636 1.291 0.2746, 2.1707 1.2876 0.2925, 2.1745 1.2841 0.3116, 2.175 1.2807 0.3309, 2.1722 1.2776 0.3496, 2.1664 1.2746 0.367, 2.1576 1.2715 0.3836, 2.1458 1.2682 0.3988, 2.1314 1.2647 0.4119, 2.115 1.2613 0.4221, 2.0975 1.2581 0.4293, 2.0795 1.2552 0.4332, 2.0608 1.252 0.4341, 2.0417 1.2487 0.4317, 2.0231 1.2452 0.4259, 2.0059 1.2418 0.417, 1.9909 1.2386 0.4055, 1.9783 1.2357 0.3921, 1.968 1.2326 0.3764, 1.9604 1.2292 0.3588, 1.9559 1.2258 0.3399, 1.9548 1.2223 0.3206, 1.957 1.2191 0.3017, 1.9622 1.2162 0.284, 1.9704 1.2131 0.2673, 1.9816 1.2098 0.2517, 1.9956 1.2063 0.2382, 2.0116 1.2029 0.2274, 2.029 1.1996 0.2197, 2.0469 1.1967 0.2151, 2.0655 1.1936 0.2136, 2.0846 1.1903 0.2154, 2.1033 1.1868 0.2205, 2.1208 1.1834 0.2288, 2.1364 1.1801 0.2399, 2.1494 1.1772 0.253, 2.1601 1.1741 0.2682, 2.1683 1.1708 0.2854, 2.1734 1.1674 0.3042, 2.1752 1.1639 0.3235, 2.1736 1.1606 0.3425, 2.169 1.1576 0.3604, 2.1614 1.1547 0.3774, 2.1507 1.1514 0.3932, 2.1372 1.1479 0.4072, 2.1215 1.1445 0.4185, 2.1043 1.1412 0.4269, 2.0865 1.1381 0.432, 2.0681 1.1352 0.4341, 2.049 1.1319 0.433, 2.0302 1.1284 0.4285, 2.0123 1.125 0.4208, 1.9964 1.1217 0.4102, 1.9828 1.1186 0.3975, 1.9717 1.1157 0.3827, 1.963 1.1124 0.3658, 1.9572 1.109 0.3473, 1.9548 1.1055 0.328, 1.9557 1.1022 0.3089, 1.9598 1.0991 0.2907, 1.9668 1.0962 0.2736, 1.9769 1.093 0.2575, 1.9899 1.0895 0.2431, 2.0053 1.0861 0.2312, 2.0222 1.0827 0.2222, 2.04 1.0796 0.2165, 2.0582 1.0767 0.2138, 2.0772 1.0735 0.2143, 2.0962 1.0701 0.2181, 2.1143 1.0666 0.2253, 2.1307 1.0632 0.2353, 2.1447 1.0601 0.2477, 2.1562 1.0572 0.262, 2.1655 1.054 0.2786, 2.1718 1.0506 0.2969, 2.1749 1.0471 0.316, 2.1746 1.0438 0.3353, 2.1711 1.0406 0.3537, 2.1647 1.0377 0.3709, 2.1552 1.0345 0.3873, 2.1427 1.0311 0.4021, 2.1278 1.0277 0.4145, 2.111 1.0243 0.4241, 2.0933 1.0212 0.4304, 2.0753 1.0182 0.4337, 2.0564 1.0151 0.4338, 2.0373 1.0117 0.4306, 2.019 1.0082 0.4241, 2.0023 1.0048 0.4146, 1.9877 1.0017 0.4026, 1.9757 0.9988 0.3887, 1.966 0.9956 0.3725, 1.9591 0.9922 0.3545, 1.9553 0.9887 0.3355, 1.955 0.9853 0.3162, 1.9579 0.9822 0.2975, 1.9638 0.9793 0.2801, 1.9727 0.9761 0.2635, 1.9846 0.9727 0.2484, 1.9991 0.9693 0.2355, 2.0156 0.9659 0.2253, 2.0331 0.9627 0.2183, 2.0511 0.9598 0.2145, 2.0699 0.9566 0.2137, 2.0889 0.9533 0.2163, 2.1075 0.9498 0.2222, 2.1246 0.9464 0.2312, 2.1396 0.9432 0.2427, 2.152 0.9403 0.2563, 2.1622 0.9372 0.272, 2.1698 0.9338 0.2897, 2.1742 0.9303 0.3086, 2.1751 0.9269 0.3279, 2.1728 0.9237 0.3468, 2.1675 0.9208 0.3644, 2.1592 0.9177 0.3811, 2.1478 0.9144 0.3966, 2.1338 0.9109 0.41, 2.1176 0.9075 0.4208, 2.1002 0.9042 0.4284, 2.0823 0.9013 0.4328, 2.0637 0.8982 0.4341, 2.0446 0.8949 0.4323, 2.0259 0.8914 0.427, 2.0085 0.888 0.4186, 1.993 0.8847 0.4074, 1.9801 0.8818 0.3943, 1.9695 0.8787 0.379, 1.9614 0.8754 0.3616, 1.9564 0.872 0.3429, 1.9547 0.8685 0.3235, 1.9564 0.8652 0.3045, 1.9612 0.8623 0.2867, 1.9689 0.8593 0.2698, 1.9797 0.856 0.254, 1.9933 0.8525 0.2401, 2.0091 0.849 0.2289, 2.0263 0.8458 0.2206, 2.0442 0.8428 0.2156, 2.0626 0.8398 0.2137, 2.0816 0.8365 0.2149, 2.1005 0.833 0.2195, 2.1182 0.8296 0.2274, 2.1341 0.8263 0.238, 2.1476 0.8233 0.2509, 2.1586 0.8203 0.2657, 2.1672 0.817 0.2827, 2.1729 0.8136 0.3012, 2.1752 0.8101 0.3205, 2.1741 0.8068 0.3397, 2.1699 0.8038 0.3578, 2.1628 0.8008 0.3748, 2.1525 0.7975 0.3909, 2.1395 0.7941 0.4052, 2.124 0.7906 0.417, 2.107 0.7873 0.4258, 2.0892 0.7843 0.4315, 2.071 0.7813 0.434, 2.052 0.7781 0.4334, 2.033 0.7747 0.4294, 2.015 0.7712 0.4222, 1.9987 0.7678 0.412, 1.9847 0.7648 0.3995, 1.9733 0.7618 0.3851, 1.9641 0.7586 0.3685, 1.9579 0.7552 0.3502, 1.9549 0.7517 0.331, 1.9554 0.7484 0.3118, 1.959 0.7453 0.2934, 1.9656 0.7423 0.2762, 1.9752 0.7391 0.2599, 1.9877 0.7357 0.2452, 2.0028 0.7323 0.2329, 2.0196 0.7289 0.2234, 2.0373 0.7258 0.2172, 2.0554 0.7229 0.2141, 2.0743 0.7197 0.214, 2.0933 0.7163 0.2173, 2.1116 0.7128 0.224, 2.1283 0.7094 0.2336, 2.1427 0.7063 0.2457, 2.1546 0.7034 0.2597, 2.1642 0.7002 0.2759, 2.1711 0.6968 0.294, 2.1747 0.6933 0.3131, 2.1749 0.6899 0.3324, 2.1718 0.6868 0.351, 2.1659 0.6839 0.3683, 2.1568 0.6807 0.3849, 2.1448 0.6773 0.3999, 2.1302 0.6739 0.4128, 2.1137 0.6705 0.4228, 2.0961 0.6673 0.4297, 2.0781 0.6644 0.4334, 2.0593 0.6612 0.434, 2.0402 0.6579 0.4313, 2.0218 0.6544 0.4253, 1.982 1.4437 0.2545, 1.9955 1.4403 0.2411, 2.0111 1.4368 0.2302, 2.0281 1.4335 0.2223, 2.0457 1.4305 0.2175, 2.0637 1.4275 0.2158, 2.0824 1.4242 0.2172, 2.1008 1.4208 0.2219, 2.1181 1.4173 0.2298, 2.1336 1.414 0.2404, 2.1467 1.411 0.2531, 2.1573 1.408 0.2678, 2.1656 1.4048 0.2845, 2.171 1.4013 0.3027, 2.173 1.3979 0.3216, 2.1718 1.3945 0.3404, 2.1675 1.3915 0.3582, 2.1603 1.3885 0.3748, 2.1502 1.3853 0.3904, 2.1372 1.3819 0.4043, 2.122 1.3784 0.4157, 2.1052 1.3751 0.4242, 2.0876 1.372 0.4296, 2.0697 1.3691 0.4319, 2.0512 1.3658 0.4311, 2.0326 1.3624 0.4271, 2.015 1.3589 0.4198, 1.9991 1.3556 0.4096, 1.9855 1.3525 0.3972, 1.9745 1.3496 0.383, 1.9657 1.3464 0.3667, 1.9597 1.343 0.3487, 1.957 1.3395 0.3298, 1.9576 1.3361 0.3109, 1.9614 1.333 0.2929, 1.968 1.3301 0.2761, 1.9776 1.3269 0.2603, 1.99 1.3235 0.246, 2.0049 1.32 0.234, 2.0214 1.3166 0.2249, 2.0389 1.3135 0.219, 2.0567 1.3106 0.2161, 2.0752 1.3074 0.2163, 2.0938 1.304 0.2197, 2.1116 1.3006 0.2264, 2.1279 1.2972 0.236, 2.142 1.294 0.248, 2.1535 1.2911 0.2619, 2.1628 1.2879 0.2778, 2.1693 1.2846 0.2956, 2.1726 1.2811 0.3143, 2.1727 1.2777 0.3333, 2.1695 1.2745 0.3515, 2.1634 1.2716 0.3685, 2.1544 1.2685 0.3846, 2.1425 1.2651 0.3992, 2.1281 1.2616 0.4117, 2.1118 1.2582 0.4213, 2.0944 1.255 0.4279, 2.0767 1.2521 0.4314, 2.0583 1.249 0.4318, 2.0397 1.2456 0.429, 2.0216 1.2422 0.4229, 2.005 1.2387 0.4138, 1.9904 1.2355 0.4022, 1.9785 1.2326 0.3887, 1.9687 1.2295 0.3732, 1.9616 1.2262 0.3557, 1.9577 1.2227 0.3371, 1.957 1.2193 0.3181, 1.9596 1.216 0.2997, 1.9651 1.2131 0.2825, 1.9735 1.21 0.2662, 1.9849 1.2067 0.2512, 1.9989 1.2032 0.2383, 2.0149 1.1998 0.2281, 2.0321 1.1966 0.2209, 2.0498 1.1936 0.2169, 2.068 1.1906 0.2158, 2.0867 1.1872 0.218, 2.1049 1.1838 0.2234, 2.1219 1.1803 0.232, 2.1369 1.1771 0.2432, 2.1493 1.1741 0.2563, 2.1595 1.1711 0.2714, 2.1671 1.1678 0.2886, 2.1717 1.1643 0.307, 2.173 1.1609 0.326, 2.1711 1.1576 0.3446, 2.1661 1.1546 0.3621, 2.1583 1.1516 0.3785, 2.1474 1.1483 0.3938, 2.1339 1.1449 0.4072, 2.1182 1.1414 0.418, 2.1012 1.1381 0.4258, 2.0836 1.1351 0.4304, 2.0655 1.1321 0.432, 2.0469 1.1288 0.4305, 2.0285 1.1254 0.4257, 2.0112 1.1219 0.4177, 1.9957 1.1186 0.4069, 1.9828 1.1156 0.3941, 1.9722 1.1126 0.3794, 1.964 1.1094 0.3626, 1.9588 1.1059 0.3444, 1.9569 1.1025 0.3254, 1.9582 1.0991 0.3067, 1.9627 1.0961 0.2889, 1.9699 1.0931 0.2724, 1.9802 1.0899 0.2568, 1.9932 1.0865 0.243, 2.0086 1.083 0.2317, 2.0254 1.0797 0.2233, 2.043 1.0766 0.218, 2.0609 1.0737 0.2159, 2.0795 1.0704 0.2168, 2.098 1.067 0.221, 2.1156 1.0635 0.2284, 2.1314 1.0602 0.2386, 2.1449 1.0571 0.2511, 2.1559 1.0542 0.2654, 2.1645 1.051 0.2818, 2.1704 1.0475 0.2998, 2.1729 1.0441 0.3187, 2.1722 1.0407 0.3376, 2.1683 1.0376 0.3556, 2.1616 1.0347 0.3723, 2.1519 1.0315 0.3881, 2.1394 1.0281 0.4023, 2.1245 1.0246 0.4142, 2.1078 1.0212 0.4231, 2.0903 1.0181 0.429, 2.0726 1.0152 0.4317, 2.054 1.012 0.4314, 2.0354 1.0086 0.4279, 2.0176 1.0051 0.4211, 2.0014 1.0018 0.4114, 1.9874 0.9986 0.3993, 1.976 0.9957 0.3854, 1.9669 0.9925 0.3693, 1.9604 0.9892 0.3515, 1.9572 0.9857 0.3327, 1.9573 0.9823 0.3138, 1.9606 0.9791 0.2956, 1.9668 0.9762 0.2787, 1.9759 0.9731 0.2626, 1.9879 0.9697 0.2481, 2.0024 0.9662 0.2357, 2.0188 0.9628 0.2261, 2.0362 0.9596 0.2197, 2.0539 0.9567 0.2164, 2.0723 0.9536 0.216, 2.0909 0.9502 0.219, 2.109 0.9468 0.2251, 2.1255 0.9433 0.2344, 2.14 0.9401 0.2461, 2.1519 0.9372 0.2596, 2.1615 0.9341 0.2752, 2.1685 0.9308 0.2927, 2.1723 0.9273 0.3114, 2.1729 0.9239 0.3304, 2.1702 0.9206 0.3488, 2.1646 0.9177 0.366, 2.156 0.9146 0.3822, 2.1445 0.9113 0.3971, 2.1304 0.9078 0.4099, 2.1144 0.9044 0.42, 2.0971 0.9012 0.4271, 2.0795 0.8982 0.431, 2.0612 0.8952 0.4319, 2.0426 0.8918 0.4297, 2.0243 0.8884 0.4241, 2.0074 0.8849 0.4154, 1.9925 0.8817 0.4041, 1.9802 0.8787 0.3909, 1.9701 0.8757 0.3757, 1.9625 0.8724 0.3585, 1.9581 0.8689 0.34, 1.9569 0.8655 0.321, 1.959 0.8622 0.3024, 1.9641 0.8592 0.285, 1.972 0.8562 0.2687, 1.983 0.8529 0.2534, 1.9966 0.8494 0.2401, 2.0123 0.846 0.2295, 2.0294 0.8427 0.2218, 2.047 0.8397 0.2173, 2.0651 0.8367 0.2158, 2.0838 0.8334 0.2174, 2.1022 0.83 0.2224, 2.1194 0.8265 0.2305, 2.1347 0.8232 0.2413, 2.1476 0.8202 0.2542, 2.1581 0.8172 0.269, 2.1661 0.814 0.2858, 2.1713 0.8105 0.3041, 2.1731 0.8071 0.3231, 2.1716 0.8037 0.3418, 2.167 0.8007 0.3595, 2.1597 0.7978 0.376, 2.1493 0.7945 0.3916, 2.1361 0.7911 0.4053, 2.1207 0.7876 0.4165, 2.1038 0.7843 0.4248, 2.0863 0.7812 0.4299, 2.0683 0.7783 0.4319, 2.0497 0.775 0.4309, 2.0312 0.7716 0.4266, 2.0137 0.7681 0.4191, 1.998 0.7648 0.4087, 1.9846 0.7617 0.3962, 1.9737 0.7588 0.3818, 1.9651 0.7556 0.3653, 1.9594 0.7521 0.3472, 1.9569 0.7487 0.3283, 1.9578 0.7453 0.3095, 1.9618 0.7422 0.2915, 1.9686 0.7393 0.2749, 1.9784 0.7361 0.2591, 1.9911 0.7327 0.245, 2.0061 0.7292 0.2332, 2.0228 0.7258 0.2244, 2.0403 0.7227 0.2186, 2.0581 0.7198 0.216, 2.0766 0.7166 0.2164, 2.0952 0.7132 0.2201, 2.113 0.7097 0.227, 2.1291 0.7064 0.2369, 2.143 0.7032 0.249, 2.1543 0.7003 0.263, 2.1634 0.6971 0.2791, 2.1697 0.6937 0.297, 2.1728 0.6903 0.3158, 2.1725 0.6869 0.3347, 2.1691 0.6837 0.3529, 2.1629 0.6808 0.3698, 2.1536 0.6777 0.3858, 2.1415 0.6743 0.4003, 2.1269 0.6708 0.4125, 2.1105 0.6674 0.422, 2.0931 0.6642 0.4283, 2.0753 0.6613 0.4315, 2.0569 0.6582 0.4317, 2.0383 0.6548 0.4287, 2.0203 0.6514 0.4223, 1.9981 1.4364 0.2411, 2.0137 1.4329 0.2306, 2.0306 1.4296 0.2231, 2.048 1.4266 0.2188, 2.0658 1.4236 0.2174, 2.0841 1.4203 0.2192, 2.1021 1.4169 0.2241, 2.1191 1.4134 0.2322, 2.1341 1.4101 0.243, 2.1468 1.4071 0.2558, 2.157 1.4041 0.2704, 2.1648 1.4009 0.287, 2.1697 1.3974 0.305, 2.1714 1.394 0.3237, 2.1698 1.3906 0.3422, 2.1652 1.3876 0.3596, 2.1579 1.3846 0.3758, 2.1476 1.3814 0.391, 2.1346 1.378 0.4044, 2.1194 1.3745 0.4154, 2.1027 1.3712 0.4234, 2.0853 1.3681 0.4284, 2.0676 1.3652 0.4303, 2.0494 1.3619 0.4292, 2.0312 1.3585 0.4248, 2.014 1.355 0.4173, 1.9985 1.3517 0.4071, 1.9854 1.3486 0.3946, 1.9747 1.3457 0.3804, 1.9664 1.3425 0.3641, 1.9609 1.3391 0.3463, 1.9586 1.3356 0.3277, 1.9595 1.3322 0.3091, 1.9636 1.3291 0.2914, 1.9704 1.3262 0.275, 1.9801 1.323 0.2596, 1.9926 1.3196 0.2458, 2.0075 1.3161 0.2343, 2.024 1.3127 0.2256, 2.0413 1.3096 0.2201, 2.0588 1.3067 0.2176, 2.077 1.3035 0.2181, 2.0953 1.3001 0.2219, 2.1127 1.2967 0.2288, 2.1286 1.2933 0.2386, 2.1422 1.2901 0.2507, 2.1533 1.2872 0.2645, 2.1621 1.284 0.2804, 2.1682 1.2807 0.298, 2.1712 1.2772 0.3165, 2.1708 1.2738 0.3352, 2.1673 1.2706 0.3531, 2.1611 1.2677 0.3697, 2.1519 1.2646 0.3853, 2.1399 1.2612 0.3995, 2.1254 1.2577 0.4115, 2.1092 1.2543 0.4207, 2.092 1.2511 0.4269, 2.0745 1.2482 0.4299, 2.0564 1.2451 0.43, 2.0381 1.2417 0.4269, 2.0204 1.2383 0.4206, 2.0042 1.2348 0.4113, 1.9901 1.2316 0.3996, 1.9786 1.2287 0.3861, 1.9693 1.2256 0.3706, 1.9627 1.2223 0.3533, 1.9591 1.2188 0.3349, 1.9588 1.2154 0.3162, 1.9617 1.2121 0.2981, 1.9674 1.2092 0.2812, 1.976 1.2061 0.2654, 1.9875 1.2028 0.2509, 2.0015 1.1993 0.2384, 2.0175 1.1959 0.2286, 2.0346 1.1927 0.2219, 2.052 1.1897 0.2182, 2.07 1.1867 0.2176, 2.0883 1.1833 0.22, 2.1062 1.1799 0.2257, 2.1227 1.1764 0.2345, 2.1373 1.1732 0.2458, 2.1493 1.1702 0.259, 2.159 1.1672 0.274, 2.1662 1.1639 0.291, 2.1704 1.1604 0.3093, 2.1713 1.157 0.328, 2.169 1.1537 0.3463, 2.1638 1.1507 0.3634, 2.1558 1.1477 0.3794, 2.1448 1.1444 0.3943, 2.1313 1.141 0.4072, 2.1156 1.1375 0.4175, 2.0987 1.1342 0.4249, 2.0813 1.1312 0.4291, 2.0634 1.1282 0.4303, 2.0451 1.1249 0.4285, 2.0271 1.1215 0.4234, 2.0102 1.118 0.4152, 1.9953 1.1147 0.4043, 1.9827 1.1117 0.3915, 1.9726 1.1087 0.3768, 1.9649 1.1055 0.3601, 1.9601 1.102 0.342, 1.9585 1.0986 0.3233, 1.9602 1.0952 0.3049, 1.9649 1.0922 0.2875, 1.9724 1.0892 0.2714, 1.9828 1.086 0.2562, 1.9959 1.0826 0.2429, 2.0112 1.0791 0.232, 2.0279 1.0758 0.2241, 2.0453 1.0727 0.2193, 2.063 1.0698 0.2175, 2.0813 1.0665 0.2187, 2.0994 1.0631 0.2232, 2.1166 1.0596 0.2308, 2.132 1.0563 0.2412, 2.145 1.0532 0.2537, 2.1555 1.0503 0.268, 2.1638 1.0471 0.2843, 2.1692 1.0436 0.3022, 2.1714 1.0402 0.3208, 2.1703 1.0368 0.3394, 2.1661 1.0337 0.357, 2.1592 1.0308 0.3734, 2.1494 1.0276 0.3887, 2.1368 1.0242 0.4025, 2.1218 1.0207 0.4139, 2.1053 1.0173 0.4224, 2.088 1.0142 0.4278, 2.0704 1.0113 0.4302, 2.0522 1.0081 0.4296, 2.0339 1.0047 0.4257, 2.0165 1.0012 0.4187, 2.0007 0.9979 0.4088, 1.9872 0.9947 0.3966, 1.9762 0.9918 0.3827, 1.9675 0.9886 0.3668, 1.9615 0.9853 0.3491, 1.9587 0.9818 0.3305, 1.9592 0.9784 0.3119, 1.9628 0.9752 0.294, 1.9691 0.9723 0.2775, 1.9784 0.9692 0.2619, 1.9905 0.9658 0.2478, 2.0051 0.9623 0.2359, 2.0214 0.9589 0.2268, 2.0386 0.9557 0.2208, 2.0561 0.9528 0.2178, 2.0742 0.9497 0.2178, 2.0925 0.9463 0.2211, 2.1101 0.9429 0.2275, 2.1263 0.9394 0.2369, 2.1403 0.9362 0.2487, 2.1517 0.9333 0.2622, 2.1609 0.9302 0.2778, 2.1675 0.9269 0.2952, 2.1709 0.9234 0.3136, 2.1711 0.92 0.3323, 2.1681 0.9167 0.3504, 2.1622 0.9138 0.3672, 2.1535 0.9107 0.383, 2.1419 0.9074 0.3974, 2.1278 0.9039 0.4098, 2.1118 0.9005 0.4195, 2.0947 0.8973 0.4261, 2.0772 0.8943 0.4296, 2.0592 0.8913 0.4302, 2.0409 0.8879 0.4276, 2.0231 0.8845 0.4218, 2.0066 0.881 0.4129, 1.9921 0.8778 0.4015, 1.9802 0.8748 0.3883, 1.9706 0.8718 0.3731, 1.9635 0.8685 0.3561, 1.9594 0.865 0.3377, 1.9586 0.8616 0.319, 1.961 0.8583 0.3008, 1.9664 0.8553 0.2837, 1.9745 0.8523 0.2678, 1.9856 0.849 0.253, 1.9992 0.8455 0.2402, 2.0149 0.8421 0.2299, 2.0319 0.8388 0.2227, 2.0493 0.8358 0.2186, 2.0672 0.8328 0.2175, 2.0855 0.8295 0.2194, 2.1035 0.8261 0.2247, 2.1203 0.8226 0.233, 2.1352 0.8193 0.2439, 2.1476 0.8163 0.2568, 2.1577 0.8133 0.2716, 2.1653 0.8101 0.2883, 2.17 0.8066 0.3065, 2.1714 0.8032 0.3252, 2.1696 0.7998 0.3436, 2.1648 0.7968 0.3609, 2.1572 0.7938 0.377, 2.1467 0.7906 0.3921, 2.1335 0.7872 0.4054, 2.1181 0.7837 0.4161, 2.1013 0.7804 0.4239, 2.0839 0.7773 0.4286, 2.0662 0.7744 0.4303, 2.0479 0.7711 0.429, 2.0298 0.7677 0.4244, 2.0127 0.7642 0.4166, 1.9974 0.7609 0.4062, 1.9845 0.7578 0.3936, 1.974 0.7549 0.3792, 1.9659 0.7517 0.3628, 1.9606 0.7482 0.3449, 1.9585 0.7448 0.3262, 1.9597 0.7414 0.3077, 1.964 0.7383 0.2901, 1.971 0.7354 0.2738, 1.981 0.7322 0.2585, 1.9937 0.7288 0.2448, 2.0087 0.7253 0.2335, 2.0253 0.7219 0.2251, 2.0426 0.7188 0.2198, 2.0602 0.7159 0.2175, 2.0784 0.7127 0.2183, 2.0967 0.7093 0.2223, 2.114 0.7058 0.2294, 2.1297 0.7025 0.2394, 2.1432 0.6993 0.2517, 2.1541 0.6964 0.2656, 2.1627 0.6932 0.2817, 2.1686 0.6898 0.2994, 2.1712 0.6864 0.318, 2.1707 0.683 0.3366, 2.1669 0.6798 0.3544, 2.1605 0.6769 0.3709, 2.1511 0.6738 0.3865, 2.1389 0.6704 0.4005, 2.1242 0.6669 0.4123, 2.1079 0.6635 0.4213, 2.0906 0.6603 0.4272, 2.0731 0.6574 0.43, 2.055 0.6543 0.4299, 2.0367 0.6509 0.4265, 2.0191 0.6474 0.42, 2.0152 1.4289 0.2309, 2.032 1.4256 0.2237, 2.0493 1.4226 0.2195, 2.067 1.4196 0.2184, 2.0851 1.4164 0.2203, 2.1029 1.4129 0.2254, 2.1196 1.4095 0.2336, 2.1344 1.4062 0.2445, 2.1468 1.4031 0.2573, 2.1568 1.4002 0.2719, 2.1643 1.3969 0.2884, 2.169 1.3935 0.3064, 2.1705 1.39 0.3249, 2.1687 1.3867 0.3432, 2.1639 1.3836 0.3604, 2.1565 1.3807 0.3764, 2.1461 1.3774 0.3913, 2.1331 1.374 0.4045, 2.1179 1.3705 0.4152, 2.1012 1.3672 0.423, 2.0839 1.3641 0.4277, 2.0664 1.3612 0.4294, 2.0483 1.358 0.4281, 2.0304 1.3546 0.4236, 2.0134 1.3511 0.4159, 1.9982 1.3477 0.4056, 1.9853 1.3446 0.3931, 1.9749 1.3417 0.3789, 1.9668 1.3385 0.3627, 1.9616 1.3351 0.3449, 1.9595 1.3316 0.3264, 1.9606 1.3282 0.308, 1.9648 1.3251 0.2906, 1.9718 1.3222 0.2744, 1.9816 1.319 0.2592, 1.9942 1.3156 0.2457, 2.009 1.3122 0.2344, 2.0254 1.3088 0.2261, 2.0427 1.3056 0.2208, 2.0601 1.3027 0.2185, 2.0781 1.2996 0.2192, 2.0962 1.2962 0.2231, 2.1134 1.2927 0.2301, 2.129 1.2893 0.24, 2.1424 1.2861 0.2522, 2.1532 1.2832 0.266, 2.1617 1.2801 0.2819, 2.1676 1.2767 0.2994, 2.1703 1.2732 0.3178, 2.1697 1.2698 0.3363, 2.1661 1.2666 0.354, 2.1597 1.2637 0.3703, 2.1504 1.2606 0.3857, 2.1384 1.2572 0.3997, 2.1239 1.2538 0.4114, 2.1077 1.2504 0.4204, 2.0906 1.2471 0.4262, 2.0732 1.2442 0.4291, 2.0553 1.2411 0.429, 2.0372 1.2378 0.4257, 2.0197 1.2343 0.4192, 2.0038 1.2309 0.4099, 1.9899 1.2277 0.3981, 1.9786 1.2247 0.3846, 1.9696 1.2217 0.3691, 1.9632 1.2183 0.3519, 1.9599 1.2148 0.3336, 1.9598 1.2114 0.3151, 1.9629 1.2082 0.2971, 1.9688 1.2052 0.2805, 1.9775 1.2022 0.2649, 1.989 1.1988 0.2506, 2.0031 1.1954 0.2384, 2.019 1.1919 0.2289, 2.036 1.1887 0.2224, 2.0533 1.1857 0.219, 2.0711 1.1827 0.2186, 2.0893 1.1794 0.2212, 2.1069 1.1759 0.2271, 2.1232 1.1725 0.2359, 2.1375 1.1692 0.2473, 2.1493 1.1662 0.2605, 2.1587 1.1632 0.2755, 2.1657 1.1599 0.2925, 2.1696 1.1565 0.3106, 2.1703 1.153 0.3292, 2.1678 1.1497 0.3473, 2.1625 1.1467 0.3642, 2.1544 1.1437 0.38, 2.1433 1.1404 0.3945, 2.1297 1.137 0.4072, 2.1141 1.1335 0.4173, 2.0972 1.1302 0.4243, 2.0799 1.1272 0.4283, 2.0623 1.1242 0.4294, 2.0441 1.121 0.4273, 2.0263 1.1175 0.4221, 2.0097 1.1141 0.4138, 1.995 1.1108 0.4029, 1.9827 1.1077 0.39, 1.9728 1.1048 0.3753, 1.9653 1.1015 0.3587, 1.9608 1.0981 0.3407, 1.9595 1.0946 0.3222, 1.9614 1.0913 0.3039, 1.9662 1.0882 0.2867, 1.9738 1.0853 0.2708, 1.9843 1.082 0.2559, 1.9974 1.0786 0.2428, 2.0127 1.0751 0.2322, 2.0294 1.0718 0.2246, 2.0467 1.0687 0.22, 2.0642 1.0658 0.2184, 2.0823 1.0626 0.2198, 2.1002 1.0591 0.2245, 2.1172 1.0557 0.2322, 2.1323 1.0523 0.2427, 2.1451 1.0492 0.2552, 2.1554 1.0463 0.2695, 2.1633 1.0431 0.2858, 2.1685 1.0397 0.3036, 2.1705 1.0362 0.3221, 2.1692 1.0328 0.3404, 2.1649 1.0297 0.3579, 2.1578 1.0268 0.374, 2.1479 1.0236 0.3891, 2.1352 1.0202 0.4026, 2.1203 1.0167 0.4137, 2.1038 1.0134 0.422, 2.0866 1.0102 0.4272, 2.0692 1.0073 0.4293, 2.0511 1.0042 0.4285, 2.0331 1.0008 0.4245, 2.0159 0.9973 0.4173, 2.0004 0.9939 0.4073, 1.9871 0.9907 0.3951, 1.9764 0.9878 0.3812, 1.9679 0.9847 0.3653, 1.9622 0.9813 0.3477, 1.9596 0.9778 0.3293, 1.9603 0.9744 0.3108, 1.964 0.9712 0.2932, 1.9705 0.9683 0.2768, 1.9799 0.9652 0.2615, 1.9921 0.9618 0.2476, 2.0066 0.9584 0.236, 2.0228 0.9549 0.2272, 2.04 0.9518 0.2214, 2.0574 0.9488 0.2187, 2.0753 0.9457 0.2189, 2.0934 0.9424 0.2223, 2.1108 0.9389 0.2289, 2.1267 0.9355 0.2383, 2.1405 0.9323 0.2502, 2.1517 0.9293 0.2638, 2.1606 0.9263 0.2793, 2.1669 0.9229 0.2966, 2.1701 0.9194 0.3149, 2.17 0.916 0.3334, 2.1668 0.9128 0.3513, 2.1609 0.9098 0.3679, 2.1521 0.9068 0.3835, 2.1404 0.9034 0.3977, 2.1263 0.9 0.4098, 2.1103 0.8965 0.4192, 2.0933 0.8933 0.4255, 2.0759 0.8903 0.4288, 2.0581 0.8873 0.4292, 2.04 0.884 0.4264, 2.0223 0.8805 0.4204, 2.0061 0.8771 0.4115, 1.9919 0.8738 0.4, 1.9802 0.8708 0.3868, 1.9709 0.8678 0.3716, 1.964 0.8645 0.3546, 1.9602 0.861 0.3364, 1.9596 0.8576 0.3179, 1.9622 0.8543 0.2998, 1.9677 0.8513 0.283, 1.9759 0.8483 0.2672, 1.9871 0.845 0.2527, 2.0008 0.8416 0.2402, 2.0164 0.8381 0.2302, 2.0333 0.8348 0.2232, 2.0507 0.8318 0.2194, 2.0683 0.8289 0.2184, 2.0865 0.8256 0.2206, 2.1043 0.8221 0.226, 2.1208 0.8187 0.2344, 2.1355 0.8154 0.2454, 2.1477 0.8123 0.2584, 2.1574 0.8094 0.2731, 2.1648 0.8061 0.2898, 2.1692 0.8027 0.3078, 2.1704 0.7992 0.3263, 2.1684 0.7959 0.3446, 2.1635 0.7928 0.3617, 2.1558 0.7899 0.3776, 2.1452 0.7866 0.3924, 2.132 0.7832 0.4054, 2.1166 0.7797 0.4159, 2.0999 0.7764 0.4235, 2.0826 0.7733 0.4279, 2.065 0.7704 0.4294, 2.0469 0.7672 0.4279, 2.029 0.7637 0.4231, 2.0121 0.7603 0.4152, 1.9971 0.7569 0.4047, 1.9844 0.7538 0.392, 1.9742 0.7509 0.3777, 1.9663 0.7477 0.3613, 1.9613 0.7443 0.3435, 1.9595 0.7408 0.325, 1.9609 0.7374 0.3067, 1.9653 0.7343 0.2893, 1.9724 0.7314 0.2732, 1.9825 0.7282 0.2581, 1.9952 0.7248 0.2447, 2.0102 0.7213 0.2337, 2.0267 0.718 0.2255, 2.044 0.7148 0.2205, 2.0614 0.7119 0.2184, 2.0795 0.7087 0.2194, 2.0975 0.7053 0.2235, 2.1147 0.7019 0.2308, 2.1301 0.6985 0.2409, 2.1433 0.6953 0.2532, 2.1539 0.6924 0.2672, 2.1623 0.6893 0.2832, 2.1679 0.6859 0.3008, 2.1704 0.6824 0.3192, 2.1696 0.679 0.3377, 2.1657 0.6759 0.3553, 2.1591 0.6729 0.3716, 2.1496 0.6698 0.3869, 2.1373 0.6664 0.4007, 2.1227 0.6629 0.4122, 2.1064 0.6595 0.4209, 2.0893 0.6564 0.4266, 2.0719 0.6535 0.4292, 2.0539 0.6503 0.4288, 2.0358 0.647 0.4253, 2.0184 0.6435 0.4186, 2.0326 1.4216 0.2239, 2.0499 1.4185 0.2199, 2.0675 1.4156 0.2188, 2.0855 1.4123 0.2208, 2.1033 1.4089 0.226, 2.1199 1.4054 0.2342, 2.1346 1.4021 0.2451, 2.1468 1.399 0.2579, 2.1567 1.3961 0.2725, 2.1641 1.3928 0.289, 2.1687 1.3894 0.3069, 2.1701 1.3859 0.3254, 2.1682 1.3826 0.3436, 2.1634 1.3795 0.3608, 2.1559 1.3766 0.3766, 2.1455 1.3734 0.3915, 2.1324 1.3699 0.4045, 2.1172 1.3665 0.4151, 2.1006 1.3631 0.4228, 2.0834 1.36 0.4274, 2.0659 1.3571 0.429, 2.0479 1.3539 0.4276, 2.03 1.3505 0.423, 2.0131 1.347 0.4154, 1.998 1.3436 0.405, 1.9853 1.3405 0.3924, 1.975 1.3376 0.3783, 1.967 1.3344 0.3621, 1.9618 1.331 0.3444, 1.9598 1.3275 0.3259, 1.9611 1.3242 0.3076, 1.9654 1.321 0.2902, 1.9723 1.3181 0.2741, 1.9822 1.3149 0.2591, 1.9948 1.3115 0.2456, 2.0096 1.3081 0.2345, 2.026 1.3047 0.2262, 2.0432 1.3015 0.221, 2.0606 1.2986 0.2189, 2.0786 1.2955 0.2196, 2.0965 1.2921 0.2236, 2.1137 1.2886 0.2307, 2.1292 1.2852 0.2406, 2.1424 1.282 0.2528, 2.1531 1.2791 0.2666, 2.1616 1.276 0.2825, 2.1673 1.2726 0.2999, 2.1699 1.2691 0.3183, 2.1693 1.2657 0.3367, 2.1656 1.2626 0.3543, 2.1591 1.2596 0.3706, 2.1498 1.2565 0.3859, 2.1378 1.2532 0.3997, 2.1233 1.2497 0.4114, 2.1071 1.2463 0.4202, 2.09 1.2431 0.426, 2.0727 1.2402 0.4287, 2.0548 1.237 0.4285, 2.0368 1.2337 0.4252, 2.0195 1.2302 0.4187, 2.0036 1.2268 0.4092, 1.9899 1.2236 0.3975, 1.9787 1.2207 0.384, 1.9698 1.2176 0.3685, 1.9635 1.2142 0.3513, 1.9602 1.2108 0.3331, 1.9602 1.2073 0.3146, 1.9634 1.2041 0.2967, 1.9693 1.2012 0.2802, 1.9781 1.1981 0.2647, 1.9896 1.1948 0.2505, 2.0037 1.1913 0.2385, 2.0196 1.1879 0.2291, 2.0366 1.1846 0.2227, 2.0539 1.1817 0.2194, 2.0716 1.1786 0.219, 2.0897 1.1753 0.2217, 2.1072 1.1718 0.2276, 2.1234 1.1684 0.2365, 2.1376 1.1651 0.2479, 2.1493 1.1622 0.2611, 2.1586 1.1591 0.2762, 2.1655 1.1558 0.2931, 2.1693 1.1524 0.3112, 2.1699 1.1489 0.3297, 2.1674 1.1456 0.3477, 2.1619 1.1426 0.3645, 2.1538 1.1397 0.3802, 2.1427 1.1364 0.3947, 2.1291 1.1329 0.4072, 2.1135 1.1295 0.4172, 2.0966 1.1262 0.4241, 2.0794 1.1231 0.428, 2.0618 1.1202 0.429, 2.0437 1.1169 0.4269, 2.026 1.1134 0.4215, 2.0095 1.11 0.4132, 1.9949 1.1067 0.4022, 1.9827 1.1036 0.3893, 1.9729 1.1007 0.3747, 1.9655 1.0974 0.3581, 1.9611 1.094 0.3401, 1.9599 1.0905 0.3217, 1.9618 1.0872 0.3035, 1.9667 1.0841 0.2864, 1.9744 1.0812 0.2706, 1.9849 1.078 0.2558, 1.998 1.0745 0.2428, 2.0133 1.0711 0.2323, 2.03 1.0677 0.2248, 2.0472 1.0646 0.2203, 2.0647 1.0617 0.2188, 2.0827 1.0585 0.2203, 2.1006 1.0551 0.225, 2.1174 1.0516 0.2328, 2.1324 1.0482 0.2433, 2.1451 1.0451 0.2559, 2.1553 1.0422 0.2701, 2.1632 1.039 0.2864, 2.1682 1.0356 0.3041, 2.1701 1.0321 0.3226, 2.1687 1.0288 0.3409, 2.1643 1.0256 0.3582, 2.1573 1.0227 0.3742, 2.1473 1.0195 0.3893, 2.1346 1.0161 0.4026, 2.1197 1.0127 0.4137, 2.1032 1.0093 0.4218, 2.086 1.0062 0.4269, 2.0686 1.0032 0.429, 2.0507 1.0001 0.428, 2.0327 0.9967 0.424, 2.0156 0.9932 0.4167, 2.0002 0.9898 0.4067, 1.987 0.9867 0.3945, 1.9764 0.9838 0.3806, 1.9681 0.9806 0.3647, 1.9624 0.9772 0.3472, 1.9599 0.9737 0.3288, 1.9607 0.9703 0.3104, 1.9645 0.9672 0.2928, 1.9711 0.9643 0.2766, 1.9805 0.9611 0.2613, 1.9927 0.9577 0.2475, 2.0072 0.9543 0.236, 2.0234 0.9509 0.2273, 2.0406 0.9477 0.2216, 2.0579 0.9448 0.219, 2.0758 0.9416 0.2193, 2.0938 0.9383 0.2228, 2.1111 0.9348 0.2294, 2.1269 0.9314 0.239, 2.1405 0.9282 0.2508, 2.1516 0.9253 0.2644, 2.1604 0.9222 0.2799, 2.1666 0.9188 0.2972, 2.1698 0.9153 0.3154, 2.1696 0.9119 0.3339, 2.1663 0.9087 0.3517, 2.1603 0.9058 0.3682, 2.1515 0.9027 0.3836, 2.1398 0.8994 0.3977, 2.1256 0.8959 0.4097, 2.1097 0.8925 0.419, 2.0927 0.8892 0.4253, 2.0754 0.8863 0.4285, 2.0576 0.8832 0.4288, 2.0396 0.8799 0.4259, 2.022 0.8764 0.4199, 2.0059 0.873 0.4109, 1.9918 0.8697 0.3994, 1.9802 0.8668 0.3861, 1.971 0.8637 0.371, 1.9642 0.8604 0.354, 1.9605 0.857 0.3359, 1.96 0.8535 0.3174, 1.9627 0.8502 0.2994, 1.9682 0.8473 0.2827, 1.9765 0.8443 0.267, 1.9877 0.841 0.2526, 2.0014 0.8375 0.2402, 2.0171 0.834 0.2303, 2.0339 0.8308 0.2234, 2.0512 0.8278 0.2197, 2.0688 0.8248 0.2188, 2.0869 0.8215 0.2211, 2.1046 0.818 0.2265, 2.1211 0.8146 0.235, 2.1356 0.8113 0.246, 2.1477 0.8083 0.259, 2.1573 0.8053 0.2737, 2.1646 0.802 0.2904, 2.1689 0.7986 0.3083, 2.17 0.7951 0.3268, 2.168 0.7918 0.345, 2.1629 0.7888 0.362, 2.1552 0.7858 0.3778, 2.1446 0.7825 0.3925, 2.1313 0.7791 0.4054, 2.116 0.7756 0.4158, 2.0993 0.7723 0.4233, 2.082 0.7693 0.4276, 2.0645 0.7663 0.429, 2.0465 0.7631 0.4274, 2.0287 0.7597 0.4226, 2.0119 0.7562 0.4147, 1.997 0.7528 0.4041, 1.9844 0.7498 0.3914, 1.9743 0.7468 0.3771, 1.9665 0.7436 0.3607, 1.9616 0.7402 0.343, 1.9598 0.7367 0.3245, 1.9613 0.7334 0.3062, 1.9658 0.7303 0.2889, 1.973 0.7273 0.2729, 1.9831 0.7241 0.258, 1.9959 0.7207 0.2447, 2.0108 0.7173 0.2338, 2.0274 0.7139 0.2257, 2.0446 0.7108 0.2208, 2.062 0.7079 0.2188, 2.08 0.7047 0.2198, 2.0979 0.7013 0.2241, 2.1149 0.6978 0.2314, 2.1303 0.6944 0.2415, 2.1433 0.6913 0.2538, 2.1539 0.6884 0.2678, 2.1621 0.6852 0.2838, 2.1676 0.6818 0.3013, 2.17 0.6783 0.3197, 2.1691 0.6749 0.3381, 2.1652 0.6718 0.3556, 2.1585 0.6689 0.3718, 2.149 0.6657 0.3871, 2.1367 0.6623 0.4007, 2.1221 0.6589 0.4121, 2.1058 0.6555 0.4208, 2.0887 0.6523 0.4263, 2.0714 0.6494 0.4288, 2.0534 0.6462 0.4284, 2.0354 0.6429 0.4248, 2.0182 0.6394 0.418, 2.0497 1.4146 0.2198, 2.0673 1.4116 0.2187, 2.0854 1.4084 0.2206, 2.1032 1.4049 0.2258, 2.1198 1.4015 0.234, 2.1345 1.3981 0.2449, 2.1468 1.3951 0.2577, 2.1567 1.3921 0.2723, 2.1642 1.3889 0.2888, 2.1688 1.3855 0.3068, 2.1702 1.382 0.3253, 2.1684 1.3787 0.3435, 2.1636 1.3756 0.3607, 2.1561 1.3727 0.3766, 2.1457 1.3694 0.3914, 2.1326 1.366 0.4045, 2.1174 1.3625 0.4151, 2.1008 1.3592 0.4229, 2.0835 1.3561 0.4275, 2.0661 1.3532 0.4291, 2.048 1.35 0.4278, 2.0301 1.3465 0.4232, 2.0132 1.3431 0.4155, 1.9981 1.3397 0.4052, 1.9853 1.3366 0.3926, 1.975 1.3337 0.3785, 1.9669 1.3305 0.3623, 1.9618 1.3271 0.3445, 1.9597 1.3236 0.3261, 1.961 1.3202 0.3077, 1.9652 1.3171 0.2903, 1.9722 1.3142 0.2742, 1.982 1.311 0.2591, 1.9946 1.3076 0.2456, 2.0094 1.3041 0.2345, 2.0259 1.3008 0.2262, 2.043 1.2976 0.2209, 2.0604 1.2947 0.2187, 2.0784 1.2915 0.2195, 2.0964 1.2881 0.2234, 2.1136 1.2847 0.2305, 2.1291 1.2813 0.2404, 2.1424 1.2781 0.2526, 2.1531 1.2752 0.2664, 2.1616 1.2721 0.2823, 2.1674 1.2687 0.2997, 2.1701 1.2652 0.3181, 2.1695 1.2618 0.3366, 2.1658 1.2586 0.3542, 2.1593 1.2557 0.3705, 2.15 1.2526 0.3859, 2.138 1.2492 0.3997, 2.1235 1.2457 0.4114, 2.1073 1.2423 0.4202, 2.0902 1.2391 0.4261, 2.0729 1.2362 0.4288, 2.055 1.2331 0.4287, 2.0369 1.2298 0.4253, 2.0195 1.2263 0.4188, 2.0036 1.2229 0.4094, 1.9899 1.2196 0.3977, 1.9787 1.2167 0.3842, 1.9697 1.2136 0.3687, 1.9634 1.2103 0.3515, 1.9601 1.2068 0.3332, 1.9601 1.2034 0.3147, 1.9632 1.2002 0.2969, 1.9692 1.1972 0.2803, 1.9779 1.1942 0.2648, 1.9894 1.1908 0.2506, 2.0035 1.1874 0.2385, 2.0194 1.1839 0.229, 2.0364 1.1807 0.2226, 2.0537 1.1777 0.2192, 2.0715 1.1747 0.2188, 2.0895 1.1714 0.2215, 2.1071 1.1679 0.2275, 2.1234 1.1645 0.2363, 2.1376 1.1612 0.2477, 2.1493 1.1582 0.2609, 2.1587 1.1552 0.276, 2.1655 1.1519 0.2929, 2.1694 1.1484 0.311, 2.1701 1.145 0.3295, 2.1675 1.1417 0.3476, 2.1621 1.1387 0.3644, 2.154 1.1357 0.3801, 2.1429 1.1324 0.3946, 2.1293 1.129 0.4072, 2.1137 1.1255 0.4172, 2.0968 1.1222 0.4242, 2.0796 1.1192 0.4281, 2.0619 1.1162 0.4291, 2.0438 1.113 0.427, 2.0261 1.1095 0.4217, 2.0095 1.1061 0.4134, 1.9949 1.1027 0.4024, 1.9827 1.0997 0.3895, 1.9729 1.0967 0.3749, 1.9655 1.0935 0.3583, 1.961 1.09 0.3403, 1.9597 1.0866 0.3218, 1.9617 1.0833 0.3036, 1.9666 1.0802 0.2865, 1.9742 1.0773 0.2706, 1.9847 1.074 0.2558, 1.9978 1.0706 0.2428, 2.0131 1.0671 0.2323, 2.0298 1.0638 0.2247, 2.047 1.0607 0.2202, 2.0645 1.0578 0.2186, 2.0826 1.0545 0.2201, 2.1005 1.0511 0.2248, 2.1173 1.0477 0.2326, 2.1324 1.0443 0.2431, 2.1451 1.0412 0.2557, 2.1553 1.0383 0.2699, 2.1632 1.0351 0.2862, 2.1683 1.0317 0.3039, 2.1702 1.0282 0.3224, 2.1689 1.0248 0.3407, 2.1645 1.0217 0.3581, 2.1574 1.0188 0.3742, 2.1475 1.0156 0.3892, 2.1348 1.0122 0.4026, 2.1199 1.0087 0.4137, 2.1034 1.0054 0.4219, 2.0862 1.0022 0.427, 2.0688 0.9993 0.4291, 2.0508 0.9961 0.4282, 2.0328 0.9927 0.4241, 2.0157 0.9893 0.4169, 2.0003 0.9859 0.4069, 1.9871 0.9827 0.3947, 1.9764 0.9798 0.3808, 1.968 0.9767 0.3649, 1.9624 0.9733 0.3473, 1.9598 0.9698 0.3289, 1.9606 0.9664 0.3105, 1.9644 0.9632 0.2929, 1.9709 0.9603 0.2767, 1.9803 0.9572 0.2614, 1.9925 0.9538 0.2476, 2.007 0.9503 0.236, 2.0233 0.9469 0.2273, 2.0404 0.9437 0.2215, 2.0577 0.9408 0.2189, 2.0756 0.9377 0.2192, 2.0937 0.9343 0.2226, 2.111 0.9309 0.2293, 2.1269 0.9275 0.2388, 2.1405 0.9242 0.2506, 2.1516 0.9213 0.2642, 2.1605 0.9182 0.2797, 2.1667 0.9149 0.297, 2.1699 0.9114 0.3153, 2.1698 0.908 0.3338, 2.1665 0.9048 0.3516, 2.1605 0.9018 0.3681, 2.1517 0.8988 0.3836, 2.14 0.8954 0.3977, 2.1259 0.8919 0.4097, 2.1099 0.8885 0.4191, 2.0929 0.8853 0.4254, 2.0756 0.8823 0.4286, 2.0578 0.8793 0.4289, 2.0397 0.8759 0.4261, 2.0221 0.8725 0.42, 2.006 0.869 0.4111, 1.9918 0.8658 0.3996, 1.9802 0.8628 0.3863, 1.9709 0.8598 0.3712, 1.9642 0.8565 0.3542, 1.9604 0.853 0.3361, 1.9599 0.8496 0.3176, 1.9626 0.8463 0.2995, 1.9681 0.8433 0.2828, 1.9763 0.8403 0.2671, 1.9875 0.837 0.2526, 2.0012 0.8336 0.2402, 2.0169 0.8301 0.2303, 2.0337 0.8268 0.2234, 2.051 0.8238 0.2196, 2.0687 0.8208 0.2187, 2.0868 0.8175 0.2209, 2.1045 0.8141 0.2263, 2.121 0.8106 0.2348, 2.1355 0.8073 0.2458, 2.1477 0.8043 0.2588, 2.1574 0.8014 0.2735, 2.1647 0.7981 0.2902, 2.169 0.7946 0.3082, 2.1702 0.7912 0.3267, 2.1681 0.7879 0.3449, 2.1631 0.7848 0.3619, 2.1554 0.7819 0.3777, 2.1448 0.7786 0.3925, 2.1315 0.7752 0.4054, 2.1162 0.7717 0.4158, 2.0995 0.7684 0.4233, 2.0822 0.7653 0.4277, 2.0647 0.7624 0.4291, 2.0466 0.7591 0.4275, 2.0288 0.7557 0.4227, 2.012 0.7522 0.4148, 1.997 0.7489 0.4043, 1.9844 0.7458 0.3916, 1.9743 0.7429 0.3773, 1.9664 0.7397 0.3609, 1.9615 0.7363 0.3431, 1.9597 0.7328 0.3247, 1.9612 0.7294 0.3064, 1.9656 0.7263 0.289, 1.9728 0.7234 0.273, 1.9829 0.7202 0.258, 1.9956 0.7168 0.2447, 2.0106 0.7133 0.2337, 2.0272 0.7099 0.2257, 2.0444 0.7068 0.2207, 2.0618 0.7039 0.2187, 2.0798 0.7007 0.2197, 2.0978 0.6973 0.2239, 2.1148 0.6939 0.2312, 2.1302 0.6905 0.2413, 2.1433 0.6873 0.2536, 2.1539 0.6844 0.2676, 2.1622 0.6813 0.2836, 2.1677 0.6779 0.3011, 2.1701 0.6744 0.3196, 2.1693 0.671 0.338, 2.1654 0.6678 0.3555, 2.1587 0.6649 0.3717, 2.1492 0.6618 0.387, 2.1369 0.6584 0.4007, 2.1223 0.6549 0.4122, 2.106 0.6515 0.4208, 2.0889 0.6483 0.4264, 2.0715 0.6454 0.4289, 2.0536 0.6423 0.4285, 2.0356 0.6389 0.425, 2.0183 0.6355 0.4182, 2.0664 1.4073 0.2179, 2.0846 1.404 0.2197, 2.1025 1.4005 0.2248, 2.1193 1.3971 0.2329, 2.1343 1.3938 0.2437, 2.1468 1.3907 0.2565, 2.1569 1.3878 0.2711, 2.1646 1.3845 0.2877, 2.1694 1.3811 0.3057, 2.1709 1.3776 0.3243, 2.1693 1.3743 0.3427, 2.1646 1.3712 0.36, 2.1572 1.3683 0.3761, 2.1469 1.3651 0.3912, 2.1338 1.3616 0.4044, 2.1186 1.3582 0.4153, 2.1019 1.3548 0.4232, 2.0846 1.3517 0.428, 2.067 1.3488 0.4299, 2.0488 1.3456 0.4286, 2.0308 1.3422 0.4242, 2.0137 1.3387 0.4167, 1.9983 1.3353 0.4063, 1.9853 1.3322 0.3938, 1.9748 1.3293 0.3797, 1.9666 1.3261 0.3634, 1.9612 1.3227 0.3456, 1.959 1.3192 0.3271, 1.9601 1.3159 0.3086, 1.9642 1.3127 0.291, 1.9711 1.3098 0.2747, 1.9808 1.3066 0.2594, 1.9934 1.3032 0.2457, 2.0082 1.2998 0.2344, 2.0247 1.2964 0.2259, 2.042 1.2932 0.2204, 2.0594 1.2903 0.218, 2.0776 1.2872 0.2187, 2.0957 1.2838 0.2225, 2.1131 1.2803 0.2294, 2.1288 1.2769 0.2393, 2.1423 1.2737 0.2514, 2.1532 1.2708 0.2652, 2.1619 1.2677 0.2811, 2.1679 1.2643 0.2987, 2.1707 1.2608 0.3171, 2.1703 1.2574 0.3357, 2.1667 1.2542 0.3535, 2.1604 1.2513 0.37, 2.1512 1.2482 0.3855, 2.1391 1.2448 0.3996, 2.1247 1.2414 0.4114, 2.1085 1.238 0.4205, 2.0913 1.2348 0.4266, 2.0739 1.2318 0.4295, 2.0559 1.2287 0.4295, 2.0377 1.2254 0.4263, 2.0201 1.2219 0.4199, 2.004 1.2185 0.4106, 1.99 1.2153 0.3989, 1.9786 1.2123 0.3854, 1.9695 1.2093 0.3699, 1.9629 1.2059 0.3526, 1.9595 1.2024 0.3342, 1.9593 1.199 0.3156, 1.9623 1.1958 0.2976, 1.9681 1.1928 0.2809, 1.9767 1.1898 0.2652, 1.9883 1.1865 0.2508, 2.0023 1.183 0.2384, 2.0182 1.1796 0.2288, 2.0353 1.1763 0.2221, 2.0527 1.1733 0.2186, 2.0705 1.1703 0.2181, 2.0888 1.167 0.2206, 2.1065 1.1635 0.2264, 2.123 1.1601 0.2352, 2.1374 1.1568 0.2465, 2.1493 1.1538 0.2597, 2.1589 1.1508 0.2748, 2.166 1.1475 0.2918, 2.17 1.1441 0.31, 2.1708 1.1406 0.3286, 2.1684 1.1373 0.3468, 2.1631 1.1343 0.3638, 2.1551 1.1313 0.3797, 2.1441 1.1281 0.3944, 2.1305 1.1246 0.4072, 2.1149 1.1211 0.4174, 2.098 1.1178 0.4246, 2.0806 1.1148 0.4287, 2.0629 1.1119 0.4299, 2.0446 1.1086 0.4279, 2.0267 1.1051 0.4227, 2.01 1.1017 0.4145, 1.9951 1.0984 0.4036, 1.9827 1.0953 0.3907, 1.9727 1.0924 0.3761, 1.9651 1.0891 0.3594, 1.9604 1.0857 0.3414, 1.959 1.0822 0.3228, 1.9608 1.0789 0.3044, 1.9656 1.0758 0.2871, 1.9731 1.0729 0.2711, 1.9835 1.0696 0.2561, 1.9966 1.0662 0.2429, 2.0119 1.0627 0.2321, 2.0286 1.0594 0.2243, 2.046 1.0563 0.2196, 2.0636 1.0534 0.2179, 2.0818 1.0502 0.2192, 2.0998 1.0468 0.2238, 2.1169 1.0433 0.2315, 2.1321 1.0399 0.2419, 2.145 1.0368 0.2545, 2.1555 1.0339 0.2687, 2.1636 1.0307 0.285, 2.1688 1.0273 0.3029, 2.1709 1.0238 0.3214, 2.1697 1.0205 0.3399, 2.1655 1.0173 0.3574, 2.1585 1.0144 0.3737, 2.1486 1.0112 0.3889, 2.136 1.0078 0.4025, 2.1211 1.0044 0.4138, 2.1046 1.001 0.4222, 2.0873 0.9978 0.4275, 2.0698 0.9949 0.4298, 2.0517 0.9918 0.429, 2.0335 0.9884 0.4251, 2.0162 0.9849 0.418, 2.0006 0.9815 0.4081, 1.9872 0.9783 0.3959, 1.9763 0.9754 0.382, 1.9677 0.9723 0.366, 1.9619 0.9689 0.3484, 1.9591 0.9654 0.3299, 1.9597 0.962 0.3114, 1.9634 0.9589 0.2936, 1.9698 0.9559 0.2772, 1.9791 0.9528 0.2617, 1.9913 0.9494 0.2477, 2.0058 0.946 0.2359, 2.0221 0.9426 0.227, 2.0393 0.9394 0.2211, 2.0567 0.9365 0.2182, 2.0748 0.9333 0.2184, 2.093 0.93 0.2217, 2.1105 0.9265 0.2282, 2.1265 0.9231 0.2376, 2.1404 0.9199 0.2494, 2.1517 0.917 0.263, 2.1608 0.9139 0.2785, 2.1672 0.9105 0.2959, 2.1705 0.907 0.3143, 2.1706 0.9036 0.3329, 2.1675 0.9004 0.3509, 2.1616 0.8975 0.3675, 2.1528 0.8944 0.3832, 2.1412 0.891 0.3976, 2.1271 0.8876 0.4098, 2.1111 0.8841 0.4193, 2.094 0.8809 0.4258, 2.0766 0.878 0.4292, 2.0587 0.8749 0.4297, 2.0404 0.8716 0.427, 2.0227 0.8681 0.4211, 2.0063 0.8647 0.4122, 1.992 0.8614 0.4008, 1.9802 0.8585 0.3875, 1.9707 0.8554 0.3724, 1.9637 0.8521 0.3554, 1.9598 0.8487 0.3371, 1.9591 0.8452 0.3185, 1.9616 0.8419 0.3003, 1.967 0.839 0.2834, 1.9752 0.8359 0.2675, 1.9863 0.8326 0.2528, 2.0 0.8292 0.2402, 2.0157 0.8257 0.2301, 2.0326 0.8224 0.223, 2.05 0.8195 0.219, 2.0678 0.8165 0.2179, 2.086 0.8132 0.22, 2.1039 0.8097 0.2253, 2.1206 0.8063 0.2337, 2.1353 0.803 0.2446, 2.1476 0.7999 0.2576, 2.1576 0.797 0.2723, 2.1651 0.7937 0.289, 2.1696 0.7903 0.3071, 2.1709 0.7868 0.3257, 2.169 0.7835 0.3441, 2.1641 0.7804 0.3613, 2.1565 0.7775 0.3773, 2.146 0.7742 0.3922, 2.1327 0.7708 0.4054, 2.1174 0.7673 0.416, 2.1006 0.764 0.4237, 2.0833 0.7609 0.4283, 2.0656 0.758 0.4299, 2.0474 0.7548 0.4284, 2.0294 0.7513 0.4237, 2.0124 0.7479 0.4159, 1.9972 0.7445 0.4054, 1.9844 0.7414 0.3928, 1.9741 0.7385 0.3785, 1.9661 0.7353 0.3621, 1.9609 0.7319 0.3442, 1.959 0.7284 0.3256, 1.9603 0.7251 0.3072, 1.9646 0.7219 0.2897, 1.9717 0.719 0.2735, 1.9817 0.7158 0.2583, 1.9945 0.7124 0.2448, 2.0095 0.7089 0.2336, 2.026 0.7056 0.2253, 2.0433 0.7025 0.2201, 2.0608 0.6995 0.218, 2.079 0.6964 0.2188, 2.0971 0.693 0.2229, 2.1143 0.6895 0.2301, 2.1299 0.6861 0.2401, 2.1432 0.683 0.2524, 2.154 0.6801 0.2664, 2.1625 0.6769 0.2824, 2.1682 0.6735 0.3001, 2.1708 0.67 0.3186, 2.1701 0.6666 0.3371, 2.1663 0.6635 0.3548, 2.1598 0.6606 0.3712, 2.1504 0.6574 0.3867, 2.1381 0.654 0.4006, 2.1235 0.6506 0.4122, 2.1072 0.6472 0.4211, 2.09 0.644 0.4269, 2.0725 0.6411 0.4296, 2.0545 0.6379 0.4294, 2.0363 0.6346 0.4259, 2.0188 0.6311 0.4193, 2.0829 1.3995 0.2179, 2.1012 1.3961 0.2226, 2.1184 1.3926 0.2306, 2.1338 1.3893 0.2413, 2.1467 1.3863 0.254, 2.1572 1.3833 0.2686, 2.1654 1.3801 0.2853, 2.1706 1.3766 0.3035, 2.1725 1.3732 0.3223, 2.1711 1.3698 0.341, 2.1667 1.3668 0.3587, 2.1595 1.3638 0.3751, 2.1493 1.3606 0.3906, 2.1364 1.3572 0.4043, 2.1211 1.3537 0.4156, 2.1043 1.3504 0.424, 2.0868 1.3473 0.4292, 2.069 1.3443 0.4314, 2.0506 1.3411 0.4305, 2.0321 1.3377 0.4263, 2.0147 1.3342 0.419, 1.9989 1.3309 0.4088, 1.9855 1.3278 0.3963, 1.9746 1.3249 0.3821, 1.9659 1.3217 0.3658, 1.9601 1.3182 0.3479, 1.9575 1.3148 0.3291, 1.9583 1.3114 0.3103, 1.9621 1.3083 0.2924, 1.9688 1.3054 0.2758, 1.9784 1.3022 0.26, 1.9909 1.2988 0.2459, 2.0057 1.2953 0.2341, 2.0223 1.2919 0.2252, 2.0397 1.2888 0.2193, 2.0574 1.2859 0.2166, 2.0758 1.2827 0.2169, 2.0943 1.2793 0.2204, 2.112 1.2758 0.2272, 2.1281 1.2725 0.2369, 2.1421 1.2693 0.2489, 2.1534 1.2664 0.2627, 2.1625 1.2632 0.2787, 2.1689 1.2599 0.2964, 2.1722 1.2564 0.3151, 2.172 1.253 0.3339, 2.1688 1.2498 0.3521, 2.1627 1.2469 0.3689, 2.1536 1.2438 0.3848, 2.1416 1.2404 0.3993, 2.1272 1.2369 0.4116, 2.1109 1.2335 0.4211, 2.0936 1.2303 0.4276, 2.076 1.2274 0.4309, 2.0577 1.2243 0.4312, 2.0392 1.2209 0.4283, 2.0212 1.2175 0.4222, 2.0047 1.214 0.413, 1.9903 1.2108 0.4013, 1.9785 1.2079 0.3879, 1.9689 1.2048 0.3723, 1.962 1.2015 0.3549, 1.9581 1.198 0.3364, 1.9576 1.1946 0.3175, 1.9603 1.1913 0.2991, 1.9659 1.1884 0.2821, 1.9744 1.1853 0.2659, 1.9858 1.182 0.2511, 1.9998 1.1785 0.2383, 2.0158 1.1751 0.2283, 2.0329 1.1718 0.2212, 2.0505 1.1689 0.2173, 2.0687 1.1658 0.2164, 2.0872 1.1625 0.2187, 2.1053 1.1591 0.2242, 2.1222 1.1556 0.2328, 2.137 1.1524 0.244, 2.1493 1.1494 0.2572, 2.1593 1.1464 0.2723, 2.1668 1.1431 0.2894, 2.1713 1.1396 0.3078, 2.1725 1.1362 0.3267, 2.1704 1.1329 0.3452, 2.1653 1.1299 0.3625, 2.1574 1.1269 0.3788, 2.1466 1.1236 0.394, 2.133 1.1201 0.4072, 2.1173 1.1167 0.4178, 2.1003 1.1134 0.4255, 2.0828 1.1104 0.43, 2.0648 1.1074 0.4314, 2.0463 1.1041 0.4298, 2.028 1.1007 0.4249, 2.0109 1.0972 0.4168, 1.9956 1.0939 0.4061, 1.9828 1.0909 0.3932, 1.9723 1.0879 0.3786, 1.9643 1.0847 0.3618, 1.9592 1.0812 0.3436, 1.9574 1.0778 0.3247, 1.9589 1.0744 0.3061, 1.9634 1.0714 0.2885, 1.9707 1.0684 0.272, 1.981 1.0652 0.2566, 1.9941 1.0618 0.243, 2.0094 1.0583 0.2318, 2.0263 1.055 0.2235, 2.0438 1.0519 0.2185, 2.0616 1.0489 0.2164, 2.0801 1.0457 0.2174, 2.0985 1.0423 0.2217, 2.1159 1.0388 0.2292, 2.1316 1.0355 0.2395, 2.1449 1.0324 0.2519, 2.1557 1.0295 0.2662, 2.1643 1.0263 0.2826, 2.17 1.0228 0.3006, 2.1724 1.0194 0.3194, 2.1716 1.016 0.3382, 2.1676 1.0129 0.3561, 2.1608 1.01 0.3726, 2.1511 1.0068 0.3883, 2.1385 1.0034 0.4024, 2.1236 0.9999 0.4141, 2.107 0.9965 0.4229, 2.0895 0.9934 0.4286, 2.0718 0.9905 0.4312, 2.0534 0.9873 0.4308, 2.0349 0.9839 0.4272, 2.0173 0.9804 0.4203, 2.0012 0.977 0.4105, 1.9874 0.9739 0.3984, 1.9761 0.971 0.3845, 1.9671 0.9678 0.3685, 1.9608 0.9644 0.3507, 1.9577 0.961 0.332, 1.9579 0.9576 0.3132, 1.9613 0.9544 0.2951, 1.9676 0.9515 0.2783, 1.9767 0.9484 0.2624, 1.9888 0.945 0.248, 2.0033 0.9415 0.2358, 2.0197 0.9381 0.2263, 2.037 0.9349 0.22, 2.0546 0.932 0.2168, 2.0729 0.9289 0.2166, 2.0915 0.9255 0.2197, 2.1094 0.922 0.2259, 2.1258 0.9186 0.2352, 2.1401 0.9154 0.2469, 2.1518 0.9125 0.2605, 2.1613 0.9094 0.2761, 2.1681 0.9061 0.2936, 2.1719 0.9026 0.3122, 2.1723 0.8992 0.331, 2.1695 0.8959 0.3493, 2.1638 0.893 0.3664, 2.1552 0.8899 0.3824, 2.1437 0.8866 0.3972, 2.1296 0.8831 0.4099, 2.1135 0.8797 0.4199, 2.0963 0.8764 0.4268, 2.0787 0.8735 0.4306, 2.0606 0.8705 0.4314, 2.042 0.8671 0.429, 2.0239 0.8637 0.4233, 2.0071 0.8602 0.4146, 1.9924 0.857 0.4033, 1.9802 0.854 0.3901, 1.9702 0.851 0.3749, 1.9629 0.8477 0.3577, 1.9585 0.8442 0.3393, 1.9575 0.8408 0.3204, 1.9597 0.8375 0.3019, 1.9648 0.8345 0.2846, 1.9729 0.8315 0.2684, 1.9838 0.8282 0.2533, 1.9975 0.8247 0.2401, 2.0132 0.8213 0.2296, 2.0303 0.818 0.2221, 2.0478 0.815 0.2177, 2.0658 0.812 0.2163, 2.0844 0.8087 0.2181, 2.1026 0.8053 0.2231, 2.1197 0.8018 0.2313, 2.1349 0.7985 0.2422, 2.1476 0.7955 0.2551, 2.1579 0.7925 0.2698, 2.1659 0.7893 0.2867, 2.1708 0.7858 0.3049, 2.1725 0.7824 0.3238, 2.1709 0.779 0.3424, 2.1663 0.776 0.36, 2.1588 0.773 0.3764, 2.1484 0.7698 0.3917, 2.1353 0.7664 0.4053, 2.1199 0.7629 0.4164, 2.103 0.7596 0.4245, 2.0855 0.7565 0.4295, 2.0676 0.7536 0.4314, 2.0491 0.7503 0.4303, 2.0308 0.7469 0.4259, 2.0134 0.7434 0.4183, 1.9978 0.7401 0.4079, 1.9846 0.737 0.3953, 1.9738 0.7341 0.381, 1.9654 0.7308 0.3645, 1.9598 0.7274 0.3465, 1.9575 0.724 0.3276, 1.9585 0.7206 0.3089, 1.9625 0.7175 0.2911, 1.9694 0.7146 0.2745, 1.9793 0.7114 0.2589, 1.9919 0.708 0.2449, 2.007 0.7045 0.2333, 2.0236 0.7011 0.2246, 2.0411 0.698 0.219, 2.0588 0.6951 0.2165, 2.0772 0.6919 0.217, 2.0957 0.6885 0.2208, 2.1133 0.685 0.2278, 2.1293 0.6816 0.2377, 2.143 0.6785 0.2499, 2.1542 0.6756 0.2639, 2.1631 0.6724 0.28, 2.1693 0.669 0.2978, 2.1723 0.6656 0.3165, 2.1719 0.6622 0.3353, 2.1684 0.659 0.3534, 2.1621 0.6561 0.3701, 2.1528 0.653 0.386, 2.1406 0.6496 0.4003, 2.126 0.6461 0.4124, 2.1096 0.6427 0.4217, 2.0922 0.6395 0.4279, 2.0746 0.6366 0.431, 2.0563 0.6335 0.4311, 2.0378 0.6301 0.4279, 2.0199 0.6266 0.4215, 2.0996 1.3928 0.2199, 2.1173 1.3893 0.2276, 2.1332 1.386 0.2381, 2.1466 1.3829 0.2509, 2.1577 1.38 0.2655, 2.1663 1.3767 0.2823, 2.1721 1.3733 0.3007, 2.1745 1.3698 0.3199, 2.1735 1.3665 0.3389, 2.1694 1.3634 0.357, 2.1624 1.3605 0.3739, 2.1524 1.3573 0.3899, 2.1395 1.3538 0.4042, 2.1243 1.3504 0.416, 2.1074 1.347 0.4249, 2.0897 1.3439 0.4306, 2.0716 1.341 0.4333, 2.0527 1.3378 0.4328, 2.0339 1.3344 0.429, 2.0159 1.3309 0.4219, 1.9996 1.3275 0.4119, 1.9857 1.3244 0.3995, 1.9742 1.3215 0.3853, 1.965 1.3183 0.3689, 1.9587 1.3149 0.3507, 1.9557 1.3114 0.3316, 1.956 1.3081 0.3125, 1.9595 1.3049 0.2942, 1.9659 1.302 0.2771, 1.9753 1.2989 0.2608, 1.9877 1.2955 0.2462, 2.0026 1.292 0.2338, 2.0192 1.2886 0.2243, 2.0368 1.2855 0.218, 2.0548 1.2825 0.2148, 2.0735 1.2794 0.2147, 2.0925 1.276 0.2178, 2.1107 1.2725 0.2243, 2.1273 1.2691 0.2338, 2.1418 1.266 0.2458, 2.1537 1.2631 0.2596, 2.1633 1.2599 0.2756, 2.1702 1.2565 0.2935, 2.1739 1.2531 0.3124, 2.1743 1.2497 0.3316, 2.1713 1.2465 0.3502, 2.1655 1.2436 0.3675, 2.1566 1.2404 0.3839, 2.1448 1.2371 0.399, 2.1304 1.2336 0.4118, 2.114 1.2302 0.4219, 2.0965 1.227 0.4288, 2.0786 1.2241 0.4326, 2.06 1.221 0.4334, 2.0411 1.2176 0.4308, 2.0227 1.2141 0.425, 2.0056 1.2107 0.416, 1.9907 1.2075 0.4045, 1.9784 1.2046 0.391, 1.9683 1.2015 0.3754, 1.9608 1.1981 0.3579, 1.9564 1.1947 0.339, 1.9555 1.1912 0.3198, 1.9578 1.188 0.3011, 1.9631 1.1851 0.2835, 1.9713 1.182 0.2669, 1.9826 1.1787 0.2516, 1.9966 1.1752 0.2382, 2.0127 1.1718 0.2276, 2.03 1.1685 0.22, 2.0478 1.1656 0.2157, 2.0663 1.1625 0.2143, 2.0852 1.1592 0.2162, 2.1038 1.1557 0.2214, 2.1212 1.1523 0.2298, 2.1365 1.149 0.2409, 2.1494 1.1461 0.254, 2.1599 1.143 0.2692, 2.1679 1.1397 0.2864, 2.1729 1.1363 0.3051, 2.1745 1.1328 0.3243, 2.1728 1.1295 0.3432, 2.1681 1.1266 0.361, 2.1604 1.1236 0.3777, 2.1497 1.1203 0.3934, 2.1362 1.1168 0.4072, 2.1205 1.1134 0.4184, 2.1033 1.1101 0.4265, 2.0855 1.1071 0.4315, 2.0673 1.1041 0.4334, 2.0483 1.1008 0.4322, 2.0296 1.0974 0.4276, 2.012 1.0939 0.4198, 1.9962 1.0906 0.4092, 1.9828 1.0876 0.3964, 1.9719 1.0846 0.3817, 1.9633 1.0813 0.3648, 1.9577 1.0779 0.3464, 1.9554 1.0744 0.3272, 1.9565 1.0711 0.3082, 1.9607 1.0681 0.2901, 1.9678 1.0651 0.2732, 1.978 1.0619 0.2573, 1.991 1.0584 0.2431, 2.0063 1.055 0.2313, 2.0232 1.0516 0.2226, 2.041 1.0486 0.217, 2.0591 1.0456 0.2145, 2.0779 1.0424 0.2151, 2.0968 1.039 0.219, 2.1147 1.0355 0.2262, 2.1309 1.0321 0.2364, 2.1447 1.0291 0.2488, 2.1561 1.0261 0.2631, 2.1652 1.0229 0.2796, 2.1714 1.0195 0.2978, 2.1743 1.016 0.3169, 2.1739 1.0127 0.336, 2.1702 1.0096 0.3543, 2.1637 1.0066 0.3714, 2.1542 1.0035 0.3875, 2.1417 1.0 0.4021, 2.1267 0.9966 0.4144, 2.11 0.9932 0.4238, 2.0924 0.9901 0.43, 2.0744 0.9872 0.4331, 2.0556 0.984 0.4331, 2.0367 0.9806 0.4298, 2.0186 0.9771 0.4232, 2.002 0.9737 0.4136, 1.9876 0.9706 0.4015, 1.9758 0.9677 0.3876, 1.9663 0.9645 0.3715, 1.9595 0.9611 0.3536, 1.9559 0.9576 0.3346, 1.9557 0.9542 0.3154, 1.9588 0.9511 0.2969, 1.9647 0.9482 0.2796, 1.9737 0.945 0.2633, 1.9856 0.9417 0.2483, 2.0002 0.9382 0.2355, 2.0166 0.9348 0.2256, 2.0341 0.9316 0.2188, 2.052 0.9287 0.2151, 2.0706 0.9256 0.2145, 2.0896 0.9222 0.2171, 2.1079 0.9187 0.2231, 2.1249 0.9153 0.2322, 2.1397 0.9121 0.2438, 2.152 0.9092 0.2573, 2.162 0.9061 0.273, 2.1694 0.9027 0.2906, 2.1736 0.8993 0.3095, 2.1744 0.8958 0.3287, 2.172 0.8926 0.3474, 2.1666 0.8897 0.3649, 2.1582 0.8866 0.3815, 2.1468 0.8833 0.3968, 2.1327 0.8798 0.41, 2.1166 0.8764 0.4205, 2.0992 0.8731 0.428, 2.0814 0.8702 0.4322, 2.0629 0.8671 0.4334, 2.044 0.8638 0.4314, 2.0254 0.8603 0.4261, 2.0081 0.8569 0.4176, 1.9929 0.8536 0.4064, 1.9801 0.8507 0.3932, 1.9697 0.8476 0.378, 1.9617 0.8443 0.3607, 1.9569 0.8409 0.342, 1.9554 0.8374 0.3228, 1.9572 0.8342 0.3039, 1.9621 0.8312 0.2862, 1.9699 0.8282 0.2694, 1.9807 0.8249 0.2538, 1.9943 0.8214 0.2401, 2.0101 0.818 0.229, 2.0273 0.8147 0.221, 2.0451 0.8117 0.2161, 2.0634 0.8087 0.2143, 2.0823 0.8054 0.2157, 2.101 0.8019 0.2204, 2.1186 0.7985 0.2283, 2.1343 0.7952 0.2391, 2.1476 0.7922 0.2519, 2.1584 0.7892 0.2667, 2.1669 0.7859 0.2837, 2.1724 0.7825 0.3021, 2.1745 0.779 0.3213, 2.1733 0.7757 0.3403, 2.169 0.7727 0.3583, 2.1618 0.7697 0.3752, 2.1515 0.7665 0.3911, 2.1384 0.763 0.4052, 2.123 0.7596 0.4168, 2.106 0.7562 0.4255, 2.0883 0.7532 0.431, 2.0701 0.7502 0.4333, 2.0513 0.747 0.4326, 2.0325 0.7436 0.4285, 2.0146 0.7401 0.4212, 1.9985 0.7367 0.411, 1.9847 0.7337 0.3985, 1.9734 0.7307 0.3841, 1.9644 0.7275 0.3675, 1.9584 0.7241 0.3493, 1.9556 0.7206 0.3302, 1.9561 0.7173 0.311, 1.9599 0.7142 0.2928, 1.9665 0.7113 0.2758, 1.9762 0.708 0.2596, 1.9888 0.7046 0.2451, 2.0038 0.7012 0.233, 2.0206 0.6978 0.2237, 2.0382 0.6947 0.2176, 2.0562 0.6918 0.2147, 2.075 0.6886 0.2148, 2.0939 0.6852 0.2182, 2.112 0.6817 0.2249, 2.1285 0.6783 0.2346, 2.1428 0.6752 0.2468, 2.1545 0.6723 0.2607, 2.164 0.6691 0.2769, 2.1706 0.6657 0.2949, 2.1741 0.6622 0.3139, 2.1741 0.6588 0.3331, 2.171 0.6557 0.3516, 2.1649 0.6528 0.3688, 2.1558 0.6496 0.3851, 2.1438 0.6462 0.4, 2.1292 0.6428 0.4127, 2.1127 0.6394 0.4225, 2.0951 0.6362 0.4292, 2.0772 0.6333 0.4328, 2.0586 0.6302 0.4333, 2.0396 0.6268 0.4305, 2.0213 0.6233 0.4244, 2.1159 1.3868 0.224, 2.1324 1.3835 0.2344, 2.1465 1.3804 0.247, 2.1582 1.3775 0.2617, 2.1675 1.3742 0.2786, 2.1739 1.3708 0.2973, 2.1769 1.3673 0.3168, 2.1764 1.364 0.3363, 2.1727 1.3609 0.355, 2.166 1.358 0.3724, 2.1562 1.3548 0.3891, 2.1434 1.3513 0.404, 2.1281 1.3479 0.4166, 2.111 1.3445 0.4261, 2.0931 1.3414 0.4324, 2.0747 1.3385 0.4356, 2.0554 1.3353 0.4356, 2.036 1.3319 0.4322, 2.0174 1.3284 0.4254, 2.0005 1.325 0.4156, 1.9859 1.3219 0.4034, 1.9738 1.319 0.3891, 1.964 1.3158 0.3726, 1.957 1.3124 0.3542, 1.9534 1.3089 0.3348, 1.9532 1.3056 0.3152, 1.9563 1.3024 0.2963, 1.9624 1.2995 0.2787, 1.9716 1.2963 0.2618, 1.9839 1.2929 0.2465, 1.9987 1.2895 0.2334, 2.0155 1.2861 0.2233, 2.0334 1.2829 0.2163, 2.0516 1.28 0.2126, 2.0708 1.2769 0.2119, 2.0902 1.2735 0.2147, 2.109 1.27 0.2208, 2.1263 1.2666 0.2301, 2.1414 1.2634 0.2419, 2.154 1.2605 0.2557, 2.1643 1.2574 0.2719, 2.1718 1.254 0.29, 2.1761 1.2505 0.3093, 2.177 1.2471 0.3289, 2.1745 1.244 0.3479, 2.169 1.241 0.3658, 2.1603 1.2379 0.3828, 2.1486 1.2346 0.3985, 2.1342 1.2311 0.4121, 2.1177 1.2277 0.4228, 2.1 1.2245 0.4304, 2.0819 1.2216 0.4347, 2.0629 1.2184 0.436, 2.0434 1.2151 0.4339, 2.0244 1.2116 0.4284, 2.0068 1.2082 0.4197, 1.9912 1.205 0.4083, 1.9782 1.2021 0.3949, 1.9674 1.199 0.3792, 1.9593 1.1956 0.3614, 1.9544 1.1922 0.3423, 1.9529 1.1887 0.3227, 1.9547 1.1855 0.3034, 1.9597 1.1826 0.2854, 1.9677 1.1795 0.2682, 1.9788 1.1762 0.2521, 1.9928 1.1727 0.2381, 2.0089 1.1693 0.2268, 2.0264 1.166 0.2186, 2.0445 1.1631 0.2137, 2.0634 1.16 0.2118, 2.0828 1.1567 0.2132, 2.1019 1.1532 0.2181, 2.1199 1.1498 0.2262, 2.1359 1.1465 0.2371, 2.1494 1.1436 0.2502, 2.1606 1.1405 0.2654, 2.1693 1.1372 0.2828, 2.1749 1.1338 0.3017, 2.177 1.1303 0.3214, 2.1758 1.127 0.3407, 2.1714 1.124 0.359, 2.164 1.121 0.3764, 2.1535 1.1178 0.3927, 2.14 1.1143 0.4072, 2.1243 1.1109 0.419, 2.1069 1.1076 0.4279, 2.0889 1.1045 0.4334, 2.0703 1.1016 0.4359, 2.0509 1.0983 0.4351, 2.0316 1.0948 0.4309, 2.0133 1.0914 0.4234, 1.9969 1.0881 0.413, 1.9829 1.085 0.4003, 1.9713 1.0821 0.3855, 1.9621 1.0788 0.3685, 1.9559 1.0754 0.3498, 1.953 1.0719 0.3302, 1.9536 1.0686 0.3107, 1.9574 1.0655 0.2921, 1.9642 1.0626 0.2747, 1.9742 1.0594 0.2581, 1.9871 1.0559 0.2432, 2.0025 1.0525 0.2308, 2.0196 1.0491 0.2214, 2.0375 1.046 0.2152, 2.056 1.0431 0.2121, 2.0753 1.0399 0.2123, 2.0947 1.0365 0.2158, 2.1132 1.033 0.2227, 2.13 1.0296 0.2326, 2.1445 1.0265 0.2449, 2.1566 1.0236 0.2592, 2.1663 1.0204 0.2759, 2.1731 1.017 0.2943, 2.1766 1.0135 0.3138, 2.1767 1.0102 0.3334, 2.1734 1.007 0.3522, 2.1673 1.0041 0.3698, 2.1579 1.0009 0.3866, 2.1455 0.9975 0.4019, 2.1306 0.9941 0.4148, 2.1137 0.9907 0.4248, 2.0959 0.9875 0.4317, 2.0776 0.9846 0.4353, 2.0584 0.9815 0.4358, 2.0389 0.9781 0.4329, 2.0202 0.9746 0.4267, 2.003 0.9712 0.4173, 1.988 0.9681 0.4054, 1.9755 0.9652 0.3915, 1.9653 0.962 0.3753, 1.9579 0.9586 0.3571, 1.9537 0.9551 0.3378, 1.953 0.9517 0.3182, 1.9556 0.9486 0.2991, 1.9612 0.9457 0.2813, 1.97 0.9425 0.2643, 1.9818 0.9391 0.2487, 1.9963 0.9357 0.2353, 2.0128 0.9323 0.2246, 2.0306 0.9291 0.2172, 2.0488 0.9262 0.213, 2.0678 0.923 0.2118, 2.0873 0.9197 0.214, 2.1062 0.9162 0.2196, 2.1238 0.9128 0.2285, 2.1393 0.9096 0.2399, 2.1522 0.9067 0.2535, 2.1629 0.9036 0.2692, 2.1709 0.9002 0.2871, 2.1757 0.8967 0.3062, 2.1771 0.8933 0.3259, 2.1751 0.8901 0.3451, 2.17 0.8872 0.3631, 2.1619 0.8841 0.3803, 2.1506 0.8808 0.3962, 2.1366 0.8773 0.4101, 2.1204 0.8739 0.4214, 2.1028 0.8706 0.4294, 2.0847 0.8677 0.4343, 2.0658 0.8646 0.436, 2.0464 0.8613 0.4345, 2.0273 0.8578 0.4295, 2.0094 0.8544 0.4212, 1.9934 0.8511 0.4102, 1.98 0.8482 0.3971, 1.9689 0.8451 0.3818, 1.9604 0.8418 0.3643, 1.9549 0.8384 0.3453, 1.9529 0.8349 0.3257, 1.9542 0.8316 0.3063, 1.9587 0.8287 0.2881, 1.9662 0.8257 0.2707, 1.9769 0.8224 0.2545, 1.9904 0.8189 0.2401, 2.0063 0.8154 0.2284, 2.0237 0.8122 0.2197, 2.0417 0.8092 0.2142, 2.0604 0.8062 0.2119, 2.0798 0.8029 0.2128, 2.099 0.7994 0.2171, 2.1173 0.796 0.2247, 2.1336 0.7927 0.2353, 2.1475 0.7897 0.248, 2.159 0.7867 0.2629, 2.1681 0.7834 0.28, 2.1742 0.78 0.2988, 2.1769 0.7765 0.3183, 2.1762 0.7732 0.3378, 2.1723 0.7702 0.3563, 2.1654 0.7672 0.3738, 2.1553 0.7639 0.3903, 2.1423 0.7605 0.4051, 2.1268 0.757 0.4174, 2.1097 0.7537 0.4267, 2.0917 0.7507 0.4328, 2.0732 0.7477 0.4357, 2.0539 0.7445 0.4355, 2.0345 0.7411 0.4318, 2.016 0.7376 0.4248, 1.9993 0.7342 0.4148, 1.9849 0.7312 0.4023, 1.9729 0.7282 0.3879, 1.9633 0.725 0.3712, 1.9566 0.7216 0.3527, 1.9532 0.7181 0.3332, 1.9533 0.7148 0.3137, 1.9567 0.7117 0.2949, 1.963 0.7087 0.2773, 1.9724 0.7055 0.2606, 1.9849 0.7021 0.2454, 2.0 0.6987 0.2325, 2.0169 0.6953 0.2226, 2.0347 0.6922 0.2159, 2.0531 0.6893 0.2124, 2.0723 0.6861 0.212, 2.0917 0.6827 0.215, 2.1104 0.6792 0.2214, 2.1276 0.6758 0.2309, 2.1425 0.6727 0.2429, 2.1548 0.6698 0.2569, 2.165 0.6666 0.2732, 2.1723 0.6632 0.2914, 2.1763 0.6597 0.3108, 2.1769 0.6563 0.3304, 2.1741 0.6532 0.3494, 2.1684 0.6503 0.3671, 2.1595 0.6471 0.3841, 2.1476 0.6437 0.3996, 2.133 0.6403 0.413, 2.1164 0.6369 0.4235, 2.0987 0.6337 0.4308, 2.0804 0.6308 0.4349, 2.0614 0.6276 0.4359, 2.0419 0.6243 0.4336, 2.023 0.6208 0.4279, 2.1316 1.3819 0.2301, 2.1464 1.3789 0.2426, 2.1588 1.3759 0.2574, 2.1689 1.3727 0.2745, 2.1759 1.3692 0.2934, 2.1795 1.3658 0.3134, 2.1796 1.3624 0.3334, 2.1764 1.3594 0.3526, 2.17 1.3564 0.3708, 2.1604 1.3532 0.3881, 2.1477 1.3498 0.4038, 2.1324 1.3463 0.4171, 2.1152 1.343 0.4274, 2.097 1.3399 0.4344, 2.0781 1.337 0.4382, 2.0584 1.3337 0.4388, 2.0384 1.3303 0.4358, 2.0191 1.3269 0.4294, 2.0015 1.3235 0.4199, 1.9861 1.3204 0.4077, 1.9733 1.3175 0.3935, 1.9628 1.3143 0.3768, 1.9551 1.3109 0.3581, 1.9508 1.3074 0.3383, 1.95 1.304 0.3182, 1.9527 1.3009 0.2987, 1.9584 1.298 0.2805, 1.9674 1.2948 0.2629, 1.9795 1.2914 0.2468, 1.9944 1.2879 0.233, 2.0113 1.2845 0.2221, 2.0294 1.2814 0.2145, 2.0481 1.2785 0.2101, 2.0677 1.2753 0.2089, 2.0877 1.2719 0.2111, 2.1072 1.2685 0.2169, 2.1252 1.2651 0.2259, 2.141 1.2619 0.2376, 2.1543 1.259 0.2514, 2.1653 1.2559 0.2676, 2.1736 1.2525 0.286, 2.1786 1.249 0.3057, 2.18 1.2456 0.3258, 2.178 1.2424 0.3454, 2.1729 1.2395 0.3639, 2.1645 1.2364 0.3816, 2.153 1.233 0.398, 2.1386 1.2295 0.4123, 2.122 1.2261 0.4238, 2.104 1.2229 0.4321, 2.0855 1.22 0.4371, 2.066 1.2169 0.439, 2.046 1.2135 0.4374, 2.0264 1.2101 0.4323, 2.008 1.2067 0.4239, 1.9917 1.2034 0.4126, 1.978 1.2005 0.3992, 1.9665 1.1974 0.3835, 1.9577 1.1941 0.3655, 1.952 1.1906 0.346, 1.9499 1.1872 0.3259, 1.9513 1.1839 0.3061, 1.9558 1.181 0.2874, 1.9635 1.1779 0.2695, 1.9745 1.1746 0.2528, 1.9884 1.1711 0.238, 2.0046 1.1677 0.2259, 2.0224 1.1645 0.217, 2.0408 1.1615 0.2114, 2.0601 1.1585 0.2089, 2.08 1.1551 0.2098, 2.0998 1.1517 0.2142, 2.1185 1.1482 0.222, 2.1352 1.145 0.2328, 2.1495 1.142 0.2458, 2.1614 1.139 0.2611, 2.1708 1.1357 0.2787, 2.1771 1.1322 0.298, 2.1799 1.1288 0.318, 2.1792 1.1255 0.338, 2.1752 1.1225 0.3569, 2.1681 1.1195 0.3749, 2.1578 1.1162 0.3919, 2.1444 1.1128 0.4071, 2.1286 1.1093 0.4198, 2.111 1.106 0.4293, 2.0927 1.103 0.4356, 2.0736 1.1 0.4386, 2.0537 1.0967 0.4384, 2.0338 1.0933 0.4347, 2.0149 1.0898 0.4275, 1.9977 1.0865 0.4173, 1.983 1.0835 0.4046, 1.9707 1.0805 0.3898, 1.9607 1.0773 0.3726, 1.9538 1.0738 0.3536, 1.9503 1.0704 0.3336, 1.9504 1.067 0.3136, 1.9537 1.064 0.2944, 1.9602 1.0611 0.2763, 1.9699 1.0578 0.259, 1.9827 1.0544 0.2434, 1.9982 1.0509 0.2302, 2.0154 1.0476 0.22, 2.0337 1.0445 0.2132, 2.0525 1.0416 0.2095, 2.0723 1.0383 0.2091, 2.0923 1.0349 0.2121, 2.1115 1.0314 0.2187, 2.1291 1.0281 0.2284, 2.1443 1.025 0.2406, 2.1571 1.0221 0.2549, 2.1675 1.0189 0.2717, 2.1751 1.0155 0.2904, 2.1792 1.012 0.3103, 2.1798 1.0086 0.3304, 2.1771 1.0055 0.3498, 2.1712 1.0026 0.368, 2.1621 0.9994 0.3855, 2.1499 0.996 0.4016, 2.1349 0.9925 0.4153, 2.1179 0.9891 0.426, 2.0998 0.986 0.4336, 2.0811 0.9831 0.4378, 2.0614 0.9799 0.4389, 2.0414 0.9765 0.4365, 2.022 0.9731 0.4306, 2.0041 0.9697 0.4215, 1.9883 0.9665 0.4097, 1.9751 0.9636 0.3958, 1.9642 0.9604 0.3795, 1.9561 0.9571 0.3611, 1.9512 0.9536 0.3413, 1.9499 0.9502 0.3212, 1.9521 0.947 0.3017, 1.9573 0.9441 0.2832, 1.9658 0.941 0.2655, 1.9775 0.9376 0.2492, 1.992 0.9341 0.2349, 2.0086 0.9307 0.2236, 2.0266 0.9275 0.2154, 2.0451 0.9246 0.2105, 2.0646 0.9215 0.2088, 2.0847 0.9181 0.2105, 2.1043 0.9147 0.2158, 2.1226 0.9112 0.2243, 2.1388 0.908 0.2356, 2.1524 0.9051 0.2491, 2.1638 0.902 0.265, 2.1725 0.8987 0.2831, 2.178 0.8952 0.3026, 2.18 0.8918 0.3227, 2.1785 0.8886 0.3424, 2.1739 0.8856 0.3611, 2.166 0.8825 0.3789, 2.1549 0.8792 0.3956, 2.1409 0.8757 0.4103, 2.1246 0.8723 0.4223, 2.1068 0.8691 0.4311, 2.0884 0.8661 0.4365, 2.0691 0.8631 0.4389, 2.0491 0.8597 0.4379, 2.0293 0.8563 0.4333, 2.0107 0.8528 0.4254, 1.9941 0.8496 0.4145, 1.9799 0.8466 0.4014, 1.9681 0.8436 0.386, 1.9588 0.8403 0.3683, 1.9527 0.8368 0.349, 1.95 0.8334 0.329, 1.9509 0.8301 0.3091, 1.9549 0.8271 0.2902, 1.9621 0.8241 0.2722, 1.9726 0.8208 0.2552, 1.9861 0.8174 0.2401, 2.002 0.8139 0.2276, 2.0196 0.8106 0.2182, 2.0379 0.8076 0.212, 2.057 0.8046 0.2091, 2.077 0.8013 0.2095, 2.0968 0.7979 0.2133, 2.1157 0.7944 0.2206, 2.1328 0.7911 0.231, 2.1475 0.7881 0.2437, 2.1597 0.7851 0.2586, 2.1695 0.7819 0.2759, 2.1763 0.7784 0.295, 2.1797 0.775 0.3149, 2.1795 0.7716 0.3349, 2.176 0.7686 0.3541, 2.1694 0.7657 0.3721, 2.1596 0.7624 0.3894, 2.1466 0.759 0.4049, 2.1311 0.7555 0.418, 2.1138 0.7522 0.4281, 2.0955 0.7491 0.4348, 2.0766 0.7462 0.4384, 2.0568 0.7429 0.4387, 2.0369 0.7395 0.4355, 2.0177 0.736 0.4288, 2.0002 0.7327 0.419, 1.9851 0.7296 0.4067, 1.9724 0.7267 0.3923, 1.9621 0.7235 0.3754, 1.9546 0.72 0.3566, 1.9506 0.7166 0.3367, 1.9501 0.7132 0.3166, 1.953 0.7101 0.2973, 1.959 0.7072 0.2791, 1.9682 0.704 0.2616, 1.9806 0.7006 0.2457, 1.9956 0.6971 0.2321, 2.0127 0.6937 0.2214, 2.0308 0.6906 0.214, 2.0495 0.6877 0.2099, 2.0693 0.6845 0.2089, 2.0893 0.6811 0.2114, 2.1086 0.6776 0.2174, 2.1265 0.6743 0.2267, 2.1422 0.6711 0.2386, 2.1552 0.6682 0.2526, 2.1661 0.665 0.269, 2.1741 0.6617 0.2875, 2.1788 0.6582 0.3072, 2.18 0.6548 0.3273, 2.1777 0.6516 0.3469, 2.1723 0.6487 0.3652, 2.1637 0.6456 0.3829, 2.1519 0.6422 0.3992, 2.1373 0.6387 0.4133, 2.1206 0.6353 0.4246, 2.1026 0.6321 0.4326, 2.0841 0.6292 0.4374, 2.0645 0.6261 0.439, 2.0445 0.6227 0.4371, 2.0249 0.6193 0.4318, 2.1463 1.3784 0.2383, 2.1595 1.3754 0.253, 2.1702 1.3722 0.2703, 2.178 1.3688 0.2896, 2.1822 1.3653 0.31, 2.1829 1.362 0.3305, 2.1801 1.3589 0.3503, 2.1741 1.356 0.3691, 2.1647 1.3527 0.3872, 2.1521 1.3493 0.4036, 2.1367 1.3458 0.4177, 2.1193 1.3425 0.4287, 2.1008 1.3394 0.4364, 2.0816 1.3365 0.4408, 2.0614 1.3333 0.4419, 2.0408 1.3298 0.4395, 2.0208 1.3264 0.4335, 2.0025 1.323 0.4241, 1.9864 1.3199 0.4121, 1.9728 1.317 0.3978, 1.9615 1.3138 0.381, 1.9532 1.3104 0.362, 1.9482 1.3069 0.3418, 1.9469 1.3035 0.3212, 1.9491 1.3004 0.3012, 1.9544 1.2975 0.2823, 1.9632 1.2943 0.264, 1.9752 1.2909 0.2472, 1.9901 1.2874 0.2326, 2.0071 1.2841 0.2209, 2.0255 1.2809 0.2126, 2.0445 1.278 0.2076, 2.0646 1.2748 0.2058, 2.0852 1.2714 0.2075, 2.1053 1.268 0.2129, 2.1241 1.2646 0.2216, 2.1407 1.2614 0.2332, 2.1546 1.2585 0.247, 2.1664 1.2554 0.2634, 2.1754 1.252 0.282, 2.181 1.2485 0.3021, 2.1831 1.2451 0.3227, 2.1815 1.2419 0.3428, 2.1768 1.239 0.3619, 2.1687 1.2359 0.3804, 2.1573 1.2325 0.3975, 2.1429 1.229 0.4126, 2.1262 1.2256 0.4249, 2.108 1.2224 0.4339, 2.0892 1.2195 0.4395, 2.0692 1.2164 0.4419, 2.0487 1.2131 0.4409, 2.0284 1.2096 0.4362, 2.0093 1.2062 0.4281, 1.9923 1.2029 0.417, 1.9778 1.2 0.4036, 1.9656 1.1969 0.3877, 1.956 1.1936 0.3695, 1.9497 1.1901 0.3497, 1.947 1.1867 0.3291, 1.9478 1.1835 0.3087, 1.952 1.1805 0.2895, 1.9594 1.1775 0.2709, 1.9702 1.1741 0.2534, 1.984 1.1707 0.2379, 2.0004 1.1672 0.225, 2.0183 1.164 0.2154, 2.0371 1.161 0.2091, 2.0568 1.158 0.2061, 2.0773 1.1547 0.2064, 2.0977 1.1512 0.2104, 2.1171 1.1478 0.2179, 2.1346 1.1445 0.2285, 2.1495 1.1415 0.2414, 2.1622 1.1385 0.2568, 2.1723 1.1352 0.2746, 2.1793 1.1317 0.2942, 2.1827 1.1283 0.3147, 2.1825 1.125 0.3352, 2.179 1.122 0.3547, 2.1722 1.119 0.3734, 2.1621 1.1157 0.3911, 2.1488 1.1123 0.4071, 2.1329 1.1088 0.4205, 2.1151 1.1055 0.4308, 2.0965 1.1025 0.4377, 2.077 1.0995 0.4414, 2.0566 1.0963 0.4417, 2.0361 1.0928 0.4384, 2.0164 1.0894 0.4316, 1.9985 1.086 0.4215, 1.9831 1.083 0.409, 1.97 1.08 0.3941, 1.9593 1.0768 0.3767, 1.9517 1.0733 0.3574, 1.9476 1.0699 0.337, 1.9471 1.0666 0.3165, 1.95 1.0635 0.2967, 1.9561 1.0606 0.278, 1.9657 1.0573 0.26, 1.9784 1.0539 0.2436, 1.9938 1.0504 0.2296, 2.0113 1.0471 0.2187, 2.0298 1.044 0.2111, 2.0491 1.0411 0.2069, 2.0694 1.0378 0.2059, 2.0899 1.0344 0.2085, 2.1098 1.031 0.2146, 2.1281 1.0276 0.2241, 2.1441 1.0245 0.2362, 2.1576 1.0216 0.2506, 2.1688 1.0184 0.2675, 2.177 1.015 0.2865, 2.1818 1.0115 0.3068, 2.183 1.0081 0.3274, 2.1807 1.005 0.3474, 2.1752 1.0021 0.3662, 2.1664 0.9989 0.3845, 2.1542 0.9955 0.4012, 2.1392 0.992 0.4157, 2.1221 0.9886 0.4273, 2.1037 0.9855 0.4355, 2.0847 0.9826 0.4403, 2.0645 0.9794 0.442, 2.0439 0.976 0.4401, 2.0238 0.9726 0.4346, 2.0052 0.9692 0.4257, 1.9887 0.966 0.4141, 1.9748 0.9631 0.4002, 1.9631 0.96 0.3837, 1.9542 0.9566 0.365, 1.9487 0.9531 0.3449, 1.9469 0.9497 0.3243, 1.9485 0.9465 0.3042, 1.9534 0.9436 0.2851, 1.9616 0.9405 0.2667, 1.9731 0.9371 0.2496, 1.9876 0.9336 0.2346, 2.0044 0.9302 0.2225, 2.0226 0.927 0.2136, 2.0415 0.9241 0.2081, 2.0615 0.921 0.2058, 2.0821 0.9176 0.207, 2.1023 0.9142 0.2118, 2.1213 0.9108 0.2201, 2.1383 0.9075 0.2313, 2.1526 0.9046 0.2447, 2.1648 0.9015 0.2607, 2.1742 0.8982 0.279, 2.1804 0.8947 0.2989, 2.183 0.8913 0.3195, 2.182 0.8881 0.3398, 2.1777 0.8851 0.359, 2.1702 0.8821 0.3776, 2.1593 0.8787 0.395, 2.1453 0.8752 0.4105, 2.1289 0.8718 0.4232, 2.1109 0.8686 0.4327, 2.0921 0.8656 0.4388, 2.0724 0.8626 0.4418, 2.0518 0.8592 0.4413, 2.0314 0.8558 0.4371, 2.0121 0.8523 0.4295, 1.9947 0.8491 0.4188, 1.9799 0.8461 0.4058, 1.9673 0.8431 0.3903, 1.9573 0.8398 0.3724, 1.9504 0.8363 0.3528, 1.9471 0.8329 0.3323, 1.9475 0.8296 0.3118, 1.9511 0.8266 0.2924, 1.958 0.8236 0.2737, 1.9683 0.8203 0.256, 1.9817 0.8169 0.2401, 1.9977 0.8134 0.2268, 2.0155 0.8101 0.2166, 2.0341 0.8071 0.2099, 2.0537 0.8041 0.2063, 2.0741 0.8008 0.2061, 2.0946 0.7974 0.2096, 2.1142 0.7939 0.2165, 2.132 0.7906 0.2267, 2.1474 0.7876 0.2393, 2.1604 0.7847 0.2543, 2.1709 0.7814 0.2718, 2.1784 0.7779 0.2911, 2.1824 0.7745 0.3116, 2.1828 0.7712 0.3321, 2.1797 0.7681 0.3518, 2.1735 0.7652 0.3705, 2.1638 0.7619 0.3885, 2.151 0.7585 0.4048, 2.1354 0.755 0.4187, 2.118 0.7517 0.4294, 2.0994 0.7486 0.4369, 2.0801 0.7457 0.441, 2.0598 0.7424 0.4419, 2.0392 0.739 0.4392, 2.0194 0.7355 0.4328, 2.0011 0.7322 0.4233, 1.9853 0.7291 0.4111, 1.9719 0.7262 0.3966, 1.9608 0.723 0.3796, 1.9527 0.7196 0.3605, 1.948 0.7161 0.3402, 1.9469 0.7127 0.3196, 1.9494 0.7096 0.2997, 1.955 0.7067 0.2808, 1.964 0.7035 0.2626, 1.9762 0.7001 0.2459, 1.9913 0.6966 0.2316, 2.0085 0.6932 0.2202, 2.0269 0.6901 0.2121, 2.046 0.6872 0.2073, 2.0662 0.684 0.2058, 2.0868 0.6806 0.2078, 2.1068 0.6772 0.2135, 2.1254 0.6738 0.2224, 2.1418 0.6706 0.2342, 2.1556 0.6677 0.2482, 2.1672 0.6646 0.2648, 2.176 0.6612 0.2835, 2.1813 0.6577 0.3036, 2.1831 0.6543 0.3242, 2.1813 0.6511 0.3444, 2.1763 0.6482 0.3634, 2.1679 0.6451 0.3817, 2.1563 0.6417 0.3988, 2.1417 0.6382 0.4137, 2.1249 0.6348 0.4257, 2.1066 0.6316 0.4344, 2.0877 0.6287 0.4398, 2.0677 0.6256 0.442, 2.0471 0.6222 0.4406, 2.0268 0.6188 0.4357, 2.1601 1.376 0.2483, 2.1717 1.3728 0.2657, 2.1803 1.3694 0.2853, 2.1852 1.3659 0.3062, 2.1865 1.3626 0.3273, 2.1842 1.3595 0.3478, 2.1785 1.3566 0.3673, 2.1694 1.3533 0.3861, 2.1569 1.3499 0.4034, 2.1415 1.3464 0.4183, 2.1239 1.3431 0.4302, 2.1051 1.34 0.4386, 2.0855 1.3371 0.4437, 2.0647 1.3339 0.4455, 2.0434 1.3304 0.4435, 2.0227 1.327 0.4379, 2.0036 1.3236 0.4288, 1.9867 1.3205 0.4169, 1.9723 1.3176 0.4026, 1.9602 1.3144 0.3856, 1.951 1.311 0.3663, 1.9454 1.3075 0.3457, 1.9434 1.3041 0.3245, 1.9451 1.301 0.3039, 1.95 1.2981 0.2842, 1.9585 1.2949 0.2652, 1.9704 1.2915 0.2475, 1.9853 1.288 0.2321, 2.0025 1.2847 0.2196, 2.0211 1.2815 0.2105, 2.0405 1.2786 0.2048, 2.0612 1.2754 0.2024, 2.0824 1.272 0.2036, 2.1033 1.2686 0.2085, 2.1228 1.2652 0.217, 2.1402 1.262 0.2284, 2.155 1.2591 0.2422, 2.1676 1.256 0.2587, 2.1774 1.2526 0.2776, 2.1838 1.2491 0.2981, 2.1864 1.2457 0.3192, 2.1855 1.2425 0.34, 2.1811 1.2396 0.3598, 2.1733 1.2365 0.379, 2.1621 1.2331 0.397, 2.1477 1.2296 0.4129, 2.1309 1.2262 0.426, 2.1125 1.223 0.4358, 2.0932 1.2201 0.4421, 2.0728 1.217 0.4452, 2.0516 1.2137 0.4447, 2.0306 1.2102 0.4405, 2.0107 1.2068 0.4327, 1.9928 1.2035 0.4218, 1.9776 1.2006 0.4084, 1.9646 1.1975 0.3924, 1.9542 1.1942 0.374, 1.9471 1.1907 0.3537, 1.9437 1.1873 0.3326, 1.944 1.1841 0.3117, 1.9477 1.1811 0.2917, 1.9548 1.1781 0.2724, 1.9654 1.1747 0.2541, 1.9792 1.1713 0.2377, 1.9956 1.1678 0.224, 2.0138 1.1646 0.2136, 2.0329 1.1616 0.2066, 2.0531 1.1586 0.2029, 2.0743 1.1553 0.2027, 2.0954 1.1518 0.2062, 2.1155 1.1484 0.2133, 2.1338 1.1451 0.2237, 2.1496 1.1421 0.2366, 2.163 1.1391 0.2521, 2.174 1.1358 0.2701, 2.1817 1.1323 0.2901, 2.1859 1.1289 0.3111, 2.1863 1.1256 0.3321, 2.1832 1.1226 0.3523, 2.1767 1.1196 0.3717, 2.1668 1.1163 0.3903, 2.1536 1.1129 0.4071, 2.1376 1.1094 0.4214, 2.1197 1.1061 0.4325, 2.1007 1.1031 0.4401, 2.0808 1.1001 0.4444, 2.0598 1.0969 0.4454, 2.0385 1.0934 0.4426, 2.0181 1.09 0.4361, 1.9994 1.0866 0.4263, 1.9831 1.0836 0.4138, 1.9693 1.0806 0.3989, 1.9578 1.0774 0.3813, 1.9494 1.0739 0.3617, 1.9446 1.0705 0.3408, 1.9435 1.0672 0.3197, 1.9459 1.0641 0.2993, 1.9517 1.0612 0.2798, 1.9609 1.0579 0.261, 1.9736 1.0545 0.2437, 1.9891 1.051 0.2289, 2.0067 1.0477 0.2172, 2.0255 1.0446 0.2089, 2.0452 1.0417 0.2039, 2.0661 1.0384 0.2023, 2.0873 1.035 0.2044, 2.108 1.0316 0.2102, 2.1271 1.0282 0.2194, 2.1439 1.0251 0.2314, 2.1581 1.0222 0.2458, 2.1701 1.019 0.2629, 2.1792 1.0156 0.2822, 2.1847 1.0121 0.3029, 2.1865 1.0087 0.3241, 2.1847 1.0056 0.3447, 2.1796 1.0027 0.3643, 2.171 0.9995 0.3833, 2.159 0.9961 0.4009, 2.144 0.9926 0.4162, 2.1268 0.9893 0.4286, 2.1081 0.9861 0.4376, 2.0886 0.9832 0.4431, 2.0679 0.98 0.4454, 2.0467 0.9766 0.4441, 2.0258 0.9732 0.439, 2.0064 0.9698 0.4304, 1.9891 0.9666 0.4189, 1.9744 0.9637 0.405, 1.9619 0.9606 0.3884, 1.9522 0.9572 0.3694, 1.946 0.9537 0.3489, 1.9435 0.9503 0.3278, 1.9446 0.9471 0.307, 1.949 0.9442 0.2872, 1.957 0.9411 0.2681, 1.9683 0.9377 0.2501, 1.9828 0.9342 0.2343, 1.9997 0.9308 0.2213, 2.0182 0.9276 0.2117, 2.0375 0.9247 0.2055, 2.058 0.9216 0.2025, 2.0792 0.9182 0.2032, 2.1002 0.9148 0.2075, 2.12 0.9114 0.2155, 2.1377 0.9081 0.2265, 2.1529 0.9052 0.2399, 2.1658 0.9021 0.256, 2.1761 0.8988 0.2746, 2.183 0.8953 0.2949, 2.1863 0.8919 0.316, 2.1858 0.8887 0.3369, 2.182 0.8857 0.3568, 2.1748 0.8827 0.3761, 2.164 0.8793 0.3944, 2.1501 0.8758 0.4107, 2.1336 0.8724 0.4242, 2.1154 0.8692 0.4345, 2.0962 0.8662 0.4414, 2.076 0.8632 0.445, 2.0548 0.8598 0.445, 2.0337 0.8564 0.4414, 2.0136 0.8529 0.4341, 1.9954 0.8497 0.4236, 1.9798 0.8467 0.4106, 1.9664 0.8437 0.3951, 1.9556 0.8404 0.3769, 1.948 0.8369 0.3569, 1.944 0.8335 0.3359, 1.9437 0.8302 0.3149, 1.9469 0.8272 0.2947, 1.9535 0.8242 0.2754, 1.9636 0.8209 0.2568, 1.9769 0.8175 0.2401, 1.993 0.814 0.2259, 2.011 0.8107 0.215, 2.03 0.8077 0.2075, 2.0499 0.8047 0.2033, 2.071 0.8014 0.2025, 2.0922 0.798 0.2054, 2.1125 0.7945 0.212, 2.1312 0.7912 0.2219, 2.1473 0.7882 0.2345, 2.1611 0.7853 0.2495, 2.1725 0.782 0.2672, 2.1808 0.7785 0.2869, 2.1855 0.7751 0.3078, 2.1864 0.7718 0.3289, 2.1839 0.7687 0.3493, 2.178 0.7658 0.3687, 2.1686 0.7625 0.3875, 2.1558 0.7591 0.4047, 2.1402 0.7556 0.4194, 2.1225 0.7523 0.431, 2.1036 0.7492 0.4391, 2.0839 0.7463 0.444, 2.063 0.743 0.4454, 2.0418 0.7396 0.4432, 2.0212 0.7361 0.4373, 2.0022 0.7328 0.428, 1.9855 0.7297 0.4159, 1.9713 0.7268 0.4014, 1.9594 0.7236 0.3842, 1.9505 0.7202 0.3648, 1.9451 0.7167 0.344, 1.9434 0.7133 0.3229, 1.9453 0.7102 0.3023, 1.9506 0.7073 0.2828, 1.9593 0.7041 0.2638, 1.9714 0.7007 0.2462, 1.9865 0.6972 0.231, 2.0039 0.6938 0.2188, 2.0226 0.6907 0.2099, 2.0421 0.6878 0.2045, 2.0628 0.6846 0.2023, 2.0841 0.6812 0.2038, 2.1049 0.6778 0.2091, 2.1243 0.6744 0.2178, 2.1414 0.6712 0.2294, 2.1561 0.6683 0.2434, 2.1685 0.6652 0.2601, 2.178 0.6618 0.2791, 2.1841 0.6583 0.2997, 2.1865 0.6549 0.3208, 2.1852 0.6517 0.3416, 2.1806 0.6488 0.3613, 2.1726 0.6457 0.3804, 2.1611 0.6423 0.3983, 2.1465 0.6388 0.4141, 2.1295 0.6354 0.4269, 2.111 0.6322 0.4364, 2.0917 0.6293 0.4425, 2.0712 0.6262 0.4453, 2.0499 0.6228 0.4445, 2.029 0.6194 0.44, 2.1731 1.3745 0.2615, 2.1823 1.3711 0.2814, 2.188 1.3676 0.3027, 2.1898 1.3643 0.3244, 2.1879 1.3612 0.3454, 2.1826 1.3583 0.3656, 2.1737 1.355 0.3851, 2.1613 1.3516 0.4032, 2.1459 1.3481 0.4189, 2.1282 1.3448 0.4315, 2.109 1.3417 0.4407, 2.089 1.3388 0.4464, 2.0677 1.3356 0.4487, 2.0458 1.3321 0.4472, 2.0245 1.3287 0.442, 2.0046 1.3253 0.4331, 1.9869 1.3222 0.4213, 1.9718 1.3193 0.407, 1.959 1.3161 0.3898, 1.9491 1.3127 0.3703, 1.9427 1.3092 0.3492, 1.9402 1.3058 0.3276, 1.9414 1.3027 0.3063, 1.946 1.2998 0.2861, 1.9542 1.2966 0.2663, 1.966 1.2932 0.2479, 1.9809 1.2897 0.2317, 1.9982 1.2864 0.2184, 2.0171 1.2832 0.2086, 2.0369 1.2803 0.2023, 2.0581 1.2771 0.1993, 2.0799 1.2737 0.2, 2.1014 1.2703 0.2045, 2.1217 1.2669 0.2127, 2.1398 1.2637 0.224, 2.1554 1.2608 0.2378, 2.1687 1.2577 0.2545, 2.1792 1.2543 0.2736, 2.1862 1.2508 0.2944, 2.1895 1.2474 0.3161, 2.189 1.2442 0.3374, 2.1851 1.2413 0.3578, 2.1776 1.2382 0.3777, 2.1665 1.2348 0.3965, 2.1521 1.2313 0.4132, 2.1352 1.2279 0.4271, 2.1165 1.2247 0.4376, 2.0969 1.2218 0.4446, 2.076 1.2187 0.4482, 2.0542 1.2154 0.4482, 2.0326 1.2119 0.4444, 2.012 1.2085 0.4369, 1.9934 1.2052 0.4261, 1.9774 1.2023 0.4128, 1.9636 1.1992 0.3967, 1.9525 1.1959 0.378, 1.9447 1.1924 0.3575, 1.9407 1.189 0.3359, 1.9405 1.1858 0.3144, 1.9438 1.1828 0.2938, 1.9506 1.1798 0.2738, 1.961 1.1764 0.2547, 1.9748 1.173 0.2376, 1.9913 1.1695 0.2231, 2.0097 1.1663 0.212, 2.0292 1.1633 0.2043, 2.0498 1.1603 0.2, 2.0715 1.157 0.1992, 2.0933 1.1535 0.2023, 2.1141 1.1501 0.2092, 2.1331 1.1468 0.2193, 2.1496 1.1438 0.2322, 2.1638 1.1408 0.2477, 2.1755 1.1375 0.266, 2.184 1.134 0.2863, 2.1887 1.1306 0.3077, 2.1897 1.1273 0.3293, 2.187 1.1243 0.3501, 2.1809 1.1213 0.3702, 2.1711 1.118 0.3895, 2.158 1.1146 0.4071, 2.142 1.1111 0.4221, 2.1238 1.1078 0.434, 2.1045 1.1048 0.4423, 2.0842 1.1018 0.4472, 2.0626 1.0986 0.4487, 2.0408 1.0951 0.4464, 2.0197 1.0917 0.4402, 2.0003 1.0883 0.4306, 1.9832 1.0853 0.4182, 1.9686 1.0824 0.4033, 1.9564 1.0791 0.3855, 1.9473 1.0757 0.3655, 1.9418 1.0722 0.3442, 1.9402 1.0689 0.3226, 1.9422 1.0658 0.3016, 1.9476 1.0629 0.2814, 1.9566 1.0596 0.2619, 1.9691 1.0562 0.2439, 1.9847 1.0527 0.2283, 2.0025 1.0494 0.2158, 2.0216 1.0463 0.2068, 2.0417 1.0434 0.2013, 2.0631 1.0402 0.1991, 2.0849 1.0367 0.2007, 2.1063 1.0333 0.2061, 2.1261 1.0299 0.2151, 2.1436 1.0268 0.227, 2.1586 1.0239 0.2414, 2.1714 1.0207 0.2587, 2.1811 1.0173 0.2783, 2.1873 1.0138 0.2994, 2.1897 1.0104 0.321, 2.1884 1.0073 0.3423, 2.1837 1.0044 0.3625, 2.1753 1.0012 0.3822, 2.1634 0.9978 0.4006, 2.1484 0.9943 0.4167, 2.131 0.991 0.4298, 2.112 0.9878 0.4395, 2.0922 0.9849 0.4457, 2.071 0.9817 0.4486, 2.0492 0.9783 0.4477, 2.0277 0.9749 0.443, 2.0075 0.9715 0.4347, 1.9895 0.9683 0.4233, 1.974 0.9654 0.4094, 1.9608 0.9623 0.3926, 1.9504 0.9589 0.3734, 1.9435 0.9554 0.3525, 1.9403 0.952 0.3309, 1.941 0.9488 0.3095, 1.9451 0.9459 0.2892, 1.9527 0.9428 0.2693, 1.9639 0.9394 0.2506, 1.9784 0.9359 0.234, 1.9954 0.9325 0.2202, 2.0142 0.9293 0.2099, 2.0338 0.9264 0.203, 2.0547 0.9233 0.1995, 2.0765 0.9199 0.1996, 2.0982 0.9165 0.2036, 2.1187 0.9131 0.2112, 2.1372 0.9099 0.2221, 2.1531 0.9069 0.2355, 2.1668 0.9038 0.2517, 2.1778 0.9005 0.2705, 2.1854 0.897 0.2911, 2.1893 0.8936 0.3127, 2.1894 0.8904 0.3342, 2.1859 0.8874 0.3547, 2.179 0.8844 0.3747, 2.1684 0.881 0.3937, 2.1545 0.8776 0.4108, 2.1379 0.8741 0.4252, 2.1194 0.8709 0.4362, 2.1 0.8679 0.4437, 2.0793 0.8649 0.4479, 2.0576 0.8616 0.4485, 2.0358 0.8581 0.4453, 2.015 0.8547 0.4383, 1.9961 0.8514 0.428, 1.9797 0.8484 0.415, 1.9656 0.8454 0.3994, 1.954 0.8421 0.3811, 1.9457 0.8386 0.3607, 1.9411 0.8352 0.3392, 1.9403 0.8319 0.3177, 1.9431 0.8289 0.2969, 1.9493 0.8259 0.2769, 1.9592 0.8226 0.2576, 1.9725 0.8192 0.2401, 1.9886 0.8157 0.2251, 2.0068 0.8124 0.2134, 2.0261 0.8094 0.2053, 2.0465 0.8064 0.2004, 2.0681 0.8032 0.1991, 2.0899 0.7997 0.2016, 2.111 0.7962 0.2079, 2.1304 0.7929 0.2176, 2.1473 0.7899 0.2301, 2.1618 0.787 0.2451, 2.1739 0.7837 0.263, 2.1829 0.7802 0.283, 2.1882 0.7768 0.3044, 2.1898 0.7735 0.326, 2.1876 0.7704 0.347, 2.1821 0.7675 0.3671, 2.1729 0.7642 0.3866, 2.1602 0.7608 0.4045, 2.1446 0.7573 0.42, 2.1267 0.754 0.4324, 2.1075 0.7509 0.4412, 2.0874 0.748 0.4467, 2.066 0.7447 0.4487, 2.0442 0.7413 0.447, 2.0229 0.7379 0.4414, 2.0031 0.7345 0.4323, 1.9857 0.7314 0.4203, 1.9707 0.7285 0.4058, 1.9581 0.7253 0.3884, 1.9485 0.7219 0.3687, 1.9424 0.7184 0.3476, 1.9402 0.715 0.3259, 1.9416 0.7119 0.3047, 1.9465 0.709 0.2845, 1.955 0.7058 0.2648, 1.967 0.7024 0.2465, 1.9821 0.6989 0.2305, 1.9996 0.6956 0.2175, 2.0186 0.6924 0.208, 2.0385 0.6895 0.2019, 2.0597 0.6863 0.1992, 2.0816 0.6829 0.2002, 2.1031 0.6795 0.205, 2.1232 0.6761 0.2135, 2.1411 0.6729 0.225, 2.1565 0.67 0.239, 2.1696 0.6669 0.2558, 2.1799 0.6635 0.2751, 2.1866 0.66 0.2961, 2.1896 0.6566 0.3177, 2.1889 0.6534 0.3391, 2.1846 0.6505 0.3594, 2.1768 0.6474 0.3792, 2.1655 0.644 0.3979, 2.1509 0.6405 0.4144, 2.1338 0.6371 0.428, 2.115 0.6339 0.4382, 2.0953 0.631 0.445, 2.0743 0.6279 0.4484, 2.0525 0.6245 0.4481, 2.0309 0.6211 0.444, 2.1841 1.3737 0.2781, 2.1903 1.3702 0.2997, 2.1926 1.3669 0.3218, 2.1911 1.3638 0.3434, 2.1861 1.3609 0.3641, 2.1774 1.3576 0.3843, 2.1651 1.3542 0.4031, 2.1496 1.3507 0.4194, 2.1318 1.3474 0.4327, 2.1124 1.3443 0.4424, 2.092 1.3414 0.4486, 2.0703 1.3382 0.4514, 2.0479 1.3348 0.4504, 2.0259 1.3313 0.4454, 2.0054 1.3279 0.4368, 1.9871 1.3248 0.4251, 1.9714 1.3219 0.4107, 1.9579 1.3187 0.3935, 1.9474 1.3153 0.3737, 1.9405 1.3118 0.3523, 1.9375 1.3084 0.3302, 1.9383 1.3053 0.3084, 1.9426 1.3024 0.2876, 1.9506 1.2992 0.2673, 1.9622 1.2958 0.2482, 1.9771 1.2924 0.2313, 1.9946 1.289 0.2174, 2.0137 1.2858 0.207, 2.0338 1.2829 0.2001, 2.0554 1.2798 0.1966, 2.0777 1.2764 0.1969, 2.0998 1.2729 0.2011, 2.1207 1.2695 0.2091, 2.1395 1.2663 0.2203, 2.1556 1.2634 0.2341, 2.1696 1.2603 0.2508, 2.1807 1.2569 0.2701, 2.1884 1.2534 0.2913, 2.1922 1.25 0.3134, 2.1921 1.2468 0.3352, 2.1885 1.2439 0.3562, 2.1812 1.2408 0.3767, 2.1702 1.2374 0.3961, 2.1559 1.234 0.4135, 2.1389 1.2306 0.428, 2.12 1.2274 0.4391, 2.1001 1.2244 0.4466, 2.0788 1.2213 0.4508, 2.0565 1.218 0.4513, 2.0343 1.2145 0.4478, 2.0131 1.2111 0.4405, 1.9938 1.2079 0.4299, 1.9772 1.2049 0.4166, 1.9628 1.2019 0.4004, 1.9511 1.1985 0.3815, 1.9427 1.195 0.3606, 1.9382 1.1916 0.3387, 1.9375 1.1884 0.3167, 1.9405 1.1854 0.2956, 1.947 1.1824 0.275, 1.9573 1.179 0.2553, 1.971 1.1756 0.2375, 1.9876 1.1721 0.2223, 2.0062 1.1689 0.2106, 2.0259 1.1659 0.2024, 2.047 1.1629 0.1975, 2.0691 1.1596 0.1963, 2.0914 1.1561 0.199, 2.1129 1.1527 0.2056, 2.1326 1.1494 0.2156, 2.1497 1.1464 0.2284, 2.1645 1.1434 0.244, 2.1768 1.1401 0.2624, 2.1859 1.1367 0.283, 2.1912 1.1332 0.3048, 2.1926 1.1299 0.3269, 2.1903 1.1269 0.3482, 2.1844 1.1239 0.3689, 2.1749 1.1206 0.3888, 2.1618 1.1172 0.4071, 2.1457 1.1137 0.4228, 2.1274 1.1104 0.4352, 2.1078 1.1074 0.4441, 2.0871 1.1045 0.4496, 2.0651 1.1012 0.4515, 2.0428 1.0977 0.4496, 2.021 1.0943 0.4437, 2.001 1.091 0.4343, 1.9833 1.0879 0.422, 1.9681 1.085 0.407, 1.9552 1.0817 0.3891, 1.9455 1.0783 0.3689, 1.9395 1.0748 0.3472, 1.9373 1.0715 0.3251, 1.9389 1.0684 0.3036, 1.9441 1.0655 0.2829, 1.9529 1.0622 0.2627, 1.9654 1.0588 0.244, 1.9809 1.0553 0.2278, 1.9989 1.052 0.2147, 2.0183 1.0489 0.2051, 2.0387 1.046 0.199, 2.0605 1.0428 0.1963, 2.0829 1.0393 0.1975, 2.1048 1.0359 0.2026, 2.1253 1.0325 0.2114, 2.1434 1.0294 0.2232, 2.1591 1.0265 0.2377, 2.1725 1.0233 0.255, 2.1828 1.0199 0.2749, 2.1896 1.0164 0.2964, 2.1925 1.013 0.3185, 2.1916 1.0099 0.3402, 2.1871 1.007 0.361, 2.179 1.0038 0.3813, 2.1672 1.0004 0.4003, 2.1522 0.9969 0.4171, 2.1346 0.9936 0.4309, 2.1154 0.9904 0.4411, 2.0953 0.9875 0.4479, 2.0737 0.9844 0.4512, 2.0513 0.981 0.4508, 2.0292 0.9775 0.4464, 2.0084 0.9741 0.4383, 1.9898 0.9709 0.427, 1.9737 0.968 0.4131, 1.9598 0.9649 0.3963, 1.9488 0.9615 0.3769, 1.9413 0.958 0.3556, 1.9377 0.9546 0.3336, 1.9379 0.9514 0.3117, 1.9417 0.9485 0.2908, 1.9491 0.9454 0.2703, 1.9602 0.942 0.251, 1.9746 0.9386 0.2337, 1.9918 0.9352 0.2193, 2.0107 0.932 0.2083, 2.0306 0.929 0.2009, 2.052 0.9259 0.1969, 2.0743 0.9226 0.1966, 2.0965 0.9191 0.2002, 2.1176 0.9157 0.2076, 2.1368 0.9125 0.2184, 2.1533 0.9095 0.2317, 2.1676 0.9065 0.248, 2.1792 0.9031 0.267, 2.1875 0.8996 0.288, 2.1918 0.8962 0.3099, 2.1924 0.893 0.3319, 2.1892 0.8901 0.353, 2.1825 0.887 0.3736, 2.1721 0.8836 0.3932, 2.1583 0.8802 0.411, 2.1416 0.8767 0.426, 2.1229 0.8735 0.4376, 2.1032 0.8706 0.4457, 2.0821 0.8675 0.4504, 2.06 0.8642 0.4514, 2.0376 0.8607 0.4486, 2.0162 0.8573 0.4419, 1.9966 0.854 0.4317, 1.9796 0.8511 0.4188, 1.9649 0.848 0.4031, 1.9527 0.8447 0.3846, 1.9438 0.8412 0.364, 1.9386 0.8378 0.3421, 1.9374 0.8345 0.32, 1.9398 0.8315 0.2988, 1.9458 0.8285 0.2781, 1.9555 0.8252 0.2582, 1.9687 0.8218 0.24, 1.9849 0.8183 0.2245, 2.0033 0.815 0.2121, 2.0229 0.812 0.2034, 2.0436 0.8091 0.198, 2.0657 0.8058 0.1962, 2.088 0.8023 0.1983, 2.1097 0.7989 0.2043, 2.1297 0.7956 0.2139, 2.1472 0.7925 0.2263, 2.1624 0.7896 0.2414, 2.1751 0.7863 0.2594, 2.1847 0.7829 0.2797, 2.1906 0.7794 0.3014, 2.1926 0.7761 0.3235, 2.1908 0.773 0.345, 2.1856 0.7701 0.3657, 2.1766 0.7668 0.3858, 2.164 0.7634 0.4044, 2.1483 0.7599 0.4206, 2.1303 0.7566 0.4335, 2.1109 0.7535 0.443, 2.0904 0.7506 0.449, 2.0686 0.7474 0.4515, 2.0462 0.7439 0.4502, 2.0243 0.7405 0.4449, 2.0039 0.7371 0.436, 1.9858 0.734 0.4241, 1.9703 0.7311 0.4095, 1.957 0.7279 0.392, 1.9468 0.7245 0.3721, 1.9401 0.721 0.3506, 1.9374 0.7176 0.3285, 1.9385 0.7145 0.3068, 1.9431 0.7116 0.286, 1.9513 0.7084 0.2657, 1.9632 0.705 0.2468, 1.9784 0.7015 0.2301, 1.996 0.6982 0.2165, 2.0152 0.695 0.2063, 2.0354 0.6921 0.1997, 2.0571 0.689 0.1965, 2.0794 0.6855 0.1971, 2.1015 0.6821 0.2016, 2.1223 0.6787 0.2098, 2.1408 0.6756 0.2212, 2.1568 0.6726 0.2352, 2.1706 0.6695 0.2522, 2.1815 0.6661 0.2717, 2.1888 0.6626 0.293, 2.1923 0.6592 0.3151, 2.1919 0.6561 0.3369, 2.188 0.6532 0.3578, 2.1805 0.65 0.3782, 2.1692 0.6466 0.3975, 2.1547 0.6431 0.4147, 2.1375 0.6397 0.429, 2.1185 0.6366 0.4398, 2.0985 0.6337 0.4471, 2.0771 0.6305 0.451, 2.0548 0.6272 0.4511, 2.0326 0.6237 0.4474, 2.1923 1.3738 0.2972, 2.195 1.3705 0.3197, 2.1938 1.3674 0.3417, 2.1891 1.3645 0.3629, 2.1805 1.3612 0.3836, 2.1683 1.3578 0.4029, 2.1528 1.3544 0.4198, 2.1348 1.351 0.4336, 2.1152 1.3479 0.4439, 2.0946 1.345 0.4506, 2.0725 1.3418 0.4538, 2.0496 1.3384 0.4531, 2.0272 1.3349 0.4484, 2.0061 1.3315 0.4399, 1.9873 1.3284 0.4283, 1.9711 1.3255 0.4139, 1.957 1.3223 0.3965, 1.946 1.3189 0.3766, 1.9386 1.3154 0.3548, 1.9352 1.312 0.3324, 1.9356 1.3089 0.3102, 1.9397 1.306 0.2889, 1.9475 1.3028 0.2681, 1.959 1.2994 0.2484, 1.9739 1.296 0.231, 1.9915 1.2926 0.2165, 2.0108 1.2894 0.2056, 2.0312 1.2865 0.1983, 2.0531 1.2834 0.1944, 2.0759 1.28 0.1943, 2.0985 1.2765 0.1982, 2.1199 1.2731 0.206, 2.1392 1.2699 0.2171, 2.1559 1.267 0.2309, 2.1704 1.2639 0.2477, 2.182 1.2605 0.2672, 2.1902 1.257 0.2887, 2.1944 1.2536 0.3111, 2.1947 1.2504 0.3334, 2.1913 1.2475 0.3548, 2.1843 1.2444 0.3758, 2.1734 1.241 0.3957, 2.1591 1.2376 0.4137, 2.142 1.2342 0.4287, 2.1229 1.231 0.4404, 2.1027 1.228 0.4484, 2.0811 1.2249 0.453, 2.0584 1.2216 0.4538, 2.0357 1.2181 0.4506, 2.014 1.2147 0.4436, 1.9942 1.2115 0.4331, 1.9771 1.2085 0.4198, 1.9621 1.2055 0.4036, 1.9499 1.2021 0.3845, 1.941 1.1986 0.3633, 1.936 1.1952 0.341, 1.935 1.192 0.3186, 1.9377 1.189 0.2971, 1.944 1.186 0.276, 1.9541 1.1826 0.2558, 1.9678 1.1792 0.2374, 1.9845 1.1757 0.2217, 2.0033 1.1725 0.2094, 2.0232 1.1695 0.2007, 2.0445 1.1665 0.1954, 2.0671 1.1632 0.1938, 2.0899 1.1597 0.1962, 2.1119 1.1563 0.2026, 2.1321 1.153 0.2125, 2.1497 1.15 0.2252, 2.1651 1.147 0.2409, 2.1779 1.1437 0.2594, 2.1875 1.1403 0.2803, 2.1933 1.1368 0.3024, 2.195 1.1335 0.3249, 2.193 1.1305 0.3466, 2.1874 1.1275 0.3678, 2.178 1.1242 0.3882, 2.165 1.1208 0.4071, 2.1488 1.1173 0.4233, 2.1304 1.114 0.4363, 2.1106 1.111 0.4457, 2.0896 1.1081 0.4516, 2.0672 1.1048 0.454, 2.0444 1.1013 0.4523, 2.0222 1.0979 0.4467, 2.0016 1.0946 0.4375, 1.9834 1.0915 0.4252, 1.9676 1.0886 0.4102, 1.9542 1.0853 0.3921, 1.944 1.0819 0.3717, 1.9375 1.0784 0.3497, 1.9349 1.0751 0.3272, 1.9362 1.072 0.3052, 1.9411 1.0691 0.2841, 1.9498 1.0658 0.2634, 1.9622 1.0624 0.2442, 1.9778 1.0589 0.2274, 1.9958 1.0556 0.2137, 2.0155 1.0525 0.2036, 2.0361 1.0496 0.197, 2.0583 1.0464 0.194, 2.0812 1.0429 0.1948, 2.1036 1.0395 0.1997, 2.1246 1.0361 0.2083, 2.1433 1.033 0.22, 2.1594 1.0301 0.2345, 2.1734 1.0269 0.252, 2.1843 1.0235 0.272, 2.1915 1.02 0.2938, 2.1948 1.0166 0.3163, 2.1942 1.0135 0.3384, 2.19 1.0106 0.3597, 2.1821 1.0074 0.3805, 2.1704 1.004 0.4001, 2.1554 1.0005 0.4174, 2.1377 0.9972 0.4317, 2.1183 0.994 0.4425, 2.0979 0.9911 0.4497, 2.0759 0.988 0.4535, 2.0532 0.9846 0.4534, 2.0306 0.9811 0.4493, 2.0092 0.9777 0.4414, 1.99 0.9745 0.4302, 1.9734 0.9716 0.4163, 1.959 0.9685 0.3994, 1.9475 0.9651 0.3798, 1.9395 0.9616 0.3583, 1.9354 0.9582 0.3358, 1.9353 0.9551 0.3136, 1.9388 0.9521 0.2922, 1.946 0.949 0.2712, 1.957 0.9456 0.2513, 1.9714 0.9422 0.2335, 1.9887 0.9388 0.2185, 2.0078 0.9356 0.207, 2.028 0.9326 0.1992, 2.0497 0.9295 0.1947, 2.0724 0.9262 0.194, 2.0951 0.9227 0.1973, 2.1167 0.9193 0.2046, 2.1364 0.9161 0.2152, 2.1535 0.9132 0.2286, 2.1683 0.9101 0.2449, 2.1805 0.9067 0.2641, 2.1892 0.9032 0.2853, 2.194 0.8998 0.3076, 2.1949 0.8966 0.33, 2.1921 0.8937 0.3515, 2.1856 0.8906 0.3726, 2.1753 0.8872 0.3928, 2.1615 0.8838 0.4111, 2.1448 0.8803 0.4266, 2.1259 0.8771 0.4388, 2.1059 0.8742 0.4474, 2.0845 0.8711 0.4525, 2.062 0.8678 0.4539, 2.0392 0.8643 0.4514, 2.0172 0.8609 0.4449, 1.9971 0.8576 0.4349, 1.9796 0.8547 0.422, 1.9643 0.8516 0.4063, 1.9515 0.8483 0.3876, 1.9421 0.8448 0.3667, 1.9365 0.8414 0.3445, 1.9349 0.8381 0.3221, 1.937 0.8352 0.3003, 1.9428 0.8321 0.2792, 1.9523 0.8288 0.2588, 1.9655 0.8254 0.24, 1.9818 0.8219 0.2239, 2.0003 0.8186 0.211, 2.0201 0.8156 0.2018, 2.0412 0.8127 0.196, 2.0636 0.8094 0.1938, 2.0864 0.8059 0.1956, 2.1086 0.8025 0.2013, 2.1291 0.7992 0.2107, 2.1472 0.7961 0.2231, 2.1629 0.7932 0.2383, 2.1762 0.7899 0.2564, 2.1863 0.7865 0.2769, 2.1926 0.783 0.299, 2.195 0.7797 0.3214, 2.1936 0.7766 0.3434, 2.1885 0.7737 0.3645, 2.1797 0.7704 0.3852, 2.1672 0.767 0.4043, 2.1515 0.7635 0.421, 2.1333 0.7602 0.4346, 2.1137 0.7571 0.4445, 2.0929 0.7542 0.4509, 2.0707 0.751 0.4538, 2.0479 0.7475 0.4528, 2.0255 0.7441 0.4478, 2.0046 0.7407 0.4391, 1.986 0.7376 0.4273, 1.9699 0.7347 0.4127, 1.9561 0.7315 0.3951, 1.9453 0.7281 0.3749, 1.9382 0.7246 0.3531, 1.9351 0.7212 0.3307, 1.9358 0.7181 0.3086, 1.9401 0.7152 0.2873, 1.9482 0.712 0.2665, 1.96 0.7086 0.247, 1.9752 0.7051 0.2297, 1.9929 0.7018 0.2156, 2.0124 0.6986 0.2049, 2.0328 0.6957 0.1978, 2.0549 0.6926 0.1942, 2.0776 0.6891 0.1944, 2.1002 0.6857 0.1987, 2.1215 0.6823 0.2067, 2.1406 0.6792 0.218, 2.1571 0.6762 0.2321, 2.1714 0.6731 0.2491, 2.1828 0.6697 0.2688, 2.1907 0.6662 0.2904, 2.1946 0.6628 0.3128, 2.1946 0.6597 0.3351, 2.1909 0.6568 0.3564, 2.1835 0.6536 0.3774, 2.1724 0.6502 0.3972, 2.1579 0.6468 0.4149, 2.1406 0.6433 0.4298, 2.1214 0.6402 0.4411, 2.1011 0.6373 0.4488, 2.0794 0.6341 0.4532, 2.0567 0.6308 0.4537, 2.034 0.6273 0.4502, 2.1965 1.3743 0.3184, 2.1955 1.3712 0.3406, 2.1909 1.3683 0.3621, 2.1825 1.3651 0.3832, 2.1703 1.3616 0.4028, 2.1548 1.3582 0.4201, 2.1368 1.3548 0.4343, 2.1171 1.3517 0.4448, 2.0962 1.3488 0.4518, 2.0739 1.3456 0.4552, 2.0508 1.3422 0.4548, 2.028 1.3387 0.4503, 2.0066 1.3353 0.4419, 1.9874 1.3322 0.4303, 1.9708 1.3293 0.416, 1.9565 1.3261 0.3985, 1.9451 1.3227 0.3784, 1.9374 1.3192 0.3565, 1.9337 1.3159 0.3338, 1.9339 1.3127 0.3114, 1.9378 1.3098 0.2898, 1.9455 1.3066 0.2686, 1.957 1.3032 0.2486, 1.9719 1.2998 0.2308, 1.9895 1.2964 0.216, 2.009 1.2932 0.2047, 2.0295 1.2903 0.1971, 2.0517 1.2872 0.1929, 2.0747 1.2838 0.1926, 2.0976 1.2803 0.1964, 2.1194 1.2769 0.204, 2.139 1.2737 0.215, 2.156 1.2708 0.2288, 2.1709 1.2677 0.2457, 2.1829 1.2643 0.2654, 2.1913 1.2608 0.287, 2.1958 1.2574 0.3096, 2.1964 1.2542 0.3322, 2.1932 1.2513 0.3539, 2.1862 1.2482 0.3752, 2.1754 1.2448 0.3955, 2.1611 1.2414 0.4138, 2.1439 1.238 0.4292, 2.1248 1.2348 0.4412, 2.1045 1.2318 0.4495, 2.0826 1.2287 0.4544, 2.0597 1.2254 0.4554, 2.0366 1.2219 0.4525, 2.0146 1.2185 0.4455, 1.9945 1.2153 0.4351, 1.977 1.2123 0.4218, 1.9617 1.2093 0.4056, 1.9491 1.2059 0.3864, 1.9399 1.2024 0.3651, 1.9346 1.199 0.3426, 1.9334 1.1958 0.3199, 1.9359 1.1928 0.2981, 1.9421 1.1898 0.2766, 1.9521 1.1865 0.2561, 1.9658 1.183 0.2373, 1.9825 1.1796 0.2213, 2.0014 1.1763 0.2086, 2.0215 1.1733 0.1996, 2.043 1.1703 0.1941, 2.0658 1.167 0.1922, 2.0889 1.1635 0.1944, 2.1112 1.1601 0.2006, 2.1318 1.1568 0.2104, 2.1498 1.1538 0.2232, 2.1655 1.1508 0.2389, 2.1787 1.1475 0.2575, 2.1885 1.1441 0.2785, 2.1946 1.1406 0.3009, 2.1966 1.1373 0.3236, 2.1948 1.1343 0.3456, 2.1893 1.1313 0.3671, 2.18 1.1281 0.3879, 2.167 1.1246 0.4071, 2.1508 1.1211 0.4237, 2.1323 1.1178 0.437, 2.1124 1.1148 0.4467, 2.0912 1.1119 0.4529, 2.0686 1.1086 0.4555, 2.0454 1.1051 0.4541, 2.0229 1.1017 0.4486, 2.0019 1.0984 0.4395, 1.9834 1.0953 0.4272, 1.9673 1.0924 0.4122, 1.9536 1.0891 0.3941, 1.943 1.0857 0.3735, 1.9362 1.0822 0.3513, 1.9334 1.0789 0.3286, 1.9345 1.0758 0.3063, 1.9392 1.0729 0.2848, 1.9478 1.0696 0.2638, 1.9601 1.0662 0.2442, 1.9758 1.0627 0.2271, 1.9939 1.0594 0.2131, 2.0136 1.0563 0.2027, 2.0345 1.0534 0.1958, 2.0569 1.0502 0.1925, 2.08 1.0468 0.1931, 2.1028 1.0433 0.1978, 2.1241 1.0399 0.2063, 2.1432 1.0368 0.218, 2.1597 1.0339 0.2324, 2.1739 1.0307 0.25, 2.1852 1.0273 0.2702, 2.1927 1.0238 0.2922, 2.1963 1.0205 0.3149, 2.1959 1.0173 0.3373, 2.1919 1.0144 0.3588, 2.1841 1.0112 0.38, 2.1724 1.0078 0.3999, 2.1574 1.0044 0.4176, 2.1397 1.001 0.4323, 2.1202 0.9978 0.4434, 2.0996 0.9949 0.4509, 2.0774 0.9918 0.455, 2.0543 0.9884 0.4551, 2.0314 0.9849 0.4512, 2.0098 0.9815 0.4434, 1.9902 0.9783 0.4323, 1.9733 0.9754 0.4184, 1.9585 0.9723 0.4014, 1.9466 0.9689 0.3816, 1.9383 0.9654 0.3599, 1.934 0.962 0.3373, 1.9336 0.9589 0.3148, 1.937 0.956 0.2931, 1.9441 0.9528 0.2718, 1.955 0.9494 0.2515, 1.9694 0.946 0.2333, 1.9867 0.9426 0.218, 2.0059 0.9394 0.2062, 2.0263 0.9365 0.198, 2.0482 0.9333 0.1933, 2.0711 0.93 0.1924, 2.0942 0.9265 0.1955, 2.1161 0.9231 0.2026, 2.1362 0.9199 0.2131, 2.1536 0.917 0.2265, 2.1688 0.9139 0.2429, 2.1813 0.9105 0.2622, 2.1903 0.907 0.2836, 2.1954 0.9036 0.3061, 2.1965 0.9004 0.3287, 2.1939 0.8975 0.3506, 2.1875 0.8944 0.372, 2.1773 0.891 0.3925, 2.1635 0.8876 0.4112, 2.1467 0.8841 0.4271, 2.1278 0.8809 0.4396, 2.1077 0.878 0.4484, 2.0861 0.8749 0.4538, 2.0632 0.8716 0.4555, 2.0401 0.8681 0.4532, 2.0179 0.8647 0.4468, 1.9974 0.8614 0.4369, 1.9795 0.8585 0.4241, 1.9639 0.8554 0.4083, 1.9508 0.8521 0.3895, 1.9411 0.8487 0.3685, 1.9352 0.8452 0.3461, 1.9333 0.8419 0.3234, 1.9352 0.839 0.3014, 1.9409 0.8359 0.2799, 1.9503 0.8326 0.2591, 1.9635 0.8292 0.24, 1.9797 0.8257 0.2235, 1.9984 0.8225 0.2103, 2.0183 0.8195 0.2008, 2.0396 0.8165 0.1947, 2.0623 0.8132 0.1923, 2.0854 0.8097 0.1938, 2.1079 0.8063 0.1994, 2.1287 0.803 0.2087, 2.1472 0.7999 0.2211, 2.1632 0.797 0.2362, 2.1768 0.7937 0.2545, 2.1873 0.7903 0.2751, 2.1939 0.7868 0.2974, 2.1966 0.7835 0.3201, 2.1953 0.7804 0.3423, 2.1904 0.7775 0.3638, 2.1817 0.7742 0.3848, 2.1692 0.7708 0.4043, 2.1535 0.7673 0.4213, 2.1353 0.764 0.4352, 2.1155 0.7609 0.4455, 2.0946 0.758 0.4522, 2.0721 0.7548 0.4554, 2.049 0.7513 0.4546, 2.0263 0.7479 0.4497, 2.005 0.7445 0.4411, 1.9861 0.7414 0.4293, 1.9696 0.7385 0.4147, 1.9555 0.7353 0.397, 1.9444 0.7319 0.3768, 1.937 0.7284 0.3548, 1.9336 0.7251 0.3321, 1.9341 0.7219 0.3097, 1.9383 0.719 0.2881, 1.9462 0.7158 0.267, 1.958 0.7124 0.2471, 1.9732 0.7089 0.2295, 1.991 0.7056 0.215, 2.0105 0.7025 0.204, 2.0312 0.6995 0.1966, 2.0534 0.6964 0.1927, 2.0765 0.693 0.1927, 2.0994 0.6895 0.1968, 2.121 0.6861 0.2047, 2.1404 0.683 0.216, 2.1573 0.6801 0.23, 2.1719 0.6769 0.2471, 2.1837 0.6735 0.267, 2.1918 0.67 0.2887, 2.196 0.6666 0.3114, 2.1962 0.6635 0.3339, 2.1928 0.6606 0.3555, 2.1855 0.6574 0.3768, 2.1745 0.654 0.397, 2.1599 0.6506 0.4151, 2.1425 0.6472 0.4303, 2.1232 0.644 0.442, 2.1028 0.6411 0.45, 2.0809 0.6379 0.4546, 2.0579 0.6346 0.4554, 2.0349 0.6311 0.4521, 2.1965 1.3753 0.34, 2.192 1.3723 0.3617, 2.1836 1.3691 0.3829, 2.1715 1.3657 0.4028, 2.156 1.3622 0.4203, 2.1378 1.3589 0.4346, 2.1181 1.3558 0.4453, 2.0972 1.3528 0.4525, 2.0746 1.3496 0.4561, 2.0514 1.3462 0.4557, 2.0284 1.3427 0.4513, 2.0068 1.3394 0.443, 1.9875 1.3363 0.4314, 1.9707 1.3334 0.4171, 1.9562 1.3302 0.3996, 1.9446 1.3267 0.3794, 1.9367 1.3233 0.3574, 1.9328 1.3199 0.3346, 1.933 1.3168 0.312, 1.9368 1.3139 0.2903, 1.9444 1.3107 0.2689, 1.9558 1.3073 0.2487, 1.9708 1.3038 0.2307, 1.9884 1.3004 0.2157, 2.008 1.2973 0.2042, 2.0286 1.2944 0.1964, 2.0509 1.2912 0.1921, 2.0741 1.2878 0.1917, 2.0971 1.2843 0.1953, 2.1191 1.281 0.2029, 2.1389 1.2778 0.2139, 2.1561 1.2749 0.2277, 2.1712 1.2717 0.2446, 2.1834 1.2684 0.2643, 2.192 1.2649 0.286, 2.1966 1.2615 0.3088, 2.1973 1.2583 0.3315, 2.1942 1.2554 0.3534, 2.1873 1.2523 0.3749, 2.1766 1.2489 0.3954, 2.1623 1.2454 0.4139, 2.1451 1.242 0.4295, 2.1258 1.2388 0.4416, 2.1054 1.2359 0.4501, 2.0834 1.2328 0.4551, 2.0604 1.2294 0.4564, 2.0372 1.226 0.4535, 2.0149 1.2225 0.4466, 1.9946 1.2193 0.4362, 1.9769 1.2164 0.423, 1.9614 1.2133 0.4067, 1.9487 1.21 0.3875, 1.9393 1.2065 0.366, 1.9339 1.2031 0.3434, 1.9325 1.1998 0.3206, 1.9349 1.1969 0.2986, 1.941 1.1938 0.277, 1.951 1.1905 0.2562, 1.9646 1.187 0.2373, 1.9814 1.1836 0.221, 2.0003 1.1803 0.2082, 2.0205 1.1774 0.199, 2.0421 1.1744 0.1933, 2.0651 1.171 0.1913, 2.0883 1.1676 0.1934, 2.1108 1.1641 0.1995, 2.1316 1.1609 0.2093, 2.1498 1.1579 0.222, 2.1657 1.1549 0.2377, 2.1791 1.1516 0.2564, 2.1891 1.1481 0.2775, 2.1953 1.1447 0.3, 2.1975 1.1414 0.3228, 2.1958 1.1384 0.345, 2.1904 1.1354 0.3667, 2.1811 1.1321 0.3877, 2.1682 1.1286 0.4071, 2.152 1.1252 0.4239, 2.1334 1.1219 0.4374, 2.1134 1.1189 0.4473, 2.0921 1.1159 0.4536, 2.0693 1.1126 0.4564, 2.046 1.1092 0.4551, 2.0233 1.1057 0.4497, 2.0022 1.1024 0.4406, 1.9834 1.0994 0.4284, 1.9671 1.0964 0.4133, 1.9532 1.0932 0.3952, 1.9424 1.0897 0.3745, 1.9355 1.0863 0.3522, 1.9325 1.0829 0.3293, 1.9335 1.0799 0.3069, 1.9382 1.0769 0.2853, 1.9467 1.0737 0.2641, 1.959 1.0703 0.2443, 1.9746 1.0668 0.2269, 1.9928 1.0635 0.2127, 2.0126 1.0604 0.2021, 2.0336 1.0574 0.1951, 2.0562 1.0542 0.1916, 2.0794 1.0508 0.1921, 2.1023 1.0473 0.1967, 2.1239 1.044 0.2052, 2.1431 1.0409 0.2168, 2.1598 1.038 0.2313, 2.1743 1.0348 0.2489, 2.1857 1.0313 0.2692, 2.1934 1.0279 0.2912, 2.1971 1.0245 0.3141, 2.1969 1.0214 0.3366, 2.1929 1.0185 0.3584, 2.1852 1.0153 0.3797, 2.1736 1.0119 0.3999, 2.1585 1.0084 0.4178, 2.1408 1.005 0.4326, 2.1212 1.0019 0.4439, 2.1005 0.999 0.4516, 2.0782 0.9958 0.4558, 2.055 0.9924 0.4561, 2.0319 0.9889 0.4522, 2.01 0.9856 0.4445, 1.9903 0.9824 0.4334, 1.9732 0.9795 0.4195, 1.9582 0.9763 0.4025, 1.9462 0.9729 0.3827, 1.9377 0.9695 0.3609, 1.9332 0.9661 0.3381, 1.9327 0.9629 0.3154, 1.9359 0.96 0.2936, 1.943 0.9569 0.2721, 1.9538 0.9535 0.2517, 1.9683 0.95 0.2333, 1.9856 0.9466 0.2178, 2.0049 0.9434 0.2057, 2.0253 0.9405 0.1974, 2.0473 0.9374 0.1925, 2.0705 0.934 0.1915, 2.0936 0.9305 0.1945, 2.1158 0.9271 0.2015, 2.136 0.9239 0.212, 2.1536 0.921 0.2254, 2.169 0.9179 0.2418, 2.1817 0.9146 0.2611, 2.1909 0.9111 0.2826, 2.1962 0.9077 0.3053, 2.1974 0.9044 0.3281, 2.1949 0.9015 0.35, 2.1886 0.8984 0.3716, 2.1785 0.8951 0.3923, 2.1647 0.8916 0.4112, 2.1479 0.8882 0.4273, 2.1289 0.8849 0.44, 2.1086 0.882 0.449, 2.0869 0.879 0.4546, 2.0639 0.8756 0.4564, 2.0407 0.8722 0.4542, 2.0182 0.8687 0.4479, 1.9976 0.8655 0.438, 1.9795 0.8625 0.4252, 1.9637 0.8595 0.4094, 1.9504 0.8562 0.3906, 1.9405 0.8527 0.3694, 1.9344 0.8493 0.3469, 1.9324 0.846 0.3241, 1.9343 0.843 0.3019, 1.9398 0.84 0.2803, 1.9492 0.8367 0.2593, 1.9623 0.8332 0.24, 1.9786 0.8298 0.2233, 1.9973 0.8265 0.2099, 2.0173 0.8235 0.2002, 2.0387 0.8205 0.194, 2.0615 0.8172 0.1914, 2.0848 0.8138 0.1928, 2.1075 0.8103 0.1984, 2.1285 0.807 0.2076, 2.1472 0.804 0.2199, 2.1634 0.801 0.2351, 2.1772 0.7978 0.2534, 2.1878 0.7943 0.2741, 2.1946 0.7909 0.2965, 2.1974 0.7875 0.3193, 2.1963 0.7845 0.3417, 2.1915 0.7815 0.3633, 2.1828 0.7783 0.3845, 2.1704 0.7749 0.4042, 2.1546 0.7714 0.4215, 2.1364 0.7681 0.4356, 2.1165 0.765 0.446, 2.0955 0.7621 0.4529, 2.0729 0.7588 0.4562, 2.0496 0.7554 0.4555, 2.0267 0.7519 0.4508, 2.0053 0.7486 0.4422, 1.9861 0.7455 0.4304, 1.9695 0.7426 0.4159, 1.9552 0.7393 0.3981, 1.9439 0.7359 0.3778, 1.9363 0.7325 0.3557, 1.9327 0.7291 0.3328, 1.9331 0.726 0.3103, 1.9372 0.7231 0.2886, 1.9451 0.7199 0.2673, 1.9569 0.7165 0.2472, 1.972 0.713 0.2294, 1.9899 0.7096 0.2147, 2.0095 0.7065 0.2035, 2.0303 0.7036 0.196, 2.0526 0.7004 0.1919, 2.0758 0.697 0.1918, 2.0989 0.6935 0.1958, 2.1207 0.6901 0.2036, 2.1403 0.687 0.2149, 2.1574 0.6841 0.2289, 2.1722 0.6809 0.246, 2.1842 0.6775 0.2659, 2.1925 0.6741 0.2878, 2.1968 0.6707 0.3106, 2.1972 0.6675 0.3332, 2.1938 0.6646 0.355, 2.1866 0.6615 0.3765, 2.1756 0.6581 0.3969, 2.161 0.6546 0.4152, 2.1436 0.6512 0.4306, 2.1243 0.648 0.4424, 2.1038 0.6451 0.4506, 2.0817 0.642 0.4554, 2.0586 0.6386 0.4563, 2.0354 0.6351 0.4531, 2.1606 1.7298 0.2598, 2.1613 1.7293 0.2555, 2.1716 1.726 0.2732, 2.1733 1.7266 0.2686, 2.1813 1.7232 0.2885, 2.1834 1.7249 0.2846, 2.1885 1.7214 0.306, 2.1909 1.724 0.3031, 2.1926 1.7207 0.3252, 2.195 1.7243 0.3232, 2.1933 1.7213 0.345, 2.1951 1.7251 0.344, 2.1899 1.7221 0.3654, 2.191 1.7262 0.365, 2.182 1.7229 0.3861, 2.1823 1.7262 0.386, 2.1696 1.7228 0.4056, 2.1689 1.7278 0.4057, 2.153 1.7243 0.4226, 2.1513 1.7285 0.4224, 2.133 1.7252 0.4358, 2.1303 1.7293 0.4349, 2.1107 1.7262 0.4443, 2.1076 1.7292 0.4426, 2.0872 1.7263 0.4481, 2.084 1.7284 0.4455, 2.0628 1.7252 0.447, 2.0595 1.7263 0.4433, 2.0387 1.7229 0.4405, 2.0361 1.7228 0.4364, 2.0168 1.7193 0.4296, 2.0151 1.7181 0.4253, 1.9983 1.7147 0.4151, 1.9975 1.7125 0.4111, 1.9838 1.7094 0.3985, 1.9837 1.7064 0.3952, 1.9729 1.7034 0.3806, 1.9733 1.6995 0.378, 1.9654 1.6963 0.3615, 1.9658 1.6923 0.36, 1.961 1.6889 0.3421, 1.9613 1.6848 0.3416, 1.9598 1.6813 0.3231, 1.9597 1.6774 0.3232, 1.9614 1.6741 0.305, 1.9605 1.6697 0.3058, 1.9651 1.6666 0.2884, 1.963 1.6622 0.2898, 1.9701 1.6592 0.2733, 1.9671 1.6559 0.2745, 1.9771 1.6527 0.2585, 1.9733 1.6502 0.2593, 1.986 1.6467 0.2443, 1.9817 1.6452 0.2445, 1.9969 1.6417 0.2311, 1.9926 1.6412 0.2306, 2.0099 1.6379 0.2194, 2.0053 1.6385 0.218, 2.0241 1.6354 0.2094, 2.0201 1.6371 0.2074, 2.0401 1.6342 0.2016, 2.0371 1.6368 0.1993, 2.0588 1.6336 0.1964, 2.0566 1.6372 0.1941, 2.0794 1.6338 0.1946, 2.0783 1.6376 0.1929, 2.1011 1.6341 0.1973, 2.1006 1.6381 0.1962, 2.1223 1.6348 0.2044, 2.1222 1.6381 0.2041, 2.1417 1.635 0.2156, 2.1418 1.64 0.2162, 2.1586 1.637 0.2304, 2.1584 1.6413 0.2321, 2.1727 1.6381 0.2494, 2.1719 1.6421 0.2521, 2.1828 1.6387 0.2719, 2.1813 1.6417 0.2751, 2.1881 1.6383 0.2963, 2.1857 1.6404 0.2996, 2.1881 1.637 0.321, 2.1845 1.6382 0.3244, 2.1827 1.6351 0.3447, 2.1787 1.635 0.3475, 2.1732 1.632 0.366, 2.169 1.6308 0.3679, 2.1599 1.6276 0.385, 2.156 1.6253 0.3861, 2.1438 1.622 0.401, 2.1404 1.6189 0.4013, 2.1257 1.6154 0.4133, 2.123 1.6115 0.4131, 2.1066 1.6081 0.4219, 2.1051 1.6042 0.4215, 2.0879 1.601 0.4269, 2.0874 1.5969 0.4266, 2.07 1.594 0.4289, 2.0702 1.5901 0.429, 2.0522 1.5869 0.4284, 2.0531 1.5826 0.4292, 2.0349 1.5792 0.4255, 2.0363 1.5747 0.4276, 2.0186 1.5713 0.4209, 2.0199 1.5679 0.4238, 2.0032 1.5645 0.4144, 2.0042 1.562 0.4181, 1.989 1.5588 0.4064, 1.9894 1.5573 0.4107, 1.9761 1.5544 0.397, 1.9758 1.5539 0.4013, 1.9639 1.5508 0.3851, 1.9628 1.5514 0.3897, 1.9529 1.548 0.3709, 1.9511 1.5497 0.375, 1.9439 1.5462 0.3542, 1.9418 1.5488 0.3573, 1.9378 1.5454 0.3353, 1.9356 1.549 0.3376, 1.9352 1.5458 0.3153, 1.9335 1.5496 0.3165, 1.9366 1.5467 0.2947, 1.9355 1.5508 0.2953, 1.9423 1.5477 0.2737, 1.942 1.551 0.2738, 1.9526 1.5476 0.2532, 1.9532 1.5526 0.2531, 1.9674 1.5491 0.2346, 1.969 1.5534 0.2347, 1.9861 1.5499 0.2193, 1.9889 1.554 0.22, 2.0078 1.5508 0.2085, 2.011 1.5538 0.2098, 2.0307 1.5509 0.2025, 2.0342 1.553 0.2047, 2.0548 1.5499 0.2012, 2.0584 1.5511 0.2045, 2.0792 1.5477 0.2052, 2.0822 1.5476 0.2091, 2.1021 1.5442 0.2139, 2.1042 1.5429 0.218, 2.1221 1.5395 0.2265, 2.1234 1.5372 0.2304, 2.1385 1.534 0.2418, 2.139 1.5309 0.2451, 2.151 1.528 0.2585, 2.1509 1.5241 0.2611, 2.1603 1.521 0.2765, 2.16 1.5171 0.278, 2.1665 1.5137 0.2952, 2.1663 1.5096 0.2958, 2.1696 1.5062 0.314, 2.1697 1.5022 0.3138, 2.1699 1.4988 0.3323, 2.1707 1.4944 0.3315, 2.1678 1.4912 0.3495, 2.1698 1.4867 0.348, 2.1643 1.4838 0.3651, 2.1671 1.4805 0.3636, 2.1589 1.4774 0.3802, 2.1626 1.4749 0.379, 2.1516 1.4716 0.3951, 2.1559 1.47 0.3944, 2.1421 1.4666 0.4093, 2.1465 1.4661 0.4094, 2.1302 1.4626 0.4223, 2.135 1.4632 0.4233, 2.1168 1.46 0.4339, 2.1209 1.4617 0.4355, 2.1015 1.4587 0.4432, 2.1048 1.4613 0.4452, 2.0838 1.4583 0.4501, 2.0862 1.4619 0.4522, 2.0637 1.4586 0.454, 2.065 1.4624 0.4555, 2.0419 1.4589 0.4535, 2.0425 1.463 0.4545, 2.0199 1.4595 0.4485, 2.1598 1.7313 0.2641, 2.1702 1.7265 0.2773, 2.1789 1.7226 0.2927, 2.1857 1.7197 0.3094, 2.1897 1.7181 0.3277, 2.1906 1.7177 0.3466, 2.188 1.7183 0.3661, 2.1809 1.7189 0.3863, 2.1693 1.7195 0.4056, 2.1536 1.7193 0.4227, 2.1345 1.721 0.4364, 2.1132 1.7222 0.4457, 2.09 1.7233 0.4502, 2.0655 1.723 0.4501, 2.0413 1.7217 0.4447, 2.0186 1.7194 0.4341, 1.9993 1.716 0.4196, 1.9839 1.7117 0.4026, 1.9725 1.7065 0.3839, 1.9646 1.7002 0.364, 1.9603 1.6928 0.3435, 1.9594 1.6854 0.3236, 1.9616 1.678 0.3049, 1.9661 1.671 0.2878, 1.9724 1.6637 0.2723, 1.9802 1.656 0.2577, 1.9899 1.6493 0.2441, 2.0012 1.6433 0.2317, 2.0141 1.6384 0.2207, 2.0284 1.6348 0.2116, 2.0436 1.6325 0.2042, 2.0614 1.631 0.1991, 2.0812 1.6302 0.1973, 2.1019 1.6303 0.1992, 2.1225 1.6307 0.2055, 2.1417 1.6317 0.2158, 2.1586 1.6321 0.2298, 2.1732 1.6339 0.2478, 2.1841 1.6347 0.2694, 2.1901 1.6353 0.2934, 2.191 1.6349 0.3181, 2.1868 1.6339 0.3419, 2.1776 1.6321 0.364, 2.1644 1.6289 0.3838, 2.1478 1.6242 0.4007, 2.129 1.6185 0.4137, 2.1091 1.612 0.4226, 2.0893 1.605 0.4275, 2.0705 1.5981 0.4293, 2.0521 1.5909 0.4282, 2.0342 1.5836 0.4246, 2.0175 1.5757 0.4187, 2.0024 1.5679 0.4113, 1.9887 1.5614 0.4025, 1.9764 1.5559 0.3926, 1.965 1.5513 0.3808, 1.9548 1.5474 0.3665, 1.9463 1.5445 0.3505, 1.9404 1.5428 0.3326, 1.9377 1.5422 0.3134, 1.9384 1.5429 0.2938, 1.9434 1.5436 0.2734, 1.9529 1.5443 0.2532, 1.9668 1.5441 0.2346, 1.9845 1.5457 0.2189, 2.0052 1.5467 0.2073, 2.0278 1.5479 0.2006, 2.0518 1.5478 0.1984, 2.0762 1.5466 0.2013, 2.0999 1.5443 0.2096, 2.1208 1.5407 0.2221, 2.138 1.5362 0.2377, 2.1512 1.531 0.2552, 2.1608 1.5249 0.274, 2.1671 1.5177 0.2938, 2.17 1.5102 0.3135, 2.1697 1.5027 0.3325, 2.1669 1.4955 0.3503, 2.1621 1.4882 0.3663, 2.1559 1.4807 0.3812, 2.1478 1.4741 0.3957, 2.1378 1.4681 0.4092, 2.126 1.4631 0.4215, 2.1123 1.4594 0.4321, 2.0977 1.457 0.441, 2.0809 1.4557 0.4477, 2.0617 1.455 0.4515, 2.0409 1.4551 0.4517, 2.0195 1.4555 0.4475, 1.9991 1.4563 0.4389, 2.1592 1.7338 0.2679, 2.1687 1.728 0.2814, 2.1767 1.723 0.2965, 2.1826 1.7191 0.3131, 2.1864 1.7164 0.3305, 2.1873 1.7151 0.3485, 2.185 1.7147 0.3673, 2.1789 1.7151 0.3867, 2.1681 1.7154 0.4057, 2.1533 1.716 0.4227, 2.1352 1.716 0.4366, 2.1146 1.7179 0.4465, 2.0922 1.7192 0.452, 2.0679 1.72 0.4527, 2.0434 1.7196 0.4482, 2.0204 1.7183 0.4387, 2.0002 1.7161 0.4244, 1.9841 1.7129 0.4072, 1.9719 1.7087 0.388, 1.9636 1.7032 0.3672, 1.9591 1.6968 0.3458, 1.9585 1.6894 0.3248, 1.9611 1.6821 0.3053, 1.9663 1.6749 0.2877, 1.9735 1.6681 0.2718, 1.9826 1.6605 0.2572, 1.993 1.6526 0.2439, 2.005 1.6458 0.2321, 2.0182 1.6399 0.222, 2.0323 1.6353 0.2136, 2.0475 1.6319 0.2071, 2.0644 1.6293 0.2023, 2.0833 1.6275 0.2004, 2.1032 1.6267 0.2021, 2.123 1.6269 0.2075, 2.1418 1.6276 0.217, 2.1586 1.6287 0.2301, 2.1733 1.6289 0.2472, 2.1848 1.6304 0.2679, 2.1918 1.6312 0.2911, 2.1935 1.6319 0.3157, 2.1901 1.6318 0.3396, 2.1821 1.631 0.3619, 2.1691 1.629 0.3826, 2.1524 1.6255 0.4003, 2.133 1.6207 0.414, 2.1124 1.6151 0.4234, 2.0917 1.6089 0.4286, 2.0718 1.6021 0.4301, 2.0525 1.595 0.4287, 2.0341 1.5875 0.4244, 2.017 1.5801 0.4176, 2.0017 1.5723 0.4089, 1.9883 1.5647 0.3994, 1.9767 1.5584 0.3888, 1.966 1.5528 0.3766, 1.9566 1.5479 0.3625, 1.949 1.5439 0.3465, 1.9435 1.5411 0.3294, 1.9408 1.5396 0.3111, 1.9413 1.5393 0.2924, 1.9453 1.5398 0.2728, 1.954 1.5403 0.253, 1.967 1.5408 0.2346, 1.9839 1.5407 0.2188, 2.0037 1.5425 0.2067, 2.0254 1.5438 0.199, 2.0492 1.5448 0.1961, 2.0737 1.5444 0.198, 2.0976 1.5431 0.2052, 2.1193 1.5408 0.2174, 2.1374 1.5375 0.2332, 2.1513 1.5333 0.2511, 2.1615 1.528 0.2707, 2.1681 1.5216 0.2913, 2.1708 1.5142 0.3122, 2.1702 1.5068 0.332, 2.1667 1.4995 0.3504, 2.161 1.4926 0.3669, 2.1536 1.4852 0.382, 2.1446 1.4774 0.3961, 2.1339 1.4706 0.4091, 2.1217 1.4647 0.4206, 2.1082 1.4599 0.4305, 2.0936 1.4564 0.4385, 2.0776 1.454 0.4448, 2.0593 1.4524 0.4486, 2.0393 1.4515 0.4489, 2.0189 1.4517 0.4455, 1.9989 1.4522 0.4378, 1.9808 1.4533 0.4263, 2.1586 1.7372 0.2711, 2.1674 1.7305 0.285, 2.1746 1.7246 0.3003, 2.1798 1.7196 0.3165, 2.1827 1.7158 0.3336, 2.1835 1.7134 0.3508, 2.1815 1.7121 0.3686, 2.1757 1.7115 0.3873, 2.1661 1.7116 0.4057, 2.1522 1.712 0.4225, 2.1349 1.7127 0.4365, 2.1152 1.713 0.4468, 2.0935 1.715 0.453, 2.0698 1.716 0.4548, 2.0453 1.7166 0.4512, 2.0219 1.7161 0.4425, 2.0012 1.7149 0.4292, 1.9842 1.713 0.412, 1.9713 1.71 0.3926, 1.9623 1.7055 0.371, 1.9575 1.6998 0.3488, 1.9569 1.6933 0.3269, 1.96 1.686 0.3063, 1.9657 1.679 0.288, 1.9737 1.672 0.2718, 1.9838 1.6648 0.2569, 1.9955 1.657 0.2438, 2.0082 1.6491 0.2325, 2.0219 1.6424 0.2231, 2.0361 1.6368 0.2155, 2.051 1.6324 0.2097, 2.0678 1.6287 0.2058, 2.0857 1.6258 0.2041, 2.1047 1.6241 0.2056, 2.1238 1.6233 0.2106, 2.1419 1.6238 0.219, 2.1585 1.6247 0.2312, 2.1732 1.6256 0.2475, 2.1851 1.6255 0.2673, 2.1928 1.627 0.2898, 2.1956 1.6278 0.3137, 2.193 1.6287 0.3377, 2.1858 1.6288 0.3602, 2.1739 1.6278 0.3813, 2.1573 1.6256 0.3999, 2.1376 1.622 0.4144, 2.1163 1.6174 0.4245, 2.0947 1.6119 0.4301, 2.0739 1.606 0.4316, 2.0536 1.5989 0.4297, 2.0344 1.5916 0.4249, 2.0169 1.584 0.4174, 2.0014 1.5767 0.4078, 1.9881 1.5691 0.3969, 1.9769 1.5618 0.3856, 1.9669 1.5553 0.3728, 1.9583 1.5494 0.3586, 1.9515 1.5444 0.3429, 1.9469 1.5405 0.3259, 1.9444 1.5379 0.3085, 1.9446 1.5367 0.2907, 1.9484 1.5362 0.2719, 1.956 1.5364 0.2528, 1.9682 1.5368 0.2346, 1.9842 1.5374 0.2188, 2.0031 1.5375 0.2064, 2.024 1.5396 0.1981, 2.0471 1.5407 0.1941, 2.0716 1.5414 0.1953, 2.0957 1.541 0.2015, 2.1179 1.5397 0.2127, 2.1368 1.5376 0.2283, 2.1515 1.5346 0.2465, 2.1624 1.5302 0.2667, 2.1693 1.5246 0.2883, 2.1722 1.5181 0.31, 2.1712 1.5108 0.3309, 2.1672 1.5036 0.35, 2.1609 1.4965 0.367, 2.1524 1.4896 0.3824, 2.1422 1.4819 0.3965, 2.1307 1.4739 0.409, 2.1179 1.4672 0.4198, 2.1042 1.4614 0.4289, 2.0898 1.4569 0.4362, 2.0739 1.4534 0.4417, 2.0565 1.4507 0.4452, 2.0375 1.4489 0.4456, 2.0178 1.4481 0.4425, 1.9986 1.4484 0.4358, 1.9808 1.4492 0.4251, 1.9648 1.4503 0.4107, 2.1582 1.7416 0.2735, 2.1664 1.7339 0.288, 2.1726 1.7271 0.3036, 2.177 1.7211 0.3198, 2.1793 1.7163 0.3365, 2.1794 1.7128 0.3533, 2.1774 1.7104 0.3702, 2.172 1.7088 0.3881, 2.1629 1.708 0.4058, 2.1502 1.7082 0.4222, 2.1338 1.7086 0.4361, 2.1149 1.7097 0.4466, 2.094 1.71 0.4534, 2.0709 1.7117 0.456, 2.0468 1.7125 0.4536, 2.0232 1.7131 0.4457, 2.002 1.7128 0.4333, 1.9844 1.7119 0.417, 1.9707 1.7101 0.3974, 1.9609 1.7068 0.3754, 1.9557 1.7021 0.3523, 1.9548 1.6963 0.3295, 1.958 1.6899 0.3081, 1.9645 1.683 0.2888, 1.9731 1.6761 0.272, 1.984 1.6688 0.2569, 1.9967 1.6614 0.2437, 2.0107 1.6536 0.2329, 2.0249 1.6458 0.2241, 2.0396 1.6393 0.2173, 2.0545 1.6339 0.2123, 2.0708 1.6291 0.209, 2.0884 1.6252 0.2081, 2.1064 1.6224 0.2096, 2.1246 1.6207 0.2143, 2.1421 1.6202 0.2222, 2.1583 1.6209 0.2333, 2.1729 1.6215 0.2486, 2.1849 1.6222 0.2675, 2.1931 1.622 0.2893, 2.1967 1.6236 0.3126, 2.1954 1.6247 0.3361, 2.189 1.6258 0.3587, 2.1778 1.6257 0.3803, 2.1622 1.6244 0.3994, 2.1425 1.6221 0.4149, 2.1207 1.6186 0.4257, 2.0984 1.6142 0.4318, 2.0767 1.609 0.4335, 2.0555 1.6028 0.4316, 2.0353 1.5955 0.4261, 2.0172 1.5881 0.418, 2.0013 1.5806 0.4076, 1.988 1.5735 0.3957, 1.9771 1.5662 0.3831, 1.9677 1.5586 0.3698, 1.9599 1.5519 0.355, 1.9539 1.546 0.3393, 1.9499 1.541 0.3228, 1.9483 1.5373 0.3057, 1.9486 1.535 0.2887, 1.952 1.5336 0.2708, 1.9592 1.5328 0.2524, 1.9702 1.533 0.2348, 1.9853 1.5334 0.2191, 2.0033 1.5342 0.2065, 2.0235 1.5346 0.1978, 2.0459 1.5365 0.193, 2.0699 1.5374 0.193, 2.0941 1.5379 0.1984, 2.1166 1.5375 0.2088, 2.1362 1.5364 0.2234, 2.1517 1.5347 0.2416, 2.1633 1.5315 0.2622, 2.1708 1.5269 0.2845, 2.1739 1.5212 0.3071, 2.173 1.5147 0.3289, 2.1684 1.5075 0.3491, 2.1614 1.5006 0.3667, 2.1522 1.4935 0.3825, 2.141 1.4862 0.3967, 2.1282 1.4784 0.4089, 2.1148 1.4705 0.4192, 2.1006 1.4639 0.4275, 2.0861 1.4584 0.434, 2.0706 1.4539 0.4388, 2.0534 1.4501 0.4414, 2.0353 1.4472 0.4418, 2.0166 1.4455 0.439, 1.9981 1.4448 0.4326, 1.9808 1.4454 0.4231, 1.965 1.4462 0.4096, 1.9513 1.447 0.3921, 2.158 1.746 0.2747, 2.1655 1.7383 0.2904, 2.1711 1.7304 0.3064, 2.1745 1.7236 0.3228, 2.176 1.7178 0.3393, 2.1756 1.7133 0.3555, 2.1729 1.7098 0.372, 2.1677 1.7071 0.3889, 2.1591 1.7054 0.4058, 2.147 1.7046 0.4217, 2.1319 1.7048 0.4354, 2.1139 1.7056 0.4461, 2.0938 1.7067 0.4533, 2.0713 1.7068 0.4565, 2.0476 1.7083 0.455, 2.0243 1.7091 0.4484, 2.0027 1.7098 0.4367, 1.9845 1.7097 0.4211, 1.97 1.7089 0.4023, 1.9594 1.7069 0.3801, 1.9535 1.7033 0.3564, 1.9524 1.6986 0.3327, 1.9555 1.693 0.3103, 1.9622 1.6869 0.2902, 1.9717 1.68 0.2726, 1.9834 1.6728 0.257, 1.9969 1.6653 0.2437, 2.0119 1.6579 0.233, 2.0273 1.6502 0.2248, 2.0424 1.6427 0.2187, 2.0576 1.6364 0.2146, 2.0738 1.6307 0.2121, 2.0908 1.6257 0.2118, 2.1083 1.6218 0.214, 2.1257 1.619 0.2186, 2.1424 1.6176 0.226, 2.1579 1.6173 0.2364, 2.1724 1.6177 0.2505, 2.1844 1.6181 0.2686, 2.193 1.6187 0.2895, 2.1972 1.6186 0.3121, 2.1967 1.6205 0.3351, 2.1916 1.6218 0.3575, 2.1812 1.6227 0.3794, 2.1663 1.6223 0.3991, 2.1474 1.6209 0.4153, 2.1254 1.6187 0.427, 2.1026 1.6155 0.4337, 2.08 1.6113 0.4358, 2.0579 1.6059 0.4339, 2.0369 1.5994 0.4283, 2.0178 1.5921 0.4193, 2.0015 1.5847 0.4082, 1.988 1.5774 0.3955, 1.9771 1.5706 0.3819, 1.9683 1.5631 0.3673, 1.9612 1.5553 0.3521, 1.9561 1.5485 0.3361, 1.9529 1.5425 0.3197, 1.9518 1.5378 0.3031, 1.9529 1.5344 0.2866, 1.9562 1.5319 0.2695, 1.963 1.5302 0.252, 1.9734 1.5294 0.2349, 1.9873 1.5296 0.2196, 2.0044 1.5302 0.207, 2.0237 1.5313 0.1979, 2.0454 1.5315 0.1926, 2.0689 1.5331 0.1917, 2.0928 1.5339 0.1959, 2.1156 1.5345 0.2055, 2.1356 1.5343 0.2194, 2.1519 1.5335 0.2367, 2.1643 1.5316 0.2574, 2.1725 1.5282 0.2802, 2.1761 1.5234 0.3037, 2.1752 1.5177 0.3265, 2.1705 1.5114 0.3474, 2.1628 1.5046 0.3659, 2.1528 1.4976 0.3823, 2.1408 1.4902 0.3967, 2.127 1.4828 0.4089, 2.1123 1.475 0.4187, 2.0976 1.4672 0.4264, 2.0828 1.4609 0.432, 2.0673 1.4554 0.436, 2.0506 1.4506 0.4381, 2.033 1.4466 0.4376, 2.0151 1.4438 0.4348, 1.9975 1.4422 0.4289, 1.9808 1.4418 0.4199, 1.9654 1.4424 0.4076, 1.9517 1.4429 0.391, 1.9411 1.4435 0.3711, 2.158 1.7499 0.2749, 2.1651 1.7427 0.2915, 2.1698 1.7349 0.3085, 2.1725 1.727 0.3252, 2.1731 1.7203 0.3418, 2.1719 1.7148 0.3577, 2.1688 1.7103 0.3735, 2.163 1.7065 0.3898, 2.1547 1.7037 0.4059, 2.1433 1.7019 0.4211, 2.1289 1.7012 0.4344, 2.1122 1.7018 0.4451, 2.0929 1.7027 0.4526, 2.0711 1.7034 0.4563, 2.048 1.7033 0.4556, 2.0249 1.7048 0.4499, 2.0033 1.7057 0.4395, 1.9846 1.7067 0.4246, 1.9694 1.7068 0.4063, 1.9579 1.7057 0.3848, 1.9512 1.7034 0.3607, 1.9495 1.6999 0.3364, 1.9525 1.6953 0.313, 1.9594 1.6899 0.292, 1.9693 1.6839 0.2736, 1.9819 1.6768 0.2574, 1.9963 1.6694 0.2438, 2.0121 1.6619 0.233, 2.0285 1.6546 0.2252, 2.0446 1.6471 0.2199, 2.0602 1.6397 0.2164, 2.0765 1.6332 0.2149, 2.0932 1.6273 0.2154, 2.1101 1.6223 0.218, 2.1268 1.6184 0.2233, 2.1427 1.6159 0.2304, 2.1576 1.6147 0.2402, 2.1715 1.6141 0.2536, 2.1835 1.6143 0.2704, 2.1923 1.6146 0.2904, 2.197 1.6153 0.3123, 2.1973 1.6155 0.3348, 2.1931 1.6175 0.3568, 2.184 1.6186 0.3786, 2.1697 1.6193 0.3988, 2.1515 1.6188 0.4157, 2.1302 1.6175 0.4283, 2.107 1.6156 0.4358, 2.0838 1.6126 0.4385, 2.0608 1.6081 0.4368, 2.0388 1.6025 0.431, 2.019 1.596 0.4217, 2.0019 1.5887 0.4096, 1.988 1.5815 0.3961, 1.9772 1.5745 0.3817, 1.9686 1.5675 0.3662, 1.9622 1.5597 0.3498, 1.9578 1.5518 0.3335, 1.9556 1.5451 0.3169, 1.9553 1.5393 0.3006, 1.9568 1.5349 0.2846, 1.9608 1.5313 0.2681, 1.9673 1.5285 0.2514, 1.9772 1.5268 0.2352, 1.9904 1.526 0.2203, 2.0063 1.5263 0.2078, 2.0247 1.5272 0.1986, 2.0456 1.5282 0.1928, 2.0685 1.5281 0.1912, 2.092 1.5297 0.1944, 2.1148 1.5305 0.2027, 2.1352 1.5313 0.2159, 2.152 1.5314 0.2326, 2.1654 1.5304 0.2526, 2.1744 1.5283 0.2757, 2.1785 1.5247 0.2998, 2.1779 1.52 0.3234, 2.1731 1.5145 0.3454, 2.1651 1.5085 0.3647, 2.1543 1.5015 0.3818, 2.1414 1.4942 0.3966, 2.1268 1.4867 0.4089, 2.1112 1.4793 0.4185, 2.0953 1.4717 0.4254, 2.0801 1.4643 0.4304, 2.0644 1.4579 0.4335, 2.0479 1.4521 0.4347, 2.0308 1.4471 0.4338, 2.0135 1.4432 0.4302, 1.9968 1.4405 0.4245, 1.9809 1.4392 0.4161, 1.9659 1.4388 0.4044, 1.9524 1.4391 0.3891, 1.9417 1.4395 0.3701, 1.9348 1.4401 0.3487, 2.1581 1.754 0.2743, 2.165 1.7466 0.2917, 2.1692 1.7393 0.3096, 2.1709 1.7314 0.3272, 2.1707 1.7237 0.3438, 2.1685 1.7173 0.3597, 2.1647 1.7118 0.3751, 2.1587 1.707 0.3907, 2.1499 1.7031 0.406, 2.1389 1.7002 0.4204, 2.1253 1.6986 0.4332, 2.1094 1.6982 0.4436, 2.0913 1.6988 0.4513, 2.0703 1.6994 0.4554, 2.0478 1.7 0.4553, 2.0251 1.6999 0.4505, 2.0036 1.7015 0.4411, 1.9847 1.7027 0.4274, 1.969 1.7038 0.4098, 1.9567 1.7036 0.3887, 1.9489 1.7023 0.3651, 1.9465 1.7 0.3402, 1.9491 1.6965 0.3161, 1.956 1.6922 0.2942, 1.9662 1.687 0.2749, 1.9793 1.6807 0.2579, 1.9948 1.6734 0.2438, 2.0114 1.666 0.233, 2.0287 1.6585 0.2252, 2.0457 1.6515 0.2204, 2.0622 1.6442 0.2179, 2.0786 1.6365 0.2172, 2.0953 1.6298 0.2186, 2.1118 1.6238 0.222, 2.1278 1.6189 0.2275, 2.143 1.6153 0.2352, 2.1571 1.613 0.2446, 2.1705 1.6115 0.2572, 2.1822 1.6107 0.2733, 2.1911 1.6108 0.2921, 2.1962 1.6113 0.3131, 2.197 1.6122 0.3349, 2.1936 1.6126 0.3566, 2.1856 1.6144 0.3782, 2.1726 1.6152 0.3985, 2.155 1.6158 0.416, 2.1342 1.6154 0.4294, 2.1115 1.6144 0.4379, 2.0878 1.6127 0.4412, 2.0641 1.6094 0.44, 2.0412 1.6048 0.4343, 2.0204 1.599 0.4247, 2.0026 1.5926 0.4122, 1.9882 1.5855 0.3976, 1.9771 1.5786 0.3823, 1.9686 1.5714 0.366, 1.9627 1.5641 0.3487, 1.9592 1.5562 0.3314, 1.9578 1.5484 0.3146, 1.9584 1.5419 0.2983, 1.9607 1.5364 0.2827, 1.965 1.5318 0.2669, 1.9721 1.5279 0.2509, 1.9816 1.5251 0.2354, 1.994 1.5233 0.2212, 2.0092 1.5227 0.2091, 2.0264 1.5234 0.1997, 2.0464 1.5241 0.1935, 2.0687 1.5248 0.1914, 2.0918 1.5247 0.1939, 2.1143 1.5262 0.2012, 2.1348 1.5272 0.2131, 2.1522 1.5284 0.2291, 2.1662 1.5283 0.2486, 2.1762 1.5271 0.2711, 2.1811 1.5248 0.2956, 2.181 1.5213 0.32, 2.1763 1.5167 0.3429, 2.168 1.5115 0.3631, 2.1568 1.5054 0.381, 2.1429 1.4982 0.3964, 2.1274 1.4908 0.4089, 2.111 1.4833 0.4184, 2.0942 1.4761 0.425, 2.0779 1.4687 0.4291, 2.062 1.4612 0.4314, 2.0454 1.4546 0.4317, 2.0287 1.4486 0.43, 2.0121 1.4436 0.4261, 1.996 1.4399 0.4198, 1.9809 1.4375 0.4117, 1.9666 1.4362 0.4007, 1.9535 1.4355 0.3861, 1.9427 1.4357 0.3684, 1.9355 1.436 0.3478, 1.9324 1.4368 0.3258, 2.1584 1.758 0.2728, 2.1653 1.7507 0.2911, 2.1691 1.7432 0.3098, 2.1701 1.7358 0.3281, 2.1687 1.7281 0.3454, 2.1658 1.7207 0.3613, 2.1611 1.7144 0.3765, 2.1544 1.7086 0.3915, 2.1455 1.7036 0.4061, 2.1342 1.6996 0.4196, 2.1211 1.6969 0.4317, 2.106 1.6956 0.4418, 2.0888 1.6952 0.4493, 2.069 1.6956 0.4539, 2.0472 1.696 0.4543, 2.025 1.6965 0.4503, 2.0038 1.6965 0.4417, 1.9848 1.6984 0.4291, 1.9686 1.6997 0.4126, 1.9556 1.7006 0.392, 1.947 1.7001 0.3688, 1.9435 1.6988 0.3441, 1.9455 1.6966 0.3194, 1.9521 1.6934 0.2967, 1.9624 1.6892 0.2765, 1.976 1.6838 0.2587, 1.9921 1.6773 0.244, 2.0099 1.6699 0.2328, 2.0281 1.6626 0.225, 2.0459 1.6554 0.2205, 2.0632 1.6486 0.2187, 2.0804 1.641 0.219, 2.0971 1.6331 0.2212, 2.1134 1.6263 0.2256, 2.1288 1.6204 0.2317, 2.1432 1.6158 0.2396, 2.1566 1.6124 0.2494, 2.1693 1.6098 0.2615, 2.1805 1.6081 0.2767, 2.1892 1.6072 0.2947, 2.1947 1.6075 0.3145, 2.1961 1.6081 0.3356, 2.1934 1.6093 0.3567, 2.1862 1.6094 0.378, 2.1742 1.611 0.3984, 2.1578 1.6117 0.4163, 2.1375 1.6124 0.4303, 2.1152 1.6123 0.4396, 2.0919 1.6115 0.444, 2.0675 1.6095 0.4434, 2.0438 1.606 0.4381, 2.0221 1.6013 0.4284, 2.0035 1.5956 0.4154, 1.9884 1.5894 0.4003, 1.977 1.5826 0.3839, 1.9685 1.5755 0.3666, 1.9628 1.568 0.3485, 1.9599 1.5606 0.3304, 1.9596 1.5528 0.3128, 1.961 1.5452 0.2964, 1.9642 1.5389 0.2809, 1.9692 1.5333 0.2656, 1.9765 1.5284 0.2503, 1.9864 1.5245 0.2357, 1.9983 1.5216 0.2222, 2.0127 1.5201 0.2106, 2.0291 1.5198 0.2014, 2.048 1.5203 0.1949, 2.0694 1.5208 0.1923, 2.0919 1.5214 0.1941, 2.1141 1.5213 0.2006, 2.1346 1.523 0.2115, 2.1523 1.5243 0.2262, 2.1669 1.5253 0.2452, 2.1777 1.525 0.2673, 2.1837 1.5236 0.2914, 2.1843 1.5214 0.3164, 2.18 1.518 0.34, 2.1716 1.5138 0.3612, 2.1599 1.5085 0.3799, 2.1455 1.5021 0.396, 2.129 1.4947 0.409, 2.1116 1.4873 0.4185, 2.094 1.48 0.4249, 2.0769 1.4731 0.4285, 2.0601 1.4657 0.4298, 2.0434 1.4579 0.4293, 2.0268 1.4512 0.4266, 2.0107 1.4452 0.422, 1.9953 1.4404 0.4155, 1.9809 1.4369 0.4069, 1.9674 1.4345 0.3964, 1.9548 1.4329 0.3826, 1.9443 1.4321 0.3656, 1.9368 1.4322 0.3462, 1.9333 1.4327 0.3251, 1.934 1.4338 0.3036, 2.1588 1.7619 0.2702, 2.1658 1.7547 0.2897, 2.1694 1.7473 0.3092, 2.17 1.7397 0.3283, 2.1678 1.7325 0.3462, 2.1636 1.7251 0.3625, 2.1581 1.7177 0.3776, 2.1506 1.7111 0.3922, 2.1412 1.7051 0.4061, 2.1298 1.7001 0.4189, 2.1166 1.6963 0.4301, 2.1022 1.6939 0.4396, 2.0858 1.6926 0.447, 2.0668 1.692 0.4515, 2.0461 1.6922 0.4526, 2.0246 1.6925 0.4492, 2.0037 1.6932 0.4414, 1.9848 1.6935 0.4297, 1.9684 1.6955 0.4142, 1.9548 1.6965 0.3947, 1.9454 1.6971 0.3718, 1.941 1.6967 0.3473, 1.9418 1.6955 0.3227, 1.948 1.6935 0.2993, 1.9582 1.6905 0.2783, 1.9721 1.686 0.2596, 1.9888 1.6803 0.2442, 2.0073 1.6738 0.2324, 2.0266 1.6666 0.2246, 2.0453 1.6595 0.2202, 2.0633 1.6525 0.2188, 2.0812 1.6454 0.2199, 2.0985 1.6376 0.2233, 2.1146 1.6296 0.2285, 2.1297 1.623 0.2355, 2.1435 1.6173 0.2439, 2.1562 1.6129 0.2537, 2.168 1.6092 0.2661, 2.1786 1.6064 0.2807, 2.187 1.6046 0.2977, 2.1924 1.6038 0.3168, 2.1944 1.6043 0.3367, 2.1923 1.6052 0.3572, 2.1859 1.6061 0.3781, 2.1749 1.606 0.3984, 2.1594 1.6075 0.4165, 2.1403 1.6083 0.4311, 2.1183 1.6093 0.4411, 2.0953 1.6094 0.4464, 2.0711 1.6083 0.4469, 2.0467 1.6061 0.442, 2.0241 1.6025 0.4326, 2.0045 1.5979 0.4193, 1.9888 1.5924 0.4036, 1.9768 1.5865 0.3865, 1.9681 1.5794 0.368, 1.9625 1.5721 0.3491, 1.96 1.5646 0.3302, 1.9604 1.5572 0.3119, 1.963 1.5496 0.2949, 1.967 1.5423 0.2795, 1.9729 1.5358 0.2645, 1.9808 1.53 0.2498, 1.9908 1.5249 0.2359, 2.003 1.521 0.2233, 2.0167 1.5184 0.2123, 2.0322 1.5172 0.2034, 2.0503 1.5167 0.1971, 2.0706 1.517 0.1939, 2.0924 1.5173 0.1951, 2.1142 1.5179 0.2008, 2.1345 1.518 0.2108, 2.1523 1.5201 0.2246, 2.1675 1.5212 0.2424, 2.179 1.522 0.2641, 2.1859 1.5215 0.288, 2.1876 1.5202 0.3127, 2.1838 1.5181 0.337, 2.1757 1.5151 0.359, 2.1638 1.5108 0.3786, 2.1488 1.5052 0.3955, 2.1316 1.4987 0.409, 2.1131 1.4913 0.4189, 2.0946 1.4841 0.4252, 2.0767 1.477 0.4284, 2.0592 1.4701 0.429, 2.0418 1.4624 0.4273, 2.0253 1.4545 0.4239, 2.0094 1.4477 0.4183, 1.9946 1.4419 0.4112, 1.9809 1.4374 0.4025, 1.9682 1.4339 0.3916, 1.9563 1.4312 0.3784, 1.9462 1.4294 0.3623, 1.9389 1.4286 0.3438, 1.9349 1.4289 0.3238, 1.935 1.4297 0.303, 1.9392 1.4308 0.282, 2.1594 1.7649 0.2669, 2.1667 1.7586 0.2872, 2.1702 1.7512 0.3079, 2.1704 1.7438 0.3278, 2.1677 1.7364 0.3463, 2.1626 1.7295 0.3632, 2.1558 1.7221 0.3785, 2.1475 1.7144 0.3928, 2.1373 1.7076 0.4062, 2.1256 1.7017 0.4182, 2.1124 1.6968 0.4287, 2.0979 1.6933 0.4373, 2.0824 1.6909 0.4442, 2.0643 1.6894 0.4487, 2.0445 1.6885 0.4499, 2.0238 1.6887 0.4473, 2.0035 1.6892 0.4403, 1.9848 1.6902 0.4294, 1.9683 1.6905 0.4149, 1.9543 1.6923 0.3963, 1.9441 1.6931 0.3744, 1.9389 1.6937 0.3501, 1.9388 1.6933 0.3255, 1.9438 1.6924 0.3019, 1.9537 1.6906 0.2802, 1.9676 1.6873 0.2607, 1.9848 1.6826 0.2444, 2.004 1.6769 0.232, 2.0241 1.6705 0.2238, 2.044 1.6635 0.2195, 2.0628 1.6566 0.2184, 2.0813 1.6493 0.22, 2.0991 1.6419 0.2243, 2.1156 1.6341 0.2308, 2.1304 1.6263 0.2386, 2.1438 1.6198 0.2478, 2.1557 1.6144 0.2581, 2.1668 1.6097 0.2703, 2.1765 1.6058 0.285, 2.1844 1.6029 0.3013, 2.1897 1.6012 0.3194, 2.1918 1.6007 0.3385, 2.1905 1.6014 0.358, 2.1848 1.602 0.3784, 2.1746 1.6027 0.3984, 2.1601 1.6025 0.4165, 2.1419 1.6041 0.4315, 2.1209 1.6052 0.4423, 2.0981 1.6063 0.4483, 2.074 1.6062 0.4497, 2.0495 1.6049 0.4461, 2.0262 1.6026 0.437, 2.0058 1.5991 0.4238, 1.9891 1.5947 0.4076, 1.9766 1.5895 0.3898, 1.9675 1.5833 0.3706, 1.9619 1.5761 0.3505, 1.9597 1.5686 0.3307, 1.9605 1.5611 0.3118, 1.964 1.554 0.2942, 1.9692 1.5467 0.2784, 1.9759 1.5392 0.2636, 1.9846 1.5325 0.2494, 1.9951 1.5265 0.2362, 2.0073 1.5215 0.2243, 2.0212 1.5178 0.2142, 2.036 1.5155 0.2058, 2.0531 1.5141 0.1996, 2.0726 1.5134 0.1965, 2.0933 1.5135 0.1969, 2.1145 1.5139 0.2019, 2.1346 1.5147 0.2111, 2.1524 1.5151 0.224, 2.1678 1.517 0.2408, 2.1801 1.5179 0.2614, 2.1878 1.5185 0.285, 2.1903 1.5181 0.3097, 2.1877 1.5169 0.334, 2.1799 1.5152 0.3566, 2.1682 1.512 0.3771, 2.1528 1.5074 0.3949, 2.1349 1.5017 0.4091, 2.1157 1.4952 0.4194, 2.096 1.488 0.4257, 2.0773 1.4811 0.4287, 2.059 1.474 0.4289, 2.0411 1.4668 0.4264, 2.024 1.4589 0.4217, 2.0084 1.451 0.4153, 1.9939 1.4444 0.4073, 1.981 1.4389 0.3982, 1.969 1.4344 0.3873, 1.9579 1.4306 0.3739, 1.9484 1.4277 0.3585, 1.9413 1.426 0.3409, 1.9373 1.4253 0.3217, 1.9367 1.4259 0.302, 1.9403 1.4267 0.2816, 1.9483 1.4275 0.2609, 2.16 1.7672 0.2629, 2.1678 1.7616 0.2841, 2.1715 1.7551 0.3056, 2.1714 1.7478 0.3266, 2.1681 1.7405 0.3459, 2.1624 1.7334 0.3633, 2.1547 1.7265 0.3789, 2.145 1.7189 0.3933, 2.1341 1.711 0.4062, 2.1217 1.7042 0.4176, 2.1083 1.6984 0.4273, 2.0941 1.6938 0.4352, 2.0786 1.6903 0.4412, 2.0614 1.6877 0.4454, 2.0425 1.6859 0.4467, 2.0227 1.6851 0.4443, 2.0031 1.6854 0.4383, 1.9847 1.6861 0.4283, 1.9683 1.6872 0.4146, 1.9541 1.6873 0.3969, 1.9433 1.6888 0.3758, 1.9371 1.6896 0.3523, 1.9362 1.6903 0.3278, 1.9403 1.6902 0.3041, 1.9491 1.6894 0.2821, 1.9628 1.6874 0.2617, 1.9801 1.6839 0.2446, 2.0 1.6791 0.2315, 2.0209 1.6735 0.2228, 2.0416 1.6674 0.2183, 2.0616 1.6605 0.2175, 2.0809 1.6534 0.2196, 2.0992 1.6459 0.2245, 2.1161 1.6385 0.2319, 2.131 1.6307 0.241, 2.144 1.6232 0.2509, 2.1553 1.6169 0.2619, 2.1656 1.6112 0.2745, 2.1746 1.6063 0.2889, 2.1816 1.6023 0.3052, 2.1865 1.5995 0.3225, 2.1886 1.5981 0.3407, 2.1876 1.5978 0.3594, 2.1828 1.5982 0.3789, 2.1735 1.5986 0.3985, 2.1598 1.5992 0.4165, 2.1425 1.5991 0.4317, 2.1224 1.601 0.443, 2.1005 1.6023 0.45, 2.0765 1.6032 0.4522, 2.0519 1.6028 0.4494, 2.0283 1.6015 0.4414, 2.0071 1.5992 0.4285, 1.9896 1.596 0.4122, 1.9763 1.5918 0.3939, 1.9667 1.5864 0.3739, 1.9608 1.58 0.3529, 1.9588 1.5726 0.332, 1.9601 1.5652 0.3122, 1.9641 1.5579 0.2941, 1.9703 1.5511 0.2779, 1.9783 1.5436 0.2628, 1.9878 1.5358 0.249, 1.999 1.529 0.2364, 2.0115 1.5231 0.2253, 2.0252 1.5183 0.2159, 2.04 1.5149 0.2084, 2.0563 1.5124 0.2026, 2.0748 1.5108 0.1995, 2.0948 1.5099 0.1998, 2.1151 1.5101 0.2039, 2.1347 1.5107 0.2122, 2.1524 1.5118 0.2242, 2.168 1.512 0.2402, 2.1807 1.5137 0.2599, 2.1893 1.5144 0.2826, 2.1927 1.5151 0.3071, 2.1909 1.5148 0.3315, 2.1843 1.514 0.3543, 2.1728 1.5121 0.3755, 2.1574 1.5087 0.3942, 2.139 1.504 0.4092, 2.1189 1.4983 0.42, 2.0985 1.492 0.4267, 2.0786 1.4851 0.4295, 2.0595 1.4781 0.4293, 2.0409 1.4707 0.4262, 2.0235 1.4633 0.4206, 2.0075 1.4555 0.413, 1.9934 1.4478 0.4042, 1.981 1.4414 0.3943, 1.9697 1.4359 0.383, 1.9594 1.4311 0.3698, 1.9508 1.4271 0.3543, 1.9442 1.4243 0.3375, 1.9402 1.4227 0.3193, 1.9395 1.4223 0.3004, 1.9422 1.4229 0.2808, 1.9495 1.4235 0.2607, 1.9612 1.4241 0.2414, 2.1608 1.7685 0.2583, 2.1691 1.7639 0.2802, 2.1732 1.7582 0.3027, 2.1731 1.7517 0.3246, 2.1693 1.7445 0.345, 2.163 1.7375 0.3629, 2.1545 1.7304 0.379, 2.1439 1.7232 0.3936, 2.1316 1.7154 0.4063, 2.1186 1.7075 0.4171, 2.1047 1.7009 0.426, 2.0903 1.6953 0.4331, 2.0751 1.6908 0.4385, 2.0582 1.6871 0.4418, 2.0402 1.6842 0.4429, 2.0213 1.6825 0.4408, 2.0024 1.6818 0.4352, 1.9847 1.6823 0.4262, 1.9685 1.6832 0.4135, 1.9542 1.684 0.3966, 1.943 1.6839 0.3764, 1.9361 1.6854 0.3536, 1.9341 1.6863 0.3297, 1.9374 1.6872 0.306, 1.9454 1.6873 0.2837, 1.958 1.6862 0.2629, 1.9753 1.684 0.2448, 1.9954 1.6804 0.2309, 2.017 1.6758 0.2216, 2.0386 1.6704 0.2168, 2.0595 1.6644 0.2159, 2.0799 1.6573 0.2185, 2.0989 1.65 0.224, 2.1162 1.6424 0.2321, 2.1313 1.6351 0.2422, 2.1441 1.6276 0.2534, 2.155 1.6202 0.2651, 2.1646 1.6137 0.2783, 2.1727 1.6078 0.2929, 2.179 1.6028 0.3088, 2.1831 1.5989 0.3258, 2.185 1.5964 0.3431, 2.1842 1.5952 0.3609, 2.1797 1.5946 0.3798, 2.1714 1.5948 0.3986, 2.1587 1.5952 0.4164, 2.1422 1.5958 0.4316, 2.123 1.596 0.4433, 2.1018 1.5981 0.4509, 2.0785 1.5991 0.4542, 2.0539 1.5998 0.4522, 2.0301 1.5993 0.4451, 2.0084 1.5981 0.4333, 1.9901 1.5961 0.4171, 1.976 1.5931 0.3985, 1.9657 1.5887 0.3778, 1.9595 1.583 0.356, 1.9573 1.5765 0.3342, 1.959 1.5692 0.3133, 1.9636 1.562 0.2945, 1.9705 1.555 0.2778, 1.9795 1.548 0.2625, 1.9903 1.5403 0.2487, 2.0021 1.5323 0.2366, 2.0153 1.5256 0.2262, 2.0292 1.5199 0.2176, 2.0437 1.5154 0.2108, 2.0599 1.5118 0.2059, 2.0775 1.5091 0.203, 2.0965 1.5073 0.2031, 2.1161 1.5065 0.2069, 2.135 1.5069 0.2143, 2.1523 1.5077 0.2254, 2.1679 1.5087 0.2404, 2.1809 1.5087 0.2593, 2.1901 1.5102 0.2812, 2.1946 1.511 0.305, 2.1936 1.5118 0.3293, 2.1879 1.5119 0.3523, 2.1775 1.5109 0.3739, 2.1622 1.5088 0.3934, 2.1436 1.5052 0.4093, 2.1229 1.5005 0.4208, 2.1016 1.495 0.4279, 2.0808 1.489 0.4308, 2.0606 1.4821 0.4303, 2.0413 1.4748 0.4267, 2.0234 1.4672 0.4204, 2.0071 1.4599 0.4118, 1.993 1.4522 0.4017, 1.981 1.4448 0.3911, 1.9704 1.4384 0.3792, 1.9609 1.4326 0.3657, 1.953 1.4276 0.3506, 1.9473 1.4237 0.3338, 1.9436 1.421 0.3165, 1.9428 1.4197 0.2985, 1.9452 1.4193 0.2797, 1.9515 1.4197 0.2603, 1.9623 1.42 0.2414, 1.9773 1.4206 0.2245, 2.1616 1.7686 0.2536, 2.1707 1.7652 0.2759, 2.1752 1.7605 0.2992, 2.1752 1.7547 0.322, 2.1713 1.7484 0.3432, 2.1643 1.7415 0.3622, 2.1551 1.7345 0.3788, 2.1437 1.7272 0.3936, 2.1304 1.7198 0.4063, 2.1161 1.712 0.4167, 2.1017 1.7042 0.425, 2.0869 1.6978 0.4312, 2.0717 1.6924 0.4358, 2.0553 1.6876 0.4385, 2.0376 1.6836 0.4388, 2.0197 1.6808 0.4367, 2.0017 1.6791 0.4315, 1.9846 1.6787 0.423, 1.9687 1.6794 0.4114, 1.9545 1.6799 0.3956, 1.9431 1.6805 0.3761, 1.9357 1.6804 0.3542, 1.9329 1.682 0.3308, 1.935 1.6832 0.3075, 1.9422 1.6843 0.285, 1.954 1.6841 0.2638, 1.9703 1.6828 0.2451, 1.9906 1.6805 0.2303, 2.0126 1.677 0.2203, 2.035 1.6727 0.215, 2.0568 1.6675 0.2139, 2.078 1.6612 0.2166, 2.098 1.6539 0.2227, 2.1159 1.6465 0.2315, 2.1314 1.639 0.2424, 2.1442 1.632 0.2546, 2.1547 1.6247 0.2675, 2.1637 1.6171 0.2813, 2.171 1.6103 0.2963, 2.1765 1.6043 0.3123, 2.1799 1.5994 0.3288, 2.181 1.5958 0.3459, 2.1801 1.5935 0.3628, 2.1761 1.592 0.3807, 2.1682 1.5912 0.3989, 2.1566 1.5914 0.4162, 2.1411 1.5918 0.4313, 2.1227 1.5927 0.4432, 2.1024 1.5931 0.4513, 2.0797 1.5949 0.4553, 2.0556 1.5957 0.4545, 2.0316 1.5963 0.4483, 2.0094 1.5959 0.4372, 1.9905 1.5949 0.422, 1.9756 1.5932 0.4033, 1.9646 1.5899 0.3823, 1.9578 1.5853 0.3597, 1.9555 1.5796 0.3369, 1.9572 1.5731 0.3152, 1.9624 1.566 0.2954, 1.9699 1.5591 0.2781, 1.9797 1.5519 0.2624, 1.9915 1.5446 0.2486, 2.0046 1.5368 0.2367, 2.0184 1.5289 0.227, 2.0327 1.5224 0.2192, 2.0473 1.5169 0.2132, 2.0631 1.5123 0.2088, 2.0805 1.5085 0.2068, 2.0986 1.5056 0.2071, 2.1172 1.5039 0.2105, 2.1354 1.5033 0.2174, 2.1522 1.5039 0.2274, 2.1677 1.5047 0.2415, 2.1808 1.5054 0.2595, 2.1905 1.5052 0.2807, 2.1957 1.5068 0.3038, 2.1959 1.5077 0.3276, 2.1909 1.5089 0.3507, 2.1813 1.5088 0.3726, 2.1671 1.5076 0.3927, 2.1485 1.5053 0.4094, 2.1274 1.5018 0.4218, 2.1054 1.4973 0.4294, 2.0837 1.492 0.4325, 2.0626 1.486 0.432, 2.0423 1.4787 0.4279, 2.0237 1.4713 0.421, 2.0071 1.4638 0.4117, 1.9928 1.4566 0.4006, 1.981 1.4492 0.3886, 1.9709 1.4418 0.3761, 1.9622 1.4351 0.362, 1.9552 1.4292 0.3468, 1.9501 1.4242 0.3305, 1.9473 1.4204 0.3134, 1.9466 1.418 0.2962, 1.9487 1.4167 0.2784, 1.9546 1.416 0.2597, 1.9644 1.4162 0.2414, 1.9784 1.4166 0.2247, 1.9958 1.4173 0.2108, 2.1624 1.7674 0.2487, 2.1723 1.7653 0.2713, 2.1775 1.7617 0.2952, 2.1778 1.757 0.3189, 2.1739 1.7514 0.3411, 2.1666 1.7454 0.3608, 2.1565 1.7385 0.3782, 2.1443 1.7313 0.3935, 2.1302 1.7237 0.4063, 2.115 1.7163 0.4165, 2.0993 1.7086 0.4242, 2.0841 1.7012 0.4297, 2.0687 1.6949 0.4334, 2.0524 1.6891 0.4353, 2.0353 1.6841 0.4351, 2.0179 1.6802 0.4322, 2.0008 1.6774 0.4271, 1.9844 1.6761 0.4193, 1.9692 1.6758 0.4083, 1.9551 1.6761 0.3936, 1.9437 1.6765 0.3751, 1.9359 1.6771 0.3539, 1.9324 1.677 0.3313, 1.9336 1.6789 0.3084, 1.9395 1.6802 0.2862, 1.9506 1.6811 0.2646, 1.9663 1.6807 0.2453, 1.9857 1.6793 0.2297, 2.008 1.6771 0.2188, 2.0309 1.6739 0.2129, 2.0535 1.6698 0.2115, 2.0757 1.6643 0.2142, 2.0966 1.6578 0.2205, 2.1153 1.6505 0.2301, 2.1312 1.6431 0.2418, 2.1442 1.6359 0.2548, 2.1546 1.6291 0.2687, 2.163 1.6215 0.2837, 2.1696 1.6137 0.2992, 2.1742 1.6069 0.3154, 2.1768 1.601 0.3319, 2.1774 1.5963 0.3483, 2.1758 1.5929 0.3648, 2.1718 1.5903 0.3819, 2.1645 1.5886 0.3992, 2.1534 1.5878 0.4159, 2.1391 1.588 0.4308, 2.1217 1.5886 0.4427, 2.1021 1.5898 0.4511, 2.0801 1.5899 0.4558, 2.0566 1.5915 0.4559, 2.0328 1.5923 0.4509, 2.0104 1.5929 0.4406, 1.9909 1.5928 0.4261, 1.9753 1.592 0.4083, 1.9634 1.59 0.387, 1.956 1.5866 0.3639, 1.9532 1.5818 0.3403, 1.9549 1.5761 0.3176, 1.9603 1.5699 0.2969, 1.9686 1.5631 0.2787, 1.9791 1.556 0.2626, 1.9917 1.5486 0.2485, 2.0058 1.5412 0.2368, 2.0208 1.5334 0.2275, 2.0356 1.5257 0.2204, 2.0506 1.5194 0.2153, 2.0663 1.5138 0.2118, 2.0831 1.509 0.2103, 2.1008 1.505 0.2113, 2.1185 1.5022 0.2147, 2.1359 1.5006 0.2212, 2.1521 1.5003 0.2306, 2.1673 1.5009 0.2435, 2.1804 1.5013 0.2606, 2.1903 1.5019 0.2809, 2.1961 1.5018 0.3033, 2.1972 1.5035 0.3265, 2.1935 1.5048 0.3493, 2.1846 1.5058 0.3715, 2.1711 1.5055 0.3921, 2.1534 1.5042 0.4095, 2.1322 1.5019 0.4227, 2.1097 1.4985 0.4311, 2.0872 1.4943 0.4346, 2.0652 1.489 0.4341, 2.044 1.4826 0.4299, 2.0244 1.4753 0.4223, 2.0073 1.4679 0.4122, 1.9928 1.4605 0.4004, 1.981 1.4536 0.3874, 1.9714 1.4462 0.3736, 1.9633 1.4385 0.3591, 1.9571 1.4317 0.3434, 1.9529 1.4257 0.3272, 1.9507 1.4209 0.3106, 1.9507 1.4174 0.2938, 1.9529 1.415 0.2768, 1.9583 1.4134 0.259, 1.9676 1.4126 0.2414, 1.9804 1.4127 0.225, 1.9969 1.4132 0.2112, 2.0158 1.4143 0.2008, 2.1631 1.7653 0.2446, 2.174 1.7641 0.2666, 2.1799 1.7618 0.2909, 2.1808 1.7583 0.3153, 2.177 1.7537 0.3385, 2.1694 1.7484 0.3591, 2.159 1.7424 0.3773, 2.1458 1.7352 0.3932, 2.1309 1.7278 0.4063, 2.1147 1.7203 0.4165, 2.0982 1.713 0.4238, 2.0819 1.7056 0.4285, 2.0662 1.6982 0.4314, 2.0498 1.6916 0.4324, 2.0331 1.6857 0.4314, 2.0163 1.6807 0.4282, 1.9998 1.6768 0.4224, 1.9843 1.6744 0.4149, 1.9697 1.6731 0.4045, 1.9561 1.6725 0.3906, 1.9446 1.6727 0.3733, 1.9366 1.673 0.353, 1.9326 1.6737 0.3311, 1.9331 1.674 0.3088, 1.938 1.676 0.2868, 1.9479 1.677 0.2652, 1.9628 1.6777 0.2455, 1.9816 1.6772 0.2292, 2.0032 1.676 0.2174, 2.0266 1.674 0.2107, 2.0498 1.671 0.2088, 2.0729 1.6666 0.2112, 2.0947 1.6609 0.2177, 2.1143 1.6544 0.2277, 2.1309 1.6471 0.2403, 2.1442 1.64 0.2542, 2.1546 1.633 0.2689, 2.1627 1.6259 0.2849, 2.1685 1.6181 0.3015, 2.1724 1.6102 0.318, 2.174 1.6035 0.3346, 2.1738 1.5978 0.3508, 2.1718 1.5934 0.3666, 2.1672 1.5897 0.3831, 2.1601 1.5869 0.3996, 2.1497 1.5851 0.4156, 2.1361 1.5844 0.4299, 2.1198 1.5848 0.4418, 2.1012 1.5857 0.4505, 2.0799 1.5866 0.4556, 2.0569 1.5865 0.4564, 2.0335 1.588 0.4524, 2.0111 1.5889 0.4433, 1.9913 1.5898 0.4295, 1.975 1.5899 0.4124, 1.9623 1.5889 0.3918, 1.954 1.5867 0.3684, 1.9506 1.5831 0.3442, 1.9521 1.5784 0.3206, 1.9576 1.5729 0.2989, 1.9662 1.567 0.2799, 1.9776 1.56 0.2631, 1.991 1.5526 0.2486, 2.006 1.5451 0.2368, 2.022 1.5377 0.2278, 2.038 1.5302 0.2214, 2.0532 1.5228 0.217, 2.0692 1.5164 0.2144, 2.0858 1.5105 0.2137, 2.1028 1.5055 0.2152, 2.1199 1.5016 0.2194, 2.1364 1.4989 0.2256, 2.152 1.4977 0.2344, 2.1666 1.4973 0.2467, 2.1796 1.4975 0.2625, 2.1897 1.4979 0.2819, 2.1959 1.4985 0.3035, 2.1977 1.4985 0.3261, 2.1949 1.5006 0.3485, 2.1873 1.5018 0.3706, 2.1746 1.5025 0.3915, 2.1575 1.502 0.4096, 2.1371 1.5007 0.4237, 2.1142 1.4986 0.4328, 2.0912 1.4956 0.437, 2.0683 1.4913 0.4368, 2.0461 1.4857 0.4325, 2.0257 1.4792 0.4246, 2.0078 1.4718 0.4137, 1.9929 1.4646 0.401, 1.981 1.4575 0.3872, 1.9716 1.4506 0.3724, 1.9642 1.4429 0.3567, 1.9587 1.435 0.3407, 1.9554 1.4282 0.3242, 1.954 1.4224 0.3078, 1.9545 1.4179 0.2916, 1.9574 1.4144 0.2751, 1.9627 1.4117 0.2582, 1.9714 1.41 0.2413, 1.9836 1.4091 0.2256, 1.9988 1.4094 0.2119, 2.0168 1.4102 0.2014, 2.037 1.4113 0.1943, 2.1637 1.7622 0.2412, 2.1753 1.762 0.2628, 2.1823 1.7606 0.2866, 2.1839 1.7584 0.3116, 2.1805 1.755 0.3355, 2.1729 1.7507 0.3571, 2.1621 1.7454 0.3761, 2.1484 1.7391 0.3927, 2.1324 1.7318 0.4063, 2.1154 1.7243 0.4166, 2.098 1.717 0.4237, 2.0809 1.71 0.4279, 2.0643 1.7027 0.4299, 2.0477 1.6949 0.4301, 2.031 1.6882 0.4281, 2.0147 1.6822 0.4241, 1.999 1.6773 0.4181, 1.9841 1.6738 0.41, 1.9703 1.6714 0.4002, 1.9573 1.6699 0.387, 1.9461 1.6691 0.3705, 1.9378 1.6692 0.3514, 1.9335 1.6697 0.3303, 1.9333 1.6707 0.3086, 1.9374 1.671 0.287, 1.9462 1.6728 0.2656, 1.9599 1.6736 0.2456, 1.9781 1.6742 0.2288, 1.9993 1.6738 0.2161, 2.0222 1.6729 0.2084, 2.0459 1.6711 0.2059, 2.0697 1.6678 0.2079, 2.0925 1.6631 0.2143, 2.1129 1.6574 0.2246, 2.1302 1.651 0.2377, 2.1441 1.644 0.2527, 2.1547 1.6371 0.2683, 2.1627 1.6298 0.2851, 2.168 1.6225 0.3025, 2.1709 1.6146 0.32, 2.1717 1.6068 0.3368, 2.1706 1.6003 0.3529, 2.1678 1.5949 0.3685, 2.1629 1.5902 0.3842, 2.1553 1.5863 0.4, 2.1453 1.5834 0.4151, 2.1324 1.5818 0.4289, 2.1169 1.5812 0.4405, 2.0995 1.5819 0.4493, 2.0791 1.5826 0.4548, 2.0568 1.5832 0.4562, 2.0338 1.5831 0.4529, 2.0116 1.5846 0.4449, 1.9915 1.5857 0.4324, 1.9748 1.5869 0.4158, 1.9613 1.5867 0.3958, 1.952 1.5855 0.3729, 1.9479 1.5832 0.3482, 1.9488 1.5797 0.3239, 1.9543 1.5752 0.3013, 1.9632 1.57 0.2814, 1.9751 1.5639 0.2638, 1.9895 1.5566 0.2488, 2.0054 1.5492 0.2368, 2.0222 1.5417 0.2279, 2.0391 1.5345 0.2219, 2.0554 1.5272 0.2183, 2.0715 1.5197 0.2165, 2.0881 1.513 0.2168, 2.1048 1.507 0.2191, 2.1212 1.5021 0.2235, 2.1371 1.4983 0.2303, 2.1518 1.496 0.2388, 2.1658 1.4946 0.2504, 2.1785 1.4939 0.2655, 2.1886 1.4941 0.2836, 2.1952 1.4944 0.3044, 2.1975 1.4952 0.3263, 2.1955 1.4956 0.3482, 2.1889 1.4975 0.3701, 2.1774 1.4984 0.3911, 2.161 1.499 0.4097, 2.1411 1.4986 0.4245, 2.1188 1.4975 0.4346, 2.0953 1.4957 0.4395, 2.0718 1.4925 0.4398, 2.0487 1.488 0.4357, 2.0273 1.4822 0.4275, 2.0087 1.4757 0.4162, 1.9932 1.4686 0.4025, 1.981 1.4616 0.3878, 1.9716 1.4545 0.3722, 1.9646 1.4473 0.3556, 1.96 1.4395 0.3385, 1.9574 1.4316 0.3218, 1.957 1.4249 0.3053, 1.9583 1.4194 0.2894, 1.9615 1.4149 0.2736, 1.9674 1.4111 0.2573, 1.9758 1.4083 0.2413, 1.9873 1.4065 0.2262, 2.0018 1.4058 0.213, 2.0185 1.4064 0.2024, 2.0379 1.4073 0.1951, 2.0597 1.408 0.1915, 2.1642 1.7582 0.2384, 2.1765 1.759 0.2595, 2.1843 1.7585 0.2831, 2.187 1.7572 0.3078, 2.1842 1.7551 0.3323, 2.1769 1.7519 0.3547, 2.1659 1.7477 0.3746, 2.1516 1.7422 0.392, 2.135 1.7357 0.4062, 2.1169 1.7283 0.4168, 2.0986 1.721 0.4239, 2.0807 1.7139 0.4278, 2.0633 1.707 0.4291, 2.046 1.6994 0.4282, 2.0294 1.6915 0.4254, 2.0133 1.6847 0.4205, 1.9981 1.6789 0.4139, 1.984 1.6743 0.4057, 1.9709 1.6708 0.3954, 1.9586 1.6682 0.3828, 1.9479 1.6665 0.3671, 1.9398 1.6656 0.3489, 1.935 1.6659 0.3289, 1.9343 1.6666 0.308, 1.9377 1.6677 0.2869, 1.9456 1.6678 0.2657, 1.9583 1.6694 0.2457, 1.9753 1.6701 0.2284, 1.996 1.6708 0.2151, 2.0185 1.6707 0.2066, 2.0419 1.67 0.2029, 2.0664 1.6679 0.2044, 2.0899 1.6644 0.2105, 2.1113 1.6597 0.2209, 2.1295 1.654 0.2345, 2.1439 1.6479 0.25, 2.1548 1.6411 0.2668, 2.1628 1.6339 0.2845, 2.1679 1.6264 0.3027, 2.1702 1.619 0.321, 2.1699 1.6113 0.3385, 2.168 1.6037 0.3547, 2.1643 1.5974 0.3701, 2.1587 1.5917 0.3854, 2.1509 1.5868 0.4004, 2.1405 1.5828 0.4147, 2.1281 1.5801 0.4278, 2.1135 1.5786 0.4389, 2.0969 1.5783 0.4475, 2.0777 1.5788 0.4534, 2.0561 1.5792 0.4553, 2.0336 1.5798 0.4527, 2.0117 1.5797 0.4455, 1.9917 1.5815 0.434, 1.9746 1.5828 0.4187, 1.9604 1.5837 0.3992, 1.9503 1.5834 0.3766, 1.9451 1.582 0.3523, 1.9455 1.5798 0.3274, 1.9506 1.5765 0.304, 1.9596 1.5723 0.2832, 1.9719 1.5669 0.2648, 1.9869 1.5605 0.2491, 2.0039 1.5531 0.2367, 2.0215 1.5458 0.2277, 2.0392 1.5385 0.222, 2.0564 1.5316 0.219, 2.0734 1.5241 0.2182, 2.09 1.5163 0.2193, 2.1066 1.5095 0.2225, 2.1225 1.5036 0.2277, 2.1376 1.4988 0.2347, 2.1516 1.4954 0.2436, 2.1649 1.4929 0.2547, 2.177 1.4913 0.269, 2.187 1.4905 0.2863, 2.1938 1.4906 0.3059, 2.1966 1.4912 0.327, 2.1952 1.4923 0.3484, 2.1895 1.4925 0.3699, 2.179 1.4942 0.3908, 2.1639 1.495 0.4098, 2.1445 1.4956 0.4252, 2.1226 1.4953 0.4361, 2.0996 1.4945 0.4421, 2.0755 1.4926 0.443, 2.0516 1.4892 0.4392, 2.0293 1.4845 0.4311, 2.0097 1.4788 0.4193, 1.9936 1.4725 0.4051, 1.981 1.4656 0.3894, 1.9715 1.4586 0.3729, 1.9647 1.4512 0.3554, 1.9606 1.4438 0.3375, 1.959 1.436 0.3199, 1.9594 1.4283 0.3033, 1.9616 1.4219 0.2875, 1.9655 1.4164 0.2721, 1.9717 1.4116 0.2565, 1.9806 1.4077 0.2412, 1.9916 1.4048 0.2269, 2.0054 1.4032 0.2142, 2.0213 1.4028 0.2039, 2.0395 1.4035 0.1963, 2.0605 1.404 0.1923, 2.083 1.4046 0.1926, 2.1645 1.754 0.2368, 2.1775 1.7549 0.2568, 2.1861 1.7555 0.28, 2.1897 1.7551 0.3046, 2.188 1.7539 0.3291, 2.1811 1.752 0.3522, 2.1702 1.749 0.373, 2.1556 1.7444 0.3913, 2.1384 1.7387 0.4062, 2.1195 1.7322 0.4172, 2.1 1.725 0.4244, 2.0813 1.718 0.4281, 2.0632 1.711 0.429, 2.0452 1.7038 0.4273, 2.0281 1.696 0.4233, 2.0121 1.688 0.4176, 1.9973 1.6814 0.4101, 1.9839 1.6758 0.4013, 1.9715 1.6713 0.391, 1.9601 1.6676 0.3782, 1.9499 1.6648 0.3632, 1.9421 1.663 0.3459, 1.9373 1.6623 0.3268, 1.936 1.6628 0.3069, 1.9387 1.6637 0.2865, 1.9459 1.6645 0.2657, 1.9576 1.6644 0.2457, 1.9737 1.6659 0.2282, 1.9933 1.6668 0.2143, 2.0154 1.6677 0.205, 2.0386 1.6678 0.2005, 2.063 1.6668 0.2008, 2.0873 1.6645 0.2064, 2.1095 1.6609 0.2166, 2.1285 1.6563 0.2305, 2.1437 1.6509 0.2467, 2.1551 1.645 0.2642, 2.1632 1.6379 0.283, 2.1682 1.6305 0.3022, 2.1701 1.6229 0.3211, 2.1691 1.6156 0.3393, 2.1659 1.6081 0.3561, 2.1615 1.6008 0.3714, 2.155 1.5943 0.3863, 2.1466 1.5884 0.4008, 2.1361 1.5833 0.4143, 2.1235 1.5795 0.4265, 2.1095 1.5769 0.437, 2.0938 1.5757 0.4453, 2.0754 1.5752 0.4511, 2.0549 1.5754 0.4536, 2.0332 1.5757 0.4517, 2.0117 1.5764 0.4452, 1.9918 1.5765 0.4346, 1.9744 1.5786 0.4203, 1.9598 1.5797 0.4019, 1.9489 1.5803 0.3798, 1.9429 1.5799 0.3557, 1.942 1.5786 0.3309, 1.9466 1.5766 0.3069, 1.9554 1.5736 0.2853, 1.968 1.5692 0.266, 1.9836 1.5636 0.2495, 2.0012 1.557 0.2366, 2.0201 1.5497 0.2274, 2.0387 1.5425 0.2217, 2.0565 1.5355 0.2191, 2.0742 1.5285 0.219, 2.0916 1.5208 0.2213, 2.108 1.5129 0.2253, 2.1237 1.5061 0.2314, 2.1382 1.5004 0.239, 2.1514 1.4959 0.248, 2.1639 1.4923 0.2594, 2.1754 1.4896 0.2731, 2.1849 1.4878 0.2895, 2.1916 1.487 0.3082, 2.195 1.4874 0.3283, 2.1942 1.4882 0.3489, 2.1892 1.4892 0.37, 2.1797 1.4892 0.3907, 2.1655 1.4907 0.4098, 2.1473 1.4915 0.4258, 2.1258 1.4923 0.4374, 2.1031 1.4924 0.4442, 2.0792 1.4915 0.4462, 2.0547 1.4893 0.443, 2.0316 1.4858 0.4351, 2.0111 1.4811 0.4232, 1.9941 1.4755 0.4084, 1.981 1.4695 0.392, 1.9712 1.4626 0.3744, 1.9644 1.4553 0.356, 1.9607 1.4478 0.3373, 1.9598 1.4404 0.319, 1.9613 1.4327 0.3017, 1.9644 1.4253 0.2859, 1.9692 1.419 0.2707, 1.976 1.4132 0.2557, 1.985 1.4082 0.2412, 1.9964 1.4042 0.2277, 2.0095 1.4015 0.2157, 2.0246 1.4002 0.2058, 2.042 1.3998 0.1983, 2.0618 1.4002 0.1938, 2.0836 1.4005 0.1936, 2.1058 1.4011 0.1978, 2.1646 1.749 0.2361, 2.178 1.7507 0.2552, 2.1875 1.7514 0.2776, 2.1919 1.7521 0.302, 2.1911 1.7518 0.3265, 2.1854 1.7509 0.3497, 2.1747 1.7491 0.3712, 2.1602 1.7457 0.3904, 2.1424 1.741 0.4061, 2.1228 1.7353 0.4178, 2.1025 1.7289 0.4253, 2.0826 1.722 0.4289, 2.0637 1.715 0.4294, 2.0451 1.7077 0.4271, 2.0274 1.7003 0.4222, 2.0112 1.6925 0.4152, 1.9967 1.6847 0.407, 1.9837 1.6783 0.3974, 1.9721 1.6729 0.3867, 1.9614 1.6681 0.374, 1.9522 1.6642 0.359, 1.9448 1.6613 0.3424, 1.9401 1.6597 0.3243, 1.9387 1.6592 0.3052, 1.9406 1.6599 0.2857, 1.947 1.6605 0.2654, 1.9579 1.6611 0.2457, 1.973 1.6609 0.2281, 1.9917 1.6625 0.2138, 2.0129 1.6637 0.2037, 2.0358 1.6648 0.1984, 2.0601 1.6646 0.1978, 2.0845 1.6633 0.2023, 2.1075 1.661 0.2122, 2.1275 1.6576 0.226, 2.1434 1.6532 0.2427, 2.1554 1.648 0.2609, 2.164 1.6418 0.2805, 2.1689 1.6345 0.3008, 2.1704 1.627 0.3206, 2.1689 1.6196 0.3395, 2.1649 1.6125 0.3568, 2.1592 1.6052 0.3724, 2.1519 1.5976 0.3872, 2.1427 1.5909 0.4011, 2.1318 1.5849 0.4139, 2.1193 1.5799 0.4253, 2.1052 1.5763 0.435, 2.0901 1.574 0.4428, 2.0727 1.5725 0.4485, 2.0531 1.5718 0.451, 2.0323 1.5719 0.4498, 2.0114 1.5723 0.4441, 1.9917 1.5732 0.4344, 1.9744 1.5736 0.421, 1.9594 1.5754 0.4035, 1.9478 1.5763 0.3824, 1.9409 1.5769 0.3586, 1.9392 1.5765 0.3339, 1.9426 1.5754 0.3098, 1.9511 1.5737 0.2875, 1.9636 1.5705 0.2673, 1.9795 1.5658 0.25, 1.9979 1.5601 0.2364, 2.0175 1.5536 0.2268, 2.0373 1.5465 0.2211, 2.056 1.5396 0.2188, 2.0744 1.5324 0.2192, 2.0923 1.5252 0.2223, 2.1092 1.5173 0.2276, 2.1246 1.5094 0.2344, 2.1387 1.5029 0.2428, 2.1513 1.4974 0.2523, 2.163 1.4928 0.2637, 2.1736 1.489 0.2776, 2.1826 1.4861 0.2933, 2.1891 1.4844 0.311, 2.1925 1.4838 0.3303, 2.1924 1.4844 0.3499, 2.1882 1.4852 0.3703, 2.1794 1.4859 0.3908, 2.1661 1.4858 0.4098, 2.1489 1.4873 0.4261, 2.1285 1.4883 0.4384, 2.1061 1.4894 0.446, 2.0823 1.4893 0.4489, 2.0578 1.4882 0.4468, 2.034 1.4859 0.4393, 2.0126 1.4823 0.4275, 1.9948 1.4778 0.4124, 1.981 1.4725 0.3953, 1.9708 1.4665 0.377, 1.9639 1.4593 0.3574, 1.9604 1.4519 0.3379, 1.96 1.4443 0.3188, 1.9622 1.4371 0.3009, 1.9665 1.4297 0.2846, 1.9721 1.4223 0.2696, 1.9798 1.4157 0.255, 1.9893 1.4097 0.2411, 2.0007 1.4047 0.2284, 2.0141 1.4009 0.2173, 2.0285 1.3985 0.2079, 2.0449 1.3972 0.2007, 2.0639 1.3966 0.1962, 2.0847 1.3967 0.1953, 2.1062 1.3971 0.1989, 2.127 1.3978 0.2068, 2.1645 1.7457 0.2364, 2.1782 1.7457 0.2546, 2.1883 1.7472 0.2761, 2.1937 1.748 0.2998, 2.1938 1.7488 0.3242, 2.1889 1.7487 0.3476, 2.1794 1.7479 0.3695, 2.1649 1.7458 0.3894, 2.147 1.7423 0.406, 2.1268 1.7375 0.4184, 2.1057 1.732 0.4264, 2.0849 1.7259 0.4301, 2.0648 1.719 0.4303, 2.0455 1.7118 0.4276, 2.0273 1.7043 0.4221, 2.0108 1.6969 0.4141, 1.9962 1.6892 0.4045, 1.9836 1.6817 0.3943, 1.9726 1.6754 0.3829, 1.9627 1.6696 0.3698, 1.9542 1.6647 0.3551, 1.9478 1.6607 0.3386, 1.9434 1.658 0.3213, 1.9419 1.6566 0.3032, 1.9436 1.6563 0.2845, 1.949 1.6566 0.2649, 1.9591 1.657 0.2457, 1.9733 1.6576 0.2281, 1.9911 1.6576 0.2136, 2.0114 1.6594 0.203, 2.0335 1.6608 0.1967, 2.0577 1.6616 0.1953, 2.0823 1.6612 0.1989, 2.1056 1.6599 0.2076, 2.1263 1.6577 0.2213, 2.1432 1.6544 0.2381, 2.1558 1.6503 0.2568, 2.1649 1.6448 0.2772, 2.17 1.6384 0.2984, 2.1713 1.631 0.3194, 2.1694 1.6236 0.339, 2.1648 1.6164 0.3569, 2.1581 1.6096 0.373, 2.1495 1.602 0.3878, 2.1396 1.5942 0.4014, 2.1279 1.5874 0.4136, 2.1151 1.5815 0.4242, 2.1012 1.5768 0.4331, 2.0862 1.5734 0.4401, 2.0695 1.5708 0.4454, 2.0509 1.5692 0.4479, 2.0309 1.5683 0.4469, 2.0108 1.5685 0.4422, 1.9916 1.5691 0.4332, 1.9744 1.5703 0.4207, 1.9592 1.5704 0.4042, 1.9471 1.5721 0.3839, 1.9393 1.5728 0.3609, 1.9368 1.5735 0.3364, 1.9393 1.5733 0.3122, 1.9467 1.5725 0.2897, 1.9589 1.5706 0.2687, 1.975 1.5671 0.2505, 1.9939 1.5624 0.2361, 2.0143 1.5567 0.226, 2.0348 1.5504 0.2201, 2.0547 1.5436 0.2179, 2.0739 1.5365 0.2188, 2.0924 1.5291 0.2224, 2.1097 1.5217 0.2286, 2.1253 1.5139 0.2368, 2.1391 1.5062 0.246, 2.1511 1.5 0.2562, 2.1621 1.4944 0.2679, 2.172 1.4895 0.2816, 2.18 1.4855 0.2973, 2.1862 1.4827 0.3143, 2.1895 1.4812 0.3326, 2.1896 1.4808 0.3514, 2.1862 1.4814 0.371, 2.1783 1.4819 0.391, 2.1659 1.4824 0.4098, 2.1495 1.4823 0.4262, 2.13 1.484 0.439, 2.1085 1.4853 0.4474, 2.085 1.4863 0.4511, 2.0604 1.486 0.45, 2.0364 1.4847 0.4437, 2.0142 1.4824 0.4321, 1.9955 1.479 0.417, 1.981 1.4748 0.3994, 1.9702 1.4695 0.3803, 1.963 1.4632 0.3599, 1.9596 1.4558 0.3392, 1.9595 1.4484 0.3193, 1.9624 1.441 0.3008, 1.9676 1.4341 0.284, 1.9745 1.4267 0.2687, 1.9829 1.419 0.2544, 1.9932 1.4122 0.2411, 2.005 1.4063 0.2292, 2.0182 1.4014 0.2188, 2.0327 1.3979 0.2103, 2.0484 1.3955 0.2035, 2.0664 1.394 0.1991, 2.0863 1.3931 0.198, 2.1069 1.3933 0.2008, 2.1272 1.3938 0.2079, 2.1458 1.3948 0.2189, 2.1643 1.7416 0.2375, 2.1781 1.7424 0.2549, 2.1886 1.7422 0.2756, 2.1948 1.7438 0.2985, 2.1959 1.7447 0.3224, 2.1919 1.7457 0.3459, 2.1832 1.7458 0.368, 2.1698 1.7446 0.3885, 2.1519 1.7424 0.4059, 2.1314 1.7388 0.4192, 2.1095 1.7342 0.4277, 2.0878 1.7289 0.4318, 2.0669 1.7229 0.432, 2.0465 1.7157 0.4287, 2.0277 1.7083 0.4226, 2.0107 1.7008 0.4139, 1.9959 1.6935 0.4034, 1.9836 1.6861 0.3918, 1.9731 1.6787 0.3798, 1.9639 1.6721 0.3662, 1.9562 1.6662 0.3512, 1.9504 1.6612 0.3352, 1.947 1.6574 0.318, 1.9456 1.6549 0.3008, 1.947 1.6537 0.283, 1.9521 1.653 0.2642, 1.9611 1.6532 0.2456, 1.9744 1.6536 0.2283, 1.9913 1.6543 0.2137, 2.0108 1.6545 0.2027, 2.0322 1.6565 0.1957, 2.0558 1.6576 0.1932, 2.0803 1.6582 0.196, 2.1039 1.6577 0.2039, 2.1252 1.6565 0.2165, 2.1428 1.6546 0.2332, 2.1563 1.6515 0.2522, 2.166 1.6471 0.2733, 2.1715 1.6414 0.2954, 2.1729 1.6349 0.3173, 2.1705 1.6276 0.338, 2.1653 1.6205 0.3566, 2.1579 1.6135 0.373, 2.1484 1.6064 0.3881, 2.1371 1.5986 0.4016, 2.1248 1.5907 0.4133, 2.1114 1.584 0.4232, 2.0973 1.5783 0.4313, 2.0826 1.5739 0.4376, 2.0661 1.5702 0.442, 2.0483 1.5675 0.4443, 2.0293 1.5657 0.4435, 2.01 1.5649 0.4391, 1.9914 1.5653 0.4312, 1.9745 1.5662 0.4195, 1.9593 1.5671 0.4039, 1.9469 1.5671 0.3845, 1.9384 1.5686 0.3623, 1.9348 1.5694 0.3384, 1.9365 1.5703 0.3143, 1.943 1.5704 0.2915, 1.9542 1.5694 0.2701, 1.9701 1.5672 0.2511, 1.9892 1.5636 0.2359, 2.0103 1.5589 0.225, 2.0318 1.5535 0.2187, 2.0525 1.5475 0.2165, 2.0728 1.5405 0.2177, 2.092 1.5332 0.2219, 2.1098 1.5256 0.2288, 2.1257 1.5183 0.2379, 2.1394 1.5107 0.2484, 2.151 1.5033 0.2594, 2.1613 1.4969 0.2717, 2.1703 1.491 0.2856, 2.1777 1.486 0.3011, 2.1829 1.4821 0.3179, 2.186 1.4794 0.3353, 2.1863 1.4782 0.3532, 2.1832 1.4778 0.372, 2.1762 1.4781 0.3913, 2.1647 1.4784 0.4098, 2.1493 1.479 0.4262, 2.1306 1.479 0.4393, 2.1099 1.4811 0.4483, 2.0871 1.4823 0.453, 2.0626 1.483 0.4527, 2.0384 1.4826 0.4472, 2.0158 1.4813 0.4368, 1.9963 1.4791 0.4217, 1.9809 1.4761 0.404, 1.9695 1.4718 0.3843, 1.9619 1.4662 0.363, 1.9583 1.4597 0.3415, 1.9586 1.4524 0.3205, 1.9619 1.4451 0.3012, 1.9677 1.438 0.2839, 1.9756 1.4311 0.2683, 1.9854 1.4235 0.2539, 1.9963 1.4156 0.2411, 2.0088 1.4088 0.2298, 2.0223 1.403 0.2202, 2.0365 1.3984 0.2124, 2.0521 1.3949 0.2065, 2.0693 1.3923 0.2024, 2.0883 1.3905 0.2013, 2.1081 1.3897 0.2037, 2.1276 1.39 0.2099, 2.1459 1.3907 0.22, 2.1622 1.3918 0.2338, 2.164 1.7378 0.2396, 2.1778 1.7383 0.256, 2.1885 1.7389 0.2758, 2.1952 1.7388 0.298, 2.1972 1.7405 0.3213, 2.1943 1.7417 0.3444, 2.1864 1.7428 0.3667, 2.1738 1.7425 0.3877, 2.1569 1.7412 0.4059, 2.1361 1.7389 0.4199, 2.1139 1.7355 0.4292, 2.0914 1.7312 0.4337, 2.0695 1.726 0.4341, 2.0483 1.7197 0.4307, 2.0285 1.7123 0.4239, 2.0109 1.7049 0.4145, 1.9959 1.6975 0.4032, 1.9835 1.6905 0.3906, 1.9734 1.6832 0.3773, 1.9648 1.6755 0.3632, 1.958 1.6687 0.3478, 1.9531 1.6627 0.3317, 1.9502 1.6578 0.3151, 1.9497 1.6543 0.2982, 1.9511 1.652 0.2813, 1.9558 1.6504 0.2634, 1.9643 1.6496 0.2454, 1.9765 1.6498 0.2285, 1.9924 1.6502 0.214, 2.0111 1.6512 0.2028, 2.0317 1.6515 0.1954, 2.0546 1.6533 0.192, 2.0787 1.6541 0.1936, 2.1026 1.6547 0.2007, 2.1242 1.6544 0.2125, 2.1425 1.6534 0.2283, 2.1568 1.6516 0.2474, 2.1672 1.6483 0.2689, 2.1732 1.6437 0.2917, 2.1748 1.6379 0.3146, 2.1724 1.6315 0.3362, 2.1665 1.6245 0.3557, 2.1585 1.6176 0.3728, 2.1482 1.6103 0.3882, 2.1359 1.603 0.4017, 2.1223 1.5952 0.413, 2.1083 1.5873 0.4223, 2.0938 1.5808 0.4296, 2.079 1.5754 0.4351, 2.063 1.5707 0.4389, 2.0455 1.5669 0.4404, 2.0274 1.564 0.4395, 2.009 1.5623 0.4354, 1.9911 1.5617 0.428, 1.9746 1.5624 0.4175, 1.9596 1.5631 0.4028, 1.947 1.5638 0.3843, 1.938 1.5636 0.3628, 1.9336 1.5652 0.3396, 1.9342 1.5662 0.316, 1.9399 1.5674 0.2931, 1.9503 1.5673 0.2713, 1.9652 1.566 0.2517, 1.9844 1.5637 0.2356, 2.0058 1.5602 0.224, 2.028 1.5557 0.2171, 2.0497 1.5505 0.2147, 2.0709 1.5444 0.2159, 2.0911 1.5371 0.2207, 2.1095 1.5297 0.2283, 2.1258 1.5222 0.2381, 2.1396 1.515 0.2496, 2.1509 1.5077 0.2619, 2.1607 1.5002 0.2748, 2.1689 1.4935 0.2892, 2.1754 1.4876 0.3047, 2.18 1.4826 0.3211, 2.1822 1.4788 0.3383, 2.1824 1.4765 0.3553, 2.1796 1.4752 0.3732, 2.1731 1.4744 0.3918, 2.1627 1.4746 0.4098, 2.1481 1.475 0.426, 2.1304 1.4757 0.4392, 2.1105 1.4761 0.4486, 2.0884 1.478 0.4541, 2.0645 1.479 0.4549, 2.0401 1.4796 0.4503, 2.0172 1.4791 0.4407, 1.9971 1.478 0.4266, 1.9809 1.4762 0.4089, 1.9687 1.4731 0.3888, 1.9605 1.4685 0.3669, 1.9566 1.4628 0.3444, 1.9569 1.4563 0.3225, 1.9608 1.4491 0.3021, 1.9672 1.4421 0.2842, 1.9758 1.435 0.2682, 1.9865 1.4278 0.2537, 1.9989 1.42 0.241, 2.0119 1.4121 0.2303, 2.0259 1.4055 0.2215, 2.0403 1.3999 0.2145, 2.0555 1.3954 0.2092, 2.0725 1.3917 0.206, 2.0906 1.3888 0.205, 2.1094 1.3871 0.2073, 2.1282 1.3864 0.213, 2.1459 1.3869 0.2221, 2.162 1.3878 0.235, 2.1762 1.3886 0.2519, 2.1635 1.7342 0.2427, 2.1771 1.7345 0.2579, 2.1879 1.7349 0.2768, 2.195 1.7355 0.2982, 2.1977 1.7355 0.3209, 2.1958 1.7374 0.3436, 2.1891 1.7387 0.3657, 2.1772 1.7395 0.387, 2.1609 1.7391 0.4058, 2.141 1.7377 0.4207, 2.1185 1.7356 0.4308, 2.0954 1.7324 0.4359, 2.0727 1.7282 0.4366, 2.0505 1.7227 0.4332, 2.0298 1.7162 0.4261, 2.0115 1.7088 0.4159, 1.996 1.7016 0.4038, 1.9835 1.6944 0.3904, 1.9736 1.6875 0.3761, 1.9656 1.6799 0.3608, 1.9595 1.672 0.345, 1.9555 1.6652 0.3287, 1.9535 1.6594 0.3122, 1.9534 1.6548 0.2959, 1.9556 1.6514 0.2794, 1.9601 1.6487 0.2624, 1.9681 1.647 0.2452, 1.9796 1.6462 0.2289, 1.9944 1.6464 0.2146, 2.0121 1.6471 0.2033, 2.0319 1.6482 0.1955, 2.0542 1.6483 0.1916, 2.0778 1.6499 0.1923, 2.1014 1.6507 0.1981, 2.1234 1.6514 0.2091, 2.1423 1.6513 0.2242, 2.1573 1.6505 0.2425, 2.1685 1.6485 0.2642, 2.1753 1.6449 0.2876, 2.1772 1.6402 0.3113, 2.1748 1.6346 0.3338, 2.1687 1.6284 0.3542, 2.1599 1.6216 0.3721, 2.1488 1.6144 0.388, 2.1357 1.607 0.4017, 2.1211 1.5995 0.4129, 2.1059 1.5918 0.4217, 2.0909 1.5842 0.4283, 2.0758 1.5779 0.4329, 2.0599 1.5723 0.4359, 2.043 1.5673 0.4368, 2.0253 1.5634 0.4352, 2.0078 1.5606 0.4312, 1.9907 1.5591 0.4243, 1.9749 1.5588 0.4143, 1.96 1.5593 0.4008, 1.9474 1.5597 0.3832, 1.9382 1.5603 0.3626, 1.9332 1.5602 0.3401, 1.9329 1.562 0.3169, 1.9373 1.5633 0.2944, 1.9469 1.5642 0.2723, 1.9611 1.5639 0.2522, 1.9794 1.5626 0.2353, 2.0011 1.5603 0.2229, 2.0238 1.557 0.2153, 2.0463 1.5528 0.2125, 2.0684 1.5474 0.2137, 2.0895 1.541 0.2186, 2.1088 1.5337 0.2269, 2.1256 1.5263 0.2375, 2.1396 1.519 0.2498, 2.1509 1.5121 0.2631, 2.1601 1.5047 0.2773, 2.1677 1.4969 0.2922, 2.1734 1.4901 0.308, 2.1771 1.4841 0.3244, 2.1788 1.4793 0.341, 2.1782 1.4759 0.3576, 2.1754 1.4735 0.3746, 2.1693 1.4718 0.3923, 2.1595 1.471 0.4097, 2.1461 1.4712 0.4255, 2.1293 1.4717 0.4387, 2.1102 1.4728 0.4485, 2.0889 1.4731 0.4545, 2.0655 1.4747 0.4562, 2.0415 1.4755 0.4528, 2.0183 1.4761 0.444, 1.9978 1.4758 0.4307, 1.9809 1.475 0.4138, 1.9678 1.4732 0.3936, 1.9589 1.4698 0.3712, 1.9546 1.465 0.3479, 1.9547 1.4593 0.325, 1.9587 1.453 0.3038, 1.9659 1.4461 0.285, 1.9752 1.4391 0.2684, 1.9867 1.4318 0.2537, 2.0001 1.4244 0.241, 2.0144 1.4166 0.2307, 2.0289 1.4088 0.2226, 2.0437 1.4024 0.2164, 2.0589 1.397 0.2119, 2.0754 1.3922 0.2093, 2.0931 1.3882 0.2092, 2.111 1.3854 0.2114, 2.129 1.3837 0.2167, 2.146 1.3833 0.2253, 2.1617 1.384 0.237, 2.1759 1.3845 0.253, 2.1871 1.3851 0.2725, 2.1628 1.7316 0.2464, 2.176 1.7309 0.2609, 2.1869 1.7311 0.2786, 2.1943 1.7314 0.2991, 2.1975 1.7322 0.3211, 2.1963 1.7325 0.3432, 2.1906 1.7345 0.3651, 2.18 1.7354 0.3865, 2.1644 1.736 0.4057, 2.1451 1.7356 0.4214, 2.1231 1.7344 0.4324, 2.0997 1.7325 0.4383, 2.0763 1.7295 0.4394, 2.0532 1.725 0.4362, 2.0316 1.7193 0.429, 2.0124 1.7128 0.4184, 1.9963 1.7055 0.4053, 1.9835 1.6985 0.391, 1.9736 1.6915 0.3759, 1.966 1.6843 0.3596, 1.9607 1.6765 0.3428, 1.9574 1.6686 0.3262, 1.9563 1.6619 0.3096, 1.957 1.6563 0.2935, 1.9596 1.6518 0.2777, 1.9648 1.6481 0.2613, 1.9725 1.6453 0.245, 1.9834 1.6435 0.2294, 1.9974 1.6428 0.2156, 2.0139 1.6433 0.2042, 2.0328 1.6442 0.1962, 2.0544 1.645 0.1918, 2.0775 1.6449 0.1917, 2.1008 1.6464 0.1966, 2.1227 1.6473 0.2063, 2.142 1.6482 0.2207, 2.1577 1.6483 0.2384, 2.1699 1.6473 0.2594, 2.1774 1.645 0.2832, 2.1799 1.6415 0.3075, 2.1777 1.6368 0.331, 2.1715 1.6314 0.3524, 2.1623 1.6255 0.371, 2.1502 1.6184 0.3876, 2.1363 1.611 0.4016, 2.1209 1.6035 0.4129, 2.1047 1.5962 0.4213, 2.0886 1.5886 0.4272, 2.0732 1.5813 0.4311, 2.0571 1.5748 0.4332, 2.0404 1.5689 0.4333, 2.0235 1.5639 0.4312, 2.0065 1.56 0.4265, 1.9903 1.5574 0.4199, 1.9751 1.5562 0.4105, 1.9608 1.5557 0.3977, 1.9483 1.5559 0.3814, 1.9388 1.5562 0.3617, 1.9334 1.5569 0.3399, 1.9324 1.557 0.3173, 1.9359 1.5591 0.2951, 1.9442 1.5602 0.2732, 1.9577 1.5609 0.2526, 1.9754 1.5604 0.2351, 1.9963 1.5591 0.2217, 2.0193 1.5571 0.2134, 2.0424 1.5541 0.21, 2.0654 1.5497 0.2109, 2.0875 1.5441 0.216, 2.1076 1.5376 0.2246, 2.1251 1.5302 0.2361, 2.1395 1.5231 0.2492, 2.1509 1.516 0.2633, 2.1599 1.509 0.2784, 2.1668 1.5013 0.2945, 2.1717 1.4934 0.3107, 2.1745 1.4866 0.3272, 2.1753 1.4809 0.3436, 2.1743 1.4764 0.3597, 2.1709 1.4729 0.3762, 2.165 1.4701 0.393, 2.1557 1.4684 0.4096, 2.143 1.4675 0.4249, 2.1274 1.4679 0.438, 2.1092 1.4687 0.4479, 2.0886 1.4697 0.4543, 2.0659 1.4697 0.4567, 2.0423 1.4713 0.4542, 2.0193 1.4721 0.4467, 1.9983 1.4728 0.4341, 1.9808 1.4729 0.4179, 1.967 1.472 0.3985, 1.9573 1.4699 0.3758, 1.9523 1.4663 0.3519, 1.9521 1.4616 0.3281, 1.9562 1.456 0.306, 1.9636 1.45 0.2863, 1.9738 1.4431 0.269, 1.9861 1.4358 0.2538, 2.0003 1.4283 0.241, 2.0156 1.4209 0.2309, 2.0313 1.4132 0.2234, 2.0465 1.4058 0.2179, 2.0619 1.3995 0.2144, 2.0783 1.3937 0.2126, 2.0953 1.3887 0.2129, 2.1128 1.3848 0.2159, 2.1298 1.382 0.2211, 2.1461 1.3807 0.229, 2.1613 1.3804 0.2401, 2.1752 1.3807 0.2549, 2.1866 1.3811 0.2735, 2.1943 1.3817 0.2947, 2.1621 1.7299 0.2508, 2.1747 1.7283 0.2645, 2.1853 1.7275 0.2814, 2.193 1.7276 0.3007, 2.1966 1.7281 0.3218, 2.1961 1.7292 0.3434, 2.1912 1.7295 0.3649, 2.1816 1.7312 0.3862, 2.1673 1.732 0.4057, 2.1485 1.7326 0.4219, 2.127 1.7323 0.4338, 2.104 1.7314 0.4407, 2.0801 1.7296 0.4425, 2.0563 1.7262 0.4397, 2.0337 1.7215 0.4324, 2.0137 1.7158 0.4215, 1.9969 1.7094 0.4079, 1.9836 1.7025 0.3925, 1.9735 1.6956 0.3765, 1.966 1.6882 0.3594, 1.9612 1.6809 0.3417, 1.959 1.673 0.3242, 1.9587 1.6652 0.3075, 1.9603 1.6588 0.2915, 1.9636 1.6534 0.276, 1.9691 1.6486 0.2603, 1.9773 1.6447 0.2447, 1.9878 1.6418 0.23, 2.0011 1.6402 0.2167, 2.0168 1.6397 0.2057, 2.0345 1.6404 0.1974, 2.0552 1.641 0.1926, 2.0776 1.6416 0.192, 2.1005 1.6415 0.196, 2.1224 1.6431 0.2047, 2.1419 1.6442 0.2178, 2.1581 1.6453 0.2349, 2.171 1.6452 0.2555, 2.1795 1.6439 0.2787, 2.1828 1.6416 0.3036, 2.181 1.6381 0.3278, 2.1748 1.6337 0.3501, 2.1653 1.6285 0.3696, 2.1528 1.6223 0.3869, 2.1378 1.615 0.4015, 2.1215 1.6076 0.413, 2.1045 1.6001 0.4213, 2.0875 1.593 0.4267, 2.0712 1.5857 0.4297, 2.0548 1.5781 0.431, 2.0382 1.5714 0.4301, 2.0216 1.5654 0.4273, 2.0054 1.5605 0.4223, 1.9899 1.5568 0.4151, 1.9754 1.5545 0.4061, 1.9617 1.5531 0.394, 1.9496 1.5523 0.3784, 1.94 1.5524 0.36, 1.9342 1.5528 0.3391, 1.9326 1.5537 0.3171, 1.9353 1.5541 0.2954, 1.9426 1.556 0.2736, 1.9549 1.5568 0.2529, 1.9719 1.5574 0.2349, 1.9923 1.557 0.2208, 2.0148 1.5559 0.2114, 2.0383 1.5542 0.2074, 2.062 1.551 0.2078, 2.085 1.5464 0.2127, 2.1061 1.5406 0.2216, 2.1243 1.5342 0.2336, 2.1393 1.527 0.2477, 2.1509 1.5201 0.2626, 2.1599 1.513 0.2786, 2.1663 1.5057 0.2956, 2.1704 1.4979 0.3128, 2.1724 1.49 0.3296, 2.1723 1.4834 0.346, 2.1705 1.4779 0.3617, 2.1667 1.4733 0.3776, 2.1602 1.4695 0.3937, 2.1513 1.4667 0.4095, 2.1393 1.4649 0.4242, 2.1244 1.4643 0.4368, 2.1075 1.4649 0.4468, 2.0878 1.4657 0.4536, 2.0657 1.4664 0.4564, 2.0426 1.4663 0.4548, 2.0198 1.4678 0.4482, 1.9988 1.4688 0.4369, 1.9808 1.4699 0.4214, 1.9663 1.4699 0.4025, 1.9556 1.4687 0.3804, 1.9498 1.4664 0.3561, 1.9491 1.4629 0.3317, 1.953 1.4583 0.3086, 1.9607 1.453 0.288, 1.9713 1.447 0.2699, 1.9846 1.4398 0.2541, 1.9996 1.4324 0.241, 2.0158 1.4249 0.231, 2.0324 1.4176 0.2238, 2.0486 1.4102 0.2192, 2.0644 1.4028 0.2163, 2.0808 1.3962 0.2155, 2.0976 1.3903 0.2166, 2.1143 1.3852 0.22, 2.1307 1.3814 0.2258, 2.1462 1.379 0.2335, 2.1608 1.3777 0.2439, 2.1743 1.3771 0.258, 2.1856 1.3773 0.2753, 2.1935 1.3776 0.2956, 2.1974 1.3783 0.3176, 2.1301 0.2162 0.2084, 2.1303 0.2122 0.2096, 2.1095 0.2155 0.2, 2.1102 0.2117 0.2019, 2.0881 0.2151 0.1959, 2.0897 0.2115 0.1987, 2.0674 0.215 0.1963, 2.0698 0.2123 0.1992, 2.0482 0.2156 0.2002, 2.0515 0.2139 0.2031, 2.0314 0.217 0.207, 2.0356 0.2164 0.2095, 2.0169 0.2193 0.216, 2.021 0.2198 0.2176, 2.0033 0.2231 0.2267, 2.0076 0.2246 0.2276, 1.9916 0.2281 0.2391, 1.9955 0.2306 0.2392, 1.9817 0.2341 0.2527, 1.9848 0.2374 0.2522, 1.9736 0.2407 0.2672, 1.976 0.2451 0.2663, 1.9676 0.2482 0.2821, 1.9686 0.2526 0.2815, 1.9629 0.2555 0.2982, 1.963 0.2594 0.2981, 1.9601 0.2627 0.316, 1.9597 0.2668 0.3165, 1.96 0.2702 0.335, 1.9592 0.2742 0.3363, 1.9631 0.2777 0.3547, 1.9621 0.2816 0.3571, 1.9694 0.2849 0.3745, 1.9687 0.2879 0.3777, 1.9792 0.291 0.3932, 1.9791 0.2933 0.3972, 1.9925 0.2962 0.4105, 1.9931 0.2975 0.4151, 2.0098 0.3007 0.4261, 2.0113 0.3008 0.4307, 2.0308 0.3042 0.4385, 2.0331 0.3031 0.4428, 2.0545 0.3065 0.4466, 2.057 0.3044 0.4498, 2.079 0.3077 0.4493, 2.0816 0.3047 0.4516, 2.1029 0.3078 0.447, 2.1053 0.3038 0.4485, 2.1255 0.3067 0.4401, 2.127 0.3025 0.4407, 2.1461 0.3057 0.4283, 2.1467 0.3007 0.4285, 2.1638 0.3041 0.4126, 2.1635 0.3008 0.4125, 2.1775 0.3043 0.3939, 2.1764 0.3002 0.394, 2.1869 0.3036 0.3736, 2.1849 0.2998 0.3742, 2.1917 0.3029 0.3531, 2.1889 0.2993 0.3546, 2.1922 0.3022 0.3336, 2.1892 0.2996 0.3358, 2.1894 0.3028 0.3144, 2.1864 0.3011 0.3176, 2.1834 0.3045 0.2965, 2.1807 0.3039 0.3005, 2.1748 0.3074 0.2805, 2.1731 0.3079 0.2845, 2.1646 0.3112 0.2663, 2.1636 0.3128 0.2705, 2.1531 0.3159 0.2546, 2.1528 0.3184 0.2584, 2.1408 0.3213 0.2448, 2.1411 0.3246 0.2479, 2.127 0.3278 0.236, 2.1277 0.3323 0.2384, 2.1118 0.3357 0.2288, 2.1123 0.3401 0.2299, 2.095 0.3435 0.223, 2.0952 0.3475 0.2232, 2.0772 0.3508 0.2195, 2.0767 0.3549 0.219, 2.0587 0.3581 0.2186, 2.0575 0.362 0.2177, 2.0399 0.3649 0.2204, 2.0375 0.3688 0.2193, 2.0201 0.372 0.2255, 2.0169 0.3751 0.2247, 2.0003 0.3785 0.2346, 1.9963 0.3807 0.2342, 1.9816 0.3842 0.2477, 1.977 0.3855 0.2481, 1.9651 0.3888 0.2646, 1.9604 0.3889 0.2659, 1.9521 0.3921 0.2845, 1.9476 0.3909 0.2867, 1.943 0.3938 0.3066, 1.9397 0.3917 0.309, 1.939 0.3949 0.3305, 1.9365 0.3919 0.3329, 1.94 0.3952 0.3552, 1.9384 0.3912 0.3575, 1.9462 0.3947 0.3792, 1.9455 0.3904 0.3807, 1.9573 0.3938 0.4007, 1.9571 0.3888 0.4013, 1.9719 0.392 0.4186, 1.9719 0.3887 0.4183, 1.9889 0.3916 0.4324, 1.9888 0.3876 0.4313, 2.0082 0.3907 0.4427, 2.0077 0.3869 0.4407, 2.0289 0.3903 0.4489, 2.0276 0.3867 0.4459, 2.0496 0.3901 0.4506, 2.0475 0.3875 0.4475, 2.0694 0.3909 0.4486, 2.0663 0.3892 0.4455, 2.0871 0.3924 0.4434, 2.0832 0.3918 0.4406, 2.1023 0.3947 0.436, 2.0984 0.3952 0.434, 2.1166 0.3983 0.4267, 2.1124 0.3999 0.4255, 2.1293 0.4032 0.4157, 2.1255 0.4058 0.4152, 2.1406 0.4092 0.4032, 2.1374 0.4126 0.4034, 2.1502 0.416 0.3895, 2.1478 0.4204 0.39, 2.1579 0.4236 0.3749, 2.1568 0.428 0.3754, 2.1641 0.4309 0.3594, 2.1639 0.4349 0.3595, 2.1685 0.438 0.3422, 2.1689 0.442 0.3418, 2.1705 0.4454 0.3235, 2.1714 0.4494 0.3223, 2.1695 0.4528 0.3036, 2.1707 0.4567 0.3013, 2.1651 0.4602 0.2831, 2.1661 0.4632 0.2799, 2.157 0.4664 0.2632, 2.1576 0.4687 0.2592, 2.1455 0.4716 0.2447, 2.1453 0.4729 0.2401, 2.13 0.476 0.2277, 2.129 0.4761 0.223, 2.1106 0.4794 0.2134, 2.1087 0.4782 0.2088, 2.0878 0.4817 0.2029, 2.0856 0.4796 0.1994, 2.0635 0.483 0.1977, 2.0612 0.48 0.1951, 2.0391 0.4832 0.1977, 2.0369 0.4792 0.1959, 2.016 0.4821 0.2024, 2.0145 0.4779 0.2016, 1.9946 0.4809 0.2119, 1.994 0.476 0.2117, 1.9757 0.4793 0.2257, 1.9759 0.476 0.2257, 1.9601 0.4794 0.2428, 1.9612 0.4754 0.2428, 1.9486 0.4788 0.2622, 1.9506 0.475 0.2618, 1.9417 0.4783 0.2824, 1.9446 0.4747 0.2813, 1.9392 0.4777 0.302, 1.9424 0.475 0.3, 1.9402 0.4781 0.3209, 1.9435 0.4764 0.3181, 1.9444 0.4797 0.3392, 1.9474 0.4791 0.3354, 1.9513 0.4825 0.3559, 1.9534 0.483 0.3521, 1.9601 0.4865 0.3712, 1.9615 0.488 0.3671, 1.9705 0.4913 0.3843, 1.9711 0.4938 0.3805, 1.9819 0.4968 0.3954, 1.9819 0.5001 0.3922, 1.9945 0.5031 0.4052, 1.9941 0.5076 0.4027, 2.0087 0.5109 0.4137, 2.0083 0.5152 0.4126, 2.0248 0.5187 0.4212, 2.0247 0.5226 0.421, 2.0423 0.5261 0.4266, 2.0427 0.5302 0.427, 2.0609 0.5335 0.4293, 2.062 0.5374 0.4303, 2.0799 0.5404 0.4293, 2.0822 0.5443 0.4306, 2.0998 0.5473 0.4262, 2.1029 0.5504 0.4274, 2.1202 0.5536 0.4193, 2.1242 0.5559 0.4201, 2.1402 0.5594 0.4082, 2.1448 0.5606 0.4082, 2.1583 0.5641 0.3929, 2.1631 0.5642 0.3921, 2.1734 0.5675 0.3741, 2.1781 0.5663 0.3725, 2.1847 0.5693 0.3528, 2.1882 0.5672 0.3508, 2.191 0.5702 0.3298, 2.1937 0.5672 0.3276, 2.1924 0.5704 0.3054, 2.1943 0.5664 0.3033, 2.1887 0.5698 0.2809, 2.1896 0.5656 0.2795, 2.1798 0.569 0.2583, 2.1801 0.5641 0.2577, 2.1669 0.5674 0.2388, 2.1668 0.5641 0.2391, 2.1511 0.5671 0.2231, 2.151 0.5631 0.2243, 2.1332 0.566 0.2113, 2.1335 0.5622 0.2133, 2.1135 0.5655 0.2032, 2.1145 0.5619 0.2062, 2.0931 0.5653 0.1994, 2.0949 0.5627 0.2027, 2.0732 0.5661 0.1993, 2.0759 0.5644 0.2028, 2.0547 0.5678 0.2028, 2.0583 0.5672 0.206, 2.0385 0.5702 0.2088, 2.0422 0.5707 0.2111, 2.0238 0.5737 0.2165, 2.0278 0.5752 0.2181, 2.0102 0.5784 0.2261, 2.014 0.581 0.2269, 1.9978 0.5844 0.2373, 2.0009 0.5877 0.2375, 1.9868 0.5912 0.2501, 1.9893 0.5956 0.2497, 1.9775 0.599 0.264, 1.9787 0.6034 0.2636, 1.9697 0.6064 0.2791, 1.9699 0.6104 0.279, 1.9638 0.6133 0.2954, 1.9633 0.6174 0.2958, 1.9599 0.6206 0.3136, 1.9589 0.6246 0.3148, 1.9589 0.628 0.3334, 1.9575 0.6319 0.3356, 1.9612 0.6354 0.3543, 1.9599 0.6384 0.3574, 1.9673 0.6418 0.3752, 1.9664 0.644 0.3791, 1.9772 0.6471 0.395, 1.9769 0.6484 0.3996, 2.1306 0.2084 0.2116, 2.1113 0.2081 0.205, 2.0916 0.2089 0.202, 2.0726 0.2106 0.2026, 2.0552 0.2133 0.2062, 2.0394 0.2168 0.2117, 2.025 0.2214 0.2191, 2.0114 0.2271 0.2283, 1.9986 0.2339 0.2392, 1.9873 0.2418 0.2518, 1.9771 0.2495 0.2659, 1.9688 0.2565 0.2814, 1.9626 0.2635 0.2985, 1.9587 0.2708 0.3176, 1.9579 0.2781 0.3386, 1.9609 0.2846 0.3602, 1.9679 0.2902 0.3817, 1.9789 0.2945 0.4019, 1.9938 0.2976 0.4199, 2.0128 0.2996 0.4354, 2.035 0.3009 0.4465, 2.0592 0.3014 0.4526, 2.0837 0.3007 0.4535, 2.1067 0.2995 0.4494, 2.1276 0.2975 0.4409, 2.1465 0.2974 0.4284, 2.1623 0.2968 0.4125, 2.1744 0.2964 0.3943, 2.1819 0.2962 0.3751, 2.1855 0.2967 0.3563, 2.1857 0.2979 0.3385, 2.183 0.3005 0.3211, 2.1783 0.3044 0.3041, 2.1713 0.3094 0.2885, 2.1627 0.3153 0.2743, 2.1526 0.3217 0.2616, 2.1413 0.3291 0.2504, 2.128 0.3367 0.2396, 2.1124 0.344 0.2301, 2.0948 0.3515 0.2227, 2.0756 0.3589 0.218, 2.0553 0.3659 0.2162, 2.0345 0.3719 0.2179, 2.013 0.3773 0.2236, 1.9917 0.382 0.2338, 1.9721 0.3856 0.2486, 1.9557 0.3878 0.2672, 1.9439 0.3888 0.2884, 1.9368 0.3887 0.3109, 1.9344 0.3878 0.3349, 1.9374 0.3869 0.3589, 1.9453 0.3854 0.3813, 1.9572 0.3855 0.401, 1.972 0.3847 0.4172, 1.9887 0.3838 0.4293, 2.0069 0.3833 0.4376, 2.0261 0.3841 0.4425, 2.045 0.3858 0.4438, 2.0629 0.3886 0.442, 2.0796 0.3923 0.438, 2.0945 0.3968 0.4321, 2.1087 0.4024 0.4244, 2.1224 0.4091 0.4149, 2.1349 0.417 0.4035, 2.1466 0.4248 0.3903, 2.1566 0.4319 0.3754, 2.1644 0.4389 0.3592, 2.1701 0.446 0.3408, 2.173 0.4533 0.3202, 2.1722 0.4598 0.2983, 2.1673 0.4655 0.2761, 2.1582 0.47 0.2546, 2.1451 0.473 0.2352, 2.128 0.4749 0.2181, 2.1072 0.4761 0.205, 2.0838 0.4766 0.1965, 2.0593 0.4759 0.193, 2.0356 0.475 0.1949, 2.0139 0.4729 0.2013, 1.9943 0.4727 0.2118, 1.9771 0.4719 0.2259, 1.9633 0.4716 0.2428, 1.9538 0.4714 0.2612, 1.9482 0.4721 0.2799, 1.9462 0.4733 0.2977, 1.9472 0.4758 0.3149, 1.9502 0.4796 0.3321, 1.9555 0.4846 0.3483, 1.9628 0.4905 0.3634, 1.9716 0.4971 0.3773, 1.9819 0.5046 0.3897, 1.9939 0.5119 0.4015, 2.0083 0.5192 0.4124, 2.025 0.5267 0.4215, 2.0437 0.5341 0.4282, 2.0641 0.5413 0.432, 2.0851 0.5474 0.4323, 2.1067 0.5526 0.4288, 2.1288 0.5572 0.4209, 2.1496 0.5607 0.4083, 2.168 0.563 0.3913, 2.182 0.5642 0.3711, 2.1913 0.5642 0.3491, 2.1959 0.5631 0.3258, 2.1954 0.5621 0.302, 2.1899 0.5606 0.279, 2.18 0.5608 0.258, 2.1666 0.56 0.2402, 2.151 0.5593 0.2263, 2.134 0.5586 0.2165, 2.1157 0.5592 0.2098, 2.097 0.561 0.2066, 2.0789 0.5638 0.2066, 2.0616 0.5677 0.2089, 2.0459 0.5723 0.2134, 2.0314 0.5777 0.2196, 2.0171 0.5843 0.2276, 2.0035 0.5922 0.2376, 1.9904 0.6 0.2496, 1.9789 0.6073 0.2636, 1.9693 0.6145 0.2793, 1.962 0.6213 0.2967, 1.9571 0.6285 0.3167, 1.9557 0.6349 0.3384, 1.9583 0.6407 0.3611, 1.9654 0.6453 0.3836, 1.9767 0.6485 0.4045, 2.1311 0.2048 0.2147, 2.1126 0.2054 0.2085, 2.0938 0.2072 0.2058, 2.0757 0.21 0.2063, 2.0585 0.2138 0.209, 2.0431 0.2184 0.2139, 2.0286 0.2239 0.2205, 2.0145 0.2305 0.2289, 2.0011 0.2384 0.2393, 1.9885 0.2462 0.2516, 1.9773 0.2535 0.2659, 1.9682 0.2606 0.2817, 1.9614 0.2675 0.2994, 1.9569 0.2747 0.3196, 1.9561 0.2811 0.3414, 1.9594 0.2869 0.364, 1.967 0.2915 0.3862, 1.9788 0.2946 0.4067, 1.9944 0.2964 0.4248, 2.0141 0.2975 0.4393, 2.0367 0.2979 0.4495, 2.0609 0.2973 0.4548, 2.0849 0.2964 0.4546, 2.1073 0.2945 0.4497, 2.1273 0.2942 0.4408, 2.1454 0.2933 0.4282, 2.1603 0.293 0.4124, 2.1712 0.2928 0.3947, 2.1783 0.2936 0.3762, 2.1816 0.295 0.3583, 2.1818 0.2973 0.3413, 2.18 0.301 0.3242, 2.1759 0.3059 0.3078, 2.1698 0.3119 0.2921, 2.1619 0.3186 0.2774, 2.1525 0.3262 0.2641, 2.1415 0.3335 0.2516, 2.128 0.3406 0.2398, 2.1121 0.3481 0.2295, 2.0939 0.3555 0.2215, 2.0737 0.3628 0.2161, 2.0525 0.369 0.2143, 2.0308 0.3742 0.2162, 2.0085 0.3786 0.2224, 1.9868 0.3821 0.2334, 1.9672 0.3844 0.249, 1.9517 0.3856 0.2683, 1.9407 0.3858 0.2899, 1.9345 0.3846 0.3126, 1.9333 0.3836 0.3361, 1.937 0.382 0.3594, 1.9454 0.3821 0.3811, 1.9575 0.3815 0.3999, 1.9722 0.3809 0.4151, 1.9884 0.3802 0.4261, 2.006 0.3807 0.4339, 2.0243 0.3823 0.4385, 2.0423 0.3852 0.4398, 2.0599 0.3891 0.4388, 2.0761 0.3939 0.4355, 2.091 0.3993 0.4303, 2.1057 0.4057 0.4234, 2.1199 0.4135 0.4146, 2.1337 0.4214 0.4036, 2.1464 0.4287 0.3904, 2.1572 0.436 0.3752, 2.1657 0.4429 0.3583, 2.172 0.4499 0.339, 2.175 0.4563 0.3175, 2.1741 0.462 0.2947, 2.1687 0.4667 0.2716, 2.1588 0.4701 0.2498, 2.145 0.4718 0.2303, 2.1272 0.4728 0.2141, 2.1059 0.4731 0.2018, 2.0823 0.4725 0.1941, 2.0582 0.4717 0.1918, 2.0351 0.47 0.1945, 2.0142 0.4696 0.2015, 1.9954 0.4686 0.2121, 1.9791 0.4681 0.2262, 1.9665 0.468 0.2427, 1.9575 0.4688 0.2605, 1.9523 0.4704 0.2783, 1.9504 0.4727 0.2953, 1.9505 0.4763 0.3121, 1.9529 0.4811 0.3287, 1.9574 0.4871 0.3449, 1.9638 0.4938 0.3604, 1.972 0.5016 0.3749, 1.9819 0.5089 0.3885, 1.9938 0.5159 0.4013, 2.0085 0.5233 0.413, 2.0257 0.5307 0.4229, 2.0454 0.538 0.4302, 2.0666 0.5444 0.4341, 2.0886 0.5496 0.4343, 2.1111 0.5539 0.4305, 2.1335 0.5573 0.4218, 2.1546 0.5595 0.4083, 2.172 0.5609 0.3906, 2.1853 0.5612 0.3699, 2.1938 0.5601 0.3477, 2.1972 0.5589 0.3248, 2.1958 0.5572 0.3015, 2.1897 0.5573 0.2792, 2.1795 0.5567 0.2591, 2.1662 0.5562 0.2422, 2.1509 0.5557 0.2295, 2.1345 0.556 0.2203, 2.117 0.5575 0.214, 2.0993 0.5604 0.2109, 2.0816 0.5643 0.21, 2.0648 0.5692 0.2118, 2.0492 0.5748 0.2155, 2.0343 0.5811 0.2208, 2.0195 0.5887 0.2281, 2.0047 0.5965 0.2376, 1.9906 0.6039 0.2495, 1.9783 0.6114 0.2638, 1.968 0.6184 0.28, 1.9599 0.6253 0.2983, 1.9548 0.6315 0.3191, 1.9534 0.6372 0.3418, 1.9565 0.6419 0.3654, 1.9643 0.6454 0.3884, 1.9764 0.6473 0.4094, 2.1318 0.2021 0.2185, 2.114 0.2037 0.2127, 2.0962 0.2066 0.21, 2.0785 0.2105 0.2096, 2.0619 0.2154 0.2118, 2.0464 0.2209 0.2159, 2.0316 0.2272 0.2216, 2.0169 0.2349 0.2294, 2.0023 0.2427 0.2393, 1.9887 0.2501 0.2516, 1.9767 0.2575 0.2661, 1.9669 0.2645 0.2825, 1.9593 0.2714 0.3011, 1.9547 0.2777 0.3221, 1.954 0.2834 0.3449, 1.9577 0.2881 0.3683, 1.966 0.2916 0.391, 1.9786 0.2935 0.4117, 1.995 0.2943 0.4289, 2.0151 0.2945 0.4427, 2.038 0.2939 0.4521, 2.0619 0.2931 0.4561, 2.0854 0.2915 0.4551, 2.107 0.2912 0.4496, 2.1263 0.2901 0.4404, 2.1434 0.2895 0.4277, 2.1571 0.2894 0.4122, 2.1674 0.2902 0.3951, 2.1741 0.2919 0.3775, 2.1773 0.2944 0.3605, 2.1783 0.2978 0.3439, 2.177 0.3025 0.3274, 2.1738 0.3084 0.311, 2.1685 0.3152 0.295, 2.1614 0.3231 0.2798, 2.1524 0.3306 0.2653, 2.1415 0.3374 0.2518, 2.1279 0.3447 0.2392, 2.1115 0.352 0.2281, 2.0924 0.3594 0.2193, 2.0713 0.3658 0.2138, 2.0492 0.3712 0.2121, 2.0266 0.3754 0.2143, 2.0038 0.3787 0.2212, 1.9819 0.3809 0.233, 1.9631 0.3823 0.2494, 1.9483 0.3826 0.2692, 1.9381 0.3817 0.2911, 1.9331 0.3804 0.3135, 1.9328 0.3786 0.3365, 1.9372 0.3787 0.3592, 1.9459 0.3781 0.38, 1.958 0.3777 0.398, 1.9725 0.3773 0.412, 1.9882 0.3775 0.4223, 2.005 0.379 0.4296, 2.0223 0.3817 0.434, 2.0399 0.3857 0.4362, 2.0569 0.3907 0.4357, 2.073 0.3964 0.4332, 2.0882 0.4026 0.4289, 2.1033 0.4102 0.4227, 2.1187 0.4179 0.4144, 2.1335 0.4253 0.4036, 2.147 0.4328 0.3902, 2.1586 0.44 0.3746, 2.1679 0.4468 0.3569, 2.1745 0.453 0.3368, 2.1775 0.4586 0.3143, 2.1762 0.4633 0.2906, 2.1701 0.4668 0.267, 2.1594 0.4689 0.2449, 2.1448 0.4697 0.2262, 2.1264 0.4698 0.2107, 2.1048 0.469 0.1991, 2.0814 0.4683 0.1927, 2.0578 0.4667 0.1913, 2.0353 0.4667 0.1947, 2.0152 0.4656 0.202, 1.9973 0.4648 0.2128, 1.9822 0.4645 0.2267, 1.9702 0.4654 0.2426, 1.9618 0.4671 0.2596, 1.9568 0.4698 0.2765, 1.9541 0.4732 0.293, 1.9538 0.4778 0.3092, 1.9554 0.4836 0.3257, 1.959 0.4904 0.3421, 1.9646 0.4983 0.3581, 1.9722 0.506 0.3737, 1.9819 0.5129 0.3883, 1.9939 0.52 0.4019, 2.009 0.5272 0.4144, 2.0271 0.5346 0.4251, 2.0476 0.5411 0.4328, 2.0697 0.5466 0.4367, 2.0926 0.5509 0.4367, 2.1156 0.554 0.4322, 2.1384 0.5561 0.4227, 2.1587 0.5574 0.4084, 2.1755 0.5579 0.39, 2.1879 0.5571 0.369, 2.1952 0.5559 0.3469, 2.1977 0.5539 0.3244, 2.1956 0.5538 0.3017, 2.1891 0.5532 0.2802, 2.1788 0.5529 0.261, 2.1656 0.5526 0.2453, 2.1508 0.553 0.2333, 2.1351 0.5543 0.2246, 2.1185 0.5569 0.2186, 2.1013 0.5609 0.2147, 2.0843 0.5659 0.2135, 2.0677 0.5717 0.2144, 2.0519 0.5781 0.2171, 2.0366 0.5855 0.2218, 2.0207 0.5931 0.2284, 2.0049 0.6005 0.2376, 1.99 0.608 0.2496, 1.9768 0.6153 0.2642, 1.9656 0.6223 0.2812, 1.9573 0.6283 0.3003, 1.952 0.6338 0.3221, 1.9509 0.6385 0.3457, 1.9546 0.642 0.3699, 1.9632 0.6442 0.3932, 1.9761 0.6452 0.4135, 2.1325 0.2004 0.2228, 2.1157 0.2031 0.2172, 2.0983 0.2071 0.2138, 2.0813 0.2121 0.213, 2.0648 0.2179 0.2143, 2.0492 0.2242 0.2175, 2.0339 0.2317 0.2225, 2.0181 0.2393 0.2296, 2.0025 0.2467 0.2393, 1.988 0.2542 0.2517, 1.9753 0.2615 0.2666, 1.9646 0.2684 0.2838, 1.9567 0.2744 0.3031, 1.952 0.28 0.3251, 1.9515 0.2847 0.3488, 1.9559 0.2882 0.3728, 1.965 0.2904 0.3959, 1.9785 0.2913 0.4158, 1.9954 0.2913 0.4323, 2.016 0.2904 0.4454, 2.0388 0.2896 0.4535, 2.0623 0.2881 0.4566, 2.0852 0.2882 0.4549, 2.1061 0.2872 0.449, 2.1244 0.2863 0.4396, 2.1403 0.2859 0.427, 2.1533 0.2867 0.412, 2.1631 0.2885 0.3957, 2.1694 0.2913 0.379, 2.1734 0.2948 0.3625, 2.1748 0.2993 0.3465, 2.1744 0.305 0.3302, 2.172 0.3118 0.3136, 2.1675 0.3197 0.2973, 2.1611 0.3274 0.281, 2.1524 0.3345 0.2655, 2.1414 0.3415 0.2512, 2.1275 0.3486 0.2377, 2.1103 0.3559 0.2258, 2.0904 0.3625 0.2166, 2.0684 0.3681 0.211, 2.0453 0.3725 0.2094, 2.0222 0.3755 0.2123, 1.999 0.3775 0.2199, 1.9778 0.3788 0.2327, 1.9597 0.3792 0.2497, 1.9456 0.3786 0.27, 1.9367 0.3775 0.2918, 1.9326 0.3754 0.3139, 1.933 0.3753 0.3364, 1.9379 0.3746 0.3582, 1.9467 0.3743 0.3782, 1.9589 0.3741 0.3949, 1.9729 0.3746 0.4082, 1.9879 0.3758 0.4179, 2.0038 0.3784 0.4249, 2.0206 0.3822 0.43, 2.0375 0.3873 0.4326, 2.0542 0.3932 0.4329, 2.0704 0.3997 0.4313, 2.0859 0.4071 0.4278, 2.1021 0.4145 0.4224, 2.1185 0.4218 0.4144, 2.1342 0.4294 0.4035, 2.1485 0.4368 0.3899, 2.161 0.4439 0.3735, 2.1707 0.4499 0.3551, 2.1775 0.4552 0.334, 2.1803 0.4598 0.3106, 2.1784 0.4634 0.2863, 2.1716 0.4657 0.2623, 2.1599 0.4668 0.2408, 2.1447 0.4667 0.2227, 2.1259 0.4657 0.2079, 2.1042 0.4648 0.1976, 2.0811 0.4633 0.1921, 2.0579 0.4634 0.1915, 2.0362 0.4626 0.1954, 2.017 0.4618 0.203, 2.0003 0.4612 0.2138, 1.986 0.4619 0.2272, 1.9747 0.4637 0.2425, 1.9665 0.4665 0.2586, 1.9608 0.4703 0.275, 1.9578 0.4748 0.2908, 1.9567 0.4803 0.3067, 1.9574 0.4869 0.3233, 1.9602 0.4949 0.34, 1.965 0.5027 0.3569, 1.9723 0.5099 0.3735, 1.9819 0.517 0.3889, 1.9942 0.5239 0.4034, 2.0099 0.5311 0.4169, 2.0287 0.5376 0.428, 2.0502 0.5433 0.4359, 2.0733 0.5479 0.4397, 2.0968 0.551 0.4391, 2.1203 0.5528 0.4339, 2.1424 0.554 0.4235, 2.1622 0.5544 0.4084, 2.1783 0.5538 0.3896, 2.1895 0.5529 0.3684, 2.1958 0.5509 0.3466, 2.1975 0.5506 0.3246, 2.1949 0.5498 0.3026, 2.1881 0.5494 0.2819, 2.1777 0.5493 0.2639, 2.1648 0.55 0.249, 2.1507 0.5513 0.2377, 2.1358 0.5537 0.2294, 2.1199 0.5574 0.2228, 2.1034 0.5624 0.2186, 2.0867 0.5684 0.2165, 2.0701 0.5751 0.2165, 2.054 0.5826 0.2185, 2.0377 0.5899 0.2222, 2.0209 0.597 0.2285, 2.0042 0.6046 0.2376, 1.9885 0.612 0.2498, 1.9743 0.6192 0.265, 1.9627 0.6254 0.2827, 1.954 0.6306 0.3027, 1.9489 0.635 0.3254, 1.9483 0.6386 0.3498, 1.9527 0.6409 0.3744, 1.9622 0.6421 0.3972, 1.9759 0.6422 0.417, 2.1333 0.1998 0.2276, 2.1171 0.2036 0.2213, 2.1005 0.2086 0.2176, 2.0838 0.2146 0.2159, 2.0672 0.2212 0.2164, 2.0513 0.2287 0.2188, 2.0351 0.236 0.223, 2.0183 0.2432 0.2297, 2.0019 0.2508 0.2393, 1.9865 0.2582 0.2519, 1.9728 0.2654 0.2674, 1.9617 0.2715 0.2854, 1.9535 0.2767 0.3056, 1.9489 0.2812 0.3285, 1.949 0.2848 0.3529, 1.9541 0.2871 0.3774, 1.9642 0.2883 0.3999, 1.9784 0.2883 0.4192, 1.9958 0.2872 0.4352, 2.0165 0.2862 0.4469, 2.0391 0.2847 0.4541, 2.0621 0.2848 0.4564, 2.0843 0.2841 0.4541, 2.1043 0.2834 0.4479, 2.1215 0.2827 0.4384, 2.1366 0.2833 0.4261, 2.1489 0.285 0.4118, 2.1583 0.2879 0.3963, 2.1653 0.2917 0.3803, 2.1695 0.2964 0.3644, 2.1717 0.3018 0.3488, 2.1722 0.3084 0.3325, 2.1706 0.3162 0.3157, 2.1671 0.3241 0.2984, 2.161 0.3314 0.2812, 2.1524 0.3386 0.2649, 2.1413 0.3454 0.2497, 2.1267 0.3525 0.2352, 2.1089 0.359 0.2227, 2.088 0.3647 0.2133, 2.0651 0.3694 0.2078, 2.0413 0.3726 0.2067, 2.0177 0.3743 0.2102, 1.9951 0.3754 0.2189, 1.9743 0.3758 0.2324, 1.9568 0.3752 0.25, 1.944 0.3743 0.2704, 1.9361 0.3725 0.292, 1.9328 0.3721 0.3137, 1.9338 0.3712 0.3355, 1.939 0.3708 0.3566, 1.9481 0.3707 0.3753, 1.9599 0.3715 0.3912, 1.9733 0.3729 0.4038, 1.9875 0.3752 0.4131, 2.0028 0.3789 0.4207, 2.0188 0.3838 0.4261, 2.0353 0.3898 0.4294, 2.052 0.3965 0.4307, 2.0684 0.4042 0.4298, 2.0849 0.4114 0.4272, 2.1019 0.4185 0.4223, 2.1191 0.4259 0.4145, 2.1357 0.4334 0.4035, 2.1511 0.4407 0.3893, 2.1641 0.4469 0.3722, 2.1741 0.4521 0.3529, 2.1809 0.4565 0.3309, 2.1833 0.4599 0.3068, 2.1807 0.4622 0.2819, 2.1728 0.4635 0.2584, 2.1604 0.4638 0.2374, 2.1446 0.4626 0.2199, 2.1255 0.4615 0.2063, 2.104 0.4598 0.197, 2.0812 0.46 0.1924, 2.0587 0.4594 0.1924, 2.0378 0.4588 0.1967, 2.0198 0.4582 0.2045, 2.0039 0.4586 0.215, 1.9903 0.4602 0.2279, 1.9795 0.4631 0.2424, 1.9708 0.467 0.2578, 1.9649 0.4718 0.2734, 1.9612 0.4773 0.2888, 1.9591 0.4836 0.3047, 1.959 0.4914 0.3213, 1.9608 0.4992 0.3389, 1.9651 0.5066 0.3567, 1.9722 0.514 0.3741, 1.9819 0.5209 0.3904, 1.9947 0.5278 0.406, 2.011 0.5342 0.4201, 2.0308 0.5399 0.4315, 2.0532 0.5446 0.4394, 2.077 0.548 0.4428, 2.1011 0.5498 0.4416, 2.1241 0.5507 0.4354, 2.1458 0.551 0.4241, 2.165 0.5503 0.4084, 2.1799 0.5496 0.3893, 2.1901 0.5479 0.3682, 2.1955 0.5476 0.3467, 2.1966 0.5465 0.3253, 2.1935 0.546 0.3041, 2.1864 0.5458 0.2847, 2.1763 0.5467 0.2675, 2.164 0.5483 0.2534, 2.1506 0.5507 0.2425, 2.1364 0.5542 0.2337, 2.1212 0.559 0.2269, 2.1052 0.5649 0.222, 2.0886 0.5717 0.219, 2.072 0.5795 0.2181, 2.055 0.5869 0.2191, 2.0379 0.5938 0.2223, 2.0203 0.6011 0.2283, 2.0027 0.6085 0.2375, 1.9859 0.6159 0.2502, 1.9711 0.6223 0.266, 1.9591 0.6276 0.2846, 1.9503 0.6318 0.3055, 1.9455 0.6351 0.329, 1.9455 0.6374 0.3539, 1.9511 0.6387 0.3782, 1.9615 0.6391 0.4006, 1.9758 0.6381 0.4198, 2.134 0.2003 0.2319, 2.1186 0.2052 0.2254, 2.1024 0.2111 0.2209, 2.0858 0.2179 0.2184, 2.0692 0.2257 0.218, 2.0523 0.2331 0.2194, 2.0353 0.24 0.223, 2.0177 0.2473 0.2296, 2.0004 0.2547 0.2393, 1.9839 0.2621 0.2523, 1.9696 0.2685 0.2685, 1.9581 0.2738 0.2873, 1.9499 0.278 0.3085, 1.9457 0.2813 0.3322, 1.9464 0.2836 0.3572, 1.9526 0.2849 0.3813, 1.9635 0.2853 0.4033, 1.9783 0.2843 0.4221, 1.9961 0.283 0.4368, 2.0167 0.2812 0.4476, 2.0389 0.2813 0.4539, 2.0614 0.2808 0.4555, 2.0828 0.2803 0.4527, 2.1016 0.2798 0.4462, 2.118 0.2801 0.4369, 2.1323 0.2816 0.4251, 2.1441 0.2844 0.4116, 2.1539 0.2884 0.3968, 2.1611 0.2933 0.3816, 2.166 0.2989 0.3662, 2.1691 0.3051 0.3507, 2.1704 0.3128 0.3343, 2.17 0.3206 0.3167, 2.167 0.328 0.2985, 2.1612 0.3354 0.2806, 2.1525 0.3425 0.2634, 2.141 0.3493 0.247, 2.1258 0.3556 0.232, 2.1071 0.3613 0.2191, 2.0853 0.366 0.2096, 2.0616 0.3695 0.2044, 2.0372 0.3714 0.2039, 2.014 0.3722 0.2085, 1.9917 0.3724 0.218, 1.9715 0.3717 0.2321, 1.9552 0.371 0.2501, 1.9434 0.3694 0.2706, 1.9363 0.3692 0.2919, 1.9338 0.3681 0.3131, 1.9353 0.3674 0.3341, 1.9409 0.3672 0.354, 1.9497 0.3681 0.3719, 1.961 0.3698 0.387, 1.9738 0.3723 0.399, 1.9872 0.3757 0.4087, 2.0017 0.3804 0.4165, 2.0172 0.3863 0.4225, 2.0335 0.3931 0.4268, 2.0502 0.401 0.4289, 2.0674 0.4085 0.4291, 2.0847 0.4154 0.4272, 2.1025 0.4226 0.4225, 2.1206 0.4299 0.4146, 2.1383 0.4373 0.4033, 2.1543 0.4437 0.3885, 2.1678 0.4492 0.3706, 2.178 0.4534 0.3504, 2.1844 0.4566 0.3276, 2.1863 0.4588 0.3029, 2.1826 0.4601 0.2782, 2.1738 0.4605 0.255, 2.1608 0.4597 0.2345, 2.1445 0.4584 0.2182, 2.1254 0.4565 0.2057, 2.1041 0.4565 0.1972, 2.0818 0.4559 0.1933, 2.0601 0.4556 0.1939, 2.0403 0.4552 0.1986, 2.0231 0.4555 0.2063, 2.0081 0.4569 0.2164, 1.9951 0.4596 0.2286, 1.9838 0.4636 0.2423, 1.9751 0.4685 0.2569, 1.9685 0.4743 0.272, 1.9639 0.4806 0.2872, 1.961 0.4881 0.303, 1.9598 0.4958 0.3204, 1.9609 0.5032 0.3387, 1.9649 0.5107 0.3573, 1.9719 0.5179 0.3756, 1.9819 0.5248 0.3931, 1.9952 0.5309 0.4093, 2.0124 0.5364 0.4239, 2.0331 0.5412 0.4355, 2.0563 0.5447 0.4431, 2.0808 0.5468 0.446, 2.1046 0.5477 0.4437, 2.1273 0.5477 0.4366, 2.1486 0.5469 0.4247, 2.1667 0.5461 0.4085, 2.1806 0.5446 0.3892, 2.1898 0.5446 0.3683, 2.1945 0.5436 0.3473, 2.195 0.5427 0.3266, 2.1914 0.5424 0.3065, 2.1845 0.5432 0.2879, 2.1747 0.545 0.2716, 2.1631 0.5477 0.2581, 2.1505 0.5512 0.2469, 2.1371 0.5557 0.238, 2.1224 0.5615 0.2306, 2.1067 0.5683 0.2248, 2.0902 0.5762 0.2209, 2.0728 0.5839 0.2189, 2.0552 0.5909 0.2192, 2.0373 0.5979 0.2221, 2.0188 0.6051 0.228, 2.0001 0.6124 0.2374, 1.9826 0.6189 0.2506, 1.9672 0.6246 0.2673, 1.955 0.6289 0.2867, 1.9464 0.6319 0.3084, 1.9421 0.634 0.3326, 1.9433 0.6353 0.3573, 1.9497 0.6357 0.3814, 1.9608 0.635 0.4033, 1.9757 0.6339 0.4215, 2.1348 0.2019 0.2362, 2.1199 0.2077 0.2291, 2.104 0.2145 0.2237, 2.0874 0.2224 0.2203, 2.0701 0.23 0.2188, 2.0525 0.237 0.2195, 2.0347 0.244 0.2228, 2.0162 0.2513 0.2293, 1.9977 0.2586 0.2392, 1.9806 0.2651 0.2529, 1.9658 0.2707 0.2699, 1.954 0.275 0.2895, 1.9461 0.2781 0.3115, 1.9424 0.2802 0.3359, 1.9443 0.2815 0.3606, 1.9513 0.2819 0.3845, 1.963 0.2812 0.4061, 1.9782 0.28 0.4237, 1.9961 0.278 0.4374, 2.0166 0.2779 0.4473, 2.0384 0.2773 0.4528, 2.0602 0.277 0.4539, 2.0805 0.2767 0.4506, 2.0985 0.2772 0.4441, 2.1139 0.2784 0.4352, 2.1276 0.281 0.424, 2.1398 0.2849 0.4113, 2.1496 0.2899 0.3974, 2.1574 0.2958 0.3827, 2.1632 0.3022 0.3676, 2.1671 0.3096 0.3522, 2.1696 0.3172 0.3352, 2.1699 0.3245 0.3169, 2.1672 0.3321 0.298, 2.1615 0.3394 0.2791, 2.1527 0.3464 0.2607, 2.1407 0.3524 0.2437, 2.1247 0.3578 0.2281, 2.1051 0.3625 0.2149, 2.0825 0.3661 0.2056, 2.058 0.3683 0.201, 2.0339 0.3693 0.2016, 2.0108 0.3692 0.207, 1.9889 0.3683 0.2172, 1.9699 0.3675 0.232, 1.9545 0.366 0.2502, 1.9437 0.3661 0.2705, 1.9374 0.3652 0.2914, 1.9354 0.3643 0.3119, 1.9376 0.3638 0.3319, 1.9431 0.3646 0.3509, 1.9516 0.3664 0.3679, 1.9623 0.3692 0.3823, 1.9742 0.3728 0.3946, 1.9869 0.3773 0.4044, 2.0008 0.3829 0.4127, 2.016 0.3896 0.4196, 2.0321 0.3975 0.4247, 2.0494 0.4053 0.428, 2.0673 0.4125 0.429, 2.0853 0.4195 0.4274, 2.104 0.4265 0.4229, 2.1232 0.4338 0.415, 2.1416 0.4403 0.4031, 2.1583 0.446 0.3876, 2.172 0.4505 0.3688, 2.1821 0.4535 0.3478, 2.1881 0.4554 0.3242, 2.1888 0.4566 0.2996, 2.1842 0.4571 0.2751, 2.1747 0.4565 0.2523, 2.161 0.4555 0.2329, 2.1445 0.4534 0.2176, 2.1254 0.4532 0.206, 2.1045 0.4525 0.1983, 2.0829 0.4521 0.1951, 2.0622 0.452 0.1963, 2.0433 0.4526 0.201, 2.027 0.4538 0.2084, 2.0127 0.4563 0.218, 1.9994 0.4601 0.2293, 1.9882 0.4651 0.2422, 1.9789 0.4711 0.2561, 1.9714 0.4776 0.2708, 1.966 0.4851 0.2859, 1.962 0.4925 0.3023, 1.9599 0.4997 0.3202, 1.9606 0.5072 0.3393, 1.9644 0.5147 0.3588, 1.9715 0.5218 0.3782, 1.9819 0.5279 0.3964, 1.9959 0.5331 0.4133, 2.014 0.5377 0.4282, 2.0355 0.5413 0.4398, 2.0595 0.5435 0.4469, 2.084 0.5447 0.4486, 2.1076 0.5447 0.4454, 2.13 0.5436 0.4376, 2.1503 0.5427 0.425, 2.1673 0.5411 0.4085, 2.1803 0.5413 0.3892, 2.1888 0.5405 0.3687, 2.1927 0.5398 0.3483, 2.1925 0.5391 0.3286, 2.1889 0.5398 0.3094, 2.1822 0.5415 0.2917, 2.173 0.5444 0.2761, 2.1622 0.5482 0.2624, 2.1504 0.5528 0.2512, 2.1376 0.5582 0.2419, 2.1234 0.5648 0.2336, 2.1079 0.5727 0.227, 2.0909 0.5805 0.2219, 2.073 0.5878 0.2191, 2.0547 0.595 0.2189, 2.0359 0.6019 0.2215, 2.0162 0.609 0.2274, 1.9967 0.6155 0.2373, 1.9786 0.6212 0.2511, 1.9628 0.6258 0.2686, 1.9506 0.629 0.2889, 1.9425 0.6308 0.3114, 1.9393 0.6319 0.3356, 1.9414 0.6323 0.3603, 1.9486 0.6317 0.384, 1.9604 0.6308 0.4049, 1.9757 0.6289 0.4221, 2.1354 0.2044 0.24, 2.1209 0.211 0.2321, 2.1052 0.2189 0.2258, 2.0882 0.2267 0.2212, 2.0702 0.234 0.2189, 2.052 0.2411 0.2192, 2.0332 0.248 0.2223, 2.0136 0.2552 0.2288, 1.9944 0.2617 0.2392, 1.9766 0.2674 0.2535, 1.9614 0.272 0.2714, 1.9498 0.2751 0.2919, 1.9422 0.2769 0.3146, 1.9397 0.278 0.3389, 1.9424 0.2785 0.3636, 1.9503 0.2779 0.3872, 1.9626 0.277 0.4077, 1.9782 0.275 0.4244, 1.9961 0.2747 0.4371, 2.0162 0.2739 0.4462, 2.0374 0.2735 0.451, 2.0582 0.2734 0.4514, 2.0777 0.2741 0.4481, 2.0947 0.2755 0.4418, 2.1095 0.2778 0.4333, 2.1233 0.2815 0.4231, 2.1354 0.2865 0.4111, 2.1458 0.2924 0.3979, 2.1544 0.2991 0.3836, 2.161 0.3067 0.3688, 2.1661 0.314 0.3529, 2.1695 0.3211 0.3353, 2.1702 0.3286 0.3163, 2.1678 0.336 0.2966, 2.1621 0.3433 0.2765, 2.1529 0.3495 0.2574, 2.1402 0.3547 0.2397, 2.1235 0.3591 0.2236, 2.103 0.3626 0.2106, 2.0796 0.3649 0.2016, 2.0551 0.3662 0.1981, 2.031 0.3663 0.1997, 2.0082 0.3651 0.2058, 1.9873 0.3641 0.2168, 1.9692 0.3625 0.2319, 1.9548 0.3627 0.2502, 1.9448 0.362 0.2702, 1.9392 0.3614 0.2906, 1.9381 0.3607 0.3101, 1.9403 0.3612 0.3292, 1.9457 0.3629 0.3473, 1.9537 0.3658 0.3635, 1.9635 0.3696 0.3781, 1.9746 0.3744 0.3903, 1.9866 0.3798 0.4005, 2.0 0.3862 0.4096, 2.0149 0.3941 0.4173, 2.0315 0.4019 0.4237, 2.0493 0.4093 0.4278, 2.0678 0.4165 0.4294, 2.0866 0.4234 0.4281, 2.1065 0.4304 0.4237, 2.1265 0.4368 0.4154, 2.1457 0.4426 0.4029, 2.1628 0.4473 0.3865, 2.1765 0.4506 0.3669, 2.1863 0.4523 0.3451, 2.1911 0.4533 0.3215, 2.1909 0.4536 0.2968, 2.1855 0.453 0.2726, 2.1752 0.4522 0.2507, 2.161 0.4505 0.2323, 2.1445 0.4501 0.2179, 2.1257 0.4491 0.2071, 2.1053 0.4487 0.2002, 2.0846 0.4485 0.1978, 2.0648 0.4493 0.1991, 2.0468 0.4509 0.2037, 2.0313 0.4532 0.2107, 2.0168 0.4568 0.2194, 2.0037 0.4616 0.23, 1.9921 0.4676 0.2421, 1.982 0.4744 0.2555, 1.9738 0.4821 0.2699, 1.9671 0.4894 0.2852, 1.9621 0.4964 0.3021, 1.9595 0.5038 0.3207, 1.9598 0.5112 0.3406, 1.9635 0.5186 0.3613, 1.9709 0.5249 0.3815, 1.9819 0.5301 0.4005, 1.9967 0.5344 0.4179, 2.0157 0.5378 0.4328, 2.038 0.5401 0.444, 2.0621 0.5414 0.45, 2.0866 0.5417 0.4509, 2.1101 0.5406 0.4469, 2.1316 0.5394 0.4382, 2.1509 0.5377 0.4251, 2.167 0.5378 0.4085, 2.1791 0.5372 0.3894, 2.1868 0.5367 0.3694, 2.19 0.5362 0.3498, 2.1896 0.5365 0.3309, 2.186 0.5381 0.3127, 2.1797 0.5409 0.2958, 2.1714 0.5449 0.2802, 2.1614 0.5497 0.2667, 2.1503 0.5553 0.2551, 2.138 0.5616 0.245, 2.1242 0.5693 0.236, 2.1084 0.5771 0.228, 2.0911 0.5845 0.2221, 2.0725 0.5919 0.2186, 2.0534 0.5989 0.2181, 2.0335 0.6058 0.2205, 2.0129 0.612 0.2267, 1.9927 0.6177 0.2371, 1.974 0.6225 0.2518, 1.9582 0.6259 0.2701, 1.9462 0.6278 0.2912, 1.9392 0.6286 0.3139, 1.9369 0.6288 0.3381, 1.9398 0.6282 0.3626, 1.9479 0.6274 0.3855, 1.9603 0.6258 0.4056, 1.9757 0.6256 0.4218, 2.136 0.2077 0.2431, 2.1218 0.2155 0.2344, 2.1058 0.2233 0.2269, 2.0883 0.2307 0.2214, 2.0697 0.2381 0.2185, 2.0507 0.245 0.2184, 2.0308 0.2519 0.2213, 2.0103 0.2582 0.2281, 1.9903 0.2639 0.2391, 1.9721 0.2687 0.2542, 1.9568 0.2721 0.273, 1.9454 0.274 0.2943, 1.939 0.2748 0.3172, 1.9374 0.275 0.3415, 1.9409 0.2744 0.366, 1.9497 0.2736 0.3887, 1.9625 0.272 0.4083, 1.9782 0.2717 0.4241, 1.9959 0.2706 0.436, 2.0156 0.2701 0.4443, 2.036 0.2699 0.4482, 2.0559 0.2707 0.4484, 2.0744 0.2724 0.4451, 2.0907 0.2749 0.4392, 2.1054 0.2783 0.4316, 2.1191 0.283 0.4221, 2.1315 0.289 0.4109, 2.1427 0.2958 0.3983, 2.152 0.3036 0.3844, 2.1599 0.3111 0.3693, 2.166 0.3179 0.353, 2.1699 0.3252 0.3348, 2.171 0.3326 0.3151, 2.1689 0.3399 0.2942, 2.1629 0.3464 0.2733, 2.1532 0.3517 0.2533, 2.1398 0.3559 0.2351, 2.1222 0.3592 0.2189, 2.1008 0.3615 0.2061, 2.0772 0.3628 0.1983, 2.0526 0.3632 0.1957, 2.0286 0.3622 0.198, 2.0067 0.3609 0.2051, 1.9867 0.3591 0.2166, 1.9695 0.3592 0.2319, 1.956 0.3586 0.25, 1.9467 0.3582 0.2696, 1.9421 0.3578 0.2892, 1.9412 0.358 0.3079, 1.9434 0.3595 0.3261, 1.9485 0.3623 0.3434, 1.9556 0.3662 0.3596, 1.9646 0.3712 0.3739, 1.975 0.3769 0.3865, 1.9864 0.3831 0.3974, 1.9994 0.3907 0.4072, 2.0145 0.3984 0.4162, 2.0314 0.4059 0.4235, 2.0497 0.4133 0.4283, 2.069 0.4205 0.4303, 2.089 0.4273 0.4293, 2.1097 0.4335 0.4247, 2.1306 0.4391 0.4158, 2.1503 0.4438 0.4026, 2.1675 0.4474 0.3854, 2.1811 0.4494 0.3649, 2.1897 0.4502 0.3429, 2.1937 0.4503 0.3191, 2.1926 0.4496 0.2946, 2.1863 0.4488 0.2711, 2.1753 0.4473 0.2501, 2.161 0.4472 0.2326, 2.1445 0.4461 0.219, 2.1261 0.4453 0.2091, 2.1064 0.4451 0.2032, 2.0866 0.4459 0.201, 2.0677 0.4476 0.2024, 2.0506 0.4503 0.2067, 2.0351 0.4537 0.2128, 2.0209 0.4583 0.2208, 2.0076 0.4642 0.2306, 1.9952 0.4709 0.242, 1.9844 0.4788 0.255, 1.9749 0.4865 0.2695, 1.9672 0.4934 0.2851, 1.9616 0.5005 0.3025, 1.9585 0.5078 0.3219, 1.9585 0.5151 0.3429, 1.9624 0.5216 0.3644, 1.9703 0.5272 0.3855, 1.982 0.5314 0.4051, 1.9976 0.5345 0.4226, 2.0174 0.5366 0.4375, 2.0401 0.538 0.4476, 2.0644 0.5384 0.4527, 2.0888 0.5376 0.4527, 2.1115 0.5364 0.4477, 2.1322 0.5344 0.4384, 2.1506 0.5344 0.425, 2.1659 0.5338 0.4084, 2.1771 0.5334 0.3898, 2.1838 0.5331 0.3704, 2.1867 0.5335 0.3516, 2.1861 0.5348 0.3337, 2.1828 0.5375 0.3163, 2.1774 0.5414 0.2995, 2.1698 0.5464 0.2842, 2.1606 0.5522 0.2705, 2.1502 0.5586 0.2583, 2.1384 0.566 0.2475, 2.1245 0.5736 0.2371, 2.1085 0.581 0.2282, 2.0907 0.5886 0.2216, 2.0714 0.5959 0.2176, 2.0511 0.6028 0.2167, 2.0304 0.6088 0.2192, 2.009 0.6143 0.2258, 1.9881 0.619 0.2369, 1.9692 0.6226 0.2524, 1.9535 0.6248 0.2716, 1.9426 0.6257 0.2931, 1.9364 0.6256 0.3159, 1.935 0.6248 0.3402, 1.9389 0.624 0.364, 1.9477 0.6225 0.3861, 1.9604 0.6225 0.4053, 1.9757 0.6216 0.4207, 2.1364 0.2122 0.2456, 2.1222 0.2198 0.2356, 2.1059 0.2272 0.2271, 2.0879 0.2348 0.2209, 2.0686 0.242 0.2175, 2.0484 0.2489 0.2171, 2.0277 0.255 0.2201, 2.0064 0.2605 0.2273, 1.9857 0.2652 0.239, 1.9673 0.2688 0.255, 1.9521 0.2709 0.2746, 1.9419 0.2718 0.2962, 1.9362 0.2718 0.3193, 1.9355 0.271 0.3437, 1.9401 0.2702 0.3674, 1.9494 0.2687 0.3893, 1.9626 0.2687 0.408, 1.9782 0.2677 0.423, 1.9957 0.2668 0.434, 2.0146 0.2665 0.4412, 2.0342 0.2673 0.4449, 2.0532 0.269 0.4449, 2.0708 0.2718 0.4419, 2.087 0.2753 0.4368, 2.1014 0.2798 0.4299, 2.1153 0.2856 0.4212, 2.1284 0.2923 0.4108, 2.1402 0.3002 0.3986, 2.1509 0.308 0.3847, 2.1597 0.315 0.3694, 2.1665 0.322 0.3527, 2.171 0.3292 0.3337, 2.1725 0.3365 0.3129, 2.1702 0.343 0.2911, 2.1639 0.3486 0.2693, 2.1535 0.353 0.2487, 2.1393 0.356 0.2302, 2.1208 0.358 0.2142, 2.099 0.3593 0.2024, 2.0751 0.3598 0.1955, 2.0505 0.3591 0.1937, 2.0273 0.358 0.1971, 2.0062 0.3559 0.2049, 1.987 0.3558 0.2167, 1.9706 0.3551 0.232, 1.958 0.3548 0.2499, 1.9498 0.3546 0.2688, 1.9455 0.3551 0.2876, 1.9448 0.3563 0.3054, 1.9469 0.3589 0.3228, 1.951 0.3628 0.3398, 1.9574 0.3678 0.3556, 1.9657 0.3737 0.3702, 1.9753 0.3802 0.3833, 1.9862 0.3876 0.3949, 1.9992 0.3951 0.406, 2.0144 0.4024 0.4161, 2.0317 0.4099 0.424, 2.0508 0.4173 0.4294, 2.0711 0.4244 0.4318, 2.092 0.4304 0.4308, 2.1136 0.4357 0.4258, 2.1352 0.4404 0.4164, 2.1552 0.4439 0.4023, 2.1723 0.4462 0.3842, 2.1848 0.4473 0.3633, 2.1926 0.4472 0.341, 2.1958 0.4462 0.3172, 2.1936 0.4453 0.2933, 2.1865 0.4438 0.2706, 2.1753 0.4439 0.2504, 2.1609 0.4431 0.2337, 2.1446 0.4423 0.221, 2.1268 0.4417 0.2122, 2.1079 0.4424 0.2067, 2.0889 0.4442 0.2047, 2.0709 0.447 0.2059, 2.054 0.4508 0.2093, 2.0389 0.4553 0.2148, 2.0246 0.4608 0.222, 2.0107 0.4675 0.231, 1.9977 0.4754 0.242, 1.9856 0.4832 0.2548, 1.9751 0.4904 0.2694, 1.9667 0.4974 0.2855, 1.9605 0.5044 0.3035, 1.9569 0.5117 0.3239, 1.9569 0.5182 0.3458, 1.9611 0.5239 0.3683, 1.9695 0.5284 0.3901, 1.982 0.5315 0.4099, 1.9985 0.5333 0.4275, 2.0188 0.5345 0.4413, 2.0418 0.5349 0.4506, 2.0662 0.5343 0.4549, 2.0901 0.5334 0.4537, 2.1121 0.5314 0.448, 2.1319 0.5311 0.4383, 2.1495 0.5303 0.4248, 2.1638 0.53 0.4084, 2.174 0.5298 0.3903, 2.1803 0.5305 0.3717, 2.1828 0.5318 0.3538, 2.1824 0.5342 0.3367, 2.1799 0.538 0.3196, 2.1752 0.543 0.3032, 2.1684 0.5489 0.2878, 2.16 0.5556 0.2736, 2.1501 0.5631 0.2608, 2.1386 0.5704 0.2487, 2.1246 0.5776 0.2373, 2.1082 0.5851 0.2277, 2.0897 0.5925 0.2204, 2.0694 0.5998 0.2159, 2.0483 0.6059 0.2149, 2.0266 0.6111 0.2176, 2.0045 0.6156 0.2248, 1.9832 0.6191 0.2367, 1.9642 0.6214 0.253, 1.9496 0.6226 0.2728, 1.9395 0.6227 0.2947, 1.9341 0.6216 0.3177, 1.9339 0.6206 0.3414, 1.9386 0.619 0.3646, 1.9478 0.6191 0.3859, 1.9606 0.6185 0.4042, 1.9759 0.6178 0.4187, 2.1366 0.2165 0.2468, 2.1223 0.2238 0.2357, 2.1056 0.2313 0.2265, 2.0869 0.2387 0.2197, 2.0666 0.2459 0.2158, 2.0455 0.252 0.2154, 2.0239 0.2572 0.2187, 2.0018 0.2618 0.2264, 1.9809 0.2653 0.2389, 1.9624 0.2676 0.2558, 1.9483 0.2688 0.2759, 1.9388 0.2688 0.2979, 1.934 0.2677 0.3211, 1.9344 0.2667 0.3449, 1.9397 0.2652 0.368, 1.9495 0.2653 0.389, 1.9628 0.2646 0.4069, 1.9783 0.2639 0.4209, 1.9952 0.2632 0.4308, 2.0135 0.2638 0.4376, 2.0321 0.2656 0.4409, 2.0502 0.2684 0.4411, 2.0676 0.2723 0.4389, 2.0833 0.2769 0.4345, 2.0979 0.2823 0.4284, 2.1122 0.2889 0.4205, 2.1259 0.2968 0.4106, 2.139 0.3046 0.3987, 2.1507 0.3119 0.3848, 2.1603 0.3191 0.3691, 2.1677 0.326 0.3517, 2.1728 0.3331 0.3318, 2.1744 0.3395 0.3101, 2.1718 0.3453 0.2874, 2.1649 0.3499 0.2648, 2.1538 0.3531 0.2439, 2.1388 0.3549 0.2253, 2.1197 0.3559 0.2102, 2.0975 0.3563 0.1993, 2.0734 0.3557 0.1932, 2.0494 0.3549 0.1926, 2.0267 0.353 0.1968, 2.0064 0.3526 0.205, 1.9881 0.3518 0.217, 1.9727 0.3513 0.2322, 1.9612 0.3512 0.2496, 1.9535 0.352 0.2678, 1.9495 0.3534 0.2857, 1.9488 0.3557 0.3027, 1.95 0.3594 0.3197, 1.9535 0.3643 0.3363, 1.9591 0.3703 0.3522, 1.9665 0.377 0.3671, 1.9756 0.3847 0.3808, 1.9862 0.3919 0.3937, 1.9991 0.399 0.4058, 2.0146 0.4065 0.4166, 2.0326 0.4139 0.4253, 2.0526 0.4212 0.4313, 2.0738 0.4275 0.4338, 2.0956 0.4326 0.4326, 2.118 0.437 0.4272, 2.14 0.4405 0.417, 2.1601 0.4428 0.402, 2.1763 0.4441 0.3833, 2.188 0.4443 0.3619, 2.195 0.4431 0.3394, 2.197 0.442 0.3161, 2.194 0.4404 0.2928, 2.1864 0.4405 0.2708, 2.1749 0.4399 0.2515, 2.1606 0.4393 0.2357, 2.1447 0.4387 0.2242, 2.1275 0.4391 0.2159, 2.1095 0.4407 0.2108, 2.0915 0.4436 0.2088, 2.0739 0.4475 0.2092, 2.0575 0.4523 0.212, 2.0423 0.4578 0.2167, 2.0276 0.4642 0.223, 2.0132 0.4719 0.2314, 1.9989 0.4798 0.2419, 1.9858 0.4871 0.2547, 1.9745 0.4945 0.2696, 1.9654 0.5014 0.2863, 1.9585 0.5083 0.3052, 1.9547 0.5147 0.3265, 1.9549 0.5204 0.3494, 1.9596 0.5251 0.3726, 1.9688 0.5285 0.3949, 1.982 0.5303 0.4149, 1.9992 0.5312 0.4316, 2.0199 0.5315 0.4446, 2.0432 0.5309 0.4531, 2.0673 0.5301 0.4561, 2.0906 0.5284 0.4542, 2.1118 0.5281 0.4479, 2.1308 0.5271 0.4379, 2.1475 0.5265 0.4244, 2.1606 0.5264 0.4084, 2.1703 0.5272 0.3909, 2.1761 0.5288 0.3732, 2.1786 0.5312 0.3562, 2.179 0.5347 0.3395, 2.1771 0.5395 0.3229, 2.1732 0.5455 0.3065, 2.1673 0.5522 0.2908, 2.1595 0.56 0.276, 2.1501 0.5674 0.262, 2.1386 0.5743 0.2489, 2.1244 0.5817 0.2367, 2.1075 0.5891 0.2263, 2.0881 0.5964 0.2183, 2.0669 0.6028 0.2137, 2.0449 0.6081 0.2127, 2.0224 0.6123 0.2159, 1.9997 0.6157 0.2237, 1.9783 0.6179 0.2365, 1.9602 0.6193 0.2536, 1.9463 0.6196 0.2739, 1.937 0.6186 0.296, 1.9328 0.6173 0.3186, 1.9334 0.6156 0.3418, 1.9387 0.6157 0.3643, 1.9482 0.6151 0.3848, 1.9611 0.6147 0.4022, 1.976 0.6142 0.4155, 2.1366 0.2205 0.247, 2.122 0.2278 0.2352, 2.1048 0.2353 0.2252, 2.0852 0.2426 0.2177, 2.064 0.249 0.2136, 2.042 0.2543 0.2133, 2.0196 0.2585 0.217, 1.9971 0.2619 0.2255, 1.9759 0.2641 0.2389, 1.9583 0.2655 0.2564, 1.945 0.2658 0.2771, 1.9363 0.2648 0.2993, 1.9327 0.2635 0.3221, 1.9339 0.2618 0.3454, 1.9399 0.2619 0.3677, 1.9499 0.2613 0.388, 1.9632 0.2608 0.4049, 1.9784 0.2603 0.4177, 1.9947 0.2606 0.4271, 2.0122 0.2621 0.4334, 2.0299 0.265 0.4367, 2.0476 0.2689 0.4376, 2.0643 0.2738 0.436, 2.08 0.2794 0.4324, 2.095 0.2857 0.4272, 2.1098 0.2933 0.4199, 2.1247 0.3011 0.4106, 2.1388 0.3085 0.3988, 2.1513 0.316 0.3846, 2.1617 0.323 0.3684, 2.1698 0.3299 0.3502, 2.1751 0.3361 0.3294, 2.1766 0.3418 0.3067, 2.1737 0.3465 0.2831, 2.1661 0.35 0.2601, 2.1541 0.3519 0.2389, 2.1383 0.3527 0.2212, 2.1188 0.3529 0.2069, 2.0963 0.3523 0.1967, 2.0725 0.3515 0.1918, 2.0489 0.3499 0.1921, 2.027 0.3497 0.1969, 2.0075 0.3486 0.2055, 1.9901 0.3479 0.2175, 1.9759 0.3477 0.2325, 1.9649 0.3486 0.2492, 1.9577 0.3503 0.2666, 1.9539 0.3528 0.2837, 1.9524 0.3562 0.3002, 1.9531 0.3609 0.3167, 1.9558 0.3668 0.3331, 1.9605 0.3736 0.3493, 1.9672 0.3815 0.3647, 1.9757 0.389 0.3796, 1.9861 0.3959 0.3935, 1.9993 0.4031 0.4065, 2.0152 0.4104 0.418, 2.034 0.4178 0.4275, 2.0549 0.4243 0.4337, 2.0771 0.4297 0.4362, 2.0997 0.4339 0.4347, 2.1227 0.4371 0.4286, 2.1449 0.4393 0.4175, 2.1642 0.4406 0.4018, 2.1797 0.4411 0.3825, 2.1906 0.4402 0.3608, 2.1964 0.4389 0.3385, 2.1975 0.437 0.3156, 2.1938 0.437 0.293, 2.1859 0.4365 0.2718, 2.1743 0.4361 0.2534, 2.1602 0.4357 0.2389, 2.1449 0.436 0.228, 2.1284 0.4374 0.2202, 2.1113 0.4401 0.2153, 2.0938 0.4441 0.2125, 2.0768 0.4491 0.2124, 2.0605 0.4548 0.2144, 2.0451 0.4611 0.2182, 2.03 0.4686 0.2238, 2.0143 0.4763 0.2316, 1.9991 0.4837 0.2419, 1.9852 0.4912 0.2548, 1.9731 0.4985 0.2702, 1.9631 0.5053 0.2876, 1.9559 0.5114 0.3074, 1.9522 0.517 0.3297, 1.9527 0.5217 0.3534, 1.958 0.5252 0.3772, 1.968 0.5273 0.3998, 1.982 0.5282 0.419, 1.9998 0.5282 0.435, 2.0209 0.5274 0.4473, 2.0441 0.5267 0.4545, 2.0677 0.5251 0.4566, 2.0904 0.5251 0.454, 2.1108 0.5241 0.4473, 2.1289 0.5232 0.4372, 2.1443 0.5229 0.4239, 2.1569 0.5238 0.4084, 2.1659 0.5255 0.3916, 2.1715 0.5282 0.3748, 2.1748 0.5317 0.3583, 2.1756 0.5362 0.3422, 2.1745 0.542 0.3258, 2.1715 0.5488 0.3093, 2.1664 0.5567 0.2931, 2.1593 0.5644 0.2772, 2.1501 0.5714 0.2622, 2.1385 0.5784 0.2482, 2.1239 0.5856 0.2353, 2.1063 0.593 0.224, 2.086 0.5995 0.2157, 2.0639 0.6051 0.2109, 2.0409 0.6094 0.2103, 2.0179 0.6124 0.214, 1.9949 0.6145 0.2226, 1.9742 0.6158 0.2363, 1.9567 0.6163 0.254, 1.9435 0.6156 0.2748, 1.9355 0.6144 0.2968, 1.9323 0.6124 0.319, 1.9336 0.6123 0.3416, 1.9394 0.6116 0.3634, 1.9491 0.6113 0.3829, 1.9618 0.6111 0.3991, 1.9763 0.6115 0.4117, 2.1365 0.2246 0.2463, 2.1215 0.2318 0.2337, 2.1035 0.2392 0.2229, 2.0831 0.2457 0.2151, 2.0609 0.2512 0.211, 2.0381 0.2555 0.2109, 2.015 0.2586 0.2153, 1.9922 0.2607 0.2246, 1.9718 0.262 0.2388, 1.9549 0.2625 0.257, 1.9423 0.2617 0.278, 1.9349 0.2605 0.3001, 1.9322 0.2585 0.3225, 1.9341 0.2584 0.3452, 1.9405 0.2578 0.3668, 1.9507 0.2575 0.3861, 1.9638 0.2572 0.4018, 1.9785 0.2577 0.4139, 1.9941 0.2589 0.4227, 2.0107 0.2615 0.4288, 2.0279 0.2655 0.4328, 2.0449 0.2705 0.4342, 2.0615 0.2763 0.4334, 2.0774 0.2827 0.4307, 2.0926 0.2901 0.4262, 2.1086 0.2977 0.4197, 2.1245 0.3051 0.4106, 2.1394 0.3126 0.3987, 2.1527 0.3199 0.3842, 2.164 0.3269 0.3672, 2.1725 0.3329 0.3482, 2.1779 0.3384 0.3265, 2.1792 0.3431 0.3029, 2.1756 0.3466 0.2787, 2.1672 0.3488 0.2553, 2.1544 0.3498 0.2348, 2.138 0.3497 0.2178, 2.118 0.3488 0.2041, 2.0956 0.348 0.1952, 2.0721 0.3465 0.1913, 2.0491 0.3466 0.1923, 2.0279 0.3457 0.1976, 2.0093 0.3448 0.2063, 1.9932 0.3443 0.2183, 1.9796 0.3451 0.2328, 1.9693 0.3469 0.2488, 1.9624 0.3497 0.2654, 1.9579 0.3533 0.2818, 1.9559 0.3578 0.2977, 1.9558 0.3634 0.314, 1.9576 0.3702 0.3305, 1.9615 0.3781 0.347, 1.9675 0.3859 0.3636, 1.9757 0.393 0.3794, 1.9862 0.4 0.3941, 1.9996 0.4071 0.4079, 2.0163 0.4143 0.4204, 2.0359 0.4209 0.4303, 2.0577 0.4265 0.4366, 2.0809 0.431 0.4389, 2.1041 0.434 0.4369, 2.1274 0.4359 0.43, 2.149 0.4372 0.418, 2.1677 0.4376 0.4016, 2.1825 0.437 0.3818, 2.1922 0.436 0.3602, 2.197 0.4339 0.3382, 2.1973 0.4337 0.3158, 2.1932 0.433 0.2939, 2.185 0.4327 0.2737, 2.1734 0.4325 0.2565, 2.1597 0.4331 0.2426, 2.145 0.4343 0.2324, 2.1294 0.4368 0.2249, 2.1129 0.4406 0.2193, 2.0961 0.4456 0.2162, 2.0794 0.4516 0.2153, 2.063 0.4582 0.2164, 2.0473 0.4656 0.2194, 2.0311 0.473 0.2242, 2.0145 0.4802 0.2316, 1.9985 0.4878 0.2419, 1.9837 0.4952 0.2551, 1.9706 0.5024 0.2711, 1.9603 0.5084 0.2893, 1.9529 0.5137 0.3101, 1.9492 0.5182 0.3332, 1.9503 0.5218 0.3576, 1.9563 0.5241 0.3819, 1.9673 0.5252 0.4038, 1.9821 0.5252 0.4225, 2.0003 0.5241 0.4378, 2.0215 0.5232 0.4488, 2.0444 0.5217 0.455, 2.0675 0.5218 0.4564, 2.0895 0.5211 0.4532, 2.1091 0.5203 0.4463, 2.1259 0.5196 0.436, 2.1406 0.5203 0.4232, 2.1524 0.5221 0.4083, 2.1611 0.5249 0.3924, 2.1674 0.5287 0.3762, 2.171 0.5333 0.3604, 2.1726 0.5388 0.3446, 2.1724 0.5453 0.3281, 2.1702 0.5532 0.3114, 2.166 0.5611 0.2942, 2.1593 0.5683 0.2774, 2.1501 0.5755 0.2616, 2.1383 0.5824 0.2467, 2.1231 0.5895 0.2328, 2.1047 0.596 0.221, 2.0835 0.6017 0.2125, 2.0605 0.6063 0.2079, 2.0368 0.6095 0.2077, 2.0133 0.6113 0.2121, 1.9909 0.6124 0.2217, 1.9707 0.6128 0.2361, 1.9539 0.6122 0.2544, 1.942 0.6113 0.2753, 1.9349 0.6094 0.2971, 1.9325 0.609 0.3189, 1.9344 0.6082 0.3408, 1.9405 0.6078 0.3617, 1.9503 0.6077 0.38, 1.9627 0.6084 0.3954, 1.9765 0.6098 0.4073, 2.1362 0.2285 0.2448, 2.1206 0.2357 0.2312, 2.1019 0.2422 0.22, 2.0805 0.2479 0.212, 2.0574 0.2525 0.208, 2.0339 0.2556 0.2085, 2.0104 0.2574 0.2135, 1.9882 0.2586 0.2238, 1.9683 0.259 0.2387, 1.9521 0.2584 0.2575, 1.9407 0.2575 0.2785, 1.9343 0.2555 0.3004, 1.9324 0.2552 0.3223, 1.9349 0.2544 0.3443, 1.9416 0.254 0.365, 1.9519 0.2539 0.3831, 1.9646 0.2546 0.3981, 1.9787 0.256 0.4095, 1.9935 0.2583 0.4179, 2.0094 0.262 0.4246, 2.0258 0.267 0.429, 2.0425 0.273 0.4311, 2.0591 0.2797 0.4313, 2.0752 0.2872 0.4294, 2.0915 0.2945 0.4257, 2.1084 0.3016 0.4196, 2.1251 0.3091 0.4106, 2.1409 0.3166 0.3985, 2.1552 0.3238 0.3834, 2.167 0.33 0.3657, 2.1758 0.3352 0.3458, 2.1811 0.3396 0.3231, 2.1818 0.3432 0.2988, 2.1776 0.3455 0.2741, 2.1682 0.3467 0.2513, 2.1546 0.3468 0.2314, 2.1377 0.3457 0.2149, 2.1175 0.3446 0.2025, 2.0953 0.343 0.1946, 2.0723 0.3432 0.1916, 2.0499 0.3425 0.1931, 2.0296 0.3419 0.1987, 2.0122 0.3412 0.2076, 1.9968 0.3417 0.2193, 1.984 0.3434 0.2332, 1.9741 0.3463 0.2484, 1.9666 0.3502 0.2642, 1.9618 0.3549 0.28, 1.9591 0.3603 0.2955, 1.9581 0.3668 0.3117, 1.9591 0.3746 0.3285, 1.962 0.3825 0.3459, 1.9675 0.3898 0.3634, 1.9756 0.397 0.3801, 1.9863 0.4039 0.3956, 2.0003 0.411 0.4105, 2.0177 0.4174 0.4235, 2.0382 0.4231 0.4336, 2.061 0.4278 0.4399, 2.0848 0.4311 0.4418, 2.1085 0.4328 0.4391, 2.1313 0.4338 0.4312, 2.1524 0.4342 0.4184, 2.1705 0.4336 0.4014, 2.1841 0.4328 0.3814, 2.1927 0.431 0.3599, 2.1967 0.4306 0.3383, 2.1964 0.4297 0.3166, 2.1919 0.4292 0.2955, 2.1835 0.4291 0.2765, 2.1722 0.4299 0.2601, 2.1591 0.4314 0.247, 2.1452 0.4337 0.2372, 2.1303 0.4373 0.2292, 2.1146 0.4422 0.2233, 2.0982 0.4482 0.2195, 2.0815 0.4549 0.2176, 2.065 0.4626 0.2179, 2.0484 0.4699 0.22, 2.0313 0.4769 0.2243, 2.0139 0.4843 0.2315, 1.997 0.4917 0.242, 1.9811 0.4991 0.2557, 1.9675 0.5054 0.2723, 1.9568 0.5106 0.2914, 1.9494 0.5149 0.3131, 1.9461 0.5183 0.337, 1.9479 0.5206 0.362, 1.955 0.5219 0.3858, 1.9668 0.5222 0.4072, 1.9821 0.5211 0.4253, 2.0006 0.5199 0.4394, 2.0217 0.5182 0.4494, 2.0442 0.5184 0.4548, 2.0668 0.5178 0.4555, 2.0879 0.5173 0.4519, 2.1063 0.5167 0.4447, 2.1224 0.517 0.4347, 2.1363 0.5186 0.4223, 2.1476 0.5215 0.4083, 2.1568 0.5254 0.3932, 2.1633 0.5303 0.3777, 2.1676 0.5358 0.3623, 2.1701 0.5421 0.3466, 2.1708 0.5498 0.33, 2.1696 0.5576 0.3124, 2.1659 0.565 0.2944, 2.1594 0.5724 0.2768, 2.1501 0.5794 0.26, 2.1379 0.5863 0.2441, 2.1221 0.5926 0.2296, 2.1028 0.5983 0.2175, 2.0806 0.603 0.2088, 2.0568 0.6064 0.2046, 2.0326 0.6083 0.2051, 2.0095 0.6091 0.2105, 1.9875 0.6094 0.221, 1.9678 0.6087 0.236, 1.9523 0.608 0.2546, 1.9414 0.6063 0.2755, 1.9352 0.6061 0.2969, 1.9334 0.605 0.3182, 1.9358 0.6044 0.3393, 1.9422 0.6042 0.359, 1.9518 0.6051 0.3765, 1.9637 0.6067 0.3911, 1.9768 0.6092 0.4025, 2.1358 0.2324 0.2422, 2.1195 0.2388 0.2281, 2.0999 0.2445 0.2165, 2.0775 0.2492 0.2085, 2.0537 0.2526 0.2049, 2.0296 0.2545 0.2059, 2.0066 0.2553 0.212, 1.9848 0.2556 0.2231, 1.9655 0.2549 0.2387, 1.9504 0.2542 0.2577, 1.9401 0.2525 0.2787, 1.9345 0.2522 0.3003, 1.9333 0.2511 0.3216, 1.9363 0.2506 0.3428, 1.9432 0.2504 0.3623, 1.9532 0.2513 0.3796, 1.9655 0.2529 0.3938, 1.9788 0.2554 0.4047, 1.9929 0.2588 0.4136, 2.0081 0.2636 0.4205, 2.024 0.2695 0.4255, 2.0406 0.2763 0.4286, 2.0573 0.2841 0.4296, 2.0742 0.2916 0.4287, 2.0913 0.2984 0.4257, 2.109 0.3057 0.4198, 2.1266 0.3131 0.4107, 2.1435 0.3205 0.3982, 2.1584 0.3269 0.3824, 2.1706 0.3323 0.3639, 2.1795 0.3364 0.343, 2.1844 0.3397 0.3196, 2.1846 0.342 0.2947, 2.1792 0.3433 0.2704, 2.169 0.3437 0.2479, 2.1548 0.3427 0.2285, 2.1375 0.3414 0.2133, 2.1174 0.3396 0.2019, 2.0954 0.3397 0.1949, 2.0729 0.3392 0.1925, 2.0514 0.3387 0.1945, 2.0322 0.3383 0.2005, 2.0156 0.3386 0.2092, 2.0011 0.34 0.2205, 1.9888 0.3428 0.2336, 1.9785 0.3468 0.248, 1.9708 0.3517 0.2631, 1.9653 0.3574 0.2784, 1.9617 0.3636 0.2937, 1.9599 0.3712 0.31, 1.9598 0.379 0.3275, 1.9621 0.3864 0.3458, 1.9674 0.3939 0.364, 1.9755 0.401 0.3816, 1.9865 0.4078 0.3982, 2.001 0.414 0.4137, 2.0193 0.4196 0.4272, 2.0407 0.4244 0.4375, 2.0643 0.4279 0.4434, 2.0888 0.4299 0.4447, 2.1122 0.4307 0.4409, 2.1347 0.4308 0.4322, 2.1553 0.4301 0.4188, 2.1722 0.4293 0.4013, 2.1847 0.4278 0.3813, 2.1925 0.4277 0.36, 2.1958 0.4266 0.339, 2.1949 0.4258 0.318, 2.19 0.4256 0.298, 2.1817 0.4264 0.2799, 2.1709 0.4282 0.2643, 2.1585 0.4308 0.2518, 2.1454 0.4342 0.2416, 2.1312 0.4388 0.2335, 2.116 0.4447 0.2269, 2.0999 0.4515 0.2222, 2.0832 0.4594 0.2195, 2.0659 0.467 0.2186, 2.0485 0.4739 0.2201, 2.0307 0.481 0.2241, 2.0124 0.4883 0.2313, 1.9943 0.4957 0.242, 1.9778 0.5021 0.2563, 1.9637 0.5077 0.2738, 1.9528 0.5119 0.2938, 1.9457 0.515 0.3162, 1.943 0.5172 0.3408, 1.9459 0.5185 0.3655, 1.9539 0.5189 0.389, 1.9663 0.5182 0.41, 1.9821 0.5169 0.427, 2.0007 0.5149 0.44, 2.0216 0.5149 0.4491, 2.0437 0.5143 0.4538, 2.0655 0.514 0.454, 2.0855 0.5137 0.4499, 2.103 0.514 0.4428, 2.1182 0.5153 0.4332, 2.1316 0.518 0.4214, 2.1433 0.5219 0.4082, 2.1525 0.5269 0.3939, 2.1597 0.5328 0.379, 2.1648 0.5391 0.3638, 2.1681 0.5465 0.3482, 2.17 0.5542 0.3309, 2.1695 0.5616 0.3126, 2.1661 0.5691 0.2938, 2.1597 0.5764 0.2753, 2.1502 0.5833 0.2574, 2.1375 0.5893 0.2408, 2.1208 0.5948 0.2257, 2.1006 0.5995 0.2134, 2.0776 0.6031 0.205, 2.0531 0.6053 0.2013, 2.0292 0.6062 0.2029, 2.0063 0.6061 0.2092, 1.9847 0.6053 0.2204, 1.9662 0.6045 0.2359, 1.9516 0.603 0.2547, 1.9416 0.603 0.2754, 1.9362 0.6021 0.2964, 1.9351 0.6012 0.317, 1.938 0.6008 0.337, 1.9443 0.6016 0.3558, 1.9535 0.6034 0.3725, 1.9647 0.6061 0.3864, 1.977 0.6097 0.3981, 2.1352 0.2355 0.2389, 2.1182 0.241 0.2243, 2.0976 0.2457 0.2125, 2.0744 0.2493 0.2047, 2.0499 0.2514 0.2017, 2.0261 0.2523 0.2039, 2.0033 0.2523 0.2108, 1.982 0.2515 0.2226, 1.9638 0.2507 0.2386, 1.9498 0.2492 0.2578, 1.9404 0.2492 0.2787, 1.9355 0.2482 0.2997, 1.9349 0.2473 0.3204, 1.9384 0.247 0.3404, 1.9452 0.2478 0.3591, 1.9549 0.2496 0.3755, 1.9664 0.2523 0.389, 1.979 0.2558 0.4003, 1.9923 0.2603 0.4093, 2.0069 0.2661 0.4168, 2.0226 0.2728 0.4227, 2.039 0.2808 0.4267, 2.0564 0.2885 0.4288, 2.0741 0.2955 0.4286, 2.0919 0.3025 0.4259, 2.1105 0.3097 0.4201, 2.1293 0.317 0.4108, 2.1468 0.3235 0.3977, 2.1623 0.3292 0.3812, 2.1747 0.3335 0.3618, 2.1834 0.3365 0.3401, 2.1878 0.3386 0.316, 2.1868 0.3399 0.2913, 2.1806 0.3403 0.2672, 2.1696 0.3396 0.2451, 2.1549 0.3385 0.2269, 2.1374 0.3364 0.2127, 2.1175 0.3363 0.2022, 2.0959 0.3357 0.1959, 2.0741 0.3354 0.1941, 2.0537 0.3351 0.1967, 2.0354 0.3357 0.2026, 2.0197 0.3369 0.2111, 2.0057 0.3394 0.2217, 1.9932 0.3433 0.234, 1.9828 0.3483 0.2476, 1.9745 0.3542 0.262, 1.9682 0.3607 0.277, 1.9638 0.3681 0.2923, 1.9607 0.3756 0.3091, 1.9599 0.3829 0.3274, 1.9619 0.3905 0.3463, 1.967 0.3978 0.3654, 1.9752 0.4049 0.3842, 1.9867 0.4109 0.4016, 2.002 0.4163 0.4177, 2.0212 0.4209 0.4314, 2.0435 0.4245 0.4415, 2.0678 0.4267 0.447, 2.0921 0.4278 0.4471, 2.1153 0.4277 0.4425, 2.1374 0.4267 0.433, 2.1569 0.4259 0.419, 2.1728 0.4244 0.4013, 2.1844 0.4245 0.3813, 2.1914 0.4236 0.3605, 2.194 0.4228 0.3401, 2.1926 0.4222 0.3201, 2.1877 0.423 0.301, 2.1797 0.4247 0.2838, 2.1695 0.4276 0.2689, 2.158 0.4313 0.2561, 2.1456 0.4358 0.246, 2.132 0.4413 0.2373, 2.1172 0.448 0.2299, 2.1012 0.4559 0.2243, 2.084 0.4637 0.2204, 2.0661 0.4709 0.2188, 2.048 0.4779 0.2198, 2.0293 0.485 0.2236, 2.0098 0.4922 0.2309, 1.991 0.4987 0.2421, 1.9738 0.5044 0.2571, 1.9594 0.5089 0.2755, 1.9486 0.512 0.2963, 1.9419 0.5139 0.3195, 1.9404 0.515 0.344, 1.9442 0.5155 0.3686, 1.9529 0.5149 0.3917, 1.966 0.5139 0.4117, 1.9821 0.5119 0.4276, 2.0006 0.5116 0.4398, 2.0212 0.5109 0.4481, 2.0426 0.5105 0.452, 2.0634 0.5104 0.4515, 2.0826 0.511 0.4475, 2.0992 0.5123 0.4405, 2.1137 0.5147 0.4315, 2.1273 0.5185 0.4206, 2.1389 0.5235 0.4082, 2.1487 0.5295 0.3945, 2.1567 0.5361 0.38, 2.1626 0.5436 0.365, 2.1672 0.5509 0.3489, 2.1698 0.5581 0.3311, 2.1698 0.5656 0.3121, 2.1667 0.5731 0.2924, 2.1602 0.5803 0.2727, 2.1503 0.5864 0.2541, 2.1369 0.5916 0.2368, 2.1194 0.5961 0.2213, 2.0983 0.5996 0.2091, 2.0746 0.6019 0.2011, 2.0501 0.6031 0.1986, 2.0262 0.6032 0.2011, 2.0037 0.6021 0.2081, 1.9831 0.6011 0.22, 1.9655 0.5995 0.2359, 1.9519 0.5997 0.2547, 1.9427 0.599 0.275, 1.938 0.5983 0.2955, 1.9376 0.5976 0.315, 1.9406 0.5982 0.3342, 1.9467 0.5999 0.3521, 1.9554 0.6028 0.368, 1.9657 0.6066 0.3821, 1.9773 0.6113 0.3938, 2.1346 0.2377 0.2349, 2.1166 0.2423 0.2199, 2.0952 0.2458 0.2082, 2.0713 0.2481 0.2009, 2.0468 0.2493 0.199, 2.0231 0.2493 0.2021, 2.0007 0.2482 0.2098, 1.9803 0.2473 0.2222, 1.9632 0.2457 0.2386, 1.9501 0.2459 0.2578, 1.9415 0.2451 0.2783, 1.9373 0.2444 0.2987, 1.9374 0.2437 0.3184, 1.9409 0.2444 0.3376, 1.9475 0.2461 0.3553, 1.9566 0.249 0.371, 1.9673 0.2528 0.3848, 1.9791 0.2574 0.396, 1.9918 0.2628 0.4055, 2.0059 0.2694 0.4138, 2.0214 0.2773 0.4205, 2.0383 0.2851 0.4257, 2.0562 0.2924 0.4287, 2.0746 0.2996 0.429, 2.0933 0.3065 0.4265, 2.1131 0.3136 0.4207, 2.1326 0.3201 0.411, 2.1509 0.3258 0.3972, 2.1667 0.3304 0.3798, 2.1791 0.3336 0.3596, 2.1874 0.3354 0.3372, 2.1907 0.3364 0.3131, 2.1888 0.3368 0.2884, 2.1817 0.3363 0.2646, 2.17 0.3354 0.2435, 2.1549 0.3335 0.2262, 2.1375 0.3331 0.2129, 2.1178 0.3323 0.2033, 2.0968 0.3319 0.1978, 2.076 0.3317 0.1967, 2.0564 0.3325 0.1994, 2.039 0.3339 0.2051, 2.024 0.3363 0.2131, 2.01 0.3399 0.2228, 1.9975 0.3449 0.2343, 1.9867 0.3508 0.2472, 1.9776 0.3576 0.2612, 1.9704 0.3652 0.2759, 1.9648 0.3724 0.2916, 1.9609 0.3795 0.309, 1.9595 0.387 0.3279, 1.9612 0.3944 0.3477, 1.9663 0.4017 0.368, 1.9749 0.408 0.3875, 1.987 0.4131 0.4056, 2.0031 0.4175 0.4222, 2.0231 0.421 0.4359, 2.0462 0.4233 0.4456, 2.0706 0.4246 0.4499, 2.0949 0.4248 0.4492, 2.1178 0.4236 0.4437, 2.139 0.4225 0.4335, 2.1575 0.4209 0.4191, 2.1725 0.4211 0.4013, 2.1833 0.4204 0.3816, 2.1896 0.4198 0.3613, 2.1913 0.4192 0.3418, 2.1898 0.4196 0.3227, 2.185 0.4213 0.3046, 2.1775 0.4241 0.2881, 2.1682 0.4281 0.2731, 2.1574 0.4328 0.2604, 2.1457 0.4383 0.2498, 2.1327 0.4447 0.2403, 2.1181 0.4525 0.2322, 2.1018 0.4603 0.2253, 2.0841 0.4677 0.2205, 2.0656 0.475 0.2184, 2.0467 0.4819 0.219, 2.0268 0.4889 0.2228, 2.0065 0.4952 0.2304, 1.9869 0.501 0.2422, 1.9693 0.5057 0.2581, 1.9549 0.509 0.2773, 1.9444 0.5108 0.2988, 1.9388 0.5117 0.3221, 1.9382 0.512 0.3467, 1.9428 0.5114 0.3711, 1.9524 0.5106 0.3933, 1.9659 0.5089 0.4123, 1.9821 0.5086 0.4273, 2.0004 0.5076 0.4386, 2.0205 0.5071 0.4461, 2.041 0.5069 0.4493, 2.061 0.5077 0.4486, 2.0792 0.5093 0.4446, 2.095 0.5117 0.4381, 2.1096 0.5152 0.4299, 2.123 0.52 0.4198, 2.135 0.526 0.4081, 2.1456 0.5328 0.3951, 2.1543 0.5405 0.3809, 2.1616 0.5479 0.3656, 2.167 0.5548 0.349, 2.1703 0.5622 0.3306, 2.1706 0.5696 0.3108, 2.1676 0.577 0.29, 2.1608 0.5833 0.2694, 2.1504 0.5886 0.25, 2.1362 0.5929 0.2322, 2.1179 0.5962 0.2167, 2.096 0.5985 0.2047, 2.072 0.5998 0.1979, 2.0475 0.6001 0.1963, 2.0238 0.5991 0.1995, 2.0022 0.5978 0.2075, 1.9825 0.5961 0.2199, 1.9658 0.5962 0.2359, 1.9531 0.5956 0.2545, 1.9447 0.5952 0.2744, 1.9409 0.5947 0.294, 1.9406 0.595 0.3128, 1.9436 0.5965 0.331, 1.9494 0.5993 0.3481, 1.9571 0.6033 0.364, 1.9667 0.6082 0.3779, 1.9775 0.6138 0.3899, 2.1338 0.239 0.2304, 2.115 0.2424 0.2153, 2.0927 0.2447 0.2039, 2.0686 0.246 0.1978, 2.0441 0.2463 0.1968, 2.0206 0.2453 0.2006, 1.9991 0.244 0.2092, 1.9797 0.2423 0.2221, 1.9635 0.2424 0.2386, 1.9512 0.2418 0.2576, 1.9434 0.2413 0.2776, 1.9401 0.2408 0.2972, 1.9404 0.2411 0.316, 1.9438 0.2427 0.3343, 1.9501 0.2455 0.3512, 1.9582 0.2495 0.3669, 1.9682 0.2543 0.3805, 1.9792 0.2599 0.3921, 1.9914 0.2662 0.4023, 2.0052 0.2739 0.4114, 2.0208 0.2817 0.4195, 2.0382 0.2891 0.4256, 2.0567 0.2965 0.4291, 2.0759 0.3035 0.4298, 2.0958 0.3104 0.4275, 2.1163 0.3166 0.4215, 2.1367 0.3223 0.4112, 2.1555 0.3271 0.3966, 2.1714 0.3305 0.3784, 2.1835 0.3325 0.3573, 2.1907 0.3332 0.3347, 2.1931 0.3334 0.3106, 2.1903 0.3328 0.286, 2.1824 0.332 0.263, 2.1702 0.3304 0.2429, 2.1549 0.3302 0.2265, 2.1376 0.3291 0.2141, 2.1183 0.3285 0.2053, 2.0982 0.3283 0.2006, 2.0782 0.3291 0.1998, 2.0596 0.3308 0.2024, 2.043 0.3333 0.2078, 2.028 0.3367 0.2149, 2.0142 0.3415 0.2239, 2.0014 0.3474 0.2347, 1.9898 0.3542 0.2469, 1.98 0.362 0.2605, 1.9715 0.3695 0.2754, 1.9649 0.3764 0.2915, 1.9604 0.3836 0.3094, 1.9586 0.391 0.3291, 1.9601 0.3983 0.3501, 1.9654 0.4048 0.3712, 1.9745 0.4102 0.3916, 1.9873 0.4144 0.4102, 2.0043 0.4176 0.4269, 2.0251 0.4198 0.4404, 2.0485 0.4212 0.449, 2.073 0.4216 0.4524, 2.0972 0.4207 0.4509, 2.1193 0.4194 0.4445, 2.1396 0.4175 0.4337, 2.1573 0.4176 0.419, 2.1714 0.417 0.4014, 2.1813 0.4166 0.3821, 2.1866 0.4162 0.3625, 2.1882 0.4165 0.3438, 2.1865 0.4179 0.3257, 2.182 0.4207 0.3084, 2.1755 0.4246 0.2919, 2.1669 0.4296 0.2773, 2.1569 0.4353 0.2643, 2.1458 0.4416 0.253, 2.1332 0.4491 0.2428, 2.1186 0.4568 0.2333, 2.1019 0.4642 0.2255, 2.0837 0.4718 0.2201, 2.0644 0.479 0.2174, 2.0443 0.4858 0.2178, 2.0236 0.4919 0.2217, 2.0025 0.4975 0.2298, 1.9823 0.5022 0.2423, 1.9646 0.5058 0.259, 1.9503 0.5079 0.2791, 1.9409 0.5087 0.301, 1.9362 0.5087 0.3244, 1.9364 0.508 0.3489, 1.9419 0.5072 0.3725, 1.9522 0.5057 0.3939, 1.966 0.5056 0.412, 1.9821 0.5046 0.4262, 2.0001 0.5038 0.4366, 2.0194 0.5035 0.4431, 2.0392 0.5043 0.446, 2.0581 0.506 0.4453, 2.0755 0.5087 0.4415, 2.0913 0.5122 0.4359, 2.1056 0.5168 0.4284, 2.1192 0.5226 0.4191, 2.1319 0.5293 0.4081, 2.1431 0.5372 0.3955, 2.1532 0.5449 0.3813, 2.1614 0.5519 0.3657, 2.1675 0.5589 0.3486, 2.1713 0.5662 0.3295, 2.172 0.5735 0.3085, 2.1688 0.58 0.2868, 2.1616 0.5856 0.2654, 2.1505 0.5899 0.2454, 2.1355 0.593 0.2274, 2.1164 0.595 0.212, 2.094 0.5963 0.2011, 2.0699 0.5968 0.1952, 2.0454 0.5961 0.1944, 2.0224 0.5949 0.1987, 2.0016 0.5929 0.2072, 1.9827 0.5928 0.2199, 1.967 0.5922 0.236, 1.9551 0.5918 0.2543, 1.9477 0.5916 0.2734, 1.9442 0.592 0.2923, 1.9442 0.5933 0.3101, 1.9469 0.5959 0.3275, 1.9517 0.5998 0.3444, 1.9588 0.6048 0.36, 1.9676 0.6107 0.3741, 1.9777 0.6171 0.3867, 2.133 0.2391 0.2256, 2.1133 0.2412 0.2107, 2.0907 0.2426 0.2004, 2.0664 0.243 0.1951, 2.0419 0.2422 0.1949, 2.0192 0.241 0.1998, 1.9985 0.239 0.209, 1.98 0.239 0.2222, 1.9646 0.2384 0.2387, 1.9532 0.238 0.2573, 1.9464 0.2377 0.2766, 1.9434 0.2382 0.2954, 1.9439 0.2394 0.3133, 1.947 0.2421 0.3307, 1.9523 0.246 0.3475, 1.9598 0.251 0.3629, 1.969 0.2568 0.3767, 1.9793 0.2632 0.389, 1.991 0.2706 0.3998, 2.0048 0.2782 0.4103, 2.0207 0.2856 0.4193, 2.0386 0.2932 0.4261, 2.0578 0.3005 0.4301, 2.0781 0.3074 0.4312, 2.0988 0.3134 0.4288, 2.1203 0.3189 0.4224, 2.1413 0.3236 0.4114, 2.1603 0.3272 0.396, 2.1761 0.3294 0.3769, 2.1871 0.3303 0.3555, 2.1935 0.3302 0.3327, 2.195 0.3294 0.3085, 2.1913 0.3286 0.2846, 2.1826 0.327 0.2625, 2.1701 0.3271 0.2432, 2.1548 0.3262 0.2277, 2.1378 0.3253 0.2161, 2.1192 0.3249 0.2083, 2.0998 0.3257 0.204, 2.0808 0.3274 0.2034, 2.063 0.3302 0.2058, 2.0466 0.3338 0.2103, 2.032 0.3383 0.2167, 2.0179 0.344 0.2249, 2.0045 0.3507 0.2349, 1.9923 0.3586 0.2467, 1.9811 0.3664 0.2602, 1.9717 0.3735 0.2754, 1.9644 0.3805 0.2919, 1.9594 0.3876 0.3105, 1.9571 0.3949 0.3313, 1.9586 0.4014 0.3531, 1.9643 0.4071 0.3751, 1.9741 0.4115 0.3962, 1.9877 0.4145 0.4151, 2.0055 0.4165 0.4317, 2.0268 0.4177 0.4442, 2.0505 0.4182 0.4519, 2.075 0.4175 0.4545, 2.0985 0.4165 0.4518, 2.1199 0.4144 0.4448, 2.1393 0.4142 0.4336, 2.1561 0.4135 0.4189, 2.1693 0.4132 0.4015, 2.1782 0.413 0.3828, 2.1831 0.4136 0.364, 2.1845 0.4148 0.3462, 2.183 0.4173 0.329, 2.1794 0.4212 0.3119, 2.1735 0.4262 0.2958, 2.1658 0.4321 0.2809, 2.1565 0.4387 0.2674, 2.1459 0.4461 0.2555, 2.1335 0.4535 0.244, 2.1186 0.4608 0.2335, 2.1016 0.4683 0.2249, 2.0827 0.4757 0.2189, 2.0623 0.4829 0.2158, 2.0414 0.4889 0.2162, 2.0197 0.4942 0.2204, 1.9979 0.4988 0.2291, 1.9775 0.5023 0.2424, 1.9597 0.5046 0.26, 1.9465 0.5057 0.2806, 1.9379 0.5057 0.3027, 1.934 0.5047 0.3263, 1.9353 0.5037 0.3502, 1.9416 0.5022 0.3731, 1.9523 0.5024 0.3936, 1.9662 0.5016 0.4109, 1.9821 0.5008 0.4242, 1.9995 0.5002 0.4335, 2.0181 0.5008 0.4396, 2.0369 0.5026 0.4422, 2.055 0.5054 0.4416, 2.0721 0.5092 0.4387, 2.0875 0.5138 0.4337, 2.102 0.5193 0.427, 2.1161 0.5259 0.4185, 2.1294 0.5338 0.4081, 2.142 0.5416 0.3957, 2.153 0.5489 0.3813, 2.162 0.556 0.3654, 2.1687 0.5629 0.3477, 2.173 0.5701 0.3275, 2.1737 0.5766 0.3056, 2.1703 0.5823 0.2831, 2.1625 0.5869 0.2609, 2.1506 0.59 0.2405, 2.1348 0.5918 0.2225, 2.1151 0.5929 0.2081, 2.0924 0.5933 0.1981, 2.0681 0.5927 0.1929, 2.0441 0.5918 0.1933, 2.0218 0.5899 0.1983, 2.0018 0.5896 0.2074, 1.9839 0.5887 0.2202, 1.969 0.5884 0.2361, 1.9582 0.5882 0.2538, 1.9513 0.589 0.2723, 1.9481 0.5903 0.2902, 1.948 0.5927 0.3072, 1.9499 0.5964 0.3243, 1.9541 0.6013 0.3408, 1.9603 0.6073 0.3564, 1.9683 0.614 0.371, 1.9778 0.6216 0.3842, 2.1321 0.2379 0.2207, 2.112 0.2391 0.2068, 2.089 0.2395 0.1974, 2.0646 0.2389 0.1929, 2.0407 0.238 0.1939, 2.0187 0.236 0.1995, 1.9988 0.2357 0.2091, 1.9811 0.2349 0.2224, 1.9667 0.2346 0.2387, 1.9564 0.2344 0.2568, 1.95 0.2351 0.2753, 1.9473 0.2365 0.2932, 1.9476 0.2388 0.3103, 1.95 0.2426 0.3274, 1.9546 0.2475 0.3438, 1.9613 0.2535 0.3593, 1.9696 0.2602 0.3736, 1.9794 0.2677 0.3865, 1.9909 0.275 0.3986, 2.0047 0.2822 0.4101, 2.021 0.2897 0.4198, 2.0395 0.2971 0.4273, 2.0598 0.3044 0.4319, 2.0809 0.3105 0.433, 2.1026 0.3157 0.4304, 2.1248 0.3202 0.4234, 2.1461 0.3237 0.4117, 2.1652 0.326 0.3954, 2.18 0.3272 0.3757, 2.1902 0.3273 0.3539, 2.1958 0.3262 0.331, 2.1962 0.3251 0.3073, 2.1916 0.3236 0.2841, 2.1825 0.3237 0.2627, 2.1698 0.3231 0.2443, 2.1547 0.3224 0.2297, 2.1381 0.3217 0.2193, 2.1202 0.3223 0.212, 2.1017 0.324 0.208, 2.0836 0.3268 0.2073, 2.0662 0.3307 0.2088, 2.0502 0.3354 0.2128, 2.0355 0.3408 0.2184, 2.021 0.3473 0.2258, 2.007 0.3551 0.2351, 1.9935 0.363 0.2466, 1.9813 0.3703 0.2602, 1.9711 0.3776 0.2756, 1.9632 0.3844 0.2927, 1.9575 0.3915 0.3124, 1.9552 0.3979 0.334, 1.9569 0.4037 0.3568, 1.9631 0.4083 0.3796, 1.9736 0.4116 0.401, 1.988 0.4133 0.42, 2.0064 0.4143 0.4357, 2.0282 0.4147 0.4473, 2.0521 0.4141 0.4542, 2.0762 0.4133 0.4557, 2.0991 0.4115 0.4522, 2.1196 0.4111 0.4446, 2.1382 0.4102 0.4333, 2.1541 0.4097 0.4186, 2.1662 0.4096 0.4017, 2.1745 0.4104 0.3837, 2.1791 0.4119 0.3658, 2.1804 0.4142 0.3488, 2.1797 0.4178 0.3319, 2.1767 0.4227 0.3153, 2.1717 0.4287 0.2992, 2.1648 0.4354 0.284, 2.1562 0.4431 0.2699, 2.146 0.4504 0.2567, 2.1335 0.4574 0.2442, 2.1184 0.4649 0.2329, 2.1008 0.4723 0.2237, 2.0809 0.4796 0.217, 2.0597 0.4859 0.2138, 2.0378 0.4911 0.2142, 2.0154 0.4954 0.2189, 1.9931 0.4989 0.2283, 1.9725 0.5012 0.2426, 1.9557 0.5025 0.2608, 1.9432 0.5027 0.2818, 1.9355 0.5016 0.3042, 1.9327 0.5004 0.3273, 1.9349 0.4988 0.3506, 1.9418 0.4989 0.3728, 1.9526 0.4983 0.3926, 1.9665 0.4978 0.4089, 1.9821 0.4972 0.421, 1.9989 0.4975 0.4298, 2.0166 0.4991 0.4354, 2.0345 0.502 0.438, 2.0522 0.5059 0.4382, 2.0688 0.5108 0.4359, 2.0842 0.5163 0.4318, 2.099 0.5226 0.4259, 2.1136 0.5303 0.4181, 2.1282 0.5382 0.4081, 2.1417 0.5455 0.3957, 2.1536 0.5529 0.3811, 2.1633 0.5599 0.3647, 2.1708 0.5668 0.346, 2.1752 0.5731 0.325, 2.1758 0.5788 0.3022, 2.1719 0.5835 0.2787, 2.1634 0.587 0.2561, 2.1508 0.5888 0.2356, 2.1343 0.5897 0.2185, 2.114 0.5899 0.2048, 2.0911 0.5893 0.1955, 2.0671 0.5885 0.1916, 2.0437 0.5869 0.1929, 2.0221 0.5866 0.1985, 2.0029 0.5855 0.2078, 1.9859 0.5849 0.2206, 1.9722 0.5848 0.2362, 1.962 0.5856 0.2533, 1.9555 0.5873 0.271, 1.9524 0.5897 0.288, 1.9515 0.5932 0.3046, 1.9529 0.5979 0.3212, 1.9562 0.6038 0.3376, 1.9616 0.6106 0.3535, 1.9689 0.6185 0.3686, 1.9779 0.6259 0.383, 2.1315 0.2358 0.2167, 2.1108 0.2361 0.2035, 2.0876 0.2355 0.1949, 2.0635 0.2347 0.1916, 2.0402 0.233 0.1935, 2.0189 0.2327 0.1996, 1.9999 0.2317 0.2095, 1.9831 0.2311 0.2228, 1.9699 0.231 0.2387, 1.9601 0.2318 0.2562, 1.9542 0.2334 0.2739, 1.9515 0.2359 0.2909, 1.9511 0.2393 0.3076, 1.9528 0.2441 0.3242, 1.9567 0.2501 0.3405, 1.9624 0.2568 0.3563, 1.9701 0.2646 0.3711, 1.9794 0.2721 0.3853, 1.9908 0.2789 0.3984, 2.0049 0.2863 0.4107, 2.0217 0.2936 0.4212, 2.0411 0.301 0.4293, 2.0623 0.3074 0.4341, 2.0843 0.3128 0.4352, 2.1068 0.3169 0.4322, 2.1295 0.3203 0.4245, 2.1511 0.3225 0.4119, 2.1693 0.3239 0.3949, 2.1833 0.3242 0.3747, 2.1928 0.3233 0.3526, 2.1971 0.3219 0.33, 2.1966 0.3202 0.3068, 2.1915 0.3203 0.2843, 2.1821 0.3197 0.2638, 2.1694 0.3193 0.2463, 2.1545 0.3188 0.2329, 2.1385 0.3191 0.2231, 2.1214 0.3206 0.2162, 2.1038 0.3234 0.2124, 2.0862 0.3273 0.2108, 2.0693 0.3322 0.2119, 2.0534 0.3379 0.2149, 2.0383 0.3441 0.2197, 2.0234 0.3518 0.2264, 2.0082 0.3595 0.2352, 1.9937 0.3669 0.2466, 1.9807 0.3744 0.2603, 1.9698 0.3815 0.2763, 1.961 0.3883 0.2942, 1.9551 0.3945 0.3147, 1.9528 0.4002 0.3373, 1.9549 0.4049 0.361, 1.9618 0.4084 0.3843, 1.9731 0.4104 0.4059, 1.9883 0.4112 0.4241, 2.0073 0.4113 0.4391, 2.0294 0.4106 0.45, 2.053 0.4099 0.4556, 2.0766 0.4083 0.4561, 2.0988 0.4082 0.452, 2.1186 0.4071 0.4441, 2.1363 0.4064 0.4327, 2.1509 0.4061 0.4183, 2.1624 0.407 0.4019, 2.1702 0.4087 0.3847, 2.1747 0.4113 0.3677, 2.1767 0.4147 0.3512, 2.1765 0.4194 0.3348, 2.1744 0.4252 0.3184, 2.1703 0.432 0.302, 2.1641 0.4399 0.2864, 2.156 0.4475 0.2711, 2.146 0.4544 0.2569, 2.1334 0.4615 0.2436, 2.1178 0.4688 0.2315, 2.0994 0.4762 0.2214, 2.0787 0.4827 0.2145, 2.0565 0.4882 0.2113, 2.0338 0.4924 0.212, 2.0108 0.4955 0.2173, 1.9882 0.4977 0.2276, 1.9684 0.499 0.2427, 1.9523 0.4995 0.2615, 1.9406 0.4987 0.2829, 1.934 0.4974 0.3051, 1.9323 0.4954 0.3278, 1.9351 0.4954 0.3504, 1.9423 0.4949 0.3718, 1.9533 0.4945 0.3906, 1.967 0.4942 0.4057, 1.982 0.4945 0.4172, 1.9981 0.4958 0.4254, 2.015 0.4985 0.4309, 2.0323 0.5025 0.4342, 2.0494 0.5075 0.4349, 2.0658 0.5133 0.4335, 2.0814 0.5196 0.4302, 2.0966 0.5271 0.425, 2.1124 0.5347 0.4178, 2.128 0.5421 0.4081, 2.1424 0.5496 0.3956, 2.155 0.5569 0.3806, 2.1656 0.5638 0.3634, 2.1734 0.5698 0.344, 2.1779 0.5754 0.3219, 2.1782 0.5801 0.2982, 2.1737 0.5836 0.2742, 2.1644 0.5858 0.2513, 2.1509 0.5867 0.2315, 2.1338 0.5866 0.215, 2.1131 0.5858 0.2021, 2.0903 0.585 0.1941, 2.0667 0.5835 0.1911, 2.0439 0.5836 0.193, 2.0231 0.5826 0.1991, 2.0048 0.5817 0.2086, 1.989 0.5813 0.2213, 1.976 0.5821 0.2364, 1.9664 0.5839 0.2528, 1.9601 0.5867 0.2695, 1.9563 0.5902 0.286, 1.955 0.5947 0.302, 1.9555 0.6004 0.3183, 1.958 0.6072 0.3349, 1.9626 0.6151 0.3512, 1.9691 0.6228 0.3674, 1.9779 0.6299 0.3828, 2.1309 0.2328 0.2132, 2.1098 0.232 0.2008, 2.0867 0.2312 0.1934, 2.0631 0.2297 0.1911, 2.0404 0.2297 0.1936, 2.0199 0.2287 0.2002, 2.0018 0.2279 0.2102, 1.9862 0.2275 0.2234, 1.9736 0.2283 0.2388, 1.9645 0.2301 0.2555, 1.9587 0.2328 0.2723, 1.9554 0.2363 0.2888, 1.9545 0.2408 0.3049, 1.9554 0.2466 0.3213, 1.9583 0.2534 0.3378, 1.9633 0.2613 0.354, 1.9703 0.269 0.37, 1.9795 0.276 0.3851, 1.9909 0.283 0.3991, 2.0054 0.2902 0.4121, 2.023 0.2976 0.4235, 2.0432 0.3041 0.432, 2.0653 0.3097 0.4368, 2.0883 0.314 0.4376, 2.1113 0.3171 0.4341, 2.1344 0.3191 0.4256, 2.1552 0.3204 0.4121, 2.1727 0.3209 0.3945, 2.1861 0.3202 0.3738, 2.1942 0.319 0.3519, 2.1976 0.317 0.3296, 2.1964 0.3169 0.307, 2.1908 0.3162 0.2853, 2.1813 0.3159 0.2656, 2.1686 0.3157 0.2494, 2.1542 0.3162 0.2367, 2.139 0.3174 0.2274, 2.1227 0.32 0.2209, 2.1057 0.3238 0.2163, 2.0887 0.3289 0.2143, 2.0721 0.3348 0.2146, 2.056 0.3412 0.2167, 2.0406 0.3486 0.2207, 2.0245 0.3561 0.2267, 2.0084 0.3635 0.2353, 1.9931 0.371 0.2466, 1.9793 0.3784 0.2607, 1.9674 0.3854 0.2774, 1.9583 0.3914 0.2961, 1.9522 0.3968 0.3175, 1.9501 0.4014 0.341, 1.9528 0.405 0.3653, 1.9605 0.4072 0.3891, 1.9727 0.4083 0.41, 1.9885 0.4082 0.4276, 2.008 0.4073 0.4418, 2.03 0.4064 0.4515, 2.0533 0.4049 0.4561, 2.0764 0.405 0.4559, 2.0979 0.4042 0.4514, 2.1168 0.4033 0.4432, 2.1332 0.4028 0.4318, 2.1472 0.4035 0.4178, 2.158 0.4053 0.4022, 2.1655 0.4081 0.3858, 2.1706 0.4118 0.3694, 2.1731 0.4163 0.3536, 2.1737 0.4219 0.3375, 2.1725 0.4285 0.3209, 2.1691 0.4365 0.3043, 2.1637 0.4443 0.2875, 2.156 0.4514 0.2713, 2.146 0.4584 0.2563, 2.1331 0.4655 0.2421, 2.1168 0.4727 0.229, 2.0976 0.4792 0.2186, 2.076 0.4849 0.2115, 2.0528 0.4894 0.2084, 2.0295 0.4925 0.2097, 2.0061 0.4944 0.2158, 1.9842 0.4956 0.227, 1.9649 0.496 0.2427, 1.9495 0.4954 0.2621, 1.939 0.4944 0.2835, 1.9335 0.4924 0.3054, 1.9325 0.4921 0.3276, 1.9358 0.4914 0.3495, 1.9433 0.4911 0.37, 1.9544 0.4909 0.3876, 1.9676 0.4916 0.402, 1.982 0.4928 0.4128, 1.9972 0.4952 0.4207, 2.0135 0.499 0.4268, 2.0302 0.504 0.4305, 2.0469 0.51 0.432, 2.0634 0.5166 0.4314, 2.0793 0.5241 0.4289, 2.0955 0.5314 0.4246, 2.1122 0.5386 0.4178, 2.1286 0.5462 0.4081, 2.1439 0.5536 0.3953, 2.1575 0.5608 0.3797, 2.1685 0.5669 0.3618, 2.1765 0.5721 0.3414, 2.1809 0.5766 0.3185, 2.1807 0.5802 0.2941, 2.1755 0.5825 0.2696, 2.1652 0.5837 0.2473, 2.1509 0.5837 0.228, 2.1334 0.5826 0.2122, 2.1126 0.5816 0.2005, 2.09 0.5801 0.1935, 2.0669 0.5802 0.1914, 2.0447 0.5795 0.1938, 2.0248 0.5788 0.2002, 2.0077 0.5781 0.2098, 1.9927 0.5787 0.2221, 1.9804 0.5804 0.2366, 1.9712 0.5833 0.2521, 1.9643 0.5871 0.2682, 1.9602 0.5918 0.284, 1.9581 0.5972 0.2997, 1.9577 0.6038 0.316, 1.9593 0.6116 0.3328, 1.963 0.6195 0.3501, 1.9692 0.6268 0.3672, 1.9779 0.634 0.3835, 2.1304 0.2287 0.2104, 2.1093 0.2278 0.1993, 2.0864 0.2263 0.1929, 2.0633 0.2264 0.1914, 2.0413 0.2257 0.1944, 2.0216 0.2249 0.2012, 2.0047 0.2242 0.2113, 1.99 0.2249 0.2241, 1.978 0.2266 0.2389, 1.9692 0.2295 0.2547, 1.9628 0.2333 0.2709, 1.9592 0.2379 0.2867, 1.9575 0.2434 0.3025, 1.9575 0.2499 0.3189, 1.9596 0.2578 0.3357, 1.9638 0.2657 0.3529, 1.9704 0.2729 0.3698, 1.9794 0.2801 0.3857, 1.9911 0.287 0.4006, 2.0062 0.2941 0.4146, 2.0245 0.3006 0.4265, 2.0457 0.3063 0.4352, 2.0687 0.3109 0.4399, 2.0924 0.3141 0.4403, 2.1159 0.3159 0.436, 2.1383 0.317 0.4265, 2.1586 0.3174 0.4123, 2.1755 0.3168 0.3941, 2.1876 0.3159 0.3733, 2.1948 0.314 0.3516, 2.1974 0.3136 0.3298, 2.1956 0.3128 0.3079, 2.1897 0.3124 0.287, 2.18 0.3123 0.2686, 2.1677 0.313 0.2531, 2.154 0.3145 0.2411, 2.1395 0.3168 0.2322, 2.1239 0.3204 0.2251, 2.1076 0.3254 0.2202, 2.091 0.3314 0.2175, 2.0744 0.3381 0.2168, 2.0581 0.3457 0.2181, 2.0417 0.353 0.2212, 2.0247 0.3601 0.2268, 2.0078 0.3675 0.2352, 1.9916 0.375 0.2468, 1.9767 0.3823 0.2614, 1.9643 0.3885 0.2788, 1.9549 0.3936 0.2984, 1.9489 0.3981 0.3208, 1.9473 0.4015 0.345, 1.9507 0.4039 0.3698, 1.9594 0.4051 0.393, 1.9724 0.4053 0.4135, 1.9887 0.4041 0.4304, 2.0084 0.403 0.4434, 2.0303 0.4014 0.452, 2.0532 0.4016 0.4559, 2.0756 0.401 0.4551, 2.0963 0.4003 0.4502, 2.1139 0.3997 0.4418, 2.1296 0.4002 0.4307, 2.1428 0.4018 0.4173, 2.1532 0.4047 0.4024, 2.1613 0.4086 0.3868, 2.1666 0.4133 0.3711, 2.1698 0.4188 0.3557, 2.1714 0.4252 0.3396, 2.1709 0.433 0.3229, 2.1686 0.4408 0.3053, 2.1637 0.4482 0.2877, 2.1561 0.4555 0.2707, 2.1459 0.4624 0.2547, 2.1325 0.4694 0.2395, 2.1156 0.4758 0.226, 2.0955 0.4815 0.2151, 2.0729 0.4862 0.208, 2.049 0.4896 0.2054, 2.0251 0.4913 0.2074, 2.0022 0.4922 0.2144, 1.9807 0.4926 0.2264, 1.9621 0.492 0.2428, 1.9479 0.4912 0.2624, 1.9384 0.4895 0.2837, 1.9337 0.4891 0.3052, 1.9333 0.4881 0.3268, 1.9371 0.4876 0.348, 1.9449 0.4874 0.3672, 1.9556 0.4883 0.384, 1.9683 0.4899 0.3976, 1.982 0.4922 0.4079, 1.9965 0.4957 0.4164, 2.012 0.5006 0.4227, 2.0282 0.5065 0.4271, 2.0448 0.5133 0.4295, 2.0615 0.5211 0.4298, 2.0782 0.5284 0.4283, 2.0953 0.5354 0.4245, 2.1129 0.5427 0.4179, 2.1301 0.5501 0.4081, 2.1465 0.5575 0.3949, 2.1607 0.5639 0.3786, 2.1721 0.5691 0.3598, 2.1802 0.5734 0.3385, 2.1842 0.5767 0.3148, 2.1833 0.579 0.2898, 2.177 0.5803 0.2658, 2.1659 0.5807 0.2438, 2.151 0.5796 0.2251, 2.1331 0.5784 0.2105, 2.1124 0.5766 0.1999, 2.0901 0.5768 0.1938, 2.0676 0.5762 0.1923, 2.0462 0.5757 0.1952, 2.0275 0.5752 0.2019, 2.0112 0.5755 0.2112, 1.997 0.577 0.2231, 1.9852 0.5798 0.2368, 1.9755 0.5838 0.2516, 1.9684 0.5887 0.2669, 1.9636 0.5943 0.2822, 1.9606 0.6005 0.2978, 1.9594 0.6082 0.3142, 1.96 0.616 0.3318, 1.9631 0.6234 0.3499, 1.969 0.6308 0.3679, 1.9778 0.6379 0.385, 2.1301 0.2245 0.2088, 2.1091 0.2228 0.1987, 2.0866 0.223 0.1931, 2.064 0.2224 0.1922, 2.0428 0.2219 0.1957, 2.0244 0.2213 0.2029, 2.0083 0.2216 0.2127, 1.9943 0.2232 0.225, 1.9829 0.226 0.239, 1.9736 0.23 0.254, 1.967 0.2349 0.2695, 1.9626 0.2404 0.2849, 1.96 0.2467 0.3005, 1.9592 0.2544 0.317, 1.9603 0.2622 0.3347, 1.9638 0.2696 0.3527, 1.9702 0.277 0.3704, 1.9794 0.284 0.3872, 1.9915 0.2909 0.4032, 2.0072 0.2972 0.4178, 2.0264 0.3029 0.4301, 2.0485 0.3076 0.4388, 2.0723 0.311 0.4432, 2.0965 0.313 0.4429, 2.1197 0.3138 0.4376, 2.1417 0.314 0.4273, 2.1615 0.3133 0.4124, 2.1772 0.3126 0.3939, 2.1882 0.3109 0.3732, 2.1946 0.3107 0.3517, 2.1965 0.3096 0.3305, 2.1942 0.309 0.3093, 2.1879 0.3088 0.2896, 2.1785 0.3097 0.272, 2.1667 0.3113 0.2574, 2.1536 0.3139 0.2459, 2.1399 0.3173 0.2366, 2.1251 0.322 0.2293, 2.1093 0.3279 0.2237, 2.0929 0.3347 0.22, 2.0762 0.3425 0.2185, 2.0591 0.35 0.2188, 2.0419 0.3569 0.2213, 2.0241 0.3641 0.2266, 2.0063 0.3715 0.2351, 1.989 0.3789 0.247, 1.9735 0.3853 0.2623, 1.9607 0.3907 0.2805, 1.9511 0.3949 0.3011, 1.9454 0.3982 0.3242, 1.9444 0.4004 0.349, 1.949 0.4017 0.3735, 1.9585 0.4021 0.3964, 1.9721 0.4012 0.4163, 1.9889 0.3999 0.4321, 2.0085 0.3981 0.4441, 2.0302 0.3981 0.4518, 2.0525 0.3975 0.455, 2.0742 0.3971 0.4536, 2.0937 0.3967 0.4483, 2.1105 0.397 0.4401, 2.1254 0.3984 0.4294, 2.138 0.4012 0.4167, 2.1488 0.4052 0.4027, 2.1571 0.4101 0.3878, 2.1631 0.4159 0.3726, 2.1672 0.4221 0.3574, 2.1695 0.4297 0.3413, 2.1702 0.4374 0.3238, 2.1685 0.4448 0.3055, 2.1639 0.4523 0.2871, 2.1563 0.4595 0.2692, 2.1458 0.4663 0.2521, 2.1318 0.4724 0.2362, 2.1141 0.478 0.2222, 2.093 0.4828 0.2112, 2.0696 0.4863 0.2044, 2.0451 0.4884 0.2024, 2.0215 0.4892 0.2054, 1.9989 0.4892 0.2133, 1.9779 0.4885 0.226, 1.9604 0.4877 0.2428, 1.9472 0.4862 0.2625, 1.9387 0.4861 0.2836, 1.9347 0.4851 0.3047, 1.9349 0.4843 0.3255, 1.9392 0.484 0.3455, 1.9467 0.4848 0.3639, 1.957 0.4866 0.3799, 1.9691 0.4893 0.3929, 1.9819 0.4927 0.4036, 1.9957 0.4973 0.4121, 2.0107 0.5031 0.4191, 2.0266 0.5099 0.4244, 2.0432 0.5178 0.4276, 2.0606 0.5254 0.4291, 2.0781 0.5324 0.4282, 2.0959 0.5394 0.4248, 2.1143 0.5467 0.4182, 2.1328 0.554 0.4081, 2.1498 0.5605 0.3944, 2.1645 0.5661 0.3773, 2.1761 0.5704 0.3575, 2.1839 0.5735 0.3355, 2.1874 0.5756 0.3111, 2.1854 0.5769 0.2863, 2.1782 0.5773 0.2625, 2.1664 0.5766 0.241, 2.1511 0.5754 0.2235, 2.133 0.5734 0.2099, 2.1125 0.5733 0.2002, 2.0907 0.5727 0.1948, 2.0688 0.5724 0.1939, 2.0486 0.5721 0.1973, 2.0307 0.5725 0.2039, 2.0153 0.5738 0.2129, 2.0017 0.5764 0.2242, 1.9896 0.5803 0.237, 1.9798 0.5853 0.251, 1.9721 0.5912 0.2657, 1.9664 0.5976 0.2808, 1.9626 0.605 0.2963, 1.9602 0.6126 0.3133, 1.9601 0.6199 0.3316, 1.9629 0.6275 0.3505, 1.9687 0.6348 0.3693, 1.9776 0.6418 0.3876, 2.13 0.2195 0.2082, 2.1092 0.2195 0.1989, 2.0871 0.2189 0.1941, 2.0653 0.2186 0.1938, 2.0453 0.2183 0.1978, 2.0276 0.2187 0.2048, 2.0124 0.2199 0.2143, 1.999 0.2226 0.2259, 1.9872 0.2265 0.239, 1.9779 0.2315 0.2533, 1.9706 0.2374 0.2682, 1.9654 0.2437 0.2833, 1.9619 0.2511 0.2989, 1.96 0.2588 0.3161, 1.9604 0.2661 0.3345, 1.9636 0.2737 0.3533, 1.9699 0.281 0.3719, 1.9793 0.2879 0.3898, 1.9919 0.2939 0.4065, 2.0084 0.2994 0.4217, 2.0286 0.3041 0.4342, 2.0515 0.3077 0.4427, 2.076 0.3099 0.4465, 2.1 0.3108 0.4451, 2.1229 0.3107 0.4389, 2.1445 0.3099 0.428, 2.1631 0.3091 0.4125, 2.1778 0.3076 0.3938, 2.188 0.3076 0.3732, 2.1935 0.3067 0.3522, 2.1948 0.3058 0.3317, 2.192 0.3054 0.3117, 2.1858 0.3062 0.2928, 2.1767 0.308 0.2761, 2.1656 0.3107 0.2621, 2.1534 0.3143 0.2502, 2.1404 0.3188 0.2409, 2.1261 0.3245 0.233, 2.1107 0.3312 0.2265, 2.0943 0.3392 0.2221, 2.077 0.3469 0.2193, 2.0592 0.354 0.2189, 2.0413 0.361 0.2211, 2.0227 0.3681 0.2262, 2.0036 0.3754 0.2349, 1.9856 0.3819 0.2473, 1.9696 0.3876 0.2634, 1.9565 0.392 0.2825, 1.9471 0.395 0.3038, 1.9419 0.397 0.3276, 1.942 0.3983 0.3524, 1.9475 0.3987 0.3767, 1.9577 0.398 0.3991, 1.972 0.397 0.4179, 1.9889 0.3949 0.4327, 2.0084 0.3947 0.4438, 2.0297 0.3941 0.4507, 2.0514 0.3937 0.4533, 2.072 0.3935 0.4513, 2.0906 0.3941 0.446, 2.1066 0.3953 0.4381, 2.1207 0.3978 0.428, 2.1337 0.4017 0.4162, 2.1445 0.4067 0.403, 2.1533 0.4126 0.3887, 2.1602 0.4192 0.3739, 2.1651 0.4266 0.3587, 2.1686 0.434 0.3421, 2.1701 0.4413 0.324, 2.1688 0.4489 0.305, 2.1643 0.4562 0.2856, 2.1566 0.4634 0.2665, 2.1457 0.4694 0.2488, 2.131 0.4747 0.2322, 2.1124 0.4793 0.2179, 2.0904 0.4829 0.2071, 2.0663 0.4851 0.2008, 2.0419 0.4863 0.1998, 2.0185 0.4862 0.2038, 1.9962 0.4852 0.2124, 1.9763 0.4843 0.2258, 1.9598 0.4828 0.2429, 1.9475 0.4829 0.2625, 1.9398 0.4821 0.2832, 1.9365 0.4813 0.3036, 1.9373 0.4807 0.3234, 1.9416 0.4814 0.3426, 1.9489 0.4831 0.3601, 1.9586 0.486 0.3753, 1.9698 0.4897 0.3886, 1.9819 0.4943 0.3992, 1.9951 0.4998 0.4083, 2.0096 0.5064 0.4161, 2.0254 0.5143 0.4222, 2.0425 0.5221 0.4267, 2.0604 0.5294 0.4289, 2.0786 0.5365 0.4285, 2.0973 0.5434 0.4253, 2.1169 0.5506 0.4187, 2.1361 0.5571 0.4081, 2.1538 0.5628 0.3937, 2.1689 0.5674 0.3757, 2.1803 0.5705 0.3552, 2.1878 0.5723 0.3324, 2.1901 0.5734 0.308, 2.1872 0.5739 0.2834, 2.1792 0.5733 0.2599, 2.1667 0.5724 0.2394, 2.1511 0.5704 0.2229, 2.1331 0.5701 0.2102, 2.1129 0.5693 0.2013, 2.0916 0.5689 0.1966, 2.0708 0.5688 0.1964, 2.0514 0.5695 0.1998, 2.0344 0.5708 0.2062, 2.0197 0.5732 0.2148, 2.0059 0.5769 0.2251, 1.9939 0.5819 0.2372, 1.9836 0.5879 0.2505, 1.9751 0.5945 0.2647, 1.9687 0.6021 0.2796, 1.9636 0.6094 0.2955, 1.9604 0.6165 0.3132, 1.9598 0.624 0.3322, 1.9623 0.6315 0.3519, 1.9681 0.6387 0.3719, 1.9774 0.6449 0.391, 2.5768 2.3425 0.0394, 2.5768 2.198 0.0394, 2.5768 2.3425 0.0, 2.5768 2.198 0.0, 2.4193 1.7913 0.0394, 2.4193 2.3819 0.0394, 2.4193 1.7913 0.0, 2.4193 2.3819 0.0, 2.5374 2.3819 0.0394, 2.5374 2.3819 0.0, 2.5768 1.8307 0.0394, 2.5768 1.9753 0.0394, 2.5374 1.7913 0.0394, 2.5721 1.9939 0.0394, 2.5665 2.0018 0.0394, 2.537 2.0186 0.0394, 2.5249 2.0273 0.0394, 2.5592 2.0081 0.0394, 2.5505 2.0124 0.0394, 2.5067 2.1225 0.0394, 2.5147 2.1351 0.0394, 2.5249 2.1459 0.0394, 2.5756 1.9849 0.0394, 2.5147 2.0382 0.0394, 2.5067 2.0507 0.0394, 2.5012 2.0645 0.0394, 2.537 2.1546 0.0394, 2.5505 2.1609 0.0394, 2.5592 2.1652 0.0394, 2.5665 2.1715 0.0394, 2.5721 2.1794 0.0394, 2.5756 2.1884 0.0394, 2.5754 2.3527 0.0394, 2.5652 1.8029 0.0394, 2.5571 1.7966 0.0394, 2.5476 1.7927 0.0394, 2.5715 1.811 0.0394, 2.5754 1.8205 0.0394, 2.4984 2.0792 0.0394, 2.4984 2.0941 0.0394, 2.5012 2.1087 0.0394, 2.5715 2.3622 0.0394, 2.5652 2.3704 0.0394, 2.5571 2.3766 0.0394, 2.5476 2.3805 0.0394, 2.5374 1.7913 0.0, 2.5249 2.0273 0.0, 2.537 2.0186 0.0, 2.5505 2.0124 0.0, 2.5665 2.1715 0.0, 2.5592 2.1652 0.0, 2.5505 2.1609 0.0, 2.537 2.1546 0.0, 2.5652 2.3704 0.0, 2.5715 2.3622 0.0, 2.5754 2.3527 0.0, 2.5756 2.1884 0.0, 2.5721 2.1794 0.0, 2.5249 2.1459 0.0, 2.5147 2.1351 0.0, 2.5067 2.1225 0.0, 2.5592 2.0081 0.0, 2.5665 2.0018 0.0, 2.5721 1.9939 0.0, 2.5012 2.0645 0.0, 2.5067 2.0507 0.0, 2.5147 2.0382 0.0, 2.5756 1.9849 0.0, 2.5768 1.9753 0.0, 2.5571 2.3766 0.0, 2.5476 2.3805 0.0, 2.5012 2.1087 0.0, 2.4984 2.0941 0.0, 2.4984 2.0792 0.0, 2.5768 1.8307 0.0, 2.5754 1.8205 0.0, 2.5715 1.811 0.0, 2.5652 1.8029 0.0, 2.5571 1.7966 0.0, 2.5476 1.7927 0.0, 2.5768 -2.3819 0.0394, 2.5768 -2.5264 0.0394, 2.5768 -2.3819 0.0, 2.5768 -2.5264 0.0, 2.4193 -2.9331 0.0, 2.4193 -2.9331 0.0394, 2.4193 -2.3425 0.0, 2.4193 -2.3425 0.0394, 2.5768 -2.8937 0.0394, 2.5768 -2.7492 0.0394, 2.5374 -2.9331 0.0394, 2.5721 -2.7305 0.0394, 2.5665 -2.7226 0.0394, 2.537 -2.7058 0.0394, 2.5249 -2.6971 0.0394, 2.5147 -2.6862 0.0394, 2.5067 -2.6737 0.0394, 2.5592 -2.7163 0.0394, 2.5505 -2.712 0.0394, 2.5012 -2.6157 0.0394, 2.5067 -2.6019 0.0394, 2.5147 -2.5893 0.0394, 2.5249 -2.5785 0.0394, 2.537 -2.5698 0.0394, 2.5505 -2.5636 0.0394, 2.5592 -2.5592 0.0394, 2.5756 -2.7396 0.0394, 2.5665 -2.5529 0.0394, 2.5721 -2.5451 0.0394, 2.5756 -2.536 0.0394, 2.5374 -2.3425 0.0394, 2.5754 -2.3717 0.0394, 2.5012 -2.6599 0.0394, 2.4984 -2.6452 0.0394, 2.4984 -2.6304 0.0394, 2.5476 -2.9317 0.0394, 2.5571 -2.9278 0.0394, 2.5754 -2.9039 0.0394, 2.5652 -2.9215 0.0394, 2.5715 -2.9134 0.0394, 2.5715 -2.3622 0.0394, 2.5652 -2.3541 0.0394, 2.5571 -2.3478 0.0394, 2.5476 -2.3439 0.0394, 2.5374 -2.9331 0.0, 2.5067 -2.6737 0.0, 2.5147 -2.6862 0.0, 2.5249 -2.6971 0.0, 2.537 -2.7058 0.0, 2.537 -2.5698 0.0, 2.5249 -2.5785 0.0, 2.5665 -2.5529 0.0, 2.5592 -2.5592 0.0, 2.5505 -2.5636 0.0, 2.5147 -2.5893 0.0, 2.5067 -2.6019 0.0, 2.5012 -2.6157 0.0, 2.5505 -2.712 0.0, 2.5592 -2.7163 0.0, 2.5665 -2.7226 0.0, 2.5768 -2.7492 0.0, 2.5768 -2.8937 0.0, 2.5652 -2.3541 0.0, 2.5715 -2.3622 0.0, 2.5754 -2.3717 0.0, 2.5756 -2.536 0.0, 2.5721 -2.5451 0.0, 2.5721 -2.7305 0.0, 2.5756 -2.7396 0.0, 2.4984 -2.6304 0.0, 2.4984 -2.6452 0.0, 2.5012 -2.6599 0.0, 2.5571 -2.3478 0.0, 2.5715 -2.9134 0.0, 2.5652 -2.9215 0.0, 2.5754 -2.9039 0.0, 2.5571 -2.9278 0.0, 2.5476 -2.9317 0.0, 2.5374 -2.3425 0.0, 2.5476 -2.3439 0.0, -2.5768 2.198 0.0394, -2.5768 2.3425 0.0394, -2.5768 2.198 0.0, -2.5768 2.3425 0.0, -2.4193 2.3819 0.0394, -2.4193 1.7913 0.0394, -2.4193 2.3819 0.0, -2.4193 1.7913 0.0, -2.5374 2.3819 0.0394, -2.5374 2.3819 0.0, -2.5249 2.0273 0.0394, -2.537 2.0186 0.0394, -2.5505 2.0124 0.0394, -2.5665 2.1715 0.0394, -2.5592 2.1652 0.0394, -2.5505 2.1609 0.0394, -2.537 2.1546 0.0394, -2.5652 2.3704 0.0394, -2.5715 2.3622 0.0394, -2.5754 2.3527 0.0394, -2.5756 2.1884 0.0394, -2.5721 2.1794 0.0394, -2.5249 2.1459 0.0394, -2.5147 2.1351 0.0394, -2.5067 2.1225 0.0394, -2.5592 2.0081 0.0394, -2.5665 2.0018 0.0394, -2.5721 1.9939 0.0394, -2.5012 2.0645 0.0394, -2.5067 2.0507 0.0394, -2.5147 2.0382 0.0394, -2.5756 1.9849 0.0394, -2.5768 1.9753 0.0394, -2.5374 1.7913 0.0394, -2.5571 2.3766 0.0394, -2.5476 2.3805 0.0394, -2.5012 2.1087 0.0394, -2.4984 2.0941 0.0394, -2.4984 2.0792 0.0394, -2.5768 1.8307 0.0394, -2.5754 1.8205 0.0394, -2.5715 1.811 0.0394, -2.5652 1.8029 0.0394, -2.5571 1.7966 0.0394, -2.5476 1.7927 0.0394, -2.5374 1.7913 0.0, -2.5768 1.8307 0.0, -2.5768 1.9753 0.0, -2.5721 1.9939 0.0, -2.5665 2.0018 0.0, -2.537 2.0186 0.0, -2.5249 2.0273 0.0, -2.5592 2.0081 0.0, -2.5505 2.0124 0.0, -2.5067 2.1225 0.0, -2.5147 2.1351 0.0, -2.5249 2.1459 0.0, -2.5756 1.9849 0.0, -2.5147 2.0382 0.0, -2.5067 2.0507 0.0, -2.5012 2.0645 0.0, -2.537 2.1546 0.0, -2.5505 2.1609 0.0, -2.5592 2.1652 0.0, -2.5665 2.1715 0.0, -2.5721 2.1794 0.0, -2.5756 2.1884 0.0, -2.5754 2.3527 0.0, -2.5652 1.8029 0.0, -2.5571 1.7966 0.0, -2.5476 1.7927 0.0, -2.5715 1.811 0.0, -2.5754 1.8205 0.0, -2.4984 2.0792 0.0, -2.4984 2.0941 0.0, -2.5012 2.1087 0.0, -2.5715 2.3622 0.0, -2.5652 2.3704 0.0, -2.5571 2.3766 0.0, -2.5476 2.3805 0.0, -2.5768 -2.5264 0.0394, -2.5768 -2.3819 0.0394, -2.5768 -2.5264 0.0, -2.5768 -2.3819 0.0, -2.4193 -2.9331 0.0394, -2.4193 -2.9331 0.0, -2.4193 -2.3425 0.0394, -2.4193 -2.3425 0.0, -2.5067 -2.6737 0.0394, -2.5147 -2.6862 0.0394, -2.5249 -2.6971 0.0394, -2.537 -2.7058 0.0394, -2.537 -2.5698 0.0394, -2.5249 -2.5785 0.0394, -2.5665 -2.5529 0.0394, -2.5592 -2.5592 0.0394, -2.5505 -2.5636 0.0394, -2.5147 -2.5893 0.0394, -2.5067 -2.6019 0.0394, -2.5012 -2.6157 0.0394, -2.5505 -2.712 0.0394, -2.5592 -2.7163 0.0394, -2.5665 -2.7226 0.0394, -2.5768 -2.7492 0.0394, -2.5374 -2.9331 0.0394, -2.5768 -2.8937 0.0394, -2.5652 -2.3541 0.0394, -2.5715 -2.3622 0.0394, -2.5754 -2.3717 0.0394, -2.5756 -2.536 0.0394, -2.5721 -2.5451 0.0394, -2.5721 -2.7305 0.0394, -2.5756 -2.7396 0.0394, -2.4984 -2.6304 0.0394, -2.4984 -2.6452 0.0394, -2.5012 -2.6599 0.0394, -2.5571 -2.3478 0.0394, -2.5715 -2.9134 0.0394, -2.5652 -2.9215 0.0394, -2.5754 -2.9039 0.0394, -2.5571 -2.9278 0.0394, -2.5476 -2.9317 0.0394, -2.5374 -2.3425 0.0394, -2.5476 -2.3439 0.0394, -2.5374 -2.9331 0.0, -2.5768 -2.8937 0.0, -2.5768 -2.7492 0.0, -2.5721 -2.7305 0.0, -2.5665 -2.7226 0.0, -2.537 -2.7058 0.0, -2.5249 -2.6971 0.0, -2.5147 -2.6862 0.0, -2.5067 -2.6737 0.0, -2.5592 -2.7163 0.0, -2.5505 -2.712 0.0, -2.5012 -2.6157 0.0, -2.5067 -2.6019 0.0, -2.5147 -2.5893 0.0, -2.5249 -2.5785 0.0, -2.537 -2.5698 0.0, -2.5505 -2.5636 0.0, -2.5592 -2.5592 0.0, -2.5756 -2.7396 0.0, -2.5665 -2.5529 0.0, -2.5721 -2.5451 0.0, -2.5756 -2.536 0.0, -2.5374 -2.3425 0.0, -2.5754 -2.3717 0.0, -2.5012 -2.6599 0.0, -2.4984 -2.6452 0.0, -2.4984 -2.6304 0.0, -2.5476 -2.9317 0.0, -2.5571 -2.9278 0.0, -2.5754 -2.9039 0.0, -2.5652 -2.9215 0.0, -2.5715 -2.9134 0.0, -2.5715 -2.3622 0.0, -2.5652 -2.3541 0.0, -2.5571 -2.3478 0.0, -2.5476 -2.3439 0.0
            ]
        }
        coordIndex [
            0,1,2,-1,2,1,3,-1,2,3,4,-1,5,6,2,-1,2,6,7,-1,2,7,0,-1,8,9,2,-1,2,9,10,-1,2,10,5,-1,11,12,2,-1,2,12,13,-1,2,13,8,-1,14,15,2,-1,2,15,16,-1,2,16,11,-1,17,18,2,-1,2,18,19,-1,2,19,14,-1,20,21,2,-1,2,21,22,-1,2,22,17,-1,23,24,2,-1,2,24,25,-1,2,25,20,-1,4,26,2,-1,2,26,27,-1,2,27,23,-1,28,29,30,-1,30,29,31,-1,30,31,32,-1,33,34,30,-1,30,34,35,-1,30,35,28,-1,36,37,30,-1,30,37,38,-1,30,38,33,-1,39,40,30,-1,30,40,41,-1,30,41,36,-1,42,43,30,-1,30,43,44,-1,30,44,39,-1,45,46,30,-1,30,46,47,-1,30,47,42,-1,48,49,30,-1,30,49,50,-1,30,50,45,-1,51,52,30,-1,30,52,53,-1,30,53,48,-1,32,54,30,-1,30,54,55,-1,30,55,51,-1,56,57,58,-1,57,59,60,-1,59,61,62,-1,61,63,64,-1,63,65,66,-1,65,67,68,-1,67,69,70,-1,69,71,72,-1,71,73,74,-1,73,75,76,-1,75,77,78,-1,77,79,80,-1,79,81,82,-1,81,83,84,-1,83,85,86,-1,85,87,88,-1,87,89,90,-1,89,91,92,-1,91,93,94,-1,93,95,96,-1,95,97,98,-1,97,99,100,-1,99,101,102,-1,101,103,104,-1,103,105,106,-1,105,107,108,-1,107,56,109,-1,110,111,112,-1,112,111,113,-1,112,113,114,-1,114,113,115,-1,114,115,116,-1,116,115,117,-1,116,117,118,-1,118,117,119,-1,118,119,120,-1,120,119,121,-1,120,121,122,-1,122,121,123,-1,122,123,124,-1,124,123,125,-1,124,125,126,-1,126,125,127,-1,126,127,128,-1,128,127,129,-1,128,129,130,-1,130,129,131,-1,130,131,132,-1,132,131,133,-1,132,133,134,-1,134,133,135,-1,134,135,136,-1,136,135,137,-1,136,137,138,-1,138,137,139,-1,138,139,140,-1,140,139,141,-1,140,141,142,-1,142,141,143,-1,142,143,144,-1,144,143,145,-1,144,145,146,-1,146,145,147,-1,146,147,148,-1,148,147,149,-1,148,149,150,-1,150,149,151,-1,150,151,152,-1,152,151,153,-1,152,153,154,-1,154,153,155,-1,154,155,156,-1,156,155,157,-1,156,157,158,-1,158,157,159,-1,158,159,160,-1,160,159,161,-1,160,161,162,-1,162,161,163,-1,162,163,164,-1,164,163,165,-1,164,165,166,-1,166,165,167,-1,166,167,168,-1,168,167,169,-1,168,169,170,-1,170,169,171,-1,170,171,172,-1,172,171,173,-1,172,173,174,-1,174,173,175,-1,174,175,176,-1,176,175,177,-1,176,177,178,-1,178,177,179,-1,178,179,180,-1,180,179,181,-1,180,181,182,-1,182,181,183,-1,182,183,184,-1,184,183,185,-1,184,185,186,-1,186,185,187,-1,186,187,188,-1,188,187,189,-1,188,189,190,-1,190,189,191,-1,190,191,192,-1,192,191,193,-1,192,193,194,-1,194,193,195,-1,194,195,196,-1,196,195,197,-1,196,197,198,-1,198,197,199,-1,198,199,200,-1,200,199,201,-1,200,201,202,-1,202,201,203,-1,202,203,204,-1,204,203,205,-1,204,205,206,-1,206,205,207,-1,206,207,208,-1,208,207,209,-1,208,209,210,-1,210,209,211,-1,210,211,212,-1,212,211,213,-1,212,213,214,-1,214,213,215,-1,214,215,216,-1,216,215,217,-1,216,217,218,-1,218,217,219,-1,218,219,220,-1,220,219,221,-1,220,221,222,-1,222,221,223,-1,222,223,224,-1,224,223,225,-1,224,225,226,-1,226,225,227,-1,226,227,228,-1,228,227,229,-1,228,229,230,-1,230,229,231,-1,230,231,232,-1,232,231,233,-1,232,233,234,-1,234,233,235,-1,234,235,236,-1,236,235,237,-1,236,237,238,-1,238,237,239,-1,238,239,240,-1,240,239,241,-1,240,241,242,-1,242,241,243,-1,242,243,244,-1,244,243,245,-1,244,245,246,-1,246,245,247,-1,246,247,248,-1,248,247,249,-1,248,249,250,-1,250,249,251,-1,250,251,252,-1,252,251,253,-1,252,253,254,-1,254,253,255,-1,254,255,256,-1,256,255,257,-1,256,257,258,-1,258,257,259,-1,258,259,260,-1,260,259,261,-1,260,261,262,-1,262,261,263,-1,262,263,264,-1,264,263,265,-1,264,265,266,-1,266,265,267,-1,266,267,268,-1,268,267,269,-1,268,269,270,-1,270,269,271,-1,270,271,272,-1,272,271,273,-1,272,273,274,-1,274,273,275,-1,274,275,276,-1,276,275,277,-1,276,277,278,-1,278,277,279,-1,278,279,280,-1,280,279,281,-1,280,281,282,-1,282,281,283,-1,282,283,284,-1,284,283,285,-1,284,285,286,-1,286,285,287,-1,286,287,288,-1,288,287,289,-1,288,289,290,-1,290,289,291,-1,290,291,292,-1,292,291,293,-1,292,293,294,-1,294,293,295,-1,294,295,296,-1,296,295,297,-1,296,297,298,-1,298,297,299,-1,298,299,300,-1,300,299,301,-1,300,301,302,-1,302,301,303,-1,302,303,304,-1,304,303,305,-1,304,305,306,-1,306,305,307,-1,306,307,308,-1,308,307,309,-1,308,309,310,-1,310,309,311,-1,310,311,312,-1,312,311,313,-1,312,313,314,-1,314,313,315,-1,314,315,316,-1,316,315,317,-1,316,317,318,-1,318,317,319,-1,318,319,320,-1,320,319,321,-1,320,321,322,-1,322,321,323,-1,322,323,324,-1,324,323,325,-1,324,325,326,-1,326,325,327,-1,326,327,328,-1,328,327,329,-1,328,329,330,-1,330,329,331,-1,330,331,332,-1,332,331,333,-1,332,333,334,-1,334,333,335,-1,334,335,336,-1,336,335,337,-1,336,337,338,-1,338,337,339,-1,338,339,340,-1,340,339,341,-1,340,341,342,-1,342,341,343,-1,342,343,344,-1,344,343,345,-1,344,345,346,-1,346,345,347,-1,346,347,348,-1,348,347,349,-1,348,349,350,-1,350,349,351,-1,350,351,352,-1,352,351,353,-1,352,353,354,-1,354,353,355,-1,354,355,356,-1,356,355,357,-1,356,357,358,-1,358,357,359,-1,358,359,360,-1,360,359,361,-1,360,361,362,-1,362,361,363,-1,362,363,364,-1,364,363,365,-1,364,365,366,-1,366,365,367,-1,366,367,368,-1,368,367,369,-1,368,369,370,-1,370,369,371,-1,370,371,372,-1,372,371,373,-1,372,373,374,-1,374,373,375,-1,374,375,376,-1,376,375,377,-1,376,377,378,-1,378,377,379,-1,378,379,380,-1,380,379,381,-1,380,381,382,-1,382,381,383,-1,382,383,384,-1,384,383,385,-1,384,385,386,-1,386,385,387,-1,386,387,388,-1,388,387,389,-1,388,389,390,-1,390,389,391,-1,390,391,392,-1,392,391,393,-1,392,393,394,-1,394,393,395,-1,394,395,396,-1,396,395,397,-1,396,397,398,-1,398,397,399,-1,398,399,400,-1,400,399,401,-1,400,401,402,-1,402,401,403,-1,402,403,404,-1,404,403,405,-1,404,405,406,-1,406,405,407,-1,406,407,408,-1,408,407,409,-1,408,409,410,-1,410,409,411,-1,410,411,412,-1,412,411,413,-1,412,413,414,-1,414,413,415,-1,414,415,416,-1,416,415,417,-1,416,417,418,-1,418,417,419,-1,418,419,420,-1,420,419,421,-1,420,421,422,-1,422,421,423,-1,422,423,424,-1,424,423,425,-1,424,425,426,-1,426,425,427,-1,426,427,428,-1,428,427,429,-1,428,429,430,-1,430,429,431,-1,430,431,432,-1,432,431,433,-1,432,433,434,-1,434,433,435,-1,434,435,436,-1,436,435,437,-1,436,437,438,-1,438,437,439,-1,438,439,440,-1,440,439,441,-1,440,441,442,-1,442,441,443,-1,442,443,444,-1,444,443,445,-1,444,445,446,-1,446,445,447,-1,446,447,448,-1,448,447,449,-1,448,449,450,-1,450,449,451,-1,450,451,452,-1,452,451,453,-1,452,453,454,-1,454,453,455,-1,454,455,456,-1,456,455,457,-1,456,457,458,-1,458,457,459,-1,458,459,460,-1,460,459,461,-1,460,461,462,-1,462,461,463,-1,462,463,464,-1,464,463,465,-1,464,465,466,-1,466,465,467,-1,466,467,468,-1,468,467,469,-1,468,469,470,-1,470,469,471,-1,470,471,472,-1,472,471,473,-1,472,473,474,-1,474,473,475,-1,474,475,476,-1,476,475,477,-1,476,477,478,-1,478,477,479,-1,478,479,480,-1,480,479,481,-1,480,481,482,-1,482,481,483,-1,482,483,484,-1,484,483,485,-1,484,485,486,-1,486,485,487,-1,486,487,488,-1,488,487,489,-1,488,489,490,-1,490,489,491,-1,490,491,492,-1,492,491,493,-1,492,493,494,-1,494,493,495,-1,494,495,496,-1,496,495,497,-1,496,497,498,-1,498,497,499,-1,498,499,500,-1,500,499,501,-1,500,501,502,-1,502,501,503,-1,502,503,504,-1,504,503,505,-1,504,505,506,-1,506,505,507,-1,506,507,508,-1,508,507,509,-1,508,509,510,-1,510,509,511,-1,510,511,512,-1,512,511,513,-1,512,513,514,-1,514,513,515,-1,514,515,516,-1,516,515,517,-1,516,517,518,-1,518,517,519,-1,518,519,520,-1,520,519,521,-1,520,521,522,-1,522,521,523,-1,522,523,524,-1,524,523,525,-1,524,525,526,-1,526,525,527,-1,526,527,528,-1,528,527,529,-1,528,529,530,-1,530,529,531,-1,530,531,532,-1,532,531,533,-1,532,533,534,-1,534,533,535,-1,534,535,536,-1,536,535,537,-1,536,537,538,-1,538,537,539,-1,538,539,540,-1,540,539,541,-1,540,541,542,-1,542,541,543,-1,542,543,544,-1,544,543,545,-1,544,545,546,-1,546,545,547,-1,546,547,548,-1,548,547,549,-1,548,549,550,-1,550,549,551,-1,550,551,552,-1,552,551,553,-1,552,553,554,-1,554,553,555,-1,554,555,556,-1,556,555,557,-1,556,557,558,-1,558,557,559,-1,558,559,560,-1,560,559,561,-1,560,561,562,-1,562,561,563,-1,562,563,564,-1,564,563,565,-1,564,565,566,-1,566,565,567,-1,566,567,568,-1,568,567,569,-1,568,569,570,-1,570,569,571,-1,570,571,572,-1,572,571,573,-1,572,573,574,-1,574,573,575,-1,574,575,576,-1,576,575,577,-1,576,577,578,-1,578,577,579,-1,578,579,580,-1,580,579,581,-1,580,581,582,-1,582,581,583,-1,582,583,584,-1,584,583,585,-1,584,585,586,-1,586,585,587,-1,586,587,588,-1,588,587,589,-1,588,589,590,-1,590,589,591,-1,590,591,592,-1,592,591,593,-1,592,593,594,-1,594,593,595,-1,594,595,596,-1,596,595,597,-1,596,597,598,-1,598,597,599,-1,598,599,600,-1,600,599,601,-1,600,601,602,-1,602,601,603,-1,602,603,604,-1,604,603,605,-1,604,605,606,-1,606,605,607,-1,606,607,608,-1,608,607,609,-1,608,609,610,-1,610,609,611,-1,610,611,612,-1,612,611,613,-1,612,613,614,-1,614,613,615,-1,614,615,616,-1,616,615,617,-1,616,617,618,-1,618,617,108,-1,618,108,109,-1,109,108,107,-1,111,619,113,-1,113,619,620,-1,113,620,115,-1,115,620,621,-1,115,621,117,-1,117,621,622,-1,117,622,119,-1,119,622,623,-1,119,623,121,-1,121,623,624,-1,121,624,123,-1,123,624,625,-1,123,625,125,-1,125,625,626,-1,125,626,127,-1,127,626,627,-1,127,627,129,-1,129,627,628,-1,129,628,131,-1,131,628,629,-1,131,629,133,-1,133,629,630,-1,133,630,135,-1,135,630,631,-1,135,631,137,-1,137,631,632,-1,137,632,139,-1,139,632,633,-1,139,633,141,-1,141,633,634,-1,141,634,143,-1,143,634,635,-1,143,635,145,-1,145,635,636,-1,145,636,147,-1,147,636,637,-1,147,637,149,-1,149,637,638,-1,149,638,151,-1,151,638,639,-1,151,639,153,-1,153,639,640,-1,153,640,155,-1,155,640,641,-1,155,641,157,-1,157,641,642,-1,157,642,159,-1,159,642,643,-1,159,643,161,-1,161,643,644,-1,161,644,163,-1,163,644,645,-1,163,645,165,-1,165,645,646,-1,165,646,167,-1,167,646,647,-1,167,647,169,-1,169,647,648,-1,169,648,171,-1,171,648,649,-1,171,649,173,-1,173,649,650,-1,173,650,175,-1,175,650,651,-1,175,651,177,-1,177,651,652,-1,177,652,179,-1,179,652,653,-1,179,653,181,-1,181,653,654,-1,181,654,183,-1,183,654,655,-1,183,655,185,-1,185,655,656,-1,185,656,187,-1,187,656,657,-1,187,657,189,-1,189,657,658,-1,189,658,191,-1,191,658,659,-1,191,659,193,-1,193,659,660,-1,193,660,195,-1,195,660,661,-1,195,661,197,-1,197,661,662,-1,197,662,199,-1,199,662,663,-1,199,663,201,-1,201,663,664,-1,201,664,203,-1,203,664,665,-1,203,665,205,-1,205,665,666,-1,205,666,207,-1,207,666,667,-1,207,667,209,-1,209,667,668,-1,209,668,211,-1,211,668,669,-1,211,669,213,-1,213,669,670,-1,213,670,215,-1,215,670,671,-1,215,671,217,-1,217,671,672,-1,217,672,219,-1,219,672,673,-1,219,673,221,-1,221,673,674,-1,221,674,223,-1,223,674,675,-1,223,675,225,-1,225,675,676,-1,225,676,227,-1,227,676,677,-1,227,677,229,-1,229,677,678,-1,229,678,231,-1,231,678,679,-1,231,679,233,-1,233,679,680,-1,233,680,235,-1,235,680,681,-1,235,681,237,-1,237,681,682,-1,237,682,239,-1,239,682,683,-1,239,683,241,-1,241,683,684,-1,241,684,243,-1,243,684,685,-1,243,685,245,-1,245,685,686,-1,245,686,247,-1,247,686,687,-1,247,687,249,-1,249,687,688,-1,249,688,251,-1,251,688,689,-1,251,689,253,-1,253,689,690,-1,253,690,255,-1,255,690,691,-1,255,691,257,-1,257,691,692,-1,257,692,259,-1,259,692,693,-1,259,693,261,-1,261,693,694,-1,261,694,263,-1,263,694,695,-1,263,695,265,-1,265,695,696,-1,265,696,267,-1,267,696,697,-1,267,697,269,-1,269,697,698,-1,269,698,271,-1,271,698,699,-1,271,699,273,-1,273,699,700,-1,273,700,275,-1,275,700,701,-1,275,701,277,-1,277,701,702,-1,277,702,279,-1,279,702,703,-1,279,703,281,-1,281,703,704,-1,281,704,283,-1,283,704,705,-1,283,705,285,-1,285,705,706,-1,285,706,287,-1,287,706,707,-1,287,707,289,-1,289,707,708,-1,289,708,291,-1,291,708,709,-1,291,709,293,-1,293,709,710,-1,293,710,295,-1,295,710,711,-1,295,711,297,-1,297,711,712,-1,297,712,299,-1,299,712,713,-1,299,713,301,-1,301,713,714,-1,301,714,303,-1,303,714,715,-1,303,715,305,-1,305,715,716,-1,305,716,307,-1,307,716,717,-1,307,717,309,-1,309,717,718,-1,309,718,311,-1,311,718,719,-1,311,719,313,-1,313,719,720,-1,313,720,315,-1,315,720,721,-1,315,721,317,-1,317,721,722,-1,317,722,319,-1,319,722,723,-1,319,723,321,-1,321,723,724,-1,321,724,323,-1,323,724,725,-1,323,725,325,-1,325,725,726,-1,325,726,327,-1,327,726,727,-1,327,727,329,-1,329,727,728,-1,329,728,331,-1,331,728,729,-1,331,729,333,-1,333,729,730,-1,333,730,335,-1,335,730,731,-1,335,731,337,-1,337,731,732,-1,337,732,339,-1,339,732,733,-1,339,733,341,-1,341,733,734,-1,341,734,343,-1,343,734,735,-1,343,735,345,-1,345,735,736,-1,345,736,347,-1,347,736,737,-1,347,737,349,-1,349,737,738,-1,349,738,351,-1,351,738,739,-1,351,739,353,-1,353,739,740,-1,353,740,355,-1,355,740,741,-1,355,741,357,-1,357,741,742,-1,357,742,359,-1,359,742,743,-1,359,743,361,-1,361,743,744,-1,361,744,363,-1,363,744,745,-1,363,745,365,-1,365,745,746,-1,365,746,367,-1,367,746,747,-1,367,747,369,-1,369,747,748,-1,369,748,371,-1,371,748,749,-1,371,749,373,-1,373,749,750,-1,373,750,375,-1,375,750,751,-1,375,751,377,-1,377,751,752,-1,377,752,379,-1,379,752,753,-1,379,753,381,-1,381,753,754,-1,381,754,383,-1,383,754,755,-1,383,755,385,-1,385,755,756,-1,385,756,387,-1,387,756,757,-1,387,757,389,-1,389,757,758,-1,389,758,391,-1,391,758,759,-1,391,759,393,-1,393,759,760,-1,393,760,395,-1,395,760,761,-1,395,761,397,-1,397,761,762,-1,397,762,399,-1,399,762,763,-1,399,763,401,-1,401,763,764,-1,401,764,403,-1,403,764,765,-1,403,765,405,-1,405,765,766,-1,405,766,407,-1,407,766,767,-1,407,767,409,-1,409,767,768,-1,409,768,411,-1,411,768,769,-1,411,769,413,-1,413,769,770,-1,413,770,415,-1,415,770,771,-1,415,771,417,-1,417,771,772,-1,417,772,419,-1,419,772,773,-1,419,773,421,-1,421,773,774,-1,421,774,423,-1,423,774,775,-1,423,775,425,-1,425,775,776,-1,425,776,427,-1,427,776,777,-1,427,777,429,-1,429,777,778,-1,429,778,431,-1,431,778,779,-1,431,779,433,-1,433,779,780,-1,433,780,435,-1,435,780,781,-1,435,781,437,-1,437,781,782,-1,437,782,439,-1,439,782,783,-1,439,783,441,-1,441,783,784,-1,441,784,443,-1,443,784,785,-1,443,785,445,-1,445,785,786,-1,445,786,447,-1,447,786,787,-1,447,787,449,-1,449,787,788,-1,449,788,451,-1,451,788,789,-1,451,789,453,-1,453,789,790,-1,453,790,455,-1,455,790,791,-1,455,791,457,-1,457,791,792,-1,457,792,459,-1,459,792,793,-1,459,793,461,-1,461,793,794,-1,461,794,463,-1,463,794,795,-1,463,795,465,-1,465,795,796,-1,465,796,467,-1,467,796,797,-1,467,797,469,-1,469,797,798,-1,469,798,471,-1,471,798,799,-1,471,799,473,-1,473,799,800,-1,473,800,475,-1,475,800,801,-1,475,801,477,-1,477,801,802,-1,477,802,479,-1,479,802,803,-1,479,803,481,-1,481,803,804,-1,481,804,483,-1,483,804,805,-1,483,805,485,-1,485,805,806,-1,485,806,487,-1,487,806,807,-1,487,807,489,-1,489,807,808,-1,489,808,491,-1,491,808,809,-1,491,809,493,-1,493,809,810,-1,493,810,495,-1,495,810,811,-1,495,811,497,-1,497,811,812,-1,497,812,499,-1,499,812,813,-1,499,813,501,-1,501,813,814,-1,501,814,503,-1,503,814,815,-1,503,815,505,-1,505,815,816,-1,505,816,507,-1,507,816,817,-1,507,817,509,-1,509,817,818,-1,509,818,511,-1,511,818,819,-1,511,819,513,-1,513,819,820,-1,513,820,515,-1,515,820,821,-1,515,821,517,-1,517,821,822,-1,517,822,519,-1,519,822,823,-1,519,823,521,-1,521,823,824,-1,521,824,523,-1,523,824,825,-1,523,825,525,-1,525,825,826,-1,525,826,527,-1,527,826,827,-1,527,827,529,-1,529,827,828,-1,529,828,531,-1,531,828,829,-1,531,829,533,-1,533,829,830,-1,533,830,535,-1,535,830,831,-1,535,831,537,-1,537,831,832,-1,537,832,539,-1,539,832,833,-1,539,833,541,-1,541,833,834,-1,541,834,543,-1,543,834,835,-1,543,835,545,-1,545,835,836,-1,545,836,547,-1,547,836,837,-1,547,837,549,-1,549,837,838,-1,549,838,551,-1,551,838,839,-1,551,839,553,-1,553,839,840,-1,553,840,555,-1,555,840,841,-1,555,841,557,-1,557,841,842,-1,557,842,559,-1,559,842,843,-1,559,843,561,-1,561,843,844,-1,561,844,563,-1,563,844,845,-1,563,845,565,-1,565,845,846,-1,565,846,567,-1,567,846,847,-1,567,847,569,-1,569,847,848,-1,569,848,571,-1,571,848,849,-1,571,849,573,-1,573,849,850,-1,573,850,575,-1,575,850,851,-1,575,851,577,-1,577,851,852,-1,577,852,579,-1,579,852,853,-1,579,853,581,-1,581,853,854,-1,581,854,583,-1,583,854,855,-1,583,855,585,-1,585,855,856,-1,585,856,587,-1,587,856,857,-1,587,857,589,-1,589,857,858,-1,589,858,591,-1,591,858,859,-1,591,859,593,-1,593,859,860,-1,593,860,595,-1,595,860,861,-1,595,861,597,-1,597,861,862,-1,597,862,599,-1,599,862,863,-1,599,863,601,-1,601,863,864,-1,601,864,603,-1,603,864,865,-1,603,865,605,-1,605,865,866,-1,605,866,607,-1,607,866,867,-1,607,867,609,-1,609,867,868,-1,609,868,611,-1,611,868,869,-1,611,869,613,-1,613,869,870,-1,613,870,615,-1,615,870,871,-1,615,871,617,-1,617,871,106,-1,617,106,108,-1,108,106,105,-1,619,872,620,-1,620,872,873,-1,620,873,621,-1,621,873,874,-1,621,874,622,-1,622,874,875,-1,622,875,623,-1,623,875,876,-1,623,876,624,-1,624,876,877,-1,624,877,625,-1,625,877,878,-1,625,878,626,-1,626,878,879,-1,626,879,627,-1,627,879,880,-1,627,880,628,-1,628,880,881,-1,628,881,629,-1,629,881,882,-1,629,882,630,-1,630,882,883,-1,630,883,631,-1,631,883,884,-1,631,884,632,-1,632,884,885,-1,632,885,633,-1,633,885,886,-1,633,886,634,-1,634,886,887,-1,634,887,635,-1,635,887,888,-1,635,888,636,-1,636,888,889,-1,636,889,637,-1,637,889,890,-1,637,890,638,-1,638,890,891,-1,638,891,639,-1,639,891,892,-1,639,892,640,-1,640,892,893,-1,640,893,641,-1,641,893,894,-1,641,894,642,-1,642,894,895,-1,642,895,643,-1,643,895,896,-1,643,896,644,-1,644,896,897,-1,644,897,645,-1,645,897,898,-1,645,898,646,-1,646,898,899,-1,646,899,647,-1,647,899,900,-1,647,900,648,-1,648,900,901,-1,648,901,649,-1,649,901,902,-1,649,902,650,-1,650,902,903,-1,650,903,651,-1,651,903,904,-1,651,904,652,-1,652,904,905,-1,652,905,653,-1,653,905,906,-1,653,906,654,-1,654,906,907,-1,654,907,655,-1,655,907,908,-1,655,908,656,-1,656,908,909,-1,656,909,657,-1,657,909,910,-1,657,910,658,-1,658,910,911,-1,658,911,659,-1,659,911,912,-1,659,912,660,-1,660,912,913,-1,660,913,661,-1,661,913,914,-1,661,914,662,-1,662,914,915,-1,662,915,663,-1,663,915,916,-1,663,916,664,-1,664,916,917,-1,664,917,665,-1,665,917,918,-1,665,918,666,-1,666,918,919,-1,666,919,667,-1,667,919,920,-1,667,920,668,-1,668,920,921,-1,668,921,669,-1,669,921,922,-1,669,922,670,-1,670,922,923,-1,670,923,671,-1,671,923,924,-1,671,924,672,-1,672,924,925,-1,672,925,673,-1,673,925,926,-1,673,926,674,-1,674,926,927,-1,674,927,675,-1,675,927,928,-1,675,928,676,-1,676,928,929,-1,676,929,677,-1,677,929,930,-1,677,930,678,-1,678,930,931,-1,678,931,679,-1,679,931,932,-1,679,932,680,-1,680,932,933,-1,680,933,681,-1,681,933,934,-1,681,934,682,-1,682,934,935,-1,682,935,683,-1,683,935,936,-1,683,936,684,-1,684,936,937,-1,684,937,685,-1,685,937,938,-1,685,938,686,-1,686,938,939,-1,686,939,687,-1,687,939,940,-1,687,940,688,-1,688,940,941,-1,688,941,689,-1,689,941,942,-1,689,942,690,-1,690,942,943,-1,690,943,691,-1,691,943,944,-1,691,944,692,-1,692,944,945,-1,692,945,693,-1,693,945,946,-1,693,946,694,-1,694,946,947,-1,694,947,695,-1,695,947,948,-1,695,948,696,-1,696,948,949,-1,696,949,697,-1,697,949,950,-1,697,950,698,-1,698,950,951,-1,698,951,699,-1,699,951,952,-1,699,952,700,-1,700,952,953,-1,700,953,701,-1,701,953,954,-1,701,954,702,-1,702,954,955,-1,702,955,703,-1,703,955,956,-1,703,956,704,-1,704,956,957,-1,704,957,705,-1,705,957,958,-1,705,958,706,-1,706,958,959,-1,706,959,707,-1,707,959,960,-1,707,960,708,-1,708,960,961,-1,708,961,709,-1,709,961,962,-1,709,962,710,-1,710,962,963,-1,710,963,711,-1,711,963,964,-1,711,964,712,-1,712,964,965,-1,712,965,713,-1,713,965,966,-1,713,966,714,-1,714,966,967,-1,714,967,715,-1,715,967,968,-1,715,968,716,-1,716,968,969,-1,716,969,717,-1,717,969,970,-1,717,970,718,-1,718,970,971,-1,718,971,719,-1,719,971,972,-1,719,972,720,-1,720,972,973,-1,720,973,721,-1,721,973,974,-1,721,974,722,-1,722,974,975,-1,722,975,723,-1,723,975,976,-1,723,976,724,-1,724,976,977,-1,724,977,725,-1,725,977,978,-1,725,978,726,-1,726,978,979,-1,726,979,727,-1,727,979,980,-1,727,980,728,-1,728,980,981,-1,728,981,729,-1,729,981,982,-1,729,982,730,-1,730,982,983,-1,730,983,731,-1,731,983,984,-1,731,984,732,-1,732,984,985,-1,732,985,733,-1,733,985,986,-1,733,986,734,-1,734,986,987,-1,734,987,735,-1,735,987,988,-1,735,988,736,-1,736,988,989,-1,736,989,737,-1,737,989,990,-1,737,990,738,-1,738,990,991,-1,738,991,739,-1,739,991,992,-1,739,992,740,-1,740,992,993,-1,740,993,741,-1,741,993,994,-1,741,994,742,-1,742,994,995,-1,742,995,743,-1,743,995,996,-1,743,996,744,-1,744,996,997,-1,744,997,745,-1,745,997,998,-1,745,998,746,-1,746,998,999,-1,746,999,747,-1,747,999,1000,-1,747,1000,748,-1,748,1000,1001,-1,748,1001,749,-1,749,1001,1002,-1,749,1002,750,-1,750,1002,1003,-1,750,1003,751,-1,751,1003,1004,-1,751,1004,752,-1,752,1004,1005,-1,752,1005,753,-1,753,1005,1006,-1,753,1006,754,-1,754,1006,1007,-1,754,1007,755,-1,755,1007,1008,-1,755,1008,756,-1,756,1008,1009,-1,756,1009,757,-1,757,1009,1010,-1,757,1010,758,-1,758,1010,1011,-1,758,1011,759,-1,759,1011,1012,-1,759,1012,760,-1,760,1012,1013,-1,760,1013,761,-1,761,1013,1014,-1,761,1014,762,-1,762,1014,1015,-1,762,1015,763,-1,763,1015,1016,-1,763,1016,764,-1,764,1016,1017,-1,764,1017,765,-1,765,1017,1018,-1,765,1018,766,-1,766,1018,1019,-1,766,1019,767,-1,767,1019,1020,-1,767,1020,768,-1,768,1020,1021,-1,768,1021,769,-1,769,1021,1022,-1,769,1022,770,-1,770,1022,1023,-1,770,1023,771,-1,771,1023,1024,-1,771,1024,772,-1,772,1024,1025,-1,772,1025,773,-1,773,1025,1026,-1,773,1026,774,-1,774,1026,1027,-1,774,1027,775,-1,775,1027,1028,-1,775,1028,776,-1,776,1028,1029,-1,776,1029,777,-1,777,1029,1030,-1,777,1030,778,-1,778,1030,1031,-1,778,1031,779,-1,779,1031,1032,-1,779,1032,780,-1,780,1032,1033,-1,780,1033,781,-1,781,1033,1034,-1,781,1034,782,-1,782,1034,1035,-1,782,1035,783,-1,783,1035,1036,-1,783,1036,784,-1,784,1036,1037,-1,784,1037,785,-1,785,1037,1038,-1,785,1038,786,-1,786,1038,1039,-1,786,1039,787,-1,787,1039,1040,-1,787,1040,788,-1,788,1040,1041,-1,788,1041,789,-1,789,1041,1042,-1,789,1042,790,-1,790,1042,1043,-1,790,1043,791,-1,791,1043,1044,-1,791,1044,792,-1,792,1044,1045,-1,792,1045,793,-1,793,1045,1046,-1,793,1046,794,-1,794,1046,1047,-1,794,1047,795,-1,795,1047,1048,-1,795,1048,796,-1,796,1048,1049,-1,796,1049,797,-1,797,1049,1050,-1,797,1050,798,-1,798,1050,1051,-1,798,1051,799,-1,799,1051,1052,-1,799,1052,800,-1,800,1052,1053,-1,800,1053,801,-1,801,1053,1054,-1,801,1054,802,-1,802,1054,1055,-1,802,1055,803,-1,803,1055,1056,-1,803,1056,804,-1,804,1056,1057,-1,804,1057,805,-1,805,1057,1058,-1,805,1058,806,-1,806,1058,1059,-1,806,1059,807,-1,807,1059,1060,-1,807,1060,808,-1,808,1060,1061,-1,808,1061,809,-1,809,1061,1062,-1,809,1062,810,-1,810,1062,1063,-1,810,1063,811,-1,811,1063,1064,-1,811,1064,812,-1,812,1064,1065,-1,812,1065,813,-1,813,1065,1066,-1,813,1066,814,-1,814,1066,1067,-1,814,1067,815,-1,815,1067,1068,-1,815,1068,816,-1,816,1068,1069,-1,816,1069,817,-1,817,1069,1070,-1,817,1070,818,-1,818,1070,1071,-1,818,1071,819,-1,819,1071,1072,-1,819,1072,820,-1,820,1072,1073,-1,820,1073,821,-1,821,1073,1074,-1,821,1074,822,-1,822,1074,1075,-1,822,1075,823,-1,823,1075,1076,-1,823,1076,824,-1,824,1076,1077,-1,824,1077,825,-1,825,1077,1078,-1,825,1078,826,-1,826,1078,1079,-1,826,1079,827,-1,827,1079,1080,-1,827,1080,828,-1,828,1080,1081,-1,828,1081,829,-1,829,1081,1082,-1,829,1082,830,-1,830,1082,1083,-1,830,1083,831,-1,831,1083,1084,-1,831,1084,832,-1,832,1084,1085,-1,832,1085,833,-1,833,1085,1086,-1,833,1086,834,-1,834,1086,1087,-1,834,1087,835,-1,835,1087,1088,-1,835,1088,836,-1,836,1088,1089,-1,836,1089,837,-1,837,1089,1090,-1,837,1090,838,-1,838,1090,1091,-1,838,1091,839,-1,839,1091,1092,-1,839,1092,840,-1,840,1092,1093,-1,840,1093,841,-1,841,1093,1094,-1,841,1094,842,-1,842,1094,1095,-1,842,1095,843,-1,843,1095,1096,-1,843,1096,844,-1,844,1096,1097,-1,844,1097,845,-1,845,1097,1098,-1,845,1098,846,-1,846,1098,1099,-1,846,1099,847,-1,847,1099,1100,-1,847,1100,848,-1,848,1100,1101,-1,848,1101,849,-1,849,1101,1102,-1,849,1102,850,-1,850,1102,1103,-1,850,1103,851,-1,851,1103,1104,-1,851,1104,852,-1,852,1104,1105,-1,852,1105,853,-1,853,1105,1106,-1,853,1106,854,-1,854,1106,1107,-1,854,1107,855,-1,855,1107,1108,-1,855,1108,856,-1,856,1108,1109,-1,856,1109,857,-1,857,1109,1110,-1,857,1110,858,-1,858,1110,1111,-1,858,1111,859,-1,859,1111,1112,-1,859,1112,860,-1,860,1112,1113,-1,860,1113,861,-1,861,1113,1114,-1,861,1114,862,-1,862,1114,1115,-1,862,1115,863,-1,863,1115,1116,-1,863,1116,864,-1,864,1116,1117,-1,864,1117,865,-1,865,1117,1118,-1,865,1118,866,-1,866,1118,1119,-1,866,1119,867,-1,867,1119,1120,-1,867,1120,868,-1,868,1120,1121,-1,868,1121,869,-1,869,1121,1122,-1,869,1122,870,-1,870,1122,1123,-1,870,1123,871,-1,871,1123,104,-1,871,104,106,-1,106,104,103,-1,872,1124,873,-1,873,1124,1125,-1,873,1125,874,-1,874,1125,1126,-1,874,1126,875,-1,875,1126,1127,-1,875,1127,876,-1,876,1127,1128,-1,876,1128,877,-1,877,1128,1129,-1,877,1129,878,-1,878,1129,1130,-1,878,1130,879,-1,879,1130,1131,-1,879,1131,880,-1,880,1131,1132,-1,880,1132,881,-1,881,1132,1133,-1,881,1133,882,-1,882,1133,1134,-1,882,1134,883,-1,883,1134,1135,-1,883,1135,884,-1,884,1135,1136,-1,884,1136,885,-1,885,1136,1137,-1,885,1137,886,-1,886,1137,1138,-1,886,1138,887,-1,887,1138,1139,-1,887,1139,888,-1,888,1139,1140,-1,888,1140,889,-1,889,1140,1141,-1,889,1141,890,-1,890,1141,1142,-1,890,1142,891,-1,891,1142,1143,-1,891,1143,892,-1,892,1143,1144,-1,892,1144,893,-1,893,1144,1145,-1,893,1145,894,-1,894,1145,1146,-1,894,1146,895,-1,895,1146,1147,-1,895,1147,896,-1,896,1147,1148,-1,896,1148,897,-1,897,1148,1149,-1,897,1149,898,-1,898,1149,1150,-1,898,1150,899,-1,899,1150,1151,-1,899,1151,900,-1,900,1151,1152,-1,900,1152,901,-1,901,1152,1153,-1,901,1153,902,-1,902,1153,1154,-1,902,1154,903,-1,903,1154,1155,-1,903,1155,904,-1,904,1155,1156,-1,904,1156,905,-1,905,1156,1157,-1,905,1157,906,-1,906,1157,1158,-1,906,1158,907,-1,907,1158,1159,-1,907,1159,908,-1,908,1159,1160,-1,908,1160,909,-1,909,1160,1161,-1,909,1161,910,-1,910,1161,1162,-1,910,1162,911,-1,911,1162,1163,-1,911,1163,912,-1,912,1163,1164,-1,912,1164,913,-1,913,1164,1165,-1,913,1165,914,-1,914,1165,1166,-1,914,1166,915,-1,915,1166,1167,-1,915,1167,916,-1,916,1167,1168,-1,916,1168,917,-1,917,1168,1169,-1,917,1169,918,-1,918,1169,1170,-1,918,1170,919,-1,919,1170,1171,-1,919,1171,920,-1,920,1171,1172,-1,920,1172,921,-1,921,1172,1173,-1,921,1173,922,-1,922,1173,1174,-1,922,1174,923,-1,923,1174,1175,-1,923,1175,924,-1,924,1175,1176,-1,924,1176,925,-1,925,1176,1177,-1,925,1177,926,-1,926,1177,1178,-1,926,1178,927,-1,927,1178,1179,-1,927,1179,928,-1,928,1179,1180,-1,928,1180,929,-1,929,1180,1181,-1,929,1181,930,-1,930,1181,1182,-1,930,1182,931,-1,931,1182,1183,-1,931,1183,932,-1,932,1183,1184,-1,932,1184,933,-1,933,1184,1185,-1,933,1185,934,-1,934,1185,1186,-1,934,1186,935,-1,935,1186,1187,-1,935,1187,936,-1,936,1187,1188,-1,936,1188,937,-1,937,1188,1189,-1,937,1189,938,-1,938,1189,1190,-1,938,1190,939,-1,939,1190,1191,-1,939,1191,940,-1,940,1191,1192,-1,940,1192,941,-1,941,1192,1193,-1,941,1193,942,-1,942,1193,1194,-1,942,1194,943,-1,943,1194,1195,-1,943,1195,944,-1,944,1195,1196,-1,944,1196,945,-1,945,1196,1197,-1,945,1197,946,-1,946,1197,1198,-1,946,1198,947,-1,947,1198,1199,-1,947,1199,948,-1,948,1199,1200,-1,948,1200,949,-1,949,1200,1201,-1,949,1201,950,-1,950,1201,1202,-1,950,1202,951,-1,951,1202,1203,-1,951,1203,952,-1,952,1203,1204,-1,952,1204,953,-1,953,1204,1205,-1,953,1205,954,-1,954,1205,1206,-1,954,1206,955,-1,955,1206,1207,-1,955,1207,956,-1,956,1207,1208,-1,956,1208,957,-1,957,1208,1209,-1,957,1209,958,-1,958,1209,1210,-1,958,1210,959,-1,959,1210,1211,-1,959,1211,960,-1,960,1211,1212,-1,960,1212,961,-1,961,1212,1213,-1,961,1213,962,-1,962,1213,1214,-1,962,1214,963,-1,963,1214,1215,-1,963,1215,964,-1,964,1215,1216,-1,964,1216,965,-1,965,1216,1217,-1,965,1217,966,-1,966,1217,1218,-1,966,1218,967,-1,967,1218,1219,-1,967,1219,968,-1,968,1219,1220,-1,968,1220,969,-1,969,1220,1221,-1,969,1221,970,-1,970,1221,1222,-1,970,1222,971,-1,971,1222,1223,-1,971,1223,972,-1,972,1223,1224,-1,972,1224,973,-1,973,1224,1225,-1,973,1225,974,-1,974,1225,1226,-1,974,1226,975,-1,975,1226,1227,-1,975,1227,976,-1,976,1227,1228,-1,976,1228,977,-1,977,1228,1229,-1,977,1229,978,-1,978,1229,1230,-1,978,1230,979,-1,979,1230,1231,-1,979,1231,980,-1,980,1231,1232,-1,980,1232,981,-1,981,1232,1233,-1,981,1233,982,-1,982,1233,1234,-1,982,1234,983,-1,983,1234,1235,-1,983,1235,984,-1,984,1235,1236,-1,984,1236,985,-1,985,1236,1237,-1,985,1237,986,-1,986,1237,1238,-1,986,1238,987,-1,987,1238,1239,-1,987,1239,988,-1,988,1239,1240,-1,988,1240,989,-1,989,1240,1241,-1,989,1241,990,-1,990,1241,1242,-1,990,1242,991,-1,991,1242,1243,-1,991,1243,992,-1,992,1243,1244,-1,992,1244,993,-1,993,1244,1245,-1,993,1245,994,-1,994,1245,1246,-1,994,1246,995,-1,995,1246,1247,-1,995,1247,996,-1,996,1247,1248,-1,996,1248,997,-1,997,1248,1249,-1,997,1249,998,-1,998,1249,1250,-1,998,1250,999,-1,999,1250,1251,-1,999,1251,1000,-1,1000,1251,1252,-1,1000,1252,1001,-1,1001,1252,1253,-1,1001,1253,1002,-1,1002,1253,1254,-1,1002,1254,1003,-1,1003,1254,1255,-1,1003,1255,1004,-1,1004,1255,1256,-1,1004,1256,1005,-1,1005,1256,1257,-1,1005,1257,1006,-1,1006,1257,1258,-1,1006,1258,1007,-1,1007,1258,1259,-1,1007,1259,1008,-1,1008,1259,1260,-1,1008,1260,1009,-1,1009,1260,1261,-1,1009,1261,1010,-1,1010,1261,1262,-1,1010,1262,1011,-1,1011,1262,1263,-1,1011,1263,1012,-1,1012,1263,1264,-1,1012,1264,1013,-1,1013,1264,1265,-1,1013,1265,1014,-1,1014,1265,1266,-1,1014,1266,1015,-1,1015,1266,1267,-1,1015,1267,1016,-1,1016,1267,1268,-1,1016,1268,1017,-1,1017,1268,1269,-1,1017,1269,1018,-1,1018,1269,1270,-1,1018,1270,1019,-1,1019,1270,1271,-1,1019,1271,1020,-1,1020,1271,1272,-1,1020,1272,1021,-1,1021,1272,1273,-1,1021,1273,1022,-1,1022,1273,1274,-1,1022,1274,1023,-1,1023,1274,1275,-1,1023,1275,1024,-1,1024,1275,1276,-1,1024,1276,1025,-1,1025,1276,1277,-1,1025,1277,1026,-1,1026,1277,1278,-1,1026,1278,1027,-1,1027,1278,1279,-1,1027,1279,1028,-1,1028,1279,1280,-1,1028,1280,1029,-1,1029,1280,1281,-1,1029,1281,1030,-1,1030,1281,1282,-1,1030,1282,1031,-1,1031,1282,1283,-1,1031,1283,1032,-1,1032,1283,1284,-1,1032,1284,1033,-1,1033,1284,1285,-1,1033,1285,1034,-1,1034,1285,1286,-1,1034,1286,1035,-1,1035,1286,1287,-1,1035,1287,1036,-1,1036,1287,1288,-1,1036,1288,1037,-1,1037,1288,1289,-1,1037,1289,1038,-1,1038,1289,1290,-1,1038,1290,1039,-1,1039,1290,1291,-1,1039,1291,1040,-1,1040,1291,1292,-1,1040,1292,1041,-1,1041,1292,1293,-1,1041,1293,1042,-1,1042,1293,1294,-1,1042,1294,1043,-1,1043,1294,1295,-1,1043,1295,1044,-1,1044,1295,1296,-1,1044,1296,1045,-1,1045,1296,1297,-1,1045,1297,1046,-1,1046,1297,1298,-1,1046,1298,1047,-1,1047,1298,1299,-1,1047,1299,1048,-1,1048,1299,1300,-1,1048,1300,1049,-1,1049,1300,1301,-1,1049,1301,1050,-1,1050,1301,1302,-1,1050,1302,1051,-1,1051,1302,1303,-1,1051,1303,1052,-1,1052,1303,1304,-1,1052,1304,1053,-1,1053,1304,1305,-1,1053,1305,1054,-1,1054,1305,1306,-1,1054,1306,1055,-1,1055,1306,1307,-1,1055,1307,1056,-1,1056,1307,1308,-1,1056,1308,1057,-1,1057,1308,1309,-1,1057,1309,1058,-1,1058,1309,1310,-1,1058,1310,1059,-1,1059,1310,1311,-1,1059,1311,1060,-1,1060,1311,1312,-1,1060,1312,1061,-1,1061,1312,1313,-1,1061,1313,1062,-1,1062,1313,1314,-1,1062,1314,1063,-1,1063,1314,1315,-1,1063,1315,1064,-1,1064,1315,1316,-1,1064,1316,1065,-1,1065,1316,1317,-1,1065,1317,1066,-1,1066,1317,1318,-1,1066,1318,1067,-1,1067,1318,1319,-1,1067,1319,1068,-1,1068,1319,1320,-1,1068,1320,1069,-1,1069,1320,1321,-1,1069,1321,1070,-1,1070,1321,1322,-1,1070,1322,1071,-1,1071,1322,1323,-1,1071,1323,1072,-1,1072,1323,1324,-1,1072,1324,1073,-1,1073,1324,1325,-1,1073,1325,1074,-1,1074,1325,1326,-1,1074,1326,1075,-1,1075,1326,1327,-1,1075,1327,1076,-1,1076,1327,1328,-1,1076,1328,1077,-1,1077,1328,1329,-1,1077,1329,1078,-1,1078,1329,1330,-1,1078,1330,1079,-1,1079,1330,1331,-1,1079,1331,1080,-1,1080,1331,1332,-1,1080,1332,1081,-1,1081,1332,1333,-1,1081,1333,1082,-1,1082,1333,1334,-1,1082,1334,1083,-1,1083,1334,1335,-1,1083,1335,1084,-1,1084,1335,1336,-1,1084,1336,1085,-1,1085,1336,1337,-1,1085,1337,1086,-1,1086,1337,1338,-1,1086,1338,1087,-1,1087,1338,1339,-1,1087,1339,1088,-1,1088,1339,1340,-1,1088,1340,1089,-1,1089,1340,1341,-1,1089,1341,1090,-1,1090,1341,1342,-1,1090,1342,1091,-1,1091,1342,1343,-1,1091,1343,1092,-1,1092,1343,1344,-1,1092,1344,1093,-1,1093,1344,1345,-1,1093,1345,1094,-1,1094,1345,1346,-1,1094,1346,1095,-1,1095,1346,1347,-1,1095,1347,1096,-1,1096,1347,1348,-1,1096,1348,1097,-1,1097,1348,1349,-1,1097,1349,1098,-1,1098,1349,1350,-1,1098,1350,1099,-1,1099,1350,1351,-1,1099,1351,1100,-1,1100,1351,1352,-1,1100,1352,1101,-1,1101,1352,1353,-1,1101,1353,1102,-1,1102,1353,1354,-1,1102,1354,1103,-1,1103,1354,1355,-1,1103,1355,1104,-1,1104,1355,1356,-1,1104,1356,1105,-1,1105,1356,1357,-1,1105,1357,1106,-1,1106,1357,1358,-1,1106,1358,1107,-1,1107,1358,1359,-1,1107,1359,1108,-1,1108,1359,1360,-1,1108,1360,1109,-1,1109,1360,1361,-1,1109,1361,1110,-1,1110,1361,1362,-1,1110,1362,1111,-1,1111,1362,1363,-1,1111,1363,1112,-1,1112,1363,1364,-1,1112,1364,1113,-1,1113,1364,1365,-1,1113,1365,1114,-1,1114,1365,1366,-1,1114,1366,1115,-1,1115,1366,1367,-1,1115,1367,1116,-1,1116,1367,1368,-1,1116,1368,1117,-1,1117,1368,1369,-1,1117,1369,1118,-1,1118,1369,1370,-1,1118,1370,1119,-1,1119,1370,1371,-1,1119,1371,1120,-1,1120,1371,1372,-1,1120,1372,1121,-1,1121,1372,1373,-1,1121,1373,1122,-1,1122,1373,1374,-1,1122,1374,1123,-1,1123,1374,102,-1,1123,102,104,-1,104,102,101,-1,1124,1375,1125,-1,1125,1375,1376,-1,1125,1376,1126,-1,1126,1376,1377,-1,1126,1377,1127,-1,1127,1377,1378,-1,1127,1378,1128,-1,1128,1378,1379,-1,1128,1379,1129,-1,1129,1379,1380,-1,1129,1380,1130,-1,1130,1380,1381,-1,1130,1381,1131,-1,1131,1381,1382,-1,1131,1382,1132,-1,1132,1382,1383,-1,1132,1383,1133,-1,1133,1383,1384,-1,1133,1384,1134,-1,1134,1384,1385,-1,1134,1385,1135,-1,1135,1385,1386,-1,1135,1386,1136,-1,1136,1386,1387,-1,1136,1387,1137,-1,1137,1387,1388,-1,1137,1388,1138,-1,1138,1388,1389,-1,1138,1389,1139,-1,1139,1389,1390,-1,1139,1390,1140,-1,1140,1390,1391,-1,1140,1391,1141,-1,1141,1391,1392,-1,1141,1392,1142,-1,1142,1392,1393,-1,1142,1393,1143,-1,1143,1393,1394,-1,1143,1394,1144,-1,1144,1394,1395,-1,1144,1395,1145,-1,1145,1395,1396,-1,1145,1396,1146,-1,1146,1396,1397,-1,1146,1397,1147,-1,1147,1397,1398,-1,1147,1398,1148,-1,1148,1398,1399,-1,1148,1399,1149,-1,1149,1399,1400,-1,1149,1400,1150,-1,1150,1400,1401,-1,1150,1401,1151,-1,1151,1401,1402,-1,1151,1402,1152,-1,1152,1402,1403,-1,1152,1403,1153,-1,1153,1403,1404,-1,1153,1404,1154,-1,1154,1404,1405,-1,1154,1405,1155,-1,1155,1405,1406,-1,1155,1406,1156,-1,1156,1406,1407,-1,1156,1407,1157,-1,1157,1407,1408,-1,1157,1408,1158,-1,1158,1408,1409,-1,1158,1409,1159,-1,1159,1409,1410,-1,1159,1410,1160,-1,1160,1410,1411,-1,1160,1411,1161,-1,1161,1411,1412,-1,1161,1412,1162,-1,1162,1412,1413,-1,1162,1413,1163,-1,1163,1413,1414,-1,1163,1414,1164,-1,1164,1414,1415,-1,1164,1415,1165,-1,1165,1415,1416,-1,1165,1416,1166,-1,1166,1416,1417,-1,1166,1417,1167,-1,1167,1417,1418,-1,1167,1418,1168,-1,1168,1418,1419,-1,1168,1419,1169,-1,1169,1419,1420,-1,1169,1420,1170,-1,1170,1420,1421,-1,1170,1421,1171,-1,1171,1421,1422,-1,1171,1422,1172,-1,1172,1422,1423,-1,1172,1423,1173,-1,1173,1423,1424,-1,1173,1424,1174,-1,1174,1424,1425,-1,1174,1425,1175,-1,1175,1425,1426,-1,1175,1426,1176,-1,1176,1426,1427,-1,1176,1427,1177,-1,1177,1427,1428,-1,1177,1428,1178,-1,1178,1428,1429,-1,1178,1429,1179,-1,1179,1429,1430,-1,1179,1430,1180,-1,1180,1430,1431,-1,1180,1431,1181,-1,1181,1431,1432,-1,1181,1432,1182,-1,1182,1432,1433,-1,1182,1433,1183,-1,1183,1433,1434,-1,1183,1434,1184,-1,1184,1434,1435,-1,1184,1435,1185,-1,1185,1435,1436,-1,1185,1436,1186,-1,1186,1436,1437,-1,1186,1437,1187,-1,1187,1437,1438,-1,1187,1438,1188,-1,1188,1438,1439,-1,1188,1439,1189,-1,1189,1439,1440,-1,1189,1440,1190,-1,1190,1440,1441,-1,1190,1441,1191,-1,1191,1441,1442,-1,1191,1442,1192,-1,1192,1442,1443,-1,1192,1443,1193,-1,1193,1443,1444,-1,1193,1444,1194,-1,1194,1444,1445,-1,1194,1445,1195,-1,1195,1445,1446,-1,1195,1446,1196,-1,1196,1446,1447,-1,1196,1447,1197,-1,1197,1447,1448,-1,1197,1448,1198,-1,1198,1448,1449,-1,1198,1449,1199,-1,1199,1449,1450,-1,1199,1450,1200,-1,1200,1450,1451,-1,1200,1451,1201,-1,1201,1451,1452,-1,1201,1452,1202,-1,1202,1452,1453,-1,1202,1453,1203,-1,1203,1453,1454,-1,1203,1454,1204,-1,1204,1454,1455,-1,1204,1455,1205,-1,1205,1455,1456,-1,1205,1456,1206,-1,1206,1456,1457,-1,1206,1457,1207,-1,1207,1457,1458,-1,1207,1458,1208,-1,1208,1458,1459,-1,1208,1459,1209,-1,1209,1459,1460,-1,1209,1460,1210,-1,1210,1460,1461,-1,1210,1461,1211,-1,1211,1461,1462,-1,1211,1462,1212,-1,1212,1462,1463,-1,1212,1463,1213,-1,1213,1463,1464,-1,1213,1464,1214,-1,1214,1464,1465,-1,1214,1465,1215,-1,1215,1465,1466,-1,1215,1466,1216,-1,1216,1466,1467,-1,1216,1467,1217,-1,1217,1467,1468,-1,1217,1468,1218,-1,1218,1468,1469,-1,1218,1469,1219,-1,1219,1469,1470,-1,1219,1470,1220,-1,1220,1470,1471,-1,1220,1471,1221,-1,1221,1471,1472,-1,1221,1472,1222,-1,1222,1472,1473,-1,1222,1473,1223,-1,1223,1473,1474,-1,1223,1474,1224,-1,1224,1474,1475,-1,1224,1475,1225,-1,1225,1475,1476,-1,1225,1476,1226,-1,1226,1476,1477,-1,1226,1477,1227,-1,1227,1477,1478,-1,1227,1478,1228,-1,1228,1478,1479,-1,1228,1479,1229,-1,1229,1479,1480,-1,1229,1480,1230,-1,1230,1480,1481,-1,1230,1481,1231,-1,1231,1481,1482,-1,1231,1482,1232,-1,1232,1482,1483,-1,1232,1483,1233,-1,1233,1483,1484,-1,1233,1484,1234,-1,1234,1484,1485,-1,1234,1485,1235,-1,1235,1485,1486,-1,1235,1486,1236,-1,1236,1486,1487,-1,1236,1487,1237,-1,1237,1487,1488,-1,1237,1488,1238,-1,1238,1488,1489,-1,1238,1489,1239,-1,1239,1489,1490,-1,1239,1490,1240,-1,1240,1490,1491,-1,1240,1491,1241,-1,1241,1491,1492,-1,1241,1492,1242,-1,1242,1492,1493,-1,1242,1493,1243,-1,1243,1493,1494,-1,1243,1494,1244,-1,1244,1494,1495,-1,1244,1495,1245,-1,1245,1495,1496,-1,1245,1496,1246,-1,1246,1496,1497,-1,1246,1497,1247,-1,1247,1497,1498,-1,1247,1498,1248,-1,1248,1498,1499,-1,1248,1499,1249,-1,1249,1499,1500,-1,1249,1500,1250,-1,1250,1500,1501,-1,1250,1501,1251,-1,1251,1501,1502,-1,1251,1502,1252,-1,1252,1502,1503,-1,1252,1503,1253,-1,1253,1503,1504,-1,1253,1504,1254,-1,1254,1504,1505,-1,1254,1505,1255,-1,1255,1505,1506,-1,1255,1506,1256,-1,1256,1506,1507,-1,1256,1507,1257,-1,1257,1507,1508,-1,1257,1508,1258,-1,1258,1508,1509,-1,1258,1509,1259,-1,1259,1509,1510,-1,1259,1510,1260,-1,1260,1510,1511,-1,1260,1511,1261,-1,1261,1511,1512,-1,1261,1512,1262,-1,1262,1512,1513,-1,1262,1513,1263,-1,1263,1513,1514,-1,1263,1514,1264,-1,1264,1514,1515,-1,1264,1515,1265,-1,1265,1515,1516,-1,1265,1516,1266,-1,1266,1516,1517,-1,1266,1517,1267,-1,1267,1517,1518,-1,1267,1518,1268,-1,1268,1518,1519,-1,1268,1519,1269,-1,1269,1519,1520,-1,1269,1520,1270,-1,1270,1520,1521,-1,1270,1521,1271,-1,1271,1521,1522,-1,1271,1522,1272,-1,1272,1522,1523,-1,1272,1523,1273,-1,1273,1523,1524,-1,1273,1524,1274,-1,1274,1524,1525,-1,1274,1525,1275,-1,1275,1525,1526,-1,1275,1526,1276,-1,1276,1526,1527,-1,1276,1527,1277,-1,1277,1527,1528,-1,1277,1528,1278,-1,1278,1528,1529,-1,1278,1529,1279,-1,1279,1529,1530,-1,1279,1530,1280,-1,1280,1530,1531,-1,1280,1531,1281,-1,1281,1531,1532,-1,1281,1532,1282,-1,1282,1532,1533,-1,1282,1533,1283,-1,1283,1533,1534,-1,1283,1534,1284,-1,1284,1534,1535,-1,1284,1535,1285,-1,1285,1535,1536,-1,1285,1536,1286,-1,1286,1536,1537,-1,1286,1537,1287,-1,1287,1537,1538,-1,1287,1538,1288,-1,1288,1538,1539,-1,1288,1539,1289,-1,1289,1539,1540,-1,1289,1540,1290,-1,1290,1540,1541,-1,1290,1541,1291,-1,1291,1541,1542,-1,1291,1542,1292,-1,1292,1542,1543,-1,1292,1543,1293,-1,1293,1543,1544,-1,1293,1544,1294,-1,1294,1544,1545,-1,1294,1545,1295,-1,1295,1545,1546,-1,1295,1546,1296,-1,1296,1546,1547,-1,1296,1547,1297,-1,1297,1547,1548,-1,1297,1548,1298,-1,1298,1548,1549,-1,1298,1549,1299,-1,1299,1549,1550,-1,1299,1550,1300,-1,1300,1550,1551,-1,1300,1551,1301,-1,1301,1551,1552,-1,1301,1552,1302,-1,1302,1552,1553,-1,1302,1553,1303,-1,1303,1553,1554,-1,1303,1554,1304,-1,1304,1554,1555,-1,1304,1555,1305,-1,1305,1555,1556,-1,1305,1556,1306,-1,1306,1556,1557,-1,1306,1557,1307,-1,1307,1557,1558,-1,1307,1558,1308,-1,1308,1558,1559,-1,1308,1559,1309,-1,1309,1559,1560,-1,1309,1560,1310,-1,1310,1560,1561,-1,1310,1561,1311,-1,1311,1561,1562,-1,1311,1562,1312,-1,1312,1562,1563,-1,1312,1563,1313,-1,1313,1563,1564,-1,1313,1564,1314,-1,1314,1564,1565,-1,1314,1565,1315,-1,1315,1565,1566,-1,1315,1566,1316,-1,1316,1566,1567,-1,1316,1567,1317,-1,1317,1567,1568,-1,1317,1568,1318,-1,1318,1568,1569,-1,1318,1569,1319,-1,1319,1569,1570,-1,1319,1570,1320,-1,1320,1570,1571,-1,1320,1571,1321,-1,1321,1571,1572,-1,1321,1572,1322,-1,1322,1572,1573,-1,1322,1573,1323,-1,1323,1573,1574,-1,1323,1574,1324,-1,1324,1574,1575,-1,1324,1575,1325,-1,1325,1575,1576,-1,1325,1576,1326,-1,1326,1576,1577,-1,1326,1577,1327,-1,1327,1577,1578,-1,1327,1578,1328,-1,1328,1578,1579,-1,1328,1579,1329,-1,1329,1579,1580,-1,1329,1580,1330,-1,1330,1580,1581,-1,1330,1581,1331,-1,1331,1581,1582,-1,1331,1582,1332,-1,1332,1582,1583,-1,1332,1583,1333,-1,1333,1583,1584,-1,1333,1584,1334,-1,1334,1584,1585,-1,1334,1585,1335,-1,1335,1585,1586,-1,1335,1586,1336,-1,1336,1586,1587,-1,1336,1587,1337,-1,1337,1587,1588,-1,1337,1588,1338,-1,1338,1588,1589,-1,1338,1589,1339,-1,1339,1589,1590,-1,1339,1590,1340,-1,1340,1590,1591,-1,1340,1591,1341,-1,1341,1591,1592,-1,1341,1592,1342,-1,1342,1592,1593,-1,1342,1593,1343,-1,1343,1593,1594,-1,1343,1594,1344,-1,1344,1594,1595,-1,1344,1595,1345,-1,1345,1595,1596,-1,1345,1596,1346,-1,1346,1596,1597,-1,1346,1597,1347,-1,1347,1597,1598,-1,1347,1598,1348,-1,1348,1598,1599,-1,1348,1599,1349,-1,1349,1599,1600,-1,1349,1600,1350,-1,1350,1600,1601,-1,1350,1601,1351,-1,1351,1601,1602,-1,1351,1602,1352,-1,1352,1602,1603,-1,1352,1603,1353,-1,1353,1603,1604,-1,1353,1604,1354,-1,1354,1604,1605,-1,1354,1605,1355,-1,1355,1605,1606,-1,1355,1606,1356,-1,1356,1606,1607,-1,1356,1607,1357,-1,1357,1607,1608,-1,1357,1608,1358,-1,1358,1608,1609,-1,1358,1609,1359,-1,1359,1609,1610,-1,1359,1610,1360,-1,1360,1610,1611,-1,1360,1611,1361,-1,1361,1611,1612,-1,1361,1612,1362,-1,1362,1612,1613,-1,1362,1613,1363,-1,1363,1613,1614,-1,1363,1614,1364,-1,1364,1614,1615,-1,1364,1615,1365,-1,1365,1615,1616,-1,1365,1616,1366,-1,1366,1616,1617,-1,1366,1617,1367,-1,1367,1617,1618,-1,1367,1618,1368,-1,1368,1618,1619,-1,1368,1619,1369,-1,1369,1619,1620,-1,1369,1620,1370,-1,1370,1620,1621,-1,1370,1621,1371,-1,1371,1621,1622,-1,1371,1622,1372,-1,1372,1622,1623,-1,1372,1623,1373,-1,1373,1623,1624,-1,1373,1624,1374,-1,1374,1624,100,-1,1374,100,102,-1,102,100,99,-1,1375,1625,1376,-1,1376,1625,1626,-1,1376,1626,1377,-1,1377,1626,1627,-1,1377,1627,1378,-1,1378,1627,1628,-1,1378,1628,1379,-1,1379,1628,1629,-1,1379,1629,1380,-1,1380,1629,1630,-1,1380,1630,1381,-1,1381,1630,1631,-1,1381,1631,1382,-1,1382,1631,1632,-1,1382,1632,1383,-1,1383,1632,1633,-1,1383,1633,1384,-1,1384,1633,1634,-1,1384,1634,1385,-1,1385,1634,1635,-1,1385,1635,1386,-1,1386,1635,1636,-1,1386,1636,1387,-1,1387,1636,1637,-1,1387,1637,1388,-1,1388,1637,1638,-1,1388,1638,1389,-1,1389,1638,1639,-1,1389,1639,1390,-1,1390,1639,1640,-1,1390,1640,1391,-1,1391,1640,1641,-1,1391,1641,1392,-1,1392,1641,1642,-1,1392,1642,1393,-1,1393,1642,1643,-1,1393,1643,1394,-1,1394,1643,1644,-1,1394,1644,1395,-1,1395,1644,1645,-1,1395,1645,1396,-1,1396,1645,1646,-1,1396,1646,1397,-1,1397,1646,1647,-1,1397,1647,1398,-1,1398,1647,1648,-1,1398,1648,1399,-1,1399,1648,1649,-1,1399,1649,1400,-1,1400,1649,1650,-1,1400,1650,1401,-1,1401,1650,1651,-1,1401,1651,1402,-1,1402,1651,1652,-1,1402,1652,1403,-1,1403,1652,1653,-1,1403,1653,1404,-1,1404,1653,1654,-1,1404,1654,1405,-1,1405,1654,1655,-1,1405,1655,1406,-1,1406,1655,1656,-1,1406,1656,1407,-1,1407,1656,1657,-1,1407,1657,1408,-1,1408,1657,1658,-1,1408,1658,1409,-1,1409,1658,1659,-1,1409,1659,1410,-1,1410,1659,1660,-1,1410,1660,1411,-1,1411,1660,1661,-1,1411,1661,1412,-1,1412,1661,1662,-1,1412,1662,1413,-1,1413,1662,1663,-1,1413,1663,1414,-1,1414,1663,1664,-1,1414,1664,1415,-1,1415,1664,1665,-1,1415,1665,1416,-1,1416,1665,1666,-1,1416,1666,1417,-1,1417,1666,1667,-1,1417,1667,1418,-1,1418,1667,1668,-1,1418,1668,1419,-1,1419,1668,1669,-1,1419,1669,1420,-1,1420,1669,1670,-1,1420,1670,1421,-1,1421,1670,1671,-1,1421,1671,1422,-1,1422,1671,1672,-1,1422,1672,1423,-1,1423,1672,1673,-1,1423,1673,1424,-1,1424,1673,1674,-1,1424,1674,1425,-1,1425,1674,1675,-1,1425,1675,1426,-1,1426,1675,1676,-1,1426,1676,1427,-1,1427,1676,1677,-1,1427,1677,1428,-1,1428,1677,1678,-1,1428,1678,1429,-1,1429,1678,1679,-1,1429,1679,1430,-1,1430,1679,1680,-1,1430,1680,1431,-1,1431,1680,1681,-1,1431,1681,1432,-1,1432,1681,1682,-1,1432,1682,1433,-1,1433,1682,1683,-1,1433,1683,1434,-1,1434,1683,1684,-1,1434,1684,1435,-1,1435,1684,1685,-1,1435,1685,1436,-1,1436,1685,1686,-1,1436,1686,1437,-1,1437,1686,1687,-1,1437,1687,1438,-1,1438,1687,1688,-1,1438,1688,1439,-1,1439,1688,1689,-1,1439,1689,1440,-1,1440,1689,1690,-1,1440,1690,1441,-1,1441,1690,1691,-1,1441,1691,1442,-1,1442,1691,1692,-1,1442,1692,1443,-1,1443,1692,1693,-1,1443,1693,1444,-1,1444,1693,1694,-1,1444,1694,1445,-1,1445,1694,1695,-1,1445,1695,1446,-1,1446,1695,1696,-1,1446,1696,1447,-1,1447,1696,1697,-1,1447,1697,1448,-1,1448,1697,1698,-1,1448,1698,1449,-1,1449,1698,1699,-1,1449,1699,1450,-1,1450,1699,1700,-1,1450,1700,1451,-1,1451,1700,1701,-1,1451,1701,1452,-1,1452,1701,1702,-1,1452,1702,1453,-1,1453,1702,1703,-1,1453,1703,1454,-1,1454,1703,1704,-1,1454,1704,1455,-1,1455,1704,1705,-1,1455,1705,1456,-1,1456,1705,1706,-1,1456,1706,1457,-1,1457,1706,1707,-1,1457,1707,1458,-1,1458,1707,1708,-1,1458,1708,1459,-1,1459,1708,1709,-1,1459,1709,1460,-1,1460,1709,1710,-1,1460,1710,1461,-1,1461,1710,1711,-1,1461,1711,1462,-1,1462,1711,1712,-1,1462,1712,1463,-1,1463,1712,1713,-1,1463,1713,1464,-1,1464,1713,1714,-1,1464,1714,1465,-1,1465,1714,1715,-1,1465,1715,1466,-1,1466,1715,1716,-1,1466,1716,1467,-1,1467,1716,1717,-1,1467,1717,1468,-1,1468,1717,1718,-1,1468,1718,1469,-1,1469,1718,1719,-1,1469,1719,1470,-1,1470,1719,1720,-1,1470,1720,1471,-1,1471,1720,1721,-1,1471,1721,1472,-1,1472,1721,1722,-1,1472,1722,1473,-1,1473,1722,1723,-1,1473,1723,1474,-1,1474,1723,1724,-1,1474,1724,1475,-1,1475,1724,1725,-1,1475,1725,1476,-1,1476,1725,1726,-1,1476,1726,1477,-1,1477,1726,1727,-1,1477,1727,1478,-1,1478,1727,1728,-1,1478,1728,1479,-1,1479,1728,1729,-1,1479,1729,1480,-1,1480,1729,1730,-1,1480,1730,1481,-1,1481,1730,1731,-1,1481,1731,1482,-1,1482,1731,1732,-1,1482,1732,1483,-1,1483,1732,1733,-1,1483,1733,1484,-1,1484,1733,1734,-1,1484,1734,1485,-1,1485,1734,1735,-1,1485,1735,1486,-1,1486,1735,1736,-1,1486,1736,1487,-1,1487,1736,1737,-1,1487,1737,1488,-1,1488,1737,1738,-1,1488,1738,1489,-1,1489,1738,1739,-1,1489,1739,1490,-1,1490,1739,1740,-1,1490,1740,1491,-1,1491,1740,1741,-1,1491,1741,1492,-1,1492,1741,1742,-1,1492,1742,1493,-1,1493,1742,1743,-1,1493,1743,1494,-1,1494,1743,1744,-1,1494,1744,1495,-1,1495,1744,1745,-1,1495,1745,1496,-1,1496,1745,1746,-1,1496,1746,1497,-1,1497,1746,1747,-1,1497,1747,1498,-1,1498,1747,1748,-1,1498,1748,1499,-1,1499,1748,1749,-1,1499,1749,1500,-1,1500,1749,1750,-1,1500,1750,1501,-1,1501,1750,1751,-1,1501,1751,1502,-1,1502,1751,1752,-1,1502,1752,1503,-1,1503,1752,1753,-1,1503,1753,1504,-1,1504,1753,1754,-1,1504,1754,1505,-1,1505,1754,1755,-1,1505,1755,1506,-1,1506,1755,1756,-1,1506,1756,1507,-1,1507,1756,1757,-1,1507,1757,1508,-1,1508,1757,1758,-1,1508,1758,1509,-1,1509,1758,1759,-1,1509,1759,1510,-1,1510,1759,1760,-1,1510,1760,1511,-1,1511,1760,1761,-1,1511,1761,1512,-1,1512,1761,1762,-1,1512,1762,1513,-1,1513,1762,1763,-1,1513,1763,1514,-1,1514,1763,1764,-1,1514,1764,1515,-1,1515,1764,1765,-1,1515,1765,1516,-1,1516,1765,1766,-1,1516,1766,1517,-1,1517,1766,1767,-1,1517,1767,1518,-1,1518,1767,1768,-1,1518,1768,1519,-1,1519,1768,1769,-1,1519,1769,1520,-1,1520,1769,1770,-1,1520,1770,1521,-1,1521,1770,1771,-1,1521,1771,1522,-1,1522,1771,1772,-1,1522,1772,1523,-1,1523,1772,1773,-1,1523,1773,1524,-1,1524,1773,1774,-1,1524,1774,1525,-1,1525,1774,1775,-1,1525,1775,1526,-1,1526,1775,1776,-1,1526,1776,1527,-1,1527,1776,1777,-1,1527,1777,1528,-1,1528,1777,1778,-1,1528,1778,1529,-1,1529,1778,1779,-1,1529,1779,1530,-1,1530,1779,1780,-1,1530,1780,1531,-1,1531,1780,1781,-1,1531,1781,1532,-1,1532,1781,1782,-1,1532,1782,1533,-1,1533,1782,1783,-1,1533,1783,1534,-1,1534,1783,1784,-1,1534,1784,1535,-1,1535,1784,1785,-1,1535,1785,1536,-1,1536,1785,1786,-1,1536,1786,1537,-1,1537,1786,1787,-1,1537,1787,1538,-1,1538,1787,1788,-1,1538,1788,1539,-1,1539,1788,1789,-1,1539,1789,1540,-1,1540,1789,1790,-1,1540,1790,1541,-1,1541,1790,1791,-1,1541,1791,1542,-1,1542,1791,1792,-1,1542,1792,1543,-1,1543,1792,1793,-1,1543,1793,1544,-1,1544,1793,1794,-1,1544,1794,1545,-1,1545,1794,1795,-1,1545,1795,1546,-1,1546,1795,1796,-1,1546,1796,1547,-1,1547,1796,1797,-1,1547,1797,1548,-1,1548,1797,1798,-1,1548,1798,1549,-1,1549,1798,1799,-1,1549,1799,1550,-1,1550,1799,1800,-1,1550,1800,1551,-1,1551,1800,1801,-1,1551,1801,1552,-1,1552,1801,1802,-1,1552,1802,1553,-1,1553,1802,1803,-1,1553,1803,1554,-1,1554,1803,1804,-1,1554,1804,1555,-1,1555,1804,1805,-1,1555,1805,1556,-1,1556,1805,1806,-1,1556,1806,1557,-1,1557,1806,1807,-1,1557,1807,1558,-1,1558,1807,1808,-1,1558,1808,1559,-1,1559,1808,1809,-1,1559,1809,1560,-1,1560,1809,1810,-1,1560,1810,1561,-1,1561,1810,1811,-1,1561,1811,1562,-1,1562,1811,1812,-1,1562,1812,1563,-1,1563,1812,1813,-1,1563,1813,1564,-1,1564,1813,1814,-1,1564,1814,1565,-1,1565,1814,1815,-1,1565,1815,1566,-1,1566,1815,1816,-1,1566,1816,1567,-1,1567,1816,1817,-1,1567,1817,1568,-1,1568,1817,1818,-1,1568,1818,1569,-1,1569,1818,1819,-1,1569,1819,1570,-1,1570,1819,1820,-1,1570,1820,1571,-1,1571,1820,1821,-1,1571,1821,1572,-1,1572,1821,1822,-1,1572,1822,1573,-1,1573,1822,1823,-1,1573,1823,1574,-1,1574,1823,1824,-1,1574,1824,1575,-1,1575,1824,1825,-1,1575,1825,1576,-1,1576,1825,1826,-1,1576,1826,1577,-1,1577,1826,1827,-1,1577,1827,1578,-1,1578,1827,1828,-1,1578,1828,1579,-1,1579,1828,1829,-1,1579,1829,1580,-1,1580,1829,1830,-1,1580,1830,1581,-1,1581,1830,1831,-1,1581,1831,1582,-1,1582,1831,1832,-1,1582,1832,1583,-1,1583,1832,1833,-1,1583,1833,1584,-1,1584,1833,1834,-1,1584,1834,1585,-1,1585,1834,1835,-1,1585,1835,1586,-1,1586,1835,1836,-1,1586,1836,1587,-1,1587,1836,1837,-1,1587,1837,1588,-1,1588,1837,1838,-1,1588,1838,1589,-1,1589,1838,1839,-1,1589,1839,1590,-1,1590,1839,1840,-1,1590,1840,1591,-1,1591,1840,1841,-1,1591,1841,1592,-1,1592,1841,1842,-1,1592,1842,1593,-1,1593,1842,1843,-1,1593,1843,1594,-1,1594,1843,1844,-1,1594,1844,1595,-1,1595,1844,1845,-1,1595,1845,1596,-1,1596,1845,1846,-1,1596,1846,1597,-1,1597,1846,1847,-1,1597,1847,1598,-1,1598,1847,1848,-1,1598,1848,1599,-1,1599,1848,1849,-1,1599,1849,1600,-1,1600,1849,1850,-1,1600,1850,1601,-1,1601,1850,1851,-1,1601,1851,1602,-1,1602,1851,1852,-1,1602,1852,1603,-1,1603,1852,1853,-1,1603,1853,1604,-1,1604,1853,1854,-1,1604,1854,1605,-1,1605,1854,1855,-1,1605,1855,1606,-1,1606,1855,1856,-1,1606,1856,1607,-1,1607,1856,1857,-1,1607,1857,1608,-1,1608,1857,1858,-1,1608,1858,1609,-1,1609,1858,1859,-1,1609,1859,1610,-1,1610,1859,1860,-1,1610,1860,1611,-1,1611,1860,1861,-1,1611,1861,1612,-1,1612,1861,1862,-1,1612,1862,1613,-1,1613,1862,1863,-1,1613,1863,1614,-1,1614,1863,1864,-1,1614,1864,1615,-1,1615,1864,1865,-1,1615,1865,1616,-1,1616,1865,1866,-1,1616,1866,1617,-1,1617,1866,1867,-1,1617,1867,1618,-1,1618,1867,1868,-1,1618,1868,1619,-1,1619,1868,1869,-1,1619,1869,1620,-1,1620,1869,1870,-1,1620,1870,1621,-1,1621,1870,1871,-1,1621,1871,1622,-1,1622,1871,1872,-1,1622,1872,1623,-1,1623,1872,1873,-1,1623,1873,1624,-1,1624,1873,98,-1,1624,98,100,-1,100,98,97,-1,1625,1874,1626,-1,1626,1874,1875,-1,1626,1875,1627,-1,1627,1875,1876,-1,1627,1876,1628,-1,1628,1876,1877,-1,1628,1877,1629,-1,1629,1877,1878,-1,1629,1878,1630,-1,1630,1878,1879,-1,1630,1879,1631,-1,1631,1879,1880,-1,1631,1880,1632,-1,1632,1880,1881,-1,1632,1881,1633,-1,1633,1881,1882,-1,1633,1882,1634,-1,1634,1882,1883,-1,1634,1883,1635,-1,1635,1883,1884,-1,1635,1884,1636,-1,1636,1884,1885,-1,1636,1885,1637,-1,1637,1885,1886,-1,1637,1886,1638,-1,1638,1886,1887,-1,1638,1887,1639,-1,1639,1887,1888,-1,1639,1888,1640,-1,1640,1888,1889,-1,1640,1889,1641,-1,1641,1889,1890,-1,1641,1890,1642,-1,1642,1890,1891,-1,1642,1891,1643,-1,1643,1891,1892,-1,1643,1892,1644,-1,1644,1892,1893,-1,1644,1893,1645,-1,1645,1893,1894,-1,1645,1894,1646,-1,1646,1894,1895,-1,1646,1895,1647,-1,1647,1895,1896,-1,1647,1896,1648,-1,1648,1896,1897,-1,1648,1897,1649,-1,1649,1897,1898,-1,1649,1898,1650,-1,1650,1898,1899,-1,1650,1899,1651,-1,1651,1899,1900,-1,1651,1900,1652,-1,1652,1900,1901,-1,1652,1901,1653,-1,1653,1901,1902,-1,1653,1902,1654,-1,1654,1902,1903,-1,1654,1903,1655,-1,1655,1903,1904,-1,1655,1904,1656,-1,1656,1904,1905,-1,1656,1905,1657,-1,1657,1905,1906,-1,1657,1906,1658,-1,1658,1906,1907,-1,1658,1907,1659,-1,1659,1907,1908,-1,1659,1908,1660,-1,1660,1908,1909,-1,1660,1909,1661,-1,1661,1909,1910,-1,1661,1910,1662,-1,1662,1910,1911,-1,1662,1911,1663,-1,1663,1911,1912,-1,1663,1912,1664,-1,1664,1912,1913,-1,1664,1913,1665,-1,1665,1913,1914,-1,1665,1914,1666,-1,1666,1914,1915,-1,1666,1915,1667,-1,1667,1915,1916,-1,1667,1916,1668,-1,1668,1916,1917,-1,1668,1917,1669,-1,1669,1917,1918,-1,1669,1918,1670,-1,1670,1918,1919,-1,1670,1919,1671,-1,1671,1919,1920,-1,1671,1920,1672,-1,1672,1920,1921,-1,1672,1921,1673,-1,1673,1921,1922,-1,1673,1922,1674,-1,1674,1922,1923,-1,1674,1923,1675,-1,1675,1923,1924,-1,1675,1924,1676,-1,1676,1924,1925,-1,1676,1925,1677,-1,1677,1925,1926,-1,1677,1926,1678,-1,1678,1926,1927,-1,1678,1927,1679,-1,1679,1927,1928,-1,1679,1928,1680,-1,1680,1928,1929,-1,1680,1929,1681,-1,1681,1929,1930,-1,1681,1930,1682,-1,1682,1930,1931,-1,1682,1931,1683,-1,1683,1931,1932,-1,1683,1932,1684,-1,1684,1932,1933,-1,1684,1933,1685,-1,1685,1933,1934,-1,1685,1934,1686,-1,1686,1934,1935,-1,1686,1935,1687,-1,1687,1935,1936,-1,1687,1936,1688,-1,1688,1936,1937,-1,1688,1937,1689,-1,1689,1937,1938,-1,1689,1938,1690,-1,1690,1938,1939,-1,1690,1939,1691,-1,1691,1939,1940,-1,1691,1940,1692,-1,1692,1940,1941,-1,1692,1941,1693,-1,1693,1941,1942,-1,1693,1942,1694,-1,1694,1942,1943,-1,1694,1943,1695,-1,1695,1943,1944,-1,1695,1944,1696,-1,1696,1944,1945,-1,1696,1945,1697,-1,1697,1945,1946,-1,1697,1946,1698,-1,1698,1946,1947,-1,1698,1947,1699,-1,1699,1947,1948,-1,1699,1948,1700,-1,1700,1948,1949,-1,1700,1949,1701,-1,1701,1949,1950,-1,1701,1950,1702,-1,1702,1950,1951,-1,1702,1951,1703,-1,1703,1951,1952,-1,1703,1952,1704,-1,1704,1952,1953,-1,1704,1953,1705,-1,1705,1953,1954,-1,1705,1954,1706,-1,1706,1954,1955,-1,1706,1955,1707,-1,1707,1955,1956,-1,1707,1956,1708,-1,1708,1956,1957,-1,1708,1957,1709,-1,1709,1957,1958,-1,1709,1958,1710,-1,1710,1958,1959,-1,1710,1959,1711,-1,1711,1959,1960,-1,1711,1960,1712,-1,1712,1960,1961,-1,1712,1961,1713,-1,1713,1961,1962,-1,1713,1962,1714,-1,1714,1962,1963,-1,1714,1963,1715,-1,1715,1963,1964,-1,1715,1964,1716,-1,1716,1964,1965,-1,1716,1965,1717,-1,1717,1965,1966,-1,1717,1966,1718,-1,1718,1966,1967,-1,1718,1967,1719,-1,1719,1967,1968,-1,1719,1968,1720,-1,1720,1968,1969,-1,1720,1969,1721,-1,1721,1969,1970,-1,1721,1970,1722,-1,1722,1970,1971,-1,1722,1971,1723,-1,1723,1971,1972,-1,1723,1972,1724,-1,1724,1972,1973,-1,1724,1973,1725,-1,1725,1973,1974,-1,1725,1974,1726,-1,1726,1974,1975,-1,1726,1975,1727,-1,1727,1975,1976,-1,1727,1976,1728,-1,1728,1976,1977,-1,1728,1977,1729,-1,1729,1977,1978,-1,1729,1978,1730,-1,1730,1978,1979,-1,1730,1979,1731,-1,1731,1979,1980,-1,1731,1980,1732,-1,1732,1980,1981,-1,1732,1981,1733,-1,1733,1981,1982,-1,1733,1982,1734,-1,1734,1982,1983,-1,1734,1983,1735,-1,1735,1983,1984,-1,1735,1984,1736,-1,1736,1984,1985,-1,1736,1985,1737,-1,1737,1985,1986,-1,1737,1986,1738,-1,1738,1986,1987,-1,1738,1987,1739,-1,1739,1987,1988,-1,1739,1988,1740,-1,1740,1988,1989,-1,1740,1989,1741,-1,1741,1989,1990,-1,1741,1990,1742,-1,1742,1990,1991,-1,1742,1991,1743,-1,1743,1991,1992,-1,1743,1992,1744,-1,1744,1992,1993,-1,1744,1993,1745,-1,1745,1993,1994,-1,1745,1994,1746,-1,1746,1994,1995,-1,1746,1995,1747,-1,1747,1995,1996,-1,1747,1996,1748,-1,1748,1996,1997,-1,1748,1997,1749,-1,1749,1997,1998,-1,1749,1998,1750,-1,1750,1998,1999,-1,1750,1999,1751,-1,1751,1999,2000,-1,1751,2000,1752,-1,1752,2000,2001,-1,1752,2001,1753,-1,1753,2001,2002,-1,1753,2002,1754,-1,1754,2002,2003,-1,1754,2003,1755,-1,1755,2003,2004,-1,1755,2004,1756,-1,1756,2004,2005,-1,1756,2005,1757,-1,1757,2005,2006,-1,1757,2006,1758,-1,1758,2006,2007,-1,1758,2007,1759,-1,1759,2007,2008,-1,1759,2008,1760,-1,1760,2008,2009,-1,1760,2009,1761,-1,1761,2009,2010,-1,1761,2010,1762,-1,1762,2010,2011,-1,1762,2011,1763,-1,1763,2011,2012,-1,1763,2012,1764,-1,1764,2012,2013,-1,1764,2013,1765,-1,1765,2013,2014,-1,1765,2014,1766,-1,1766,2014,2015,-1,1766,2015,1767,-1,1767,2015,2016,-1,1767,2016,1768,-1,1768,2016,2017,-1,1768,2017,1769,-1,1769,2017,2018,-1,1769,2018,1770,-1,1770,2018,2019,-1,1770,2019,1771,-1,1771,2019,2020,-1,1771,2020,1772,-1,1772,2020,2021,-1,1772,2021,1773,-1,1773,2021,2022,-1,1773,2022,1774,-1,1774,2022,2023,-1,1774,2023,1775,-1,1775,2023,2024,-1,1775,2024,1776,-1,1776,2024,2025,-1,1776,2025,1777,-1,1777,2025,2026,-1,1777,2026,1778,-1,1778,2026,2027,-1,1778,2027,1779,-1,1779,2027,2028,-1,1779,2028,1780,-1,1780,2028,2029,-1,1780,2029,1781,-1,1781,2029,2030,-1,1781,2030,1782,-1,1782,2030,2031,-1,1782,2031,1783,-1,1783,2031,2032,-1,1783,2032,1784,-1,1784,2032,2033,-1,1784,2033,1785,-1,1785,2033,2034,-1,1785,2034,1786,-1,1786,2034,2035,-1,1786,2035,1787,-1,1787,2035,2036,-1,1787,2036,1788,-1,1788,2036,2037,-1,1788,2037,1789,-1,1789,2037,2038,-1,1789,2038,1790,-1,1790,2038,2039,-1,1790,2039,1791,-1,1791,2039,2040,-1,1791,2040,1792,-1,1792,2040,2041,-1,1792,2041,1793,-1,1793,2041,2042,-1,1793,2042,1794,-1,1794,2042,2043,-1,1794,2043,1795,-1,1795,2043,2044,-1,1795,2044,1796,-1,1796,2044,2045,-1,1796,2045,1797,-1,1797,2045,2046,-1,1797,2046,1798,-1,1798,2046,2047,-1,1798,2047,1799,-1,1799,2047,2048,-1,1799,2048,1800,-1,1800,2048,2049,-1,1800,2049,1801,-1,1801,2049,2050,-1,1801,2050,1802,-1,1802,2050,2051,-1,1802,2051,1803,-1,1803,2051,2052,-1,1803,2052,1804,-1,1804,2052,2053,-1,1804,2053,1805,-1,1805,2053,2054,-1,1805,2054,1806,-1,1806,2054,2055,-1,1806,2055,1807,-1,1807,2055,2056,-1,1807,2056,1808,-1,1808,2056,2057,-1,1808,2057,1809,-1,1809,2057,2058,-1,1809,2058,1810,-1,1810,2058,2059,-1,1810,2059,1811,-1,1811,2059,2060,-1,1811,2060,1812,-1,1812,2060,2061,-1,1812,2061,1813,-1,1813,2061,2062,-1,1813,2062,1814,-1,1814,2062,2063,-1,1814,2063,1815,-1,1815,2063,2064,-1,1815,2064,1816,-1,1816,2064,2065,-1,1816,2065,1817,-1,1817,2065,2066,-1,1817,2066,1818,-1,1818,2066,2067,-1,1818,2067,1819,-1,1819,2067,2068,-1,1819,2068,1820,-1,1820,2068,2069,-1,1820,2069,1821,-1,1821,2069,2070,-1,1821,2070,1822,-1,1822,2070,2071,-1,1822,2071,1823,-1,1823,2071,2072,-1,1823,2072,1824,-1,1824,2072,2073,-1,1824,2073,1825,-1,1825,2073,2074,-1,1825,2074,1826,-1,1826,2074,2075,-1,1826,2075,1827,-1,1827,2075,2076,-1,1827,2076,1828,-1,1828,2076,2077,-1,1828,2077,1829,-1,1829,2077,2078,-1,1829,2078,1830,-1,1830,2078,2079,-1,1830,2079,1831,-1,1831,2079,2080,-1,1831,2080,1832,-1,1832,2080,2081,-1,1832,2081,1833,-1,1833,2081,2082,-1,1833,2082,1834,-1,1834,2082,2083,-1,1834,2083,1835,-1,1835,2083,2084,-1,1835,2084,1836,-1,1836,2084,2085,-1,1836,2085,1837,-1,1837,2085,2086,-1,1837,2086,1838,-1,1838,2086,2087,-1,1838,2087,1839,-1,1839,2087,2088,-1,1839,2088,1840,-1,1840,2088,2089,-1,1840,2089,1841,-1,1841,2089,2090,-1,1841,2090,1842,-1,1842,2090,2091,-1,1842,2091,1843,-1,1843,2091,2092,-1,1843,2092,1844,-1,1844,2092,2093,-1,1844,2093,1845,-1,1845,2093,2094,-1,1845,2094,1846,-1,1846,2094,2095,-1,1846,2095,1847,-1,1847,2095,2096,-1,1847,2096,1848,-1,1848,2096,2097,-1,1848,2097,1849,-1,1849,2097,2098,-1,1849,2098,1850,-1,1850,2098,2099,-1,1850,2099,1851,-1,1851,2099,2100,-1,1851,2100,1852,-1,1852,2100,2101,-1,1852,2101,1853,-1,1853,2101,2102,-1,1853,2102,1854,-1,1854,2102,2103,-1,1854,2103,1855,-1,1855,2103,2104,-1,1855,2104,1856,-1,1856,2104,2105,-1,1856,2105,1857,-1,1857,2105,2106,-1,1857,2106,1858,-1,1858,2106,2107,-1,1858,2107,1859,-1,1859,2107,2108,-1,1859,2108,1860,-1,1860,2108,2109,-1,1860,2109,1861,-1,1861,2109,2110,-1,1861,2110,1862,-1,1862,2110,2111,-1,1862,2111,1863,-1,1863,2111,2112,-1,1863,2112,1864,-1,1864,2112,2113,-1,1864,2113,1865,-1,1865,2113,2114,-1,1865,2114,1866,-1,1866,2114,2115,-1,1866,2115,1867,-1,1867,2115,2116,-1,1867,2116,1868,-1,1868,2116,2117,-1,1868,2117,1869,-1,1869,2117,2118,-1,1869,2118,1870,-1,1870,2118,2119,-1,1870,2119,1871,-1,1871,2119,2120,-1,1871,2120,1872,-1,1872,2120,2121,-1,1872,2121,1873,-1,1873,2121,96,-1,1873,96,98,-1,98,96,95,-1,1874,2122,1875,-1,1875,2122,2123,-1,1875,2123,1876,-1,1876,2123,2124,-1,1876,2124,1877,-1,1877,2124,2125,-1,1877,2125,1878,-1,1878,2125,2126,-1,1878,2126,1879,-1,1879,2126,2127,-1,1879,2127,1880,-1,1880,2127,2128,-1,1880,2128,1881,-1,1881,2128,2129,-1,1881,2129,1882,-1,1882,2129,2130,-1,1882,2130,1883,-1,1883,2130,2131,-1,1883,2131,1884,-1,1884,2131,2132,-1,1884,2132,1885,-1,1885,2132,2133,-1,1885,2133,1886,-1,1886,2133,2134,-1,1886,2134,1887,-1,1887,2134,2135,-1,1887,2135,1888,-1,1888,2135,2136,-1,1888,2136,1889,-1,1889,2136,2137,-1,1889,2137,1890,-1,1890,2137,2138,-1,1890,2138,1891,-1,1891,2138,2139,-1,1891,2139,1892,-1,1892,2139,2140,-1,1892,2140,1893,-1,1893,2140,2141,-1,1893,2141,1894,-1,1894,2141,2142,-1,1894,2142,1895,-1,1895,2142,2143,-1,1895,2143,1896,-1,1896,2143,2144,-1,1896,2144,1897,-1,1897,2144,2145,-1,1897,2145,1898,-1,1898,2145,2146,-1,1898,2146,1899,-1,1899,2146,2147,-1,1899,2147,1900,-1,1900,2147,2148,-1,1900,2148,1901,-1,1901,2148,2149,-1,1901,2149,1902,-1,1902,2149,2150,-1,1902,2150,1903,-1,1903,2150,2151,-1,1903,2151,1904,-1,1904,2151,2152,-1,1904,2152,1905,-1,1905,2152,2153,-1,1905,2153,1906,-1,1906,2153,2154,-1,1906,2154,1907,-1,1907,2154,2155,-1,1907,2155,1908,-1,1908,2155,2156,-1,1908,2156,1909,-1,1909,2156,2157,-1,1909,2157,1910,-1,1910,2157,2158,-1,1910,2158,1911,-1,1911,2158,2159,-1,1911,2159,1912,-1,1912,2159,2160,-1,1912,2160,1913,-1,1913,2160,2161,-1,1913,2161,1914,-1,1914,2161,2162,-1,1914,2162,1915,-1,1915,2162,2163,-1,1915,2163,1916,-1,1916,2163,2164,-1,1916,2164,1917,-1,1917,2164,2165,-1,1917,2165,1918,-1,1918,2165,2166,-1,1918,2166,1919,-1,1919,2166,2167,-1,1919,2167,1920,-1,1920,2167,2168,-1,1920,2168,1921,-1,1921,2168,2169,-1,1921,2169,1922,-1,1922,2169,2170,-1,1922,2170,1923,-1,1923,2170,2171,-1,1923,2171,1924,-1,1924,2171,2172,-1,1924,2172,1925,-1,1925,2172,2173,-1,1925,2173,1926,-1,1926,2173,2174,-1,1926,2174,1927,-1,1927,2174,2175,-1,1927,2175,1928,-1,1928,2175,2176,-1,1928,2176,1929,-1,1929,2176,2177,-1,1929,2177,1930,-1,1930,2177,2178,-1,1930,2178,1931,-1,1931,2178,2179,-1,1931,2179,1932,-1,1932,2179,2180,-1,1932,2180,1933,-1,1933,2180,2181,-1,1933,2181,1934,-1,1934,2181,2182,-1,1934,2182,1935,-1,1935,2182,2183,-1,1935,2183,1936,-1,1936,2183,2184,-1,1936,2184,1937,-1,1937,2184,2185,-1,1937,2185,1938,-1,1938,2185,2186,-1,1938,2186,1939,-1,1939,2186,2187,-1,1939,2187,1940,-1,1940,2187,2188,-1,1940,2188,1941,-1,1941,2188,2189,-1,1941,2189,1942,-1,1942,2189,2190,-1,1942,2190,1943,-1,1943,2190,2191,-1,1943,2191,1944,-1,1944,2191,2192,-1,1944,2192,1945,-1,1945,2192,2193,-1,1945,2193,1946,-1,1946,2193,2194,-1,1946,2194,1947,-1,1947,2194,2195,-1,1947,2195,1948,-1,1948,2195,2196,-1,1948,2196,1949,-1,1949,2196,2197,-1,1949,2197,1950,-1,1950,2197,2198,-1,1950,2198,1951,-1,1951,2198,2199,-1,1951,2199,1952,-1,1952,2199,2200,-1,1952,2200,1953,-1,1953,2200,2201,-1,1953,2201,1954,-1,1954,2201,2202,-1,1954,2202,1955,-1,1955,2202,2203,-1,1955,2203,1956,-1,1956,2203,2204,-1,1956,2204,1957,-1,1957,2204,2205,-1,1957,2205,1958,-1,1958,2205,2206,-1,1958,2206,1959,-1,1959,2206,2207,-1,1959,2207,1960,-1,1960,2207,2208,-1,1960,2208,1961,-1,1961,2208,2209,-1,1961,2209,1962,-1,1962,2209,2210,-1,1962,2210,1963,-1,1963,2210,2211,-1,1963,2211,1964,-1,1964,2211,2212,-1,1964,2212,1965,-1,1965,2212,2213,-1,1965,2213,1966,-1,1966,2213,2214,-1,1966,2214,1967,-1,1967,2214,2215,-1,1967,2215,1968,-1,1968,2215,2216,-1,1968,2216,1969,-1,1969,2216,2217,-1,1969,2217,1970,-1,1970,2217,2218,-1,1970,2218,1971,-1,1971,2218,2219,-1,1971,2219,1972,-1,1972,2219,2220,-1,1972,2220,1973,-1,1973,2220,2221,-1,1973,2221,1974,-1,1974,2221,2222,-1,1974,2222,1975,-1,1975,2222,2223,-1,1975,2223,1976,-1,1976,2223,2224,-1,1976,2224,1977,-1,1977,2224,2225,-1,1977,2225,1978,-1,1978,2225,2226,-1,1978,2226,1979,-1,1979,2226,2227,-1,1979,2227,1980,-1,1980,2227,2228,-1,1980,2228,1981,-1,1981,2228,2229,-1,1981,2229,1982,-1,1982,2229,2230,-1,1982,2230,1983,-1,1983,2230,2231,-1,1983,2231,1984,-1,1984,2231,2232,-1,1984,2232,1985,-1,1985,2232,2233,-1,1985,2233,1986,-1,1986,2233,2234,-1,1986,2234,1987,-1,1987,2234,2235,-1,1987,2235,1988,-1,1988,2235,2236,-1,1988,2236,1989,-1,1989,2236,2237,-1,1989,2237,1990,-1,1990,2237,2238,-1,1990,2238,1991,-1,1991,2238,2239,-1,1991,2239,1992,-1,1992,2239,2240,-1,1992,2240,1993,-1,1993,2240,2241,-1,1993,2241,1994,-1,1994,2241,2242,-1,1994,2242,1995,-1,1995,2242,2243,-1,1995,2243,1996,-1,1996,2243,2244,-1,1996,2244,1997,-1,1997,2244,2245,-1,1997,2245,1998,-1,1998,2245,2246,-1,1998,2246,1999,-1,1999,2246,2247,-1,1999,2247,2000,-1,2000,2247,2248,-1,2000,2248,2001,-1,2001,2248,2249,-1,2001,2249,2002,-1,2002,2249,2250,-1,2002,2250,2003,-1,2003,2250,2251,-1,2003,2251,2004,-1,2004,2251,2252,-1,2004,2252,2005,-1,2005,2252,2253,-1,2005,2253,2006,-1,2006,2253,2254,-1,2006,2254,2007,-1,2007,2254,2255,-1,2007,2255,2008,-1,2008,2255,2256,-1,2008,2256,2009,-1,2009,2256,2257,-1,2009,2257,2010,-1,2010,2257,2258,-1,2010,2258,2011,-1,2011,2258,2259,-1,2011,2259,2012,-1,2012,2259,2260,-1,2012,2260,2013,-1,2013,2260,2261,-1,2013,2261,2014,-1,2014,2261,2262,-1,2014,2262,2015,-1,2015,2262,2263,-1,2015,2263,2016,-1,2016,2263,2264,-1,2016,2264,2017,-1,2017,2264,2265,-1,2017,2265,2018,-1,2018,2265,2266,-1,2018,2266,2019,-1,2019,2266,2267,-1,2019,2267,2020,-1,2020,2267,2268,-1,2020,2268,2021,-1,2021,2268,2269,-1,2021,2269,2022,-1,2022,2269,2270,-1,2022,2270,2023,-1,2023,2270,2271,-1,2023,2271,2024,-1,2024,2271,2272,-1,2024,2272,2025,-1,2025,2272,2273,-1,2025,2273,2026,-1,2026,2273,2274,-1,2026,2274,2027,-1,2027,2274,2275,-1,2027,2275,2028,-1,2028,2275,2276,-1,2028,2276,2029,-1,2029,2276,2277,-1,2029,2277,2030,-1,2030,2277,2278,-1,2030,2278,2031,-1,2031,2278,2279,-1,2031,2279,2032,-1,2032,2279,2280,-1,2032,2280,2033,-1,2033,2280,2281,-1,2033,2281,2034,-1,2034,2281,2282,-1,2034,2282,2035,-1,2035,2282,2283,-1,2035,2283,2036,-1,2036,2283,2284,-1,2036,2284,2037,-1,2037,2284,2285,-1,2037,2285,2038,-1,2038,2285,2286,-1,2038,2286,2039,-1,2039,2286,2287,-1,2039,2287,2040,-1,2040,2287,2288,-1,2040,2288,2041,-1,2041,2288,2289,-1,2041,2289,2042,-1,2042,2289,2290,-1,2042,2290,2043,-1,2043,2290,2291,-1,2043,2291,2044,-1,2044,2291,2292,-1,2044,2292,2045,-1,2045,2292,2293,-1,2045,2293,2046,-1,2046,2293,2294,-1,2046,2294,2047,-1,2047,2294,2295,-1,2047,2295,2048,-1,2048,2295,2296,-1,2048,2296,2049,-1,2049,2296,2297,-1,2049,2297,2050,-1,2050,2297,2298,-1,2050,2298,2051,-1,2051,2298,2299,-1,2051,2299,2052,-1,2052,2299,2300,-1,2052,2300,2053,-1,2053,2300,2301,-1,2053,2301,2054,-1,2054,2301,2302,-1,2054,2302,2055,-1,2055,2302,2303,-1,2055,2303,2056,-1,2056,2303,2304,-1,2056,2304,2057,-1,2057,2304,2305,-1,2057,2305,2058,-1,2058,2305,2306,-1,2058,2306,2059,-1,2059,2306,2307,-1,2059,2307,2060,-1,2060,2307,2308,-1,2060,2308,2061,-1,2061,2308,2309,-1,2061,2309,2062,-1,2062,2309,2310,-1,2062,2310,2063,-1,2063,2310,2311,-1,2063,2311,2064,-1,2064,2311,2312,-1,2064,2312,2065,-1,2065,2312,2313,-1,2065,2313,2066,-1,2066,2313,2314,-1,2066,2314,2067,-1,2067,2314,2315,-1,2067,2315,2068,-1,2068,2315,2316,-1,2068,2316,2069,-1,2069,2316,2317,-1,2069,2317,2070,-1,2070,2317,2318,-1,2070,2318,2071,-1,2071,2318,2319,-1,2071,2319,2072,-1,2072,2319,2320,-1,2072,2320,2073,-1,2073,2320,2321,-1,2073,2321,2074,-1,2074,2321,2322,-1,2074,2322,2075,-1,2075,2322,2323,-1,2075,2323,2076,-1,2076,2323,2324,-1,2076,2324,2077,-1,2077,2324,2325,-1,2077,2325,2078,-1,2078,2325,2326,-1,2078,2326,2079,-1,2079,2326,2327,-1,2079,2327,2080,-1,2080,2327,2328,-1,2080,2328,2081,-1,2081,2328,2329,-1,2081,2329,2082,-1,2082,2329,2330,-1,2082,2330,2083,-1,2083,2330,2331,-1,2083,2331,2084,-1,2084,2331,2332,-1,2084,2332,2085,-1,2085,2332,2333,-1,2085,2333,2086,-1,2086,2333,2334,-1,2086,2334,2087,-1,2087,2334,2335,-1,2087,2335,2088,-1,2088,2335,2336,-1,2088,2336,2089,-1,2089,2336,2337,-1,2089,2337,2090,-1,2090,2337,2338,-1,2090,2338,2091,-1,2091,2338,2339,-1,2091,2339,2092,-1,2092,2339,2340,-1,2092,2340,2093,-1,2093,2340,2341,-1,2093,2341,2094,-1,2094,2341,2342,-1,2094,2342,2095,-1,2095,2342,2343,-1,2095,2343,2096,-1,2096,2343,2344,-1,2096,2344,2097,-1,2097,2344,2345,-1,2097,2345,2098,-1,2098,2345,2346,-1,2098,2346,2099,-1,2099,2346,2347,-1,2099,2347,2100,-1,2100,2347,2348,-1,2100,2348,2101,-1,2101,2348,2349,-1,2101,2349,2102,-1,2102,2349,2350,-1,2102,2350,2103,-1,2103,2350,2351,-1,2103,2351,2104,-1,2104,2351,2352,-1,2104,2352,2105,-1,2105,2352,2353,-1,2105,2353,2106,-1,2106,2353,2354,-1,2106,2354,2107,-1,2107,2354,2355,-1,2107,2355,2108,-1,2108,2355,2356,-1,2108,2356,2109,-1,2109,2356,2357,-1,2109,2357,2110,-1,2110,2357,2358,-1,2110,2358,2111,-1,2111,2358,2359,-1,2111,2359,2112,-1,2112,2359,2360,-1,2112,2360,2113,-1,2113,2360,2361,-1,2113,2361,2114,-1,2114,2361,2362,-1,2114,2362,2115,-1,2115,2362,2363,-1,2115,2363,2116,-1,2116,2363,2364,-1,2116,2364,2117,-1,2117,2364,2365,-1,2117,2365,2118,-1,2118,2365,2366,-1,2118,2366,2119,-1,2119,2366,2367,-1,2119,2367,2120,-1,2120,2367,2368,-1,2120,2368,2121,-1,2121,2368,94,-1,2121,94,96,-1,96,94,93,-1,2122,2369,2123,-1,2123,2369,2370,-1,2123,2370,2124,-1,2124,2370,2371,-1,2124,2371,2125,-1,2125,2371,2372,-1,2125,2372,2126,-1,2126,2372,2373,-1,2126,2373,2127,-1,2127,2373,2374,-1,2127,2374,2128,-1,2128,2374,2375,-1,2128,2375,2129,-1,2129,2375,2376,-1,2129,2376,2130,-1,2130,2376,2377,-1,2130,2377,2131,-1,2131,2377,2378,-1,2131,2378,2132,-1,2132,2378,2379,-1,2132,2379,2133,-1,2133,2379,2380,-1,2133,2380,2134,-1,2134,2380,2381,-1,2134,2381,2135,-1,2135,2381,2382,-1,2135,2382,2136,-1,2136,2382,2383,-1,2136,2383,2137,-1,2137,2383,2384,-1,2137,2384,2138,-1,2138,2384,2385,-1,2138,2385,2139,-1,2139,2385,2386,-1,2139,2386,2140,-1,2140,2386,2387,-1,2140,2387,2141,-1,2141,2387,2388,-1,2141,2388,2142,-1,2142,2388,2389,-1,2142,2389,2143,-1,2143,2389,2390,-1,2143,2390,2144,-1,2144,2390,2391,-1,2144,2391,2145,-1,2145,2391,2392,-1,2145,2392,2146,-1,2146,2392,2393,-1,2146,2393,2147,-1,2147,2393,2394,-1,2147,2394,2148,-1,2148,2394,2395,-1,2148,2395,2149,-1,2149,2395,2396,-1,2149,2396,2150,-1,2150,2396,2397,-1,2150,2397,2151,-1,2151,2397,2398,-1,2151,2398,2152,-1,2152,2398,2399,-1,2152,2399,2153,-1,2153,2399,2400,-1,2153,2400,2154,-1,2154,2400,2401,-1,2154,2401,2155,-1,2155,2401,2402,-1,2155,2402,2156,-1,2156,2402,2403,-1,2156,2403,2157,-1,2157,2403,2404,-1,2157,2404,2158,-1,2158,2404,2405,-1,2158,2405,2159,-1,2159,2405,2406,-1,2159,2406,2160,-1,2160,2406,2407,-1,2160,2407,2161,-1,2161,2407,2408,-1,2161,2408,2162,-1,2162,2408,2409,-1,2162,2409,2163,-1,2163,2409,2410,-1,2163,2410,2164,-1,2164,2410,2411,-1,2164,2411,2165,-1,2165,2411,2412,-1,2165,2412,2166,-1,2166,2412,2413,-1,2166,2413,2167,-1,2167,2413,2414,-1,2167,2414,2168,-1,2168,2414,2415,-1,2168,2415,2169,-1,2169,2415,2416,-1,2169,2416,2170,-1,2170,2416,2417,-1,2170,2417,2171,-1,2171,2417,2418,-1,2171,2418,2172,-1,2172,2418,2419,-1,2172,2419,2173,-1,2173,2419,2420,-1,2173,2420,2174,-1,2174,2420,2421,-1,2174,2421,2175,-1,2175,2421,2422,-1,2175,2422,2176,-1,2176,2422,2423,-1,2176,2423,2177,-1,2177,2423,2424,-1,2177,2424,2178,-1,2178,2424,2425,-1,2178,2425,2179,-1,2179,2425,2426,-1,2179,2426,2180,-1,2180,2426,2427,-1,2180,2427,2181,-1,2181,2427,2428,-1,2181,2428,2182,-1,2182,2428,2429,-1,2182,2429,2183,-1,2183,2429,2430,-1,2183,2430,2184,-1,2184,2430,2431,-1,2184,2431,2185,-1,2185,2431,2432,-1,2185,2432,2186,-1,2186,2432,2433,-1,2186,2433,2187,-1,2187,2433,2434,-1,2187,2434,2188,-1,2188,2434,2435,-1,2188,2435,2189,-1,2189,2435,2436,-1,2189,2436,2190,-1,2190,2436,2437,-1,2190,2437,2191,-1,2191,2437,2438,-1,2191,2438,2192,-1,2192,2438,2439,-1,2192,2439,2193,-1,2193,2439,2440,-1,2193,2440,2194,-1,2194,2440,2441,-1,2194,2441,2195,-1,2195,2441,2442,-1,2195,2442,2196,-1,2196,2442,2443,-1,2196,2443,2197,-1,2197,2443,2444,-1,2197,2444,2198,-1,2198,2444,2445,-1,2198,2445,2199,-1,2199,2445,2446,-1,2199,2446,2200,-1,2200,2446,2447,-1,2200,2447,2201,-1,2201,2447,2448,-1,2201,2448,2202,-1,2202,2448,2449,-1,2202,2449,2203,-1,2203,2449,2450,-1,2203,2450,2204,-1,2204,2450,2451,-1,2204,2451,2205,-1,2205,2451,2452,-1,2205,2452,2206,-1,2206,2452,2453,-1,2206,2453,2207,-1,2207,2453,2454,-1,2207,2454,2208,-1,2208,2454,2455,-1,2208,2455,2209,-1,2209,2455,2456,-1,2209,2456,2210,-1,2210,2456,2457,-1,2210,2457,2211,-1,2211,2457,2458,-1,2211,2458,2212,-1,2212,2458,2459,-1,2212,2459,2213,-1,2213,2459,2460,-1,2213,2460,2214,-1,2214,2460,2461,-1,2214,2461,2215,-1,2215,2461,2462,-1,2215,2462,2216,-1,2216,2462,2463,-1,2216,2463,2217,-1,2217,2463,2464,-1,2217,2464,2218,-1,2218,2464,2465,-1,2218,2465,2219,-1,2219,2465,2466,-1,2219,2466,2220,-1,2220,2466,2467,-1,2220,2467,2221,-1,2221,2467,2468,-1,2221,2468,2222,-1,2222,2468,2469,-1,2222,2469,2223,-1,2223,2469,2470,-1,2223,2470,2224,-1,2224,2470,2471,-1,2224,2471,2225,-1,2225,2471,2472,-1,2225,2472,2226,-1,2226,2472,2473,-1,2226,2473,2227,-1,2227,2473,2474,-1,2227,2474,2228,-1,2228,2474,2475,-1,2228,2475,2229,-1,2229,2475,2476,-1,2229,2476,2230,-1,2230,2476,2477,-1,2230,2477,2231,-1,2231,2477,2478,-1,2231,2478,2232,-1,2232,2478,2479,-1,2232,2479,2233,-1,2233,2479,2480,-1,2233,2480,2234,-1,2234,2480,2481,-1,2234,2481,2235,-1,2235,2481,2482,-1,2235,2482,2236,-1,2236,2482,2483,-1,2236,2483,2237,-1,2237,2483,2484,-1,2237,2484,2238,-1,2238,2484,2485,-1,2238,2485,2239,-1,2239,2485,2486,-1,2239,2486,2240,-1,2240,2486,2487,-1,2240,2487,2241,-1,2241,2487,2488,-1,2241,2488,2242,-1,2242,2488,2489,-1,2242,2489,2243,-1,2243,2489,2490,-1,2243,2490,2244,-1,2244,2490,2491,-1,2244,2491,2245,-1,2245,2491,2492,-1,2245,2492,2246,-1,2246,2492,2493,-1,2246,2493,2247,-1,2247,2493,2494,-1,2247,2494,2248,-1,2248,2494,2495,-1,2248,2495,2249,-1,2249,2495,2496,-1,2249,2496,2250,-1,2250,2496,2497,-1,2250,2497,2251,-1,2251,2497,2498,-1,2251,2498,2252,-1,2252,2498,2499,-1,2252,2499,2253,-1,2253,2499,2500,-1,2253,2500,2254,-1,2254,2500,2501,-1,2254,2501,2255,-1,2255,2501,2502,-1,2255,2502,2256,-1,2256,2502,2503,-1,2256,2503,2257,-1,2257,2503,2504,-1,2257,2504,2258,-1,2258,2504,2505,-1,2258,2505,2259,-1,2259,2505,2506,-1,2259,2506,2260,-1,2260,2506,2507,-1,2260,2507,2261,-1,2261,2507,2508,-1,2261,2508,2262,-1,2262,2508,2509,-1,2262,2509,2263,-1,2263,2509,2510,-1,2263,2510,2264,-1,2264,2510,2511,-1,2264,2511,2265,-1,2265,2511,2512,-1,2265,2512,2266,-1,2266,2512,2513,-1,2266,2513,2267,-1,2267,2513,2514,-1,2267,2514,2268,-1,2268,2514,2515,-1,2268,2515,2269,-1,2269,2515,2516,-1,2269,2516,2270,-1,2270,2516,2517,-1,2270,2517,2271,-1,2271,2517,2518,-1,2271,2518,2272,-1,2272,2518,2519,-1,2272,2519,2273,-1,2273,2519,2520,-1,2273,2520,2274,-1,2274,2520,2521,-1,2274,2521,2275,-1,2275,2521,2522,-1,2275,2522,2276,-1,2276,2522,2523,-1,2276,2523,2277,-1,2277,2523,2524,-1,2277,2524,2278,-1,2278,2524,2525,-1,2278,2525,2279,-1,2279,2525,2526,-1,2279,2526,2280,-1,2280,2526,2527,-1,2280,2527,2281,-1,2281,2527,2528,-1,2281,2528,2282,-1,2282,2528,2529,-1,2282,2529,2283,-1,2283,2529,2530,-1,2283,2530,2284,-1,2284,2530,2531,-1,2284,2531,2285,-1,2285,2531,2532,-1,2285,2532,2286,-1,2286,2532,2533,-1,2286,2533,2287,-1,2287,2533,2534,-1,2287,2534,2288,-1,2288,2534,2535,-1,2288,2535,2289,-1,2289,2535,2536,-1,2289,2536,2290,-1,2290,2536,2537,-1,2290,2537,2291,-1,2291,2537,2538,-1,2291,2538,2292,-1,2292,2538,2539,-1,2292,2539,2293,-1,2293,2539,2540,-1,2293,2540,2294,-1,2294,2540,2541,-1,2294,2541,2295,-1,2295,2541,2542,-1,2295,2542,2296,-1,2296,2542,2543,-1,2296,2543,2297,-1,2297,2543,2544,-1,2297,2544,2298,-1,2298,2544,2545,-1,2298,2545,2299,-1,2299,2545,2546,-1,2299,2546,2300,-1,2300,2546,2547,-1,2300,2547,2301,-1,2301,2547,2548,-1,2301,2548,2302,-1,2302,2548,2549,-1,2302,2549,2303,-1,2303,2549,2550,-1,2303,2550,2304,-1,2304,2550,2551,-1,2304,2551,2305,-1,2305,2551,2552,-1,2305,2552,2306,-1,2306,2552,2553,-1,2306,2553,2307,-1,2307,2553,2554,-1,2307,2554,2308,-1,2308,2554,2555,-1,2308,2555,2309,-1,2309,2555,2556,-1,2309,2556,2310,-1,2310,2556,2557,-1,2310,2557,2311,-1,2311,2557,2558,-1,2311,2558,2312,-1,2312,2558,2559,-1,2312,2559,2313,-1,2313,2559,2560,-1,2313,2560,2314,-1,2314,2560,2561,-1,2314,2561,2315,-1,2315,2561,2562,-1,2315,2562,2316,-1,2316,2562,2563,-1,2316,2563,2317,-1,2317,2563,2564,-1,2317,2564,2318,-1,2318,2564,2565,-1,2318,2565,2319,-1,2319,2565,2566,-1,2319,2566,2320,-1,2320,2566,2567,-1,2320,2567,2321,-1,2321,2567,2568,-1,2321,2568,2322,-1,2322,2568,2569,-1,2322,2569,2323,-1,2323,2569,2570,-1,2323,2570,2324,-1,2324,2570,2571,-1,2324,2571,2325,-1,2325,2571,2572,-1,2325,2572,2326,-1,2326,2572,2573,-1,2326,2573,2327,-1,2327,2573,2574,-1,2327,2574,2328,-1,2328,2574,2575,-1,2328,2575,2329,-1,2329,2575,2576,-1,2329,2576,2330,-1,2330,2576,2577,-1,2330,2577,2331,-1,2331,2577,2578,-1,2331,2578,2332,-1,2332,2578,2579,-1,2332,2579,2333,-1,2333,2579,2580,-1,2333,2580,2334,-1,2334,2580,2581,-1,2334,2581,2335,-1,2335,2581,2582,-1,2335,2582,2336,-1,2336,2582,2583,-1,2336,2583,2337,-1,2337,2583,2584,-1,2337,2584,2338,-1,2338,2584,2585,-1,2338,2585,2339,-1,2339,2585,2586,-1,2339,2586,2340,-1,2340,2586,2587,-1,2340,2587,2341,-1,2341,2587,2588,-1,2341,2588,2342,-1,2342,2588,2589,-1,2342,2589,2343,-1,2343,2589,2590,-1,2343,2590,2344,-1,2344,2590,2591,-1,2344,2591,2345,-1,2345,2591,2592,-1,2345,2592,2346,-1,2346,2592,2593,-1,2346,2593,2347,-1,2347,2593,2594,-1,2347,2594,2348,-1,2348,2594,2595,-1,2348,2595,2349,-1,2349,2595,2596,-1,2349,2596,2350,-1,2350,2596,2597,-1,2350,2597,2351,-1,2351,2597,2598,-1,2351,2598,2352,-1,2352,2598,2599,-1,2352,2599,2353,-1,2353,2599,2600,-1,2353,2600,2354,-1,2354,2600,2601,-1,2354,2601,2355,-1,2355,2601,2602,-1,2355,2602,2356,-1,2356,2602,2603,-1,2356,2603,2357,-1,2357,2603,2604,-1,2357,2604,2358,-1,2358,2604,2605,-1,2358,2605,2359,-1,2359,2605,2606,-1,2359,2606,2360,-1,2360,2606,2607,-1,2360,2607,2361,-1,2361,2607,2608,-1,2361,2608,2362,-1,2362,2608,2609,-1,2362,2609,2363,-1,2363,2609,2610,-1,2363,2610,2364,-1,2364,2610,2611,-1,2364,2611,2365,-1,2365,2611,2612,-1,2365,2612,2366,-1,2366,2612,2613,-1,2366,2613,2367,-1,2367,2613,2614,-1,2367,2614,2368,-1,2368,2614,92,-1,2368,92,94,-1,94,92,91,-1,2369,2615,2370,-1,2370,2615,2616,-1,2370,2616,2371,-1,2371,2616,2617,-1,2371,2617,2372,-1,2372,2617,2618,-1,2372,2618,2373,-1,2373,2618,2619,-1,2373,2619,2374,-1,2374,2619,2620,-1,2374,2620,2375,-1,2375,2620,2621,-1,2375,2621,2376,-1,2376,2621,2622,-1,2376,2622,2377,-1,2377,2622,2623,-1,2377,2623,2378,-1,2378,2623,2624,-1,2378,2624,2379,-1,2379,2624,2625,-1,2379,2625,2380,-1,2380,2625,2626,-1,2380,2626,2381,-1,2381,2626,2627,-1,2381,2627,2382,-1,2382,2627,2628,-1,2382,2628,2383,-1,2383,2628,2629,-1,2383,2629,2384,-1,2384,2629,2630,-1,2384,2630,2385,-1,2385,2630,2631,-1,2385,2631,2386,-1,2386,2631,2632,-1,2386,2632,2387,-1,2387,2632,2633,-1,2387,2633,2388,-1,2388,2633,2634,-1,2388,2634,2389,-1,2389,2634,2635,-1,2389,2635,2390,-1,2390,2635,2636,-1,2390,2636,2391,-1,2391,2636,2637,-1,2391,2637,2392,-1,2392,2637,2638,-1,2392,2638,2393,-1,2393,2638,2639,-1,2393,2639,2394,-1,2394,2639,2640,-1,2394,2640,2395,-1,2395,2640,2641,-1,2395,2641,2396,-1,2396,2641,2642,-1,2396,2642,2397,-1,2397,2642,2643,-1,2397,2643,2398,-1,2398,2643,2644,-1,2398,2644,2399,-1,2399,2644,2645,-1,2399,2645,2400,-1,2400,2645,2646,-1,2400,2646,2401,-1,2401,2646,2647,-1,2401,2647,2402,-1,2402,2647,2648,-1,2402,2648,2403,-1,2403,2648,2649,-1,2403,2649,2404,-1,2404,2649,2650,-1,2404,2650,2405,-1,2405,2650,2651,-1,2405,2651,2406,-1,2406,2651,2652,-1,2406,2652,2407,-1,2407,2652,2653,-1,2407,2653,2408,-1,2408,2653,2654,-1,2408,2654,2409,-1,2409,2654,2655,-1,2409,2655,2410,-1,2410,2655,2656,-1,2410,2656,2411,-1,2411,2656,2657,-1,2411,2657,2412,-1,2412,2657,2658,-1,2412,2658,2413,-1,2413,2658,2659,-1,2413,2659,2414,-1,2414,2659,2660,-1,2414,2660,2415,-1,2415,2660,2661,-1,2415,2661,2416,-1,2416,2661,2662,-1,2416,2662,2417,-1,2417,2662,2663,-1,2417,2663,2418,-1,2418,2663,2664,-1,2418,2664,2419,-1,2419,2664,2665,-1,2419,2665,2420,-1,2420,2665,2666,-1,2420,2666,2421,-1,2421,2666,2667,-1,2421,2667,2422,-1,2422,2667,2668,-1,2422,2668,2423,-1,2423,2668,2669,-1,2423,2669,2424,-1,2424,2669,2670,-1,2424,2670,2425,-1,2425,2670,2671,-1,2425,2671,2426,-1,2426,2671,2672,-1,2426,2672,2427,-1,2427,2672,2673,-1,2427,2673,2428,-1,2428,2673,2674,-1,2428,2674,2429,-1,2429,2674,2675,-1,2429,2675,2430,-1,2430,2675,2676,-1,2430,2676,2431,-1,2431,2676,2677,-1,2431,2677,2432,-1,2432,2677,2678,-1,2432,2678,2433,-1,2433,2678,2679,-1,2433,2679,2434,-1,2434,2679,2680,-1,2434,2680,2435,-1,2435,2680,2681,-1,2435,2681,2436,-1,2436,2681,2682,-1,2436,2682,2437,-1,2437,2682,2683,-1,2437,2683,2438,-1,2438,2683,2684,-1,2438,2684,2439,-1,2439,2684,2685,-1,2439,2685,2440,-1,2440,2685,2686,-1,2440,2686,2441,-1,2441,2686,2687,-1,2441,2687,2442,-1,2442,2687,2688,-1,2442,2688,2443,-1,2443,2688,2689,-1,2443,2689,2444,-1,2444,2689,2690,-1,2444,2690,2445,-1,2445,2690,2691,-1,2445,2691,2446,-1,2446,2691,2692,-1,2446,2692,2447,-1,2447,2692,2693,-1,2447,2693,2448,-1,2448,2693,2694,-1,2448,2694,2449,-1,2449,2694,2695,-1,2449,2695,2450,-1,2450,2695,2696,-1,2450,2696,2451,-1,2451,2696,2697,-1,2451,2697,2452,-1,2452,2697,2698,-1,2452,2698,2453,-1,2453,2698,2699,-1,2453,2699,2454,-1,2454,2699,2700,-1,2454,2700,2455,-1,2455,2700,2701,-1,2455,2701,2456,-1,2456,2701,2702,-1,2456,2702,2457,-1,2457,2702,2703,-1,2457,2703,2458,-1,2458,2703,2704,-1,2458,2704,2459,-1,2459,2704,2705,-1,2459,2705,2460,-1,2460,2705,2706,-1,2460,2706,2461,-1,2461,2706,2707,-1,2461,2707,2462,-1,2462,2707,2708,-1,2462,2708,2463,-1,2463,2708,2709,-1,2463,2709,2464,-1,2464,2709,2710,-1,2464,2710,2465,-1,2465,2710,2711,-1,2465,2711,2466,-1,2466,2711,2712,-1,2466,2712,2467,-1,2467,2712,2713,-1,2467,2713,2468,-1,2468,2713,2714,-1,2468,2714,2469,-1,2469,2714,2715,-1,2469,2715,2470,-1,2470,2715,2716,-1,2470,2716,2471,-1,2471,2716,2717,-1,2471,2717,2472,-1,2472,2717,2718,-1,2472,2718,2473,-1,2473,2718,2719,-1,2473,2719,2474,-1,2474,2719,2720,-1,2474,2720,2475,-1,2475,2720,2721,-1,2475,2721,2476,-1,2476,2721,2722,-1,2476,2722,2477,-1,2477,2722,2723,-1,2477,2723,2478,-1,2478,2723,2724,-1,2478,2724,2479,-1,2479,2724,2725,-1,2479,2725,2480,-1,2480,2725,2726,-1,2480,2726,2481,-1,2481,2726,2727,-1,2481,2727,2482,-1,2482,2727,2728,-1,2482,2728,2483,-1,2483,2728,2729,-1,2483,2729,2484,-1,2484,2729,2730,-1,2484,2730,2485,-1,2485,2730,2731,-1,2485,2731,2486,-1,2486,2731,2732,-1,2486,2732,2487,-1,2487,2732,2733,-1,2487,2733,2488,-1,2488,2733,2734,-1,2488,2734,2489,-1,2489,2734,2735,-1,2489,2735,2490,-1,2490,2735,2736,-1,2490,2736,2491,-1,2491,2736,2737,-1,2491,2737,2492,-1,2492,2737,2738,-1,2492,2738,2493,-1,2493,2738,2739,-1,2493,2739,2494,-1,2494,2739,2740,-1,2494,2740,2495,-1,2495,2740,2741,-1,2495,2741,2496,-1,2496,2741,2742,-1,2496,2742,2497,-1,2497,2742,2743,-1,2497,2743,2498,-1,2498,2743,2744,-1,2498,2744,2499,-1,2499,2744,2745,-1,2499,2745,2500,-1,2500,2745,2746,-1,2500,2746,2501,-1,2501,2746,2747,-1,2501,2747,2502,-1,2502,2747,2748,-1,2502,2748,2503,-1,2503,2748,2749,-1,2503,2749,2504,-1,2504,2749,2750,-1,2504,2750,2505,-1,2505,2750,2751,-1,2505,2751,2506,-1,2506,2751,2752,-1,2506,2752,2507,-1,2507,2752,2753,-1,2507,2753,2508,-1,2508,2753,2754,-1,2508,2754,2509,-1,2509,2754,2755,-1,2509,2755,2510,-1,2510,2755,2756,-1,2510,2756,2511,-1,2511,2756,2757,-1,2511,2757,2512,-1,2512,2757,2758,-1,2512,2758,2513,-1,2513,2758,2759,-1,2513,2759,2514,-1,2514,2759,2760,-1,2514,2760,2515,-1,2515,2760,2761,-1,2515,2761,2516,-1,2516,2761,2762,-1,2516,2762,2517,-1,2517,2762,2763,-1,2517,2763,2518,-1,2518,2763,2764,-1,2518,2764,2519,-1,2519,2764,2765,-1,2519,2765,2520,-1,2520,2765,2766,-1,2520,2766,2521,-1,2521,2766,2767,-1,2521,2767,2522,-1,2522,2767,2768,-1,2522,2768,2523,-1,2523,2768,2769,-1,2523,2769,2524,-1,2524,2769,2770,-1,2524,2770,2525,-1,2525,2770,2771,-1,2525,2771,2526,-1,2526,2771,2772,-1,2526,2772,2527,-1,2527,2772,2773,-1,2527,2773,2528,-1,2528,2773,2774,-1,2528,2774,2529,-1,2529,2774,2775,-1,2529,2775,2530,-1,2530,2775,2776,-1,2530,2776,2531,-1,2531,2776,2777,-1,2531,2777,2532,-1,2532,2777,2778,-1,2532,2778,2533,-1,2533,2778,2779,-1,2533,2779,2534,-1,2534,2779,2780,-1,2534,2780,2535,-1,2535,2780,2781,-1,2535,2781,2536,-1,2536,2781,2782,-1,2536,2782,2537,-1,2537,2782,2783,-1,2537,2783,2538,-1,2538,2783,2784,-1,2538,2784,2539,-1,2539,2784,2785,-1,2539,2785,2540,-1,2540,2785,2786,-1,2540,2786,2541,-1,2541,2786,2787,-1,2541,2787,2542,-1,2542,2787,2788,-1,2542,2788,2543,-1,2543,2788,2789,-1,2543,2789,2544,-1,2544,2789,2790,-1,2544,2790,2545,-1,2545,2790,2791,-1,2545,2791,2546,-1,2546,2791,2792,-1,2546,2792,2547,-1,2547,2792,2793,-1,2547,2793,2548,-1,2548,2793,2794,-1,2548,2794,2549,-1,2549,2794,2795,-1,2549,2795,2550,-1,2550,2795,2796,-1,2550,2796,2551,-1,2551,2796,2797,-1,2551,2797,2552,-1,2552,2797,2798,-1,2552,2798,2553,-1,2553,2798,2799,-1,2553,2799,2554,-1,2554,2799,2800,-1,2554,2800,2555,-1,2555,2800,2801,-1,2555,2801,2556,-1,2556,2801,2802,-1,2556,2802,2557,-1,2557,2802,2803,-1,2557,2803,2558,-1,2558,2803,2804,-1,2558,2804,2559,-1,2559,2804,2805,-1,2559,2805,2560,-1,2560,2805,2806,-1,2560,2806,2561,-1,2561,2806,2807,-1,2561,2807,2562,-1,2562,2807,2808,-1,2562,2808,2563,-1,2563,2808,2809,-1,2563,2809,2564,-1,2564,2809,2810,-1,2564,2810,2565,-1,2565,2810,2811,-1,2565,2811,2566,-1,2566,2811,2812,-1,2566,2812,2567,-1,2567,2812,2813,-1,2567,2813,2568,-1,2568,2813,2814,-1,2568,2814,2569,-1,2569,2814,2815,-1,2569,2815,2570,-1,2570,2815,2816,-1,2570,2816,2571,-1,2571,2816,2817,-1,2571,2817,2572,-1,2572,2817,2818,-1,2572,2818,2573,-1,2573,2818,2819,-1,2573,2819,2574,-1,2574,2819,2820,-1,2574,2820,2575,-1,2575,2820,2821,-1,2575,2821,2576,-1,2576,2821,2822,-1,2576,2822,2577,-1,2577,2822,2823,-1,2577,2823,2578,-1,2578,2823,2824,-1,2578,2824,2579,-1,2579,2824,2825,-1,2579,2825,2580,-1,2580,2825,2826,-1,2580,2826,2581,-1,2581,2826,2827,-1,2581,2827,2582,-1,2582,2827,2828,-1,2582,2828,2583,-1,2583,2828,2829,-1,2583,2829,2584,-1,2584,2829,2830,-1,2584,2830,2585,-1,2585,2830,2831,-1,2585,2831,2586,-1,2586,2831,2832,-1,2586,2832,2587,-1,2587,2832,2833,-1,2587,2833,2588,-1,2588,2833,2834,-1,2588,2834,2589,-1,2589,2834,2835,-1,2589,2835,2590,-1,2590,2835,2836,-1,2590,2836,2591,-1,2591,2836,2837,-1,2591,2837,2592,-1,2592,2837,2838,-1,2592,2838,2593,-1,2593,2838,2839,-1,2593,2839,2594,-1,2594,2839,2840,-1,2594,2840,2595,-1,2595,2840,2841,-1,2595,2841,2596,-1,2596,2841,2842,-1,2596,2842,2597,-1,2597,2842,2843,-1,2597,2843,2598,-1,2598,2843,2844,-1,2598,2844,2599,-1,2599,2844,2845,-1,2599,2845,2600,-1,2600,2845,2846,-1,2600,2846,2601,-1,2601,2846,2847,-1,2601,2847,2602,-1,2602,2847,2848,-1,2602,2848,2603,-1,2603,2848,2849,-1,2603,2849,2604,-1,2604,2849,2850,-1,2604,2850,2605,-1,2605,2850,2851,-1,2605,2851,2606,-1,2606,2851,2852,-1,2606,2852,2607,-1,2607,2852,2853,-1,2607,2853,2608,-1,2608,2853,2854,-1,2608,2854,2609,-1,2609,2854,2855,-1,2609,2855,2610,-1,2610,2855,2856,-1,2610,2856,2611,-1,2611,2856,2857,-1,2611,2857,2612,-1,2612,2857,2858,-1,2612,2858,2613,-1,2613,2858,2859,-1,2613,2859,2614,-1,2614,2859,90,-1,2614,90,92,-1,92,90,89,-1,2615,2860,2616,-1,2616,2860,2861,-1,2616,2861,2617,-1,2617,2861,2862,-1,2617,2862,2618,-1,2618,2862,2863,-1,2618,2863,2619,-1,2619,2863,2864,-1,2619,2864,2620,-1,2620,2864,2865,-1,2620,2865,2621,-1,2621,2865,2866,-1,2621,2866,2622,-1,2622,2866,2867,-1,2622,2867,2623,-1,2623,2867,2868,-1,2623,2868,2624,-1,2624,2868,2869,-1,2624,2869,2625,-1,2625,2869,2870,-1,2625,2870,2626,-1,2626,2870,2871,-1,2626,2871,2627,-1,2627,2871,2872,-1,2627,2872,2628,-1,2628,2872,2873,-1,2628,2873,2629,-1,2629,2873,2874,-1,2629,2874,2630,-1,2630,2874,2875,-1,2630,2875,2631,-1,2631,2875,2876,-1,2631,2876,2632,-1,2632,2876,2877,-1,2632,2877,2633,-1,2633,2877,2878,-1,2633,2878,2634,-1,2634,2878,2879,-1,2634,2879,2635,-1,2635,2879,2880,-1,2635,2880,2636,-1,2636,2880,2881,-1,2636,2881,2637,-1,2637,2881,2882,-1,2637,2882,2638,-1,2638,2882,2883,-1,2638,2883,2639,-1,2639,2883,2884,-1,2639,2884,2640,-1,2640,2884,2885,-1,2640,2885,2641,-1,2641,2885,2886,-1,2641,2886,2642,-1,2642,2886,2887,-1,2642,2887,2643,-1,2643,2887,2888,-1,2643,2888,2644,-1,2644,2888,2889,-1,2644,2889,2645,-1,2645,2889,2890,-1,2645,2890,2646,-1,2646,2890,2891,-1,2646,2891,2647,-1,2647,2891,2892,-1,2647,2892,2648,-1,2648,2892,2893,-1,2648,2893,2649,-1,2649,2893,2894,-1,2649,2894,2650,-1,2650,2894,2895,-1,2650,2895,2651,-1,2651,2895,2896,-1,2651,2896,2652,-1,2652,2896,2897,-1,2652,2897,2653,-1,2653,2897,2898,-1,2653,2898,2654,-1,2654,2898,2899,-1,2654,2899,2655,-1,2655,2899,2900,-1,2655,2900,2656,-1,2656,2900,2901,-1,2656,2901,2657,-1,2657,2901,2902,-1,2657,2902,2658,-1,2658,2902,2903,-1,2658,2903,2659,-1,2659,2903,2904,-1,2659,2904,2660,-1,2660,2904,2905,-1,2660,2905,2661,-1,2661,2905,2906,-1,2661,2906,2662,-1,2662,2906,2907,-1,2662,2907,2663,-1,2663,2907,2908,-1,2663,2908,2664,-1,2664,2908,2909,-1,2664,2909,2665,-1,2665,2909,2910,-1,2665,2910,2666,-1,2666,2910,2911,-1,2666,2911,2667,-1,2667,2911,2912,-1,2667,2912,2668,-1,2668,2912,2913,-1,2668,2913,2669,-1,2669,2913,2914,-1,2669,2914,2670,-1,2670,2914,2915,-1,2670,2915,2671,-1,2671,2915,2916,-1,2671,2916,2672,-1,2672,2916,2917,-1,2672,2917,2673,-1,2673,2917,2918,-1,2673,2918,2674,-1,2674,2918,2919,-1,2674,2919,2675,-1,2675,2919,2920,-1,2675,2920,2676,-1,2676,2920,2921,-1,2676,2921,2677,-1,2677,2921,2922,-1,2677,2922,2678,-1,2678,2922,2923,-1,2678,2923,2679,-1,2679,2923,2924,-1,2679,2924,2680,-1,2680,2924,2925,-1,2680,2925,2681,-1,2681,2925,2926,-1,2681,2926,2682,-1,2682,2926,2927,-1,2682,2927,2683,-1,2683,2927,2928,-1,2683,2928,2684,-1,2684,2928,2929,-1,2684,2929,2685,-1,2685,2929,2930,-1,2685,2930,2686,-1,2686,2930,2931,-1,2686,2931,2687,-1,2687,2931,2932,-1,2687,2932,2688,-1,2688,2932,2933,-1,2688,2933,2689,-1,2689,2933,2934,-1,2689,2934,2690,-1,2690,2934,2935,-1,2690,2935,2691,-1,2691,2935,2936,-1,2691,2936,2692,-1,2692,2936,2937,-1,2692,2937,2693,-1,2693,2937,2938,-1,2693,2938,2694,-1,2694,2938,2939,-1,2694,2939,2695,-1,2695,2939,2940,-1,2695,2940,2696,-1,2696,2940,2941,-1,2696,2941,2697,-1,2697,2941,2942,-1,2697,2942,2698,-1,2698,2942,2943,-1,2698,2943,2699,-1,2699,2943,2944,-1,2699,2944,2700,-1,2700,2944,2945,-1,2700,2945,2701,-1,2701,2945,2946,-1,2701,2946,2702,-1,2702,2946,2947,-1,2702,2947,2703,-1,2703,2947,2948,-1,2703,2948,2704,-1,2704,2948,2949,-1,2704,2949,2705,-1,2705,2949,2950,-1,2705,2950,2706,-1,2706,2950,2951,-1,2706,2951,2707,-1,2707,2951,2952,-1,2707,2952,2708,-1,2708,2952,2953,-1,2708,2953,2709,-1,2709,2953,2954,-1,2709,2954,2710,-1,2710,2954,2955,-1,2710,2955,2711,-1,2711,2955,2956,-1,2711,2956,2712,-1,2712,2956,2957,-1,2712,2957,2713,-1,2713,2957,2958,-1,2713,2958,2714,-1,2714,2958,2959,-1,2714,2959,2715,-1,2715,2959,2960,-1,2715,2960,2716,-1,2716,2960,2961,-1,2716,2961,2717,-1,2717,2961,2962,-1,2717,2962,2718,-1,2718,2962,2963,-1,2718,2963,2719,-1,2719,2963,2964,-1,2719,2964,2720,-1,2720,2964,2965,-1,2720,2965,2721,-1,2721,2965,2966,-1,2721,2966,2722,-1,2722,2966,2967,-1,2722,2967,2723,-1,2723,2967,2968,-1,2723,2968,2724,-1,2724,2968,2969,-1,2724,2969,2725,-1,2725,2969,2970,-1,2725,2970,2726,-1,2726,2970,2971,-1,2726,2971,2727,-1,2727,2971,2972,-1,2727,2972,2728,-1,2728,2972,2973,-1,2728,2973,2729,-1,2729,2973,2974,-1,2729,2974,2730,-1,2730,2974,2975,-1,2730,2975,2731,-1,2731,2975,2976,-1,2731,2976,2732,-1,2732,2976,2977,-1,2732,2977,2733,-1,2733,2977,2978,-1,2733,2978,2734,-1,2734,2978,2979,-1,2734,2979,2735,-1,2735,2979,2980,-1,2735,2980,2736,-1,2736,2980,2981,-1,2736,2981,2737,-1,2737,2981,2982,-1,2737,2982,2738,-1,2738,2982,2983,-1,2738,2983,2739,-1,2739,2983,2984,-1,2739,2984,2740,-1,2740,2984,2985,-1,2740,2985,2741,-1,2741,2985,2986,-1,2741,2986,2742,-1,2742,2986,2987,-1,2742,2987,2743,-1,2743,2987,2988,-1,2743,2988,2744,-1,2744,2988,2989,-1,2744,2989,2745,-1,2745,2989,2990,-1,2745,2990,2746,-1,2746,2990,2991,-1,2746,2991,2747,-1,2747,2991,2992,-1,2747,2992,2748,-1,2748,2992,2993,-1,2748,2993,2749,-1,2749,2993,2994,-1,2749,2994,2750,-1,2750,2994,2995,-1,2750,2995,2751,-1,2751,2995,2996,-1,2751,2996,2752,-1,2752,2996,2997,-1,2752,2997,2753,-1,2753,2997,2998,-1,2753,2998,2754,-1,2754,2998,2999,-1,2754,2999,2755,-1,2755,2999,3000,-1,2755,3000,2756,-1,2756,3000,3001,-1,2756,3001,2757,-1,2757,3001,3002,-1,2757,3002,2758,-1,2758,3002,3003,-1,2758,3003,2759,-1,2759,3003,3004,-1,2759,3004,2760,-1,2760,3004,3005,-1,2760,3005,2761,-1,2761,3005,3006,-1,2761,3006,2762,-1,2762,3006,3007,-1,2762,3007,2763,-1,2763,3007,3008,-1,2763,3008,2764,-1,2764,3008,3009,-1,2764,3009,2765,-1,2765,3009,3010,-1,2765,3010,2766,-1,2766,3010,3011,-1,2766,3011,2767,-1,2767,3011,3012,-1,2767,3012,2768,-1,2768,3012,3013,-1,2768,3013,2769,-1,2769,3013,3014,-1,2769,3014,2770,-1,2770,3014,3015,-1,2770,3015,2771,-1,2771,3015,3016,-1,2771,3016,2772,-1,2772,3016,3017,-1,2772,3017,2773,-1,2773,3017,3018,-1,2773,3018,2774,-1,2774,3018,3019,-1,2774,3019,2775,-1,2775,3019,3020,-1,2775,3020,2776,-1,2776,3020,3021,-1,2776,3021,2777,-1,2777,3021,3022,-1,2777,3022,2778,-1,2778,3022,3023,-1,2778,3023,2779,-1,2779,3023,3024,-1,2779,3024,2780,-1,2780,3024,3025,-1,2780,3025,2781,-1,2781,3025,3026,-1,2781,3026,2782,-1,2782,3026,3027,-1,2782,3027,2783,-1,2783,3027,3028,-1,2783,3028,2784,-1,2784,3028,3029,-1,2784,3029,2785,-1,2785,3029,3030,-1,2785,3030,2786,-1,2786,3030,3031,-1,2786,3031,2787,-1,2787,3031,3032,-1,2787,3032,2788,-1,2788,3032,3033,-1,2788,3033,2789,-1,2789,3033,3034,-1,2789,3034,2790,-1,2790,3034,3035,-1,2790,3035,2791,-1,2791,3035,3036,-1,2791,3036,2792,-1,2792,3036,3037,-1,2792,3037,2793,-1,2793,3037,3038,-1,2793,3038,2794,-1,2794,3038,3039,-1,2794,3039,2795,-1,2795,3039,3040,-1,2795,3040,2796,-1,2796,3040,3041,-1,2796,3041,2797,-1,2797,3041,3042,-1,2797,3042,2798,-1,2798,3042,3043,-1,2798,3043,2799,-1,2799,3043,3044,-1,2799,3044,2800,-1,2800,3044,3045,-1,2800,3045,2801,-1,2801,3045,3046,-1,2801,3046,2802,-1,2802,3046,3047,-1,2802,3047,2803,-1,2803,3047,3048,-1,2803,3048,2804,-1,2804,3048,3049,-1,2804,3049,2805,-1,2805,3049,3050,-1,2805,3050,2806,-1,2806,3050,3051,-1,2806,3051,2807,-1,2807,3051,3052,-1,2807,3052,2808,-1,2808,3052,3053,-1,2808,3053,2809,-1,2809,3053,3054,-1,2809,3054,2810,-1,2810,3054,3055,-1,2810,3055,2811,-1,2811,3055,3056,-1,2811,3056,2812,-1,2812,3056,3057,-1,2812,3057,2813,-1,2813,3057,3058,-1,2813,3058,2814,-1,2814,3058,3059,-1,2814,3059,2815,-1,2815,3059,3060,-1,2815,3060,2816,-1,2816,3060,3061,-1,2816,3061,2817,-1,2817,3061,3062,-1,2817,3062,2818,-1,2818,3062,3063,-1,2818,3063,2819,-1,2819,3063,3064,-1,2819,3064,2820,-1,2820,3064,3065,-1,2820,3065,2821,-1,2821,3065,3066,-1,2821,3066,2822,-1,2822,3066,3067,-1,2822,3067,2823,-1,2823,3067,3068,-1,2823,3068,2824,-1,2824,3068,3069,-1,2824,3069,2825,-1,2825,3069,3070,-1,2825,3070,2826,-1,2826,3070,3071,-1,2826,3071,2827,-1,2827,3071,3072,-1,2827,3072,2828,-1,2828,3072,3073,-1,2828,3073,2829,-1,2829,3073,3074,-1,2829,3074,2830,-1,2830,3074,3075,-1,2830,3075,2831,-1,2831,3075,3076,-1,2831,3076,2832,-1,2832,3076,3077,-1,2832,3077,2833,-1,2833,3077,3078,-1,2833,3078,2834,-1,2834,3078,3079,-1,2834,3079,2835,-1,2835,3079,3080,-1,2835,3080,2836,-1,2836,3080,3081,-1,2836,3081,2837,-1,2837,3081,3082,-1,2837,3082,2838,-1,2838,3082,3083,-1,2838,3083,2839,-1,2839,3083,3084,-1,2839,3084,2840,-1,2840,3084,3085,-1,2840,3085,2841,-1,2841,3085,3086,-1,2841,3086,2842,-1,2842,3086,3087,-1,2842,3087,2843,-1,2843,3087,3088,-1,2843,3088,2844,-1,2844,3088,3089,-1,2844,3089,2845,-1,2845,3089,3090,-1,2845,3090,2846,-1,2846,3090,3091,-1,2846,3091,2847,-1,2847,3091,3092,-1,2847,3092,2848,-1,2848,3092,3093,-1,2848,3093,2849,-1,2849,3093,3094,-1,2849,3094,2850,-1,2850,3094,3095,-1,2850,3095,2851,-1,2851,3095,3096,-1,2851,3096,2852,-1,2852,3096,3097,-1,2852,3097,2853,-1,2853,3097,3098,-1,2853,3098,2854,-1,2854,3098,3099,-1,2854,3099,2855,-1,2855,3099,3100,-1,2855,3100,2856,-1,2856,3100,3101,-1,2856,3101,2857,-1,2857,3101,3102,-1,2857,3102,2858,-1,2858,3102,3103,-1,2858,3103,2859,-1,2859,3103,88,-1,2859,88,90,-1,90,88,87,-1,2860,3104,2861,-1,2861,3104,3105,-1,2861,3105,2862,-1,2862,3105,3106,-1,2862,3106,2863,-1,2863,3106,3107,-1,2863,3107,2864,-1,2864,3107,3108,-1,2864,3108,2865,-1,2865,3108,3109,-1,2865,3109,2866,-1,2866,3109,3110,-1,2866,3110,2867,-1,2867,3110,3111,-1,2867,3111,2868,-1,2868,3111,3112,-1,2868,3112,2869,-1,2869,3112,3113,-1,2869,3113,2870,-1,2870,3113,3114,-1,2870,3114,2871,-1,2871,3114,3115,-1,2871,3115,2872,-1,2872,3115,3116,-1,2872,3116,2873,-1,2873,3116,3117,-1,2873,3117,2874,-1,2874,3117,3118,-1,2874,3118,2875,-1,2875,3118,3119,-1,2875,3119,2876,-1,2876,3119,3120,-1,2876,3120,2877,-1,2877,3120,3121,-1,2877,3121,2878,-1,2878,3121,3122,-1,2878,3122,2879,-1,2879,3122,3123,-1,2879,3123,2880,-1,2880,3123,3124,-1,2880,3124,2881,-1,2881,3124,3125,-1,2881,3125,2882,-1,2882,3125,3126,-1,2882,3126,2883,-1,2883,3126,3127,-1,2883,3127,2884,-1,2884,3127,3128,-1,2884,3128,2885,-1,2885,3128,3129,-1,2885,3129,2886,-1,2886,3129,3130,-1,2886,3130,2887,-1,2887,3130,3131,-1,2887,3131,2888,-1,2888,3131,3132,-1,2888,3132,2889,-1,2889,3132,3133,-1,2889,3133,2890,-1,2890,3133,3134,-1,2890,3134,2891,-1,2891,3134,3135,-1,2891,3135,2892,-1,2892,3135,3136,-1,2892,3136,2893,-1,2893,3136,3137,-1,2893,3137,2894,-1,2894,3137,3138,-1,2894,3138,2895,-1,2895,3138,3139,-1,2895,3139,2896,-1,2896,3139,3140,-1,2896,3140,2897,-1,2897,3140,3141,-1,2897,3141,2898,-1,2898,3141,3142,-1,2898,3142,2899,-1,2899,3142,3143,-1,2899,3143,2900,-1,2900,3143,3144,-1,2900,3144,2901,-1,2901,3144,3145,-1,2901,3145,2902,-1,2902,3145,3146,-1,2902,3146,2903,-1,2903,3146,3147,-1,2903,3147,2904,-1,2904,3147,3148,-1,2904,3148,2905,-1,2905,3148,3149,-1,2905,3149,2906,-1,2906,3149,3150,-1,2906,3150,2907,-1,2907,3150,3151,-1,2907,3151,2908,-1,2908,3151,3152,-1,2908,3152,2909,-1,2909,3152,3153,-1,2909,3153,2910,-1,2910,3153,3154,-1,2910,3154,2911,-1,2911,3154,3155,-1,2911,3155,2912,-1,2912,3155,3156,-1,2912,3156,2913,-1,2913,3156,3157,-1,2913,3157,2914,-1,2914,3157,3158,-1,2914,3158,2915,-1,2915,3158,3159,-1,2915,3159,2916,-1,2916,3159,3160,-1,2916,3160,2917,-1,2917,3160,3161,-1,2917,3161,2918,-1,2918,3161,3162,-1,2918,3162,2919,-1,2919,3162,3163,-1,2919,3163,2920,-1,2920,3163,3164,-1,2920,3164,2921,-1,2921,3164,3165,-1,2921,3165,2922,-1,2922,3165,3166,-1,2922,3166,2923,-1,2923,3166,3167,-1,2923,3167,2924,-1,2924,3167,3168,-1,2924,3168,2925,-1,2925,3168,3169,-1,2925,3169,2926,-1,2926,3169,3170,-1,2926,3170,2927,-1,2927,3170,3171,-1,2927,3171,2928,-1,2928,3171,3172,-1,2928,3172,2929,-1,2929,3172,3173,-1,2929,3173,2930,-1,2930,3173,3174,-1,2930,3174,2931,-1,2931,3174,3175,-1,2931,3175,2932,-1,2932,3175,3176,-1,2932,3176,2933,-1,2933,3176,3177,-1,2933,3177,2934,-1,2934,3177,3178,-1,2934,3178,2935,-1,2935,3178,3179,-1,2935,3179,2936,-1,2936,3179,3180,-1,2936,3180,2937,-1,2937,3180,3181,-1,2937,3181,2938,-1,2938,3181,3182,-1,2938,3182,2939,-1,2939,3182,3183,-1,2939,3183,2940,-1,2940,3183,3184,-1,2940,3184,2941,-1,2941,3184,3185,-1,2941,3185,2942,-1,2942,3185,3186,-1,2942,3186,2943,-1,2943,3186,3187,-1,2943,3187,2944,-1,2944,3187,3188,-1,2944,3188,2945,-1,2945,3188,3189,-1,2945,3189,2946,-1,2946,3189,3190,-1,2946,3190,2947,-1,2947,3190,3191,-1,2947,3191,2948,-1,2948,3191,3192,-1,2948,3192,2949,-1,2949,3192,3193,-1,2949,3193,2950,-1,2950,3193,3194,-1,2950,3194,2951,-1,2951,3194,3195,-1,2951,3195,2952,-1,2952,3195,3196,-1,2952,3196,2953,-1,2953,3196,3197,-1,2953,3197,2954,-1,2954,3197,3198,-1,2954,3198,2955,-1,2955,3198,3199,-1,2955,3199,2956,-1,2956,3199,3200,-1,2956,3200,2957,-1,2957,3200,3201,-1,2957,3201,2958,-1,2958,3201,3202,-1,2958,3202,2959,-1,2959,3202,3203,-1,2959,3203,2960,-1,2960,3203,3204,-1,2960,3204,2961,-1,2961,3204,3205,-1,2961,3205,2962,-1,2962,3205,3206,-1,2962,3206,2963,-1,2963,3206,3207,-1,2963,3207,2964,-1,2964,3207,3208,-1,2964,3208,2965,-1,2965,3208,3209,-1,2965,3209,2966,-1,2966,3209,3210,-1,2966,3210,2967,-1,2967,3210,3211,-1,2967,3211,2968,-1,2968,3211,3212,-1,2968,3212,2969,-1,2969,3212,3213,-1,2969,3213,2970,-1,2970,3213,3214,-1,2970,3214,2971,-1,2971,3214,3215,-1,2971,3215,2972,-1,2972,3215,3216,-1,2972,3216,2973,-1,2973,3216,3217,-1,2973,3217,2974,-1,2974,3217,3218,-1,2974,3218,2975,-1,2975,3218,3219,-1,2975,3219,2976,-1,2976,3219,3220,-1,2976,3220,2977,-1,2977,3220,3221,-1,2977,3221,2978,-1,2978,3221,3222,-1,2978,3222,2979,-1,2979,3222,3223,-1,2979,3223,2980,-1,2980,3223,3224,-1,2980,3224,2981,-1,2981,3224,3225,-1,2981,3225,2982,-1,2982,3225,3226,-1,2982,3226,2983,-1,2983,3226,3227,-1,2983,3227,2984,-1,2984,3227,3228,-1,2984,3228,2985,-1,2985,3228,3229,-1,2985,3229,2986,-1,2986,3229,3230,-1,2986,3230,2987,-1,2987,3230,3231,-1,2987,3231,2988,-1,2988,3231,3232,-1,2988,3232,2989,-1,2989,3232,3233,-1,2989,3233,2990,-1,2990,3233,3234,-1,2990,3234,2991,-1,2991,3234,3235,-1,2991,3235,2992,-1,2992,3235,3236,-1,2992,3236,2993,-1,2993,3236,3237,-1,2993,3237,2994,-1,2994,3237,3238,-1,2994,3238,2995,-1,2995,3238,3239,-1,2995,3239,2996,-1,2996,3239,3240,-1,2996,3240,2997,-1,2997,3240,3241,-1,2997,3241,2998,-1,2998,3241,3242,-1,2998,3242,2999,-1,2999,3242,3243,-1,2999,3243,3000,-1,3000,3243,3244,-1,3000,3244,3001,-1,3001,3244,3245,-1,3001,3245,3002,-1,3002,3245,3246,-1,3002,3246,3003,-1,3003,3246,3247,-1,3003,3247,3004,-1,3004,3247,3248,-1,3004,3248,3005,-1,3005,3248,3249,-1,3005,3249,3006,-1,3006,3249,3250,-1,3006,3250,3007,-1,3007,3250,3251,-1,3007,3251,3008,-1,3008,3251,3252,-1,3008,3252,3009,-1,3009,3252,3253,-1,3009,3253,3010,-1,3010,3253,3254,-1,3010,3254,3011,-1,3011,3254,3255,-1,3011,3255,3012,-1,3012,3255,3256,-1,3012,3256,3013,-1,3013,3256,3257,-1,3013,3257,3014,-1,3014,3257,3258,-1,3014,3258,3015,-1,3015,3258,3259,-1,3015,3259,3016,-1,3016,3259,3260,-1,3016,3260,3017,-1,3017,3260,3261,-1,3017,3261,3018,-1,3018,3261,3262,-1,3018,3262,3019,-1,3019,3262,3263,-1,3019,3263,3020,-1,3020,3263,3264,-1,3020,3264,3021,-1,3021,3264,3265,-1,3021,3265,3022,-1,3022,3265,3266,-1,3022,3266,3023,-1,3023,3266,3267,-1,3023,3267,3024,-1,3024,3267,3268,-1,3024,3268,3025,-1,3025,3268,3269,-1,3025,3269,3026,-1,3026,3269,3270,-1,3026,3270,3027,-1,3027,3270,3271,-1,3027,3271,3028,-1,3028,3271,3272,-1,3028,3272,3029,-1,3029,3272,3273,-1,3029,3273,3030,-1,3030,3273,3274,-1,3030,3274,3031,-1,3031,3274,3275,-1,3031,3275,3032,-1,3032,3275,3276,-1,3032,3276,3033,-1,3033,3276,3277,-1,3033,3277,3034,-1,3034,3277,3278,-1,3034,3278,3035,-1,3035,3278,3279,-1,3035,3279,3036,-1,3036,3279,3280,-1,3036,3280,3037,-1,3037,3280,3281,-1,3037,3281,3038,-1,3038,3281,3282,-1,3038,3282,3039,-1,3039,3282,3283,-1,3039,3283,3040,-1,3040,3283,3284,-1,3040,3284,3041,-1,3041,3284,3285,-1,3041,3285,3042,-1,3042,3285,3286,-1,3042,3286,3043,-1,3043,3286,3287,-1,3043,3287,3044,-1,3044,3287,3288,-1,3044,3288,3045,-1,3045,3288,3289,-1,3045,3289,3046,-1,3046,3289,3290,-1,3046,3290,3047,-1,3047,3290,3291,-1,3047,3291,3048,-1,3048,3291,3292,-1,3048,3292,3049,-1,3049,3292,3293,-1,3049,3293,3050,-1,3050,3293,3294,-1,3050,3294,3051,-1,3051,3294,3295,-1,3051,3295,3052,-1,3052,3295,3296,-1,3052,3296,3053,-1,3053,3296,3297,-1,3053,3297,3054,-1,3054,3297,3298,-1,3054,3298,3055,-1,3055,3298,3299,-1,3055,3299,3056,-1,3056,3299,3300,-1,3056,3300,3057,-1,3057,3300,3301,-1,3057,3301,3058,-1,3058,3301,3302,-1,3058,3302,3059,-1,3059,3302,3303,-1,3059,3303,3060,-1,3060,3303,3304,-1,3060,3304,3061,-1,3061,3304,3305,-1,3061,3305,3062,-1,3062,3305,3306,-1,3062,3306,3063,-1,3063,3306,3307,-1,3063,3307,3064,-1,3064,3307,3308,-1,3064,3308,3065,-1,3065,3308,3309,-1,3065,3309,3066,-1,3066,3309,3310,-1,3066,3310,3067,-1,3067,3310,3311,-1,3067,3311,3068,-1,3068,3311,3312,-1,3068,3312,3069,-1,3069,3312,3313,-1,3069,3313,3070,-1,3070,3313,3314,-1,3070,3314,3071,-1,3071,3314,3315,-1,3071,3315,3072,-1,3072,3315,3316,-1,3072,3316,3073,-1,3073,3316,3317,-1,3073,3317,3074,-1,3074,3317,3318,-1,3074,3318,3075,-1,3075,3318,3319,-1,3075,3319,3076,-1,3076,3319,3320,-1,3076,3320,3077,-1,3077,3320,3321,-1,3077,3321,3078,-1,3078,3321,3322,-1,3078,3322,3079,-1,3079,3322,3323,-1,3079,3323,3080,-1,3080,3323,3324,-1,3080,3324,3081,-1,3081,3324,3325,-1,3081,3325,3082,-1,3082,3325,3326,-1,3082,3326,3083,-1,3083,3326,3327,-1,3083,3327,3084,-1,3084,3327,3328,-1,3084,3328,3085,-1,3085,3328,3329,-1,3085,3329,3086,-1,3086,3329,3330,-1,3086,3330,3087,-1,3087,3330,3331,-1,3087,3331,3088,-1,3088,3331,3332,-1,3088,3332,3089,-1,3089,3332,3333,-1,3089,3333,3090,-1,3090,3333,3334,-1,3090,3334,3091,-1,3091,3334,3335,-1,3091,3335,3092,-1,3092,3335,3336,-1,3092,3336,3093,-1,3093,3336,3337,-1,3093,3337,3094,-1,3094,3337,3338,-1,3094,3338,3095,-1,3095,3338,3339,-1,3095,3339,3096,-1,3096,3339,3340,-1,3096,3340,3097,-1,3097,3340,3341,-1,3097,3341,3098,-1,3098,3341,3342,-1,3098,3342,3099,-1,3099,3342,3343,-1,3099,3343,3100,-1,3100,3343,3344,-1,3100,3344,3101,-1,3101,3344,3345,-1,3101,3345,3102,-1,3102,3345,3346,-1,3102,3346,3103,-1,3103,3346,86,-1,3103,86,88,-1,88,86,85,-1,3104,3347,3105,-1,3105,3347,3348,-1,3105,3348,3106,-1,3106,3348,3349,-1,3106,3349,3107,-1,3107,3349,3350,-1,3107,3350,3108,-1,3108,3350,3351,-1,3108,3351,3109,-1,3109,3351,3352,-1,3109,3352,3110,-1,3110,3352,3353,-1,3110,3353,3111,-1,3111,3353,3354,-1,3111,3354,3112,-1,3112,3354,3355,-1,3112,3355,3113,-1,3113,3355,3356,-1,3113,3356,3114,-1,3114,3356,3357,-1,3114,3357,3115,-1,3115,3357,3358,-1,3115,3358,3116,-1,3116,3358,3359,-1,3116,3359,3117,-1,3117,3359,3360,-1,3117,3360,3118,-1,3118,3360,3361,-1,3118,3361,3119,-1,3119,3361,3362,-1,3119,3362,3120,-1,3120,3362,3363,-1,3120,3363,3121,-1,3121,3363,3364,-1,3121,3364,3122,-1,3122,3364,3365,-1,3122,3365,3123,-1,3123,3365,3366,-1,3123,3366,3124,-1,3124,3366,3367,-1,3124,3367,3125,-1,3125,3367,3368,-1,3125,3368,3126,-1,3126,3368,3369,-1,3126,3369,3127,-1,3127,3369,3370,-1,3127,3370,3128,-1,3128,3370,3371,-1,3128,3371,3129,-1,3129,3371,3372,-1,3129,3372,3130,-1,3130,3372,3373,-1,3130,3373,3131,-1,3131,3373,3374,-1,3131,3374,3132,-1,3132,3374,3375,-1,3132,3375,3133,-1,3133,3375,3376,-1,3133,3376,3134,-1,3134,3376,3377,-1,3134,3377,3135,-1,3135,3377,3378,-1,3135,3378,3136,-1,3136,3378,3379,-1,3136,3379,3137,-1,3137,3379,3380,-1,3137,3380,3138,-1,3138,3380,3381,-1,3138,3381,3139,-1,3139,3381,3382,-1,3139,3382,3140,-1,3140,3382,3383,-1,3140,3383,3141,-1,3141,3383,3384,-1,3141,3384,3142,-1,3142,3384,3385,-1,3142,3385,3143,-1,3143,3385,3386,-1,3143,3386,3144,-1,3144,3386,3387,-1,3144,3387,3145,-1,3145,3387,3388,-1,3145,3388,3146,-1,3146,3388,3389,-1,3146,3389,3147,-1,3147,3389,3390,-1,3147,3390,3148,-1,3148,3390,3391,-1,3148,3391,3149,-1,3149,3391,3392,-1,3149,3392,3150,-1,3150,3392,3393,-1,3150,3393,3151,-1,3151,3393,3394,-1,3151,3394,3152,-1,3152,3394,3395,-1,3152,3395,3153,-1,3153,3395,3396,-1,3153,3396,3154,-1,3154,3396,3397,-1,3154,3397,3155,-1,3155,3397,3398,-1,3155,3398,3156,-1,3156,3398,3399,-1,3156,3399,3157,-1,3157,3399,3400,-1,3157,3400,3158,-1,3158,3400,3401,-1,3158,3401,3159,-1,3159,3401,3402,-1,3159,3402,3160,-1,3160,3402,3403,-1,3160,3403,3161,-1,3161,3403,3404,-1,3161,3404,3162,-1,3162,3404,3405,-1,3162,3405,3163,-1,3163,3405,3406,-1,3163,3406,3164,-1,3164,3406,3407,-1,3164,3407,3165,-1,3165,3407,3408,-1,3165,3408,3166,-1,3166,3408,3409,-1,3166,3409,3167,-1,3167,3409,3410,-1,3167,3410,3168,-1,3168,3410,3411,-1,3168,3411,3169,-1,3169,3411,3412,-1,3169,3412,3170,-1,3170,3412,3413,-1,3170,3413,3171,-1,3171,3413,3414,-1,3171,3414,3172,-1,3172,3414,3415,-1,3172,3415,3173,-1,3173,3415,3416,-1,3173,3416,3174,-1,3174,3416,3417,-1,3174,3417,3175,-1,3175,3417,3418,-1,3175,3418,3176,-1,3176,3418,3419,-1,3176,3419,3177,-1,3177,3419,3420,-1,3177,3420,3178,-1,3178,3420,3421,-1,3178,3421,3179,-1,3179,3421,3422,-1,3179,3422,3180,-1,3180,3422,3423,-1,3180,3423,3181,-1,3181,3423,3424,-1,3181,3424,3182,-1,3182,3424,3425,-1,3182,3425,3183,-1,3183,3425,3426,-1,3183,3426,3184,-1,3184,3426,3427,-1,3184,3427,3185,-1,3185,3427,3428,-1,3185,3428,3186,-1,3186,3428,3429,-1,3186,3429,3187,-1,3187,3429,3430,-1,3187,3430,3188,-1,3188,3430,3431,-1,3188,3431,3189,-1,3189,3431,3432,-1,3189,3432,3190,-1,3190,3432,3433,-1,3190,3433,3191,-1,3191,3433,3434,-1,3191,3434,3192,-1,3192,3434,3435,-1,3192,3435,3193,-1,3193,3435,3436,-1,3193,3436,3194,-1,3194,3436,3437,-1,3194,3437,3195,-1,3195,3437,3438,-1,3195,3438,3196,-1,3196,3438,3439,-1,3196,3439,3197,-1,3197,3439,3440,-1,3197,3440,3198,-1,3198,3440,3441,-1,3198,3441,3199,-1,3199,3441,3442,-1,3199,3442,3200,-1,3200,3442,3443,-1,3200,3443,3201,-1,3201,3443,3444,-1,3201,3444,3202,-1,3202,3444,3445,-1,3202,3445,3203,-1,3203,3445,3446,-1,3203,3446,3204,-1,3204,3446,3447,-1,3204,3447,3205,-1,3205,3447,3448,-1,3205,3448,3206,-1,3206,3448,3449,-1,3206,3449,3207,-1,3207,3449,3450,-1,3207,3450,3208,-1,3208,3450,3451,-1,3208,3451,3209,-1,3209,3451,3452,-1,3209,3452,3210,-1,3210,3452,3453,-1,3210,3453,3211,-1,3211,3453,3454,-1,3211,3454,3212,-1,3212,3454,3455,-1,3212,3455,3213,-1,3213,3455,3456,-1,3213,3456,3214,-1,3214,3456,3457,-1,3214,3457,3215,-1,3215,3457,3458,-1,3215,3458,3216,-1,3216,3458,3459,-1,3216,3459,3217,-1,3217,3459,3460,-1,3217,3460,3218,-1,3218,3460,3461,-1,3218,3461,3219,-1,3219,3461,3462,-1,3219,3462,3220,-1,3220,3462,3463,-1,3220,3463,3221,-1,3221,3463,3464,-1,3221,3464,3222,-1,3222,3464,3465,-1,3222,3465,3223,-1,3223,3465,3466,-1,3223,3466,3224,-1,3224,3466,3467,-1,3224,3467,3225,-1,3225,3467,3468,-1,3225,3468,3226,-1,3226,3468,3469,-1,3226,3469,3227,-1,3227,3469,3470,-1,3227,3470,3228,-1,3228,3470,3471,-1,3228,3471,3229,-1,3229,3471,3472,-1,3229,3472,3230,-1,3230,3472,3473,-1,3230,3473,3231,-1,3231,3473,3474,-1,3231,3474,3232,-1,3232,3474,3475,-1,3232,3475,3233,-1,3233,3475,3476,-1,3233,3476,3234,-1,3234,3476,3477,-1,3234,3477,3235,-1,3235,3477,3478,-1,3235,3478,3236,-1,3236,3478,3479,-1,3236,3479,3237,-1,3237,3479,3480,-1,3237,3480,3238,-1,3238,3480,3481,-1,3238,3481,3239,-1,3239,3481,3482,-1,3239,3482,3240,-1,3240,3482,3483,-1,3240,3483,3241,-1,3241,3483,3484,-1,3241,3484,3242,-1,3242,3484,3485,-1,3242,3485,3243,-1,3243,3485,3486,-1,3243,3486,3244,-1,3244,3486,3487,-1,3244,3487,3245,-1,3245,3487,3488,-1,3245,3488,3246,-1,3246,3488,3489,-1,3246,3489,3247,-1,3247,3489,3490,-1,3247,3490,3248,-1,3248,3490,3491,-1,3248,3491,3249,-1,3249,3491,3492,-1,3249,3492,3250,-1,3250,3492,3493,-1,3250,3493,3251,-1,3251,3493,3494,-1,3251,3494,3252,-1,3252,3494,3495,-1,3252,3495,3253,-1,3253,3495,3496,-1,3253,3496,3254,-1,3254,3496,3497,-1,3254,3497,3255,-1,3255,3497,3498,-1,3255,3498,3256,-1,3256,3498,3499,-1,3256,3499,3257,-1,3257,3499,3500,-1,3257,3500,3258,-1,3258,3500,3501,-1,3258,3501,3259,-1,3259,3501,3502,-1,3259,3502,3260,-1,3260,3502,3503,-1,3260,3503,3261,-1,3261,3503,3504,-1,3261,3504,3262,-1,3262,3504,3505,-1,3262,3505,3263,-1,3263,3505,3506,-1,3263,3506,3264,-1,3264,3506,3507,-1,3264,3507,3265,-1,3265,3507,3508,-1,3265,3508,3266,-1,3266,3508,3509,-1,3266,3509,3267,-1,3267,3509,3510,-1,3267,3510,3268,-1,3268,3510,3511,-1,3268,3511,3269,-1,3269,3511,3512,-1,3269,3512,3270,-1,3270,3512,3513,-1,3270,3513,3271,-1,3271,3513,3514,-1,3271,3514,3272,-1,3272,3514,3515,-1,3272,3515,3273,-1,3273,3515,3516,-1,3273,3516,3274,-1,3274,3516,3517,-1,3274,3517,3275,-1,3275,3517,3518,-1,3275,3518,3276,-1,3276,3518,3519,-1,3276,3519,3277,-1,3277,3519,3520,-1,3277,3520,3278,-1,3278,3520,3521,-1,3278,3521,3279,-1,3279,3521,3522,-1,3279,3522,3280,-1,3280,3522,3523,-1,3280,3523,3281,-1,3281,3523,3524,-1,3281,3524,3282,-1,3282,3524,3525,-1,3282,3525,3283,-1,3283,3525,3526,-1,3283,3526,3284,-1,3284,3526,3527,-1,3284,3527,3285,-1,3285,3527,3528,-1,3285,3528,3286,-1,3286,3528,3529,-1,3286,3529,3287,-1,3287,3529,3530,-1,3287,3530,3288,-1,3288,3530,3531,-1,3288,3531,3289,-1,3289,3531,3532,-1,3289,3532,3290,-1,3290,3532,3533,-1,3290,3533,3291,-1,3291,3533,3534,-1,3291,3534,3292,-1,3292,3534,3535,-1,3292,3535,3293,-1,3293,3535,3536,-1,3293,3536,3294,-1,3294,3536,3537,-1,3294,3537,3295,-1,3295,3537,3538,-1,3295,3538,3296,-1,3296,3538,3539,-1,3296,3539,3297,-1,3297,3539,3540,-1,3297,3540,3298,-1,3298,3540,3541,-1,3298,3541,3299,-1,3299,3541,3542,-1,3299,3542,3300,-1,3300,3542,3543,-1,3300,3543,3301,-1,3301,3543,3544,-1,3301,3544,3302,-1,3302,3544,3545,-1,3302,3545,3303,-1,3303,3545,3546,-1,3303,3546,3304,-1,3304,3546,3547,-1,3304,3547,3305,-1,3305,3547,3548,-1,3305,3548,3306,-1,3306,3548,3549,-1,3306,3549,3307,-1,3307,3549,3550,-1,3307,3550,3308,-1,3308,3550,3551,-1,3308,3551,3309,-1,3309,3551,3552,-1,3309,3552,3310,-1,3310,3552,3553,-1,3310,3553,3311,-1,3311,3553,3554,-1,3311,3554,3312,-1,3312,3554,3555,-1,3312,3555,3313,-1,3313,3555,3556,-1,3313,3556,3314,-1,3314,3556,3557,-1,3314,3557,3315,-1,3315,3557,3558,-1,3315,3558,3316,-1,3316,3558,3559,-1,3316,3559,3317,-1,3317,3559,3560,-1,3317,3560,3318,-1,3318,3560,3561,-1,3318,3561,3319,-1,3319,3561,3562,-1,3319,3562,3320,-1,3320,3562,3563,-1,3320,3563,3321,-1,3321,3563,3564,-1,3321,3564,3322,-1,3322,3564,3565,-1,3322,3565,3323,-1,3323,3565,3566,-1,3323,3566,3324,-1,3324,3566,3567,-1,3324,3567,3325,-1,3325,3567,3568,-1,3325,3568,3326,-1,3326,3568,3569,-1,3326,3569,3327,-1,3327,3569,3570,-1,3327,3570,3328,-1,3328,3570,3571,-1,3328,3571,3329,-1,3329,3571,3572,-1,3329,3572,3330,-1,3330,3572,3573,-1,3330,3573,3331,-1,3331,3573,3574,-1,3331,3574,3332,-1,3332,3574,3575,-1,3332,3575,3333,-1,3333,3575,3576,-1,3333,3576,3334,-1,3334,3576,3577,-1,3334,3577,3335,-1,3335,3577,3578,-1,3335,3578,3336,-1,3336,3578,3579,-1,3336,3579,3337,-1,3337,3579,3580,-1,3337,3580,3338,-1,3338,3580,3581,-1,3338,3581,3339,-1,3339,3581,3582,-1,3339,3582,3340,-1,3340,3582,3583,-1,3340,3583,3341,-1,3341,3583,3584,-1,3341,3584,3342,-1,3342,3584,3585,-1,3342,3585,3343,-1,3343,3585,3586,-1,3343,3586,3344,-1,3344,3586,3587,-1,3344,3587,3345,-1,3345,3587,3588,-1,3345,3588,3346,-1,3346,3588,84,-1,3346,84,86,-1,86,84,83,-1,3347,3589,3348,-1,3348,3589,3590,-1,3348,3590,3349,-1,3349,3590,3591,-1,3349,3591,3350,-1,3350,3591,3592,-1,3350,3592,3351,-1,3351,3592,3593,-1,3351,3593,3352,-1,3352,3593,3594,-1,3352,3594,3353,-1,3353,3594,3595,-1,3353,3595,3354,-1,3354,3595,3596,-1,3354,3596,3355,-1,3355,3596,3597,-1,3355,3597,3356,-1,3356,3597,3598,-1,3356,3598,3357,-1,3357,3598,3599,-1,3357,3599,3358,-1,3358,3599,3600,-1,3358,3600,3359,-1,3359,3600,3601,-1,3359,3601,3360,-1,3360,3601,3602,-1,3360,3602,3361,-1,3361,3602,3603,-1,3361,3603,3362,-1,3362,3603,3604,-1,3362,3604,3363,-1,3363,3604,3605,-1,3363,3605,3364,-1,3364,3605,3606,-1,3364,3606,3365,-1,3365,3606,3607,-1,3365,3607,3366,-1,3366,3607,3608,-1,3366,3608,3367,-1,3367,3608,3609,-1,3367,3609,3368,-1,3368,3609,3610,-1,3368,3610,3369,-1,3369,3610,3611,-1,3369,3611,3370,-1,3370,3611,3612,-1,3370,3612,3371,-1,3371,3612,3613,-1,3371,3613,3372,-1,3372,3613,3614,-1,3372,3614,3373,-1,3373,3614,3615,-1,3373,3615,3374,-1,3374,3615,3616,-1,3374,3616,3375,-1,3375,3616,3617,-1,3375,3617,3376,-1,3376,3617,3618,-1,3376,3618,3377,-1,3377,3618,3619,-1,3377,3619,3378,-1,3378,3619,3620,-1,3378,3620,3379,-1,3379,3620,3621,-1,3379,3621,3380,-1,3380,3621,3622,-1,3380,3622,3381,-1,3381,3622,3623,-1,3381,3623,3382,-1,3382,3623,3624,-1,3382,3624,3383,-1,3383,3624,3625,-1,3383,3625,3384,-1,3384,3625,3626,-1,3384,3626,3385,-1,3385,3626,3627,-1,3385,3627,3386,-1,3386,3627,3628,-1,3386,3628,3387,-1,3387,3628,3629,-1,3387,3629,3388,-1,3388,3629,3630,-1,3388,3630,3389,-1,3389,3630,3631,-1,3389,3631,3390,-1,3390,3631,3632,-1,3390,3632,3391,-1,3391,3632,3633,-1,3391,3633,3392,-1,3392,3633,3634,-1,3392,3634,3393,-1,3393,3634,3635,-1,3393,3635,3394,-1,3394,3635,3636,-1,3394,3636,3395,-1,3395,3636,3637,-1,3395,3637,3396,-1,3396,3637,3638,-1,3396,3638,3397,-1,3397,3638,3639,-1,3397,3639,3398,-1,3398,3639,3640,-1,3398,3640,3399,-1,3399,3640,3641,-1,3399,3641,3400,-1,3400,3641,3642,-1,3400,3642,3401,-1,3401,3642,3643,-1,3401,3643,3402,-1,3402,3643,3644,-1,3402,3644,3403,-1,3403,3644,3645,-1,3403,3645,3404,-1,3404,3645,3646,-1,3404,3646,3405,-1,3405,3646,3647,-1,3405,3647,3406,-1,3406,3647,3648,-1,3406,3648,3407,-1,3407,3648,3649,-1,3407,3649,3408,-1,3408,3649,3650,-1,3408,3650,3409,-1,3409,3650,3651,-1,3409,3651,3410,-1,3410,3651,3652,-1,3410,3652,3411,-1,3411,3652,3653,-1,3411,3653,3412,-1,3412,3653,3654,-1,3412,3654,3413,-1,3413,3654,3655,-1,3413,3655,3414,-1,3414,3655,3656,-1,3414,3656,3415,-1,3415,3656,3657,-1,3415,3657,3416,-1,3416,3657,3658,-1,3416,3658,3417,-1,3417,3658,3659,-1,3417,3659,3418,-1,3418,3659,3660,-1,3418,3660,3419,-1,3419,3660,3661,-1,3419,3661,3420,-1,3420,3661,3662,-1,3420,3662,3421,-1,3421,3662,3663,-1,3421,3663,3422,-1,3422,3663,3664,-1,3422,3664,3423,-1,3423,3664,3665,-1,3423,3665,3424,-1,3424,3665,3666,-1,3424,3666,3425,-1,3425,3666,3667,-1,3425,3667,3426,-1,3426,3667,3668,-1,3426,3668,3427,-1,3427,3668,3669,-1,3427,3669,3428,-1,3428,3669,3670,-1,3428,3670,3429,-1,3429,3670,3671,-1,3429,3671,3430,-1,3430,3671,3672,-1,3430,3672,3431,-1,3431,3672,3673,-1,3431,3673,3432,-1,3432,3673,3674,-1,3432,3674,3433,-1,3433,3674,3675,-1,3433,3675,3434,-1,3434,3675,3676,-1,3434,3676,3435,-1,3435,3676,3677,-1,3435,3677,3436,-1,3436,3677,3678,-1,3436,3678,3437,-1,3437,3678,3679,-1,3437,3679,3438,-1,3438,3679,3680,-1,3438,3680,3439,-1,3439,3680,3681,-1,3439,3681,3440,-1,3440,3681,3682,-1,3440,3682,3441,-1,3441,3682,3683,-1,3441,3683,3442,-1,3442,3683,3684,-1,3442,3684,3443,-1,3443,3684,3685,-1,3443,3685,3444,-1,3444,3685,3686,-1,3444,3686,3445,-1,3445,3686,3687,-1,3445,3687,3446,-1,3446,3687,3688,-1,3446,3688,3447,-1,3447,3688,3689,-1,3447,3689,3448,-1,3448,3689,3690,-1,3448,3690,3449,-1,3449,3690,3691,-1,3449,3691,3450,-1,3450,3691,3692,-1,3450,3692,3451,-1,3451,3692,3693,-1,3451,3693,3452,-1,3452,3693,3694,-1,3452,3694,3453,-1,3453,3694,3695,-1,3453,3695,3454,-1,3454,3695,3696,-1,3454,3696,3455,-1,3455,3696,3697,-1,3455,3697,3456,-1,3456,3697,3698,-1,3456,3698,3457,-1,3457,3698,3699,-1,3457,3699,3458,-1,3458,3699,3700,-1,3458,3700,3459,-1,3459,3700,3701,-1,3459,3701,3460,-1,3460,3701,3702,-1,3460,3702,3461,-1,3461,3702,3703,-1,3461,3703,3462,-1,3462,3703,3704,-1,3462,3704,3463,-1,3463,3704,3705,-1,3463,3705,3464,-1,3464,3705,3706,-1,3464,3706,3465,-1,3465,3706,3707,-1,3465,3707,3466,-1,3466,3707,3708,-1,3466,3708,3467,-1,3467,3708,3709,-1,3467,3709,3468,-1,3468,3709,3710,-1,3468,3710,3469,-1,3469,3710,3711,-1,3469,3711,3470,-1,3470,3711,3712,-1,3470,3712,3471,-1,3471,3712,3713,-1,3471,3713,3472,-1,3472,3713,3714,-1,3472,3714,3473,-1,3473,3714,3715,-1,3473,3715,3474,-1,3474,3715,3716,-1,3474,3716,3475,-1,3475,3716,3717,-1,3475,3717,3476,-1,3476,3717,3718,-1,3476,3718,3477,-1,3477,3718,3719,-1,3477,3719,3478,-1,3478,3719,3720,-1,3478,3720,3479,-1,3479,3720,3721,-1,3479,3721,3480,-1,3480,3721,3722,-1,3480,3722,3481,-1,3481,3722,3723,-1,3481,3723,3482,-1,3482,3723,3724,-1,3482,3724,3483,-1,3483,3724,3725,-1,3483,3725,3484,-1,3484,3725,3726,-1,3484,3726,3485,-1,3485,3726,3727,-1,3485,3727,3486,-1,3486,3727,3728,-1,3486,3728,3487,-1,3487,3728,3729,-1,3487,3729,3488,-1,3488,3729,3730,-1,3488,3730,3489,-1,3489,3730,3731,-1,3489,3731,3490,-1,3490,3731,3732,-1,3490,3732,3491,-1,3491,3732,3733,-1,3491,3733,3492,-1,3492,3733,3734,-1,3492,3734,3493,-1,3493,3734,3735,-1,3493,3735,3494,-1,3494,3735,3736,-1,3494,3736,3495,-1,3495,3736,3737,-1,3495,3737,3496,-1,3496,3737,3738,-1,3496,3738,3497,-1,3497,3738,3739,-1,3497,3739,3498,-1,3498,3739,3740,-1,3498,3740,3499,-1,3499,3740,3741,-1,3499,3741,3500,-1,3500,3741,3742,-1,3500,3742,3501,-1,3501,3742,3743,-1,3501,3743,3502,-1,3502,3743,3744,-1,3502,3744,3503,-1,3503,3744,3745,-1,3503,3745,3504,-1,3504,3745,3746,-1,3504,3746,3505,-1,3505,3746,3747,-1,3505,3747,3506,-1,3506,3747,3748,-1,3506,3748,3507,-1,3507,3748,3749,-1,3507,3749,3508,-1,3508,3749,3750,-1,3508,3750,3509,-1,3509,3750,3751,-1,3509,3751,3510,-1,3510,3751,3752,-1,3510,3752,3511,-1,3511,3752,3753,-1,3511,3753,3512,-1,3512,3753,3754,-1,3512,3754,3513,-1,3513,3754,3755,-1,3513,3755,3514,-1,3514,3755,3756,-1,3514,3756,3515,-1,3515,3756,3757,-1,3515,3757,3516,-1,3516,3757,3758,-1,3516,3758,3517,-1,3517,3758,3759,-1,3517,3759,3518,-1,3518,3759,3760,-1,3518,3760,3519,-1,3519,3760,3761,-1,3519,3761,3520,-1,3520,3761,3762,-1,3520,3762,3521,-1,3521,3762,3763,-1,3521,3763,3522,-1,3522,3763,3764,-1,3522,3764,3523,-1,3523,3764,3765,-1,3523,3765,3524,-1,3524,3765,3766,-1,3524,3766,3525,-1,3525,3766,3767,-1,3525,3767,3526,-1,3526,3767,3768,-1,3526,3768,3527,-1,3527,3768,3769,-1,3527,3769,3528,-1,3528,3769,3770,-1,3528,3770,3529,-1,3529,3770,3771,-1,3529,3771,3530,-1,3530,3771,3772,-1,3530,3772,3531,-1,3531,3772,3773,-1,3531,3773,3532,-1,3532,3773,3774,-1,3532,3774,3533,-1,3533,3774,3775,-1,3533,3775,3534,-1,3534,3775,3776,-1,3534,3776,3535,-1,3535,3776,3777,-1,3535,3777,3536,-1,3536,3777,3778,-1,3536,3778,3537,-1,3537,3778,3779,-1,3537,3779,3538,-1,3538,3779,3780,-1,3538,3780,3539,-1,3539,3780,3781,-1,3539,3781,3540,-1,3540,3781,3782,-1,3540,3782,3541,-1,3541,3782,3783,-1,3541,3783,3542,-1,3542,3783,3784,-1,3542,3784,3543,-1,3543,3784,3785,-1,3543,3785,3544,-1,3544,3785,3786,-1,3544,3786,3545,-1,3545,3786,3787,-1,3545,3787,3546,-1,3546,3787,3788,-1,3546,3788,3547,-1,3547,3788,3789,-1,3547,3789,3548,-1,3548,3789,3790,-1,3548,3790,3549,-1,3549,3790,3791,-1,3549,3791,3550,-1,3550,3791,3792,-1,3550,3792,3551,-1,3551,3792,3793,-1,3551,3793,3552,-1,3552,3793,3794,-1,3552,3794,3553,-1,3553,3794,3795,-1,3553,3795,3554,-1,3554,3795,3796,-1,3554,3796,3555,-1,3555,3796,3797,-1,3555,3797,3556,-1,3556,3797,3798,-1,3556,3798,3557,-1,3557,3798,3799,-1,3557,3799,3558,-1,3558,3799,3800,-1,3558,3800,3559,-1,3559,3800,3801,-1,3559,3801,3560,-1,3560,3801,3802,-1,3560,3802,3561,-1,3561,3802,3803,-1,3561,3803,3562,-1,3562,3803,3804,-1,3562,3804,3563,-1,3563,3804,3805,-1,3563,3805,3564,-1,3564,3805,3806,-1,3564,3806,3565,-1,3565,3806,3807,-1,3565,3807,3566,-1,3566,3807,3808,-1,3566,3808,3567,-1,3567,3808,3809,-1,3567,3809,3568,-1,3568,3809,3810,-1,3568,3810,3569,-1,3569,3810,3811,-1,3569,3811,3570,-1,3570,3811,3812,-1,3570,3812,3571,-1,3571,3812,3813,-1,3571,3813,3572,-1,3572,3813,3814,-1,3572,3814,3573,-1,3573,3814,3815,-1,3573,3815,3574,-1,3574,3815,3816,-1,3574,3816,3575,-1,3575,3816,3817,-1,3575,3817,3576,-1,3576,3817,3818,-1,3576,3818,3577,-1,3577,3818,3819,-1,3577,3819,3578,-1,3578,3819,3820,-1,3578,3820,3579,-1,3579,3820,3821,-1,3579,3821,3580,-1,3580,3821,3822,-1,3580,3822,3581,-1,3581,3822,3823,-1,3581,3823,3582,-1,3582,3823,3824,-1,3582,3824,3583,-1,3583,3824,3825,-1,3583,3825,3584,-1,3584,3825,3826,-1,3584,3826,3585,-1,3585,3826,3827,-1,3585,3827,3586,-1,3586,3827,3828,-1,3586,3828,3587,-1,3587,3828,3829,-1,3587,3829,3588,-1,3588,3829,82,-1,3588,82,84,-1,84,82,81,-1,3589,3830,3590,-1,3590,3830,3831,-1,3590,3831,3591,-1,3591,3831,3832,-1,3591,3832,3592,-1,3592,3832,3833,-1,3592,3833,3593,-1,3593,3833,3834,-1,3593,3834,3594,-1,3594,3834,3835,-1,3594,3835,3595,-1,3595,3835,3836,-1,3595,3836,3596,-1,3596,3836,3837,-1,3596,3837,3597,-1,3597,3837,3838,-1,3597,3838,3598,-1,3598,3838,3839,-1,3598,3839,3599,-1,3599,3839,3840,-1,3599,3840,3600,-1,3600,3840,3841,-1,3600,3841,3601,-1,3601,3841,3842,-1,3601,3842,3602,-1,3602,3842,3843,-1,3602,3843,3603,-1,3603,3843,3844,-1,3603,3844,3604,-1,3604,3844,3845,-1,3604,3845,3605,-1,3605,3845,3846,-1,3605,3846,3606,-1,3606,3846,3847,-1,3606,3847,3607,-1,3607,3847,3848,-1,3607,3848,3608,-1,3608,3848,3849,-1,3608,3849,3609,-1,3609,3849,3850,-1,3609,3850,3610,-1,3610,3850,3851,-1,3610,3851,3611,-1,3611,3851,3852,-1,3611,3852,3612,-1,3612,3852,3853,-1,3612,3853,3613,-1,3613,3853,3854,-1,3613,3854,3614,-1,3614,3854,3855,-1,3614,3855,3615,-1,3615,3855,3856,-1,3615,3856,3616,-1,3616,3856,3857,-1,3616,3857,3617,-1,3617,3857,3858,-1,3617,3858,3618,-1,3618,3858,3859,-1,3618,3859,3619,-1,3619,3859,3860,-1,3619,3860,3620,-1,3620,3860,3861,-1,3620,3861,3621,-1,3621,3861,3862,-1,3621,3862,3622,-1,3622,3862,3863,-1,3622,3863,3623,-1,3623,3863,3864,-1,3623,3864,3624,-1,3624,3864,3865,-1,3624,3865,3625,-1,3625,3865,3866,-1,3625,3866,3626,-1,3626,3866,3867,-1,3626,3867,3627,-1,3627,3867,3868,-1,3627,3868,3628,-1,3628,3868,3869,-1,3628,3869,3629,-1,3629,3869,3870,-1,3629,3870,3630,-1,3630,3870,3871,-1,3630,3871,3631,-1,3631,3871,3872,-1,3631,3872,3632,-1,3632,3872,3873,-1,3632,3873,3633,-1,3633,3873,3874,-1,3633,3874,3634,-1,3634,3874,3875,-1,3634,3875,3635,-1,3635,3875,3876,-1,3635,3876,3636,-1,3636,3876,3877,-1,3636,3877,3637,-1,3637,3877,3878,-1,3637,3878,3638,-1,3638,3878,3879,-1,3638,3879,3639,-1,3639,3879,3880,-1,3639,3880,3640,-1,3640,3880,3881,-1,3640,3881,3641,-1,3641,3881,3882,-1,3641,3882,3642,-1,3642,3882,3883,-1,3642,3883,3643,-1,3643,3883,3884,-1,3643,3884,3644,-1,3644,3884,3885,-1,3644,3885,3645,-1,3645,3885,3886,-1,3645,3886,3646,-1,3646,3886,3887,-1,3646,3887,3647,-1,3647,3887,3888,-1,3647,3888,3648,-1,3648,3888,3889,-1,3648,3889,3649,-1,3649,3889,3890,-1,3649,3890,3650,-1,3650,3890,3891,-1,3650,3891,3651,-1,3651,3891,3892,-1,3651,3892,3652,-1,3652,3892,3893,-1,3652,3893,3653,-1,3653,3893,3894,-1,3653,3894,3654,-1,3654,3894,3895,-1,3654,3895,3655,-1,3655,3895,3896,-1,3655,3896,3656,-1,3656,3896,3897,-1,3656,3897,3657,-1,3657,3897,3898,-1,3657,3898,3658,-1,3658,3898,3899,-1,3658,3899,3659,-1,3659,3899,3900,-1,3659,3900,3660,-1,3660,3900,3901,-1,3660,3901,3661,-1,3661,3901,3902,-1,3661,3902,3662,-1,3662,3902,3903,-1,3662,3903,3663,-1,3663,3903,3904,-1,3663,3904,3664,-1,3664,3904,3905,-1,3664,3905,3665,-1,3665,3905,3906,-1,3665,3906,3666,-1,3666,3906,3907,-1,3666,3907,3667,-1,3667,3907,3908,-1,3667,3908,3668,-1,3668,3908,3909,-1,3668,3909,3669,-1,3669,3909,3910,-1,3669,3910,3670,-1,3670,3910,3911,-1,3670,3911,3671,-1,3671,3911,3912,-1,3671,3912,3672,-1,3672,3912,3913,-1,3672,3913,3673,-1,3673,3913,3914,-1,3673,3914,3674,-1,3674,3914,3915,-1,3674,3915,3675,-1,3675,3915,3916,-1,3675,3916,3676,-1,3676,3916,3917,-1,3676,3917,3677,-1,3677,3917,3918,-1,3677,3918,3678,-1,3678,3918,3919,-1,3678,3919,3679,-1,3679,3919,3920,-1,3679,3920,3680,-1,3680,3920,3921,-1,3680,3921,3681,-1,3681,3921,3922,-1,3681,3922,3682,-1,3682,3922,3923,-1,3682,3923,3683,-1,3683,3923,3924,-1,3683,3924,3684,-1,3684,3924,3925,-1,3684,3925,3685,-1,3685,3925,3926,-1,3685,3926,3686,-1,3686,3926,3927,-1,3686,3927,3687,-1,3687,3927,3928,-1,3687,3928,3688,-1,3688,3928,3929,-1,3688,3929,3689,-1,3689,3929,3930,-1,3689,3930,3690,-1,3690,3930,3931,-1,3690,3931,3691,-1,3691,3931,3932,-1,3691,3932,3692,-1,3692,3932,3933,-1,3692,3933,3693,-1,3693,3933,3934,-1,3693,3934,3694,-1,3694,3934,3935,-1,3694,3935,3695,-1,3695,3935,3936,-1,3695,3936,3696,-1,3696,3936,3937,-1,3696,3937,3697,-1,3697,3937,3938,-1,3697,3938,3698,-1,3698,3938,3939,-1,3698,3939,3699,-1,3699,3939,3940,-1,3699,3940,3700,-1,3700,3940,3941,-1,3700,3941,3701,-1,3701,3941,3942,-1,3701,3942,3702,-1,3702,3942,3943,-1,3702,3943,3703,-1,3703,3943,3944,-1,3703,3944,3704,-1,3704,3944,3945,-1,3704,3945,3705,-1,3705,3945,3946,-1,3705,3946,3706,-1,3706,3946,3947,-1,3706,3947,3707,-1,3707,3947,3948,-1,3707,3948,3708,-1,3708,3948,3949,-1,3708,3949,3709,-1,3709,3949,3950,-1,3709,3950,3710,-1,3710,3950,3951,-1,3710,3951,3711,-1,3711,3951,3952,-1,3711,3952,3712,-1,3712,3952,3953,-1,3712,3953,3713,-1,3713,3953,3954,-1,3713,3954,3714,-1,3714,3954,3955,-1,3714,3955,3715,-1,3715,3955,3956,-1,3715,3956,3716,-1,3716,3956,3957,-1,3716,3957,3717,-1,3717,3957,3958,-1,3717,3958,3718,-1,3718,3958,3959,-1,3718,3959,3719,-1,3719,3959,3960,-1,3719,3960,3720,-1,3720,3960,3961,-1,3720,3961,3721,-1,3721,3961,3962,-1,3721,3962,3722,-1,3722,3962,3963,-1,3722,3963,3723,-1,3723,3963,3964,-1,3723,3964,3724,-1,3724,3964,3965,-1,3724,3965,3725,-1,3725,3965,3966,-1,3725,3966,3726,-1,3726,3966,3967,-1,3726,3967,3727,-1,3727,3967,3968,-1,3727,3968,3728,-1,3728,3968,3969,-1,3728,3969,3729,-1,3729,3969,3970,-1,3729,3970,3730,-1,3730,3970,3971,-1,3730,3971,3731,-1,3731,3971,3972,-1,3731,3972,3732,-1,3732,3972,3973,-1,3732,3973,3733,-1,3733,3973,3974,-1,3733,3974,3734,-1,3734,3974,3975,-1,3734,3975,3735,-1,3735,3975,3976,-1,3735,3976,3736,-1,3736,3976,3977,-1,3736,3977,3737,-1,3737,3977,3978,-1,3737,3978,3738,-1,3738,3978,3979,-1,3738,3979,3739,-1,3739,3979,3980,-1,3739,3980,3740,-1,3740,3980,3981,-1,3740,3981,3741,-1,3741,3981,3982,-1,3741,3982,3742,-1,3742,3982,3983,-1,3742,3983,3743,-1,3743,3983,3984,-1,3743,3984,3744,-1,3744,3984,3985,-1,3744,3985,3745,-1,3745,3985,3986,-1,3745,3986,3746,-1,3746,3986,3987,-1,3746,3987,3747,-1,3747,3987,3988,-1,3747,3988,3748,-1,3748,3988,3989,-1,3748,3989,3749,-1,3749,3989,3990,-1,3749,3990,3750,-1,3750,3990,3991,-1,3750,3991,3751,-1,3751,3991,3992,-1,3751,3992,3752,-1,3752,3992,3993,-1,3752,3993,3753,-1,3753,3993,3994,-1,3753,3994,3754,-1,3754,3994,3995,-1,3754,3995,3755,-1,3755,3995,3996,-1,3755,3996,3756,-1,3756,3996,3997,-1,3756,3997,3757,-1,3757,3997,3998,-1,3757,3998,3758,-1,3758,3998,3999,-1,3758,3999,3759,-1,3759,3999,4000,-1,3759,4000,3760,-1,3760,4000,4001,-1,3760,4001,3761,-1,3761,4001,4002,-1,3761,4002,3762,-1,3762,4002,4003,-1,3762,4003,3763,-1,3763,4003,4004,-1,3763,4004,3764,-1,3764,4004,4005,-1,3764,4005,3765,-1,3765,4005,4006,-1,3765,4006,3766,-1,3766,4006,4007,-1,3766,4007,3767,-1,3767,4007,4008,-1,3767,4008,3768,-1,3768,4008,4009,-1,3768,4009,3769,-1,3769,4009,4010,-1,3769,4010,3770,-1,3770,4010,4011,-1,3770,4011,3771,-1,3771,4011,4012,-1,3771,4012,3772,-1,3772,4012,4013,-1,3772,4013,3773,-1,3773,4013,4014,-1,3773,4014,3774,-1,3774,4014,4015,-1,3774,4015,3775,-1,3775,4015,4016,-1,3775,4016,3776,-1,3776,4016,4017,-1,3776,4017,3777,-1,3777,4017,4018,-1,3777,4018,3778,-1,3778,4018,4019,-1,3778,4019,3779,-1,3779,4019,4020,-1,3779,4020,3780,-1,3780,4020,4021,-1,3780,4021,3781,-1,3781,4021,4022,-1,3781,4022,3782,-1,3782,4022,4023,-1,3782,4023,3783,-1,3783,4023,4024,-1,3783,4024,3784,-1,3784,4024,4025,-1,3784,4025,3785,-1,3785,4025,4026,-1,3785,4026,3786,-1,3786,4026,4027,-1,3786,4027,3787,-1,3787,4027,4028,-1,3787,4028,3788,-1,3788,4028,4029,-1,3788,4029,3789,-1,3789,4029,4030,-1,3789,4030,3790,-1,3790,4030,4031,-1,3790,4031,3791,-1,3791,4031,4032,-1,3791,4032,3792,-1,3792,4032,4033,-1,3792,4033,3793,-1,3793,4033,4034,-1,3793,4034,3794,-1,3794,4034,4035,-1,3794,4035,3795,-1,3795,4035,4036,-1,3795,4036,3796,-1,3796,4036,4037,-1,3796,4037,3797,-1,3797,4037,4038,-1,3797,4038,3798,-1,3798,4038,4039,-1,3798,4039,3799,-1,3799,4039,4040,-1,3799,4040,3800,-1,3800,4040,4041,-1,3800,4041,3801,-1,3801,4041,4042,-1,3801,4042,3802,-1,3802,4042,4043,-1,3802,4043,3803,-1,3803,4043,4044,-1,3803,4044,3804,-1,3804,4044,4045,-1,3804,4045,3805,-1,3805,4045,4046,-1,3805,4046,3806,-1,3806,4046,4047,-1,3806,4047,3807,-1,3807,4047,4048,-1,3807,4048,3808,-1,3808,4048,4049,-1,3808,4049,3809,-1,3809,4049,4050,-1,3809,4050,3810,-1,3810,4050,4051,-1,3810,4051,3811,-1,3811,4051,4052,-1,3811,4052,3812,-1,3812,4052,4053,-1,3812,4053,3813,-1,3813,4053,4054,-1,3813,4054,3814,-1,3814,4054,4055,-1,3814,4055,3815,-1,3815,4055,4056,-1,3815,4056,3816,-1,3816,4056,4057,-1,3816,4057,3817,-1,3817,4057,4058,-1,3817,4058,3818,-1,3818,4058,4059,-1,3818,4059,3819,-1,3819,4059,4060,-1,3819,4060,3820,-1,3820,4060,4061,-1,3820,4061,3821,-1,3821,4061,4062,-1,3821,4062,3822,-1,3822,4062,4063,-1,3822,4063,3823,-1,3823,4063,4064,-1,3823,4064,3824,-1,3824,4064,4065,-1,3824,4065,3825,-1,3825,4065,4066,-1,3825,4066,3826,-1,3826,4066,4067,-1,3826,4067,3827,-1,3827,4067,4068,-1,3827,4068,3828,-1,3828,4068,4069,-1,3828,4069,3829,-1,3829,4069,80,-1,3829,80,82,-1,82,80,79,-1,3830,4070,3831,-1,3831,4070,4071,-1,3831,4071,3832,-1,3832,4071,4072,-1,3832,4072,3833,-1,3833,4072,4073,-1,3833,4073,3834,-1,3834,4073,4074,-1,3834,4074,3835,-1,3835,4074,4075,-1,3835,4075,3836,-1,3836,4075,4076,-1,3836,4076,3837,-1,3837,4076,4077,-1,3837,4077,3838,-1,3838,4077,4078,-1,3838,4078,3839,-1,3839,4078,4079,-1,3839,4079,3840,-1,3840,4079,4080,-1,3840,4080,3841,-1,3841,4080,4081,-1,3841,4081,3842,-1,3842,4081,4082,-1,3842,4082,3843,-1,3843,4082,4083,-1,3843,4083,3844,-1,3844,4083,4084,-1,3844,4084,3845,-1,3845,4084,4085,-1,3845,4085,3846,-1,3846,4085,4086,-1,3846,4086,3847,-1,3847,4086,4087,-1,3847,4087,3848,-1,3848,4087,4088,-1,3848,4088,3849,-1,3849,4088,4089,-1,3849,4089,3850,-1,3850,4089,4090,-1,3850,4090,3851,-1,3851,4090,4091,-1,3851,4091,3852,-1,3852,4091,4092,-1,3852,4092,3853,-1,3853,4092,4093,-1,3853,4093,3854,-1,3854,4093,4094,-1,3854,4094,3855,-1,3855,4094,4095,-1,3855,4095,3856,-1,3856,4095,4096,-1,3856,4096,3857,-1,3857,4096,4097,-1,3857,4097,3858,-1,3858,4097,4098,-1,3858,4098,3859,-1,3859,4098,4099,-1,3859,4099,3860,-1,3860,4099,4100,-1,3860,4100,3861,-1,3861,4100,4101,-1,3861,4101,3862,-1,3862,4101,4102,-1,3862,4102,3863,-1,3863,4102,4103,-1,3863,4103,3864,-1,3864,4103,4104,-1,3864,4104,3865,-1,3865,4104,4105,-1,3865,4105,3866,-1,3866,4105,4106,-1,3866,4106,3867,-1,3867,4106,4107,-1,3867,4107,3868,-1,3868,4107,4108,-1,3868,4108,3869,-1,3869,4108,4109,-1,3869,4109,3870,-1,3870,4109,4110,-1,3870,4110,3871,-1,3871,4110,4111,-1,3871,4111,3872,-1,3872,4111,4112,-1,3872,4112,3873,-1,3873,4112,4113,-1,3873,4113,3874,-1,3874,4113,4114,-1,3874,4114,3875,-1,3875,4114,4115,-1,3875,4115,3876,-1,3876,4115,4116,-1,3876,4116,3877,-1,3877,4116,4117,-1,3877,4117,3878,-1,3878,4117,4118,-1,3878,4118,3879,-1,3879,4118,4119,-1,3879,4119,3880,-1,3880,4119,4120,-1,3880,4120,3881,-1,3881,4120,4121,-1,3881,4121,3882,-1,3882,4121,4122,-1,3882,4122,3883,-1,3883,4122,4123,-1,3883,4123,3884,-1,3884,4123,4124,-1,3884,4124,3885,-1,3885,4124,4125,-1,3885,4125,3886,-1,3886,4125,4126,-1,3886,4126,3887,-1,3887,4126,4127,-1,3887,4127,3888,-1,3888,4127,4128,-1,3888,4128,3889,-1,3889,4128,4129,-1,3889,4129,3890,-1,3890,4129,4130,-1,3890,4130,3891,-1,3891,4130,4131,-1,3891,4131,3892,-1,3892,4131,4132,-1,3892,4132,3893,-1,3893,4132,4133,-1,3893,4133,3894,-1,3894,4133,4134,-1,3894,4134,3895,-1,3895,4134,4135,-1,3895,4135,3896,-1,3896,4135,4136,-1,3896,4136,3897,-1,3897,4136,4137,-1,3897,4137,3898,-1,3898,4137,4138,-1,3898,4138,3899,-1,3899,4138,4139,-1,3899,4139,3900,-1,3900,4139,4140,-1,3900,4140,3901,-1,3901,4140,4141,-1,3901,4141,3902,-1,3902,4141,4142,-1,3902,4142,3903,-1,3903,4142,4143,-1,3903,4143,3904,-1,3904,4143,4144,-1,3904,4144,3905,-1,3905,4144,4145,-1,3905,4145,3906,-1,3906,4145,4146,-1,3906,4146,3907,-1,3907,4146,4147,-1,3907,4147,3908,-1,3908,4147,4148,-1,3908,4148,3909,-1,3909,4148,4149,-1,3909,4149,3910,-1,3910,4149,4150,-1,3910,4150,3911,-1,3911,4150,4151,-1,3911,4151,3912,-1,3912,4151,4152,-1,3912,4152,3913,-1,3913,4152,4153,-1,3913,4153,3914,-1,3914,4153,4154,-1,3914,4154,3915,-1,3915,4154,4155,-1,3915,4155,3916,-1,3916,4155,4156,-1,3916,4156,3917,-1,3917,4156,4157,-1,3917,4157,3918,-1,3918,4157,4158,-1,3918,4158,3919,-1,3919,4158,4159,-1,3919,4159,3920,-1,3920,4159,4160,-1,3920,4160,3921,-1,3921,4160,4161,-1,3921,4161,3922,-1,3922,4161,4162,-1,3922,4162,3923,-1,3923,4162,4163,-1,3923,4163,3924,-1,3924,4163,4164,-1,3924,4164,3925,-1,3925,4164,4165,-1,3925,4165,3926,-1,3926,4165,4166,-1,3926,4166,3927,-1,3927,4166,4167,-1,3927,4167,3928,-1,3928,4167,4168,-1,3928,4168,3929,-1,3929,4168,4169,-1,3929,4169,3930,-1,3930,4169,4170,-1,3930,4170,3931,-1,3931,4170,4171,-1,3931,4171,3932,-1,3932,4171,4172,-1,3932,4172,3933,-1,3933,4172,4173,-1,3933,4173,3934,-1,3934,4173,4174,-1,3934,4174,3935,-1,3935,4174,4175,-1,3935,4175,3936,-1,3936,4175,4176,-1,3936,4176,3937,-1,3937,4176,4177,-1,3937,4177,3938,-1,3938,4177,4178,-1,3938,4178,3939,-1,3939,4178,4179,-1,3939,4179,3940,-1,3940,4179,4180,-1,3940,4180,3941,-1,3941,4180,4181,-1,3941,4181,3942,-1,3942,4181,4182,-1,3942,4182,3943,-1,3943,4182,4183,-1,3943,4183,3944,-1,3944,4183,4184,-1,3944,4184,3945,-1,3945,4184,4185,-1,3945,4185,3946,-1,3946,4185,4186,-1,3946,4186,3947,-1,3947,4186,4187,-1,3947,4187,3948,-1,3948,4187,4188,-1,3948,4188,3949,-1,3949,4188,4189,-1,3949,4189,3950,-1,3950,4189,4190,-1,3950,4190,3951,-1,3951,4190,4191,-1,3951,4191,3952,-1,3952,4191,4192,-1,3952,4192,3953,-1,3953,4192,4193,-1,3953,4193,3954,-1,3954,4193,4194,-1,3954,4194,3955,-1,3955,4194,4195,-1,3955,4195,3956,-1,3956,4195,4196,-1,3956,4196,3957,-1,3957,4196,4197,-1,3957,4197,3958,-1,3958,4197,4198,-1,3958,4198,3959,-1,3959,4198,4199,-1,3959,4199,3960,-1,3960,4199,4200,-1,3960,4200,3961,-1,3961,4200,4201,-1,3961,4201,3962,-1,3962,4201,4202,-1,3962,4202,3963,-1,3963,4202,4203,-1,3963,4203,3964,-1,3964,4203,4204,-1,3964,4204,3965,-1,3965,4204,4205,-1,3965,4205,3966,-1,3966,4205,4206,-1,3966,4206,3967,-1,3967,4206,4207,-1,3967,4207,3968,-1,3968,4207,4208,-1,3968,4208,3969,-1,3969,4208,4209,-1,3969,4209,3970,-1,3970,4209,4210,-1,3970,4210,3971,-1,3971,4210,4211,-1,3971,4211,3972,-1,3972,4211,4212,-1,3972,4212,3973,-1,3973,4212,4213,-1,3973,4213,3974,-1,3974,4213,4214,-1,3974,4214,3975,-1,3975,4214,4215,-1,3975,4215,3976,-1,3976,4215,4216,-1,3976,4216,3977,-1,3977,4216,4217,-1,3977,4217,3978,-1,3978,4217,4218,-1,3978,4218,3979,-1,3979,4218,4219,-1,3979,4219,3980,-1,3980,4219,4220,-1,3980,4220,3981,-1,3981,4220,4221,-1,3981,4221,3982,-1,3982,4221,4222,-1,3982,4222,3983,-1,3983,4222,4223,-1,3983,4223,3984,-1,3984,4223,4224,-1,3984,4224,3985,-1,3985,4224,4225,-1,3985,4225,3986,-1,3986,4225,4226,-1,3986,4226,3987,-1,3987,4226,4227,-1,3987,4227,3988,-1,3988,4227,4228,-1,3988,4228,3989,-1,3989,4228,4229,-1,3989,4229,3990,-1,3990,4229,4230,-1,3990,4230,3991,-1,3991,4230,4231,-1,3991,4231,3992,-1,3992,4231,4232,-1,3992,4232,3993,-1,3993,4232,4233,-1,3993,4233,3994,-1,3994,4233,4234,-1,3994,4234,3995,-1,3995,4234,4235,-1,3995,4235,3996,-1,3996,4235,4236,-1,3996,4236,3997,-1,3997,4236,4237,-1,3997,4237,3998,-1,3998,4237,4238,-1,3998,4238,3999,-1,3999,4238,4239,-1,3999,4239,4000,-1,4000,4239,4240,-1,4000,4240,4001,-1,4001,4240,4241,-1,4001,4241,4002,-1,4002,4241,4242,-1,4002,4242,4003,-1,4003,4242,4243,-1,4003,4243,4004,-1,4004,4243,4244,-1,4004,4244,4005,-1,4005,4244,4245,-1,4005,4245,4006,-1,4006,4245,4246,-1,4006,4246,4007,-1,4007,4246,4247,-1,4007,4247,4008,-1,4008,4247,4248,-1,4008,4248,4009,-1,4009,4248,4249,-1,4009,4249,4010,-1,4010,4249,4250,-1,4010,4250,4011,-1,4011,4250,4251,-1,4011,4251,4012,-1,4012,4251,4252,-1,4012,4252,4013,-1,4013,4252,4253,-1,4013,4253,4014,-1,4014,4253,4254,-1,4014,4254,4015,-1,4015,4254,4255,-1,4015,4255,4016,-1,4016,4255,4256,-1,4016,4256,4017,-1,4017,4256,4257,-1,4017,4257,4018,-1,4018,4257,4258,-1,4018,4258,4019,-1,4019,4258,4259,-1,4019,4259,4020,-1,4020,4259,4260,-1,4020,4260,4021,-1,4021,4260,4261,-1,4021,4261,4022,-1,4022,4261,4262,-1,4022,4262,4023,-1,4023,4262,4263,-1,4023,4263,4024,-1,4024,4263,4264,-1,4024,4264,4025,-1,4025,4264,4265,-1,4025,4265,4026,-1,4026,4265,4266,-1,4026,4266,4027,-1,4027,4266,4267,-1,4027,4267,4028,-1,4028,4267,4268,-1,4028,4268,4029,-1,4029,4268,4269,-1,4029,4269,4030,-1,4030,4269,4270,-1,4030,4270,4031,-1,4031,4270,4271,-1,4031,4271,4032,-1,4032,4271,4272,-1,4032,4272,4033,-1,4033,4272,4273,-1,4033,4273,4034,-1,4034,4273,4274,-1,4034,4274,4035,-1,4035,4274,4275,-1,4035,4275,4036,-1,4036,4275,4276,-1,4036,4276,4037,-1,4037,4276,4277,-1,4037,4277,4038,-1,4038,4277,4278,-1,4038,4278,4039,-1,4039,4278,4279,-1,4039,4279,4040,-1,4040,4279,4280,-1,4040,4280,4041,-1,4041,4280,4281,-1,4041,4281,4042,-1,4042,4281,4282,-1,4042,4282,4043,-1,4043,4282,4283,-1,4043,4283,4044,-1,4044,4283,4284,-1,4044,4284,4045,-1,4045,4284,4285,-1,4045,4285,4046,-1,4046,4285,4286,-1,4046,4286,4047,-1,4047,4286,4287,-1,4047,4287,4048,-1,4048,4287,4288,-1,4048,4288,4049,-1,4049,4288,4289,-1,4049,4289,4050,-1,4050,4289,4290,-1,4050,4290,4051,-1,4051,4290,4291,-1,4051,4291,4052,-1,4052,4291,4292,-1,4052,4292,4053,-1,4053,4292,4293,-1,4053,4293,4054,-1,4054,4293,4294,-1,4054,4294,4055,-1,4055,4294,4295,-1,4055,4295,4056,-1,4056,4295,4296,-1,4056,4296,4057,-1,4057,4296,4297,-1,4057,4297,4058,-1,4058,4297,4298,-1,4058,4298,4059,-1,4059,4298,4299,-1,4059,4299,4060,-1,4060,4299,4300,-1,4060,4300,4061,-1,4061,4300,4301,-1,4061,4301,4062,-1,4062,4301,4302,-1,4062,4302,4063,-1,4063,4302,4303,-1,4063,4303,4064,-1,4064,4303,4304,-1,4064,4304,4065,-1,4065,4304,4305,-1,4065,4305,4066,-1,4066,4305,4306,-1,4066,4306,4067,-1,4067,4306,4307,-1,4067,4307,4068,-1,4068,4307,4308,-1,4068,4308,4069,-1,4069,4308,78,-1,4069,78,80,-1,80,78,77,-1,4070,4309,4071,-1,4071,4309,4310,-1,4071,4310,4072,-1,4072,4310,4311,-1,4072,4311,4073,-1,4073,4311,4312,-1,4073,4312,4074,-1,4074,4312,4313,-1,4074,4313,4075,-1,4075,4313,4314,-1,4075,4314,4076,-1,4076,4314,4315,-1,4076,4315,4077,-1,4077,4315,4316,-1,4077,4316,4078,-1,4078,4316,4317,-1,4078,4317,4079,-1,4079,4317,4318,-1,4079,4318,4080,-1,4080,4318,4319,-1,4080,4319,4081,-1,4081,4319,4320,-1,4081,4320,4082,-1,4082,4320,4321,-1,4082,4321,4083,-1,4083,4321,4322,-1,4083,4322,4084,-1,4084,4322,4323,-1,4084,4323,4085,-1,4085,4323,4324,-1,4085,4324,4086,-1,4086,4324,4325,-1,4086,4325,4087,-1,4087,4325,4326,-1,4087,4326,4088,-1,4088,4326,4327,-1,4088,4327,4089,-1,4089,4327,4328,-1,4089,4328,4090,-1,4090,4328,4329,-1,4090,4329,4091,-1,4091,4329,4330,-1,4091,4330,4092,-1,4092,4330,4331,-1,4092,4331,4093,-1,4093,4331,4332,-1,4093,4332,4094,-1,4094,4332,4333,-1,4094,4333,4095,-1,4095,4333,4334,-1,4095,4334,4096,-1,4096,4334,4335,-1,4096,4335,4097,-1,4097,4335,4336,-1,4097,4336,4098,-1,4098,4336,4337,-1,4098,4337,4099,-1,4099,4337,4338,-1,4099,4338,4100,-1,4100,4338,4339,-1,4100,4339,4101,-1,4101,4339,4340,-1,4101,4340,4102,-1,4102,4340,4341,-1,4102,4341,4103,-1,4103,4341,4342,-1,4103,4342,4104,-1,4104,4342,4343,-1,4104,4343,4105,-1,4105,4343,4344,-1,4105,4344,4106,-1,4106,4344,4345,-1,4106,4345,4107,-1,4107,4345,4346,-1,4107,4346,4108,-1,4108,4346,4347,-1,4108,4347,4109,-1,4109,4347,4348,-1,4109,4348,4110,-1,4110,4348,4349,-1,4110,4349,4111,-1,4111,4349,4350,-1,4111,4350,4112,-1,4112,4350,4351,-1,4112,4351,4113,-1,4113,4351,4352,-1,4113,4352,4114,-1,4114,4352,4353,-1,4114,4353,4115,-1,4115,4353,4354,-1,4115,4354,4116,-1,4116,4354,4355,-1,4116,4355,4117,-1,4117,4355,4356,-1,4117,4356,4118,-1,4118,4356,4357,-1,4118,4357,4119,-1,4119,4357,4358,-1,4119,4358,4120,-1,4120,4358,4359,-1,4120,4359,4121,-1,4121,4359,4360,-1,4121,4360,4122,-1,4122,4360,4361,-1,4122,4361,4123,-1,4123,4361,4362,-1,4123,4362,4124,-1,4124,4362,4363,-1,4124,4363,4125,-1,4125,4363,4364,-1,4125,4364,4126,-1,4126,4364,4365,-1,4126,4365,4127,-1,4127,4365,4366,-1,4127,4366,4128,-1,4128,4366,4367,-1,4128,4367,4129,-1,4129,4367,4368,-1,4129,4368,4130,-1,4130,4368,4369,-1,4130,4369,4131,-1,4131,4369,4370,-1,4131,4370,4132,-1,4132,4370,4371,-1,4132,4371,4133,-1,4133,4371,4372,-1,4133,4372,4134,-1,4134,4372,4373,-1,4134,4373,4135,-1,4135,4373,4374,-1,4135,4374,4136,-1,4136,4374,4375,-1,4136,4375,4137,-1,4137,4375,4376,-1,4137,4376,4138,-1,4138,4376,4377,-1,4138,4377,4139,-1,4139,4377,4378,-1,4139,4378,4140,-1,4140,4378,4379,-1,4140,4379,4141,-1,4141,4379,4380,-1,4141,4380,4142,-1,4142,4380,4381,-1,4142,4381,4143,-1,4143,4381,4382,-1,4143,4382,4144,-1,4144,4382,4383,-1,4144,4383,4145,-1,4145,4383,4384,-1,4145,4384,4146,-1,4146,4384,4385,-1,4146,4385,4147,-1,4147,4385,4386,-1,4147,4386,4148,-1,4148,4386,4387,-1,4148,4387,4149,-1,4149,4387,4388,-1,4149,4388,4150,-1,4150,4388,4389,-1,4150,4389,4151,-1,4151,4389,4390,-1,4151,4390,4152,-1,4152,4390,4391,-1,4152,4391,4153,-1,4153,4391,4392,-1,4153,4392,4154,-1,4154,4392,4393,-1,4154,4393,4155,-1,4155,4393,4394,-1,4155,4394,4156,-1,4156,4394,4395,-1,4156,4395,4157,-1,4157,4395,4396,-1,4157,4396,4158,-1,4158,4396,4397,-1,4158,4397,4159,-1,4159,4397,4398,-1,4159,4398,4160,-1,4160,4398,4399,-1,4160,4399,4161,-1,4161,4399,4400,-1,4161,4400,4162,-1,4162,4400,4401,-1,4162,4401,4163,-1,4163,4401,4402,-1,4163,4402,4164,-1,4164,4402,4403,-1,4164,4403,4165,-1,4165,4403,4404,-1,4165,4404,4166,-1,4166,4404,4405,-1,4166,4405,4167,-1,4167,4405,4406,-1,4167,4406,4168,-1,4168,4406,4407,-1,4168,4407,4169,-1,4169,4407,4408,-1,4169,4408,4170,-1,4170,4408,4409,-1,4170,4409,4171,-1,4171,4409,4410,-1,4171,4410,4172,-1,4172,4410,4411,-1,4172,4411,4173,-1,4173,4411,4412,-1,4173,4412,4174,-1,4174,4412,4413,-1,4174,4413,4175,-1,4175,4413,4414,-1,4175,4414,4176,-1,4176,4414,4415,-1,4176,4415,4177,-1,4177,4415,4416,-1,4177,4416,4178,-1,4178,4416,4417,-1,4178,4417,4179,-1,4179,4417,4418,-1,4179,4418,4180,-1,4180,4418,4419,-1,4180,4419,4181,-1,4181,4419,4420,-1,4181,4420,4182,-1,4182,4420,4421,-1,4182,4421,4183,-1,4183,4421,4422,-1,4183,4422,4184,-1,4184,4422,4423,-1,4184,4423,4185,-1,4185,4423,4424,-1,4185,4424,4186,-1,4186,4424,4425,-1,4186,4425,4187,-1,4187,4425,4426,-1,4187,4426,4188,-1,4188,4426,4427,-1,4188,4427,4189,-1,4189,4427,4428,-1,4189,4428,4190,-1,4190,4428,4429,-1,4190,4429,4191,-1,4191,4429,4430,-1,4191,4430,4192,-1,4192,4430,4431,-1,4192,4431,4193,-1,4193,4431,4432,-1,4193,4432,4194,-1,4194,4432,4433,-1,4194,4433,4195,-1,4195,4433,4434,-1,4195,4434,4196,-1,4196,4434,4435,-1,4196,4435,4197,-1,4197,4435,4436,-1,4197,4436,4198,-1,4198,4436,4437,-1,4198,4437,4199,-1,4199,4437,4438,-1,4199,4438,4200,-1,4200,4438,4439,-1,4200,4439,4201,-1,4201,4439,4440,-1,4201,4440,4202,-1,4202,4440,4441,-1,4202,4441,4203,-1,4203,4441,4442,-1,4203,4442,4204,-1,4204,4442,4443,-1,4204,4443,4205,-1,4205,4443,4444,-1,4205,4444,4206,-1,4206,4444,4445,-1,4206,4445,4207,-1,4207,4445,4446,-1,4207,4446,4208,-1,4208,4446,4447,-1,4208,4447,4209,-1,4209,4447,4448,-1,4209,4448,4210,-1,4210,4448,4449,-1,4210,4449,4211,-1,4211,4449,4450,-1,4211,4450,4212,-1,4212,4450,4451,-1,4212,4451,4213,-1,4213,4451,4452,-1,4213,4452,4214,-1,4214,4452,4453,-1,4214,4453,4215,-1,4215,4453,4454,-1,4215,4454,4216,-1,4216,4454,4455,-1,4216,4455,4217,-1,4217,4455,4456,-1,4217,4456,4218,-1,4218,4456,4457,-1,4218,4457,4219,-1,4219,4457,4458,-1,4219,4458,4220,-1,4220,4458,4459,-1,4220,4459,4221,-1,4221,4459,4460,-1,4221,4460,4222,-1,4222,4460,4461,-1,4222,4461,4223,-1,4223,4461,4462,-1,4223,4462,4224,-1,4224,4462,4463,-1,4224,4463,4225,-1,4225,4463,4464,-1,4225,4464,4226,-1,4226,4464,4465,-1,4226,4465,4227,-1,4227,4465,4466,-1,4227,4466,4228,-1,4228,4466,4467,-1,4228,4467,4229,-1,4229,4467,4468,-1,4229,4468,4230,-1,4230,4468,4469,-1,4230,4469,4231,-1,4231,4469,4470,-1,4231,4470,4232,-1,4232,4470,4471,-1,4232,4471,4233,-1,4233,4471,4472,-1,4233,4472,4234,-1,4234,4472,4473,-1,4234,4473,4235,-1,4235,4473,4474,-1,4235,4474,4236,-1,4236,4474,4475,-1,4236,4475,4237,-1,4237,4475,4476,-1,4237,4476,4238,-1,4238,4476,4477,-1,4238,4477,4239,-1,4239,4477,4478,-1,4239,4478,4240,-1,4240,4478,4479,-1,4240,4479,4241,-1,4241,4479,4480,-1,4241,4480,4242,-1,4242,4480,4481,-1,4242,4481,4243,-1,4243,4481,4482,-1,4243,4482,4244,-1,4244,4482,4483,-1,4244,4483,4245,-1,4245,4483,4484,-1,4245,4484,4246,-1,4246,4484,4485,-1,4246,4485,4247,-1,4247,4485,4486,-1,4247,4486,4248,-1,4248,4486,4487,-1,4248,4487,4249,-1,4249,4487,4488,-1,4249,4488,4250,-1,4250,4488,4489,-1,4250,4489,4251,-1,4251,4489,4490,-1,4251,4490,4252,-1,4252,4490,4491,-1,4252,4491,4253,-1,4253,4491,4492,-1,4253,4492,4254,-1,4254,4492,4493,-1,4254,4493,4255,-1,4255,4493,4494,-1,4255,4494,4256,-1,4256,4494,4495,-1,4256,4495,4257,-1,4257,4495,4496,-1,4257,4496,4258,-1,4258,4496,4497,-1,4258,4497,4259,-1,4259,4497,4498,-1,4259,4498,4260,-1,4260,4498,4499,-1,4260,4499,4261,-1,4261,4499,4500,-1,4261,4500,4262,-1,4262,4500,4501,-1,4262,4501,4263,-1,4263,4501,4502,-1,4263,4502,4264,-1,4264,4502,4503,-1,4264,4503,4265,-1,4265,4503,4504,-1,4265,4504,4266,-1,4266,4504,4505,-1,4266,4505,4267,-1,4267,4505,4506,-1,4267,4506,4268,-1,4268,4506,4507,-1,4268,4507,4269,-1,4269,4507,4508,-1,4269,4508,4270,-1,4270,4508,4509,-1,4270,4509,4271,-1,4271,4509,4510,-1,4271,4510,4272,-1,4272,4510,4511,-1,4272,4511,4273,-1,4273,4511,4512,-1,4273,4512,4274,-1,4274,4512,4513,-1,4274,4513,4275,-1,4275,4513,4514,-1,4275,4514,4276,-1,4276,4514,4515,-1,4276,4515,4277,-1,4277,4515,4516,-1,4277,4516,4278,-1,4278,4516,4517,-1,4278,4517,4279,-1,4279,4517,4518,-1,4279,4518,4280,-1,4280,4518,4519,-1,4280,4519,4281,-1,4281,4519,4520,-1,4281,4520,4282,-1,4282,4520,4521,-1,4282,4521,4283,-1,4283,4521,4522,-1,4283,4522,4284,-1,4284,4522,4523,-1,4284,4523,4285,-1,4285,4523,4524,-1,4285,4524,4286,-1,4286,4524,4525,-1,4286,4525,4287,-1,4287,4525,4526,-1,4287,4526,4288,-1,4288,4526,4527,-1,4288,4527,4289,-1,4289,4527,4528,-1,4289,4528,4290,-1,4290,4528,4529,-1,4290,4529,4291,-1,4291,4529,4530,-1,4291,4530,4292,-1,4292,4530,4531,-1,4292,4531,4293,-1,4293,4531,4532,-1,4293,4532,4294,-1,4294,4532,4533,-1,4294,4533,4295,-1,4295,4533,4534,-1,4295,4534,4296,-1,4296,4534,4535,-1,4296,4535,4297,-1,4297,4535,4536,-1,4297,4536,4298,-1,4298,4536,4537,-1,4298,4537,4299,-1,4299,4537,4538,-1,4299,4538,4300,-1,4300,4538,4539,-1,4300,4539,4301,-1,4301,4539,4540,-1,4301,4540,4302,-1,4302,4540,4541,-1,4302,4541,4303,-1,4303,4541,4542,-1,4303,4542,4304,-1,4304,4542,4543,-1,4304,4543,4305,-1,4305,4543,4544,-1,4305,4544,4306,-1,4306,4544,4545,-1,4306,4545,4307,-1,4307,4545,4546,-1,4307,4546,4308,-1,4308,4546,76,-1,4308,76,78,-1,78,76,75,-1,4309,4547,4310,-1,4310,4547,4548,-1,4310,4548,4311,-1,4311,4548,4549,-1,4311,4549,4312,-1,4312,4549,4550,-1,4312,4550,4313,-1,4313,4550,4551,-1,4313,4551,4314,-1,4314,4551,4552,-1,4314,4552,4315,-1,4315,4552,4553,-1,4315,4553,4316,-1,4316,4553,4554,-1,4316,4554,4317,-1,4317,4554,4555,-1,4317,4555,4318,-1,4318,4555,4556,-1,4318,4556,4319,-1,4319,4556,4557,-1,4319,4557,4320,-1,4320,4557,4558,-1,4320,4558,4321,-1,4321,4558,4559,-1,4321,4559,4322,-1,4322,4559,4560,-1,4322,4560,4323,-1,4323,4560,4561,-1,4323,4561,4324,-1,4324,4561,4562,-1,4324,4562,4325,-1,4325,4562,4563,-1,4325,4563,4326,-1,4326,4563,4564,-1,4326,4564,4327,-1,4327,4564,4565,-1,4327,4565,4328,-1,4328,4565,4566,-1,4328,4566,4329,-1,4329,4566,4567,-1,4329,4567,4330,-1,4330,4567,4568,-1,4330,4568,4331,-1,4331,4568,4569,-1,4331,4569,4332,-1,4332,4569,4570,-1,4332,4570,4333,-1,4333,4570,4571,-1,4333,4571,4334,-1,4334,4571,4572,-1,4334,4572,4335,-1,4335,4572,4573,-1,4335,4573,4336,-1,4336,4573,4574,-1,4336,4574,4337,-1,4337,4574,4575,-1,4337,4575,4338,-1,4338,4575,4576,-1,4338,4576,4339,-1,4339,4576,4577,-1,4339,4577,4340,-1,4340,4577,4578,-1,4340,4578,4341,-1,4341,4578,4579,-1,4341,4579,4342,-1,4342,4579,4580,-1,4342,4580,4343,-1,4343,4580,4581,-1,4343,4581,4344,-1,4344,4581,4582,-1,4344,4582,4345,-1,4345,4582,4583,-1,4345,4583,4346,-1,4346,4583,4584,-1,4346,4584,4347,-1,4347,4584,4585,-1,4347,4585,4348,-1,4348,4585,4586,-1,4348,4586,4349,-1,4349,4586,4587,-1,4349,4587,4350,-1,4350,4587,4588,-1,4350,4588,4351,-1,4351,4588,4589,-1,4351,4589,4352,-1,4352,4589,4590,-1,4352,4590,4353,-1,4353,4590,4591,-1,4353,4591,4354,-1,4354,4591,4592,-1,4354,4592,4355,-1,4355,4592,4593,-1,4355,4593,4356,-1,4356,4593,4594,-1,4356,4594,4357,-1,4357,4594,4595,-1,4357,4595,4358,-1,4358,4595,4596,-1,4358,4596,4359,-1,4359,4596,4597,-1,4359,4597,4360,-1,4360,4597,4598,-1,4360,4598,4361,-1,4361,4598,4599,-1,4361,4599,4362,-1,4362,4599,4600,-1,4362,4600,4363,-1,4363,4600,4601,-1,4363,4601,4364,-1,4364,4601,4602,-1,4364,4602,4365,-1,4365,4602,4603,-1,4365,4603,4366,-1,4366,4603,4604,-1,4366,4604,4367,-1,4367,4604,4605,-1,4367,4605,4368,-1,4368,4605,4606,-1,4368,4606,4369,-1,4369,4606,4607,-1,4369,4607,4370,-1,4370,4607,4608,-1,4370,4608,4371,-1,4371,4608,4609,-1,4371,4609,4372,-1,4372,4609,4610,-1,4372,4610,4373,-1,4373,4610,4611,-1,4373,4611,4374,-1,4374,4611,4612,-1,4374,4612,4375,-1,4375,4612,4613,-1,4375,4613,4376,-1,4376,4613,4614,-1,4376,4614,4377,-1,4377,4614,4615,-1,4377,4615,4378,-1,4378,4615,4616,-1,4378,4616,4379,-1,4379,4616,4617,-1,4379,4617,4380,-1,4380,4617,4618,-1,4380,4618,4381,-1,4381,4618,4619,-1,4381,4619,4382,-1,4382,4619,4620,-1,4382,4620,4383,-1,4383,4620,4621,-1,4383,4621,4384,-1,4384,4621,4622,-1,4384,4622,4385,-1,4385,4622,4623,-1,4385,4623,4386,-1,4386,4623,4624,-1,4386,4624,4387,-1,4387,4624,4625,-1,4387,4625,4388,-1,4388,4625,4626,-1,4388,4626,4389,-1,4389,4626,4627,-1,4389,4627,4390,-1,4390,4627,4628,-1,4390,4628,4391,-1,4391,4628,4629,-1,4391,4629,4392,-1,4392,4629,4630,-1,4392,4630,4393,-1,4393,4630,4631,-1,4393,4631,4394,-1,4394,4631,4632,-1,4394,4632,4395,-1,4395,4632,4633,-1,4395,4633,4396,-1,4396,4633,4634,-1,4396,4634,4397,-1,4397,4634,4635,-1,4397,4635,4398,-1,4398,4635,4636,-1,4398,4636,4399,-1,4399,4636,4637,-1,4399,4637,4400,-1,4400,4637,4638,-1,4400,4638,4401,-1,4401,4638,4639,-1,4401,4639,4402,-1,4402,4639,4640,-1,4402,4640,4403,-1,4403,4640,4641,-1,4403,4641,4404,-1,4404,4641,4642,-1,4404,4642,4405,-1,4405,4642,4643,-1,4405,4643,4406,-1,4406,4643,4644,-1,4406,4644,4407,-1,4407,4644,4645,-1,4407,4645,4408,-1,4408,4645,4646,-1,4408,4646,4409,-1,4409,4646,4647,-1,4409,4647,4410,-1,4410,4647,4648,-1,4410,4648,4411,-1,4411,4648,4649,-1,4411,4649,4412,-1,4412,4649,4650,-1,4412,4650,4413,-1,4413,4650,4651,-1,4413,4651,4414,-1,4414,4651,4652,-1,4414,4652,4415,-1,4415,4652,4653,-1,4415,4653,4416,-1,4416,4653,4654,-1,4416,4654,4417,-1,4417,4654,4655,-1,4417,4655,4418,-1,4418,4655,4656,-1,4418,4656,4419,-1,4419,4656,4657,-1,4419,4657,4420,-1,4420,4657,4658,-1,4420,4658,4421,-1,4421,4658,4659,-1,4421,4659,4422,-1,4422,4659,4660,-1,4422,4660,4423,-1,4423,4660,4661,-1,4423,4661,4424,-1,4424,4661,4662,-1,4424,4662,4425,-1,4425,4662,4663,-1,4425,4663,4426,-1,4426,4663,4664,-1,4426,4664,4427,-1,4427,4664,4665,-1,4427,4665,4428,-1,4428,4665,4666,-1,4428,4666,4429,-1,4429,4666,4667,-1,4429,4667,4430,-1,4430,4667,4668,-1,4430,4668,4431,-1,4431,4668,4669,-1,4431,4669,4432,-1,4432,4669,4670,-1,4432,4670,4433,-1,4433,4670,4671,-1,4433,4671,4434,-1,4434,4671,4672,-1,4434,4672,4435,-1,4435,4672,4673,-1,4435,4673,4436,-1,4436,4673,4674,-1,4436,4674,4437,-1,4437,4674,4675,-1,4437,4675,4438,-1,4438,4675,4676,-1,4438,4676,4439,-1,4439,4676,4677,-1,4439,4677,4440,-1,4440,4677,4678,-1,4440,4678,4441,-1,4441,4678,4679,-1,4441,4679,4442,-1,4442,4679,4680,-1,4442,4680,4443,-1,4443,4680,4681,-1,4443,4681,4444,-1,4444,4681,4682,-1,4444,4682,4445,-1,4445,4682,4683,-1,4445,4683,4446,-1,4446,4683,4684,-1,4446,4684,4447,-1,4447,4684,4685,-1,4447,4685,4448,-1,4448,4685,4686,-1,4448,4686,4449,-1,4449,4686,4687,-1,4449,4687,4450,-1,4450,4687,4688,-1,4450,4688,4451,-1,4451,4688,4689,-1,4451,4689,4452,-1,4452,4689,4690,-1,4452,4690,4453,-1,4453,4690,4691,-1,4453,4691,4454,-1,4454,4691,4692,-1,4454,4692,4455,-1,4455,4692,4693,-1,4455,4693,4456,-1,4456,4693,4694,-1,4456,4694,4457,-1,4457,4694,4695,-1,4457,4695,4458,-1,4458,4695,4696,-1,4458,4696,4459,-1,4459,4696,4697,-1,4459,4697,4460,-1,4460,4697,4698,-1,4460,4698,4461,-1,4461,4698,4699,-1,4461,4699,4462,-1,4462,4699,4700,-1,4462,4700,4463,-1,4463,4700,4701,-1,4463,4701,4464,-1,4464,4701,4702,-1,4464,4702,4465,-1,4465,4702,4703,-1,4465,4703,4466,-1,4466,4703,4704,-1,4466,4704,4467,-1,4467,4704,4705,-1,4467,4705,4468,-1,4468,4705,4706,-1,4468,4706,4469,-1,4469,4706,4707,-1,4469,4707,4470,-1,4470,4707,4708,-1,4470,4708,4471,-1,4471,4708,4709,-1,4471,4709,4472,-1,4472,4709,4710,-1,4472,4710,4473,-1,4473,4710,4711,-1,4473,4711,4474,-1,4474,4711,4712,-1,4474,4712,4475,-1,4475,4712,4713,-1,4475,4713,4476,-1,4476,4713,4714,-1,4476,4714,4477,-1,4477,4714,4715,-1,4477,4715,4478,-1,4478,4715,4716,-1,4478,4716,4479,-1,4479,4716,4717,-1,4479,4717,4480,-1,4480,4717,4718,-1,4480,4718,4481,-1,4481,4718,4719,-1,4481,4719,4482,-1,4482,4719,4720,-1,4482,4720,4483,-1,4483,4720,4721,-1,4483,4721,4484,-1,4484,4721,4722,-1,4484,4722,4485,-1,4485,4722,4723,-1,4485,4723,4486,-1,4486,4723,4724,-1,4486,4724,4487,-1,4487,4724,4725,-1,4487,4725,4488,-1,4488,4725,4726,-1,4488,4726,4489,-1,4489,4726,4727,-1,4489,4727,4490,-1,4490,4727,4728,-1,4490,4728,4491,-1,4491,4728,4729,-1,4491,4729,4492,-1,4492,4729,4730,-1,4492,4730,4493,-1,4493,4730,4731,-1,4493,4731,4494,-1,4494,4731,4732,-1,4494,4732,4495,-1,4495,4732,4733,-1,4495,4733,4496,-1,4496,4733,4734,-1,4496,4734,4497,-1,4497,4734,4735,-1,4497,4735,4498,-1,4498,4735,4736,-1,4498,4736,4499,-1,4499,4736,4737,-1,4499,4737,4500,-1,4500,4737,4738,-1,4500,4738,4501,-1,4501,4738,4739,-1,4501,4739,4502,-1,4502,4739,4740,-1,4502,4740,4503,-1,4503,4740,4741,-1,4503,4741,4504,-1,4504,4741,4742,-1,4504,4742,4505,-1,4505,4742,4743,-1,4505,4743,4506,-1,4506,4743,4744,-1,4506,4744,4507,-1,4507,4744,4745,-1,4507,4745,4508,-1,4508,4745,4746,-1,4508,4746,4509,-1,4509,4746,4747,-1,4509,4747,4510,-1,4510,4747,4748,-1,4510,4748,4511,-1,4511,4748,4749,-1,4511,4749,4512,-1,4512,4749,4750,-1,4512,4750,4513,-1,4513,4750,4751,-1,4513,4751,4514,-1,4514,4751,4752,-1,4514,4752,4515,-1,4515,4752,4753,-1,4515,4753,4516,-1,4516,4753,4754,-1,4516,4754,4517,-1,4517,4754,4755,-1,4517,4755,4518,-1,4518,4755,4756,-1,4518,4756,4519,-1,4519,4756,4757,-1,4519,4757,4520,-1,4520,4757,4758,-1,4520,4758,4521,-1,4521,4758,4759,-1,4521,4759,4522,-1,4522,4759,4760,-1,4522,4760,4523,-1,4523,4760,4761,-1,4523,4761,4524,-1,4524,4761,4762,-1,4524,4762,4525,-1,4525,4762,4763,-1,4525,4763,4526,-1,4526,4763,4764,-1,4526,4764,4527,-1,4527,4764,4765,-1,4527,4765,4528,-1,4528,4765,4766,-1,4528,4766,4529,-1,4529,4766,4767,-1,4529,4767,4530,-1,4530,4767,4768,-1,4530,4768,4531,-1,4531,4768,4769,-1,4531,4769,4532,-1,4532,4769,4770,-1,4532,4770,4533,-1,4533,4770,4771,-1,4533,4771,4534,-1,4534,4771,4772,-1,4534,4772,4535,-1,4535,4772,4773,-1,4535,4773,4536,-1,4536,4773,4774,-1,4536,4774,4537,-1,4537,4774,4775,-1,4537,4775,4538,-1,4538,4775,4776,-1,4538,4776,4539,-1,4539,4776,4777,-1,4539,4777,4540,-1,4540,4777,4778,-1,4540,4778,4541,-1,4541,4778,4779,-1,4541,4779,4542,-1,4542,4779,4780,-1,4542,4780,4543,-1,4543,4780,4781,-1,4543,4781,4544,-1,4544,4781,4782,-1,4544,4782,4545,-1,4545,4782,4783,-1,4545,4783,4546,-1,4546,4783,74,-1,4546,74,76,-1,76,74,73,-1,4547,4784,4548,-1,4548,4784,4785,-1,4548,4785,4549,-1,4549,4785,4786,-1,4549,4786,4550,-1,4550,4786,4787,-1,4550,4787,4551,-1,4551,4787,4788,-1,4551,4788,4552,-1,4552,4788,4789,-1,4552,4789,4553,-1,4553,4789,4790,-1,4553,4790,4554,-1,4554,4790,4791,-1,4554,4791,4555,-1,4555,4791,4792,-1,4555,4792,4556,-1,4556,4792,4793,-1,4556,4793,4557,-1,4557,4793,4794,-1,4557,4794,4558,-1,4558,4794,4795,-1,4558,4795,4559,-1,4559,4795,4796,-1,4559,4796,4560,-1,4560,4796,4797,-1,4560,4797,4561,-1,4561,4797,4798,-1,4561,4798,4562,-1,4562,4798,4799,-1,4562,4799,4563,-1,4563,4799,4800,-1,4563,4800,4564,-1,4564,4800,4801,-1,4564,4801,4565,-1,4565,4801,4802,-1,4565,4802,4566,-1,4566,4802,4803,-1,4566,4803,4567,-1,4567,4803,4804,-1,4567,4804,4568,-1,4568,4804,4805,-1,4568,4805,4569,-1,4569,4805,4806,-1,4569,4806,4570,-1,4570,4806,4807,-1,4570,4807,4571,-1,4571,4807,4808,-1,4571,4808,4572,-1,4572,4808,4809,-1,4572,4809,4573,-1,4573,4809,4810,-1,4573,4810,4574,-1,4574,4810,4811,-1,4574,4811,4575,-1,4575,4811,4812,-1,4575,4812,4576,-1,4576,4812,4813,-1,4576,4813,4577,-1,4577,4813,4814,-1,4577,4814,4578,-1,4578,4814,4815,-1,4578,4815,4579,-1,4579,4815,4816,-1,4579,4816,4580,-1,4580,4816,4817,-1,4580,4817,4581,-1,4581,4817,4818,-1,4581,4818,4582,-1,4582,4818,4819,-1,4582,4819,4583,-1,4583,4819,4820,-1,4583,4820,4584,-1,4584,4820,4821,-1,4584,4821,4585,-1,4585,4821,4822,-1,4585,4822,4586,-1,4586,4822,4823,-1,4586,4823,4587,-1,4587,4823,4824,-1,4587,4824,4588,-1,4588,4824,4825,-1,4588,4825,4589,-1,4589,4825,4826,-1,4589,4826,4590,-1,4590,4826,4827,-1,4590,4827,4591,-1,4591,4827,4828,-1,4591,4828,4592,-1,4592,4828,4829,-1,4592,4829,4593,-1,4593,4829,4830,-1,4593,4830,4594,-1,4594,4830,4831,-1,4594,4831,4595,-1,4595,4831,4832,-1,4595,4832,4596,-1,4596,4832,4833,-1,4596,4833,4597,-1,4597,4833,4834,-1,4597,4834,4598,-1,4598,4834,4835,-1,4598,4835,4599,-1,4599,4835,4836,-1,4599,4836,4600,-1,4600,4836,4837,-1,4600,4837,4601,-1,4601,4837,4838,-1,4601,4838,4602,-1,4602,4838,4839,-1,4602,4839,4603,-1,4603,4839,4840,-1,4603,4840,4604,-1,4604,4840,4841,-1,4604,4841,4605,-1,4605,4841,4842,-1,4605,4842,4606,-1,4606,4842,4843,-1,4606,4843,4607,-1,4607,4843,4844,-1,4607,4844,4608,-1,4608,4844,4845,-1,4608,4845,4609,-1,4609,4845,4846,-1,4609,4846,4610,-1,4610,4846,4847,-1,4610,4847,4611,-1,4611,4847,4848,-1,4611,4848,4612,-1,4612,4848,4849,-1,4612,4849,4613,-1,4613,4849,4850,-1,4613,4850,4614,-1,4614,4850,4851,-1,4614,4851,4615,-1,4615,4851,4852,-1,4615,4852,4616,-1,4616,4852,4853,-1,4616,4853,4617,-1,4617,4853,4854,-1,4617,4854,4618,-1,4618,4854,4855,-1,4618,4855,4619,-1,4619,4855,4856,-1,4619,4856,4620,-1,4620,4856,4857,-1,4620,4857,4621,-1,4621,4857,4858,-1,4621,4858,4622,-1,4622,4858,4859,-1,4622,4859,4623,-1,4623,4859,4860,-1,4623,4860,4624,-1,4624,4860,4861,-1,4624,4861,4625,-1,4625,4861,4862,-1,4625,4862,4626,-1,4626,4862,4863,-1,4626,4863,4627,-1,4627,4863,4864,-1,4627,4864,4628,-1,4628,4864,4865,-1,4628,4865,4629,-1,4629,4865,4866,-1,4629,4866,4630,-1,4630,4866,4867,-1,4630,4867,4631,-1,4631,4867,4868,-1,4631,4868,4632,-1,4632,4868,4869,-1,4632,4869,4633,-1,4633,4869,4870,-1,4633,4870,4634,-1,4634,4870,4871,-1,4634,4871,4635,-1,4635,4871,4872,-1,4635,4872,4636,-1,4636,4872,4873,-1,4636,4873,4637,-1,4637,4873,4874,-1,4637,4874,4638,-1,4638,4874,4875,-1,4638,4875,4639,-1,4639,4875,4876,-1,4639,4876,4640,-1,4640,4876,4877,-1,4640,4877,4641,-1,4641,4877,4878,-1,4641,4878,4642,-1,4642,4878,4879,-1,4642,4879,4643,-1,4643,4879,4880,-1,4643,4880,4644,-1,4644,4880,4881,-1,4644,4881,4645,-1,4645,4881,4882,-1,4645,4882,4646,-1,4646,4882,4883,-1,4646,4883,4647,-1,4647,4883,4884,-1,4647,4884,4648,-1,4648,4884,4885,-1,4648,4885,4649,-1,4649,4885,4886,-1,4649,4886,4650,-1,4650,4886,4887,-1,4650,4887,4651,-1,4651,4887,4888,-1,4651,4888,4652,-1,4652,4888,4889,-1,4652,4889,4653,-1,4653,4889,4890,-1,4653,4890,4654,-1,4654,4890,4891,-1,4654,4891,4655,-1,4655,4891,4892,-1,4655,4892,4656,-1,4656,4892,4893,-1,4656,4893,4657,-1,4657,4893,4894,-1,4657,4894,4658,-1,4658,4894,4895,-1,4658,4895,4659,-1,4659,4895,4896,-1,4659,4896,4660,-1,4660,4896,4897,-1,4660,4897,4661,-1,4661,4897,4898,-1,4661,4898,4662,-1,4662,4898,4899,-1,4662,4899,4663,-1,4663,4899,4900,-1,4663,4900,4664,-1,4664,4900,4901,-1,4664,4901,4665,-1,4665,4901,4902,-1,4665,4902,4666,-1,4666,4902,4903,-1,4666,4903,4667,-1,4667,4903,4904,-1,4667,4904,4668,-1,4668,4904,4905,-1,4668,4905,4669,-1,4669,4905,4906,-1,4669,4906,4670,-1,4670,4906,4907,-1,4670,4907,4671,-1,4671,4907,4908,-1,4671,4908,4672,-1,4672,4908,4909,-1,4672,4909,4673,-1,4673,4909,4910,-1,4673,4910,4674,-1,4674,4910,4911,-1,4674,4911,4675,-1,4675,4911,4912,-1,4675,4912,4676,-1,4676,4912,4913,-1,4676,4913,4677,-1,4677,4913,4914,-1,4677,4914,4678,-1,4678,4914,4915,-1,4678,4915,4679,-1,4679,4915,4916,-1,4679,4916,4680,-1,4680,4916,4917,-1,4680,4917,4681,-1,4681,4917,4918,-1,4681,4918,4682,-1,4682,4918,4919,-1,4682,4919,4683,-1,4683,4919,4920,-1,4683,4920,4684,-1,4684,4920,4921,-1,4684,4921,4685,-1,4685,4921,4922,-1,4685,4922,4686,-1,4686,4922,4923,-1,4686,4923,4687,-1,4687,4923,4924,-1,4687,4924,4688,-1,4688,4924,4925,-1,4688,4925,4689,-1,4689,4925,4926,-1,4689,4926,4690,-1,4690,4926,4927,-1,4690,4927,4691,-1,4691,4927,4928,-1,4691,4928,4692,-1,4692,4928,4929,-1,4692,4929,4693,-1,4693,4929,4930,-1,4693,4930,4694,-1,4694,4930,4931,-1,4694,4931,4695,-1,4695,4931,4932,-1,4695,4932,4696,-1,4696,4932,4933,-1,4696,4933,4697,-1,4697,4933,4934,-1,4697,4934,4698,-1,4698,4934,4935,-1,4698,4935,4699,-1,4699,4935,4936,-1,4699,4936,4700,-1,4700,4936,4937,-1,4700,4937,4701,-1,4701,4937,4938,-1,4701,4938,4702,-1,4702,4938,4939,-1,4702,4939,4703,-1,4703,4939,4940,-1,4703,4940,4704,-1,4704,4940,4941,-1,4704,4941,4705,-1,4705,4941,4942,-1,4705,4942,4706,-1,4706,4942,4943,-1,4706,4943,4707,-1,4707,4943,4944,-1,4707,4944,4708,-1,4708,4944,4945,-1,4708,4945,4709,-1,4709,4945,4946,-1,4709,4946,4710,-1,4710,4946,4947,-1,4710,4947,4711,-1,4711,4947,4948,-1,4711,4948,4712,-1,4712,4948,4949,-1,4712,4949,4713,-1,4713,4949,4950,-1,4713,4950,4714,-1,4714,4950,4951,-1,4714,4951,4715,-1,4715,4951,4952,-1,4715,4952,4716,-1,4716,4952,4953,-1,4716,4953,4717,-1,4717,4953,4954,-1,4717,4954,4718,-1,4718,4954,4955,-1,4718,4955,4719,-1,4719,4955,4956,-1,4719,4956,4720,-1,4720,4956,4957,-1,4720,4957,4721,-1,4721,4957,4958,-1,4721,4958,4722,-1,4722,4958,4959,-1,4722,4959,4723,-1,4723,4959,4960,-1,4723,4960,4724,-1,4724,4960,4961,-1,4724,4961,4725,-1,4725,4961,4962,-1,4725,4962,4726,-1,4726,4962,4963,-1,4726,4963,4727,-1,4727,4963,4964,-1,4727,4964,4728,-1,4728,4964,4965,-1,4728,4965,4729,-1,4729,4965,4966,-1,4729,4966,4730,-1,4730,4966,4967,-1,4730,4967,4731,-1,4731,4967,4968,-1,4731,4968,4732,-1,4732,4968,4969,-1,4732,4969,4733,-1,4733,4969,4970,-1,4733,4970,4734,-1,4734,4970,4971,-1,4734,4971,4735,-1,4735,4971,4972,-1,4735,4972,4736,-1,4736,4972,4973,-1,4736,4973,4737,-1,4737,4973,4974,-1,4737,4974,4738,-1,4738,4974,4975,-1,4738,4975,4739,-1,4739,4975,4976,-1,4739,4976,4740,-1,4740,4976,4977,-1,4740,4977,4741,-1,4741,4977,4978,-1,4741,4978,4742,-1,4742,4978,4979,-1,4742,4979,4743,-1,4743,4979,4980,-1,4743,4980,4744,-1,4744,4980,4981,-1,4744,4981,4745,-1,4745,4981,4982,-1,4745,4982,4746,-1,4746,4982,4983,-1,4746,4983,4747,-1,4747,4983,4984,-1,4747,4984,4748,-1,4748,4984,4985,-1,4748,4985,4749,-1,4749,4985,4986,-1,4749,4986,4750,-1,4750,4986,4987,-1,4750,4987,4751,-1,4751,4987,4988,-1,4751,4988,4752,-1,4752,4988,4989,-1,4752,4989,4753,-1,4753,4989,4990,-1,4753,4990,4754,-1,4754,4990,4991,-1,4754,4991,4755,-1,4755,4991,4992,-1,4755,4992,4756,-1,4756,4992,4993,-1,4756,4993,4757,-1,4757,4993,4994,-1,4757,4994,4758,-1,4758,4994,4995,-1,4758,4995,4759,-1,4759,4995,4996,-1,4759,4996,4760,-1,4760,4996,4997,-1,4760,4997,4761,-1,4761,4997,4998,-1,4761,4998,4762,-1,4762,4998,4999,-1,4762,4999,4763,-1,4763,4999,5000,-1,4763,5000,4764,-1,4764,5000,5001,-1,4764,5001,4765,-1,4765,5001,5002,-1,4765,5002,4766,-1,4766,5002,5003,-1,4766,5003,4767,-1,4767,5003,5004,-1,4767,5004,4768,-1,4768,5004,5005,-1,4768,5005,4769,-1,4769,5005,5006,-1,4769,5006,4770,-1,4770,5006,5007,-1,4770,5007,4771,-1,4771,5007,5008,-1,4771,5008,4772,-1,4772,5008,5009,-1,4772,5009,4773,-1,4773,5009,5010,-1,4773,5010,4774,-1,4774,5010,5011,-1,4774,5011,4775,-1,4775,5011,5012,-1,4775,5012,4776,-1,4776,5012,5013,-1,4776,5013,4777,-1,4777,5013,5014,-1,4777,5014,4778,-1,4778,5014,5015,-1,4778,5015,4779,-1,4779,5015,5016,-1,4779,5016,4780,-1,4780,5016,5017,-1,4780,5017,4781,-1,4781,5017,5018,-1,4781,5018,4782,-1,4782,5018,5019,-1,4782,5019,4783,-1,4783,5019,72,-1,4783,72,74,-1,74,72,71,-1,4784,5020,4785,-1,4785,5020,5021,-1,4785,5021,4786,-1,4786,5021,5022,-1,4786,5022,4787,-1,4787,5022,5023,-1,4787,5023,4788,-1,4788,5023,5024,-1,4788,5024,4789,-1,4789,5024,5025,-1,4789,5025,4790,-1,4790,5025,5026,-1,4790,5026,4791,-1,4791,5026,5027,-1,4791,5027,4792,-1,4792,5027,5028,-1,4792,5028,4793,-1,4793,5028,5029,-1,4793,5029,4794,-1,4794,5029,5030,-1,4794,5030,4795,-1,4795,5030,5031,-1,4795,5031,4796,-1,4796,5031,5032,-1,4796,5032,4797,-1,4797,5032,5033,-1,4797,5033,4798,-1,4798,5033,5034,-1,4798,5034,4799,-1,4799,5034,5035,-1,4799,5035,4800,-1,4800,5035,5036,-1,4800,5036,4801,-1,4801,5036,5037,-1,4801,5037,4802,-1,4802,5037,5038,-1,4802,5038,4803,-1,4803,5038,5039,-1,4803,5039,4804,-1,4804,5039,5040,-1,4804,5040,4805,-1,4805,5040,5041,-1,4805,5041,4806,-1,4806,5041,5042,-1,4806,5042,4807,-1,4807,5042,5043,-1,4807,5043,4808,-1,4808,5043,5044,-1,4808,5044,4809,-1,4809,5044,5045,-1,4809,5045,4810,-1,4810,5045,5046,-1,4810,5046,4811,-1,4811,5046,5047,-1,4811,5047,4812,-1,4812,5047,5048,-1,4812,5048,4813,-1,4813,5048,5049,-1,4813,5049,4814,-1,4814,5049,5050,-1,4814,5050,4815,-1,4815,5050,5051,-1,4815,5051,4816,-1,4816,5051,5052,-1,4816,5052,4817,-1,4817,5052,5053,-1,4817,5053,4818,-1,4818,5053,5054,-1,4818,5054,4819,-1,4819,5054,5055,-1,4819,5055,4820,-1,4820,5055,5056,-1,4820,5056,4821,-1,4821,5056,5057,-1,4821,5057,4822,-1,4822,5057,5058,-1,4822,5058,4823,-1,4823,5058,5059,-1,4823,5059,4824,-1,4824,5059,5060,-1,4824,5060,4825,-1,4825,5060,5061,-1,4825,5061,4826,-1,4826,5061,5062,-1,4826,5062,4827,-1,4827,5062,5063,-1,4827,5063,4828,-1,4828,5063,5064,-1,4828,5064,4829,-1,4829,5064,5065,-1,4829,5065,4830,-1,4830,5065,5066,-1,4830,5066,4831,-1,4831,5066,5067,-1,4831,5067,4832,-1,4832,5067,5068,-1,4832,5068,4833,-1,4833,5068,5069,-1,4833,5069,4834,-1,4834,5069,5070,-1,4834,5070,4835,-1,4835,5070,5071,-1,4835,5071,4836,-1,4836,5071,5072,-1,4836,5072,4837,-1,4837,5072,5073,-1,4837,5073,4838,-1,4838,5073,5074,-1,4838,5074,4839,-1,4839,5074,5075,-1,4839,5075,4840,-1,4840,5075,5076,-1,4840,5076,4841,-1,4841,5076,5077,-1,4841,5077,4842,-1,4842,5077,5078,-1,4842,5078,4843,-1,4843,5078,5079,-1,4843,5079,4844,-1,4844,5079,5080,-1,4844,5080,4845,-1,4845,5080,5081,-1,4845,5081,4846,-1,4846,5081,5082,-1,4846,5082,4847,-1,4847,5082,5083,-1,4847,5083,4848,-1,4848,5083,5084,-1,4848,5084,4849,-1,4849,5084,5085,-1,4849,5085,4850,-1,4850,5085,5086,-1,4850,5086,4851,-1,4851,5086,5087,-1,4851,5087,4852,-1,4852,5087,5088,-1,4852,5088,4853,-1,4853,5088,5089,-1,4853,5089,4854,-1,4854,5089,5090,-1,4854,5090,4855,-1,4855,5090,5091,-1,4855,5091,4856,-1,4856,5091,5092,-1,4856,5092,4857,-1,4857,5092,5093,-1,4857,5093,4858,-1,4858,5093,5094,-1,4858,5094,4859,-1,4859,5094,5095,-1,4859,5095,4860,-1,4860,5095,5096,-1,4860,5096,4861,-1,4861,5096,5097,-1,4861,5097,4862,-1,4862,5097,5098,-1,4862,5098,4863,-1,4863,5098,5099,-1,4863,5099,4864,-1,4864,5099,5100,-1,4864,5100,4865,-1,4865,5100,5101,-1,4865,5101,4866,-1,4866,5101,5102,-1,4866,5102,4867,-1,4867,5102,5103,-1,4867,5103,4868,-1,4868,5103,5104,-1,4868,5104,4869,-1,4869,5104,5105,-1,4869,5105,4870,-1,4870,5105,5106,-1,4870,5106,4871,-1,4871,5106,5107,-1,4871,5107,4872,-1,4872,5107,5108,-1,4872,5108,4873,-1,4873,5108,5109,-1,4873,5109,4874,-1,4874,5109,5110,-1,4874,5110,4875,-1,4875,5110,5111,-1,4875,5111,4876,-1,4876,5111,5112,-1,4876,5112,4877,-1,4877,5112,5113,-1,4877,5113,4878,-1,4878,5113,5114,-1,4878,5114,4879,-1,4879,5114,5115,-1,4879,5115,4880,-1,4880,5115,5116,-1,4880,5116,4881,-1,4881,5116,5117,-1,4881,5117,4882,-1,4882,5117,5118,-1,4882,5118,4883,-1,4883,5118,5119,-1,4883,5119,4884,-1,4884,5119,5120,-1,4884,5120,4885,-1,4885,5120,5121,-1,4885,5121,4886,-1,4886,5121,5122,-1,4886,5122,4887,-1,4887,5122,5123,-1,4887,5123,4888,-1,4888,5123,5124,-1,4888,5124,4889,-1,4889,5124,5125,-1,4889,5125,4890,-1,4890,5125,5126,-1,4890,5126,4891,-1,4891,5126,5127,-1,4891,5127,4892,-1,4892,5127,5128,-1,4892,5128,4893,-1,4893,5128,5129,-1,4893,5129,4894,-1,4894,5129,5130,-1,4894,5130,4895,-1,4895,5130,5131,-1,4895,5131,4896,-1,4896,5131,5132,-1,4896,5132,4897,-1,4897,5132,5133,-1,4897,5133,4898,-1,4898,5133,5134,-1,4898,5134,4899,-1,4899,5134,5135,-1,4899,5135,4900,-1,4900,5135,5136,-1,4900,5136,4901,-1,4901,5136,5137,-1,4901,5137,4902,-1,4902,5137,5138,-1,4902,5138,4903,-1,4903,5138,5139,-1,4903,5139,4904,-1,4904,5139,5140,-1,4904,5140,4905,-1,4905,5140,5141,-1,4905,5141,4906,-1,4906,5141,5142,-1,4906,5142,4907,-1,4907,5142,5143,-1,4907,5143,4908,-1,4908,5143,5144,-1,4908,5144,4909,-1,4909,5144,5145,-1,4909,5145,4910,-1,4910,5145,5146,-1,4910,5146,4911,-1,4911,5146,5147,-1,4911,5147,4912,-1,4912,5147,5148,-1,4912,5148,4913,-1,4913,5148,5149,-1,4913,5149,4914,-1,4914,5149,5150,-1,4914,5150,4915,-1,4915,5150,5151,-1,4915,5151,4916,-1,4916,5151,5152,-1,4916,5152,4917,-1,4917,5152,5153,-1,4917,5153,4918,-1,4918,5153,5154,-1,4918,5154,4919,-1,4919,5154,5155,-1,4919,5155,4920,-1,4920,5155,5156,-1,4920,5156,4921,-1,4921,5156,5157,-1,4921,5157,4922,-1,4922,5157,5158,-1,4922,5158,4923,-1,4923,5158,5159,-1,4923,5159,4924,-1,4924,5159,5160,-1,4924,5160,4925,-1,4925,5160,5161,-1,4925,5161,4926,-1,4926,5161,5162,-1,4926,5162,4927,-1,4927,5162,5163,-1,4927,5163,4928,-1,4928,5163,5164,-1,4928,5164,4929,-1,4929,5164,5165,-1,4929,5165,4930,-1,4930,5165,5166,-1,4930,5166,4931,-1,4931,5166,5167,-1,4931,5167,4932,-1,4932,5167,5168,-1,4932,5168,4933,-1,4933,5168,5169,-1,4933,5169,4934,-1,4934,5169,5170,-1,4934,5170,4935,-1,4935,5170,5171,-1,4935,5171,4936,-1,4936,5171,5172,-1,4936,5172,4937,-1,4937,5172,5173,-1,4937,5173,4938,-1,4938,5173,5174,-1,4938,5174,4939,-1,4939,5174,5175,-1,4939,5175,4940,-1,4940,5175,5176,-1,4940,5176,4941,-1,4941,5176,5177,-1,4941,5177,4942,-1,4942,5177,5178,-1,4942,5178,4943,-1,4943,5178,5179,-1,4943,5179,4944,-1,4944,5179,5180,-1,4944,5180,4945,-1,4945,5180,5181,-1,4945,5181,4946,-1,4946,5181,5182,-1,4946,5182,4947,-1,4947,5182,5183,-1,4947,5183,4948,-1,4948,5183,5184,-1,4948,5184,4949,-1,4949,5184,5185,-1,4949,5185,4950,-1,4950,5185,5186,-1,4950,5186,4951,-1,4951,5186,5187,-1,4951,5187,4952,-1,4952,5187,5188,-1,4952,5188,4953,-1,4953,5188,5189,-1,4953,5189,4954,-1,4954,5189,5190,-1,4954,5190,4955,-1,4955,5190,5191,-1,4955,5191,4956,-1,4956,5191,5192,-1,4956,5192,4957,-1,4957,5192,5193,-1,4957,5193,4958,-1,4958,5193,5194,-1,4958,5194,4959,-1,4959,5194,5195,-1,4959,5195,4960,-1,4960,5195,5196,-1,4960,5196,4961,-1,4961,5196,5197,-1,4961,5197,4962,-1,4962,5197,5198,-1,4962,5198,4963,-1,4963,5198,5199,-1,4963,5199,4964,-1,4964,5199,5200,-1,4964,5200,4965,-1,4965,5200,5201,-1,4965,5201,4966,-1,4966,5201,5202,-1,4966,5202,4967,-1,4967,5202,5203,-1,4967,5203,4968,-1,4968,5203,5204,-1,4968,5204,4969,-1,4969,5204,5205,-1,4969,5205,4970,-1,4970,5205,5206,-1,4970,5206,4971,-1,4971,5206,5207,-1,4971,5207,4972,-1,4972,5207,5208,-1,4972,5208,4973,-1,4973,5208,5209,-1,4973,5209,4974,-1,4974,5209,5210,-1,4974,5210,4975,-1,4975,5210,5211,-1,4975,5211,4976,-1,4976,5211,5212,-1,4976,5212,4977,-1,4977,5212,5213,-1,4977,5213,4978,-1,4978,5213,5214,-1,4978,5214,4979,-1,4979,5214,5215,-1,4979,5215,4980,-1,4980,5215,5216,-1,4980,5216,4981,-1,4981,5216,5217,-1,4981,5217,4982,-1,4982,5217,5218,-1,4982,5218,4983,-1,4983,5218,5219,-1,4983,5219,4984,-1,4984,5219,5220,-1,4984,5220,4985,-1,4985,5220,5221,-1,4985,5221,4986,-1,4986,5221,5222,-1,4986,5222,4987,-1,4987,5222,5223,-1,4987,5223,4988,-1,4988,5223,5224,-1,4988,5224,4989,-1,4989,5224,5225,-1,4989,5225,4990,-1,4990,5225,5226,-1,4990,5226,4991,-1,4991,5226,5227,-1,4991,5227,4992,-1,4992,5227,5228,-1,4992,5228,4993,-1,4993,5228,5229,-1,4993,5229,4994,-1,4994,5229,5230,-1,4994,5230,4995,-1,4995,5230,5231,-1,4995,5231,4996,-1,4996,5231,5232,-1,4996,5232,4997,-1,4997,5232,5233,-1,4997,5233,4998,-1,4998,5233,5234,-1,4998,5234,4999,-1,4999,5234,5235,-1,4999,5235,5000,-1,5000,5235,5236,-1,5000,5236,5001,-1,5001,5236,5237,-1,5001,5237,5002,-1,5002,5237,5238,-1,5002,5238,5003,-1,5003,5238,5239,-1,5003,5239,5004,-1,5004,5239,5240,-1,5004,5240,5005,-1,5005,5240,5241,-1,5005,5241,5006,-1,5006,5241,5242,-1,5006,5242,5007,-1,5007,5242,5243,-1,5007,5243,5008,-1,5008,5243,5244,-1,5008,5244,5009,-1,5009,5244,5245,-1,5009,5245,5010,-1,5010,5245,5246,-1,5010,5246,5011,-1,5011,5246,5247,-1,5011,5247,5012,-1,5012,5247,5248,-1,5012,5248,5013,-1,5013,5248,5249,-1,5013,5249,5014,-1,5014,5249,5250,-1,5014,5250,5015,-1,5015,5250,5251,-1,5015,5251,5016,-1,5016,5251,5252,-1,5016,5252,5017,-1,5017,5252,5253,-1,5017,5253,5018,-1,5018,5253,5254,-1,5018,5254,5019,-1,5019,5254,70,-1,5019,70,72,-1,72,70,69,-1,5020,5255,5021,-1,5021,5255,5256,-1,5021,5256,5022,-1,5022,5256,5257,-1,5022,5257,5023,-1,5023,5257,5258,-1,5023,5258,5024,-1,5024,5258,5259,-1,5024,5259,5025,-1,5025,5259,5260,-1,5025,5260,5026,-1,5026,5260,5261,-1,5026,5261,5027,-1,5027,5261,5262,-1,5027,5262,5028,-1,5028,5262,5263,-1,5028,5263,5029,-1,5029,5263,5264,-1,5029,5264,5030,-1,5030,5264,5265,-1,5030,5265,5031,-1,5031,5265,5266,-1,5031,5266,5032,-1,5032,5266,5267,-1,5032,5267,5033,-1,5033,5267,5268,-1,5033,5268,5034,-1,5034,5268,5269,-1,5034,5269,5035,-1,5035,5269,5270,-1,5035,5270,5036,-1,5036,5270,5271,-1,5036,5271,5037,-1,5037,5271,5272,-1,5037,5272,5038,-1,5038,5272,5273,-1,5038,5273,5039,-1,5039,5273,5274,-1,5039,5274,5040,-1,5040,5274,5275,-1,5040,5275,5041,-1,5041,5275,5276,-1,5041,5276,5042,-1,5042,5276,5277,-1,5042,5277,5043,-1,5043,5277,5278,-1,5043,5278,5044,-1,5044,5278,5279,-1,5044,5279,5045,-1,5045,5279,5280,-1,5045,5280,5046,-1,5046,5280,5281,-1,5046,5281,5047,-1,5047,5281,5282,-1,5047,5282,5048,-1,5048,5282,5283,-1,5048,5283,5049,-1,5049,5283,5284,-1,5049,5284,5050,-1,5050,5284,5285,-1,5050,5285,5051,-1,5051,5285,5286,-1,5051,5286,5052,-1,5052,5286,5287,-1,5052,5287,5053,-1,5053,5287,5288,-1,5053,5288,5054,-1,5054,5288,5289,-1,5054,5289,5055,-1,5055,5289,5290,-1,5055,5290,5056,-1,5056,5290,5291,-1,5056,5291,5057,-1,5057,5291,5292,-1,5057,5292,5058,-1,5058,5292,5293,-1,5058,5293,5059,-1,5059,5293,5294,-1,5059,5294,5060,-1,5060,5294,5295,-1,5060,5295,5061,-1,5061,5295,5296,-1,5061,5296,5062,-1,5062,5296,5297,-1,5062,5297,5063,-1,5063,5297,5298,-1,5063,5298,5064,-1,5064,5298,5299,-1,5064,5299,5065,-1,5065,5299,5300,-1,5065,5300,5066,-1,5066,5300,5301,-1,5066,5301,5067,-1,5067,5301,5302,-1,5067,5302,5068,-1,5068,5302,5303,-1,5068,5303,5069,-1,5069,5303,5304,-1,5069,5304,5070,-1,5070,5304,5305,-1,5070,5305,5071,-1,5071,5305,5306,-1,5071,5306,5072,-1,5072,5306,5307,-1,5072,5307,5073,-1,5073,5307,5308,-1,5073,5308,5074,-1,5074,5308,5309,-1,5074,5309,5075,-1,5075,5309,5310,-1,5075,5310,5076,-1,5076,5310,5311,-1,5076,5311,5077,-1,5077,5311,5312,-1,5077,5312,5078,-1,5078,5312,5313,-1,5078,5313,5079,-1,5079,5313,5314,-1,5079,5314,5080,-1,5080,5314,5315,-1,5080,5315,5081,-1,5081,5315,5316,-1,5081,5316,5082,-1,5082,5316,5317,-1,5082,5317,5083,-1,5083,5317,5318,-1,5083,5318,5084,-1,5084,5318,5319,-1,5084,5319,5085,-1,5085,5319,5320,-1,5085,5320,5086,-1,5086,5320,5321,-1,5086,5321,5087,-1,5087,5321,5322,-1,5087,5322,5088,-1,5088,5322,5323,-1,5088,5323,5089,-1,5089,5323,5324,-1,5089,5324,5090,-1,5090,5324,5325,-1,5090,5325,5091,-1,5091,5325,5326,-1,5091,5326,5092,-1,5092,5326,5327,-1,5092,5327,5093,-1,5093,5327,5328,-1,5093,5328,5094,-1,5094,5328,5329,-1,5094,5329,5095,-1,5095,5329,5330,-1,5095,5330,5096,-1,5096,5330,5331,-1,5096,5331,5097,-1,5097,5331,5332,-1,5097,5332,5098,-1,5098,5332,5333,-1,5098,5333,5099,-1,5099,5333,5334,-1,5099,5334,5100,-1,5100,5334,5335,-1,5100,5335,5101,-1,5101,5335,5336,-1,5101,5336,5102,-1,5102,5336,5337,-1,5102,5337,5103,-1,5103,5337,5338,-1,5103,5338,5104,-1,5104,5338,5339,-1,5104,5339,5105,-1,5105,5339,5340,-1,5105,5340,5106,-1,5106,5340,5341,-1,5106,5341,5107,-1,5107,5341,5342,-1,5107,5342,5108,-1,5108,5342,5343,-1,5108,5343,5109,-1,5109,5343,5344,-1,5109,5344,5110,-1,5110,5344,5345,-1,5110,5345,5111,-1,5111,5345,5346,-1,5111,5346,5112,-1,5112,5346,5347,-1,5112,5347,5113,-1,5113,5347,5348,-1,5113,5348,5114,-1,5114,5348,5349,-1,5114,5349,5115,-1,5115,5349,5350,-1,5115,5350,5116,-1,5116,5350,5351,-1,5116,5351,5117,-1,5117,5351,5352,-1,5117,5352,5118,-1,5118,5352,5353,-1,5118,5353,5119,-1,5119,5353,5354,-1,5119,5354,5120,-1,5120,5354,5355,-1,5120,5355,5121,-1,5121,5355,5356,-1,5121,5356,5122,-1,5122,5356,5357,-1,5122,5357,5123,-1,5123,5357,5358,-1,5123,5358,5124,-1,5124,5358,5359,-1,5124,5359,5125,-1,5125,5359,5360,-1,5125,5360,5126,-1,5126,5360,5361,-1,5126,5361,5127,-1,5127,5361,5362,-1,5127,5362,5128,-1,5128,5362,5363,-1,5128,5363,5129,-1,5129,5363,5364,-1,5129,5364,5130,-1,5130,5364,5365,-1,5130,5365,5131,-1,5131,5365,5366,-1,5131,5366,5132,-1,5132,5366,5367,-1,5132,5367,5133,-1,5133,5367,5368,-1,5133,5368,5134,-1,5134,5368,5369,-1,5134,5369,5135,-1,5135,5369,5370,-1,5135,5370,5136,-1,5136,5370,5371,-1,5136,5371,5137,-1,5137,5371,5372,-1,5137,5372,5138,-1,5138,5372,5373,-1,5138,5373,5139,-1,5139,5373,5374,-1,5139,5374,5140,-1,5140,5374,5375,-1,5140,5375,5141,-1,5141,5375,5376,-1,5141,5376,5142,-1,5142,5376,5377,-1,5142,5377,5143,-1,5143,5377,5378,-1,5143,5378,5144,-1,5144,5378,5379,-1,5144,5379,5145,-1,5145,5379,5380,-1,5145,5380,5146,-1,5146,5380,5381,-1,5146,5381,5147,-1,5147,5381,5382,-1,5147,5382,5148,-1,5148,5382,5383,-1,5148,5383,5149,-1,5149,5383,5384,-1,5149,5384,5150,-1,5150,5384,5385,-1,5150,5385,5151,-1,5151,5385,5386,-1,5151,5386,5152,-1,5152,5386,5387,-1,5152,5387,5153,-1,5153,5387,5388,-1,5153,5388,5154,-1,5154,5388,5389,-1,5154,5389,5155,-1,5155,5389,5390,-1,5155,5390,5156,-1,5156,5390,5391,-1,5156,5391,5157,-1,5157,5391,5392,-1,5157,5392,5158,-1,5158,5392,5393,-1,5158,5393,5159,-1,5159,5393,5394,-1,5159,5394,5160,-1,5160,5394,5395,-1,5160,5395,5161,-1,5161,5395,5396,-1,5161,5396,5162,-1,5162,5396,5397,-1,5162,5397,5163,-1,5163,5397,5398,-1,5163,5398,5164,-1,5164,5398,5399,-1,5164,5399,5165,-1,5165,5399,5400,-1,5165,5400,5166,-1,5166,5400,5401,-1,5166,5401,5167,-1,5167,5401,5402,-1,5167,5402,5168,-1,5168,5402,5403,-1,5168,5403,5169,-1,5169,5403,5404,-1,5169,5404,5170,-1,5170,5404,5405,-1,5170,5405,5171,-1,5171,5405,5406,-1,5171,5406,5172,-1,5172,5406,5407,-1,5172,5407,5173,-1,5173,5407,5408,-1,5173,5408,5174,-1,5174,5408,5409,-1,5174,5409,5175,-1,5175,5409,5410,-1,5175,5410,5176,-1,5176,5410,5411,-1,5176,5411,5177,-1,5177,5411,5412,-1,5177,5412,5178,-1,5178,5412,5413,-1,5178,5413,5179,-1,5179,5413,5414,-1,5179,5414,5180,-1,5180,5414,5415,-1,5180,5415,5181,-1,5181,5415,5416,-1,5181,5416,5182,-1,5182,5416,5417,-1,5182,5417,5183,-1,5183,5417,5418,-1,5183,5418,5184,-1,5184,5418,5419,-1,5184,5419,5185,-1,5185,5419,5420,-1,5185,5420,5186,-1,5186,5420,5421,-1,5186,5421,5187,-1,5187,5421,5422,-1,5187,5422,5188,-1,5188,5422,5423,-1,5188,5423,5189,-1,5189,5423,5424,-1,5189,5424,5190,-1,5190,5424,5425,-1,5190,5425,5191,-1,5191,5425,5426,-1,5191,5426,5192,-1,5192,5426,5427,-1,5192,5427,5193,-1,5193,5427,5428,-1,5193,5428,5194,-1,5194,5428,5429,-1,5194,5429,5195,-1,5195,5429,5430,-1,5195,5430,5196,-1,5196,5430,5431,-1,5196,5431,5197,-1,5197,5431,5432,-1,5197,5432,5198,-1,5198,5432,5433,-1,5198,5433,5199,-1,5199,5433,5434,-1,5199,5434,5200,-1,5200,5434,5435,-1,5200,5435,5201,-1,5201,5435,5436,-1,5201,5436,5202,-1,5202,5436,5437,-1,5202,5437,5203,-1,5203,5437,5438,-1,5203,5438,5204,-1,5204,5438,5439,-1,5204,5439,5205,-1,5205,5439,5440,-1,5205,5440,5206,-1,5206,5440,5441,-1,5206,5441,5207,-1,5207,5441,5442,-1,5207,5442,5208,-1,5208,5442,5443,-1,5208,5443,5209,-1,5209,5443,5444,-1,5209,5444,5210,-1,5210,5444,5445,-1,5210,5445,5211,-1,5211,5445,5446,-1,5211,5446,5212,-1,5212,5446,5447,-1,5212,5447,5213,-1,5213,5447,5448,-1,5213,5448,5214,-1,5214,5448,5449,-1,5214,5449,5215,-1,5215,5449,5450,-1,5215,5450,5216,-1,5216,5450,5451,-1,5216,5451,5217,-1,5217,5451,5452,-1,5217,5452,5218,-1,5218,5452,5453,-1,5218,5453,5219,-1,5219,5453,5454,-1,5219,5454,5220,-1,5220,5454,5455,-1,5220,5455,5221,-1,5221,5455,5456,-1,5221,5456,5222,-1,5222,5456,5457,-1,5222,5457,5223,-1,5223,5457,5458,-1,5223,5458,5224,-1,5224,5458,5459,-1,5224,5459,5225,-1,5225,5459,5460,-1,5225,5460,5226,-1,5226,5460,5461,-1,5226,5461,5227,-1,5227,5461,5462,-1,5227,5462,5228,-1,5228,5462,5463,-1,5228,5463,5229,-1,5229,5463,5464,-1,5229,5464,5230,-1,5230,5464,5465,-1,5230,5465,5231,-1,5231,5465,5466,-1,5231,5466,5232,-1,5232,5466,5467,-1,5232,5467,5233,-1,5233,5467,5468,-1,5233,5468,5234,-1,5234,5468,5469,-1,5234,5469,5235,-1,5235,5469,5470,-1,5235,5470,5236,-1,5236,5470,5471,-1,5236,5471,5237,-1,5237,5471,5472,-1,5237,5472,5238,-1,5238,5472,5473,-1,5238,5473,5239,-1,5239,5473,5474,-1,5239,5474,5240,-1,5240,5474,5475,-1,5240,5475,5241,-1,5241,5475,5476,-1,5241,5476,5242,-1,5242,5476,5477,-1,5242,5477,5243,-1,5243,5477,5478,-1,5243,5478,5244,-1,5244,5478,5479,-1,5244,5479,5245,-1,5245,5479,5480,-1,5245,5480,5246,-1,5246,5480,5481,-1,5246,5481,5247,-1,5247,5481,5482,-1,5247,5482,5248,-1,5248,5482,5483,-1,5248,5483,5249,-1,5249,5483,5484,-1,5249,5484,5250,-1,5250,5484,5485,-1,5250,5485,5251,-1,5251,5485,5486,-1,5251,5486,5252,-1,5252,5486,5487,-1,5252,5487,5253,-1,5253,5487,5488,-1,5253,5488,5254,-1,5254,5488,68,-1,5254,68,70,-1,70,68,67,-1,5255,5489,5256,-1,5256,5489,5490,-1,5256,5490,5257,-1,5257,5490,5491,-1,5257,5491,5258,-1,5258,5491,5492,-1,5258,5492,5259,-1,5259,5492,5493,-1,5259,5493,5260,-1,5260,5493,5494,-1,5260,5494,5261,-1,5261,5494,5495,-1,5261,5495,5262,-1,5262,5495,5496,-1,5262,5496,5263,-1,5263,5496,5497,-1,5263,5497,5264,-1,5264,5497,5498,-1,5264,5498,5265,-1,5265,5498,5499,-1,5265,5499,5266,-1,5266,5499,5500,-1,5266,5500,5267,-1,5267,5500,5501,-1,5267,5501,5268,-1,5268,5501,5502,-1,5268,5502,5269,-1,5269,5502,5503,-1,5269,5503,5270,-1,5270,5503,5504,-1,5270,5504,5271,-1,5271,5504,5505,-1,5271,5505,5272,-1,5272,5505,5506,-1,5272,5506,5273,-1,5273,5506,5507,-1,5273,5507,5274,-1,5274,5507,5508,-1,5274,5508,5275,-1,5275,5508,5509,-1,5275,5509,5276,-1,5276,5509,5510,-1,5276,5510,5277,-1,5277,5510,5511,-1,5277,5511,5278,-1,5278,5511,5512,-1,5278,5512,5279,-1,5279,5512,5513,-1,5279,5513,5280,-1,5280,5513,5514,-1,5280,5514,5281,-1,5281,5514,5515,-1,5281,5515,5282,-1,5282,5515,5516,-1,5282,5516,5283,-1,5283,5516,5517,-1,5283,5517,5284,-1,5284,5517,5518,-1,5284,5518,5285,-1,5285,5518,5519,-1,5285,5519,5286,-1,5286,5519,5520,-1,5286,5520,5287,-1,5287,5520,5521,-1,5287,5521,5288,-1,5288,5521,5522,-1,5288,5522,5289,-1,5289,5522,5523,-1,5289,5523,5290,-1,5290,5523,5524,-1,5290,5524,5291,-1,5291,5524,5525,-1,5291,5525,5292,-1,5292,5525,5526,-1,5292,5526,5293,-1,5293,5526,5527,-1,5293,5527,5294,-1,5294,5527,5528,-1,5294,5528,5295,-1,5295,5528,5529,-1,5295,5529,5296,-1,5296,5529,5530,-1,5296,5530,5297,-1,5297,5530,5531,-1,5297,5531,5298,-1,5298,5531,5532,-1,5298,5532,5299,-1,5299,5532,5533,-1,5299,5533,5300,-1,5300,5533,5534,-1,5300,5534,5301,-1,5301,5534,5535,-1,5301,5535,5302,-1,5302,5535,5536,-1,5302,5536,5303,-1,5303,5536,5537,-1,5303,5537,5304,-1,5304,5537,5538,-1,5304,5538,5305,-1,5305,5538,5539,-1,5305,5539,5306,-1,5306,5539,5540,-1,5306,5540,5307,-1,5307,5540,5541,-1,5307,5541,5308,-1,5308,5541,5542,-1,5308,5542,5309,-1,5309,5542,5543,-1,5309,5543,5310,-1,5310,5543,5544,-1,5310,5544,5311,-1,5311,5544,5545,-1,5311,5545,5312,-1,5312,5545,5546,-1,5312,5546,5313,-1,5313,5546,5547,-1,5313,5547,5314,-1,5314,5547,5548,-1,5314,5548,5315,-1,5315,5548,5549,-1,5315,5549,5316,-1,5316,5549,5550,-1,5316,5550,5317,-1,5317,5550,5551,-1,5317,5551,5318,-1,5318,5551,5552,-1,5318,5552,5319,-1,5319,5552,5553,-1,5319,5553,5320,-1,5320,5553,5554,-1,5320,5554,5321,-1,5321,5554,5555,-1,5321,5555,5322,-1,5322,5555,5556,-1,5322,5556,5323,-1,5323,5556,5557,-1,5323,5557,5324,-1,5324,5557,5558,-1,5324,5558,5325,-1,5325,5558,5559,-1,5325,5559,5326,-1,5326,5559,5560,-1,5326,5560,5327,-1,5327,5560,5561,-1,5327,5561,5328,-1,5328,5561,5562,-1,5328,5562,5329,-1,5329,5562,5563,-1,5329,5563,5330,-1,5330,5563,5564,-1,5330,5564,5331,-1,5331,5564,5565,-1,5331,5565,5332,-1,5332,5565,5566,-1,5332,5566,5333,-1,5333,5566,5567,-1,5333,5567,5334,-1,5334,5567,5568,-1,5334,5568,5335,-1,5335,5568,5569,-1,5335,5569,5336,-1,5336,5569,5570,-1,5336,5570,5337,-1,5337,5570,5571,-1,5337,5571,5338,-1,5338,5571,5572,-1,5338,5572,5339,-1,5339,5572,5573,-1,5339,5573,5340,-1,5340,5573,5574,-1,5340,5574,5341,-1,5341,5574,5575,-1,5341,5575,5342,-1,5342,5575,5576,-1,5342,5576,5343,-1,5343,5576,5577,-1,5343,5577,5344,-1,5344,5577,5578,-1,5344,5578,5345,-1,5345,5578,5579,-1,5345,5579,5346,-1,5346,5579,5580,-1,5346,5580,5347,-1,5347,5580,5581,-1,5347,5581,5348,-1,5348,5581,5582,-1,5348,5582,5349,-1,5349,5582,5583,-1,5349,5583,5350,-1,5350,5583,5584,-1,5350,5584,5351,-1,5351,5584,5585,-1,5351,5585,5352,-1,5352,5585,5586,-1,5352,5586,5353,-1,5353,5586,5587,-1,5353,5587,5354,-1,5354,5587,5588,-1,5354,5588,5355,-1,5355,5588,5589,-1,5355,5589,5356,-1,5356,5589,5590,-1,5356,5590,5357,-1,5357,5590,5591,-1,5357,5591,5358,-1,5358,5591,5592,-1,5358,5592,5359,-1,5359,5592,5593,-1,5359,5593,5360,-1,5360,5593,5594,-1,5360,5594,5361,-1,5361,5594,5595,-1,5361,5595,5362,-1,5362,5595,5596,-1,5362,5596,5363,-1,5363,5596,5597,-1,5363,5597,5364,-1,5364,5597,5598,-1,5364,5598,5365,-1,5365,5598,5599,-1,5365,5599,5366,-1,5366,5599,5600,-1,5366,5600,5367,-1,5367,5600,5601,-1,5367,5601,5368,-1,5368,5601,5602,-1,5368,5602,5369,-1,5369,5602,5603,-1,5369,5603,5370,-1,5370,5603,5604,-1,5370,5604,5371,-1,5371,5604,5605,-1,5371,5605,5372,-1,5372,5605,5606,-1,5372,5606,5373,-1,5373,5606,5607,-1,5373,5607,5374,-1,5374,5607,5608,-1,5374,5608,5375,-1,5375,5608,5609,-1,5375,5609,5376,-1,5376,5609,5610,-1,5376,5610,5377,-1,5377,5610,5611,-1,5377,5611,5378,-1,5378,5611,5612,-1,5378,5612,5379,-1,5379,5612,5613,-1,5379,5613,5380,-1,5380,5613,5614,-1,5380,5614,5381,-1,5381,5614,5615,-1,5381,5615,5382,-1,5382,5615,5616,-1,5382,5616,5383,-1,5383,5616,5617,-1,5383,5617,5384,-1,5384,5617,5618,-1,5384,5618,5385,-1,5385,5618,5619,-1,5385,5619,5386,-1,5386,5619,5620,-1,5386,5620,5387,-1,5387,5620,5621,-1,5387,5621,5388,-1,5388,5621,5622,-1,5388,5622,5389,-1,5389,5622,5623,-1,5389,5623,5390,-1,5390,5623,5624,-1,5390,5624,5391,-1,5391,5624,5625,-1,5391,5625,5392,-1,5392,5625,5626,-1,5392,5626,5393,-1,5393,5626,5627,-1,5393,5627,5394,-1,5394,5627,5628,-1,5394,5628,5395,-1,5395,5628,5629,-1,5395,5629,5396,-1,5396,5629,5630,-1,5396,5630,5397,-1,5397,5630,5631,-1,5397,5631,5398,-1,5398,5631,5632,-1,5398,5632,5399,-1,5399,5632,5633,-1,5399,5633,5400,-1,5400,5633,5634,-1,5400,5634,5401,-1,5401,5634,5635,-1,5401,5635,5402,-1,5402,5635,5636,-1,5402,5636,5403,-1,5403,5636,5637,-1,5403,5637,5404,-1,5404,5637,5638,-1,5404,5638,5405,-1,5405,5638,5639,-1,5405,5639,5406,-1,5406,5639,5640,-1,5406,5640,5407,-1,5407,5640,5641,-1,5407,5641,5408,-1,5408,5641,5642,-1,5408,5642,5409,-1,5409,5642,5643,-1,5409,5643,5410,-1,5410,5643,5644,-1,5410,5644,5411,-1,5411,5644,5645,-1,5411,5645,5412,-1,5412,5645,5646,-1,5412,5646,5413,-1,5413,5646,5647,-1,5413,5647,5414,-1,5414,5647,5648,-1,5414,5648,5415,-1,5415,5648,5649,-1,5415,5649,5416,-1,5416,5649,5650,-1,5416,5650,5417,-1,5417,5650,5651,-1,5417,5651,5418,-1,5418,5651,5652,-1,5418,5652,5419,-1,5419,5652,5653,-1,5419,5653,5420,-1,5420,5653,5654,-1,5420,5654,5421,-1,5421,5654,5655,-1,5421,5655,5422,-1,5422,5655,5656,-1,5422,5656,5423,-1,5423,5656,5657,-1,5423,5657,5424,-1,5424,5657,5658,-1,5424,5658,5425,-1,5425,5658,5659,-1,5425,5659,5426,-1,5426,5659,5660,-1,5426,5660,5427,-1,5427,5660,5661,-1,5427,5661,5428,-1,5428,5661,5662,-1,5428,5662,5429,-1,5429,5662,5663,-1,5429,5663,5430,-1,5430,5663,5664,-1,5430,5664,5431,-1,5431,5664,5665,-1,5431,5665,5432,-1,5432,5665,5666,-1,5432,5666,5433,-1,5433,5666,5667,-1,5433,5667,5434,-1,5434,5667,5668,-1,5434,5668,5435,-1,5435,5668,5669,-1,5435,5669,5436,-1,5436,5669,5670,-1,5436,5670,5437,-1,5437,5670,5671,-1,5437,5671,5438,-1,5438,5671,5672,-1,5438,5672,5439,-1,5439,5672,5673,-1,5439,5673,5440,-1,5440,5673,5674,-1,5440,5674,5441,-1,5441,5674,5675,-1,5441,5675,5442,-1,5442,5675,5676,-1,5442,5676,5443,-1,5443,5676,5677,-1,5443,5677,5444,-1,5444,5677,5678,-1,5444,5678,5445,-1,5445,5678,5679,-1,5445,5679,5446,-1,5446,5679,5680,-1,5446,5680,5447,-1,5447,5680,5681,-1,5447,5681,5448,-1,5448,5681,5682,-1,5448,5682,5449,-1,5449,5682,5683,-1,5449,5683,5450,-1,5450,5683,5684,-1,5450,5684,5451,-1,5451,5684,5685,-1,5451,5685,5452,-1,5452,5685,5686,-1,5452,5686,5453,-1,5453,5686,5687,-1,5453,5687,5454,-1,5454,5687,5688,-1,5454,5688,5455,-1,5455,5688,5689,-1,5455,5689,5456,-1,5456,5689,5690,-1,5456,5690,5457,-1,5457,5690,5691,-1,5457,5691,5458,-1,5458,5691,5692,-1,5458,5692,5459,-1,5459,5692,5693,-1,5459,5693,5460,-1,5460,5693,5694,-1,5460,5694,5461,-1,5461,5694,5695,-1,5461,5695,5462,-1,5462,5695,5696,-1,5462,5696,5463,-1,5463,5696,5697,-1,5463,5697,5464,-1,5464,5697,5698,-1,5464,5698,5465,-1,5465,5698,5699,-1,5465,5699,5466,-1,5466,5699,5700,-1,5466,5700,5467,-1,5467,5700,5701,-1,5467,5701,5468,-1,5468,5701,5702,-1,5468,5702,5469,-1,5469,5702,5703,-1,5469,5703,5470,-1,5470,5703,5704,-1,5470,5704,5471,-1,5471,5704,5705,-1,5471,5705,5472,-1,5472,5705,5706,-1,5472,5706,5473,-1,5473,5706,5707,-1,5473,5707,5474,-1,5474,5707,5708,-1,5474,5708,5475,-1,5475,5708,5709,-1,5475,5709,5476,-1,5476,5709,5710,-1,5476,5710,5477,-1,5477,5710,5711,-1,5477,5711,5478,-1,5478,5711,5712,-1,5478,5712,5479,-1,5479,5712,5713,-1,5479,5713,5480,-1,5480,5713,5714,-1,5480,5714,5481,-1,5481,5714,5715,-1,5481,5715,5482,-1,5482,5715,5716,-1,5482,5716,5483,-1,5483,5716,5717,-1,5483,5717,5484,-1,5484,5717,5718,-1,5484,5718,5485,-1,5485,5718,5719,-1,5485,5719,5486,-1,5486,5719,5720,-1,5486,5720,5487,-1,5487,5720,5721,-1,5487,5721,5488,-1,5488,5721,66,-1,5488,66,68,-1,68,66,65,-1,5489,5722,5490,-1,5490,5722,5723,-1,5490,5723,5491,-1,5491,5723,5724,-1,5491,5724,5492,-1,5492,5724,5725,-1,5492,5725,5493,-1,5493,5725,5726,-1,5493,5726,5494,-1,5494,5726,5727,-1,5494,5727,5495,-1,5495,5727,5728,-1,5495,5728,5496,-1,5496,5728,5729,-1,5496,5729,5497,-1,5497,5729,5730,-1,5497,5730,5498,-1,5498,5730,5731,-1,5498,5731,5499,-1,5499,5731,5732,-1,5499,5732,5500,-1,5500,5732,5733,-1,5500,5733,5501,-1,5501,5733,5734,-1,5501,5734,5502,-1,5502,5734,5735,-1,5502,5735,5503,-1,5503,5735,5736,-1,5503,5736,5504,-1,5504,5736,5737,-1,5504,5737,5505,-1,5505,5737,5738,-1,5505,5738,5506,-1,5506,5738,5739,-1,5506,5739,5507,-1,5507,5739,5740,-1,5507,5740,5508,-1,5508,5740,5741,-1,5508,5741,5509,-1,5509,5741,5742,-1,5509,5742,5510,-1,5510,5742,5743,-1,5510,5743,5511,-1,5511,5743,5744,-1,5511,5744,5512,-1,5512,5744,5745,-1,5512,5745,5513,-1,5513,5745,5746,-1,5513,5746,5514,-1,5514,5746,5747,-1,5514,5747,5515,-1,5515,5747,5748,-1,5515,5748,5516,-1,5516,5748,5749,-1,5516,5749,5517,-1,5517,5749,5750,-1,5517,5750,5518,-1,5518,5750,5751,-1,5518,5751,5519,-1,5519,5751,5752,-1,5519,5752,5520,-1,5520,5752,5753,-1,5520,5753,5521,-1,5521,5753,5754,-1,5521,5754,5522,-1,5522,5754,5755,-1,5522,5755,5523,-1,5523,5755,5756,-1,5523,5756,5524,-1,5524,5756,5757,-1,5524,5757,5525,-1,5525,5757,5758,-1,5525,5758,5526,-1,5526,5758,5759,-1,5526,5759,5527,-1,5527,5759,5760,-1,5527,5760,5528,-1,5528,5760,5761,-1,5528,5761,5529,-1,5529,5761,5762,-1,5529,5762,5530,-1,5530,5762,5763,-1,5530,5763,5531,-1,5531,5763,5764,-1,5531,5764,5532,-1,5532,5764,5765,-1,5532,5765,5533,-1,5533,5765,5766,-1,5533,5766,5534,-1,5534,5766,5767,-1,5534,5767,5535,-1,5535,5767,5768,-1,5535,5768,5536,-1,5536,5768,5769,-1,5536,5769,5537,-1,5537,5769,5770,-1,5537,5770,5538,-1,5538,5770,5771,-1,5538,5771,5539,-1,5539,5771,5772,-1,5539,5772,5540,-1,5540,5772,5773,-1,5540,5773,5541,-1,5541,5773,5774,-1,5541,5774,5542,-1,5542,5774,5775,-1,5542,5775,5543,-1,5543,5775,5776,-1,5543,5776,5544,-1,5544,5776,5777,-1,5544,5777,5545,-1,5545,5777,5778,-1,5545,5778,5546,-1,5546,5778,5779,-1,5546,5779,5547,-1,5547,5779,5780,-1,5547,5780,5548,-1,5548,5780,5781,-1,5548,5781,5549,-1,5549,5781,5782,-1,5549,5782,5550,-1,5550,5782,5783,-1,5550,5783,5551,-1,5551,5783,5784,-1,5551,5784,5552,-1,5552,5784,5785,-1,5552,5785,5553,-1,5553,5785,5786,-1,5553,5786,5554,-1,5554,5786,5787,-1,5554,5787,5555,-1,5555,5787,5788,-1,5555,5788,5556,-1,5556,5788,5789,-1,5556,5789,5557,-1,5557,5789,5790,-1,5557,5790,5558,-1,5558,5790,5791,-1,5558,5791,5559,-1,5559,5791,5792,-1,5559,5792,5560,-1,5560,5792,5793,-1,5560,5793,5561,-1,5561,5793,5794,-1,5561,5794,5562,-1,5562,5794,5795,-1,5562,5795,5563,-1,5563,5795,5796,-1,5563,5796,5564,-1,5564,5796,5797,-1,5564,5797,5565,-1,5565,5797,5798,-1,5565,5798,5566,-1,5566,5798,5799,-1,5566,5799,5567,-1,5567,5799,5800,-1,5567,5800,5568,-1,5568,5800,5801,-1,5568,5801,5569,-1,5569,5801,5802,-1,5569,5802,5570,-1,5570,5802,5803,-1,5570,5803,5571,-1,5571,5803,5804,-1,5571,5804,5572,-1,5572,5804,5805,-1,5572,5805,5573,-1,5573,5805,5806,-1,5573,5806,5574,-1,5574,5806,5807,-1,5574,5807,5575,-1,5575,5807,5808,-1,5575,5808,5576,-1,5576,5808,5809,-1,5576,5809,5577,-1,5577,5809,5810,-1,5577,5810,5578,-1,5578,5810,5811,-1,5578,5811,5579,-1,5579,5811,5812,-1,5579,5812,5580,-1,5580,5812,5813,-1,5580,5813,5581,-1,5581,5813,5814,-1,5581,5814,5582,-1,5582,5814,5815,-1,5582,5815,5583,-1,5583,5815,5816,-1,5583,5816,5584,-1,5584,5816,5817,-1,5584,5817,5585,-1,5585,5817,5818,-1,5585,5818,5586,-1,5586,5818,5819,-1,5586,5819,5587,-1,5587,5819,5820,-1,5587,5820,5588,-1,5588,5820,5821,-1,5588,5821,5589,-1,5589,5821,5822,-1,5589,5822,5590,-1,5590,5822,5823,-1,5590,5823,5591,-1,5591,5823,5824,-1,5591,5824,5592,-1,5592,5824,5825,-1,5592,5825,5593,-1,5593,5825,5826,-1,5593,5826,5594,-1,5594,5826,5827,-1,5594,5827,5595,-1,5595,5827,5828,-1,5595,5828,5596,-1,5596,5828,5829,-1,5596,5829,5597,-1,5597,5829,5830,-1,5597,5830,5598,-1,5598,5830,5831,-1,5598,5831,5599,-1,5599,5831,5832,-1,5599,5832,5600,-1,5600,5832,5833,-1,5600,5833,5601,-1,5601,5833,5834,-1,5601,5834,5602,-1,5602,5834,5835,-1,5602,5835,5603,-1,5603,5835,5836,-1,5603,5836,5604,-1,5604,5836,5837,-1,5604,5837,5605,-1,5605,5837,5838,-1,5605,5838,5606,-1,5606,5838,5839,-1,5606,5839,5607,-1,5607,5839,5840,-1,5607,5840,5608,-1,5608,5840,5841,-1,5608,5841,5609,-1,5609,5841,5842,-1,5609,5842,5610,-1,5610,5842,5843,-1,5610,5843,5611,-1,5611,5843,5844,-1,5611,5844,5612,-1,5612,5844,5845,-1,5612,5845,5613,-1,5613,5845,5846,-1,5613,5846,5614,-1,5614,5846,5847,-1,5614,5847,5615,-1,5615,5847,5848,-1,5615,5848,5616,-1,5616,5848,5849,-1,5616,5849,5617,-1,5617,5849,5850,-1,5617,5850,5618,-1,5618,5850,5851,-1,5618,5851,5619,-1,5619,5851,5852,-1,5619,5852,5620,-1,5620,5852,5853,-1,5620,5853,5621,-1,5621,5853,5854,-1,5621,5854,5622,-1,5622,5854,5855,-1,5622,5855,5623,-1,5623,5855,5856,-1,5623,5856,5624,-1,5624,5856,5857,-1,5624,5857,5625,-1,5625,5857,5858,-1,5625,5858,5626,-1,5626,5858,5859,-1,5626,5859,5627,-1,5627,5859,5860,-1,5627,5860,5628,-1,5628,5860,5861,-1,5628,5861,5629,-1,5629,5861,5862,-1,5629,5862,5630,-1,5630,5862,5863,-1,5630,5863,5631,-1,5631,5863,5864,-1,5631,5864,5632,-1,5632,5864,5865,-1,5632,5865,5633,-1,5633,5865,5866,-1,5633,5866,5634,-1,5634,5866,5867,-1,5634,5867,5635,-1,5635,5867,5868,-1,5635,5868,5636,-1,5636,5868,5869,-1,5636,5869,5637,-1,5637,5869,5870,-1,5637,5870,5638,-1,5638,5870,5871,-1,5638,5871,5639,-1,5639,5871,5872,-1,5639,5872,5640,-1,5640,5872,5873,-1,5640,5873,5641,-1,5641,5873,5874,-1,5641,5874,5642,-1,5642,5874,5875,-1,5642,5875,5643,-1,5643,5875,5876,-1,5643,5876,5644,-1,5644,5876,5877,-1,5644,5877,5645,-1,5645,5877,5878,-1,5645,5878,5646,-1,5646,5878,5879,-1,5646,5879,5647,-1,5647,5879,5880,-1,5647,5880,5648,-1,5648,5880,5881,-1,5648,5881,5649,-1,5649,5881,5882,-1,5649,5882,5650,-1,5650,5882,5883,-1,5650,5883,5651,-1,5651,5883,5884,-1,5651,5884,5652,-1,5652,5884,5885,-1,5652,5885,5653,-1,5653,5885,5886,-1,5653,5886,5654,-1,5654,5886,5887,-1,5654,5887,5655,-1,5655,5887,5888,-1,5655,5888,5656,-1,5656,5888,5889,-1,5656,5889,5657,-1,5657,5889,5890,-1,5657,5890,5658,-1,5658,5890,5891,-1,5658,5891,5659,-1,5659,5891,5892,-1,5659,5892,5660,-1,5660,5892,5893,-1,5660,5893,5661,-1,5661,5893,5894,-1,5661,5894,5662,-1,5662,5894,5895,-1,5662,5895,5663,-1,5663,5895,5896,-1,5663,5896,5664,-1,5664,5896,5897,-1,5664,5897,5665,-1,5665,5897,5898,-1,5665,5898,5666,-1,5666,5898,5899,-1,5666,5899,5667,-1,5667,5899,5900,-1,5667,5900,5668,-1,5668,5900,5901,-1,5668,5901,5669,-1,5669,5901,5902,-1,5669,5902,5670,-1,5670,5902,5903,-1,5670,5903,5671,-1,5671,5903,5904,-1,5671,5904,5672,-1,5672,5904,5905,-1,5672,5905,5673,-1,5673,5905,5906,-1,5673,5906,5674,-1,5674,5906,5907,-1,5674,5907,5675,-1,5675,5907,5908,-1,5675,5908,5676,-1,5676,5908,5909,-1,5676,5909,5677,-1,5677,5909,5910,-1,5677,5910,5678,-1,5678,5910,5911,-1,5678,5911,5679,-1,5679,5911,5912,-1,5679,5912,5680,-1,5680,5912,5913,-1,5680,5913,5681,-1,5681,5913,5914,-1,5681,5914,5682,-1,5682,5914,5915,-1,5682,5915,5683,-1,5683,5915,5916,-1,5683,5916,5684,-1,5684,5916,5917,-1,5684,5917,5685,-1,5685,5917,5918,-1,5685,5918,5686,-1,5686,5918,5919,-1,5686,5919,5687,-1,5687,5919,5920,-1,5687,5920,5688,-1,5688,5920,5921,-1,5688,5921,5689,-1,5689,5921,5922,-1,5689,5922,5690,-1,5690,5922,5923,-1,5690,5923,5691,-1,5691,5923,5924,-1,5691,5924,5692,-1,5692,5924,5925,-1,5692,5925,5693,-1,5693,5925,5926,-1,5693,5926,5694,-1,5694,5926,5927,-1,5694,5927,5695,-1,5695,5927,5928,-1,5695,5928,5696,-1,5696,5928,5929,-1,5696,5929,5697,-1,5697,5929,5930,-1,5697,5930,5698,-1,5698,5930,5931,-1,5698,5931,5699,-1,5699,5931,5932,-1,5699,5932,5700,-1,5700,5932,5933,-1,5700,5933,5701,-1,5701,5933,5934,-1,5701,5934,5702,-1,5702,5934,5935,-1,5702,5935,5703,-1,5703,5935,5936,-1,5703,5936,5704,-1,5704,5936,5937,-1,5704,5937,5705,-1,5705,5937,5938,-1,5705,5938,5706,-1,5706,5938,5939,-1,5706,5939,5707,-1,5707,5939,5940,-1,5707,5940,5708,-1,5708,5940,5941,-1,5708,5941,5709,-1,5709,5941,5942,-1,5709,5942,5710,-1,5710,5942,5943,-1,5710,5943,5711,-1,5711,5943,5944,-1,5711,5944,5712,-1,5712,5944,5945,-1,5712,5945,5713,-1,5713,5945,5946,-1,5713,5946,5714,-1,5714,5946,5947,-1,5714,5947,5715,-1,5715,5947,5948,-1,5715,5948,5716,-1,5716,5948,5949,-1,5716,5949,5717,-1,5717,5949,5950,-1,5717,5950,5718,-1,5718,5950,5951,-1,5718,5951,5719,-1,5719,5951,5952,-1,5719,5952,5720,-1,5720,5952,5953,-1,5720,5953,5721,-1,5721,5953,64,-1,5721,64,66,-1,66,64,63,-1,5722,5954,5723,-1,5723,5954,5955,-1,5723,5955,5724,-1,5724,5955,5956,-1,5724,5956,5725,-1,5725,5956,5957,-1,5725,5957,5726,-1,5726,5957,5958,-1,5726,5958,5727,-1,5727,5958,5959,-1,5727,5959,5728,-1,5728,5959,5960,-1,5728,5960,5729,-1,5729,5960,5961,-1,5729,5961,5730,-1,5730,5961,5962,-1,5730,5962,5731,-1,5731,5962,5963,-1,5731,5963,5732,-1,5732,5963,5964,-1,5732,5964,5733,-1,5733,5964,5965,-1,5733,5965,5734,-1,5734,5965,5966,-1,5734,5966,5735,-1,5735,5966,5967,-1,5735,5967,5736,-1,5736,5967,5968,-1,5736,5968,5737,-1,5737,5968,5969,-1,5737,5969,5738,-1,5738,5969,5970,-1,5738,5970,5739,-1,5739,5970,5971,-1,5739,5971,5740,-1,5740,5971,5972,-1,5740,5972,5741,-1,5741,5972,5973,-1,5741,5973,5742,-1,5742,5973,5974,-1,5742,5974,5743,-1,5743,5974,5975,-1,5743,5975,5744,-1,5744,5975,5976,-1,5744,5976,5745,-1,5745,5976,5977,-1,5745,5977,5746,-1,5746,5977,5978,-1,5746,5978,5747,-1,5747,5978,5979,-1,5747,5979,5748,-1,5748,5979,5980,-1,5748,5980,5749,-1,5749,5980,5981,-1,5749,5981,5750,-1,5750,5981,5982,-1,5750,5982,5751,-1,5751,5982,5983,-1,5751,5983,5752,-1,5752,5983,5984,-1,5752,5984,5753,-1,5753,5984,5985,-1,5753,5985,5754,-1,5754,5985,5986,-1,5754,5986,5755,-1,5755,5986,5987,-1,5755,5987,5756,-1,5756,5987,5988,-1,5756,5988,5757,-1,5757,5988,5989,-1,5757,5989,5758,-1,5758,5989,5990,-1,5758,5990,5759,-1,5759,5990,5991,-1,5759,5991,5760,-1,5760,5991,5992,-1,5760,5992,5761,-1,5761,5992,5993,-1,5761,5993,5762,-1,5762,5993,5994,-1,5762,5994,5763,-1,5763,5994,5995,-1,5763,5995,5764,-1,5764,5995,5996,-1,5764,5996,5765,-1,5765,5996,5997,-1,5765,5997,5766,-1,5766,5997,5998,-1,5766,5998,5767,-1,5767,5998,5999,-1,5767,5999,5768,-1,5768,5999,6000,-1,5768,6000,5769,-1,5769,6000,6001,-1,5769,6001,5770,-1,5770,6001,6002,-1,5770,6002,5771,-1,5771,6002,6003,-1,5771,6003,5772,-1,5772,6003,6004,-1,5772,6004,5773,-1,5773,6004,6005,-1,5773,6005,5774,-1,5774,6005,6006,-1,5774,6006,5775,-1,5775,6006,6007,-1,5775,6007,5776,-1,5776,6007,6008,-1,5776,6008,5777,-1,5777,6008,6009,-1,5777,6009,5778,-1,5778,6009,6010,-1,5778,6010,5779,-1,5779,6010,6011,-1,5779,6011,5780,-1,5780,6011,6012,-1,5780,6012,5781,-1,5781,6012,6013,-1,5781,6013,5782,-1,5782,6013,6014,-1,5782,6014,5783,-1,5783,6014,6015,-1,5783,6015,5784,-1,5784,6015,6016,-1,5784,6016,5785,-1,5785,6016,6017,-1,5785,6017,5786,-1,5786,6017,6018,-1,5786,6018,5787,-1,5787,6018,6019,-1,5787,6019,5788,-1,5788,6019,6020,-1,5788,6020,5789,-1,5789,6020,6021,-1,5789,6021,5790,-1,5790,6021,6022,-1,5790,6022,5791,-1,5791,6022,6023,-1,5791,6023,5792,-1,5792,6023,6024,-1,5792,6024,5793,-1,5793,6024,6025,-1,5793,6025,5794,-1,5794,6025,6026,-1,5794,6026,5795,-1,5795,6026,6027,-1,5795,6027,5796,-1,5796,6027,6028,-1,5796,6028,5797,-1,5797,6028,6029,-1,5797,6029,5798,-1,5798,6029,6030,-1,5798,6030,5799,-1,5799,6030,6031,-1,5799,6031,5800,-1,5800,6031,6032,-1,5800,6032,5801,-1,5801,6032,6033,-1,5801,6033,5802,-1,5802,6033,6034,-1,5802,6034,5803,-1,5803,6034,6035,-1,5803,6035,5804,-1,5804,6035,6036,-1,5804,6036,5805,-1,5805,6036,6037,-1,5805,6037,5806,-1,5806,6037,6038,-1,5806,6038,5807,-1,5807,6038,6039,-1,5807,6039,5808,-1,5808,6039,6040,-1,5808,6040,5809,-1,5809,6040,6041,-1,5809,6041,5810,-1,5810,6041,6042,-1,5810,6042,5811,-1,5811,6042,6043,-1,5811,6043,5812,-1,5812,6043,6044,-1,5812,6044,5813,-1,5813,6044,6045,-1,5813,6045,5814,-1,5814,6045,6046,-1,5814,6046,5815,-1,5815,6046,6047,-1,5815,6047,5816,-1,5816,6047,6048,-1,5816,6048,5817,-1,5817,6048,6049,-1,5817,6049,5818,-1,5818,6049,6050,-1,5818,6050,5819,-1,5819,6050,6051,-1,5819,6051,5820,-1,5820,6051,6052,-1,5820,6052,5821,-1,5821,6052,6053,-1,5821,6053,5822,-1,5822,6053,6054,-1,5822,6054,5823,-1,5823,6054,6055,-1,5823,6055,5824,-1,5824,6055,6056,-1,5824,6056,5825,-1,5825,6056,6057,-1,5825,6057,5826,-1,5826,6057,6058,-1,5826,6058,5827,-1,5827,6058,6059,-1,5827,6059,5828,-1,5828,6059,6060,-1,5828,6060,5829,-1,5829,6060,6061,-1,5829,6061,5830,-1,5830,6061,6062,-1,5830,6062,5831,-1,5831,6062,6063,-1,5831,6063,5832,-1,5832,6063,6064,-1,5832,6064,5833,-1,5833,6064,6065,-1,5833,6065,5834,-1,5834,6065,6066,-1,5834,6066,5835,-1,5835,6066,6067,-1,5835,6067,5836,-1,5836,6067,6068,-1,5836,6068,5837,-1,5837,6068,6069,-1,5837,6069,5838,-1,5838,6069,6070,-1,5838,6070,5839,-1,5839,6070,6071,-1,5839,6071,5840,-1,5840,6071,6072,-1,5840,6072,5841,-1,5841,6072,6073,-1,5841,6073,5842,-1,5842,6073,6074,-1,5842,6074,5843,-1,5843,6074,6075,-1,5843,6075,5844,-1,5844,6075,6076,-1,5844,6076,5845,-1,5845,6076,6077,-1,5845,6077,5846,-1,5846,6077,6078,-1,5846,6078,5847,-1,5847,6078,6079,-1,5847,6079,5848,-1,5848,6079,6080,-1,5848,6080,5849,-1,5849,6080,6081,-1,5849,6081,5850,-1,5850,6081,6082,-1,5850,6082,5851,-1,5851,6082,6083,-1,5851,6083,5852,-1,5852,6083,6084,-1,5852,6084,5853,-1,5853,6084,6085,-1,5853,6085,5854,-1,5854,6085,6086,-1,5854,6086,5855,-1,5855,6086,6087,-1,5855,6087,5856,-1,5856,6087,6088,-1,5856,6088,5857,-1,5857,6088,6089,-1,5857,6089,5858,-1,5858,6089,6090,-1,5858,6090,5859,-1,5859,6090,6091,-1,5859,6091,5860,-1,5860,6091,6092,-1,5860,6092,5861,-1,5861,6092,6093,-1,5861,6093,5862,-1,5862,6093,6094,-1,5862,6094,5863,-1,5863,6094,6095,-1,5863,6095,5864,-1,5864,6095,6096,-1,5864,6096,5865,-1,5865,6096,6097,-1,5865,6097,5866,-1,5866,6097,6098,-1,5866,6098,5867,-1,5867,6098,6099,-1,5867,6099,5868,-1,5868,6099,6100,-1,5868,6100,5869,-1,5869,6100,6101,-1,5869,6101,5870,-1,5870,6101,6102,-1,5870,6102,5871,-1,5871,6102,6103,-1,5871,6103,5872,-1,5872,6103,6104,-1,5872,6104,5873,-1,5873,6104,6105,-1,5873,6105,5874,-1,5874,6105,6106,-1,5874,6106,5875,-1,5875,6106,6107,-1,5875,6107,5876,-1,5876,6107,6108,-1,5876,6108,5877,-1,5877,6108,6109,-1,5877,6109,5878,-1,5878,6109,6110,-1,5878,6110,5879,-1,5879,6110,6111,-1,5879,6111,5880,-1,5880,6111,6112,-1,5880,6112,5881,-1,5881,6112,6113,-1,5881,6113,5882,-1,5882,6113,6114,-1,5882,6114,5883,-1,5883,6114,6115,-1,5883,6115,5884,-1,5884,6115,6116,-1,5884,6116,5885,-1,5885,6116,6117,-1,5885,6117,5886,-1,5886,6117,6118,-1,5886,6118,5887,-1,5887,6118,6119,-1,5887,6119,5888,-1,5888,6119,6120,-1,5888,6120,5889,-1,5889,6120,6121,-1,5889,6121,5890,-1,5890,6121,6122,-1,5890,6122,5891,-1,5891,6122,6123,-1,5891,6123,5892,-1,5892,6123,6124,-1,5892,6124,5893,-1,5893,6124,6125,-1,5893,6125,5894,-1,5894,6125,6126,-1,5894,6126,5895,-1,5895,6126,6127,-1,5895,6127,5896,-1,5896,6127,6128,-1,5896,6128,5897,-1,5897,6128,6129,-1,5897,6129,5898,-1,5898,6129,6130,-1,5898,6130,5899,-1,5899,6130,6131,-1,5899,6131,5900,-1,5900,6131,6132,-1,5900,6132,5901,-1,5901,6132,6133,-1,5901,6133,5902,-1,5902,6133,6134,-1,5902,6134,5903,-1,5903,6134,6135,-1,5903,6135,5904,-1,5904,6135,6136,-1,5904,6136,5905,-1,5905,6136,6137,-1,5905,6137,5906,-1,5906,6137,6138,-1,5906,6138,5907,-1,5907,6138,6139,-1,5907,6139,5908,-1,5908,6139,6140,-1,5908,6140,5909,-1,5909,6140,6141,-1,5909,6141,5910,-1,5910,6141,6142,-1,5910,6142,5911,-1,5911,6142,6143,-1,5911,6143,5912,-1,5912,6143,6144,-1,5912,6144,5913,-1,5913,6144,6145,-1,5913,6145,5914,-1,5914,6145,6146,-1,5914,6146,5915,-1,5915,6146,6147,-1,5915,6147,5916,-1,5916,6147,6148,-1,5916,6148,5917,-1,5917,6148,6149,-1,5917,6149,5918,-1,5918,6149,6150,-1,5918,6150,5919,-1,5919,6150,6151,-1,5919,6151,5920,-1,5920,6151,6152,-1,5920,6152,5921,-1,5921,6152,6153,-1,5921,6153,5922,-1,5922,6153,6154,-1,5922,6154,5923,-1,5923,6154,6155,-1,5923,6155,5924,-1,5924,6155,6156,-1,5924,6156,5925,-1,5925,6156,6157,-1,5925,6157,5926,-1,5926,6157,6158,-1,5926,6158,5927,-1,5927,6158,6159,-1,5927,6159,5928,-1,5928,6159,6160,-1,5928,6160,5929,-1,5929,6160,6161,-1,5929,6161,5930,-1,5930,6161,6162,-1,5930,6162,5931,-1,5931,6162,6163,-1,5931,6163,5932,-1,5932,6163,6164,-1,5932,6164,5933,-1,5933,6164,6165,-1,5933,6165,5934,-1,5934,6165,6166,-1,5934,6166,5935,-1,5935,6166,6167,-1,5935,6167,5936,-1,5936,6167,6168,-1,5936,6168,5937,-1,5937,6168,6169,-1,5937,6169,5938,-1,5938,6169,6170,-1,5938,6170,5939,-1,5939,6170,6171,-1,5939,6171,5940,-1,5940,6171,6172,-1,5940,6172,5941,-1,5941,6172,6173,-1,5941,6173,5942,-1,5942,6173,6174,-1,5942,6174,5943,-1,5943,6174,6175,-1,5943,6175,5944,-1,5944,6175,6176,-1,5944,6176,5945,-1,5945,6176,6177,-1,5945,6177,5946,-1,5946,6177,6178,-1,5946,6178,5947,-1,5947,6178,6179,-1,5947,6179,5948,-1,5948,6179,6180,-1,5948,6180,5949,-1,5949,6180,6181,-1,5949,6181,5950,-1,5950,6181,6182,-1,5950,6182,5951,-1,5951,6182,6183,-1,5951,6183,5952,-1,5952,6183,6184,-1,5952,6184,5953,-1,5953,6184,62,-1,5953,62,64,-1,64,62,61,-1,5954,6185,5955,-1,5955,6185,6186,-1,5955,6186,5956,-1,5956,6186,6187,-1,5956,6187,5957,-1,5957,6187,6188,-1,5957,6188,5958,-1,5958,6188,6189,-1,5958,6189,5959,-1,5959,6189,6190,-1,5959,6190,5960,-1,5960,6190,6191,-1,5960,6191,5961,-1,5961,6191,6192,-1,5961,6192,5962,-1,5962,6192,6193,-1,5962,6193,5963,-1,5963,6193,6194,-1,5963,6194,5964,-1,5964,6194,6195,-1,5964,6195,5965,-1,5965,6195,6196,-1,5965,6196,5966,-1,5966,6196,6197,-1,5966,6197,5967,-1,5967,6197,6198,-1,5967,6198,5968,-1,5968,6198,6199,-1,5968,6199,5969,-1,5969,6199,6200,-1,5969,6200,5970,-1,5970,6200,6201,-1,5970,6201,5971,-1,5971,6201,6202,-1,5971,6202,5972,-1,5972,6202,6203,-1,5972,6203,5973,-1,5973,6203,6204,-1,5973,6204,5974,-1,5974,6204,6205,-1,5974,6205,5975,-1,5975,6205,6206,-1,5975,6206,5976,-1,5976,6206,6207,-1,5976,6207,5977,-1,5977,6207,6208,-1,5977,6208,5978,-1,5978,6208,6209,-1,5978,6209,5979,-1,5979,6209,6210,-1,5979,6210,5980,-1,5980,6210,6211,-1,5980,6211,5981,-1,5981,6211,6212,-1,5981,6212,5982,-1,5982,6212,6213,-1,5982,6213,5983,-1,5983,6213,6214,-1,5983,6214,5984,-1,5984,6214,6215,-1,5984,6215,5985,-1,5985,6215,6216,-1,5985,6216,5986,-1,5986,6216,6217,-1,5986,6217,5987,-1,5987,6217,6218,-1,5987,6218,5988,-1,5988,6218,6219,-1,5988,6219,5989,-1,5989,6219,6220,-1,5989,6220,5990,-1,5990,6220,6221,-1,5990,6221,5991,-1,5991,6221,6222,-1,5991,6222,5992,-1,5992,6222,6223,-1,5992,6223,5993,-1,5993,6223,6224,-1,5993,6224,5994,-1,5994,6224,6225,-1,5994,6225,5995,-1,5995,6225,6226,-1,5995,6226,5996,-1,5996,6226,6227,-1,5996,6227,5997,-1,5997,6227,6228,-1,5997,6228,5998,-1,5998,6228,6229,-1,5998,6229,5999,-1,5999,6229,6230,-1,5999,6230,6000,-1,6000,6230,6231,-1,6000,6231,6001,-1,6001,6231,6232,-1,6001,6232,6002,-1,6002,6232,6233,-1,6002,6233,6003,-1,6003,6233,6234,-1,6003,6234,6004,-1,6004,6234,6235,-1,6004,6235,6005,-1,6005,6235,6236,-1,6005,6236,6006,-1,6006,6236,6237,-1,6006,6237,6007,-1,6007,6237,6238,-1,6007,6238,6008,-1,6008,6238,6239,-1,6008,6239,6009,-1,6009,6239,6240,-1,6009,6240,6010,-1,6010,6240,6241,-1,6010,6241,6011,-1,6011,6241,6242,-1,6011,6242,6012,-1,6012,6242,6243,-1,6012,6243,6013,-1,6013,6243,6244,-1,6013,6244,6014,-1,6014,6244,6245,-1,6014,6245,6015,-1,6015,6245,6246,-1,6015,6246,6016,-1,6016,6246,6247,-1,6016,6247,6017,-1,6017,6247,6248,-1,6017,6248,6018,-1,6018,6248,6249,-1,6018,6249,6019,-1,6019,6249,6250,-1,6019,6250,6020,-1,6020,6250,6251,-1,6020,6251,6021,-1,6021,6251,6252,-1,6021,6252,6022,-1,6022,6252,6253,-1,6022,6253,6023,-1,6023,6253,6254,-1,6023,6254,6024,-1,6024,6254,6255,-1,6024,6255,6025,-1,6025,6255,6256,-1,6025,6256,6026,-1,6026,6256,6257,-1,6026,6257,6027,-1,6027,6257,6258,-1,6027,6258,6028,-1,6028,6258,6259,-1,6028,6259,6029,-1,6029,6259,6260,-1,6029,6260,6030,-1,6030,6260,6261,-1,6030,6261,6031,-1,6031,6261,6262,-1,6031,6262,6032,-1,6032,6262,6263,-1,6032,6263,6033,-1,6033,6263,6264,-1,6033,6264,6034,-1,6034,6264,6265,-1,6034,6265,6035,-1,6035,6265,6266,-1,6035,6266,6036,-1,6036,6266,6267,-1,6036,6267,6037,-1,6037,6267,6268,-1,6037,6268,6038,-1,6038,6268,6269,-1,6038,6269,6039,-1,6039,6269,6270,-1,6039,6270,6040,-1,6040,6270,6271,-1,6040,6271,6041,-1,6041,6271,6272,-1,6041,6272,6042,-1,6042,6272,6273,-1,6042,6273,6043,-1,6043,6273,6274,-1,6043,6274,6044,-1,6044,6274,6275,-1,6044,6275,6045,-1,6045,6275,6276,-1,6045,6276,6046,-1,6046,6276,6277,-1,6046,6277,6047,-1,6047,6277,6278,-1,6047,6278,6048,-1,6048,6278,6279,-1,6048,6279,6049,-1,6049,6279,6280,-1,6049,6280,6050,-1,6050,6280,6281,-1,6050,6281,6051,-1,6051,6281,6282,-1,6051,6282,6052,-1,6052,6282,6283,-1,6052,6283,6053,-1,6053,6283,6284,-1,6053,6284,6054,-1,6054,6284,6285,-1,6054,6285,6055,-1,6055,6285,6286,-1,6055,6286,6056,-1,6056,6286,6287,-1,6056,6287,6057,-1,6057,6287,6288,-1,6057,6288,6058,-1,6058,6288,6289,-1,6058,6289,6059,-1,6059,6289,6290,-1,6059,6290,6060,-1,6060,6290,6291,-1,6060,6291,6061,-1,6061,6291,6292,-1,6061,6292,6062,-1,6062,6292,6293,-1,6062,6293,6063,-1,6063,6293,6294,-1,6063,6294,6064,-1,6064,6294,6295,-1,6064,6295,6065,-1,6065,6295,6296,-1,6065,6296,6066,-1,6066,6296,6297,-1,6066,6297,6067,-1,6067,6297,6298,-1,6067,6298,6068,-1,6068,6298,6299,-1,6068,6299,6069,-1,6069,6299,6300,-1,6069,6300,6070,-1,6070,6300,6301,-1,6070,6301,6071,-1,6071,6301,6302,-1,6071,6302,6072,-1,6072,6302,6303,-1,6072,6303,6073,-1,6073,6303,6304,-1,6073,6304,6074,-1,6074,6304,6305,-1,6074,6305,6075,-1,6075,6305,6306,-1,6075,6306,6076,-1,6076,6306,6307,-1,6076,6307,6077,-1,6077,6307,6308,-1,6077,6308,6078,-1,6078,6308,6309,-1,6078,6309,6079,-1,6079,6309,6310,-1,6079,6310,6080,-1,6080,6310,6311,-1,6080,6311,6081,-1,6081,6311,6312,-1,6081,6312,6082,-1,6082,6312,6313,-1,6082,6313,6083,-1,6083,6313,6314,-1,6083,6314,6084,-1,6084,6314,6315,-1,6084,6315,6085,-1,6085,6315,6316,-1,6085,6316,6086,-1,6086,6316,6317,-1,6086,6317,6087,-1,6087,6317,6318,-1,6087,6318,6088,-1,6088,6318,6319,-1,6088,6319,6089,-1,6089,6319,6320,-1,6089,6320,6090,-1,6090,6320,6321,-1,6090,6321,6091,-1,6091,6321,6322,-1,6091,6322,6092,-1,6092,6322,6323,-1,6092,6323,6093,-1,6093,6323,6324,-1,6093,6324,6094,-1,6094,6324,6325,-1,6094,6325,6095,-1,6095,6325,6326,-1,6095,6326,6096,-1,6096,6326,6327,-1,6096,6327,6097,-1,6097,6327,6328,-1,6097,6328,6098,-1,6098,6328,6329,-1,6098,6329,6099,-1,6099,6329,6330,-1,6099,6330,6100,-1,6100,6330,6331,-1,6100,6331,6101,-1,6101,6331,6332,-1,6101,6332,6102,-1,6102,6332,6333,-1,6102,6333,6103,-1,6103,6333,6334,-1,6103,6334,6104,-1,6104,6334,6335,-1,6104,6335,6105,-1,6105,6335,6336,-1,6105,6336,6106,-1,6106,6336,6337,-1,6106,6337,6107,-1,6107,6337,6338,-1,6107,6338,6108,-1,6108,6338,6339,-1,6108,6339,6109,-1,6109,6339,6340,-1,6109,6340,6110,-1,6110,6340,6341,-1,6110,6341,6111,-1,6111,6341,6342,-1,6111,6342,6112,-1,6112,6342,6343,-1,6112,6343,6113,-1,6113,6343,6344,-1,6113,6344,6114,-1,6114,6344,6345,-1,6114,6345,6115,-1,6115,6345,6346,-1,6115,6346,6116,-1,6116,6346,6347,-1,6116,6347,6117,-1,6117,6347,6348,-1,6117,6348,6118,-1,6118,6348,6349,-1,6118,6349,6119,-1,6119,6349,6350,-1,6119,6350,6120,-1,6120,6350,6351,-1,6120,6351,6121,-1,6121,6351,6352,-1,6121,6352,6122,-1,6122,6352,6353,-1,6122,6353,6123,-1,6123,6353,6354,-1,6123,6354,6124,-1,6124,6354,6355,-1,6124,6355,6125,-1,6125,6355,6356,-1,6125,6356,6126,-1,6126,6356,6357,-1,6126,6357,6127,-1,6127,6357,6358,-1,6127,6358,6128,-1,6128,6358,6359,-1,6128,6359,6129,-1,6129,6359,6360,-1,6129,6360,6130,-1,6130,6360,6361,-1,6130,6361,6131,-1,6131,6361,6362,-1,6131,6362,6132,-1,6132,6362,6363,-1,6132,6363,6133,-1,6133,6363,6364,-1,6133,6364,6134,-1,6134,6364,6365,-1,6134,6365,6135,-1,6135,6365,6366,-1,6135,6366,6136,-1,6136,6366,6367,-1,6136,6367,6137,-1,6137,6367,6368,-1,6137,6368,6138,-1,6138,6368,6369,-1,6138,6369,6139,-1,6139,6369,6370,-1,6139,6370,6140,-1,6140,6370,6371,-1,6140,6371,6141,-1,6141,6371,6372,-1,6141,6372,6142,-1,6142,6372,6373,-1,6142,6373,6143,-1,6143,6373,6374,-1,6143,6374,6144,-1,6144,6374,6375,-1,6144,6375,6145,-1,6145,6375,6376,-1,6145,6376,6146,-1,6146,6376,6377,-1,6146,6377,6147,-1,6147,6377,6378,-1,6147,6378,6148,-1,6148,6378,6379,-1,6148,6379,6149,-1,6149,6379,6380,-1,6149,6380,6150,-1,6150,6380,6381,-1,6150,6381,6151,-1,6151,6381,6382,-1,6151,6382,6152,-1,6152,6382,6383,-1,6152,6383,6153,-1,6153,6383,6384,-1,6153,6384,6154,-1,6154,6384,6385,-1,6154,6385,6155,-1,6155,6385,6386,-1,6155,6386,6156,-1,6156,6386,6387,-1,6156,6387,6157,-1,6157,6387,6388,-1,6157,6388,6158,-1,6158,6388,6389,-1,6158,6389,6159,-1,6159,6389,6390,-1,6159,6390,6160,-1,6160,6390,6391,-1,6160,6391,6161,-1,6161,6391,6392,-1,6161,6392,6162,-1,6162,6392,6393,-1,6162,6393,6163,-1,6163,6393,6394,-1,6163,6394,6164,-1,6164,6394,6395,-1,6164,6395,6165,-1,6165,6395,6396,-1,6165,6396,6166,-1,6166,6396,6397,-1,6166,6397,6167,-1,6167,6397,6398,-1,6167,6398,6168,-1,6168,6398,6399,-1,6168,6399,6169,-1,6169,6399,6400,-1,6169,6400,6170,-1,6170,6400,6401,-1,6170,6401,6171,-1,6171,6401,6402,-1,6171,6402,6172,-1,6172,6402,6403,-1,6172,6403,6173,-1,6173,6403,6404,-1,6173,6404,6174,-1,6174,6404,6405,-1,6174,6405,6175,-1,6175,6405,6406,-1,6175,6406,6176,-1,6176,6406,6407,-1,6176,6407,6177,-1,6177,6407,6408,-1,6177,6408,6178,-1,6178,6408,6409,-1,6178,6409,6179,-1,6179,6409,6410,-1,6179,6410,6180,-1,6180,6410,6411,-1,6180,6411,6181,-1,6181,6411,6412,-1,6181,6412,6182,-1,6182,6412,6413,-1,6182,6413,6183,-1,6183,6413,6414,-1,6183,6414,6184,-1,6184,6414,60,-1,6184,60,62,-1,62,60,59,-1,6185,6415,6186,-1,6186,6415,6416,-1,6186,6416,6187,-1,6187,6416,6417,-1,6187,6417,6188,-1,6188,6417,6418,-1,6188,6418,6189,-1,6189,6418,6419,-1,6189,6419,6190,-1,6190,6419,6420,-1,6190,6420,6191,-1,6191,6420,6421,-1,6191,6421,6192,-1,6192,6421,6422,-1,6192,6422,6193,-1,6193,6422,6423,-1,6193,6423,6194,-1,6194,6423,6424,-1,6194,6424,6195,-1,6195,6424,6425,-1,6195,6425,6196,-1,6196,6425,6426,-1,6196,6426,6197,-1,6197,6426,6427,-1,6197,6427,6198,-1,6198,6427,6428,-1,6198,6428,6199,-1,6199,6428,6429,-1,6199,6429,6200,-1,6200,6429,6430,-1,6200,6430,6201,-1,6201,6430,6431,-1,6201,6431,6202,-1,6202,6431,6432,-1,6202,6432,6203,-1,6203,6432,6433,-1,6203,6433,6204,-1,6204,6433,6434,-1,6204,6434,6205,-1,6205,6434,6435,-1,6205,6435,6206,-1,6206,6435,6436,-1,6206,6436,6207,-1,6207,6436,6437,-1,6207,6437,6208,-1,6208,6437,6438,-1,6208,6438,6209,-1,6209,6438,6439,-1,6209,6439,6210,-1,6210,6439,6440,-1,6210,6440,6211,-1,6211,6440,6441,-1,6211,6441,6212,-1,6212,6441,6442,-1,6212,6442,6213,-1,6213,6442,6443,-1,6213,6443,6214,-1,6214,6443,6444,-1,6214,6444,6215,-1,6215,6444,6445,-1,6215,6445,6216,-1,6216,6445,6446,-1,6216,6446,6217,-1,6217,6446,6447,-1,6217,6447,6218,-1,6218,6447,6448,-1,6218,6448,6219,-1,6219,6448,6449,-1,6219,6449,6220,-1,6220,6449,6450,-1,6220,6450,6221,-1,6221,6450,6451,-1,6221,6451,6222,-1,6222,6451,6452,-1,6222,6452,6223,-1,6223,6452,6453,-1,6223,6453,6224,-1,6224,6453,6454,-1,6224,6454,6225,-1,6225,6454,6455,-1,6225,6455,6226,-1,6226,6455,6456,-1,6226,6456,6227,-1,6227,6456,6457,-1,6227,6457,6228,-1,6228,6457,6458,-1,6228,6458,6229,-1,6229,6458,6459,-1,6229,6459,6230,-1,6230,6459,6460,-1,6230,6460,6231,-1,6231,6460,6461,-1,6231,6461,6232,-1,6232,6461,6462,-1,6232,6462,6233,-1,6233,6462,6463,-1,6233,6463,6234,-1,6234,6463,6464,-1,6234,6464,6235,-1,6235,6464,6465,-1,6235,6465,6236,-1,6236,6465,6466,-1,6236,6466,6237,-1,6237,6466,6467,-1,6237,6467,6238,-1,6238,6467,6468,-1,6238,6468,6239,-1,6239,6468,6469,-1,6239,6469,6240,-1,6240,6469,6470,-1,6240,6470,6241,-1,6241,6470,6471,-1,6241,6471,6242,-1,6242,6471,6472,-1,6242,6472,6243,-1,6243,6472,6473,-1,6243,6473,6244,-1,6244,6473,6474,-1,6244,6474,6245,-1,6245,6474,6475,-1,6245,6475,6246,-1,6246,6475,6476,-1,6246,6476,6247,-1,6247,6476,6477,-1,6247,6477,6248,-1,6248,6477,6478,-1,6248,6478,6249,-1,6249,6478,6479,-1,6249,6479,6250,-1,6250,6479,6480,-1,6250,6480,6251,-1,6251,6480,6481,-1,6251,6481,6252,-1,6252,6481,6482,-1,6252,6482,6253,-1,6253,6482,6483,-1,6253,6483,6254,-1,6254,6483,6484,-1,6254,6484,6255,-1,6255,6484,6485,-1,6255,6485,6256,-1,6256,6485,6486,-1,6256,6486,6257,-1,6257,6486,6487,-1,6257,6487,6258,-1,6258,6487,6488,-1,6258,6488,6259,-1,6259,6488,6489,-1,6259,6489,6260,-1,6260,6489,6490,-1,6260,6490,6261,-1,6261,6490,6491,-1,6261,6491,6262,-1,6262,6491,6492,-1,6262,6492,6263,-1,6263,6492,6493,-1,6263,6493,6264,-1,6264,6493,6494,-1,6264,6494,6265,-1,6265,6494,6495,-1,6265,6495,6266,-1,6266,6495,6496,-1,6266,6496,6267,-1,6267,6496,6497,-1,6267,6497,6268,-1,6268,6497,6498,-1,6268,6498,6269,-1,6269,6498,6499,-1,6269,6499,6270,-1,6270,6499,6500,-1,6270,6500,6271,-1,6271,6500,6501,-1,6271,6501,6272,-1,6272,6501,6502,-1,6272,6502,6273,-1,6273,6502,6503,-1,6273,6503,6274,-1,6274,6503,6504,-1,6274,6504,6275,-1,6275,6504,6505,-1,6275,6505,6276,-1,6276,6505,6506,-1,6276,6506,6277,-1,6277,6506,6507,-1,6277,6507,6278,-1,6278,6507,6508,-1,6278,6508,6279,-1,6279,6508,6509,-1,6279,6509,6280,-1,6280,6509,6510,-1,6280,6510,6281,-1,6281,6510,6511,-1,6281,6511,6282,-1,6282,6511,6512,-1,6282,6512,6283,-1,6283,6512,6513,-1,6283,6513,6284,-1,6284,6513,6514,-1,6284,6514,6285,-1,6285,6514,6515,-1,6285,6515,6286,-1,6286,6515,6516,-1,6286,6516,6287,-1,6287,6516,6517,-1,6287,6517,6288,-1,6288,6517,6518,-1,6288,6518,6289,-1,6289,6518,6519,-1,6289,6519,6290,-1,6290,6519,6520,-1,6290,6520,6291,-1,6291,6520,6521,-1,6291,6521,6292,-1,6292,6521,6522,-1,6292,6522,6293,-1,6293,6522,6523,-1,6293,6523,6294,-1,6294,6523,6524,-1,6294,6524,6295,-1,6295,6524,6525,-1,6295,6525,6296,-1,6296,6525,6526,-1,6296,6526,6297,-1,6297,6526,6527,-1,6297,6527,6298,-1,6298,6527,6528,-1,6298,6528,6299,-1,6299,6528,6529,-1,6299,6529,6300,-1,6300,6529,6530,-1,6300,6530,6301,-1,6301,6530,6531,-1,6301,6531,6302,-1,6302,6531,6532,-1,6302,6532,6303,-1,6303,6532,6533,-1,6303,6533,6304,-1,6304,6533,6534,-1,6304,6534,6305,-1,6305,6534,6535,-1,6305,6535,6306,-1,6306,6535,6536,-1,6306,6536,6307,-1,6307,6536,6537,-1,6307,6537,6308,-1,6308,6537,6538,-1,6308,6538,6309,-1,6309,6538,6539,-1,6309,6539,6310,-1,6310,6539,6540,-1,6310,6540,6311,-1,6311,6540,6541,-1,6311,6541,6312,-1,6312,6541,6542,-1,6312,6542,6313,-1,6313,6542,6543,-1,6313,6543,6314,-1,6314,6543,6544,-1,6314,6544,6315,-1,6315,6544,6545,-1,6315,6545,6316,-1,6316,6545,6546,-1,6316,6546,6317,-1,6317,6546,6547,-1,6317,6547,6318,-1,6318,6547,6548,-1,6318,6548,6319,-1,6319,6548,6549,-1,6319,6549,6320,-1,6320,6549,6550,-1,6320,6550,6321,-1,6321,6550,6551,-1,6321,6551,6322,-1,6322,6551,6552,-1,6322,6552,6323,-1,6323,6552,6553,-1,6323,6553,6324,-1,6324,6553,6554,-1,6324,6554,6325,-1,6325,6554,6555,-1,6325,6555,6326,-1,6326,6555,6556,-1,6326,6556,6327,-1,6327,6556,6557,-1,6327,6557,6328,-1,6328,6557,6558,-1,6328,6558,6329,-1,6329,6558,6559,-1,6329,6559,6330,-1,6330,6559,6560,-1,6330,6560,6331,-1,6331,6560,6561,-1,6331,6561,6332,-1,6332,6561,6562,-1,6332,6562,6333,-1,6333,6562,6563,-1,6333,6563,6334,-1,6334,6563,6564,-1,6334,6564,6335,-1,6335,6564,6565,-1,6335,6565,6336,-1,6336,6565,6566,-1,6336,6566,6337,-1,6337,6566,6567,-1,6337,6567,6338,-1,6338,6567,6568,-1,6338,6568,6339,-1,6339,6568,6569,-1,6339,6569,6340,-1,6340,6569,6570,-1,6340,6570,6341,-1,6341,6570,6571,-1,6341,6571,6342,-1,6342,6571,6572,-1,6342,6572,6343,-1,6343,6572,6573,-1,6343,6573,6344,-1,6344,6573,6574,-1,6344,6574,6345,-1,6345,6574,6575,-1,6345,6575,6346,-1,6346,6575,6576,-1,6346,6576,6347,-1,6347,6576,6577,-1,6347,6577,6348,-1,6348,6577,6578,-1,6348,6578,6349,-1,6349,6578,6579,-1,6349,6579,6350,-1,6350,6579,6580,-1,6350,6580,6351,-1,6351,6580,6581,-1,6351,6581,6352,-1,6352,6581,6582,-1,6352,6582,6353,-1,6353,6582,6583,-1,6353,6583,6354,-1,6354,6583,6584,-1,6354,6584,6355,-1,6355,6584,6585,-1,6355,6585,6356,-1,6356,6585,6586,-1,6356,6586,6357,-1,6357,6586,6587,-1,6357,6587,6358,-1,6358,6587,6588,-1,6358,6588,6359,-1,6359,6588,6589,-1,6359,6589,6360,-1,6360,6589,6590,-1,6360,6590,6361,-1,6361,6590,6591,-1,6361,6591,6362,-1,6362,6591,6592,-1,6362,6592,6363,-1,6363,6592,6593,-1,6363,6593,6364,-1,6364,6593,6594,-1,6364,6594,6365,-1,6365,6594,6595,-1,6365,6595,6366,-1,6366,6595,6596,-1,6366,6596,6367,-1,6367,6596,6597,-1,6367,6597,6368,-1,6368,6597,6598,-1,6368,6598,6369,-1,6369,6598,6599,-1,6369,6599,6370,-1,6370,6599,6600,-1,6370,6600,6371,-1,6371,6600,6601,-1,6371,6601,6372,-1,6372,6601,6602,-1,6372,6602,6373,-1,6373,6602,6603,-1,6373,6603,6374,-1,6374,6603,6604,-1,6374,6604,6375,-1,6375,6604,6605,-1,6375,6605,6376,-1,6376,6605,6606,-1,6376,6606,6377,-1,6377,6606,6607,-1,6377,6607,6378,-1,6378,6607,6608,-1,6378,6608,6379,-1,6379,6608,6609,-1,6379,6609,6380,-1,6380,6609,6610,-1,6380,6610,6381,-1,6381,6610,6611,-1,6381,6611,6382,-1,6382,6611,6612,-1,6382,6612,6383,-1,6383,6612,6613,-1,6383,6613,6384,-1,6384,6613,6614,-1,6384,6614,6385,-1,6385,6614,6615,-1,6385,6615,6386,-1,6386,6615,6616,-1,6386,6616,6387,-1,6387,6616,6617,-1,6387,6617,6388,-1,6388,6617,6618,-1,6388,6618,6389,-1,6389,6618,6619,-1,6389,6619,6390,-1,6390,6619,6620,-1,6390,6620,6391,-1,6391,6620,6621,-1,6391,6621,6392,-1,6392,6621,6622,-1,6392,6622,6393,-1,6393,6622,6623,-1,6393,6623,6394,-1,6394,6623,6624,-1,6394,6624,6395,-1,6395,6624,6625,-1,6395,6625,6396,-1,6396,6625,6626,-1,6396,6626,6397,-1,6397,6626,6627,-1,6397,6627,6398,-1,6398,6627,6628,-1,6398,6628,6399,-1,6399,6628,6629,-1,6399,6629,6400,-1,6400,6629,6630,-1,6400,6630,6401,-1,6401,6630,6631,-1,6401,6631,6402,-1,6402,6631,6632,-1,6402,6632,6403,-1,6403,6632,6633,-1,6403,6633,6404,-1,6404,6633,6634,-1,6404,6634,6405,-1,6405,6634,6635,-1,6405,6635,6406,-1,6406,6635,6636,-1,6406,6636,6407,-1,6407,6636,6637,-1,6407,6637,6408,-1,6408,6637,6638,-1,6408,6638,6409,-1,6409,6638,6639,-1,6409,6639,6410,-1,6410,6639,6640,-1,6410,6640,6411,-1,6411,6640,6641,-1,6411,6641,6412,-1,6412,6641,6642,-1,6412,6642,6413,-1,6413,6642,6643,-1,6413,6643,6414,-1,6414,6643,58,-1,6414,58,60,-1,60,58,57,-1,49,48,6644,-1,6644,48,6645,-1,6644,6645,6646,-1,6646,6645,6647,-1,6646,6647,6648,-1,6648,6647,6649,-1,6648,6649,6650,-1,6650,6649,6651,-1,6650,6651,6652,-1,6652,6651,6653,-1,6652,6653,6654,-1,6654,6653,6655,-1,6654,6655,6656,-1,6656,6655,6657,-1,6656,6657,6658,-1,6658,6657,6659,-1,6658,6659,6660,-1,6660,6659,6661,-1,6660,6661,6662,-1,6662,6661,6663,-1,6662,6663,6664,-1,6664,6663,6665,-1,6664,6665,6666,-1,6666,6665,6667,-1,6666,6667,6668,-1,6668,6667,6669,-1,6668,6669,6670,-1,6670,6669,6671,-1,6670,6671,6672,-1,6672,6671,6673,-1,6672,6673,6674,-1,6674,6673,6675,-1,6674,6675,6676,-1,6676,6675,6677,-1,6676,6677,6678,-1,6678,6677,6679,-1,6678,6679,6680,-1,6680,6679,6681,-1,6680,6681,6682,-1,6682,6681,6683,-1,6682,6683,6684,-1,6684,6683,6685,-1,6684,6685,6686,-1,6686,6685,6687,-1,6686,6687,6688,-1,6688,6687,6689,-1,6688,6689,6690,-1,6690,6689,6691,-1,6690,6691,6692,-1,6692,6691,6693,-1,6692,6693,6694,-1,6694,6693,6695,-1,6694,6695,6696,-1,6696,6695,6697,-1,6696,6697,6698,-1,6698,6697,6699,-1,6698,6699,6700,-1,6700,6699,6701,-1,6700,6701,6702,-1,6702,6701,6703,-1,6702,6703,6704,-1,6704,6703,6705,-1,6704,6705,6706,-1,6706,6705,6707,-1,6706,6707,6708,-1,6708,6707,6709,-1,6708,6709,6710,-1,6710,6709,6711,-1,6710,6711,6712,-1,6712,6711,6713,-1,6712,6713,6714,-1,6714,6713,6715,-1,6714,6715,6716,-1,6716,6715,6717,-1,6716,6717,6718,-1,6718,6717,6719,-1,6718,6719,6720,-1,6720,6719,6721,-1,6720,6721,6722,-1,6722,6721,6723,-1,6722,6723,6724,-1,6724,6723,6725,-1,6724,6725,6726,-1,6726,6725,6727,-1,6726,6727,6728,-1,6728,6727,6729,-1,6728,6729,6730,-1,6730,6729,6731,-1,6730,6731,6732,-1,6732,6731,6733,-1,6732,6733,6734,-1,6734,6733,6735,-1,6734,6735,6736,-1,6736,6735,6737,-1,6736,6737,6738,-1,6738,6737,6739,-1,6738,6739,6740,-1,6740,6739,6741,-1,6740,6741,6742,-1,6742,6741,6743,-1,6742,6743,6744,-1,6744,6743,6745,-1,6744,6745,6746,-1,6746,6745,6747,-1,6746,6747,6748,-1,6748,6747,6749,-1,6748,6749,6750,-1,6750,6749,6751,-1,6750,6751,6752,-1,6752,6751,6753,-1,6752,6753,6754,-1,6754,6753,6755,-1,6754,6755,6756,-1,6756,6755,6757,-1,6756,6757,6758,-1,6758,6757,6759,-1,6758,6759,6760,-1,6760,6759,6761,-1,6760,6761,6762,-1,6762,6761,6763,-1,6762,6763,6764,-1,6764,6763,6765,-1,6764,6765,6766,-1,6766,6765,6767,-1,6766,6767,6768,-1,6768,6767,6769,-1,6768,6769,6770,-1,6770,6769,6771,-1,6770,6771,6772,-1,6772,6771,6773,-1,6772,6773,6774,-1,6774,6773,6775,-1,6774,6775,6776,-1,6776,6775,6777,-1,6776,6777,6778,-1,6778,6777,6779,-1,6778,6779,6780,-1,6780,6779,6781,-1,6780,6781,6782,-1,6782,6781,6783,-1,6782,6783,6784,-1,6784,6783,6785,-1,6784,6785,6786,-1,6786,6785,6787,-1,6786,6787,6788,-1,6788,6787,6789,-1,6788,6789,6790,-1,6790,6789,6791,-1,6790,6791,6792,-1,6792,6791,6793,-1,6792,6793,6794,-1,6794,6793,6795,-1,6794,6795,6796,-1,6796,6795,6797,-1,6796,6797,6798,-1,6798,6797,6799,-1,6798,6799,6800,-1,6800,6799,6801,-1,6800,6801,6802,-1,6802,6801,6803,-1,6802,6803,6804,-1,6804,6803,6805,-1,6804,6805,6806,-1,6806,6805,6807,-1,6806,6807,6808,-1,6808,6807,6809,-1,6808,6809,6810,-1,6810,6809,6811,-1,6810,6811,6812,-1,6812,6811,6813,-1,6812,6813,6814,-1,6814,6813,6815,-1,6814,6815,6816,-1,6816,6815,6817,-1,6816,6817,6818,-1,6818,6817,6819,-1,6818,6819,6820,-1,50,49,6821,-1,6821,49,6644,-1,6821,6644,6822,-1,6822,6644,6646,-1,6822,6646,6823,-1,6823,6646,6648,-1,6823,6648,6824,-1,6824,6648,6650,-1,6824,6650,6825,-1,6825,6650,6652,-1,6825,6652,6826,-1,6826,6652,6654,-1,6826,6654,6827,-1,6827,6654,6656,-1,6827,6656,6828,-1,6828,6656,6658,-1,6828,6658,6829,-1,6829,6658,6660,-1,6829,6660,6830,-1,6830,6660,6662,-1,6830,6662,6831,-1,6831,6662,6664,-1,6831,6664,6832,-1,6832,6664,6666,-1,6832,6666,6833,-1,6833,6666,6668,-1,6833,6668,6834,-1,6834,6668,6670,-1,6834,6670,6835,-1,6835,6670,6672,-1,6835,6672,6836,-1,6836,6672,6674,-1,6836,6674,6837,-1,6837,6674,6676,-1,6837,6676,6838,-1,6838,6676,6678,-1,6838,6678,6839,-1,6839,6678,6680,-1,6839,6680,6840,-1,6840,6680,6682,-1,6840,6682,6841,-1,6841,6682,6684,-1,6841,6684,6842,-1,6842,6684,6686,-1,6842,6686,6843,-1,6843,6686,6688,-1,6843,6688,6844,-1,6844,6688,6690,-1,6844,6690,6845,-1,6845,6690,6692,-1,6845,6692,6846,-1,6846,6692,6694,-1,6846,6694,6847,-1,6847,6694,6696,-1,6847,6696,6848,-1,6848,6696,6698,-1,6848,6698,6849,-1,6849,6698,6700,-1,6849,6700,6850,-1,6850,6700,6702,-1,6850,6702,6851,-1,6851,6702,6704,-1,6851,6704,6852,-1,6852,6704,6706,-1,6852,6706,6853,-1,6853,6706,6708,-1,6853,6708,6854,-1,6854,6708,6710,-1,6854,6710,6855,-1,6855,6710,6712,-1,6855,6712,6856,-1,6856,6712,6714,-1,6856,6714,6857,-1,6857,6714,6716,-1,6857,6716,6858,-1,6858,6716,6718,-1,6858,6718,6859,-1,6859,6718,6720,-1,6859,6720,6860,-1,6860,6720,6722,-1,6860,6722,6861,-1,6861,6722,6724,-1,6861,6724,6862,-1,6862,6724,6726,-1,6862,6726,6863,-1,6863,6726,6728,-1,6863,6728,6864,-1,6864,6728,6730,-1,6864,6730,6865,-1,6865,6730,6732,-1,6865,6732,6866,-1,6866,6732,6734,-1,6866,6734,6867,-1,6867,6734,6736,-1,6867,6736,6868,-1,6868,6736,6738,-1,6868,6738,6869,-1,6869,6738,6740,-1,6869,6740,6870,-1,6870,6740,6742,-1,6870,6742,6871,-1,6871,6742,6744,-1,6871,6744,6872,-1,6872,6744,6746,-1,6872,6746,6873,-1,6873,6746,6748,-1,6873,6748,6874,-1,6874,6748,6750,-1,6874,6750,6875,-1,6875,6750,6752,-1,6875,6752,6876,-1,6876,6752,6754,-1,6876,6754,6877,-1,6877,6754,6756,-1,6877,6756,6878,-1,6878,6756,6758,-1,6878,6758,6879,-1,6879,6758,6760,-1,6879,6760,6880,-1,6880,6760,6762,-1,6880,6762,6881,-1,6881,6762,6764,-1,6881,6764,6882,-1,6882,6764,6766,-1,6882,6766,6883,-1,6883,6766,6768,-1,6883,6768,6884,-1,6884,6768,6770,-1,6884,6770,6885,-1,6885,6770,6772,-1,6885,6772,6886,-1,6886,6772,6774,-1,6886,6774,6887,-1,6887,6774,6776,-1,6887,6776,6888,-1,6888,6776,6778,-1,6888,6778,6889,-1,6889,6778,6780,-1,6889,6780,6890,-1,6890,6780,6782,-1,6890,6782,6891,-1,6891,6782,6784,-1,6891,6784,6892,-1,6892,6784,6786,-1,6892,6786,6893,-1,6893,6786,6788,-1,6893,6788,6894,-1,6894,6788,6790,-1,6894,6790,6895,-1,6895,6790,6792,-1,6895,6792,6896,-1,6896,6792,6794,-1,6896,6794,6897,-1,6897,6794,6796,-1,6897,6796,6898,-1,6898,6796,6798,-1,6898,6798,6899,-1,6899,6798,6800,-1,6899,6800,6900,-1,6900,6800,6802,-1,6900,6802,6901,-1,6901,6802,6804,-1,6901,6804,6902,-1,6902,6804,6806,-1,6902,6806,6903,-1,6903,6806,6808,-1,6903,6808,6904,-1,6904,6808,6810,-1,6904,6810,6905,-1,6905,6810,6812,-1,6905,6812,6906,-1,6906,6812,6814,-1,6906,6814,6907,-1,6907,6814,6816,-1,6907,6816,6908,-1,6908,6816,6818,-1,6908,6818,6909,-1,6909,6818,6820,-1,6909,6820,6910,-1,45,50,6911,-1,6911,50,6821,-1,6911,6821,6912,-1,6912,6821,6822,-1,6912,6822,6913,-1,6913,6822,6823,-1,6913,6823,6914,-1,6914,6823,6824,-1,6914,6824,6915,-1,6915,6824,6825,-1,6915,6825,6916,-1,6916,6825,6826,-1,6916,6826,6917,-1,6917,6826,6827,-1,6917,6827,6918,-1,6918,6827,6828,-1,6918,6828,6919,-1,6919,6828,6829,-1,6919,6829,6920,-1,6920,6829,6830,-1,6920,6830,6921,-1,6921,6830,6831,-1,6921,6831,6922,-1,6922,6831,6832,-1,6922,6832,6923,-1,6923,6832,6833,-1,6923,6833,6924,-1,6924,6833,6834,-1,6924,6834,6925,-1,6925,6834,6835,-1,6925,6835,6926,-1,6926,6835,6836,-1,6926,6836,6927,-1,6927,6836,6837,-1,6927,6837,6928,-1,6928,6837,6838,-1,6928,6838,6929,-1,6929,6838,6839,-1,6929,6839,6930,-1,6930,6839,6840,-1,6930,6840,6931,-1,6931,6840,6841,-1,6931,6841,6932,-1,6932,6841,6842,-1,6932,6842,6933,-1,6933,6842,6843,-1,6933,6843,6934,-1,6934,6843,6844,-1,6934,6844,6935,-1,6935,6844,6845,-1,6935,6845,6936,-1,6936,6845,6846,-1,6936,6846,6937,-1,6937,6846,6847,-1,6937,6847,6938,-1,6938,6847,6848,-1,6938,6848,6939,-1,6939,6848,6849,-1,6939,6849,6940,-1,6940,6849,6850,-1,6940,6850,6941,-1,6941,6850,6851,-1,6941,6851,6942,-1,6942,6851,6852,-1,6942,6852,6943,-1,6943,6852,6853,-1,6943,6853,6944,-1,6944,6853,6854,-1,6944,6854,6945,-1,6945,6854,6855,-1,6945,6855,6946,-1,6946,6855,6856,-1,6946,6856,6947,-1,6947,6856,6857,-1,6947,6857,6948,-1,6948,6857,6858,-1,6948,6858,6949,-1,6949,6858,6859,-1,6949,6859,6950,-1,6950,6859,6860,-1,6950,6860,6951,-1,6951,6860,6861,-1,6951,6861,6952,-1,6952,6861,6862,-1,6952,6862,6953,-1,6953,6862,6863,-1,6953,6863,6954,-1,6954,6863,6864,-1,6954,6864,6955,-1,6955,6864,6865,-1,6955,6865,6956,-1,6956,6865,6866,-1,6956,6866,6957,-1,6957,6866,6867,-1,6957,6867,6958,-1,6958,6867,6868,-1,6958,6868,6959,-1,6959,6868,6869,-1,6959,6869,6960,-1,6960,6869,6870,-1,6960,6870,6961,-1,6961,6870,6871,-1,6961,6871,6962,-1,6962,6871,6872,-1,6962,6872,6963,-1,6963,6872,6873,-1,6963,6873,6964,-1,6964,6873,6874,-1,6964,6874,6965,-1,6965,6874,6875,-1,6965,6875,6966,-1,6966,6875,6876,-1,6966,6876,6967,-1,6967,6876,6877,-1,6967,6877,6968,-1,6968,6877,6878,-1,6968,6878,6969,-1,6969,6878,6879,-1,6969,6879,6970,-1,6970,6879,6880,-1,6970,6880,6971,-1,6971,6880,6881,-1,6971,6881,6972,-1,6972,6881,6882,-1,6972,6882,6973,-1,6973,6882,6883,-1,6973,6883,6974,-1,6974,6883,6884,-1,6974,6884,6975,-1,6975,6884,6885,-1,6975,6885,6976,-1,6976,6885,6886,-1,6976,6886,6977,-1,6977,6886,6887,-1,6977,6887,6978,-1,6978,6887,6888,-1,6978,6888,6979,-1,6979,6888,6889,-1,6979,6889,6980,-1,6980,6889,6890,-1,6980,6890,6981,-1,6981,6890,6891,-1,6981,6891,6982,-1,6982,6891,6892,-1,6982,6892,6983,-1,6983,6892,6893,-1,6983,6893,6984,-1,6984,6893,6894,-1,6984,6894,6985,-1,6985,6894,6895,-1,6985,6895,6986,-1,6986,6895,6896,-1,6986,6896,6987,-1,6987,6896,6897,-1,6987,6897,6988,-1,6988,6897,6898,-1,6988,6898,6989,-1,6989,6898,6899,-1,6989,6899,6990,-1,6990,6899,6900,-1,6990,6900,6991,-1,6991,6900,6901,-1,6991,6901,6992,-1,6992,6901,6902,-1,6992,6902,6993,-1,6993,6902,6903,-1,6993,6903,6994,-1,6994,6903,6904,-1,6994,6904,6995,-1,6995,6904,6905,-1,6995,6905,6996,-1,6996,6905,6906,-1,6996,6906,6997,-1,6997,6906,6907,-1,6997,6907,6998,-1,6998,6907,6908,-1,6998,6908,6999,-1,6999,6908,6909,-1,6999,6909,7000,-1,7000,6909,6910,-1,7000,6910,7001,-1,46,45,7002,-1,7002,45,6911,-1,7002,6911,7003,-1,7003,6911,6912,-1,7003,6912,7004,-1,7004,6912,6913,-1,7004,6913,7005,-1,7005,6913,6914,-1,7005,6914,7006,-1,7006,6914,6915,-1,7006,6915,7007,-1,7007,6915,6916,-1,7007,6916,7008,-1,7008,6916,6917,-1,7008,6917,7009,-1,7009,6917,6918,-1,7009,6918,7010,-1,7010,6918,6919,-1,7010,6919,7011,-1,7011,6919,6920,-1,7011,6920,7012,-1,7012,6920,6921,-1,7012,6921,7013,-1,7013,6921,6922,-1,7013,6922,7014,-1,7014,6922,6923,-1,7014,6923,7015,-1,7015,6923,6924,-1,7015,6924,7016,-1,7016,6924,6925,-1,7016,6925,7017,-1,7017,6925,6926,-1,7017,6926,7018,-1,7018,6926,6927,-1,7018,6927,7019,-1,7019,6927,6928,-1,7019,6928,7020,-1,7020,6928,6929,-1,7020,6929,7021,-1,7021,6929,6930,-1,7021,6930,7022,-1,7022,6930,6931,-1,7022,6931,7023,-1,7023,6931,6932,-1,7023,6932,7024,-1,7024,6932,6933,-1,7024,6933,7025,-1,7025,6933,6934,-1,7025,6934,7026,-1,7026,6934,6935,-1,7026,6935,7027,-1,7027,6935,6936,-1,7027,6936,7028,-1,7028,6936,6937,-1,7028,6937,7029,-1,7029,6937,6938,-1,7029,6938,7030,-1,7030,6938,6939,-1,7030,6939,7031,-1,7031,6939,6940,-1,7031,6940,7032,-1,7032,6940,6941,-1,7032,6941,7033,-1,7033,6941,6942,-1,7033,6942,7034,-1,7034,6942,6943,-1,7034,6943,7035,-1,7035,6943,6944,-1,7035,6944,7036,-1,7036,6944,6945,-1,7036,6945,7037,-1,7037,6945,6946,-1,7037,6946,7038,-1,7038,6946,6947,-1,7038,6947,7039,-1,7039,6947,6948,-1,7039,6948,7040,-1,7040,6948,6949,-1,7040,6949,7041,-1,7041,6949,6950,-1,7041,6950,7042,-1,7042,6950,6951,-1,7042,6951,7043,-1,7043,6951,6952,-1,7043,6952,7044,-1,7044,6952,6953,-1,7044,6953,7045,-1,7045,6953,6954,-1,7045,6954,7046,-1,7046,6954,6955,-1,7046,6955,7047,-1,7047,6955,6956,-1,7047,6956,7048,-1,7048,6956,6957,-1,7048,6957,7049,-1,7049,6957,6958,-1,7049,6958,7050,-1,7050,6958,6959,-1,7050,6959,7051,-1,7051,6959,6960,-1,7051,6960,7052,-1,7052,6960,6961,-1,7052,6961,7053,-1,7053,6961,6962,-1,7053,6962,7054,-1,7054,6962,6963,-1,7054,6963,7055,-1,7055,6963,6964,-1,7055,6964,7056,-1,7056,6964,6965,-1,7056,6965,7057,-1,7057,6965,6966,-1,7057,6966,7058,-1,7058,6966,6967,-1,7058,6967,7059,-1,7059,6967,6968,-1,7059,6968,7060,-1,7060,6968,6969,-1,7060,6969,7061,-1,7061,6969,6970,-1,7061,6970,7062,-1,7062,6970,6971,-1,7062,6971,7063,-1,7063,6971,6972,-1,7063,6972,7064,-1,7064,6972,6973,-1,7064,6973,7065,-1,7065,6973,6974,-1,7065,6974,7066,-1,7066,6974,6975,-1,7066,6975,7067,-1,7067,6975,6976,-1,7067,6976,7068,-1,7068,6976,6977,-1,7068,6977,7069,-1,7069,6977,6978,-1,7069,6978,7070,-1,7070,6978,6979,-1,7070,6979,7071,-1,7071,6979,6980,-1,7071,6980,7072,-1,7072,6980,6981,-1,7072,6981,7073,-1,7073,6981,6982,-1,7073,6982,7074,-1,7074,6982,6983,-1,7074,6983,7075,-1,7075,6983,6984,-1,7075,6984,7076,-1,7076,6984,6985,-1,7076,6985,7077,-1,7077,6985,6986,-1,7077,6986,7078,-1,7078,6986,6987,-1,7078,6987,7079,-1,7079,6987,6988,-1,7079,6988,7080,-1,7080,6988,6989,-1,7080,6989,7081,-1,7081,6989,6990,-1,7081,6990,7082,-1,7082,6990,6991,-1,7082,6991,7083,-1,7083,6991,6992,-1,7083,6992,7084,-1,7084,6992,6993,-1,7084,6993,7085,-1,7085,6993,6994,-1,7085,6994,7086,-1,7086,6994,6995,-1,7086,6995,7087,-1,7087,6995,6996,-1,7087,6996,7088,-1,7088,6996,6997,-1,7088,6997,7089,-1,7089,6997,6998,-1,7089,6998,7090,-1,7090,6998,6999,-1,7090,6999,7091,-1,7091,6999,7000,-1,7091,7000,7092,-1,7092,7000,7001,-1,7092,7001,7093,-1,47,46,7094,-1,7094,46,7002,-1,7094,7002,7095,-1,7095,7002,7003,-1,7095,7003,7096,-1,7096,7003,7004,-1,7096,7004,7097,-1,7097,7004,7005,-1,7097,7005,7098,-1,7098,7005,7006,-1,7098,7006,7099,-1,7099,7006,7007,-1,7099,7007,7100,-1,7100,7007,7008,-1,7100,7008,7101,-1,7101,7008,7009,-1,7101,7009,7102,-1,7102,7009,7010,-1,7102,7010,7103,-1,7103,7010,7011,-1,7103,7011,7104,-1,7104,7011,7012,-1,7104,7012,7105,-1,7105,7012,7013,-1,7105,7013,7106,-1,7106,7013,7014,-1,7106,7014,7107,-1,7107,7014,7015,-1,7107,7015,7108,-1,7108,7015,7016,-1,7108,7016,7109,-1,7109,7016,7017,-1,7109,7017,7110,-1,7110,7017,7018,-1,7110,7018,7111,-1,7111,7018,7019,-1,7111,7019,7112,-1,7112,7019,7020,-1,7112,7020,7113,-1,7113,7020,7021,-1,7113,7021,7114,-1,7114,7021,7022,-1,7114,7022,7115,-1,7115,7022,7023,-1,7115,7023,7116,-1,7116,7023,7024,-1,7116,7024,7117,-1,7117,7024,7025,-1,7117,7025,7118,-1,7118,7025,7026,-1,7118,7026,7119,-1,7119,7026,7027,-1,7119,7027,7120,-1,7120,7027,7028,-1,7120,7028,7121,-1,7121,7028,7029,-1,7121,7029,7122,-1,7122,7029,7030,-1,7122,7030,7123,-1,7123,7030,7031,-1,7123,7031,7124,-1,7124,7031,7032,-1,7124,7032,7125,-1,7125,7032,7033,-1,7125,7033,7126,-1,7126,7033,7034,-1,7126,7034,7127,-1,7127,7034,7035,-1,7127,7035,7128,-1,7128,7035,7036,-1,7128,7036,7129,-1,7129,7036,7037,-1,7129,7037,7130,-1,7130,7037,7038,-1,7130,7038,7131,-1,7131,7038,7039,-1,7131,7039,7132,-1,7132,7039,7040,-1,7132,7040,7133,-1,7133,7040,7041,-1,7133,7041,7134,-1,7134,7041,7042,-1,7134,7042,7135,-1,7135,7042,7043,-1,7135,7043,7136,-1,7136,7043,7044,-1,7136,7044,7137,-1,7137,7044,7045,-1,7137,7045,7138,-1,7138,7045,7046,-1,7138,7046,7139,-1,7139,7046,7047,-1,7139,7047,7140,-1,7140,7047,7048,-1,7140,7048,7141,-1,7141,7048,7049,-1,7141,7049,7142,-1,7142,7049,7050,-1,7142,7050,7143,-1,7143,7050,7051,-1,7143,7051,7144,-1,7144,7051,7052,-1,7144,7052,7145,-1,7145,7052,7053,-1,7145,7053,7146,-1,7146,7053,7054,-1,7146,7054,7147,-1,7147,7054,7055,-1,7147,7055,7148,-1,7148,7055,7056,-1,7148,7056,7149,-1,7149,7056,7057,-1,7149,7057,7150,-1,7150,7057,7058,-1,7150,7058,7151,-1,7151,7058,7059,-1,7151,7059,7152,-1,7152,7059,7060,-1,7152,7060,7153,-1,7153,7060,7061,-1,7153,7061,7154,-1,7154,7061,7062,-1,7154,7062,7155,-1,7155,7062,7063,-1,7155,7063,7156,-1,7156,7063,7064,-1,7156,7064,7157,-1,7157,7064,7065,-1,7157,7065,7158,-1,7158,7065,7066,-1,7158,7066,7159,-1,7159,7066,7067,-1,7159,7067,7160,-1,7160,7067,7068,-1,7160,7068,7161,-1,7161,7068,7069,-1,7161,7069,7162,-1,7162,7069,7070,-1,7162,7070,7163,-1,7163,7070,7071,-1,7163,7071,7164,-1,7164,7071,7072,-1,7164,7072,7165,-1,7165,7072,7073,-1,7165,7073,7166,-1,7166,7073,7074,-1,7166,7074,7167,-1,7167,7074,7075,-1,7167,7075,7168,-1,7168,7075,7076,-1,7168,7076,7169,-1,7169,7076,7077,-1,7169,7077,7170,-1,7170,7077,7078,-1,7170,7078,7171,-1,7171,7078,7079,-1,7171,7079,7172,-1,7172,7079,7080,-1,7172,7080,7173,-1,7173,7080,7081,-1,7173,7081,7174,-1,7174,7081,7082,-1,7174,7082,7175,-1,7175,7082,7083,-1,7175,7083,7176,-1,7176,7083,7084,-1,7176,7084,7177,-1,7177,7084,7085,-1,7177,7085,7178,-1,7178,7085,7086,-1,7178,7086,7179,-1,7179,7086,7087,-1,7179,7087,7180,-1,7180,7087,7088,-1,7180,7088,7181,-1,7181,7088,7089,-1,7181,7089,7182,-1,7182,7089,7090,-1,7182,7090,7183,-1,7183,7090,7091,-1,7183,7091,7184,-1,7184,7091,7092,-1,7184,7092,7185,-1,7185,7092,7093,-1,7185,7093,7186,-1,42,47,7187,-1,7187,47,7094,-1,7187,7094,7188,-1,7188,7094,7095,-1,7188,7095,7189,-1,7189,7095,7096,-1,7189,7096,7190,-1,7190,7096,7097,-1,7190,7097,7191,-1,7191,7097,7098,-1,7191,7098,7192,-1,7192,7098,7099,-1,7192,7099,7193,-1,7193,7099,7100,-1,7193,7100,7194,-1,7194,7100,7101,-1,7194,7101,7195,-1,7195,7101,7102,-1,7195,7102,7196,-1,7196,7102,7103,-1,7196,7103,7197,-1,7197,7103,7104,-1,7197,7104,7198,-1,7198,7104,7105,-1,7198,7105,7199,-1,7199,7105,7106,-1,7199,7106,7200,-1,7200,7106,7107,-1,7200,7107,7201,-1,7201,7107,7108,-1,7201,7108,7202,-1,7202,7108,7109,-1,7202,7109,7203,-1,7203,7109,7110,-1,7203,7110,7204,-1,7204,7110,7111,-1,7204,7111,7205,-1,7205,7111,7112,-1,7205,7112,7206,-1,7206,7112,7113,-1,7206,7113,7207,-1,7207,7113,7114,-1,7207,7114,7208,-1,7208,7114,7115,-1,7208,7115,7209,-1,7209,7115,7116,-1,7209,7116,7210,-1,7210,7116,7117,-1,7210,7117,7211,-1,7211,7117,7118,-1,7211,7118,7212,-1,7212,7118,7119,-1,7212,7119,7213,-1,7213,7119,7120,-1,7213,7120,7214,-1,7214,7120,7121,-1,7214,7121,7215,-1,7215,7121,7122,-1,7215,7122,7216,-1,7216,7122,7123,-1,7216,7123,7217,-1,7217,7123,7124,-1,7217,7124,7218,-1,7218,7124,7125,-1,7218,7125,7219,-1,7219,7125,7126,-1,7219,7126,7220,-1,7220,7126,7127,-1,7220,7127,7221,-1,7221,7127,7128,-1,7221,7128,7222,-1,7222,7128,7129,-1,7222,7129,7223,-1,7223,7129,7130,-1,7223,7130,7224,-1,7224,7130,7131,-1,7224,7131,7225,-1,7225,7131,7132,-1,7225,7132,7226,-1,7226,7132,7133,-1,7226,7133,7227,-1,7227,7133,7134,-1,7227,7134,7228,-1,7228,7134,7135,-1,7228,7135,7229,-1,7229,7135,7136,-1,7229,7136,7230,-1,7230,7136,7137,-1,7230,7137,7231,-1,7231,7137,7138,-1,7231,7138,7232,-1,7232,7138,7139,-1,7232,7139,7233,-1,7233,7139,7140,-1,7233,7140,7234,-1,7234,7140,7141,-1,7234,7141,7235,-1,7235,7141,7142,-1,7235,7142,7236,-1,7236,7142,7143,-1,7236,7143,7237,-1,7237,7143,7144,-1,7237,7144,7238,-1,7238,7144,7145,-1,7238,7145,7239,-1,7239,7145,7146,-1,7239,7146,7240,-1,7240,7146,7147,-1,7240,7147,7241,-1,7241,7147,7148,-1,7241,7148,7242,-1,7242,7148,7149,-1,7242,7149,7243,-1,7243,7149,7150,-1,7243,7150,7244,-1,7244,7150,7151,-1,7244,7151,7245,-1,7245,7151,7152,-1,7245,7152,7246,-1,7246,7152,7153,-1,7246,7153,7247,-1,7247,7153,7154,-1,7247,7154,7248,-1,7248,7154,7155,-1,7248,7155,7249,-1,7249,7155,7156,-1,7249,7156,7250,-1,7250,7156,7157,-1,7250,7157,7251,-1,7251,7157,7158,-1,7251,7158,7252,-1,7252,7158,7159,-1,7252,7159,7253,-1,7253,7159,7160,-1,7253,7160,7254,-1,7254,7160,7161,-1,7254,7161,7255,-1,7255,7161,7162,-1,7255,7162,7256,-1,7256,7162,7163,-1,7256,7163,7257,-1,7257,7163,7164,-1,7257,7164,7258,-1,7258,7164,7165,-1,7258,7165,7259,-1,7259,7165,7166,-1,7259,7166,7260,-1,7260,7166,7167,-1,7260,7167,7261,-1,7261,7167,7168,-1,7261,7168,7262,-1,7262,7168,7169,-1,7262,7169,7263,-1,7263,7169,7170,-1,7263,7170,7264,-1,7264,7170,7171,-1,7264,7171,7265,-1,7265,7171,7172,-1,7265,7172,7266,-1,7266,7172,7173,-1,7266,7173,7267,-1,7267,7173,7174,-1,7267,7174,7268,-1,7268,7174,7175,-1,7268,7175,7269,-1,7269,7175,7176,-1,7269,7176,7270,-1,7270,7176,7177,-1,7270,7177,7271,-1,7271,7177,7178,-1,7271,7178,7272,-1,7272,7178,7179,-1,7272,7179,7273,-1,7273,7179,7180,-1,7273,7180,7274,-1,7274,7180,7181,-1,7274,7181,7275,-1,7275,7181,7182,-1,7275,7182,7276,-1,7276,7182,7183,-1,7276,7183,7277,-1,7277,7183,7184,-1,7277,7184,7278,-1,7278,7184,7185,-1,7278,7185,7279,-1,7279,7185,7186,-1,7279,7186,7280,-1,43,42,7281,-1,7281,42,7187,-1,7281,7187,7282,-1,7282,7187,7188,-1,7282,7188,7283,-1,7283,7188,7189,-1,7283,7189,7284,-1,7284,7189,7190,-1,7284,7190,7285,-1,7285,7190,7191,-1,7285,7191,7286,-1,7286,7191,7192,-1,7286,7192,7287,-1,7287,7192,7193,-1,7287,7193,7288,-1,7288,7193,7194,-1,7288,7194,7289,-1,7289,7194,7195,-1,7289,7195,7290,-1,7290,7195,7196,-1,7290,7196,7291,-1,7291,7196,7197,-1,7291,7197,7292,-1,7292,7197,7198,-1,7292,7198,7293,-1,7293,7198,7199,-1,7293,7199,7294,-1,7294,7199,7200,-1,7294,7200,7295,-1,7295,7200,7201,-1,7295,7201,7296,-1,7296,7201,7202,-1,7296,7202,7297,-1,7297,7202,7203,-1,7297,7203,7298,-1,7298,7203,7204,-1,7298,7204,7299,-1,7299,7204,7205,-1,7299,7205,7300,-1,7300,7205,7206,-1,7300,7206,7301,-1,7301,7206,7207,-1,7301,7207,7302,-1,7302,7207,7208,-1,7302,7208,7303,-1,7303,7208,7209,-1,7303,7209,7304,-1,7304,7209,7210,-1,7304,7210,7305,-1,7305,7210,7211,-1,7305,7211,7306,-1,7306,7211,7212,-1,7306,7212,7307,-1,7307,7212,7213,-1,7307,7213,7308,-1,7308,7213,7214,-1,7308,7214,7309,-1,7309,7214,7215,-1,7309,7215,7310,-1,7310,7215,7216,-1,7310,7216,7311,-1,7311,7216,7217,-1,7311,7217,7312,-1,7312,7217,7218,-1,7312,7218,7313,-1,7313,7218,7219,-1,7313,7219,7314,-1,7314,7219,7220,-1,7314,7220,7315,-1,7315,7220,7221,-1,7315,7221,7316,-1,7316,7221,7222,-1,7316,7222,7317,-1,7317,7222,7223,-1,7317,7223,7318,-1,7318,7223,7224,-1,7318,7224,7319,-1,7319,7224,7225,-1,7319,7225,7320,-1,7320,7225,7226,-1,7320,7226,7321,-1,7321,7226,7227,-1,7321,7227,7322,-1,7322,7227,7228,-1,7322,7228,7323,-1,7323,7228,7229,-1,7323,7229,7324,-1,7324,7229,7230,-1,7324,7230,7325,-1,7325,7230,7231,-1,7325,7231,7326,-1,7326,7231,7232,-1,7326,7232,7327,-1,7327,7232,7233,-1,7327,7233,7328,-1,7328,7233,7234,-1,7328,7234,7329,-1,7329,7234,7235,-1,7329,7235,7330,-1,7330,7235,7236,-1,7330,7236,7331,-1,7331,7236,7237,-1,7331,7237,7332,-1,7332,7237,7238,-1,7332,7238,7333,-1,7333,7238,7239,-1,7333,7239,7334,-1,7334,7239,7240,-1,7334,7240,7335,-1,7335,7240,7241,-1,7335,7241,7336,-1,7336,7241,7242,-1,7336,7242,7337,-1,7337,7242,7243,-1,7337,7243,7338,-1,7338,7243,7244,-1,7338,7244,7339,-1,7339,7244,7245,-1,7339,7245,7340,-1,7340,7245,7246,-1,7340,7246,7341,-1,7341,7246,7247,-1,7341,7247,7342,-1,7342,7247,7248,-1,7342,7248,7343,-1,7343,7248,7249,-1,7343,7249,7344,-1,7344,7249,7250,-1,7344,7250,7345,-1,7345,7250,7251,-1,7345,7251,7346,-1,7346,7251,7252,-1,7346,7252,7347,-1,7347,7252,7253,-1,7347,7253,7348,-1,7348,7253,7254,-1,7348,7254,7349,-1,7349,7254,7255,-1,7349,7255,7350,-1,7350,7255,7256,-1,7350,7256,7351,-1,7351,7256,7257,-1,7351,7257,7352,-1,7352,7257,7258,-1,7352,7258,7353,-1,7353,7258,7259,-1,7353,7259,7354,-1,7354,7259,7260,-1,7354,7260,7355,-1,7355,7260,7261,-1,7355,7261,7356,-1,7356,7261,7262,-1,7356,7262,7357,-1,7357,7262,7263,-1,7357,7263,7358,-1,7358,7263,7264,-1,7358,7264,7359,-1,7359,7264,7265,-1,7359,7265,7360,-1,7360,7265,7266,-1,7360,7266,7361,-1,7361,7266,7267,-1,7361,7267,7362,-1,7362,7267,7268,-1,7362,7268,7363,-1,7363,7268,7269,-1,7363,7269,7364,-1,7364,7269,7270,-1,7364,7270,7365,-1,7365,7270,7271,-1,7365,7271,7366,-1,7366,7271,7272,-1,7366,7272,7367,-1,7367,7272,7273,-1,7367,7273,7368,-1,7368,7273,7274,-1,7368,7274,7369,-1,7369,7274,7275,-1,7369,7275,7370,-1,7370,7275,7276,-1,7370,7276,7371,-1,7371,7276,7277,-1,7371,7277,7372,-1,7372,7277,7278,-1,7372,7278,7373,-1,7373,7278,7279,-1,7373,7279,7374,-1,7374,7279,7280,-1,7374,7280,7375,-1,44,43,7376,-1,7376,43,7281,-1,7376,7281,7377,-1,7377,7281,7282,-1,7377,7282,7378,-1,7378,7282,7283,-1,7378,7283,7379,-1,7379,7283,7284,-1,7379,7284,7380,-1,7380,7284,7285,-1,7380,7285,7381,-1,7381,7285,7286,-1,7381,7286,7382,-1,7382,7286,7287,-1,7382,7287,7383,-1,7383,7287,7288,-1,7383,7288,7384,-1,7384,7288,7289,-1,7384,7289,7385,-1,7385,7289,7290,-1,7385,7290,7386,-1,7386,7290,7291,-1,7386,7291,7387,-1,7387,7291,7292,-1,7387,7292,7388,-1,7388,7292,7293,-1,7388,7293,7389,-1,7389,7293,7294,-1,7389,7294,7390,-1,7390,7294,7295,-1,7390,7295,7391,-1,7391,7295,7296,-1,7391,7296,7392,-1,7392,7296,7297,-1,7392,7297,7393,-1,7393,7297,7298,-1,7393,7298,7394,-1,7394,7298,7299,-1,7394,7299,7395,-1,7395,7299,7300,-1,7395,7300,7396,-1,7396,7300,7301,-1,7396,7301,7397,-1,7397,7301,7302,-1,7397,7302,7398,-1,7398,7302,7303,-1,7398,7303,7399,-1,7399,7303,7304,-1,7399,7304,7400,-1,7400,7304,7305,-1,7400,7305,7401,-1,7401,7305,7306,-1,7401,7306,7402,-1,7402,7306,7307,-1,7402,7307,7403,-1,7403,7307,7308,-1,7403,7308,7404,-1,7404,7308,7309,-1,7404,7309,7405,-1,7405,7309,7310,-1,7405,7310,7406,-1,7406,7310,7311,-1,7406,7311,7407,-1,7407,7311,7312,-1,7407,7312,7408,-1,7408,7312,7313,-1,7408,7313,7409,-1,7409,7313,7314,-1,7409,7314,7410,-1,7410,7314,7315,-1,7410,7315,7411,-1,7411,7315,7316,-1,7411,7316,7412,-1,7412,7316,7317,-1,7412,7317,7413,-1,7413,7317,7318,-1,7413,7318,7414,-1,7414,7318,7319,-1,7414,7319,7415,-1,7415,7319,7320,-1,7415,7320,7416,-1,7416,7320,7321,-1,7416,7321,7417,-1,7417,7321,7322,-1,7417,7322,7418,-1,7418,7322,7323,-1,7418,7323,7419,-1,7419,7323,7324,-1,7419,7324,7420,-1,7420,7324,7325,-1,7420,7325,7421,-1,7421,7325,7326,-1,7421,7326,7422,-1,7422,7326,7327,-1,7422,7327,7423,-1,7423,7327,7328,-1,7423,7328,7424,-1,7424,7328,7329,-1,7424,7329,7425,-1,7425,7329,7330,-1,7425,7330,7426,-1,7426,7330,7331,-1,7426,7331,7427,-1,7427,7331,7332,-1,7427,7332,7428,-1,7428,7332,7333,-1,7428,7333,7429,-1,7429,7333,7334,-1,7429,7334,7430,-1,7430,7334,7335,-1,7430,7335,7431,-1,7431,7335,7336,-1,7431,7336,7432,-1,7432,7336,7337,-1,7432,7337,7433,-1,7433,7337,7338,-1,7433,7338,7434,-1,7434,7338,7339,-1,7434,7339,7435,-1,7435,7339,7340,-1,7435,7340,7436,-1,7436,7340,7341,-1,7436,7341,7437,-1,7437,7341,7342,-1,7437,7342,7438,-1,7438,7342,7343,-1,7438,7343,7439,-1,7439,7343,7344,-1,7439,7344,7440,-1,7440,7344,7345,-1,7440,7345,7441,-1,7441,7345,7346,-1,7441,7346,7442,-1,7442,7346,7347,-1,7442,7347,7443,-1,7443,7347,7348,-1,7443,7348,7444,-1,7444,7348,7349,-1,7444,7349,7445,-1,7445,7349,7350,-1,7445,7350,7446,-1,7446,7350,7351,-1,7446,7351,7447,-1,7447,7351,7352,-1,7447,7352,7448,-1,7448,7352,7353,-1,7448,7353,7449,-1,7449,7353,7354,-1,7449,7354,7450,-1,7450,7354,7355,-1,7450,7355,7451,-1,7451,7355,7356,-1,7451,7356,7452,-1,7452,7356,7357,-1,7452,7357,7453,-1,7453,7357,7358,-1,7453,7358,7454,-1,7454,7358,7359,-1,7454,7359,7455,-1,7455,7359,7360,-1,7455,7360,7456,-1,7456,7360,7361,-1,7456,7361,7457,-1,7457,7361,7362,-1,7457,7362,7458,-1,7458,7362,7363,-1,7458,7363,7459,-1,7459,7363,7364,-1,7459,7364,7460,-1,7460,7364,7365,-1,7460,7365,7461,-1,7461,7365,7366,-1,7461,7366,7462,-1,7462,7366,7367,-1,7462,7367,7463,-1,7463,7367,7368,-1,7463,7368,7464,-1,7464,7368,7369,-1,7464,7369,7465,-1,7465,7369,7370,-1,7465,7370,7466,-1,7466,7370,7371,-1,7466,7371,7467,-1,7467,7371,7372,-1,7467,7372,7468,-1,7468,7372,7373,-1,7468,7373,7469,-1,7469,7373,7374,-1,7469,7374,7470,-1,7470,7374,7375,-1,7470,7375,7471,-1,39,44,7472,-1,7472,44,7376,-1,7472,7376,7473,-1,7473,7376,7377,-1,7473,7377,7474,-1,7474,7377,7378,-1,7474,7378,7475,-1,7475,7378,7379,-1,7475,7379,7476,-1,7476,7379,7380,-1,7476,7380,7477,-1,7477,7380,7381,-1,7477,7381,7478,-1,7478,7381,7382,-1,7478,7382,7479,-1,7479,7382,7383,-1,7479,7383,7480,-1,7480,7383,7384,-1,7480,7384,7481,-1,7481,7384,7385,-1,7481,7385,7482,-1,7482,7385,7386,-1,7482,7386,7483,-1,7483,7386,7387,-1,7483,7387,7484,-1,7484,7387,7388,-1,7484,7388,7485,-1,7485,7388,7389,-1,7485,7389,7486,-1,7486,7389,7390,-1,7486,7390,7487,-1,7487,7390,7391,-1,7487,7391,7488,-1,7488,7391,7392,-1,7488,7392,7489,-1,7489,7392,7393,-1,7489,7393,7490,-1,7490,7393,7394,-1,7490,7394,7491,-1,7491,7394,7395,-1,7491,7395,7492,-1,7492,7395,7396,-1,7492,7396,7493,-1,7493,7396,7397,-1,7493,7397,7494,-1,7494,7397,7398,-1,7494,7398,7495,-1,7495,7398,7399,-1,7495,7399,7496,-1,7496,7399,7400,-1,7496,7400,7497,-1,7497,7400,7401,-1,7497,7401,7498,-1,7498,7401,7402,-1,7498,7402,7499,-1,7499,7402,7403,-1,7499,7403,7500,-1,7500,7403,7404,-1,7500,7404,7501,-1,7501,7404,7405,-1,7501,7405,7502,-1,7502,7405,7406,-1,7502,7406,7503,-1,7503,7406,7407,-1,7503,7407,7504,-1,7504,7407,7408,-1,7504,7408,7505,-1,7505,7408,7409,-1,7505,7409,7506,-1,7506,7409,7410,-1,7506,7410,7507,-1,7507,7410,7411,-1,7507,7411,7508,-1,7508,7411,7412,-1,7508,7412,7509,-1,7509,7412,7413,-1,7509,7413,7510,-1,7510,7413,7414,-1,7510,7414,7511,-1,7511,7414,7415,-1,7511,7415,7512,-1,7512,7415,7416,-1,7512,7416,7513,-1,7513,7416,7417,-1,7513,7417,7514,-1,7514,7417,7418,-1,7514,7418,7515,-1,7515,7418,7419,-1,7515,7419,7516,-1,7516,7419,7420,-1,7516,7420,7517,-1,7517,7420,7421,-1,7517,7421,7518,-1,7518,7421,7422,-1,7518,7422,7519,-1,7519,7422,7423,-1,7519,7423,7520,-1,7520,7423,7424,-1,7520,7424,7521,-1,7521,7424,7425,-1,7521,7425,7522,-1,7522,7425,7426,-1,7522,7426,7523,-1,7523,7426,7427,-1,7523,7427,7524,-1,7524,7427,7428,-1,7524,7428,7525,-1,7525,7428,7429,-1,7525,7429,7526,-1,7526,7429,7430,-1,7526,7430,7527,-1,7527,7430,7431,-1,7527,7431,7528,-1,7528,7431,7432,-1,7528,7432,7529,-1,7529,7432,7433,-1,7529,7433,7530,-1,7530,7433,7434,-1,7530,7434,7531,-1,7531,7434,7435,-1,7531,7435,7532,-1,7532,7435,7436,-1,7532,7436,7533,-1,7533,7436,7437,-1,7533,7437,7534,-1,7534,7437,7438,-1,7534,7438,7535,-1,7535,7438,7439,-1,7535,7439,7536,-1,7536,7439,7440,-1,7536,7440,7537,-1,7537,7440,7441,-1,7537,7441,7538,-1,7538,7441,7442,-1,7538,7442,7539,-1,7539,7442,7443,-1,7539,7443,7540,-1,7540,7443,7444,-1,7540,7444,7541,-1,7541,7444,7445,-1,7541,7445,7542,-1,7542,7445,7446,-1,7542,7446,7543,-1,7543,7446,7447,-1,7543,7447,7544,-1,7544,7447,7448,-1,7544,7448,7545,-1,7545,7448,7449,-1,7545,7449,7546,-1,7546,7449,7450,-1,7546,7450,7547,-1,7547,7450,7451,-1,7547,7451,7548,-1,7548,7451,7452,-1,7548,7452,7549,-1,7549,7452,7453,-1,7549,7453,7550,-1,7550,7453,7454,-1,7550,7454,7551,-1,7551,7454,7455,-1,7551,7455,7552,-1,7552,7455,7456,-1,7552,7456,7553,-1,7553,7456,7457,-1,7553,7457,7554,-1,7554,7457,7458,-1,7554,7458,7555,-1,7555,7458,7459,-1,7555,7459,7556,-1,7556,7459,7460,-1,7556,7460,7557,-1,7557,7460,7461,-1,7557,7461,7558,-1,7558,7461,7462,-1,7558,7462,7559,-1,7559,7462,7463,-1,7559,7463,7560,-1,7560,7463,7464,-1,7560,7464,7561,-1,7561,7464,7465,-1,7561,7465,7562,-1,7562,7465,7466,-1,7562,7466,7563,-1,7563,7466,7467,-1,7563,7467,7564,-1,7564,7467,7468,-1,7564,7468,7565,-1,7565,7468,7469,-1,7565,7469,7566,-1,7566,7469,7470,-1,7566,7470,7567,-1,7567,7470,7471,-1,7567,7471,7568,-1,40,39,7569,-1,7569,39,7472,-1,7569,7472,7570,-1,7570,7472,7473,-1,7570,7473,7571,-1,7571,7473,7474,-1,7571,7474,7572,-1,7572,7474,7475,-1,7572,7475,7573,-1,7573,7475,7476,-1,7573,7476,7574,-1,7574,7476,7477,-1,7574,7477,7575,-1,7575,7477,7478,-1,7575,7478,7576,-1,7576,7478,7479,-1,7576,7479,7577,-1,7577,7479,7480,-1,7577,7480,7578,-1,7578,7480,7481,-1,7578,7481,7579,-1,7579,7481,7482,-1,7579,7482,7580,-1,7580,7482,7483,-1,7580,7483,7581,-1,7581,7483,7484,-1,7581,7484,7582,-1,7582,7484,7485,-1,7582,7485,7583,-1,7583,7485,7486,-1,7583,7486,7584,-1,7584,7486,7487,-1,7584,7487,7585,-1,7585,7487,7488,-1,7585,7488,7586,-1,7586,7488,7489,-1,7586,7489,7587,-1,7587,7489,7490,-1,7587,7490,7588,-1,7588,7490,7491,-1,7588,7491,7589,-1,7589,7491,7492,-1,7589,7492,7590,-1,7590,7492,7493,-1,7590,7493,7591,-1,7591,7493,7494,-1,7591,7494,7592,-1,7592,7494,7495,-1,7592,7495,7593,-1,7593,7495,7496,-1,7593,7496,7594,-1,7594,7496,7497,-1,7594,7497,7595,-1,7595,7497,7498,-1,7595,7498,7596,-1,7596,7498,7499,-1,7596,7499,7597,-1,7597,7499,7500,-1,7597,7500,7598,-1,7598,7500,7501,-1,7598,7501,7599,-1,7599,7501,7502,-1,7599,7502,7600,-1,7600,7502,7503,-1,7600,7503,7601,-1,7601,7503,7504,-1,7601,7504,7602,-1,7602,7504,7505,-1,7602,7505,7603,-1,7603,7505,7506,-1,7603,7506,7604,-1,7604,7506,7507,-1,7604,7507,7605,-1,7605,7507,7508,-1,7605,7508,7606,-1,7606,7508,7509,-1,7606,7509,7607,-1,7607,7509,7510,-1,7607,7510,7608,-1,7608,7510,7511,-1,7608,7511,7609,-1,7609,7511,7512,-1,7609,7512,7610,-1,7610,7512,7513,-1,7610,7513,7611,-1,7611,7513,7514,-1,7611,7514,7612,-1,7612,7514,7515,-1,7612,7515,7613,-1,7613,7515,7516,-1,7613,7516,7614,-1,7614,7516,7517,-1,7614,7517,7615,-1,7615,7517,7518,-1,7615,7518,7616,-1,7616,7518,7519,-1,7616,7519,7617,-1,7617,7519,7520,-1,7617,7520,7618,-1,7618,7520,7521,-1,7618,7521,7619,-1,7619,7521,7522,-1,7619,7522,7620,-1,7620,7522,7523,-1,7620,7523,7621,-1,7621,7523,7524,-1,7621,7524,7622,-1,7622,7524,7525,-1,7622,7525,7623,-1,7623,7525,7526,-1,7623,7526,7624,-1,7624,7526,7527,-1,7624,7527,7625,-1,7625,7527,7528,-1,7625,7528,7626,-1,7626,7528,7529,-1,7626,7529,7627,-1,7627,7529,7530,-1,7627,7530,7628,-1,7628,7530,7531,-1,7628,7531,7629,-1,7629,7531,7532,-1,7629,7532,7630,-1,7630,7532,7533,-1,7630,7533,7631,-1,7631,7533,7534,-1,7631,7534,7632,-1,7632,7534,7535,-1,7632,7535,7633,-1,7633,7535,7536,-1,7633,7536,7634,-1,7634,7536,7537,-1,7634,7537,7635,-1,7635,7537,7538,-1,7635,7538,7636,-1,7636,7538,7539,-1,7636,7539,7637,-1,7637,7539,7540,-1,7637,7540,7638,-1,7638,7540,7541,-1,7638,7541,7639,-1,7639,7541,7542,-1,7639,7542,7640,-1,7640,7542,7543,-1,7640,7543,7641,-1,7641,7543,7544,-1,7641,7544,7642,-1,7642,7544,7545,-1,7642,7545,7643,-1,7643,7545,7546,-1,7643,7546,7644,-1,7644,7546,7547,-1,7644,7547,7645,-1,7645,7547,7548,-1,7645,7548,7646,-1,7646,7548,7549,-1,7646,7549,7647,-1,7647,7549,7550,-1,7647,7550,7648,-1,7648,7550,7551,-1,7648,7551,7649,-1,7649,7551,7552,-1,7649,7552,7650,-1,7650,7552,7553,-1,7650,7553,7651,-1,7651,7553,7554,-1,7651,7554,7652,-1,7652,7554,7555,-1,7652,7555,7653,-1,7653,7555,7556,-1,7653,7556,7654,-1,7654,7556,7557,-1,7654,7557,7655,-1,7655,7557,7558,-1,7655,7558,7656,-1,7656,7558,7559,-1,7656,7559,7657,-1,7657,7559,7560,-1,7657,7560,7658,-1,7658,7560,7561,-1,7658,7561,7659,-1,7659,7561,7562,-1,7659,7562,7660,-1,7660,7562,7563,-1,7660,7563,7661,-1,7661,7563,7564,-1,7661,7564,7662,-1,7662,7564,7565,-1,7662,7565,7663,-1,7663,7565,7566,-1,7663,7566,7664,-1,7664,7566,7567,-1,7664,7567,7665,-1,7665,7567,7568,-1,7665,7568,7666,-1,41,40,7667,-1,7667,40,7569,-1,7667,7569,7668,-1,7668,7569,7570,-1,7668,7570,7669,-1,7669,7570,7571,-1,7669,7571,7670,-1,7670,7571,7572,-1,7670,7572,7671,-1,7671,7572,7573,-1,7671,7573,7672,-1,7672,7573,7574,-1,7672,7574,7673,-1,7673,7574,7575,-1,7673,7575,7674,-1,7674,7575,7576,-1,7674,7576,7675,-1,7675,7576,7577,-1,7675,7577,7676,-1,7676,7577,7578,-1,7676,7578,7677,-1,7677,7578,7579,-1,7677,7579,7678,-1,7678,7579,7580,-1,7678,7580,7679,-1,7679,7580,7581,-1,7679,7581,7680,-1,7680,7581,7582,-1,7680,7582,7681,-1,7681,7582,7583,-1,7681,7583,7682,-1,7682,7583,7584,-1,7682,7584,7683,-1,7683,7584,7585,-1,7683,7585,7684,-1,7684,7585,7586,-1,7684,7586,7685,-1,7685,7586,7587,-1,7685,7587,7686,-1,7686,7587,7588,-1,7686,7588,7687,-1,7687,7588,7589,-1,7687,7589,7688,-1,7688,7589,7590,-1,7688,7590,7689,-1,7689,7590,7591,-1,7689,7591,7690,-1,7690,7591,7592,-1,7690,7592,7691,-1,7691,7592,7593,-1,7691,7593,7692,-1,7692,7593,7594,-1,7692,7594,7693,-1,7693,7594,7595,-1,7693,7595,7694,-1,7694,7595,7596,-1,7694,7596,7695,-1,7695,7596,7597,-1,7695,7597,7696,-1,7696,7597,7598,-1,7696,7598,7697,-1,7697,7598,7599,-1,7697,7599,7698,-1,7698,7599,7600,-1,7698,7600,7699,-1,7699,7600,7601,-1,7699,7601,7700,-1,7700,7601,7602,-1,7700,7602,7701,-1,7701,7602,7603,-1,7701,7603,7702,-1,7702,7603,7604,-1,7702,7604,7703,-1,7703,7604,7605,-1,7703,7605,7704,-1,7704,7605,7606,-1,7704,7606,7705,-1,7705,7606,7607,-1,7705,7607,7706,-1,7706,7607,7608,-1,7706,7608,7707,-1,7707,7608,7609,-1,7707,7609,7708,-1,7708,7609,7610,-1,7708,7610,7709,-1,7709,7610,7611,-1,7709,7611,7710,-1,7710,7611,7612,-1,7710,7612,7711,-1,7711,7612,7613,-1,7711,7613,7712,-1,7712,7613,7614,-1,7712,7614,7713,-1,7713,7614,7615,-1,7713,7615,7714,-1,7714,7615,7616,-1,7714,7616,7715,-1,7715,7616,7617,-1,7715,7617,7716,-1,7716,7617,7618,-1,7716,7618,7717,-1,7717,7618,7619,-1,7717,7619,7718,-1,7718,7619,7620,-1,7718,7620,7719,-1,7719,7620,7621,-1,7719,7621,7720,-1,7720,7621,7622,-1,7720,7622,7721,-1,7721,7622,7623,-1,7721,7623,7722,-1,7722,7623,7624,-1,7722,7624,7723,-1,7723,7624,7625,-1,7723,7625,7724,-1,7724,7625,7626,-1,7724,7626,7725,-1,7725,7626,7627,-1,7725,7627,7726,-1,7726,7627,7628,-1,7726,7628,7727,-1,7727,7628,7629,-1,7727,7629,7728,-1,7728,7629,7630,-1,7728,7630,7729,-1,7729,7630,7631,-1,7729,7631,7730,-1,7730,7631,7632,-1,7730,7632,7731,-1,7731,7632,7633,-1,7731,7633,7732,-1,7732,7633,7634,-1,7732,7634,7733,-1,7733,7634,7635,-1,7733,7635,7734,-1,7734,7635,7636,-1,7734,7636,7735,-1,7735,7636,7637,-1,7735,7637,7736,-1,7736,7637,7638,-1,7736,7638,7737,-1,7737,7638,7639,-1,7737,7639,7738,-1,7738,7639,7640,-1,7738,7640,7739,-1,7739,7640,7641,-1,7739,7641,7740,-1,7740,7641,7642,-1,7740,7642,7741,-1,7741,7642,7643,-1,7741,7643,7742,-1,7742,7643,7644,-1,7742,7644,7743,-1,7743,7644,7645,-1,7743,7645,7744,-1,7744,7645,7646,-1,7744,7646,7745,-1,7745,7646,7647,-1,7745,7647,7746,-1,7746,7647,7648,-1,7746,7648,7747,-1,7747,7648,7649,-1,7747,7649,7748,-1,7748,7649,7650,-1,7748,7650,7749,-1,7749,7650,7651,-1,7749,7651,7750,-1,7750,7651,7652,-1,7750,7652,7751,-1,7751,7652,7653,-1,7751,7653,7752,-1,7752,7653,7654,-1,7752,7654,7753,-1,7753,7654,7655,-1,7753,7655,7754,-1,7754,7655,7656,-1,7754,7656,7755,-1,7755,7656,7657,-1,7755,7657,7756,-1,7756,7657,7658,-1,7756,7658,7757,-1,7757,7658,7659,-1,7757,7659,7758,-1,7758,7659,7660,-1,7758,7660,7759,-1,7759,7660,7661,-1,7759,7661,7760,-1,7760,7661,7662,-1,7760,7662,7761,-1,7761,7662,7663,-1,7761,7663,7762,-1,7762,7663,7664,-1,7762,7664,7763,-1,7763,7664,7665,-1,7763,7665,7764,-1,7764,7665,7666,-1,7764,7666,7765,-1,36,41,7766,-1,7766,41,7667,-1,7766,7667,7767,-1,7767,7667,7668,-1,7767,7668,7768,-1,7768,7668,7669,-1,7768,7669,7769,-1,7769,7669,7670,-1,7769,7670,7770,-1,7770,7670,7671,-1,7770,7671,7771,-1,7771,7671,7672,-1,7771,7672,7772,-1,7772,7672,7673,-1,7772,7673,7773,-1,7773,7673,7674,-1,7773,7674,7774,-1,7774,7674,7675,-1,7774,7675,7775,-1,7775,7675,7676,-1,7775,7676,7776,-1,7776,7676,7677,-1,7776,7677,7777,-1,7777,7677,7678,-1,7777,7678,7778,-1,7778,7678,7679,-1,7778,7679,7779,-1,7779,7679,7680,-1,7779,7680,7780,-1,7780,7680,7681,-1,7780,7681,7781,-1,7781,7681,7682,-1,7781,7682,7782,-1,7782,7682,7683,-1,7782,7683,7783,-1,7783,7683,7684,-1,7783,7684,7784,-1,7784,7684,7685,-1,7784,7685,7785,-1,7785,7685,7686,-1,7785,7686,7786,-1,7786,7686,7687,-1,7786,7687,7787,-1,7787,7687,7688,-1,7787,7688,7788,-1,7788,7688,7689,-1,7788,7689,7789,-1,7789,7689,7690,-1,7789,7690,7790,-1,7790,7690,7691,-1,7790,7691,7791,-1,7791,7691,7692,-1,7791,7692,7792,-1,7792,7692,7693,-1,7792,7693,7793,-1,7793,7693,7694,-1,7793,7694,7794,-1,7794,7694,7695,-1,7794,7695,7795,-1,7795,7695,7696,-1,7795,7696,7796,-1,7796,7696,7697,-1,7796,7697,7797,-1,7797,7697,7698,-1,7797,7698,7798,-1,7798,7698,7699,-1,7798,7699,7799,-1,7799,7699,7700,-1,7799,7700,7800,-1,7800,7700,7701,-1,7800,7701,7801,-1,7801,7701,7702,-1,7801,7702,7802,-1,7802,7702,7703,-1,7802,7703,7803,-1,7803,7703,7704,-1,7803,7704,7804,-1,7804,7704,7705,-1,7804,7705,7805,-1,7805,7705,7706,-1,7805,7706,7806,-1,7806,7706,7707,-1,7806,7707,7807,-1,7807,7707,7708,-1,7807,7708,7808,-1,7808,7708,7709,-1,7808,7709,7809,-1,7809,7709,7710,-1,7809,7710,7810,-1,7810,7710,7711,-1,7810,7711,7811,-1,7811,7711,7712,-1,7811,7712,7812,-1,7812,7712,7713,-1,7812,7713,7813,-1,7813,7713,7714,-1,7813,7714,7814,-1,7814,7714,7715,-1,7814,7715,7815,-1,7815,7715,7716,-1,7815,7716,7816,-1,7816,7716,7717,-1,7816,7717,7817,-1,7817,7717,7718,-1,7817,7718,7818,-1,7818,7718,7719,-1,7818,7719,7819,-1,7819,7719,7720,-1,7819,7720,7820,-1,7820,7720,7721,-1,7820,7721,7821,-1,7821,7721,7722,-1,7821,7722,7822,-1,7822,7722,7723,-1,7822,7723,7823,-1,7823,7723,7724,-1,7823,7724,7824,-1,7824,7724,7725,-1,7824,7725,7825,-1,7825,7725,7726,-1,7825,7726,7826,-1,7826,7726,7727,-1,7826,7727,7827,-1,7827,7727,7728,-1,7827,7728,7828,-1,7828,7728,7729,-1,7828,7729,7829,-1,7829,7729,7730,-1,7829,7730,7830,-1,7830,7730,7731,-1,7830,7731,7831,-1,7831,7731,7732,-1,7831,7732,7832,-1,7832,7732,7733,-1,7832,7733,7833,-1,7833,7733,7734,-1,7833,7734,7834,-1,7834,7734,7735,-1,7834,7735,7835,-1,7835,7735,7736,-1,7835,7736,7836,-1,7836,7736,7737,-1,7836,7737,7837,-1,7837,7737,7738,-1,7837,7738,7838,-1,7838,7738,7739,-1,7838,7739,7839,-1,7839,7739,7740,-1,7839,7740,7840,-1,7840,7740,7741,-1,7840,7741,7841,-1,7841,7741,7742,-1,7841,7742,7842,-1,7842,7742,7743,-1,7842,7743,7843,-1,7843,7743,7744,-1,7843,7744,7844,-1,7844,7744,7745,-1,7844,7745,7845,-1,7845,7745,7746,-1,7845,7746,7846,-1,7846,7746,7747,-1,7846,7747,7847,-1,7847,7747,7748,-1,7847,7748,7848,-1,7848,7748,7749,-1,7848,7749,7849,-1,7849,7749,7750,-1,7849,7750,7850,-1,7850,7750,7751,-1,7850,7751,7851,-1,7851,7751,7752,-1,7851,7752,7852,-1,7852,7752,7753,-1,7852,7753,7853,-1,7853,7753,7754,-1,7853,7754,7854,-1,7854,7754,7755,-1,7854,7755,7855,-1,7855,7755,7756,-1,7855,7756,7856,-1,7856,7756,7757,-1,7856,7757,7857,-1,7857,7757,7758,-1,7857,7758,7858,-1,7858,7758,7759,-1,7858,7759,7859,-1,7859,7759,7760,-1,7859,7760,7860,-1,7860,7760,7761,-1,7860,7761,7861,-1,7861,7761,7762,-1,7861,7762,7862,-1,7862,7762,7763,-1,7862,7763,7863,-1,7863,7763,7764,-1,7863,7764,7864,-1,7864,7764,7765,-1,7864,7765,7865,-1,37,36,7866,-1,7866,36,7766,-1,7866,7766,7867,-1,7867,7766,7767,-1,7867,7767,7868,-1,7868,7767,7768,-1,7868,7768,7869,-1,7869,7768,7769,-1,7869,7769,7870,-1,7870,7769,7770,-1,7870,7770,7871,-1,7871,7770,7771,-1,7871,7771,7872,-1,7872,7771,7772,-1,7872,7772,7873,-1,7873,7772,7773,-1,7873,7773,7874,-1,7874,7773,7774,-1,7874,7774,7875,-1,7875,7774,7775,-1,7875,7775,7876,-1,7876,7775,7776,-1,7876,7776,7877,-1,7877,7776,7777,-1,7877,7777,7878,-1,7878,7777,7778,-1,7878,7778,7879,-1,7879,7778,7779,-1,7879,7779,7880,-1,7880,7779,7780,-1,7880,7780,7881,-1,7881,7780,7781,-1,7881,7781,7882,-1,7882,7781,7782,-1,7882,7782,7883,-1,7883,7782,7783,-1,7883,7783,7884,-1,7884,7783,7784,-1,7884,7784,7885,-1,7885,7784,7785,-1,7885,7785,7886,-1,7886,7785,7786,-1,7886,7786,7887,-1,7887,7786,7787,-1,7887,7787,7888,-1,7888,7787,7788,-1,7888,7788,7889,-1,7889,7788,7789,-1,7889,7789,7890,-1,7890,7789,7790,-1,7890,7790,7891,-1,7891,7790,7791,-1,7891,7791,7892,-1,7892,7791,7792,-1,7892,7792,7893,-1,7893,7792,7793,-1,7893,7793,7894,-1,7894,7793,7794,-1,7894,7794,7895,-1,7895,7794,7795,-1,7895,7795,7896,-1,7896,7795,7796,-1,7896,7796,7897,-1,7897,7796,7797,-1,7897,7797,7898,-1,7898,7797,7798,-1,7898,7798,7899,-1,7899,7798,7799,-1,7899,7799,7900,-1,7900,7799,7800,-1,7900,7800,7901,-1,7901,7800,7801,-1,7901,7801,7902,-1,7902,7801,7802,-1,7902,7802,7903,-1,7903,7802,7803,-1,7903,7803,7904,-1,7904,7803,7804,-1,7904,7804,7905,-1,7905,7804,7805,-1,7905,7805,7906,-1,7906,7805,7806,-1,7906,7806,7907,-1,7907,7806,7807,-1,7907,7807,7908,-1,7908,7807,7808,-1,7908,7808,7909,-1,7909,7808,7809,-1,7909,7809,7910,-1,7910,7809,7810,-1,7910,7810,7911,-1,7911,7810,7811,-1,7911,7811,7912,-1,7912,7811,7812,-1,7912,7812,7913,-1,7913,7812,7813,-1,7913,7813,7914,-1,7914,7813,7814,-1,7914,7814,7915,-1,7915,7814,7815,-1,7915,7815,7916,-1,7916,7815,7816,-1,7916,7816,7917,-1,7917,7816,7817,-1,7917,7817,7918,-1,7918,7817,7818,-1,7918,7818,7919,-1,7919,7818,7819,-1,7919,7819,7920,-1,7920,7819,7820,-1,7920,7820,7921,-1,7921,7820,7821,-1,7921,7821,7922,-1,7922,7821,7822,-1,7922,7822,7923,-1,7923,7822,7823,-1,7923,7823,7924,-1,7924,7823,7824,-1,7924,7824,7925,-1,7925,7824,7825,-1,7925,7825,7926,-1,7926,7825,7826,-1,7926,7826,7927,-1,7927,7826,7827,-1,7927,7827,7928,-1,7928,7827,7828,-1,7928,7828,7929,-1,7929,7828,7829,-1,7929,7829,7930,-1,7930,7829,7830,-1,7930,7830,7931,-1,7931,7830,7831,-1,7931,7831,7932,-1,7932,7831,7832,-1,7932,7832,7933,-1,7933,7832,7833,-1,7933,7833,7934,-1,7934,7833,7834,-1,7934,7834,7935,-1,7935,7834,7835,-1,7935,7835,7936,-1,7936,7835,7836,-1,7936,7836,7937,-1,7937,7836,7837,-1,7937,7837,7938,-1,7938,7837,7838,-1,7938,7838,7939,-1,7939,7838,7839,-1,7939,7839,7940,-1,7940,7839,7840,-1,7940,7840,7941,-1,7941,7840,7841,-1,7941,7841,7942,-1,7942,7841,7842,-1,7942,7842,7943,-1,7943,7842,7843,-1,7943,7843,7944,-1,7944,7843,7844,-1,7944,7844,7945,-1,7945,7844,7845,-1,7945,7845,7946,-1,7946,7845,7846,-1,7946,7846,7947,-1,7947,7846,7847,-1,7947,7847,7948,-1,7948,7847,7848,-1,7948,7848,7949,-1,7949,7848,7849,-1,7949,7849,7950,-1,7950,7849,7850,-1,7950,7850,7951,-1,7951,7850,7851,-1,7951,7851,7952,-1,7952,7851,7852,-1,7952,7852,7953,-1,7953,7852,7853,-1,7953,7853,7954,-1,7954,7853,7854,-1,7954,7854,7955,-1,7955,7854,7855,-1,7955,7855,7956,-1,7956,7855,7856,-1,7956,7856,7957,-1,7957,7856,7857,-1,7957,7857,7958,-1,7958,7857,7858,-1,7958,7858,7959,-1,7959,7858,7859,-1,7959,7859,7960,-1,7960,7859,7860,-1,7960,7860,7961,-1,7961,7860,7861,-1,7961,7861,7962,-1,7962,7861,7862,-1,7962,7862,7963,-1,7963,7862,7863,-1,7963,7863,7964,-1,7964,7863,7864,-1,7964,7864,7965,-1,7965,7864,7865,-1,7965,7865,7966,-1,38,37,7967,-1,7967,37,7866,-1,7967,7866,7968,-1,7968,7866,7867,-1,7968,7867,7969,-1,7969,7867,7868,-1,7969,7868,7970,-1,7970,7868,7869,-1,7970,7869,7971,-1,7971,7869,7870,-1,7971,7870,7972,-1,7972,7870,7871,-1,7972,7871,7973,-1,7973,7871,7872,-1,7973,7872,7974,-1,7974,7872,7873,-1,7974,7873,7975,-1,7975,7873,7874,-1,7975,7874,7976,-1,7976,7874,7875,-1,7976,7875,7977,-1,7977,7875,7876,-1,7977,7876,7978,-1,7978,7876,7877,-1,7978,7877,7979,-1,7979,7877,7878,-1,7979,7878,7980,-1,7980,7878,7879,-1,7980,7879,7981,-1,7981,7879,7880,-1,7981,7880,7982,-1,7982,7880,7881,-1,7982,7881,7983,-1,7983,7881,7882,-1,7983,7882,7984,-1,7984,7882,7883,-1,7984,7883,7985,-1,7985,7883,7884,-1,7985,7884,7986,-1,7986,7884,7885,-1,7986,7885,7987,-1,7987,7885,7886,-1,7987,7886,7988,-1,7988,7886,7887,-1,7988,7887,7989,-1,7989,7887,7888,-1,7989,7888,7990,-1,7990,7888,7889,-1,7990,7889,7991,-1,7991,7889,7890,-1,7991,7890,7992,-1,7992,7890,7891,-1,7992,7891,7993,-1,7993,7891,7892,-1,7993,7892,7994,-1,7994,7892,7893,-1,7994,7893,7995,-1,7995,7893,7894,-1,7995,7894,7996,-1,7996,7894,7895,-1,7996,7895,7997,-1,7997,7895,7896,-1,7997,7896,7998,-1,7998,7896,7897,-1,7998,7897,7999,-1,7999,7897,7898,-1,7999,7898,8000,-1,8000,7898,7899,-1,8000,7899,8001,-1,8001,7899,7900,-1,8001,7900,8002,-1,8002,7900,7901,-1,8002,7901,8003,-1,8003,7901,7902,-1,8003,7902,8004,-1,8004,7902,7903,-1,8004,7903,8005,-1,8005,7903,7904,-1,8005,7904,8006,-1,8006,7904,7905,-1,8006,7905,8007,-1,8007,7905,7906,-1,8007,7906,8008,-1,8008,7906,7907,-1,8008,7907,8009,-1,8009,7907,7908,-1,8009,7908,8010,-1,8010,7908,7909,-1,8010,7909,8011,-1,8011,7909,7910,-1,8011,7910,8012,-1,8012,7910,7911,-1,8012,7911,8013,-1,8013,7911,7912,-1,8013,7912,8014,-1,8014,7912,7913,-1,8014,7913,8015,-1,8015,7913,7914,-1,8015,7914,8016,-1,8016,7914,7915,-1,8016,7915,8017,-1,8017,7915,7916,-1,8017,7916,8018,-1,8018,7916,7917,-1,8018,7917,8019,-1,8019,7917,7918,-1,8019,7918,8020,-1,8020,7918,7919,-1,8020,7919,8021,-1,8021,7919,7920,-1,8021,7920,8022,-1,8022,7920,7921,-1,8022,7921,8023,-1,8023,7921,7922,-1,8023,7922,8024,-1,8024,7922,7923,-1,8024,7923,8025,-1,8025,7923,7924,-1,8025,7924,8026,-1,8026,7924,7925,-1,8026,7925,8027,-1,8027,7925,7926,-1,8027,7926,8028,-1,8028,7926,7927,-1,8028,7927,8029,-1,8029,7927,7928,-1,8029,7928,8030,-1,8030,7928,7929,-1,8030,7929,8031,-1,8031,7929,7930,-1,8031,7930,8032,-1,8032,7930,7931,-1,8032,7931,8033,-1,8033,7931,7932,-1,8033,7932,8034,-1,8034,7932,7933,-1,8034,7933,8035,-1,8035,7933,7934,-1,8035,7934,8036,-1,8036,7934,7935,-1,8036,7935,8037,-1,8037,7935,7936,-1,8037,7936,8038,-1,8038,7936,7937,-1,8038,7937,8039,-1,8039,7937,7938,-1,8039,7938,8040,-1,8040,7938,7939,-1,8040,7939,8041,-1,8041,7939,7940,-1,8041,7940,8042,-1,8042,7940,7941,-1,8042,7941,8043,-1,8043,7941,7942,-1,8043,7942,8044,-1,8044,7942,7943,-1,8044,7943,8045,-1,8045,7943,7944,-1,8045,7944,8046,-1,8046,7944,7945,-1,8046,7945,8047,-1,8047,7945,7946,-1,8047,7946,8048,-1,8048,7946,7947,-1,8048,7947,8049,-1,8049,7947,7948,-1,8049,7948,8050,-1,8050,7948,7949,-1,8050,7949,8051,-1,8051,7949,7950,-1,8051,7950,8052,-1,8052,7950,7951,-1,8052,7951,8053,-1,8053,7951,7952,-1,8053,7952,8054,-1,8054,7952,7953,-1,8054,7953,8055,-1,8055,7953,7954,-1,8055,7954,8056,-1,8056,7954,7955,-1,8056,7955,8057,-1,8057,7955,7956,-1,8057,7956,8058,-1,8058,7956,7957,-1,8058,7957,8059,-1,8059,7957,7958,-1,8059,7958,8060,-1,8060,7958,7959,-1,8060,7959,8061,-1,8061,7959,7960,-1,8061,7960,8062,-1,8062,7960,7961,-1,8062,7961,8063,-1,8063,7961,7962,-1,8063,7962,8064,-1,8064,7962,7963,-1,8064,7963,8065,-1,8065,7963,7964,-1,8065,7964,8066,-1,8066,7964,7965,-1,8066,7965,8067,-1,8067,7965,7966,-1,8067,7966,8068,-1,33,38,8069,-1,8069,38,7967,-1,8069,7967,8070,-1,8070,7967,7968,-1,8070,7968,8071,-1,8071,7968,7969,-1,8071,7969,8072,-1,8072,7969,7970,-1,8072,7970,8073,-1,8073,7970,7971,-1,8073,7971,8074,-1,8074,7971,7972,-1,8074,7972,8075,-1,8075,7972,7973,-1,8075,7973,8076,-1,8076,7973,7974,-1,8076,7974,8077,-1,8077,7974,7975,-1,8077,7975,8078,-1,8078,7975,7976,-1,8078,7976,8079,-1,8079,7976,7977,-1,8079,7977,8080,-1,8080,7977,7978,-1,8080,7978,8081,-1,8081,7978,7979,-1,8081,7979,8082,-1,8082,7979,7980,-1,8082,7980,8083,-1,8083,7980,7981,-1,8083,7981,8084,-1,8084,7981,7982,-1,8084,7982,8085,-1,8085,7982,7983,-1,8085,7983,8086,-1,8086,7983,7984,-1,8086,7984,8087,-1,8087,7984,7985,-1,8087,7985,8088,-1,8088,7985,7986,-1,8088,7986,8089,-1,8089,7986,7987,-1,8089,7987,8090,-1,8090,7987,7988,-1,8090,7988,8091,-1,8091,7988,7989,-1,8091,7989,8092,-1,8092,7989,7990,-1,8092,7990,8093,-1,8093,7990,7991,-1,8093,7991,8094,-1,8094,7991,7992,-1,8094,7992,8095,-1,8095,7992,7993,-1,8095,7993,8096,-1,8096,7993,7994,-1,8096,7994,8097,-1,8097,7994,7995,-1,8097,7995,8098,-1,8098,7995,7996,-1,8098,7996,8099,-1,8099,7996,7997,-1,8099,7997,8100,-1,8100,7997,7998,-1,8100,7998,8101,-1,8101,7998,7999,-1,8101,7999,8102,-1,8102,7999,8000,-1,8102,8000,8103,-1,8103,8000,8001,-1,8103,8001,8104,-1,8104,8001,8002,-1,8104,8002,8105,-1,8105,8002,8003,-1,8105,8003,8106,-1,8106,8003,8004,-1,8106,8004,8107,-1,8107,8004,8005,-1,8107,8005,8108,-1,8108,8005,8006,-1,8108,8006,8109,-1,8109,8006,8007,-1,8109,8007,8110,-1,8110,8007,8008,-1,8110,8008,8111,-1,8111,8008,8009,-1,8111,8009,8112,-1,8112,8009,8010,-1,8112,8010,8113,-1,8113,8010,8011,-1,8113,8011,8114,-1,8114,8011,8012,-1,8114,8012,8115,-1,8115,8012,8013,-1,8115,8013,8116,-1,8116,8013,8014,-1,8116,8014,8117,-1,8117,8014,8015,-1,8117,8015,8118,-1,8118,8015,8016,-1,8118,8016,8119,-1,8119,8016,8017,-1,8119,8017,8120,-1,8120,8017,8018,-1,8120,8018,8121,-1,8121,8018,8019,-1,8121,8019,8122,-1,8122,8019,8020,-1,8122,8020,8123,-1,8123,8020,8021,-1,8123,8021,8124,-1,8124,8021,8022,-1,8124,8022,8125,-1,8125,8022,8023,-1,8125,8023,8126,-1,8126,8023,8024,-1,8126,8024,8127,-1,8127,8024,8025,-1,8127,8025,8128,-1,8128,8025,8026,-1,8128,8026,8129,-1,8129,8026,8027,-1,8129,8027,8130,-1,8130,8027,8028,-1,8130,8028,8131,-1,8131,8028,8029,-1,8131,8029,8132,-1,8132,8029,8030,-1,8132,8030,8133,-1,8133,8030,8031,-1,8133,8031,8134,-1,8134,8031,8032,-1,8134,8032,8135,-1,8135,8032,8033,-1,8135,8033,8136,-1,8136,8033,8034,-1,8136,8034,8137,-1,8137,8034,8035,-1,8137,8035,8138,-1,8138,8035,8036,-1,8138,8036,8139,-1,8139,8036,8037,-1,8139,8037,8140,-1,8140,8037,8038,-1,8140,8038,8141,-1,8141,8038,8039,-1,8141,8039,8142,-1,8142,8039,8040,-1,8142,8040,8143,-1,8143,8040,8041,-1,8143,8041,8144,-1,8144,8041,8042,-1,8144,8042,8145,-1,8145,8042,8043,-1,8145,8043,8146,-1,8146,8043,8044,-1,8146,8044,8147,-1,8147,8044,8045,-1,8147,8045,8148,-1,8148,8045,8046,-1,8148,8046,8149,-1,8149,8046,8047,-1,8149,8047,8150,-1,8150,8047,8048,-1,8150,8048,8151,-1,8151,8048,8049,-1,8151,8049,8152,-1,8152,8049,8050,-1,8152,8050,8153,-1,8153,8050,8051,-1,8153,8051,8154,-1,8154,8051,8052,-1,8154,8052,8155,-1,8155,8052,8053,-1,8155,8053,8156,-1,8156,8053,8054,-1,8156,8054,8157,-1,8157,8054,8055,-1,8157,8055,8158,-1,8158,8055,8056,-1,8158,8056,8159,-1,8159,8056,8057,-1,8159,8057,8160,-1,8160,8057,8058,-1,8160,8058,8161,-1,8161,8058,8059,-1,8161,8059,8162,-1,8162,8059,8060,-1,8162,8060,8163,-1,8163,8060,8061,-1,8163,8061,8164,-1,8164,8061,8062,-1,8164,8062,8165,-1,8165,8062,8063,-1,8165,8063,8166,-1,8166,8063,8064,-1,8166,8064,8167,-1,8167,8064,8065,-1,8167,8065,8168,-1,8168,8065,8066,-1,8168,8066,8169,-1,8169,8066,8067,-1,8169,8067,8170,-1,8170,8067,8068,-1,8170,8068,8171,-1,34,33,8172,-1,8172,33,8069,-1,8172,8069,8173,-1,8173,8069,8070,-1,8173,8070,8174,-1,8174,8070,8071,-1,8174,8071,8175,-1,8175,8071,8072,-1,8175,8072,8176,-1,8176,8072,8073,-1,8176,8073,8177,-1,8177,8073,8074,-1,8177,8074,8178,-1,8178,8074,8075,-1,8178,8075,8179,-1,8179,8075,8076,-1,8179,8076,8180,-1,8180,8076,8077,-1,8180,8077,8181,-1,8181,8077,8078,-1,8181,8078,8182,-1,8182,8078,8079,-1,8182,8079,8183,-1,8183,8079,8080,-1,8183,8080,8184,-1,8184,8080,8081,-1,8184,8081,8185,-1,8185,8081,8082,-1,8185,8082,8186,-1,8186,8082,8083,-1,8186,8083,8187,-1,8187,8083,8084,-1,8187,8084,8188,-1,8188,8084,8085,-1,8188,8085,8189,-1,8189,8085,8086,-1,8189,8086,8190,-1,8190,8086,8087,-1,8190,8087,8191,-1,8191,8087,8088,-1,8191,8088,8192,-1,8192,8088,8089,-1,8192,8089,8193,-1,8193,8089,8090,-1,8193,8090,8194,-1,8194,8090,8091,-1,8194,8091,8195,-1,8195,8091,8092,-1,8195,8092,8196,-1,8196,8092,8093,-1,8196,8093,8197,-1,8197,8093,8094,-1,8197,8094,8198,-1,8198,8094,8095,-1,8198,8095,8199,-1,8199,8095,8096,-1,8199,8096,8200,-1,8200,8096,8097,-1,8200,8097,8201,-1,8201,8097,8098,-1,8201,8098,8202,-1,8202,8098,8099,-1,8202,8099,8203,-1,8203,8099,8100,-1,8203,8100,8204,-1,8204,8100,8101,-1,8204,8101,8205,-1,8205,8101,8102,-1,8205,8102,8206,-1,8206,8102,8103,-1,8206,8103,8207,-1,8207,8103,8104,-1,8207,8104,8208,-1,8208,8104,8105,-1,8208,8105,8209,-1,8209,8105,8106,-1,8209,8106,8210,-1,8210,8106,8107,-1,8210,8107,8211,-1,8211,8107,8108,-1,8211,8108,8212,-1,8212,8108,8109,-1,8212,8109,8213,-1,8213,8109,8110,-1,8213,8110,8214,-1,8214,8110,8111,-1,8214,8111,8215,-1,8215,8111,8112,-1,8215,8112,8216,-1,8216,8112,8113,-1,8216,8113,8217,-1,8217,8113,8114,-1,8217,8114,8218,-1,8218,8114,8115,-1,8218,8115,8219,-1,8219,8115,8116,-1,8219,8116,8220,-1,8220,8116,8117,-1,8220,8117,8221,-1,8221,8117,8118,-1,8221,8118,8222,-1,8222,8118,8119,-1,8222,8119,8223,-1,8223,8119,8120,-1,8223,8120,8224,-1,8224,8120,8121,-1,8224,8121,8225,-1,8225,8121,8122,-1,8225,8122,8226,-1,8226,8122,8123,-1,8226,8123,8227,-1,8227,8123,8124,-1,8227,8124,8228,-1,8228,8124,8125,-1,8228,8125,8229,-1,8229,8125,8126,-1,8229,8126,8230,-1,8230,8126,8127,-1,8230,8127,8231,-1,8231,8127,8128,-1,8231,8128,8232,-1,8232,8128,8129,-1,8232,8129,8233,-1,8233,8129,8130,-1,8233,8130,8234,-1,8234,8130,8131,-1,8234,8131,8235,-1,8235,8131,8132,-1,8235,8132,8236,-1,8236,8132,8133,-1,8236,8133,8237,-1,8237,8133,8134,-1,8237,8134,8238,-1,8238,8134,8135,-1,8238,8135,8239,-1,8239,8135,8136,-1,8239,8136,8240,-1,8240,8136,8137,-1,8240,8137,8241,-1,8241,8137,8138,-1,8241,8138,8242,-1,8242,8138,8139,-1,8242,8139,8243,-1,8243,8139,8140,-1,8243,8140,8244,-1,8244,8140,8141,-1,8244,8141,8245,-1,8245,8141,8142,-1,8245,8142,8246,-1,8246,8142,8143,-1,8246,8143,8247,-1,8247,8143,8144,-1,8247,8144,8248,-1,8248,8144,8145,-1,8248,8145,8249,-1,8249,8145,8146,-1,8249,8146,8250,-1,8250,8146,8147,-1,8250,8147,8251,-1,8251,8147,8148,-1,8251,8148,8252,-1,8252,8148,8149,-1,8252,8149,8253,-1,8253,8149,8150,-1,8253,8150,8254,-1,8254,8150,8151,-1,8254,8151,8255,-1,8255,8151,8152,-1,8255,8152,8256,-1,8256,8152,8153,-1,8256,8153,8257,-1,8257,8153,8154,-1,8257,8154,8258,-1,8258,8154,8155,-1,8258,8155,8259,-1,8259,8155,8156,-1,8259,8156,8260,-1,8260,8156,8157,-1,8260,8157,8261,-1,8261,8157,8158,-1,8261,8158,8262,-1,8262,8158,8159,-1,8262,8159,8263,-1,8263,8159,8160,-1,8263,8160,8264,-1,8264,8160,8161,-1,8264,8161,8265,-1,8265,8161,8162,-1,8265,8162,8266,-1,8266,8162,8163,-1,8266,8163,8267,-1,8267,8163,8164,-1,8267,8164,8268,-1,8268,8164,8165,-1,8268,8165,8269,-1,8269,8165,8166,-1,8269,8166,8270,-1,8270,8166,8167,-1,8270,8167,8271,-1,8271,8167,8168,-1,8271,8168,8272,-1,8272,8168,8169,-1,8272,8169,8273,-1,8273,8169,8170,-1,8273,8170,8274,-1,8274,8170,8171,-1,8274,8171,8275,-1,35,34,8276,-1,8276,34,8172,-1,8276,8172,8277,-1,8277,8172,8173,-1,8277,8173,8278,-1,8278,8173,8174,-1,8278,8174,8279,-1,8279,8174,8175,-1,8279,8175,8280,-1,8280,8175,8176,-1,8280,8176,8281,-1,8281,8176,8177,-1,8281,8177,8282,-1,8282,8177,8178,-1,8282,8178,8283,-1,8283,8178,8179,-1,8283,8179,8284,-1,8284,8179,8180,-1,8284,8180,8285,-1,8285,8180,8181,-1,8285,8181,8286,-1,8286,8181,8182,-1,8286,8182,8287,-1,8287,8182,8183,-1,8287,8183,8288,-1,8288,8183,8184,-1,8288,8184,8289,-1,8289,8184,8185,-1,8289,8185,8290,-1,8290,8185,8186,-1,8290,8186,8291,-1,8291,8186,8187,-1,8291,8187,8292,-1,8292,8187,8188,-1,8292,8188,8293,-1,8293,8188,8189,-1,8293,8189,8294,-1,8294,8189,8190,-1,8294,8190,8295,-1,8295,8190,8191,-1,8295,8191,8296,-1,8296,8191,8192,-1,8296,8192,8297,-1,8297,8192,8193,-1,8297,8193,8298,-1,8298,8193,8194,-1,8298,8194,8299,-1,8299,8194,8195,-1,8299,8195,8300,-1,8300,8195,8196,-1,8300,8196,8301,-1,8301,8196,8197,-1,8301,8197,8302,-1,8302,8197,8198,-1,8302,8198,8303,-1,8303,8198,8199,-1,8303,8199,8304,-1,8304,8199,8200,-1,8304,8200,8305,-1,8305,8200,8201,-1,8305,8201,8306,-1,8306,8201,8202,-1,8306,8202,8307,-1,8307,8202,8203,-1,8307,8203,8308,-1,8308,8203,8204,-1,8308,8204,8309,-1,8309,8204,8205,-1,8309,8205,8310,-1,8310,8205,8206,-1,8310,8206,8311,-1,8311,8206,8207,-1,8311,8207,8312,-1,8312,8207,8208,-1,8312,8208,8313,-1,8313,8208,8209,-1,8313,8209,8314,-1,8314,8209,8210,-1,8314,8210,8315,-1,8315,8210,8211,-1,8315,8211,8316,-1,8316,8211,8212,-1,8316,8212,8317,-1,8317,8212,8213,-1,8317,8213,8318,-1,8318,8213,8214,-1,8318,8214,8319,-1,8319,8214,8215,-1,8319,8215,8320,-1,8320,8215,8216,-1,8320,8216,8321,-1,8321,8216,8217,-1,8321,8217,8322,-1,8322,8217,8218,-1,8322,8218,8323,-1,8323,8218,8219,-1,8323,8219,8324,-1,8324,8219,8220,-1,8324,8220,8325,-1,8325,8220,8221,-1,8325,8221,8326,-1,8326,8221,8222,-1,8326,8222,8327,-1,8327,8222,8223,-1,8327,8223,8328,-1,8328,8223,8224,-1,8328,8224,8329,-1,8329,8224,8225,-1,8329,8225,8330,-1,8330,8225,8226,-1,8330,8226,8331,-1,8331,8226,8227,-1,8331,8227,8332,-1,8332,8227,8228,-1,8332,8228,8333,-1,8333,8228,8229,-1,8333,8229,8334,-1,8334,8229,8230,-1,8334,8230,8335,-1,8335,8230,8231,-1,8335,8231,8336,-1,8336,8231,8232,-1,8336,8232,8337,-1,8337,8232,8233,-1,8337,8233,8338,-1,8338,8233,8234,-1,8338,8234,8339,-1,8339,8234,8235,-1,8339,8235,8340,-1,8340,8235,8236,-1,8340,8236,8341,-1,8341,8236,8237,-1,8341,8237,8342,-1,8342,8237,8238,-1,8342,8238,8343,-1,8343,8238,8239,-1,8343,8239,8344,-1,8344,8239,8240,-1,8344,8240,8345,-1,8345,8240,8241,-1,8345,8241,8346,-1,8346,8241,8242,-1,8346,8242,8347,-1,8347,8242,8243,-1,8347,8243,8348,-1,8348,8243,8244,-1,8348,8244,8349,-1,8349,8244,8245,-1,8349,8245,8350,-1,8350,8245,8246,-1,8350,8246,8351,-1,8351,8246,8247,-1,8351,8247,8352,-1,8352,8247,8248,-1,8352,8248,8353,-1,8353,8248,8249,-1,8353,8249,8354,-1,8354,8249,8250,-1,8354,8250,8355,-1,8355,8250,8251,-1,8355,8251,8356,-1,8356,8251,8252,-1,8356,8252,8357,-1,8357,8252,8253,-1,8357,8253,8358,-1,8358,8253,8254,-1,8358,8254,8359,-1,8359,8254,8255,-1,8359,8255,8360,-1,8360,8255,8256,-1,8360,8256,8361,-1,8361,8256,8257,-1,8361,8257,8362,-1,8362,8257,8258,-1,8362,8258,8363,-1,8363,8258,8259,-1,8363,8259,8364,-1,8364,8259,8260,-1,8364,8260,8365,-1,8365,8260,8261,-1,8365,8261,8366,-1,8366,8261,8262,-1,8366,8262,8367,-1,8367,8262,8263,-1,8367,8263,8368,-1,8368,8263,8264,-1,8368,8264,8369,-1,8369,8264,8265,-1,8369,8265,8370,-1,8370,8265,8266,-1,8370,8266,8371,-1,8371,8266,8267,-1,8371,8267,8372,-1,8372,8267,8268,-1,8372,8268,8373,-1,8373,8268,8269,-1,8373,8269,8374,-1,8374,8269,8270,-1,8374,8270,8375,-1,8375,8270,8271,-1,8375,8271,8376,-1,8376,8271,8272,-1,8376,8272,8377,-1,8377,8272,8273,-1,8377,8273,8378,-1,8378,8273,8274,-1,8378,8274,8379,-1,8379,8274,8275,-1,8379,8275,8380,-1,28,35,8381,-1,8381,35,8276,-1,8381,8276,8382,-1,8382,8276,8277,-1,8382,8277,8383,-1,8383,8277,8278,-1,8383,8278,8384,-1,8384,8278,8279,-1,8384,8279,8385,-1,8385,8279,8280,-1,8385,8280,8386,-1,8386,8280,8281,-1,8386,8281,8387,-1,8387,8281,8282,-1,8387,8282,8388,-1,8388,8282,8283,-1,8388,8283,8389,-1,8389,8283,8284,-1,8389,8284,8390,-1,8390,8284,8285,-1,8390,8285,8391,-1,8391,8285,8286,-1,8391,8286,8392,-1,8392,8286,8287,-1,8392,8287,8393,-1,8393,8287,8288,-1,8393,8288,8394,-1,8394,8288,8289,-1,8394,8289,8395,-1,8395,8289,8290,-1,8395,8290,8396,-1,8396,8290,8291,-1,8396,8291,8397,-1,8397,8291,8292,-1,8397,8292,8398,-1,8398,8292,8293,-1,8398,8293,8399,-1,8399,8293,8294,-1,8399,8294,8400,-1,8400,8294,8295,-1,8400,8295,8401,-1,8401,8295,8296,-1,8401,8296,8402,-1,8402,8296,8297,-1,8402,8297,8403,-1,8403,8297,8298,-1,8403,8298,8404,-1,8404,8298,8299,-1,8404,8299,8405,-1,8405,8299,8300,-1,8405,8300,8406,-1,8406,8300,8301,-1,8406,8301,8407,-1,8407,8301,8302,-1,8407,8302,8408,-1,8408,8302,8303,-1,8408,8303,8409,-1,8409,8303,8304,-1,8409,8304,8410,-1,8410,8304,8305,-1,8410,8305,8411,-1,8411,8305,8306,-1,8411,8306,8412,-1,8412,8306,8307,-1,8412,8307,8413,-1,8413,8307,8308,-1,8413,8308,8414,-1,8414,8308,8309,-1,8414,8309,8415,-1,8415,8309,8310,-1,8415,8310,8416,-1,8416,8310,8311,-1,8416,8311,8417,-1,8417,8311,8312,-1,8417,8312,8418,-1,8418,8312,8313,-1,8418,8313,8419,-1,8419,8313,8314,-1,8419,8314,8420,-1,8420,8314,8315,-1,8420,8315,8421,-1,8421,8315,8316,-1,8421,8316,8422,-1,8422,8316,8317,-1,8422,8317,8423,-1,8423,8317,8318,-1,8423,8318,8424,-1,8424,8318,8319,-1,8424,8319,8425,-1,8425,8319,8320,-1,8425,8320,8426,-1,8426,8320,8321,-1,8426,8321,8427,-1,8427,8321,8322,-1,8427,8322,8428,-1,8428,8322,8323,-1,8428,8323,8429,-1,8429,8323,8324,-1,8429,8324,8430,-1,8430,8324,8325,-1,8430,8325,8431,-1,8431,8325,8326,-1,8431,8326,8432,-1,8432,8326,8327,-1,8432,8327,8433,-1,8433,8327,8328,-1,8433,8328,8434,-1,8434,8328,8329,-1,8434,8329,8435,-1,8435,8329,8330,-1,8435,8330,8436,-1,8436,8330,8331,-1,8436,8331,8437,-1,8437,8331,8332,-1,8437,8332,8438,-1,8438,8332,8333,-1,8438,8333,8439,-1,8439,8333,8334,-1,8439,8334,8440,-1,8440,8334,8335,-1,8440,8335,8441,-1,8441,8335,8336,-1,8441,8336,8442,-1,8442,8336,8337,-1,8442,8337,8443,-1,8443,8337,8338,-1,8443,8338,8444,-1,8444,8338,8339,-1,8444,8339,8445,-1,8445,8339,8340,-1,8445,8340,8446,-1,8446,8340,8341,-1,8446,8341,8447,-1,8447,8341,8342,-1,8447,8342,8448,-1,8448,8342,8343,-1,8448,8343,8449,-1,8449,8343,8344,-1,8449,8344,8450,-1,8450,8344,8345,-1,8450,8345,8451,-1,8451,8345,8346,-1,8451,8346,8452,-1,8452,8346,8347,-1,8452,8347,8453,-1,8453,8347,8348,-1,8453,8348,8454,-1,8454,8348,8349,-1,8454,8349,8455,-1,8455,8349,8350,-1,8455,8350,8456,-1,8456,8350,8351,-1,8456,8351,8457,-1,8457,8351,8352,-1,8457,8352,8458,-1,8458,8352,8353,-1,8458,8353,8459,-1,8459,8353,8354,-1,8459,8354,8460,-1,8460,8354,8355,-1,8460,8355,8461,-1,8461,8355,8356,-1,8461,8356,8462,-1,8462,8356,8357,-1,8462,8357,8463,-1,8463,8357,8358,-1,8463,8358,8464,-1,8464,8358,8359,-1,8464,8359,8465,-1,8465,8359,8360,-1,8465,8360,8466,-1,8466,8360,8361,-1,8466,8361,8467,-1,8467,8361,8362,-1,8467,8362,8468,-1,8468,8362,8363,-1,8468,8363,8469,-1,8469,8363,8364,-1,8469,8364,8470,-1,8470,8364,8365,-1,8470,8365,8471,-1,8471,8365,8366,-1,8471,8366,8472,-1,8472,8366,8367,-1,8472,8367,8473,-1,8473,8367,8368,-1,8473,8368,8474,-1,8474,8368,8369,-1,8474,8369,8475,-1,8475,8369,8370,-1,8475,8370,8476,-1,8476,8370,8371,-1,8476,8371,8477,-1,8477,8371,8372,-1,8477,8372,8478,-1,8478,8372,8373,-1,8478,8373,8479,-1,8479,8373,8374,-1,8479,8374,8480,-1,8480,8374,8375,-1,8480,8375,8481,-1,8481,8375,8376,-1,8481,8376,8482,-1,8482,8376,8377,-1,8482,8377,8483,-1,8483,8377,8378,-1,8483,8378,8484,-1,8484,8378,8379,-1,8484,8379,8485,-1,8485,8379,8380,-1,8485,8380,8486,-1,29,28,8487,-1,8487,28,8381,-1,8487,8381,8488,-1,8488,8381,8382,-1,8488,8382,8489,-1,8489,8382,8383,-1,8489,8383,8490,-1,8490,8383,8384,-1,8490,8384,8491,-1,8491,8384,8385,-1,8491,8385,8492,-1,8492,8385,8386,-1,8492,8386,8493,-1,8493,8386,8387,-1,8493,8387,8494,-1,8494,8387,8388,-1,8494,8388,8495,-1,8495,8388,8389,-1,8495,8389,8496,-1,8496,8389,8390,-1,8496,8390,8497,-1,8497,8390,8391,-1,8497,8391,8498,-1,8498,8391,8392,-1,8498,8392,8499,-1,8499,8392,8393,-1,8499,8393,8500,-1,8500,8393,8394,-1,8500,8394,8501,-1,8501,8394,8395,-1,8501,8395,8502,-1,8502,8395,8396,-1,8502,8396,8503,-1,8503,8396,8397,-1,8503,8397,8504,-1,8504,8397,8398,-1,8504,8398,8505,-1,8505,8398,8399,-1,8505,8399,8506,-1,8506,8399,8400,-1,8506,8400,8507,-1,8507,8400,8401,-1,8507,8401,8508,-1,8508,8401,8402,-1,8508,8402,8509,-1,8509,8402,8403,-1,8509,8403,8510,-1,8510,8403,8404,-1,8510,8404,8511,-1,8511,8404,8405,-1,8511,8405,8512,-1,8512,8405,8406,-1,8512,8406,8513,-1,8513,8406,8407,-1,8513,8407,8514,-1,8514,8407,8408,-1,8514,8408,8515,-1,8515,8408,8409,-1,8515,8409,8516,-1,8516,8409,8410,-1,8516,8410,8517,-1,8517,8410,8411,-1,8517,8411,8518,-1,8518,8411,8412,-1,8518,8412,8519,-1,8519,8412,8413,-1,8519,8413,8520,-1,8520,8413,8414,-1,8520,8414,8521,-1,8521,8414,8415,-1,8521,8415,8522,-1,8522,8415,8416,-1,8522,8416,8523,-1,8523,8416,8417,-1,8523,8417,8524,-1,8524,8417,8418,-1,8524,8418,8525,-1,8525,8418,8419,-1,8525,8419,8526,-1,8526,8419,8420,-1,8526,8420,8527,-1,8527,8420,8421,-1,8527,8421,8528,-1,8528,8421,8422,-1,8528,8422,8529,-1,8529,8422,8423,-1,8529,8423,8530,-1,8530,8423,8424,-1,8530,8424,8531,-1,8531,8424,8425,-1,8531,8425,8532,-1,8532,8425,8426,-1,8532,8426,8533,-1,8533,8426,8427,-1,8533,8427,8534,-1,8534,8427,8428,-1,8534,8428,8535,-1,8535,8428,8429,-1,8535,8429,8536,-1,8536,8429,8430,-1,8536,8430,8537,-1,8537,8430,8431,-1,8537,8431,8538,-1,8538,8431,8432,-1,8538,8432,8539,-1,8539,8432,8433,-1,8539,8433,8540,-1,8540,8433,8434,-1,8540,8434,8541,-1,8541,8434,8435,-1,8541,8435,8542,-1,8542,8435,8436,-1,8542,8436,8543,-1,8543,8436,8437,-1,8543,8437,8544,-1,8544,8437,8438,-1,8544,8438,8545,-1,8545,8438,8439,-1,8545,8439,8546,-1,8546,8439,8440,-1,8546,8440,8547,-1,8547,8440,8441,-1,8547,8441,8548,-1,8548,8441,8442,-1,8548,8442,8549,-1,8549,8442,8443,-1,8549,8443,8550,-1,8550,8443,8444,-1,8550,8444,8551,-1,8551,8444,8445,-1,8551,8445,8552,-1,8552,8445,8446,-1,8552,8446,8553,-1,8553,8446,8447,-1,8553,8447,8554,-1,8554,8447,8448,-1,8554,8448,8555,-1,8555,8448,8449,-1,8555,8449,8556,-1,8556,8449,8450,-1,8556,8450,8557,-1,8557,8450,8451,-1,8557,8451,8558,-1,8558,8451,8452,-1,8558,8452,8559,-1,8559,8452,8453,-1,8559,8453,8560,-1,8560,8453,8454,-1,8560,8454,8561,-1,8561,8454,8455,-1,8561,8455,8562,-1,8562,8455,8456,-1,8562,8456,8563,-1,8563,8456,8457,-1,8563,8457,8564,-1,8564,8457,8458,-1,8564,8458,8565,-1,8565,8458,8459,-1,8565,8459,8566,-1,8566,8459,8460,-1,8566,8460,8567,-1,8567,8460,8461,-1,8567,8461,8568,-1,8568,8461,8462,-1,8568,8462,8569,-1,8569,8462,8463,-1,8569,8463,8570,-1,8570,8463,8464,-1,8570,8464,8571,-1,8571,8464,8465,-1,8571,8465,8572,-1,8572,8465,8466,-1,8572,8466,8573,-1,8573,8466,8467,-1,8573,8467,8574,-1,8574,8467,8468,-1,8574,8468,8575,-1,8575,8468,8469,-1,8575,8469,8576,-1,8576,8469,8470,-1,8576,8470,8577,-1,8577,8470,8471,-1,8577,8471,8578,-1,8578,8471,8472,-1,8578,8472,8579,-1,8579,8472,8473,-1,8579,8473,8580,-1,8580,8473,8474,-1,8580,8474,8581,-1,8581,8474,8475,-1,8581,8475,8582,-1,8582,8475,8476,-1,8582,8476,8583,-1,8583,8476,8477,-1,8583,8477,8584,-1,8584,8477,8478,-1,8584,8478,8585,-1,8585,8478,8479,-1,8585,8479,8586,-1,8586,8479,8480,-1,8586,8480,8587,-1,8587,8480,8481,-1,8587,8481,8588,-1,8588,8481,8482,-1,8588,8482,8589,-1,8589,8482,8483,-1,8589,8483,8590,-1,8590,8483,8484,-1,8590,8484,8591,-1,8591,8484,8485,-1,8591,8485,8592,-1,8592,8485,8486,-1,8592,8486,8593,-1,31,29,8594,-1,8594,29,8487,-1,8594,8487,8595,-1,8595,8487,8488,-1,8595,8488,8596,-1,8596,8488,8489,-1,8596,8489,8597,-1,8597,8489,8490,-1,8597,8490,8598,-1,8598,8490,8491,-1,8598,8491,8599,-1,8599,8491,8492,-1,8599,8492,8600,-1,8600,8492,8493,-1,8600,8493,8601,-1,8601,8493,8494,-1,8601,8494,8602,-1,8602,8494,8495,-1,8602,8495,8603,-1,8603,8495,8496,-1,8603,8496,8604,-1,8604,8496,8497,-1,8604,8497,8605,-1,8605,8497,8498,-1,8605,8498,8606,-1,8606,8498,8499,-1,8606,8499,8607,-1,8607,8499,8500,-1,8607,8500,8608,-1,8608,8500,8501,-1,8608,8501,8609,-1,8609,8501,8502,-1,8609,8502,8610,-1,8610,8502,8503,-1,8610,8503,8611,-1,8611,8503,8504,-1,8611,8504,8612,-1,8612,8504,8505,-1,8612,8505,8613,-1,8613,8505,8506,-1,8613,8506,8614,-1,8614,8506,8507,-1,8614,8507,8615,-1,8615,8507,8508,-1,8615,8508,8616,-1,8616,8508,8509,-1,8616,8509,8617,-1,8617,8509,8510,-1,8617,8510,8618,-1,8618,8510,8511,-1,8618,8511,8619,-1,8619,8511,8512,-1,8619,8512,8620,-1,8620,8512,8513,-1,8620,8513,8621,-1,8621,8513,8514,-1,8621,8514,8622,-1,8622,8514,8515,-1,8622,8515,8623,-1,8623,8515,8516,-1,8623,8516,8624,-1,8624,8516,8517,-1,8624,8517,8625,-1,8625,8517,8518,-1,8625,8518,8626,-1,8626,8518,8519,-1,8626,8519,8627,-1,8627,8519,8520,-1,8627,8520,8628,-1,8628,8520,8521,-1,8628,8521,8629,-1,8629,8521,8522,-1,8629,8522,8630,-1,8630,8522,8523,-1,8630,8523,8631,-1,8631,8523,8524,-1,8631,8524,8632,-1,8632,8524,8525,-1,8632,8525,8633,-1,8633,8525,8526,-1,8633,8526,8634,-1,8634,8526,8527,-1,8634,8527,8635,-1,8635,8527,8528,-1,8635,8528,8636,-1,8636,8528,8529,-1,8636,8529,8637,-1,8637,8529,8530,-1,8637,8530,8638,-1,8638,8530,8531,-1,8638,8531,8639,-1,8639,8531,8532,-1,8639,8532,8640,-1,8640,8532,8533,-1,8640,8533,8641,-1,8641,8533,8534,-1,8641,8534,8642,-1,8642,8534,8535,-1,8642,8535,8643,-1,8643,8535,8536,-1,8643,8536,8644,-1,8644,8536,8537,-1,8644,8537,8645,-1,8645,8537,8538,-1,8645,8538,8646,-1,8646,8538,8539,-1,8646,8539,8647,-1,8647,8539,8540,-1,8647,8540,8648,-1,8648,8540,8541,-1,8648,8541,8649,-1,8649,8541,8542,-1,8649,8542,8650,-1,8650,8542,8543,-1,8650,8543,8651,-1,8651,8543,8544,-1,8651,8544,8652,-1,8652,8544,8545,-1,8652,8545,8653,-1,8653,8545,8546,-1,8653,8546,8654,-1,8654,8546,8547,-1,8654,8547,8655,-1,8655,8547,8548,-1,8655,8548,8656,-1,8656,8548,8549,-1,8656,8549,8657,-1,8657,8549,8550,-1,8657,8550,8658,-1,8658,8550,8551,-1,8658,8551,8659,-1,8659,8551,8552,-1,8659,8552,8660,-1,8660,8552,8553,-1,8660,8553,8661,-1,8661,8553,8554,-1,8661,8554,8662,-1,8662,8554,8555,-1,8662,8555,8663,-1,8663,8555,8556,-1,8663,8556,8664,-1,8664,8556,8557,-1,8664,8557,8665,-1,8665,8557,8558,-1,8665,8558,8666,-1,8666,8558,8559,-1,8666,8559,8667,-1,8667,8559,8560,-1,8667,8560,8668,-1,8668,8560,8561,-1,8668,8561,8669,-1,8669,8561,8562,-1,8669,8562,8670,-1,8670,8562,8563,-1,8670,8563,8671,-1,8671,8563,8564,-1,8671,8564,8672,-1,8672,8564,8565,-1,8672,8565,8673,-1,8673,8565,8566,-1,8673,8566,8674,-1,8674,8566,8567,-1,8674,8567,8675,-1,8675,8567,8568,-1,8675,8568,8676,-1,8676,8568,8569,-1,8676,8569,8677,-1,8677,8569,8570,-1,8677,8570,8678,-1,8678,8570,8571,-1,8678,8571,8679,-1,8679,8571,8572,-1,8679,8572,8680,-1,8680,8572,8573,-1,8680,8573,8681,-1,8681,8573,8574,-1,8681,8574,8682,-1,8682,8574,8575,-1,8682,8575,8683,-1,8683,8575,8576,-1,8683,8576,8684,-1,8684,8576,8577,-1,8684,8577,8685,-1,8685,8577,8578,-1,8685,8578,8686,-1,8686,8578,8579,-1,8686,8579,8687,-1,8687,8579,8580,-1,8687,8580,8688,-1,8688,8580,8581,-1,8688,8581,8689,-1,8689,8581,8582,-1,8689,8582,8690,-1,8690,8582,8583,-1,8690,8583,8691,-1,8691,8583,8584,-1,8691,8584,8692,-1,8692,8584,8585,-1,8692,8585,8693,-1,8693,8585,8586,-1,8693,8586,8694,-1,8694,8586,8587,-1,8694,8587,8695,-1,8695,8587,8588,-1,8695,8588,8696,-1,8696,8588,8589,-1,8696,8589,8697,-1,8697,8589,8590,-1,8697,8590,8698,-1,8698,8590,8591,-1,8698,8591,8699,-1,8699,8591,8592,-1,8699,8592,8700,-1,8700,8592,8593,-1,8700,8593,8701,-1,32,31,8702,-1,8702,31,8594,-1,8702,8594,8703,-1,8703,8594,8595,-1,8703,8595,8704,-1,8704,8595,8596,-1,8704,8596,8705,-1,8705,8596,8597,-1,8705,8597,8706,-1,8706,8597,8598,-1,8706,8598,8707,-1,8707,8598,8599,-1,8707,8599,8708,-1,8708,8599,8600,-1,8708,8600,8709,-1,8709,8600,8601,-1,8709,8601,8710,-1,8710,8601,8602,-1,8710,8602,8711,-1,8711,8602,8603,-1,8711,8603,8712,-1,8712,8603,8604,-1,8712,8604,8713,-1,8713,8604,8605,-1,8713,8605,8714,-1,8714,8605,8606,-1,8714,8606,8715,-1,8715,8606,8607,-1,8715,8607,8716,-1,8716,8607,8608,-1,8716,8608,8717,-1,8717,8608,8609,-1,8717,8609,8718,-1,8718,8609,8610,-1,8718,8610,8719,-1,8719,8610,8611,-1,8719,8611,8720,-1,8720,8611,8612,-1,8720,8612,8721,-1,8721,8612,8613,-1,8721,8613,8722,-1,8722,8613,8614,-1,8722,8614,8723,-1,8723,8614,8615,-1,8723,8615,8724,-1,8724,8615,8616,-1,8724,8616,8725,-1,8725,8616,8617,-1,8725,8617,8726,-1,8726,8617,8618,-1,8726,8618,8727,-1,8727,8618,8619,-1,8727,8619,8728,-1,8728,8619,8620,-1,8728,8620,8729,-1,8729,8620,8621,-1,8729,8621,8730,-1,8730,8621,8622,-1,8730,8622,8731,-1,8731,8622,8623,-1,8731,8623,8732,-1,8732,8623,8624,-1,8732,8624,8733,-1,8733,8624,8625,-1,8733,8625,8734,-1,8734,8625,8626,-1,8734,8626,8735,-1,8735,8626,8627,-1,8735,8627,8736,-1,8736,8627,8628,-1,8736,8628,8737,-1,8737,8628,8629,-1,8737,8629,8738,-1,8738,8629,8630,-1,8738,8630,8739,-1,8739,8630,8631,-1,8739,8631,8740,-1,8740,8631,8632,-1,8740,8632,8741,-1,8741,8632,8633,-1,8741,8633,8742,-1,8742,8633,8634,-1,8742,8634,8743,-1,8743,8634,8635,-1,8743,8635,8744,-1,8744,8635,8636,-1,8744,8636,8745,-1,8745,8636,8637,-1,8745,8637,8746,-1,8746,8637,8638,-1,8746,8638,8747,-1,8747,8638,8639,-1,8747,8639,8748,-1,8748,8639,8640,-1,8748,8640,8749,-1,8749,8640,8641,-1,8749,8641,8750,-1,8750,8641,8642,-1,8750,8642,8751,-1,8751,8642,8643,-1,8751,8643,8752,-1,8752,8643,8644,-1,8752,8644,8753,-1,8753,8644,8645,-1,8753,8645,8754,-1,8754,8645,8646,-1,8754,8646,8755,-1,8755,8646,8647,-1,8755,8647,8756,-1,8756,8647,8648,-1,8756,8648,8757,-1,8757,8648,8649,-1,8757,8649,8758,-1,8758,8649,8650,-1,8758,8650,8759,-1,8759,8650,8651,-1,8759,8651,8760,-1,8760,8651,8652,-1,8760,8652,8761,-1,8761,8652,8653,-1,8761,8653,8762,-1,8762,8653,8654,-1,8762,8654,8763,-1,8763,8654,8655,-1,8763,8655,8764,-1,8764,8655,8656,-1,8764,8656,8765,-1,8765,8656,8657,-1,8765,8657,8766,-1,8766,8657,8658,-1,8766,8658,8767,-1,8767,8658,8659,-1,8767,8659,8768,-1,8768,8659,8660,-1,8768,8660,8769,-1,8769,8660,8661,-1,8769,8661,8770,-1,8770,8661,8662,-1,8770,8662,8771,-1,8771,8662,8663,-1,8771,8663,8772,-1,8772,8663,8664,-1,8772,8664,8773,-1,8773,8664,8665,-1,8773,8665,8774,-1,8774,8665,8666,-1,8774,8666,8775,-1,8775,8666,8667,-1,8775,8667,8776,-1,8776,8667,8668,-1,8776,8668,8777,-1,8777,8668,8669,-1,8777,8669,8778,-1,8778,8669,8670,-1,8778,8670,8779,-1,8779,8670,8671,-1,8779,8671,8780,-1,8780,8671,8672,-1,8780,8672,8781,-1,8781,8672,8673,-1,8781,8673,8782,-1,8782,8673,8674,-1,8782,8674,8783,-1,8783,8674,8675,-1,8783,8675,8784,-1,8784,8675,8676,-1,8784,8676,8785,-1,8785,8676,8677,-1,8785,8677,8786,-1,8786,8677,8678,-1,8786,8678,8787,-1,8787,8678,8679,-1,8787,8679,8788,-1,8788,8679,8680,-1,8788,8680,8789,-1,8789,8680,8681,-1,8789,8681,8790,-1,8790,8681,8682,-1,8790,8682,8791,-1,8791,8682,8683,-1,8791,8683,8792,-1,8792,8683,8684,-1,8792,8684,8793,-1,8793,8684,8685,-1,8793,8685,8794,-1,8794,8685,8686,-1,8794,8686,8795,-1,8795,8686,8687,-1,8795,8687,8796,-1,8796,8687,8688,-1,8796,8688,8797,-1,8797,8688,8689,-1,8797,8689,8798,-1,8798,8689,8690,-1,8798,8690,8799,-1,8799,8690,8691,-1,8799,8691,8800,-1,8800,8691,8692,-1,8800,8692,8801,-1,8801,8692,8693,-1,8801,8693,8802,-1,8802,8693,8694,-1,8802,8694,8803,-1,8803,8694,8695,-1,8803,8695,8804,-1,8804,8695,8696,-1,8804,8696,8805,-1,8805,8696,8697,-1,8805,8697,8806,-1,8806,8697,8698,-1,8806,8698,8807,-1,8807,8698,8699,-1,8807,8699,8808,-1,8808,8699,8700,-1,8808,8700,8809,-1,8809,8700,8701,-1,8809,8701,8810,-1,54,32,8811,-1,8811,32,8702,-1,8811,8702,8812,-1,8812,8702,8703,-1,8812,8703,8813,-1,8813,8703,8704,-1,8813,8704,8814,-1,8814,8704,8705,-1,8814,8705,8815,-1,8815,8705,8706,-1,8815,8706,8816,-1,8816,8706,8707,-1,8816,8707,8817,-1,8817,8707,8708,-1,8817,8708,8818,-1,8818,8708,8709,-1,8818,8709,8819,-1,8819,8709,8710,-1,8819,8710,8820,-1,8820,8710,8711,-1,8820,8711,8821,-1,8821,8711,8712,-1,8821,8712,8822,-1,8822,8712,8713,-1,8822,8713,8823,-1,8823,8713,8714,-1,8823,8714,8824,-1,8824,8714,8715,-1,8824,8715,8825,-1,8825,8715,8716,-1,8825,8716,8826,-1,8826,8716,8717,-1,8826,8717,8827,-1,8827,8717,8718,-1,8827,8718,8828,-1,8828,8718,8719,-1,8828,8719,8829,-1,8829,8719,8720,-1,8829,8720,8830,-1,8830,8720,8721,-1,8830,8721,8831,-1,8831,8721,8722,-1,8831,8722,8832,-1,8832,8722,8723,-1,8832,8723,8833,-1,8833,8723,8724,-1,8833,8724,8834,-1,8834,8724,8725,-1,8834,8725,8835,-1,8835,8725,8726,-1,8835,8726,8836,-1,8836,8726,8727,-1,8836,8727,8837,-1,8837,8727,8728,-1,8837,8728,8838,-1,8838,8728,8729,-1,8838,8729,8839,-1,8839,8729,8730,-1,8839,8730,8840,-1,8840,8730,8731,-1,8840,8731,8841,-1,8841,8731,8732,-1,8841,8732,8842,-1,8842,8732,8733,-1,8842,8733,8843,-1,8843,8733,8734,-1,8843,8734,8844,-1,8844,8734,8735,-1,8844,8735,8845,-1,8845,8735,8736,-1,8845,8736,8846,-1,8846,8736,8737,-1,8846,8737,8847,-1,8847,8737,8738,-1,8847,8738,8848,-1,8848,8738,8739,-1,8848,8739,8849,-1,8849,8739,8740,-1,8849,8740,8850,-1,8850,8740,8741,-1,8850,8741,8851,-1,8851,8741,8742,-1,8851,8742,8852,-1,8852,8742,8743,-1,8852,8743,8853,-1,8853,8743,8744,-1,8853,8744,8854,-1,8854,8744,8745,-1,8854,8745,8855,-1,8855,8745,8746,-1,8855,8746,8856,-1,8856,8746,8747,-1,8856,8747,8857,-1,8857,8747,8748,-1,8857,8748,8858,-1,8858,8748,8749,-1,8858,8749,8859,-1,8859,8749,8750,-1,8859,8750,8860,-1,8860,8750,8751,-1,8860,8751,8861,-1,8861,8751,8752,-1,8861,8752,8862,-1,8862,8752,8753,-1,8862,8753,8863,-1,8863,8753,8754,-1,8863,8754,8864,-1,8864,8754,8755,-1,8864,8755,8865,-1,8865,8755,8756,-1,8865,8756,8866,-1,8866,8756,8757,-1,8866,8757,8867,-1,8867,8757,8758,-1,8867,8758,8868,-1,8868,8758,8759,-1,8868,8759,8869,-1,8869,8759,8760,-1,8869,8760,8870,-1,8870,8760,8761,-1,8870,8761,8871,-1,8871,8761,8762,-1,8871,8762,8872,-1,8872,8762,8763,-1,8872,8763,8873,-1,8873,8763,8764,-1,8873,8764,8874,-1,8874,8764,8765,-1,8874,8765,8875,-1,8875,8765,8766,-1,8875,8766,8876,-1,8876,8766,8767,-1,8876,8767,8877,-1,8877,8767,8768,-1,8877,8768,8878,-1,8878,8768,8769,-1,8878,8769,8879,-1,8879,8769,8770,-1,8879,8770,8880,-1,8880,8770,8771,-1,8880,8771,8881,-1,8881,8771,8772,-1,8881,8772,8882,-1,8882,8772,8773,-1,8882,8773,8883,-1,8883,8773,8774,-1,8883,8774,8884,-1,8884,8774,8775,-1,8884,8775,8885,-1,8885,8775,8776,-1,8885,8776,8886,-1,8886,8776,8777,-1,8886,8777,8887,-1,8887,8777,8778,-1,8887,8778,8888,-1,8888,8778,8779,-1,8888,8779,8889,-1,8889,8779,8780,-1,8889,8780,8890,-1,8890,8780,8781,-1,8890,8781,8891,-1,8891,8781,8782,-1,8891,8782,8892,-1,8892,8782,8783,-1,8892,8783,8893,-1,8893,8783,8784,-1,8893,8784,8894,-1,8894,8784,8785,-1,8894,8785,8895,-1,8895,8785,8786,-1,8895,8786,8896,-1,8896,8786,8787,-1,8896,8787,8897,-1,8897,8787,8788,-1,8897,8788,8898,-1,8898,8788,8789,-1,8898,8789,8899,-1,8899,8789,8790,-1,8899,8790,8900,-1,8900,8790,8791,-1,8900,8791,8901,-1,8901,8791,8792,-1,8901,8792,8902,-1,8902,8792,8793,-1,8902,8793,8903,-1,8903,8793,8794,-1,8903,8794,8904,-1,8904,8794,8795,-1,8904,8795,8905,-1,8905,8795,8796,-1,8905,8796,8906,-1,8906,8796,8797,-1,8906,8797,8907,-1,8907,8797,8798,-1,8907,8798,8908,-1,8908,8798,8799,-1,8908,8799,8909,-1,8909,8799,8800,-1,8909,8800,8910,-1,8910,8800,8801,-1,8910,8801,8911,-1,8911,8801,8802,-1,8911,8802,8912,-1,8912,8802,8803,-1,8912,8803,8913,-1,8913,8803,8804,-1,8913,8804,8914,-1,8914,8804,8805,-1,8914,8805,8915,-1,8915,8805,8806,-1,8915,8806,8916,-1,8916,8806,8807,-1,8916,8807,8917,-1,8917,8807,8808,-1,8917,8808,8918,-1,8918,8808,8809,-1,8918,8809,8919,-1,8919,8809,8810,-1,8919,8810,8920,-1,55,54,8921,-1,8921,54,8811,-1,8921,8811,8922,-1,8922,8811,8812,-1,8922,8812,8923,-1,8923,8812,8813,-1,8923,8813,8924,-1,8924,8813,8814,-1,8924,8814,8925,-1,8925,8814,8815,-1,8925,8815,8926,-1,8926,8815,8816,-1,8926,8816,8927,-1,8927,8816,8817,-1,8927,8817,8928,-1,8928,8817,8818,-1,8928,8818,8929,-1,8929,8818,8819,-1,8929,8819,8930,-1,8930,8819,8820,-1,8930,8820,8931,-1,8931,8820,8821,-1,8931,8821,8932,-1,8932,8821,8822,-1,8932,8822,8933,-1,8933,8822,8823,-1,8933,8823,8934,-1,8934,8823,8824,-1,8934,8824,8935,-1,8935,8824,8825,-1,8935,8825,8936,-1,8936,8825,8826,-1,8936,8826,8937,-1,8937,8826,8827,-1,8937,8827,8938,-1,8938,8827,8828,-1,8938,8828,8939,-1,8939,8828,8829,-1,8939,8829,8940,-1,8940,8829,8830,-1,8940,8830,8941,-1,8941,8830,8831,-1,8941,8831,8942,-1,8942,8831,8832,-1,8942,8832,8943,-1,8943,8832,8833,-1,8943,8833,8944,-1,8944,8833,8834,-1,8944,8834,8945,-1,8945,8834,8835,-1,8945,8835,8946,-1,8946,8835,8836,-1,8946,8836,8947,-1,8947,8836,8837,-1,8947,8837,8948,-1,8948,8837,8838,-1,8948,8838,8949,-1,8949,8838,8839,-1,8949,8839,8950,-1,8950,8839,8840,-1,8950,8840,8951,-1,8951,8840,8841,-1,8951,8841,8952,-1,8952,8841,8842,-1,8952,8842,8953,-1,8953,8842,8843,-1,8953,8843,8954,-1,8954,8843,8844,-1,8954,8844,8955,-1,8955,8844,8845,-1,8955,8845,8956,-1,8956,8845,8846,-1,8956,8846,8957,-1,8957,8846,8847,-1,8957,8847,8958,-1,8958,8847,8848,-1,8958,8848,8959,-1,8959,8848,8849,-1,8959,8849,8960,-1,8960,8849,8850,-1,8960,8850,8961,-1,8961,8850,8851,-1,8961,8851,8962,-1,8962,8851,8852,-1,8962,8852,8963,-1,8963,8852,8853,-1,8963,8853,8964,-1,8964,8853,8854,-1,8964,8854,8965,-1,8965,8854,8855,-1,8965,8855,8966,-1,8966,8855,8856,-1,8966,8856,8967,-1,8967,8856,8857,-1,8967,8857,8968,-1,8968,8857,8858,-1,8968,8858,8969,-1,8969,8858,8859,-1,8969,8859,8970,-1,8970,8859,8860,-1,8970,8860,8971,-1,8971,8860,8861,-1,8971,8861,8972,-1,8972,8861,8862,-1,8972,8862,8973,-1,8973,8862,8863,-1,8973,8863,8974,-1,8974,8863,8864,-1,8974,8864,8975,-1,8975,8864,8865,-1,8975,8865,8976,-1,8976,8865,8866,-1,8976,8866,8977,-1,8977,8866,8867,-1,8977,8867,8978,-1,8978,8867,8868,-1,8978,8868,8979,-1,8979,8868,8869,-1,8979,8869,8980,-1,8980,8869,8870,-1,8980,8870,8981,-1,8981,8870,8871,-1,8981,8871,8982,-1,8982,8871,8872,-1,8982,8872,8983,-1,8983,8872,8873,-1,8983,8873,8984,-1,8984,8873,8874,-1,8984,8874,8985,-1,8985,8874,8875,-1,8985,8875,8986,-1,8986,8875,8876,-1,8986,8876,8987,-1,8987,8876,8877,-1,8987,8877,8988,-1,8988,8877,8878,-1,8988,8878,8989,-1,8989,8878,8879,-1,8989,8879,8990,-1,8990,8879,8880,-1,8990,8880,8991,-1,8991,8880,8881,-1,8991,8881,8992,-1,8992,8881,8882,-1,8992,8882,8993,-1,8993,8882,8883,-1,8993,8883,8994,-1,8994,8883,8884,-1,8994,8884,8995,-1,8995,8884,8885,-1,8995,8885,8996,-1,8996,8885,8886,-1,8996,8886,8997,-1,8997,8886,8887,-1,8997,8887,8998,-1,8998,8887,8888,-1,8998,8888,8999,-1,8999,8888,8889,-1,8999,8889,9000,-1,9000,8889,8890,-1,9000,8890,9001,-1,9001,8890,8891,-1,9001,8891,9002,-1,9002,8891,8892,-1,9002,8892,9003,-1,9003,8892,8893,-1,9003,8893,9004,-1,9004,8893,8894,-1,9004,8894,9005,-1,9005,8894,8895,-1,9005,8895,9006,-1,9006,8895,8896,-1,9006,8896,9007,-1,9007,8896,8897,-1,9007,8897,9008,-1,9008,8897,8898,-1,9008,8898,9009,-1,9009,8898,8899,-1,9009,8899,9010,-1,9010,8899,8900,-1,9010,8900,9011,-1,9011,8900,8901,-1,9011,8901,9012,-1,9012,8901,8902,-1,9012,8902,9013,-1,9013,8902,8903,-1,9013,8903,9014,-1,9014,8903,8904,-1,9014,8904,9015,-1,9015,8904,8905,-1,9015,8905,9016,-1,9016,8905,8906,-1,9016,8906,9017,-1,9017,8906,8907,-1,9017,8907,9018,-1,9018,8907,8908,-1,9018,8908,9019,-1,9019,8908,8909,-1,9019,8909,9020,-1,9020,8909,8910,-1,9020,8910,9021,-1,9021,8910,8911,-1,9021,8911,9022,-1,9022,8911,8912,-1,9022,8912,9023,-1,9023,8912,8913,-1,9023,8913,9024,-1,9024,8913,8914,-1,9024,8914,9025,-1,9025,8914,8915,-1,9025,8915,9026,-1,9026,8915,8916,-1,9026,8916,9027,-1,9027,8916,8917,-1,9027,8917,9028,-1,9028,8917,8918,-1,9028,8918,9029,-1,9029,8918,8919,-1,9029,8919,9030,-1,9030,8919,8920,-1,9030,8920,9031,-1,51,55,9032,-1,9032,55,8921,-1,9032,8921,9033,-1,9033,8921,8922,-1,9033,8922,9034,-1,9034,8922,8923,-1,9034,8923,9035,-1,9035,8923,8924,-1,9035,8924,9036,-1,9036,8924,8925,-1,9036,8925,9037,-1,9037,8925,8926,-1,9037,8926,9038,-1,9038,8926,8927,-1,9038,8927,9039,-1,9039,8927,8928,-1,9039,8928,9040,-1,9040,8928,8929,-1,9040,8929,9041,-1,9041,8929,8930,-1,9041,8930,9042,-1,9042,8930,8931,-1,9042,8931,9043,-1,9043,8931,8932,-1,9043,8932,9044,-1,9044,8932,8933,-1,9044,8933,9045,-1,9045,8933,8934,-1,9045,8934,9046,-1,9046,8934,8935,-1,9046,8935,9047,-1,9047,8935,8936,-1,9047,8936,9048,-1,9048,8936,8937,-1,9048,8937,9049,-1,9049,8937,8938,-1,9049,8938,9050,-1,9050,8938,8939,-1,9050,8939,9051,-1,9051,8939,8940,-1,9051,8940,9052,-1,9052,8940,8941,-1,9052,8941,9053,-1,9053,8941,8942,-1,9053,8942,9054,-1,9054,8942,8943,-1,9054,8943,9055,-1,9055,8943,8944,-1,9055,8944,9056,-1,9056,8944,8945,-1,9056,8945,9057,-1,9057,8945,8946,-1,9057,8946,9058,-1,9058,8946,8947,-1,9058,8947,9059,-1,9059,8947,8948,-1,9059,8948,9060,-1,9060,8948,8949,-1,9060,8949,9061,-1,9061,8949,8950,-1,9061,8950,9062,-1,9062,8950,8951,-1,9062,8951,9063,-1,9063,8951,8952,-1,9063,8952,9064,-1,9064,8952,8953,-1,9064,8953,9065,-1,9065,8953,8954,-1,9065,8954,9066,-1,9066,8954,8955,-1,9066,8955,9067,-1,9067,8955,8956,-1,9067,8956,9068,-1,9068,8956,8957,-1,9068,8957,9069,-1,9069,8957,8958,-1,9069,8958,9070,-1,9070,8958,8959,-1,9070,8959,9071,-1,9071,8959,8960,-1,9071,8960,9072,-1,9072,8960,8961,-1,9072,8961,9073,-1,9073,8961,8962,-1,9073,8962,9074,-1,9074,8962,8963,-1,9074,8963,9075,-1,9075,8963,8964,-1,9075,8964,9076,-1,9076,8964,8965,-1,9076,8965,9077,-1,9077,8965,8966,-1,9077,8966,9078,-1,9078,8966,8967,-1,9078,8967,9079,-1,9079,8967,8968,-1,9079,8968,9080,-1,9080,8968,8969,-1,9080,8969,9081,-1,9081,8969,8970,-1,9081,8970,9082,-1,9082,8970,8971,-1,9082,8971,9083,-1,9083,8971,8972,-1,9083,8972,9084,-1,9084,8972,8973,-1,9084,8973,9085,-1,9085,8973,8974,-1,9085,8974,9086,-1,9086,8974,8975,-1,9086,8975,9087,-1,9087,8975,8976,-1,9087,8976,9088,-1,9088,8976,8977,-1,9088,8977,9089,-1,9089,8977,8978,-1,9089,8978,9090,-1,9090,8978,8979,-1,9090,8979,9091,-1,9091,8979,8980,-1,9091,8980,9092,-1,9092,8980,8981,-1,9092,8981,9093,-1,9093,8981,8982,-1,9093,8982,9094,-1,9094,8982,8983,-1,9094,8983,9095,-1,9095,8983,8984,-1,9095,8984,9096,-1,9096,8984,8985,-1,9096,8985,9097,-1,9097,8985,8986,-1,9097,8986,9098,-1,9098,8986,8987,-1,9098,8987,9099,-1,9099,8987,8988,-1,9099,8988,9100,-1,9100,8988,8989,-1,9100,8989,9101,-1,9101,8989,8990,-1,9101,8990,9102,-1,9102,8990,8991,-1,9102,8991,9103,-1,9103,8991,8992,-1,9103,8992,9104,-1,9104,8992,8993,-1,9104,8993,9105,-1,9105,8993,8994,-1,9105,8994,9106,-1,9106,8994,8995,-1,9106,8995,9107,-1,9107,8995,8996,-1,9107,8996,9108,-1,9108,8996,8997,-1,9108,8997,9109,-1,9109,8997,8998,-1,9109,8998,9110,-1,9110,8998,8999,-1,9110,8999,9111,-1,9111,8999,9000,-1,9111,9000,9112,-1,9112,9000,9001,-1,9112,9001,9113,-1,9113,9001,9002,-1,9113,9002,9114,-1,9114,9002,9003,-1,9114,9003,9115,-1,9115,9003,9004,-1,9115,9004,9116,-1,9116,9004,9005,-1,9116,9005,9117,-1,9117,9005,9006,-1,9117,9006,9118,-1,9118,9006,9007,-1,9118,9007,9119,-1,9119,9007,9008,-1,9119,9008,9120,-1,9120,9008,9009,-1,9120,9009,9121,-1,9121,9009,9010,-1,9121,9010,9122,-1,9122,9010,9011,-1,9122,9011,9123,-1,9123,9011,9012,-1,9123,9012,9124,-1,9124,9012,9013,-1,9124,9013,9125,-1,9125,9013,9014,-1,9125,9014,9126,-1,9126,9014,9015,-1,9126,9015,9127,-1,9127,9015,9016,-1,9127,9016,9128,-1,9128,9016,9017,-1,9128,9017,9129,-1,9129,9017,9018,-1,9129,9018,9130,-1,9130,9018,9019,-1,9130,9019,9131,-1,9131,9019,9020,-1,9131,9020,9132,-1,9132,9020,9021,-1,9132,9021,9133,-1,9133,9021,9022,-1,9133,9022,9134,-1,9134,9022,9023,-1,9134,9023,9135,-1,9135,9023,9024,-1,9135,9024,9136,-1,9136,9024,9025,-1,9136,9025,9137,-1,9137,9025,9026,-1,9137,9026,9138,-1,9138,9026,9027,-1,9138,9027,9139,-1,9139,9027,9028,-1,9139,9028,9140,-1,9140,9028,9029,-1,9140,9029,9141,-1,9141,9029,9030,-1,9141,9030,9142,-1,9142,9030,9031,-1,9142,9031,9143,-1,52,51,9144,-1,9144,51,9032,-1,9144,9032,9145,-1,9145,9032,9033,-1,9145,9033,9146,-1,9146,9033,9034,-1,9146,9034,9147,-1,9147,9034,9035,-1,9147,9035,9148,-1,9148,9035,9036,-1,9148,9036,9149,-1,9149,9036,9037,-1,9149,9037,9150,-1,9150,9037,9038,-1,9150,9038,9151,-1,9151,9038,9039,-1,9151,9039,9152,-1,9152,9039,9040,-1,9152,9040,9153,-1,9153,9040,9041,-1,9153,9041,9154,-1,9154,9041,9042,-1,9154,9042,9155,-1,9155,9042,9043,-1,9155,9043,9156,-1,9156,9043,9044,-1,9156,9044,9157,-1,9157,9044,9045,-1,9157,9045,9158,-1,9158,9045,9046,-1,9158,9046,9159,-1,9159,9046,9047,-1,9159,9047,9160,-1,9160,9047,9048,-1,9160,9048,9161,-1,9161,9048,9049,-1,9161,9049,9162,-1,9162,9049,9050,-1,9162,9050,9163,-1,9163,9050,9051,-1,9163,9051,9164,-1,9164,9051,9052,-1,9164,9052,9165,-1,9165,9052,9053,-1,9165,9053,9166,-1,9166,9053,9054,-1,9166,9054,9167,-1,9167,9054,9055,-1,9167,9055,9168,-1,9168,9055,9056,-1,9168,9056,9169,-1,9169,9056,9057,-1,9169,9057,9170,-1,9170,9057,9058,-1,9170,9058,9171,-1,9171,9058,9059,-1,9171,9059,9172,-1,9172,9059,9060,-1,9172,9060,9173,-1,9173,9060,9061,-1,9173,9061,9174,-1,9174,9061,9062,-1,9174,9062,9175,-1,9175,9062,9063,-1,9175,9063,9176,-1,9176,9063,9064,-1,9176,9064,9177,-1,9177,9064,9065,-1,9177,9065,9178,-1,9178,9065,9066,-1,9178,9066,9179,-1,9179,9066,9067,-1,9179,9067,9180,-1,9180,9067,9068,-1,9180,9068,9181,-1,9181,9068,9069,-1,9181,9069,9182,-1,9182,9069,9070,-1,9182,9070,9183,-1,9183,9070,9071,-1,9183,9071,9184,-1,9184,9071,9072,-1,9184,9072,9185,-1,9185,9072,9073,-1,9185,9073,9186,-1,9186,9073,9074,-1,9186,9074,9187,-1,9187,9074,9075,-1,9187,9075,9188,-1,9188,9075,9076,-1,9188,9076,9189,-1,9189,9076,9077,-1,9189,9077,9190,-1,9190,9077,9078,-1,9190,9078,9191,-1,9191,9078,9079,-1,9191,9079,9192,-1,9192,9079,9080,-1,9192,9080,9193,-1,9193,9080,9081,-1,9193,9081,9194,-1,9194,9081,9082,-1,9194,9082,9195,-1,9195,9082,9083,-1,9195,9083,9196,-1,9196,9083,9084,-1,9196,9084,9197,-1,9197,9084,9085,-1,9197,9085,9198,-1,9198,9085,9086,-1,9198,9086,9199,-1,9199,9086,9087,-1,9199,9087,9200,-1,9200,9087,9088,-1,9200,9088,9201,-1,9201,9088,9089,-1,9201,9089,9202,-1,9202,9089,9090,-1,9202,9090,9203,-1,9203,9090,9091,-1,9203,9091,9204,-1,9204,9091,9092,-1,9204,9092,9205,-1,9205,9092,9093,-1,9205,9093,9206,-1,9206,9093,9094,-1,9206,9094,9207,-1,9207,9094,9095,-1,9207,9095,9208,-1,9208,9095,9096,-1,9208,9096,9209,-1,9209,9096,9097,-1,9209,9097,9210,-1,9210,9097,9098,-1,9210,9098,9211,-1,9211,9098,9099,-1,9211,9099,9212,-1,9212,9099,9100,-1,9212,9100,9213,-1,9213,9100,9101,-1,9213,9101,9214,-1,9214,9101,9102,-1,9214,9102,9215,-1,9215,9102,9103,-1,9215,9103,9216,-1,9216,9103,9104,-1,9216,9104,9217,-1,9217,9104,9105,-1,9217,9105,9218,-1,9218,9105,9106,-1,9218,9106,9219,-1,9219,9106,9107,-1,9219,9107,9220,-1,9220,9107,9108,-1,9220,9108,9221,-1,9221,9108,9109,-1,9221,9109,9222,-1,9222,9109,9110,-1,9222,9110,9223,-1,9223,9110,9111,-1,9223,9111,9224,-1,9224,9111,9112,-1,9224,9112,9225,-1,9225,9112,9113,-1,9225,9113,9226,-1,9226,9113,9114,-1,9226,9114,9227,-1,9227,9114,9115,-1,9227,9115,9228,-1,9228,9115,9116,-1,9228,9116,9229,-1,9229,9116,9117,-1,9229,9117,9230,-1,9230,9117,9118,-1,9230,9118,9231,-1,9231,9118,9119,-1,9231,9119,9232,-1,9232,9119,9120,-1,9232,9120,9233,-1,9233,9120,9121,-1,9233,9121,9234,-1,9234,9121,9122,-1,9234,9122,9235,-1,9235,9122,9123,-1,9235,9123,9236,-1,9236,9123,9124,-1,9236,9124,9237,-1,9237,9124,9125,-1,9237,9125,9238,-1,9238,9125,9126,-1,9238,9126,9239,-1,9239,9126,9127,-1,9239,9127,9240,-1,9240,9127,9128,-1,9240,9128,9241,-1,9241,9128,9129,-1,9241,9129,9242,-1,9242,9129,9130,-1,9242,9130,9243,-1,9243,9130,9131,-1,9243,9131,9244,-1,9244,9131,9132,-1,9244,9132,9245,-1,9245,9132,9133,-1,9245,9133,9246,-1,9246,9133,9134,-1,9246,9134,9247,-1,9247,9134,9135,-1,9247,9135,9248,-1,9248,9135,9136,-1,9248,9136,9249,-1,9249,9136,9137,-1,9249,9137,9250,-1,9250,9137,9138,-1,9250,9138,9251,-1,9251,9138,9139,-1,9251,9139,9252,-1,9252,9139,9140,-1,9252,9140,9253,-1,9253,9140,9141,-1,9253,9141,9254,-1,9254,9141,9142,-1,9254,9142,9255,-1,9255,9142,9143,-1,9255,9143,9256,-1,53,52,9257,-1,9257,52,9144,-1,9257,9144,9258,-1,9258,9144,9145,-1,9258,9145,9259,-1,9259,9145,9146,-1,9259,9146,9260,-1,9260,9146,9147,-1,9260,9147,9261,-1,9261,9147,9148,-1,9261,9148,9262,-1,9262,9148,9149,-1,9262,9149,9263,-1,9263,9149,9150,-1,9263,9150,9264,-1,9264,9150,9151,-1,9264,9151,9265,-1,9265,9151,9152,-1,9265,9152,9266,-1,9266,9152,9153,-1,9266,9153,9267,-1,9267,9153,9154,-1,9267,9154,9268,-1,9268,9154,9155,-1,9268,9155,9269,-1,9269,9155,9156,-1,9269,9156,9270,-1,9270,9156,9157,-1,9270,9157,9271,-1,9271,9157,9158,-1,9271,9158,9272,-1,9272,9158,9159,-1,9272,9159,9273,-1,9273,9159,9160,-1,9273,9160,9274,-1,9274,9160,9161,-1,9274,9161,9275,-1,9275,9161,9162,-1,9275,9162,9276,-1,9276,9162,9163,-1,9276,9163,9277,-1,9277,9163,9164,-1,9277,9164,9278,-1,9278,9164,9165,-1,9278,9165,9279,-1,9279,9165,9166,-1,9279,9166,9280,-1,9280,9166,9167,-1,9280,9167,9281,-1,9281,9167,9168,-1,9281,9168,9282,-1,9282,9168,9169,-1,9282,9169,9283,-1,9283,9169,9170,-1,9283,9170,9284,-1,9284,9170,9171,-1,9284,9171,9285,-1,9285,9171,9172,-1,9285,9172,9286,-1,9286,9172,9173,-1,9286,9173,9287,-1,9287,9173,9174,-1,9287,9174,9288,-1,9288,9174,9175,-1,9288,9175,9289,-1,9289,9175,9176,-1,9289,9176,9290,-1,9290,9176,9177,-1,9290,9177,9291,-1,9291,9177,9178,-1,9291,9178,9292,-1,9292,9178,9179,-1,9292,9179,9293,-1,9293,9179,9180,-1,9293,9180,9294,-1,9294,9180,9181,-1,9294,9181,9295,-1,9295,9181,9182,-1,9295,9182,9296,-1,9296,9182,9183,-1,9296,9183,9297,-1,9297,9183,9184,-1,9297,9184,9298,-1,9298,9184,9185,-1,9298,9185,9299,-1,9299,9185,9186,-1,9299,9186,9300,-1,9300,9186,9187,-1,9300,9187,9301,-1,9301,9187,9188,-1,9301,9188,9302,-1,9302,9188,9189,-1,9302,9189,9303,-1,9303,9189,9190,-1,9303,9190,9304,-1,9304,9190,9191,-1,9304,9191,9305,-1,9305,9191,9192,-1,9305,9192,9306,-1,9306,9192,9193,-1,9306,9193,9307,-1,9307,9193,9194,-1,9307,9194,9308,-1,9308,9194,9195,-1,9308,9195,9309,-1,9309,9195,9196,-1,9309,9196,9310,-1,9310,9196,9197,-1,9310,9197,9311,-1,9311,9197,9198,-1,9311,9198,9312,-1,9312,9198,9199,-1,9312,9199,9313,-1,9313,9199,9200,-1,9313,9200,9314,-1,9314,9200,9201,-1,9314,9201,9315,-1,9315,9201,9202,-1,9315,9202,9316,-1,9316,9202,9203,-1,9316,9203,9317,-1,9317,9203,9204,-1,9317,9204,9318,-1,9318,9204,9205,-1,9318,9205,9319,-1,9319,9205,9206,-1,9319,9206,9320,-1,9320,9206,9207,-1,9320,9207,9321,-1,9321,9207,9208,-1,9321,9208,9322,-1,9322,9208,9209,-1,9322,9209,9323,-1,9323,9209,9210,-1,9323,9210,9324,-1,9324,9210,9211,-1,9324,9211,9325,-1,9325,9211,9212,-1,9325,9212,9326,-1,9326,9212,9213,-1,9326,9213,9327,-1,9327,9213,9214,-1,9327,9214,9328,-1,9328,9214,9215,-1,9328,9215,9329,-1,9329,9215,9216,-1,9329,9216,9330,-1,9330,9216,9217,-1,9330,9217,9331,-1,9331,9217,9218,-1,9331,9218,9332,-1,9332,9218,9219,-1,9332,9219,9333,-1,9333,9219,9220,-1,9333,9220,9334,-1,9334,9220,9221,-1,9334,9221,9335,-1,9335,9221,9222,-1,9335,9222,9336,-1,9336,9222,9223,-1,9336,9223,9337,-1,9337,9223,9224,-1,9337,9224,9338,-1,9338,9224,9225,-1,9338,9225,9339,-1,9339,9225,9226,-1,9339,9226,9340,-1,9340,9226,9227,-1,9340,9227,9341,-1,9341,9227,9228,-1,9341,9228,9342,-1,9342,9228,9229,-1,9342,9229,9343,-1,9343,9229,9230,-1,9343,9230,9344,-1,9344,9230,9231,-1,9344,9231,9345,-1,9345,9231,9232,-1,9345,9232,9346,-1,9346,9232,9233,-1,9346,9233,9347,-1,9347,9233,9234,-1,9347,9234,9348,-1,9348,9234,9235,-1,9348,9235,9349,-1,9349,9235,9236,-1,9349,9236,9350,-1,9350,9236,9237,-1,9350,9237,9351,-1,9351,9237,9238,-1,9351,9238,9352,-1,9352,9238,9239,-1,9352,9239,9353,-1,9353,9239,9240,-1,9353,9240,9354,-1,9354,9240,9241,-1,9354,9241,9355,-1,9355,9241,9242,-1,9355,9242,9356,-1,9356,9242,9243,-1,9356,9243,9357,-1,9357,9243,9244,-1,9357,9244,9358,-1,9358,9244,9245,-1,9358,9245,9359,-1,9359,9245,9246,-1,9359,9246,9360,-1,9360,9246,9247,-1,9360,9247,9361,-1,9361,9247,9248,-1,9361,9248,9362,-1,9362,9248,9249,-1,9362,9249,9363,-1,9363,9249,9250,-1,9363,9250,9364,-1,9364,9250,9251,-1,9364,9251,9365,-1,9365,9251,9252,-1,9365,9252,9366,-1,9366,9252,9253,-1,9366,9253,9367,-1,9367,9253,9254,-1,9367,9254,9368,-1,9368,9254,9255,-1,9368,9255,9369,-1,9369,9255,9256,-1,9369,9256,9370,-1,48,53,6645,-1,6645,53,9257,-1,6645,9257,6647,-1,6647,9257,9258,-1,6647,9258,6649,-1,6649,9258,9259,-1,6649,9259,6651,-1,6651,9259,9260,-1,6651,9260,6653,-1,6653,9260,9261,-1,6653,9261,6655,-1,6655,9261,9262,-1,6655,9262,6657,-1,6657,9262,9263,-1,6657,9263,6659,-1,6659,9263,9264,-1,6659,9264,6661,-1,6661,9264,9265,-1,6661,9265,6663,-1,6663,9265,9266,-1,6663,9266,6665,-1,6665,9266,9267,-1,6665,9267,6667,-1,6667,9267,9268,-1,6667,9268,6669,-1,6669,9268,9269,-1,6669,9269,6671,-1,6671,9269,9270,-1,6671,9270,6673,-1,6673,9270,9271,-1,6673,9271,6675,-1,6675,9271,9272,-1,6675,9272,6677,-1,6677,9272,9273,-1,6677,9273,6679,-1,6679,9273,9274,-1,6679,9274,6681,-1,6681,9274,9275,-1,6681,9275,6683,-1,6683,9275,9276,-1,6683,9276,6685,-1,6685,9276,9277,-1,6685,9277,6687,-1,6687,9277,9278,-1,6687,9278,6689,-1,6689,9278,9279,-1,6689,9279,6691,-1,6691,9279,9280,-1,6691,9280,6693,-1,6693,9280,9281,-1,6693,9281,6695,-1,6695,9281,9282,-1,6695,9282,6697,-1,6697,9282,9283,-1,6697,9283,6699,-1,6699,9283,9284,-1,6699,9284,6701,-1,6701,9284,9285,-1,6701,9285,6703,-1,6703,9285,9286,-1,6703,9286,6705,-1,6705,9286,9287,-1,6705,9287,6707,-1,6707,9287,9288,-1,6707,9288,6709,-1,6709,9288,9289,-1,6709,9289,6711,-1,6711,9289,9290,-1,6711,9290,6713,-1,6713,9290,9291,-1,6713,9291,6715,-1,6715,9291,9292,-1,6715,9292,6717,-1,6717,9292,9293,-1,6717,9293,6719,-1,6719,9293,9294,-1,6719,9294,6721,-1,6721,9294,9295,-1,6721,9295,6723,-1,6723,9295,9296,-1,6723,9296,6725,-1,6725,9296,9297,-1,6725,9297,6727,-1,6727,9297,9298,-1,6727,9298,6729,-1,6729,9298,9299,-1,6729,9299,6731,-1,6731,9299,9300,-1,6731,9300,6733,-1,6733,9300,9301,-1,6733,9301,6735,-1,6735,9301,9302,-1,6735,9302,6737,-1,6737,9302,9303,-1,6737,9303,6739,-1,6739,9303,9304,-1,6739,9304,6741,-1,6741,9304,9305,-1,6741,9305,6743,-1,6743,9305,9306,-1,6743,9306,6745,-1,6745,9306,9307,-1,6745,9307,6747,-1,6747,9307,9308,-1,6747,9308,6749,-1,6749,9308,9309,-1,6749,9309,6751,-1,6751,9309,9310,-1,6751,9310,6753,-1,6753,9310,9311,-1,6753,9311,6755,-1,6755,9311,9312,-1,6755,9312,6757,-1,6757,9312,9313,-1,6757,9313,6759,-1,6759,9313,9314,-1,6759,9314,6761,-1,6761,9314,9315,-1,6761,9315,6763,-1,6763,9315,9316,-1,6763,9316,6765,-1,6765,9316,9317,-1,6765,9317,6767,-1,6767,9317,9318,-1,6767,9318,6769,-1,6769,9318,9319,-1,6769,9319,6771,-1,6771,9319,9320,-1,6771,9320,6773,-1,6773,9320,9321,-1,6773,9321,6775,-1,6775,9321,9322,-1,6775,9322,6777,-1,6777,9322,9323,-1,6777,9323,6779,-1,6779,9323,9324,-1,6779,9324,6781,-1,6781,9324,9325,-1,6781,9325,6783,-1,6783,9325,9326,-1,6783,9326,6785,-1,6785,9326,9327,-1,6785,9327,6787,-1,6787,9327,9328,-1,6787,9328,6789,-1,6789,9328,9329,-1,6789,9329,6791,-1,6791,9329,9330,-1,6791,9330,6793,-1,6793,9330,9331,-1,6793,9331,6795,-1,6795,9331,9332,-1,6795,9332,6797,-1,6797,9332,9333,-1,6797,9333,6799,-1,6799,9333,9334,-1,6799,9334,6801,-1,6801,9334,9335,-1,6801,9335,6803,-1,6803,9335,9336,-1,6803,9336,6805,-1,6805,9336,9337,-1,6805,9337,6807,-1,6807,9337,9338,-1,6807,9338,6809,-1,6809,9338,9339,-1,6809,9339,6811,-1,6811,9339,9340,-1,6811,9340,6813,-1,6813,9340,9341,-1,6813,9341,6815,-1,6815,9341,9342,-1,6815,9342,6817,-1,6817,9342,9343,-1,6817,9343,6819,-1,6819,9343,9344,-1,6819,9344,110,-1,110,9344,9345,-1,110,9345,111,-1,111,9345,9346,-1,111,9346,619,-1,619,9346,9347,-1,619,9347,872,-1,872,9347,9348,-1,872,9348,1124,-1,1124,9348,9349,-1,1124,9349,1375,-1,1375,9349,9350,-1,1375,9350,1625,-1,1625,9350,9351,-1,1625,9351,1874,-1,1874,9351,9352,-1,1874,9352,2122,-1,2122,9352,9353,-1,2122,9353,2369,-1,2369,9353,9354,-1,2369,9354,2615,-1,2615,9354,9355,-1,2615,9355,2860,-1,2860,9355,9356,-1,2860,9356,3104,-1,3104,9356,9357,-1,3104,9357,3347,-1,3347,9357,9358,-1,3347,9358,3589,-1,3589,9358,9359,-1,3589,9359,3830,-1,3830,9359,9360,-1,3830,9360,4070,-1,4070,9360,9361,-1,4070,9361,4309,-1,4309,9361,9362,-1,4309,9362,4547,-1,4547,9362,9363,-1,4547,9363,4784,-1,4784,9363,9364,-1,4784,9364,5020,-1,5020,9364,9365,-1,5020,9365,5255,-1,5255,9365,9366,-1,5255,9366,5489,-1,5489,9366,9367,-1,5489,9367,5722,-1,5722,9367,9368,-1,5722,9368,5954,-1,5954,9368,9369,-1,5954,9369,6185,-1,6185,9369,9370,-1,6185,9370,6415,-1,366,6516,364,-1,364,6516,6515,-1,364,6515,362,-1,362,6515,6514,-1,362,6514,360,-1,360,6514,6513,-1,360,6513,358,-1,358,6513,6512,-1,358,6512,356,-1,356,6512,6511,-1,356,6511,354,-1,354,6511,6510,-1,354,6510,352,-1,352,6510,6509,-1,352,6509,350,-1,350,6509,6508,-1,350,6508,348,-1,348,6508,6507,-1,348,6507,346,-1,346,6507,6506,-1,346,6506,344,-1,344,6506,6505,-1,344,6505,342,-1,342,6505,6504,-1,342,6504,340,-1,340,6504,6503,-1,340,6503,338,-1,338,6503,6502,-1,338,6502,336,-1,336,6502,6501,-1,336,6501,334,-1,334,6501,6500,-1,334,6500,332,-1,332,6500,6499,-1,332,6499,330,-1,330,6499,6498,-1,330,6498,328,-1,328,6498,6497,-1,328,6497,326,-1,326,6497,6496,-1,326,6496,324,-1,324,6496,6495,-1,324,6495,322,-1,322,6495,6494,-1,322,6494,320,-1,320,6494,6493,-1,320,6493,318,-1,318,6493,6492,-1,318,6492,316,-1,316,6492,6491,-1,316,6491,314,-1,314,6491,6490,-1,314,6490,312,-1,312,6490,6489,-1,312,6489,310,-1,310,6489,6488,-1,310,6488,308,-1,308,6488,6487,-1,308,6487,306,-1,306,6487,6486,-1,306,6486,304,-1,304,6486,6485,-1,304,6485,302,-1,302,6485,6484,-1,302,6484,300,-1,300,6484,6483,-1,300,6483,298,-1,298,6483,6482,-1,298,6482,296,-1,296,6482,6481,-1,296,6481,294,-1,294,6481,6480,-1,294,6480,292,-1,292,6480,6479,-1,292,6479,290,-1,290,6479,6478,-1,290,6478,288,-1,288,6478,6477,-1,288,6477,286,-1,286,6477,6476,-1,286,6476,284,-1,284,6476,6475,-1,284,6475,282,-1,282,6475,6474,-1,282,6474,280,-1,280,6474,6473,-1,280,6473,278,-1,278,6473,6472,-1,278,6472,276,-1,276,6472,6471,-1,276,6471,274,-1,274,6471,6470,-1,274,6470,272,-1,272,6470,6469,-1,272,6469,270,-1,270,6469,6468,-1,270,6468,268,-1,268,6468,6467,-1,268,6467,266,-1,266,6467,6466,-1,266,6466,264,-1,264,6466,6465,-1,264,6465,262,-1,262,6465,6464,-1,262,6464,260,-1,260,6464,6463,-1,260,6463,258,-1,258,6463,6462,-1,258,6462,256,-1,256,6462,6461,-1,256,6461,254,-1,254,6461,6460,-1,254,6460,252,-1,252,6460,6459,-1,252,6459,250,-1,250,6459,6458,-1,250,6458,248,-1,248,6458,6457,-1,248,6457,246,-1,246,6457,6456,-1,246,6456,244,-1,244,6456,6455,-1,244,6455,242,-1,242,6455,6454,-1,242,6454,240,-1,240,6454,6453,-1,240,6453,238,-1,238,6453,6452,-1,238,6452,236,-1,236,6452,6451,-1,236,6451,234,-1,234,6451,6450,-1,234,6450,232,-1,232,6450,6449,-1,232,6449,230,-1,230,6449,6448,-1,230,6448,228,-1,228,6448,6447,-1,228,6447,226,-1,226,6447,6446,-1,226,6446,224,-1,224,6446,6445,-1,224,6445,222,-1,222,6445,6444,-1,222,6444,220,-1,220,6444,6443,-1,220,6443,218,-1,218,6443,6442,-1,218,6442,216,-1,216,6442,6441,-1,216,6441,214,-1,214,6441,6440,-1,214,6440,212,-1,212,6440,6439,-1,212,6439,210,-1,210,6439,6438,-1,210,6438,208,-1,208,6438,6437,-1,208,6437,206,-1,206,6437,6436,-1,206,6436,204,-1,204,6436,6435,-1,204,6435,202,-1,202,6435,6434,-1,202,6434,200,-1,200,6434,6433,-1,200,6433,198,-1,198,6433,6432,-1,198,6432,196,-1,196,6432,6431,-1,196,6431,194,-1,194,6431,6430,-1,194,6430,192,-1,192,6430,6429,-1,192,6429,190,-1,190,6429,6428,-1,190,6428,188,-1,188,6428,6427,-1,188,6427,186,-1,186,6427,6426,-1,186,6426,184,-1,184,6426,6425,-1,184,6425,182,-1,182,6425,6424,-1,182,6424,180,-1,180,6424,6423,-1,180,6423,178,-1,178,6423,6422,-1,178,6422,176,-1,176,6422,6421,-1,176,6421,174,-1,174,6421,6420,-1,174,6420,172,-1,172,6420,6419,-1,172,6419,170,-1,170,6419,6418,-1,170,6418,168,-1,168,6418,6417,-1,168,6417,166,-1,166,6417,6416,-1,166,6416,164,-1,164,6416,6415,-1,164,6415,162,-1,162,6415,9370,-1,162,9370,160,-1,160,9370,9256,-1,160,9256,158,-1,158,9256,9143,-1,158,9143,156,-1,156,9143,9031,-1,156,9031,154,-1,154,9031,8920,-1,154,8920,152,-1,152,8920,8810,-1,152,8810,150,-1,150,8810,8701,-1,150,8701,148,-1,148,8701,8593,-1,148,8593,146,-1,146,8593,8486,-1,146,8486,144,-1,144,8486,8380,-1,144,8380,142,-1,142,8380,8275,-1,142,8275,140,-1,140,8275,8171,-1,140,8171,138,-1,138,8171,8068,-1,138,8068,136,-1,136,8068,7966,-1,136,7966,134,-1,134,7966,7865,-1,134,7865,132,-1,132,7865,7765,-1,132,7765,130,-1,130,7765,7666,-1,130,7666,128,-1,128,7666,7568,-1,128,7568,126,-1,126,7568,7471,-1,126,7471,124,-1,124,7471,7375,-1,124,7375,122,-1,122,7375,7280,-1,122,7280,120,-1,120,7280,7186,-1,120,7186,118,-1,118,7186,7093,-1,118,7093,116,-1,116,7093,7001,-1,116,7001,114,-1,114,7001,6910,-1,114,6910,112,-1,112,6910,6820,-1,112,6820,110,-1,110,6820,6819,-1,6516,366,6517,-1,6517,366,368,-1,6517,368,6518,-1,6518,368,370,-1,6518,370,6519,-1,6519,370,372,-1,6519,372,6520,-1,6520,372,374,-1,6520,374,6521,-1,6521,374,376,-1,6521,376,6522,-1,6522,376,378,-1,6522,378,6523,-1,6523,378,380,-1,6523,380,6524,-1,6524,380,382,-1,6524,382,6525,-1,6525,382,384,-1,6525,384,6526,-1,6526,384,386,-1,6526,386,6527,-1,6527,386,388,-1,6527,388,6528,-1,6528,388,390,-1,6528,390,6529,-1,6529,390,392,-1,6529,392,6530,-1,6530,392,394,-1,6530,394,6531,-1,6531,394,396,-1,6531,396,6532,-1,6532,396,398,-1,6532,398,6533,-1,6533,398,400,-1,6533,400,6534,-1,6534,400,402,-1,6534,402,6535,-1,6535,402,404,-1,6535,404,6536,-1,6536,404,406,-1,6536,406,6537,-1,6537,406,408,-1,6537,408,6538,-1,6538,408,410,-1,6538,410,6539,-1,6539,410,412,-1,6539,412,6540,-1,6540,412,414,-1,6540,414,6541,-1,6541,414,416,-1,6541,416,6542,-1,6542,416,418,-1,6542,418,6543,-1,6543,418,420,-1,6543,420,6544,-1,6544,420,422,-1,6544,422,6545,-1,6545,422,424,-1,6545,424,6546,-1,6546,424,426,-1,6546,426,6547,-1,6547,426,428,-1,6547,428,6548,-1,6548,428,430,-1,6548,430,6549,-1,6549,430,432,-1,6549,432,6550,-1,6550,432,434,-1,6550,434,6551,-1,6551,434,436,-1,6551,436,6552,-1,6552,436,438,-1,6552,438,6553,-1,6553,438,440,-1,6553,440,6554,-1,6554,440,442,-1,6554,442,6555,-1,6555,442,444,-1,6555,444,6556,-1,6556,444,446,-1,6556,446,6557,-1,6557,446,448,-1,6557,448,6558,-1,6558,448,450,-1,6558,450,6559,-1,6559,450,452,-1,6559,452,6560,-1,6560,452,454,-1,6560,454,6561,-1,6561,454,456,-1,6561,456,6562,-1,6562,456,458,-1,6562,458,6563,-1,6563,458,460,-1,6563,460,6564,-1,6564,460,462,-1,6564,462,6565,-1,6565,462,464,-1,6565,464,6566,-1,6566,464,466,-1,6566,466,6567,-1,6567,466,468,-1,6567,468,6568,-1,6568,468,470,-1,6568,470,6569,-1,6569,470,472,-1,6569,472,6570,-1,6570,472,474,-1,6570,474,6571,-1,6571,474,476,-1,6571,476,6572,-1,6572,476,478,-1,6572,478,6573,-1,6573,478,480,-1,6573,480,6574,-1,6574,480,482,-1,6574,482,6575,-1,6575,482,484,-1,6575,484,6576,-1,6576,484,486,-1,6576,486,6577,-1,6577,486,488,-1,6577,488,6578,-1,6578,488,490,-1,6578,490,6579,-1,6579,490,492,-1,6579,492,6580,-1,6580,492,494,-1,6580,494,6581,-1,6581,494,496,-1,6581,496,6582,-1,6582,496,498,-1,6582,498,6583,-1,6583,498,500,-1,6583,500,6584,-1,6584,500,502,-1,6584,502,6585,-1,6585,502,504,-1,6585,504,6586,-1,6586,504,506,-1,6586,506,6587,-1,6587,506,508,-1,6587,508,6588,-1,6588,508,510,-1,6588,510,6589,-1,6589,510,512,-1,6589,512,6590,-1,6590,512,514,-1,6590,514,6591,-1,6591,514,516,-1,6591,516,6592,-1,6592,516,518,-1,6592,518,6593,-1,6593,518,520,-1,6593,520,6594,-1,6594,520,522,-1,6594,522,6595,-1,6595,522,524,-1,6595,524,6596,-1,6596,524,526,-1,6596,526,6597,-1,6597,526,528,-1,6597,528,6598,-1,6598,528,530,-1,6598,530,6599,-1,6599,530,532,-1,6599,532,6600,-1,6600,532,534,-1,6600,534,6601,-1,6601,534,536,-1,6601,536,6602,-1,6602,536,538,-1,6602,538,6603,-1,6603,538,540,-1,6603,540,6604,-1,6604,540,542,-1,6604,542,6605,-1,6605,542,544,-1,6605,544,6606,-1,6606,544,546,-1,6606,546,6607,-1,6607,546,548,-1,6607,548,6608,-1,6608,548,550,-1,6608,550,6609,-1,6609,550,552,-1,6609,552,6610,-1,6610,552,554,-1,6610,554,6611,-1,6611,554,556,-1,6611,556,6612,-1,6612,556,558,-1,6612,558,6613,-1,6613,558,560,-1,6613,560,6614,-1,6614,560,562,-1,6614,562,6615,-1,6615,562,564,-1,6615,564,6616,-1,6616,564,566,-1,6616,566,6617,-1,6617,566,568,-1,6617,568,6618,-1,6618,568,570,-1,6618,570,6619,-1,6619,570,572,-1,6619,572,6620,-1,6620,572,574,-1,6620,574,6621,-1,6621,574,576,-1,6621,576,6622,-1,6622,576,578,-1,6622,578,6623,-1,6623,578,580,-1,6623,580,6624,-1,6624,580,582,-1,6624,582,6625,-1,6625,582,584,-1,6625,584,6626,-1,6626,584,586,-1,6626,586,6627,-1,6627,586,588,-1,6627,588,6628,-1,6628,588,590,-1,6628,590,6629,-1,6629,590,592,-1,6629,592,6630,-1,6630,592,594,-1,6630,594,6631,-1,6631,594,596,-1,6631,596,6632,-1,6632,596,598,-1,6632,598,6633,-1,6633,598,600,-1,6633,600,6634,-1,6634,600,602,-1,6634,602,6635,-1,6635,602,604,-1,6635,604,6636,-1,6636,604,606,-1,6636,606,6637,-1,6637,606,608,-1,6637,608,6638,-1,6638,608,610,-1,6638,610,6639,-1,6639,610,612,-1,6639,612,6640,-1,6640,612,614,-1,6640,614,6641,-1,6641,614,616,-1,6641,616,6642,-1,6642,616,618,-1,6642,618,6643,-1,6643,618,109,-1,6643,109,58,-1,58,109,56,-1,1,0,9371,-1,9371,0,9372,-1,9371,9372,9373,-1,9373,9372,9374,-1,9373,9374,9375,-1,9375,9374,9376,-1,9375,9376,9377,-1,9377,9376,9378,-1,9377,9378,9379,-1,9379,9378,9380,-1,9379,9380,9381,-1,9381,9380,9382,-1,9381,9382,9383,-1,9383,9382,9384,-1,9383,9384,9385,-1,9385,9384,9386,-1,9385,9386,9387,-1,9387,9386,9388,-1,9387,9388,9389,-1,9389,9388,9390,-1,9389,9390,9391,-1,9391,9390,9392,-1,9391,9392,9393,-1,9393,9392,9394,-1,9393,9394,9395,-1,9395,9394,9396,-1,9395,9396,9397,-1,9397,9396,9398,-1,9397,9398,9399,-1,9399,9398,9400,-1,9399,9400,9401,-1,9401,9400,9402,-1,9401,9402,9403,-1,9403,9402,9404,-1,9403,9404,9405,-1,9405,9404,9406,-1,9405,9406,9407,-1,9407,9406,9408,-1,9407,9408,9409,-1,9409,9408,9410,-1,9409,9410,9411,-1,9411,9410,9412,-1,9411,9412,9413,-1,9413,9412,9414,-1,9413,9414,9415,-1,9415,9414,9416,-1,9415,9416,9417,-1,9417,9416,9418,-1,9417,9418,9419,-1,9419,9418,9420,-1,9419,9420,9421,-1,9421,9420,9422,-1,9421,9422,9423,-1,9423,9422,9424,-1,9423,9424,9425,-1,9425,9424,9426,-1,9425,9426,9427,-1,9427,9426,9428,-1,9427,9428,9429,-1,9429,9428,9430,-1,9429,9430,9431,-1,9431,9430,9432,-1,9431,9432,9433,-1,9433,9432,9434,-1,9433,9434,9435,-1,9435,9434,9436,-1,9435,9436,9437,-1,9437,9436,9438,-1,9437,9438,9439,-1,9439,9438,9440,-1,9439,9440,9441,-1,9441,9440,9442,-1,9441,9442,9443,-1,9443,9442,9444,-1,9443,9444,9445,-1,9445,9444,9446,-1,9445,9446,9447,-1,9447,9446,9448,-1,9447,9448,9449,-1,9449,9448,9450,-1,9449,9450,9451,-1,9451,9450,9452,-1,9451,9452,9453,-1,9453,9452,9454,-1,9453,9454,9455,-1,9455,9454,9456,-1,9455,9456,9457,-1,9457,9456,9458,-1,9457,9458,9459,-1,9459,9458,9460,-1,9459,9460,9461,-1,9461,9460,9462,-1,9461,9462,9463,-1,9463,9462,9464,-1,9463,9464,9465,-1,9465,9464,9466,-1,9465,9466,9467,-1,9467,9466,9468,-1,9467,9468,9469,-1,9469,9468,9470,-1,9469,9470,9471,-1,9471,9470,9472,-1,9471,9472,9473,-1,9473,9472,9474,-1,9473,9474,9475,-1,9475,9474,9476,-1,9475,9476,9477,-1,9477,9476,9478,-1,9477,9478,9479,-1,9479,9478,9480,-1,9479,9480,9481,-1,9481,9480,9482,-1,9481,9482,9483,-1,9483,9482,9484,-1,9483,9484,9485,-1,9485,9484,9486,-1,9485,9486,9487,-1,9487,9486,9488,-1,9487,9488,9489,-1,9489,9488,9490,-1,9489,9490,9491,-1,9491,9490,9492,-1,9491,9492,9493,-1,9493,9492,9494,-1,9493,9494,9495,-1,9495,9494,9496,-1,9495,9496,9497,-1,9497,9496,9498,-1,9497,9498,9499,-1,9499,9498,9500,-1,9499,9500,9501,-1,9501,9500,9502,-1,9501,9502,9503,-1,9503,9502,9504,-1,9503,9504,9505,-1,9505,9504,9506,-1,9505,9506,9507,-1,9507,9506,9508,-1,9507,9508,9509,-1,9509,9508,9510,-1,9509,9510,9511,-1,9511,9510,9512,-1,9511,9512,9513,-1,9513,9512,9514,-1,9513,9514,9515,-1,9515,9514,9516,-1,9515,9516,9517,-1,9517,9516,9518,-1,9517,9518,9519,-1,9519,9518,9520,-1,9519,9520,9521,-1,9521,9520,9522,-1,9521,9522,9523,-1,9523,9522,9524,-1,9523,9524,9525,-1,9525,9524,9526,-1,9525,9526,9527,-1,9527,9526,9528,-1,9527,9528,9529,-1,9529,9528,9530,-1,9529,9530,9531,-1,9531,9530,9532,-1,9531,9532,9533,-1,9533,9532,9534,-1,9533,9534,9535,-1,9535,9534,9536,-1,9535,9536,9537,-1,9537,9536,9538,-1,9537,9538,9539,-1,9539,9538,9540,-1,9539,9540,9541,-1,9541,9540,9542,-1,9541,9542,9543,-1,9543,9542,9544,-1,9543,9544,9545,-1,9545,9544,9546,-1,9545,9546,9547,-1,9547,9546,9548,-1,9547,9548,9549,-1,9549,9548,9550,-1,9549,9550,9551,-1,9551,9550,9552,-1,9551,9552,9553,-1,9553,9552,9554,-1,9553,9554,9555,-1,9555,9554,9556,-1,9555,9556,9557,-1,9557,9556,9558,-1,9557,9558,9559,-1,9559,9558,9560,-1,9559,9560,9561,-1,9561,9560,9562,-1,9561,9562,9563,-1,9563,9562,9564,-1,9563,9564,9565,-1,9565,9564,9566,-1,9565,9566,9567,-1,9567,9566,9568,-1,9567,9568,9569,-1,9569,9568,9570,-1,9569,9570,9571,-1,9571,9570,9572,-1,9571,9572,9573,-1,9573,9572,9574,-1,9573,9574,9575,-1,9575,9574,9576,-1,9575,9576,9577,-1,9577,9576,9578,-1,9577,9578,9579,-1,9579,9578,9580,-1,9579,9580,9581,-1,9581,9580,9582,-1,9581,9582,9583,-1,9583,9582,9584,-1,9583,9584,9585,-1,9585,9584,9586,-1,9585,9586,9587,-1,9587,9586,9588,-1,9587,9588,9589,-1,9589,9588,9590,-1,9589,9590,9591,-1,9591,9590,9592,-1,9591,9592,9593,-1,9593,9592,9594,-1,9593,9594,9595,-1,9595,9594,9596,-1,9595,9596,9597,-1,9597,9596,9598,-1,9597,9598,9599,-1,9599,9598,9600,-1,9599,9600,9601,-1,9601,9600,9602,-1,9601,9602,9603,-1,9603,9602,9604,-1,9603,9604,9605,-1,9605,9604,9606,-1,9605,9606,9607,-1,9607,9606,9608,-1,9607,9608,9609,-1,9609,9608,9610,-1,9609,9610,9611,-1,9611,9610,9612,-1,9611,9612,9613,-1,9613,9612,9614,-1,9613,9614,9615,-1,9615,9614,9616,-1,9615,9616,9617,-1,9617,9616,9618,-1,9617,9618,9619,-1,9619,9618,9620,-1,9619,9620,9621,-1,9621,9620,9622,-1,9621,9622,9623,-1,9623,9622,9624,-1,9623,9624,95,-1,95,9624,97,-1,0,7,9372,-1,9372,7,9625,-1,9372,9625,9374,-1,9374,9625,9626,-1,9374,9626,9376,-1,9376,9626,9627,-1,9376,9627,9378,-1,9378,9627,9628,-1,9378,9628,9380,-1,9380,9628,9629,-1,9380,9629,9382,-1,9382,9629,9630,-1,9382,9630,9384,-1,9384,9630,9631,-1,9384,9631,9386,-1,9386,9631,9632,-1,9386,9632,9388,-1,9388,9632,9633,-1,9388,9633,9390,-1,9390,9633,9634,-1,9390,9634,9392,-1,9392,9634,9635,-1,9392,9635,9394,-1,9394,9635,9636,-1,9394,9636,9396,-1,9396,9636,9637,-1,9396,9637,9398,-1,9398,9637,9638,-1,9398,9638,9400,-1,9400,9638,9639,-1,9400,9639,9402,-1,9402,9639,9640,-1,9402,9640,9404,-1,9404,9640,9641,-1,9404,9641,9406,-1,9406,9641,9642,-1,9406,9642,9408,-1,9408,9642,9643,-1,9408,9643,9410,-1,9410,9643,9644,-1,9410,9644,9412,-1,9412,9644,9645,-1,9412,9645,9414,-1,9414,9645,9646,-1,9414,9646,9416,-1,9416,9646,9647,-1,9416,9647,9418,-1,9418,9647,9648,-1,9418,9648,9420,-1,9420,9648,9649,-1,9420,9649,9422,-1,9422,9649,9650,-1,9422,9650,9424,-1,9424,9650,9651,-1,9424,9651,9426,-1,9426,9651,9652,-1,9426,9652,9428,-1,9428,9652,9653,-1,9428,9653,9430,-1,9430,9653,9654,-1,9430,9654,9432,-1,9432,9654,9655,-1,9432,9655,9434,-1,9434,9655,9656,-1,9434,9656,9436,-1,9436,9656,9657,-1,9436,9657,9438,-1,9438,9657,9658,-1,9438,9658,9440,-1,9440,9658,9659,-1,9440,9659,9442,-1,9442,9659,9660,-1,9442,9660,9444,-1,9444,9660,9661,-1,9444,9661,9446,-1,9446,9661,9662,-1,9446,9662,9448,-1,9448,9662,9663,-1,9448,9663,9450,-1,9450,9663,9664,-1,9450,9664,9452,-1,9452,9664,9665,-1,9452,9665,9454,-1,9454,9665,9666,-1,9454,9666,9456,-1,9456,9666,9667,-1,9456,9667,9458,-1,9458,9667,9668,-1,9458,9668,9460,-1,9460,9668,9669,-1,9460,9669,9462,-1,9462,9669,9670,-1,9462,9670,9464,-1,9464,9670,9671,-1,9464,9671,9466,-1,9466,9671,9672,-1,9466,9672,9468,-1,9468,9672,9673,-1,9468,9673,9470,-1,9470,9673,9674,-1,9470,9674,9472,-1,9472,9674,9675,-1,9472,9675,9474,-1,9474,9675,9676,-1,9474,9676,9476,-1,9476,9676,9677,-1,9476,9677,9478,-1,9478,9677,9678,-1,9478,9678,9480,-1,9480,9678,9679,-1,9480,9679,9482,-1,9482,9679,9680,-1,9482,9680,9484,-1,9484,9680,9681,-1,9484,9681,9486,-1,9486,9681,9682,-1,9486,9682,9488,-1,9488,9682,9683,-1,9488,9683,9490,-1,9490,9683,9684,-1,9490,9684,9492,-1,9492,9684,9685,-1,9492,9685,9494,-1,9494,9685,9686,-1,9494,9686,9496,-1,9496,9686,9687,-1,9496,9687,9498,-1,9498,9687,9688,-1,9498,9688,9500,-1,9500,9688,9689,-1,9500,9689,9502,-1,9502,9689,9690,-1,9502,9690,9504,-1,9504,9690,9691,-1,9504,9691,9506,-1,9506,9691,9692,-1,9506,9692,9508,-1,9508,9692,9693,-1,9508,9693,9510,-1,9510,9693,9694,-1,9510,9694,9512,-1,9512,9694,9695,-1,9512,9695,9514,-1,9514,9695,9696,-1,9514,9696,9516,-1,9516,9696,9697,-1,9516,9697,9518,-1,9518,9697,9698,-1,9518,9698,9520,-1,9520,9698,9699,-1,9520,9699,9522,-1,9522,9699,9700,-1,9522,9700,9524,-1,9524,9700,9701,-1,9524,9701,9526,-1,9526,9701,9702,-1,9526,9702,9528,-1,9528,9702,9703,-1,9528,9703,9530,-1,9530,9703,9704,-1,9530,9704,9532,-1,9532,9704,9705,-1,9532,9705,9534,-1,9534,9705,9706,-1,9534,9706,9536,-1,9536,9706,9707,-1,9536,9707,9538,-1,9538,9707,9708,-1,9538,9708,9540,-1,9540,9708,9709,-1,9540,9709,9542,-1,9542,9709,9710,-1,9542,9710,9544,-1,9544,9710,9711,-1,9544,9711,9546,-1,9546,9711,9712,-1,9546,9712,9548,-1,9548,9712,9713,-1,9548,9713,9550,-1,9550,9713,9714,-1,9550,9714,9552,-1,9552,9714,9715,-1,9552,9715,9554,-1,9554,9715,9716,-1,9554,9716,9556,-1,9556,9716,9717,-1,9556,9717,9558,-1,9558,9717,9718,-1,9558,9718,9560,-1,9560,9718,9719,-1,9560,9719,9562,-1,9562,9719,9720,-1,9562,9720,9564,-1,9564,9720,9721,-1,9564,9721,9566,-1,9566,9721,9722,-1,9566,9722,9568,-1,9568,9722,9723,-1,9568,9723,9570,-1,9570,9723,9724,-1,9570,9724,9572,-1,9572,9724,9725,-1,9572,9725,9574,-1,9574,9725,9726,-1,9574,9726,9576,-1,9576,9726,9727,-1,9576,9727,9578,-1,9578,9727,9728,-1,9578,9728,9580,-1,9580,9728,9729,-1,9580,9729,9582,-1,9582,9729,9730,-1,9582,9730,9584,-1,9584,9730,9731,-1,9584,9731,9586,-1,9586,9731,9732,-1,9586,9732,9588,-1,9588,9732,9733,-1,9588,9733,9590,-1,9590,9733,9734,-1,9590,9734,9592,-1,9592,9734,9735,-1,9592,9735,9594,-1,9594,9735,9736,-1,9594,9736,9596,-1,9596,9736,9737,-1,9596,9737,9598,-1,9598,9737,9738,-1,9598,9738,9600,-1,9600,9738,9739,-1,9600,9739,9602,-1,9602,9739,9740,-1,9602,9740,9604,-1,9604,9740,9741,-1,9604,9741,9606,-1,9606,9741,9742,-1,9606,9742,9608,-1,9608,9742,9743,-1,9608,9743,9610,-1,9610,9743,9744,-1,9610,9744,9612,-1,9612,9744,9745,-1,9612,9745,9614,-1,9614,9745,9746,-1,9614,9746,9616,-1,9616,9746,9747,-1,9616,9747,9618,-1,9618,9747,9748,-1,9618,9748,9620,-1,9620,9748,9749,-1,9620,9749,9622,-1,9622,9749,9750,-1,9622,9750,9624,-1,9624,9750,9751,-1,9624,9751,97,-1,97,9751,99,-1,7,6,9625,-1,9625,6,9752,-1,9625,9752,9626,-1,9626,9752,9753,-1,9626,9753,9627,-1,9627,9753,9754,-1,9627,9754,9628,-1,9628,9754,9755,-1,9628,9755,9629,-1,9629,9755,9756,-1,9629,9756,9630,-1,9630,9756,9757,-1,9630,9757,9631,-1,9631,9757,9758,-1,9631,9758,9632,-1,9632,9758,9759,-1,9632,9759,9633,-1,9633,9759,9760,-1,9633,9760,9634,-1,9634,9760,9761,-1,9634,9761,9635,-1,9635,9761,9762,-1,9635,9762,9636,-1,9636,9762,9763,-1,9636,9763,9637,-1,9637,9763,9764,-1,9637,9764,9638,-1,9638,9764,9765,-1,9638,9765,9639,-1,9639,9765,9766,-1,9639,9766,9640,-1,9640,9766,9767,-1,9640,9767,9641,-1,9641,9767,9768,-1,9641,9768,9642,-1,9642,9768,9769,-1,9642,9769,9643,-1,9643,9769,9770,-1,9643,9770,9644,-1,9644,9770,9771,-1,9644,9771,9645,-1,9645,9771,9772,-1,9645,9772,9646,-1,9646,9772,9773,-1,9646,9773,9647,-1,9647,9773,9774,-1,9647,9774,9648,-1,9648,9774,9775,-1,9648,9775,9649,-1,9649,9775,9776,-1,9649,9776,9650,-1,9650,9776,9777,-1,9650,9777,9651,-1,9651,9777,9778,-1,9651,9778,9652,-1,9652,9778,9779,-1,9652,9779,9653,-1,9653,9779,9780,-1,9653,9780,9654,-1,9654,9780,9781,-1,9654,9781,9655,-1,9655,9781,9782,-1,9655,9782,9656,-1,9656,9782,9783,-1,9656,9783,9657,-1,9657,9783,9784,-1,9657,9784,9658,-1,9658,9784,9785,-1,9658,9785,9659,-1,9659,9785,9786,-1,9659,9786,9660,-1,9660,9786,9787,-1,9660,9787,9661,-1,9661,9787,9788,-1,9661,9788,9662,-1,9662,9788,9789,-1,9662,9789,9663,-1,9663,9789,9790,-1,9663,9790,9664,-1,9664,9790,9791,-1,9664,9791,9665,-1,9665,9791,9792,-1,9665,9792,9666,-1,9666,9792,9793,-1,9666,9793,9667,-1,9667,9793,9794,-1,9667,9794,9668,-1,9668,9794,9795,-1,9668,9795,9669,-1,9669,9795,9796,-1,9669,9796,9670,-1,9670,9796,9797,-1,9670,9797,9671,-1,9671,9797,9798,-1,9671,9798,9672,-1,9672,9798,9799,-1,9672,9799,9673,-1,9673,9799,9800,-1,9673,9800,9674,-1,9674,9800,9801,-1,9674,9801,9675,-1,9675,9801,9802,-1,9675,9802,9676,-1,9676,9802,9803,-1,9676,9803,9677,-1,9677,9803,9804,-1,9677,9804,9678,-1,9678,9804,9805,-1,9678,9805,9679,-1,9679,9805,9806,-1,9679,9806,9680,-1,9680,9806,9807,-1,9680,9807,9681,-1,9681,9807,9808,-1,9681,9808,9682,-1,9682,9808,9809,-1,9682,9809,9683,-1,9683,9809,9810,-1,9683,9810,9684,-1,9684,9810,9811,-1,9684,9811,9685,-1,9685,9811,9812,-1,9685,9812,9686,-1,9686,9812,9813,-1,9686,9813,9687,-1,9687,9813,9814,-1,9687,9814,9688,-1,9688,9814,9815,-1,9688,9815,9689,-1,9689,9815,9816,-1,9689,9816,9690,-1,9690,9816,9817,-1,9690,9817,9691,-1,9691,9817,9818,-1,9691,9818,9692,-1,9692,9818,9819,-1,9692,9819,9693,-1,9693,9819,9820,-1,9693,9820,9694,-1,9694,9820,9821,-1,9694,9821,9695,-1,9695,9821,9822,-1,9695,9822,9696,-1,9696,9822,9823,-1,9696,9823,9697,-1,9697,9823,9824,-1,9697,9824,9698,-1,9698,9824,9825,-1,9698,9825,9699,-1,9699,9825,9826,-1,9699,9826,9700,-1,9700,9826,9827,-1,9700,9827,9701,-1,9701,9827,9828,-1,9701,9828,9702,-1,9702,9828,9829,-1,9702,9829,9703,-1,9703,9829,9830,-1,9703,9830,9704,-1,9704,9830,9831,-1,9704,9831,9705,-1,9705,9831,9832,-1,9705,9832,9706,-1,9706,9832,9833,-1,9706,9833,9707,-1,9707,9833,9834,-1,9707,9834,9708,-1,9708,9834,9835,-1,9708,9835,9709,-1,9709,9835,9836,-1,9709,9836,9710,-1,9710,9836,9837,-1,9710,9837,9711,-1,9711,9837,9838,-1,9711,9838,9712,-1,9712,9838,9839,-1,9712,9839,9713,-1,9713,9839,9840,-1,9713,9840,9714,-1,9714,9840,9841,-1,9714,9841,9715,-1,9715,9841,9842,-1,9715,9842,9716,-1,9716,9842,9843,-1,9716,9843,9717,-1,9717,9843,9844,-1,9717,9844,9718,-1,9718,9844,9845,-1,9718,9845,9719,-1,9719,9845,9846,-1,9719,9846,9720,-1,9720,9846,9847,-1,9720,9847,9721,-1,9721,9847,9848,-1,9721,9848,9722,-1,9722,9848,9849,-1,9722,9849,9723,-1,9723,9849,9850,-1,9723,9850,9724,-1,9724,9850,9851,-1,9724,9851,9725,-1,9725,9851,9852,-1,9725,9852,9726,-1,9726,9852,9853,-1,9726,9853,9727,-1,9727,9853,9854,-1,9727,9854,9728,-1,9728,9854,9855,-1,9728,9855,9729,-1,9729,9855,9856,-1,9729,9856,9730,-1,9730,9856,9857,-1,9730,9857,9731,-1,9731,9857,9858,-1,9731,9858,9732,-1,9732,9858,9859,-1,9732,9859,9733,-1,9733,9859,9860,-1,9733,9860,9734,-1,9734,9860,9861,-1,9734,9861,9735,-1,9735,9861,9862,-1,9735,9862,9736,-1,9736,9862,9863,-1,9736,9863,9737,-1,9737,9863,9864,-1,9737,9864,9738,-1,9738,9864,9865,-1,9738,9865,9739,-1,9739,9865,9866,-1,9739,9866,9740,-1,9740,9866,9867,-1,9740,9867,9741,-1,9741,9867,9868,-1,9741,9868,9742,-1,9742,9868,9869,-1,9742,9869,9743,-1,9743,9869,9870,-1,9743,9870,9744,-1,9744,9870,9871,-1,9744,9871,9745,-1,9745,9871,9872,-1,9745,9872,9746,-1,9746,9872,9873,-1,9746,9873,9747,-1,9747,9873,9874,-1,9747,9874,9748,-1,9748,9874,9875,-1,9748,9875,9749,-1,9749,9875,9876,-1,9749,9876,9750,-1,9750,9876,9877,-1,9750,9877,9751,-1,9751,9877,9878,-1,9751,9878,99,-1,99,9878,101,-1,6,5,9752,-1,9752,5,9879,-1,9752,9879,9753,-1,9753,9879,9880,-1,9753,9880,9754,-1,9754,9880,9881,-1,9754,9881,9755,-1,9755,9881,9882,-1,9755,9882,9756,-1,9756,9882,9883,-1,9756,9883,9757,-1,9757,9883,9884,-1,9757,9884,9758,-1,9758,9884,9885,-1,9758,9885,9759,-1,9759,9885,9886,-1,9759,9886,9760,-1,9760,9886,9887,-1,9760,9887,9761,-1,9761,9887,9888,-1,9761,9888,9762,-1,9762,9888,9889,-1,9762,9889,9763,-1,9763,9889,9890,-1,9763,9890,9764,-1,9764,9890,9891,-1,9764,9891,9765,-1,9765,9891,9892,-1,9765,9892,9766,-1,9766,9892,9893,-1,9766,9893,9767,-1,9767,9893,9894,-1,9767,9894,9768,-1,9768,9894,9895,-1,9768,9895,9769,-1,9769,9895,9896,-1,9769,9896,9770,-1,9770,9896,9897,-1,9770,9897,9771,-1,9771,9897,9898,-1,9771,9898,9772,-1,9772,9898,9899,-1,9772,9899,9773,-1,9773,9899,9900,-1,9773,9900,9774,-1,9774,9900,9901,-1,9774,9901,9775,-1,9775,9901,9902,-1,9775,9902,9776,-1,9776,9902,9903,-1,9776,9903,9777,-1,9777,9903,9904,-1,9777,9904,9778,-1,9778,9904,9905,-1,9778,9905,9779,-1,9779,9905,9906,-1,9779,9906,9780,-1,9780,9906,9907,-1,9780,9907,9781,-1,9781,9907,9908,-1,9781,9908,9782,-1,9782,9908,9909,-1,9782,9909,9783,-1,9783,9909,9910,-1,9783,9910,9784,-1,9784,9910,9911,-1,9784,9911,9785,-1,9785,9911,9912,-1,9785,9912,9786,-1,9786,9912,9913,-1,9786,9913,9787,-1,9787,9913,9914,-1,9787,9914,9788,-1,9788,9914,9915,-1,9788,9915,9789,-1,9789,9915,9916,-1,9789,9916,9790,-1,9790,9916,9917,-1,9790,9917,9791,-1,9791,9917,9918,-1,9791,9918,9792,-1,9792,9918,9919,-1,9792,9919,9793,-1,9793,9919,9920,-1,9793,9920,9794,-1,9794,9920,9921,-1,9794,9921,9795,-1,9795,9921,9922,-1,9795,9922,9796,-1,9796,9922,9923,-1,9796,9923,9797,-1,9797,9923,9924,-1,9797,9924,9798,-1,9798,9924,9925,-1,9798,9925,9799,-1,9799,9925,9926,-1,9799,9926,9800,-1,9800,9926,9927,-1,9800,9927,9801,-1,9801,9927,9928,-1,9801,9928,9802,-1,9802,9928,9929,-1,9802,9929,9803,-1,9803,9929,9930,-1,9803,9930,9804,-1,9804,9930,9931,-1,9804,9931,9805,-1,9805,9931,9932,-1,9805,9932,9806,-1,9806,9932,9933,-1,9806,9933,9807,-1,9807,9933,9934,-1,9807,9934,9808,-1,9808,9934,9935,-1,9808,9935,9809,-1,9809,9935,9936,-1,9809,9936,9810,-1,9810,9936,9937,-1,9810,9937,9811,-1,9811,9937,9938,-1,9811,9938,9812,-1,9812,9938,9939,-1,9812,9939,9813,-1,9813,9939,9940,-1,9813,9940,9814,-1,9814,9940,9941,-1,9814,9941,9815,-1,9815,9941,9942,-1,9815,9942,9816,-1,9816,9942,9943,-1,9816,9943,9817,-1,9817,9943,9944,-1,9817,9944,9818,-1,9818,9944,9945,-1,9818,9945,9819,-1,9819,9945,9946,-1,9819,9946,9820,-1,9820,9946,9947,-1,9820,9947,9821,-1,9821,9947,9948,-1,9821,9948,9822,-1,9822,9948,9949,-1,9822,9949,9823,-1,9823,9949,9950,-1,9823,9950,9824,-1,9824,9950,9951,-1,9824,9951,9825,-1,9825,9951,9952,-1,9825,9952,9826,-1,9826,9952,9953,-1,9826,9953,9827,-1,9827,9953,9954,-1,9827,9954,9828,-1,9828,9954,9955,-1,9828,9955,9829,-1,9829,9955,9956,-1,9829,9956,9830,-1,9830,9956,9957,-1,9830,9957,9831,-1,9831,9957,9958,-1,9831,9958,9832,-1,9832,9958,9959,-1,9832,9959,9833,-1,9833,9959,9960,-1,9833,9960,9834,-1,9834,9960,9961,-1,9834,9961,9835,-1,9835,9961,9962,-1,9835,9962,9836,-1,9836,9962,9963,-1,9836,9963,9837,-1,9837,9963,9964,-1,9837,9964,9838,-1,9838,9964,9965,-1,9838,9965,9839,-1,9839,9965,9966,-1,9839,9966,9840,-1,9840,9966,9967,-1,9840,9967,9841,-1,9841,9967,9968,-1,9841,9968,9842,-1,9842,9968,9969,-1,9842,9969,9843,-1,9843,9969,9970,-1,9843,9970,9844,-1,9844,9970,9971,-1,9844,9971,9845,-1,9845,9971,9972,-1,9845,9972,9846,-1,9846,9972,9973,-1,9846,9973,9847,-1,9847,9973,9974,-1,9847,9974,9848,-1,9848,9974,9975,-1,9848,9975,9849,-1,9849,9975,9976,-1,9849,9976,9850,-1,9850,9976,9977,-1,9850,9977,9851,-1,9851,9977,9978,-1,9851,9978,9852,-1,9852,9978,9979,-1,9852,9979,9853,-1,9853,9979,9980,-1,9853,9980,9854,-1,9854,9980,9981,-1,9854,9981,9855,-1,9855,9981,9982,-1,9855,9982,9856,-1,9856,9982,9983,-1,9856,9983,9857,-1,9857,9983,9984,-1,9857,9984,9858,-1,9858,9984,9985,-1,9858,9985,9859,-1,9859,9985,9986,-1,9859,9986,9860,-1,9860,9986,9987,-1,9860,9987,9861,-1,9861,9987,9988,-1,9861,9988,9862,-1,9862,9988,9989,-1,9862,9989,9863,-1,9863,9989,9990,-1,9863,9990,9864,-1,9864,9990,9991,-1,9864,9991,9865,-1,9865,9991,9992,-1,9865,9992,9866,-1,9866,9992,9993,-1,9866,9993,9867,-1,9867,9993,9994,-1,9867,9994,9868,-1,9868,9994,9995,-1,9868,9995,9869,-1,9869,9995,9996,-1,9869,9996,9870,-1,9870,9996,9997,-1,9870,9997,9871,-1,9871,9997,9998,-1,9871,9998,9872,-1,9872,9998,9999,-1,9872,9999,9873,-1,9873,9999,10000,-1,9873,10000,9874,-1,9874,10000,10001,-1,9874,10001,9875,-1,9875,10001,10002,-1,9875,10002,9876,-1,9876,10002,10003,-1,9876,10003,9877,-1,9877,10003,10004,-1,9877,10004,9878,-1,9878,10004,10005,-1,9878,10005,101,-1,101,10005,103,-1,5,10,9879,-1,9879,10,10006,-1,9879,10006,9880,-1,9880,10006,10007,-1,9880,10007,9881,-1,9881,10007,10008,-1,9881,10008,9882,-1,9882,10008,10009,-1,9882,10009,9883,-1,9883,10009,10010,-1,9883,10010,9884,-1,9884,10010,10011,-1,9884,10011,9885,-1,9885,10011,10012,-1,9885,10012,9886,-1,9886,10012,10013,-1,9886,10013,9887,-1,9887,10013,10014,-1,9887,10014,9888,-1,9888,10014,10015,-1,9888,10015,9889,-1,9889,10015,10016,-1,9889,10016,9890,-1,9890,10016,10017,-1,9890,10017,9891,-1,9891,10017,10018,-1,9891,10018,9892,-1,9892,10018,10019,-1,9892,10019,9893,-1,9893,10019,10020,-1,9893,10020,9894,-1,9894,10020,10021,-1,9894,10021,9895,-1,9895,10021,10022,-1,9895,10022,9896,-1,9896,10022,10023,-1,9896,10023,9897,-1,9897,10023,10024,-1,9897,10024,9898,-1,9898,10024,10025,-1,9898,10025,9899,-1,9899,10025,10026,-1,9899,10026,9900,-1,9900,10026,10027,-1,9900,10027,9901,-1,9901,10027,10028,-1,9901,10028,9902,-1,9902,10028,10029,-1,9902,10029,9903,-1,9903,10029,10030,-1,9903,10030,9904,-1,9904,10030,10031,-1,9904,10031,9905,-1,9905,10031,10032,-1,9905,10032,9906,-1,9906,10032,10033,-1,9906,10033,9907,-1,9907,10033,10034,-1,9907,10034,9908,-1,9908,10034,10035,-1,9908,10035,9909,-1,9909,10035,10036,-1,9909,10036,9910,-1,9910,10036,10037,-1,9910,10037,9911,-1,9911,10037,10038,-1,9911,10038,9912,-1,9912,10038,10039,-1,9912,10039,9913,-1,9913,10039,10040,-1,9913,10040,9914,-1,9914,10040,10041,-1,9914,10041,9915,-1,9915,10041,10042,-1,9915,10042,9916,-1,9916,10042,10043,-1,9916,10043,9917,-1,9917,10043,10044,-1,9917,10044,9918,-1,9918,10044,10045,-1,9918,10045,9919,-1,9919,10045,10046,-1,9919,10046,9920,-1,9920,10046,10047,-1,9920,10047,9921,-1,9921,10047,10048,-1,9921,10048,9922,-1,9922,10048,10049,-1,9922,10049,9923,-1,9923,10049,10050,-1,9923,10050,9924,-1,9924,10050,10051,-1,9924,10051,9925,-1,9925,10051,10052,-1,9925,10052,9926,-1,9926,10052,10053,-1,9926,10053,9927,-1,9927,10053,10054,-1,9927,10054,9928,-1,9928,10054,10055,-1,9928,10055,9929,-1,9929,10055,10056,-1,9929,10056,9930,-1,9930,10056,10057,-1,9930,10057,9931,-1,9931,10057,10058,-1,9931,10058,9932,-1,9932,10058,10059,-1,9932,10059,9933,-1,9933,10059,10060,-1,9933,10060,9934,-1,9934,10060,10061,-1,9934,10061,9935,-1,9935,10061,10062,-1,9935,10062,9936,-1,9936,10062,10063,-1,9936,10063,9937,-1,9937,10063,10064,-1,9937,10064,9938,-1,9938,10064,10065,-1,9938,10065,9939,-1,9939,10065,10066,-1,9939,10066,9940,-1,9940,10066,10067,-1,9940,10067,9941,-1,9941,10067,10068,-1,9941,10068,9942,-1,9942,10068,10069,-1,9942,10069,9943,-1,9943,10069,10070,-1,9943,10070,9944,-1,9944,10070,10071,-1,9944,10071,9945,-1,9945,10071,10072,-1,9945,10072,9946,-1,9946,10072,10073,-1,9946,10073,9947,-1,9947,10073,10074,-1,9947,10074,9948,-1,9948,10074,10075,-1,9948,10075,9949,-1,9949,10075,10076,-1,9949,10076,9950,-1,9950,10076,10077,-1,9950,10077,9951,-1,9951,10077,10078,-1,9951,10078,9952,-1,9952,10078,10079,-1,9952,10079,9953,-1,9953,10079,10080,-1,9953,10080,9954,-1,9954,10080,10081,-1,9954,10081,9955,-1,9955,10081,10082,-1,9955,10082,9956,-1,9956,10082,10083,-1,9956,10083,9957,-1,9957,10083,10084,-1,9957,10084,9958,-1,9958,10084,10085,-1,9958,10085,9959,-1,9959,10085,10086,-1,9959,10086,9960,-1,9960,10086,10087,-1,9960,10087,9961,-1,9961,10087,10088,-1,9961,10088,9962,-1,9962,10088,10089,-1,9962,10089,9963,-1,9963,10089,10090,-1,9963,10090,9964,-1,9964,10090,10091,-1,9964,10091,9965,-1,9965,10091,10092,-1,9965,10092,9966,-1,9966,10092,10093,-1,9966,10093,9967,-1,9967,10093,10094,-1,9967,10094,9968,-1,9968,10094,10095,-1,9968,10095,9969,-1,9969,10095,10096,-1,9969,10096,9970,-1,9970,10096,10097,-1,9970,10097,9971,-1,9971,10097,10098,-1,9971,10098,9972,-1,9972,10098,10099,-1,9972,10099,9973,-1,9973,10099,10100,-1,9973,10100,9974,-1,9974,10100,10101,-1,9974,10101,9975,-1,9975,10101,10102,-1,9975,10102,9976,-1,9976,10102,10103,-1,9976,10103,9977,-1,9977,10103,10104,-1,9977,10104,9978,-1,9978,10104,10105,-1,9978,10105,9979,-1,9979,10105,10106,-1,9979,10106,9980,-1,9980,10106,10107,-1,9980,10107,9981,-1,9981,10107,10108,-1,9981,10108,9982,-1,9982,10108,10109,-1,9982,10109,9983,-1,9983,10109,10110,-1,9983,10110,9984,-1,9984,10110,10111,-1,9984,10111,9985,-1,9985,10111,10112,-1,9985,10112,9986,-1,9986,10112,10113,-1,9986,10113,9987,-1,9987,10113,10114,-1,9987,10114,9988,-1,9988,10114,10115,-1,9988,10115,9989,-1,9989,10115,10116,-1,9989,10116,9990,-1,9990,10116,10117,-1,9990,10117,9991,-1,9991,10117,10118,-1,9991,10118,9992,-1,9992,10118,10119,-1,9992,10119,9993,-1,9993,10119,10120,-1,9993,10120,9994,-1,9994,10120,10121,-1,9994,10121,9995,-1,9995,10121,10122,-1,9995,10122,9996,-1,9996,10122,10123,-1,9996,10123,9997,-1,9997,10123,10124,-1,9997,10124,9998,-1,9998,10124,10125,-1,9998,10125,9999,-1,9999,10125,10126,-1,9999,10126,10000,-1,10000,10126,10127,-1,10000,10127,10001,-1,10001,10127,10128,-1,10001,10128,10002,-1,10002,10128,10129,-1,10002,10129,10003,-1,10003,10129,10130,-1,10003,10130,10004,-1,10004,10130,10131,-1,10004,10131,10005,-1,10005,10131,10132,-1,10005,10132,103,-1,103,10132,105,-1,10,9,10006,-1,10006,9,10133,-1,10006,10133,10007,-1,10007,10133,10134,-1,10007,10134,10008,-1,10008,10134,10135,-1,10008,10135,10009,-1,10009,10135,10136,-1,10009,10136,10010,-1,10010,10136,10137,-1,10010,10137,10011,-1,10011,10137,10138,-1,10011,10138,10012,-1,10012,10138,10139,-1,10012,10139,10013,-1,10013,10139,10140,-1,10013,10140,10014,-1,10014,10140,10141,-1,10014,10141,10015,-1,10015,10141,10142,-1,10015,10142,10016,-1,10016,10142,10143,-1,10016,10143,10017,-1,10017,10143,10144,-1,10017,10144,10018,-1,10018,10144,10145,-1,10018,10145,10019,-1,10019,10145,10146,-1,10019,10146,10020,-1,10020,10146,10147,-1,10020,10147,10021,-1,10021,10147,10148,-1,10021,10148,10022,-1,10022,10148,10149,-1,10022,10149,10023,-1,10023,10149,10150,-1,10023,10150,10024,-1,10024,10150,10151,-1,10024,10151,10025,-1,10025,10151,10152,-1,10025,10152,10026,-1,10026,10152,10153,-1,10026,10153,10027,-1,10027,10153,10154,-1,10027,10154,10028,-1,10028,10154,10155,-1,10028,10155,10029,-1,10029,10155,10156,-1,10029,10156,10030,-1,10030,10156,10157,-1,10030,10157,10031,-1,10031,10157,10158,-1,10031,10158,10032,-1,10032,10158,10159,-1,10032,10159,10033,-1,10033,10159,10160,-1,10033,10160,10034,-1,10034,10160,10161,-1,10034,10161,10035,-1,10035,10161,10162,-1,10035,10162,10036,-1,10036,10162,10163,-1,10036,10163,10037,-1,10037,10163,10164,-1,10037,10164,10038,-1,10038,10164,10165,-1,10038,10165,10039,-1,10039,10165,10166,-1,10039,10166,10040,-1,10040,10166,10167,-1,10040,10167,10041,-1,10041,10167,10168,-1,10041,10168,10042,-1,10042,10168,10169,-1,10042,10169,10043,-1,10043,10169,10170,-1,10043,10170,10044,-1,10044,10170,10171,-1,10044,10171,10045,-1,10045,10171,10172,-1,10045,10172,10046,-1,10046,10172,10173,-1,10046,10173,10047,-1,10047,10173,10174,-1,10047,10174,10048,-1,10048,10174,10175,-1,10048,10175,10049,-1,10049,10175,10176,-1,10049,10176,10050,-1,10050,10176,10177,-1,10050,10177,10051,-1,10051,10177,10178,-1,10051,10178,10052,-1,10052,10178,10179,-1,10052,10179,10053,-1,10053,10179,10180,-1,10053,10180,10054,-1,10054,10180,10181,-1,10054,10181,10055,-1,10055,10181,10182,-1,10055,10182,10056,-1,10056,10182,10183,-1,10056,10183,10057,-1,10057,10183,10184,-1,10057,10184,10058,-1,10058,10184,10185,-1,10058,10185,10059,-1,10059,10185,10186,-1,10059,10186,10060,-1,10060,10186,10187,-1,10060,10187,10061,-1,10061,10187,10188,-1,10061,10188,10062,-1,10062,10188,10189,-1,10062,10189,10063,-1,10063,10189,10190,-1,10063,10190,10064,-1,10064,10190,10191,-1,10064,10191,10065,-1,10065,10191,10192,-1,10065,10192,10066,-1,10066,10192,10193,-1,10066,10193,10067,-1,10067,10193,10194,-1,10067,10194,10068,-1,10068,10194,10195,-1,10068,10195,10069,-1,10069,10195,10196,-1,10069,10196,10070,-1,10070,10196,10197,-1,10070,10197,10071,-1,10071,10197,10198,-1,10071,10198,10072,-1,10072,10198,10199,-1,10072,10199,10073,-1,10073,10199,10200,-1,10073,10200,10074,-1,10074,10200,10201,-1,10074,10201,10075,-1,10075,10201,10202,-1,10075,10202,10076,-1,10076,10202,10203,-1,10076,10203,10077,-1,10077,10203,10204,-1,10077,10204,10078,-1,10078,10204,10205,-1,10078,10205,10079,-1,10079,10205,10206,-1,10079,10206,10080,-1,10080,10206,10207,-1,10080,10207,10081,-1,10081,10207,10208,-1,10081,10208,10082,-1,10082,10208,10209,-1,10082,10209,10083,-1,10083,10209,10210,-1,10083,10210,10084,-1,10084,10210,10211,-1,10084,10211,10085,-1,10085,10211,10212,-1,10085,10212,10086,-1,10086,10212,10213,-1,10086,10213,10087,-1,10087,10213,10214,-1,10087,10214,10088,-1,10088,10214,10215,-1,10088,10215,10089,-1,10089,10215,10216,-1,10089,10216,10090,-1,10090,10216,10217,-1,10090,10217,10091,-1,10091,10217,10218,-1,10091,10218,10092,-1,10092,10218,10219,-1,10092,10219,10093,-1,10093,10219,10220,-1,10093,10220,10094,-1,10094,10220,10221,-1,10094,10221,10095,-1,10095,10221,10222,-1,10095,10222,10096,-1,10096,10222,10223,-1,10096,10223,10097,-1,10097,10223,10224,-1,10097,10224,10098,-1,10098,10224,10225,-1,10098,10225,10099,-1,10099,10225,10226,-1,10099,10226,10100,-1,10100,10226,10227,-1,10100,10227,10101,-1,10101,10227,10228,-1,10101,10228,10102,-1,10102,10228,10229,-1,10102,10229,10103,-1,10103,10229,10230,-1,10103,10230,10104,-1,10104,10230,10231,-1,10104,10231,10105,-1,10105,10231,10232,-1,10105,10232,10106,-1,10106,10232,10233,-1,10106,10233,10107,-1,10107,10233,10234,-1,10107,10234,10108,-1,10108,10234,10235,-1,10108,10235,10109,-1,10109,10235,10236,-1,10109,10236,10110,-1,10110,10236,10237,-1,10110,10237,10111,-1,10111,10237,10238,-1,10111,10238,10112,-1,10112,10238,10239,-1,10112,10239,10113,-1,10113,10239,10240,-1,10113,10240,10114,-1,10114,10240,10241,-1,10114,10241,10115,-1,10115,10241,10242,-1,10115,10242,10116,-1,10116,10242,10243,-1,10116,10243,10117,-1,10117,10243,10244,-1,10117,10244,10118,-1,10118,10244,10245,-1,10118,10245,10119,-1,10119,10245,10246,-1,10119,10246,10120,-1,10120,10246,10247,-1,10120,10247,10121,-1,10121,10247,10248,-1,10121,10248,10122,-1,10122,10248,10249,-1,10122,10249,10123,-1,10123,10249,10250,-1,10123,10250,10124,-1,10124,10250,10251,-1,10124,10251,10125,-1,10125,10251,10252,-1,10125,10252,10126,-1,10126,10252,10253,-1,10126,10253,10127,-1,10127,10253,10254,-1,10127,10254,10128,-1,10128,10254,10255,-1,10128,10255,10129,-1,10129,10255,10256,-1,10129,10256,10130,-1,10130,10256,10257,-1,10130,10257,10131,-1,10131,10257,10258,-1,10131,10258,10132,-1,10132,10258,10259,-1,10132,10259,105,-1,105,10259,107,-1,9,8,10133,-1,10133,8,10260,-1,10133,10260,10134,-1,10134,10260,10261,-1,10134,10261,10135,-1,10135,10261,10262,-1,10135,10262,10136,-1,10136,10262,10263,-1,10136,10263,10137,-1,10137,10263,10264,-1,10137,10264,10138,-1,10138,10264,10265,-1,10138,10265,10139,-1,10139,10265,10266,-1,10139,10266,10140,-1,10140,10266,10267,-1,10140,10267,10141,-1,10141,10267,10268,-1,10141,10268,10142,-1,10142,10268,10269,-1,10142,10269,10143,-1,10143,10269,10270,-1,10143,10270,10144,-1,10144,10270,10271,-1,10144,10271,10145,-1,10145,10271,10272,-1,10145,10272,10146,-1,10146,10272,10273,-1,10146,10273,10147,-1,10147,10273,10274,-1,10147,10274,10148,-1,10148,10274,10275,-1,10148,10275,10149,-1,10149,10275,10276,-1,10149,10276,10150,-1,10150,10276,10277,-1,10150,10277,10151,-1,10151,10277,10278,-1,10151,10278,10152,-1,10152,10278,10279,-1,10152,10279,10153,-1,10153,10279,10280,-1,10153,10280,10154,-1,10154,10280,10281,-1,10154,10281,10155,-1,10155,10281,10282,-1,10155,10282,10156,-1,10156,10282,10283,-1,10156,10283,10157,-1,10157,10283,10284,-1,10157,10284,10158,-1,10158,10284,10285,-1,10158,10285,10159,-1,10159,10285,10286,-1,10159,10286,10160,-1,10160,10286,10287,-1,10160,10287,10161,-1,10161,10287,10288,-1,10161,10288,10162,-1,10162,10288,10289,-1,10162,10289,10163,-1,10163,10289,10290,-1,10163,10290,10164,-1,10164,10290,10291,-1,10164,10291,10165,-1,10165,10291,10292,-1,10165,10292,10166,-1,10166,10292,10293,-1,10166,10293,10167,-1,10167,10293,10294,-1,10167,10294,10168,-1,10168,10294,10295,-1,10168,10295,10169,-1,10169,10295,10296,-1,10169,10296,10170,-1,10170,10296,10297,-1,10170,10297,10171,-1,10171,10297,10298,-1,10171,10298,10172,-1,10172,10298,10299,-1,10172,10299,10173,-1,10173,10299,10300,-1,10173,10300,10174,-1,10174,10300,10301,-1,10174,10301,10175,-1,10175,10301,10302,-1,10175,10302,10176,-1,10176,10302,10303,-1,10176,10303,10177,-1,10177,10303,10304,-1,10177,10304,10178,-1,10178,10304,10305,-1,10178,10305,10179,-1,10179,10305,10306,-1,10179,10306,10180,-1,10180,10306,10307,-1,10180,10307,10181,-1,10181,10307,10308,-1,10181,10308,10182,-1,10182,10308,10309,-1,10182,10309,10183,-1,10183,10309,10310,-1,10183,10310,10184,-1,10184,10310,10311,-1,10184,10311,10185,-1,10185,10311,10312,-1,10185,10312,10186,-1,10186,10312,10313,-1,10186,10313,10187,-1,10187,10313,10314,-1,10187,10314,10188,-1,10188,10314,10315,-1,10188,10315,10189,-1,10189,10315,10316,-1,10189,10316,10190,-1,10190,10316,10317,-1,10190,10317,10191,-1,10191,10317,10318,-1,10191,10318,10192,-1,10192,10318,10319,-1,10192,10319,10193,-1,10193,10319,10320,-1,10193,10320,10194,-1,10194,10320,10321,-1,10194,10321,10195,-1,10195,10321,10322,-1,10195,10322,10196,-1,10196,10322,10323,-1,10196,10323,10197,-1,10197,10323,10324,-1,10197,10324,10198,-1,10198,10324,10325,-1,10198,10325,10199,-1,10199,10325,10326,-1,10199,10326,10200,-1,10200,10326,10327,-1,10200,10327,10201,-1,10201,10327,10328,-1,10201,10328,10202,-1,10202,10328,10329,-1,10202,10329,10203,-1,10203,10329,10330,-1,10203,10330,10204,-1,10204,10330,10331,-1,10204,10331,10205,-1,10205,10331,10332,-1,10205,10332,10206,-1,10206,10332,10333,-1,10206,10333,10207,-1,10207,10333,10334,-1,10207,10334,10208,-1,10208,10334,10335,-1,10208,10335,10209,-1,10209,10335,10336,-1,10209,10336,10210,-1,10210,10336,10337,-1,10210,10337,10211,-1,10211,10337,10338,-1,10211,10338,10212,-1,10212,10338,10339,-1,10212,10339,10213,-1,10213,10339,10340,-1,10213,10340,10214,-1,10214,10340,10341,-1,10214,10341,10215,-1,10215,10341,10342,-1,10215,10342,10216,-1,10216,10342,10343,-1,10216,10343,10217,-1,10217,10343,10344,-1,10217,10344,10218,-1,10218,10344,10345,-1,10218,10345,10219,-1,10219,10345,10346,-1,10219,10346,10220,-1,10220,10346,10347,-1,10220,10347,10221,-1,10221,10347,10348,-1,10221,10348,10222,-1,10222,10348,10349,-1,10222,10349,10223,-1,10223,10349,10350,-1,10223,10350,10224,-1,10224,10350,10351,-1,10224,10351,10225,-1,10225,10351,10352,-1,10225,10352,10226,-1,10226,10352,10353,-1,10226,10353,10227,-1,10227,10353,10354,-1,10227,10354,10228,-1,10228,10354,10355,-1,10228,10355,10229,-1,10229,10355,10356,-1,10229,10356,10230,-1,10230,10356,10357,-1,10230,10357,10231,-1,10231,10357,10358,-1,10231,10358,10232,-1,10232,10358,10359,-1,10232,10359,10233,-1,10233,10359,10360,-1,10233,10360,10234,-1,10234,10360,10361,-1,10234,10361,10235,-1,10235,10361,10362,-1,10235,10362,10236,-1,10236,10362,10363,-1,10236,10363,10237,-1,10237,10363,10364,-1,10237,10364,10238,-1,10238,10364,10365,-1,10238,10365,10239,-1,10239,10365,10366,-1,10239,10366,10240,-1,10240,10366,10367,-1,10240,10367,10241,-1,10241,10367,10368,-1,10241,10368,10242,-1,10242,10368,10369,-1,10242,10369,10243,-1,10243,10369,10370,-1,10243,10370,10244,-1,10244,10370,10371,-1,10244,10371,10245,-1,10245,10371,10372,-1,10245,10372,10246,-1,10246,10372,10373,-1,10246,10373,10247,-1,10247,10373,10374,-1,10247,10374,10248,-1,10248,10374,10375,-1,10248,10375,10249,-1,10249,10375,10376,-1,10249,10376,10250,-1,10250,10376,10377,-1,10250,10377,10251,-1,10251,10377,10378,-1,10251,10378,10252,-1,10252,10378,10379,-1,10252,10379,10253,-1,10253,10379,10380,-1,10253,10380,10254,-1,10254,10380,10381,-1,10254,10381,10255,-1,10255,10381,10382,-1,10255,10382,10256,-1,10256,10382,10383,-1,10256,10383,10257,-1,10257,10383,10384,-1,10257,10384,10258,-1,10258,10384,10385,-1,10258,10385,10259,-1,10259,10385,10386,-1,10259,10386,107,-1,107,10386,56,-1,8,13,10260,-1,10260,13,10387,-1,10260,10387,10261,-1,10261,10387,10388,-1,10261,10388,10262,-1,10262,10388,10389,-1,10262,10389,10263,-1,10263,10389,10390,-1,10263,10390,10264,-1,10264,10390,10391,-1,10264,10391,10265,-1,10265,10391,10392,-1,10265,10392,10266,-1,10266,10392,10393,-1,10266,10393,10267,-1,10267,10393,10394,-1,10267,10394,10268,-1,10268,10394,10395,-1,10268,10395,10269,-1,10269,10395,10396,-1,10269,10396,10270,-1,10270,10396,10397,-1,10270,10397,10271,-1,10271,10397,10398,-1,10271,10398,10272,-1,10272,10398,10399,-1,10272,10399,10273,-1,10273,10399,10400,-1,10273,10400,10274,-1,10274,10400,10401,-1,10274,10401,10275,-1,10275,10401,10402,-1,10275,10402,10276,-1,10276,10402,10403,-1,10276,10403,10277,-1,10277,10403,10404,-1,10277,10404,10278,-1,10278,10404,10405,-1,10278,10405,10279,-1,10279,10405,10406,-1,10279,10406,10280,-1,10280,10406,10407,-1,10280,10407,10281,-1,10281,10407,10408,-1,10281,10408,10282,-1,10282,10408,10409,-1,10282,10409,10283,-1,10283,10409,10410,-1,10283,10410,10284,-1,10284,10410,10411,-1,10284,10411,10285,-1,10285,10411,10412,-1,10285,10412,10286,-1,10286,10412,10413,-1,10286,10413,10287,-1,10287,10413,10414,-1,10287,10414,10288,-1,10288,10414,10415,-1,10288,10415,10289,-1,10289,10415,10416,-1,10289,10416,10290,-1,10290,10416,10417,-1,10290,10417,10291,-1,10291,10417,10418,-1,10291,10418,10292,-1,10292,10418,10419,-1,10292,10419,10293,-1,10293,10419,10420,-1,10293,10420,10294,-1,10294,10420,10421,-1,10294,10421,10295,-1,10295,10421,10422,-1,10295,10422,10296,-1,10296,10422,10423,-1,10296,10423,10297,-1,10297,10423,10424,-1,10297,10424,10298,-1,10298,10424,10425,-1,10298,10425,10299,-1,10299,10425,10426,-1,10299,10426,10300,-1,10300,10426,10427,-1,10300,10427,10301,-1,10301,10427,10428,-1,10301,10428,10302,-1,10302,10428,10429,-1,10302,10429,10303,-1,10303,10429,10430,-1,10303,10430,10304,-1,10304,10430,10431,-1,10304,10431,10305,-1,10305,10431,10432,-1,10305,10432,10306,-1,10306,10432,10433,-1,10306,10433,10307,-1,10307,10433,10434,-1,10307,10434,10308,-1,10308,10434,10435,-1,10308,10435,10309,-1,10309,10435,10436,-1,10309,10436,10310,-1,10310,10436,10437,-1,10310,10437,10311,-1,10311,10437,10438,-1,10311,10438,10312,-1,10312,10438,10439,-1,10312,10439,10313,-1,10313,10439,10440,-1,10313,10440,10314,-1,10314,10440,10441,-1,10314,10441,10315,-1,10315,10441,10442,-1,10315,10442,10316,-1,10316,10442,10443,-1,10316,10443,10317,-1,10317,10443,10444,-1,10317,10444,10318,-1,10318,10444,10445,-1,10318,10445,10319,-1,10319,10445,10446,-1,10319,10446,10320,-1,10320,10446,10447,-1,10320,10447,10321,-1,10321,10447,10448,-1,10321,10448,10322,-1,10322,10448,10449,-1,10322,10449,10323,-1,10323,10449,10450,-1,10323,10450,10324,-1,10324,10450,10451,-1,10324,10451,10325,-1,10325,10451,10452,-1,10325,10452,10326,-1,10326,10452,10453,-1,10326,10453,10327,-1,10327,10453,10454,-1,10327,10454,10328,-1,10328,10454,10455,-1,10328,10455,10329,-1,10329,10455,10456,-1,10329,10456,10330,-1,10330,10456,10457,-1,10330,10457,10331,-1,10331,10457,10458,-1,10331,10458,10332,-1,10332,10458,10459,-1,10332,10459,10333,-1,10333,10459,10460,-1,10333,10460,10334,-1,10334,10460,10461,-1,10334,10461,10335,-1,10335,10461,10462,-1,10335,10462,10336,-1,10336,10462,10463,-1,10336,10463,10337,-1,10337,10463,10464,-1,10337,10464,10338,-1,10338,10464,10465,-1,10338,10465,10339,-1,10339,10465,10466,-1,10339,10466,10340,-1,10340,10466,10467,-1,10340,10467,10341,-1,10341,10467,10468,-1,10341,10468,10342,-1,10342,10468,10469,-1,10342,10469,10343,-1,10343,10469,10470,-1,10343,10470,10344,-1,10344,10470,10471,-1,10344,10471,10345,-1,10345,10471,10472,-1,10345,10472,10346,-1,10346,10472,10473,-1,10346,10473,10347,-1,10347,10473,10474,-1,10347,10474,10348,-1,10348,10474,10475,-1,10348,10475,10349,-1,10349,10475,10476,-1,10349,10476,10350,-1,10350,10476,10477,-1,10350,10477,10351,-1,10351,10477,10478,-1,10351,10478,10352,-1,10352,10478,10479,-1,10352,10479,10353,-1,10353,10479,10480,-1,10353,10480,10354,-1,10354,10480,10481,-1,10354,10481,10355,-1,10355,10481,10482,-1,10355,10482,10356,-1,10356,10482,10483,-1,10356,10483,10357,-1,10357,10483,10484,-1,10357,10484,10358,-1,10358,10484,10485,-1,10358,10485,10359,-1,10359,10485,10486,-1,10359,10486,10360,-1,10360,10486,10487,-1,10360,10487,10361,-1,10361,10487,10488,-1,10361,10488,10362,-1,10362,10488,10489,-1,10362,10489,10363,-1,10363,10489,10490,-1,10363,10490,10364,-1,10364,10490,10491,-1,10364,10491,10365,-1,10365,10491,10492,-1,10365,10492,10366,-1,10366,10492,10493,-1,10366,10493,10367,-1,10367,10493,10494,-1,10367,10494,10368,-1,10368,10494,10495,-1,10368,10495,10369,-1,10369,10495,10496,-1,10369,10496,10370,-1,10370,10496,10497,-1,10370,10497,10371,-1,10371,10497,10498,-1,10371,10498,10372,-1,10372,10498,10499,-1,10372,10499,10373,-1,10373,10499,10500,-1,10373,10500,10374,-1,10374,10500,10501,-1,10374,10501,10375,-1,10375,10501,10502,-1,10375,10502,10376,-1,10376,10502,10503,-1,10376,10503,10377,-1,10377,10503,10504,-1,10377,10504,10378,-1,10378,10504,10505,-1,10378,10505,10379,-1,10379,10505,10506,-1,10379,10506,10380,-1,10380,10506,10507,-1,10380,10507,10381,-1,10381,10507,10508,-1,10381,10508,10382,-1,10382,10508,10509,-1,10382,10509,10383,-1,10383,10509,10510,-1,10383,10510,10384,-1,10384,10510,10511,-1,10384,10511,10385,-1,10385,10511,10512,-1,10385,10512,10386,-1,10386,10512,10513,-1,10386,10513,56,-1,56,10513,57,-1,13,12,10387,-1,10387,12,10514,-1,10387,10514,10388,-1,10388,10514,10515,-1,10388,10515,10389,-1,10389,10515,10516,-1,10389,10516,10390,-1,10390,10516,10517,-1,10390,10517,10391,-1,10391,10517,10518,-1,10391,10518,10392,-1,10392,10518,10519,-1,10392,10519,10393,-1,10393,10519,10520,-1,10393,10520,10394,-1,10394,10520,10521,-1,10394,10521,10395,-1,10395,10521,10522,-1,10395,10522,10396,-1,10396,10522,10523,-1,10396,10523,10397,-1,10397,10523,10524,-1,10397,10524,10398,-1,10398,10524,10525,-1,10398,10525,10399,-1,10399,10525,10526,-1,10399,10526,10400,-1,10400,10526,10527,-1,10400,10527,10401,-1,10401,10527,10528,-1,10401,10528,10402,-1,10402,10528,10529,-1,10402,10529,10403,-1,10403,10529,10530,-1,10403,10530,10404,-1,10404,10530,10531,-1,10404,10531,10405,-1,10405,10531,10532,-1,10405,10532,10406,-1,10406,10532,10533,-1,10406,10533,10407,-1,10407,10533,10534,-1,10407,10534,10408,-1,10408,10534,10535,-1,10408,10535,10409,-1,10409,10535,10536,-1,10409,10536,10410,-1,10410,10536,10537,-1,10410,10537,10411,-1,10411,10537,10538,-1,10411,10538,10412,-1,10412,10538,10539,-1,10412,10539,10413,-1,10413,10539,10540,-1,10413,10540,10414,-1,10414,10540,10541,-1,10414,10541,10415,-1,10415,10541,10542,-1,10415,10542,10416,-1,10416,10542,10543,-1,10416,10543,10417,-1,10417,10543,10544,-1,10417,10544,10418,-1,10418,10544,10545,-1,10418,10545,10419,-1,10419,10545,10546,-1,10419,10546,10420,-1,10420,10546,10547,-1,10420,10547,10421,-1,10421,10547,10548,-1,10421,10548,10422,-1,10422,10548,10549,-1,10422,10549,10423,-1,10423,10549,10550,-1,10423,10550,10424,-1,10424,10550,10551,-1,10424,10551,10425,-1,10425,10551,10552,-1,10425,10552,10426,-1,10426,10552,10553,-1,10426,10553,10427,-1,10427,10553,10554,-1,10427,10554,10428,-1,10428,10554,10555,-1,10428,10555,10429,-1,10429,10555,10556,-1,10429,10556,10430,-1,10430,10556,10557,-1,10430,10557,10431,-1,10431,10557,10558,-1,10431,10558,10432,-1,10432,10558,10559,-1,10432,10559,10433,-1,10433,10559,10560,-1,10433,10560,10434,-1,10434,10560,10561,-1,10434,10561,10435,-1,10435,10561,10562,-1,10435,10562,10436,-1,10436,10562,10563,-1,10436,10563,10437,-1,10437,10563,10564,-1,10437,10564,10438,-1,10438,10564,10565,-1,10438,10565,10439,-1,10439,10565,10566,-1,10439,10566,10440,-1,10440,10566,10567,-1,10440,10567,10441,-1,10441,10567,10568,-1,10441,10568,10442,-1,10442,10568,10569,-1,10442,10569,10443,-1,10443,10569,10570,-1,10443,10570,10444,-1,10444,10570,10571,-1,10444,10571,10445,-1,10445,10571,10572,-1,10445,10572,10446,-1,10446,10572,10573,-1,10446,10573,10447,-1,10447,10573,10574,-1,10447,10574,10448,-1,10448,10574,10575,-1,10448,10575,10449,-1,10449,10575,10576,-1,10449,10576,10450,-1,10450,10576,10577,-1,10450,10577,10451,-1,10451,10577,10578,-1,10451,10578,10452,-1,10452,10578,10579,-1,10452,10579,10453,-1,10453,10579,10580,-1,10453,10580,10454,-1,10454,10580,10581,-1,10454,10581,10455,-1,10455,10581,10582,-1,10455,10582,10456,-1,10456,10582,10583,-1,10456,10583,10457,-1,10457,10583,10584,-1,10457,10584,10458,-1,10458,10584,10585,-1,10458,10585,10459,-1,10459,10585,10586,-1,10459,10586,10460,-1,10460,10586,10587,-1,10460,10587,10461,-1,10461,10587,10588,-1,10461,10588,10462,-1,10462,10588,10589,-1,10462,10589,10463,-1,10463,10589,10590,-1,10463,10590,10464,-1,10464,10590,10591,-1,10464,10591,10465,-1,10465,10591,10592,-1,10465,10592,10466,-1,10466,10592,10593,-1,10466,10593,10467,-1,10467,10593,10594,-1,10467,10594,10468,-1,10468,10594,10595,-1,10468,10595,10469,-1,10469,10595,10596,-1,10469,10596,10470,-1,10470,10596,10597,-1,10470,10597,10471,-1,10471,10597,10598,-1,10471,10598,10472,-1,10472,10598,10599,-1,10472,10599,10473,-1,10473,10599,10600,-1,10473,10600,10474,-1,10474,10600,10601,-1,10474,10601,10475,-1,10475,10601,10602,-1,10475,10602,10476,-1,10476,10602,10603,-1,10476,10603,10477,-1,10477,10603,10604,-1,10477,10604,10478,-1,10478,10604,10605,-1,10478,10605,10479,-1,10479,10605,10606,-1,10479,10606,10480,-1,10480,10606,10607,-1,10480,10607,10481,-1,10481,10607,10608,-1,10481,10608,10482,-1,10482,10608,10609,-1,10482,10609,10483,-1,10483,10609,10610,-1,10483,10610,10484,-1,10484,10610,10611,-1,10484,10611,10485,-1,10485,10611,10612,-1,10485,10612,10486,-1,10486,10612,10613,-1,10486,10613,10487,-1,10487,10613,10614,-1,10487,10614,10488,-1,10488,10614,10615,-1,10488,10615,10489,-1,10489,10615,10616,-1,10489,10616,10490,-1,10490,10616,10617,-1,10490,10617,10491,-1,10491,10617,10618,-1,10491,10618,10492,-1,10492,10618,10619,-1,10492,10619,10493,-1,10493,10619,10620,-1,10493,10620,10494,-1,10494,10620,10621,-1,10494,10621,10495,-1,10495,10621,10622,-1,10495,10622,10496,-1,10496,10622,10623,-1,10496,10623,10497,-1,10497,10623,10624,-1,10497,10624,10498,-1,10498,10624,10625,-1,10498,10625,10499,-1,10499,10625,10626,-1,10499,10626,10500,-1,10500,10626,10627,-1,10500,10627,10501,-1,10501,10627,10628,-1,10501,10628,10502,-1,10502,10628,10629,-1,10502,10629,10503,-1,10503,10629,10630,-1,10503,10630,10504,-1,10504,10630,10631,-1,10504,10631,10505,-1,10505,10631,10632,-1,10505,10632,10506,-1,10506,10632,10633,-1,10506,10633,10507,-1,10507,10633,10634,-1,10507,10634,10508,-1,10508,10634,10635,-1,10508,10635,10509,-1,10509,10635,10636,-1,10509,10636,10510,-1,10510,10636,10637,-1,10510,10637,10511,-1,10511,10637,10638,-1,10511,10638,10512,-1,10512,10638,10639,-1,10512,10639,10513,-1,10513,10639,10640,-1,10513,10640,57,-1,57,10640,59,-1,12,11,10514,-1,10514,11,10641,-1,10514,10641,10515,-1,10515,10641,10642,-1,10515,10642,10516,-1,10516,10642,10643,-1,10516,10643,10517,-1,10517,10643,10644,-1,10517,10644,10518,-1,10518,10644,10645,-1,10518,10645,10519,-1,10519,10645,10646,-1,10519,10646,10520,-1,10520,10646,10647,-1,10520,10647,10521,-1,10521,10647,10648,-1,10521,10648,10522,-1,10522,10648,10649,-1,10522,10649,10523,-1,10523,10649,10650,-1,10523,10650,10524,-1,10524,10650,10651,-1,10524,10651,10525,-1,10525,10651,10652,-1,10525,10652,10526,-1,10526,10652,10653,-1,10526,10653,10527,-1,10527,10653,10654,-1,10527,10654,10528,-1,10528,10654,10655,-1,10528,10655,10529,-1,10529,10655,10656,-1,10529,10656,10530,-1,10530,10656,10657,-1,10530,10657,10531,-1,10531,10657,10658,-1,10531,10658,10532,-1,10532,10658,10659,-1,10532,10659,10533,-1,10533,10659,10660,-1,10533,10660,10534,-1,10534,10660,10661,-1,10534,10661,10535,-1,10535,10661,10662,-1,10535,10662,10536,-1,10536,10662,10663,-1,10536,10663,10537,-1,10537,10663,10664,-1,10537,10664,10538,-1,10538,10664,10665,-1,10538,10665,10539,-1,10539,10665,10666,-1,10539,10666,10540,-1,10540,10666,10667,-1,10540,10667,10541,-1,10541,10667,10668,-1,10541,10668,10542,-1,10542,10668,10669,-1,10542,10669,10543,-1,10543,10669,10670,-1,10543,10670,10544,-1,10544,10670,10671,-1,10544,10671,10545,-1,10545,10671,10672,-1,10545,10672,10546,-1,10546,10672,10673,-1,10546,10673,10547,-1,10547,10673,10674,-1,10547,10674,10548,-1,10548,10674,10675,-1,10548,10675,10549,-1,10549,10675,10676,-1,10549,10676,10550,-1,10550,10676,10677,-1,10550,10677,10551,-1,10551,10677,10678,-1,10551,10678,10552,-1,10552,10678,10679,-1,10552,10679,10553,-1,10553,10679,10680,-1,10553,10680,10554,-1,10554,10680,10681,-1,10554,10681,10555,-1,10555,10681,10682,-1,10555,10682,10556,-1,10556,10682,10683,-1,10556,10683,10557,-1,10557,10683,10684,-1,10557,10684,10558,-1,10558,10684,10685,-1,10558,10685,10559,-1,10559,10685,10686,-1,10559,10686,10560,-1,10560,10686,10687,-1,10560,10687,10561,-1,10561,10687,10688,-1,10561,10688,10562,-1,10562,10688,10689,-1,10562,10689,10563,-1,10563,10689,10690,-1,10563,10690,10564,-1,10564,10690,10691,-1,10564,10691,10565,-1,10565,10691,10692,-1,10565,10692,10566,-1,10566,10692,10693,-1,10566,10693,10567,-1,10567,10693,10694,-1,10567,10694,10568,-1,10568,10694,10695,-1,10568,10695,10569,-1,10569,10695,10696,-1,10569,10696,10570,-1,10570,10696,10697,-1,10570,10697,10571,-1,10571,10697,10698,-1,10571,10698,10572,-1,10572,10698,10699,-1,10572,10699,10573,-1,10573,10699,10700,-1,10573,10700,10574,-1,10574,10700,10701,-1,10574,10701,10575,-1,10575,10701,10702,-1,10575,10702,10576,-1,10576,10702,10703,-1,10576,10703,10577,-1,10577,10703,10704,-1,10577,10704,10578,-1,10578,10704,10705,-1,10578,10705,10579,-1,10579,10705,10706,-1,10579,10706,10580,-1,10580,10706,10707,-1,10580,10707,10581,-1,10581,10707,10708,-1,10581,10708,10582,-1,10582,10708,10709,-1,10582,10709,10583,-1,10583,10709,10710,-1,10583,10710,10584,-1,10584,10710,10711,-1,10584,10711,10585,-1,10585,10711,10712,-1,10585,10712,10586,-1,10586,10712,10713,-1,10586,10713,10587,-1,10587,10713,10714,-1,10587,10714,10588,-1,10588,10714,10715,-1,10588,10715,10589,-1,10589,10715,10716,-1,10589,10716,10590,-1,10590,10716,10717,-1,10590,10717,10591,-1,10591,10717,10718,-1,10591,10718,10592,-1,10592,10718,10719,-1,10592,10719,10593,-1,10593,10719,10720,-1,10593,10720,10594,-1,10594,10720,10721,-1,10594,10721,10595,-1,10595,10721,10722,-1,10595,10722,10596,-1,10596,10722,10723,-1,10596,10723,10597,-1,10597,10723,10724,-1,10597,10724,10598,-1,10598,10724,10725,-1,10598,10725,10599,-1,10599,10725,10726,-1,10599,10726,10600,-1,10600,10726,10727,-1,10600,10727,10601,-1,10601,10727,10728,-1,10601,10728,10602,-1,10602,10728,10729,-1,10602,10729,10603,-1,10603,10729,10730,-1,10603,10730,10604,-1,10604,10730,10731,-1,10604,10731,10605,-1,10605,10731,10732,-1,10605,10732,10606,-1,10606,10732,10733,-1,10606,10733,10607,-1,10607,10733,10734,-1,10607,10734,10608,-1,10608,10734,10735,-1,10608,10735,10609,-1,10609,10735,10736,-1,10609,10736,10610,-1,10610,10736,10737,-1,10610,10737,10611,-1,10611,10737,10738,-1,10611,10738,10612,-1,10612,10738,10739,-1,10612,10739,10613,-1,10613,10739,10740,-1,10613,10740,10614,-1,10614,10740,10741,-1,10614,10741,10615,-1,10615,10741,10742,-1,10615,10742,10616,-1,10616,10742,10743,-1,10616,10743,10617,-1,10617,10743,10744,-1,10617,10744,10618,-1,10618,10744,10745,-1,10618,10745,10619,-1,10619,10745,10746,-1,10619,10746,10620,-1,10620,10746,10747,-1,10620,10747,10621,-1,10621,10747,10748,-1,10621,10748,10622,-1,10622,10748,10749,-1,10622,10749,10623,-1,10623,10749,10750,-1,10623,10750,10624,-1,10624,10750,10751,-1,10624,10751,10625,-1,10625,10751,10752,-1,10625,10752,10626,-1,10626,10752,10753,-1,10626,10753,10627,-1,10627,10753,10754,-1,10627,10754,10628,-1,10628,10754,10755,-1,10628,10755,10629,-1,10629,10755,10756,-1,10629,10756,10630,-1,10630,10756,10757,-1,10630,10757,10631,-1,10631,10757,10758,-1,10631,10758,10632,-1,10632,10758,10759,-1,10632,10759,10633,-1,10633,10759,10760,-1,10633,10760,10634,-1,10634,10760,10761,-1,10634,10761,10635,-1,10635,10761,10762,-1,10635,10762,10636,-1,10636,10762,10763,-1,10636,10763,10637,-1,10637,10763,10764,-1,10637,10764,10638,-1,10638,10764,10765,-1,10638,10765,10639,-1,10639,10765,10766,-1,10639,10766,10640,-1,10640,10766,10767,-1,10640,10767,59,-1,59,10767,61,-1,11,16,10641,-1,10641,16,10768,-1,10641,10768,10642,-1,10642,10768,10769,-1,10642,10769,10643,-1,10643,10769,10770,-1,10643,10770,10644,-1,10644,10770,10771,-1,10644,10771,10645,-1,10645,10771,10772,-1,10645,10772,10646,-1,10646,10772,10773,-1,10646,10773,10647,-1,10647,10773,10774,-1,10647,10774,10648,-1,10648,10774,10775,-1,10648,10775,10649,-1,10649,10775,10776,-1,10649,10776,10650,-1,10650,10776,10777,-1,10650,10777,10651,-1,10651,10777,10778,-1,10651,10778,10652,-1,10652,10778,10779,-1,10652,10779,10653,-1,10653,10779,10780,-1,10653,10780,10654,-1,10654,10780,10781,-1,10654,10781,10655,-1,10655,10781,10782,-1,10655,10782,10656,-1,10656,10782,10783,-1,10656,10783,10657,-1,10657,10783,10784,-1,10657,10784,10658,-1,10658,10784,10785,-1,10658,10785,10659,-1,10659,10785,10786,-1,10659,10786,10660,-1,10660,10786,10787,-1,10660,10787,10661,-1,10661,10787,10788,-1,10661,10788,10662,-1,10662,10788,10789,-1,10662,10789,10663,-1,10663,10789,10790,-1,10663,10790,10664,-1,10664,10790,10791,-1,10664,10791,10665,-1,10665,10791,10792,-1,10665,10792,10666,-1,10666,10792,10793,-1,10666,10793,10667,-1,10667,10793,10794,-1,10667,10794,10668,-1,10668,10794,10795,-1,10668,10795,10669,-1,10669,10795,10796,-1,10669,10796,10670,-1,10670,10796,10797,-1,10670,10797,10671,-1,10671,10797,10798,-1,10671,10798,10672,-1,10672,10798,10799,-1,10672,10799,10673,-1,10673,10799,10800,-1,10673,10800,10674,-1,10674,10800,10801,-1,10674,10801,10675,-1,10675,10801,10802,-1,10675,10802,10676,-1,10676,10802,10803,-1,10676,10803,10677,-1,10677,10803,10804,-1,10677,10804,10678,-1,10678,10804,10805,-1,10678,10805,10679,-1,10679,10805,10806,-1,10679,10806,10680,-1,10680,10806,10807,-1,10680,10807,10681,-1,10681,10807,10808,-1,10681,10808,10682,-1,10682,10808,10809,-1,10682,10809,10683,-1,10683,10809,10810,-1,10683,10810,10684,-1,10684,10810,10811,-1,10684,10811,10685,-1,10685,10811,10812,-1,10685,10812,10686,-1,10686,10812,10813,-1,10686,10813,10687,-1,10687,10813,10814,-1,10687,10814,10688,-1,10688,10814,10815,-1,10688,10815,10689,-1,10689,10815,10816,-1,10689,10816,10690,-1,10690,10816,10817,-1,10690,10817,10691,-1,10691,10817,10818,-1,10691,10818,10692,-1,10692,10818,10819,-1,10692,10819,10693,-1,10693,10819,10820,-1,10693,10820,10694,-1,10694,10820,10821,-1,10694,10821,10695,-1,10695,10821,10822,-1,10695,10822,10696,-1,10696,10822,10823,-1,10696,10823,10697,-1,10697,10823,10824,-1,10697,10824,10698,-1,10698,10824,10825,-1,10698,10825,10699,-1,10699,10825,10826,-1,10699,10826,10700,-1,10700,10826,10827,-1,10700,10827,10701,-1,10701,10827,10828,-1,10701,10828,10702,-1,10702,10828,10829,-1,10702,10829,10703,-1,10703,10829,10830,-1,10703,10830,10704,-1,10704,10830,10831,-1,10704,10831,10705,-1,10705,10831,10832,-1,10705,10832,10706,-1,10706,10832,10833,-1,10706,10833,10707,-1,10707,10833,10834,-1,10707,10834,10708,-1,10708,10834,10835,-1,10708,10835,10709,-1,10709,10835,10836,-1,10709,10836,10710,-1,10710,10836,10837,-1,10710,10837,10711,-1,10711,10837,10838,-1,10711,10838,10712,-1,10712,10838,10839,-1,10712,10839,10713,-1,10713,10839,10840,-1,10713,10840,10714,-1,10714,10840,10841,-1,10714,10841,10715,-1,10715,10841,10842,-1,10715,10842,10716,-1,10716,10842,10843,-1,10716,10843,10717,-1,10717,10843,10844,-1,10717,10844,10718,-1,10718,10844,10845,-1,10718,10845,10719,-1,10719,10845,10846,-1,10719,10846,10720,-1,10720,10846,10847,-1,10720,10847,10721,-1,10721,10847,10848,-1,10721,10848,10722,-1,10722,10848,10849,-1,10722,10849,10723,-1,10723,10849,10850,-1,10723,10850,10724,-1,10724,10850,10851,-1,10724,10851,10725,-1,10725,10851,10852,-1,10725,10852,10726,-1,10726,10852,10853,-1,10726,10853,10727,-1,10727,10853,10854,-1,10727,10854,10728,-1,10728,10854,10855,-1,10728,10855,10729,-1,10729,10855,10856,-1,10729,10856,10730,-1,10730,10856,10857,-1,10730,10857,10731,-1,10731,10857,10858,-1,10731,10858,10732,-1,10732,10858,10859,-1,10732,10859,10733,-1,10733,10859,10860,-1,10733,10860,10734,-1,10734,10860,10861,-1,10734,10861,10735,-1,10735,10861,10862,-1,10735,10862,10736,-1,10736,10862,10863,-1,10736,10863,10737,-1,10737,10863,10864,-1,10737,10864,10738,-1,10738,10864,10865,-1,10738,10865,10739,-1,10739,10865,10866,-1,10739,10866,10740,-1,10740,10866,10867,-1,10740,10867,10741,-1,10741,10867,10868,-1,10741,10868,10742,-1,10742,10868,10869,-1,10742,10869,10743,-1,10743,10869,10870,-1,10743,10870,10744,-1,10744,10870,10871,-1,10744,10871,10745,-1,10745,10871,10872,-1,10745,10872,10746,-1,10746,10872,10873,-1,10746,10873,10747,-1,10747,10873,10874,-1,10747,10874,10748,-1,10748,10874,10875,-1,10748,10875,10749,-1,10749,10875,10876,-1,10749,10876,10750,-1,10750,10876,10877,-1,10750,10877,10751,-1,10751,10877,10878,-1,10751,10878,10752,-1,10752,10878,10879,-1,10752,10879,10753,-1,10753,10879,10880,-1,10753,10880,10754,-1,10754,10880,10881,-1,10754,10881,10755,-1,10755,10881,10882,-1,10755,10882,10756,-1,10756,10882,10883,-1,10756,10883,10757,-1,10757,10883,10884,-1,10757,10884,10758,-1,10758,10884,10885,-1,10758,10885,10759,-1,10759,10885,10886,-1,10759,10886,10760,-1,10760,10886,10887,-1,10760,10887,10761,-1,10761,10887,10888,-1,10761,10888,10762,-1,10762,10888,10889,-1,10762,10889,10763,-1,10763,10889,10890,-1,10763,10890,10764,-1,10764,10890,10891,-1,10764,10891,10765,-1,10765,10891,10892,-1,10765,10892,10766,-1,10766,10892,10893,-1,10766,10893,10767,-1,10767,10893,10894,-1,10767,10894,61,-1,61,10894,63,-1,16,15,10768,-1,10768,15,10895,-1,10768,10895,10769,-1,10769,10895,10896,-1,10769,10896,10770,-1,10770,10896,10897,-1,10770,10897,10771,-1,10771,10897,10898,-1,10771,10898,10772,-1,10772,10898,10899,-1,10772,10899,10773,-1,10773,10899,10900,-1,10773,10900,10774,-1,10774,10900,10901,-1,10774,10901,10775,-1,10775,10901,10902,-1,10775,10902,10776,-1,10776,10902,10903,-1,10776,10903,10777,-1,10777,10903,10904,-1,10777,10904,10778,-1,10778,10904,10905,-1,10778,10905,10779,-1,10779,10905,10906,-1,10779,10906,10780,-1,10780,10906,10907,-1,10780,10907,10781,-1,10781,10907,10908,-1,10781,10908,10782,-1,10782,10908,10909,-1,10782,10909,10783,-1,10783,10909,10910,-1,10783,10910,10784,-1,10784,10910,10911,-1,10784,10911,10785,-1,10785,10911,10912,-1,10785,10912,10786,-1,10786,10912,10913,-1,10786,10913,10787,-1,10787,10913,10914,-1,10787,10914,10788,-1,10788,10914,10915,-1,10788,10915,10789,-1,10789,10915,10916,-1,10789,10916,10790,-1,10790,10916,10917,-1,10790,10917,10791,-1,10791,10917,10918,-1,10791,10918,10792,-1,10792,10918,10919,-1,10792,10919,10793,-1,10793,10919,10920,-1,10793,10920,10794,-1,10794,10920,10921,-1,10794,10921,10795,-1,10795,10921,10922,-1,10795,10922,10796,-1,10796,10922,10923,-1,10796,10923,10797,-1,10797,10923,10924,-1,10797,10924,10798,-1,10798,10924,10925,-1,10798,10925,10799,-1,10799,10925,10926,-1,10799,10926,10800,-1,10800,10926,10927,-1,10800,10927,10801,-1,10801,10927,10928,-1,10801,10928,10802,-1,10802,10928,10929,-1,10802,10929,10803,-1,10803,10929,10930,-1,10803,10930,10804,-1,10804,10930,10931,-1,10804,10931,10805,-1,10805,10931,10932,-1,10805,10932,10806,-1,10806,10932,10933,-1,10806,10933,10807,-1,10807,10933,10934,-1,10807,10934,10808,-1,10808,10934,10935,-1,10808,10935,10809,-1,10809,10935,10936,-1,10809,10936,10810,-1,10810,10936,10937,-1,10810,10937,10811,-1,10811,10937,10938,-1,10811,10938,10812,-1,10812,10938,10939,-1,10812,10939,10813,-1,10813,10939,10940,-1,10813,10940,10814,-1,10814,10940,10941,-1,10814,10941,10815,-1,10815,10941,10942,-1,10815,10942,10816,-1,10816,10942,10943,-1,10816,10943,10817,-1,10817,10943,10944,-1,10817,10944,10818,-1,10818,10944,10945,-1,10818,10945,10819,-1,10819,10945,10946,-1,10819,10946,10820,-1,10820,10946,10947,-1,10820,10947,10821,-1,10821,10947,10948,-1,10821,10948,10822,-1,10822,10948,10949,-1,10822,10949,10823,-1,10823,10949,10950,-1,10823,10950,10824,-1,10824,10950,10951,-1,10824,10951,10825,-1,10825,10951,10952,-1,10825,10952,10826,-1,10826,10952,10953,-1,10826,10953,10827,-1,10827,10953,10954,-1,10827,10954,10828,-1,10828,10954,10955,-1,10828,10955,10829,-1,10829,10955,10956,-1,10829,10956,10830,-1,10830,10956,10957,-1,10830,10957,10831,-1,10831,10957,10958,-1,10831,10958,10832,-1,10832,10958,10959,-1,10832,10959,10833,-1,10833,10959,10960,-1,10833,10960,10834,-1,10834,10960,10961,-1,10834,10961,10835,-1,10835,10961,10962,-1,10835,10962,10836,-1,10836,10962,10963,-1,10836,10963,10837,-1,10837,10963,10964,-1,10837,10964,10838,-1,10838,10964,10965,-1,10838,10965,10839,-1,10839,10965,10966,-1,10839,10966,10840,-1,10840,10966,10967,-1,10840,10967,10841,-1,10841,10967,10968,-1,10841,10968,10842,-1,10842,10968,10969,-1,10842,10969,10843,-1,10843,10969,10970,-1,10843,10970,10844,-1,10844,10970,10971,-1,10844,10971,10845,-1,10845,10971,10972,-1,10845,10972,10846,-1,10846,10972,10973,-1,10846,10973,10847,-1,10847,10973,10974,-1,10847,10974,10848,-1,10848,10974,10975,-1,10848,10975,10849,-1,10849,10975,10976,-1,10849,10976,10850,-1,10850,10976,10977,-1,10850,10977,10851,-1,10851,10977,10978,-1,10851,10978,10852,-1,10852,10978,10979,-1,10852,10979,10853,-1,10853,10979,10980,-1,10853,10980,10854,-1,10854,10980,10981,-1,10854,10981,10855,-1,10855,10981,10982,-1,10855,10982,10856,-1,10856,10982,10983,-1,10856,10983,10857,-1,10857,10983,10984,-1,10857,10984,10858,-1,10858,10984,10985,-1,10858,10985,10859,-1,10859,10985,10986,-1,10859,10986,10860,-1,10860,10986,10987,-1,10860,10987,10861,-1,10861,10987,10988,-1,10861,10988,10862,-1,10862,10988,10989,-1,10862,10989,10863,-1,10863,10989,10990,-1,10863,10990,10864,-1,10864,10990,10991,-1,10864,10991,10865,-1,10865,10991,10992,-1,10865,10992,10866,-1,10866,10992,10993,-1,10866,10993,10867,-1,10867,10993,10994,-1,10867,10994,10868,-1,10868,10994,10995,-1,10868,10995,10869,-1,10869,10995,10996,-1,10869,10996,10870,-1,10870,10996,10997,-1,10870,10997,10871,-1,10871,10997,10998,-1,10871,10998,10872,-1,10872,10998,10999,-1,10872,10999,10873,-1,10873,10999,11000,-1,10873,11000,10874,-1,10874,11000,11001,-1,10874,11001,10875,-1,10875,11001,11002,-1,10875,11002,10876,-1,10876,11002,11003,-1,10876,11003,10877,-1,10877,11003,11004,-1,10877,11004,10878,-1,10878,11004,11005,-1,10878,11005,10879,-1,10879,11005,11006,-1,10879,11006,10880,-1,10880,11006,11007,-1,10880,11007,10881,-1,10881,11007,11008,-1,10881,11008,10882,-1,10882,11008,11009,-1,10882,11009,10883,-1,10883,11009,11010,-1,10883,11010,10884,-1,10884,11010,11011,-1,10884,11011,10885,-1,10885,11011,11012,-1,10885,11012,10886,-1,10886,11012,11013,-1,10886,11013,10887,-1,10887,11013,11014,-1,10887,11014,10888,-1,10888,11014,11015,-1,10888,11015,10889,-1,10889,11015,11016,-1,10889,11016,10890,-1,10890,11016,11017,-1,10890,11017,10891,-1,10891,11017,11018,-1,10891,11018,10892,-1,10892,11018,11019,-1,10892,11019,10893,-1,10893,11019,11020,-1,10893,11020,10894,-1,10894,11020,11021,-1,10894,11021,63,-1,63,11021,65,-1,15,14,10895,-1,10895,14,11022,-1,10895,11022,10896,-1,10896,11022,11023,-1,10896,11023,10897,-1,10897,11023,11024,-1,10897,11024,10898,-1,10898,11024,11025,-1,10898,11025,10899,-1,10899,11025,11026,-1,10899,11026,10900,-1,10900,11026,11027,-1,10900,11027,10901,-1,10901,11027,11028,-1,10901,11028,10902,-1,10902,11028,11029,-1,10902,11029,10903,-1,10903,11029,11030,-1,10903,11030,10904,-1,10904,11030,11031,-1,10904,11031,10905,-1,10905,11031,11032,-1,10905,11032,10906,-1,10906,11032,11033,-1,10906,11033,10907,-1,10907,11033,11034,-1,10907,11034,10908,-1,10908,11034,11035,-1,10908,11035,10909,-1,10909,11035,11036,-1,10909,11036,10910,-1,10910,11036,11037,-1,10910,11037,10911,-1,10911,11037,11038,-1,10911,11038,10912,-1,10912,11038,11039,-1,10912,11039,10913,-1,10913,11039,11040,-1,10913,11040,10914,-1,10914,11040,11041,-1,10914,11041,10915,-1,10915,11041,11042,-1,10915,11042,10916,-1,10916,11042,11043,-1,10916,11043,10917,-1,10917,11043,11044,-1,10917,11044,10918,-1,10918,11044,11045,-1,10918,11045,10919,-1,10919,11045,11046,-1,10919,11046,10920,-1,10920,11046,11047,-1,10920,11047,10921,-1,10921,11047,11048,-1,10921,11048,10922,-1,10922,11048,11049,-1,10922,11049,10923,-1,10923,11049,11050,-1,10923,11050,10924,-1,10924,11050,11051,-1,10924,11051,10925,-1,10925,11051,11052,-1,10925,11052,10926,-1,10926,11052,11053,-1,10926,11053,10927,-1,10927,11053,11054,-1,10927,11054,10928,-1,10928,11054,11055,-1,10928,11055,10929,-1,10929,11055,11056,-1,10929,11056,10930,-1,10930,11056,11057,-1,10930,11057,10931,-1,10931,11057,11058,-1,10931,11058,10932,-1,10932,11058,11059,-1,10932,11059,10933,-1,10933,11059,11060,-1,10933,11060,10934,-1,10934,11060,11061,-1,10934,11061,10935,-1,10935,11061,11062,-1,10935,11062,10936,-1,10936,11062,11063,-1,10936,11063,10937,-1,10937,11063,11064,-1,10937,11064,10938,-1,10938,11064,11065,-1,10938,11065,10939,-1,10939,11065,11066,-1,10939,11066,10940,-1,10940,11066,11067,-1,10940,11067,10941,-1,10941,11067,11068,-1,10941,11068,10942,-1,10942,11068,11069,-1,10942,11069,10943,-1,10943,11069,11070,-1,10943,11070,10944,-1,10944,11070,11071,-1,10944,11071,10945,-1,10945,11071,11072,-1,10945,11072,10946,-1,10946,11072,11073,-1,10946,11073,10947,-1,10947,11073,11074,-1,10947,11074,10948,-1,10948,11074,11075,-1,10948,11075,10949,-1,10949,11075,11076,-1,10949,11076,10950,-1,10950,11076,11077,-1,10950,11077,10951,-1,10951,11077,11078,-1,10951,11078,10952,-1,10952,11078,11079,-1,10952,11079,10953,-1,10953,11079,11080,-1,10953,11080,10954,-1,10954,11080,11081,-1,10954,11081,10955,-1,10955,11081,11082,-1,10955,11082,10956,-1,10956,11082,11083,-1,10956,11083,10957,-1,10957,11083,11084,-1,10957,11084,10958,-1,10958,11084,11085,-1,10958,11085,10959,-1,10959,11085,11086,-1,10959,11086,10960,-1,10960,11086,11087,-1,10960,11087,10961,-1,10961,11087,11088,-1,10961,11088,10962,-1,10962,11088,11089,-1,10962,11089,10963,-1,10963,11089,11090,-1,10963,11090,10964,-1,10964,11090,11091,-1,10964,11091,10965,-1,10965,11091,11092,-1,10965,11092,10966,-1,10966,11092,11093,-1,10966,11093,10967,-1,10967,11093,11094,-1,10967,11094,10968,-1,10968,11094,11095,-1,10968,11095,10969,-1,10969,11095,11096,-1,10969,11096,10970,-1,10970,11096,11097,-1,10970,11097,10971,-1,10971,11097,11098,-1,10971,11098,10972,-1,10972,11098,11099,-1,10972,11099,10973,-1,10973,11099,11100,-1,10973,11100,10974,-1,10974,11100,11101,-1,10974,11101,10975,-1,10975,11101,11102,-1,10975,11102,10976,-1,10976,11102,11103,-1,10976,11103,10977,-1,10977,11103,11104,-1,10977,11104,10978,-1,10978,11104,11105,-1,10978,11105,10979,-1,10979,11105,11106,-1,10979,11106,10980,-1,10980,11106,11107,-1,10980,11107,10981,-1,10981,11107,11108,-1,10981,11108,10982,-1,10982,11108,11109,-1,10982,11109,10983,-1,10983,11109,11110,-1,10983,11110,10984,-1,10984,11110,11111,-1,10984,11111,10985,-1,10985,11111,11112,-1,10985,11112,10986,-1,10986,11112,11113,-1,10986,11113,10987,-1,10987,11113,11114,-1,10987,11114,10988,-1,10988,11114,11115,-1,10988,11115,10989,-1,10989,11115,11116,-1,10989,11116,10990,-1,10990,11116,11117,-1,10990,11117,10991,-1,10991,11117,11118,-1,10991,11118,10992,-1,10992,11118,11119,-1,10992,11119,10993,-1,10993,11119,11120,-1,10993,11120,10994,-1,10994,11120,11121,-1,10994,11121,10995,-1,10995,11121,11122,-1,10995,11122,10996,-1,10996,11122,11123,-1,10996,11123,10997,-1,10997,11123,11124,-1,10997,11124,10998,-1,10998,11124,11125,-1,10998,11125,10999,-1,10999,11125,11126,-1,10999,11126,11000,-1,11000,11126,11127,-1,11000,11127,11001,-1,11001,11127,11128,-1,11001,11128,11002,-1,11002,11128,11129,-1,11002,11129,11003,-1,11003,11129,11130,-1,11003,11130,11004,-1,11004,11130,11131,-1,11004,11131,11005,-1,11005,11131,11132,-1,11005,11132,11006,-1,11006,11132,11133,-1,11006,11133,11007,-1,11007,11133,11134,-1,11007,11134,11008,-1,11008,11134,11135,-1,11008,11135,11009,-1,11009,11135,11136,-1,11009,11136,11010,-1,11010,11136,11137,-1,11010,11137,11011,-1,11011,11137,11138,-1,11011,11138,11012,-1,11012,11138,11139,-1,11012,11139,11013,-1,11013,11139,11140,-1,11013,11140,11014,-1,11014,11140,11141,-1,11014,11141,11015,-1,11015,11141,11142,-1,11015,11142,11016,-1,11016,11142,11143,-1,11016,11143,11017,-1,11017,11143,11144,-1,11017,11144,11018,-1,11018,11144,11145,-1,11018,11145,11019,-1,11019,11145,11146,-1,11019,11146,11020,-1,11020,11146,11147,-1,11020,11147,11021,-1,11021,11147,11148,-1,11021,11148,65,-1,65,11148,67,-1,14,19,11022,-1,11022,19,11149,-1,11022,11149,11023,-1,11023,11149,11150,-1,11023,11150,11024,-1,11024,11150,11151,-1,11024,11151,11025,-1,11025,11151,11152,-1,11025,11152,11026,-1,11026,11152,11153,-1,11026,11153,11027,-1,11027,11153,11154,-1,11027,11154,11028,-1,11028,11154,11155,-1,11028,11155,11029,-1,11029,11155,11156,-1,11029,11156,11030,-1,11030,11156,11157,-1,11030,11157,11031,-1,11031,11157,11158,-1,11031,11158,11032,-1,11032,11158,11159,-1,11032,11159,11033,-1,11033,11159,11160,-1,11033,11160,11034,-1,11034,11160,11161,-1,11034,11161,11035,-1,11035,11161,11162,-1,11035,11162,11036,-1,11036,11162,11163,-1,11036,11163,11037,-1,11037,11163,11164,-1,11037,11164,11038,-1,11038,11164,11165,-1,11038,11165,11039,-1,11039,11165,11166,-1,11039,11166,11040,-1,11040,11166,11167,-1,11040,11167,11041,-1,11041,11167,11168,-1,11041,11168,11042,-1,11042,11168,11169,-1,11042,11169,11043,-1,11043,11169,11170,-1,11043,11170,11044,-1,11044,11170,11171,-1,11044,11171,11045,-1,11045,11171,11172,-1,11045,11172,11046,-1,11046,11172,11173,-1,11046,11173,11047,-1,11047,11173,11174,-1,11047,11174,11048,-1,11048,11174,11175,-1,11048,11175,11049,-1,11049,11175,11176,-1,11049,11176,11050,-1,11050,11176,11177,-1,11050,11177,11051,-1,11051,11177,11178,-1,11051,11178,11052,-1,11052,11178,11179,-1,11052,11179,11053,-1,11053,11179,11180,-1,11053,11180,11054,-1,11054,11180,11181,-1,11054,11181,11055,-1,11055,11181,11182,-1,11055,11182,11056,-1,11056,11182,11183,-1,11056,11183,11057,-1,11057,11183,11184,-1,11057,11184,11058,-1,11058,11184,11185,-1,11058,11185,11059,-1,11059,11185,11186,-1,11059,11186,11060,-1,11060,11186,11187,-1,11060,11187,11061,-1,11061,11187,11188,-1,11061,11188,11062,-1,11062,11188,11189,-1,11062,11189,11063,-1,11063,11189,11190,-1,11063,11190,11064,-1,11064,11190,11191,-1,11064,11191,11065,-1,11065,11191,11192,-1,11065,11192,11066,-1,11066,11192,11193,-1,11066,11193,11067,-1,11067,11193,11194,-1,11067,11194,11068,-1,11068,11194,11195,-1,11068,11195,11069,-1,11069,11195,11196,-1,11069,11196,11070,-1,11070,11196,11197,-1,11070,11197,11071,-1,11071,11197,11198,-1,11071,11198,11072,-1,11072,11198,11199,-1,11072,11199,11073,-1,11073,11199,11200,-1,11073,11200,11074,-1,11074,11200,11201,-1,11074,11201,11075,-1,11075,11201,11202,-1,11075,11202,11076,-1,11076,11202,11203,-1,11076,11203,11077,-1,11077,11203,11204,-1,11077,11204,11078,-1,11078,11204,11205,-1,11078,11205,11079,-1,11079,11205,11206,-1,11079,11206,11080,-1,11080,11206,11207,-1,11080,11207,11081,-1,11081,11207,11208,-1,11081,11208,11082,-1,11082,11208,11209,-1,11082,11209,11083,-1,11083,11209,11210,-1,11083,11210,11084,-1,11084,11210,11211,-1,11084,11211,11085,-1,11085,11211,11212,-1,11085,11212,11086,-1,11086,11212,11213,-1,11086,11213,11087,-1,11087,11213,11214,-1,11087,11214,11088,-1,11088,11214,11215,-1,11088,11215,11089,-1,11089,11215,11216,-1,11089,11216,11090,-1,11090,11216,11217,-1,11090,11217,11091,-1,11091,11217,11218,-1,11091,11218,11092,-1,11092,11218,11219,-1,11092,11219,11093,-1,11093,11219,11220,-1,11093,11220,11094,-1,11094,11220,11221,-1,11094,11221,11095,-1,11095,11221,11222,-1,11095,11222,11096,-1,11096,11222,11223,-1,11096,11223,11097,-1,11097,11223,11224,-1,11097,11224,11098,-1,11098,11224,11225,-1,11098,11225,11099,-1,11099,11225,11226,-1,11099,11226,11100,-1,11100,11226,11227,-1,11100,11227,11101,-1,11101,11227,11228,-1,11101,11228,11102,-1,11102,11228,11229,-1,11102,11229,11103,-1,11103,11229,11230,-1,11103,11230,11104,-1,11104,11230,11231,-1,11104,11231,11105,-1,11105,11231,11232,-1,11105,11232,11106,-1,11106,11232,11233,-1,11106,11233,11107,-1,11107,11233,11234,-1,11107,11234,11108,-1,11108,11234,11235,-1,11108,11235,11109,-1,11109,11235,11236,-1,11109,11236,11110,-1,11110,11236,11237,-1,11110,11237,11111,-1,11111,11237,11238,-1,11111,11238,11112,-1,11112,11238,11239,-1,11112,11239,11113,-1,11113,11239,11240,-1,11113,11240,11114,-1,11114,11240,11241,-1,11114,11241,11115,-1,11115,11241,11242,-1,11115,11242,11116,-1,11116,11242,11243,-1,11116,11243,11117,-1,11117,11243,11244,-1,11117,11244,11118,-1,11118,11244,11245,-1,11118,11245,11119,-1,11119,11245,11246,-1,11119,11246,11120,-1,11120,11246,11247,-1,11120,11247,11121,-1,11121,11247,11248,-1,11121,11248,11122,-1,11122,11248,11249,-1,11122,11249,11123,-1,11123,11249,11250,-1,11123,11250,11124,-1,11124,11250,11251,-1,11124,11251,11125,-1,11125,11251,11252,-1,11125,11252,11126,-1,11126,11252,11253,-1,11126,11253,11127,-1,11127,11253,11254,-1,11127,11254,11128,-1,11128,11254,11255,-1,11128,11255,11129,-1,11129,11255,11256,-1,11129,11256,11130,-1,11130,11256,11257,-1,11130,11257,11131,-1,11131,11257,11258,-1,11131,11258,11132,-1,11132,11258,11259,-1,11132,11259,11133,-1,11133,11259,11260,-1,11133,11260,11134,-1,11134,11260,11261,-1,11134,11261,11135,-1,11135,11261,11262,-1,11135,11262,11136,-1,11136,11262,11263,-1,11136,11263,11137,-1,11137,11263,11264,-1,11137,11264,11138,-1,11138,11264,11265,-1,11138,11265,11139,-1,11139,11265,11266,-1,11139,11266,11140,-1,11140,11266,11267,-1,11140,11267,11141,-1,11141,11267,11268,-1,11141,11268,11142,-1,11142,11268,11269,-1,11142,11269,11143,-1,11143,11269,11270,-1,11143,11270,11144,-1,11144,11270,11271,-1,11144,11271,11145,-1,11145,11271,11272,-1,11145,11272,11146,-1,11146,11272,11273,-1,11146,11273,11147,-1,11147,11273,11274,-1,11147,11274,11148,-1,11148,11274,11275,-1,11148,11275,67,-1,67,11275,69,-1,19,18,11149,-1,11149,18,11276,-1,11149,11276,11150,-1,11150,11276,11277,-1,11150,11277,11151,-1,11151,11277,11278,-1,11151,11278,11152,-1,11152,11278,11279,-1,11152,11279,11153,-1,11153,11279,11280,-1,11153,11280,11154,-1,11154,11280,11281,-1,11154,11281,11155,-1,11155,11281,11282,-1,11155,11282,11156,-1,11156,11282,11283,-1,11156,11283,11157,-1,11157,11283,11284,-1,11157,11284,11158,-1,11158,11284,11285,-1,11158,11285,11159,-1,11159,11285,11286,-1,11159,11286,11160,-1,11160,11286,11287,-1,11160,11287,11161,-1,11161,11287,11288,-1,11161,11288,11162,-1,11162,11288,11289,-1,11162,11289,11163,-1,11163,11289,11290,-1,11163,11290,11164,-1,11164,11290,11291,-1,11164,11291,11165,-1,11165,11291,11292,-1,11165,11292,11166,-1,11166,11292,11293,-1,11166,11293,11167,-1,11167,11293,11294,-1,11167,11294,11168,-1,11168,11294,11295,-1,11168,11295,11169,-1,11169,11295,11296,-1,11169,11296,11170,-1,11170,11296,11297,-1,11170,11297,11171,-1,11171,11297,11298,-1,11171,11298,11172,-1,11172,11298,11299,-1,11172,11299,11173,-1,11173,11299,11300,-1,11173,11300,11174,-1,11174,11300,11301,-1,11174,11301,11175,-1,11175,11301,11302,-1,11175,11302,11176,-1,11176,11302,11303,-1,11176,11303,11177,-1,11177,11303,11304,-1,11177,11304,11178,-1,11178,11304,11305,-1,11178,11305,11179,-1,11179,11305,11306,-1,11179,11306,11180,-1,11180,11306,11307,-1,11180,11307,11181,-1,11181,11307,11308,-1,11181,11308,11182,-1,11182,11308,11309,-1,11182,11309,11183,-1,11183,11309,11310,-1,11183,11310,11184,-1,11184,11310,11311,-1,11184,11311,11185,-1,11185,11311,11312,-1,11185,11312,11186,-1,11186,11312,11313,-1,11186,11313,11187,-1,11187,11313,11314,-1,11187,11314,11188,-1,11188,11314,11315,-1,11188,11315,11189,-1,11189,11315,11316,-1,11189,11316,11190,-1,11190,11316,11317,-1,11190,11317,11191,-1,11191,11317,11318,-1,11191,11318,11192,-1,11192,11318,11319,-1,11192,11319,11193,-1,11193,11319,11320,-1,11193,11320,11194,-1,11194,11320,11321,-1,11194,11321,11195,-1,11195,11321,11322,-1,11195,11322,11196,-1,11196,11322,11323,-1,11196,11323,11197,-1,11197,11323,11324,-1,11197,11324,11198,-1,11198,11324,11325,-1,11198,11325,11199,-1,11199,11325,11326,-1,11199,11326,11200,-1,11200,11326,11327,-1,11200,11327,11201,-1,11201,11327,11328,-1,11201,11328,11202,-1,11202,11328,11329,-1,11202,11329,11203,-1,11203,11329,11330,-1,11203,11330,11204,-1,11204,11330,11331,-1,11204,11331,11205,-1,11205,11331,11332,-1,11205,11332,11206,-1,11206,11332,11333,-1,11206,11333,11207,-1,11207,11333,11334,-1,11207,11334,11208,-1,11208,11334,11335,-1,11208,11335,11209,-1,11209,11335,11336,-1,11209,11336,11210,-1,11210,11336,11337,-1,11210,11337,11211,-1,11211,11337,11338,-1,11211,11338,11212,-1,11212,11338,11339,-1,11212,11339,11213,-1,11213,11339,11340,-1,11213,11340,11214,-1,11214,11340,11341,-1,11214,11341,11215,-1,11215,11341,11342,-1,11215,11342,11216,-1,11216,11342,11343,-1,11216,11343,11217,-1,11217,11343,11344,-1,11217,11344,11218,-1,11218,11344,11345,-1,11218,11345,11219,-1,11219,11345,11346,-1,11219,11346,11220,-1,11220,11346,11347,-1,11220,11347,11221,-1,11221,11347,11348,-1,11221,11348,11222,-1,11222,11348,11349,-1,11222,11349,11223,-1,11223,11349,11350,-1,11223,11350,11224,-1,11224,11350,11351,-1,11224,11351,11225,-1,11225,11351,11352,-1,11225,11352,11226,-1,11226,11352,11353,-1,11226,11353,11227,-1,11227,11353,11354,-1,11227,11354,11228,-1,11228,11354,11355,-1,11228,11355,11229,-1,11229,11355,11356,-1,11229,11356,11230,-1,11230,11356,11357,-1,11230,11357,11231,-1,11231,11357,11358,-1,11231,11358,11232,-1,11232,11358,11359,-1,11232,11359,11233,-1,11233,11359,11360,-1,11233,11360,11234,-1,11234,11360,11361,-1,11234,11361,11235,-1,11235,11361,11362,-1,11235,11362,11236,-1,11236,11362,11363,-1,11236,11363,11237,-1,11237,11363,11364,-1,11237,11364,11238,-1,11238,11364,11365,-1,11238,11365,11239,-1,11239,11365,11366,-1,11239,11366,11240,-1,11240,11366,11367,-1,11240,11367,11241,-1,11241,11367,11368,-1,11241,11368,11242,-1,11242,11368,11369,-1,11242,11369,11243,-1,11243,11369,11370,-1,11243,11370,11244,-1,11244,11370,11371,-1,11244,11371,11245,-1,11245,11371,11372,-1,11245,11372,11246,-1,11246,11372,11373,-1,11246,11373,11247,-1,11247,11373,11374,-1,11247,11374,11248,-1,11248,11374,11375,-1,11248,11375,11249,-1,11249,11375,11376,-1,11249,11376,11250,-1,11250,11376,11377,-1,11250,11377,11251,-1,11251,11377,11378,-1,11251,11378,11252,-1,11252,11378,11379,-1,11252,11379,11253,-1,11253,11379,11380,-1,11253,11380,11254,-1,11254,11380,11381,-1,11254,11381,11255,-1,11255,11381,11382,-1,11255,11382,11256,-1,11256,11382,11383,-1,11256,11383,11257,-1,11257,11383,11384,-1,11257,11384,11258,-1,11258,11384,11385,-1,11258,11385,11259,-1,11259,11385,11386,-1,11259,11386,11260,-1,11260,11386,11387,-1,11260,11387,11261,-1,11261,11387,11388,-1,11261,11388,11262,-1,11262,11388,11389,-1,11262,11389,11263,-1,11263,11389,11390,-1,11263,11390,11264,-1,11264,11390,11391,-1,11264,11391,11265,-1,11265,11391,11392,-1,11265,11392,11266,-1,11266,11392,11393,-1,11266,11393,11267,-1,11267,11393,11394,-1,11267,11394,11268,-1,11268,11394,11395,-1,11268,11395,11269,-1,11269,11395,11396,-1,11269,11396,11270,-1,11270,11396,11397,-1,11270,11397,11271,-1,11271,11397,11398,-1,11271,11398,11272,-1,11272,11398,11399,-1,11272,11399,11273,-1,11273,11399,11400,-1,11273,11400,11274,-1,11274,11400,11401,-1,11274,11401,11275,-1,11275,11401,11402,-1,11275,11402,69,-1,69,11402,71,-1,18,17,11276,-1,11276,17,11403,-1,11276,11403,11277,-1,11277,11403,11404,-1,11277,11404,11278,-1,11278,11404,11405,-1,11278,11405,11279,-1,11279,11405,11406,-1,11279,11406,11280,-1,11280,11406,11407,-1,11280,11407,11281,-1,11281,11407,11408,-1,11281,11408,11282,-1,11282,11408,11409,-1,11282,11409,11283,-1,11283,11409,11410,-1,11283,11410,11284,-1,11284,11410,11411,-1,11284,11411,11285,-1,11285,11411,11412,-1,11285,11412,11286,-1,11286,11412,11413,-1,11286,11413,11287,-1,11287,11413,11414,-1,11287,11414,11288,-1,11288,11414,11415,-1,11288,11415,11289,-1,11289,11415,11416,-1,11289,11416,11290,-1,11290,11416,11417,-1,11290,11417,11291,-1,11291,11417,11418,-1,11291,11418,11292,-1,11292,11418,11419,-1,11292,11419,11293,-1,11293,11419,11420,-1,11293,11420,11294,-1,11294,11420,11421,-1,11294,11421,11295,-1,11295,11421,11422,-1,11295,11422,11296,-1,11296,11422,11423,-1,11296,11423,11297,-1,11297,11423,11424,-1,11297,11424,11298,-1,11298,11424,11425,-1,11298,11425,11299,-1,11299,11425,11426,-1,11299,11426,11300,-1,11300,11426,11427,-1,11300,11427,11301,-1,11301,11427,11428,-1,11301,11428,11302,-1,11302,11428,11429,-1,11302,11429,11303,-1,11303,11429,11430,-1,11303,11430,11304,-1,11304,11430,11431,-1,11304,11431,11305,-1,11305,11431,11432,-1,11305,11432,11306,-1,11306,11432,11433,-1,11306,11433,11307,-1,11307,11433,11434,-1,11307,11434,11308,-1,11308,11434,11435,-1,11308,11435,11309,-1,11309,11435,11436,-1,11309,11436,11310,-1,11310,11436,11437,-1,11310,11437,11311,-1,11311,11437,11438,-1,11311,11438,11312,-1,11312,11438,11439,-1,11312,11439,11313,-1,11313,11439,11440,-1,11313,11440,11314,-1,11314,11440,11441,-1,11314,11441,11315,-1,11315,11441,11442,-1,11315,11442,11316,-1,11316,11442,11443,-1,11316,11443,11317,-1,11317,11443,11444,-1,11317,11444,11318,-1,11318,11444,11445,-1,11318,11445,11319,-1,11319,11445,11446,-1,11319,11446,11320,-1,11320,11446,11447,-1,11320,11447,11321,-1,11321,11447,11448,-1,11321,11448,11322,-1,11322,11448,11449,-1,11322,11449,11323,-1,11323,11449,11450,-1,11323,11450,11324,-1,11324,11450,11451,-1,11324,11451,11325,-1,11325,11451,11452,-1,11325,11452,11326,-1,11326,11452,11453,-1,11326,11453,11327,-1,11327,11453,11454,-1,11327,11454,11328,-1,11328,11454,11455,-1,11328,11455,11329,-1,11329,11455,11456,-1,11329,11456,11330,-1,11330,11456,11457,-1,11330,11457,11331,-1,11331,11457,11458,-1,11331,11458,11332,-1,11332,11458,11459,-1,11332,11459,11333,-1,11333,11459,11460,-1,11333,11460,11334,-1,11334,11460,11461,-1,11334,11461,11335,-1,11335,11461,11462,-1,11335,11462,11336,-1,11336,11462,11463,-1,11336,11463,11337,-1,11337,11463,11464,-1,11337,11464,11338,-1,11338,11464,11465,-1,11338,11465,11339,-1,11339,11465,11466,-1,11339,11466,11340,-1,11340,11466,11467,-1,11340,11467,11341,-1,11341,11467,11468,-1,11341,11468,11342,-1,11342,11468,11469,-1,11342,11469,11343,-1,11343,11469,11470,-1,11343,11470,11344,-1,11344,11470,11471,-1,11344,11471,11345,-1,11345,11471,11472,-1,11345,11472,11346,-1,11346,11472,11473,-1,11346,11473,11347,-1,11347,11473,11474,-1,11347,11474,11348,-1,11348,11474,11475,-1,11348,11475,11349,-1,11349,11475,11476,-1,11349,11476,11350,-1,11350,11476,11477,-1,11350,11477,11351,-1,11351,11477,11478,-1,11351,11478,11352,-1,11352,11478,11479,-1,11352,11479,11353,-1,11353,11479,11480,-1,11353,11480,11354,-1,11354,11480,11481,-1,11354,11481,11355,-1,11355,11481,11482,-1,11355,11482,11356,-1,11356,11482,11483,-1,11356,11483,11357,-1,11357,11483,11484,-1,11357,11484,11358,-1,11358,11484,11485,-1,11358,11485,11359,-1,11359,11485,11486,-1,11359,11486,11360,-1,11360,11486,11487,-1,11360,11487,11361,-1,11361,11487,11488,-1,11361,11488,11362,-1,11362,11488,11489,-1,11362,11489,11363,-1,11363,11489,11490,-1,11363,11490,11364,-1,11364,11490,11491,-1,11364,11491,11365,-1,11365,11491,11492,-1,11365,11492,11366,-1,11366,11492,11493,-1,11366,11493,11367,-1,11367,11493,11494,-1,11367,11494,11368,-1,11368,11494,11495,-1,11368,11495,11369,-1,11369,11495,11496,-1,11369,11496,11370,-1,11370,11496,11497,-1,11370,11497,11371,-1,11371,11497,11498,-1,11371,11498,11372,-1,11372,11498,11499,-1,11372,11499,11373,-1,11373,11499,11500,-1,11373,11500,11374,-1,11374,11500,11501,-1,11374,11501,11375,-1,11375,11501,11502,-1,11375,11502,11376,-1,11376,11502,11503,-1,11376,11503,11377,-1,11377,11503,11504,-1,11377,11504,11378,-1,11378,11504,11505,-1,11378,11505,11379,-1,11379,11505,11506,-1,11379,11506,11380,-1,11380,11506,11507,-1,11380,11507,11381,-1,11381,11507,11508,-1,11381,11508,11382,-1,11382,11508,11509,-1,11382,11509,11383,-1,11383,11509,11510,-1,11383,11510,11384,-1,11384,11510,11511,-1,11384,11511,11385,-1,11385,11511,11512,-1,11385,11512,11386,-1,11386,11512,11513,-1,11386,11513,11387,-1,11387,11513,11514,-1,11387,11514,11388,-1,11388,11514,11515,-1,11388,11515,11389,-1,11389,11515,11516,-1,11389,11516,11390,-1,11390,11516,11517,-1,11390,11517,11391,-1,11391,11517,11518,-1,11391,11518,11392,-1,11392,11518,11519,-1,11392,11519,11393,-1,11393,11519,11520,-1,11393,11520,11394,-1,11394,11520,11521,-1,11394,11521,11395,-1,11395,11521,11522,-1,11395,11522,11396,-1,11396,11522,11523,-1,11396,11523,11397,-1,11397,11523,11524,-1,11397,11524,11398,-1,11398,11524,11525,-1,11398,11525,11399,-1,11399,11525,11526,-1,11399,11526,11400,-1,11400,11526,11527,-1,11400,11527,11401,-1,11401,11527,11528,-1,11401,11528,11402,-1,11402,11528,11529,-1,11402,11529,71,-1,71,11529,73,-1,17,22,11403,-1,11403,22,11530,-1,11403,11530,11404,-1,11404,11530,11531,-1,11404,11531,11405,-1,11405,11531,11532,-1,11405,11532,11406,-1,11406,11532,11533,-1,11406,11533,11407,-1,11407,11533,11534,-1,11407,11534,11408,-1,11408,11534,11535,-1,11408,11535,11409,-1,11409,11535,11536,-1,11409,11536,11410,-1,11410,11536,11537,-1,11410,11537,11411,-1,11411,11537,11538,-1,11411,11538,11412,-1,11412,11538,11539,-1,11412,11539,11413,-1,11413,11539,11540,-1,11413,11540,11414,-1,11414,11540,11541,-1,11414,11541,11415,-1,11415,11541,11542,-1,11415,11542,11416,-1,11416,11542,11543,-1,11416,11543,11417,-1,11417,11543,11544,-1,11417,11544,11418,-1,11418,11544,11545,-1,11418,11545,11419,-1,11419,11545,11546,-1,11419,11546,11420,-1,11420,11546,11547,-1,11420,11547,11421,-1,11421,11547,11548,-1,11421,11548,11422,-1,11422,11548,11549,-1,11422,11549,11423,-1,11423,11549,11550,-1,11423,11550,11424,-1,11424,11550,11551,-1,11424,11551,11425,-1,11425,11551,11552,-1,11425,11552,11426,-1,11426,11552,11553,-1,11426,11553,11427,-1,11427,11553,11554,-1,11427,11554,11428,-1,11428,11554,11555,-1,11428,11555,11429,-1,11429,11555,11556,-1,11429,11556,11430,-1,11430,11556,11557,-1,11430,11557,11431,-1,11431,11557,11558,-1,11431,11558,11432,-1,11432,11558,11559,-1,11432,11559,11433,-1,11433,11559,11560,-1,11433,11560,11434,-1,11434,11560,11561,-1,11434,11561,11435,-1,11435,11561,11562,-1,11435,11562,11436,-1,11436,11562,11563,-1,11436,11563,11437,-1,11437,11563,11564,-1,11437,11564,11438,-1,11438,11564,11565,-1,11438,11565,11439,-1,11439,11565,11566,-1,11439,11566,11440,-1,11440,11566,11567,-1,11440,11567,11441,-1,11441,11567,11568,-1,11441,11568,11442,-1,11442,11568,11569,-1,11442,11569,11443,-1,11443,11569,11570,-1,11443,11570,11444,-1,11444,11570,11571,-1,11444,11571,11445,-1,11445,11571,11572,-1,11445,11572,11446,-1,11446,11572,11573,-1,11446,11573,11447,-1,11447,11573,11574,-1,11447,11574,11448,-1,11448,11574,11575,-1,11448,11575,11449,-1,11449,11575,11576,-1,11449,11576,11450,-1,11450,11576,11577,-1,11450,11577,11451,-1,11451,11577,11578,-1,11451,11578,11452,-1,11452,11578,11579,-1,11452,11579,11453,-1,11453,11579,11580,-1,11453,11580,11454,-1,11454,11580,11581,-1,11454,11581,11455,-1,11455,11581,11582,-1,11455,11582,11456,-1,11456,11582,11583,-1,11456,11583,11457,-1,11457,11583,11584,-1,11457,11584,11458,-1,11458,11584,11585,-1,11458,11585,11459,-1,11459,11585,11586,-1,11459,11586,11460,-1,11460,11586,11587,-1,11460,11587,11461,-1,11461,11587,11588,-1,11461,11588,11462,-1,11462,11588,11589,-1,11462,11589,11463,-1,11463,11589,11590,-1,11463,11590,11464,-1,11464,11590,11591,-1,11464,11591,11465,-1,11465,11591,11592,-1,11465,11592,11466,-1,11466,11592,11593,-1,11466,11593,11467,-1,11467,11593,11594,-1,11467,11594,11468,-1,11468,11594,11595,-1,11468,11595,11469,-1,11469,11595,11596,-1,11469,11596,11470,-1,11470,11596,11597,-1,11470,11597,11471,-1,11471,11597,11598,-1,11471,11598,11472,-1,11472,11598,11599,-1,11472,11599,11473,-1,11473,11599,11600,-1,11473,11600,11474,-1,11474,11600,11601,-1,11474,11601,11475,-1,11475,11601,11602,-1,11475,11602,11476,-1,11476,11602,11603,-1,11476,11603,11477,-1,11477,11603,11604,-1,11477,11604,11478,-1,11478,11604,11605,-1,11478,11605,11479,-1,11479,11605,11606,-1,11479,11606,11480,-1,11480,11606,11607,-1,11480,11607,11481,-1,11481,11607,11608,-1,11481,11608,11482,-1,11482,11608,11609,-1,11482,11609,11483,-1,11483,11609,11610,-1,11483,11610,11484,-1,11484,11610,11611,-1,11484,11611,11485,-1,11485,11611,11612,-1,11485,11612,11486,-1,11486,11612,11613,-1,11486,11613,11487,-1,11487,11613,11614,-1,11487,11614,11488,-1,11488,11614,11615,-1,11488,11615,11489,-1,11489,11615,11616,-1,11489,11616,11490,-1,11490,11616,11617,-1,11490,11617,11491,-1,11491,11617,11618,-1,11491,11618,11492,-1,11492,11618,11619,-1,11492,11619,11493,-1,11493,11619,11620,-1,11493,11620,11494,-1,11494,11620,11621,-1,11494,11621,11495,-1,11495,11621,11622,-1,11495,11622,11496,-1,11496,11622,11623,-1,11496,11623,11497,-1,11497,11623,11624,-1,11497,11624,11498,-1,11498,11624,11625,-1,11498,11625,11499,-1,11499,11625,11626,-1,11499,11626,11500,-1,11500,11626,11627,-1,11500,11627,11501,-1,11501,11627,11628,-1,11501,11628,11502,-1,11502,11628,11629,-1,11502,11629,11503,-1,11503,11629,11630,-1,11503,11630,11504,-1,11504,11630,11631,-1,11504,11631,11505,-1,11505,11631,11632,-1,11505,11632,11506,-1,11506,11632,11633,-1,11506,11633,11507,-1,11507,11633,11634,-1,11507,11634,11508,-1,11508,11634,11635,-1,11508,11635,11509,-1,11509,11635,11636,-1,11509,11636,11510,-1,11510,11636,11637,-1,11510,11637,11511,-1,11511,11637,11638,-1,11511,11638,11512,-1,11512,11638,11639,-1,11512,11639,11513,-1,11513,11639,11640,-1,11513,11640,11514,-1,11514,11640,11641,-1,11514,11641,11515,-1,11515,11641,11642,-1,11515,11642,11516,-1,11516,11642,11643,-1,11516,11643,11517,-1,11517,11643,11644,-1,11517,11644,11518,-1,11518,11644,11645,-1,11518,11645,11519,-1,11519,11645,11646,-1,11519,11646,11520,-1,11520,11646,11647,-1,11520,11647,11521,-1,11521,11647,11648,-1,11521,11648,11522,-1,11522,11648,11649,-1,11522,11649,11523,-1,11523,11649,11650,-1,11523,11650,11524,-1,11524,11650,11651,-1,11524,11651,11525,-1,11525,11651,11652,-1,11525,11652,11526,-1,11526,11652,11653,-1,11526,11653,11527,-1,11527,11653,11654,-1,11527,11654,11528,-1,11528,11654,11655,-1,11528,11655,11529,-1,11529,11655,11656,-1,11529,11656,73,-1,73,11656,75,-1,22,21,11530,-1,11530,21,11657,-1,11530,11657,11531,-1,11531,11657,11658,-1,11531,11658,11532,-1,11532,11658,11659,-1,11532,11659,11533,-1,11533,11659,11660,-1,11533,11660,11534,-1,11534,11660,11661,-1,11534,11661,11535,-1,11535,11661,11662,-1,11535,11662,11536,-1,11536,11662,11663,-1,11536,11663,11537,-1,11537,11663,11664,-1,11537,11664,11538,-1,11538,11664,11665,-1,11538,11665,11539,-1,11539,11665,11666,-1,11539,11666,11540,-1,11540,11666,11667,-1,11540,11667,11541,-1,11541,11667,11668,-1,11541,11668,11542,-1,11542,11668,11669,-1,11542,11669,11543,-1,11543,11669,11670,-1,11543,11670,11544,-1,11544,11670,11671,-1,11544,11671,11545,-1,11545,11671,11672,-1,11545,11672,11546,-1,11546,11672,11673,-1,11546,11673,11547,-1,11547,11673,11674,-1,11547,11674,11548,-1,11548,11674,11675,-1,11548,11675,11549,-1,11549,11675,11676,-1,11549,11676,11550,-1,11550,11676,11677,-1,11550,11677,11551,-1,11551,11677,11678,-1,11551,11678,11552,-1,11552,11678,11679,-1,11552,11679,11553,-1,11553,11679,11680,-1,11553,11680,11554,-1,11554,11680,11681,-1,11554,11681,11555,-1,11555,11681,11682,-1,11555,11682,11556,-1,11556,11682,11683,-1,11556,11683,11557,-1,11557,11683,11684,-1,11557,11684,11558,-1,11558,11684,11685,-1,11558,11685,11559,-1,11559,11685,11686,-1,11559,11686,11560,-1,11560,11686,11687,-1,11560,11687,11561,-1,11561,11687,11688,-1,11561,11688,11562,-1,11562,11688,11689,-1,11562,11689,11563,-1,11563,11689,11690,-1,11563,11690,11564,-1,11564,11690,11691,-1,11564,11691,11565,-1,11565,11691,11692,-1,11565,11692,11566,-1,11566,11692,11693,-1,11566,11693,11567,-1,11567,11693,11694,-1,11567,11694,11568,-1,11568,11694,11695,-1,11568,11695,11569,-1,11569,11695,11696,-1,11569,11696,11570,-1,11570,11696,11697,-1,11570,11697,11571,-1,11571,11697,11698,-1,11571,11698,11572,-1,11572,11698,11699,-1,11572,11699,11573,-1,11573,11699,11700,-1,11573,11700,11574,-1,11574,11700,11701,-1,11574,11701,11575,-1,11575,11701,11702,-1,11575,11702,11576,-1,11576,11702,11703,-1,11576,11703,11577,-1,11577,11703,11704,-1,11577,11704,11578,-1,11578,11704,11705,-1,11578,11705,11579,-1,11579,11705,11706,-1,11579,11706,11580,-1,11580,11706,11707,-1,11580,11707,11581,-1,11581,11707,11708,-1,11581,11708,11582,-1,11582,11708,11709,-1,11582,11709,11583,-1,11583,11709,11710,-1,11583,11710,11584,-1,11584,11710,11711,-1,11584,11711,11585,-1,11585,11711,11712,-1,11585,11712,11586,-1,11586,11712,11713,-1,11586,11713,11587,-1,11587,11713,11714,-1,11587,11714,11588,-1,11588,11714,11715,-1,11588,11715,11589,-1,11589,11715,11716,-1,11589,11716,11590,-1,11590,11716,11717,-1,11590,11717,11591,-1,11591,11717,11718,-1,11591,11718,11592,-1,11592,11718,11719,-1,11592,11719,11593,-1,11593,11719,11720,-1,11593,11720,11594,-1,11594,11720,11721,-1,11594,11721,11595,-1,11595,11721,11722,-1,11595,11722,11596,-1,11596,11722,11723,-1,11596,11723,11597,-1,11597,11723,11724,-1,11597,11724,11598,-1,11598,11724,11725,-1,11598,11725,11599,-1,11599,11725,11726,-1,11599,11726,11600,-1,11600,11726,11727,-1,11600,11727,11601,-1,11601,11727,11728,-1,11601,11728,11602,-1,11602,11728,11729,-1,11602,11729,11603,-1,11603,11729,11730,-1,11603,11730,11604,-1,11604,11730,11731,-1,11604,11731,11605,-1,11605,11731,11732,-1,11605,11732,11606,-1,11606,11732,11733,-1,11606,11733,11607,-1,11607,11733,11734,-1,11607,11734,11608,-1,11608,11734,11735,-1,11608,11735,11609,-1,11609,11735,11736,-1,11609,11736,11610,-1,11610,11736,11737,-1,11610,11737,11611,-1,11611,11737,11738,-1,11611,11738,11612,-1,11612,11738,11739,-1,11612,11739,11613,-1,11613,11739,11740,-1,11613,11740,11614,-1,11614,11740,11741,-1,11614,11741,11615,-1,11615,11741,11742,-1,11615,11742,11616,-1,11616,11742,11743,-1,11616,11743,11617,-1,11617,11743,11744,-1,11617,11744,11618,-1,11618,11744,11745,-1,11618,11745,11619,-1,11619,11745,11746,-1,11619,11746,11620,-1,11620,11746,11747,-1,11620,11747,11621,-1,11621,11747,11748,-1,11621,11748,11622,-1,11622,11748,11749,-1,11622,11749,11623,-1,11623,11749,11750,-1,11623,11750,11624,-1,11624,11750,11751,-1,11624,11751,11625,-1,11625,11751,11752,-1,11625,11752,11626,-1,11626,11752,11753,-1,11626,11753,11627,-1,11627,11753,11754,-1,11627,11754,11628,-1,11628,11754,11755,-1,11628,11755,11629,-1,11629,11755,11756,-1,11629,11756,11630,-1,11630,11756,11757,-1,11630,11757,11631,-1,11631,11757,11758,-1,11631,11758,11632,-1,11632,11758,11759,-1,11632,11759,11633,-1,11633,11759,11760,-1,11633,11760,11634,-1,11634,11760,11761,-1,11634,11761,11635,-1,11635,11761,11762,-1,11635,11762,11636,-1,11636,11762,11763,-1,11636,11763,11637,-1,11637,11763,11764,-1,11637,11764,11638,-1,11638,11764,11765,-1,11638,11765,11639,-1,11639,11765,11766,-1,11639,11766,11640,-1,11640,11766,11767,-1,11640,11767,11641,-1,11641,11767,11768,-1,11641,11768,11642,-1,11642,11768,11769,-1,11642,11769,11643,-1,11643,11769,11770,-1,11643,11770,11644,-1,11644,11770,11771,-1,11644,11771,11645,-1,11645,11771,11772,-1,11645,11772,11646,-1,11646,11772,11773,-1,11646,11773,11647,-1,11647,11773,11774,-1,11647,11774,11648,-1,11648,11774,11775,-1,11648,11775,11649,-1,11649,11775,11776,-1,11649,11776,11650,-1,11650,11776,11777,-1,11650,11777,11651,-1,11651,11777,11778,-1,11651,11778,11652,-1,11652,11778,11779,-1,11652,11779,11653,-1,11653,11779,11780,-1,11653,11780,11654,-1,11654,11780,11781,-1,11654,11781,11655,-1,11655,11781,11782,-1,11655,11782,11656,-1,11656,11782,11783,-1,11656,11783,75,-1,75,11783,77,-1,21,20,11657,-1,11657,20,11784,-1,11657,11784,11658,-1,11658,11784,11785,-1,11658,11785,11659,-1,11659,11785,11786,-1,11659,11786,11660,-1,11660,11786,11787,-1,11660,11787,11661,-1,11661,11787,11788,-1,11661,11788,11662,-1,11662,11788,11789,-1,11662,11789,11663,-1,11663,11789,11790,-1,11663,11790,11664,-1,11664,11790,11791,-1,11664,11791,11665,-1,11665,11791,11792,-1,11665,11792,11666,-1,11666,11792,11793,-1,11666,11793,11667,-1,11667,11793,11794,-1,11667,11794,11668,-1,11668,11794,11795,-1,11668,11795,11669,-1,11669,11795,11796,-1,11669,11796,11670,-1,11670,11796,11797,-1,11670,11797,11671,-1,11671,11797,11798,-1,11671,11798,11672,-1,11672,11798,11799,-1,11672,11799,11673,-1,11673,11799,11800,-1,11673,11800,11674,-1,11674,11800,11801,-1,11674,11801,11675,-1,11675,11801,11802,-1,11675,11802,11676,-1,11676,11802,11803,-1,11676,11803,11677,-1,11677,11803,11804,-1,11677,11804,11678,-1,11678,11804,11805,-1,11678,11805,11679,-1,11679,11805,11806,-1,11679,11806,11680,-1,11680,11806,11807,-1,11680,11807,11681,-1,11681,11807,11808,-1,11681,11808,11682,-1,11682,11808,11809,-1,11682,11809,11683,-1,11683,11809,11810,-1,11683,11810,11684,-1,11684,11810,11811,-1,11684,11811,11685,-1,11685,11811,11812,-1,11685,11812,11686,-1,11686,11812,11813,-1,11686,11813,11687,-1,11687,11813,11814,-1,11687,11814,11688,-1,11688,11814,11815,-1,11688,11815,11689,-1,11689,11815,11816,-1,11689,11816,11690,-1,11690,11816,11817,-1,11690,11817,11691,-1,11691,11817,11818,-1,11691,11818,11692,-1,11692,11818,11819,-1,11692,11819,11693,-1,11693,11819,11820,-1,11693,11820,11694,-1,11694,11820,11821,-1,11694,11821,11695,-1,11695,11821,11822,-1,11695,11822,11696,-1,11696,11822,11823,-1,11696,11823,11697,-1,11697,11823,11824,-1,11697,11824,11698,-1,11698,11824,11825,-1,11698,11825,11699,-1,11699,11825,11826,-1,11699,11826,11700,-1,11700,11826,11827,-1,11700,11827,11701,-1,11701,11827,11828,-1,11701,11828,11702,-1,11702,11828,11829,-1,11702,11829,11703,-1,11703,11829,11830,-1,11703,11830,11704,-1,11704,11830,11831,-1,11704,11831,11705,-1,11705,11831,11832,-1,11705,11832,11706,-1,11706,11832,11833,-1,11706,11833,11707,-1,11707,11833,11834,-1,11707,11834,11708,-1,11708,11834,11835,-1,11708,11835,11709,-1,11709,11835,11836,-1,11709,11836,11710,-1,11710,11836,11837,-1,11710,11837,11711,-1,11711,11837,11838,-1,11711,11838,11712,-1,11712,11838,11839,-1,11712,11839,11713,-1,11713,11839,11840,-1,11713,11840,11714,-1,11714,11840,11841,-1,11714,11841,11715,-1,11715,11841,11842,-1,11715,11842,11716,-1,11716,11842,11843,-1,11716,11843,11717,-1,11717,11843,11844,-1,11717,11844,11718,-1,11718,11844,11845,-1,11718,11845,11719,-1,11719,11845,11846,-1,11719,11846,11720,-1,11720,11846,11847,-1,11720,11847,11721,-1,11721,11847,11848,-1,11721,11848,11722,-1,11722,11848,11849,-1,11722,11849,11723,-1,11723,11849,11850,-1,11723,11850,11724,-1,11724,11850,11851,-1,11724,11851,11725,-1,11725,11851,11852,-1,11725,11852,11726,-1,11726,11852,11853,-1,11726,11853,11727,-1,11727,11853,11854,-1,11727,11854,11728,-1,11728,11854,11855,-1,11728,11855,11729,-1,11729,11855,11856,-1,11729,11856,11730,-1,11730,11856,11857,-1,11730,11857,11731,-1,11731,11857,11858,-1,11731,11858,11732,-1,11732,11858,11859,-1,11732,11859,11733,-1,11733,11859,11860,-1,11733,11860,11734,-1,11734,11860,11861,-1,11734,11861,11735,-1,11735,11861,11862,-1,11735,11862,11736,-1,11736,11862,11863,-1,11736,11863,11737,-1,11737,11863,11864,-1,11737,11864,11738,-1,11738,11864,11865,-1,11738,11865,11739,-1,11739,11865,11866,-1,11739,11866,11740,-1,11740,11866,11867,-1,11740,11867,11741,-1,11741,11867,11868,-1,11741,11868,11742,-1,11742,11868,11869,-1,11742,11869,11743,-1,11743,11869,11870,-1,11743,11870,11744,-1,11744,11870,11871,-1,11744,11871,11745,-1,11745,11871,11872,-1,11745,11872,11746,-1,11746,11872,11873,-1,11746,11873,11747,-1,11747,11873,11874,-1,11747,11874,11748,-1,11748,11874,11875,-1,11748,11875,11749,-1,11749,11875,11876,-1,11749,11876,11750,-1,11750,11876,11877,-1,11750,11877,11751,-1,11751,11877,11878,-1,11751,11878,11752,-1,11752,11878,11879,-1,11752,11879,11753,-1,11753,11879,11880,-1,11753,11880,11754,-1,11754,11880,11881,-1,11754,11881,11755,-1,11755,11881,11882,-1,11755,11882,11756,-1,11756,11882,11883,-1,11756,11883,11757,-1,11757,11883,11884,-1,11757,11884,11758,-1,11758,11884,11885,-1,11758,11885,11759,-1,11759,11885,11886,-1,11759,11886,11760,-1,11760,11886,11887,-1,11760,11887,11761,-1,11761,11887,11888,-1,11761,11888,11762,-1,11762,11888,11889,-1,11762,11889,11763,-1,11763,11889,11890,-1,11763,11890,11764,-1,11764,11890,11891,-1,11764,11891,11765,-1,11765,11891,11892,-1,11765,11892,11766,-1,11766,11892,11893,-1,11766,11893,11767,-1,11767,11893,11894,-1,11767,11894,11768,-1,11768,11894,11895,-1,11768,11895,11769,-1,11769,11895,11896,-1,11769,11896,11770,-1,11770,11896,11897,-1,11770,11897,11771,-1,11771,11897,11898,-1,11771,11898,11772,-1,11772,11898,11899,-1,11772,11899,11773,-1,11773,11899,11900,-1,11773,11900,11774,-1,11774,11900,11901,-1,11774,11901,11775,-1,11775,11901,11902,-1,11775,11902,11776,-1,11776,11902,11903,-1,11776,11903,11777,-1,11777,11903,11904,-1,11777,11904,11778,-1,11778,11904,11905,-1,11778,11905,11779,-1,11779,11905,11906,-1,11779,11906,11780,-1,11780,11906,11907,-1,11780,11907,11781,-1,11781,11907,11908,-1,11781,11908,11782,-1,11782,11908,11909,-1,11782,11909,11783,-1,11783,11909,11910,-1,11783,11910,77,-1,77,11910,79,-1,20,25,11784,-1,11784,25,11911,-1,11784,11911,11785,-1,11785,11911,11912,-1,11785,11912,11786,-1,11786,11912,11913,-1,11786,11913,11787,-1,11787,11913,11914,-1,11787,11914,11788,-1,11788,11914,11915,-1,11788,11915,11789,-1,11789,11915,11916,-1,11789,11916,11790,-1,11790,11916,11917,-1,11790,11917,11791,-1,11791,11917,11918,-1,11791,11918,11792,-1,11792,11918,11919,-1,11792,11919,11793,-1,11793,11919,11920,-1,11793,11920,11794,-1,11794,11920,11921,-1,11794,11921,11795,-1,11795,11921,11922,-1,11795,11922,11796,-1,11796,11922,11923,-1,11796,11923,11797,-1,11797,11923,11924,-1,11797,11924,11798,-1,11798,11924,11925,-1,11798,11925,11799,-1,11799,11925,11926,-1,11799,11926,11800,-1,11800,11926,11927,-1,11800,11927,11801,-1,11801,11927,11928,-1,11801,11928,11802,-1,11802,11928,11929,-1,11802,11929,11803,-1,11803,11929,11930,-1,11803,11930,11804,-1,11804,11930,11931,-1,11804,11931,11805,-1,11805,11931,11932,-1,11805,11932,11806,-1,11806,11932,11933,-1,11806,11933,11807,-1,11807,11933,11934,-1,11807,11934,11808,-1,11808,11934,11935,-1,11808,11935,11809,-1,11809,11935,11936,-1,11809,11936,11810,-1,11810,11936,11937,-1,11810,11937,11811,-1,11811,11937,11938,-1,11811,11938,11812,-1,11812,11938,11939,-1,11812,11939,11813,-1,11813,11939,11940,-1,11813,11940,11814,-1,11814,11940,11941,-1,11814,11941,11815,-1,11815,11941,11942,-1,11815,11942,11816,-1,11816,11942,11943,-1,11816,11943,11817,-1,11817,11943,11944,-1,11817,11944,11818,-1,11818,11944,11945,-1,11818,11945,11819,-1,11819,11945,11946,-1,11819,11946,11820,-1,11820,11946,11947,-1,11820,11947,11821,-1,11821,11947,11948,-1,11821,11948,11822,-1,11822,11948,11949,-1,11822,11949,11823,-1,11823,11949,11950,-1,11823,11950,11824,-1,11824,11950,11951,-1,11824,11951,11825,-1,11825,11951,11952,-1,11825,11952,11826,-1,11826,11952,11953,-1,11826,11953,11827,-1,11827,11953,11954,-1,11827,11954,11828,-1,11828,11954,11955,-1,11828,11955,11829,-1,11829,11955,11956,-1,11829,11956,11830,-1,11830,11956,11957,-1,11830,11957,11831,-1,11831,11957,11958,-1,11831,11958,11832,-1,11832,11958,11959,-1,11832,11959,11833,-1,11833,11959,11960,-1,11833,11960,11834,-1,11834,11960,11961,-1,11834,11961,11835,-1,11835,11961,11962,-1,11835,11962,11836,-1,11836,11962,11963,-1,11836,11963,11837,-1,11837,11963,11964,-1,11837,11964,11838,-1,11838,11964,11965,-1,11838,11965,11839,-1,11839,11965,11966,-1,11839,11966,11840,-1,11840,11966,11967,-1,11840,11967,11841,-1,11841,11967,11968,-1,11841,11968,11842,-1,11842,11968,11969,-1,11842,11969,11843,-1,11843,11969,11970,-1,11843,11970,11844,-1,11844,11970,11971,-1,11844,11971,11845,-1,11845,11971,11972,-1,11845,11972,11846,-1,11846,11972,11973,-1,11846,11973,11847,-1,11847,11973,11974,-1,11847,11974,11848,-1,11848,11974,11975,-1,11848,11975,11849,-1,11849,11975,11976,-1,11849,11976,11850,-1,11850,11976,11977,-1,11850,11977,11851,-1,11851,11977,11978,-1,11851,11978,11852,-1,11852,11978,11979,-1,11852,11979,11853,-1,11853,11979,11980,-1,11853,11980,11854,-1,11854,11980,11981,-1,11854,11981,11855,-1,11855,11981,11982,-1,11855,11982,11856,-1,11856,11982,11983,-1,11856,11983,11857,-1,11857,11983,11984,-1,11857,11984,11858,-1,11858,11984,11985,-1,11858,11985,11859,-1,11859,11985,11986,-1,11859,11986,11860,-1,11860,11986,11987,-1,11860,11987,11861,-1,11861,11987,11988,-1,11861,11988,11862,-1,11862,11988,11989,-1,11862,11989,11863,-1,11863,11989,11990,-1,11863,11990,11864,-1,11864,11990,11991,-1,11864,11991,11865,-1,11865,11991,11992,-1,11865,11992,11866,-1,11866,11992,11993,-1,11866,11993,11867,-1,11867,11993,11994,-1,11867,11994,11868,-1,11868,11994,11995,-1,11868,11995,11869,-1,11869,11995,11996,-1,11869,11996,11870,-1,11870,11996,11997,-1,11870,11997,11871,-1,11871,11997,11998,-1,11871,11998,11872,-1,11872,11998,11999,-1,11872,11999,11873,-1,11873,11999,12000,-1,11873,12000,11874,-1,11874,12000,12001,-1,11874,12001,11875,-1,11875,12001,12002,-1,11875,12002,11876,-1,11876,12002,12003,-1,11876,12003,11877,-1,11877,12003,12004,-1,11877,12004,11878,-1,11878,12004,12005,-1,11878,12005,11879,-1,11879,12005,12006,-1,11879,12006,11880,-1,11880,12006,12007,-1,11880,12007,11881,-1,11881,12007,12008,-1,11881,12008,11882,-1,11882,12008,12009,-1,11882,12009,11883,-1,11883,12009,12010,-1,11883,12010,11884,-1,11884,12010,12011,-1,11884,12011,11885,-1,11885,12011,12012,-1,11885,12012,11886,-1,11886,12012,12013,-1,11886,12013,11887,-1,11887,12013,12014,-1,11887,12014,11888,-1,11888,12014,12015,-1,11888,12015,11889,-1,11889,12015,12016,-1,11889,12016,11890,-1,11890,12016,12017,-1,11890,12017,11891,-1,11891,12017,12018,-1,11891,12018,11892,-1,11892,12018,12019,-1,11892,12019,11893,-1,11893,12019,12020,-1,11893,12020,11894,-1,11894,12020,12021,-1,11894,12021,11895,-1,11895,12021,12022,-1,11895,12022,11896,-1,11896,12022,12023,-1,11896,12023,11897,-1,11897,12023,12024,-1,11897,12024,11898,-1,11898,12024,12025,-1,11898,12025,11899,-1,11899,12025,12026,-1,11899,12026,11900,-1,11900,12026,12027,-1,11900,12027,11901,-1,11901,12027,12028,-1,11901,12028,11902,-1,11902,12028,12029,-1,11902,12029,11903,-1,11903,12029,12030,-1,11903,12030,11904,-1,11904,12030,12031,-1,11904,12031,11905,-1,11905,12031,12032,-1,11905,12032,11906,-1,11906,12032,12033,-1,11906,12033,11907,-1,11907,12033,12034,-1,11907,12034,11908,-1,11908,12034,12035,-1,11908,12035,11909,-1,11909,12035,12036,-1,11909,12036,11910,-1,11910,12036,12037,-1,11910,12037,79,-1,79,12037,81,-1,25,24,11911,-1,11911,24,12038,-1,11911,12038,11912,-1,11912,12038,12039,-1,11912,12039,11913,-1,11913,12039,12040,-1,11913,12040,11914,-1,11914,12040,12041,-1,11914,12041,11915,-1,11915,12041,12042,-1,11915,12042,11916,-1,11916,12042,12043,-1,11916,12043,11917,-1,11917,12043,12044,-1,11917,12044,11918,-1,11918,12044,12045,-1,11918,12045,11919,-1,11919,12045,12046,-1,11919,12046,11920,-1,11920,12046,12047,-1,11920,12047,11921,-1,11921,12047,12048,-1,11921,12048,11922,-1,11922,12048,12049,-1,11922,12049,11923,-1,11923,12049,12050,-1,11923,12050,11924,-1,11924,12050,12051,-1,11924,12051,11925,-1,11925,12051,12052,-1,11925,12052,11926,-1,11926,12052,12053,-1,11926,12053,11927,-1,11927,12053,12054,-1,11927,12054,11928,-1,11928,12054,12055,-1,11928,12055,11929,-1,11929,12055,12056,-1,11929,12056,11930,-1,11930,12056,12057,-1,11930,12057,11931,-1,11931,12057,12058,-1,11931,12058,11932,-1,11932,12058,12059,-1,11932,12059,11933,-1,11933,12059,12060,-1,11933,12060,11934,-1,11934,12060,12061,-1,11934,12061,11935,-1,11935,12061,12062,-1,11935,12062,11936,-1,11936,12062,12063,-1,11936,12063,11937,-1,11937,12063,12064,-1,11937,12064,11938,-1,11938,12064,12065,-1,11938,12065,11939,-1,11939,12065,12066,-1,11939,12066,11940,-1,11940,12066,12067,-1,11940,12067,11941,-1,11941,12067,12068,-1,11941,12068,11942,-1,11942,12068,12069,-1,11942,12069,11943,-1,11943,12069,12070,-1,11943,12070,11944,-1,11944,12070,12071,-1,11944,12071,11945,-1,11945,12071,12072,-1,11945,12072,11946,-1,11946,12072,12073,-1,11946,12073,11947,-1,11947,12073,12074,-1,11947,12074,11948,-1,11948,12074,12075,-1,11948,12075,11949,-1,11949,12075,12076,-1,11949,12076,11950,-1,11950,12076,12077,-1,11950,12077,11951,-1,11951,12077,12078,-1,11951,12078,11952,-1,11952,12078,12079,-1,11952,12079,11953,-1,11953,12079,12080,-1,11953,12080,11954,-1,11954,12080,12081,-1,11954,12081,11955,-1,11955,12081,12082,-1,11955,12082,11956,-1,11956,12082,12083,-1,11956,12083,11957,-1,11957,12083,12084,-1,11957,12084,11958,-1,11958,12084,12085,-1,11958,12085,11959,-1,11959,12085,12086,-1,11959,12086,11960,-1,11960,12086,12087,-1,11960,12087,11961,-1,11961,12087,12088,-1,11961,12088,11962,-1,11962,12088,12089,-1,11962,12089,11963,-1,11963,12089,12090,-1,11963,12090,11964,-1,11964,12090,12091,-1,11964,12091,11965,-1,11965,12091,12092,-1,11965,12092,11966,-1,11966,12092,12093,-1,11966,12093,11967,-1,11967,12093,12094,-1,11967,12094,11968,-1,11968,12094,12095,-1,11968,12095,11969,-1,11969,12095,12096,-1,11969,12096,11970,-1,11970,12096,12097,-1,11970,12097,11971,-1,11971,12097,12098,-1,11971,12098,11972,-1,11972,12098,12099,-1,11972,12099,11973,-1,11973,12099,12100,-1,11973,12100,11974,-1,11974,12100,12101,-1,11974,12101,11975,-1,11975,12101,12102,-1,11975,12102,11976,-1,11976,12102,12103,-1,11976,12103,11977,-1,11977,12103,12104,-1,11977,12104,11978,-1,11978,12104,12105,-1,11978,12105,11979,-1,11979,12105,12106,-1,11979,12106,11980,-1,11980,12106,12107,-1,11980,12107,11981,-1,11981,12107,12108,-1,11981,12108,11982,-1,11982,12108,12109,-1,11982,12109,11983,-1,11983,12109,12110,-1,11983,12110,11984,-1,11984,12110,12111,-1,11984,12111,11985,-1,11985,12111,12112,-1,11985,12112,11986,-1,11986,12112,12113,-1,11986,12113,11987,-1,11987,12113,12114,-1,11987,12114,11988,-1,11988,12114,12115,-1,11988,12115,11989,-1,11989,12115,12116,-1,11989,12116,11990,-1,11990,12116,12117,-1,11990,12117,11991,-1,11991,12117,12118,-1,11991,12118,11992,-1,11992,12118,12119,-1,11992,12119,11993,-1,11993,12119,12120,-1,11993,12120,11994,-1,11994,12120,12121,-1,11994,12121,11995,-1,11995,12121,12122,-1,11995,12122,11996,-1,11996,12122,12123,-1,11996,12123,11997,-1,11997,12123,12124,-1,11997,12124,11998,-1,11998,12124,12125,-1,11998,12125,11999,-1,11999,12125,12126,-1,11999,12126,12000,-1,12000,12126,12127,-1,12000,12127,12001,-1,12001,12127,12128,-1,12001,12128,12002,-1,12002,12128,12129,-1,12002,12129,12003,-1,12003,12129,12130,-1,12003,12130,12004,-1,12004,12130,12131,-1,12004,12131,12005,-1,12005,12131,12132,-1,12005,12132,12006,-1,12006,12132,12133,-1,12006,12133,12007,-1,12007,12133,12134,-1,12007,12134,12008,-1,12008,12134,12135,-1,12008,12135,12009,-1,12009,12135,12136,-1,12009,12136,12010,-1,12010,12136,12137,-1,12010,12137,12011,-1,12011,12137,12138,-1,12011,12138,12012,-1,12012,12138,12139,-1,12012,12139,12013,-1,12013,12139,12140,-1,12013,12140,12014,-1,12014,12140,12141,-1,12014,12141,12015,-1,12015,12141,12142,-1,12015,12142,12016,-1,12016,12142,12143,-1,12016,12143,12017,-1,12017,12143,12144,-1,12017,12144,12018,-1,12018,12144,12145,-1,12018,12145,12019,-1,12019,12145,12146,-1,12019,12146,12020,-1,12020,12146,12147,-1,12020,12147,12021,-1,12021,12147,12148,-1,12021,12148,12022,-1,12022,12148,12149,-1,12022,12149,12023,-1,12023,12149,12150,-1,12023,12150,12024,-1,12024,12150,12151,-1,12024,12151,12025,-1,12025,12151,12152,-1,12025,12152,12026,-1,12026,12152,12153,-1,12026,12153,12027,-1,12027,12153,12154,-1,12027,12154,12028,-1,12028,12154,12155,-1,12028,12155,12029,-1,12029,12155,12156,-1,12029,12156,12030,-1,12030,12156,12157,-1,12030,12157,12031,-1,12031,12157,12158,-1,12031,12158,12032,-1,12032,12158,12159,-1,12032,12159,12033,-1,12033,12159,12160,-1,12033,12160,12034,-1,12034,12160,12161,-1,12034,12161,12035,-1,12035,12161,12162,-1,12035,12162,12036,-1,12036,12162,12163,-1,12036,12163,12037,-1,12037,12163,12164,-1,12037,12164,81,-1,81,12164,83,-1,24,23,12038,-1,12038,23,12165,-1,12038,12165,12039,-1,12039,12165,12166,-1,12039,12166,12040,-1,12040,12166,12167,-1,12040,12167,12041,-1,12041,12167,12168,-1,12041,12168,12042,-1,12042,12168,12169,-1,12042,12169,12043,-1,12043,12169,12170,-1,12043,12170,12044,-1,12044,12170,12171,-1,12044,12171,12045,-1,12045,12171,12172,-1,12045,12172,12046,-1,12046,12172,12173,-1,12046,12173,12047,-1,12047,12173,12174,-1,12047,12174,12048,-1,12048,12174,12175,-1,12048,12175,12049,-1,12049,12175,12176,-1,12049,12176,12050,-1,12050,12176,12177,-1,12050,12177,12051,-1,12051,12177,12178,-1,12051,12178,12052,-1,12052,12178,12179,-1,12052,12179,12053,-1,12053,12179,12180,-1,12053,12180,12054,-1,12054,12180,12181,-1,12054,12181,12055,-1,12055,12181,12182,-1,12055,12182,12056,-1,12056,12182,12183,-1,12056,12183,12057,-1,12057,12183,12184,-1,12057,12184,12058,-1,12058,12184,12185,-1,12058,12185,12059,-1,12059,12185,12186,-1,12059,12186,12060,-1,12060,12186,12187,-1,12060,12187,12061,-1,12061,12187,12188,-1,12061,12188,12062,-1,12062,12188,12189,-1,12062,12189,12063,-1,12063,12189,12190,-1,12063,12190,12064,-1,12064,12190,12191,-1,12064,12191,12065,-1,12065,12191,12192,-1,12065,12192,12066,-1,12066,12192,12193,-1,12066,12193,12067,-1,12067,12193,12194,-1,12067,12194,12068,-1,12068,12194,12195,-1,12068,12195,12069,-1,12069,12195,12196,-1,12069,12196,12070,-1,12070,12196,12197,-1,12070,12197,12071,-1,12071,12197,12198,-1,12071,12198,12072,-1,12072,12198,12199,-1,12072,12199,12073,-1,12073,12199,12200,-1,12073,12200,12074,-1,12074,12200,12201,-1,12074,12201,12075,-1,12075,12201,12202,-1,12075,12202,12076,-1,12076,12202,12203,-1,12076,12203,12077,-1,12077,12203,12204,-1,12077,12204,12078,-1,12078,12204,12205,-1,12078,12205,12079,-1,12079,12205,12206,-1,12079,12206,12080,-1,12080,12206,12207,-1,12080,12207,12081,-1,12081,12207,12208,-1,12081,12208,12082,-1,12082,12208,12209,-1,12082,12209,12083,-1,12083,12209,12210,-1,12083,12210,12084,-1,12084,12210,12211,-1,12084,12211,12085,-1,12085,12211,12212,-1,12085,12212,12086,-1,12086,12212,12213,-1,12086,12213,12087,-1,12087,12213,12214,-1,12087,12214,12088,-1,12088,12214,12215,-1,12088,12215,12089,-1,12089,12215,12216,-1,12089,12216,12090,-1,12090,12216,12217,-1,12090,12217,12091,-1,12091,12217,12218,-1,12091,12218,12092,-1,12092,12218,12219,-1,12092,12219,12093,-1,12093,12219,12220,-1,12093,12220,12094,-1,12094,12220,12221,-1,12094,12221,12095,-1,12095,12221,12222,-1,12095,12222,12096,-1,12096,12222,12223,-1,12096,12223,12097,-1,12097,12223,12224,-1,12097,12224,12098,-1,12098,12224,12225,-1,12098,12225,12099,-1,12099,12225,12226,-1,12099,12226,12100,-1,12100,12226,12227,-1,12100,12227,12101,-1,12101,12227,12228,-1,12101,12228,12102,-1,12102,12228,12229,-1,12102,12229,12103,-1,12103,12229,12230,-1,12103,12230,12104,-1,12104,12230,12231,-1,12104,12231,12105,-1,12105,12231,12232,-1,12105,12232,12106,-1,12106,12232,12233,-1,12106,12233,12107,-1,12107,12233,12234,-1,12107,12234,12108,-1,12108,12234,12235,-1,12108,12235,12109,-1,12109,12235,12236,-1,12109,12236,12110,-1,12110,12236,12237,-1,12110,12237,12111,-1,12111,12237,12238,-1,12111,12238,12112,-1,12112,12238,12239,-1,12112,12239,12113,-1,12113,12239,12240,-1,12113,12240,12114,-1,12114,12240,12241,-1,12114,12241,12115,-1,12115,12241,12242,-1,12115,12242,12116,-1,12116,12242,12243,-1,12116,12243,12117,-1,12117,12243,12244,-1,12117,12244,12118,-1,12118,12244,12245,-1,12118,12245,12119,-1,12119,12245,12246,-1,12119,12246,12120,-1,12120,12246,12247,-1,12120,12247,12121,-1,12121,12247,12248,-1,12121,12248,12122,-1,12122,12248,12249,-1,12122,12249,12123,-1,12123,12249,12250,-1,12123,12250,12124,-1,12124,12250,12251,-1,12124,12251,12125,-1,12125,12251,12252,-1,12125,12252,12126,-1,12126,12252,12253,-1,12126,12253,12127,-1,12127,12253,12254,-1,12127,12254,12128,-1,12128,12254,12255,-1,12128,12255,12129,-1,12129,12255,12256,-1,12129,12256,12130,-1,12130,12256,12257,-1,12130,12257,12131,-1,12131,12257,12258,-1,12131,12258,12132,-1,12132,12258,12259,-1,12132,12259,12133,-1,12133,12259,12260,-1,12133,12260,12134,-1,12134,12260,12261,-1,12134,12261,12135,-1,12135,12261,12262,-1,12135,12262,12136,-1,12136,12262,12263,-1,12136,12263,12137,-1,12137,12263,12264,-1,12137,12264,12138,-1,12138,12264,12265,-1,12138,12265,12139,-1,12139,12265,12266,-1,12139,12266,12140,-1,12140,12266,12267,-1,12140,12267,12141,-1,12141,12267,12268,-1,12141,12268,12142,-1,12142,12268,12269,-1,12142,12269,12143,-1,12143,12269,12270,-1,12143,12270,12144,-1,12144,12270,12271,-1,12144,12271,12145,-1,12145,12271,12272,-1,12145,12272,12146,-1,12146,12272,12273,-1,12146,12273,12147,-1,12147,12273,12274,-1,12147,12274,12148,-1,12148,12274,12275,-1,12148,12275,12149,-1,12149,12275,12276,-1,12149,12276,12150,-1,12150,12276,12277,-1,12150,12277,12151,-1,12151,12277,12278,-1,12151,12278,12152,-1,12152,12278,12279,-1,12152,12279,12153,-1,12153,12279,12280,-1,12153,12280,12154,-1,12154,12280,12281,-1,12154,12281,12155,-1,12155,12281,12282,-1,12155,12282,12156,-1,12156,12282,12283,-1,12156,12283,12157,-1,12157,12283,12284,-1,12157,12284,12158,-1,12158,12284,12285,-1,12158,12285,12159,-1,12159,12285,12286,-1,12159,12286,12160,-1,12160,12286,12287,-1,12160,12287,12161,-1,12161,12287,12288,-1,12161,12288,12162,-1,12162,12288,12289,-1,12162,12289,12163,-1,12163,12289,12290,-1,12163,12290,12164,-1,12164,12290,12291,-1,12164,12291,83,-1,83,12291,85,-1,23,27,12165,-1,12165,27,12292,-1,12165,12292,12166,-1,12166,12292,12293,-1,12166,12293,12167,-1,12167,12293,12294,-1,12167,12294,12168,-1,12168,12294,12295,-1,12168,12295,12169,-1,12169,12295,12296,-1,12169,12296,12170,-1,12170,12296,12297,-1,12170,12297,12171,-1,12171,12297,12298,-1,12171,12298,12172,-1,12172,12298,12299,-1,12172,12299,12173,-1,12173,12299,12300,-1,12173,12300,12174,-1,12174,12300,12301,-1,12174,12301,12175,-1,12175,12301,12302,-1,12175,12302,12176,-1,12176,12302,12303,-1,12176,12303,12177,-1,12177,12303,12304,-1,12177,12304,12178,-1,12178,12304,12305,-1,12178,12305,12179,-1,12179,12305,12306,-1,12179,12306,12180,-1,12180,12306,12307,-1,12180,12307,12181,-1,12181,12307,12308,-1,12181,12308,12182,-1,12182,12308,12309,-1,12182,12309,12183,-1,12183,12309,12310,-1,12183,12310,12184,-1,12184,12310,12311,-1,12184,12311,12185,-1,12185,12311,12312,-1,12185,12312,12186,-1,12186,12312,12313,-1,12186,12313,12187,-1,12187,12313,12314,-1,12187,12314,12188,-1,12188,12314,12315,-1,12188,12315,12189,-1,12189,12315,12316,-1,12189,12316,12190,-1,12190,12316,12317,-1,12190,12317,12191,-1,12191,12317,12318,-1,12191,12318,12192,-1,12192,12318,12319,-1,12192,12319,12193,-1,12193,12319,12320,-1,12193,12320,12194,-1,12194,12320,12321,-1,12194,12321,12195,-1,12195,12321,12322,-1,12195,12322,12196,-1,12196,12322,12323,-1,12196,12323,12197,-1,12197,12323,12324,-1,12197,12324,12198,-1,12198,12324,12325,-1,12198,12325,12199,-1,12199,12325,12326,-1,12199,12326,12200,-1,12200,12326,12327,-1,12200,12327,12201,-1,12201,12327,12328,-1,12201,12328,12202,-1,12202,12328,12329,-1,12202,12329,12203,-1,12203,12329,12330,-1,12203,12330,12204,-1,12204,12330,12331,-1,12204,12331,12205,-1,12205,12331,12332,-1,12205,12332,12206,-1,12206,12332,12333,-1,12206,12333,12207,-1,12207,12333,12334,-1,12207,12334,12208,-1,12208,12334,12335,-1,12208,12335,12209,-1,12209,12335,12336,-1,12209,12336,12210,-1,12210,12336,12337,-1,12210,12337,12211,-1,12211,12337,12338,-1,12211,12338,12212,-1,12212,12338,12339,-1,12212,12339,12213,-1,12213,12339,12340,-1,12213,12340,12214,-1,12214,12340,12341,-1,12214,12341,12215,-1,12215,12341,12342,-1,12215,12342,12216,-1,12216,12342,12343,-1,12216,12343,12217,-1,12217,12343,12344,-1,12217,12344,12218,-1,12218,12344,12345,-1,12218,12345,12219,-1,12219,12345,12346,-1,12219,12346,12220,-1,12220,12346,12347,-1,12220,12347,12221,-1,12221,12347,12348,-1,12221,12348,12222,-1,12222,12348,12349,-1,12222,12349,12223,-1,12223,12349,12350,-1,12223,12350,12224,-1,12224,12350,12351,-1,12224,12351,12225,-1,12225,12351,12352,-1,12225,12352,12226,-1,12226,12352,12353,-1,12226,12353,12227,-1,12227,12353,12354,-1,12227,12354,12228,-1,12228,12354,12355,-1,12228,12355,12229,-1,12229,12355,12356,-1,12229,12356,12230,-1,12230,12356,12357,-1,12230,12357,12231,-1,12231,12357,12358,-1,12231,12358,12232,-1,12232,12358,12359,-1,12232,12359,12233,-1,12233,12359,12360,-1,12233,12360,12234,-1,12234,12360,12361,-1,12234,12361,12235,-1,12235,12361,12362,-1,12235,12362,12236,-1,12236,12362,12363,-1,12236,12363,12237,-1,12237,12363,12364,-1,12237,12364,12238,-1,12238,12364,12365,-1,12238,12365,12239,-1,12239,12365,12366,-1,12239,12366,12240,-1,12240,12366,12367,-1,12240,12367,12241,-1,12241,12367,12368,-1,12241,12368,12242,-1,12242,12368,12369,-1,12242,12369,12243,-1,12243,12369,12370,-1,12243,12370,12244,-1,12244,12370,12371,-1,12244,12371,12245,-1,12245,12371,12372,-1,12245,12372,12246,-1,12246,12372,12373,-1,12246,12373,12247,-1,12247,12373,12374,-1,12247,12374,12248,-1,12248,12374,12375,-1,12248,12375,12249,-1,12249,12375,12376,-1,12249,12376,12250,-1,12250,12376,12377,-1,12250,12377,12251,-1,12251,12377,12378,-1,12251,12378,12252,-1,12252,12378,12379,-1,12252,12379,12253,-1,12253,12379,12380,-1,12253,12380,12254,-1,12254,12380,12381,-1,12254,12381,12255,-1,12255,12381,12382,-1,12255,12382,12256,-1,12256,12382,12383,-1,12256,12383,12257,-1,12257,12383,12384,-1,12257,12384,12258,-1,12258,12384,12385,-1,12258,12385,12259,-1,12259,12385,12386,-1,12259,12386,12260,-1,12260,12386,12387,-1,12260,12387,12261,-1,12261,12387,12388,-1,12261,12388,12262,-1,12262,12388,12389,-1,12262,12389,12263,-1,12263,12389,12390,-1,12263,12390,12264,-1,12264,12390,12391,-1,12264,12391,12265,-1,12265,12391,12392,-1,12265,12392,12266,-1,12266,12392,12393,-1,12266,12393,12267,-1,12267,12393,12394,-1,12267,12394,12268,-1,12268,12394,12395,-1,12268,12395,12269,-1,12269,12395,12396,-1,12269,12396,12270,-1,12270,12396,12397,-1,12270,12397,12271,-1,12271,12397,12398,-1,12271,12398,12272,-1,12272,12398,12399,-1,12272,12399,12273,-1,12273,12399,12400,-1,12273,12400,12274,-1,12274,12400,12401,-1,12274,12401,12275,-1,12275,12401,12402,-1,12275,12402,12276,-1,12276,12402,12403,-1,12276,12403,12277,-1,12277,12403,12404,-1,12277,12404,12278,-1,12278,12404,12405,-1,12278,12405,12279,-1,12279,12405,12406,-1,12279,12406,12280,-1,12280,12406,12407,-1,12280,12407,12281,-1,12281,12407,12408,-1,12281,12408,12282,-1,12282,12408,12409,-1,12282,12409,12283,-1,12283,12409,12410,-1,12283,12410,12284,-1,12284,12410,12411,-1,12284,12411,12285,-1,12285,12411,12412,-1,12285,12412,12286,-1,12286,12412,12413,-1,12286,12413,12287,-1,12287,12413,12414,-1,12287,12414,12288,-1,12288,12414,12415,-1,12288,12415,12289,-1,12289,12415,12416,-1,12289,12416,12290,-1,12290,12416,12417,-1,12290,12417,12291,-1,12291,12417,12418,-1,12291,12418,85,-1,85,12418,87,-1,27,26,12292,-1,12292,26,12419,-1,12292,12419,12293,-1,12293,12419,12420,-1,12293,12420,12294,-1,12294,12420,12421,-1,12294,12421,12295,-1,12295,12421,12422,-1,12295,12422,12296,-1,12296,12422,12423,-1,12296,12423,12297,-1,12297,12423,12424,-1,12297,12424,12298,-1,12298,12424,12425,-1,12298,12425,12299,-1,12299,12425,12426,-1,12299,12426,12300,-1,12300,12426,12427,-1,12300,12427,12301,-1,12301,12427,12428,-1,12301,12428,12302,-1,12302,12428,12429,-1,12302,12429,12303,-1,12303,12429,12430,-1,12303,12430,12304,-1,12304,12430,12431,-1,12304,12431,12305,-1,12305,12431,12432,-1,12305,12432,12306,-1,12306,12432,12433,-1,12306,12433,12307,-1,12307,12433,12434,-1,12307,12434,12308,-1,12308,12434,12435,-1,12308,12435,12309,-1,12309,12435,12436,-1,12309,12436,12310,-1,12310,12436,12437,-1,12310,12437,12311,-1,12311,12437,12438,-1,12311,12438,12312,-1,12312,12438,12439,-1,12312,12439,12313,-1,12313,12439,12440,-1,12313,12440,12314,-1,12314,12440,12441,-1,12314,12441,12315,-1,12315,12441,12442,-1,12315,12442,12316,-1,12316,12442,12443,-1,12316,12443,12317,-1,12317,12443,12444,-1,12317,12444,12318,-1,12318,12444,12445,-1,12318,12445,12319,-1,12319,12445,12446,-1,12319,12446,12320,-1,12320,12446,12447,-1,12320,12447,12321,-1,12321,12447,12448,-1,12321,12448,12322,-1,12322,12448,12449,-1,12322,12449,12323,-1,12323,12449,12450,-1,12323,12450,12324,-1,12324,12450,12451,-1,12324,12451,12325,-1,12325,12451,12452,-1,12325,12452,12326,-1,12326,12452,12453,-1,12326,12453,12327,-1,12327,12453,12454,-1,12327,12454,12328,-1,12328,12454,12455,-1,12328,12455,12329,-1,12329,12455,12456,-1,12329,12456,12330,-1,12330,12456,12457,-1,12330,12457,12331,-1,12331,12457,12458,-1,12331,12458,12332,-1,12332,12458,12459,-1,12332,12459,12333,-1,12333,12459,12460,-1,12333,12460,12334,-1,12334,12460,12461,-1,12334,12461,12335,-1,12335,12461,12462,-1,12335,12462,12336,-1,12336,12462,12463,-1,12336,12463,12337,-1,12337,12463,12464,-1,12337,12464,12338,-1,12338,12464,12465,-1,12338,12465,12339,-1,12339,12465,12466,-1,12339,12466,12340,-1,12340,12466,12467,-1,12340,12467,12341,-1,12341,12467,12468,-1,12341,12468,12342,-1,12342,12468,12469,-1,12342,12469,12343,-1,12343,12469,12470,-1,12343,12470,12344,-1,12344,12470,12471,-1,12344,12471,12345,-1,12345,12471,12472,-1,12345,12472,12346,-1,12346,12472,12473,-1,12346,12473,12347,-1,12347,12473,12474,-1,12347,12474,12348,-1,12348,12474,12475,-1,12348,12475,12349,-1,12349,12475,12476,-1,12349,12476,12350,-1,12350,12476,12477,-1,12350,12477,12351,-1,12351,12477,12478,-1,12351,12478,12352,-1,12352,12478,12479,-1,12352,12479,12353,-1,12353,12479,12480,-1,12353,12480,12354,-1,12354,12480,12481,-1,12354,12481,12355,-1,12355,12481,12482,-1,12355,12482,12356,-1,12356,12482,12483,-1,12356,12483,12357,-1,12357,12483,12484,-1,12357,12484,12358,-1,12358,12484,12485,-1,12358,12485,12359,-1,12359,12485,12486,-1,12359,12486,12360,-1,12360,12486,12487,-1,12360,12487,12361,-1,12361,12487,12488,-1,12361,12488,12362,-1,12362,12488,12489,-1,12362,12489,12363,-1,12363,12489,12490,-1,12363,12490,12364,-1,12364,12490,12491,-1,12364,12491,12365,-1,12365,12491,12492,-1,12365,12492,12366,-1,12366,12492,12493,-1,12366,12493,12367,-1,12367,12493,12494,-1,12367,12494,12368,-1,12368,12494,12495,-1,12368,12495,12369,-1,12369,12495,12496,-1,12369,12496,12370,-1,12370,12496,12497,-1,12370,12497,12371,-1,12371,12497,12498,-1,12371,12498,12372,-1,12372,12498,12499,-1,12372,12499,12373,-1,12373,12499,12500,-1,12373,12500,12374,-1,12374,12500,12501,-1,12374,12501,12375,-1,12375,12501,12502,-1,12375,12502,12376,-1,12376,12502,12503,-1,12376,12503,12377,-1,12377,12503,12504,-1,12377,12504,12378,-1,12378,12504,12505,-1,12378,12505,12379,-1,12379,12505,12506,-1,12379,12506,12380,-1,12380,12506,12507,-1,12380,12507,12381,-1,12381,12507,12508,-1,12381,12508,12382,-1,12382,12508,12509,-1,12382,12509,12383,-1,12383,12509,12510,-1,12383,12510,12384,-1,12384,12510,12511,-1,12384,12511,12385,-1,12385,12511,12512,-1,12385,12512,12386,-1,12386,12512,12513,-1,12386,12513,12387,-1,12387,12513,12514,-1,12387,12514,12388,-1,12388,12514,12515,-1,12388,12515,12389,-1,12389,12515,12516,-1,12389,12516,12390,-1,12390,12516,12517,-1,12390,12517,12391,-1,12391,12517,12518,-1,12391,12518,12392,-1,12392,12518,12519,-1,12392,12519,12393,-1,12393,12519,12520,-1,12393,12520,12394,-1,12394,12520,12521,-1,12394,12521,12395,-1,12395,12521,12522,-1,12395,12522,12396,-1,12396,12522,12523,-1,12396,12523,12397,-1,12397,12523,12524,-1,12397,12524,12398,-1,12398,12524,12525,-1,12398,12525,12399,-1,12399,12525,12526,-1,12399,12526,12400,-1,12400,12526,12527,-1,12400,12527,12401,-1,12401,12527,12528,-1,12401,12528,12402,-1,12402,12528,12529,-1,12402,12529,12403,-1,12403,12529,12530,-1,12403,12530,12404,-1,12404,12530,12531,-1,12404,12531,12405,-1,12405,12531,12532,-1,12405,12532,12406,-1,12406,12532,12533,-1,12406,12533,12407,-1,12407,12533,12534,-1,12407,12534,12408,-1,12408,12534,12535,-1,12408,12535,12409,-1,12409,12535,12536,-1,12409,12536,12410,-1,12410,12536,12537,-1,12410,12537,12411,-1,12411,12537,12538,-1,12411,12538,12412,-1,12412,12538,12539,-1,12412,12539,12413,-1,12413,12539,12540,-1,12413,12540,12414,-1,12414,12540,12541,-1,12414,12541,12415,-1,12415,12541,12542,-1,12415,12542,12416,-1,12416,12542,12543,-1,12416,12543,12417,-1,12417,12543,12544,-1,12417,12544,12418,-1,12418,12544,12545,-1,12418,12545,87,-1,87,12545,89,-1,26,4,12419,-1,12419,4,12546,-1,12419,12546,12420,-1,12420,12546,12547,-1,12420,12547,12421,-1,12421,12547,12548,-1,12421,12548,12422,-1,12422,12548,12549,-1,12422,12549,12423,-1,12423,12549,12550,-1,12423,12550,12424,-1,12424,12550,12551,-1,12424,12551,12425,-1,12425,12551,12552,-1,12425,12552,12426,-1,12426,12552,12553,-1,12426,12553,12427,-1,12427,12553,12554,-1,12427,12554,12428,-1,12428,12554,12555,-1,12428,12555,12429,-1,12429,12555,12556,-1,12429,12556,12430,-1,12430,12556,12557,-1,12430,12557,12431,-1,12431,12557,12558,-1,12431,12558,12432,-1,12432,12558,12559,-1,12432,12559,12433,-1,12433,12559,12560,-1,12433,12560,12434,-1,12434,12560,12561,-1,12434,12561,12435,-1,12435,12561,12562,-1,12435,12562,12436,-1,12436,12562,12563,-1,12436,12563,12437,-1,12437,12563,12564,-1,12437,12564,12438,-1,12438,12564,12565,-1,12438,12565,12439,-1,12439,12565,12566,-1,12439,12566,12440,-1,12440,12566,12567,-1,12440,12567,12441,-1,12441,12567,12568,-1,12441,12568,12442,-1,12442,12568,12569,-1,12442,12569,12443,-1,12443,12569,12570,-1,12443,12570,12444,-1,12444,12570,12571,-1,12444,12571,12445,-1,12445,12571,12572,-1,12445,12572,12446,-1,12446,12572,12573,-1,12446,12573,12447,-1,12447,12573,12574,-1,12447,12574,12448,-1,12448,12574,12575,-1,12448,12575,12449,-1,12449,12575,12576,-1,12449,12576,12450,-1,12450,12576,12577,-1,12450,12577,12451,-1,12451,12577,12578,-1,12451,12578,12452,-1,12452,12578,12579,-1,12452,12579,12453,-1,12453,12579,12580,-1,12453,12580,12454,-1,12454,12580,12581,-1,12454,12581,12455,-1,12455,12581,12582,-1,12455,12582,12456,-1,12456,12582,12583,-1,12456,12583,12457,-1,12457,12583,12584,-1,12457,12584,12458,-1,12458,12584,12585,-1,12458,12585,12459,-1,12459,12585,12586,-1,12459,12586,12460,-1,12460,12586,12587,-1,12460,12587,12461,-1,12461,12587,12588,-1,12461,12588,12462,-1,12462,12588,12589,-1,12462,12589,12463,-1,12463,12589,12590,-1,12463,12590,12464,-1,12464,12590,12591,-1,12464,12591,12465,-1,12465,12591,12592,-1,12465,12592,12466,-1,12466,12592,12593,-1,12466,12593,12467,-1,12467,12593,12594,-1,12467,12594,12468,-1,12468,12594,12595,-1,12468,12595,12469,-1,12469,12595,12596,-1,12469,12596,12470,-1,12470,12596,12597,-1,12470,12597,12471,-1,12471,12597,12598,-1,12471,12598,12472,-1,12472,12598,12599,-1,12472,12599,12473,-1,12473,12599,12600,-1,12473,12600,12474,-1,12474,12600,12601,-1,12474,12601,12475,-1,12475,12601,12602,-1,12475,12602,12476,-1,12476,12602,12603,-1,12476,12603,12477,-1,12477,12603,12604,-1,12477,12604,12478,-1,12478,12604,12605,-1,12478,12605,12479,-1,12479,12605,12606,-1,12479,12606,12480,-1,12480,12606,12607,-1,12480,12607,12481,-1,12481,12607,12608,-1,12481,12608,12482,-1,12482,12608,12609,-1,12482,12609,12483,-1,12483,12609,12610,-1,12483,12610,12484,-1,12484,12610,12611,-1,12484,12611,12485,-1,12485,12611,12612,-1,12485,12612,12486,-1,12486,12612,12613,-1,12486,12613,12487,-1,12487,12613,12614,-1,12487,12614,12488,-1,12488,12614,12615,-1,12488,12615,12489,-1,12489,12615,12616,-1,12489,12616,12490,-1,12490,12616,12617,-1,12490,12617,12491,-1,12491,12617,12618,-1,12491,12618,12492,-1,12492,12618,12619,-1,12492,12619,12493,-1,12493,12619,12620,-1,12493,12620,12494,-1,12494,12620,12621,-1,12494,12621,12495,-1,12495,12621,12622,-1,12495,12622,12496,-1,12496,12622,12623,-1,12496,12623,12497,-1,12497,12623,12624,-1,12497,12624,12498,-1,12498,12624,12625,-1,12498,12625,12499,-1,12499,12625,12626,-1,12499,12626,12500,-1,12500,12626,12627,-1,12500,12627,12501,-1,12501,12627,12628,-1,12501,12628,12502,-1,12502,12628,12629,-1,12502,12629,12503,-1,12503,12629,12630,-1,12503,12630,12504,-1,12504,12630,12631,-1,12504,12631,12505,-1,12505,12631,12632,-1,12505,12632,12506,-1,12506,12632,12633,-1,12506,12633,12507,-1,12507,12633,12634,-1,12507,12634,12508,-1,12508,12634,12635,-1,12508,12635,12509,-1,12509,12635,12636,-1,12509,12636,12510,-1,12510,12636,12637,-1,12510,12637,12511,-1,12511,12637,12638,-1,12511,12638,12512,-1,12512,12638,12639,-1,12512,12639,12513,-1,12513,12639,12640,-1,12513,12640,12514,-1,12514,12640,12641,-1,12514,12641,12515,-1,12515,12641,12642,-1,12515,12642,12516,-1,12516,12642,12643,-1,12516,12643,12517,-1,12517,12643,12644,-1,12517,12644,12518,-1,12518,12644,12645,-1,12518,12645,12519,-1,12519,12645,12646,-1,12519,12646,12520,-1,12520,12646,12647,-1,12520,12647,12521,-1,12521,12647,12648,-1,12521,12648,12522,-1,12522,12648,12649,-1,12522,12649,12523,-1,12523,12649,12650,-1,12523,12650,12524,-1,12524,12650,12651,-1,12524,12651,12525,-1,12525,12651,12652,-1,12525,12652,12526,-1,12526,12652,12653,-1,12526,12653,12527,-1,12527,12653,12654,-1,12527,12654,12528,-1,12528,12654,12655,-1,12528,12655,12529,-1,12529,12655,12656,-1,12529,12656,12530,-1,12530,12656,12657,-1,12530,12657,12531,-1,12531,12657,12658,-1,12531,12658,12532,-1,12532,12658,12659,-1,12532,12659,12533,-1,12533,12659,12660,-1,12533,12660,12534,-1,12534,12660,12661,-1,12534,12661,12535,-1,12535,12661,12662,-1,12535,12662,12536,-1,12536,12662,12663,-1,12536,12663,12537,-1,12537,12663,12664,-1,12537,12664,12538,-1,12538,12664,12665,-1,12538,12665,12539,-1,12539,12665,12666,-1,12539,12666,12540,-1,12540,12666,12667,-1,12540,12667,12541,-1,12541,12667,12668,-1,12541,12668,12542,-1,12542,12668,12669,-1,12542,12669,12543,-1,12543,12669,12670,-1,12543,12670,12544,-1,12544,12670,12671,-1,12544,12671,12545,-1,12545,12671,12672,-1,12545,12672,89,-1,89,12672,91,-1,4,3,12546,-1,12546,3,12673,-1,12546,12673,12547,-1,12547,12673,12674,-1,12547,12674,12548,-1,12548,12674,12675,-1,12548,12675,12549,-1,12549,12675,12676,-1,12549,12676,12550,-1,12550,12676,12677,-1,12550,12677,12551,-1,12551,12677,12678,-1,12551,12678,12552,-1,12552,12678,12679,-1,12552,12679,12553,-1,12553,12679,12680,-1,12553,12680,12554,-1,12554,12680,12681,-1,12554,12681,12555,-1,12555,12681,12682,-1,12555,12682,12556,-1,12556,12682,12683,-1,12556,12683,12557,-1,12557,12683,12684,-1,12557,12684,12558,-1,12558,12684,12685,-1,12558,12685,12559,-1,12559,12685,12686,-1,12559,12686,12560,-1,12560,12686,12687,-1,12560,12687,12561,-1,12561,12687,12688,-1,12561,12688,12562,-1,12562,12688,12689,-1,12562,12689,12563,-1,12563,12689,12690,-1,12563,12690,12564,-1,12564,12690,12691,-1,12564,12691,12565,-1,12565,12691,12692,-1,12565,12692,12566,-1,12566,12692,12693,-1,12566,12693,12567,-1,12567,12693,12694,-1,12567,12694,12568,-1,12568,12694,12695,-1,12568,12695,12569,-1,12569,12695,12696,-1,12569,12696,12570,-1,12570,12696,12697,-1,12570,12697,12571,-1,12571,12697,12698,-1,12571,12698,12572,-1,12572,12698,12699,-1,12572,12699,12573,-1,12573,12699,12700,-1,12573,12700,12574,-1,12574,12700,12701,-1,12574,12701,12575,-1,12575,12701,12702,-1,12575,12702,12576,-1,12576,12702,12703,-1,12576,12703,12577,-1,12577,12703,12704,-1,12577,12704,12578,-1,12578,12704,12705,-1,12578,12705,12579,-1,12579,12705,12706,-1,12579,12706,12580,-1,12580,12706,12707,-1,12580,12707,12581,-1,12581,12707,12708,-1,12581,12708,12582,-1,12582,12708,12709,-1,12582,12709,12583,-1,12583,12709,12710,-1,12583,12710,12584,-1,12584,12710,12711,-1,12584,12711,12585,-1,12585,12711,12712,-1,12585,12712,12586,-1,12586,12712,12713,-1,12586,12713,12587,-1,12587,12713,12714,-1,12587,12714,12588,-1,12588,12714,12715,-1,12588,12715,12589,-1,12589,12715,12716,-1,12589,12716,12590,-1,12590,12716,12717,-1,12590,12717,12591,-1,12591,12717,12718,-1,12591,12718,12592,-1,12592,12718,12719,-1,12592,12719,12593,-1,12593,12719,12720,-1,12593,12720,12594,-1,12594,12720,12721,-1,12594,12721,12595,-1,12595,12721,12722,-1,12595,12722,12596,-1,12596,12722,12723,-1,12596,12723,12597,-1,12597,12723,12724,-1,12597,12724,12598,-1,12598,12724,12725,-1,12598,12725,12599,-1,12599,12725,12726,-1,12599,12726,12600,-1,12600,12726,12727,-1,12600,12727,12601,-1,12601,12727,12728,-1,12601,12728,12602,-1,12602,12728,12729,-1,12602,12729,12603,-1,12603,12729,12730,-1,12603,12730,12604,-1,12604,12730,12731,-1,12604,12731,12605,-1,12605,12731,12732,-1,12605,12732,12606,-1,12606,12732,12733,-1,12606,12733,12607,-1,12607,12733,12734,-1,12607,12734,12608,-1,12608,12734,12735,-1,12608,12735,12609,-1,12609,12735,12736,-1,12609,12736,12610,-1,12610,12736,12737,-1,12610,12737,12611,-1,12611,12737,12738,-1,12611,12738,12612,-1,12612,12738,12739,-1,12612,12739,12613,-1,12613,12739,12740,-1,12613,12740,12614,-1,12614,12740,12741,-1,12614,12741,12615,-1,12615,12741,12742,-1,12615,12742,12616,-1,12616,12742,12743,-1,12616,12743,12617,-1,12617,12743,12744,-1,12617,12744,12618,-1,12618,12744,12745,-1,12618,12745,12619,-1,12619,12745,12746,-1,12619,12746,12620,-1,12620,12746,12747,-1,12620,12747,12621,-1,12621,12747,12748,-1,12621,12748,12622,-1,12622,12748,12749,-1,12622,12749,12623,-1,12623,12749,12750,-1,12623,12750,12624,-1,12624,12750,12751,-1,12624,12751,12625,-1,12625,12751,12752,-1,12625,12752,12626,-1,12626,12752,12753,-1,12626,12753,12627,-1,12627,12753,12754,-1,12627,12754,12628,-1,12628,12754,12755,-1,12628,12755,12629,-1,12629,12755,12756,-1,12629,12756,12630,-1,12630,12756,12757,-1,12630,12757,12631,-1,12631,12757,12758,-1,12631,12758,12632,-1,12632,12758,12759,-1,12632,12759,12633,-1,12633,12759,12760,-1,12633,12760,12634,-1,12634,12760,12761,-1,12634,12761,12635,-1,12635,12761,12762,-1,12635,12762,12636,-1,12636,12762,12763,-1,12636,12763,12637,-1,12637,12763,12764,-1,12637,12764,12638,-1,12638,12764,12765,-1,12638,12765,12639,-1,12639,12765,12766,-1,12639,12766,12640,-1,12640,12766,12767,-1,12640,12767,12641,-1,12641,12767,12768,-1,12641,12768,12642,-1,12642,12768,12769,-1,12642,12769,12643,-1,12643,12769,12770,-1,12643,12770,12644,-1,12644,12770,12771,-1,12644,12771,12645,-1,12645,12771,12772,-1,12645,12772,12646,-1,12646,12772,12773,-1,12646,12773,12647,-1,12647,12773,12774,-1,12647,12774,12648,-1,12648,12774,12775,-1,12648,12775,12649,-1,12649,12775,12776,-1,12649,12776,12650,-1,12650,12776,12777,-1,12650,12777,12651,-1,12651,12777,12778,-1,12651,12778,12652,-1,12652,12778,12779,-1,12652,12779,12653,-1,12653,12779,12780,-1,12653,12780,12654,-1,12654,12780,12781,-1,12654,12781,12655,-1,12655,12781,12782,-1,12655,12782,12656,-1,12656,12782,12783,-1,12656,12783,12657,-1,12657,12783,12784,-1,12657,12784,12658,-1,12658,12784,12785,-1,12658,12785,12659,-1,12659,12785,12786,-1,12659,12786,12660,-1,12660,12786,12787,-1,12660,12787,12661,-1,12661,12787,12788,-1,12661,12788,12662,-1,12662,12788,12789,-1,12662,12789,12663,-1,12663,12789,12790,-1,12663,12790,12664,-1,12664,12790,12791,-1,12664,12791,12665,-1,12665,12791,12792,-1,12665,12792,12666,-1,12666,12792,12793,-1,12666,12793,12667,-1,12667,12793,12794,-1,12667,12794,12668,-1,12668,12794,12795,-1,12668,12795,12669,-1,12669,12795,12796,-1,12669,12796,12670,-1,12670,12796,12797,-1,12670,12797,12671,-1,12671,12797,12798,-1,12671,12798,12672,-1,12672,12798,12799,-1,12672,12799,91,-1,91,12799,93,-1,3,1,12673,-1,12673,1,9371,-1,12673,9371,12674,-1,12674,9371,9373,-1,12674,9373,12675,-1,12675,9373,9375,-1,12675,9375,12676,-1,12676,9375,9377,-1,12676,9377,12677,-1,12677,9377,9379,-1,12677,9379,12678,-1,12678,9379,9381,-1,12678,9381,12679,-1,12679,9381,9383,-1,12679,9383,12680,-1,12680,9383,9385,-1,12680,9385,12681,-1,12681,9385,9387,-1,12681,9387,12682,-1,12682,9387,9389,-1,12682,9389,12683,-1,12683,9389,9391,-1,12683,9391,12684,-1,12684,9391,9393,-1,12684,9393,12685,-1,12685,9393,9395,-1,12685,9395,12686,-1,12686,9395,9397,-1,12686,9397,12687,-1,12687,9397,9399,-1,12687,9399,12688,-1,12688,9399,9401,-1,12688,9401,12689,-1,12689,9401,9403,-1,12689,9403,12690,-1,12690,9403,9405,-1,12690,9405,12691,-1,12691,9405,9407,-1,12691,9407,12692,-1,12692,9407,9409,-1,12692,9409,12693,-1,12693,9409,9411,-1,12693,9411,12694,-1,12694,9411,9413,-1,12694,9413,12695,-1,12695,9413,9415,-1,12695,9415,12696,-1,12696,9415,9417,-1,12696,9417,12697,-1,12697,9417,9419,-1,12697,9419,12698,-1,12698,9419,9421,-1,12698,9421,12699,-1,12699,9421,9423,-1,12699,9423,12700,-1,12700,9423,9425,-1,12700,9425,12701,-1,12701,9425,9427,-1,12701,9427,12702,-1,12702,9427,9429,-1,12702,9429,12703,-1,12703,9429,9431,-1,12703,9431,12704,-1,12704,9431,9433,-1,12704,9433,12705,-1,12705,9433,9435,-1,12705,9435,12706,-1,12706,9435,9437,-1,12706,9437,12707,-1,12707,9437,9439,-1,12707,9439,12708,-1,12708,9439,9441,-1,12708,9441,12709,-1,12709,9441,9443,-1,12709,9443,12710,-1,12710,9443,9445,-1,12710,9445,12711,-1,12711,9445,9447,-1,12711,9447,12712,-1,12712,9447,9449,-1,12712,9449,12713,-1,12713,9449,9451,-1,12713,9451,12714,-1,12714,9451,9453,-1,12714,9453,12715,-1,12715,9453,9455,-1,12715,9455,12716,-1,12716,9455,9457,-1,12716,9457,12717,-1,12717,9457,9459,-1,12717,9459,12718,-1,12718,9459,9461,-1,12718,9461,12719,-1,12719,9461,9463,-1,12719,9463,12720,-1,12720,9463,9465,-1,12720,9465,12721,-1,12721,9465,9467,-1,12721,9467,12722,-1,12722,9467,9469,-1,12722,9469,12723,-1,12723,9469,9471,-1,12723,9471,12724,-1,12724,9471,9473,-1,12724,9473,12725,-1,12725,9473,9475,-1,12725,9475,12726,-1,12726,9475,9477,-1,12726,9477,12727,-1,12727,9477,9479,-1,12727,9479,12728,-1,12728,9479,9481,-1,12728,9481,12729,-1,12729,9481,9483,-1,12729,9483,12730,-1,12730,9483,9485,-1,12730,9485,12731,-1,12731,9485,9487,-1,12731,9487,12732,-1,12732,9487,9489,-1,12732,9489,12733,-1,12733,9489,9491,-1,12733,9491,12734,-1,12734,9491,9493,-1,12734,9493,12735,-1,12735,9493,9495,-1,12735,9495,12736,-1,12736,9495,9497,-1,12736,9497,12737,-1,12737,9497,9499,-1,12737,9499,12738,-1,12738,9499,9501,-1,12738,9501,12739,-1,12739,9501,9503,-1,12739,9503,12740,-1,12740,9503,9505,-1,12740,9505,12741,-1,12741,9505,9507,-1,12741,9507,12742,-1,12742,9507,9509,-1,12742,9509,12743,-1,12743,9509,9511,-1,12743,9511,12744,-1,12744,9511,9513,-1,12744,9513,12745,-1,12745,9513,9515,-1,12745,9515,12746,-1,12746,9515,9517,-1,12746,9517,12747,-1,12747,9517,9519,-1,12747,9519,12748,-1,12748,9519,9521,-1,12748,9521,12749,-1,12749,9521,9523,-1,12749,9523,12750,-1,12750,9523,9525,-1,12750,9525,12751,-1,12751,9525,9527,-1,12751,9527,12752,-1,12752,9527,9529,-1,12752,9529,12753,-1,12753,9529,9531,-1,12753,9531,12754,-1,12754,9531,9533,-1,12754,9533,12755,-1,12755,9533,9535,-1,12755,9535,12756,-1,12756,9535,9537,-1,12756,9537,12757,-1,12757,9537,9539,-1,12757,9539,12758,-1,12758,9539,9541,-1,12758,9541,12759,-1,12759,9541,9543,-1,12759,9543,12760,-1,12760,9543,9545,-1,12760,9545,12761,-1,12761,9545,9547,-1,12761,9547,12762,-1,12762,9547,9549,-1,12762,9549,12763,-1,12763,9549,9551,-1,12763,9551,12764,-1,12764,9551,9553,-1,12764,9553,12765,-1,12765,9553,9555,-1,12765,9555,12766,-1,12766,9555,9557,-1,12766,9557,12767,-1,12767,9557,9559,-1,12767,9559,12768,-1,12768,9559,9561,-1,12768,9561,12769,-1,12769,9561,9563,-1,12769,9563,12770,-1,12770,9563,9565,-1,12770,9565,12771,-1,12771,9565,9567,-1,12771,9567,12772,-1,12772,9567,9569,-1,12772,9569,12773,-1,12773,9569,9571,-1,12773,9571,12774,-1,12774,9571,9573,-1,12774,9573,12775,-1,12775,9573,9575,-1,12775,9575,12776,-1,12776,9575,9577,-1,12776,9577,12777,-1,12777,9577,9579,-1,12777,9579,12778,-1,12778,9579,9581,-1,12778,9581,12779,-1,12779,9581,9583,-1,12779,9583,12780,-1,12780,9583,9585,-1,12780,9585,12781,-1,12781,9585,9587,-1,12781,9587,12782,-1,12782,9587,9589,-1,12782,9589,12783,-1,12783,9589,9591,-1,12783,9591,12784,-1,12784,9591,9593,-1,12784,9593,12785,-1,12785,9593,9595,-1,12785,9595,12786,-1,12786,9595,9597,-1,12786,9597,12787,-1,12787,9597,9599,-1,12787,9599,12788,-1,12788,9599,9601,-1,12788,9601,12789,-1,12789,9601,9603,-1,12789,9603,12790,-1,12790,9603,9605,-1,12790,9605,12791,-1,12791,9605,9607,-1,12791,9607,12792,-1,12792,9607,9609,-1,12792,9609,12793,-1,12793,9609,9611,-1,12793,9611,12794,-1,12794,9611,9613,-1,12794,9613,12795,-1,12795,9613,9615,-1,12795,9615,12796,-1,12796,9615,9617,-1,12796,9617,12797,-1,12797,9617,9619,-1,12797,9619,12798,-1,12798,9619,9621,-1,12798,9621,12799,-1,12799,9621,9623,-1,12799,9623,93,-1,93,9623,95,-1,12800,12801,12802,-1,12802,12801,12803,-1,12804,12805,12806,-1,12806,12805,12807,-1,12805,12808,12807,-1,12807,12808,12809,-1,12810,12811,12812,-1,12813,12814,12804,-1,12804,12815,12816,-1,12814,12817,12804,-1,12804,12817,12818,-1,12804,12818,12815,-1,12819,12820,12805,-1,12805,12820,12821,-1,12812,12811,12804,-1,12804,12811,12822,-1,12804,12822,12813,-1,12816,12823,12804,-1,12804,12823,12824,-1,12804,12824,12825,-1,12821,12826,12805,-1,12805,12826,12827,-1,12805,12827,12828,-1,12828,12829,12805,-1,12805,12829,12830,-1,12805,12830,12831,-1,12831,12801,12805,-1,12805,12801,12800,-1,12805,12800,12808,-1,12808,12800,12832,-1,12833,12812,12834,-1,12834,12812,12835,-1,12833,12836,12812,-1,12812,12836,12837,-1,12812,12837,12810,-1,12825,12838,12804,-1,12804,12838,12839,-1,12804,12839,12805,-1,12805,12839,12840,-1,12805,12840,12819,-1,12832,12841,12842,-1,12842,12843,12832,-1,12832,12843,12844,-1,12832,12844,12808,-1,12806,12845,12804,-1,12804,12845,12812,-1,12846,12847,12806,-1,12806,12847,12848,-1,12849,12850,12807,-1,12807,12850,12851,-1,12807,12851,12852,-1,12853,12854,12855,-1,12803,12856,12807,-1,12807,12856,12857,-1,12807,12857,12849,-1,12852,12858,12807,-1,12807,12858,12859,-1,12807,12859,12860,-1,12848,12861,12806,-1,12806,12861,12862,-1,12806,12862,12863,-1,12864,12865,12806,-1,12806,12865,12866,-1,12806,12866,12846,-1,12863,12867,12806,-1,12806,12867,12868,-1,12806,12868,12845,-1,12853,12855,12869,-1,12803,12807,12802,-1,12802,12807,12809,-1,12802,12809,12855,-1,12855,12809,12870,-1,12855,12870,12869,-1,12860,12871,12807,-1,12807,12871,12872,-1,12807,12872,12806,-1,12806,12872,12873,-1,12806,12873,12864,-1,12868,12874,12845,-1,12845,12874,12875,-1,12845,12875,12876,-1,12876,12877,12845,-1,12845,12877,12878,-1,12845,12878,12879,-1,12811,12810,12868,-1,12868,12810,12874,-1,12851,12827,12852,-1,12852,12827,12826,-1,12852,12826,12858,-1,12858,12826,12821,-1,12858,12821,12859,-1,12859,12821,12820,-1,12859,12820,12860,-1,12860,12820,12819,-1,12860,12819,12871,-1,12871,12819,12840,-1,12871,12840,12872,-1,12872,12840,12839,-1,12872,12839,12873,-1,12873,12839,12838,-1,12873,12838,12864,-1,12864,12838,12825,-1,12864,12825,12865,-1,12865,12825,12824,-1,12865,12824,12866,-1,12866,12824,12823,-1,12866,12823,12846,-1,12846,12823,12816,-1,12846,12816,12847,-1,12847,12816,12815,-1,12847,12815,12848,-1,12848,12815,12818,-1,12812,12845,12879,-1,12812,12879,12835,-1,12835,12879,12878,-1,12835,12878,12834,-1,12834,12878,12877,-1,12834,12877,12833,-1,12833,12877,12876,-1,12833,12876,12836,-1,12836,12876,12875,-1,12836,12875,12837,-1,12837,12875,12874,-1,12837,12874,12810,-1,12848,12818,12817,-1,12848,12817,12861,-1,12861,12817,12814,-1,12861,12814,12862,-1,12862,12814,12813,-1,12862,12813,12863,-1,12863,12813,12822,-1,12863,12822,12867,-1,12867,12822,12811,-1,12867,12811,12868,-1,12803,12801,12831,-1,12803,12831,12856,-1,12856,12831,12830,-1,12856,12830,12857,-1,12857,12830,12829,-1,12857,12829,12849,-1,12849,12829,12828,-1,12849,12828,12850,-1,12850,12828,12827,-1,12850,12827,12851,-1,12809,12808,12844,-1,12809,12844,12870,-1,12870,12844,12843,-1,12870,12843,12869,-1,12869,12843,12842,-1,12869,12842,12853,-1,12853,12842,12841,-1,12853,12841,12854,-1,12854,12841,12832,-1,12854,12832,12855,-1,12855,12832,12800,-1,12855,12800,12802,-1,12880,12881,12882,-1,12882,12881,12883,-1,12884,12885,12886,-1,12886,12885,12887,-1,12888,12889,12890,-1,12891,12892,12885,-1,12893,12894,12885,-1,12885,12894,12895,-1,12885,12895,12896,-1,12892,12897,12885,-1,12885,12897,12898,-1,12885,12898,12893,-1,12899,12900,12887,-1,12887,12900,12901,-1,12887,12901,12902,-1,12902,12903,12887,-1,12887,12903,12904,-1,12887,12904,12905,-1,12890,12889,12885,-1,12885,12889,12906,-1,12885,12906,12891,-1,12905,12907,12887,-1,12887,12907,12908,-1,12887,12908,12909,-1,12909,12881,12887,-1,12887,12881,12880,-1,12887,12880,12910,-1,12910,12880,12911,-1,12896,12912,12885,-1,12885,12912,12913,-1,12885,12913,12887,-1,12887,12913,12914,-1,12887,12914,12899,-1,12890,12915,12888,-1,12888,12915,12916,-1,12888,12916,12917,-1,12917,12916,12918,-1,12917,12918,12919,-1,12911,12920,12921,-1,12921,12922,12911,-1,12911,12922,12923,-1,12911,12923,12910,-1,12884,12924,12885,-1,12885,12924,12890,-1,12925,12926,12884,-1,12884,12926,12927,-1,12884,12927,12928,-1,12886,12929,12930,-1,12931,12932,12886,-1,12886,12932,12933,-1,12886,12933,12929,-1,12930,12934,12886,-1,12886,12934,12935,-1,12886,12935,12936,-1,12928,12937,12884,-1,12884,12937,12938,-1,12884,12938,12939,-1,12884,12940,12924,-1,12924,12940,12941,-1,12942,12943,12944,-1,12883,12945,12886,-1,12886,12945,12946,-1,12886,12946,12931,-1,12939,12947,12884,-1,12884,12947,12948,-1,12884,12948,12940,-1,12936,12949,12886,-1,12886,12949,12950,-1,12886,12950,12884,-1,12884,12950,12951,-1,12884,12951,12925,-1,12942,12944,12952,-1,12953,12954,12955,-1,12955,12954,12956,-1,12955,12956,12941,-1,12941,12956,12957,-1,12941,12957,12924,-1,12883,12886,12882,-1,12882,12886,12958,-1,12882,12958,12944,-1,12944,12958,12959,-1,12944,12959,12952,-1,12887,12910,12886,-1,12886,12910,12958,-1,12889,12888,12940,-1,12940,12888,12941,-1,12933,12904,12929,-1,12929,12904,12903,-1,12929,12903,12930,-1,12930,12903,12902,-1,12930,12902,12934,-1,12934,12902,12901,-1,12934,12901,12935,-1,12935,12901,12900,-1,12935,12900,12936,-1,12936,12900,12899,-1,12936,12899,12949,-1,12949,12899,12914,-1,12949,12914,12950,-1,12950,12914,12913,-1,12950,12913,12951,-1,12951,12913,12912,-1,12951,12912,12925,-1,12925,12912,12896,-1,12925,12896,12926,-1,12926,12896,12895,-1,12926,12895,12927,-1,12927,12895,12894,-1,12927,12894,12928,-1,12928,12894,12893,-1,12928,12893,12937,-1,12937,12893,12898,-1,12890,12924,12957,-1,12890,12957,12915,-1,12915,12957,12956,-1,12915,12956,12916,-1,12916,12956,12954,-1,12916,12954,12918,-1,12918,12954,12953,-1,12918,12953,12919,-1,12919,12953,12955,-1,12919,12955,12917,-1,12917,12955,12941,-1,12917,12941,12888,-1,12937,12898,12897,-1,12937,12897,12938,-1,12938,12897,12892,-1,12938,12892,12939,-1,12939,12892,12891,-1,12939,12891,12947,-1,12947,12891,12906,-1,12947,12906,12948,-1,12948,12906,12889,-1,12948,12889,12940,-1,12883,12881,12909,-1,12883,12909,12945,-1,12945,12909,12908,-1,12945,12908,12946,-1,12946,12908,12907,-1,12946,12907,12931,-1,12931,12907,12905,-1,12931,12905,12932,-1,12932,12905,12904,-1,12932,12904,12933,-1,12958,12910,12923,-1,12958,12923,12959,-1,12959,12923,12922,-1,12959,12922,12952,-1,12952,12922,12921,-1,12952,12921,12942,-1,12942,12921,12920,-1,12942,12920,12943,-1,12943,12920,12911,-1,12943,12911,12944,-1,12944,12911,12880,-1,12944,12880,12882,-1,12960,12961,12962,-1,12962,12961,12963,-1,12964,12965,12966,-1,12966,12965,12967,-1,12968,12964,12969,-1,12969,12964,12966,-1,12970,12971,12965,-1,12965,12971,12972,-1,12973,12974,12964,-1,12964,12974,12975,-1,12964,12975,12976,-1,12977,12978,12979,-1,12960,12980,12964,-1,12964,12980,12981,-1,12964,12981,12973,-1,12976,12982,12964,-1,12964,12982,12983,-1,12964,12983,12984,-1,12972,12985,12965,-1,12965,12985,12986,-1,12965,12986,12987,-1,12988,12989,12965,-1,12965,12989,12990,-1,12965,12990,12970,-1,12987,12991,12965,-1,12965,12991,12992,-1,12965,12992,12993,-1,12977,12979,12994,-1,12960,12964,12961,-1,12961,12964,12968,-1,12961,12968,12979,-1,12979,12968,12995,-1,12979,12995,12994,-1,12984,12996,12964,-1,12964,12996,12997,-1,12964,12997,12965,-1,12965,12997,12998,-1,12965,12998,12988,-1,12992,12999,12993,-1,12993,12999,13000,-1,12993,13000,13001,-1,13001,13002,12993,-1,12993,13002,13003,-1,12993,13003,13004,-1,13005,12967,12993,-1,12993,12967,12965,-1,13006,13007,13005,-1,13008,13009,12967,-1,12967,13010,13011,-1,13009,13012,12967,-1,12967,13012,13013,-1,12967,13013,13010,-1,13014,13015,12966,-1,12966,13015,13016,-1,13005,13007,12967,-1,12967,13007,13017,-1,12967,13017,13008,-1,13011,13018,12967,-1,12967,13018,13019,-1,12967,13019,13020,-1,13016,13021,12966,-1,12966,13021,13022,-1,12966,13022,13023,-1,13023,13024,12966,-1,12966,13024,13025,-1,12966,13025,13026,-1,13026,12962,12966,-1,12966,12962,12963,-1,12966,12963,12969,-1,12969,12963,13027,-1,13028,13005,13029,-1,13029,13005,13030,-1,13028,13031,13005,-1,13005,13031,13032,-1,13005,13032,13006,-1,13020,13033,12967,-1,12967,13033,13034,-1,12967,13034,12966,-1,12966,13034,13035,-1,12966,13035,13014,-1,13027,13036,13037,-1,13037,13038,13027,-1,13027,13038,13039,-1,13027,13039,12969,-1,12999,12992,13006,-1,13006,12992,13007,-1,13013,12972,13010,-1,13010,12972,12971,-1,13010,12971,13011,-1,13011,12971,12970,-1,13011,12970,13018,-1,13018,12970,12990,-1,13018,12990,13019,-1,13019,12990,12989,-1,13019,12989,13020,-1,13020,12989,12988,-1,13020,12988,13033,-1,13033,12988,12998,-1,13033,12998,13034,-1,13034,12998,12997,-1,13034,12997,13035,-1,13035,12997,12996,-1,13035,12996,13014,-1,13014,12996,12984,-1,13014,12984,13015,-1,13015,12984,12983,-1,13015,12983,13016,-1,13016,12983,12982,-1,13016,12982,13021,-1,13021,12982,12976,-1,13021,12976,13022,-1,13022,12976,12975,-1,12999,13006,13032,-1,12999,13032,13000,-1,13000,13032,13031,-1,13000,13031,13001,-1,13001,13031,13028,-1,13001,13028,13002,-1,13002,13028,13029,-1,13002,13029,13003,-1,13003,13029,13030,-1,13003,13030,13004,-1,13004,13030,13005,-1,13004,13005,12993,-1,13007,12992,12991,-1,13007,12991,13017,-1,13017,12991,12987,-1,13017,12987,13008,-1,13008,12987,12986,-1,13008,12986,13009,-1,13009,12986,12985,-1,13009,12985,13012,-1,13012,12985,12972,-1,13012,12972,13013,-1,13022,12975,12974,-1,13022,12974,13023,-1,13023,12974,12973,-1,13023,12973,13024,-1,13024,12973,12981,-1,13024,12981,13025,-1,13025,12981,12980,-1,13025,12980,13026,-1,13026,12980,12960,-1,13026,12960,12962,-1,12963,12961,12979,-1,12963,12979,13027,-1,13027,12979,12978,-1,13027,12978,13036,-1,13036,12978,12977,-1,13036,12977,13037,-1,13037,12977,12994,-1,13037,12994,13038,-1,13038,12994,12995,-1,13038,12995,13039,-1,13039,12995,12968,-1,13039,12968,12969,-1,13040,13041,13042,-1,13042,13041,13043,-1,13044,13045,13046,-1,13046,13045,13047,-1,13048,13049,13044,-1,13044,13049,13050,-1,13044,13050,13051,-1,13046,13052,13053,-1,13054,13055,13046,-1,13046,13055,13056,-1,13046,13056,13052,-1,13053,13057,13046,-1,13046,13057,13058,-1,13046,13058,13059,-1,13051,13060,13044,-1,13044,13060,13061,-1,13044,13061,13062,-1,13044,13063,13064,-1,13064,13063,13065,-1,13066,13067,13068,-1,13040,13069,13046,-1,13046,13069,13070,-1,13046,13070,13054,-1,13062,13071,13044,-1,13044,13071,13072,-1,13044,13072,13063,-1,13059,13073,13046,-1,13046,13073,13074,-1,13046,13074,13044,-1,13044,13074,13075,-1,13044,13075,13048,-1,13066,13068,13076,-1,13077,13078,13079,-1,13079,13078,13080,-1,13079,13080,13065,-1,13065,13080,13081,-1,13065,13081,13064,-1,13040,13046,13041,-1,13041,13046,13082,-1,13041,13082,13068,-1,13068,13082,13083,-1,13068,13083,13076,-1,13084,13045,13064,-1,13064,13045,13044,-1,13085,13086,13084,-1,13087,13088,13045,-1,13089,13090,13045,-1,13045,13090,13091,-1,13045,13091,13092,-1,13088,13093,13045,-1,13045,13093,13094,-1,13045,13094,13089,-1,13095,13096,13047,-1,13047,13096,13097,-1,13047,13097,13098,-1,13098,13099,13047,-1,13047,13099,13100,-1,13047,13100,13101,-1,13084,13086,13045,-1,13045,13086,13102,-1,13045,13102,13087,-1,13101,13103,13047,-1,13047,13103,13104,-1,13047,13104,13105,-1,13105,13042,13047,-1,13047,13042,13043,-1,13047,13043,13106,-1,13106,13043,13107,-1,13092,13108,13045,-1,13045,13108,13109,-1,13045,13109,13047,-1,13047,13109,13110,-1,13047,13110,13095,-1,13084,13111,13085,-1,13085,13111,13112,-1,13085,13112,13113,-1,13113,13112,13114,-1,13113,13114,13115,-1,13107,13116,13117,-1,13117,13118,13107,-1,13107,13118,13119,-1,13107,13119,13106,-1,13082,13046,13106,-1,13106,13046,13047,-1,13065,13063,13085,-1,13085,13063,13086,-1,13094,13060,13089,-1,13089,13060,13051,-1,13089,13051,13090,-1,13090,13051,13050,-1,13090,13050,13091,-1,13091,13050,13049,-1,13091,13049,13092,-1,13092,13049,13048,-1,13092,13048,13108,-1,13108,13048,13075,-1,13108,13075,13109,-1,13109,13075,13074,-1,13109,13074,13110,-1,13110,13074,13073,-1,13110,13073,13095,-1,13095,13073,13059,-1,13095,13059,13096,-1,13096,13059,13058,-1,13096,13058,13097,-1,13097,13058,13057,-1,13097,13057,13098,-1,13098,13057,13053,-1,13098,13053,13099,-1,13099,13053,13052,-1,13099,13052,13100,-1,13100,13052,13056,-1,13065,13085,13113,-1,13065,13113,13079,-1,13079,13113,13115,-1,13079,13115,13077,-1,13077,13115,13114,-1,13077,13114,13078,-1,13078,13114,13112,-1,13078,13112,13080,-1,13080,13112,13111,-1,13080,13111,13081,-1,13081,13111,13084,-1,13081,13084,13064,-1,13086,13063,13072,-1,13086,13072,13102,-1,13102,13072,13071,-1,13102,13071,13087,-1,13087,13071,13062,-1,13087,13062,13088,-1,13088,13062,13061,-1,13088,13061,13093,-1,13093,13061,13060,-1,13093,13060,13094,-1,13100,13056,13055,-1,13100,13055,13101,-1,13101,13055,13054,-1,13101,13054,13103,-1,13103,13054,13070,-1,13103,13070,13104,-1,13104,13070,13069,-1,13104,13069,13105,-1,13105,13069,13040,-1,13105,13040,13042,-1,13043,13041,13068,-1,13043,13068,13107,-1,13107,13068,13067,-1,13107,13067,13116,-1,13116,13067,13066,-1,13116,13066,13117,-1,13117,13066,13076,-1,13117,13076,13118,-1,13118,13076,13083,-1,13118,13083,13119,-1,13119,13083,13082,-1,13119,13082,13106,-1,
        ]
    }
}
Shape{
    appearance Appearance {
        material  Material 	{
            diffuseColor 0.2235294117647059 0.2235294117647059 0.2235294117647059
            specularColor 0.06666666666666667 0.06666666666666667 0.06666666666666667
            ambientIntensity 0.2235
            transparency 0.0
            shininess 0.5
        }
    }
    geometry IndexedFaceSet {
        ccw TRUE
        solid FALSE
        coord DEF co Coordinate {
            point [
                1.3016 -1.5551 0.4882, 1.3016 -0.5417 0.4882, 1.2421 2.2244 0.4882, 1.5925 -0.5417 0.4882, -2.2224 2.2244 0.4882, -2.3287 1.1024 0.4882, -2.3287 0.532 0.4882, -2.3799 0.532 0.4882, -2.3799 0.5118 0.4882, -2.3799 0.3568 0.4882, -2.3799 -1.8504 0.4882, -2.3366 0.3568 0.4882, -2.3366 -1.8504 0.4882, -2.3366 -2.9331 0.4882, -2.2224 -2.9331 0.4882, -2.3366 0.5118 0.4882, 1.5925 2.3819 0.4882, 0.7874 2.3819 0.4882, 0.3504 2.3819 0.4882, -0.1496 2.3819 0.4882, -0.6496 2.3819 0.4882, -1.1496 2.3819 0.4882, -1.6496 2.3819 0.4882, -2.3366 1.1024 0.4882, -2.3366 2.3819 0.4882, -2.1526 2.3819 0.4882, 1.2421 2.2244 0.1457, 1.2423 2.2145 0.1457, 1.2458 1.9882 0.1457, 1.2861 -0.5709 0.1457, 1.3016 -1.5551 0.1457
            ]
        }
        coordIndex [
            0,1,2,-1,2,1,3,-1,4,5,6,-1,6,7,8,-1,9,10,11,-1,11,10,12,-1,13,14,12,-1,12,14,4,-1,12,4,11,-1,11,4,6,-1,11,6,15,-1,15,6,8,-1,3,16,2,-1,2,16,17,-1,2,17,18,-1,18,19,2,-1,2,19,20,-1,2,20,4,-1,4,20,21,-1,4,21,22,-1,23,5,24,-1,24,5,4,-1,24,4,25,-1,25,4,22,-1,26,27,2,-1,2,27,28,-1,2,28,0,-1,0,28,29,-1,0,29,30,-1,
        ]
    }
}
Shape{
    appearance Appearance {
        material  Material 	{
            diffuseColor 0.2980392156862745 0.2980392156862745 0.2980392156862745
            specularColor 0.09019607843137255 0.09019607843137255 0.09019607843137255
            ambientIntensity 0.298
            transparency 0.0
            shininess 0.5
        }
    }
    geometry IndexedFaceSet {
        ccw TRUE
        solid FALSE
        coord DEF co Coordinate {
            point [
                1.5925 -0.5417 0.4882, 1.5925 -0.5417 0.1457, 1.5925 2.3819 0.4882, 1.5925 1.9882 0.1457, 1.5925 2.3819 0.3634, 1.5925 2.3819 0.1457
            ]
        }
        coordIndex [
            0,1,2,-1,2,1,3,-1,2,3,4,-1,4,3,5,-1,
        ]
    }
}
Shape{
    appearance Appearance {
        material  Material 	{
            diffuseColor 0.2235294117647059 0.2235294117647059 0.2235294117647059
            specularColor 0.06666666666666667 0.06666666666666667 0.06666666666666667
            ambientIntensity 0.2235
            transparency 0.0
            shininess 0.5
        }
    }
    geometry IndexedFaceSet {
        ccw TRUE
        solid FALSE
        coord DEF co Coordinate {
            point [
                0.9548 -0.4795 0.0, 0.9087 -0.5976 0.0, 0.7959 -0.5983 0.0, -2.2106 -2.9331 0.0, -2.3366 -2.9331 0.0, -2.3366 -2.4016 0.0, -1.8189 -2.9331 0.0, -2.2106 -2.4016 0.0, 1.0196 -2.9331 0.0, 0.7959 -2.9331 0.0, 0.7959 -2.4016 0.0, 1.1305 -2.9331 0.0, 1.0196 -2.4016 0.0, 1.2169 -2.9331 0.0, 1.1305 -2.4016 0.0, -0.0531 -2.4016 0.0, -0.3169 -2.4016 0.0, -0.3169 -1.8898 0.0, -0.0531 -1.8898 0.0, 0.2106 -1.8898 0.0, 0.2106 -2.4016 0.0, 0.2106 -0.9646 0.0, -0.0531 -0.5983 0.0, 0.6831 -0.9646 0.0, 0.7959 -1.8898 0.0, 0.6831 -1.8898 0.0, 0.6831 -2.4016 0.0, 1.8015 -0.5983 0.0, 1.8015 -1.752 0.0, 1.6498 -1.8898 0.0, 1.9983 -1.752 0.0, 2.3366 -1.8898 0.0, 2.3366 -0.5983 0.0, 1.8015 2.185 0.0, 1.8015 -0.3276 0.0, 1.6498 -0.3276 0.0, 1.6498 -0.5983 0.0, 1.9983 -0.3276 0.0, 1.9983 2.185 0.0, 2.3366 2.3819 0.0, 1.6498 2.3819 0.0, 2.3366 -0.3276 0.0, 1.9983 -0.5983 0.0, -1.8189 -1.8898 0.0, -1.7894 -2.4016 0.0, -1.8189 -2.4016 0.0, -1.7894 -2.5394 0.0, -0.3169 -2.5394 0.0, -0.0531 -2.9331 0.0, -0.7894 -2.5394 0.0, -1.0531 -2.9331 0.0, -0.7894 -2.4016 0.0, -1.0531 -2.4016 0.0, -1.0531 -1.8898 0.0, -1.3169 -1.8898 0.0, -1.0531 -0.5983 0.0, -1.3169 -0.9646 0.0, -1.8189 -0.5983 0.0, -1.7894 -0.9646 0.0, -1.7894 -1.8898 0.0, 0.6831 -2.5394 0.0, 0.2106 -2.5394 0.0, -0.3169 -0.9646 0.0, -0.7894 -0.9646 0.0, -0.7894 -1.8898 0.0, 1.2284 -0.5785 0.0, 1.2284 -0.5915 0.0, 1.2169 -0.5983 0.0, 1.241 -0.5966 0.0, 1.2451 -0.5846 0.0, 1.2431 -0.5843 0.0, 1.2451 -0.4924 0.0, 1.2306 -0.5797 0.0, 1.2417 -0.4929 0.0, 1.2284 -0.4986 0.0, 1.2169 -0.3276 0.0, 1.2284 -0.4827 0.0, 1.2451 -0.3276 0.0, 1.2451 -0.4788 0.0, 1.2421 -0.479 0.0, 1.2561 -0.491 0.0, 1.2999 -0.5306 0.0, 1.2677 -0.4923 0.0, 1.2766 -0.4955 0.0, 1.3005 -0.5398 0.0, 1.2993 -0.5526 0.0, 1.2961 -0.5627 0.0, 1.2912 -0.5709 0.0, 1.2856 -0.5768 0.0, 1.2784 -0.5817 0.0, 1.2847 -0.501 0.0, 1.2919 -0.5088 0.0, 1.2968 -0.518 0.0, 1.2698 -0.5848 0.0, 1.2588 -0.5861 0.0, 1.2869 -0.5936 0.0, 1.2964 -0.5875 0.0, 1.3213 -0.5983 0.0, 1.3053 -0.5782 0.0, 1.3116 -0.5669 0.0, 1.3101 -0.5106 0.0, 1.3032 -0.4995 0.0, 1.3213 -0.3276 0.0, 1.2925 -0.4893 0.0, 1.2813 -0.4828 0.0, 1.2681 -0.479 0.0, 1.2562 -0.478 0.0, 1.3152 -0.5544 0.0, 1.3163 -0.5408 0.0, 1.3146 -0.524 0.0, 1.2451 -0.5972 0.0, 1.2451 -0.5983 0.0, 1.253 -0.5983 0.0, 1.2451 -1.8898 0.0, 1.2577 -0.599 0.0, 1.2609 -0.599 0.0, 1.3213 -1.8898 0.0, 1.2679 -0.5983 0.0, 1.2755 -0.5975 0.0, 1.3799 -2.0276 0.0, 1.3494 -2.0316 0.0, 1.4822 -2.0866 0.0, 1.4634 -2.0622 0.0, 1.439 -2.0434 0.0, 1.4105 -2.0316 0.0, 1.4105 -2.2598 0.0, 1.439 -2.248 0.0, 1.6498 -2.4016 0.0, 1.4634 -2.2292 0.0, 1.498 -2.1457 0.0, 1.494 -2.1151 0.0, 1.3799 -2.2638 0.0, 1.3213 -2.4016 0.0, 1.3494 -2.2598 0.0, 1.4822 -2.2047 0.0, 1.494 -2.1762 0.0, 1.3213 -2.0432 0.0, 1.2776 -2.2047 0.0, 1.2964 -2.2292 0.0, 1.2451 -2.4016 0.0, 1.3209 -2.248 0.0, 1.3213 -2.2482 0.0, 1.3209 -2.0434 0.0, 1.2964 -2.0622 0.0, 1.2776 -2.0866 0.0, 1.2658 -2.1151 0.0, 1.2618 -2.1457 0.0, 1.2658 -2.1762 0.0, 1.2451 -2.9331 0.0, 1.3213 -2.9331 0.0, 1.6498 -2.9331 0.0, 2.3366 -2.4016 0.0, 2.3366 -2.9331 0.0, -1.883 -2.2292 0.0, -1.8642 -2.2047 0.0, -1.8642 -2.0866 0.0, -1.883 -2.0622 0.0, -2.0256 -2.248 0.0, -2.0501 -2.2292 0.0, -2.0688 -2.2047 0.0, -2.2106 -1.8898 0.0, -2.0846 -2.1457 0.0, -2.0806 -2.1762 0.0, -1.9971 -2.2598 0.0, -1.9665 -2.2638 0.0, -1.9075 -2.0434 0.0, -1.936 -2.0316 0.0, -1.9665 -2.0276 0.0, -1.936 -2.2598 0.0, -1.9075 -2.248 0.0, -1.8524 -2.1762 0.0, -1.8484 -2.1457 0.0, -1.8524 -2.1151 0.0, -1.9971 -2.0316 0.0, -2.0256 -2.0434 0.0, -2.0501 -2.0622 0.0, -2.0688 -2.0866 0.0, -2.0806 -2.1151 0.0, -1.3169 -2.5394 0.0, -1.3169 -2.4016 0.0, 1.2169 -1.8898 0.0, 1.2169 -2.4016 0.0, 1.3264 -0.5846 0.0, 1.3264 -0.5976 0.0, 1.3869 -0.5976 0.0, 1.371 -0.5846 0.0, 1.371 -0.4795 0.0, 1.3869 -0.4795 0.0, 1.1305 -0.5983 0.0, 1.142 -0.5976 0.0, 1.2054 -0.5976 0.0, 1.1305 -1.8898 0.0, 1.2054 -0.4795 0.0, 1.142 -0.5846 0.0, 1.1305 -0.3276 0.0, 1.1449 -0.4924 0.0, 1.1449 -0.4795 0.0, 1.1896 -0.5443 0.0, 1.1896 -0.5846 0.0, 1.1478 -0.5443 0.0, 1.1478 -0.5313 0.0, 1.1896 -0.5313 0.0, 1.1896 -0.4924 0.0, 1.0463 -0.5851 0.0, 1.0196 -0.5983 0.0, 1.0366 -0.5758 0.0, 1.0298 -0.5652 0.0, 1.0686 -0.4813 0.0, 1.0548 -0.4862 0.0, 1.0196 -0.3276 0.0, 1.0419 -0.4948 0.0, 1.0586 -0.5923 0.0, 1.0722 -0.5963 0.0, 1.0869 -0.5976 0.0, 1.0856 -0.4795 0.0, 1.119 -0.4795 0.0, 1.119 -0.5976 0.0, 1.0418 -0.4949 0.0, 1.0334 -0.5041 0.0, 1.0279 -0.5143 0.0, 1.0196 -1.8898 0.0, 1.0248 -0.5259 0.0, 1.0239 -0.537 0.0, 1.0256 -0.5529 0.0, 0.9379 -0.5645 0.0, 0.9867 -0.5645 0.0, 0.926 -0.5976 0.0, 0.998 -0.5976 0.0, 1.0153 -0.5976 0.0, -1.8189 -0.3276 0.0, -1.0531 -0.3276 0.0, -0.0531 -0.3276 0.0, 0.7959 -0.3276 0.0, 0.9706 -0.4795 0.0, 1.3213 2.3819 0.0, 1.2451 2.3819 0.0, 1.2169 2.3819 0.0, 1.1305 2.3819 0.0, 1.0196 2.3819 0.0, 0.7959 2.3819 0.0, -0.0531 2.3819 0.0, 0.2106 1.7913 0.0, 0.2106 -0.1772 0.0, 0.6831 -0.1772 0.0, 0.6831 1.7913 0.0, 0.7874 2.3819 0.0, 0.3504 2.3819 0.0, -1.0531 2.3819 0.0, -0.6496 2.3819 0.0, -0.7894 1.7913 0.0, -0.1496 2.3819 0.0, -0.3169 1.7913 0.0, -0.3169 -0.1772 0.0, -0.7894 -0.1772 0.0, -1.8189 2.3819 0.0, -1.6496 2.3819 0.0, -1.7894 1.7913 0.0, -1.1496 2.3819 0.0, -1.3169 1.7913 0.0, -1.3169 -0.1772 0.0, -1.7894 -0.1772 0.0, -2.2106 -0.3276 0.0, -2.2106 2.3819 0.0, -2.1526 2.3819 0.0, -2.2106 -0.5983 0.0, -2.3366 -1.8898 0.0, -2.3366 -0.5983 0.0, -2.3366 -0.3276 0.0, -2.3366 2.3819 0.0, -2.2224 -2.9331 0.1457, -2.2224 -2.9331 0.4882, -2.3366 -2.9331 0.4882, 2.3366 -2.9331 0.4882, 2.1988 -2.9331 0.4882, 2.1988 -2.9331 0.5315, 1.6161 -2.9331 0.5315, 1.6161 -2.9331 0.4882, 1.3209 -2.9331 0.4882, 1.3209 -2.9331 0.1457, 1.2423 -2.9331 0.1457, -2.0059 -2.9331 0.1457, -1.0531 -2.9331 0.1457, -0.0531 -2.9331 0.1457, 1.3209 -2.7756 0.4882, 1.6161 -2.8386 0.4882, 1.3111 -2.1565 0.4882, 2.3366 -1.8504 0.4882, 2.3799 -1.8504 0.4882, 2.3799 0.3568 0.4882, 2.2224 2.3819 0.4882, 2.2224 -2.6892 0.4882, 2.1988 -2.8386 0.4882, 1.5925 -2.6892 0.4882, 1.5925 -2.1565 0.4882, 2.3799 0.5118 0.4882, 2.3799 0.532 0.4882, 2.3366 0.5118 0.4882, 2.3287 0.532 0.4882, 2.3366 0.3568 0.4882, 2.3287 1.1024 0.4882, 2.3366 2.3819 0.4882, 2.3366 1.1024 0.4882, 2.3799 0.5118 0.0827, 2.3799 1.1024 0.0827, 2.3799 0.532 0.4921, 2.3799 1.1024 0.4921, -2.3799 0.532 0.4921, -2.3799 1.1024 0.4921, -2.3799 0.532 0.4882, -2.3799 1.1024 0.0827, -2.3799 0.5118 0.4882, -2.3799 0.5118 0.0827, -2.3799 0.3568 0.4882, -2.3799 0.3568 0.0827, -2.3799 -1.8504 0.4882, -2.3799 -1.8504 0.0827
            ]
        }
        coordIndex [
            0,1,2,-1,3,4,5,-1,6,3,7,-1,8,9,10,-1,11,8,12,-1,13,11,14,-1,15,16,17,-1,18,19,20,-1,19,18,21,-1,21,18,22,-1,21,22,23,-1,22,2,23,-1,23,2,24,-1,23,24,25,-1,25,24,10,-1,25,10,26,-1,27,28,29,-1,28,30,31,-1,31,30,32,-1,33,34,35,-1,35,34,27,-1,35,27,36,-1,36,27,29,-1,37,38,39,-1,39,38,40,-1,39,41,37,-1,37,41,32,-1,37,32,42,-1,42,32,30,-1,43,44,45,-1,45,44,46,-1,16,15,47,-1,47,15,48,-1,47,48,49,-1,49,48,50,-1,49,50,51,-1,51,50,52,-1,51,52,53,-1,53,52,54,-1,53,54,55,-1,55,54,56,-1,55,56,57,-1,57,56,58,-1,57,58,43,-1,43,58,59,-1,43,59,44,-1,26,10,60,-1,60,10,9,-1,60,9,61,-1,61,9,48,-1,61,48,20,-1,20,48,15,-1,20,15,18,-1,18,15,17,-1,18,17,22,-1,22,17,62,-1,22,62,55,-1,55,62,63,-1,55,63,53,-1,53,63,64,-1,53,64,51,-1,65,66,67,-1,67,66,68,-1,69,70,71,-1,71,70,72,-1,71,72,73,-1,73,72,65,-1,73,65,74,-1,74,65,75,-1,74,75,76,-1,77,78,75,-1,75,78,79,-1,75,79,76,-1,71,80,81,-1,81,80,82,-1,81,82,83,-1,81,84,71,-1,71,84,85,-1,71,85,86,-1,86,87,71,-1,71,87,88,-1,71,88,89,-1,83,90,81,-1,81,90,91,-1,81,91,92,-1,89,93,71,-1,71,93,94,-1,71,94,69,-1,95,96,97,-1,97,96,98,-1,97,98,99,-1,100,101,102,-1,102,101,103,-1,103,104,102,-1,102,104,105,-1,102,105,77,-1,77,105,106,-1,77,106,78,-1,99,107,97,-1,97,107,108,-1,97,108,102,-1,102,108,109,-1,102,109,100,-1,68,110,111,-1,111,110,112,-1,111,112,113,-1,114,115,116,-1,116,115,117,-1,116,117,97,-1,97,117,118,-1,97,118,95,-1,116,119,120,-1,121,122,29,-1,29,122,123,-1,29,123,124,-1,125,126,127,-1,127,126,128,-1,127,129,29,-1,29,129,130,-1,29,130,121,-1,125,127,131,-1,131,127,132,-1,131,132,133,-1,128,134,127,-1,127,134,135,-1,127,135,129,-1,120,136,116,-1,116,136,113,-1,116,113,114,-1,114,113,112,-1,137,138,139,-1,139,138,140,-1,139,140,132,-1,132,140,141,-1,132,141,133,-1,136,142,113,-1,113,142,143,-1,113,143,144,-1,144,145,113,-1,113,145,146,-1,113,146,139,-1,139,146,147,-1,139,147,137,-1,148,139,149,-1,149,139,132,-1,149,132,150,-1,150,132,127,-1,28,31,29,-1,29,31,151,-1,29,151,127,-1,127,151,152,-1,127,152,150,-1,153,154,45,-1,43,155,156,-1,157,7,158,-1,158,7,159,-1,160,161,7,-1,7,161,162,-1,7,162,159,-1,163,164,45,-1,156,165,43,-1,43,165,166,-1,43,166,167,-1,164,168,45,-1,45,168,169,-1,45,169,153,-1,154,170,45,-1,45,170,171,-1,45,171,43,-1,43,171,172,-1,43,172,155,-1,167,173,160,-1,160,173,174,-1,160,174,175,-1,175,176,160,-1,160,176,177,-1,160,177,161,-1,157,163,7,-1,7,163,45,-1,7,45,6,-1,6,45,46,-1,6,46,50,-1,50,46,178,-1,50,178,52,-1,52,178,179,-1,52,179,54,-1,68,111,67,-1,67,111,113,-1,67,113,180,-1,180,113,139,-1,180,139,181,-1,181,139,148,-1,181,148,13,-1,102,182,97,-1,97,182,183,-1,97,183,184,-1,185,182,186,-1,186,182,102,-1,186,102,187,-1,187,102,35,-1,187,35,184,-1,184,35,36,-1,184,36,97,-1,97,36,29,-1,97,29,116,-1,116,29,124,-1,116,124,119,-1,188,189,190,-1,13,14,181,-1,181,14,191,-1,181,191,180,-1,180,191,188,-1,180,188,67,-1,67,188,190,-1,67,190,192,-1,189,188,193,-1,193,188,194,-1,193,194,195,-1,65,67,75,-1,75,67,192,-1,75,192,194,-1,194,192,196,-1,194,196,195,-1,197,198,199,-1,199,198,193,-1,199,193,200,-1,200,193,195,-1,200,195,201,-1,201,195,202,-1,203,204,205,-1,205,204,206,-1,207,208,209,-1,209,208,210,-1,203,211,204,-1,204,211,212,-1,204,212,213,-1,207,209,214,-1,214,209,194,-1,214,194,215,-1,215,194,188,-1,215,188,216,-1,210,217,209,-1,209,217,218,-1,209,218,219,-1,11,12,14,-1,14,12,220,-1,14,220,191,-1,191,220,204,-1,191,204,188,-1,188,204,213,-1,188,213,216,-1,219,221,209,-1,209,221,222,-1,209,222,204,-1,204,222,223,-1,204,223,206,-1,224,225,226,-1,226,225,227,-1,226,227,204,-1,204,227,228,-1,204,228,209,-1,8,10,12,-1,12,10,24,-1,12,24,220,-1,220,24,2,-1,220,2,204,-1,204,2,1,-1,204,1,226,-1,57,229,55,-1,55,229,230,-1,55,230,22,-1,22,230,231,-1,22,231,2,-1,2,231,232,-1,2,232,0,-1,0,232,233,-1,38,33,40,-1,40,33,35,-1,40,35,234,-1,234,35,102,-1,234,102,235,-1,235,102,77,-1,235,77,236,-1,236,77,75,-1,236,75,237,-1,237,75,194,-1,237,194,238,-1,238,194,209,-1,238,209,239,-1,240,241,231,-1,231,241,242,-1,231,242,232,-1,232,242,243,-1,232,243,244,-1,228,233,209,-1,209,233,232,-1,209,232,239,-1,239,232,244,-1,239,244,245,-1,245,244,241,-1,245,241,246,-1,246,241,240,-1,247,248,249,-1,249,248,250,-1,249,250,251,-1,251,250,240,-1,251,240,252,-1,252,240,231,-1,252,231,253,-1,253,231,230,-1,253,230,249,-1,249,230,247,-1,254,255,256,-1,256,255,257,-1,256,257,258,-1,258,257,247,-1,258,247,259,-1,259,247,230,-1,259,230,260,-1,260,230,229,-1,260,229,256,-1,256,229,254,-1,261,262,263,-1,167,160,43,-1,43,160,264,-1,43,264,57,-1,57,264,261,-1,57,261,229,-1,229,261,263,-1,229,263,254,-1,3,5,7,-1,7,5,265,-1,7,265,160,-1,160,265,266,-1,160,266,264,-1,264,266,267,-1,264,267,261,-1,261,267,268,-1,261,268,262,-1,269,270,271,-1,152,272,273,-1,274,275,273,-1,273,275,276,-1,273,276,152,-1,152,276,150,-1,276,277,150,-1,150,277,278,-1,150,278,149,-1,149,278,279,-1,279,8,11,-1,11,13,279,-1,279,13,148,-1,279,148,149,-1,271,4,269,-1,269,4,3,-1,269,3,280,-1,280,3,6,-1,280,6,281,-1,281,6,50,-1,281,50,282,-1,282,50,48,-1,282,48,279,-1,279,48,9,-1,279,9,8,-1,277,276,283,-1,283,276,284,-1,283,284,285,-1,286,287,288,-1,289,290,286,-1,286,290,272,-1,273,272,291,-1,291,272,290,-1,291,290,284,-1,284,290,292,-1,284,292,285,-1,285,292,293,-1,294,295,296,-1,296,295,297,-1,296,297,298,-1,288,298,286,-1,286,298,297,-1,286,297,289,-1,289,297,299,-1,289,299,300,-1,300,299,301,-1,294,302,295,-1,295,302,303,-1,295,303,304,-1,304,303,305,-1,306,307,308,-1,308,307,309,-1,308,309,310,-1,310,309,311,-1,312,313,314,-1,314,313,315,-1,
        ]
    }
}
Shape{
    appearance Appearance {
        material  Material 	{
            diffuseColor 0.2980392156862745 0.2980392156862745 0.2980392156862745
            specularColor 0.09019607843137255 0.09019607843137255 0.09019607843137255
            ambientIntensity 0.298
            transparency 0.0
            shininess 0.5
        }
    }
    geometry IndexedFaceSet {
        ccw TRUE
        solid FALSE
        coord DEF co Coordinate {
            point [
                2.2224 2.3819 0.4882, 2.3366 2.3819 0.4882, 2.2224 2.3819 0.3634, 2.3366 2.3819 0.3634, 2.2224 2.3819 0.1457, 2.3366 2.3819 0.0, 1.5925 2.3819 0.1457, 1.6498 2.3819 0.0, 1.0433 2.3819 0.1993, 1.2169 2.3819 0.0, 1.1305 2.3819 0.0, 1.0433 2.3819 0.2387, 1.3213 2.3819 0.0, 1.2451 2.3819 0.0, 1.0196 2.3819 0.0, 0.7959 2.3819 0.0, 0.9055 2.3819 0.1993, 0.7874 2.3819 0.0, 0.9055 2.3819 0.2387, 0.7874 2.3819 0.3634, 1.5925 2.3819 0.3634, 1.5925 2.3819 0.4882, -2.3366 2.3819 0.0, -2.3366 2.3819 0.3634, -2.2106 2.3819 0.0, -2.1526 2.3819 0.3634, -2.1526 2.3819 0.0, -1.6496 2.3819 0.3634, -1.6496 2.3819 0.0, -1.8307 2.3819 0.1993, -1.8189 2.3819 0.0, -1.9685 2.3819 0.1993, -1.9685 2.3819 0.2387, -1.8307 2.3819 0.2387, -1.3307 2.3819 0.1993, -1.1496 2.3819 0.0, -1.4685 2.3819 0.1993, -1.4685 2.3819 0.2387, -1.3307 2.3819 0.2387, -1.1496 2.3819 0.3634, -0.9685 2.3819 0.1993, -0.9685 2.3819 0.2387, -0.8307 2.3819 0.2387, -0.6496 2.3819 0.3634, -0.8307 2.3819 0.1993, -0.6496 2.3819 0.0, -1.0531 2.3819 0.0, -0.3307 2.3819 0.1993, -0.1496 2.3819 0.0, -0.4685 2.3819 0.1993, -0.4685 2.3819 0.2387, -0.3307 2.3819 0.2387, -0.1496 2.3819 0.3634, 0.0315 2.3819 0.1993, 0.0315 2.3819 0.2387, 0.1693 2.3819 0.2387, 0.3504 2.3819 0.3634, 0.1693 2.3819 0.1993, 0.3504 2.3819 0.0, -0.0531 2.3819 0.0, 0.6693 2.3819 0.1993, 0.5315 2.3819 0.1993, 0.5315 2.3819 0.2387, 0.6693 2.3819 0.2387, 0.7874 2.3819 0.4882, 0.3504 2.3819 0.4882, -0.1496 2.3819 0.4882, -0.6496 2.3819 0.4882, -1.1496 2.3819 0.4882, -1.6496 2.3819 0.4882, -2.1526 2.3819 0.4882, -2.3366 2.3819 0.4882
            ]
        }
        coordIndex [
            0,1,2,-1,2,1,3,-1,2,3,4,-1,4,3,5,-1,4,5,6,-1,6,5,7,-1,8,9,10,-1,11,12,8,-1,8,12,13,-1,8,13,9,-1,10,14,8,-1,8,14,15,-1,8,15,16,-1,16,15,17,-1,16,17,18,-1,18,17,19,-1,18,19,11,-1,7,12,6,-1,6,12,11,-1,6,11,20,-1,20,11,19,-1,20,19,21,-1,22,23,24,-1,24,23,25,-1,24,25,26,-1,27,28,29,-1,29,28,30,-1,29,30,31,-1,31,30,26,-1,31,26,32,-1,32,26,25,-1,32,25,33,-1,33,25,27,-1,33,27,29,-1,34,35,36,-1,36,35,28,-1,36,28,37,-1,37,28,27,-1,37,27,38,-1,38,27,39,-1,38,39,34,-1,34,39,35,-1,40,35,41,-1,41,35,39,-1,41,39,42,-1,42,39,43,-1,42,43,44,-1,44,43,45,-1,44,45,40,-1,40,45,46,-1,40,46,35,-1,47,48,49,-1,49,48,45,-1,49,45,50,-1,50,45,43,-1,50,43,51,-1,51,43,52,-1,51,52,47,-1,47,52,48,-1,53,48,54,-1,54,48,52,-1,54,52,55,-1,55,52,56,-1,55,56,57,-1,57,56,58,-1,57,58,53,-1,53,58,59,-1,53,59,48,-1,60,17,61,-1,61,17,58,-1,61,58,62,-1,62,58,56,-1,62,56,63,-1,63,56,19,-1,63,19,60,-1,60,19,17,-1,21,19,64,-1,64,19,56,-1,64,56,65,-1,65,56,52,-1,65,52,66,-1,66,52,43,-1,66,43,67,-1,67,43,39,-1,67,39,68,-1,68,39,27,-1,68,27,69,-1,69,27,25,-1,69,25,70,-1,70,25,23,-1,70,23,71,-1,
        ]
    }
}
Shape{
    appearance Appearance {
        material  Material 	{
            diffuseColor 0.2235294117647059 0.2235294117647059 0.2235294117647059
            specularColor 0.06666666666666667 0.06666666666666667 0.06666666666666667
            ambientIntensity 0.2235
            transparency 0.0
            shininess 0.5
        }
    }
    geometry IndexedFaceSet {
        ccw TRUE
        solid FALSE
        coord DEF co Coordinate {
            point [
                -2.3287 1.1024 0.5315, -2.3406 1.1024 0.5315, -2.3287 0.532 0.5315, -2.3406 0.532 0.5315, 2.1988 -2.8386 0.5315, 1.6161 -2.8386 0.5315, 2.1988 -2.9331 0.5315, 1.6161 -2.9331 0.5315, 2.3287 0.532 0.5315, 2.3406 0.532 0.5315, 2.3287 1.1024 0.5315, 2.3406 1.1024 0.5315, 2.3799 0.3568 0.4882, 2.3799 -1.8504 0.4882, 2.3799 0.3568 0.0827, 2.3799 -1.8504 0.0827, 1.3209 -2.7756 0.1457, 1.3209 -2.7756 0.4882, 1.3111 -2.1565 0.1457, 1.3111 -2.1565 0.4882, 1.3209 -2.9331 0.4882, 1.3209 -2.9331 0.1457, -2.2224 -2.9331 0.1457, -2.2224 -2.1457 0.1457, -2.2224 -2.9331 0.4882, -2.2224 -0.5709 0.1457, -2.2224 2.2244 0.4882, -2.2224 1.9882 0.1457, -2.2224 2.2244 0.1457, -2.0059 2.2244 0.1457, -1.0531 2.2244 0.1457, -0.0531 2.2244 0.1457, 1.2421 2.2244 0.4882, 1.2421 2.2244 0.1457
            ]
        }
        coordIndex [
            0,1,2,-1,2,1,3,-1,4,5,6,-1,6,5,7,-1,8,9,10,-1,10,9,11,-1,12,13,14,-1,14,13,15,-1,16,17,18,-1,18,17,19,-1,17,16,20,-1,20,16,21,-1,22,23,24,-1,24,23,25,-1,24,25,26,-1,26,25,27,-1,26,27,28,-1,26,28,29,-1,29,30,26,-1,26,30,31,-1,26,31,32,-1,32,31,33,-1,
        ]
    }
}
Shape{
    appearance Appearance {
        material  Material 	{
            diffuseColor 0.2980392156862745 0.2980392156862745 0.2980392156862745
            specularColor 0.09019607843137255 0.09019607843137255 0.09019607843137255
            ambientIntensity 0.298
            transparency 0.0
            shininess 0.5
        }
    }
    geometry IndexedFaceSet {
        ccw TRUE
        solid FALSE
        coord DEF co Coordinate {
            point [
                1.5925 -2.1565 0.4882, 1.5925 -2.6892 0.4882, 1.5925 -2.1565 0.1457, 1.5925 -2.6892 0.1457, 2.2224 2.3819 0.3634, 2.2224 2.3819 0.1457, 2.2224 1.9882 0.1457, 2.2224 2.3819 0.4882, 2.2224 -0.5709 0.1457, 2.2224 -2.6892 0.4882, 2.2224 -2.1457 0.1457, 2.2224 -2.6892 0.1457, 2.3406 1.1024 0.5315, 2.3406 0.532 0.5315, 2.3507 0.532 0.5302, 2.3507 1.1024 0.5302, 2.3602 0.532 0.5262, 2.3602 1.1024 0.5262, 2.3684 0.532 0.52, 2.3684 1.1024 0.52, 2.3746 0.532 0.5118, 2.3746 1.1024 0.5118, 2.3786 0.532 0.5023, 2.3786 1.1024 0.5023, 2.3799 0.532 0.4921, 2.3799 1.1024 0.4921, -2.3406 0.532 0.5315, -2.3406 1.1024 0.5315, -2.3507 1.1024 0.5302, -2.3507 0.532 0.5302, -2.3602 1.1024 0.5262, -2.3602 0.532 0.5262, -2.3684 1.1024 0.52, -2.3684 0.532 0.52, -2.3746 1.1024 0.5118, -2.3746 0.532 0.5118, -2.3786 1.1024 0.5023, -2.3786 0.532 0.5023, -2.3799 1.1024 0.4921, -2.3799 0.532 0.4921
            ]
        }
        coordIndex [
            0,1,2,-1,2,1,3,-1,4,5,6,-1,4,6,7,-1,7,6,8,-1,7,8,9,-1,9,8,10,-1,9,10,11,-1,11,3,9,-1,9,3,1,-1,12,13,14,-1,12,14,15,-1,15,14,16,-1,15,16,17,-1,17,16,18,-1,17,18,19,-1,19,18,20,-1,19,20,21,-1,21,20,22,-1,21,22,23,-1,23,22,24,-1,23,24,25,-1,26,27,28,-1,26,28,29,-1,29,28,30,-1,29,30,31,-1,31,30,32,-1,31,32,33,-1,33,32,34,-1,33,34,35,-1,35,34,36,-1,35,36,37,-1,37,36,38,-1,37,38,39,-1,
        ]
    }
}
Shape{
    appearance Appearance {
        material  Material 	{
            diffuseColor 0.2235294117647059 0.2235294117647059 0.2235294117647059
            specularColor 0.06666666666666667 0.06666666666666667 0.06666666666666667
            ambientIntensity 0.2235
            transparency 0.0
            shininess 0.5
        }
    }
    geometry IndexedFaceSet {
        ccw TRUE
        solid FALSE
        coord DEF co Coordinate {
            point [
                1.9983 2.185 0.0, 1.9983 1.9882 0.0, 1.9983 2.185 0.1457, 1.9983 -0.5709 0.0, 1.9983 -1.752 0.1457, 1.9983 -1.752 0.0, 1.8015 2.185 0.0, 1.8015 2.185 0.1457, 1.8015 -0.5709 0.1457, 1.8015 -1.752 0.1457, 1.8015 -1.752 0.0, 1.8015 -0.5983 0.0, 1.8015 -0.3276 0.0, 1.8015 1.9882 0.1457, 1.2423 2.2145 0.1457, 1.2421 2.2244 0.1457, -0.0531 2.2244 0.1457, 1.3016 -0.5709 0.1457, 1.3016 -1.5551 0.1457, 1.2423 -2.1457 0.1457, 1.2423 -0.5709 0.1457, 1.3016 -0.5417 0.1457, 1.5925 -0.5417 0.1457, 1.5925 1.9882 0.1457, 1.5925 2.3819 0.1457, 2.2224 2.3819 0.1457, 2.2224 1.9882 0.1457, 1.9983 1.9882 0.1457, 2.2224 -0.5709 0.1457, 1.9983 -0.5709 0.1457, 2.2224 -2.1457 0.1457, 0.2106 -2.5394 0.1457, -0.0531 -2.9331 0.1457, 0.6831 -2.5394 0.1457, 1.2423 -2.9331 0.1457, 0.6831 -2.1457 0.1457, 0.6831 -0.9646 0.1457, 0.2106 -0.9646 0.1457, -0.0531 -0.5709 0.1457, 0.2106 -2.1457 0.1457, -0.0531 -2.1457 0.1457, -1.3169 -0.9646 0.1457, -1.0531 -0.5709 0.1457, -1.7894 -0.9646 0.1457, -2.0059 -0.5709 0.1457, -1.7894 -2.1457 0.1457, -2.0059 -2.1457 0.1457, -1.7894 -2.5394 0.1457, -2.0059 -2.9331 0.1457, -1.3169 -2.5394 0.1457, -1.0531 -2.9331 0.1457, -1.3169 -2.1457 0.1457, -1.0531 -2.1457 0.1457, -0.7894 -2.5394 0.1457, -0.3169 -2.5394 0.1457, -0.3169 -2.1457 0.1457, -0.3169 -0.9646 0.1457, -0.7894 -0.9646 0.1457, -0.7894 -2.1457 0.1457, 1.3209 -2.9331 0.1457, 1.3209 -2.7756 0.1457, 1.3111 -2.1565 0.1457, 1.5925 -2.1565 0.1457, 1.5925 -2.6892 0.1457, 2.2224 -2.6892 0.1457, -0.0531 1.9882 0.1457, -1.0531 2.2244 0.1457, -1.0531 1.9882 0.1457, -2.0059 2.2244 0.1457, -2.0059 1.9882 0.1457, 1.2861 -0.5709 0.1457, 1.2458 1.9882 0.1457, 1.2423 1.9882 0.1457, 0.6831 1.7913 0.1457, 0.2106 1.7913 0.1457, 0.2106 -0.1772 0.1457, 0.6831 -0.1772 0.1457, -0.3169 1.7913 0.1457, -0.7894 1.7913 0.1457, -0.7894 -0.1772 0.1457, -0.3169 -0.1772 0.1457, -1.7894 1.7913 0.1457, -1.7894 -0.1772 0.1457, -1.3169 -0.1772 0.1457, -1.3169 1.7913 0.1457, -2.2224 2.2244 0.1457, -2.2224 1.9882 0.1457, -2.2224 -0.5709 0.1457, -2.2224 -2.1457 0.1457, -2.2224 -2.9331 0.1457, -1.7894 -0.1772 0.0, -1.7894 0.8071 0.1457, -1.7894 1.7913 0.0, -1.3169 -0.1772 0.0, -1.3169 1.7913 0.0, -1.3169 0.8071 0.1457, 0.2106 -0.9646 0.0, 0.6831 -0.9646 0.0, 0.2106 -2.1457 0.0, 0.2106 -2.5394 0.0, 0.6831 -2.5394 0.0, 0.6831 -2.1457 0.0, -1.7894 -0.9646 0.0, -1.7894 -2.1457 0.0, -1.7894 -2.5394 0.0, -1.3169 -2.5394 0.0, -1.3169 -0.9646 0.0, -1.3169 -2.1457 0.0, -0.3169 -0.1772 0.0, -0.7894 -0.1772 0.0, -0.3169 1.7913 0.0, -0.3169 0.8071 0.1457, -0.7894 1.7913 0.0, -0.7894 0.8071 0.1457, 0.6831 -0.1772 0.0, 0.2106 -0.1772 0.0, 0.6831 1.7913 0.0, 0.6831 0.8071 0.1457, 0.2106 1.7913 0.0, 0.2106 0.8071 0.1457, -0.7894 -0.9646 0.0, -0.3169 -0.9646 0.0, -0.7894 -2.1457 0.0, -0.7894 -2.5394 0.0, -0.3169 -2.5394 0.0, -0.3169 -2.1457 0.0
            ]
        }
        coordIndex [
            0,1,2,-1,2,1,3,-1,2,3,4,-1,4,3,5,-1,6,0,7,-1,7,0,2,-1,8,9,10,-1,10,11,8,-1,8,11,12,-1,8,12,13,-1,13,12,6,-1,13,6,7,-1,5,10,4,-1,4,10,9,-1,14,15,16,-1,8,17,9,-1,9,17,18,-1,9,18,19,-1,19,18,20,-1,21,17,22,-1,22,17,8,-1,22,8,23,-1,23,8,13,-1,23,13,24,-1,24,13,7,-1,24,7,25,-1,25,7,2,-1,25,2,26,-1,26,2,27,-1,26,27,28,-1,28,27,29,-1,28,29,30,-1,30,29,4,-1,31,32,33,-1,33,32,34,-1,33,34,35,-1,35,34,19,-1,35,19,36,-1,36,19,20,-1,36,20,37,-1,37,20,38,-1,37,38,39,-1,39,38,40,-1,39,40,31,-1,31,40,32,-1,41,42,43,-1,43,42,44,-1,43,44,45,-1,45,44,46,-1,45,46,47,-1,47,46,48,-1,47,48,49,-1,49,48,50,-1,49,50,51,-1,51,50,52,-1,51,52,41,-1,41,52,42,-1,53,50,54,-1,54,50,32,-1,54,32,55,-1,55,32,40,-1,55,40,56,-1,56,40,38,-1,56,38,57,-1,57,38,42,-1,57,42,58,-1,58,42,52,-1,58,52,53,-1,53,52,50,-1,34,59,60,-1,34,60,19,-1,19,60,61,-1,19,61,62,-1,63,64,62,-1,62,64,30,-1,62,30,19,-1,19,30,4,-1,19,4,9,-1,65,66,67,-1,67,66,68,-1,67,68,69,-1,18,70,20,-1,20,70,71,-1,20,71,72,-1,72,71,14,-1,72,14,65,-1,65,14,16,-1,65,16,66,-1,73,72,74,-1,74,72,65,-1,74,65,75,-1,75,65,38,-1,75,38,76,-1,76,38,20,-1,76,20,73,-1,73,20,72,-1,77,65,78,-1,78,65,67,-1,78,67,79,-1,79,67,42,-1,79,42,80,-1,80,42,38,-1,80,38,77,-1,77,38,65,-1,81,69,82,-1,82,69,44,-1,82,44,83,-1,83,44,42,-1,83,42,84,-1,84,42,67,-1,84,67,81,-1,81,67,69,-1,68,85,69,-1,69,85,86,-1,69,86,44,-1,44,86,87,-1,44,87,46,-1,46,87,88,-1,46,88,48,-1,48,88,89,-1,82,90,91,-1,91,90,92,-1,91,92,81,-1,93,90,83,-1,83,90,82,-1,84,94,95,-1,95,94,93,-1,95,93,83,-1,92,94,81,-1,81,94,84,-1,96,97,37,-1,37,97,36,-1,96,37,98,-1,98,37,31,-1,98,31,99,-1,100,99,33,-1,33,99,31,-1,36,97,33,-1,33,97,101,-1,33,101,100,-1,102,43,103,-1,103,43,47,-1,103,47,104,-1,105,104,49,-1,49,104,47,-1,41,106,49,-1,49,106,107,-1,49,107,105,-1,102,106,43,-1,43,106,41,-1,108,109,80,-1,80,109,79,-1,77,110,111,-1,111,110,108,-1,111,108,80,-1,112,110,78,-1,78,110,77,-1,79,109,113,-1,113,109,112,-1,113,112,78,-1,114,115,76,-1,76,115,75,-1,73,116,117,-1,117,116,114,-1,117,114,76,-1,118,116,74,-1,74,116,73,-1,75,115,119,-1,119,115,118,-1,119,118,74,-1,120,121,57,-1,57,121,56,-1,120,57,122,-1,122,57,53,-1,122,53,123,-1,124,123,54,-1,54,123,53,-1,56,121,54,-1,54,121,125,-1,54,125,124,-1,
        ]
    }
}
Shape{
    appearance Appearance {
        material  Material 	{
            diffuseColor 0.9686274509803922 0.8784313725490196 0.6
            specularColor 0.6784313725490196 0.615686274509804 0.4196078431372549
            ambientIntensity 0.8737
            transparency 0.0
            shininess 0.5
        }
    }
    geometry IndexedFaceSet {
        ccw TRUE
        solid FALSE
        coord DEF co Coordinate {
            point [
                -1.8307 2.7559 0.0, -1.8307 2.5 0.0, -1.8504 2.7756 0.0, -1.9685 2.5 0.0, -1.9685 2.7559 0.0, -1.9488 2.7756 0.0, -1.8406 2.773 0.0, -1.8365 2.7698 0.0, -1.8333 2.7657 0.0, -1.9659 2.7657 0.0, -1.9627 2.7698 0.0, -1.9587 2.773 0.0, -1.8453 2.7749 0.0, -1.8314 2.761 0.0, -1.9678 2.761 0.0, -1.9539 2.7749 0.0, -1.8504 2.7756 0.0394, -1.9488 2.7756 0.0394, -1.9685 2.7559 0.0394, -1.9685 2.5197 0.0394, -1.8307 2.5197 0.0394, -1.8333 2.7657 0.0394, -1.8365 2.7698 0.0394, -1.8406 2.773 0.0394, -1.8307 2.7559 0.0394, -1.8314 2.761 0.0394, -1.8453 2.7749 0.0394, -1.9587 2.773 0.0394, -1.9627 2.7698 0.0394, -1.9659 2.7657 0.0394, -1.9539 2.7749 0.0394, -1.9678 2.761 0.0394, -1.9685 2.5 0.0591, -1.9685 2.5 0.16, -1.8307 2.5 0.0591, -1.8307 2.5 0.16, -1.9685 2.4973 0.1803, -1.8307 2.4973 0.1803, -1.9685 2.4895 0.1993, -1.8307 2.4895 0.1993, -1.9685 2.4769 0.2156, -1.8307 2.4769 0.2156, -1.9685 2.4606 0.2282, -1.8307 2.4606 0.2282, -1.9685 2.4416 0.236, -1.8307 2.4416 0.236, -1.9685 2.4213 0.2387, -1.8307 2.4213 0.2387, -1.8307 2.3819 0.2387, -1.9685 2.3819 0.2387, -1.8307 2.4213 0.1993, -1.8307 2.3819 0.1993, -1.9685 2.4213 0.1993, -1.9685 2.3819 0.1993, -1.8307 2.4314 0.198, -1.9685 2.4314 0.198, -1.8307 2.4409 0.1941, -1.9685 2.4409 0.1941, -1.8307 2.4491 0.1878, -1.9685 2.4491 0.1878, -1.8307 2.4554 0.1796, -1.9685 2.4554 0.1796, -1.8307 2.4593 0.1701, -1.9685 2.4593 0.1701, -1.8307 2.4606 0.16, -1.9685 2.4606 0.16, -1.8307 2.4606 0.0394, -1.9685 2.4606 0.0394, -1.9685 2.462 0.0292, -1.8307 2.462 0.0292, -1.9685 2.4659 0.0197, -1.8307 2.4659 0.0197, -1.9685 2.4722 0.0115, -1.8307 2.4722 0.0115, -1.9685 2.4803 0.0053, -1.8307 2.4803 0.0053, -1.9685 2.4898 0.0013, -1.8307 2.4898 0.0013, -1.8307 2.5026 0.0492, -1.8307 2.5058 0.0451, -1.8307 2.5007 0.054, -1.8307 2.5098 0.042, -1.8307 2.5146 0.04, -1.9685 2.5098 0.042, -1.9685 2.5058 0.0451, -1.9685 2.5007 0.054, -1.9685 2.5026 0.0492, -1.9685 2.5146 0.04, -1.3307 2.7559 0.0, -1.3307 2.5 0.0, -1.3504 2.7756 0.0, -1.4539 2.7749 0.0, -1.4488 2.7756 0.0, -1.4685 2.7559 0.0, -1.4685 2.5 0.0, -1.4659 2.7657 0.0, -1.4627 2.7698 0.0, -1.4587 2.773 0.0, -1.3406 2.773 0.0, -1.3365 2.7698 0.0, -1.3333 2.7657 0.0, -1.3453 2.7749 0.0, -1.3314 2.761 0.0, -1.4678 2.761 0.0, -1.3504 2.7756 0.0394, -1.4488 2.7756 0.0394, -1.3453 2.7749 0.0394, -1.3307 2.7559 0.0394, -1.3307 2.5197 0.0394, -1.3333 2.7657 0.0394, -1.3365 2.7698 0.0394, -1.3406 2.773 0.0394, -1.4685 2.5197 0.0394, -1.4685 2.7559 0.0394, -1.3314 2.761 0.0394, -1.4587 2.773 0.0394, -1.4627 2.7698 0.0394, -1.4659 2.7657 0.0394, -1.4539 2.7749 0.0394, -1.4678 2.761 0.0394, -1.4685 2.5 0.0591, -1.4685 2.5 0.16, -1.3307 2.5 0.0591, -1.3307 2.5 0.16, -1.4685 2.4973 0.1803, -1.3307 2.4973 0.1803, -1.4685 2.4895 0.1993, -1.3307 2.4895 0.1993, -1.4685 2.4769 0.2156, -1.3307 2.4769 0.2156, -1.4685 2.4606 0.2282, -1.3307 2.4606 0.2282, -1.4685 2.4416 0.236, -1.3307 2.4416 0.236, -1.4685 2.4213 0.2387, -1.3307 2.4213 0.2387, -1.3307 2.3819 0.2387, -1.4685 2.3819 0.2387, -1.3307 2.4213 0.1993, -1.3307 2.3819 0.1993, -1.4685 2.4213 0.1993, -1.4685 2.3819 0.1993, -1.3307 2.4314 0.198, -1.4685 2.4314 0.198, -1.3307 2.4409 0.1941, -1.4685 2.4409 0.1941, -1.3307 2.4491 0.1878, -1.4685 2.4491 0.1878, -1.3307 2.4554 0.1796, -1.4685 2.4554 0.1796, -1.3307 2.4593 0.1701, -1.4685 2.4593 0.1701, -1.3307 2.4606 0.16, -1.4685 2.4606 0.16, -1.3307 2.4606 0.0394, -1.4685 2.4606 0.0394, -1.4685 2.462 0.0292, -1.3307 2.462 0.0292, -1.4685 2.4659 0.0197, -1.3307 2.4659 0.0197, -1.4685 2.4722 0.0115, -1.3307 2.4722 0.0115, -1.4685 2.4803 0.0053, -1.3307 2.4803 0.0053, -1.4685 2.4898 0.0013, -1.3307 2.4898 0.0013, -1.3307 2.5026 0.0492, -1.3307 2.5058 0.0451, -1.3307 2.5007 0.054, -1.3307 2.5098 0.042, -1.3307 2.5146 0.04, -1.4685 2.5098 0.042, -1.4685 2.5058 0.0451, -1.4685 2.5007 0.054, -1.4685 2.5026 0.0492, -1.4685 2.5146 0.04, -0.8307 2.7559 0.0, -0.8307 2.5 0.0, -0.8504 2.7756 0.0, -0.9539 2.7749 0.0, -0.9488 2.7756 0.0, -0.9685 2.7559 0.0, -0.9685 2.5 0.0, -0.9659 2.7657 0.0, -0.9627 2.7698 0.0, -0.9587 2.773 0.0, -0.8406 2.773 0.0, -0.8365 2.7698 0.0, -0.8333 2.7657 0.0, -0.8453 2.7749 0.0, -0.8314 2.761 0.0, -0.9678 2.761 0.0, -0.8504 2.7756 0.0394, -0.9488 2.7756 0.0394, -0.8453 2.7749 0.0394, -0.8307 2.7559 0.0394, -0.8307 2.5197 0.0394, -0.8333 2.7657 0.0394, -0.8365 2.7698 0.0394, -0.8406 2.773 0.0394, -0.9685 2.5197 0.0394, -0.9685 2.7559 0.0394, -0.8314 2.761 0.0394, -0.9587 2.773 0.0394, -0.9627 2.7698 0.0394, -0.9659 2.7657 0.0394, -0.9539 2.7749 0.0394, -0.9678 2.761 0.0394, -0.9685 2.5 0.0591, -0.9685 2.5 0.16, -0.8307 2.5 0.0591, -0.8307 2.5 0.16, -0.9685 2.4973 0.1803, -0.8307 2.4973 0.1803, -0.9685 2.4895 0.1993, -0.8307 2.4895 0.1993, -0.9685 2.4769 0.2156, -0.8307 2.4769 0.2156, -0.9685 2.4606 0.2282, -0.8307 2.4606 0.2282, -0.9685 2.4416 0.236, -0.8307 2.4416 0.236, -0.9685 2.4213 0.2387, -0.8307 2.4213 0.2387, -0.8307 2.3819 0.2387, -0.9685 2.3819 0.2387, -0.8307 2.4213 0.1993, -0.8307 2.3819 0.1993, -0.9685 2.4213 0.1993, -0.9685 2.3819 0.1993, -0.8307 2.4314 0.198, -0.9685 2.4314 0.198, -0.8307 2.4409 0.1941, -0.9685 2.4409 0.1941, -0.8307 2.4491 0.1878, -0.9685 2.4491 0.1878, -0.8307 2.4554 0.1796, -0.9685 2.4554 0.1796, -0.8307 2.4593 0.1701, -0.9685 2.4593 0.1701, -0.8307 2.4606 0.16, -0.9685 2.4606 0.16, -0.8307 2.4606 0.0394, -0.9685 2.4606 0.0394, -0.9685 2.462 0.0292, -0.8307 2.462 0.0292, -0.9685 2.4659 0.0197, -0.8307 2.4659 0.0197, -0.9685 2.4722 0.0115, -0.8307 2.4722 0.0115, -0.9685 2.4803 0.0053, -0.8307 2.4803 0.0053, -0.9685 2.4898 0.0013, -0.8307 2.4898 0.0013, -0.8307 2.5026 0.0492, -0.8307 2.5058 0.0451, -0.8307 2.5007 0.054, -0.8307 2.5098 0.042, -0.8307 2.5146 0.04, -0.9685 2.5098 0.042, -0.9685 2.5058 0.0451, -0.9685 2.5007 0.054, -0.9685 2.5026 0.0492, -0.9685 2.5146 0.04, -0.4539 2.7749 0.0, -0.4488 2.7756 0.0, -0.4685 2.7559 0.0, -0.4685 2.5 0.0, -0.4659 2.7657 0.0, -0.4627 2.7698 0.0, -0.4587 2.773 0.0, -0.3307 2.5 0.0, -0.3504 2.7756 0.0, -0.3307 2.7559 0.0, -0.3453 2.7749 0.0, -0.3406 2.773 0.0, -0.3365 2.7698 0.0, -0.3333 2.7657 0.0, -0.3314 2.761 0.0, -0.4678 2.761 0.0, -0.3504 2.7756 0.0394, -0.4488 2.7756 0.0394, -0.3453 2.7749 0.0394, -0.3307 2.7559 0.0394, -0.3307 2.5197 0.0394, -0.3333 2.7657 0.0394, -0.3365 2.7698 0.0394, -0.3406 2.773 0.0394, -0.3314 2.761 0.0394, -0.4685 2.5197 0.0394, -0.4685 2.7559 0.0394, -0.4539 2.7749 0.0394, -0.4587 2.773 0.0394, -0.4627 2.7698 0.0394, -0.4659 2.7657 0.0394, -0.4678 2.761 0.0394, -0.4685 2.5 0.0591, -0.4685 2.5 0.16, -0.3307 2.5 0.0591, -0.3307 2.5 0.16, -0.4685 2.4973 0.1803, -0.3307 2.4973 0.1803, -0.4685 2.4895 0.1993, -0.3307 2.4895 0.1993, -0.4685 2.4769 0.2156, -0.3307 2.4769 0.2156, -0.4685 2.4606 0.2282, -0.3307 2.4606 0.2282, -0.4685 2.4416 0.236, -0.3307 2.4416 0.236, -0.4685 2.4213 0.2387, -0.3307 2.4213 0.2387, -0.3307 2.3819 0.2387, -0.4685 2.3819 0.2387, -0.3307 2.4213 0.1993, -0.3307 2.3819 0.1993, -0.4685 2.4213 0.1993, -0.4685 2.3819 0.1993, -0.3307 2.4314 0.198, -0.4685 2.4314 0.198, -0.3307 2.4409 0.1941, -0.4685 2.4409 0.1941, -0.3307 2.4491 0.1878, -0.4685 2.4491 0.1878, -0.3307 2.4554 0.1796, -0.4685 2.4554 0.1796, -0.3307 2.4593 0.1701, -0.4685 2.4593 0.1701, -0.3307 2.4606 0.16, -0.4685 2.4606 0.16, -0.3307 2.4606 0.0394, -0.4685 2.4606 0.0394, -0.4685 2.462 0.0292, -0.3307 2.462 0.0292, -0.4685 2.4659 0.0197, -0.3307 2.4659 0.0197, -0.4685 2.4722 0.0115, -0.3307 2.4722 0.0115, -0.4685 2.4803 0.0053, -0.3307 2.4803 0.0053, -0.4685 2.4898 0.0013, -0.3307 2.4898 0.0013, -0.3307 2.5026 0.0492, -0.3307 2.5058 0.0451, -0.3307 2.5007 0.054, -0.3307 2.5098 0.042, -0.3307 2.5146 0.04, -0.4685 2.5098 0.042, -0.4685 2.5058 0.0451, -0.4685 2.5007 0.054, -0.4685 2.5026 0.0492, -0.4685 2.5146 0.04, 0.0461 2.7749 0.0, 0.0512 2.7756 0.0, 0.0315 2.7559 0.0, 0.0315 2.5 0.0, 0.0341 2.7657 0.0, 0.0373 2.7698 0.0, 0.0413 2.773 0.0, 0.0322 2.761 0.0, 0.1693 2.5 0.0, 0.1496 2.7756 0.0, 0.1693 2.7559 0.0, 0.1547 2.7749 0.0, 0.1594 2.773 0.0, 0.1635 2.7698 0.0, 0.1667 2.7657 0.0, 0.1686 2.761 0.0, 0.1496 2.7756 0.0394, 0.0512 2.7756 0.0394, 0.1547 2.7749 0.0394, 0.1693 2.7559 0.0394, 0.1693 2.5197 0.0394, 0.1667 2.7657 0.0394, 0.1635 2.7698 0.0394, 0.1594 2.773 0.0394, 0.0315 2.5197 0.0394, 0.0315 2.7559 0.0394, 0.0461 2.7749 0.0394, 0.0413 2.773 0.0394, 0.0373 2.7698 0.0394, 0.0341 2.7657 0.0394, 0.0322 2.761 0.0394, 0.1686 2.761 0.0394, 0.0315 2.5 0.0591, 0.0315 2.5 0.16, 0.1693 2.5 0.0591, 0.1693 2.5 0.16, 0.0315 2.4973 0.1803, 0.1693 2.4973 0.1803, 0.0315 2.4895 0.1993, 0.1693 2.4895 0.1993, 0.0315 2.4769 0.2156, 0.1693 2.4769 0.2156, 0.0315 2.4606 0.2282, 0.1693 2.4606 0.2282, 0.0315 2.4416 0.236, 0.1693 2.4416 0.236, 0.0315 2.4213 0.2387, 0.1693 2.4213 0.2387, 0.1693 2.3819 0.2387, 0.0315 2.3819 0.2387, 0.1693 2.4213 0.1993, 0.1693 2.3819 0.1993, 0.0315 2.4213 0.1993, 0.0315 2.3819 0.1993, 0.1693 2.4314 0.198, 0.0315 2.4314 0.198, 0.1693 2.4409 0.1941, 0.0315 2.4409 0.1941, 0.1693 2.4491 0.1878, 0.0315 2.4491 0.1878, 0.1693 2.4554 0.1796, 0.0315 2.4554 0.1796, 0.1693 2.4593 0.1701, 0.0315 2.4593 0.1701, 0.1693 2.4606 0.16, 0.0315 2.4606 0.16, 0.1693 2.4606 0.0394, 0.0315 2.4606 0.0394, 0.0315 2.462 0.0292, 0.1693 2.462 0.0292, 0.0315 2.4659 0.0197, 0.1693 2.4659 0.0197, 0.0315 2.4722 0.0115, 0.1693 2.4722 0.0115, 0.0315 2.4803 0.0053, 0.1693 2.4803 0.0053, 0.0315 2.4898 0.0013, 0.1693 2.4898 0.0013, 0.1693 2.5026 0.0492, 0.1693 2.5058 0.0451, 0.1693 2.5007 0.054, 0.1693 2.5098 0.042, 0.1693 2.5146 0.04, 0.0315 2.5098 0.042, 0.0315 2.5058 0.0451, 0.0315 2.5007 0.054, 0.0315 2.5026 0.0492, 0.0315 2.5146 0.04, 0.5461 2.7749 0.0, 0.5512 2.7756 0.0, 0.5315 2.7559 0.0, 0.5315 2.5 0.0, 0.5341 2.7657 0.0, 0.5373 2.7698 0.0, 0.5413 2.773 0.0, 0.6693 2.5 0.0, 0.6496 2.7756 0.0, 0.6693 2.7559 0.0, 0.6547 2.7749 0.0, 0.6594 2.773 0.0, 0.6635 2.7698 0.0, 0.6667 2.7657 0.0, 0.6686 2.761 0.0, 0.5322 2.761 0.0, 0.6496 2.7756 0.0394, 0.5512 2.7756 0.0394, 0.6547 2.7749 0.0394, 0.6693 2.7559 0.0394, 0.6693 2.5197 0.0394, 0.6667 2.7657 0.0394, 0.6635 2.7698 0.0394, 0.6594 2.773 0.0394, 0.6686 2.761 0.0394, 0.5315 2.5197 0.0394, 0.5315 2.7559 0.0394, 0.5461 2.7749 0.0394, 0.5413 2.773 0.0394, 0.5373 2.7698 0.0394, 0.5341 2.7657 0.0394, 0.5322 2.761 0.0394, 0.5315 2.5 0.0591, 0.5315 2.5 0.16, 0.6693 2.5 0.0591, 0.6693 2.5 0.16, 0.5315 2.4973 0.1803, 0.6693 2.4973 0.1803, 0.5315 2.4895 0.1993, 0.6693 2.4895 0.1993, 0.5315 2.4769 0.2156, 0.6693 2.4769 0.2156, 0.5315 2.4606 0.2282, 0.6693 2.4606 0.2282, 0.5315 2.4416 0.236, 0.6693 2.4416 0.236, 0.5315 2.4213 0.2387, 0.6693 2.4213 0.2387, 0.6693 2.3819 0.2387, 0.5315 2.3819 0.2387, 0.6693 2.4213 0.1993, 0.6693 2.3819 0.1993, 0.5315 2.4213 0.1993, 0.5315 2.3819 0.1993, 0.6693 2.4314 0.198, 0.5315 2.4314 0.198, 0.6693 2.4409 0.1941, 0.5315 2.4409 0.1941, 0.6693 2.4491 0.1878, 0.5315 2.4491 0.1878, 0.6693 2.4554 0.1796, 0.5315 2.4554 0.1796, 0.6693 2.4593 0.1701, 0.5315 2.4593 0.1701, 0.6693 2.4606 0.16, 0.5315 2.4606 0.16, 0.6693 2.4606 0.0394, 0.5315 2.4606 0.0394, 0.5315 2.462 0.0292, 0.6693 2.462 0.0292, 0.5315 2.4659 0.0197, 0.6693 2.4659 0.0197, 0.5315 2.4722 0.0115, 0.6693 2.4722 0.0115, 0.5315 2.4803 0.0053, 0.6693 2.4803 0.0053, 0.5315 2.4898 0.0013, 0.6693 2.4898 0.0013, 0.6693 2.5026 0.0492, 0.6693 2.5058 0.0451, 0.6693 2.5007 0.054, 0.6693 2.5098 0.042, 0.6693 2.5146 0.04, 0.5315 2.5098 0.042, 0.5315 2.5058 0.0451, 0.5315 2.5007 0.054, 0.5315 2.5026 0.0492, 0.5315 2.5146 0.04, 1.0433 2.7559 0.0, 1.0433 2.5 0.0, 1.0236 2.7756 0.0, 0.9201 2.7749 0.0, 0.9252 2.7756 0.0, 0.9055 2.7559 0.0, 0.9055 2.5 0.0, 0.9081 2.7657 0.0, 0.9113 2.7698 0.0, 0.9154 2.773 0.0, 1.0335 2.773 0.0, 1.0375 2.7698 0.0, 1.0407 2.7657 0.0, 1.0287 2.7749 0.0, 1.0426 2.761 0.0, 0.9062 2.761 0.0, 1.0236 2.7756 0.0394, 0.9252 2.7756 0.0394, 1.0287 2.7749 0.0394, 1.0433 2.7559 0.0394, 1.0433 2.5197 0.0394, 1.0407 2.7657 0.0394, 1.0375 2.7698 0.0394, 1.0335 2.773 0.0394, 0.9055 2.5197 0.0394, 0.9055 2.7559 0.0394, 1.0426 2.761 0.0394, 0.9154 2.773 0.0394, 0.9113 2.7698 0.0394, 0.9081 2.7657 0.0394, 0.9201 2.7749 0.0394, 0.9062 2.761 0.0394, 0.9055 2.5 0.0591, 0.9055 2.5 0.16, 1.0433 2.5 0.0591, 1.0433 2.5 0.16, 0.9055 2.4973 0.1803, 1.0433 2.4973 0.1803, 0.9055 2.4895 0.1993, 1.0433 2.4895 0.1993, 0.9055 2.4769 0.2156, 1.0433 2.4769 0.2156, 0.9055 2.4606 0.2282, 1.0433 2.4606 0.2282, 0.9055 2.4416 0.236, 1.0433 2.4416 0.236, 0.9055 2.4213 0.2387, 1.0433 2.4213 0.2387, 1.0433 2.3819 0.2387, 0.9055 2.3819 0.2387, 1.0433 2.4213 0.1993, 1.0433 2.3819 0.1993, 0.9055 2.4213 0.1993, 0.9055 2.3819 0.1993, 1.0433 2.4314 0.198, 0.9055 2.4314 0.198, 1.0433 2.4409 0.1941, 0.9055 2.4409 0.1941, 1.0433 2.4491 0.1878, 0.9055 2.4491 0.1878, 1.0433 2.4554 0.1796, 0.9055 2.4554 0.1796, 1.0433 2.4593 0.1701, 0.9055 2.4593 0.1701, 1.0433 2.4606 0.16, 0.9055 2.4606 0.16, 1.0433 2.4606 0.0394, 0.9055 2.4606 0.0394, 0.9055 2.462 0.0292, 1.0433 2.462 0.0292, 0.9055 2.4659 0.0197, 1.0433 2.4659 0.0197, 0.9055 2.4722 0.0115, 1.0433 2.4722 0.0115, 0.9055 2.4803 0.0053, 1.0433 2.4803 0.0053, 0.9055 2.4898 0.0013, 1.0433 2.4898 0.0013, 1.0433 2.5026 0.0492, 1.0433 2.5058 0.0451, 1.0433 2.5007 0.054, 1.0433 2.5098 0.042, 1.0433 2.5146 0.04, 0.9055 2.5098 0.042, 0.9055 2.5058 0.0451, 0.9055 2.5007 0.054, 0.9055 2.5026 0.0492, 0.9055 2.5146 0.04
            ]
        }
        coordIndex [
            0,1,2,-1,1,3,2,-1,2,3,4,-1,2,4,5,-1,6,7,8,-1,9,10,11,-1,2,12,0,-1,0,12,6,-1,0,6,13,-1,13,6,8,-1,4,14,5,-1,5,14,9,-1,5,9,15,-1,15,9,11,-1,2,5,16,-1,16,5,17,-1,18,19,20,-1,21,22,23,-1,20,24,18,-1,18,24,16,-1,18,16,17,-1,24,25,16,-1,16,25,21,-1,16,21,26,-1,26,21,23,-1,27,28,29,-1,17,30,18,-1,18,30,27,-1,18,27,31,-1,31,27,29,-1,32,33,34,-1,34,33,35,-1,35,33,36,-1,35,36,37,-1,37,36,38,-1,37,38,39,-1,39,38,40,-1,39,40,41,-1,41,40,42,-1,41,42,43,-1,43,42,44,-1,43,44,45,-1,45,44,46,-1,45,46,47,-1,48,47,49,-1,49,47,46,-1,50,51,52,-1,52,51,53,-1,50,52,54,-1,54,52,55,-1,54,55,56,-1,56,55,57,-1,56,57,58,-1,58,57,59,-1,58,59,60,-1,60,59,61,-1,60,61,62,-1,62,61,63,-1,62,63,64,-1,64,63,65,-1,66,64,67,-1,67,64,65,-1,66,67,68,-1,66,68,69,-1,69,68,70,-1,69,70,71,-1,71,70,72,-1,71,72,73,-1,73,72,74,-1,73,74,75,-1,75,74,76,-1,75,76,77,-1,77,76,3,-1,77,3,1,-1,66,69,78,-1,78,69,71,-1,78,71,79,-1,48,51,47,-1,47,51,50,-1,47,50,45,-1,45,50,54,-1,45,54,43,-1,43,54,56,-1,43,56,41,-1,41,56,58,-1,41,58,39,-1,39,58,60,-1,39,60,37,-1,37,60,62,-1,37,62,35,-1,35,62,64,-1,35,64,34,-1,34,64,66,-1,34,66,80,-1,80,66,78,-1,1,0,24,-1,71,73,79,-1,79,73,75,-1,79,75,81,-1,81,75,77,-1,81,77,82,-1,82,77,1,-1,82,1,20,-1,20,1,24,-1,3,76,83,-1,83,76,74,-1,83,74,84,-1,53,49,52,-1,52,49,46,-1,52,46,55,-1,55,46,44,-1,55,44,57,-1,57,44,42,-1,57,42,59,-1,59,42,40,-1,59,40,61,-1,61,40,38,-1,61,38,63,-1,63,38,36,-1,63,36,65,-1,65,36,33,-1,65,33,67,-1,33,32,67,-1,67,32,85,-1,67,85,68,-1,68,85,86,-1,68,86,70,-1,70,86,84,-1,70,84,72,-1,72,84,74,-1,18,4,19,-1,19,4,3,-1,19,3,87,-1,87,3,83,-1,24,0,13,-1,24,13,25,-1,25,13,8,-1,25,8,21,-1,21,8,7,-1,21,7,22,-1,22,7,6,-1,22,6,23,-1,23,6,12,-1,23,12,26,-1,26,12,2,-1,26,2,16,-1,4,18,31,-1,4,31,14,-1,14,31,29,-1,14,29,9,-1,9,29,28,-1,9,28,10,-1,10,28,27,-1,10,27,11,-1,11,27,30,-1,11,30,15,-1,15,30,17,-1,15,17,5,-1,32,34,85,-1,85,34,80,-1,85,80,86,-1,86,80,78,-1,86,78,84,-1,84,78,79,-1,84,79,83,-1,83,79,81,-1,83,81,87,-1,87,81,82,-1,87,82,19,-1,19,82,20,-1,88,89,90,-1,91,92,93,-1,90,89,92,-1,92,89,94,-1,92,94,93,-1,95,96,97,-1,98,99,100,-1,90,101,88,-1,88,101,98,-1,88,98,102,-1,102,98,100,-1,91,93,97,-1,97,93,103,-1,97,103,95,-1,90,92,104,-1,104,92,105,-1,106,104,107,-1,107,104,108,-1,109,110,111,-1,108,104,112,-1,112,104,105,-1,112,105,113,-1,106,107,111,-1,111,107,114,-1,111,114,109,-1,115,116,117,-1,105,118,113,-1,113,118,115,-1,113,115,119,-1,119,115,117,-1,120,121,122,-1,122,121,123,-1,123,121,124,-1,123,124,125,-1,125,124,126,-1,125,126,127,-1,127,126,128,-1,127,128,129,-1,129,128,130,-1,129,130,131,-1,131,130,132,-1,131,132,133,-1,133,132,134,-1,133,134,135,-1,136,135,137,-1,137,135,134,-1,138,139,140,-1,140,139,141,-1,138,140,142,-1,142,140,143,-1,142,143,144,-1,144,143,145,-1,144,145,146,-1,146,145,147,-1,146,147,148,-1,148,147,149,-1,148,149,150,-1,150,149,151,-1,150,151,152,-1,152,151,153,-1,154,152,155,-1,155,152,153,-1,154,155,156,-1,154,156,157,-1,157,156,158,-1,157,158,159,-1,159,158,160,-1,159,160,161,-1,161,160,162,-1,161,162,163,-1,163,162,164,-1,163,164,165,-1,165,164,94,-1,165,94,89,-1,154,157,166,-1,166,157,159,-1,166,159,167,-1,136,139,135,-1,135,139,138,-1,135,138,133,-1,133,138,142,-1,133,142,131,-1,131,142,144,-1,131,144,129,-1,129,144,146,-1,129,146,127,-1,127,146,148,-1,127,148,125,-1,125,148,150,-1,125,150,123,-1,123,150,152,-1,123,152,122,-1,122,152,154,-1,122,154,168,-1,168,154,166,-1,89,88,107,-1,159,161,167,-1,167,161,163,-1,167,163,169,-1,169,163,165,-1,169,165,170,-1,170,165,89,-1,170,89,108,-1,108,89,107,-1,94,164,171,-1,171,164,162,-1,171,162,172,-1,141,137,140,-1,140,137,134,-1,140,134,143,-1,143,134,132,-1,143,132,145,-1,145,132,130,-1,145,130,147,-1,147,130,128,-1,147,128,149,-1,149,128,126,-1,149,126,151,-1,151,126,124,-1,151,124,153,-1,153,124,121,-1,153,121,155,-1,121,120,155,-1,155,120,173,-1,155,173,156,-1,156,173,174,-1,156,174,158,-1,158,174,172,-1,158,172,160,-1,160,172,162,-1,113,93,112,-1,112,93,94,-1,112,94,175,-1,175,94,171,-1,176,177,178,-1,179,180,181,-1,178,177,180,-1,180,177,182,-1,180,182,181,-1,183,184,185,-1,186,187,188,-1,178,189,176,-1,176,189,186,-1,176,186,190,-1,190,186,188,-1,179,181,185,-1,185,181,191,-1,185,191,183,-1,178,180,192,-1,192,180,193,-1,194,192,195,-1,195,192,196,-1,197,198,199,-1,196,192,200,-1,200,192,193,-1,200,193,201,-1,194,195,199,-1,199,195,202,-1,199,202,197,-1,203,204,205,-1,193,206,201,-1,201,206,203,-1,201,203,207,-1,207,203,205,-1,208,209,210,-1,210,209,211,-1,211,209,212,-1,211,212,213,-1,213,212,214,-1,213,214,215,-1,215,214,216,-1,215,216,217,-1,217,216,218,-1,217,218,219,-1,219,218,220,-1,219,220,221,-1,221,220,222,-1,221,222,223,-1,224,223,225,-1,225,223,222,-1,226,227,228,-1,228,227,229,-1,226,228,230,-1,230,228,231,-1,230,231,232,-1,232,231,233,-1,232,233,234,-1,234,233,235,-1,234,235,236,-1,236,235,237,-1,236,237,238,-1,238,237,239,-1,238,239,240,-1,240,239,241,-1,242,240,243,-1,243,240,241,-1,242,243,244,-1,242,244,245,-1,245,244,246,-1,245,246,247,-1,247,246,248,-1,247,248,249,-1,249,248,250,-1,249,250,251,-1,251,250,252,-1,251,252,253,-1,253,252,182,-1,253,182,177,-1,242,245,254,-1,254,245,247,-1,254,247,255,-1,224,227,223,-1,223,227,226,-1,223,226,221,-1,221,226,230,-1,221,230,219,-1,219,230,232,-1,219,232,217,-1,217,232,234,-1,217,234,215,-1,215,234,236,-1,215,236,213,-1,213,236,238,-1,213,238,211,-1,211,238,240,-1,211,240,210,-1,210,240,242,-1,210,242,256,-1,256,242,254,-1,177,176,195,-1,247,249,255,-1,255,249,251,-1,255,251,257,-1,257,251,253,-1,257,253,258,-1,258,253,177,-1,258,177,196,-1,196,177,195,-1,182,252,259,-1,259,252,250,-1,259,250,260,-1,229,225,228,-1,228,225,222,-1,228,222,231,-1,231,222,220,-1,231,220,233,-1,233,220,218,-1,233,218,235,-1,235,218,216,-1,235,216,237,-1,237,216,214,-1,237,214,239,-1,239,214,212,-1,239,212,241,-1,241,212,209,-1,241,209,243,-1,209,208,243,-1,243,208,261,-1,243,261,244,-1,244,261,262,-1,244,262,246,-1,246,262,260,-1,246,260,248,-1,248,260,250,-1,201,181,200,-1,200,181,182,-1,200,182,263,-1,263,182,259,-1,264,265,266,-1,266,265,267,-1,268,269,270,-1,267,265,271,-1,271,265,272,-1,271,272,273,-1,273,272,274,-1,273,274,275,-1,276,277,275,-1,275,277,278,-1,275,278,273,-1,264,266,270,-1,270,266,279,-1,270,279,268,-1,272,265,280,-1,280,265,281,-1,282,280,283,-1,283,280,284,-1,285,286,287,-1,282,283,287,-1,287,283,288,-1,287,288,285,-1,284,280,289,-1,289,280,281,-1,289,281,290,-1,290,281,291,-1,290,291,292,-1,293,294,292,-1,292,294,295,-1,292,295,290,-1,296,297,298,-1,298,297,299,-1,299,297,300,-1,299,300,301,-1,301,300,302,-1,301,302,303,-1,303,302,304,-1,303,304,305,-1,305,304,306,-1,305,306,307,-1,307,306,308,-1,307,308,309,-1,309,308,310,-1,309,310,311,-1,312,311,313,-1,313,311,310,-1,314,315,316,-1,316,315,317,-1,314,316,318,-1,318,316,319,-1,318,319,320,-1,320,319,321,-1,320,321,322,-1,322,321,323,-1,322,323,324,-1,324,323,325,-1,324,325,326,-1,326,325,327,-1,326,327,328,-1,328,327,329,-1,330,328,331,-1,331,328,329,-1,330,331,332,-1,330,332,333,-1,333,332,334,-1,333,334,335,-1,335,334,336,-1,335,336,337,-1,337,336,338,-1,337,338,339,-1,339,338,340,-1,339,340,341,-1,341,340,267,-1,341,267,271,-1,330,333,342,-1,342,333,335,-1,342,335,343,-1,312,315,311,-1,311,315,314,-1,311,314,309,-1,309,314,318,-1,309,318,307,-1,307,318,320,-1,307,320,305,-1,305,320,322,-1,305,322,303,-1,303,322,324,-1,303,324,301,-1,301,324,326,-1,301,326,299,-1,299,326,328,-1,299,328,298,-1,298,328,330,-1,298,330,344,-1,344,330,342,-1,271,273,283,-1,335,337,343,-1,343,337,339,-1,343,339,345,-1,345,339,341,-1,345,341,346,-1,346,341,271,-1,346,271,284,-1,284,271,283,-1,267,340,347,-1,347,340,338,-1,347,338,348,-1,317,313,316,-1,316,313,310,-1,316,310,319,-1,319,310,308,-1,319,308,321,-1,321,308,306,-1,321,306,323,-1,323,306,304,-1,323,304,325,-1,325,304,302,-1,325,302,327,-1,327,302,300,-1,327,300,329,-1,329,300,297,-1,329,297,331,-1,297,296,331,-1,331,296,349,-1,331,349,332,-1,332,349,350,-1,332,350,334,-1,334,350,348,-1,334,348,336,-1,336,348,338,-1,290,266,289,-1,289,266,267,-1,289,267,351,-1,351,267,347,-1,352,353,354,-1,354,353,355,-1,356,357,358,-1,352,354,358,-1,358,354,359,-1,358,359,356,-1,355,353,360,-1,360,353,361,-1,360,361,362,-1,362,361,363,-1,362,363,364,-1,365,366,364,-1,364,366,367,-1,364,367,362,-1,361,353,368,-1,368,353,369,-1,370,368,371,-1,371,368,372,-1,373,374,375,-1,372,368,376,-1,376,368,369,-1,376,369,377,-1,377,369,378,-1,377,378,379,-1,380,381,379,-1,379,381,382,-1,379,382,377,-1,370,371,375,-1,375,371,383,-1,375,383,373,-1,384,385,386,-1,386,385,387,-1,387,385,388,-1,387,388,389,-1,389,388,390,-1,389,390,391,-1,391,390,392,-1,391,392,393,-1,393,392,394,-1,393,394,395,-1,395,394,396,-1,395,396,397,-1,397,396,398,-1,397,398,399,-1,400,399,401,-1,401,399,398,-1,402,403,404,-1,404,403,405,-1,402,404,406,-1,406,404,407,-1,406,407,408,-1,408,407,409,-1,408,409,410,-1,410,409,411,-1,410,411,412,-1,412,411,413,-1,412,413,414,-1,414,413,415,-1,414,415,416,-1,416,415,417,-1,418,416,419,-1,419,416,417,-1,418,419,420,-1,418,420,421,-1,421,420,422,-1,421,422,423,-1,423,422,424,-1,423,424,425,-1,425,424,426,-1,425,426,427,-1,427,426,428,-1,427,428,429,-1,429,428,355,-1,429,355,360,-1,418,421,430,-1,430,421,423,-1,430,423,431,-1,400,403,399,-1,399,403,402,-1,399,402,397,-1,397,402,406,-1,397,406,395,-1,395,406,408,-1,395,408,393,-1,393,408,410,-1,393,410,391,-1,391,410,412,-1,391,412,389,-1,389,412,414,-1,389,414,387,-1,387,414,416,-1,387,416,386,-1,386,416,418,-1,386,418,432,-1,432,418,430,-1,360,362,371,-1,423,425,431,-1,431,425,427,-1,431,427,433,-1,433,427,429,-1,433,429,434,-1,434,429,360,-1,434,360,372,-1,372,360,371,-1,355,428,435,-1,435,428,426,-1,435,426,436,-1,405,401,404,-1,404,401,398,-1,404,398,407,-1,407,398,396,-1,407,396,409,-1,409,396,394,-1,409,394,411,-1,411,394,392,-1,411,392,413,-1,413,392,390,-1,413,390,415,-1,415,390,388,-1,415,388,417,-1,417,388,385,-1,417,385,419,-1,385,384,419,-1,419,384,437,-1,419,437,420,-1,420,437,438,-1,420,438,422,-1,422,438,436,-1,422,436,424,-1,424,436,426,-1,377,354,376,-1,376,354,355,-1,376,355,439,-1,439,355,435,-1,440,441,442,-1,442,441,443,-1,444,445,446,-1,443,441,447,-1,447,441,448,-1,447,448,449,-1,449,448,450,-1,449,450,451,-1,452,453,451,-1,451,453,454,-1,451,454,449,-1,440,442,446,-1,446,442,455,-1,446,455,444,-1,448,441,456,-1,456,441,457,-1,458,456,459,-1,459,456,460,-1,461,462,463,-1,458,459,463,-1,463,459,464,-1,463,464,461,-1,460,456,465,-1,465,456,457,-1,465,457,466,-1,466,457,467,-1,466,467,468,-1,469,470,468,-1,468,470,471,-1,468,471,466,-1,472,473,474,-1,474,473,475,-1,475,473,476,-1,475,476,477,-1,477,476,478,-1,477,478,479,-1,479,478,480,-1,479,480,481,-1,481,480,482,-1,481,482,483,-1,483,482,484,-1,483,484,485,-1,485,484,486,-1,485,486,487,-1,488,487,489,-1,489,487,486,-1,490,491,492,-1,492,491,493,-1,490,492,494,-1,494,492,495,-1,494,495,496,-1,496,495,497,-1,496,497,498,-1,498,497,499,-1,498,499,500,-1,500,499,501,-1,500,501,502,-1,502,501,503,-1,502,503,504,-1,504,503,505,-1,506,504,507,-1,507,504,505,-1,506,507,508,-1,506,508,509,-1,509,508,510,-1,509,510,511,-1,511,510,512,-1,511,512,513,-1,513,512,514,-1,513,514,515,-1,515,514,516,-1,515,516,517,-1,517,516,443,-1,517,443,447,-1,506,509,518,-1,518,509,511,-1,518,511,519,-1,488,491,487,-1,487,491,490,-1,487,490,485,-1,485,490,494,-1,485,494,483,-1,483,494,496,-1,483,496,481,-1,481,496,498,-1,481,498,479,-1,479,498,500,-1,479,500,477,-1,477,500,502,-1,477,502,475,-1,475,502,504,-1,475,504,474,-1,474,504,506,-1,474,506,520,-1,520,506,518,-1,447,449,459,-1,511,513,519,-1,519,513,515,-1,519,515,521,-1,521,515,517,-1,521,517,522,-1,522,517,447,-1,522,447,460,-1,460,447,459,-1,443,516,523,-1,523,516,514,-1,523,514,524,-1,493,489,492,-1,492,489,486,-1,492,486,495,-1,495,486,484,-1,495,484,497,-1,497,484,482,-1,497,482,499,-1,499,482,480,-1,499,480,501,-1,501,480,478,-1,501,478,503,-1,503,478,476,-1,503,476,505,-1,505,476,473,-1,505,473,507,-1,473,472,507,-1,507,472,525,-1,507,525,508,-1,508,525,526,-1,508,526,510,-1,510,526,524,-1,510,524,512,-1,512,524,514,-1,466,442,465,-1,465,442,443,-1,465,443,527,-1,527,443,523,-1,107,88,102,-1,107,102,114,-1,114,102,100,-1,114,100,109,-1,109,100,99,-1,109,99,110,-1,110,99,98,-1,110,98,111,-1,111,98,101,-1,111,101,106,-1,106,101,90,-1,106,90,104,-1,93,113,119,-1,93,119,103,-1,103,119,117,-1,103,117,95,-1,95,117,116,-1,95,116,96,-1,96,116,115,-1,96,115,97,-1,97,115,118,-1,97,118,91,-1,91,118,105,-1,91,105,92,-1,120,122,173,-1,173,122,168,-1,173,168,174,-1,174,168,166,-1,174,166,172,-1,172,166,167,-1,172,167,171,-1,171,167,169,-1,171,169,175,-1,175,169,170,-1,175,170,112,-1,112,170,108,-1,195,176,190,-1,195,190,202,-1,202,190,188,-1,202,188,197,-1,197,188,187,-1,197,187,198,-1,198,187,186,-1,198,186,199,-1,199,186,189,-1,199,189,194,-1,194,189,178,-1,194,178,192,-1,181,201,207,-1,181,207,191,-1,191,207,205,-1,191,205,183,-1,183,205,204,-1,183,204,184,-1,184,204,203,-1,184,203,185,-1,185,203,206,-1,185,206,179,-1,179,206,193,-1,179,193,180,-1,208,210,261,-1,261,210,256,-1,261,256,262,-1,262,256,254,-1,262,254,260,-1,260,254,255,-1,260,255,259,-1,259,255,257,-1,259,257,263,-1,263,257,258,-1,263,258,200,-1,200,258,196,-1,283,273,278,-1,283,278,288,-1,288,278,277,-1,288,277,285,-1,285,277,276,-1,285,276,286,-1,286,276,275,-1,286,275,287,-1,287,275,274,-1,287,274,282,-1,282,274,272,-1,282,272,280,-1,266,290,295,-1,266,295,279,-1,279,295,294,-1,279,294,268,-1,268,294,293,-1,268,293,269,-1,269,293,292,-1,269,292,270,-1,270,292,291,-1,270,291,264,-1,264,291,281,-1,264,281,265,-1,296,298,349,-1,349,298,344,-1,349,344,350,-1,350,344,342,-1,350,342,348,-1,348,342,343,-1,348,343,347,-1,347,343,345,-1,347,345,351,-1,351,345,346,-1,351,346,289,-1,289,346,284,-1,371,362,367,-1,371,367,383,-1,383,367,366,-1,383,366,373,-1,373,366,365,-1,373,365,374,-1,374,365,364,-1,374,364,375,-1,375,364,363,-1,375,363,370,-1,370,363,361,-1,370,361,368,-1,354,377,382,-1,354,382,359,-1,359,382,381,-1,359,381,356,-1,356,381,380,-1,356,380,357,-1,357,380,379,-1,357,379,358,-1,358,379,378,-1,358,378,352,-1,352,378,369,-1,352,369,353,-1,384,386,437,-1,437,386,432,-1,437,432,438,-1,438,432,430,-1,438,430,436,-1,436,430,431,-1,436,431,435,-1,435,431,433,-1,435,433,439,-1,439,433,434,-1,439,434,376,-1,376,434,372,-1,459,449,454,-1,459,454,464,-1,464,454,453,-1,464,453,461,-1,461,453,452,-1,461,452,462,-1,462,452,451,-1,462,451,463,-1,463,451,450,-1,463,450,458,-1,458,450,448,-1,458,448,456,-1,442,466,471,-1,442,471,455,-1,455,471,470,-1,455,470,444,-1,444,470,469,-1,444,469,445,-1,445,469,468,-1,445,468,446,-1,446,468,467,-1,446,467,440,-1,440,467,457,-1,440,457,441,-1,472,474,525,-1,525,474,520,-1,525,520,526,-1,526,520,518,-1,526,518,524,-1,524,518,519,-1,524,519,523,-1,523,519,521,-1,523,521,527,-1,527,521,522,-1,527,522,465,-1,465,522,460,-1,528,529,530,-1,531,532,533,-1,530,529,532,-1,532,529,534,-1,532,534,533,-1,535,536,537,-1,538,539,540,-1,530,541,528,-1,528,541,538,-1,528,538,542,-1,542,538,540,-1,531,533,537,-1,537,533,543,-1,537,543,535,-1,530,532,544,-1,544,532,545,-1,546,544,547,-1,547,544,548,-1,549,550,551,-1,548,544,552,-1,552,544,545,-1,552,545,553,-1,546,547,551,-1,551,547,554,-1,551,554,549,-1,555,556,557,-1,545,558,553,-1,553,558,555,-1,553,555,559,-1,559,555,557,-1,560,561,562,-1,562,561,563,-1,563,561,564,-1,563,564,565,-1,565,564,566,-1,565,566,567,-1,567,566,568,-1,567,568,569,-1,569,568,570,-1,569,570,571,-1,571,570,572,-1,571,572,573,-1,573,572,574,-1,573,574,575,-1,576,575,577,-1,577,575,574,-1,578,579,580,-1,580,579,581,-1,578,580,582,-1,582,580,583,-1,582,583,584,-1,584,583,585,-1,584,585,586,-1,586,585,587,-1,586,587,588,-1,588,587,589,-1,588,589,590,-1,590,589,591,-1,590,591,592,-1,592,591,593,-1,594,592,595,-1,595,592,593,-1,594,595,596,-1,594,596,597,-1,597,596,598,-1,597,598,599,-1,599,598,600,-1,599,600,601,-1,601,600,602,-1,601,602,603,-1,603,602,604,-1,603,604,605,-1,605,604,534,-1,605,534,529,-1,594,597,606,-1,606,597,599,-1,606,599,607,-1,576,579,575,-1,575,579,578,-1,575,578,573,-1,573,578,582,-1,573,582,571,-1,571,582,584,-1,571,584,569,-1,569,584,586,-1,569,586,567,-1,567,586,588,-1,567,588,565,-1,565,588,590,-1,565,590,563,-1,563,590,592,-1,563,592,562,-1,562,592,594,-1,562,594,608,-1,608,594,606,-1,529,528,547,-1,599,601,607,-1,607,601,603,-1,607,603,609,-1,609,603,605,-1,609,605,610,-1,610,605,529,-1,610,529,548,-1,548,529,547,-1,534,604,611,-1,611,604,602,-1,611,602,612,-1,581,577,580,-1,580,577,574,-1,580,574,583,-1,583,574,572,-1,583,572,585,-1,585,572,570,-1,585,570,587,-1,587,570,568,-1,587,568,589,-1,589,568,566,-1,589,566,591,-1,591,566,564,-1,591,564,593,-1,593,564,561,-1,593,561,595,-1,561,560,595,-1,595,560,613,-1,595,613,596,-1,596,613,614,-1,596,614,598,-1,598,614,612,-1,598,612,600,-1,600,612,602,-1,553,533,552,-1,552,533,534,-1,552,534,615,-1,615,534,611,-1,547,528,542,-1,547,542,554,-1,554,542,540,-1,554,540,549,-1,549,540,539,-1,549,539,550,-1,550,539,538,-1,550,538,551,-1,551,538,541,-1,551,541,546,-1,546,541,530,-1,546,530,544,-1,533,553,559,-1,533,559,543,-1,543,559,557,-1,543,557,535,-1,535,557,556,-1,535,556,536,-1,536,556,555,-1,536,555,537,-1,537,555,558,-1,537,558,531,-1,531,558,545,-1,531,545,532,-1,560,562,613,-1,613,562,608,-1,613,608,614,-1,614,608,606,-1,614,606,612,-1,612,606,607,-1,612,607,611,-1,611,607,609,-1,611,609,615,-1,615,609,610,-1,615,610,552,-1,552,610,548,-1,
        ]
    }
}
Shape{
    appearance Appearance {
        material  Material 	{
            diffuseColor 0.2235294117647059 0.2235294117647059 0.2235294117647059
            specularColor 0.06666666666666667 0.06666666666666667 0.06666666666666667
            ambientIntensity 0.2235
            transparency 0.0
            shininess 0.5
        }
    }
    geometry IndexedFaceSet {
        ccw TRUE
        solid FALSE
        coord DEF co Coordinate {
            point [
                2.3799 0.532 0.4882, 2.3799 0.532 0.4921, 2.3287 0.532 0.4882, 2.3786 0.532 0.5023, 2.3602 0.532 0.5262, 2.3507 0.532 0.5302, 2.3406 0.532 0.5315, 2.3287 0.532 0.5315, 2.3746 0.532 0.5118, 2.3684 0.532 0.52, 2.3799 1.1024 0.0827, 2.3366 1.1024 0.0827, 2.3799 1.1024 0.4921, 2.3366 1.1024 0.4882, 2.3287 1.1024 0.4882, 2.3287 1.1024 0.5315, 2.3406 1.1024 0.5315, 2.3684 1.1024 0.52, 2.3746 1.1024 0.5118, 2.3786 1.1024 0.5023, 2.3507 1.1024 0.5302, 2.3602 1.1024 0.5262, -2.3287 1.1024 0.5315, -2.3287 1.1024 0.4882, -2.3406 1.1024 0.5315, -2.3366 1.1024 0.4882, -2.3507 1.1024 0.5302, -2.3602 1.1024 0.5262, -2.3366 1.1024 0.0827, -2.3799 1.1024 0.0827, -2.3799 1.1024 0.4921, -2.3786 1.1024 0.5023, -2.3746 1.1024 0.5118, -2.3684 1.1024 0.52, -2.3799 0.532 0.4921, -2.3799 0.532 0.4882, -2.3287 0.532 0.4882, -2.3287 0.532 0.5315, -2.3406 0.532 0.5315, -2.3507 0.532 0.5302, -2.3602 0.532 0.5262, -2.3684 0.532 0.52, -2.3746 0.532 0.5118, -2.3786 0.532 0.5023, 1.6161 -2.8386 0.5315, 1.6161 -2.8386 0.4882, 1.6161 -2.9331 0.5315, 1.6161 -2.9331 0.4882, 2.1988 -2.8386 0.4882, 2.1988 -2.8386 0.5315, 2.1988 -2.9331 0.4882, 2.1988 -2.9331 0.5315
            ]
        }
        coordIndex [
            0,1,2,-1,2,1,3,-1,4,5,2,-1,2,5,6,-1,2,6,7,-1,3,8,2,-1,2,8,9,-1,2,9,4,-1,10,11,12,-1,12,11,13,-1,14,15,13,-1,13,15,16,-1,17,18,13,-1,13,18,19,-1,13,19,12,-1,16,20,13,-1,13,20,21,-1,13,21,17,-1,22,23,24,-1,24,23,25,-1,24,25,26,-1,26,25,27,-1,28,29,25,-1,25,29,30,-1,25,30,31,-1,31,32,25,-1,25,32,33,-1,25,33,27,-1,34,35,36,-1,36,37,38,-1,38,39,36,-1,36,39,40,-1,36,40,41,-1,41,42,36,-1,36,42,43,-1,36,43,34,-1,44,45,46,-1,46,45,47,-1,48,49,50,-1,50,49,51,-1,14,2,15,-1,15,2,7,-1,48,45,49,-1,49,45,44,-1,36,23,37,-1,37,23,22,-1,
        ]
    }
}
Shape{
    appearance Appearance {
        material  Material 	{
            diffuseColor 0.2980392156862745 0.2980392156862745 0.2980392156862745
            specularColor 0.09019607843137255 0.09019607843137255 0.09019607843137255
            ambientIntensity 0.298
            transparency 0.0
            shininess 0.5
        }
    }
    geometry IndexedFaceSet {
        ccw TRUE
        solid FALSE
        coord DEF co Coordinate {
            point [
                -2.3366 -2.4016 0.0, -2.3366 -2.9331 0.0, -2.3366 -2.9331 0.4882, -2.3366 1.1024 0.0827, -2.3366 2.3819 0.0, -2.3366 -0.3276 0.0, -2.3366 0.3568 0.4882, -2.3366 0.5118 0.4882, -2.3366 0.3568 0.0827, -2.3366 0.5118 0.0827, -2.3366 2.3819 0.3634, -2.3366 1.1024 0.4882, -2.3366 2.3819 0.4882, -2.3366 -1.8898 0.0, -2.3366 -1.8504 0.0827, -2.3366 -1.8504 0.4882, -2.3366 -0.5983 0.0, -2.3799 0.5118 0.0827, -2.3799 0.5118 0.4882, -2.3799 1.1024 0.0827, -2.3799 -1.8504 0.0827, -2.3799 -1.8504 0.4882, -2.3799 0.3568 0.0827, -2.3799 0.3568 0.4882, 2.3366 -1.8504 0.0827, 2.3366 -1.8504 0.4882, 2.3366 -2.9331 0.4882, 2.3366 2.3819 0.4882, 2.3366 1.1024 0.4882, 2.3366 2.3819 0.3634, 2.3366 1.1024 0.0827, 2.3366 2.3819 0.0, 2.3366 -0.3276 0.0, 2.3366 0.5118 0.4882, 2.3366 0.3568 0.4882, 2.3366 0.5118 0.0827, 2.3366 0.3568 0.0827, 2.3366 -0.5983 0.0, 2.3366 -1.8898 0.0, 2.3366 -2.4016 0.0, 2.3366 -2.9331 0.0, 2.3799 0.5118 0.0827, 2.3799 1.1024 0.0827, 2.3799 0.5118 0.4882, 2.3799 0.3568 0.0827, 2.3799 0.3568 0.4882, 2.3799 -1.8504 0.0827, 2.3799 -1.8504 0.4882
            ]
        }
        coordIndex [
            0,1,2,-1,3,4,5,-1,6,7,8,-1,8,7,9,-1,4,3,10,-1,10,3,11,-1,10,11,12,-1,13,0,14,-1,14,0,2,-1,14,2,15,-1,13,14,16,-1,16,14,8,-1,16,8,5,-1,5,8,9,-1,5,9,3,-1,9,7,17,-1,17,7,18,-1,3,9,19,-1,19,9,17,-1,14,15,20,-1,20,15,21,-1,8,14,22,-1,22,14,20,-1,22,23,8,-1,8,23,6,-1,24,25,26,-1,27,28,29,-1,29,28,30,-1,29,30,31,-1,31,30,32,-1,33,34,35,-1,35,34,36,-1,30,35,32,-1,32,35,36,-1,32,36,37,-1,37,36,24,-1,37,24,38,-1,38,24,26,-1,38,26,39,-1,39,26,40,-1,35,30,41,-1,41,30,42,-1,35,41,33,-1,33,41,43,-1,44,36,45,-1,45,36,34,-1,24,36,46,-1,46,36,44,-1,24,46,25,-1,25,46,47,-1,
        ]
    }
}
Shape{
    appearance Appearance {
        material  Material 	{
            diffuseColor 1.0 1.0 1.0
            specularColor 0.5019607843137255 0.5019607843137255 0.5019607843137255
            ambientIntensity 1.0
            transparency 0.0
            shininess 0.5
        }
    }
    geometry IndexedFaceSet {
        ccw TRUE
        solid FALSE
        coord DEF co Coordinate {
            point [
                0.9548 -0.4795 0.0004, 0.9087 -0.5976 0.0004, 0.9548 -0.4795 0.0, 0.9087 -0.5976 0.0, 0.926 -0.5976 0.0004, 0.926 -0.5976 0.0, 0.9379 -0.5645 0.0004, 0.9379 -0.5645 0.0, 0.9867 -0.5645 0.0004, 0.9867 -0.5645 0.0, 0.998 -0.5976 0.0004, 0.998 -0.5976 0.0, 1.0153 -0.5976 0.0004, 1.0153 -0.5976 0.0, 0.9706 -0.4795 0.0004, 0.9706 -0.4795 0.0, 0.9827 -0.5515 0.0004, 0.9432 -0.5515 0.0004, 0.9651 -0.5022 0.0004, 0.964 -0.4981 0.0004, 0.9632 -0.4939 0.0004, 0.9628 -0.4939 0.0004, 0.9621 -0.4981 0.0004, 0.961 -0.5022 0.0004, 0.9827 -0.5515 0.0, 0.9432 -0.5515 0.0, 0.9651 -0.5022 0.0, 0.964 -0.4981 0.0, 0.9632 -0.4939 0.0, 0.9628 -0.4939 0.0, 0.9621 -0.4981 0.0, 0.961 -0.5022 0.0, 1.0869 -0.5976 0.0004, 1.119 -0.5976 0.0004, 1.0869 -0.5976 0.0, 1.119 -0.5976 0.0, 1.119 -0.4795 0.0004, 1.119 -0.4795 0.0, 1.0856 -0.4795 0.0004, 1.0856 -0.4795 0.0, 1.0239 -0.537 0.0004, 1.0239 -0.537 0.0, 1.0248 -0.5259 0.0, 1.0248 -0.5259 0.0004, 1.0279 -0.5143 0.0, 1.0279 -0.5143 0.0004, 1.0334 -0.5041 0.0, 1.0334 -0.5041 0.0004, 1.0418 -0.4949 0.0, 1.0418 -0.4949 0.0004, 1.0419 -0.4948 0.0, 1.0419 -0.4948 0.0004, 1.0548 -0.4862 0.0, 1.0548 -0.4862 0.0004, 1.0686 -0.4813 0.0, 1.0686 -0.4813 0.0004, 1.0722 -0.5963 0.0, 1.0722 -0.5963 0.0004, 1.0586 -0.5923 0.0, 1.0586 -0.5923 0.0004, 1.0463 -0.5851 0.0, 1.0463 -0.5851 0.0004, 1.0366 -0.5758 0.0, 1.0366 -0.5758 0.0004, 1.0298 -0.5652 0.0, 1.0298 -0.5652 0.0004, 1.0256 -0.5529 0.0, 1.0256 -0.5529 0.0004, 1.0476 -0.509 0.0004, 1.0534 -0.5029 0.0004, 1.062 -0.4973 0.0004, 1.0717 -0.4939 0.0004, 1.0857 -0.4924 0.0004, 1.1031 -0.4924 0.0004, 1.1031 -0.5846 0.0004, 1.0864 -0.5846 0.0004, 1.0739 -0.5835 0.0004, 1.064 -0.5804 0.0004, 1.0559 -0.5756 0.0004, 1.0493 -0.569 0.0004, 1.0443 -0.5609 0.0004, 1.0408 -0.5498 0.0004, 1.0398 -0.5374 0.0004, 1.0408 -0.5256 0.0004, 1.0435 -0.5163 0.0004, 1.0857 -0.4924 0.0, 1.1031 -0.4924 0.0, 1.0717 -0.4939 0.0, 1.062 -0.4973 0.0, 1.0534 -0.5029 0.0, 1.0476 -0.509 0.0, 1.0435 -0.5163 0.0, 1.0408 -0.5256 0.0, 1.0398 -0.5374 0.0, 1.0408 -0.5498 0.0, 1.0443 -0.5609 0.0, 1.0493 -0.569 0.0, 1.0559 -0.5756 0.0, 1.064 -0.5804 0.0, 1.0739 -0.5835 0.0, 1.0864 -0.5846 0.0, 1.1031 -0.5846 0.0, 1.142 -0.5846 0.0004, 1.142 -0.5976 0.0004, 1.142 -0.5846 0.0, 1.142 -0.5976 0.0, 1.2054 -0.5976 0.0004, 1.2054 -0.5976 0.0, 1.2054 -0.4795 0.0004, 1.2054 -0.4795 0.0, 1.1449 -0.4795 0.0004, 1.1449 -0.4795 0.0, 1.1449 -0.4924 0.0004, 1.1449 -0.4924 0.0, 1.1896 -0.4924 0.0004, 1.1896 -0.4924 0.0, 1.1896 -0.5313 0.0004, 1.1896 -0.5313 0.0, 1.1478 -0.5313 0.0004, 1.1478 -0.5313 0.0, 1.1478 -0.5443 0.0004, 1.1478 -0.5443 0.0, 1.1896 -0.5443 0.0004, 1.1896 -0.5443 0.0, 1.1896 -0.5846 0.0004, 1.1896 -0.5846 0.0, 1.2284 -0.5785 0.0004, 1.2284 -0.5915 0.0004, 1.2284 -0.5785 0.0, 1.2284 -0.5915 0.0, 1.2451 -0.5972 0.0, 1.241 -0.5966 0.0004, 1.253 -0.5983 0.0, 1.2577 -0.599 0.0004, 1.2577 -0.599 0.0, 1.2609 -0.599 0.0004, 1.2609 -0.599 0.0, 1.241 -0.5966 0.0, 1.2679 -0.5983 0.0, 1.2755 -0.5975 0.0004, 1.2755 -0.5975 0.0, 1.2869 -0.5936 0.0004, 1.2869 -0.5936 0.0, 1.2964 -0.5875 0.0004, 1.2964 -0.5875 0.0, 1.3053 -0.5782 0.0004, 1.3053 -0.5782 0.0, 1.3116 -0.5669 0.0004, 1.3116 -0.5669 0.0, 1.3152 -0.5544 0.0004, 1.3152 -0.5544 0.0, 1.3163 -0.5408 0.0004, 1.3163 -0.5408 0.0, 1.2562 -0.478 0.0004, 1.2562 -0.478 0.0, 1.2681 -0.479 0.0, 1.2681 -0.479 0.0004, 1.2813 -0.4828 0.0, 1.2813 -0.4828 0.0004, 1.2925 -0.4893 0.0, 1.2925 -0.4893 0.0004, 1.3032 -0.4995 0.0, 1.3032 -0.4995 0.0004, 1.3101 -0.5106 0.0, 1.3101 -0.5106 0.0004, 1.3146 -0.524 0.0, 1.3146 -0.524 0.0004, 1.2451 -0.4788 0.0, 1.2421 -0.479 0.0004, 1.2421 -0.479 0.0, 1.2284 -0.4827 0.0004, 1.2284 -0.4827 0.0, 1.2284 -0.4986 0.0004, 1.2284 -0.4986 0.0, 1.2417 -0.4929 0.0004, 1.2561 -0.491 0.0004, 1.2561 -0.491 0.0, 1.2451 -0.4924 0.0, 1.2417 -0.4929 0.0, 1.3005 -0.5398 0.0004, 1.3005 -0.5398 0.0, 1.2999 -0.5306 0.0, 1.2999 -0.5306 0.0004, 1.2968 -0.518 0.0, 1.2968 -0.518 0.0004, 1.2919 -0.5088 0.0, 1.2919 -0.5088 0.0004, 1.2847 -0.501 0.0, 1.2847 -0.501 0.0004, 1.2766 -0.4955 0.0, 1.2766 -0.4955 0.0004, 1.2677 -0.4923 0.0, 1.2677 -0.4923 0.0004, 1.2588 -0.5861 0.0004, 1.2588 -0.5861 0.0, 1.2698 -0.5848 0.0, 1.2698 -0.5848 0.0004, 1.2784 -0.5817 0.0, 1.2784 -0.5817 0.0004, 1.2856 -0.5768 0.0, 1.2856 -0.5768 0.0004, 1.2912 -0.5709 0.0, 1.2912 -0.5709 0.0004, 1.2961 -0.5627 0.0, 1.2961 -0.5627 0.0004, 1.2993 -0.5526 0.0, 1.2993 -0.5526 0.0004, 1.2451 -0.5846 0.0, 1.2431 -0.5843 0.0004, 1.2431 -0.5843 0.0, 1.2306 -0.5797 0.0004, 1.2306 -0.5797 0.0, 1.3264 -0.5846 0.0004, 1.3264 -0.5976 0.0004, 1.3264 -0.5846 0.0, 1.3264 -0.5976 0.0, 1.3869 -0.5976 0.0004, 1.3869 -0.5976 0.0, 1.3869 -0.4795 0.0004, 1.3869 -0.4795 0.0, 1.371 -0.4795 0.0004, 1.371 -0.4795 0.0, 1.371 -0.5846 0.0004, 1.371 -0.5846 0.0
            ]
        }
        coordIndex [
            0,1,2,-1,2,1,3,-1,1,4,3,-1,3,4,5,-1,4,6,5,-1,5,6,7,-1,6,8,7,-1,7,8,9,-1,8,10,9,-1,9,10,11,-1,10,12,11,-1,11,12,13,-1,12,14,13,-1,13,14,15,-1,14,0,15,-1,15,0,2,-1,16,8,17,-1,17,8,6,-1,18,14,16,-1,16,14,12,-1,16,12,8,-1,8,12,10,-1,18,19,14,-1,14,19,20,-1,14,20,0,-1,0,20,21,-1,0,21,22,-1,22,23,0,-1,0,23,17,-1,0,17,1,-1,1,17,6,-1,1,6,4,-1,16,17,24,-1,24,17,25,-1,18,16,26,-1,26,16,24,-1,18,26,27,-1,18,27,19,-1,19,27,28,-1,19,28,20,-1,21,20,29,-1,29,20,28,-1,21,29,30,-1,21,30,22,-1,22,30,31,-1,22,31,23,-1,17,23,25,-1,25,23,31,-1,32,33,34,-1,34,33,35,-1,33,36,35,-1,35,36,37,-1,36,38,37,-1,37,38,39,-1,40,41,42,-1,40,42,43,-1,43,42,44,-1,43,44,45,-1,45,44,46,-1,45,46,47,-1,47,46,48,-1,47,48,49,-1,49,48,50,-1,49,50,51,-1,51,50,52,-1,51,52,53,-1,53,52,54,-1,53,54,55,-1,55,54,39,-1,55,39,38,-1,32,34,56,-1,32,56,57,-1,57,56,58,-1,57,58,59,-1,59,58,60,-1,59,60,61,-1,61,60,62,-1,61,62,63,-1,63,62,64,-1,63,64,65,-1,65,64,66,-1,65,66,67,-1,67,66,41,-1,67,41,40,-1,45,47,68,-1,68,47,49,-1,68,49,69,-1,69,49,51,-1,69,51,70,-1,70,51,53,-1,70,53,71,-1,71,53,55,-1,71,55,72,-1,72,55,38,-1,72,38,73,-1,73,38,36,-1,73,36,74,-1,74,36,33,-1,74,33,75,-1,75,33,32,-1,75,32,76,-1,76,32,57,-1,76,57,77,-1,77,57,59,-1,77,59,78,-1,78,59,61,-1,78,61,79,-1,79,61,63,-1,79,63,80,-1,80,63,65,-1,80,65,81,-1,81,65,67,-1,81,67,82,-1,82,67,40,-1,82,40,83,-1,83,40,43,-1,83,43,84,-1,84,43,45,-1,84,45,68,-1,72,73,85,-1,85,73,86,-1,72,85,87,-1,72,87,71,-1,71,87,88,-1,71,88,70,-1,70,88,89,-1,70,89,69,-1,69,89,90,-1,69,90,68,-1,68,90,91,-1,68,91,84,-1,84,91,92,-1,84,92,83,-1,83,92,93,-1,83,93,82,-1,82,93,94,-1,82,94,81,-1,81,94,95,-1,81,95,80,-1,80,95,96,-1,80,96,79,-1,79,96,97,-1,79,97,78,-1,78,97,98,-1,78,98,77,-1,77,98,99,-1,77,99,76,-1,76,99,100,-1,76,100,75,-1,74,75,101,-1,101,75,100,-1,73,74,86,-1,86,74,101,-1,102,103,104,-1,104,103,105,-1,103,106,105,-1,105,106,107,-1,106,108,107,-1,107,108,109,-1,108,110,109,-1,109,110,111,-1,110,112,111,-1,111,112,113,-1,112,114,113,-1,113,114,115,-1,114,116,115,-1,115,116,117,-1,116,118,117,-1,117,118,119,-1,118,120,119,-1,119,120,121,-1,120,122,121,-1,121,122,123,-1,122,124,123,-1,123,124,125,-1,124,102,125,-1,125,102,104,-1,106,103,102,-1,102,124,106,-1,106,124,122,-1,106,122,108,-1,112,110,114,-1,114,110,108,-1,114,108,116,-1,116,108,122,-1,116,122,118,-1,118,122,120,-1,126,127,128,-1,128,127,129,-1,130,131,132,-1,132,131,133,-1,132,133,134,-1,134,133,135,-1,134,135,136,-1,130,137,131,-1,131,137,129,-1,131,129,127,-1,136,135,138,-1,138,135,139,-1,138,139,140,-1,140,139,141,-1,140,141,142,-1,142,141,143,-1,142,143,144,-1,144,143,145,-1,144,145,146,-1,146,145,147,-1,146,147,148,-1,148,147,149,-1,148,149,150,-1,150,149,151,-1,150,151,152,-1,153,154,155,-1,153,155,156,-1,156,155,157,-1,156,157,158,-1,158,157,159,-1,158,159,160,-1,160,159,161,-1,160,161,162,-1,162,161,163,-1,162,163,164,-1,164,163,165,-1,164,165,166,-1,166,165,152,-1,166,152,151,-1,154,153,167,-1,167,153,168,-1,167,168,169,-1,169,168,170,-1,169,170,171,-1,170,172,171,-1,171,172,173,-1,173,172,174,-1,175,176,177,-1,175,177,174,-1,174,177,178,-1,174,178,173,-1,179,180,181,-1,179,181,182,-1,182,181,183,-1,182,183,184,-1,184,183,185,-1,184,185,186,-1,186,185,187,-1,186,187,188,-1,188,187,189,-1,188,189,190,-1,190,189,191,-1,190,191,192,-1,192,191,176,-1,192,176,175,-1,193,194,195,-1,193,195,196,-1,196,195,197,-1,196,197,198,-1,198,197,199,-1,198,199,200,-1,200,199,201,-1,200,201,202,-1,202,201,203,-1,202,203,204,-1,204,203,205,-1,204,205,206,-1,206,205,180,-1,206,180,179,-1,194,193,207,-1,207,193,208,-1,207,208,209,-1,209,208,210,-1,209,210,211,-1,211,210,126,-1,211,126,128,-1,196,135,193,-1,193,135,133,-1,193,133,208,-1,208,133,131,-1,208,131,210,-1,210,131,127,-1,210,127,126,-1,172,170,174,-1,174,170,168,-1,174,168,175,-1,175,168,153,-1,175,153,192,-1,192,153,156,-1,192,156,190,-1,190,156,158,-1,190,158,188,-1,188,158,160,-1,188,160,186,-1,186,160,162,-1,186,162,184,-1,184,162,164,-1,184,164,182,-1,182,164,166,-1,182,166,179,-1,179,166,151,-1,179,151,206,-1,206,151,149,-1,206,149,204,-1,204,149,147,-1,204,147,202,-1,202,147,145,-1,202,145,200,-1,200,145,143,-1,200,143,198,-1,198,143,141,-1,198,141,196,-1,196,141,139,-1,196,139,135,-1,212,213,214,-1,214,213,215,-1,213,216,215,-1,215,216,217,-1,216,218,217,-1,217,218,219,-1,218,220,219,-1,219,220,221,-1,220,222,221,-1,221,222,223,-1,222,212,223,-1,223,212,214,-1,220,218,222,-1,222,218,216,-1,222,216,212,-1,212,216,213,-1,
        ]
    }
}
Shape{
    appearance Appearance {
        material  Material 	{
            diffuseColor 0.2235294117647059 0.2235294117647059 0.2235294117647059
            specularColor 0.06666666666666667 0.06666666666666667 0.06666666666666667
            ambientIntensity 0.2235
            transparency 0.0
            shininess 0.5
        }
    }
    geometry IndexedFaceSet {
        ccw TRUE
        solid FALSE
        coord DEF co Coordinate {
            point [
                0.9827 -0.5515 0.0, 0.9432 -0.5515 0.0, 0.9651 -0.5022 0.0, 0.961 -0.5022 0.0, 0.964 -0.4981 0.0, 0.9621 -0.4981 0.0, 0.9632 -0.4939 0.0, 0.9628 -0.4939 0.0, 1.1031 -0.4924 0.0, 1.1031 -0.5846 0.0, 1.0857 -0.4924 0.0, 1.0864 -0.5846 0.0, 1.0739 -0.5835 0.0, 1.0398 -0.5374 0.0, 1.0408 -0.5256 0.0, 1.0435 -0.5163 0.0, 1.0717 -0.4939 0.0, 1.064 -0.5804 0.0, 1.0559 -0.5756 0.0, 1.0493 -0.569 0.0, 1.0443 -0.5609 0.0, 1.0408 -0.5498 0.0, 1.0476 -0.509 0.0, 1.0534 -0.5029 0.0, 1.062 -0.4973 0.0, 1.3016 -0.5417 0.1457, 1.5925 -0.5417 0.1457, 1.3016 -0.5417 0.4882, 1.5925 -0.5417 0.4882, 1.5925 -2.1565 0.4882, 1.5925 -2.1565 0.1457, 1.3111 -2.1565 0.4882, 1.3111 -2.1565 0.1457, 1.3016 -0.5709 0.1457, 1.3016 -1.5551 0.4882, 1.3016 -1.5551 0.1457, -1.8484 -2.1457 0.0, -1.8524 -2.1151 -0.1181, -1.8524 -2.1151 0.0, -1.8642 -2.0866 -0.1181, -1.8642 -2.0866 0.0, -1.883 -2.0622 -0.1181, -1.883 -2.0622 0.0, -1.9075 -2.0434 -0.1181, -1.9075 -2.0434 0.0, -1.936 -2.0316 -0.1181, -1.936 -2.0316 0.0, -1.9665 -2.0276 -0.1181, -1.9665 -2.0276 0.0, -1.9971 -2.0316 -0.1181, -1.9971 -2.0316 0.0, -2.0256 -2.0434 -0.1181, -2.0256 -2.0434 0.0, -2.0501 -2.0622 -0.1181, -2.0501 -2.0622 0.0, -2.0688 -2.0866 -0.1181, -2.0688 -2.0866 0.0, -2.0806 -2.1151 -0.1181, -2.0806 -2.1151 0.0, -2.0846 -2.1457 -0.1181, -2.0846 -2.1457 0.0, -2.0806 -2.1762 -0.1181, -2.0806 -2.1762 0.0, -2.0688 -2.2047 -0.1181, -2.0688 -2.2047 0.0, -2.0501 -2.2292 -0.1181, -2.0501 -2.2292 0.0, -2.0256 -2.248 -0.1181, -2.0256 -2.248 0.0, -1.9971 -2.2598 -0.1181, -1.9971 -2.2598 0.0, -1.9665 -2.2638 -0.1181, -1.9665 -2.2638 0.0, -1.936 -2.2598 -0.1181, -1.936 -2.2598 0.0, -1.9075 -2.248 -0.1181, -1.9075 -2.248 0.0, -1.883 -2.2292 -0.1181, -1.883 -2.2292 0.0, -1.8642 -2.2047 -0.1181, -1.8642 -2.2047 0.0, -1.8524 -2.1762 -0.1181, -1.8524 -2.1762 0.0, -1.8484 -2.1457 -0.1181, -2.0347 -2.185 -0.1575, -2.0426 -2.166 -0.1575, -1.9665 -2.1457 -0.1575, -2.0453 -2.1457 -0.1575, -2.0426 -2.1253 -0.1575, -1.9869 -2.2217 -0.1575, -2.0059 -2.2139 -0.1575, -2.0222 -2.2013 -0.1575, -1.9272 -2.2139 -0.1575, -1.9462 -2.2217 -0.1575, -1.9665 -2.2244 -0.1575, -1.8905 -2.166 -0.1575, -1.8983 -2.185 -0.1575, -1.9109 -2.2013 -0.1575, -1.8983 -2.1063 -0.1575, -1.8905 -2.1253 -0.1575, -1.8878 -2.1457 -0.1575, -1.9462 -2.0696 -0.1575, -1.9272 -2.0775 -0.1575, -1.9109 -2.09 -0.1575, -2.0059 -2.0775 -0.1575, -1.9869 -2.0696 -0.1575, -1.9665 -2.0669 -0.1575, -2.0347 -2.1063 -0.1575, -2.0222 -2.09 -0.1575, 1.3209 -2.0434 0.0, 1.2964 -2.0622 -0.1181, 1.2964 -2.0622 0.0, 1.2776 -2.0866 -0.1181, 1.2776 -2.0866 0.0, 1.2658 -2.1151 -0.1181, 1.2658 -2.1151 0.0, 1.2618 -2.1457 -0.1181, 1.2618 -2.1457 0.0, 1.2658 -2.1762 -0.1181, 1.2658 -2.1762 0.0, 1.2776 -2.2047 -0.1181, 1.2776 -2.2047 0.0, 1.2964 -2.2292 -0.1181, 1.2964 -2.2292 0.0, 1.3209 -2.248 -0.1181, 1.3213 -2.0432 0.0, 1.3494 -2.0316 -0.1181, 1.3209 -2.0434 -0.1181, 1.3494 -2.0316 0.0, 1.3799 -2.0276 0.0, 1.3799 -2.0276 -0.1181, 1.4105 -2.0316 0.0, 1.4105 -2.0316 -0.1181, 1.439 -2.0434 0.0, 1.439 -2.0434 -0.1181, 1.4634 -2.0622 0.0, 1.4634 -2.0622 -0.1181, 1.4822 -2.0866 0.0, 1.4822 -2.0866 -0.1181, 1.494 -2.1151 0.0, 1.494 -2.1151 -0.1181, 1.498 -2.1457 0.0, 1.498 -2.1457 -0.1181, 1.494 -2.1762 0.0, 1.494 -2.1762 -0.1181, 1.4822 -2.2047 0.0, 1.4822 -2.2047 -0.1181, 1.4634 -2.2292 0.0, 1.4634 -2.2292 -0.1181, 1.439 -2.248 0.0, 1.439 -2.248 -0.1181, 1.4105 -2.2598 0.0, 1.4105 -2.2598 -0.1181, 1.3799 -2.2638 0.0, 1.3799 -2.2638 -0.1181, 1.3494 -2.2598 0.0, 1.3494 -2.2598 -0.1181, 1.3213 -2.2482 0.0, 1.3209 -2.248 0.0, 1.3117 -2.185 -0.1575, 1.3039 -2.166 -0.1575, 1.3799 -2.1457 -0.1575, 1.3012 -2.1457 -0.1575, 1.3039 -2.1253 -0.1575, 1.3595 -2.2217 -0.1575, 1.3406 -2.2139 -0.1575, 1.3242 -2.2013 -0.1575, 1.4193 -2.2139 -0.1575, 1.4003 -2.2217 -0.1575, 1.3799 -2.2244 -0.1575, 1.456 -2.166 -0.1575, 1.4481 -2.185 -0.1575, 1.4356 -2.2013 -0.1575, 1.4481 -2.1063 -0.1575, 1.456 -2.1253 -0.1575, 1.4587 -2.1457 -0.1575, 1.4003 -2.0696 -0.1575, 1.4193 -2.0775 -0.1575, 1.4356 -2.09 -0.1575, 1.3406 -2.0775 -0.1575, 1.3595 -2.0696 -0.1575, 1.3799 -2.0669 -0.1575, 1.3117 -2.1063 -0.1575, 1.3242 -2.09 -0.1575
            ]
        }
        coordIndex [
            0,1,2,-1,2,1,3,-1,2,3,4,-1,4,3,5,-1,4,5,6,-1,6,5,7,-1,8,9,10,-1,10,9,11,-1,10,11,12,-1,13,14,10,-1,10,14,15,-1,10,15,16,-1,12,17,10,-1,10,17,18,-1,10,18,19,-1,19,20,10,-1,10,20,21,-1,10,21,13,-1,22,23,15,-1,15,23,24,-1,15,24,16,-1,25,26,27,-1,27,26,28,-1,29,30,31,-1,31,30,32,-1,25,27,33,-1,33,27,34,-1,33,34,35,-1,36,37,38,-1,38,37,39,-1,38,39,40,-1,40,39,41,-1,40,41,42,-1,42,41,43,-1,42,43,44,-1,44,43,45,-1,44,45,46,-1,46,45,47,-1,46,47,48,-1,48,47,49,-1,48,49,50,-1,50,49,51,-1,50,51,52,-1,52,51,53,-1,52,53,54,-1,54,53,55,-1,54,55,56,-1,56,55,57,-1,56,57,58,-1,58,57,59,-1,58,59,60,-1,60,59,61,-1,60,61,62,-1,62,61,63,-1,62,63,64,-1,64,63,65,-1,64,65,66,-1,66,65,67,-1,66,67,68,-1,68,67,69,-1,68,69,70,-1,70,69,71,-1,70,71,72,-1,72,71,73,-1,72,73,74,-1,74,73,75,-1,74,75,76,-1,76,75,77,-1,76,77,78,-1,78,77,79,-1,78,79,80,-1,80,79,81,-1,80,81,82,-1,82,81,83,-1,82,83,36,-1,36,83,37,-1,84,85,86,-1,86,85,87,-1,86,87,88,-1,89,90,86,-1,86,90,91,-1,86,91,84,-1,92,93,86,-1,86,93,94,-1,86,94,89,-1,95,96,86,-1,86,96,97,-1,86,97,92,-1,98,99,86,-1,86,99,100,-1,86,100,95,-1,101,102,86,-1,86,102,103,-1,86,103,98,-1,104,105,86,-1,86,105,106,-1,86,106,101,-1,88,107,86,-1,86,107,108,-1,86,108,104,-1,109,110,111,-1,111,110,112,-1,111,112,113,-1,113,112,114,-1,113,114,115,-1,115,114,116,-1,115,116,117,-1,117,116,118,-1,117,118,119,-1,119,118,120,-1,119,120,121,-1,121,120,122,-1,121,122,123,-1,123,122,124,-1,125,126,109,-1,109,126,127,-1,109,127,110,-1,125,128,126,-1,126,128,129,-1,126,129,130,-1,130,129,131,-1,130,131,132,-1,132,131,133,-1,132,133,134,-1,134,133,135,-1,134,135,136,-1,136,135,137,-1,136,137,138,-1,138,137,139,-1,138,139,140,-1,140,139,141,-1,140,141,142,-1,142,141,143,-1,142,143,144,-1,144,143,145,-1,144,145,146,-1,146,145,147,-1,146,147,148,-1,148,147,149,-1,148,149,150,-1,150,149,151,-1,150,151,152,-1,152,151,153,-1,152,153,154,-1,154,153,155,-1,154,155,156,-1,156,155,157,-1,156,157,124,-1,124,157,158,-1,124,158,123,-1,159,160,161,-1,161,160,162,-1,161,162,163,-1,164,165,161,-1,161,165,166,-1,161,166,159,-1,167,168,161,-1,161,168,169,-1,161,169,164,-1,170,171,161,-1,161,171,172,-1,161,172,167,-1,173,174,161,-1,161,174,175,-1,161,175,170,-1,176,177,161,-1,161,177,178,-1,161,178,173,-1,179,180,161,-1,161,180,181,-1,161,181,176,-1,163,182,161,-1,161,182,183,-1,161,183,179,-1,83,99,37,-1,37,99,98,-1,37,98,39,-1,39,98,103,-1,39,103,41,-1,41,103,102,-1,41,102,43,-1,43,102,101,-1,43,101,45,-1,45,101,106,-1,45,106,47,-1,47,106,105,-1,47,105,49,-1,49,105,104,-1,49,104,51,-1,51,104,108,-1,51,108,53,-1,53,108,107,-1,53,107,55,-1,55,107,88,-1,55,88,57,-1,57,88,87,-1,57,87,59,-1,59,87,85,-1,59,85,61,-1,61,85,84,-1,61,84,63,-1,63,84,91,-1,63,91,65,-1,65,91,90,-1,65,90,67,-1,67,90,89,-1,67,89,69,-1,69,89,94,-1,69,94,71,-1,71,94,93,-1,71,93,73,-1,73,93,92,-1,73,92,75,-1,75,92,97,-1,75,97,77,-1,77,97,96,-1,77,96,79,-1,79,96,95,-1,79,95,81,-1,81,95,100,-1,81,100,83,-1,83,100,99,-1,142,174,140,-1,140,174,173,-1,140,173,138,-1,138,173,178,-1,138,178,136,-1,136,178,177,-1,136,177,134,-1,134,177,176,-1,134,176,132,-1,132,176,181,-1,132,181,130,-1,130,181,180,-1,130,180,126,-1,126,180,179,-1,126,179,127,-1,127,179,183,-1,127,183,110,-1,110,183,182,-1,110,182,112,-1,112,182,163,-1,112,163,114,-1,114,163,162,-1,114,162,116,-1,116,162,160,-1,116,160,118,-1,118,160,159,-1,118,159,120,-1,120,159,166,-1,120,166,122,-1,122,166,165,-1,122,165,124,-1,124,165,164,-1,124,164,156,-1,156,164,169,-1,156,169,154,-1,154,169,168,-1,154,168,152,-1,152,168,167,-1,152,167,150,-1,150,167,172,-1,150,172,148,-1,148,172,171,-1,148,171,146,-1,146,171,170,-1,146,170,144,-1,144,170,175,-1,144,175,142,-1,142,175,174,-1,
        ]
    }
}
Shape{
    appearance Appearance {
        material  Material 	{
            diffuseColor 0.8941176470588236 0.9137254901960784 0.9294117647058824
            specularColor 0.4470588235294118 0.4588235294117647 0.4666666666666667
            ambientIntensity 0.9097
            transparency 0.0
            shininess 0.5
        }
    }
    geometry IndexedFaceSet {
        ccw TRUE
        solid FALSE
        coord DEF co Coordinate {
            point [
                -2.1083 -2.8346 0.5709, -2.1083 -2.8346 0.5315, -2.0492 -2.8346 0.5709, -2.0492 -2.8346 0.5315, 1.9512 -2.4135 0.5709, 1.9512 -2.4135 0.5315, 1.9512 -2.3972 0.5709, 1.9512 -2.3972 0.5315, 1.3573 -2.4135 0.5315, 1.3573 -2.4135 0.5709, 1.3606 -2.4135 0.5315, 1.3606 -2.4135 0.5709, 0.4653 -0.0666 0.5709, 0.4653 -0.0666 0.5315, 0.4651 -0.0666 0.5709, 0.4651 -0.0666 0.5315, -2.3799 2.3819 0.0, -2.4193 2.3819 0.0, -2.3799 2.3819 0.4921, -2.4193 2.3819 0.4921, -2.3786 2.3819 0.5023, -2.4166 2.3819 0.5125, -2.3746 2.3819 0.5118, -2.4087 2.3819 0.5315, -2.3684 2.3819 0.52, -2.3962 2.3819 0.5478, -2.3602 2.3819 0.5262, -2.3799 2.3819 0.5603, -2.3507 2.3819 0.5302, -2.3609 2.3819 0.5682, -2.3406 2.3819 0.5315, -2.3406 2.3819 0.5709, -1.8287 2.3819 0.5315, -1.8287 2.3819 0.5709, 1.3839 2.3819 0.5315, 1.3839 2.3819 0.5709, 2.1869 2.3819 0.5315, 2.1869 2.3819 0.5709, 2.3406 2.3819 0.5315, 2.3406 2.3819 0.5709, 2.3507 2.3819 0.5302, 2.3609 2.3819 0.5682, 2.3602 2.3819 0.5262, 2.3799 2.3819 0.5603, 2.3684 2.3819 0.52, 2.3962 2.3819 0.5478, 2.3746 2.3819 0.5118, 2.4087 2.3819 0.5315, 2.3786 2.3819 0.5023, 2.4166 2.3819 0.5125, 2.3799 2.3819 0.4921, 2.4193 2.3819 0.4921, 2.3799 2.3819 0.0, 2.4193 2.3819 0.0, 2.3799 1.1024 0.4921, 2.3799 1.1024 0.0787, 2.3799 0.5118 0.0787, 2.3799 -2.9331 0.4921, 2.3799 -1.8504 0.4921, 2.3799 -2.9331 0.0, 2.3799 -1.8504 0.0787, 2.3799 -1.2598 0.0787, 2.3799 -1.2598 0.4921, 2.3799 0.5118 0.4921, 2.3786 1.1024 0.5023, 2.3746 1.1024 0.5118, 2.3684 1.1024 0.52, 2.3602 1.1024 0.5262, 2.3507 1.1024 0.5302, 2.3406 1.1024 0.5315, 1.2786 -0.5974 0.5315, 1.2786 -1.228 0.5315, 1.0104 -1.228 0.5315, 2.3209 0.5118 0.5315, 2.3406 0.5118 0.5315, 2.3406 -0.2438 0.5315, 2.3012 -1.8504 0.5315, 2.3406 -1.8504 0.5315, 2.3406 -2.4707 0.5315, -1.7619 -2.4415 0.5315, -1.7238 -2.4707 0.5315, -2.3406 -2.4707 0.5315, -2.3406 -1.2598 0.5315, -2.3406 -1.228 0.5315, -2.3012 -1.2598 0.5315, -1.0531 -1.228 0.5315, -2.3406 -1.8504 0.5315, -2.3012 -1.8504 0.5315, -1.2974 -2.3803 0.5315, -1.2679 -2.3091 0.5315, -1.0531 -2.4707 0.5315, -1.2579 -2.2327 0.5315, -1.2679 -2.1563 0.5315, -1.8384 -2.1563 0.5315, -1.8484 -2.2327 0.5315, -1.8384 -2.3091 0.5315, -1.8089 -2.3803 0.5315, -1.2974 -2.0851 0.5315, -1.3444 -2.0239 0.5315, -1.4055 -1.977 0.5315, -1.6296 -1.9475 0.5315, -1.5531 -1.9374 0.5315, -1.4767 -1.9475 0.5315, -1.7008 -1.977 0.5315, -1.7619 -2.0239 0.5315, -1.8089 -2.0851 0.5315, -1.4055 -2.4884 0.5315, -1.3825 -2.4707 0.5315, -1.3444 -2.4415 0.5315, -2.0492 -2.8543 0.5315, -1.7008 -2.4884 0.5315, -2.1083 -2.9331 0.5315, -2.3406 -2.9331 0.5315, -1.4767 -2.5179 0.5315, -1.0531 -2.8543 0.5315, -1.5531 -2.528 0.5315, -1.6296 -2.5179 0.5315, 1.0104 -2.4707 0.5315, 0.6556 -2.4415 0.5315, 0.7026 -2.3803 0.5315, 0.7026 -2.0851 0.5315, 0.6556 -2.0239 0.5315, -0.0531 -2.4707 0.5315, 0.1616 -2.3091 0.5315, 0.1911 -2.3803 0.5315, 0.7321 -2.3091 0.5315, 0.7421 -2.2327 0.5315, 0.7321 -2.1563 0.5315, 0.4469 -1.9374 0.5315, -0.0531 -1.228 0.5315, 0.5233 -1.9475 0.5315, 0.5945 -1.977 0.5315, 0.3704 -1.9475 0.5315, 0.2992 -1.977 0.5315, 0.2381 -2.0239 0.5315, 0.1911 -2.0851 0.5315, 0.1616 -2.1563 0.5315, 0.1516 -2.2327 0.5315, 0.2381 -2.4415 0.5315, 0.2762 -2.4707 0.5315, -0.0531 -2.8543 0.5315, 0.2992 -2.4884 0.5315, 1.0104 -2.8543 0.5315, 0.5945 -2.4884 0.5315, 0.6175 -2.4707 0.5315, 0.3704 -2.5179 0.5315, 0.4469 -2.528 0.5315, 0.5233 -2.5179 0.5315, -0.4055 -1.977 0.5315, -0.3444 -2.0239 0.5315, -0.2974 -2.0851 0.5315, -0.7619 -2.4415 0.5315, -0.8089 -2.3803 0.5315, -0.8384 -2.3091 0.5315, -0.3825 -2.4707 0.5315, -0.3444 -2.4415 0.5315, -0.2974 -2.3803 0.5315, -0.2679 -2.3091 0.5315, -0.2579 -2.2327 0.5315, -0.2679 -2.1563 0.5315, -0.7008 -1.977 0.5315, -0.7619 -2.0239 0.5315, -0.4767 -1.9475 0.5315, -0.5531 -1.9374 0.5315, -0.6296 -1.9475 0.5315, -0.8089 -2.0851 0.5315, -0.8384 -2.1563 0.5315, -0.8484 -2.2327 0.5315, -0.7238 -2.4707 0.5315, -0.4055 -2.4884 0.5315, -0.4767 -2.5179 0.5315, -0.7008 -2.4884 0.5315, -0.6296 -2.5179 0.5315, -0.5531 -2.528 0.5315, 0.1461 -0.0032 0.5315, 0.1546 -0.0239 0.5315, -0.0531 -0.2438 0.5315, 0.5394 -0.0239 0.5315, 0.548 -0.0032 0.5315, 1.0104 -0.2438 0.5315, 0.5509 0.0189 0.5315, -0.0531 2.3819 0.5315, 0.1432 2.3819 0.5315, 0.1432 0.0189 0.5315, 0.1682 -0.0416 0.5315, 0.1859 -0.0552 0.5315, 0.2066 -0.0637 0.5315, 0.2287 -0.0666 0.5315, 0.2289 -0.0666 0.5315, 0.2289 0.9397 0.5315, 0.4651 0.9397 0.5315, 0.4875 -0.0637 0.5315, 0.5081 -0.0552 0.5315, 0.5258 -0.0416 0.5315, -1.7619 0.5351 0.5315, -1.8089 0.474 0.5315, -2.3209 0.5118 0.5315, -1.4055 0.0706 0.5315, -1.3444 0.1176 0.5315, -1.0531 -0.2438 0.5315, -2.3406 1.1024 0.5315, -2.3209 1.1024 0.5315, -1.8384 0.4028 0.5315, -1.8484 0.3263 0.5315, -2.3406 0.5118 0.5315, -2.3406 -0.2438 0.5315, -1.8089 0.1787 0.5315, -1.7619 0.1176 0.5315, -1.4767 0.0411 0.5315, -1.0531 2.3819 0.5315, -1.5531 0.6216 0.5315, -1.6296 0.6116 0.5315, -1.8384 0.2499 0.5315, -1.7008 0.0706 0.5315, -1.6296 0.0411 0.5315, -1.5531 0.0311 0.5315, -1.2974 0.1787 0.5315, -1.2679 0.2499 0.5315, -1.2579 0.3263 0.5315, -1.7008 0.5821 0.5315, -1.2679 0.4028 0.5315, -1.2974 0.474 0.5315, -1.3444 0.5351 0.5315, -1.4055 0.5821 0.5315, -1.4767 0.6116 0.5315, 1.2972 -2.8543 0.5315, 1.2972 -2.8346 0.5315, 1.3563 -2.8346 0.5315, 2.1869 -2.4707 0.5315, 1.3563 -2.9331 0.5315, 2.1869 -2.9331 0.5315, 1.972 -2.4115 0.5315, 1.9886 -2.4057 0.5315, 1.3606 -2.1401 0.5315, 1.8993 -2.1401 0.5315, 1.3082 -2.3963 0.5315, 1.3232 -2.4057 0.5315, 1.3398 -2.4115 0.5315, 2.0035 -2.3963 0.5315, 2.016 -2.3838 0.5315, 2.0254 -2.3689 0.5315, 1.2806 -2.3523 0.5315, 1.2864 -2.3689 0.5315, 1.2958 -2.3838 0.5315, 1.9544 -2.4135 0.5315, 1.2786 -2.3347 0.5315, 2.0312 -0.5799 0.5315, 2.0254 -0.5632 0.5315, 2.1869 -0.2438 0.5315, 1.3232 -0.5264 0.5315, 1.3082 -0.5358 0.5315, 2.0312 -2.3523 0.5315, 2.0332 -2.3347 0.5315, 2.1869 -1.228 0.5315, 2.0332 -1.228 0.5315, 2.0332 -0.5974 0.5315, 1.3398 -0.5206 0.5315, 1.2806 -0.5799 0.5315, 2.016 -0.5483 0.5315, 2.0035 -0.5358 0.5315, 1.9886 -0.5264 0.5315, 1.2958 -0.5483 0.5315, 1.2864 -0.5632 0.5315, 1.972 -0.5206 0.5315, 1.9544 -0.5186 0.5315, 1.3573 -0.5186 0.5315, -0.6296 0.6116 0.5315, -0.7008 0.5821 0.5315, -0.8384 0.4028 0.5315, -0.8484 0.3263 0.5315, -0.8384 0.2499 0.5315, -0.2974 0.474 0.5315, -0.3444 0.5351 0.5315, -0.7619 0.5351 0.5315, -0.8089 0.474 0.5315, -0.4055 0.5821 0.5315, -0.4767 0.6116 0.5315, -0.5531 0.6216 0.5315, -0.8089 0.1787 0.5315, -0.7619 0.1176 0.5315, -0.7008 0.0706 0.5315, -0.6296 0.0411 0.5315, -0.5531 0.0311 0.5315, -0.4767 0.0411 0.5315, -0.4055 0.0706 0.5315, -0.3444 0.1176 0.5315, -0.2974 0.1787 0.5315, -0.2679 0.2499 0.5315, -0.2579 0.3263 0.5315, -0.2679 0.4028 0.5315, 2.3209 1.1024 0.5315, 1.0104 2.3819 0.5315, 0.5509 2.3819 0.5315, 2.3406 -1.228 0.5315, 2.3406 -2.9331 0.5315, 2.3012 -1.2598 0.5315, 2.3406 -1.2598 0.5315, 2.3406 1.1024 0.5709, 2.3609 1.1024 0.5682, 2.3799 1.1024 0.5603, 2.3962 1.1024 0.5478, 2.4087 1.1024 0.5315, 2.4166 1.1024 0.5125, 2.4193 1.1024 0.4921, 2.3507 0.5118 0.5302, 2.3507 -1.2598 0.5302, 2.3786 0.5118 0.5023, 2.3786 -1.2598 0.5023, 2.3746 0.5118 0.5118, 2.3746 -1.2598 0.5118, 2.3684 0.5118 0.52, 2.3684 -1.2598 0.52, 2.3602 0.5118 0.5262, 2.3602 -1.2598 0.5262, 2.3507 -1.8504 0.5302, 2.3507 -2.9331 0.5302, 2.3602 -2.9331 0.5262, 2.3602 -1.8504 0.5262, 2.3684 -2.9331 0.52, 2.3684 -1.8504 0.52, 2.3746 -2.9331 0.5118, 2.3746 -1.8504 0.5118, 2.3786 -2.9331 0.5023, 2.3786 -1.8504 0.5023, -2.3507 -2.9331 0.5302, -2.3507 -1.8504 0.5302, -2.3602 -1.8504 0.5262, -2.3602 -2.9331 0.5262, -2.3684 -1.8504 0.52, -2.3684 -2.9331 0.52, -2.3746 -1.8504 0.5118, -2.3746 -2.9331 0.5118, -2.3786 -1.8504 0.5023, -2.3786 -2.9331 0.5023, -2.3799 -1.8504 0.4921, -2.3799 -2.9331 0.4921, -2.3507 -1.2598 0.5302, -2.3507 0.5118 0.5302, -2.3602 0.5118 0.5262, -2.3602 -1.2598 0.5262, -2.3684 0.5118 0.52, -2.3684 -1.2598 0.52, -2.3746 0.5118 0.5118, -2.3746 -1.2598 0.5118, -2.3786 0.5118 0.5023, -2.3786 -1.2598 0.5023, -2.3799 0.5118 0.4921, -2.3799 -1.2598 0.4921, -2.4193 -1.8504 0.4921, -2.4193 -2.9331 0.4921, -2.4166 -2.9331 0.5125, -2.3609 -2.9331 0.5682, -2.3406 -2.9331 0.5709, -2.3406 -2.4707 0.5709, -2.4166 -1.8504 0.5125, -2.4087 -2.9331 0.5315, -2.4087 -1.8504 0.5315, -2.3962 -2.9331 0.5478, -2.3962 -1.8504 0.5478, -2.3799 -2.9331 0.5603, -2.3799 -1.8504 0.5603, -2.3609 -1.8504 0.5682, -2.3406 -1.8504 0.5709, -2.4193 0.5118 0.4921, -2.4193 -1.2598 0.4921, -2.4166 -1.2598 0.5125, -2.4166 0.5118 0.5125, -2.4087 -1.2598 0.5315, -2.4087 0.5118 0.5315, -2.3962 -1.2598 0.5478, -2.3962 0.5118 0.5478, -2.3799 -1.2598 0.5603, -2.3799 0.5118 0.5603, -2.3609 -1.2598 0.5682, -2.3609 0.5118 0.5682, -2.3406 -1.2598 0.5709, -2.3406 -1.228 0.5709, -2.3406 -0.2438 0.5709, -2.3406 0.5118 0.5709, 2.3406 -1.228 0.5709, 2.3406 -1.2598 0.5709, 2.3609 -1.2598 0.5682, 2.3609 0.5118 0.5682, 2.3406 0.5118 0.5709, 2.3406 -0.2438 0.5709, 2.3799 -1.2598 0.5603, 2.3799 0.5118 0.5603, 2.3962 -1.2598 0.5478, 2.3962 0.5118 0.5478, 2.4087 -1.2598 0.5315, 2.4087 0.5118 0.5315, 2.4166 -1.2598 0.5125, 2.4166 0.5118 0.5125, 2.4193 -1.2598 0.4921, 2.4193 0.5118 0.4921, 2.3406 -2.4707 0.5709, 2.3406 -2.9331 0.5709, 2.3609 -2.9331 0.5682, 2.3609 -1.8504 0.5682, 2.3406 -1.8504 0.5709, 2.3799 -2.9331 0.5603, 2.3799 -1.8504 0.5603, 2.3962 -2.9331 0.5478, 2.3962 -1.8504 0.5478, 2.4087 -2.9331 0.5315, 2.4087 -1.8504 0.5315, 2.4166 -2.9331 0.5125, 2.4166 -1.8504 0.5125, 2.4193 -2.9331 0.4921, 2.4193 -1.8504 0.4921, 2.4193 -2.9331 0.0, 2.1869 -2.9331 0.5709, 1.3563 -2.9331 0.5709, 2.4193 1.1024 0.0787, 2.4193 0.5118 0.0787, 2.4193 -1.8504 0.0787, 2.4193 -1.2598 0.0787, -2.3507 1.1024 0.5302, -2.3602 1.1024 0.5262, -2.3684 1.1024 0.52, -2.3746 1.1024 0.5118, -2.3786 1.1024 0.5023, -2.3799 1.1024 0.4921, -2.3799 1.1024 0.0787, -2.3799 0.5118 0.0787, -2.3799 -2.9331 0.0, -2.3799 -1.8504 0.0787, -2.3799 -1.2598 0.0787, -2.4193 -2.9331 0.0, -2.4193 1.1024 0.4921, -2.4193 1.1024 0.0787, -2.4193 0.5118 0.0787, -2.4193 -1.8504 0.0787, -2.4193 -1.2598 0.0787, -2.4166 1.1024 0.5125, -2.4087 1.1024 0.5315, -2.3962 1.1024 0.5478, -2.3799 1.1024 0.5603, -2.3609 1.1024 0.5682, -2.3406 1.1024 0.5709, 1.3563 -2.8346 0.5709, 2.3209 0.5118 0.5709, 2.1869 -0.2438 0.5709, 2.3209 1.1024 0.5709, 2.3012 -1.2598 0.5709, 2.1869 -1.228 0.5709, 2.3012 -1.8504 0.5709, 2.1869 -2.4707 0.5709, 0.6175 -2.4707 0.5709, 1.0104 -2.8543 0.5709, 1.0104 -2.4707 0.5709, 1.2972 -2.8543 0.5709, 1.2972 -2.8346 0.5709, 0.3704 -2.5179 0.5709, 0.2992 -2.4884 0.5709, -0.0531 -2.8543 0.5709, 0.5945 -2.4884 0.5709, 0.5233 -2.5179 0.5709, 0.4469 -2.528 0.5709, -0.0531 -2.4707 0.5709, -0.3825 -2.4707 0.5709, -0.4055 -2.4884 0.5709, -0.6296 -2.5179 0.5709, -1.0531 -2.8543 0.5709, -0.5531 -2.528 0.5709, -0.4767 -2.5179 0.5709, -0.7008 -2.4884 0.5709, -1.0531 -2.4707 0.5709, -1.3825 -2.4707 0.5709, -2.1083 -2.9331 0.5709, -1.7238 -2.4707 0.5709, -2.0492 -2.8543 0.5709, -1.6296 -2.5179 0.5709, -1.7008 -2.4884 0.5709, -1.4055 -2.4884 0.5709, -1.4767 -2.5179 0.5709, -1.5531 -2.528 0.5709, -2.3012 -1.2598 0.5709, -1.7619 -2.4415 0.5709, -1.8089 -2.3803 0.5709, -1.8384 -2.3091 0.5709, -1.2679 -2.3091 0.5709, -1.2974 -2.3803 0.5709, -1.3444 -2.4415 0.5709, -1.8484 -2.2327 0.5709, -2.3012 -1.8504 0.5709, -1.0531 -1.228 0.5709, -1.2679 -2.1563 0.5709, -1.2579 -2.2327 0.5709, -1.4055 -1.977 0.5709, -1.3444 -2.0239 0.5709, -1.2974 -2.0851 0.5709, -1.8384 -2.1563 0.5709, -1.8089 -2.0851 0.5709, -1.7619 -2.0239 0.5709, -1.7008 -1.977 0.5709, -1.6296 -1.9475 0.5709, -1.5531 -1.9374 0.5709, -1.4767 -1.9475 0.5709, -1.2974 0.1787 0.5709, -1.3444 0.1176 0.5709, -1.0531 -0.2438 0.5709, -2.3209 1.1024 0.5709, -1.0531 2.3819 0.5709, -1.5531 0.6216 0.5709, -1.4767 0.6116 0.5709, -2.3209 0.5118 0.5709, -1.7008 0.0706 0.5709, -1.6296 0.0411 0.5709, -1.7619 0.1176 0.5709, -1.8089 0.1787 0.5709, -1.8384 0.2499 0.5709, -1.4055 0.0706 0.5709, -1.4767 0.0411 0.5709, -1.5531 0.0311 0.5709, -1.8089 0.474 0.5709, -1.8384 0.4028 0.5709, -1.8484 0.3263 0.5709, -1.2974 0.474 0.5709, -1.2679 0.4028 0.5709, -1.2579 0.3263 0.5709, -1.2679 0.2499 0.5709, -1.7619 0.5351 0.5709, -1.7008 0.5821 0.5709, -1.6296 0.6116 0.5709, -1.4055 0.5821 0.5709, -1.3444 0.5351 0.5709, -0.0531 -0.2438 0.5709, 0.5509 2.3819 0.5709, 0.5509 0.0189 0.5709, 1.0104 -0.2438 0.5709, 0.548 -0.0032 0.5709, 0.5394 -0.0239 0.5709, 0.5258 -0.0416 0.5709, 0.5081 -0.0552 0.5709, 0.4875 -0.0637 0.5709, 0.4651 0.9397 0.5709, 0.2289 0.9397 0.5709, 0.2289 -0.0666 0.5709, 0.2287 -0.0666 0.5709, 0.2066 -0.0637 0.5709, 0.1859 -0.0552 0.5709, 0.1682 -0.0416 0.5709, 0.1546 -0.0239 0.5709, 0.1432 2.3819 0.5709, -0.0531 2.3819 0.5709, 0.1432 0.0189 0.5709, 0.1461 -0.0032 0.5709, 0.7321 -2.3091 0.5709, 0.7026 -2.3803 0.5709, 0.6556 -2.4415 0.5709, 0.5233 -1.9475 0.5709, 0.5945 -1.977 0.5709, 1.0104 -1.228 0.5709, 0.6556 -2.0239 0.5709, 0.2762 -2.4707 0.5709, 0.2381 -2.4415 0.5709, 0.1911 -2.3803 0.5709, 0.1911 -2.0851 0.5709, 0.2381 -2.0239 0.5709, -0.0531 -1.228 0.5709, 0.1616 -2.3091 0.5709, 0.1516 -2.2327 0.5709, 0.1616 -2.1563 0.5709, 0.7026 -2.0851 0.5709, 0.7321 -2.1563 0.5709, 0.7421 -2.2327 0.5709, 0.2992 -1.977 0.5709, 0.3704 -1.9475 0.5709, 0.4469 -1.9374 0.5709, 2.0312 -2.3523 0.5709, 2.0254 -2.3689 0.5709, 2.0332 -2.3347 0.5709, 2.016 -2.3838 0.5709, 2.0035 -2.3963 0.5709, 1.9886 -2.4057 0.5709, 1.972 -2.4115 0.5709, 1.9544 -2.4135 0.5709, 1.3398 -2.4115 0.5709, 1.3232 -2.4057 0.5709, 1.8993 -2.1401 0.5709, 1.3606 -2.1401 0.5709, 1.3082 -2.3963 0.5709, 1.2958 -2.3838 0.5709, 1.2864 -2.3689 0.5709, 1.2806 -0.5799 0.5709, 1.2864 -0.5632 0.5709, 1.972 -0.5206 0.5709, 1.9886 -0.5264 0.5709, 2.0035 -0.5358 0.5709, 2.0332 -1.228 0.5709, 2.0332 -0.5974 0.5709, 2.0312 -0.5799 0.5709, 1.2806 -2.3523 0.5709, 1.2786 -2.3347 0.5709, 1.2786 -1.228 0.5709, 1.2786 -0.5974 0.5709, 1.2958 -0.5483 0.5709, 1.3082 -0.5358 0.5709, 1.3232 -0.5264 0.5709, 2.016 -0.5483 0.5709, 2.0254 -0.5632 0.5709, 1.3398 -0.5206 0.5709, 1.3573 -0.5186 0.5709, 1.9544 -0.5186 0.5709, -0.7238 -2.4707 0.5709, -0.7619 -2.4415 0.5709, -0.8089 -2.3803 0.5709, -0.6296 -1.9475 0.5709, -0.5531 -1.9374 0.5709, -0.4767 -1.9475 0.5709, -0.4055 -1.977 0.5709, -0.3444 -2.0239 0.5709, -0.2679 -2.3091 0.5709, -0.2974 -2.3803 0.5709, -0.3444 -2.4415 0.5709, -0.8384 -2.3091 0.5709, -0.8484 -2.2327 0.5709, -0.8384 -2.1563 0.5709, -0.8089 -2.0851 0.5709, -0.7619 -2.0239 0.5709, -0.7008 -1.977 0.5709, -0.2974 -2.0851 0.5709, -0.2679 -2.1563 0.5709, -0.2579 -2.2327 0.5709, -0.5531 0.0311 0.5709, -0.6296 0.0411 0.5709, -0.4767 0.6116 0.5709, -0.5531 0.6216 0.5709, -0.6296 0.6116 0.5709, -0.4055 0.5821 0.5709, -0.3444 0.5351 0.5709, -0.2974 0.474 0.5709, -0.2679 0.4028 0.5709, -0.2579 0.3263 0.5709, -0.2679 0.2499 0.5709, -0.2974 0.1787 0.5709, -0.3444 0.1176 0.5709, -0.4055 0.0706 0.5709, -0.4767 0.0411 0.5709, -0.7008 0.0706 0.5709, -0.7619 0.1176 0.5709, -0.8089 0.1787 0.5709, -0.8384 0.2499 0.5709, -0.8484 0.3263 0.5709, -0.8384 0.4028 0.5709, -0.8089 0.474 0.5709, -0.7619 0.5351 0.5709, -0.7008 0.5821 0.5709, 1.0104 2.3819 0.5709, -1.8287 2.4213 0.4882, -1.8287 2.3819 0.4882, -1.8287 2.4213 0.5315, -1.8287 2.3921 0.5695, -1.8287 2.4016 0.5656, -1.8287 2.4097 0.5593, -1.8287 2.416 0.5512, -1.8287 2.4199 0.5417, 1.3839 2.3921 0.5695, 1.3839 2.3819 0.4882, 1.3839 2.4213 0.4882, 1.3839 2.4213 0.5315, 1.3839 2.4199 0.5417, 1.3839 2.4016 0.5656, 1.3839 2.416 0.5512, 1.3839 2.4097 0.5593, 0.4651 2.1873 0.3627, 0.4651 0.9882 0.5282, 0.2289 2.1873 0.3627, 0.2289 0.9882 0.5282, 0.4651 2.1927 0.4017, 0.2289 2.1927 0.4017, 0.4651 0.9935 0.5672, 0.2289 0.9935 0.5672, 1.7239 -1.1254 0.412, 1.7145 -1.14 0.412, 1.3606 -0.6622 0.412, 1.7084 -1.1563 0.412, 1.7061 -1.1736 0.412, 1.3606 -1.8053 0.412, 1.7077 -1.1909 0.412, 1.8317 -1.8053 0.412, 1.9485 -0.6418 0.412, 1.9512 -0.6622 0.412, 1.8724 -0.5834 0.412, 1.9512 -0.8197 0.412, 1.9491 -0.8376 0.412, 1.9431 -0.8545 0.412, 1.9333 -0.8696 0.412, 1.3712 -0.6228 0.412, 1.3837 -0.6065 0.412, 1.4 -0.594 0.412, 1.4393 -0.5834 0.412, 1.9118 -0.594 0.412, 1.9281 -0.6065 0.412, 1.9406 -0.6228 0.412, 1.3633 -0.6418 0.412, 1.419 -0.5861 0.412, 1.8928 -0.5861 0.412, 1.4393 -0.5834 0.4514, 1.8724 -0.5834 0.4514, 1.7061 -1.1736 0.4514, 1.7084 -1.1563 0.4514, 1.3606 -0.6622 0.4514, 1.7077 -1.1909 0.4514, 1.3606 -1.8053 0.4514, 1.8317 -1.8053 0.4514, 1.7145 -1.14 0.4514, 1.7239 -1.1254 0.4514, 1.9333 -0.8696 0.4514, 1.9512 -0.8197 0.4514, 1.9512 -0.6622 0.4514, 1.9431 -0.8545 0.4514, 1.9491 -0.8376 0.4514, 1.9485 -0.6418 0.4514, 1.9406 -0.6228 0.4514, 1.9281 -0.6065 0.4514, 1.9118 -0.594 0.4514, 1.8928 -0.5861 0.4514, 1.4 -0.594 0.4514, 1.3837 -0.6065 0.4514, 1.3712 -0.6228 0.4514, 1.419 -0.5861 0.4514, 1.3633 -0.6418 0.4514, 1.3606 -1.8499 0.4565, 1.8407 -1.8499 0.4565, 1.3606 -1.8921 0.4715, 1.8492 -1.8921 0.4715, 1.3606 -2.0533 0.5507, 1.8817 -2.0533 0.5507, 1.3606 -2.0956 0.5658, 1.8903 -2.0956 0.5658, 1.3606 -2.1045 0.5274, 1.8921 -2.1045 0.5274, 1.3606 -2.0707 0.5154, 1.8852 -2.0707 0.5154, 1.8527 -1.9095 0.4362, 1.3606 -1.9095 0.4362, 1.3606 -1.8588 0.4181, 1.8425 -1.8588 0.4181, 1.2972 -2.9093 0.5976, 1.2972 -2.8747 0.5766, -2.0492 -2.9093 0.5976, -2.0492 -2.8747 0.5766, 1.2972 -2.9297 0.5639, -2.0492 -2.9297 0.5639, 1.2972 -2.8951 0.5429, -2.0492 -2.8951 0.5429, 1.2972 -2.8685 0.5328, -2.0492 -2.8822 0.5366, -2.0492 -2.8685 0.5328, 1.2972 -2.8822 0.5366, -2.0492 -2.8614 0.5715, 1.2972 -2.8614 0.5715, 1.2972 -2.8682 0.5734, -2.0492 -2.8682 0.5734
            ]
        }
        coordIndex [
            0,1,2,-1,2,1,3,-1,4,5,6,-1,6,5,7,-1,8,9,10,-1,10,9,11,-1,12,13,14,-1,14,13,15,-1,16,17,18,-1,18,17,19,-1,18,19,20,-1,20,19,21,-1,20,21,22,-1,22,21,23,-1,22,23,24,-1,24,23,25,-1,24,25,26,-1,26,25,27,-1,26,27,28,-1,28,27,29,-1,28,29,30,-1,30,29,31,-1,30,31,32,-1,32,31,33,-1,34,35,36,-1,36,35,37,-1,36,37,38,-1,38,37,39,-1,38,39,40,-1,40,39,41,-1,40,41,42,-1,42,41,43,-1,42,43,44,-1,44,43,45,-1,44,45,46,-1,46,45,47,-1,46,47,48,-1,48,47,49,-1,48,49,50,-1,50,49,51,-1,50,51,52,-1,52,51,53,-1,54,50,55,-1,55,50,52,-1,55,52,56,-1,57,58,59,-1,59,58,60,-1,59,60,61,-1,62,63,61,-1,61,63,56,-1,61,56,59,-1,59,56,52,-1,50,54,48,-1,48,54,64,-1,48,64,46,-1,46,64,65,-1,46,65,44,-1,44,65,66,-1,44,66,42,-1,42,66,67,-1,42,67,40,-1,40,67,68,-1,40,68,38,-1,38,68,69,-1,70,71,72,-1,73,74,75,-1,76,77,78,-1,79,80,81,-1,82,83,84,-1,84,83,85,-1,81,86,87,-1,88,89,90,-1,90,89,91,-1,90,91,85,-1,85,91,92,-1,93,94,87,-1,87,94,95,-1,87,95,81,-1,81,95,96,-1,81,96,79,-1,92,97,85,-1,85,97,98,-1,85,98,99,-1,100,84,101,-1,101,84,85,-1,101,85,102,-1,102,85,99,-1,100,103,84,-1,84,103,104,-1,84,104,87,-1,87,104,105,-1,87,105,93,-1,106,107,90,-1,90,107,108,-1,90,108,88,-1,109,3,110,-1,111,112,1,-1,1,112,81,-1,1,81,3,-1,3,81,80,-1,3,80,110,-1,113,114,115,-1,115,114,109,-1,115,109,116,-1,116,109,110,-1,117,118,119,-1,72,120,121,-1,122,123,124,-1,119,125,117,-1,117,125,126,-1,117,126,72,-1,72,126,127,-1,72,127,120,-1,128,129,130,-1,130,129,72,-1,130,72,131,-1,131,72,121,-1,128,132,129,-1,129,132,133,-1,129,133,134,-1,134,135,129,-1,129,135,136,-1,129,136,122,-1,122,136,137,-1,122,137,123,-1,124,138,122,-1,122,138,139,-1,122,139,140,-1,140,139,141,-1,142,143,117,-1,117,143,144,-1,117,144,118,-1,141,145,140,-1,140,145,146,-1,140,146,142,-1,142,146,147,-1,142,147,143,-1,148,129,149,-1,149,129,150,-1,151,90,152,-1,152,90,153,-1,154,155,122,-1,122,155,156,-1,156,157,122,-1,122,157,158,-1,122,158,129,-1,129,158,159,-1,129,159,150,-1,85,160,161,-1,148,162,129,-1,129,162,163,-1,129,163,85,-1,85,163,164,-1,85,164,160,-1,161,165,85,-1,85,165,166,-1,85,166,90,-1,90,166,167,-1,90,167,153,-1,151,168,90,-1,90,168,114,-1,90,114,106,-1,106,114,113,-1,154,122,169,-1,169,122,140,-1,169,140,170,-1,168,171,114,-1,114,171,172,-1,114,172,140,-1,140,172,173,-1,140,173,170,-1,174,175,176,-1,177,178,179,-1,179,178,180,-1,181,182,176,-1,176,182,183,-1,176,183,174,-1,175,184,176,-1,176,184,185,-1,176,185,186,-1,186,187,176,-1,176,187,188,-1,176,188,179,-1,189,190,188,-1,188,190,15,-1,188,15,179,-1,179,15,13,-1,179,13,191,-1,191,192,179,-1,179,192,193,-1,179,193,177,-1,194,195,196,-1,197,198,199,-1,30,32,200,-1,200,32,201,-1,195,202,196,-1,196,202,203,-1,196,203,204,-1,205,206,207,-1,197,199,208,-1,209,210,211,-1,204,203,205,-1,205,203,212,-1,205,212,206,-1,207,213,205,-1,205,213,214,-1,205,214,199,-1,199,214,215,-1,199,215,208,-1,198,216,199,-1,199,216,217,-1,199,217,218,-1,32,209,201,-1,201,209,211,-1,201,211,196,-1,196,211,219,-1,196,219,194,-1,218,220,209,-1,209,220,221,-1,209,221,222,-1,222,223,209,-1,209,223,224,-1,209,224,210,-1,225,142,226,-1,226,142,117,-1,226,117,227,-1,227,117,228,-1,227,228,229,-1,229,228,230,-1,36,38,69,-1,231,232,228,-1,5,10,7,-1,7,10,233,-1,7,233,234,-1,235,236,117,-1,117,236,237,-1,117,237,8,-1,232,238,228,-1,228,238,239,-1,228,239,240,-1,241,242,117,-1,117,242,243,-1,117,243,235,-1,8,10,117,-1,117,10,5,-1,117,5,228,-1,228,5,244,-1,228,244,231,-1,72,71,117,-1,117,71,245,-1,117,245,241,-1,246,247,248,-1,249,250,179,-1,240,251,228,-1,228,251,252,-1,228,252,253,-1,253,252,254,-1,253,254,248,-1,248,254,255,-1,248,255,246,-1,249,179,256,-1,179,257,70,-1,247,258,248,-1,248,258,259,-1,248,259,260,-1,250,261,179,-1,179,261,262,-1,179,262,257,-1,260,263,248,-1,248,263,264,-1,248,264,179,-1,179,264,265,-1,179,265,256,-1,266,267,209,-1,209,268,269,-1,218,209,199,-1,199,209,269,-1,199,269,270,-1,271,272,181,-1,267,273,209,-1,209,273,274,-1,209,274,268,-1,272,275,181,-1,181,275,276,-1,181,276,209,-1,209,276,277,-1,209,277,266,-1,270,278,199,-1,199,278,279,-1,199,279,280,-1,280,281,199,-1,199,281,282,-1,199,282,176,-1,176,282,283,-1,283,284,176,-1,176,284,285,-1,176,285,286,-1,286,287,176,-1,176,287,288,-1,176,288,181,-1,181,288,289,-1,181,289,271,-1,69,290,36,-1,36,290,248,-1,36,248,34,-1,34,248,179,-1,34,179,291,-1,291,179,180,-1,291,180,292,-1,70,72,179,-1,179,72,129,-1,179,129,176,-1,176,129,85,-1,176,85,199,-1,199,85,83,-1,199,83,205,-1,290,73,248,-1,248,73,75,-1,248,75,253,-1,253,75,293,-1,294,230,78,-1,78,230,228,-1,78,228,76,-1,76,228,253,-1,76,253,295,-1,295,253,293,-1,295,293,296,-1,39,297,298,-1,39,298,41,-1,41,298,299,-1,41,299,43,-1,43,299,300,-1,43,300,45,-1,45,300,301,-1,45,301,47,-1,47,301,302,-1,47,302,49,-1,49,302,303,-1,49,303,51,-1,75,74,304,-1,305,296,293,-1,63,62,306,-1,306,62,307,-1,306,307,308,-1,308,307,309,-1,308,309,310,-1,310,309,311,-1,310,311,312,-1,312,311,313,-1,312,313,304,-1,304,313,305,-1,304,305,75,-1,75,305,293,-1,78,77,314,-1,294,78,315,-1,315,78,314,-1,315,314,316,-1,316,314,317,-1,316,317,318,-1,318,317,319,-1,318,319,320,-1,320,319,321,-1,320,321,322,-1,322,321,323,-1,322,323,57,-1,57,323,58,-1,81,112,324,-1,86,81,325,-1,325,81,324,-1,325,324,326,-1,326,324,327,-1,326,327,328,-1,328,327,329,-1,328,329,330,-1,330,329,331,-1,330,331,332,-1,332,331,333,-1,332,333,334,-1,334,333,335,-1,83,82,336,-1,83,336,205,-1,204,205,337,-1,337,205,336,-1,337,336,338,-1,338,336,339,-1,338,339,340,-1,340,339,341,-1,340,341,342,-1,342,341,343,-1,342,343,344,-1,344,343,345,-1,344,345,346,-1,346,345,347,-1,348,349,350,-1,351,352,353,-1,348,350,354,-1,354,350,355,-1,354,355,356,-1,356,355,357,-1,356,357,358,-1,358,357,359,-1,358,359,360,-1,360,359,351,-1,360,351,361,-1,361,351,353,-1,361,353,362,-1,363,364,365,-1,363,365,366,-1,366,365,367,-1,366,367,368,-1,368,367,369,-1,368,369,370,-1,370,369,371,-1,370,371,372,-1,372,371,373,-1,372,373,374,-1,375,376,373,-1,373,376,377,-1,373,377,374,-1,374,377,378,-1,379,380,381,-1,382,383,384,-1,379,381,384,-1,384,381,382,-1,382,381,385,-1,382,385,386,-1,386,385,387,-1,386,387,388,-1,388,387,389,-1,388,389,390,-1,390,389,391,-1,390,391,392,-1,392,391,393,-1,392,393,394,-1,395,396,397,-1,398,399,395,-1,395,397,398,-1,398,397,400,-1,398,400,401,-1,401,400,402,-1,401,402,403,-1,403,402,404,-1,403,404,405,-1,405,404,406,-1,405,406,407,-1,407,406,408,-1,407,408,409,-1,59,410,57,-1,57,410,408,-1,57,408,322,-1,322,408,406,-1,322,406,320,-1,320,406,404,-1,320,404,318,-1,318,404,402,-1,318,402,316,-1,316,402,400,-1,316,400,315,-1,315,400,397,-1,315,397,294,-1,294,397,396,-1,294,396,230,-1,230,396,411,-1,230,411,229,-1,229,411,412,-1,53,51,303,-1,303,413,53,-1,53,413,414,-1,53,414,410,-1,409,408,415,-1,415,408,410,-1,415,410,416,-1,416,410,414,-1,416,414,393,-1,393,414,394,-1,410,59,53,-1,53,59,52,-1,30,200,28,-1,28,200,417,-1,28,417,26,-1,26,417,418,-1,26,418,24,-1,24,418,419,-1,24,419,22,-1,22,419,420,-1,22,420,20,-1,20,420,421,-1,20,421,18,-1,18,421,422,-1,16,18,422,-1,422,423,16,-1,16,423,424,-1,16,424,425,-1,334,335,426,-1,426,335,425,-1,426,425,427,-1,427,425,424,-1,427,424,347,-1,347,424,346,-1,425,428,16,-1,16,428,17,-1,429,19,430,-1,430,19,17,-1,430,17,431,-1,349,348,428,-1,428,348,432,-1,428,432,433,-1,364,363,433,-1,433,363,431,-1,433,431,428,-1,428,431,17,-1,19,429,434,-1,19,434,21,-1,21,434,435,-1,21,435,23,-1,23,435,436,-1,23,436,25,-1,25,436,437,-1,25,437,27,-1,27,437,438,-1,27,438,29,-1,29,438,439,-1,29,439,31,-1,440,412,411,-1,383,441,442,-1,442,441,443,-1,444,445,446,-1,446,445,447,-1,446,447,399,-1,399,447,395,-1,448,449,450,-1,450,449,451,-1,450,451,452,-1,453,454,455,-1,448,456,449,-1,449,456,457,-1,449,457,455,-1,455,457,458,-1,455,458,453,-1,454,459,455,-1,455,459,460,-1,455,460,461,-1,462,463,464,-1,464,463,455,-1,464,455,465,-1,465,455,461,-1,462,466,463,-1,463,466,467,-1,463,467,468,-1,352,469,353,-1,353,469,0,-1,353,0,470,-1,470,0,2,-1,471,472,2,-1,2,472,473,-1,2,473,470,-1,468,474,463,-1,463,474,475,-1,463,475,471,-1,471,475,476,-1,471,476,472,-1,376,375,477,-1,470,478,353,-1,353,478,479,-1,353,479,480,-1,481,482,467,-1,467,482,483,-1,467,483,468,-1,484,485,480,-1,480,485,362,-1,480,362,353,-1,486,487,467,-1,467,487,488,-1,467,488,481,-1,489,490,486,-1,486,490,491,-1,486,491,487,-1,484,492,485,-1,485,492,493,-1,485,493,477,-1,477,493,494,-1,477,494,495,-1,496,497,486,-1,486,497,498,-1,486,498,489,-1,499,500,501,-1,31,439,33,-1,33,439,502,-1,33,502,503,-1,504,505,503,-1,506,378,507,-1,507,378,377,-1,507,377,508,-1,507,509,506,-1,506,509,510,-1,506,510,511,-1,500,512,501,-1,501,512,513,-1,501,513,514,-1,515,502,516,-1,516,502,506,-1,516,506,517,-1,517,506,511,-1,518,519,503,-1,503,519,520,-1,503,520,501,-1,501,520,521,-1,501,521,499,-1,515,522,502,-1,502,522,523,-1,502,523,503,-1,503,523,524,-1,503,524,504,-1,505,525,503,-1,503,525,526,-1,503,526,518,-1,12,14,527,-1,528,529,530,-1,529,531,530,-1,530,531,532,-1,530,532,533,-1,533,534,530,-1,530,534,535,-1,530,535,12,-1,536,537,14,-1,14,537,538,-1,14,538,527,-1,527,538,539,-1,527,539,540,-1,540,541,527,-1,527,541,542,-1,527,542,543,-1,544,545,546,-1,546,545,527,-1,546,527,547,-1,547,527,543,-1,548,549,450,-1,450,549,550,-1,450,550,448,-1,551,552,553,-1,553,552,554,-1,454,555,459,-1,459,555,556,-1,459,556,557,-1,558,559,560,-1,557,561,459,-1,459,561,562,-1,459,562,560,-1,560,562,563,-1,560,563,558,-1,554,564,553,-1,553,564,565,-1,553,565,450,-1,450,565,566,-1,450,566,548,-1,559,567,560,-1,560,567,568,-1,560,568,569,-1,570,571,447,-1,570,447,572,-1,571,573,447,-1,447,573,574,-1,447,574,575,-1,575,576,447,-1,447,576,577,-1,447,577,4,-1,11,9,450,-1,450,9,578,-1,450,578,579,-1,580,581,6,-1,6,581,11,-1,6,11,4,-1,4,11,450,-1,4,450,447,-1,447,450,452,-1,579,582,450,-1,450,582,583,-1,450,583,584,-1,530,585,586,-1,587,588,442,-1,442,588,589,-1,572,447,590,-1,590,447,445,-1,590,445,591,-1,591,445,442,-1,591,442,592,-1,584,593,450,-1,450,593,594,-1,450,594,553,-1,553,594,595,-1,553,595,530,-1,530,595,596,-1,530,596,585,-1,586,597,530,-1,530,597,598,-1,530,598,599,-1,589,600,442,-1,442,600,601,-1,442,601,592,-1,599,602,530,-1,530,602,603,-1,530,603,442,-1,442,603,604,-1,442,604,587,-1,466,605,467,-1,467,605,606,-1,467,606,607,-1,608,609,560,-1,609,610,560,-1,560,610,611,-1,560,611,612,-1,613,614,459,-1,459,614,615,-1,459,615,460,-1,607,616,467,-1,467,616,617,-1,467,617,486,-1,486,617,618,-1,486,618,619,-1,619,620,486,-1,486,620,621,-1,486,621,608,-1,612,622,560,-1,560,622,623,-1,560,623,459,-1,459,623,624,-1,459,624,613,-1,396,395,411,-1,411,395,447,-1,411,447,440,-1,440,447,452,-1,495,496,477,-1,477,496,486,-1,477,486,376,-1,376,486,501,-1,376,501,377,-1,377,501,514,-1,377,514,508,-1,12,527,530,-1,530,527,560,-1,530,560,553,-1,553,560,569,-1,553,569,551,-1,383,442,384,-1,384,442,445,-1,384,445,379,-1,379,445,444,-1,379,444,380,-1,625,626,501,-1,627,545,628,-1,628,545,503,-1,628,503,629,-1,627,630,545,-1,545,630,631,-1,545,631,632,-1,632,633,545,-1,545,633,634,-1,545,634,527,-1,527,634,635,-1,527,635,636,-1,636,637,527,-1,527,637,638,-1,527,638,639,-1,626,640,501,-1,501,640,641,-1,501,641,642,-1,642,643,501,-1,501,643,644,-1,501,644,503,-1,503,644,645,-1,503,645,646,-1,646,647,503,-1,503,647,648,-1,503,648,629,-1,608,560,486,-1,486,560,527,-1,486,527,501,-1,501,527,639,-1,501,639,625,-1,297,39,443,-1,443,39,37,-1,443,37,442,-1,442,37,35,-1,442,35,530,-1,530,35,649,-1,530,649,528,-1,111,469,112,-1,112,469,352,-1,112,352,324,-1,324,352,351,-1,324,351,327,-1,327,351,359,-1,327,359,329,-1,329,359,357,-1,329,357,331,-1,331,357,355,-1,331,355,333,-1,333,355,350,-1,333,350,335,-1,335,350,349,-1,335,349,425,-1,425,349,428,-1,412,440,229,-1,229,440,227,-1,0,469,1,-1,1,469,111,-1,226,227,452,-1,452,227,440,-1,61,60,416,-1,416,60,415,-1,76,446,77,-1,77,446,399,-1,77,399,314,-1,314,399,398,-1,314,398,317,-1,317,398,401,-1,317,401,319,-1,319,401,403,-1,319,403,321,-1,321,403,405,-1,321,405,323,-1,323,405,407,-1,323,407,58,-1,58,407,409,-1,58,409,60,-1,60,409,415,-1,61,416,62,-1,62,416,393,-1,62,393,307,-1,307,393,391,-1,307,391,309,-1,309,391,389,-1,309,389,311,-1,311,389,387,-1,311,387,313,-1,313,387,385,-1,313,385,305,-1,305,385,381,-1,305,381,296,-1,296,381,380,-1,296,380,295,-1,295,380,444,-1,444,446,295,-1,295,446,76,-1,55,56,413,-1,413,56,414,-1,73,441,74,-1,74,441,383,-1,74,383,304,-1,304,383,382,-1,304,382,312,-1,312,382,386,-1,312,386,310,-1,310,386,388,-1,310,388,308,-1,308,388,390,-1,308,390,306,-1,306,390,392,-1,306,392,63,-1,63,392,394,-1,63,394,56,-1,56,394,414,-1,55,413,54,-1,54,413,303,-1,54,303,64,-1,64,303,302,-1,64,302,65,-1,65,302,301,-1,65,301,66,-1,66,301,300,-1,66,300,67,-1,67,300,299,-1,67,299,68,-1,68,299,298,-1,68,298,69,-1,69,298,297,-1,69,297,290,-1,290,297,443,-1,443,441,290,-1,290,441,73,-1,431,424,430,-1,430,424,423,-1,424,431,346,-1,346,431,363,-1,346,363,344,-1,344,363,366,-1,344,366,342,-1,342,366,368,-1,342,368,340,-1,340,368,370,-1,340,370,338,-1,338,370,372,-1,338,372,337,-1,337,372,374,-1,337,374,204,-1,204,374,378,-1,204,378,196,-1,196,378,506,-1,201,502,200,-1,200,502,439,-1,200,439,417,-1,417,439,438,-1,417,438,418,-1,418,438,437,-1,418,437,419,-1,419,437,436,-1,419,436,420,-1,420,436,435,-1,420,435,421,-1,421,435,434,-1,421,434,422,-1,422,434,429,-1,422,429,423,-1,423,429,430,-1,506,502,196,-1,196,502,201,-1,432,426,433,-1,433,426,427,-1,426,432,334,-1,334,432,348,-1,334,348,332,-1,332,348,354,-1,332,354,330,-1,330,354,356,-1,330,356,328,-1,328,356,358,-1,328,358,326,-1,326,358,360,-1,326,360,325,-1,325,360,361,-1,325,361,86,-1,86,361,362,-1,86,362,87,-1,87,362,485,-1,84,477,82,-1,82,477,375,-1,82,375,336,-1,336,375,373,-1,336,373,339,-1,339,373,371,-1,339,371,341,-1,341,371,369,-1,341,369,343,-1,343,369,367,-1,343,367,345,-1,345,367,365,-1,345,365,347,-1,347,365,364,-1,347,364,427,-1,427,364,433,-1,485,477,87,-1,87,477,84,-1,650,651,652,-1,652,651,32,-1,33,653,32,-1,32,653,654,-1,32,654,655,-1,655,656,32,-1,32,656,657,-1,32,657,652,-1,658,35,34,-1,659,660,34,-1,34,660,661,-1,34,661,662,-1,658,34,663,-1,662,664,34,-1,34,664,665,-1,34,665,663,-1,650,660,651,-1,651,660,659,-1,661,660,652,-1,652,660,650,-1,292,528,544,-1,659,182,181,-1,659,181,651,-1,651,181,209,-1,651,209,32,-1,34,291,659,-1,659,291,292,-1,659,292,182,-1,182,292,544,-1,649,35,658,-1,33,503,653,-1,653,503,545,-1,545,544,658,-1,658,544,528,-1,658,528,649,-1,545,658,653,-1,653,658,663,-1,653,663,654,-1,654,663,665,-1,654,665,655,-1,655,665,664,-1,655,664,656,-1,656,664,662,-1,656,662,657,-1,657,662,661,-1,657,661,652,-1,292,180,528,-1,528,180,529,-1,13,12,191,-1,191,12,535,-1,191,535,192,-1,192,535,534,-1,192,534,193,-1,193,534,533,-1,193,533,177,-1,177,533,532,-1,177,532,178,-1,178,532,531,-1,178,531,180,-1,180,531,529,-1,188,187,538,-1,538,187,539,-1,183,546,174,-1,174,546,547,-1,174,547,175,-1,175,547,543,-1,175,543,184,-1,184,543,542,-1,184,542,185,-1,185,542,541,-1,185,541,186,-1,186,541,540,-1,186,540,187,-1,187,540,539,-1,183,182,546,-1,546,182,544,-1,218,520,220,-1,220,520,519,-1,220,519,221,-1,221,519,518,-1,221,518,222,-1,222,518,526,-1,222,526,223,-1,223,526,525,-1,223,525,224,-1,224,525,505,-1,224,505,210,-1,210,505,504,-1,210,504,211,-1,211,504,524,-1,211,524,219,-1,219,524,523,-1,219,523,194,-1,194,523,522,-1,194,522,195,-1,195,522,515,-1,195,515,202,-1,202,515,516,-1,202,516,203,-1,203,516,517,-1,203,517,212,-1,212,517,511,-1,212,511,206,-1,206,511,510,-1,206,510,207,-1,207,510,509,-1,207,509,213,-1,213,509,507,-1,213,507,214,-1,214,507,508,-1,214,508,215,-1,215,508,514,-1,215,514,208,-1,208,514,513,-1,208,513,197,-1,197,513,512,-1,197,512,198,-1,198,512,500,-1,198,500,216,-1,216,500,499,-1,216,499,217,-1,217,499,521,-1,217,521,218,-1,218,521,520,-1,91,488,92,-1,92,488,487,-1,92,487,97,-1,97,487,491,-1,97,491,98,-1,98,491,490,-1,98,490,99,-1,99,490,489,-1,99,489,102,-1,102,489,498,-1,102,498,101,-1,101,498,497,-1,101,497,100,-1,100,497,496,-1,100,496,103,-1,103,496,495,-1,103,495,104,-1,104,495,494,-1,104,494,105,-1,105,494,493,-1,105,493,93,-1,93,493,492,-1,93,492,94,-1,94,492,484,-1,94,484,95,-1,95,484,480,-1,95,480,96,-1,96,480,479,-1,96,479,79,-1,79,479,478,-1,79,478,80,-1,80,478,470,-1,80,470,110,-1,110,470,473,-1,110,473,116,-1,116,473,472,-1,116,472,115,-1,115,472,476,-1,115,476,113,-1,113,476,475,-1,113,475,106,-1,106,475,474,-1,106,474,107,-1,107,474,468,-1,107,468,108,-1,108,468,483,-1,108,483,88,-1,88,483,482,-1,88,482,89,-1,89,482,481,-1,89,481,91,-1,91,481,488,-1,126,566,127,-1,127,566,565,-1,127,565,120,-1,120,565,564,-1,120,564,121,-1,121,564,554,-1,121,554,131,-1,131,554,552,-1,131,552,130,-1,130,552,551,-1,130,551,128,-1,128,551,569,-1,128,569,132,-1,132,569,568,-1,132,568,133,-1,133,568,567,-1,133,567,134,-1,134,567,559,-1,134,559,135,-1,135,559,558,-1,135,558,136,-1,136,558,563,-1,136,563,137,-1,137,563,562,-1,137,562,123,-1,123,562,561,-1,123,561,124,-1,124,561,557,-1,124,557,138,-1,138,557,556,-1,138,556,139,-1,139,556,555,-1,139,555,141,-1,141,555,454,-1,141,454,145,-1,145,454,453,-1,145,453,146,-1,146,453,458,-1,146,458,147,-1,147,458,457,-1,147,457,143,-1,143,457,456,-1,143,456,144,-1,144,456,448,-1,144,448,118,-1,118,448,550,-1,118,550,119,-1,119,550,549,-1,119,549,125,-1,125,549,548,-1,125,548,126,-1,126,548,566,-1,244,577,231,-1,231,577,576,-1,231,576,232,-1,232,576,575,-1,232,575,238,-1,238,575,574,-1,238,574,239,-1,239,574,573,-1,239,573,240,-1,240,573,571,-1,240,571,251,-1,251,571,570,-1,251,570,252,-1,252,570,572,-1,4,577,5,-1,5,577,244,-1,245,594,241,-1,241,594,593,-1,241,593,242,-1,242,593,584,-1,242,584,243,-1,243,584,583,-1,243,583,235,-1,235,583,582,-1,235,582,236,-1,236,582,579,-1,236,579,237,-1,237,579,578,-1,237,578,8,-1,8,578,9,-1,594,245,595,-1,595,245,71,-1,595,71,596,-1,596,71,70,-1,265,603,256,-1,256,603,602,-1,256,602,249,-1,249,602,599,-1,249,599,250,-1,250,599,598,-1,250,598,261,-1,261,598,597,-1,261,597,262,-1,262,597,586,-1,262,586,257,-1,257,586,585,-1,257,585,70,-1,70,585,596,-1,265,264,603,-1,603,264,604,-1,255,591,246,-1,246,591,592,-1,246,592,247,-1,247,592,601,-1,247,601,258,-1,258,601,600,-1,258,600,259,-1,259,600,589,-1,259,589,260,-1,260,589,588,-1,260,588,263,-1,263,588,587,-1,263,587,264,-1,264,587,604,-1,591,255,590,-1,590,255,254,-1,590,254,572,-1,572,254,252,-1,158,624,159,-1,159,624,623,-1,159,623,150,-1,150,623,622,-1,150,622,149,-1,149,622,612,-1,149,612,148,-1,148,612,611,-1,148,611,162,-1,162,611,610,-1,162,610,163,-1,163,610,609,-1,163,609,164,-1,164,609,608,-1,164,608,160,-1,160,608,621,-1,160,621,161,-1,161,621,620,-1,161,620,165,-1,165,620,619,-1,165,619,166,-1,166,619,618,-1,166,618,167,-1,167,618,617,-1,167,617,153,-1,153,617,616,-1,153,616,152,-1,152,616,607,-1,152,607,151,-1,151,607,606,-1,151,606,168,-1,168,606,605,-1,168,605,171,-1,171,605,466,-1,171,466,172,-1,172,466,462,-1,172,462,173,-1,173,462,464,-1,173,464,170,-1,170,464,465,-1,170,465,169,-1,169,465,461,-1,169,461,154,-1,154,461,460,-1,154,460,155,-1,155,460,615,-1,155,615,156,-1,156,615,614,-1,156,614,157,-1,157,614,613,-1,157,613,158,-1,158,613,624,-1,288,634,289,-1,289,634,633,-1,289,633,271,-1,271,633,632,-1,271,632,272,-1,272,632,631,-1,272,631,275,-1,275,631,630,-1,275,630,276,-1,276,630,627,-1,276,627,277,-1,277,627,628,-1,277,628,266,-1,266,628,629,-1,266,629,267,-1,267,629,648,-1,267,648,273,-1,273,648,647,-1,273,647,274,-1,274,647,646,-1,274,646,268,-1,268,646,645,-1,268,645,269,-1,269,645,644,-1,269,644,270,-1,270,644,643,-1,270,643,278,-1,278,643,642,-1,278,642,279,-1,279,642,641,-1,279,641,280,-1,280,641,640,-1,280,640,281,-1,281,640,626,-1,281,626,282,-1,282,626,625,-1,282,625,283,-1,283,625,639,-1,283,639,284,-1,284,639,638,-1,284,638,285,-1,285,638,637,-1,285,637,286,-1,286,637,636,-1,286,636,287,-1,287,636,635,-1,287,635,288,-1,288,635,634,-1,666,667,668,-1,668,667,669,-1,670,666,671,-1,671,666,668,-1,672,670,673,-1,673,670,671,-1,673,537,672,-1,672,537,536,-1,190,189,667,-1,667,189,669,-1,666,670,667,-1,667,670,672,-1,667,672,190,-1,190,672,536,-1,190,536,15,-1,15,536,14,-1,188,538,189,-1,189,538,537,-1,189,537,669,-1,669,537,673,-1,669,673,668,-1,668,673,671,-1,674,675,676,-1,675,677,676,-1,676,677,678,-1,676,678,679,-1,679,678,680,-1,679,680,681,-1,682,683,684,-1,676,685,686,-1,686,687,676,-1,676,687,688,-1,676,688,674,-1,689,690,691,-1,685,676,683,-1,683,676,692,-1,683,692,684,-1,693,694,695,-1,676,696,692,-1,692,696,689,-1,692,689,697,-1,697,689,691,-1,682,684,695,-1,695,684,698,-1,695,698,693,-1,699,700,692,-1,692,700,684,-1,701,702,703,-1,701,703,704,-1,704,703,705,-1,704,705,706,-1,702,707,703,-1,703,707,708,-1,703,708,709,-1,703,710,711,-1,709,712,703,-1,703,712,713,-1,703,713,710,-1,714,715,700,-1,699,703,700,-1,700,703,711,-1,700,711,714,-1,716,717,715,-1,715,717,718,-1,715,718,700,-1,719,720,721,-1,699,722,703,-1,703,722,719,-1,703,719,723,-1,723,719,721,-1,706,705,724,-1,706,724,725,-1,725,724,726,-1,725,726,727,-1,726,728,727,-1,727,728,729,-1,729,728,730,-1,729,730,731,-1,731,730,581,-1,731,581,580,-1,234,233,732,-1,234,732,733,-1,733,732,734,-1,733,734,735,-1,735,734,736,-1,736,734,737,-1,736,737,738,-1,736,738,739,-1,739,738,679,-1,739,679,681,-1,711,710,683,-1,683,710,685,-1,703,676,705,-1,705,676,679,-1,705,679,724,-1,724,679,738,-1,724,738,726,-1,726,738,737,-1,726,737,728,-1,728,737,734,-1,728,734,730,-1,730,734,732,-1,730,732,581,-1,581,732,233,-1,581,233,11,-1,11,233,10,-1,6,7,580,-1,580,7,234,-1,580,234,731,-1,731,234,733,-1,731,733,729,-1,729,733,735,-1,729,735,727,-1,727,735,736,-1,727,736,725,-1,725,736,739,-1,725,739,706,-1,706,739,681,-1,706,681,704,-1,704,681,680,-1,709,708,688,-1,688,708,674,-1,676,703,723,-1,676,723,696,-1,696,723,721,-1,696,721,689,-1,689,721,720,-1,689,720,690,-1,690,720,719,-1,690,719,691,-1,691,719,722,-1,691,722,697,-1,697,722,699,-1,697,699,692,-1,711,683,682,-1,711,682,714,-1,714,682,695,-1,714,695,715,-1,715,695,694,-1,715,694,716,-1,716,694,693,-1,716,693,717,-1,717,693,698,-1,717,698,718,-1,718,698,684,-1,718,684,700,-1,709,688,687,-1,709,687,712,-1,712,687,686,-1,712,686,713,-1,713,686,685,-1,713,685,710,-1,704,680,701,-1,701,680,678,-1,701,678,702,-1,702,678,677,-1,702,677,707,-1,707,677,675,-1,707,675,708,-1,708,675,674,-1,740,741,742,-1,742,741,743,-1,744,740,745,-1,745,740,742,-1,746,744,747,-1,747,744,745,-1,142,225,748,-1,746,747,749,-1,109,114,750,-1,750,114,140,-1,746,749,751,-1,751,749,750,-1,751,750,748,-1,748,750,140,-1,748,140,142,-1,463,471,752,-1,753,451,449,-1,463,752,455,-1,449,455,753,-1,753,455,752,-1,753,752,754,-1,754,752,755,-1,754,755,741,-1,741,755,743,-1,740,744,741,-1,741,744,746,-1,741,746,754,-1,754,746,751,-1,754,751,753,-1,753,751,748,-1,753,748,451,-1,451,748,225,-1,451,225,452,-1,452,225,226,-1,2,3,471,-1,471,3,109,-1,471,109,752,-1,752,109,750,-1,752,750,755,-1,755,750,749,-1,755,749,743,-1,743,749,747,-1,743,747,742,-1,742,747,745,-1,
        ]
    }
}