ISO-10303-21;
HEADER;
FILE_DESCRIPTION((''),'2;1');
FILE_NAME('SOT-23','2022-07-07T11:34:54',('win10'),(''),
'CREO PARAMETRIC BY PTC INC, 2020033','CREO PARAMETRIC BY PTC INC, 2020033','');
FILE_SCHEMA(('CONFIG_CONTROL_DESIGN','GEOMETRIC_VALIDATION_PROPERTIES_MIM'));
ENDSEC;
DATA;
#16=DIRECTION('',(-1.E0,0.E0,0.E0));
#17=VECTOR('',#16,3.E0);
#18=CARTESIAN_POINT('',(1.5E0,-6.7E-1,0.E0));
#19=LINE('',#18,#17);
#20=DIRECTION('',(0.E0,1.E0,0.E0));
#21=VECTOR('',#20,1.34E0);
#22=CARTESIAN_POINT('',(1.5E0,-6.7E-1,0.E0));
#23=LINE('',#22,#21);
#24=DIRECTION('',(1.E0,0.E0,0.E0));
#25=VECTOR('',#24,3.E0);
#26=CARTESIAN_POINT('',(-1.5E0,6.7E-1,0.E0));
#27=LINE('',#26,#25);
#28=DIRECTION('',(0.E0,-1.E0,0.E0));
#29=VECTOR('',#28,1.34E0);
#30=CARTESIAN_POINT('',(-1.5E0,6.7E-1,0.E0));
#31=LINE('',#30,#29);
#32=DIRECTION('',(0.E0,-1.221552013432E-1,9.925110109136E-1));
#33=VECTOR('',#32,1.813581895019E-1);
#34=CARTESIAN_POINT('',(-1.1375E0,-7.278461538462E-1,4.7E-1));
#35=LINE('',#34,#33);
#36=DIRECTION('',(1.E0,0.E0,0.E0));
#37=VECTOR('',#36,3.75E-1);
#38=CARTESIAN_POINT('',(-1.1375E0,-7.278461538462E-1,4.7E-1));
#39=LINE('',#38,#37);
#40=DIRECTION('',(0.E0,-1.221552013432E-1,9.925110109136E-1));
#41=VECTOR('',#40,1.813581895019E-1);
#42=CARTESIAN_POINT('',(-7.625E-1,-7.278461538462E-1,4.7E-1));
#43=LINE('',#42,#41);
#44=DIRECTION('',(-1.E0,0.E0,0.E0));
#45=VECTOR('',#44,5.75E-1);
#46=CARTESIAN_POINT('',(-1.875E-1,-7.5E-1,6.5E-1));
#47=LINE('',#46,#45);
#48=DIRECTION('',(0.E0,-1.221552013432E-1,9.925110109136E-1));
#49=VECTOR('',#48,1.813581895019E-1);
#50=CARTESIAN_POINT('',(-1.875E-1,-7.278461538462E-1,4.7E-1));
#51=LINE('',#50,#49);
#52=DIRECTION('',(1.E0,0.E0,0.E0));
#53=VECTOR('',#52,3.75E-1);
#54=CARTESIAN_POINT('',(-1.875E-1,-7.278461538462E-1,4.7E-1));
#55=LINE('',#54,#53);
#56=DIRECTION('',(0.E0,-1.221552013432E-1,9.925110109136E-1));
#57=VECTOR('',#56,1.813581895019E-1);
#58=CARTESIAN_POINT('',(1.875E-1,-7.278461538462E-1,4.7E-1));
#59=LINE('',#58,#57);
#60=DIRECTION('',(-1.E0,0.E0,0.E0));
#61=VECTOR('',#60,5.75E-1);
#62=CARTESIAN_POINT('',(7.625E-1,-7.5E-1,6.5E-1));
#63=LINE('',#62,#61);
#64=DIRECTION('',(0.E0,-1.221552013432E-1,9.925110109136E-1));
#65=VECTOR('',#64,1.813581895019E-1);
#66=CARTESIAN_POINT('',(7.625E-1,-7.278461538462E-1,4.7E-1));
#67=LINE('',#66,#65);
#68=DIRECTION('',(1.E0,0.E0,0.E0));
#69=VECTOR('',#68,3.75E-1);
#70=CARTESIAN_POINT('',(7.625E-1,-7.278461538462E-1,4.7E-1));
#71=LINE('',#70,#69);
#72=DIRECTION('',(0.E0,-1.221552013432E-1,9.925110109136E-1));
#73=VECTOR('',#72,1.813581895019E-1);
#74=CARTESIAN_POINT('',(1.1375E0,-7.278461538462E-1,4.7E-1));
#75=LINE('',#74,#73);
#76=DIRECTION('',(-1.E0,0.E0,0.E0));
#77=VECTOR('',#76,3.625E-1);
#78=CARTESIAN_POINT('',(1.5E0,-7.5E-1,6.5E-1));
#79=LINE('',#78,#77);
#80=DIRECTION('',(-1.E0,0.E0,0.E0));
#81=VECTOR('',#80,3.625E-1);
#82=CARTESIAN_POINT('',(-1.1375E0,-7.5E-1,6.5E-1));
#83=LINE('',#82,#81);
#84=DIRECTION('',(0.E0,-1.E0,0.E0));
#85=VECTOR('',#84,8.745892010257E-2);
#86=CARTESIAN_POINT('',(-1.1375E0,-7.5E-1,6.5E-1));
#87=LINE('',#86,#85);
#88=CARTESIAN_POINT('',(-1.1375E0,-8.374589201026E-1,5.007E-1));
#89=DIRECTION('',(1.E0,0.E0,0.E0));
#90=DIRECTION('',(0.E0,0.E0,1.E0));
#91=AXIS2_PLACEMENT_3D('',#88,#89,#90);
#93=DIRECTION('',(0.E0,0.E0,-1.E0));
#94=VECTOR('',#93,2.822E-1);
#95=CARTESIAN_POINT('',(-1.1375E0,-9.867589201026E-1,5.007E-1));
#96=LINE('',#95,#94);
#97=CARTESIAN_POINT('',(-1.1375E0,-1.075258920103E0,2.185E-1));
#98=DIRECTION('',(-1.E0,0.E0,0.E0));
#99=DIRECTION('',(0.E0,1.E0,0.E0));
#100=AXIS2_PLACEMENT_3D('',#97,#98,#99);
#102=DIRECTION('',(0.E0,-1.E0,0.E0));
#103=VECTOR('',#102,2.997410798974E-1);
#104=CARTESIAN_POINT('',(-1.1375E0,-1.075258920103E0,1.3E-1));
#105=LINE('',#104,#103);
#106=DIRECTION('',(0.E0,0.E0,-1.E0));
#107=VECTOR('',#106,1.8E-1);
#108=CARTESIAN_POINT('',(-1.1375E0,-1.375E0,1.3E-1));
#109=LINE('',#108,#107);
#110=DIRECTION('',(0.E0,1.E0,0.E0));
#111=VECTOR('',#110,2.997410798974E-1);
#112=CARTESIAN_POINT('',(-1.1375E0,-1.375E0,-5.E-2));
#113=LINE('',#112,#111);
#114=CARTESIAN_POINT('',(-1.1375E0,-1.075258920103E0,2.185E-1));
#115=DIRECTION('',(1.E0,0.E0,0.E0));
#116=DIRECTION('',(0.E0,0.E0,-1.E0));
#117=AXIS2_PLACEMENT_3D('',#114,#115,#116);
#119=DIRECTION('',(0.E0,0.E0,1.E0));
#120=VECTOR('',#119,2.515E-1);
#121=CARTESIAN_POINT('',(-1.1375E0,-8.067589201026E-1,2.185E-1));
#122=LINE('',#121,#120);
#123=DIRECTION('',(0.E0,1.E0,0.E0));
#124=VECTOR('',#123,7.891276625642E-2);
#125=CARTESIAN_POINT('',(-1.1375E0,-8.067589201026E-1,4.7E-1));
#126=LINE('',#125,#124);
#127=DIRECTION('',(0.E0,1.E0,0.E0));
#128=VECTOR('',#127,7.891276625642E-2);
#129=CARTESIAN_POINT('',(-1.1375E0,7.278461538462E-1,4.7E-1));
#130=LINE('',#129,#128);
#131=DIRECTION('',(0.E0,0.E0,-1.E0));
#132=VECTOR('',#131,2.515E-1);
#133=CARTESIAN_POINT('',(-1.1375E0,8.067589201026E-1,4.7E-1));
#134=LINE('',#133,#132);
#135=CARTESIAN_POINT('',(-1.1375E0,1.075258920103E0,2.185E-1));
#136=DIRECTION('',(1.E0,0.E0,0.E0));
#137=DIRECTION('',(0.E0,-1.E0,0.E0));
#138=AXIS2_PLACEMENT_3D('',#135,#136,#137);
#140=DIRECTION('',(0.E0,1.E0,0.E0));
#141=VECTOR('',#140,2.997410798974E-1);
#142=CARTESIAN_POINT('',(-1.1375E0,1.075258920103E0,-5.E-2));
#143=LINE('',#142,#141);
#144=DIRECTION('',(0.E0,0.E0,1.E0));
#145=VECTOR('',#144,1.8E-1);
#146=CARTESIAN_POINT('',(-1.1375E0,1.375E0,-5.E-2));
#147=LINE('',#146,#145);
#148=DIRECTION('',(0.E0,-1.E0,0.E0));
#149=VECTOR('',#148,2.997410798974E-1);
#150=CARTESIAN_POINT('',(-1.1375E0,1.375E0,1.3E-1));
#151=LINE('',#150,#149);
#152=CARTESIAN_POINT('',(-1.1375E0,1.075258920103E0,2.185E-1));
#153=DIRECTION('',(-1.E0,0.E0,0.E0));
#154=DIRECTION('',(0.E0,0.E0,-1.E0));
#155=AXIS2_PLACEMENT_3D('',#152,#153,#154);
#157=DIRECTION('',(0.E0,0.E0,1.E0));
#158=VECTOR('',#157,2.822E-1);
#159=CARTESIAN_POINT('',(-1.1375E0,9.867589201026E-1,2.185E-1));
#160=LINE('',#159,#158);
#161=CARTESIAN_POINT('',(-1.1375E0,8.374589201026E-1,5.007E-1));
#162=DIRECTION('',(1.E0,0.E0,0.E0));
#163=DIRECTION('',(0.E0,1.E0,0.E0));
#164=AXIS2_PLACEMENT_3D('',#161,#162,#163);
#166=DIRECTION('',(0.E0,-1.E0,0.E0));
#167=VECTOR('',#166,8.745892010257E-2);
#168=CARTESIAN_POINT('',(-1.1375E0,8.374589201026E-1,6.5E-1));
#169=LINE('',#168,#167);
#170=DIRECTION('',(1.E0,0.E0,0.E0));
#171=VECTOR('',#170,3.75E-1);
#172=CARTESIAN_POINT('',(-1.1375E0,-7.5E-1,6.5E-1));
#173=LINE('',#172,#171);
#174=DIRECTION('',(1.E0,0.E0,0.E0));
#175=VECTOR('',#174,3.75E-1);
#176=CARTESIAN_POINT('',(7.625E-1,-7.5E-1,6.5E-1));
#177=LINE('',#176,#175);
#178=DIRECTION('',(1.E0,0.E0,0.E0));
#179=VECTOR('',#178,3.75E-1);
#180=CARTESIAN_POINT('',(-1.875E-1,-7.5E-1,6.5E-1));
#181=LINE('',#180,#179);
#182=DIRECTION('',(0.E0,-1.221552013432E-1,9.925110109136E-1));
#183=VECTOR('',#182,6.549045732013E-1);
#184=CARTESIAN_POINT('',(-1.5E0,-6.7E-1,0.E0));
#185=LINE('',#184,#183);
#186=DIRECTION('',(0.E0,-1.221552013432E-1,-9.925110109136E-1));
#187=VECTOR('',#186,6.549045732013E-1);
#188=CARTESIAN_POINT('',(-1.5E0,7.5E-1,6.5E-1));
#189=LINE('',#188,#187);
#190=DIRECTION('',(0.E0,2.576626505603E-1,-9.662349396012E-1));
#191=VECTOR('',#190,3.104834939252E-1);
#192=CARTESIAN_POINT('',(-1.5E0,6.7E-1,9.5E-1));
#193=LINE('',#192,#191);
#194=DIRECTION('',(0.E0,2.576626505603E-1,9.662349396012E-1));
#195=VECTOR('',#194,3.104834939252E-1);
#196=CARTESIAN_POINT('',(-1.5E0,-7.5E-1,6.5E-1));
#197=LINE('',#196,#195);
#198=DIRECTION('',(0.E0,1.221552013432E-1,9.925110109136E-1));
#199=VECTOR('',#198,1.813581895019E-1);
#200=CARTESIAN_POINT('',(-1.1375E0,7.278461538462E-1,4.7E-1));
#201=LINE('',#200,#199);
#202=DIRECTION('',(1.E0,0.E0,0.E0));
#203=VECTOR('',#202,3.625E-1);
#204=CARTESIAN_POINT('',(-1.5E0,7.5E-1,6.5E-1));
#205=LINE('',#204,#203);
#206=DIRECTION('',(1.E0,0.E0,0.E0));
#207=VECTOR('',#206,3.625E-1);
#208=CARTESIAN_POINT('',(1.1375E0,7.5E-1,6.5E-1));
#209=LINE('',#208,#207);
#210=DIRECTION('',(0.E0,1.221552013432E-1,9.925110109136E-1));
#211=VECTOR('',#210,1.813581895019E-1);
#212=CARTESIAN_POINT('',(1.1375E0,7.278461538462E-1,4.7E-1));
#213=LINE('',#212,#211);
#214=DIRECTION('',(1.E0,0.E0,0.E0));
#215=VECTOR('',#214,3.75E-1);
#216=CARTESIAN_POINT('',(7.625E-1,7.278461538462E-1,4.7E-1));
#217=LINE('',#216,#215);
#218=DIRECTION('',(0.E0,1.221552013432E-1,9.925110109136E-1));
#219=VECTOR('',#218,1.813581895019E-1);
#220=CARTESIAN_POINT('',(7.625E-1,7.278461538462E-1,4.7E-1));
#221=LINE('',#220,#219);
#222=DIRECTION('',(1.E0,0.E0,0.E0));
#223=VECTOR('',#222,5.75E-1);
#224=CARTESIAN_POINT('',(1.875E-1,7.5E-1,6.5E-1));
#225=LINE('',#224,#223);
#226=DIRECTION('',(0.E0,1.221552013432E-1,9.925110109136E-1));
#227=VECTOR('',#226,1.813581895019E-1);
#228=CARTESIAN_POINT('',(1.875E-1,7.278461538462E-1,4.7E-1));
#229=LINE('',#228,#227);
#230=DIRECTION('',(1.E0,0.E0,0.E0));
#231=VECTOR('',#230,3.75E-1);
#232=CARTESIAN_POINT('',(-1.875E-1,7.278461538462E-1,4.7E-1));
#233=LINE('',#232,#231);
#234=DIRECTION('',(0.E0,1.221552013432E-1,9.925110109136E-1));
#235=VECTOR('',#234,1.813581895019E-1);
#236=CARTESIAN_POINT('',(-1.875E-1,7.278461538462E-1,4.7E-1));
#237=LINE('',#236,#235);
#238=DIRECTION('',(1.E0,0.E0,0.E0));
#239=VECTOR('',#238,5.75E-1);
#240=CARTESIAN_POINT('',(-7.625E-1,7.5E-1,6.5E-1));
#241=LINE('',#240,#239);
#242=DIRECTION('',(0.E0,1.221552013432E-1,9.925110109136E-1));
#243=VECTOR('',#242,1.813581895019E-1);
#244=CARTESIAN_POINT('',(-7.625E-1,7.278461538462E-1,4.7E-1));
#245=LINE('',#244,#243);
#246=DIRECTION('',(1.E0,0.E0,0.E0));
#247=VECTOR('',#246,3.75E-1);
#248=CARTESIAN_POINT('',(-1.1375E0,7.278461538462E-1,4.7E-1));
#249=LINE('',#248,#247);
#250=DIRECTION('',(1.E0,0.E0,0.E0));
#251=VECTOR('',#250,3.75E-1);
#252=CARTESIAN_POINT('',(-1.1375E0,7.5E-1,6.5E-1));
#253=LINE('',#252,#251);
#254=DIRECTION('',(1.E0,0.E0,0.E0));
#255=VECTOR('',#254,3.75E-1);
#256=CARTESIAN_POINT('',(-1.875E-1,7.5E-1,6.5E-1));
#257=LINE('',#256,#255);
#258=DIRECTION('',(1.E0,0.E0,0.E0));
#259=VECTOR('',#258,3.75E-1);
#260=CARTESIAN_POINT('',(7.625E-1,7.5E-1,6.5E-1));
#261=LINE('',#260,#259);
#262=DIRECTION('',(1.E0,0.E0,0.E0));
#263=VECTOR('',#262,3.75E-1);
#264=CARTESIAN_POINT('',(-1.1375E0,8.374589201026E-1,6.5E-1));
#265=LINE('',#264,#263);
#266=DIRECTION('',(1.E0,0.E0,0.E0));
#267=VECTOR('',#266,3.75E-1);
#268=CARTESIAN_POINT('',(-1.1375E0,9.867589201026E-1,5.007E-1));
#269=LINE('',#268,#267);
#270=DIRECTION('',(1.E0,0.E0,0.E0));
#271=VECTOR('',#270,3.75E-1);
#272=CARTESIAN_POINT('',(-1.1375E0,9.867589201026E-1,2.185E-1));
#273=LINE('',#272,#271);
#274=DIRECTION('',(1.E0,0.E0,0.E0));
#275=VECTOR('',#274,3.75E-1);
#276=CARTESIAN_POINT('',(-1.1375E0,1.075258920103E0,1.3E-1));
#277=LINE('',#276,#275);
#278=DIRECTION('',(1.E0,0.E0,0.E0));
#279=VECTOR('',#278,3.75E-1);
#280=CARTESIAN_POINT('',(-1.1375E0,1.375E0,1.3E-1));
#281=LINE('',#280,#279);
#282=DIRECTION('',(1.E0,0.E0,0.E0));
#283=VECTOR('',#282,3.75E-1);
#284=CARTESIAN_POINT('',(-1.1375E0,1.375E0,-5.E-2));
#285=LINE('',#284,#283);
#286=DIRECTION('',(1.E0,0.E0,0.E0));
#287=VECTOR('',#286,3.75E-1);
#288=CARTESIAN_POINT('',(-1.1375E0,1.075258920103E0,-5.E-2));
#289=LINE('',#288,#287);
#290=DIRECTION('',(1.E0,0.E0,0.E0));
#291=VECTOR('',#290,3.75E-1);
#292=CARTESIAN_POINT('',(-1.1375E0,8.067589201026E-1,2.185E-1));
#293=LINE('',#292,#291);
#294=DIRECTION('',(1.E0,0.E0,0.E0));
#295=VECTOR('',#294,3.75E-1);
#296=CARTESIAN_POINT('',(-1.1375E0,8.067589201026E-1,4.7E-1));
#297=LINE('',#296,#295);
#298=DIRECTION('',(0.E0,1.E0,0.E0));
#299=VECTOR('',#298,7.891276625642E-2);
#300=CARTESIAN_POINT('',(-7.625E-1,-8.067589201026E-1,4.7E-1));
#301=LINE('',#300,#299);
#302=DIRECTION('',(0.E0,0.E0,1.E0));
#303=VECTOR('',#302,2.515E-1);
#304=CARTESIAN_POINT('',(-7.625E-1,-8.067589201026E-1,2.185E-1));
#305=LINE('',#304,#303);
#306=CARTESIAN_POINT('',(-7.625E-1,-1.075258920103E0,2.185E-1));
#307=DIRECTION('',(1.E0,0.E0,0.E0));
#308=DIRECTION('',(0.E0,0.E0,-1.E0));
#309=AXIS2_PLACEMENT_3D('',#306,#307,#308);
#311=DIRECTION('',(0.E0,1.E0,0.E0));
#312=VECTOR('',#311,2.997410798974E-1);
#313=CARTESIAN_POINT('',(-7.625E-1,-1.375E0,-5.E-2));
#314=LINE('',#313,#312);
#315=DIRECTION('',(0.E0,0.E0,-1.E0));
#316=VECTOR('',#315,1.8E-1);
#317=CARTESIAN_POINT('',(-7.625E-1,-1.375E0,1.3E-1));
#318=LINE('',#317,#316);
#319=DIRECTION('',(0.E0,-1.E0,0.E0));
#320=VECTOR('',#319,2.997410798974E-1);
#321=CARTESIAN_POINT('',(-7.625E-1,-1.075258920103E0,1.3E-1));
#322=LINE('',#321,#320);
#323=CARTESIAN_POINT('',(-7.625E-1,-1.075258920103E0,2.185E-1));
#324=DIRECTION('',(-1.E0,0.E0,0.E0));
#325=DIRECTION('',(0.E0,1.E0,0.E0));
#326=AXIS2_PLACEMENT_3D('',#323,#324,#325);
#328=DIRECTION('',(0.E0,0.E0,-1.E0));
#329=VECTOR('',#328,2.822E-1);
#330=CARTESIAN_POINT('',(-7.625E-1,-9.867589201026E-1,5.007E-1));
#331=LINE('',#330,#329);
#332=CARTESIAN_POINT('',(-7.625E-1,-8.374589201026E-1,5.007E-1));
#333=DIRECTION('',(1.E0,0.E0,0.E0));
#334=DIRECTION('',(0.E0,0.E0,1.E0));
#335=AXIS2_PLACEMENT_3D('',#332,#333,#334);
#337=DIRECTION('',(0.E0,-1.E0,0.E0));
#338=VECTOR('',#337,8.745892010257E-2);
#339=CARTESIAN_POINT('',(-7.625E-1,-7.5E-1,6.5E-1));
#340=LINE('',#339,#338);
#341=DIRECTION('',(0.E0,-1.E0,0.E0));
#342=VECTOR('',#341,8.745892010257E-2);
#343=CARTESIAN_POINT('',(-7.625E-1,8.374589201026E-1,6.5E-1));
#344=LINE('',#343,#342);
#345=CARTESIAN_POINT('',(-7.625E-1,8.374589201026E-1,5.007E-1));
#346=DIRECTION('',(1.E0,0.E0,0.E0));
#347=DIRECTION('',(0.E0,1.E0,0.E0));
#348=AXIS2_PLACEMENT_3D('',#345,#346,#347);
#350=DIRECTION('',(0.E0,0.E0,1.E0));
#351=VECTOR('',#350,2.822E-1);
#352=CARTESIAN_POINT('',(-7.625E-1,9.867589201026E-1,2.185E-1));
#353=LINE('',#352,#351);
#354=CARTESIAN_POINT('',(-7.625E-1,1.075258920103E0,2.185E-1));
#355=DIRECTION('',(-1.E0,0.E0,0.E0));
#356=DIRECTION('',(0.E0,0.E0,-1.E0));
#357=AXIS2_PLACEMENT_3D('',#354,#355,#356);
#359=DIRECTION('',(0.E0,-1.E0,0.E0));
#360=VECTOR('',#359,2.997410798974E-1);
#361=CARTESIAN_POINT('',(-7.625E-1,1.375E0,1.3E-1));
#362=LINE('',#361,#360);
#363=DIRECTION('',(0.E0,0.E0,1.E0));
#364=VECTOR('',#363,1.8E-1);
#365=CARTESIAN_POINT('',(-7.625E-1,1.375E0,-5.E-2));
#366=LINE('',#365,#364);
#367=DIRECTION('',(0.E0,1.E0,0.E0));
#368=VECTOR('',#367,2.997410798974E-1);
#369=CARTESIAN_POINT('',(-7.625E-1,1.075258920103E0,-5.E-2));
#370=LINE('',#369,#368);
#371=CARTESIAN_POINT('',(-7.625E-1,1.075258920103E0,2.185E-1));
#372=DIRECTION('',(1.E0,0.E0,0.E0));
#373=DIRECTION('',(0.E0,-1.E0,0.E0));
#374=AXIS2_PLACEMENT_3D('',#371,#372,#373);
#376=DIRECTION('',(0.E0,0.E0,-1.E0));
#377=VECTOR('',#376,2.515E-1);
#378=CARTESIAN_POINT('',(-7.625E-1,8.067589201026E-1,4.7E-1));
#379=LINE('',#378,#377);
#380=DIRECTION('',(0.E0,1.E0,0.E0));
#381=VECTOR('',#380,7.891276625642E-2);
#382=CARTESIAN_POINT('',(-7.625E-1,7.278461538462E-1,4.7E-1));
#383=LINE('',#382,#381);
#384=DIRECTION('',(1.E0,0.E0,0.E0));
#385=VECTOR('',#384,3.75E-1);
#386=CARTESIAN_POINT('',(-1.1375E0,-8.067589201026E-1,4.7E-1));
#387=LINE('',#386,#385);
#388=DIRECTION('',(1.E0,0.E0,0.E0));
#389=VECTOR('',#388,3.75E-1);
#390=CARTESIAN_POINT('',(-1.1375E0,-8.067589201026E-1,2.185E-1));
#391=LINE('',#390,#389);
#392=DIRECTION('',(1.E0,0.E0,0.E0));
#393=VECTOR('',#392,3.75E-1);
#394=CARTESIAN_POINT('',(-1.1375E0,-1.075258920103E0,-5.E-2));
#395=LINE('',#394,#393);
#396=DIRECTION('',(1.E0,0.E0,0.E0));
#397=VECTOR('',#396,3.75E-1);
#398=CARTESIAN_POINT('',(-1.1375E0,-1.375E0,-5.E-2));
#399=LINE('',#398,#397);
#400=DIRECTION('',(1.E0,0.E0,0.E0));
#401=VECTOR('',#400,3.75E-1);
#402=CARTESIAN_POINT('',(-1.1375E0,-1.375E0,1.3E-1));
#403=LINE('',#402,#401);
#404=DIRECTION('',(1.E0,0.E0,0.E0));
#405=VECTOR('',#404,3.75E-1);
#406=CARTESIAN_POINT('',(-1.1375E0,-1.075258920103E0,1.3E-1));
#407=LINE('',#406,#405);
#408=DIRECTION('',(1.E0,0.E0,0.E0));
#409=VECTOR('',#408,3.75E-1);
#410=CARTESIAN_POINT('',(-1.1375E0,-9.867589201026E-1,2.185E-1));
#411=LINE('',#410,#409);
#412=DIRECTION('',(1.E0,0.E0,0.E0));
#413=VECTOR('',#412,3.75E-1);
#414=CARTESIAN_POINT('',(-1.1375E0,-9.867589201026E-1,5.007E-1));
#415=LINE('',#414,#413);
#416=DIRECTION('',(1.E0,0.E0,0.E0));
#417=VECTOR('',#416,3.75E-1);
#418=CARTESIAN_POINT('',(-1.1375E0,-8.374589201026E-1,6.5E-1));
#419=LINE('',#418,#417);
#420=DIRECTION('',(1.E0,0.E0,0.E0));
#421=VECTOR('',#420,3.75E-1);
#422=CARTESIAN_POINT('',(-1.875E-1,7.907E-1,6.5E-1));
#423=LINE('',#422,#421);
#424=DIRECTION('',(0.E0,-1.E0,0.E0));
#425=VECTOR('',#424,8.745892010257E-2);
#426=CARTESIAN_POINT('',(-1.875E-1,-7.5E-1,6.5E-1));
#427=LINE('',#426,#425);
#428=CARTESIAN_POINT('',(-1.875E-1,-8.374589201026E-1,5.007E-1));
#429=DIRECTION('',(1.E0,0.E0,0.E0));
#430=DIRECTION('',(0.E0,0.E0,1.E0));
#431=AXIS2_PLACEMENT_3D('',#428,#429,#430);
#433=DIRECTION('',(0.E0,0.E0,-1.E0));
#434=VECTOR('',#433,2.822E-1);
#435=CARTESIAN_POINT('',(-1.875E-1,-9.867589201026E-1,5.007E-1));
#436=LINE('',#435,#434);
#437=CARTESIAN_POINT('',(-1.875E-1,-1.075258920103E0,2.185E-1));
#438=DIRECTION('',(-1.E0,0.E0,0.E0));
#439=DIRECTION('',(0.E0,1.E0,0.E0));
#440=AXIS2_PLACEMENT_3D('',#437,#438,#439);
#442=DIRECTION('',(0.E0,-1.E0,0.E0));
#443=VECTOR('',#442,2.997410798974E-1);
#444=CARTESIAN_POINT('',(-1.875E-1,-1.075258920103E0,1.3E-1));
#445=LINE('',#444,#443);
#446=DIRECTION('',(0.E0,0.E0,-1.E0));
#447=VECTOR('',#446,1.8E-1);
#448=CARTESIAN_POINT('',(-1.875E-1,-1.375E0,1.3E-1));
#449=LINE('',#448,#447);
#450=DIRECTION('',(0.E0,1.E0,0.E0));
#451=VECTOR('',#450,2.997410798974E-1);
#452=CARTESIAN_POINT('',(-1.875E-1,-1.375E0,-5.E-2));
#453=LINE('',#452,#451);
#454=CARTESIAN_POINT('',(-1.875E-1,-1.075258920103E0,2.185E-1));
#455=DIRECTION('',(1.E0,0.E0,0.E0));
#456=DIRECTION('',(0.E0,0.E0,-1.E0));
#457=AXIS2_PLACEMENT_3D('',#454,#455,#456);
#459=DIRECTION('',(0.E0,0.E0,1.E0));
#460=VECTOR('',#459,2.515E-1);
#461=CARTESIAN_POINT('',(-1.875E-1,-8.067589201026E-1,2.185E-1));
#462=LINE('',#461,#460);
#463=DIRECTION('',(0.E0,1.E0,0.E0));
#464=VECTOR('',#463,7.891276625642E-2);
#465=CARTESIAN_POINT('',(-1.875E-1,-8.067589201026E-1,4.7E-1));
#466=LINE('',#465,#464);
#467=DIRECTION('',(0.E0,0.E0,1.E0));
#468=VECTOR('',#467,1.8E-1);
#469=CARTESIAN_POINT('',(-1.875E-1,7.907E-1,4.7E-1));
#470=LINE('',#469,#468);
#471=DIRECTION('',(0.E0,-1.E0,1.091128279730E-14));
#472=VECTOR('',#471,4.07E-2);
#473=CARTESIAN_POINT('',(-1.875E-1,7.907E-1,6.5E-1));
#474=LINE('',#473,#472);
#475=DIRECTION('',(0.E0,1.E0,0.E0));
#476=VECTOR('',#475,6.285384615385E-2);
#477=CARTESIAN_POINT('',(-1.875E-1,7.278461538462E-1,4.7E-1));
#478=LINE('',#477,#476);
#479=DIRECTION('',(0.E0,1.E0,0.E0));
#480=VECTOR('',#479,7.891276625642E-2);
#481=CARTESIAN_POINT('',(1.875E-1,-8.067589201026E-1,4.7E-1));
#482=LINE('',#481,#480);
#483=DIRECTION('',(0.E0,0.E0,1.E0));
#484=VECTOR('',#483,2.515E-1);
#485=CARTESIAN_POINT('',(1.875E-1,-8.067589201026E-1,2.185E-1));
#486=LINE('',#485,#484);
#487=CARTESIAN_POINT('',(1.875E-1,-1.075258920103E0,2.185E-1));
#488=DIRECTION('',(1.E0,0.E0,0.E0));
#489=DIRECTION('',(0.E0,0.E0,-1.E0));
#490=AXIS2_PLACEMENT_3D('',#487,#488,#489);
#492=DIRECTION('',(0.E0,1.E0,0.E0));
#493=VECTOR('',#492,2.997410798974E-1);
#494=CARTESIAN_POINT('',(1.875E-1,-1.375E0,-5.E-2));
#495=LINE('',#494,#493);
#496=DIRECTION('',(0.E0,0.E0,-1.E0));
#497=VECTOR('',#496,1.8E-1);
#498=CARTESIAN_POINT('',(1.875E-1,-1.375E0,1.3E-1));
#499=LINE('',#498,#497);
#500=DIRECTION('',(0.E0,-1.E0,0.E0));
#501=VECTOR('',#500,2.997410798974E-1);
#502=CARTESIAN_POINT('',(1.875E-1,-1.075258920103E0,1.3E-1));
#503=LINE('',#502,#501);
#504=CARTESIAN_POINT('',(1.875E-1,-1.075258920103E0,2.185E-1));
#505=DIRECTION('',(-1.E0,0.E0,0.E0));
#506=DIRECTION('',(0.E0,1.E0,0.E0));
#507=AXIS2_PLACEMENT_3D('',#504,#505,#506);
#509=DIRECTION('',(0.E0,0.E0,-1.E0));
#510=VECTOR('',#509,2.822E-1);
#511=CARTESIAN_POINT('',(1.875E-1,-9.867589201026E-1,5.007E-1));
#512=LINE('',#511,#510);
#513=CARTESIAN_POINT('',(1.875E-1,-8.374589201026E-1,5.007E-1));
#514=DIRECTION('',(1.E0,0.E0,0.E0));
#515=DIRECTION('',(0.E0,0.E0,1.E0));
#516=AXIS2_PLACEMENT_3D('',#513,#514,#515);
#518=DIRECTION('',(0.E0,-1.E0,0.E0));
#519=VECTOR('',#518,8.745892010257E-2);
#520=CARTESIAN_POINT('',(1.875E-1,-7.5E-1,6.5E-1));
#521=LINE('',#520,#519);
#522=DIRECTION('',(0.E0,0.E0,1.E0));
#523=VECTOR('',#522,1.8E-1);
#524=CARTESIAN_POINT('',(1.875E-1,7.907E-1,4.7E-1));
#525=LINE('',#524,#523);
#526=DIRECTION('',(0.E0,1.E0,0.E0));
#527=VECTOR('',#526,6.285384615385E-2);
#528=CARTESIAN_POINT('',(1.875E-1,7.278461538462E-1,4.7E-1));
#529=LINE('',#528,#527);
#530=DIRECTION('',(0.E0,-1.E0,1.091128279730E-14));
#531=VECTOR('',#530,4.07E-2);
#532=CARTESIAN_POINT('',(1.875E-1,7.907E-1,6.5E-1));
#533=LINE('',#532,#531);
#534=DIRECTION('',(1.E0,0.E0,0.E0));
#535=VECTOR('',#534,3.75E-1);
#536=CARTESIAN_POINT('',(-1.875E-1,-8.067589201026E-1,4.7E-1));
#537=LINE('',#536,#535);
#538=DIRECTION('',(1.E0,0.E0,0.E0));
#539=VECTOR('',#538,3.75E-1);
#540=CARTESIAN_POINT('',(-1.875E-1,-8.067589201026E-1,2.185E-1));
#541=LINE('',#540,#539);
#542=DIRECTION('',(1.E0,0.E0,0.E0));
#543=VECTOR('',#542,3.75E-1);
#544=CARTESIAN_POINT('',(-1.875E-1,-1.075258920103E0,-5.E-2));
#545=LINE('',#544,#543);
#546=DIRECTION('',(1.E0,0.E0,0.E0));
#547=VECTOR('',#546,3.75E-1);
#548=CARTESIAN_POINT('',(-1.875E-1,-1.375E0,-5.E-2));
#549=LINE('',#548,#547);
#550=DIRECTION('',(1.E0,0.E0,0.E0));
#551=VECTOR('',#550,3.75E-1);
#552=CARTESIAN_POINT('',(-1.875E-1,-1.375E0,1.3E-1));
#553=LINE('',#552,#551);
#554=DIRECTION('',(1.E0,0.E0,0.E0));
#555=VECTOR('',#554,3.75E-1);
#556=CARTESIAN_POINT('',(-1.875E-1,-1.075258920103E0,1.3E-1));
#557=LINE('',#556,#555);
#558=DIRECTION('',(1.E0,0.E0,0.E0));
#559=VECTOR('',#558,3.75E-1);
#560=CARTESIAN_POINT('',(-1.875E-1,-9.867589201026E-1,2.185E-1));
#561=LINE('',#560,#559);
#562=DIRECTION('',(1.E0,0.E0,0.E0));
#563=VECTOR('',#562,3.75E-1);
#564=CARTESIAN_POINT('',(-1.875E-1,-9.867589201026E-1,5.007E-1));
#565=LINE('',#564,#563);
#566=DIRECTION('',(1.E0,0.E0,0.E0));
#567=VECTOR('',#566,3.75E-1);
#568=CARTESIAN_POINT('',(-1.875E-1,-8.374589201026E-1,6.5E-1));
#569=LINE('',#568,#567);
#570=DIRECTION('',(1.E0,0.E0,0.E0));
#571=VECTOR('',#570,3.75E-1);
#572=CARTESIAN_POINT('',(-1.875E-1,7.907E-1,4.7E-1));
#573=LINE('',#572,#571);
#574=DIRECTION('',(1.E0,0.E0,0.E0));
#575=VECTOR('',#574,3.75E-1);
#576=CARTESIAN_POINT('',(7.625E-1,8.374589201026E-1,6.5E-1));
#577=LINE('',#576,#575);
#578=DIRECTION('',(0.E0,-1.E0,0.E0));
#579=VECTOR('',#578,8.745892010257E-2);
#580=CARTESIAN_POINT('',(7.625E-1,-7.5E-1,6.5E-1));
#581=LINE('',#580,#579);
#582=CARTESIAN_POINT('',(7.625E-1,-8.374589201026E-1,5.007E-1));
#583=DIRECTION('',(1.E0,0.E0,0.E0));
#584=DIRECTION('',(0.E0,0.E0,1.E0));
#585=AXIS2_PLACEMENT_3D('',#582,#583,#584);
#587=DIRECTION('',(0.E0,0.E0,-1.E0));
#588=VECTOR('',#587,2.822E-1);
#589=CARTESIAN_POINT('',(7.625E-1,-9.867589201026E-1,5.007E-1));
#590=LINE('',#589,#588);
#591=CARTESIAN_POINT('',(7.625E-1,-1.075258920103E0,2.185E-1));
#592=DIRECTION('',(-1.E0,0.E0,0.E0));
#593=DIRECTION('',(0.E0,1.E0,0.E0));
#594=AXIS2_PLACEMENT_3D('',#591,#592,#593);
#596=DIRECTION('',(0.E0,-1.E0,0.E0));
#597=VECTOR('',#596,2.997410798974E-1);
#598=CARTESIAN_POINT('',(7.625E-1,-1.075258920103E0,1.3E-1));
#599=LINE('',#598,#597);
#600=DIRECTION('',(0.E0,0.E0,-1.E0));
#601=VECTOR('',#600,1.8E-1);
#602=CARTESIAN_POINT('',(7.625E-1,-1.375E0,1.3E-1));
#603=LINE('',#602,#601);
#604=DIRECTION('',(0.E0,1.E0,0.E0));
#605=VECTOR('',#604,2.997410798974E-1);
#606=CARTESIAN_POINT('',(7.625E-1,-1.375E0,-5.E-2));
#607=LINE('',#606,#605);
#608=CARTESIAN_POINT('',(7.625E-1,-1.075258920103E0,2.185E-1));
#609=DIRECTION('',(1.E0,0.E0,0.E0));
#610=DIRECTION('',(0.E0,0.E0,-1.E0));
#611=AXIS2_PLACEMENT_3D('',#608,#609,#610);
#613=DIRECTION('',(0.E0,0.E0,1.E0));
#614=VECTOR('',#613,2.515E-1);
#615=CARTESIAN_POINT('',(7.625E-1,-8.067589201026E-1,2.185E-1));
#616=LINE('',#615,#614);
#617=DIRECTION('',(0.E0,1.E0,0.E0));
#618=VECTOR('',#617,7.891276625642E-2);
#619=CARTESIAN_POINT('',(7.625E-1,-8.067589201026E-1,4.7E-1));
#620=LINE('',#619,#618);
#621=DIRECTION('',(0.E0,1.E0,0.E0));
#622=VECTOR('',#621,7.891276625642E-2);
#623=CARTESIAN_POINT('',(7.625E-1,7.278461538462E-1,4.7E-1));
#624=LINE('',#623,#622);
#625=DIRECTION('',(0.E0,0.E0,-1.E0));
#626=VECTOR('',#625,2.515E-1);
#627=CARTESIAN_POINT('',(7.625E-1,8.067589201026E-1,4.7E-1));
#628=LINE('',#627,#626);
#629=CARTESIAN_POINT('',(7.625E-1,1.075258920103E0,2.185E-1));
#630=DIRECTION('',(1.E0,0.E0,0.E0));
#631=DIRECTION('',(0.E0,-1.E0,0.E0));
#632=AXIS2_PLACEMENT_3D('',#629,#630,#631);
#634=DIRECTION('',(0.E0,1.E0,0.E0));
#635=VECTOR('',#634,2.997410798974E-1);
#636=CARTESIAN_POINT('',(7.625E-1,1.075258920103E0,-5.E-2));
#637=LINE('',#636,#635);
#638=DIRECTION('',(0.E0,0.E0,1.E0));
#639=VECTOR('',#638,1.8E-1);
#640=CARTESIAN_POINT('',(7.625E-1,1.375E0,-5.E-2));
#641=LINE('',#640,#639);
#642=DIRECTION('',(0.E0,-1.E0,0.E0));
#643=VECTOR('',#642,2.997410798974E-1);
#644=CARTESIAN_POINT('',(7.625E-1,1.375E0,1.3E-1));
#645=LINE('',#644,#643);
#646=CARTESIAN_POINT('',(7.625E-1,1.075258920103E0,2.185E-1));
#647=DIRECTION('',(-1.E0,0.E0,0.E0));
#648=DIRECTION('',(0.E0,0.E0,-1.E0));
#649=AXIS2_PLACEMENT_3D('',#646,#647,#648);
#651=DIRECTION('',(0.E0,0.E0,1.E0));
#652=VECTOR('',#651,2.822E-1);
#653=CARTESIAN_POINT('',(7.625E-1,9.867589201026E-1,2.185E-1));
#654=LINE('',#653,#652);
#655=CARTESIAN_POINT('',(7.625E-1,8.374589201026E-1,5.007E-1));
#656=DIRECTION('',(1.E0,0.E0,0.E0));
#657=DIRECTION('',(0.E0,1.E0,0.E0));
#658=AXIS2_PLACEMENT_3D('',#655,#656,#657);
#660=DIRECTION('',(0.E0,-1.E0,0.E0));
#661=VECTOR('',#660,8.745892010257E-2);
#662=CARTESIAN_POINT('',(7.625E-1,8.374589201026E-1,6.5E-1));
#663=LINE('',#662,#661);
#664=DIRECTION('',(0.E0,1.E0,0.E0));
#665=VECTOR('',#664,7.891276625642E-2);
#666=CARTESIAN_POINT('',(1.1375E0,-8.067589201026E-1,4.7E-1));
#667=LINE('',#666,#665);
#668=DIRECTION('',(0.E0,0.E0,1.E0));
#669=VECTOR('',#668,2.515E-1);
#670=CARTESIAN_POINT('',(1.1375E0,-8.067589201026E-1,2.185E-1));
#671=LINE('',#670,#669);
#672=CARTESIAN_POINT('',(1.1375E0,-1.075258920103E0,2.185E-1));
#673=DIRECTION('',(1.E0,0.E0,0.E0));
#674=DIRECTION('',(0.E0,0.E0,-1.E0));
#675=AXIS2_PLACEMENT_3D('',#672,#673,#674);
#677=DIRECTION('',(0.E0,1.E0,0.E0));
#678=VECTOR('',#677,2.997410798974E-1);
#679=CARTESIAN_POINT('',(1.1375E0,-1.375E0,-5.E-2));
#680=LINE('',#679,#678);
#681=DIRECTION('',(0.E0,0.E0,-1.E0));
#682=VECTOR('',#681,1.8E-1);
#683=CARTESIAN_POINT('',(1.1375E0,-1.375E0,1.3E-1));
#684=LINE('',#683,#682);
#685=DIRECTION('',(0.E0,-1.E0,0.E0));
#686=VECTOR('',#685,2.997410798974E-1);
#687=CARTESIAN_POINT('',(1.1375E0,-1.075258920103E0,1.3E-1));
#688=LINE('',#687,#686);
#689=CARTESIAN_POINT('',(1.1375E0,-1.075258920103E0,2.185E-1));
#690=DIRECTION('',(-1.E0,0.E0,0.E0));
#691=DIRECTION('',(0.E0,1.E0,0.E0));
#692=AXIS2_PLACEMENT_3D('',#689,#690,#691);
#694=DIRECTION('',(0.E0,0.E0,-1.E0));
#695=VECTOR('',#694,2.822E-1);
#696=CARTESIAN_POINT('',(1.1375E0,-9.867589201026E-1,5.007E-1));
#697=LINE('',#696,#695);
#698=CARTESIAN_POINT('',(1.1375E0,-8.374589201026E-1,5.007E-1));
#699=DIRECTION('',(1.E0,0.E0,0.E0));
#700=DIRECTION('',(0.E0,0.E0,1.E0));
#701=AXIS2_PLACEMENT_3D('',#698,#699,#700);
#703=DIRECTION('',(0.E0,-1.E0,0.E0));
#704=VECTOR('',#703,8.745892010257E-2);
#705=CARTESIAN_POINT('',(1.1375E0,-7.5E-1,6.5E-1));
#706=LINE('',#705,#704);
#707=DIRECTION('',(0.E0,-1.E0,0.E0));
#708=VECTOR('',#707,8.745892010257E-2);
#709=CARTESIAN_POINT('',(1.1375E0,8.374589201026E-1,6.5E-1));
#710=LINE('',#709,#708);
#711=CARTESIAN_POINT('',(1.1375E0,8.374589201026E-1,5.007E-1));
#712=DIRECTION('',(1.E0,0.E0,0.E0));
#713=DIRECTION('',(0.E0,1.E0,0.E0));
#714=AXIS2_PLACEMENT_3D('',#711,#712,#713);
#716=DIRECTION('',(0.E0,0.E0,1.E0));
#717=VECTOR('',#716,2.822E-1);
#718=CARTESIAN_POINT('',(1.1375E0,9.867589201026E-1,2.185E-1));
#719=LINE('',#718,#717);
#720=CARTESIAN_POINT('',(1.1375E0,1.075258920103E0,2.185E-1));
#721=DIRECTION('',(-1.E0,0.E0,0.E0));
#722=DIRECTION('',(0.E0,0.E0,-1.E0));
#723=AXIS2_PLACEMENT_3D('',#720,#721,#722);
#725=DIRECTION('',(0.E0,-1.E0,0.E0));
#726=VECTOR('',#725,2.997410798974E-1);
#727=CARTESIAN_POINT('',(1.1375E0,1.375E0,1.3E-1));
#728=LINE('',#727,#726);
#729=DIRECTION('',(0.E0,0.E0,1.E0));
#730=VECTOR('',#729,1.8E-1);
#731=CARTESIAN_POINT('',(1.1375E0,1.375E0,-5.E-2));
#732=LINE('',#731,#730);
#733=DIRECTION('',(0.E0,1.E0,0.E0));
#734=VECTOR('',#733,2.997410798974E-1);
#735=CARTESIAN_POINT('',(1.1375E0,1.075258920103E0,-5.E-2));
#736=LINE('',#735,#734);
#737=CARTESIAN_POINT('',(1.1375E0,1.075258920103E0,2.185E-1));
#738=DIRECTION('',(1.E0,0.E0,0.E0));
#739=DIRECTION('',(0.E0,-1.E0,0.E0));
#740=AXIS2_PLACEMENT_3D('',#737,#738,#739);
#742=DIRECTION('',(0.E0,0.E0,-1.E0));
#743=VECTOR('',#742,2.515E-1);
#744=CARTESIAN_POINT('',(1.1375E0,8.067589201026E-1,4.7E-1));
#745=LINE('',#744,#743);
#746=DIRECTION('',(0.E0,1.E0,0.E0));
#747=VECTOR('',#746,7.891276625642E-2);
#748=CARTESIAN_POINT('',(1.1375E0,7.278461538462E-1,4.7E-1));
#749=LINE('',#748,#747);
#750=DIRECTION('',(1.E0,0.E0,0.E0));
#751=VECTOR('',#750,3.75E-1);
#752=CARTESIAN_POINT('',(7.625E-1,-8.067589201026E-1,4.7E-1));
#753=LINE('',#752,#751);
#754=DIRECTION('',(1.E0,0.E0,0.E0));
#755=VECTOR('',#754,3.75E-1);
#756=CARTESIAN_POINT('',(7.625E-1,-8.067589201026E-1,2.185E-1));
#757=LINE('',#756,#755);
#758=DIRECTION('',(1.E0,0.E0,0.E0));
#759=VECTOR('',#758,3.75E-1);
#760=CARTESIAN_POINT('',(7.625E-1,-1.075258920103E0,-5.E-2));
#761=LINE('',#760,#759);
#762=DIRECTION('',(1.E0,0.E0,0.E0));
#763=VECTOR('',#762,3.75E-1);
#764=CARTESIAN_POINT('',(7.625E-1,-1.375E0,-5.E-2));
#765=LINE('',#764,#763);
#766=DIRECTION('',(1.E0,0.E0,0.E0));
#767=VECTOR('',#766,3.75E-1);
#768=CARTESIAN_POINT('',(7.625E-1,-1.375E0,1.3E-1));
#769=LINE('',#768,#767);
#770=DIRECTION('',(1.E0,0.E0,0.E0));
#771=VECTOR('',#770,3.75E-1);
#772=CARTESIAN_POINT('',(7.625E-1,-1.075258920103E0,1.3E-1));
#773=LINE('',#772,#771);
#774=DIRECTION('',(1.E0,0.E0,0.E0));
#775=VECTOR('',#774,3.75E-1);
#776=CARTESIAN_POINT('',(7.625E-1,-9.867589201026E-1,2.185E-1));
#777=LINE('',#776,#775);
#778=DIRECTION('',(1.E0,0.E0,0.E0));
#779=VECTOR('',#778,3.75E-1);
#780=CARTESIAN_POINT('',(7.625E-1,-9.867589201026E-1,5.007E-1));
#781=LINE('',#780,#779);
#782=DIRECTION('',(1.E0,0.E0,0.E0));
#783=VECTOR('',#782,3.75E-1);
#784=CARTESIAN_POINT('',(7.625E-1,-8.374589201026E-1,6.5E-1));
#785=LINE('',#784,#783);
#786=DIRECTION('',(1.E0,0.E0,0.E0));
#787=VECTOR('',#786,3.75E-1);
#788=CARTESIAN_POINT('',(7.625E-1,9.867589201026E-1,5.007E-1));
#789=LINE('',#788,#787);
#790=DIRECTION('',(1.E0,0.E0,0.E0));
#791=VECTOR('',#790,3.75E-1);
#792=CARTESIAN_POINT('',(7.625E-1,9.867589201026E-1,2.185E-1));
#793=LINE('',#792,#791);
#794=DIRECTION('',(1.E0,0.E0,0.E0));
#795=VECTOR('',#794,3.75E-1);
#796=CARTESIAN_POINT('',(7.625E-1,1.075258920103E0,1.3E-1));
#797=LINE('',#796,#795);
#798=DIRECTION('',(1.E0,0.E0,0.E0));
#799=VECTOR('',#798,3.75E-1);
#800=CARTESIAN_POINT('',(7.625E-1,1.375E0,1.3E-1));
#801=LINE('',#800,#799);
#802=DIRECTION('',(1.E0,0.E0,0.E0));
#803=VECTOR('',#802,3.75E-1);
#804=CARTESIAN_POINT('',(7.625E-1,1.375E0,-5.E-2));
#805=LINE('',#804,#803);
#806=DIRECTION('',(1.E0,0.E0,0.E0));
#807=VECTOR('',#806,3.75E-1);
#808=CARTESIAN_POINT('',(7.625E-1,1.075258920103E0,-5.E-2));
#809=LINE('',#808,#807);
#810=DIRECTION('',(1.E0,0.E0,0.E0));
#811=VECTOR('',#810,3.75E-1);
#812=CARTESIAN_POINT('',(7.625E-1,8.067589201026E-1,2.185E-1));
#813=LINE('',#812,#811);
#814=DIRECTION('',(1.E0,0.E0,0.E0));
#815=VECTOR('',#814,3.75E-1);
#816=CARTESIAN_POINT('',(7.625E-1,8.067589201026E-1,4.7E-1));
#817=LINE('',#816,#815);
#818=DIRECTION('',(0.E0,1.221552013432E-1,-9.925110109136E-1));
#819=VECTOR('',#818,6.549045732013E-1);
#820=CARTESIAN_POINT('',(1.5E0,-7.5E-1,6.5E-1));
#821=LINE('',#820,#819);
#822=DIRECTION('',(0.E0,-2.576626505603E-1,-9.662349396012E-1));
#823=VECTOR('',#822,3.104834939252E-1);
#824=CARTESIAN_POINT('',(1.5E0,-6.7E-1,9.5E-1));
#825=LINE('',#824,#823);
#826=DIRECTION('',(0.E0,-2.576626505603E-1,9.662349396012E-1));
#827=VECTOR('',#826,3.104834939252E-1);
#828=CARTESIAN_POINT('',(1.5E0,7.5E-1,6.5E-1));
#829=LINE('',#828,#827);
#830=DIRECTION('',(0.E0,1.221552013432E-1,9.925110109136E-1));
#831=VECTOR('',#830,6.549045732013E-1);
#832=CARTESIAN_POINT('',(1.5E0,6.7E-1,0.E0));
#833=LINE('',#832,#831);
#834=DIRECTION('',(1.E0,0.E0,0.E0));
#835=VECTOR('',#834,3.E0);
#836=CARTESIAN_POINT('',(-1.5E0,-6.7E-1,9.5E-1));
#837=LINE('',#836,#835);
#838=DIRECTION('',(0.E0,-1.E0,0.E0));
#839=VECTOR('',#838,1.34E0);
#840=CARTESIAN_POINT('',(-1.5E0,6.7E-1,9.5E-1));
#841=LINE('',#840,#839);
#842=DIRECTION('',(-1.E0,0.E0,0.E0));
#843=VECTOR('',#842,3.E0);
#844=CARTESIAN_POINT('',(1.5E0,6.7E-1,9.5E-1));
#845=LINE('',#844,#843);
#846=DIRECTION('',(0.E0,1.E0,0.E0));
#847=VECTOR('',#846,1.34E0);
#848=CARTESIAN_POINT('',(1.5E0,-6.7E-1,9.5E-1));
#849=LINE('',#848,#847);
#850=CARTESIAN_POINT('',(-1.1606E0,-3.899E-1,9.5E-1));
#851=DIRECTION('',(0.E0,0.E0,1.E0));
#852=DIRECTION('',(1.E0,0.E0,0.E0));
#853=AXIS2_PLACEMENT_3D('',#850,#851,#852);
#855=CARTESIAN_POINT('',(-1.1606E0,-3.899E-1,9.5E-1));
#856=DIRECTION('',(0.E0,0.E0,1.E0));
#857=DIRECTION('',(-1.E0,0.E0,0.E0));
#858=AXIS2_PLACEMENT_3D('',#855,#856,#857);
#860=CARTESIAN_POINT('',(5.227483829931E-1,3.168354235318E-1,9.5E-1));
#861=DIRECTION('',(0.E0,0.E0,1.E0));
#862=DIRECTION('',(-1.E0,0.E0,0.E0));
#863=AXIS2_PLACEMENT_3D('',#860,#861,#862);
#865=CARTESIAN_POINT('',(5.227483829931E-1,3.168354235318E-1,9.5E-1));
#866=DIRECTION('',(0.E0,0.E0,1.E0));
#867=DIRECTION('',(1.E0,0.E0,0.E0));
#868=AXIS2_PLACEMENT_3D('',#865,#866,#867);
#870=DIRECTION('',(0.E0,1.E0,0.E0));
#871=VECTOR('',#870,1.006878685181E-2);
#872=CARTESIAN_POINT('',(9.066338854674E-1,4.365255168222E-1,9.5E-1));
#873=LINE('',#872,#871);
#874=DIRECTION('',(-1.E0,0.E0,0.E0));
#875=VECTOR('',#874,3.517302671446E-2);
#876=CARTESIAN_POINT('',(9.066338854674E-1,4.465943036740E-1,9.5E-1));
#877=LINE('',#876,#875);
#878=DIRECTION('',(0.E0,1.E0,0.E0));
#879=VECTOR('',#878,7.824756777376E-2);
#880=CARTESIAN_POINT('',(8.714608587530E-1,4.465943036740E-1,9.5E-1));
#881=LINE('',#880,#879);
#882=DIRECTION('',(-1.E0,0.E0,0.E0));
#883=VECTOR('',#882,1.140075641249E-2);
#884=CARTESIAN_POINT('',(8.714608587530E-1,5.248418714478E-1,9.5E-1));
#885=LINE('',#884,#883);
#886=DIRECTION('',(0.E0,-1.E0,0.E0));
#887=VECTOR('',#886,8.831635462556E-2);
#888=CARTESIAN_POINT('',(8.600601023405E-1,5.248418714478E-1,9.5E-1));
#889=LINE('',#888,#887);
#890=DIRECTION('',(1.E0,0.E0,0.E0));
#891=VECTOR('',#890,4.657378312695E-2);
#892=CARTESIAN_POINT('',(8.600601023405E-1,4.365255168222E-1,9.5E-1));
#893=LINE('',#892,#891);
#894=CARTESIAN_POINT('',(9.763703935040E-1,4.401827891766E-1,9.5E-1));
#895=CARTESIAN_POINT('',(9.763703935040E-1,4.438250110272E-1,9.5E-1));
#896=CARTESIAN_POINT('',(9.763703935040E-1,4.474672328777E-1,9.5E-1));
#897=CARTESIAN_POINT('',(9.763703935040E-1,4.511094547283E-1,9.5E-1));
#899=CARTESIAN_POINT('',(9.763703935040E-1,5.107997516687E-1,9.5E-1));
#900=CARTESIAN_POINT('',(9.701203958550E-1,5.142818932153E-1,9.5E-1));
#901=CARTESIAN_POINT('',(9.542008625374E-1,5.186001349089E-1,9.5E-1));
#902=CARTESIAN_POINT('',(9.275851276376E-1,5.087328352751E-1,9.5E-1));
#903=CARTESIAN_POINT('',(9.195364088828E-1,4.802449344478E-1,9.5E-1));
#904=CARTESIAN_POINT('',(9.271281995603E-1,4.520938762019E-1,9.5E-1));
#905=CARTESIAN_POINT('',(9.533940057675E-1,4.425593449342E-1,9.5E-1));
#906=CARTESIAN_POINT('',(9.696622646972E-1,4.470282854541E-1,9.5E-1));
#907=CARTESIAN_POINT('',(9.763703935040E-1,4.511094547283E-1,9.5E-1));
#909=CARTESIAN_POINT('',(9.763703935040E-1,5.107997516687E-1,9.5E-1));
#910=CARTESIAN_POINT('',(9.763703935040E-1,5.147730845966E-1,9.5E-1));
#911=CARTESIAN_POINT('',(9.763703935040E-1,5.187464175244E-1,9.5E-1));
#912=CARTESIAN_POINT('',(9.763703935040E-1,5.227197504523E-1,9.5E-1));
#914=CARTESIAN_POINT('',(9.763703935040E-1,4.401827891766E-1,9.5E-1));
#915=CARTESIAN_POINT('',(9.690047989139E-1,4.362953920312E-1,9.5E-1));
#916=CARTESIAN_POINT('',(9.494835021771E-1,4.325346239321E-1,9.5E-1));
#917=CARTESIAN_POINT('',(9.171508626928E-1,4.434671230903E-1,9.5E-1));
#918=CARTESIAN_POINT('',(9.064256719212E-1,4.800540013129E-1,9.5E-1));
#919=CARTESIAN_POINT('',(9.183608757960E-1,5.16999633E-1,9.5E-1));
#920=CARTESIAN_POINT('',(9.509274734632E-1,5.284464370645E-1,9.5E-1));
#921=CARTESIAN_POINT('',(9.698775589061E-1,5.255404081060E-1,9.5E-1));
#922=CARTESIAN_POINT('',(9.763703935040E-1,5.227197504523E-1,9.5E-1));
#924=DIRECTION('',(0.E0,1.E0,0.E0));
#925=VECTOR('',#924,1.006878685181E-2);
#926=CARTESIAN_POINT('',(1.041546598975E0,4.365255168222E-1,9.5E-1));
#927=LINE('',#926,#925);
#928=DIRECTION('',(-1.E0,0.E0,0.E0));
#929=VECTOR('',#928,3.609863268062E-2);
#930=CARTESIAN_POINT('',(1.041546598975E0,4.465943036740E-1,9.5E-1));
#931=LINE('',#930,#929);
#932=DIRECTION('',(0.E0,1.E0,0.E0));
#933=VECTOR('',#932,2.970969393801E-2);
#934=CARTESIAN_POINT('',(1.005447966295E0,4.465943036740E-1,9.5E-1));
#935=LINE('',#934,#933);
#936=DIRECTION('',(1.E0,0.E0,0.E0));
#937=VECTOR('',#936,3.158348162573E-2);
#938=CARTESIAN_POINT('',(1.005447966295E0,4.763039976120E-1,9.5E-1));
#939=LINE('',#938,#937);
#940=DIRECTION('',(0.E0,1.E0,0.E0));
#941=VECTOR('',#940,1.011393836204E-2);
#942=CARTESIAN_POINT('',(1.037031447920E0,4.763039976120E-1,9.5E-1));
#943=LINE('',#942,#941);
#944=DIRECTION('',(-1.E0,0.E0,0.E0));
#945=VECTOR('',#944,3.158348162573E-2);
#946=CARTESIAN_POINT('',(1.037031447920E0,4.864179359741E-1,9.5E-1));
#947=LINE('',#946,#945);
#948=DIRECTION('',(0.E0,1.E0,0.E0));
#949=VECTOR('',#948,2.826484560143E-2);
#950=CARTESIAN_POINT('',(1.005447966295E0,4.864179359741E-1,9.5E-1));
#951=LINE('',#950,#949);
#952=DIRECTION('',(1.E0,0.E0,0.E0));
#953=VECTOR('',#952,3.408939046098E-2);
#954=CARTESIAN_POINT('',(1.005447966295E0,5.146827815755E-1,9.5E-1));
#955=LINE('',#954,#953);
#956=DIRECTION('',(0.E0,1.E0,0.E0));
#957=VECTOR('',#956,1.015908987228E-2);
#958=CARTESIAN_POINT('',(1.039537356756E0,5.146827815755E-1,9.5E-1));
#959=LINE('',#958,#957);
#960=DIRECTION('',(-1.E0,0.E0,0.E0));
#961=VECTOR('',#960,4.549014687346E-2);
#962=CARTESIAN_POINT('',(1.039537356756E0,5.248418714478E-1,9.5E-1));
#963=LINE('',#962,#961);
#964=DIRECTION('',(0.E0,-1.E0,0.E0));
#965=VECTOR('',#964,8.831635462556E-2);
#966=CARTESIAN_POINT('',(9.940472098823E-1,5.248418714478E-1,9.5E-1));
#967=LINE('',#966,#965);
#968=DIRECTION('',(1.E0,0.E0,0.E0));
#969=VECTOR('',#968,4.749938909310E-2);
#970=CARTESIAN_POINT('',(9.940472098823E-1,4.365255168222E-1,9.5E-1));
#971=LINE('',#970,#969);
#972=CARTESIAN_POINT('',(1.069630838534E0,5.146827815755E-1,9.5E-1));
#973=CARTESIAN_POINT('',(1.074078262322E0,5.146827815755E-1,9.5E-1));
#974=CARTESIAN_POINT('',(1.078525686111E0,5.146827815755E-1,9.5E-1));
#975=CARTESIAN_POINT('',(1.082973109899E0,5.146827815755E-1,9.5E-1));
#977=CARTESIAN_POINT('',(1.082453867529E0,4.465943036740E-1,9.5E-1));
#978=CARTESIAN_POINT('',(1.091728669341E0,4.465943036741E-1,9.5E-1));
#979=CARTESIAN_POINT('',(1.112208305495E0,4.522132220760E-1,9.5E-1));
#980=CARTESIAN_POINT('',(1.121181691479E0,4.812502170948E-1,9.5E-1));
#981=CARTESIAN_POINT('',(1.111894378608E0,5.099723333993E-1,9.5E-1));
#982=CARTESIAN_POINT('',(1.091909057229E0,5.146827815756E-1,9.5E-1));
#983=CARTESIAN_POINT('',(1.082973109899E0,5.146827815755E-1,9.5E-1));
#985=CARTESIAN_POINT('',(1.082453867529E0,4.465943036740E-1,9.5E-1));
#986=CARTESIAN_POINT('',(1.078179524531E0,4.465943036740E-1,9.5E-1));
#987=CARTESIAN_POINT('',(1.073905181533E0,4.465943036740E-1,9.5E-1));
#988=CARTESIAN_POINT('',(1.069630838535E0,4.465943036740E-1,9.5E-1));
#990=CARTESIAN_POINT('',(1.069630838535E0,4.465943036740E-1,9.5E-1));
#991=CARTESIAN_POINT('',(1.069630838534E0,4.692904629745E-1,9.5E-1));
#992=CARTESIAN_POINT('',(1.069630838534E0,4.919866222750E-1,9.5E-1));
#993=CARTESIAN_POINT('',(1.069630838534E0,5.146827815755E-1,9.5E-1));
#995=CARTESIAN_POINT('',(1.058230082122E0,4.365255168222E-1,9.5E-1));
#996=CARTESIAN_POINT('',(1.066327253013E0,4.365255168222E-1,9.5E-1));
#997=CARTESIAN_POINT('',(1.074424423904E0,4.365255168222E-1,9.5E-1));
#998=CARTESIAN_POINT('',(1.082521594795E0,4.365255168222E-1,9.5E-1));
#1000=CARTESIAN_POINT('',(1.083424625006E0,5.248418714478E-1,9.5E-1));
#1001=CARTESIAN_POINT('',(1.095217357212E0,5.248418714479E-1,9.5E-1));
#1002=CARTESIAN_POINT('',(1.120374327471E0,5.176541151317E-1,9.5E-1));
#1003=CARTESIAN_POINT('',(1.134870785354E0,4.813604637304E-1,9.5E-1));
#1004=CARTESIAN_POINT('',(1.120668959136E0,4.443578318105E-1,9.5E-1));
#1005=CARTESIAN_POINT('',(1.094673571626E0,4.365255168223E-1,9.5E-1));
#1006=CARTESIAN_POINT('',(1.082521594795E0,4.365255168222E-1,9.5E-1));
#1008=CARTESIAN_POINT('',(1.083424625006E0,5.248418714478E-1,9.5E-1));
#1009=CARTESIAN_POINT('',(1.075026444044E0,5.248418714478E-1,9.5E-1));
#1010=CARTESIAN_POINT('',(1.066628263083E0,5.248418714478E-1,9.5E-1));
#1011=CARTESIAN_POINT('',(1.058230082121E0,5.248418714478E-1,9.5E-1));
#1013=CARTESIAN_POINT('',(1.058230082121E0,5.248418714478E-1,9.5E-1));
#1014=CARTESIAN_POINT('',(1.058230082121E0,4.954030865726E-1,9.5E-1));
#1015=CARTESIAN_POINT('',(1.058230082122E0,4.659643016974E-1,9.5E-1));
#1016=CARTESIAN_POINT('',(1.058230082122E0,4.365255168222E-1,9.5E-1));
#1018=CARTESIAN_POINT('',(1.176030373133E0,5.073682368667E-1,9.5E-1));
#1019=CARTESIAN_POINT('',(1.175325968977E0,5.093702276250E-1,9.5E-1));
#1020=CARTESIAN_POINT('',(1.174876590175E0,5.114614477584E-1,9.5E-1));
#1021=CARTESIAN_POINT('',(1.174522466997E0,5.135539938118E-1,9.5E-1));
#1023=CARTESIAN_POINT('',(1.176030373133E0,5.073682368667E-1,9.5E-1));
#1024=CARTESIAN_POINT('',(1.180477796922E0,4.951321775090E-1,9.5E-1));
#1025=CARTESIAN_POINT('',(1.184925220710E0,4.828961181512E-1,9.5E-1));
#1026=CARTESIAN_POINT('',(1.189372644499E0,4.706600587934E-1,9.5E-1));
#1028=CARTESIAN_POINT('',(1.189372644499E0,4.706600587934E-1,9.5E-1));
#1029=CARTESIAN_POINT('',(1.179491988941E0,4.706600587934E-1,9.5E-1));
#1030=CARTESIAN_POINT('',(1.169611333384E0,4.706600587934E-1,9.5E-1));
#1031=CARTESIAN_POINT('',(1.159730677826E0,4.706600587934E-1,9.5E-1));
#1033=CARTESIAN_POINT('',(1.159730677826E0,4.706600587934E-1,9.5E-1));
#1034=CARTESIAN_POINT('',(1.164132950104E0,4.828961181512E-1,9.5E-1));
#1035=CARTESIAN_POINT('',(1.168535222382E0,4.951321775090E-1,9.5E-1));
#1036=CARTESIAN_POINT('',(1.172937494661E0,5.073682368667E-1,9.5E-1));
#1038=CARTESIAN_POINT('',(1.174522466997E0,5.135539938118E-1,9.5E-1));
#1039=CARTESIAN_POINT('',(1.174184096042E0,5.114525320939E-1,9.5E-1));
#1040=CARTESIAN_POINT('',(1.173684871134E0,5.093612407960E-1,9.5E-1));
#1041=CARTESIAN_POINT('',(1.172937494661E0,5.073682368667E-1,9.5E-1));
#1043=DIRECTION('',(-3.559357243710E-1,9.345104387413E-1,0.E0));
#1044=VECTOR('',#1043,9.450547684038E-2);
#1045=CARTESIAN_POINT('',(1.214499460118E0,4.365255168222E-1,9.5E-1));
#1046=LINE('',#1045,#1044);
#1047=DIRECTION('',(-1.E0,0.E0,0.E0));
#1048=VECTOR('',#1047,1.219090784703E-2);
#1049=CARTESIAN_POINT('',(1.180861584762E0,5.248418714478E-1,9.5E-1));
#1050=LINE('',#1049,#1048);
#1051=DIRECTION('',(-3.559357243682E-1,-9.345104387424E-1,0.E0));
#1052=VECTOR('',#1051,9.450547684028E-2);
#1053=CARTESIAN_POINT('',(1.168670676915E0,5.248418714478E-1,9.5E-1));
#1054=LINE('',#1053,#1052);
#1055=DIRECTION('',(1.E0,0.E0,0.E0));
#1056=VECTOR('',#1055,1.259727144156E-2);
#1057=CARTESIAN_POINT('',(1.135032801559E0,4.365255168222E-1,9.5E-1));
#1058=LINE('',#1057,#1056);
#1059=DIRECTION('',(3.315284184080E-1,9.434452330623E-1,0.E0));
#1060=VECTOR('',#1059,2.560409157262E-2);
#1061=CARTESIAN_POINT('',(1.147630073E0,4.365255168222E-1,9.5E-1));
#1062=LINE('',#1061,#1060);
#1063=DIRECTION('',(1.E0,0.E0,0.E0));
#1064=VECTOR('',#1063,3.677590533867E-2);
#1065=CARTESIAN_POINT('',(1.156118556984E0,4.606815749633E-1,9.5E-1));
#1066=LINE('',#1065,#1064);
#1067=DIRECTION('',(3.493954794713E-1,-9.369753459537E-1,0.E0));
#1068=VECTOR('',#1067,2.578088980185E-2);
#1069=CARTESIAN_POINT('',(1.192894462323E0,4.606815749633E-1,9.5E-1));
#1070=LINE('',#1069,#1068);
#1071=DIRECTION('',(1.E0,0.E0,0.E0));
#1072=VECTOR('',#1071,1.259727144156E-2);
#1073=CARTESIAN_POINT('',(1.201902188676E0,4.365255168222E-1,9.5E-1));
#1074=LINE('',#1073,#1072);
#1075=DIRECTION('',(0.E0,1.E0,0.E0));
#1076=VECTOR('',#1075,1.006878685181E-2);
#1077=CARTESIAN_POINT('',(9.075594914336E-1,2.964203796017E-1,9.5E-1));
#1078=LINE('',#1077,#1076);
#1079=DIRECTION('',(-1.E0,0.E0,0.E0));
#1080=VECTOR('',#1079,3.609863268061E-2);
#1081=CARTESIAN_POINT('',(9.075594914336E-1,3.064891664535E-1,9.5E-1));
#1082=LINE('',#1081,#1080);
#1083=DIRECTION('',(0.E0,1.E0,0.E0));
#1084=VECTOR('',#1083,2.970969393801E-2);
#1085=CARTESIAN_POINT('',(8.714608587530E-1,3.064891664535E-1,9.5E-1));
#1086=LINE('',#1085,#1084);
#1087=DIRECTION('',(1.E0,0.E0,0.E0));
#1088=VECTOR('',#1087,3.158348162573E-2);
#1089=CARTESIAN_POINT('',(8.714608587530E-1,3.361988603915E-1,9.5E-1));
#1090=LINE('',#1089,#1088);
#1091=DIRECTION('',(0.E0,1.E0,0.E0));
#1092=VECTOR('',#1091,1.011393836204E-2);
#1093=CARTESIAN_POINT('',(9.030443403787E-1,3.361988603915E-1,9.5E-1));
#1094=LINE('',#1093,#1092);
#1095=DIRECTION('',(-1.E0,0.E0,0.E0));
#1096=VECTOR('',#1095,3.158348162573E-2);
#1097=CARTESIAN_POINT('',(9.030443403787E-1,3.463127987535E-1,9.5E-1));
#1098=LINE('',#1097,#1096);
#1099=DIRECTION('',(0.E0,1.E0,0.E0));
#1100=VECTOR('',#1099,2.826484560143E-2);
#1101=CARTESIAN_POINT('',(8.714608587530E-1,3.463127987535E-1,9.5E-1));
#1102=LINE('',#1101,#1100);
#1103=DIRECTION('',(1.E0,0.E0,0.E0));
#1104=VECTOR('',#1103,3.408939046097E-2);
#1105=CARTESIAN_POINT('',(8.714608587530E-1,3.745776443549E-1,9.5E-1));
#1106=LINE('',#1105,#1104);
#1107=DIRECTION('',(0.E0,1.E0,0.E0));
#1108=VECTOR('',#1107,1.015908987228E-2);
#1109=CARTESIAN_POINT('',(9.055502492139E-1,3.745776443549E-1,9.5E-1));
#1110=LINE('',#1109,#1108);
#1111=DIRECTION('',(-1.E0,0.E0,0.E0));
#1112=VECTOR('',#1111,4.549014687346E-2);
#1113=CARTESIAN_POINT('',(9.055502492139E-1,3.847367342272E-1,9.5E-1));
#1114=LINE('',#1113,#1112);
#1115=DIRECTION('',(0.E0,-1.E0,0.E0));
#1116=VECTOR('',#1115,8.831635462556E-2);
#1117=CARTESIAN_POINT('',(8.600601023405E-1,3.847367342272E-1,9.5E-1));
#1118=LINE('',#1117,#1116);
#1119=DIRECTION('',(1.E0,0.E0,0.E0));
#1120=VECTOR('',#1119,4.749938909310E-2);
#1121=CARTESIAN_POINT('',(8.600601023405E-1,2.964203796017E-1,9.5E-1));
#1122=LINE('',#1121,#1120);
#1123=CARTESIAN_POINT('',(9.430034272112E-1,3.260849220294E-1,9.5E-1));
#1124=CARTESIAN_POINT('',(9.479249418606E-1,3.267471441842E-1,9.5E-1));
#1125=CARTESIAN_POINT('',(9.528464565099E-1,3.274093663389E-1,9.5E-1));
#1126=CARTESIAN_POINT('',(9.577679711592E-1,3.280715884937E-1,9.5E-1));
#1128=CARTESIAN_POINT('',(9.577679711592E-1,3.280715884937E-1,9.5E-1));
#1129=CARTESIAN_POINT('',(9.577679711592E-1,3.260548210226E-1,9.5E-1));
#1130=CARTESIAN_POINT('',(9.577679711592E-1,3.240380535516E-1,9.5E-1));
#1131=CARTESIAN_POINT('',(9.577679711592E-1,3.220212860805E-1,9.5E-1));
#1133=CARTESIAN_POINT('',(9.430034272112E-1,3.260849220294E-1,9.5E-1));
#1134=CARTESIAN_POINT('',(9.392453928049E-1,3.255597818505E-1,9.5E-1));
#1135=CARTESIAN_POINT('',(9.317420521139E-1,3.242996493392E-1,9.5E-1));
#1136=CARTESIAN_POINT('',(9.282550666850E-1,3.143159228556E-1,9.5E-1));
#1137=CARTESIAN_POINT('',(9.318917232067E-1,3.056113047823E-1,9.5E-1));
#1138=CARTESIAN_POINT('',(9.425487362961E-1,3.027416940986E-1,9.5E-1));
#1139=CARTESIAN_POINT('',(9.546780483574E-1,3.078902841443E-1,9.5E-1));
#1140=CARTESIAN_POINT('',(9.577679711592E-1,3.174500440425E-1,9.5E-1));
#1141=CARTESIAN_POINT('',(9.577679711592E-1,3.220212860805E-1,9.5E-1));
#1143=CARTESIAN_POINT('',(9.577679711592E-1,3.061731058794E-1,9.5E-1));
#1144=CARTESIAN_POINT('',(9.577679711592E-1,3.029221971202E-1,9.5E-1));
#1145=CARTESIAN_POINT('',(9.577679711592E-1,2.996712883609E-1,9.5E-1));
#1146=CARTESIAN_POINT('',(9.577679711592E-1,2.964203796017E-1,9.5E-1));
#1148=CARTESIAN_POINT('',(9.577679711592E-1,2.964203796017E-1,9.5E-1));
#1149=CARTESIAN_POINT('',(9.614553445204E-1,2.964203796017E-1,9.5E-1));
#1150=CARTESIAN_POINT('',(9.651427178816E-1,2.964203796017E-1,9.5E-1));
#1151=CARTESIAN_POINT('',(9.688300912428E-1,2.964203796017E-1,9.5E-1));
#1153=CARTESIAN_POINT('',(9.688300912428E-1,2.964203796017E-1,9.5E-1));
#1154=CARTESIAN_POINT('',(9.688300912427E-1,3.099507822615E-1,9.5E-1));
#1155=CARTESIAN_POINT('',(9.688300912426E-1,3.234811849213E-1,9.5E-1));
#1156=CARTESIAN_POINT('',(9.688300912425E-1,3.370115875811E-1,9.5E-1));
#1158=CARTESIAN_POINT('',(9.243107018451E-1,3.550721917995E-1,9.5E-1));
#1159=CARTESIAN_POINT('',(9.306608376475E-1,3.590610857692E-1,9.5E-1));
#1160=CARTESIAN_POINT('',(9.495586197064E-1,3.667177369299E-1,9.5E-1));
#1161=CARTESIAN_POINT('',(9.688300912425E-1,3.480295944255E-1,9.5E-1));
#1162=CARTESIAN_POINT('',(9.688300912425E-1,3.370115875811E-1,9.5E-1));
#1164=CARTESIAN_POINT('',(9.243107018451E-1,3.550721917995E-1,9.5E-1));
#1165=CARTESIAN_POINT('',(9.243107018451E-1,3.514901719627E-1,9.5E-1));
#1166=CARTESIAN_POINT('',(9.243107018451E-1,3.479081521260E-1,9.5E-1));
#1167=CARTESIAN_POINT('',(9.243107018451E-1,3.443261322893E-1,9.5E-1));
#1169=CARTESIAN_POINT('',(9.577679711589E-1,3.365149209655E-1,9.5E-1));
#1170=CARTESIAN_POINT('',(9.577679711589E-1,3.431959376306E-1,9.5E-1));
#1171=CARTESIAN_POINT('',(9.447719802074E-1,3.581382412712E-1,9.5E-1));
#1172=CARTESIAN_POINT('',(9.300156782437E-1,3.489562580622E-1,9.5E-1));
#1173=CARTESIAN_POINT('',(9.243107018451E-1,3.443261322893E-1,9.5E-1));
#1175=CARTESIAN_POINT('',(9.577679711589E-1,3.365149209655E-1,9.5E-1));
#1176=CARTESIAN_POINT('',(9.515370627037E-1,3.356419917618E-1,9.5E-1));
#1177=CARTESIAN_POINT('',(9.453061542485E-1,3.347690625581E-1,9.5E-1));
#1178=CARTESIAN_POINT('',(9.390752457933E-1,3.338961333544E-1,9.5E-1));
#1180=CARTESIAN_POINT('',(9.577679711592E-1,3.061731058794E-1,9.5E-1));
#1181=CARTESIAN_POINT('',(9.539799859811E-1,2.996569862980E-1,9.5E-1));
#1182=CARTESIAN_POINT('',(9.406750646706E-1,2.923113119828E-1,9.5E-1));
#1183=CARTESIAN_POINT('',(9.222931814130E-1,2.978244720770E-1,9.5E-1));
#1184=CARTESIAN_POINT('',(9.134952003821E-1,3.187553051586E-1,9.5E-1));
#1185=CARTESIAN_POINT('',(9.293827118772E-1,3.325473341358E-1,9.5E-1));
#1186=CARTESIAN_POINT('',(9.390752457933E-1,3.338961333544E-1,9.5E-1));
#1188=CARTESIAN_POINT('',(9.838203927437E-1,3.100561357862E-1,9.5E-1));
#1189=CARTESIAN_POINT('',(9.838203927437E-1,3.062483583969E-1,9.5E-1));
#1190=CARTESIAN_POINT('',(9.838203927437E-1,3.024405810076E-1,9.5E-1));
#1191=CARTESIAN_POINT('',(9.838203927437E-1,2.986328036183E-1,9.5E-1));
#1193=CARTESIAN_POINT('',(1.023395691737E0,3.473964350064E-1,9.5E-1));
#1194=CARTESIAN_POINT('',(1.018719346439E0,3.503946659633E-1,9.5E-1));
#1195=CARTESIAN_POINT('',(1.010106039673E0,3.528024986006E-1,9.5E-1));
#1196=CARTESIAN_POINT('',(9.986080735864E-1,3.511435029604E-1,9.5E-1));
#1197=CARTESIAN_POINT('',(9.940682184284E-1,3.437040433461E-1,9.5E-1));
#1198=CARTESIAN_POINT('',(9.982725234080E-1,3.351377201737E-1,9.5E-1));
#1199=CARTESIAN_POINT('',(1.009982557628E0,3.319890051103E-1,9.5E-1));
#1200=CARTESIAN_POINT('',(1.022892470906E0,3.268026193748E-1,9.5E-1));
#1201=CARTESIAN_POINT('',(1.028476614806E0,3.120578184544E-1,9.5E-1));
#1202=CARTESIAN_POINT('',(1.019720872786E0,2.967909233407E-1,9.5E-1));
#1203=CARTESIAN_POINT('',(1.001277116119E0,2.938775378744E-1,9.5E-1));
#1204=CARTESIAN_POINT('',(9.890403795139E-1,2.960228102330E-1,9.5E-1));
#1205=CARTESIAN_POINT('',(9.838203927437E-1,2.986328036183E-1,9.5E-1));
#1207=CARTESIAN_POINT('',(1.023395691737E0,3.473964350064E-1,9.5E-1));
#1208=CARTESIAN_POINT('',(1.023395691737E0,3.509784548429E-1,9.5E-1));
#1209=CARTESIAN_POINT('',(1.023395691737E0,3.545604746794E-1,9.5E-1));
#1210=CARTESIAN_POINT('',(1.023395691737E0,3.581424945160E-1,9.5E-1));
#1212=CARTESIAN_POINT('',(9.838203927437E-1,3.100561357862E-1,9.5E-1));
#1213=CARTESIAN_POINT('',(9.890114722617E-1,3.063185585332E-1,9.5E-1));
#1214=CARTESIAN_POINT('',(9.992840011351E-1,3.006641627547E-1,9.5E-1));
#1215=CARTESIAN_POINT('',(1.018051982302E0,3.091167120204E-1,9.5E-1));
#1216=CARTESIAN_POINT('',(1.011347075043E0,3.212686702816E-1,9.5E-1));
#1217=CARTESIAN_POINT('',(9.995856141771E-1,3.239660448418E-1,9.5E-1));
#1218=CARTESIAN_POINT('',(9.867689448136E-1,3.297693197824E-1,9.5E-1));
#1219=CARTESIAN_POINT('',(9.820561022542E-1,3.441722410615E-1,9.5E-1));
#1220=CARTESIAN_POINT('',(9.904103382556E-1,3.587723473916E-1,9.5E-1));
#1221=CARTESIAN_POINT('',(1.007611567497E0,3.619527641746E-1,9.5E-1));
#1222=CARTESIAN_POINT('',(1.018709093744E0,3.600722701604E-1,9.5E-1));
#1223=CARTESIAN_POINT('',(1.023395691737E0,3.581424945160E-1,9.5E-1));
#1225=CARTESIAN_POINT('',(1.062525313957E0,3.068955300480E-1,9.5E-1));
#1226=CARTESIAN_POINT('',(1.062026701230E0,3.086263379522E-1,9.5E-1));
#1227=CARTESIAN_POINT('',(1.061528088503E0,3.103571458564E-1,9.5E-1));
#1228=CARTESIAN_POINT('',(1.061029475775E0,3.120879537606E-1,9.5E-1));
#1230=CARTESIAN_POINT('',(1.061029475775E0,3.120879537606E-1,9.5E-1));
#1231=CARTESIAN_POINT('',(1.055536041993E0,3.278909824513E-1,9.5E-1));
#1232=CARTESIAN_POINT('',(1.050042608210E0,3.436940111420E-1,9.5E-1));
#1233=CARTESIAN_POINT('',(1.044549174427E0,3.594970398327E-1,9.5E-1));
#1235=CARTESIAN_POINT('',(1.044549174427E0,3.594970398327E-1,9.5E-1));
#1236=CARTESIAN_POINT('',(1.040425336464E0,3.594970398327E-1,9.5E-1));
#1237=CARTESIAN_POINT('',(1.036301498501E0,3.594970398327E-1,9.5E-1));
#1238=CARTESIAN_POINT('',(1.032177660538E0,3.594970398327E-1,9.5E-1));
#1240=CARTESIAN_POINT('',(1.032177660538E0,3.594970398327E-1,9.5E-1));
#1241=CARTESIAN_POINT('',(1.040425336464E0,3.385166379330E-1,9.5E-1));
#1242=CARTESIAN_POINT('',(1.048673012390E0,3.175362360333E-1,9.5E-1));
#1243=CARTESIAN_POINT('',(1.056920688316E0,2.965558341336E-1,9.5E-1));
#1245=CARTESIAN_POINT('',(1.056920688316E0,2.965558341336E-1,9.5E-1));
#1246=CARTESIAN_POINT('',(1.055302759188E0,2.927330062407E-1,9.5E-1));
#1247=CARTESIAN_POINT('',(1.053684830060E0,2.889101783477E-1,9.5E-1));
#1248=CARTESIAN_POINT('',(1.052066900932E0,2.850873504548E-1,9.5E-1));
#1250=CARTESIAN_POINT('',(1.034457811820E0,2.774567451732E-1,9.5E-1));
#1251=CARTESIAN_POINT('',(1.036442058667E0,2.766713141294E-1,9.5E-1));
#1252=CARTESIAN_POINT('',(1.043458302150E0,2.746610230652E-1,9.5E-1));
#1253=CARTESIAN_POINT('',(1.050205597033E0,2.806604655052E-1,9.5E-1));
#1254=CARTESIAN_POINT('',(1.052066900932E0,2.850873504548E-1,9.5E-1));
#1256=CARTESIAN_POINT('',(1.034457811820E0,2.774567451732E-1,9.5E-1));
#1257=CARTESIAN_POINT('',(1.034457811820E0,2.741757354067E-1,9.5E-1));
#1258=CARTESIAN_POINT('',(1.034457811820E0,2.708947256403E-1,9.5E-1));
#1259=CARTESIAN_POINT('',(1.034457811820E0,2.676137158738E-1,9.5E-1));
#1261=CARTESIAN_POINT('',(1.064099778493E0,2.868934108769E-1,9.5E-1));
#1262=CARTESIAN_POINT('',(1.060389739800E0,2.775239911279E-1,9.5E-1));
#1263=CARTESIAN_POINT('',(1.049524647759E0,2.649691596625E-1,9.5E-1));
#1264=CARTESIAN_POINT('',(1.036754403697E0,2.669273780719E-1,9.5E-1));
#1265=CARTESIAN_POINT('',(1.034457811820E0,2.676137158738E-1,9.5E-1));
#1267=CARTESIAN_POINT('',(1.064099778493E0,2.868934108769E-1,9.5E-1));
#1268=CARTESIAN_POINT('',(1.073641797721E0,3.110946205288E-1,9.5E-1));
#1269=CARTESIAN_POINT('',(1.083183816950E0,3.352958301807E-1,9.5E-1));
#1270=CARTESIAN_POINT('',(1.092725836178E0,3.594970398327E-1,9.5E-1));
#1272=CARTESIAN_POINT('',(1.092725836178E0,3.594970398327E-1,9.5E-1));
#1273=CARTESIAN_POINT('',(1.088903008285E0,3.594970398327E-1,9.5E-1));
#1274=CARTESIAN_POINT('',(1.085080180393E0,3.594970398327E-1,9.5E-1));
#1275=CARTESIAN_POINT('',(1.081257352500E0,3.594970398327E-1,9.5E-1));
#1277=CARTESIAN_POINT('',(1.081257352500E0,3.594970398327E-1,9.5E-1));
#1278=CARTESIAN_POINT('',(1.075515585409E0,3.436639101350E-1,9.5E-1));
#1279=CARTESIAN_POINT('',(1.069773818318E0,3.278307804373E-1,9.5E-1));
#1280=CARTESIAN_POINT('',(1.064032051227E0,3.119976507395E-1,9.5E-1));
#1282=CARTESIAN_POINT('',(1.062525313957E0,3.068955300480E-1,9.5E-1));
#1283=CARTESIAN_POINT('',(1.062860200333E0,3.086369392087E-1,9.5E-1));
#1284=CARTESIAN_POINT('',(1.063512975903E0,3.103020046804E-1,9.5E-1));
#1285=CARTESIAN_POINT('',(1.064032051227E0,3.119976507395E-1,9.5E-1));
#1287=DIRECTION('',(0.E0,1.E0,0.E0));
#1288=VECTOR('',#1287,1.006878685181E-2);
#1289=CARTESIAN_POINT('',(1.152145224055E0,2.964203796017E-1,9.5E-1));
#1290=LINE('',#1289,#1288);
#1291=DIRECTION('',(-1.E0,0.E0,0.E0));
#1292=VECTOR('',#1291,3.609863268062E-2);
#1293=CARTESIAN_POINT('',(1.152145224055E0,3.064891664535E-1,9.5E-1));
#1294=LINE('',#1293,#1292);
#1295=DIRECTION('',(0.E0,1.E0,0.E0));
#1296=VECTOR('',#1295,2.970969393801E-2);
#1297=CARTESIAN_POINT('',(1.116046591375E0,3.064891664535E-1,9.5E-1));
#1298=LINE('',#1297,#1296);
#1299=DIRECTION('',(1.E0,0.E0,0.E0));
#1300=VECTOR('',#1299,3.158348162573E-2);
#1301=CARTESIAN_POINT('',(1.116046591375E0,3.361988603915E-1,9.5E-1));
#1302=LINE('',#1301,#1300);
#1303=DIRECTION('',(0.E0,1.E0,0.E0));
#1304=VECTOR('',#1303,1.011393836204E-2);
#1305=CARTESIAN_POINT('',(1.147630073E0,3.361988603915E-1,9.5E-1));
#1306=LINE('',#1305,#1304);
#1307=DIRECTION('',(-1.E0,0.E0,0.E0));
#1308=VECTOR('',#1307,3.158348162573E-2);
#1309=CARTESIAN_POINT('',(1.147630073E0,3.463127987535E-1,9.5E-1));
#1310=LINE('',#1309,#1308);
#1311=DIRECTION('',(0.E0,1.E0,0.E0));
#1312=VECTOR('',#1311,2.826484560143E-2);
#1313=CARTESIAN_POINT('',(1.116046591375E0,3.463127987535E-1,9.5E-1));
#1314=LINE('',#1313,#1312);
#1315=DIRECTION('',(1.E0,0.E0,0.E0));
#1316=VECTOR('',#1315,3.408939046098E-2);
#1317=CARTESIAN_POINT('',(1.116046591375E0,3.745776443549E-1,9.5E-1));
#1318=LINE('',#1317,#1316);
#1319=DIRECTION('',(0.E0,1.E0,0.E0));
#1320=VECTOR('',#1319,1.015908987228E-2);
#1321=CARTESIAN_POINT('',(1.150135981836E0,3.745776443549E-1,9.5E-1));
#1322=LINE('',#1321,#1320);
#1323=DIRECTION('',(-1.E0,0.E0,0.E0));
#1324=VECTOR('',#1323,4.549014687346E-2);
#1325=CARTESIAN_POINT('',(1.150135981836E0,3.847367342272E-1,9.5E-1));
#1326=LINE('',#1325,#1324);
#1327=DIRECTION('',(0.E0,-1.E0,0.E0));
#1328=VECTOR('',#1327,8.831635462556E-2);
#1329=CARTESIAN_POINT('',(1.104645834962E0,3.847367342272E-1,9.5E-1));
#1330=LINE('',#1329,#1328);
#1331=DIRECTION('',(1.E0,0.E0,0.E0));
#1332=VECTOR('',#1331,4.749938909310E-2);
#1333=CARTESIAN_POINT('',(1.104645834962E0,2.964203796017E-1,9.5E-1));
#1334=LINE('',#1333,#1332);
#1335=CARTESIAN_POINT('',(1.180229463614E0,3.745776443549E-1,9.5E-1));
#1336=CARTESIAN_POINT('',(1.184676887402E0,3.745776443549E-1,9.5E-1));
#1337=CARTESIAN_POINT('',(1.189124311191E0,3.745776443549E-1,9.5E-1));
#1338=CARTESIAN_POINT('',(1.193571734979E0,3.745776443549E-1,9.5E-1));
#1340=CARTESIAN_POINT('',(1.193052492608E0,3.064891664535E-1,9.5E-1));
#1341=CARTESIAN_POINT('',(1.202327294421E0,3.064891664535E-1,9.5E-1));
#1342=CARTESIAN_POINT('',(1.222806930575E0,3.121080848552E-1,9.5E-1));
#1343=CARTESIAN_POINT('',(1.231780316557E0,3.411450798744E-1,9.5E-1));
#1344=CARTESIAN_POINT('',(1.222493003687E0,3.698671961785E-1,9.5E-1));
#1345=CARTESIAN_POINT('',(1.202507682309E0,3.745776443550E-1,9.5E-1));
#1346=CARTESIAN_POINT('',(1.193571734979E0,3.745776443549E-1,9.5E-1));
#1348=CARTESIAN_POINT('',(1.193052492608E0,3.064891664535E-1,9.5E-1));
#1349=CARTESIAN_POINT('',(1.188778149610E0,3.064891664535E-1,9.5E-1));
#1350=CARTESIAN_POINT('',(1.184503806612E0,3.064891664535E-1,9.5E-1));
#1351=CARTESIAN_POINT('',(1.180229463614E0,3.064891664535E-1,9.5E-1));
#1353=CARTESIAN_POINT('',(1.180229463614E0,3.064891664535E-1,9.5E-1));
#1354=CARTESIAN_POINT('',(1.180229463614E0,3.291853257540E-1,9.5E-1));
#1355=CARTESIAN_POINT('',(1.180229463614E0,3.518814850545E-1,9.5E-1));
#1356=CARTESIAN_POINT('',(1.180229463614E0,3.745776443549E-1,9.5E-1));
#1358=CARTESIAN_POINT('',(1.168828707202E0,2.964203796017E-1,9.5E-1));
#1359=CARTESIAN_POINT('',(1.176925878093E0,2.964203796017E-1,9.5E-1));
#1360=CARTESIAN_POINT('',(1.185023048984E0,2.964203796017E-1,9.5E-1));
#1361=CARTESIAN_POINT('',(1.193120219875E0,2.964203796017E-1,9.5E-1));
#1363=CARTESIAN_POINT('',(1.194023250085E0,3.847367342272E-1,9.5E-1));
#1364=CARTESIAN_POINT('',(1.205815982292E0,3.847367342273E-1,9.5E-1));
#1365=CARTESIAN_POINT('',(1.230972952551E0,3.775489779117E-1,9.5E-1));
#1366=CARTESIAN_POINT('',(1.245469410435E0,3.412553265098E-1,9.5E-1));
#1367=CARTESIAN_POINT('',(1.231267584215E0,3.042526945909E-1,9.5E-1));
#1368=CARTESIAN_POINT('',(1.205272196705E0,2.964203796017E-1,9.5E-1));
#1369=CARTESIAN_POINT('',(1.193120219875E0,2.964203796017E-1,9.5E-1));
#1371=CARTESIAN_POINT('',(1.194023250085E0,3.847367342272E-1,9.5E-1));
#1372=CARTESIAN_POINT('',(1.185625069124E0,3.847367342272E-1,9.5E-1));
#1373=CARTESIAN_POINT('',(1.177226888163E0,3.847367342272E-1,9.5E-1));
#1374=CARTESIAN_POINT('',(1.168828707201E0,3.847367342272E-1,9.5E-1));
#1376=CARTESIAN_POINT('',(1.168828707201E0,3.847367342272E-1,9.5E-1));
#1377=CARTESIAN_POINT('',(1.168828707201E0,3.552979493520E-1,9.5E-1));
#1378=CARTESIAN_POINT('',(1.168828707202E0,3.258591644768E-1,9.5E-1));
#1379=CARTESIAN_POINT('',(1.168828707202E0,2.964203796017E-1,9.5E-1));
#1381=CARTESIAN_POINT('',(1.286628998212E0,3.672630996468E-1,9.5E-1));
#1382=CARTESIAN_POINT('',(1.285924447637E0,3.692655065469E-1,9.5E-1));
#1383=CARTESIAN_POINT('',(1.285469710545E0,3.713558755724E-1,9.5E-1));
#1384=CARTESIAN_POINT('',(1.285115513758E0,3.734488565906E-1,9.5E-1));
#1386=CARTESIAN_POINT('',(1.286628998212E0,3.672630996468E-1,9.5E-1));
#1387=CARTESIAN_POINT('',(1.291076422001E0,3.550270402890E-1,9.5E-1));
#1388=CARTESIAN_POINT('',(1.295523845790E0,3.427909809312E-1,9.5E-1));
#1389=CARTESIAN_POINT('',(1.299971269579E0,3.305549215735E-1,9.5E-1));
#1391=CARTESIAN_POINT('',(1.299971269579E0,3.305549215735E-1,9.5E-1));
#1392=CARTESIAN_POINT('',(1.290090614021E0,3.305549215735E-1,9.5E-1));
#1393=CARTESIAN_POINT('',(1.280209958464E0,3.305549215735E-1,9.5E-1));
#1394=CARTESIAN_POINT('',(1.270329302906E0,3.305549215735E-1,9.5E-1));
#1396=CARTESIAN_POINT('',(1.270329302906E0,3.305549215735E-1,9.5E-1));
#1397=CARTESIAN_POINT('',(1.274731575184E0,3.427909809312E-1,9.5E-1));
#1398=CARTESIAN_POINT('',(1.279133847462E0,3.550270402890E-1,9.5E-1));
#1399=CARTESIAN_POINT('',(1.283536119740E0,3.672630996468E-1,9.5E-1));
#1401=CARTESIAN_POINT('',(1.285115513758E0,3.734488565906E-1,9.5E-1));
#1402=CARTESIAN_POINT('',(1.284777216052E0,3.713478497846E-1,9.5E-1));
#1403=CARTESIAN_POINT('',(1.284283334427E0,3.692556721419E-1,9.5E-1));
#1404=CARTESIAN_POINT('',(1.283536119740E0,3.672630996468E-1,9.5E-1));
#1406=DIRECTION('',(-3.559357243710E-1,9.345104387413E-1,0.E0));
#1407=VECTOR('',#1406,9.450547684038E-2);
#1408=CARTESIAN_POINT('',(1.325098085198E0,2.964203796017E-1,9.5E-1));
#1409=LINE('',#1408,#1407);
#1410=DIRECTION('',(-1.E0,0.E0,0.E0));
#1411=VECTOR('',#1410,1.219090784703E-2);
#1412=CARTESIAN_POINT('',(1.291460209841E0,3.847367342272E-1,9.5E-1));
#1413=LINE('',#1412,#1411);
#1414=DIRECTION('',(-3.559357243682E-1,-9.345104387424E-1,0.E0));
#1415=VECTOR('',#1414,9.450547684028E-2);
#1416=CARTESIAN_POINT('',(1.279269301994E0,3.847367342272E-1,9.5E-1));
#1417=LINE('',#1416,#1415);
#1418=DIRECTION('',(1.E0,0.E0,0.E0));
#1419=VECTOR('',#1418,1.259727144156E-2);
#1420=CARTESIAN_POINT('',(1.245631426639E0,2.964203796017E-1,9.5E-1));
#1421=LINE('',#1420,#1419);
#1422=DIRECTION('',(3.315284184080E-1,9.434452330623E-1,0.E0));
#1423=VECTOR('',#1422,2.560409157262E-2);
#1424=CARTESIAN_POINT('',(1.258228698080E0,2.964203796017E-1,9.5E-1));
#1425=LINE('',#1424,#1423);
#1426=DIRECTION('',(1.E0,0.E0,0.E0));
#1427=VECTOR('',#1426,3.677590533867E-2);
#1428=CARTESIAN_POINT('',(1.266717182064E0,3.205764377427E-1,9.5E-1));
#1429=LINE('',#1428,#1427);
#1430=DIRECTION('',(3.493954794714E-1,-9.369753459537E-1,0.E0));
#1431=VECTOR('',#1430,2.578088980185E-2);
#1432=CARTESIAN_POINT('',(1.303493087403E0,3.205764377427E-1,9.5E-1));
#1433=LINE('',#1432,#1431);
#1434=DIRECTION('',(1.E0,0.E0,0.E0));
#1435=VECTOR('',#1434,1.259727144156E-2);
#1436=CARTESIAN_POINT('',(1.312500813756E0,2.964203796017E-1,9.5E-1));
#1437=LINE('',#1436,#1435);
#1438=CARTESIAN_POINT('',(7.255666306324E-1,4.662804499996E-1,9.5E-1));
#1439=CARTESIAN_POINT('',(7.186715529025E-1,4.850852335298E-1,9.5E-1));
#1440=CARTESIAN_POINT('',(6.889406468743E-1,5.286262064945E-1,9.5E-1));
#1441=CARTESIAN_POINT('',(6.104364147811E-1,5.587793600058E-1,9.5E-1));
#1442=CARTESIAN_POINT('',(5.389743820550E-1,5.355092671354E-1,9.5E-1));
#1443=CARTESIAN_POINT('',(5.111944112085E-1,5.067664963749E-1,9.5E-1));
#1444=CARTESIAN_POINT('',(5.032828648532E-1,4.964206231531E-1,9.5E-1));
#1446=CARTESIAN_POINT('',(5.032828648532E-1,4.964206231531E-1,9.5E-1));
#1447=CARTESIAN_POINT('',(4.984879602746E-1,4.970199890830E-1,9.5E-1));
#1448=CARTESIAN_POINT('',(4.677376837719E-1,5.004671683076E-1,9.5E-1));
#1449=CARTESIAN_POINT('',(4.087373087787E-1,4.751627363968E-1,9.5E-1));
#1450=CARTESIAN_POINT('',(3.769483666428E-1,3.974082173998E-1,9.5E-1));
#1451=CARTESIAN_POINT('',(4.044153436894E-1,3.259627842128E-1,9.5E-1));
#1452=CARTESIAN_POINT('',(4.448160133505E-1,3.022493740142E-1,9.5E-1));
#1453=CARTESIAN_POINT('',(4.637238759863E-1,2.973699293451E-1,9.5E-1));
#1455=CARTESIAN_POINT('',(4.637238759863E-1,2.973699293451E-1,9.5E-1));
#1456=CARTESIAN_POINT('',(4.712819850815E-1,2.741142124640E-1,9.5E-1));
#1457=CARTESIAN_POINT('',(5.294003926576E-1,2.292284382663E-1,9.5E-1));
#1458=CARTESIAN_POINT('',(5.872840852647E-1,2.900460426102E-1,9.5E-1));
#1459=CARTESIAN_POINT('',(5.861683305459E-1,3.216495171001E-1,9.5E-1));
#1460=CARTESIAN_POINT('',(5.861683305459E-1,3.237425845971E-1,9.5E-1));
#1462=CARTESIAN_POINT('',(5.861683305459E-1,3.237425845971E-1,9.5E-1));
#1463=CARTESIAN_POINT('',(6.154712755031E-1,3.392312832759E-1,9.5E-1));
#1464=CARTESIAN_POINT('',(6.447742204602E-1,3.547199819547E-1,9.5E-1));
#1465=CARTESIAN_POINT('',(6.740771654173E-1,3.702086806335E-1,9.5E-1));
#1467=CARTESIAN_POINT('',(6.740771654173E-1,3.702086806335E-1,9.5E-1));
#1468=CARTESIAN_POINT('',(6.675886593704E-1,3.813019407625E-1,9.5E-1));
#1469=CARTESIAN_POINT('',(6.611001533236E-1,3.923952008916E-1,9.5E-1));
#1470=CARTESIAN_POINT('',(6.546116472767E-1,4.034884610206E-1,9.5E-1));
#1472=CARTESIAN_POINT('',(6.546116472767E-1,4.034884610206E-1,9.5E-1));
#1473=CARTESIAN_POINT('',(6.265645436163E-1,3.888369885422E-1,9.5E-1));
#1474=CARTESIAN_POINT('',(5.985174399560E-1,3.741855160638E-1,9.5E-1));
#1475=CARTESIAN_POINT('',(5.704703362956E-1,3.595340435854E-1,9.5E-1));
#1477=CARTESIAN_POINT('',(5.704703362956E-1,3.595340435854E-1,9.5E-1));
#1478=CARTESIAN_POINT('',(5.592534650847E-1,3.726204012551E-1,9.5E-1));
#1479=CARTESIAN_POINT('',(5.165354907039E-1,3.934156044737E-1,9.5E-1));
#1480=CARTESIAN_POINT('',(4.726626474560E-1,3.619985732407E-1,9.5E-1));
#1481=CARTESIAN_POINT('',(4.643518165959E-1,3.394405908243E-1,9.5E-1));
#1483=CARTESIAN_POINT('',(4.643518165959E-1,3.394405908243E-1,9.5E-1));
#1484=CARTESIAN_POINT('',(4.434434830177E-1,3.489986884529E-1,9.5E-1));
#1485=CARTESIAN_POINT('',(4.032527929025E-1,4.043458290388E-1,9.5E-1));
#1486=CARTESIAN_POINT('',(4.714642797437E-1,4.706844308456E-1,9.5E-1));
#1487=CARTESIAN_POINT('',(5.128623732903E-1,4.565140901958E-1,9.5E-1));
#1488=CARTESIAN_POINT('',(5.227483949696E-1,4.505824797016E-1,9.5E-1));
#1490=CARTESIAN_POINT('',(5.227483949696E-1,4.505824797016E-1,9.5E-1));
#1491=CARTESIAN_POINT('',(5.338337496394E-1,4.832551121911E-1,9.5E-1));
#1492=CARTESIAN_POINT('',(6.118341443326E-1,5.439084784665E-1,9.5E-1));
#1493=CARTESIAN_POINT('',(6.903380403230E-1,4.714020707427E-1,9.5E-1));
#1494=CARTESIAN_POINT('',(6.947985288462E-1,4.323727589440E-1,9.5E-1));
#1496=CARTESIAN_POINT('',(6.947985288462E-1,4.323727589440E-1,9.5E-1));
#1497=CARTESIAN_POINT('',(6.964729812468E-1,4.323727589440E-1,9.5E-1));
#1498=CARTESIAN_POINT('',(7.211422938080E-1,4.332660189791E-1,9.5E-1));
#1499=CARTESIAN_POINT('',(7.731916751418E-1,3.848355271131E-1,9.5E-1));
#1500=CARTESIAN_POINT('',(7.257482451542E-1,3.360385837033E-1,9.5E-1));
#1501=CARTESIAN_POINT('',(7.035893979615E-1,3.344172096690E-1,9.5E-1));
#1503=CARTESIAN_POINT('',(7.035893979615E-1,3.344172096690E-1,9.5E-1));
#1504=CARTESIAN_POINT('',(6.941705942253E-1,3.344172096690E-1,9.5E-1));
#1505=CARTESIAN_POINT('',(6.847517904891E-1,3.344172096690E-1,9.5E-1));
#1506=CARTESIAN_POINT('',(6.753329867529E-1,3.344172096690E-1,9.5E-1));
#1508=CARTESIAN_POINT('',(6.753329867529E-1,3.344172096690E-1,9.5E-1));
#1509=CARTESIAN_POINT('',(6.740598271738E-1,3.344172096690E-1,9.5E-1));
#1510=CARTESIAN_POINT('',(6.639196930069E-1,3.379577878341E-1,9.5E-1));
#1511=CARTESIAN_POINT('',(6.422445776398E-1,3.152352390210E-1,9.5E-1));
#1512=CARTESIAN_POINT('',(6.614418906844E-1,2.966683099822E-1,9.5E-1));
#1513=CARTESIAN_POINT('',(6.703096535039E-1,2.961140840558E-1,9.5E-1));
#1515=CARTESIAN_POINT('',(6.703096535039E-1,2.961140840558E-1,9.5E-1));
#1516=CARTESIAN_POINT('',(6.814029096408E-1,2.961140840558E-1,9.5E-1));
#1517=CARTESIAN_POINT('',(6.924961657777E-1,2.961140840558E-1,9.5E-1));
#1518=CARTESIAN_POINT('',(7.035894219145E-1,2.961140840558E-1,9.5E-1));
#1520=CARTESIAN_POINT('',(7.035894219145E-1,2.961140840558E-1,9.5E-1));
#1521=CARTESIAN_POINT('',(7.042173405667E-1,2.961140840558E-1,9.5E-1));
#1522=CARTESIAN_POINT('',(7.048452592189E-1,2.961140840558E-1,9.5E-1));
#1523=CARTESIAN_POINT('',(7.054731778711E-1,2.961140840558E-1,9.5E-1));
#1525=CARTESIAN_POINT('',(7.054731778711E-1,2.961140840558E-1,9.5E-1));
#1526=CARTESIAN_POINT('',(7.061010965233E-1,2.961140840558E-1,9.5E-1));
#1527=CARTESIAN_POINT('',(7.067290151756E-1,2.961140840558E-1,9.5E-1));
#1528=CARTESIAN_POINT('',(7.073569338279E-1,2.961140840558E-1,9.5E-1));
#1530=CARTESIAN_POINT('',(7.073569338279E-1,2.961140840558E-1,9.5E-1));
#1531=CARTESIAN_POINT('',(7.285278043819E-1,2.979287254883E-1,9.5E-1));
#1532=CARTESIAN_POINT('',(7.705022641621E-1,3.189027603824E-1,9.5E-1));
#1533=CARTESIAN_POINT('',(8.034115562407E-1,3.968160748157E-1,9.5E-1));
#1534=CARTESIAN_POINT('',(7.583397303988E-1,4.559310489185E-1,9.5E-1));
#1535=CARTESIAN_POINT('',(7.255666306324E-1,4.662804499996E-1,9.5E-1));
#1537=DIRECTION('',(0.E0,0.E0,1.E0));
#1538=VECTOR('',#1537,9.999999999999E-4);
#1539=CARTESIAN_POINT('',(-1.04465E0,-3.899E-1,9.5E-1));
#1540=LINE('',#1539,#1538);
#1541=DIRECTION('',(0.E0,0.E0,1.E0));
#1542=VECTOR('',#1541,9.999999999999E-4);
#1543=CARTESIAN_POINT('',(-1.27655E0,-3.899E-1,9.5E-1));
#1544=LINE('',#1543,#1542);
#1545=CARTESIAN_POINT('',(-1.1606E0,-3.899E-1,9.51E-1));
#1546=DIRECTION('',(0.E0,0.E0,1.E0));
#1547=DIRECTION('',(1.E0,0.E0,0.E0));
#1548=AXIS2_PLACEMENT_3D('',#1545,#1546,#1547);
#1550=CARTESIAN_POINT('',(-1.1606E0,-3.899E-1,9.51E-1));
#1551=DIRECTION('',(0.E0,0.E0,1.E0));
#1552=DIRECTION('',(-1.E0,0.E0,0.E0));
#1553=AXIS2_PLACEMENT_3D('',#1550,#1551,#1552);
#1555=CARTESIAN_POINT('',(5.227483829931E-1,3.168354235318E-1,9.51E-1));
#1556=DIRECTION('',(0.E0,0.E0,-1.E0));
#1557=DIRECTION('',(1.E0,0.E0,0.E0));
#1558=AXIS2_PLACEMENT_3D('',#1555,#1556,#1557);
#1560=CARTESIAN_POINT('',(5.227483829931E-1,3.168354235318E-1,9.51E-1));
#1561=DIRECTION('',(0.E0,0.E0,-1.E0));
#1562=DIRECTION('',(-1.E0,0.E0,0.E0));
#1563=AXIS2_PLACEMENT_3D('',#1560,#1561,#1562);
#1565=DIRECTION('',(0.E0,1.E0,0.E0));
#1566=VECTOR('',#1565,1.006878685181E-2);
#1567=CARTESIAN_POINT('',(9.066338854674E-1,4.365255168222E-1,9.51E-1));
#1568=LINE('',#1567,#1566);
#1569=DIRECTION('',(1.E0,0.E0,0.E0));
#1570=VECTOR('',#1569,4.657378312695E-2);
#1571=CARTESIAN_POINT('',(8.600601023405E-1,4.365255168222E-1,9.51E-1));
#1572=LINE('',#1571,#1570);
#1573=DIRECTION('',(0.E0,-1.E0,0.E0));
#1574=VECTOR('',#1573,8.831635462556E-2);
#1575=CARTESIAN_POINT('',(8.600601023405E-1,5.248418714478E-1,9.51E-1));
#1576=LINE('',#1575,#1574);
#1577=DIRECTION('',(-1.E0,0.E0,0.E0));
#1578=VECTOR('',#1577,1.140075641249E-2);
#1579=CARTESIAN_POINT('',(8.714608587530E-1,5.248418714478E-1,9.51E-1));
#1580=LINE('',#1579,#1578);
#1581=DIRECTION('',(0.E0,1.E0,0.E0));
#1582=VECTOR('',#1581,7.824756777376E-2);
#1583=CARTESIAN_POINT('',(8.714608587530E-1,4.465943036740E-1,9.51E-1));
#1584=LINE('',#1583,#1582);
#1585=DIRECTION('',(-1.E0,0.E0,0.E0));
#1586=VECTOR('',#1585,3.517302671446E-2);
#1587=CARTESIAN_POINT('',(9.066338854674E-1,4.465943036740E-1,9.51E-1));
#1588=LINE('',#1587,#1586);
#1589=CARTESIAN_POINT('',(9.763703935040E-1,4.401827891766E-1,9.51E-1));
#1590=CARTESIAN_POINT('',(9.763703935040E-1,4.438250110272E-1,9.51E-1));
#1591=CARTESIAN_POINT('',(9.763703935040E-1,4.474672328777E-1,9.51E-1));
#1592=CARTESIAN_POINT('',(9.763703935040E-1,4.511094547283E-1,9.51E-1));
#1594=CARTESIAN_POINT('',(9.763703935040E-1,5.227197504523E-1,9.51E-1));
#1595=CARTESIAN_POINT('',(9.698775589061E-1,5.255404081060E-1,9.51E-1));
#1596=CARTESIAN_POINT('',(9.509274734632E-1,5.284464370645E-1,9.51E-1));
#1597=CARTESIAN_POINT('',(9.183608757960E-1,5.16999633E-1,9.51E-1));
#1598=CARTESIAN_POINT('',(9.064256719212E-1,4.800540013129E-1,9.51E-1));
#1599=CARTESIAN_POINT('',(9.171508626928E-1,4.434671230903E-1,9.51E-1));
#1600=CARTESIAN_POINT('',(9.494835021771E-1,4.325346239321E-1,9.51E-1));
#1601=CARTESIAN_POINT('',(9.690047989139E-1,4.362953920312E-1,9.51E-1));
#1602=CARTESIAN_POINT('',(9.763703935040E-1,4.401827891766E-1,9.51E-1));
#1604=CARTESIAN_POINT('',(9.763703935040E-1,5.107997516687E-1,9.51E-1));
#1605=CARTESIAN_POINT('',(9.763703935040E-1,5.147730845966E-1,9.51E-1));
#1606=CARTESIAN_POINT('',(9.763703935040E-1,5.187464175244E-1,9.51E-1));
#1607=CARTESIAN_POINT('',(9.763703935040E-1,5.227197504523E-1,9.51E-1));
#1609=CARTESIAN_POINT('',(9.763703935040E-1,4.511094547283E-1,9.51E-1));
#1610=CARTESIAN_POINT('',(9.696622646972E-1,4.470282854541E-1,9.51E-1));
#1611=CARTESIAN_POINT('',(9.533940057675E-1,4.425593449342E-1,9.51E-1));
#1612=CARTESIAN_POINT('',(9.271281995603E-1,4.520938762019E-1,9.51E-1));
#1613=CARTESIAN_POINT('',(9.195364088828E-1,4.802449344478E-1,9.51E-1));
#1614=CARTESIAN_POINT('',(9.275851276376E-1,5.087328352751E-1,9.51E-1));
#1615=CARTESIAN_POINT('',(9.542008625374E-1,5.186001349089E-1,9.51E-1));
#1616=CARTESIAN_POINT('',(9.701203958550E-1,5.142818932153E-1,9.51E-1));
#1617=CARTESIAN_POINT('',(9.763703935040E-1,5.107997516687E-1,9.51E-1));
#1619=DIRECTION('',(0.E0,1.E0,0.E0));
#1620=VECTOR('',#1619,1.006878685181E-2);
#1621=CARTESIAN_POINT('',(1.041546598975E0,4.365255168222E-1,9.51E-1));
#1622=LINE('',#1621,#1620);
#1623=DIRECTION('',(1.E0,0.E0,0.E0));
#1624=VECTOR('',#1623,4.749938909310E-2);
#1625=CARTESIAN_POINT('',(9.940472098823E-1,4.365255168222E-1,9.51E-1));
#1626=LINE('',#1625,#1624);
#1627=DIRECTION('',(0.E0,-1.E0,0.E0));
#1628=VECTOR('',#1627,8.831635462556E-2);
#1629=CARTESIAN_POINT('',(9.940472098823E-1,5.248418714478E-1,9.51E-1));
#1630=LINE('',#1629,#1628);
#1631=DIRECTION('',(-1.E0,0.E0,0.E0));
#1632=VECTOR('',#1631,4.549014687346E-2);
#1633=CARTESIAN_POINT('',(1.039537356756E0,5.248418714478E-1,9.51E-1));
#1634=LINE('',#1633,#1632);
#1635=DIRECTION('',(0.E0,1.E0,0.E0));
#1636=VECTOR('',#1635,1.015908987228E-2);
#1637=CARTESIAN_POINT('',(1.039537356756E0,5.146827815755E-1,9.51E-1));
#1638=LINE('',#1637,#1636);
#1639=DIRECTION('',(1.E0,0.E0,0.E0));
#1640=VECTOR('',#1639,3.408939046098E-2);
#1641=CARTESIAN_POINT('',(1.005447966295E0,5.146827815755E-1,9.51E-1));
#1642=LINE('',#1641,#1640);
#1643=DIRECTION('',(0.E0,1.E0,0.E0));
#1644=VECTOR('',#1643,2.826484560143E-2);
#1645=CARTESIAN_POINT('',(1.005447966295E0,4.864179359741E-1,9.51E-1));
#1646=LINE('',#1645,#1644);
#1647=DIRECTION('',(-1.E0,0.E0,0.E0));
#1648=VECTOR('',#1647,3.158348162573E-2);
#1649=CARTESIAN_POINT('',(1.037031447920E0,4.864179359741E-1,9.51E-1));
#1650=LINE('',#1649,#1648);
#1651=DIRECTION('',(0.E0,1.E0,0.E0));
#1652=VECTOR('',#1651,1.011393836204E-2);
#1653=CARTESIAN_POINT('',(1.037031447920E0,4.763039976120E-1,9.51E-1));
#1654=LINE('',#1653,#1652);
#1655=DIRECTION('',(1.E0,0.E0,0.E0));
#1656=VECTOR('',#1655,3.158348162573E-2);
#1657=CARTESIAN_POINT('',(1.005447966295E0,4.763039976120E-1,9.51E-1));
#1658=LINE('',#1657,#1656);
#1659=DIRECTION('',(0.E0,1.E0,0.E0));
#1660=VECTOR('',#1659,2.970969393801E-2);
#1661=CARTESIAN_POINT('',(1.005447966295E0,4.465943036740E-1,9.51E-1));
#1662=LINE('',#1661,#1660);
#1663=DIRECTION('',(-1.E0,0.E0,0.E0));
#1664=VECTOR('',#1663,3.609863268062E-2);
#1665=CARTESIAN_POINT('',(1.041546598975E0,4.465943036740E-1,9.51E-1));
#1666=LINE('',#1665,#1664);
#1667=CARTESIAN_POINT('',(1.069630838534E0,5.146827815755E-1,9.51E-1));
#1668=CARTESIAN_POINT('',(1.074078262322E0,5.146827815755E-1,9.51E-1));
#1669=CARTESIAN_POINT('',(1.078525686111E0,5.146827815755E-1,9.51E-1));
#1670=CARTESIAN_POINT('',(1.082973109899E0,5.146827815755E-1,9.51E-1));
#1672=CARTESIAN_POINT('',(1.069630838535E0,4.465943036740E-1,9.51E-1));
#1673=CARTESIAN_POINT('',(1.069630838534E0,4.692904629745E-1,9.51E-1));
#1674=CARTESIAN_POINT('',(1.069630838534E0,4.919866222750E-1,9.51E-1));
#1675=CARTESIAN_POINT('',(1.069630838534E0,5.146827815755E-1,9.51E-1));
#1677=CARTESIAN_POINT('',(1.082453867529E0,4.465943036740E-1,9.51E-1));
#1678=CARTESIAN_POINT('',(1.078179524531E0,4.465943036740E-1,9.51E-1));
#1679=CARTESIAN_POINT('',(1.073905181533E0,4.465943036740E-1,9.51E-1));
#1680=CARTESIAN_POINT('',(1.069630838535E0,4.465943036740E-1,9.51E-1));
#1682=CARTESIAN_POINT('',(1.082973109899E0,5.146827815755E-1,9.51E-1));
#1683=CARTESIAN_POINT('',(1.091909057229E0,5.146827815756E-1,9.51E-1));
#1684=CARTESIAN_POINT('',(1.111894378608E0,5.099723333993E-1,9.51E-1));
#1685=CARTESIAN_POINT('',(1.121181691479E0,4.812502170948E-1,9.51E-1));
#1686=CARTESIAN_POINT('',(1.112208305495E0,4.522132220760E-1,9.51E-1));
#1687=CARTESIAN_POINT('',(1.091728669341E0,4.465943036741E-1,9.51E-1));
#1688=CARTESIAN_POINT('',(1.082453867529E0,4.465943036740E-1,9.51E-1));
#1690=CARTESIAN_POINT('',(1.058230082122E0,4.365255168222E-1,9.51E-1));
#1691=CARTESIAN_POINT('',(1.066327253013E0,4.365255168222E-1,9.51E-1));
#1692=CARTESIAN_POINT('',(1.074424423904E0,4.365255168222E-1,9.51E-1));
#1693=CARTESIAN_POINT('',(1.082521594795E0,4.365255168222E-1,9.51E-1));
#1695=CARTESIAN_POINT('',(1.058230082121E0,5.248418714478E-1,9.51E-1));
#1696=CARTESIAN_POINT('',(1.058230082121E0,4.954030865726E-1,9.51E-1));
#1697=CARTESIAN_POINT('',(1.058230082122E0,4.659643016974E-1,9.51E-1));
#1698=CARTESIAN_POINT('',(1.058230082122E0,4.365255168222E-1,9.51E-1));
#1700=CARTESIAN_POINT('',(1.083424625006E0,5.248418714478E-1,9.51E-1));
#1701=CARTESIAN_POINT('',(1.075026444044E0,5.248418714478E-1,9.51E-1));
#1702=CARTESIAN_POINT('',(1.066628263083E0,5.248418714478E-1,9.51E-1));
#1703=CARTESIAN_POINT('',(1.058230082121E0,5.248418714478E-1,9.51E-1));
#1705=CARTESIAN_POINT('',(1.082521594795E0,4.365255168222E-1,9.51E-1));
#1706=CARTESIAN_POINT('',(1.094673571626E0,4.365255168223E-1,9.51E-1));
#1707=CARTESIAN_POINT('',(1.120668959136E0,4.443578318105E-1,9.51E-1));
#1708=CARTESIAN_POINT('',(1.134870785354E0,4.813604637304E-1,9.51E-1));
#1709=CARTESIAN_POINT('',(1.120374327471E0,5.176541151317E-1,9.51E-1));
#1710=CARTESIAN_POINT('',(1.095217357212E0,5.248418714479E-1,9.51E-1));
#1711=CARTESIAN_POINT('',(1.083424625006E0,5.248418714478E-1,9.51E-1));
#1713=CARTESIAN_POINT('',(1.174522466997E0,5.135539938118E-1,9.51E-1));
#1714=CARTESIAN_POINT('',(1.174876590175E0,5.114614477584E-1,9.51E-1));
#1715=CARTESIAN_POINT('',(1.175325968977E0,5.093702276250E-1,9.51E-1));
#1716=CARTESIAN_POINT('',(1.176030373133E0,5.073682368667E-1,9.51E-1));
#1718=CARTESIAN_POINT('',(1.172937494661E0,5.073682368667E-1,9.51E-1));
#1719=CARTESIAN_POINT('',(1.173684871134E0,5.093612407960E-1,9.51E-1));
#1720=CARTESIAN_POINT('',(1.174184096042E0,5.114525320939E-1,9.51E-1));
#1721=CARTESIAN_POINT('',(1.174522466997E0,5.135539938118E-1,9.51E-1));
#1723=CARTESIAN_POINT('',(1.159730677826E0,4.706600587934E-1,9.51E-1));
#1724=CARTESIAN_POINT('',(1.164132950104E0,4.828961181512E-1,9.51E-1));
#1725=CARTESIAN_POINT('',(1.168535222382E0,4.951321775090E-1,9.51E-1));
#1726=CARTESIAN_POINT('',(1.172937494661E0,5.073682368667E-1,9.51E-1));
#1728=CARTESIAN_POINT('',(1.189372644499E0,4.706600587934E-1,9.51E-1));
#1729=CARTESIAN_POINT('',(1.179491988941E0,4.706600587934E-1,9.51E-1));
#1730=CARTESIAN_POINT('',(1.169611333384E0,4.706600587934E-1,9.51E-1));
#1731=CARTESIAN_POINT('',(1.159730677826E0,4.706600587934E-1,9.51E-1));
#1733=CARTESIAN_POINT('',(1.176030373133E0,5.073682368667E-1,9.51E-1));
#1734=CARTESIAN_POINT('',(1.180477796922E0,4.951321775090E-1,9.51E-1));
#1735=CARTESIAN_POINT('',(1.184925220710E0,4.828961181512E-1,9.51E-1));
#1736=CARTESIAN_POINT('',(1.189372644499E0,4.706600587934E-1,9.51E-1));
#1738=DIRECTION('',(-3.559357243710E-1,9.345104387413E-1,0.E0));
#1739=VECTOR('',#1738,9.450547684038E-2);
#1740=CARTESIAN_POINT('',(1.214499460118E0,4.365255168222E-1,9.51E-1));
#1741=LINE('',#1740,#1739);
#1742=DIRECTION('',(1.E0,0.E0,0.E0));
#1743=VECTOR('',#1742,1.259727144156E-2);
#1744=CARTESIAN_POINT('',(1.201902188676E0,4.365255168222E-1,9.51E-1));
#1745=LINE('',#1744,#1743);
#1746=DIRECTION('',(3.493954794713E-1,-9.369753459537E-1,0.E0));
#1747=VECTOR('',#1746,2.578088980185E-2);
#1748=CARTESIAN_POINT('',(1.192894462323E0,4.606815749633E-1,9.51E-1));
#1749=LINE('',#1748,#1747);
#1750=DIRECTION('',(1.E0,0.E0,0.E0));
#1751=VECTOR('',#1750,3.677590533867E-2);
#1752=CARTESIAN_POINT('',(1.156118556984E0,4.606815749633E-1,9.51E-1));
#1753=LINE('',#1752,#1751);
#1754=DIRECTION('',(3.315284184080E-1,9.434452330623E-1,0.E0));
#1755=VECTOR('',#1754,2.560409157262E-2);
#1756=CARTESIAN_POINT('',(1.147630073E0,4.365255168222E-1,9.51E-1));
#1757=LINE('',#1756,#1755);
#1758=DIRECTION('',(1.E0,0.E0,0.E0));
#1759=VECTOR('',#1758,1.259727144156E-2);
#1760=CARTESIAN_POINT('',(1.135032801559E0,4.365255168222E-1,9.51E-1));
#1761=LINE('',#1760,#1759);
#1762=DIRECTION('',(-3.559357243682E-1,-9.345104387424E-1,0.E0));
#1763=VECTOR('',#1762,9.450547684028E-2);
#1764=CARTESIAN_POINT('',(1.168670676915E0,5.248418714478E-1,9.51E-1));
#1765=LINE('',#1764,#1763);
#1766=DIRECTION('',(-1.E0,0.E0,0.E0));
#1767=VECTOR('',#1766,1.219090784703E-2);
#1768=CARTESIAN_POINT('',(1.180861584762E0,5.248418714478E-1,9.51E-1));
#1769=LINE('',#1768,#1767);
#1770=DIRECTION('',(0.E0,1.E0,0.E0));
#1771=VECTOR('',#1770,1.006878685181E-2);
#1772=CARTESIAN_POINT('',(9.075594914336E-1,2.964203796017E-1,9.51E-1));
#1773=LINE('',#1772,#1771);
#1774=DIRECTION('',(1.E0,0.E0,0.E0));
#1775=VECTOR('',#1774,4.749938909310E-2);
#1776=CARTESIAN_POINT('',(8.600601023405E-1,2.964203796017E-1,9.51E-1));
#1777=LINE('',#1776,#1775);
#1778=DIRECTION('',(0.E0,-1.E0,0.E0));
#1779=VECTOR('',#1778,8.831635462556E-2);
#1780=CARTESIAN_POINT('',(8.600601023405E-1,3.847367342272E-1,9.51E-1));
#1781=LINE('',#1780,#1779);
#1782=DIRECTION('',(-1.E0,0.E0,0.E0));
#1783=VECTOR('',#1782,4.549014687346E-2);
#1784=CARTESIAN_POINT('',(9.055502492139E-1,3.847367342272E-1,9.51E-1));
#1785=LINE('',#1784,#1783);
#1786=DIRECTION('',(0.E0,1.E0,0.E0));
#1787=VECTOR('',#1786,1.015908987228E-2);
#1788=CARTESIAN_POINT('',(9.055502492139E-1,3.745776443549E-1,9.51E-1));
#1789=LINE('',#1788,#1787);
#1790=DIRECTION('',(1.E0,0.E0,0.E0));
#1791=VECTOR('',#1790,3.408939046097E-2);
#1792=CARTESIAN_POINT('',(8.714608587530E-1,3.745776443549E-1,9.51E-1));
#1793=LINE('',#1792,#1791);
#1794=DIRECTION('',(0.E0,1.E0,0.E0));
#1795=VECTOR('',#1794,2.826484560143E-2);
#1796=CARTESIAN_POINT('',(8.714608587530E-1,3.463127987535E-1,9.51E-1));
#1797=LINE('',#1796,#1795);
#1798=DIRECTION('',(-1.E0,0.E0,0.E0));
#1799=VECTOR('',#1798,3.158348162573E-2);
#1800=CARTESIAN_POINT('',(9.030443403787E-1,3.463127987535E-1,9.51E-1));
#1801=LINE('',#1800,#1799);
#1802=DIRECTION('',(0.E0,1.E0,0.E0));
#1803=VECTOR('',#1802,1.011393836204E-2);
#1804=CARTESIAN_POINT('',(9.030443403787E-1,3.361988603915E-1,9.51E-1));
#1805=LINE('',#1804,#1803);
#1806=DIRECTION('',(1.E0,0.E0,0.E0));
#1807=VECTOR('',#1806,3.158348162573E-2);
#1808=CARTESIAN_POINT('',(8.714608587530E-1,3.361988603915E-1,9.51E-1));
#1809=LINE('',#1808,#1807);
#1810=DIRECTION('',(0.E0,1.E0,0.E0));
#1811=VECTOR('',#1810,2.970969393801E-2);
#1812=CARTESIAN_POINT('',(8.714608587530E-1,3.064891664535E-1,9.51E-1));
#1813=LINE('',#1812,#1811);
#1814=DIRECTION('',(-1.E0,0.E0,0.E0));
#1815=VECTOR('',#1814,3.609863268061E-2);
#1816=CARTESIAN_POINT('',(9.075594914336E-1,3.064891664535E-1,9.51E-1));
#1817=LINE('',#1816,#1815);
#1818=CARTESIAN_POINT('',(9.430034272112E-1,3.260849220294E-1,9.51E-1));
#1819=CARTESIAN_POINT('',(9.479249418606E-1,3.267471441842E-1,9.51E-1));
#1820=CARTESIAN_POINT('',(9.528464565099E-1,3.274093663389E-1,9.51E-1));
#1821=CARTESIAN_POINT('',(9.577679711592E-1,3.280715884937E-1,9.51E-1));
#1823=CARTESIAN_POINT('',(9.577679711592E-1,3.220212860805E-1,9.51E-1));
#1824=CARTESIAN_POINT('',(9.577679711592E-1,3.174500440425E-1,9.51E-1));
#1825=CARTESIAN_POINT('',(9.546780483574E-1,3.078902841443E-1,9.51E-1));
#1826=CARTESIAN_POINT('',(9.425487362961E-1,3.027416940986E-1,9.51E-1));
#1827=CARTESIAN_POINT('',(9.318917232067E-1,3.056113047823E-1,9.51E-1));
#1828=CARTESIAN_POINT('',(9.282550666850E-1,3.143159228556E-1,9.51E-1));
#1829=CARTESIAN_POINT('',(9.317420521139E-1,3.242996493392E-1,9.51E-1));
#1830=CARTESIAN_POINT('',(9.392453928049E-1,3.255597818505E-1,9.51E-1));
#1831=CARTESIAN_POINT('',(9.430034272112E-1,3.260849220294E-1,9.51E-1));
#1833=CARTESIAN_POINT('',(9.577679711592E-1,3.280715884937E-1,9.51E-1));
#1834=CARTESIAN_POINT('',(9.577679711592E-1,3.260548210226E-1,9.51E-1));
#1835=CARTESIAN_POINT('',(9.577679711592E-1,3.240380535516E-1,9.51E-1));
#1836=CARTESIAN_POINT('',(9.577679711592E-1,3.220212860805E-1,9.51E-1));
#1838=CARTESIAN_POINT('',(9.577679711592E-1,3.061731058794E-1,9.51E-1));
#1839=CARTESIAN_POINT('',(9.577679711592E-1,3.029221971202E-1,9.51E-1));
#1840=CARTESIAN_POINT('',(9.577679711592E-1,2.996712883609E-1,9.51E-1));
#1841=CARTESIAN_POINT('',(9.577679711592E-1,2.964203796017E-1,9.51E-1));
#1843=CARTESIAN_POINT('',(9.390752457933E-1,3.338961333544E-1,9.51E-1));
#1844=CARTESIAN_POINT('',(9.293827118772E-1,3.325473341358E-1,9.51E-1));
#1845=CARTESIAN_POINT('',(9.134952003821E-1,3.187553051586E-1,9.51E-1));
#1846=CARTESIAN_POINT('',(9.222931814130E-1,2.978244720770E-1,9.51E-1));
#1847=CARTESIAN_POINT('',(9.406750646706E-1,2.923113119828E-1,9.51E-1));
#1848=CARTESIAN_POINT('',(9.539799859811E-1,2.996569862980E-1,9.51E-1));
#1849=CARTESIAN_POINT('',(9.577679711592E-1,3.061731058794E-1,9.51E-1));
#1851=CARTESIAN_POINT('',(9.577679711589E-1,3.365149209655E-1,9.51E-1));
#1852=CARTESIAN_POINT('',(9.515370627037E-1,3.356419917618E-1,9.51E-1));
#1853=CARTESIAN_POINT('',(9.453061542485E-1,3.347690625581E-1,9.51E-1));
#1854=CARTESIAN_POINT('',(9.390752457933E-1,3.338961333544E-1,9.51E-1));
#1856=CARTESIAN_POINT('',(9.243107018451E-1,3.443261322893E-1,9.51E-1));
#1857=CARTESIAN_POINT('',(9.300156782437E-1,3.489562580622E-1,9.51E-1));
#1858=CARTESIAN_POINT('',(9.447719802074E-1,3.581382412712E-1,9.51E-1));
#1859=CARTESIAN_POINT('',(9.577679711589E-1,3.431959376306E-1,9.51E-1));
#1860=CARTESIAN_POINT('',(9.577679711589E-1,3.365149209655E-1,9.51E-1));
#1862=CARTESIAN_POINT('',(9.243107018451E-1,3.550721917995E-1,9.51E-1));
#1863=CARTESIAN_POINT('',(9.243107018451E-1,3.514901719627E-1,9.51E-1));
#1864=CARTESIAN_POINT('',(9.243107018451E-1,3.479081521260E-1,9.51E-1));
#1865=CARTESIAN_POINT('',(9.243107018451E-1,3.443261322893E-1,9.51E-1));
#1867=CARTESIAN_POINT('',(9.688300912425E-1,3.370115875811E-1,9.51E-1));
#1868=CARTESIAN_POINT('',(9.688300912425E-1,3.480295944255E-1,9.51E-1));
#1869=CARTESIAN_POINT('',(9.495586197064E-1,3.667177369299E-1,9.51E-1));
#1870=CARTESIAN_POINT('',(9.306608376475E-1,3.590610857692E-1,9.51E-1));
#1871=CARTESIAN_POINT('',(9.243107018451E-1,3.550721917995E-1,9.51E-1));
#1873=CARTESIAN_POINT('',(9.688300912428E-1,2.964203796017E-1,9.51E-1));
#1874=CARTESIAN_POINT('',(9.688300912427E-1,3.099507822615E-1,9.51E-1));
#1875=CARTESIAN_POINT('',(9.688300912426E-1,3.234811849213E-1,9.51E-1));
#1876=CARTESIAN_POINT('',(9.688300912425E-1,3.370115875811E-1,9.51E-1));
#1878=CARTESIAN_POINT('',(9.577679711592E-1,2.964203796017E-1,9.51E-1));
#1879=CARTESIAN_POINT('',(9.614553445204E-1,2.964203796017E-1,9.51E-1));
#1880=CARTESIAN_POINT('',(9.651427178816E-1,2.964203796017E-1,9.51E-1));
#1881=CARTESIAN_POINT('',(9.688300912428E-1,2.964203796017E-1,9.51E-1));
#1883=CARTESIAN_POINT('',(9.838203927437E-1,3.100561357862E-1,9.51E-1));
#1884=CARTESIAN_POINT('',(9.838203927437E-1,3.062483583969E-1,9.51E-1));
#1885=CARTESIAN_POINT('',(9.838203927437E-1,3.024405810076E-1,9.51E-1));
#1886=CARTESIAN_POINT('',(9.838203927437E-1,2.986328036183E-1,9.51E-1));
#1888=CARTESIAN_POINT('',(1.023395691737E0,3.581424945160E-1,9.51E-1));
#1889=CARTESIAN_POINT('',(1.018709093744E0,3.600722701604E-1,9.51E-1));
#1890=CARTESIAN_POINT('',(1.007611567497E0,3.619527641746E-1,9.51E-1));
#1891=CARTESIAN_POINT('',(9.904103382556E-1,3.587723473916E-1,9.51E-1));
#1892=CARTESIAN_POINT('',(9.820561022542E-1,3.441722410615E-1,9.51E-1));
#1893=CARTESIAN_POINT('',(9.867689448136E-1,3.297693197824E-1,9.51E-1));
#1894=CARTESIAN_POINT('',(9.995856141771E-1,3.239660448418E-1,9.51E-1));
#1895=CARTESIAN_POINT('',(1.011347075043E0,3.212686702816E-1,9.51E-1));
#1896=CARTESIAN_POINT('',(1.018051982302E0,3.091167120204E-1,9.51E-1));
#1897=CARTESIAN_POINT('',(9.992840011351E-1,3.006641627547E-1,9.51E-1));
#1898=CARTESIAN_POINT('',(9.890114722617E-1,3.063185585332E-1,9.51E-1));
#1899=CARTESIAN_POINT('',(9.838203927437E-1,3.100561357862E-1,9.51E-1));
#1901=CARTESIAN_POINT('',(1.023395691737E0,3.473964350064E-1,9.51E-1));
#1902=CARTESIAN_POINT('',(1.023395691737E0,3.509784548429E-1,9.51E-1));
#1903=CARTESIAN_POINT('',(1.023395691737E0,3.545604746794E-1,9.51E-1));
#1904=CARTESIAN_POINT('',(1.023395691737E0,3.581424945160E-1,9.51E-1));
#1906=CARTESIAN_POINT('',(9.838203927437E-1,2.986328036183E-1,9.51E-1));
#1907=CARTESIAN_POINT('',(9.890403795139E-1,2.960228102330E-1,9.51E-1));
#1908=CARTESIAN_POINT('',(1.001277116119E0,2.938775378744E-1,9.51E-1));
#1909=CARTESIAN_POINT('',(1.019720872786E0,2.967909233407E-1,9.51E-1));
#1910=CARTESIAN_POINT('',(1.028476614806E0,3.120578184544E-1,9.51E-1));
#1911=CARTESIAN_POINT('',(1.022892470906E0,3.268026193748E-1,9.51E-1));
#1912=CARTESIAN_POINT('',(1.009982557628E0,3.319890051103E-1,9.51E-1));
#1913=CARTESIAN_POINT('',(9.982725234080E-1,3.351377201737E-1,9.51E-1));
#1914=CARTESIAN_POINT('',(9.940682184284E-1,3.437040433461E-1,9.51E-1));
#1915=CARTESIAN_POINT('',(9.986080735864E-1,3.511435029604E-1,9.51E-1));
#1916=CARTESIAN_POINT('',(1.010106039673E0,3.528024986006E-1,9.51E-1));
#1917=CARTESIAN_POINT('',(1.018719346439E0,3.503946659633E-1,9.51E-1));
#1918=CARTESIAN_POINT('',(1.023395691737E0,3.473964350064E-1,9.51E-1));
#1920=CARTESIAN_POINT('',(1.062525313957E0,3.068955300480E-1,9.51E-1));
#1921=CARTESIAN_POINT('',(1.062026701230E0,3.086263379522E-1,9.51E-1));
#1922=CARTESIAN_POINT('',(1.061528088503E0,3.103571458564E-1,9.51E-1));
#1923=CARTESIAN_POINT('',(1.061029475775E0,3.120879537606E-1,9.51E-1));
#1925=CARTESIAN_POINT('',(1.064032051227E0,3.119976507395E-1,9.51E-1));
#1926=CARTESIAN_POINT('',(1.063512975903E0,3.103020046804E-1,9.51E-1));
#1927=CARTESIAN_POINT('',(1.062860200333E0,3.086369392087E-1,9.51E-1));
#1928=CARTESIAN_POINT('',(1.062525313957E0,3.068955300480E-1,9.51E-1));
#1930=CARTESIAN_POINT('',(1.081257352500E0,3.594970398327E-1,9.51E-1));
#1931=CARTESIAN_POINT('',(1.075515585409E0,3.436639101350E-1,9.51E-1));
#1932=CARTESIAN_POINT('',(1.069773818318E0,3.278307804373E-1,9.51E-1));
#1933=CARTESIAN_POINT('',(1.064032051227E0,3.119976507395E-1,9.51E-1));
#1935=CARTESIAN_POINT('',(1.092725836178E0,3.594970398327E-1,9.51E-1));
#1936=CARTESIAN_POINT('',(1.088903008285E0,3.594970398327E-1,9.51E-1));
#1937=CARTESIAN_POINT('',(1.085080180393E0,3.594970398327E-1,9.51E-1));
#1938=CARTESIAN_POINT('',(1.081257352500E0,3.594970398327E-1,9.51E-1));
#1940=CARTESIAN_POINT('',(1.064099778493E0,2.868934108769E-1,9.51E-1));
#1941=CARTESIAN_POINT('',(1.073641797721E0,3.110946205288E-1,9.51E-1));
#1942=CARTESIAN_POINT('',(1.083183816950E0,3.352958301807E-1,9.51E-1));
#1943=CARTESIAN_POINT('',(1.092725836178E0,3.594970398327E-1,9.51E-1));
#1945=CARTESIAN_POINT('',(1.034457811820E0,2.676137158738E-1,9.51E-1));
#1946=CARTESIAN_POINT('',(1.036754403697E0,2.669273780719E-1,9.51E-1));
#1947=CARTESIAN_POINT('',(1.049524647759E0,2.649691596625E-1,9.51E-1));
#1948=CARTESIAN_POINT('',(1.060389739800E0,2.775239911279E-1,9.51E-1));
#1949=CARTESIAN_POINT('',(1.064099778493E0,2.868934108769E-1,9.51E-1));
#1951=CARTESIAN_POINT('',(1.034457811820E0,2.774567451732E-1,9.51E-1));
#1952=CARTESIAN_POINT('',(1.034457811820E0,2.741757354067E-1,9.51E-1));
#1953=CARTESIAN_POINT('',(1.034457811820E0,2.708947256403E-1,9.51E-1));
#1954=CARTESIAN_POINT('',(1.034457811820E0,2.676137158738E-1,9.51E-1));
#1956=CARTESIAN_POINT('',(1.052066900932E0,2.850873504548E-1,9.51E-1));
#1957=CARTESIAN_POINT('',(1.050205597033E0,2.806604655052E-1,9.51E-1));
#1958=CARTESIAN_POINT('',(1.043458302150E0,2.746610230652E-1,9.51E-1));
#1959=CARTESIAN_POINT('',(1.036442058667E0,2.766713141294E-1,9.51E-1));
#1960=CARTESIAN_POINT('',(1.034457811820E0,2.774567451732E-1,9.51E-1));
#1962=CARTESIAN_POINT('',(1.056920688316E0,2.965558341336E-1,9.51E-1));
#1963=CARTESIAN_POINT('',(1.055302759188E0,2.927330062407E-1,9.51E-1));
#1964=CARTESIAN_POINT('',(1.053684830060E0,2.889101783477E-1,9.51E-1));
#1965=CARTESIAN_POINT('',(1.052066900932E0,2.850873504548E-1,9.51E-1));
#1967=CARTESIAN_POINT('',(1.032177660538E0,3.594970398327E-1,9.51E-1));
#1968=CARTESIAN_POINT('',(1.040425336464E0,3.385166379330E-1,9.51E-1));
#1969=CARTESIAN_POINT('',(1.048673012390E0,3.175362360333E-1,9.51E-1));
#1970=CARTESIAN_POINT('',(1.056920688316E0,2.965558341336E-1,9.51E-1));
#1972=CARTESIAN_POINT('',(1.044549174427E0,3.594970398327E-1,9.51E-1));
#1973=CARTESIAN_POINT('',(1.040425336464E0,3.594970398327E-1,9.51E-1));
#1974=CARTESIAN_POINT('',(1.036301498501E0,3.594970398327E-1,9.51E-1));
#1975=CARTESIAN_POINT('',(1.032177660538E0,3.594970398327E-1,9.51E-1));
#1977=CARTESIAN_POINT('',(1.061029475775E0,3.120879537606E-1,9.51E-1));
#1978=CARTESIAN_POINT('',(1.055536041993E0,3.278909824513E-1,9.51E-1));
#1979=CARTESIAN_POINT('',(1.050042608210E0,3.436940111420E-1,9.51E-1));
#1980=CARTESIAN_POINT('',(1.044549174427E0,3.594970398327E-1,9.51E-1));
#1982=DIRECTION('',(0.E0,1.E0,0.E0));
#1983=VECTOR('',#1982,1.006878685181E-2);
#1984=CARTESIAN_POINT('',(1.152145224055E0,2.964203796017E-1,9.51E-1));
#1985=LINE('',#1984,#1983);
#1986=DIRECTION('',(1.E0,0.E0,0.E0));
#1987=VECTOR('',#1986,4.749938909310E-2);
#1988=CARTESIAN_POINT('',(1.104645834962E0,2.964203796017E-1,9.51E-1));
#1989=LINE('',#1988,#1987);
#1990=DIRECTION('',(0.E0,-1.E0,0.E0));
#1991=VECTOR('',#1990,8.831635462556E-2);
#1992=CARTESIAN_POINT('',(1.104645834962E0,3.847367342272E-1,9.51E-1));
#1993=LINE('',#1992,#1991);
#1994=DIRECTION('',(-1.E0,0.E0,0.E0));
#1995=VECTOR('',#1994,4.549014687346E-2);
#1996=CARTESIAN_POINT('',(1.150135981836E0,3.847367342272E-1,9.51E-1));
#1997=LINE('',#1996,#1995);
#1998=DIRECTION('',(0.E0,1.E0,0.E0));
#1999=VECTOR('',#1998,1.015908987228E-2);
#2000=CARTESIAN_POINT('',(1.150135981836E0,3.745776443549E-1,9.51E-1));
#2001=LINE('',#2000,#1999);
#2002=DIRECTION('',(1.E0,0.E0,0.E0));
#2003=VECTOR('',#2002,3.408939046098E-2);
#2004=CARTESIAN_POINT('',(1.116046591375E0,3.745776443549E-1,9.51E-1));
#2005=LINE('',#2004,#2003);
#2006=DIRECTION('',(0.E0,1.E0,0.E0));
#2007=VECTOR('',#2006,2.826484560143E-2);
#2008=CARTESIAN_POINT('',(1.116046591375E0,3.463127987535E-1,9.51E-1));
#2009=LINE('',#2008,#2007);
#2010=DIRECTION('',(-1.E0,0.E0,0.E0));
#2011=VECTOR('',#2010,3.158348162573E-2);
#2012=CARTESIAN_POINT('',(1.147630073E0,3.463127987535E-1,9.51E-1));
#2013=LINE('',#2012,#2011);
#2014=DIRECTION('',(0.E0,1.E0,0.E0));
#2015=VECTOR('',#2014,1.011393836204E-2);
#2016=CARTESIAN_POINT('',(1.147630073E0,3.361988603915E-1,9.51E-1));
#2017=LINE('',#2016,#2015);
#2018=DIRECTION('',(1.E0,0.E0,0.E0));
#2019=VECTOR('',#2018,3.158348162573E-2);
#2020=CARTESIAN_POINT('',(1.116046591375E0,3.361988603915E-1,9.51E-1));
#2021=LINE('',#2020,#2019);
#2022=DIRECTION('',(0.E0,1.E0,0.E0));
#2023=VECTOR('',#2022,2.970969393801E-2);
#2024=CARTESIAN_POINT('',(1.116046591375E0,3.064891664535E-1,9.51E-1));
#2025=LINE('',#2024,#2023);
#2026=DIRECTION('',(-1.E0,0.E0,0.E0));
#2027=VECTOR('',#2026,3.609863268062E-2);
#2028=CARTESIAN_POINT('',(1.152145224055E0,3.064891664535E-1,9.51E-1));
#2029=LINE('',#2028,#2027);
#2030=CARTESIAN_POINT('',(1.180229463614E0,3.745776443549E-1,9.51E-1));
#2031=CARTESIAN_POINT('',(1.184676887402E0,3.745776443549E-1,9.51E-1));
#2032=CARTESIAN_POINT('',(1.189124311191E0,3.745776443549E-1,9.51E-1));
#2033=CARTESIAN_POINT('',(1.193571734979E0,3.745776443549E-1,9.51E-1));
#2035=CARTESIAN_POINT('',(1.180229463614E0,3.064891664535E-1,9.51E-1));
#2036=CARTESIAN_POINT('',(1.180229463614E0,3.291853257540E-1,9.51E-1));
#2037=CARTESIAN_POINT('',(1.180229463614E0,3.518814850545E-1,9.51E-1));
#2038=CARTESIAN_POINT('',(1.180229463614E0,3.745776443549E-1,9.51E-1));
#2040=CARTESIAN_POINT('',(1.193052492608E0,3.064891664535E-1,9.51E-1));
#2041=CARTESIAN_POINT('',(1.188778149610E0,3.064891664535E-1,9.51E-1));
#2042=CARTESIAN_POINT('',(1.184503806612E0,3.064891664535E-1,9.51E-1));
#2043=CARTESIAN_POINT('',(1.180229463614E0,3.064891664535E-1,9.51E-1));
#2045=CARTESIAN_POINT('',(1.193571734979E0,3.745776443549E-1,9.51E-1));
#2046=CARTESIAN_POINT('',(1.202507682309E0,3.745776443550E-1,9.51E-1));
#2047=CARTESIAN_POINT('',(1.222493003687E0,3.698671961785E-1,9.51E-1));
#2048=CARTESIAN_POINT('',(1.231780316557E0,3.411450798744E-1,9.51E-1));
#2049=CARTESIAN_POINT('',(1.222806930575E0,3.121080848552E-1,9.51E-1));
#2050=CARTESIAN_POINT('',(1.202327294421E0,3.064891664535E-1,9.51E-1));
#2051=CARTESIAN_POINT('',(1.193052492608E0,3.064891664535E-1,9.51E-1));
#2053=CARTESIAN_POINT('',(1.168828707202E0,2.964203796017E-1,9.51E-1));
#2054=CARTESIAN_POINT('',(1.176925878093E0,2.964203796017E-1,9.51E-1));
#2055=CARTESIAN_POINT('',(1.185023048984E0,2.964203796017E-1,9.51E-1));
#2056=CARTESIAN_POINT('',(1.193120219875E0,2.964203796017E-1,9.51E-1));
#2058=CARTESIAN_POINT('',(1.168828707201E0,3.847367342272E-1,9.51E-1));
#2059=CARTESIAN_POINT('',(1.168828707201E0,3.552979493520E-1,9.51E-1));
#2060=CARTESIAN_POINT('',(1.168828707202E0,3.258591644768E-1,9.51E-1));
#2061=CARTESIAN_POINT('',(1.168828707202E0,2.964203796017E-1,9.51E-1));
#2063=CARTESIAN_POINT('',(1.194023250085E0,3.847367342272E-1,9.51E-1));
#2064=CARTESIAN_POINT('',(1.185625069124E0,3.847367342272E-1,9.51E-1));
#2065=CARTESIAN_POINT('',(1.177226888163E0,3.847367342272E-1,9.51E-1));
#2066=CARTESIAN_POINT('',(1.168828707201E0,3.847367342272E-1,9.51E-1));
#2068=CARTESIAN_POINT('',(1.193120219875E0,2.964203796017E-1,9.51E-1));
#2069=CARTESIAN_POINT('',(1.205272196705E0,2.964203796017E-1,9.51E-1));
#2070=CARTESIAN_POINT('',(1.231267584215E0,3.042526945909E-1,9.51E-1));
#2071=CARTESIAN_POINT('',(1.245469410435E0,3.412553265098E-1,9.51E-1));
#2072=CARTESIAN_POINT('',(1.230972952551E0,3.775489779117E-1,9.51E-1));
#2073=CARTESIAN_POINT('',(1.205815982292E0,3.847367342273E-1,9.51E-1));
#2074=CARTESIAN_POINT('',(1.194023250085E0,3.847367342272E-1,9.51E-1));
#2076=CARTESIAN_POINT('',(1.285115513758E0,3.734488565906E-1,9.51E-1));
#2077=CARTESIAN_POINT('',(1.285469710545E0,3.713558755724E-1,9.51E-1));
#2078=CARTESIAN_POINT('',(1.285924447637E0,3.692655065469E-1,9.51E-1));
#2079=CARTESIAN_POINT('',(1.286628998212E0,3.672630996468E-1,9.51E-1));
#2081=CARTESIAN_POINT('',(1.283536119740E0,3.672630996468E-1,9.51E-1));
#2082=CARTESIAN_POINT('',(1.284283334427E0,3.692556721419E-1,9.51E-1));
#2083=CARTESIAN_POINT('',(1.284777216052E0,3.713478497846E-1,9.51E-1));
#2084=CARTESIAN_POINT('',(1.285115513758E0,3.734488565906E-1,9.51E-1));
#2086=CARTESIAN_POINT('',(1.270329302906E0,3.305549215735E-1,9.51E-1));
#2087=CARTESIAN_POINT('',(1.274731575184E0,3.427909809312E-1,9.51E-1));
#2088=CARTESIAN_POINT('',(1.279133847462E0,3.550270402890E-1,9.51E-1));
#2089=CARTESIAN_POINT('',(1.283536119740E0,3.672630996468E-1,9.51E-1));
#2091=CARTESIAN_POINT('',(1.299971269579E0,3.305549215735E-1,9.51E-1));
#2092=CARTESIAN_POINT('',(1.290090614021E0,3.305549215735E-1,9.51E-1));
#2093=CARTESIAN_POINT('',(1.280209958464E0,3.305549215735E-1,9.51E-1));
#2094=CARTESIAN_POINT('',(1.270329302906E0,3.305549215735E-1,9.51E-1));
#2096=CARTESIAN_POINT('',(1.286628998212E0,3.672630996468E-1,9.51E-1));
#2097=CARTESIAN_POINT('',(1.291076422001E0,3.550270402890E-1,9.51E-1));
#2098=CARTESIAN_POINT('',(1.295523845790E0,3.427909809312E-1,9.51E-1));
#2099=CARTESIAN_POINT('',(1.299971269579E0,3.305549215735E-1,9.51E-1));
#2101=DIRECTION('',(-3.559357243710E-1,9.345104387413E-1,0.E0));
#2102=VECTOR('',#2101,9.450547684038E-2);
#2103=CARTESIAN_POINT('',(1.325098085198E0,2.964203796017E-1,9.51E-1));
#2104=LINE('',#2103,#2102);
#2105=DIRECTION('',(1.E0,0.E0,0.E0));
#2106=VECTOR('',#2105,1.259727144156E-2);
#2107=CARTESIAN_POINT('',(1.312500813756E0,2.964203796017E-1,9.51E-1));
#2108=LINE('',#2107,#2106);
#2109=DIRECTION('',(3.493954794714E-1,-9.369753459537E-1,0.E0));
#2110=VECTOR('',#2109,2.578088980185E-2);
#2111=CARTESIAN_POINT('',(1.303493087403E0,3.205764377427E-1,9.51E-1));
#2112=LINE('',#2111,#2110);
#2113=DIRECTION('',(1.E0,0.E0,0.E0));
#2114=VECTOR('',#2113,3.677590533867E-2);
#2115=CARTESIAN_POINT('',(1.266717182064E0,3.205764377427E-1,9.51E-1));
#2116=LINE('',#2115,#2114);
#2117=DIRECTION('',(3.315284184080E-1,9.434452330623E-1,0.E0));
#2118=VECTOR('',#2117,2.560409157262E-2);
#2119=CARTESIAN_POINT('',(1.258228698080E0,2.964203796017E-1,9.51E-1));
#2120=LINE('',#2119,#2118);
#2121=DIRECTION('',(1.E0,0.E0,0.E0));
#2122=VECTOR('',#2121,1.259727144156E-2);
#2123=CARTESIAN_POINT('',(1.245631426639E0,2.964203796017E-1,9.51E-1));
#2124=LINE('',#2123,#2122);
#2125=DIRECTION('',(-3.559357243682E-1,-9.345104387424E-1,0.E0));
#2126=VECTOR('',#2125,9.450547684028E-2);
#2127=CARTESIAN_POINT('',(1.279269301994E0,3.847367342272E-1,9.51E-1));
#2128=LINE('',#2127,#2126);
#2129=DIRECTION('',(-1.E0,0.E0,0.E0));
#2130=VECTOR('',#2129,1.219090784703E-2);
#2131=CARTESIAN_POINT('',(1.291460209841E0,3.847367342272E-1,9.51E-1));
#2132=LINE('',#2131,#2130);
#2133=CARTESIAN_POINT('',(7.255666306324E-1,4.662804499996E-1,9.51E-1));
#2134=CARTESIAN_POINT('',(7.186715529025E-1,4.850852335298E-1,9.51E-1));
#2135=CARTESIAN_POINT('',(6.889406468743E-1,5.286262064945E-1,9.51E-1));
#2136=CARTESIAN_POINT('',(6.104364147811E-1,5.587793600058E-1,9.51E-1));
#2137=CARTESIAN_POINT('',(5.389743820550E-1,5.355092671354E-1,9.51E-1));
#2138=CARTESIAN_POINT('',(5.111944112085E-1,5.067664963749E-1,9.51E-1));
#2139=CARTESIAN_POINT('',(5.032828648532E-1,4.964206231531E-1,9.51E-1));
#2141=CARTESIAN_POINT('',(7.073569338279E-1,2.961140840558E-1,9.51E-1));
#2142=CARTESIAN_POINT('',(7.285278043819E-1,2.979287254883E-1,9.51E-1));
#2143=CARTESIAN_POINT('',(7.705022641621E-1,3.189027603824E-1,9.51E-1));
#2144=CARTESIAN_POINT('',(8.034115562407E-1,3.968160748157E-1,9.51E-1));
#2145=CARTESIAN_POINT('',(7.583397303988E-1,4.559310489185E-1,9.51E-1));
#2146=CARTESIAN_POINT('',(7.255666306324E-1,4.662804499996E-1,9.51E-1));
#2148=CARTESIAN_POINT('',(7.054731778711E-1,2.961140840558E-1,9.51E-1));
#2149=CARTESIAN_POINT('',(7.061010965233E-1,2.961140840558E-1,9.51E-1));
#2150=CARTESIAN_POINT('',(7.067290151756E-1,2.961140840558E-1,9.51E-1));
#2151=CARTESIAN_POINT('',(7.073569338279E-1,2.961140840558E-1,9.51E-1));
#2153=CARTESIAN_POINT('',(7.035894219145E-1,2.961140840558E-1,9.51E-1));
#2154=CARTESIAN_POINT('',(7.042173405667E-1,2.961140840558E-1,9.51E-1));
#2155=CARTESIAN_POINT('',(7.048452592189E-1,2.961140840558E-1,9.51E-1));
#2156=CARTESIAN_POINT('',(7.054731778711E-1,2.961140840558E-1,9.51E-1));
#2158=CARTESIAN_POINT('',(6.703096535039E-1,2.961140840558E-1,9.51E-1));
#2159=CARTESIAN_POINT('',(6.814029096408E-1,2.961140840558E-1,9.51E-1));
#2160=CARTESIAN_POINT('',(6.924961657777E-1,2.961140840558E-1,9.51E-1));
#2161=CARTESIAN_POINT('',(7.035894219145E-1,2.961140840558E-1,9.51E-1));
#2163=CARTESIAN_POINT('',(6.753329867529E-1,3.344172096690E-1,9.51E-1));
#2164=CARTESIAN_POINT('',(6.740598271738E-1,3.344172096690E-1,9.51E-1));
#2165=CARTESIAN_POINT('',(6.639196930069E-1,3.379577878341E-1,9.51E-1));
#2166=CARTESIAN_POINT('',(6.422445776398E-1,3.152352390210E-1,9.51E-1));
#2167=CARTESIAN_POINT('',(6.614418906844E-1,2.966683099822E-1,9.51E-1));
#2168=CARTESIAN_POINT('',(6.703096535039E-1,2.961140840558E-1,9.51E-1));
#2170=CARTESIAN_POINT('',(7.035893979615E-1,3.344172096690E-1,9.51E-1));
#2171=CARTESIAN_POINT('',(6.941705942253E-1,3.344172096690E-1,9.51E-1));
#2172=CARTESIAN_POINT('',(6.847517904891E-1,3.344172096690E-1,9.51E-1));
#2173=CARTESIAN_POINT('',(6.753329867529E-1,3.344172096690E-1,9.51E-1));
#2175=CARTESIAN_POINT('',(6.947985288462E-1,4.323727589440E-1,9.51E-1));
#2176=CARTESIAN_POINT('',(6.964729812468E-1,4.323727589440E-1,9.51E-1));
#2177=CARTESIAN_POINT('',(7.211422938080E-1,4.332660189791E-1,9.51E-1));
#2178=CARTESIAN_POINT('',(7.731916751418E-1,3.848355271131E-1,9.51E-1));
#2179=CARTESIAN_POINT('',(7.257482451542E-1,3.360385837033E-1,9.51E-1));
#2180=CARTESIAN_POINT('',(7.035893979615E-1,3.344172096690E-1,9.51E-1));
#2182=CARTESIAN_POINT('',(5.227483949696E-1,4.505824797016E-1,9.51E-1));
#2183=CARTESIAN_POINT('',(5.338337496394E-1,4.832551121911E-1,9.51E-1));
#2184=CARTESIAN_POINT('',(6.118341443326E-1,5.439084784665E-1,9.51E-1));
#2185=CARTESIAN_POINT('',(6.903380403230E-1,4.714020707427E-1,9.51E-1));
#2186=CARTESIAN_POINT('',(6.947985288462E-1,4.323727589440E-1,9.51E-1));
#2188=CARTESIAN_POINT('',(4.643518165959E-1,3.394405908243E-1,9.51E-1));
#2189=CARTESIAN_POINT('',(4.434434830177E-1,3.489986884529E-1,9.51E-1));
#2190=CARTESIAN_POINT('',(4.032527929025E-1,4.043458290388E-1,9.51E-1));
#2191=CARTESIAN_POINT('',(4.714642797437E-1,4.706844308456E-1,9.51E-1));
#2192=CARTESIAN_POINT('',(5.128623732903E-1,4.565140901958E-1,9.51E-1));
#2193=CARTESIAN_POINT('',(5.227483949696E-1,4.505824797016E-1,9.51E-1));
#2195=CARTESIAN_POINT('',(5.704703362956E-1,3.595340435854E-1,9.51E-1));
#2196=CARTESIAN_POINT('',(5.592534650847E-1,3.726204012551E-1,9.51E-1));
#2197=CARTESIAN_POINT('',(5.165354907039E-1,3.934156044737E-1,9.51E-1));
#2198=CARTESIAN_POINT('',(4.726626474560E-1,3.619985732407E-1,9.51E-1));
#2199=CARTESIAN_POINT('',(4.643518165959E-1,3.394405908243E-1,9.51E-1));
#2201=CARTESIAN_POINT('',(6.546116472767E-1,4.034884610206E-1,9.51E-1));
#2202=CARTESIAN_POINT('',(6.265645436163E-1,3.888369885422E-1,9.51E-1));
#2203=CARTESIAN_POINT('',(5.985174399560E-1,3.741855160638E-1,9.51E-1));
#2204=CARTESIAN_POINT('',(5.704703362956E-1,3.595340435854E-1,9.51E-1));
#2206=CARTESIAN_POINT('',(6.740771654173E-1,3.702086806335E-1,9.51E-1));
#2207=CARTESIAN_POINT('',(6.675886593704E-1,3.813019407625E-1,9.51E-1));
#2208=CARTESIAN_POINT('',(6.611001533236E-1,3.923952008916E-1,9.51E-1));
#2209=CARTESIAN_POINT('',(6.546116472767E-1,4.034884610206E-1,9.51E-1));
#2211=CARTESIAN_POINT('',(5.861683305459E-1,3.237425845971E-1,9.51E-1));
#2212=CARTESIAN_POINT('',(6.154712755031E-1,3.392312832759E-1,9.51E-1));
#2213=CARTESIAN_POINT('',(6.447742204602E-1,3.547199819547E-1,9.51E-1));
#2214=CARTESIAN_POINT('',(6.740771654173E-1,3.702086806335E-1,9.51E-1));
#2216=CARTESIAN_POINT('',(4.637238759863E-1,2.973699293451E-1,9.51E-1));
#2217=CARTESIAN_POINT('',(4.712819850815E-1,2.741142124640E-1,9.51E-1));
#2218=CARTESIAN_POINT('',(5.294003926576E-1,2.292284382663E-1,9.51E-1));
#2219=CARTESIAN_POINT('',(5.872840852647E-1,2.900460426102E-1,9.51E-1));
#2220=CARTESIAN_POINT('',(5.861683305459E-1,3.216495171001E-1,9.51E-1));
#2221=CARTESIAN_POINT('',(5.861683305459E-1,3.237425845971E-1,9.51E-1));
#2223=CARTESIAN_POINT('',(5.032828648532E-1,4.964206231531E-1,9.51E-1));
#2224=CARTESIAN_POINT('',(4.984879602746E-1,4.970199890830E-1,9.51E-1));
#2225=CARTESIAN_POINT('',(4.677376837719E-1,5.004671683076E-1,9.51E-1));
#2226=CARTESIAN_POINT('',(4.087373087787E-1,4.751627363968E-1,9.51E-1));
#2227=CARTESIAN_POINT('',(3.769483666428E-1,3.974082173998E-1,9.51E-1));
#2228=CARTESIAN_POINT('',(4.044153436894E-1,3.259627842128E-1,9.51E-1));
#2229=CARTESIAN_POINT('',(4.448160133505E-1,3.022493740142E-1,9.51E-1));
#2230=CARTESIAN_POINT('',(4.637238759863E-1,2.973699293451E-1,9.51E-1));
#2232=DIRECTION('',(0.E0,0.E0,1.E0));
#2233=VECTOR('',#2232,9.999999999999E-4);
#2234=CARTESIAN_POINT('',(5.472372763E-1,3.168354235318E-1,9.5E-1));
#2235=LINE('',#2234,#2233);
#2236=DIRECTION('',(0.E0,0.E0,1.E0));
#2237=VECTOR('',#2236,9.999999999999E-4);
#2238=CARTESIAN_POINT('',(4.982594896862E-1,3.168354235318E-1,9.5E-1));
#2239=LINE('',#2238,#2237);
#2240=DIRECTION('',(0.E0,0.E0,1.E0));
#2241=VECTOR('',#2240,9.999999999999E-4);
#2242=CARTESIAN_POINT('',(9.066338854674E-1,4.365255168222E-1,9.5E-1));
#2243=LINE('',#2242,#2241);
#2244=DIRECTION('',(0.E0,0.E0,1.E0));
#2245=VECTOR('',#2244,9.999999999999E-4);
#2246=CARTESIAN_POINT('',(8.600601023405E-1,4.365255168222E-1,9.5E-1));
#2247=LINE('',#2246,#2245);
#2248=DIRECTION('',(0.E0,0.E0,1.E0));
#2249=VECTOR('',#2248,9.999999999999E-4);
#2250=CARTESIAN_POINT('',(8.600601023405E-1,5.248418714478E-1,9.5E-1));
#2251=LINE('',#2250,#2249);
#2252=DIRECTION('',(0.E0,0.E0,1.E0));
#2253=VECTOR('',#2252,9.999999999999E-4);
#2254=CARTESIAN_POINT('',(8.714608587530E-1,5.248418714478E-1,9.5E-1));
#2255=LINE('',#2254,#2253);
#2256=DIRECTION('',(0.E0,0.E0,1.E0));
#2257=VECTOR('',#2256,9.999999999999E-4);
#2258=CARTESIAN_POINT('',(8.714608587530E-1,4.465943036740E-1,9.5E-1));
#2259=LINE('',#2258,#2257);
#2260=DIRECTION('',(0.E0,0.E0,1.E0));
#2261=VECTOR('',#2260,9.999999999999E-4);
#2262=CARTESIAN_POINT('',(9.066338854674E-1,4.465943036740E-1,9.5E-1));
#2263=LINE('',#2262,#2261);
#2264=DIRECTION('',(0.E0,5.551115123126E-14,1.E0));
#2265=VECTOR('',#2264,9.999999999999E-4);
#2266=CARTESIAN_POINT('',(9.763703935040E-1,4.401827891766E-1,9.5E-1));
#2267=LINE('',#2266,#2265);
#2268=DIRECTION('',(0.E0,0.E0,1.E0));
#2269=VECTOR('',#2268,9.999999999999E-4);
#2270=CARTESIAN_POINT('',(9.763703935040E-1,5.227197504523E-1,9.5E-1));
#2271=LINE('',#2270,#2269);
#2272=DIRECTION('',(0.E0,0.E0,1.E0));
#2273=VECTOR('',#2272,9.999999999999E-4);
#2274=CARTESIAN_POINT('',(9.763703935040E-1,5.107997516687E-1,9.5E-1));
#2275=LINE('',#2274,#2273);
#2276=DIRECTION('',(0.E0,0.E0,1.E0));
#2277=VECTOR('',#2276,9.999999999999E-4);
#2278=CARTESIAN_POINT('',(9.763703935040E-1,4.511094547283E-1,9.5E-1));
#2279=LINE('',#2278,#2277);
#2280=DIRECTION('',(0.E0,0.E0,1.E0));
#2281=VECTOR('',#2280,9.999999999999E-4);
#2282=CARTESIAN_POINT('',(1.041546598975E0,4.365255168222E-1,9.5E-1));
#2283=LINE('',#2282,#2281);
#2284=DIRECTION('',(0.E0,0.E0,1.E0));
#2285=VECTOR('',#2284,9.999999999999E-4);
#2286=CARTESIAN_POINT('',(9.940472098823E-1,4.365255168222E-1,9.5E-1));
#2287=LINE('',#2286,#2285);
#2288=DIRECTION('',(0.E0,0.E0,1.E0));
#2289=VECTOR('',#2288,9.999999999999E-4);
#2290=CARTESIAN_POINT('',(9.940472098823E-1,5.248418714478E-1,9.5E-1));
#2291=LINE('',#2290,#2289);
#2292=DIRECTION('',(0.E0,0.E0,1.E0));
#2293=VECTOR('',#2292,9.999999999999E-4);
#2294=CARTESIAN_POINT('',(1.039537356756E0,5.248418714478E-1,9.5E-1));
#2295=LINE('',#2294,#2293);
#2296=DIRECTION('',(0.E0,0.E0,1.E0));
#2297=VECTOR('',#2296,9.999999999999E-4);
#2298=CARTESIAN_POINT('',(1.039537356756E0,5.146827815755E-1,9.5E-1));
#2299=LINE('',#2298,#2297);
#2300=DIRECTION('',(0.E0,0.E0,1.E0));
#2301=VECTOR('',#2300,9.999999999999E-4);
#2302=CARTESIAN_POINT('',(1.005447966295E0,5.146827815755E-1,9.5E-1));
#2303=LINE('',#2302,#2301);
#2304=DIRECTION('',(0.E0,0.E0,1.E0));
#2305=VECTOR('',#2304,9.999999999999E-4);
#2306=CARTESIAN_POINT('',(1.005447966295E0,4.864179359741E-1,9.5E-1));
#2307=LINE('',#2306,#2305);
#2308=DIRECTION('',(0.E0,0.E0,1.E0));
#2309=VECTOR('',#2308,9.999999999999E-4);
#2310=CARTESIAN_POINT('',(1.037031447920E0,4.864179359741E-1,9.5E-1));
#2311=LINE('',#2310,#2309);
#2312=DIRECTION('',(0.E0,0.E0,1.E0));
#2313=VECTOR('',#2312,9.999999999999E-4);
#2314=CARTESIAN_POINT('',(1.037031447920E0,4.763039976120E-1,9.5E-1));
#2315=LINE('',#2314,#2313);
#2316=DIRECTION('',(0.E0,0.E0,1.E0));
#2317=VECTOR('',#2316,9.999999999999E-4);
#2318=CARTESIAN_POINT('',(1.005447966295E0,4.763039976120E-1,9.5E-1));
#2319=LINE('',#2318,#2317);
#2320=DIRECTION('',(0.E0,0.E0,1.E0));
#2321=VECTOR('',#2320,9.999999999999E-4);
#2322=CARTESIAN_POINT('',(1.005447966295E0,4.465943036740E-1,9.5E-1));
#2323=LINE('',#2322,#2321);
#2324=DIRECTION('',(0.E0,0.E0,1.E0));
#2325=VECTOR('',#2324,9.999999999999E-4);
#2326=CARTESIAN_POINT('',(1.041546598975E0,4.465943036740E-1,9.5E-1));
#2327=LINE('',#2326,#2325);
#2328=DIRECTION('',(0.E0,0.E0,1.E0));
#2329=VECTOR('',#2328,9.999999999999E-4);
#2330=CARTESIAN_POINT('',(1.069630838534E0,5.146827815755E-1,9.5E-1));
#2331=LINE('',#2330,#2329);
#2332=DIRECTION('',(0.E0,0.E0,1.E0));
#2333=VECTOR('',#2332,9.999999999999E-4);
#2334=CARTESIAN_POINT('',(1.069630838535E0,4.465943036740E-1,9.5E-1));
#2335=LINE('',#2334,#2333);
#2336=DIRECTION('',(0.E0,0.E0,1.E0));
#2337=VECTOR('',#2336,9.999999999999E-4);
#2338=CARTESIAN_POINT('',(1.082453867529E0,4.465943036740E-1,9.5E-1));
#2339=LINE('',#2338,#2337);
#2340=DIRECTION('',(2.220446049251E-13,0.E0,1.E0));
#2341=VECTOR('',#2340,9.999999999999E-4);
#2342=CARTESIAN_POINT('',(1.082973109899E0,5.146827815755E-1,9.5E-1));
#2343=LINE('',#2342,#2341);
#2344=DIRECTION('',(0.E0,0.E0,1.E0));
#2345=VECTOR('',#2344,9.999999999999E-4);
#2346=CARTESIAN_POINT('',(1.058230082122E0,4.365255168222E-1,9.5E-1));
#2347=LINE('',#2346,#2345);
#2348=DIRECTION('',(0.E0,0.E0,1.E0));
#2349=VECTOR('',#2348,9.999999999999E-4);
#2350=CARTESIAN_POINT('',(1.058230082121E0,5.248418714478E-1,9.5E-1));
#2351=LINE('',#2350,#2349);
#2352=DIRECTION('',(0.E0,0.E0,1.E0));
#2353=VECTOR('',#2352,9.999999999999E-4);
#2354=CARTESIAN_POINT('',(1.083424625006E0,5.248418714478E-1,9.5E-1));
#2355=LINE('',#2354,#2353);
#2356=DIRECTION('',(0.E0,-5.551115123126E-14,1.E0));
#2357=VECTOR('',#2356,9.999999999999E-4);
#2358=CARTESIAN_POINT('',(1.082521594795E0,4.365255168222E-1,9.5E-1));
#2359=LINE('',#2358,#2357);
#2360=DIRECTION('',(2.220446049251E-13,0.E0,1.E0));
#2361=VECTOR('',#2360,9.999999999999E-4);
#2362=CARTESIAN_POINT('',(1.174522466997E0,5.135539938118E-1,9.5E-1));
#2363=LINE('',#2362,#2361);
#2364=DIRECTION('',(6.661338147752E-13,8.881784197002E-13,1.E0));
#2365=VECTOR('',#2364,9.999999999999E-4);
#2366=CARTESIAN_POINT('',(1.172937494661E0,5.073682368667E-1,9.5E-1));
#2367=LINE('',#2366,#2365);
#2368=DIRECTION('',(0.E0,0.E0,1.E0));
#2369=VECTOR('',#2368,9.999999999999E-4);
#2370=CARTESIAN_POINT('',(1.159730677826E0,4.706600587934E-1,9.5E-1));
#2371=LINE('',#2370,#2369);
#2372=DIRECTION('',(0.E0,0.E0,1.E0));
#2373=VECTOR('',#2372,9.999999999999E-4);
#2374=CARTESIAN_POINT('',(1.189372644499E0,4.706600587934E-1,9.5E-1));
#2375=LINE('',#2374,#2373);
#2376=DIRECTION('',(0.E0,0.E0,1.E0));
#2377=VECTOR('',#2376,9.999999999999E-4);
#2378=CARTESIAN_POINT('',(1.176030373133E0,5.073682368667E-1,9.5E-1));
#2379=LINE('',#2378,#2377);
#2380=DIRECTION('',(0.E0,0.E0,1.E0));
#2381=VECTOR('',#2380,9.999999999999E-4);
#2382=CARTESIAN_POINT('',(1.214499460118E0,4.365255168222E-1,9.5E-1));
#2383=LINE('',#2382,#2381);
#2384=DIRECTION('',(0.E0,5.551115123126E-14,1.E0));
#2385=VECTOR('',#2384,9.999999999999E-4);
#2386=CARTESIAN_POINT('',(1.201902188676E0,4.365255168222E-1,9.5E-1));
#2387=LINE('',#2386,#2385);
#2388=DIRECTION('',(-2.220446049251E-13,5.551115123126E-14,1.E0));
#2389=VECTOR('',#2388,9.999999999999E-4);
#2390=CARTESIAN_POINT('',(1.192894462323E0,4.606815749633E-1,9.5E-1));
#2391=LINE('',#2390,#2389);
#2392=DIRECTION('',(2.220446049251E-13,0.E0,1.E0));
#2393=VECTOR('',#2392,9.999999999999E-4);
#2394=CARTESIAN_POINT('',(1.156118556984E0,4.606815749633E-1,9.5E-1));
#2395=LINE('',#2394,#2393);
#2396=DIRECTION('',(0.E0,0.E0,1.E0));
#2397=VECTOR('',#2396,9.999999999999E-4);
#2398=CARTESIAN_POINT('',(1.147630073E0,4.365255168222E-1,9.5E-1));
#2399=LINE('',#2398,#2397);
#2400=DIRECTION('',(0.E0,0.E0,1.E0));
#2401=VECTOR('',#2400,9.999999999999E-4);
#2402=CARTESIAN_POINT('',(1.135032801559E0,4.365255168222E-1,9.5E-1));
#2403=LINE('',#2402,#2401);
#2404=DIRECTION('',(0.E0,0.E0,1.E0));
#2405=VECTOR('',#2404,9.999999999999E-4);
#2406=CARTESIAN_POINT('',(1.168670676915E0,5.248418714478E-1,9.5E-1));
#2407=LINE('',#2406,#2405);
#2408=DIRECTION('',(0.E0,0.E0,1.E0));
#2409=VECTOR('',#2408,9.999999999999E-4);
#2410=CARTESIAN_POINT('',(1.180861584762E0,5.248418714478E-1,9.5E-1));
#2411=LINE('',#2410,#2409);
#2412=DIRECTION('',(0.E0,0.E0,1.E0));
#2413=VECTOR('',#2412,9.999999999999E-4);
#2414=CARTESIAN_POINT('',(9.075594914336E-1,2.964203796017E-1,9.5E-1));
#2415=LINE('',#2414,#2413);
#2416=DIRECTION('',(0.E0,0.E0,1.E0));
#2417=VECTOR('',#2416,9.999999999999E-4);
#2418=CARTESIAN_POINT('',(8.600601023405E-1,2.964203796017E-1,9.5E-1));
#2419=LINE('',#2418,#2417);
#2420=DIRECTION('',(0.E0,0.E0,1.E0));
#2421=VECTOR('',#2420,9.999999999999E-4);
#2422=CARTESIAN_POINT('',(8.600601023405E-1,3.847367342272E-1,9.5E-1));
#2423=LINE('',#2422,#2421);
#2424=DIRECTION('',(0.E0,0.E0,1.E0));
#2425=VECTOR('',#2424,9.999999999999E-4);
#2426=CARTESIAN_POINT('',(9.055502492139E-1,3.847367342272E-1,9.5E-1));
#2427=LINE('',#2426,#2425);
#2428=DIRECTION('',(0.E0,0.E0,1.E0));
#2429=VECTOR('',#2428,9.999999999999E-4);
#2430=CARTESIAN_POINT('',(9.055502492139E-1,3.745776443549E-1,9.5E-1));
#2431=LINE('',#2430,#2429);
#2432=DIRECTION('',(0.E0,0.E0,1.E0));
#2433=VECTOR('',#2432,9.999999999999E-4);
#2434=CARTESIAN_POINT('',(8.714608587530E-1,3.745776443549E-1,9.5E-1));
#2435=LINE('',#2434,#2433);
#2436=DIRECTION('',(0.E0,0.E0,1.E0));
#2437=VECTOR('',#2436,9.999999999999E-4);
#2438=CARTESIAN_POINT('',(8.714608587530E-1,3.463127987535E-1,9.5E-1));
#2439=LINE('',#2438,#2437);
#2440=DIRECTION('',(0.E0,0.E0,1.E0));
#2441=VECTOR('',#2440,9.999999999999E-4);
#2442=CARTESIAN_POINT('',(9.030443403787E-1,3.463127987535E-1,9.5E-1));
#2443=LINE('',#2442,#2441);
#2444=DIRECTION('',(0.E0,0.E0,1.E0));
#2445=VECTOR('',#2444,9.999999999999E-4);
#2446=CARTESIAN_POINT('',(9.030443403787E-1,3.361988603915E-1,9.5E-1));
#2447=LINE('',#2446,#2445);
#2448=DIRECTION('',(0.E0,0.E0,1.E0));
#2449=VECTOR('',#2448,9.999999999999E-4);
#2450=CARTESIAN_POINT('',(8.714608587530E-1,3.361988603915E-1,9.5E-1));
#2451=LINE('',#2450,#2449);
#2452=DIRECTION('',(0.E0,0.E0,1.E0));
#2453=VECTOR('',#2452,9.999999999999E-4);
#2454=CARTESIAN_POINT('',(8.714608587530E-1,3.064891664535E-1,9.5E-1));
#2455=LINE('',#2454,#2453);
#2456=DIRECTION('',(0.E0,0.E0,1.E0));
#2457=VECTOR('',#2456,9.999999999999E-4);
#2458=CARTESIAN_POINT('',(9.075594914336E-1,3.064891664535E-1,9.5E-1));
#2459=LINE('',#2458,#2457);
#2460=DIRECTION('',(0.E0,0.E0,1.E0));
#2461=VECTOR('',#2460,9.999999999999E-4);
#2462=CARTESIAN_POINT('',(9.430034272112E-1,3.260849220294E-1,9.5E-1));
#2463=LINE('',#2462,#2461);
#2464=DIRECTION('',(0.E0,-5.551115123126E-14,1.E0));
#2465=VECTOR('',#2464,9.999999999999E-4);
#2466=CARTESIAN_POINT('',(9.577679711592E-1,3.220212860805E-1,9.5E-1));
#2467=LINE('',#2466,#2465);
#2468=DIRECTION('',(0.E0,0.E0,1.E0));
#2469=VECTOR('',#2468,9.999999999999E-4);
#2470=CARTESIAN_POINT('',(9.577679711592E-1,3.280715884937E-1,9.5E-1));
#2471=LINE('',#2470,#2469);
#2472=DIRECTION('',(0.E0,0.E0,1.E0));
#2473=VECTOR('',#2472,9.999999999999E-4);
#2474=CARTESIAN_POINT('',(9.577679711592E-1,3.061731058794E-1,9.5E-1));
#2475=LINE('',#2474,#2473);
#2476=DIRECTION('',(0.E0,0.E0,1.E0));
#2477=VECTOR('',#2476,9.999999999999E-4);
#2478=CARTESIAN_POINT('',(9.390752457933E-1,3.338961333544E-1,9.5E-1));
#2479=LINE('',#2478,#2477);
#2480=DIRECTION('',(0.E0,-1.110223024625E-13,1.E0));
#2481=VECTOR('',#2480,9.999999999999E-4);
#2482=CARTESIAN_POINT('',(9.577679711589E-1,3.365149209655E-1,9.5E-1));
#2483=LINE('',#2482,#2481);
#2484=DIRECTION('',(0.E0,0.E0,1.E0));
#2485=VECTOR('',#2484,9.999999999999E-4);
#2486=CARTESIAN_POINT('',(9.243107018451E-1,3.443261322893E-1,9.5E-1));
#2487=LINE('',#2486,#2485);
#2488=DIRECTION('',(0.E0,0.E0,1.E0));
#2489=VECTOR('',#2488,9.999999999999E-4);
#2490=CARTESIAN_POINT('',(9.243107018451E-1,3.550721917995E-1,9.5E-1));
#2491=LINE('',#2490,#2489);
#2492=DIRECTION('',(0.E0,0.E0,1.E0));
#2493=VECTOR('',#2492,9.999999999999E-4);
#2494=CARTESIAN_POINT('',(9.688300912425E-1,3.370115875811E-1,9.5E-1));
#2495=LINE('',#2494,#2493);
#2496=DIRECTION('',(0.E0,0.E0,1.E0));
#2497=VECTOR('',#2496,9.999999999999E-4);
#2498=CARTESIAN_POINT('',(9.688300912428E-1,2.964203796017E-1,9.5E-1));
#2499=LINE('',#2498,#2497);
#2500=DIRECTION('',(0.E0,0.E0,1.E0));
#2501=VECTOR('',#2500,9.999999999999E-4);
#2502=CARTESIAN_POINT('',(9.577679711592E-1,2.964203796017E-1,9.5E-1));
#2503=LINE('',#2502,#2501);
#2504=DIRECTION('',(0.E0,0.E0,1.E0));
#2505=VECTOR('',#2504,9.999999999999E-4);
#2506=CARTESIAN_POINT('',(9.838203927437E-1,3.100561357862E-1,9.5E-1));
#2507=LINE('',#2506,#2505);
#2508=DIRECTION('',(0.E0,0.E0,1.E0));
#2509=VECTOR('',#2508,9.999999999999E-4);
#2510=CARTESIAN_POINT('',(1.023395691737E0,3.581424945160E-1,9.5E-1));
#2511=LINE('',#2510,#2509);
#2512=DIRECTION('',(0.E0,0.E0,1.E0));
#2513=VECTOR('',#2512,9.999999999999E-4);
#2514=CARTESIAN_POINT('',(1.023395691737E0,3.473964350064E-1,9.5E-1));
#2515=LINE('',#2514,#2513);
#2516=DIRECTION('',(0.E0,5.551115123126E-14,1.E0));
#2517=VECTOR('',#2516,9.999999999999E-4);
#2518=CARTESIAN_POINT('',(9.838203927437E-1,2.986328036183E-1,9.5E-1));
#2519=LINE('',#2518,#2517);
#2520=DIRECTION('',(-2.220446049251E-13,5.551115123126E-14,1.E0));
#2521=VECTOR('',#2520,9.999999999999E-4);
#2522=CARTESIAN_POINT('',(1.062525313957E0,3.068955300480E-1,9.5E-1));
#2523=LINE('',#2522,#2521);
#2524=DIRECTION('',(0.E0,0.E0,1.E0));
#2525=VECTOR('',#2524,9.999999999999E-4);
#2526=CARTESIAN_POINT('',(1.064032051227E0,3.119976507395E-1,9.5E-1));
#2527=LINE('',#2526,#2525);
#2528=DIRECTION('',(-2.220446049251E-13,-1.110223024625E-13,1.E0));
#2529=VECTOR('',#2528,9.999999999999E-4);
#2530=CARTESIAN_POINT('',(1.081257352500E0,3.594970398327E-1,9.5E-1));
#2531=LINE('',#2530,#2529);
#2532=DIRECTION('',(0.E0,-1.110223024625E-13,1.E0));
#2533=VECTOR('',#2532,9.999999999999E-4);
#2534=CARTESIAN_POINT('',(1.092725836178E0,3.594970398327E-1,9.5E-1));
#2535=LINE('',#2534,#2533);
#2536=DIRECTION('',(-2.220446049251E-13,-2.220446049251E-13,1.E0));
#2537=VECTOR('',#2536,9.999999999999E-4);
#2538=CARTESIAN_POINT('',(1.064099778493E0,2.868934108769E-1,9.5E-1));
#2539=LINE('',#2538,#2537);
#2540=DIRECTION('',(0.E0,5.551115123126E-14,1.E0));
#2541=VECTOR('',#2540,9.999999999999E-4);
#2542=CARTESIAN_POINT('',(1.034457811820E0,2.676137158738E-1,9.5E-1));
#2543=LINE('',#2542,#2541);
#2544=DIRECTION('',(0.E0,0.E0,1.E0));
#2545=VECTOR('',#2544,9.999999999999E-4);
#2546=CARTESIAN_POINT('',(1.034457811820E0,2.774567451732E-1,9.5E-1));
#2547=LINE('',#2546,#2545);
#2548=DIRECTION('',(0.E0,0.E0,1.E0));
#2549=VECTOR('',#2548,9.999999999999E-4);
#2550=CARTESIAN_POINT('',(1.052066900932E0,2.850873504548E-1,9.5E-1));
#2551=LINE('',#2550,#2549);
#2552=DIRECTION('',(0.E0,-1.665334536938E-13,1.E0));
#2553=VECTOR('',#2552,9.999999999999E-4);
#2554=CARTESIAN_POINT('',(1.056920688316E0,2.965558341336E-1,9.5E-1));
#2555=LINE('',#2554,#2553);
#2556=DIRECTION('',(0.E0,0.E0,1.E0));
#2557=VECTOR('',#2556,9.999999999999E-4);
#2558=CARTESIAN_POINT('',(1.032177660538E0,3.594970398327E-1,9.5E-1));
#2559=LINE('',#2558,#2557);
#2560=DIRECTION('',(0.E0,0.E0,1.E0));
#2561=VECTOR('',#2560,9.999999999999E-4);
#2562=CARTESIAN_POINT('',(1.044549174427E0,3.594970398327E-1,9.5E-1));
#2563=LINE('',#2562,#2561);
#2564=DIRECTION('',(0.E0,5.551115123126E-14,1.E0));
#2565=VECTOR('',#2564,9.999999999999E-4);
#2566=CARTESIAN_POINT('',(1.061029475775E0,3.120879537606E-1,9.5E-1));
#2567=LINE('',#2566,#2565);
#2568=DIRECTION('',(0.E0,0.E0,1.E0));
#2569=VECTOR('',#2568,9.999999999999E-4);
#2570=CARTESIAN_POINT('',(1.152145224055E0,2.964203796017E-1,9.5E-1));
#2571=LINE('',#2570,#2569);
#2572=DIRECTION('',(0.E0,0.E0,1.E0));
#2573=VECTOR('',#2572,9.999999999999E-4);
#2574=CARTESIAN_POINT('',(1.104645834962E0,2.964203796017E-1,9.5E-1));
#2575=LINE('',#2574,#2573);
#2576=DIRECTION('',(0.E0,0.E0,1.E0));
#2577=VECTOR('',#2576,9.999999999999E-4);
#2578=CARTESIAN_POINT('',(1.104645834962E0,3.847367342272E-1,9.5E-1));
#2579=LINE('',#2578,#2577);
#2580=DIRECTION('',(0.E0,0.E0,1.E0));
#2581=VECTOR('',#2580,9.999999999999E-4);
#2582=CARTESIAN_POINT('',(1.150135981836E0,3.847367342272E-1,9.5E-1));
#2583=LINE('',#2582,#2581);
#2584=DIRECTION('',(0.E0,0.E0,1.E0));
#2585=VECTOR('',#2584,9.999999999999E-4);
#2586=CARTESIAN_POINT('',(1.150135981836E0,3.745776443549E-1,9.5E-1));
#2587=LINE('',#2586,#2585);
#2588=DIRECTION('',(0.E0,0.E0,1.E0));
#2589=VECTOR('',#2588,9.999999999999E-4);
#2590=CARTESIAN_POINT('',(1.116046591375E0,3.745776443549E-1,9.5E-1));
#2591=LINE('',#2590,#2589);
#2592=DIRECTION('',(0.E0,0.E0,1.E0));
#2593=VECTOR('',#2592,9.999999999999E-4);
#2594=CARTESIAN_POINT('',(1.116046591375E0,3.463127987535E-1,9.5E-1));
#2595=LINE('',#2594,#2593);
#2596=DIRECTION('',(0.E0,0.E0,1.E0));
#2597=VECTOR('',#2596,9.999999999999E-4);
#2598=CARTESIAN_POINT('',(1.147630073E0,3.463127987535E-1,9.5E-1));
#2599=LINE('',#2598,#2597);
#2600=DIRECTION('',(0.E0,0.E0,1.E0));
#2601=VECTOR('',#2600,9.999999999999E-4);
#2602=CARTESIAN_POINT('',(1.147630073E0,3.361988603915E-1,9.5E-1));
#2603=LINE('',#2602,#2601);
#2604=DIRECTION('',(0.E0,0.E0,1.E0));
#2605=VECTOR('',#2604,9.999999999999E-4);
#2606=CARTESIAN_POINT('',(1.116046591375E0,3.361988603915E-1,9.5E-1));
#2607=LINE('',#2606,#2605);
#2608=DIRECTION('',(0.E0,0.E0,1.E0));
#2609=VECTOR('',#2608,9.999999999999E-4);
#2610=CARTESIAN_POINT('',(1.116046591375E0,3.064891664535E-1,9.5E-1));
#2611=LINE('',#2610,#2609);
#2612=DIRECTION('',(0.E0,0.E0,1.E0));
#2613=VECTOR('',#2612,9.999999999999E-4);
#2614=CARTESIAN_POINT('',(1.152145224055E0,3.064891664535E-1,9.5E-1));
#2615=LINE('',#2614,#2613);
#2616=DIRECTION('',(0.E0,0.E0,1.E0));
#2617=VECTOR('',#2616,9.999999999999E-4);
#2618=CARTESIAN_POINT('',(1.180229463614E0,3.745776443549E-1,9.5E-1));
#2619=LINE('',#2618,#2617);
#2620=DIRECTION('',(0.E0,0.E0,1.E0));
#2621=VECTOR('',#2620,9.999999999999E-4);
#2622=CARTESIAN_POINT('',(1.180229463614E0,3.064891664535E-1,9.5E-1));
#2623=LINE('',#2622,#2621);
#2624=DIRECTION('',(0.E0,0.E0,1.E0));
#2625=VECTOR('',#2624,9.999999999999E-4);
#2626=CARTESIAN_POINT('',(1.193052492608E0,3.064891664535E-1,9.5E-1));
#2627=LINE('',#2626,#2625);
#2628=DIRECTION('',(0.E0,0.E0,1.E0));
#2629=VECTOR('',#2628,9.999999999999E-4);
#2630=CARTESIAN_POINT('',(1.193571734979E0,3.745776443549E-1,9.5E-1));
#2631=LINE('',#2630,#2629);
#2632=DIRECTION('',(0.E0,0.E0,1.E0));
#2633=VECTOR('',#2632,9.999999999999E-4);
#2634=CARTESIAN_POINT('',(1.168828707202E0,2.964203796017E-1,9.5E-1));
#2635=LINE('',#2634,#2633);
#2636=DIRECTION('',(0.E0,0.E0,1.E0));
#2637=VECTOR('',#2636,9.999999999999E-4);
#2638=CARTESIAN_POINT('',(1.168828707201E0,3.847367342272E-1,9.5E-1));
#2639=LINE('',#2638,#2637);
#2640=DIRECTION('',(0.E0,0.E0,1.E0));
#2641=VECTOR('',#2640,9.999999999999E-4);
#2642=CARTESIAN_POINT('',(1.194023250085E0,3.847367342272E-1,9.5E-1));
#2643=LINE('',#2642,#2641);
#2644=DIRECTION('',(0.E0,0.E0,1.E0));
#2645=VECTOR('',#2644,9.999999999999E-4);
#2646=CARTESIAN_POINT('',(1.193120219875E0,2.964203796017E-1,9.5E-1));
#2647=LINE('',#2646,#2645);
#2648=DIRECTION('',(0.E0,-5.551115123126E-14,1.E0));
#2649=VECTOR('',#2648,9.999999999999E-4);
#2650=CARTESIAN_POINT('',(1.285115513758E0,3.734488565906E-1,9.5E-1));
#2651=LINE('',#2650,#2649);
#2652=DIRECTION('',(0.E0,-2.220446049251E-13,1.E0));
#2653=VECTOR('',#2652,9.999999999999E-4);
#2654=CARTESIAN_POINT('',(1.283536119740E0,3.672630996468E-1,9.5E-1));
#2655=LINE('',#2654,#2653);
#2656=DIRECTION('',(0.E0,0.E0,1.E0));
#2657=VECTOR('',#2656,9.999999999999E-4);
#2658=CARTESIAN_POINT('',(1.270329302906E0,3.305549215735E-1,9.5E-1));
#2659=LINE('',#2658,#2657);
#2660=DIRECTION('',(0.E0,0.E0,1.E0));
#2661=VECTOR('',#2660,9.999999999999E-4);
#2662=CARTESIAN_POINT('',(1.299971269579E0,3.305549215735E-1,9.5E-1));
#2663=LINE('',#2662,#2661);
#2664=DIRECTION('',(0.E0,1.665334536938E-13,1.E0));
#2665=VECTOR('',#2664,9.999999999999E-4);
#2666=CARTESIAN_POINT('',(1.286628998212E0,3.672630996468E-1,9.5E-1));
#2667=LINE('',#2666,#2665);
#2668=DIRECTION('',(0.E0,0.E0,1.E0));
#2669=VECTOR('',#2668,9.999999999999E-4);
#2670=CARTESIAN_POINT('',(1.325098085198E0,2.964203796017E-1,9.5E-1));
#2671=LINE('',#2670,#2669);
#2672=DIRECTION('',(0.E0,0.E0,1.E0));
#2673=VECTOR('',#2672,9.999999999999E-4);
#2674=CARTESIAN_POINT('',(1.312500813756E0,2.964203796017E-1,9.5E-1));
#2675=LINE('',#2674,#2673);
#2676=DIRECTION('',(0.E0,0.E0,1.E0));
#2677=VECTOR('',#2676,9.999999999999E-4);
#2678=CARTESIAN_POINT('',(1.303493087403E0,3.205764377427E-1,9.5E-1));
#2679=LINE('',#2678,#2677);
#2680=DIRECTION('',(0.E0,0.E0,1.E0));
#2681=VECTOR('',#2680,9.999999999999E-4);
#2682=CARTESIAN_POINT('',(1.266717182064E0,3.205764377427E-1,9.5E-1));
#2683=LINE('',#2682,#2681);
#2684=DIRECTION('',(0.E0,0.E0,1.E0));
#2685=VECTOR('',#2684,9.999999999999E-4);
#2686=CARTESIAN_POINT('',(1.258228698080E0,2.964203796017E-1,9.5E-1));
#2687=LINE('',#2686,#2685);
#2688=DIRECTION('',(0.E0,0.E0,1.E0));
#2689=VECTOR('',#2688,9.999999999999E-4);
#2690=CARTESIAN_POINT('',(1.245631426639E0,2.964203796017E-1,9.5E-1));
#2691=LINE('',#2690,#2689);
#2692=DIRECTION('',(0.E0,0.E0,1.E0));
#2693=VECTOR('',#2692,9.999999999999E-4);
#2694=CARTESIAN_POINT('',(1.279269301994E0,3.847367342272E-1,9.5E-1));
#2695=LINE('',#2694,#2693);
#2696=DIRECTION('',(0.E0,0.E0,1.E0));
#2697=VECTOR('',#2696,9.999999999999E-4);
#2698=CARTESIAN_POINT('',(1.291460209841E0,3.847367342272E-1,9.5E-1));
#2699=LINE('',#2698,#2697);
#2700=DIRECTION('',(0.E0,0.E0,1.E0));
#2701=VECTOR('',#2700,9.999999999999E-4);
#2702=CARTESIAN_POINT('',(7.255666306324E-1,4.662804499996E-1,9.5E-1));
#2703=LINE('',#2702,#2701);
#2704=DIRECTION('',(0.E0,0.E0,1.E0));
#2705=VECTOR('',#2704,9.999999999999E-4);
#2706=CARTESIAN_POINT('',(7.073569338279E-1,2.961140840558E-1,9.5E-1));
#2707=LINE('',#2706,#2705);
#2708=DIRECTION('',(0.E0,0.E0,1.E0));
#2709=VECTOR('',#2708,9.999999999999E-4);
#2710=CARTESIAN_POINT('',(7.054731778711E-1,2.961140840558E-1,9.5E-1));
#2711=LINE('',#2710,#2709);
#2712=DIRECTION('',(0.E0,0.E0,1.E0));
#2713=VECTOR('',#2712,9.999999999999E-4);
#2714=CARTESIAN_POINT('',(7.035894219145E-1,2.961140840558E-1,9.5E-1));
#2715=LINE('',#2714,#2713);
#2716=DIRECTION('',(0.E0,5.551115123126E-14,1.E0));
#2717=VECTOR('',#2716,9.999999999999E-4);
#2718=CARTESIAN_POINT('',(6.703096535039E-1,2.961140840558E-1,9.5E-1));
#2719=LINE('',#2718,#2717);
#2720=DIRECTION('',(0.E0,0.E0,1.E0));
#2721=VECTOR('',#2720,9.999999999999E-4);
#2722=CARTESIAN_POINT('',(6.753329867529E-1,3.344172096690E-1,9.5E-1));
#2723=LINE('',#2722,#2721);
#2724=DIRECTION('',(0.E0,0.E0,1.E0));
#2725=VECTOR('',#2724,9.999999999999E-4);
#2726=CARTESIAN_POINT('',(7.035893979615E-1,3.344172096690E-1,9.5E-1));
#2727=LINE('',#2726,#2725);
#2728=DIRECTION('',(2.220446049251E-13,-5.551115123126E-14,1.E0));
#2729=VECTOR('',#2728,9.999999999999E-4);
#2730=CARTESIAN_POINT('',(6.947985288462E-1,4.323727589440E-1,9.5E-1));
#2731=LINE('',#2730,#2729);
#2732=DIRECTION('',(0.E0,0.E0,1.E0));
#2733=VECTOR('',#2732,9.999999999999E-4);
#2734=CARTESIAN_POINT('',(5.227483949696E-1,4.505824797016E-1,9.5E-1));
#2735=LINE('',#2734,#2733);
#2736=DIRECTION('',(-5.551115123126E-14,0.E0,1.E0));
#2737=VECTOR('',#2736,9.999999999999E-4);
#2738=CARTESIAN_POINT('',(4.643518165959E-1,3.394405908243E-1,9.5E-1));
#2739=LINE('',#2738,#2737);
#2740=DIRECTION('',(0.E0,0.E0,1.E0));
#2741=VECTOR('',#2740,9.999999999999E-4);
#2742=CARTESIAN_POINT('',(5.704703362956E-1,3.595340435854E-1,9.5E-1));
#2743=LINE('',#2742,#2741);
#2744=DIRECTION('',(0.E0,0.E0,1.E0));
#2745=VECTOR('',#2744,9.999999999999E-4);
#2746=CARTESIAN_POINT('',(6.546116472767E-1,4.034884610206E-1,9.5E-1));
#2747=LINE('',#2746,#2745);
#2748=DIRECTION('',(0.E0,0.E0,1.E0));
#2749=VECTOR('',#2748,9.999999999999E-4);
#2750=CARTESIAN_POINT('',(6.740771654173E-1,3.702086806335E-1,9.5E-1));
#2751=LINE('',#2750,#2749);
#2752=DIRECTION('',(0.E0,5.551115123126E-14,1.E0));
#2753=VECTOR('',#2752,9.999999999999E-4);
#2754=CARTESIAN_POINT('',(5.861683305459E-1,3.237425845971E-1,9.5E-1));
#2755=LINE('',#2754,#2753);
#2756=DIRECTION('',(0.E0,0.E0,1.E0));
#2757=VECTOR('',#2756,9.999999999999E-4);
#2758=CARTESIAN_POINT('',(4.637238759863E-1,2.973699293451E-1,9.5E-1));
#2759=LINE('',#2758,#2757);
#2760=DIRECTION('',(0.E0,-5.551115123126E-14,1.E0));
#2761=VECTOR('',#2760,9.999999999999E-4);
#2762=CARTESIAN_POINT('',(5.032828648532E-1,4.964206231531E-1,9.5E-1));
#2763=LINE('',#2762,#2761);
#2764=CARTESIAN_POINT('',(1.5E0,-7.5E-1,6.5E-1));
#2765=CARTESIAN_POINT('',(1.5E0,-6.7E-1,0.E0));
#2766=VERTEX_POINT('',#2764);
#2767=VERTEX_POINT('',#2765);
#2768=CARTESIAN_POINT('',(-1.5E0,-6.7E-1,0.E0));
#2769=VERTEX_POINT('',#2768);
#2770=CARTESIAN_POINT('',(-1.5E0,-7.5E-1,6.5E-1));
#2771=VERTEX_POINT('',#2770);
#2772=CARTESIAN_POINT('',(-1.5E0,-6.7E-1,9.5E-1));
#2773=VERTEX_POINT('',#2772);
#2774=CARTESIAN_POINT('',(1.5E0,-6.7E-1,9.5E-1));
#2775=VERTEX_POINT('',#2774);
#2776=CARTESIAN_POINT('',(-1.5E0,7.5E-1,6.5E-1));
#2777=CARTESIAN_POINT('',(-1.5E0,6.7E-1,0.E0));
#2778=VERTEX_POINT('',#2776);
#2779=VERTEX_POINT('',#2777);
#2780=CARTESIAN_POINT('',(1.5E0,6.7E-1,0.E0));
#2781=VERTEX_POINT('',#2780);
#2782=CARTESIAN_POINT('',(1.5E0,7.5E-1,6.5E-1));
#2783=VERTEX_POINT('',#2782);
#2784=CARTESIAN_POINT('',(1.5E0,6.7E-1,9.5E-1));
#2785=VERTEX_POINT('',#2784);
#2786=CARTESIAN_POINT('',(-1.5E0,6.7E-1,9.5E-1));
#2787=VERTEX_POINT('',#2786);
#2788=CARTESIAN_POINT('',(7.625E-1,-8.374589201026E-1,6.5E-1));
#2789=CARTESIAN_POINT('',(7.625E-1,-9.867589201026E-1,5.007E-1));
#2790=VERTEX_POINT('',#2788);
#2791=VERTEX_POINT('',#2789);
#2792=CARTESIAN_POINT('',(7.625E-1,-9.867589201026E-1,2.185E-1));
#2793=VERTEX_POINT('',#2792);
#2794=CARTESIAN_POINT('',(7.625E-1,-1.075258920103E0,1.3E-1));
#2795=VERTEX_POINT('',#2794);
#2796=CARTESIAN_POINT('',(7.625E-1,-1.375E0,1.3E-1));
#2797=VERTEX_POINT('',#2796);
#2798=CARTESIAN_POINT('',(7.625E-1,-1.375E0,-5.E-2));
#2799=VERTEX_POINT('',#2798);
#2800=CARTESIAN_POINT('',(7.625E-1,-1.075258920103E0,-5.E-2));
#2801=VERTEX_POINT('',#2800);
#2802=CARTESIAN_POINT('',(7.625E-1,-8.067589201026E-1,2.185E-1));
#2803=VERTEX_POINT('',#2802);
#2804=CARTESIAN_POINT('',(7.625E-1,-8.067589201026E-1,4.7E-1));
#2805=VERTEX_POINT('',#2804);
#2806=CARTESIAN_POINT('',(7.625E-1,8.067589201026E-1,4.7E-1));
#2807=CARTESIAN_POINT('',(7.625E-1,8.067589201026E-1,2.185E-1));
#2808=VERTEX_POINT('',#2806);
#2809=VERTEX_POINT('',#2807);
#2810=CARTESIAN_POINT('',(7.625E-1,1.075258920103E0,-5.E-2));
#2811=VERTEX_POINT('',#2810);
#2812=CARTESIAN_POINT('',(7.625E-1,1.375E0,-5.E-2));
#2813=VERTEX_POINT('',#2812);
#2814=CARTESIAN_POINT('',(7.625E-1,1.375E0,1.3E-1));
#2815=VERTEX_POINT('',#2814);
#2816=CARTESIAN_POINT('',(7.625E-1,1.075258920103E0,1.3E-1));
#2817=VERTEX_POINT('',#2816);
#2818=CARTESIAN_POINT('',(7.625E-1,9.867589201026E-1,2.185E-1));
#2819=VERTEX_POINT('',#2818);
#2820=CARTESIAN_POINT('',(7.625E-1,9.867589201026E-1,5.007E-1));
#2821=VERTEX_POINT('',#2820);
#2822=CARTESIAN_POINT('',(7.625E-1,8.374589201026E-1,6.5E-1));
#2823=VERTEX_POINT('',#2822);
#2824=CARTESIAN_POINT('',(1.1375E0,-8.374589201026E-1,6.5E-1));
#2825=CARTESIAN_POINT('',(1.1375E0,-9.867589201026E-1,5.007E-1));
#2826=VERTEX_POINT('',#2824);
#2827=VERTEX_POINT('',#2825);
#2828=CARTESIAN_POINT('',(1.1375E0,-9.867589201026E-1,2.185E-1));
#2829=VERTEX_POINT('',#2828);
#2830=CARTESIAN_POINT('',(1.1375E0,-1.075258920103E0,1.3E-1));
#2831=VERTEX_POINT('',#2830);
#2832=CARTESIAN_POINT('',(1.1375E0,-1.375E0,1.3E-1));
#2833=VERTEX_POINT('',#2832);
#2834=CARTESIAN_POINT('',(1.1375E0,-1.375E0,-5.E-2));
#2835=VERTEX_POINT('',#2834);
#2836=CARTESIAN_POINT('',(1.1375E0,-1.075258920103E0,-5.E-2));
#2837=VERTEX_POINT('',#2836);
#2838=CARTESIAN_POINT('',(1.1375E0,-8.067589201026E-1,2.185E-1));
#2839=VERTEX_POINT('',#2838);
#2840=CARTESIAN_POINT('',(1.1375E0,-8.067589201026E-1,4.7E-1));
#2841=VERTEX_POINT('',#2840);
#2842=CARTESIAN_POINT('',(1.1375E0,8.067589201026E-1,4.7E-1));
#2843=CARTESIAN_POINT('',(1.1375E0,8.067589201026E-1,2.185E-1));
#2844=VERTEX_POINT('',#2842);
#2845=VERTEX_POINT('',#2843);
#2846=CARTESIAN_POINT('',(1.1375E0,1.075258920103E0,-5.E-2));
#2847=VERTEX_POINT('',#2846);
#2848=CARTESIAN_POINT('',(1.1375E0,1.375E0,-5.E-2));
#2849=VERTEX_POINT('',#2848);
#2850=CARTESIAN_POINT('',(1.1375E0,1.375E0,1.3E-1));
#2851=VERTEX_POINT('',#2850);
#2852=CARTESIAN_POINT('',(1.1375E0,1.075258920103E0,1.3E-1));
#2853=VERTEX_POINT('',#2852);
#2854=CARTESIAN_POINT('',(1.1375E0,9.867589201026E-1,2.185E-1));
#2855=VERTEX_POINT('',#2854);
#2856=CARTESIAN_POINT('',(1.1375E0,9.867589201026E-1,5.007E-1));
#2857=VERTEX_POINT('',#2856);
#2858=CARTESIAN_POINT('',(1.1375E0,8.374589201026E-1,6.5E-1));
#2859=VERTEX_POINT('',#2858);
#2860=CARTESIAN_POINT('',(7.625E-1,-7.5E-1,6.5E-1));
#2861=CARTESIAN_POINT('',(1.1375E0,-7.5E-1,6.5E-1));
#2862=VERTEX_POINT('',#2860);
#2863=VERTEX_POINT('',#2861);
#2864=CARTESIAN_POINT('',(7.625E-1,7.5E-1,6.5E-1));
#2865=CARTESIAN_POINT('',(1.1375E0,7.5E-1,6.5E-1));
#2866=VERTEX_POINT('',#2864);
#2867=VERTEX_POINT('',#2865);
#2868=CARTESIAN_POINT('',(7.625E-1,-7.278461538462E-1,4.7E-1));
#2869=VERTEX_POINT('',#2868);
#2870=CARTESIAN_POINT('',(1.1375E0,-7.278461538462E-1,4.7E-1));
#2871=VERTEX_POINT('',#2870);
#2872=CARTESIAN_POINT('',(7.625E-1,7.278461538462E-1,4.7E-1));
#2873=VERTEX_POINT('',#2872);
#2874=CARTESIAN_POINT('',(1.1375E0,7.278461538462E-1,4.7E-1));
#2875=VERTEX_POINT('',#2874);
#2876=CARTESIAN_POINT('',(-1.875E-1,-8.374589201026E-1,6.5E-1));
#2877=CARTESIAN_POINT('',(-1.875E-1,-9.867589201026E-1,5.007E-1));
#2878=VERTEX_POINT('',#2876);
#2879=VERTEX_POINT('',#2877);
#2880=CARTESIAN_POINT('',(-1.875E-1,-9.867589201026E-1,2.185E-1));
#2881=VERTEX_POINT('',#2880);
#2882=CARTESIAN_POINT('',(-1.875E-1,-1.075258920103E0,1.3E-1));
#2883=VERTEX_POINT('',#2882);
#2884=CARTESIAN_POINT('',(-1.875E-1,-1.375E0,1.3E-1));
#2885=VERTEX_POINT('',#2884);
#2886=CARTESIAN_POINT('',(-1.875E-1,-1.375E0,-5.E-2));
#2887=VERTEX_POINT('',#2886);
#2888=CARTESIAN_POINT('',(-1.875E-1,-1.075258920103E0,-5.E-2));
#2889=VERTEX_POINT('',#2888);
#2890=CARTESIAN_POINT('',(-1.875E-1,-8.067589201026E-1,2.185E-1));
#2891=VERTEX_POINT('',#2890);
#2892=CARTESIAN_POINT('',(-1.875E-1,-8.067589201026E-1,4.7E-1));
#2893=VERTEX_POINT('',#2892);
#2894=CARTESIAN_POINT('',(1.875E-1,-8.374589201026E-1,6.5E-1));
#2895=CARTESIAN_POINT('',(1.875E-1,-9.867589201026E-1,5.007E-1));
#2896=VERTEX_POINT('',#2894);
#2897=VERTEX_POINT('',#2895);
#2898=CARTESIAN_POINT('',(1.875E-1,-9.867589201026E-1,2.185E-1));
#2899=VERTEX_POINT('',#2898);
#2900=CARTESIAN_POINT('',(1.875E-1,-1.075258920103E0,1.3E-1));
#2901=VERTEX_POINT('',#2900);
#2902=CARTESIAN_POINT('',(1.875E-1,-1.375E0,1.3E-1));
#2903=VERTEX_POINT('',#2902);
#2904=CARTESIAN_POINT('',(1.875E-1,-1.375E0,-5.E-2));
#2905=VERTEX_POINT('',#2904);
#2906=CARTESIAN_POINT('',(1.875E-1,-1.075258920103E0,-5.E-2));
#2907=VERTEX_POINT('',#2906);
#2908=CARTESIAN_POINT('',(1.875E-1,-8.067589201026E-1,2.185E-1));
#2909=VERTEX_POINT('',#2908);
#2910=CARTESIAN_POINT('',(1.875E-1,-8.067589201026E-1,4.7E-1));
#2911=VERTEX_POINT('',#2910);
#2912=CARTESIAN_POINT('',(-1.875E-1,-7.5E-1,6.5E-1));
#2913=CARTESIAN_POINT('',(1.875E-1,-7.5E-1,6.5E-1));
#2914=VERTEX_POINT('',#2912);
#2915=VERTEX_POINT('',#2913);
#2916=CARTESIAN_POINT('',(-1.875E-1,7.5E-1,6.5E-1));
#2917=CARTESIAN_POINT('',(1.875E-1,7.5E-1,6.5E-1));
#2918=VERTEX_POINT('',#2916);
#2919=VERTEX_POINT('',#2917);
#2920=CARTESIAN_POINT('',(-1.875E-1,-7.278461538462E-1,4.7E-1));
#2921=VERTEX_POINT('',#2920);
#2922=CARTESIAN_POINT('',(1.875E-1,-7.278461538462E-1,4.7E-1));
#2923=VERTEX_POINT('',#2922);
#2924=CARTESIAN_POINT('',(-1.875E-1,7.278461538462E-1,4.7E-1));
#2925=VERTEX_POINT('',#2924);
#2926=CARTESIAN_POINT('',(1.875E-1,7.278461538462E-1,4.7E-1));
#2927=VERTEX_POINT('',#2926);
#2928=CARTESIAN_POINT('',(-1.1375E0,-8.374589201026E-1,6.5E-1));
#2929=CARTESIAN_POINT('',(-1.1375E0,-9.867589201026E-1,5.007E-1));
#2930=VERTEX_POINT('',#2928);
#2931=VERTEX_POINT('',#2929);
#2932=CARTESIAN_POINT('',(-1.1375E0,-9.867589201026E-1,2.185E-1));
#2933=VERTEX_POINT('',#2932);
#2934=CARTESIAN_POINT('',(-1.1375E0,-1.075258920103E0,1.3E-1));
#2935=VERTEX_POINT('',#2934);
#2936=CARTESIAN_POINT('',(-1.1375E0,-1.375E0,1.3E-1));
#2937=VERTEX_POINT('',#2936);
#2938=CARTESIAN_POINT('',(-1.1375E0,-1.375E0,-5.E-2));
#2939=VERTEX_POINT('',#2938);
#2940=CARTESIAN_POINT('',(-1.1375E0,-1.075258920103E0,-5.E-2));
#2941=VERTEX_POINT('',#2940);
#2942=CARTESIAN_POINT('',(-1.1375E0,-8.067589201026E-1,2.185E-1));
#2943=VERTEX_POINT('',#2942);
#2944=CARTESIAN_POINT('',(-1.1375E0,-8.067589201026E-1,4.7E-1));
#2945=VERTEX_POINT('',#2944);
#2946=CARTESIAN_POINT('',(-1.1375E0,8.067589201026E-1,4.7E-1));
#2947=CARTESIAN_POINT('',(-1.1375E0,8.067589201026E-1,2.185E-1));
#2948=VERTEX_POINT('',#2946);
#2949=VERTEX_POINT('',#2947);
#2950=CARTESIAN_POINT('',(-1.1375E0,1.075258920103E0,-5.E-2));
#2951=VERTEX_POINT('',#2950);
#2952=CARTESIAN_POINT('',(-1.1375E0,1.375E0,-5.E-2));
#2953=VERTEX_POINT('',#2952);
#2954=CARTESIAN_POINT('',(-1.1375E0,1.375E0,1.3E-1));
#2955=VERTEX_POINT('',#2954);
#2956=CARTESIAN_POINT('',(-1.1375E0,1.075258920103E0,1.3E-1));
#2957=VERTEX_POINT('',#2956);
#2958=CARTESIAN_POINT('',(-1.1375E0,9.867589201026E-1,2.185E-1));
#2959=VERTEX_POINT('',#2958);
#2960=CARTESIAN_POINT('',(-1.1375E0,9.867589201026E-1,5.007E-1));
#2961=VERTEX_POINT('',#2960);
#2962=CARTESIAN_POINT('',(-1.1375E0,8.374589201026E-1,6.5E-1));
#2963=VERTEX_POINT('',#2962);
#2964=CARTESIAN_POINT('',(-7.625E-1,-8.374589201026E-1,6.5E-1));
#2965=CARTESIAN_POINT('',(-7.625E-1,-9.867589201026E-1,5.007E-1));
#2966=VERTEX_POINT('',#2964);
#2967=VERTEX_POINT('',#2965);
#2968=CARTESIAN_POINT('',(-7.625E-1,-9.867589201026E-1,2.185E-1));
#2969=VERTEX_POINT('',#2968);
#2970=CARTESIAN_POINT('',(-7.625E-1,-1.075258920103E0,1.3E-1));
#2971=VERTEX_POINT('',#2970);
#2972=CARTESIAN_POINT('',(-7.625E-1,-1.375E0,1.3E-1));
#2973=VERTEX_POINT('',#2972);
#2974=CARTESIAN_POINT('',(-7.625E-1,-1.375E0,-5.E-2));
#2975=VERTEX_POINT('',#2974);
#2976=CARTESIAN_POINT('',(-7.625E-1,-1.075258920103E0,-5.E-2));
#2977=VERTEX_POINT('',#2976);
#2978=CARTESIAN_POINT('',(-7.625E-1,-8.067589201026E-1,2.185E-1));
#2979=VERTEX_POINT('',#2978);
#2980=CARTESIAN_POINT('',(-7.625E-1,-8.067589201026E-1,4.7E-1));
#2981=VERTEX_POINT('',#2980);
#2982=CARTESIAN_POINT('',(-7.625E-1,8.067589201026E-1,4.7E-1));
#2983=CARTESIAN_POINT('',(-7.625E-1,8.067589201026E-1,2.185E-1));
#2984=VERTEX_POINT('',#2982);
#2985=VERTEX_POINT('',#2983);
#2986=CARTESIAN_POINT('',(-7.625E-1,1.075258920103E0,-5.E-2));
#2987=VERTEX_POINT('',#2986);
#2988=CARTESIAN_POINT('',(-7.625E-1,1.375E0,-5.E-2));
#2989=VERTEX_POINT('',#2988);
#2990=CARTESIAN_POINT('',(-7.625E-1,1.375E0,1.3E-1));
#2991=VERTEX_POINT('',#2990);
#2992=CARTESIAN_POINT('',(-7.625E-1,1.075258920103E0,1.3E-1));
#2993=VERTEX_POINT('',#2992);
#2994=CARTESIAN_POINT('',(-7.625E-1,9.867589201026E-1,2.185E-1));
#2995=VERTEX_POINT('',#2994);
#2996=CARTESIAN_POINT('',(-7.625E-1,9.867589201026E-1,5.007E-1));
#2997=VERTEX_POINT('',#2996);
#2998=CARTESIAN_POINT('',(-7.625E-1,8.374589201026E-1,6.5E-1));
#2999=VERTEX_POINT('',#2998);
#3000=CARTESIAN_POINT('',(-1.1375E0,-7.5E-1,6.5E-1));
#3001=CARTESIAN_POINT('',(-7.625E-1,-7.5E-1,6.5E-1));
#3002=VERTEX_POINT('',#3000);
#3003=VERTEX_POINT('',#3001);
#3004=CARTESIAN_POINT('',(-1.1375E0,7.5E-1,6.5E-1));
#3005=CARTESIAN_POINT('',(-7.625E-1,7.5E-1,6.5E-1));
#3006=VERTEX_POINT('',#3004);
#3007=VERTEX_POINT('',#3005);
#3008=CARTESIAN_POINT('',(-1.1375E0,-7.278461538462E-1,4.7E-1));
#3009=VERTEX_POINT('',#3008);
#3010=CARTESIAN_POINT('',(-7.625E-1,-7.278461538462E-1,4.7E-1));
#3011=VERTEX_POINT('',#3010);
#3012=CARTESIAN_POINT('',(-1.1375E0,7.278461538462E-1,4.7E-1));
#3013=VERTEX_POINT('',#3012);
#3014=CARTESIAN_POINT('',(-7.625E-1,7.278461538462E-1,4.7E-1));
#3015=VERTEX_POINT('',#3014);
#3016=CARTESIAN_POINT('',(-1.04465E0,-3.899E-1,9.51E-1));
#3017=CARTESIAN_POINT('',(-1.27655E0,-3.899E-1,9.51E-1));
#3018=VERTEX_POINT('',#3016);
#3019=VERTEX_POINT('',#3017);
#3020=CARTESIAN_POINT('',(-1.04465E0,-3.899E-1,9.5E-1));
#3021=CARTESIAN_POINT('',(-1.27655E0,-3.899E-1,9.5E-1));
#3022=VERTEX_POINT('',#3020);
#3023=VERTEX_POINT('',#3021);
#3024=CARTESIAN_POINT('',(-1.875E-1,7.907E-1,4.7E-1));
#3025=CARTESIAN_POINT('',(-1.875E-1,7.907E-1,6.5E-1));
#3026=VERTEX_POINT('',#3024);
#3027=VERTEX_POINT('',#3025);
#3028=CARTESIAN_POINT('',(1.875E-1,7.907E-1,4.7E-1));
#3029=CARTESIAN_POINT('',(1.875E-1,7.907E-1,6.5E-1));
#3030=VERTEX_POINT('',#3028);
#3031=VERTEX_POINT('',#3029);
#3032=CARTESIAN_POINT('',(5.472372763E-1,3.168354235318E-1,9.51E-1));
#3033=CARTESIAN_POINT('',(4.982594896862E-1,3.168354235318E-1,9.51E-1));
#3034=VERTEX_POINT('',#3032);
#3035=VERTEX_POINT('',#3033);
#3036=CARTESIAN_POINT('',(9.066338854674E-1,4.365255168222E-1,9.51E-1));
#3037=CARTESIAN_POINT('',(9.066338854674E-1,4.465943036740E-1,9.51E-1));
#3038=VERTEX_POINT('',#3036);
#3039=VERTEX_POINT('',#3037);
#3040=CARTESIAN_POINT('',(8.714608587530E-1,4.465943036740E-1,9.51E-1));
#3041=VERTEX_POINT('',#3040);
#3042=CARTESIAN_POINT('',(8.714608587530E-1,5.248418714478E-1,9.51E-1));
#3043=VERTEX_POINT('',#3042);
#3044=CARTESIAN_POINT('',(8.600601023405E-1,5.248418714478E-1,9.51E-1));
#3045=VERTEX_POINT('',#3044);
#3046=CARTESIAN_POINT('',(8.600601023405E-1,4.365255168222E-1,9.51E-1));
#3047=VERTEX_POINT('',#3046);
#3048=VERTEX_POINT('',#1589);
#3049=VERTEX_POINT('',#1592);
#3050=VERTEX_POINT('',#1617);
#3051=VERTEX_POINT('',#1607);
#3052=CARTESIAN_POINT('',(1.041546598975E0,4.365255168222E-1,9.51E-1));
#3053=CARTESIAN_POINT('',(1.041546598975E0,4.465943036740E-1,9.51E-1));
#3054=VERTEX_POINT('',#3052);
#3055=VERTEX_POINT('',#3053);
#3056=CARTESIAN_POINT('',(1.005447966295E0,4.465943036740E-1,9.51E-1));
#3057=VERTEX_POINT('',#3056);
#3058=CARTESIAN_POINT('',(1.005447966295E0,4.763039976120E-1,9.51E-1));
#3059=VERTEX_POINT('',#3058);
#3060=CARTESIAN_POINT('',(1.037031447920E0,4.763039976120E-1,9.51E-1));
#3061=VERTEX_POINT('',#3060);
#3062=CARTESIAN_POINT('',(1.037031447920E0,4.864179359741E-1,9.51E-1));
#3063=VERTEX_POINT('',#3062);
#3064=CARTESIAN_POINT('',(1.005447966295E0,4.864179359741E-1,9.51E-1));
#3065=VERTEX_POINT('',#3064);
#3066=CARTESIAN_POINT('',(1.005447966295E0,5.146827815755E-1,9.51E-1));
#3067=VERTEX_POINT('',#3066);
#3068=CARTESIAN_POINT('',(1.039537356756E0,5.146827815755E-1,9.51E-1));
#3069=VERTEX_POINT('',#3068);
#3070=CARTESIAN_POINT('',(1.039537356756E0,5.248418714478E-1,9.51E-1));
#3071=VERTEX_POINT('',#3070);
#3072=CARTESIAN_POINT('',(9.940472098823E-1,5.248418714478E-1,9.51E-1));
#3073=VERTEX_POINT('',#3072);
#3074=CARTESIAN_POINT('',(9.940472098823E-1,4.365255168222E-1,9.51E-1));
#3075=VERTEX_POINT('',#3074);
#3076=VERTEX_POINT('',#1667);
#3077=VERTEX_POINT('',#1670);
#3078=VERTEX_POINT('',#1688);
#3079=VERTEX_POINT('',#1680);
#3080=VERTEX_POINT('',#1690);
#3081=VERTEX_POINT('',#1693);
#3082=VERTEX_POINT('',#1711);
#3083=VERTEX_POINT('',#1703);
#3084=VERTEX_POINT('',#1713);
#3085=VERTEX_POINT('',#1716);
#3086=VERTEX_POINT('',#1736);
#3087=VERTEX_POINT('',#1731);
#3088=VERTEX_POINT('',#1726);
#3089=CARTESIAN_POINT('',(1.214499460118E0,4.365255168222E-1,9.51E-1));
#3090=CARTESIAN_POINT('',(1.180861584762E0,5.248418714478E-1,9.51E-1));
#3091=VERTEX_POINT('',#3089);
#3092=VERTEX_POINT('',#3090);
#3093=CARTESIAN_POINT('',(1.168670676915E0,5.248418714478E-1,9.51E-1));
#3094=VERTEX_POINT('',#3093);
#3095=CARTESIAN_POINT('',(1.135032801559E0,4.365255168222E-1,9.51E-1));
#3096=VERTEX_POINT('',#3095);
#3097=CARTESIAN_POINT('',(1.147630073E0,4.365255168222E-1,9.51E-1));
#3098=VERTEX_POINT('',#3097);
#3099=CARTESIAN_POINT('',(1.156118556984E0,4.606815749633E-1,9.51E-1));
#3100=VERTEX_POINT('',#3099);
#3101=CARTESIAN_POINT('',(1.192894462323E0,4.606815749633E-1,9.51E-1));
#3102=VERTEX_POINT('',#3101);
#3103=CARTESIAN_POINT('',(1.201902188676E0,4.365255168222E-1,9.51E-1));
#3104=VERTEX_POINT('',#3103);
#3105=CARTESIAN_POINT('',(9.075594914336E-1,2.964203796017E-1,9.51E-1));
#3106=CARTESIAN_POINT('',(9.075594914336E-1,3.064891664535E-1,9.51E-1));
#3107=VERTEX_POINT('',#3105);
#3108=VERTEX_POINT('',#3106);
#3109=CARTESIAN_POINT('',(8.714608587530E-1,3.064891664535E-1,9.51E-1));
#3110=VERTEX_POINT('',#3109);
#3111=CARTESIAN_POINT('',(8.714608587530E-1,3.361988603915E-1,9.51E-1));
#3112=VERTEX_POINT('',#3111);
#3113=CARTESIAN_POINT('',(9.030443403787E-1,3.361988603915E-1,9.51E-1));
#3114=VERTEX_POINT('',#3113);
#3115=CARTESIAN_POINT('',(9.030443403787E-1,3.463127987535E-1,9.51E-1));
#3116=VERTEX_POINT('',#3115);
#3117=CARTESIAN_POINT('',(8.714608587530E-1,3.463127987535E-1,9.51E-1));
#3118=VERTEX_POINT('',#3117);
#3119=CARTESIAN_POINT('',(8.714608587530E-1,3.745776443549E-1,9.51E-1));
#3120=VERTEX_POINT('',#3119);
#3121=CARTESIAN_POINT('',(9.055502492139E-1,3.745776443549E-1,9.51E-1));
#3122=VERTEX_POINT('',#3121);
#3123=CARTESIAN_POINT('',(9.055502492139E-1,3.847367342272E-1,9.51E-1));
#3124=VERTEX_POINT('',#3123);
#3125=CARTESIAN_POINT('',(8.600601023405E-1,3.847367342272E-1,9.51E-1));
#3126=VERTEX_POINT('',#3125);
#3127=CARTESIAN_POINT('',(8.600601023405E-1,2.964203796017E-1,9.51E-1));
#3128=VERTEX_POINT('',#3127);
#3129=VERTEX_POINT('',#1818);
#3130=VERTEX_POINT('',#1821);
#3131=VERTEX_POINT('',#1836);
#3132=VERTEX_POINT('',#1838);
#3133=VERTEX_POINT('',#1841);
#3134=VERTEX_POINT('',#1881);
#3135=VERTEX_POINT('',#1876);
#3136=VERTEX_POINT('',#1871);
#3137=VERTEX_POINT('',#1865);
#3138=VERTEX_POINT('',#1860);
#3139=VERTEX_POINT('',#1854);
#3140=VERTEX_POINT('',#1883);
#3141=VERTEX_POINT('',#1886);
#3142=VERTEX_POINT('',#1918);
#3143=VERTEX_POINT('',#1904);
#3144=VERTEX_POINT('',#1920);
#3145=VERTEX_POINT('',#1923);
#3146=VERTEX_POINT('',#1980);
#3147=VERTEX_POINT('',#1975);
#3148=VERTEX_POINT('',#1970);
#3149=VERTEX_POINT('',#1965);
#3150=VERTEX_POINT('',#1960);
#3151=VERTEX_POINT('',#1954);
#3152=VERTEX_POINT('',#1949);
#3153=VERTEX_POINT('',#1943);
#3154=VERTEX_POINT('',#1938);
#3155=VERTEX_POINT('',#1933);
#3156=CARTESIAN_POINT('',(1.152145224055E0,2.964203796017E-1,9.51E-1));
#3157=CARTESIAN_POINT('',(1.152145224055E0,3.064891664535E-1,9.51E-1));
#3158=VERTEX_POINT('',#3156);
#3159=VERTEX_POINT('',#3157);
#3160=CARTESIAN_POINT('',(1.116046591375E0,3.064891664535E-1,9.51E-1));
#3161=VERTEX_POINT('',#3160);
#3162=CARTESIAN_POINT('',(1.116046591375E0,3.361988603915E-1,9.51E-1));
#3163=VERTEX_POINT('',#3162);
#3164=CARTESIAN_POINT('',(1.147630073E0,3.361988603915E-1,9.51E-1));
#3165=VERTEX_POINT('',#3164);
#3166=CARTESIAN_POINT('',(1.147630073E0,3.463127987535E-1,9.51E-1));
#3167=VERTEX_POINT('',#3166);
#3168=CARTESIAN_POINT('',(1.116046591375E0,3.463127987535E-1,9.51E-1));
#3169=VERTEX_POINT('',#3168);
#3170=CARTESIAN_POINT('',(1.116046591375E0,3.745776443549E-1,9.51E-1));
#3171=VERTEX_POINT('',#3170);
#3172=CARTESIAN_POINT('',(1.150135981836E0,3.745776443549E-1,9.51E-1));
#3173=VERTEX_POINT('',#3172);
#3174=CARTESIAN_POINT('',(1.150135981836E0,3.847367342272E-1,9.51E-1));
#3175=VERTEX_POINT('',#3174);
#3176=CARTESIAN_POINT('',(1.104645834962E0,3.847367342272E-1,9.51E-1));
#3177=VERTEX_POINT('',#3176);
#3178=CARTESIAN_POINT('',(1.104645834962E0,2.964203796017E-1,9.51E-1));
#3179=VERTEX_POINT('',#3178);
#3180=VERTEX_POINT('',#2030);
#3181=VERTEX_POINT('',#2033);
#3182=VERTEX_POINT('',#2051);
#3183=VERTEX_POINT('',#2043);
#3184=VERTEX_POINT('',#2053);
#3185=VERTEX_POINT('',#2056);
#3186=VERTEX_POINT('',#2074);
#3187=VERTEX_POINT('',#2066);
#3188=VERTEX_POINT('',#2076);
#3189=VERTEX_POINT('',#2079);
#3190=VERTEX_POINT('',#2099);
#3191=VERTEX_POINT('',#2094);
#3192=VERTEX_POINT('',#2089);
#3193=CARTESIAN_POINT('',(1.325098085198E0,2.964203796017E-1,9.51E-1));
#3194=CARTESIAN_POINT('',(1.291460209841E0,3.847367342272E-1,9.51E-1));
#3195=VERTEX_POINT('',#3193);
#3196=VERTEX_POINT('',#3194);
#3197=CARTESIAN_POINT('',(1.279269301994E0,3.847367342272E-1,9.51E-1));
#3198=VERTEX_POINT('',#3197);
#3199=CARTESIAN_POINT('',(1.245631426639E0,2.964203796017E-1,9.51E-1));
#3200=VERTEX_POINT('',#3199);
#3201=CARTESIAN_POINT('',(1.258228698080E0,2.964203796017E-1,9.51E-1));
#3202=VERTEX_POINT('',#3201);
#3203=CARTESIAN_POINT('',(1.266717182064E0,3.205764377427E-1,9.51E-1));
#3204=VERTEX_POINT('',#3203);
#3205=CARTESIAN_POINT('',(1.303493087403E0,3.205764377427E-1,9.51E-1));
#3206=VERTEX_POINT('',#3205);
#3207=CARTESIAN_POINT('',(1.312500813756E0,2.964203796017E-1,9.51E-1));
#3208=VERTEX_POINT('',#3207);
#3209=VERTEX_POINT('',#2133);
#3210=VERTEX_POINT('',#2139);
#3211=VERTEX_POINT('',#2230);
#3212=VERTEX_POINT('',#2221);
#3213=VERTEX_POINT('',#2214);
#3214=VERTEX_POINT('',#2209);
#3215=VERTEX_POINT('',#2204);
#3216=VERTEX_POINT('',#2199);
#3217=VERTEX_POINT('',#2193);
#3218=VERTEX_POINT('',#2186);
#3219=VERTEX_POINT('',#2180);
#3220=VERTEX_POINT('',#2173);
#3221=VERTEX_POINT('',#2168);
#3222=VERTEX_POINT('',#2161);
#3223=VERTEX_POINT('',#2156);
#3224=VERTEX_POINT('',#2151);
#3225=CARTESIAN_POINT('',(4.982594896862E-1,3.168354235318E-1,9.5E-1));
#3226=CARTESIAN_POINT('',(5.472372763E-1,3.168354235318E-1,9.5E-1));
#3227=VERTEX_POINT('',#3225);
#3228=VERTEX_POINT('',#3226);
#3229=CARTESIAN_POINT('',(9.066338854674E-1,4.365255168222E-1,9.5E-1));
#3230=CARTESIAN_POINT('',(9.066338854674E-1,4.465943036740E-1,9.5E-1));
#3231=VERTEX_POINT('',#3229);
#3232=VERTEX_POINT('',#3230);
#3233=CARTESIAN_POINT('',(8.714608587530E-1,4.465943036740E-1,9.5E-1));
#3234=VERTEX_POINT('',#3233);
#3235=CARTESIAN_POINT('',(8.714608587530E-1,5.248418714478E-1,9.5E-1));
#3236=VERTEX_POINT('',#3235);
#3237=CARTESIAN_POINT('',(8.600601023405E-1,5.248418714478E-1,9.5E-1));
#3238=VERTEX_POINT('',#3237);
#3239=CARTESIAN_POINT('',(8.600601023405E-1,4.365255168222E-1,9.5E-1));
#3240=VERTEX_POINT('',#3239);
#3241=VERTEX_POINT('',#894);
#3242=VERTEX_POINT('',#897);
#3243=VERTEX_POINT('',#899);
#3244=VERTEX_POINT('',#912);
#3245=CARTESIAN_POINT('',(1.041546598975E0,4.365255168222E-1,9.5E-1));
#3246=CARTESIAN_POINT('',(1.041546598975E0,4.465943036740E-1,9.5E-1));
#3247=VERTEX_POINT('',#3245);
#3248=VERTEX_POINT('',#3246);
#3249=CARTESIAN_POINT('',(1.005447966295E0,4.465943036740E-1,9.5E-1));
#3250=VERTEX_POINT('',#3249);
#3251=CARTESIAN_POINT('',(1.005447966295E0,4.763039976120E-1,9.5E-1));
#3252=VERTEX_POINT('',#3251);
#3253=CARTESIAN_POINT('',(1.037031447920E0,4.763039976120E-1,9.5E-1));
#3254=VERTEX_POINT('',#3253);
#3255=CARTESIAN_POINT('',(1.037031447920E0,4.864179359741E-1,9.5E-1));
#3256=VERTEX_POINT('',#3255);
#3257=CARTESIAN_POINT('',(1.005447966295E0,4.864179359741E-1,9.5E-1));
#3258=VERTEX_POINT('',#3257);
#3259=CARTESIAN_POINT('',(1.005447966295E0,5.146827815755E-1,9.5E-1));
#3260=VERTEX_POINT('',#3259);
#3261=CARTESIAN_POINT('',(1.039537356756E0,5.146827815755E-1,9.5E-1));
#3262=VERTEX_POINT('',#3261);
#3263=CARTESIAN_POINT('',(1.039537356756E0,5.248418714478E-1,9.5E-1));
#3264=VERTEX_POINT('',#3263);
#3265=CARTESIAN_POINT('',(9.940472098823E-1,5.248418714478E-1,9.5E-1));
#3266=VERTEX_POINT('',#3265);
#3267=CARTESIAN_POINT('',(9.940472098823E-1,4.365255168222E-1,9.5E-1));
#3268=VERTEX_POINT('',#3267);
#3269=VERTEX_POINT('',#972);
#3270=VERTEX_POINT('',#975);
#3271=VERTEX_POINT('',#977);
#3272=VERTEX_POINT('',#988);
#3273=VERTEX_POINT('',#995);
#3274=VERTEX_POINT('',#998);
#3275=VERTEX_POINT('',#1000);
#3276=VERTEX_POINT('',#1011);
#3277=VERTEX_POINT('',#1018);
#3278=VERTEX_POINT('',#1021);
#3279=VERTEX_POINT('',#1026);
#3280=VERTEX_POINT('',#1031);
#3281=VERTEX_POINT('',#1036);
#3282=CARTESIAN_POINT('',(1.214499460118E0,4.365255168222E-1,9.5E-1));
#3283=CARTESIAN_POINT('',(1.180861584762E0,5.248418714478E-1,9.5E-1));
#3284=VERTEX_POINT('',#3282);
#3285=VERTEX_POINT('',#3283);
#3286=CARTESIAN_POINT('',(1.168670676915E0,5.248418714478E-1,9.5E-1));
#3287=VERTEX_POINT('',#3286);
#3288=CARTESIAN_POINT('',(1.135032801559E0,4.365255168222E-1,9.5E-1));
#3289=VERTEX_POINT('',#3288);
#3290=CARTESIAN_POINT('',(1.147630073E0,4.365255168222E-1,9.5E-1));
#3291=VERTEX_POINT('',#3290);
#3292=CARTESIAN_POINT('',(1.156118556984E0,4.606815749633E-1,9.5E-1));
#3293=VERTEX_POINT('',#3292);
#3294=CARTESIAN_POINT('',(1.192894462323E0,4.606815749633E-1,9.5E-1));
#3295=VERTEX_POINT('',#3294);
#3296=CARTESIAN_POINT('',(1.201902188676E0,4.365255168222E-1,9.5E-1));
#3297=VERTEX_POINT('',#3296);
#3298=CARTESIAN_POINT('',(9.075594914336E-1,2.964203796017E-1,9.5E-1));
#3299=CARTESIAN_POINT('',(9.075594914336E-1,3.064891664535E-1,9.5E-1));
#3300=VERTEX_POINT('',#3298);
#3301=VERTEX_POINT('',#3299);
#3302=CARTESIAN_POINT('',(8.714608587530E-1,3.064891664535E-1,9.5E-1));
#3303=VERTEX_POINT('',#3302);
#3304=CARTESIAN_POINT('',(8.714608587530E-1,3.361988603915E-1,9.5E-1));
#3305=VERTEX_POINT('',#3304);
#3306=CARTESIAN_POINT('',(9.030443403787E-1,3.361988603915E-1,9.5E-1));
#3307=VERTEX_POINT('',#3306);
#3308=CARTESIAN_POINT('',(9.030443403787E-1,3.463127987535E-1,9.5E-1));
#3309=VERTEX_POINT('',#3308);
#3310=CARTESIAN_POINT('',(8.714608587530E-1,3.463127987535E-1,9.5E-1));
#3311=VERTEX_POINT('',#3310);
#3312=CARTESIAN_POINT('',(8.714608587530E-1,3.745776443549E-1,9.5E-1));
#3313=VERTEX_POINT('',#3312);
#3314=CARTESIAN_POINT('',(9.055502492139E-1,3.745776443549E-1,9.5E-1));
#3315=VERTEX_POINT('',#3314);
#3316=CARTESIAN_POINT('',(9.055502492139E-1,3.847367342272E-1,9.5E-1));
#3317=VERTEX_POINT('',#3316);
#3318=CARTESIAN_POINT('',(8.600601023405E-1,3.847367342272E-1,9.5E-1));
#3319=VERTEX_POINT('',#3318);
#3320=CARTESIAN_POINT('',(8.600601023405E-1,2.964203796017E-1,9.5E-1));
#3321=VERTEX_POINT('',#3320);
#3322=VERTEX_POINT('',#1123);
#3323=VERTEX_POINT('',#1126);
#3324=VERTEX_POINT('',#1131);
#3325=VERTEX_POINT('',#1143);
#3326=VERTEX_POINT('',#1146);
#3327=VERTEX_POINT('',#1151);
#3328=VERTEX_POINT('',#1156);
#3329=VERTEX_POINT('',#1158);
#3330=VERTEX_POINT('',#1167);
#3331=VERTEX_POINT('',#1169);
#3332=VERTEX_POINT('',#1178);
#3333=VERTEX_POINT('',#1188);
#3334=VERTEX_POINT('',#1191);
#3335=VERTEX_POINT('',#1193);
#3336=VERTEX_POINT('',#1210);
#3337=VERTEX_POINT('',#1225);
#3338=VERTEX_POINT('',#1228);
#3339=VERTEX_POINT('',#1233);
#3340=VERTEX_POINT('',#1238);
#3341=VERTEX_POINT('',#1243);
#3342=VERTEX_POINT('',#1248);
#3343=VERTEX_POINT('',#1250);
#3344=VERTEX_POINT('',#1259);
#3345=VERTEX_POINT('',#1261);
#3346=VERTEX_POINT('',#1270);
#3347=VERTEX_POINT('',#1275);
#3348=VERTEX_POINT('',#1280);
#3349=CARTESIAN_POINT('',(1.152145224055E0,2.964203796017E-1,9.5E-1));
#3350=CARTESIAN_POINT('',(1.152145224055E0,3.064891664535E-1,9.5E-1));
#3351=VERTEX_POINT('',#3349);
#3352=VERTEX_POINT('',#3350);
#3353=CARTESIAN_POINT('',(1.116046591375E0,3.064891664535E-1,9.5E-1));
#3354=VERTEX_POINT('',#3353);
#3355=CARTESIAN_POINT('',(1.116046591375E0,3.361988603915E-1,9.5E-1));
#3356=VERTEX_POINT('',#3355);
#3357=CARTESIAN_POINT('',(1.147630073E0,3.361988603915E-1,9.5E-1));
#3358=VERTEX_POINT('',#3357);
#3359=CARTESIAN_POINT('',(1.147630073E0,3.463127987535E-1,9.5E-1));
#3360=VERTEX_POINT('',#3359);
#3361=CARTESIAN_POINT('',(1.116046591375E0,3.463127987535E-1,9.5E-1));
#3362=VERTEX_POINT('',#3361);
#3363=CARTESIAN_POINT('',(1.116046591375E0,3.745776443549E-1,9.5E-1));
#3364=VERTEX_POINT('',#3363);
#3365=CARTESIAN_POINT('',(1.150135981836E0,3.745776443549E-1,9.5E-1));
#3366=VERTEX_POINT('',#3365);
#3367=CARTESIAN_POINT('',(1.150135981836E0,3.847367342272E-1,9.5E-1));
#3368=VERTEX_POINT('',#3367);
#3369=CARTESIAN_POINT('',(1.104645834962E0,3.847367342272E-1,9.5E-1));
#3370=VERTEX_POINT('',#3369);
#3371=CARTESIAN_POINT('',(1.104645834962E0,2.964203796017E-1,9.5E-1));
#3372=VERTEX_POINT('',#3371);
#3373=VERTEX_POINT('',#1335);
#3374=VERTEX_POINT('',#1338);
#3375=VERTEX_POINT('',#1340);
#3376=VERTEX_POINT('',#1351);
#3377=VERTEX_POINT('',#1358);
#3378=VERTEX_POINT('',#1361);
#3379=VERTEX_POINT('',#1363);
#3380=VERTEX_POINT('',#1374);
#3381=VERTEX_POINT('',#1381);
#3382=VERTEX_POINT('',#1384);
#3383=VERTEX_POINT('',#1389);
#3384=VERTEX_POINT('',#1394);
#3385=VERTEX_POINT('',#1399);
#3386=CARTESIAN_POINT('',(1.325098085198E0,2.964203796017E-1,9.5E-1));
#3387=CARTESIAN_POINT('',(1.291460209841E0,3.847367342272E-1,9.5E-1));
#3388=VERTEX_POINT('',#3386);
#3389=VERTEX_POINT('',#3387);
#3390=CARTESIAN_POINT('',(1.279269301994E0,3.847367342272E-1,9.5E-1));
#3391=VERTEX_POINT('',#3390);
#3392=CARTESIAN_POINT('',(1.245631426639E0,2.964203796017E-1,9.5E-1));
#3393=VERTEX_POINT('',#3392);
#3394=CARTESIAN_POINT('',(1.258228698080E0,2.964203796017E-1,9.5E-1));
#3395=VERTEX_POINT('',#3394);
#3396=CARTESIAN_POINT('',(1.266717182064E0,3.205764377427E-1,9.5E-1));
#3397=VERTEX_POINT('',#3396);
#3398=CARTESIAN_POINT('',(1.303493087403E0,3.205764377427E-1,9.5E-1));
#3399=VERTEX_POINT('',#3398);
#3400=CARTESIAN_POINT('',(1.312500813756E0,2.964203796017E-1,9.5E-1));
#3401=VERTEX_POINT('',#3400);
#3402=VERTEX_POINT('',#1438);
#3403=VERTEX_POINT('',#1444);
#3404=VERTEX_POINT('',#1453);
#3405=VERTEX_POINT('',#1460);
#3406=VERTEX_POINT('',#1465);
#3407=VERTEX_POINT('',#1470);
#3408=VERTEX_POINT('',#1475);
#3409=VERTEX_POINT('',#1481);
#3410=VERTEX_POINT('',#1488);
#3411=VERTEX_POINT('',#1494);
#3412=VERTEX_POINT('',#1501);
#3413=VERTEX_POINT('',#1506);
#3414=VERTEX_POINT('',#1513);
#3415=VERTEX_POINT('',#1518);
#3416=VERTEX_POINT('',#1523);
#3417=VERTEX_POINT('',#1528);
#3418=CARTESIAN_POINT('',(0.E0,0.E0,0.E0));
#3419=DIRECTION('',(0.E0,0.E0,1.E0));
#3420=DIRECTION('',(1.E0,0.E0,0.E0));
#3421=AXIS2_PLACEMENT_3D('',#3418,#3419,#3420);
#3422=PLANE('',#3421);
#3424=ORIENTED_EDGE('',*,*,#3423,.F.);
#3426=ORIENTED_EDGE('',*,*,#3425,.T.);
#3428=ORIENTED_EDGE('',*,*,#3427,.F.);
#3430=ORIENTED_EDGE('',*,*,#3429,.T.);
#3431=EDGE_LOOP('',(#3424,#3426,#3428,#3430));
#3432=FACE_OUTER_BOUND('',#3431,.F.);
#3433=ADVANCED_FACE('',(#3432),#3422,.F.);
#3434=FILL_AREA_STYLE_COLOUR('',#3);
#3435=FILL_AREA_STYLE('',(#3434));
#3436=SURFACE_STYLE_FILL_AREA(#3435);
#3437=SURFACE_SIDE_STYLE('',(#3436));
#3438=SURFACE_STYLE_USAGE(.POSITIVE.,#3437);
#3439=PRESENTATION_STYLE_ASSIGNMENT((#3438));
#3440=STYLED_ITEM('',(#3439),#3433);
#3441=CARTESIAN_POINT('',(0.E0,-7.1E-1,3.25E-1));
#3442=DIRECTION('',(0.E0,-9.925110109136E-1,-1.221552013432E-1));
#3443=DIRECTION('',(0.E0,-1.221552013432E-1,9.925110109136E-1));
#3444=AXIS2_PLACEMENT_3D('',#3441,#3442,#3443);
#3445=PLANE('',#3444);
#3447=ORIENTED_EDGE('',*,*,#3446,.F.);
#3449=ORIENTED_EDGE('',*,*,#3448,.T.);
#3451=ORIENTED_EDGE('',*,*,#3450,.T.);
#3453=ORIENTED_EDGE('',*,*,#3452,.F.);
#3455=ORIENTED_EDGE('',*,*,#3454,.F.);
#3457=ORIENTED_EDGE('',*,*,#3456,.T.);
#3459=ORIENTED_EDGE('',*,*,#3458,.T.);
#3461=ORIENTED_EDGE('',*,*,#3460,.F.);
#3463=ORIENTED_EDGE('',*,*,#3462,.F.);
#3465=ORIENTED_EDGE('',*,*,#3464,.T.);
#3467=ORIENTED_EDGE('',*,*,#3466,.T.);
#3469=ORIENTED_EDGE('',*,*,#3468,.F.);
#3471=ORIENTED_EDGE('',*,*,#3470,.T.);
#3472=ORIENTED_EDGE('',*,*,#3423,.T.);
#3474=ORIENTED_EDGE('',*,*,#3473,.T.);
#3476=ORIENTED_EDGE('',*,*,#3475,.F.);
#3477=EDGE_LOOP('',(#3447,#3449,#3451,#3453,#3455,#3457,#3459,#3461,#3463,#3465,
#3467,#3469,#3471,#3472,#3474,#3476));
#3478=FACE_OUTER_BOUND('',#3477,.F.);
#3479=ADVANCED_FACE('',(#3478),#3445,.T.);
#3480=FILL_AREA_STYLE_COLOUR('',#3);
#3481=FILL_AREA_STYLE('',(#3480));
#3482=SURFACE_STYLE_FILL_AREA(#3481);
#3483=SURFACE_SIDE_STYLE('',(#3482));
#3484=SURFACE_STYLE_USAGE(.POSITIVE.,#3483);
#3485=PRESENTATION_STYLE_ASSIGNMENT((#3484));
#3486=STYLED_ITEM('',(#3485),#3479);
#3487=CARTESIAN_POINT('',(-1.1375E0,0.E0,0.E0));
#3488=DIRECTION('',(1.E0,0.E0,0.E0));
#3489=DIRECTION('',(0.E0,1.E0,0.E0));
#3490=AXIS2_PLACEMENT_3D('',#3487,#3488,#3489);
#3491=PLANE('',#3490);
#3492=ORIENTED_EDGE('',*,*,#3446,.T.);
#3494=ORIENTED_EDGE('',*,*,#3493,.T.);
#3496=ORIENTED_EDGE('',*,*,#3495,.T.);
#3498=ORIENTED_EDGE('',*,*,#3497,.T.);
#3500=ORIENTED_EDGE('',*,*,#3499,.T.);
#3502=ORIENTED_EDGE('',*,*,#3501,.T.);
#3504=ORIENTED_EDGE('',*,*,#3503,.T.);
#3506=ORIENTED_EDGE('',*,*,#3505,.T.);
#3508=ORIENTED_EDGE('',*,*,#3507,.T.);
#3510=ORIENTED_EDGE('',*,*,#3509,.T.);
#3512=ORIENTED_EDGE('',*,*,#3511,.T.);
#3513=EDGE_LOOP('',(#3492,#3494,#3496,#3498,#3500,#3502,#3504,#3506,#3508,#3510,
#3512));
#3514=FACE_OUTER_BOUND('',#3513,.F.);
#3515=ADVANCED_FACE('',(#3514),#3491,.F.);
#3516=FILL_AREA_STYLE_COLOUR('',#9);
#3517=FILL_AREA_STYLE('',(#3516));
#3518=SURFACE_STYLE_FILL_AREA(#3517);
#3519=SURFACE_SIDE_STYLE('',(#3518));
#3520=SURFACE_STYLE_USAGE(.POSITIVE.,#3519);
#3521=PRESENTATION_STYLE_ASSIGNMENT((#3520));
#3522=STYLED_ITEM('',(#3521),#3515);
#3523=CARTESIAN_POINT('',(-1.1375E0,0.E0,0.E0));
#3524=DIRECTION('',(1.E0,0.E0,0.E0));
#3525=DIRECTION('',(0.E0,1.E0,0.E0));
#3526=AXIS2_PLACEMENT_3D('',#3523,#3524,#3525);
#3527=PLANE('',#3526);
#3529=ORIENTED_EDGE('',*,*,#3528,.F.);
#3531=ORIENTED_EDGE('',*,*,#3530,.T.);
#3533=ORIENTED_EDGE('',*,*,#3532,.T.);
#3535=ORIENTED_EDGE('',*,*,#3534,.T.);
#3537=ORIENTED_EDGE('',*,*,#3536,.T.);
#3539=ORIENTED_EDGE('',*,*,#3538,.T.);
#3541=ORIENTED_EDGE('',*,*,#3540,.T.);
#3543=ORIENTED_EDGE('',*,*,#3542,.T.);
#3545=ORIENTED_EDGE('',*,*,#3544,.T.);
#3547=ORIENTED_EDGE('',*,*,#3546,.T.);
#3549=ORIENTED_EDGE('',*,*,#3548,.T.);
#3550=EDGE_LOOP('',(#3529,#3531,#3533,#3535,#3537,#3539,#3541,#3543,#3545,#3547,
#3549));
#3551=FACE_OUTER_BOUND('',#3550,.F.);
#3552=ADVANCED_FACE('',(#3551),#3527,.F.);
#3553=FILL_AREA_STYLE_COLOUR('',#9);
#3554=FILL_AREA_STYLE('',(#3553));
#3555=SURFACE_STYLE_FILL_AREA(#3554);
#3556=SURFACE_SIDE_STYLE('',(#3555));
#3557=SURFACE_STYLE_USAGE(.POSITIVE.,#3556);
#3558=PRESENTATION_STYLE_ASSIGNMENT((#3557));
#3559=STYLED_ITEM('',(#3558),#3552);
#3560=CARTESIAN_POINT('',(-1.1375E0,-7.5E-1,6.5E-1));
#3561=DIRECTION('',(0.E0,0.E0,1.E0));
#3562=DIRECTION('',(0.E0,-1.E0,0.E0));
#3563=AXIS2_PLACEMENT_3D('',#3560,#3561,#3562);
#3564=PLANE('',#3563);
#3566=ORIENTED_EDGE('',*,*,#3565,.T.);
#3568=ORIENTED_EDGE('',*,*,#3567,.T.);
#3570=ORIENTED_EDGE('',*,*,#3569,.F.);
#3571=ORIENTED_EDGE('',*,*,#3493,.F.);
#3572=EDGE_LOOP('',(#3566,#3568,#3570,#3571));
#3573=FACE_OUTER_BOUND('',#3572,.F.);
#3574=ADVANCED_FACE('',(#3573),#3564,.T.);
#3575=FILL_AREA_STYLE_COLOUR('',#9);
#3576=FILL_AREA_STYLE('',(#3575));
#3577=SURFACE_STYLE_FILL_AREA(#3576);
#3578=SURFACE_SIDE_STYLE('',(#3577));
#3579=SURFACE_STYLE_USAGE(.POSITIVE.,#3578);
#3580=PRESENTATION_STYLE_ASSIGNMENT((#3579));
#3581=STYLED_ITEM('',(#3580),#3574);
#3582=CARTESIAN_POINT('',(0.E0,-7.1E-1,8.E-1));
#3583=DIRECTION('',(0.E0,-9.662349396012E-1,2.576626505603E-1));
#3584=DIRECTION('',(0.E0,-2.576626505603E-1,-9.662349396012E-1));
#3585=AXIS2_PLACEMENT_3D('',#3582,#3583,#3584);
#3586=PLANE('',#3585);
#3587=ORIENTED_EDGE('',*,*,#3565,.F.);
#3588=ORIENTED_EDGE('',*,*,#3475,.T.);
#3590=ORIENTED_EDGE('',*,*,#3589,.T.);
#3592=ORIENTED_EDGE('',*,*,#3591,.T.);
#3594=ORIENTED_EDGE('',*,*,#3593,.T.);
#3595=ORIENTED_EDGE('',*,*,#3468,.T.);
#3597=ORIENTED_EDGE('',*,*,#3596,.F.);
#3598=ORIENTED_EDGE('',*,*,#3460,.T.);
#3600=ORIENTED_EDGE('',*,*,#3599,.F.);
#3601=ORIENTED_EDGE('',*,*,#3452,.T.);
#3602=EDGE_LOOP('',(#3587,#3588,#3590,#3592,#3594,#3595,#3597,#3598,#3600,
#3601));
#3603=FACE_OUTER_BOUND('',#3602,.F.);
#3604=ADVANCED_FACE('',(#3603),#3586,.T.);
#3605=FILL_AREA_STYLE_COLOUR('',#3);
#3606=FILL_AREA_STYLE('',(#3605));
#3607=SURFACE_STYLE_FILL_AREA(#3606);
#3608=SURFACE_SIDE_STYLE('',(#3607));
#3609=SURFACE_STYLE_USAGE(.POSITIVE.,#3608);
#3610=PRESENTATION_STYLE_ASSIGNMENT((#3609));
#3611=STYLED_ITEM('',(#3610),#3604);
#3612=CARTESIAN_POINT('',(-1.5E0,7.5E-1,0.E0));
#3613=DIRECTION('',(-1.E0,0.E0,0.E0));
#3614=DIRECTION('',(0.E0,-1.E0,0.E0));
#3615=AXIS2_PLACEMENT_3D('',#3612,#3613,#3614);
#3616=PLANE('',#3615);
#3617=ORIENTED_EDGE('',*,*,#3473,.F.);
#3618=ORIENTED_EDGE('',*,*,#3429,.F.);
#3620=ORIENTED_EDGE('',*,*,#3619,.F.);
#3622=ORIENTED_EDGE('',*,*,#3621,.F.);
#3624=ORIENTED_EDGE('',*,*,#3623,.T.);
#3625=ORIENTED_EDGE('',*,*,#3589,.F.);
#3626=EDGE_LOOP('',(#3617,#3618,#3620,#3622,#3624,#3625));
#3627=FACE_OUTER_BOUND('',#3626,.F.);
#3628=ADVANCED_FACE('',(#3627),#3616,.T.);
#3629=FILL_AREA_STYLE_COLOUR('',#3);
#3630=FILL_AREA_STYLE('',(#3629));
#3631=SURFACE_STYLE_FILL_AREA(#3630);
#3632=SURFACE_SIDE_STYLE('',(#3631));
#3633=SURFACE_STYLE_USAGE(.POSITIVE.,#3632);
#3634=PRESENTATION_STYLE_ASSIGNMENT((#3633));
#3635=STYLED_ITEM('',(#3634),#3628);
#3636=CARTESIAN_POINT('',(0.E0,7.1E-1,3.25E-1));
#3637=DIRECTION('',(0.E0,9.925110109136E-1,-1.221552013432E-1));
#3638=DIRECTION('',(0.E0,1.221552013432E-1,9.925110109136E-1));
#3639=AXIS2_PLACEMENT_3D('',#3636,#3637,#3638);
#3640=PLANE('',#3639);
#3641=ORIENTED_EDGE('',*,*,#3528,.T.);
#3643=ORIENTED_EDGE('',*,*,#3642,.F.);
#3644=ORIENTED_EDGE('',*,*,#3619,.T.);
#3645=ORIENTED_EDGE('',*,*,#3427,.T.);
#3647=ORIENTED_EDGE('',*,*,#3646,.T.);
#3649=ORIENTED_EDGE('',*,*,#3648,.F.);
#3651=ORIENTED_EDGE('',*,*,#3650,.F.);
#3653=ORIENTED_EDGE('',*,*,#3652,.F.);
#3655=ORIENTED_EDGE('',*,*,#3654,.T.);
#3657=ORIENTED_EDGE('',*,*,#3656,.F.);
#3659=ORIENTED_EDGE('',*,*,#3658,.F.);
#3661=ORIENTED_EDGE('',*,*,#3660,.F.);
#3663=ORIENTED_EDGE('',*,*,#3662,.T.);
#3665=ORIENTED_EDGE('',*,*,#3664,.F.);
#3667=ORIENTED_EDGE('',*,*,#3666,.F.);
#3669=ORIENTED_EDGE('',*,*,#3668,.F.);
#3670=EDGE_LOOP('',(#3641,#3643,#3644,#3645,#3647,#3649,#3651,#3653,#3655,#3657,
#3659,#3661,#3663,#3665,#3667,#3669));
#3671=FACE_OUTER_BOUND('',#3670,.F.);
#3672=ADVANCED_FACE('',(#3671),#3640,.T.);
#3673=FILL_AREA_STYLE_COLOUR('',#3);
#3674=FILL_AREA_STYLE('',(#3673));
#3675=SURFACE_STYLE_FILL_AREA(#3674);
#3676=SURFACE_SIDE_STYLE('',(#3675));
#3677=SURFACE_STYLE_USAGE(.POSITIVE.,#3676);
#3678=PRESENTATION_STYLE_ASSIGNMENT((#3677));
#3679=STYLED_ITEM('',(#3678),#3672);
#3680=CARTESIAN_POINT('',(0.E0,7.1E-1,8.E-1));
#3681=DIRECTION('',(0.E0,9.662349396012E-1,2.576626505603E-1));
#3682=DIRECTION('',(0.E0,2.576626505603E-1,-9.662349396012E-1));
#3683=AXIS2_PLACEMENT_3D('',#3680,#3681,#3682);
#3684=PLANE('',#3683);
#3686=ORIENTED_EDGE('',*,*,#3685,.T.);
#3687=ORIENTED_EDGE('',*,*,#3664,.T.);
#3689=ORIENTED_EDGE('',*,*,#3688,.T.);
#3690=ORIENTED_EDGE('',*,*,#3656,.T.);
#3692=ORIENTED_EDGE('',*,*,#3691,.T.);
#3693=ORIENTED_EDGE('',*,*,#3648,.T.);
#3695=ORIENTED_EDGE('',*,*,#3694,.T.);
#3697=ORIENTED_EDGE('',*,*,#3696,.T.);
#3698=ORIENTED_EDGE('',*,*,#3621,.T.);
#3699=ORIENTED_EDGE('',*,*,#3642,.T.);
#3700=EDGE_LOOP('',(#3686,#3687,#3689,#3690,#3692,#3693,#3695,#3697,#3698,
#3699));
#3701=FACE_OUTER_BOUND('',#3700,.F.);
#3702=ADVANCED_FACE('',(#3701),#3684,.T.);
#3703=FILL_AREA_STYLE_COLOUR('',#3);
#3704=FILL_AREA_STYLE('',(#3703));
#3705=SURFACE_STYLE_FILL_AREA(#3704);
#3706=SURFACE_SIDE_STYLE('',(#3705));
#3707=SURFACE_STYLE_USAGE(.POSITIVE.,#3706);
#3708=PRESENTATION_STYLE_ASSIGNMENT((#3707));
#3709=STYLED_ITEM('',(#3708),#3702);
#3710=CARTESIAN_POINT('',(-1.1375E0,8.374589201026E-1,6.5E-1));
#3711=DIRECTION('',(0.E0,0.E0,1.E0));
#3712=DIRECTION('',(0.E0,-1.E0,0.E0));
#3713=AXIS2_PLACEMENT_3D('',#3710,#3711,#3712);
#3714=PLANE('',#3713);
#3715=ORIENTED_EDGE('',*,*,#3685,.F.);
#3716=ORIENTED_EDGE('',*,*,#3548,.F.);
#3718=ORIENTED_EDGE('',*,*,#3717,.T.);
#3720=ORIENTED_EDGE('',*,*,#3719,.T.);
#3721=EDGE_LOOP('',(#3715,#3716,#3718,#3720));
#3722=FACE_OUTER_BOUND('',#3721,.F.);
#3723=ADVANCED_FACE('',(#3722),#3714,.T.);
#3724=FILL_AREA_STYLE_COLOUR('',#9);
#3725=FILL_AREA_STYLE('',(#3724));
#3726=SURFACE_STYLE_FILL_AREA(#3725);
#3727=SURFACE_SIDE_STYLE('',(#3726));
#3728=SURFACE_STYLE_USAGE(.POSITIVE.,#3727);
#3729=PRESENTATION_STYLE_ASSIGNMENT((#3728));
#3730=STYLED_ITEM('',(#3729),#3723);
#3731=CARTESIAN_POINT('',(-1.1375E0,8.374589201026E-1,5.007E-1));
#3732=DIRECTION('',(1.E0,0.E0,0.E0));
#3733=DIRECTION('',(0.E0,1.E0,0.E0));
#3734=AXIS2_PLACEMENT_3D('',#3731,#3732,#3733);
#3735=CYLINDRICAL_SURFACE('',#3734,1.493E-1);
#3736=ORIENTED_EDGE('',*,*,#3546,.F.);
#3738=ORIENTED_EDGE('',*,*,#3737,.T.);
#3740=ORIENTED_EDGE('',*,*,#3739,.T.);
#3741=ORIENTED_EDGE('',*,*,#3717,.F.);
#3742=EDGE_LOOP('',(#3736,#3738,#3740,#3741));
#3743=FACE_OUTER_BOUND('',#3742,.F.);
#3744=ADVANCED_FACE('',(#3743),#3735,.T.);
#3745=FILL_AREA_STYLE_COLOUR('',#9);
#3746=FILL_AREA_STYLE('',(#3745));
#3747=SURFACE_STYLE_FILL_AREA(#3746);
#3748=SURFACE_SIDE_STYLE('',(#3747));
#3749=SURFACE_STYLE_USAGE(.POSITIVE.,#3748);
#3750=PRESENTATION_STYLE_ASSIGNMENT((#3749));
#3751=STYLED_ITEM('',(#3750),#3744);
#3752=CARTESIAN_POINT('',(-1.1375E0,9.867589201026E-1,2.185E-1));
#3753=DIRECTION('',(0.E0,1.E0,0.E0));
#3754=DIRECTION('',(0.E0,0.E0,1.E0));
#3755=AXIS2_PLACEMENT_3D('',#3752,#3753,#3754);
#3756=PLANE('',#3755);
#3757=ORIENTED_EDGE('',*,*,#3544,.F.);
#3759=ORIENTED_EDGE('',*,*,#3758,.T.);
#3761=ORIENTED_EDGE('',*,*,#3760,.T.);
#3762=ORIENTED_EDGE('',*,*,#3737,.F.);
#3763=EDGE_LOOP('',(#3757,#3759,#3761,#3762));
#3764=FACE_OUTER_BOUND('',#3763,.F.);
#3765=ADVANCED_FACE('',(#3764),#3756,.T.);
#3766=FILL_AREA_STYLE_COLOUR('',#9);
#3767=FILL_AREA_STYLE('',(#3766));
#3768=SURFACE_STYLE_FILL_AREA(#3767);
#3769=SURFACE_SIDE_STYLE('',(#3768));
#3770=SURFACE_STYLE_USAGE(.POSITIVE.,#3769);
#3771=PRESENTATION_STYLE_ASSIGNMENT((#3770));
#3772=STYLED_ITEM('',(#3771),#3765);
#3773=CARTESIAN_POINT('',(-1.1375E0,1.075258920103E0,2.185E-1));
#3774=DIRECTION('',(1.E0,0.E0,0.E0));
#3775=DIRECTION('',(0.E0,1.E0,0.E0));
#3776=AXIS2_PLACEMENT_3D('',#3773,#3774,#3775);
#3777=CYLINDRICAL_SURFACE('',#3776,8.85E-2);
#3778=ORIENTED_EDGE('',*,*,#3542,.F.);
#3780=ORIENTED_EDGE('',*,*,#3779,.T.);
#3782=ORIENTED_EDGE('',*,*,#3781,.T.);
#3783=ORIENTED_EDGE('',*,*,#3758,.F.);
#3784=EDGE_LOOP('',(#3778,#3780,#3782,#3783));
#3785=FACE_OUTER_BOUND('',#3784,.F.);
#3786=ADVANCED_FACE('',(#3785),#3777,.F.);
#3787=FILL_AREA_STYLE_COLOUR('',#9);
#3788=FILL_AREA_STYLE('',(#3787));
#3789=SURFACE_STYLE_FILL_AREA(#3788);
#3790=SURFACE_SIDE_STYLE('',(#3789));
#3791=SURFACE_STYLE_USAGE(.POSITIVE.,#3790);
#3792=PRESENTATION_STYLE_ASSIGNMENT((#3791));
#3793=STYLED_ITEM('',(#3792),#3786);
#3794=CARTESIAN_POINT('',(-1.1375E0,1.375E0,1.3E-1));
#3795=DIRECTION('',(0.E0,0.E0,1.E0));
#3796=DIRECTION('',(0.E0,-1.E0,0.E0));
#3797=AXIS2_PLACEMENT_3D('',#3794,#3795,#3796);
#3798=PLANE('',#3797);
#3799=ORIENTED_EDGE('',*,*,#3540,.F.);
#3801=ORIENTED_EDGE('',*,*,#3800,.T.);
#3803=ORIENTED_EDGE('',*,*,#3802,.T.);
#3804=ORIENTED_EDGE('',*,*,#3779,.F.);
#3805=EDGE_LOOP('',(#3799,#3801,#3803,#3804));
#3806=FACE_OUTER_BOUND('',#3805,.F.);
#3807=ADVANCED_FACE('',(#3806),#3798,.T.);
#3808=FILL_AREA_STYLE_COLOUR('',#9);
#3809=FILL_AREA_STYLE('',(#3808));
#3810=SURFACE_STYLE_FILL_AREA(#3809);
#3811=SURFACE_SIDE_STYLE('',(#3810));
#3812=SURFACE_STYLE_USAGE(.POSITIVE.,#3811);
#3813=PRESENTATION_STYLE_ASSIGNMENT((#3812));
#3814=STYLED_ITEM('',(#3813),#3807);
#3815=CARTESIAN_POINT('',(-1.1375E0,1.375E0,-5.E-2));
#3816=DIRECTION('',(0.E0,1.E0,0.E0));
#3817=DIRECTION('',(0.E0,0.E0,1.E0));
#3818=AXIS2_PLACEMENT_3D('',#3815,#3816,#3817);
#3819=PLANE('',#3818);
#3820=ORIENTED_EDGE('',*,*,#3538,.F.);
#3822=ORIENTED_EDGE('',*,*,#3821,.T.);
#3824=ORIENTED_EDGE('',*,*,#3823,.T.);
#3825=ORIENTED_EDGE('',*,*,#3800,.F.);
#3826=EDGE_LOOP('',(#3820,#3822,#3824,#3825));
#3827=FACE_OUTER_BOUND('',#3826,.F.);
#3828=ADVANCED_FACE('',(#3827),#3819,.T.);
#3829=FILL_AREA_STYLE_COLOUR('',#9);
#3830=FILL_AREA_STYLE('',(#3829));
#3831=SURFACE_STYLE_FILL_AREA(#3830);
#3832=SURFACE_SIDE_STYLE('',(#3831));
#3833=SURFACE_STYLE_USAGE(.POSITIVE.,#3832);
#3834=PRESENTATION_STYLE_ASSIGNMENT((#3833));
#3835=STYLED_ITEM('',(#3834),#3828);
#3836=CARTESIAN_POINT('',(-1.1375E0,1.075258920103E0,-5.E-2));
#3837=DIRECTION('',(0.E0,0.E0,-1.E0));
#3838=DIRECTION('',(0.E0,1.E0,0.E0));
#3839=AXIS2_PLACEMENT_3D('',#3836,#3837,#3838);
#3840=PLANE('',#3839);
#3841=ORIENTED_EDGE('',*,*,#3536,.F.);
#3843=ORIENTED_EDGE('',*,*,#3842,.T.);
#3845=ORIENTED_EDGE('',*,*,#3844,.T.);
#3846=ORIENTED_EDGE('',*,*,#3821,.F.);
#3847=EDGE_LOOP('',(#3841,#3843,#3845,#3846));
#3848=FACE_OUTER_BOUND('',#3847,.F.);
#3849=ADVANCED_FACE('',(#3848),#3840,.T.);
#3850=FILL_AREA_STYLE_COLOUR('',#9);
#3851=FILL_AREA_STYLE('',(#3850));
#3852=SURFACE_STYLE_FILL_AREA(#3851);
#3853=SURFACE_SIDE_STYLE('',(#3852));
#3854=SURFACE_STYLE_USAGE(.POSITIVE.,#3853);
#3855=PRESENTATION_STYLE_ASSIGNMENT((#3854));
#3856=STYLED_ITEM('',(#3855),#3849);
#3857=CARTESIAN_POINT('',(-1.1375E0,1.075258920103E0,2.185E-1));
#3858=DIRECTION('',(1.E0,0.E0,0.E0));
#3859=DIRECTION('',(0.E0,1.E0,0.E0));
#3860=AXIS2_PLACEMENT_3D('',#3857,#3858,#3859);
#3861=CYLINDRICAL_SURFACE('',#3860,2.685E-1);
#3862=ORIENTED_EDGE('',*,*,#3534,.F.);
#3864=ORIENTED_EDGE('',*,*,#3863,.T.);
#3866=ORIENTED_EDGE('',*,*,#3865,.T.);
#3867=ORIENTED_EDGE('',*,*,#3842,.F.);
#3868=EDGE_LOOP('',(#3862,#3864,#3866,#3867));
#3869=FACE_OUTER_BOUND('',#3868,.F.);
#3870=ADVANCED_FACE('',(#3869),#3861,.T.);
#3871=FILL_AREA_STYLE_COLOUR('',#9);
#3872=FILL_AREA_STYLE('',(#3871));
#3873=SURFACE_STYLE_FILL_AREA(#3872);
#3874=SURFACE_SIDE_STYLE('',(#3873));
#3875=SURFACE_STYLE_USAGE(.POSITIVE.,#3874);
#3876=PRESENTATION_STYLE_ASSIGNMENT((#3875));
#3877=STYLED_ITEM('',(#3876),#3870);
#3878=CARTESIAN_POINT('',(-1.1375E0,8.067589201026E-1,4.7E-1));
#3879=DIRECTION('',(0.E0,-1.E0,0.E0));
#3880=DIRECTION('',(0.E0,0.E0,-1.E0));
#3881=AXIS2_PLACEMENT_3D('',#3878,#3879,#3880);
#3882=PLANE('',#3881);
#3883=ORIENTED_EDGE('',*,*,#3532,.F.);
#3885=ORIENTED_EDGE('',*,*,#3884,.T.);
#3887=ORIENTED_EDGE('',*,*,#3886,.T.);
#3888=ORIENTED_EDGE('',*,*,#3863,.F.);
#3889=EDGE_LOOP('',(#3883,#3885,#3887,#3888));
#3890=FACE_OUTER_BOUND('',#3889,.F.);
#3891=ADVANCED_FACE('',(#3890),#3882,.T.);
#3892=FILL_AREA_STYLE_COLOUR('',#9);
#3893=FILL_AREA_STYLE('',(#3892));
#3894=SURFACE_STYLE_FILL_AREA(#3893);
#3895=SURFACE_SIDE_STYLE('',(#3894));
#3896=SURFACE_STYLE_USAGE(.POSITIVE.,#3895);
#3897=PRESENTATION_STYLE_ASSIGNMENT((#3896));
#3898=STYLED_ITEM('',(#3897),#3891);
#3899=CARTESIAN_POINT('',(-1.1375E0,7.278461538462E-1,4.7E-1));
#3900=DIRECTION('',(0.E0,0.E0,-1.E0));
#3901=DIRECTION('',(0.E0,1.E0,0.E0));
#3902=AXIS2_PLACEMENT_3D('',#3899,#3900,#3901);
#3903=PLANE('',#3902);
#3904=ORIENTED_EDGE('',*,*,#3668,.T.);
#3906=ORIENTED_EDGE('',*,*,#3905,.T.);
#3907=ORIENTED_EDGE('',*,*,#3884,.F.);
#3908=ORIENTED_EDGE('',*,*,#3530,.F.);
#3909=EDGE_LOOP('',(#3904,#3906,#3907,#3908));
#3910=FACE_OUTER_BOUND('',#3909,.F.);
#3911=ADVANCED_FACE('',(#3910),#3903,.T.);
#3912=FILL_AREA_STYLE_COLOUR('',#9);
#3913=FILL_AREA_STYLE('',(#3912));
#3914=SURFACE_STYLE_FILL_AREA(#3913);
#3915=SURFACE_SIDE_STYLE('',(#3914));
#3916=SURFACE_STYLE_USAGE(.POSITIVE.,#3915);
#3917=PRESENTATION_STYLE_ASSIGNMENT((#3916));
#3918=STYLED_ITEM('',(#3917),#3911);
#3919=CARTESIAN_POINT('',(-7.625E-1,0.E0,0.E0));
#3920=DIRECTION('',(1.E0,0.E0,0.E0));
#3921=DIRECTION('',(0.E0,1.E0,0.E0));
#3922=AXIS2_PLACEMENT_3D('',#3919,#3920,#3921);
#3923=PLANE('',#3922);
#3924=ORIENTED_EDGE('',*,*,#3450,.F.);
#3926=ORIENTED_EDGE('',*,*,#3925,.F.);
#3928=ORIENTED_EDGE('',*,*,#3927,.F.);
#3930=ORIENTED_EDGE('',*,*,#3929,.F.);
#3932=ORIENTED_EDGE('',*,*,#3931,.F.);
#3934=ORIENTED_EDGE('',*,*,#3933,.F.);
#3936=ORIENTED_EDGE('',*,*,#3935,.F.);
#3938=ORIENTED_EDGE('',*,*,#3937,.F.);
#3940=ORIENTED_EDGE('',*,*,#3939,.F.);
#3942=ORIENTED_EDGE('',*,*,#3941,.F.);
#3943=ORIENTED_EDGE('',*,*,#3567,.F.);
#3944=EDGE_LOOP('',(#3924,#3926,#3928,#3930,#3932,#3934,#3936,#3938,#3940,#3942,
#3943));
#3945=FACE_OUTER_BOUND('',#3944,.F.);
#3946=ADVANCED_FACE('',(#3945),#3923,.T.);
#3947=FILL_AREA_STYLE_COLOUR('',#9);
#3948=FILL_AREA_STYLE('',(#3947));
#3949=SURFACE_STYLE_FILL_AREA(#3948);
#3950=SURFACE_SIDE_STYLE('',(#3949));
#3951=SURFACE_STYLE_USAGE(.POSITIVE.,#3950);
#3952=PRESENTATION_STYLE_ASSIGNMENT((#3951));
#3953=STYLED_ITEM('',(#3952),#3946);
#3954=CARTESIAN_POINT('',(-7.625E-1,0.E0,0.E0));
#3955=DIRECTION('',(1.E0,0.E0,0.E0));
#3956=DIRECTION('',(0.E0,1.E0,0.E0));
#3957=AXIS2_PLACEMENT_3D('',#3954,#3955,#3956);
#3958=PLANE('',#3957);
#3959=ORIENTED_EDGE('',*,*,#3666,.T.);
#3960=ORIENTED_EDGE('',*,*,#3719,.F.);
#3961=ORIENTED_EDGE('',*,*,#3739,.F.);
#3962=ORIENTED_EDGE('',*,*,#3760,.F.);
#3963=ORIENTED_EDGE('',*,*,#3781,.F.);
#3964=ORIENTED_EDGE('',*,*,#3802,.F.);
#3965=ORIENTED_EDGE('',*,*,#3823,.F.);
#3966=ORIENTED_EDGE('',*,*,#3844,.F.);
#3967=ORIENTED_EDGE('',*,*,#3865,.F.);
#3968=ORIENTED_EDGE('',*,*,#3886,.F.);
#3969=ORIENTED_EDGE('',*,*,#3905,.F.);
#3970=EDGE_LOOP('',(#3959,#3960,#3961,#3962,#3963,#3964,#3965,#3966,#3967,#3968,
#3969));
#3971=FACE_OUTER_BOUND('',#3970,.F.);
#3972=ADVANCED_FACE('',(#3971),#3958,.T.);
#3973=FILL_AREA_STYLE_COLOUR('',#9);
#3974=FILL_AREA_STYLE('',(#3973));
#3975=SURFACE_STYLE_FILL_AREA(#3974);
#3976=SURFACE_SIDE_STYLE('',(#3975));
#3977=SURFACE_STYLE_USAGE(.POSITIVE.,#3976);
#3978=PRESENTATION_STYLE_ASSIGNMENT((#3977));
#3979=STYLED_ITEM('',(#3978),#3972);
#3980=CARTESIAN_POINT('',(-1.1375E0,-8.067589201026E-1,4.7E-1));
#3981=DIRECTION('',(0.E0,0.E0,-1.E0));
#3982=DIRECTION('',(0.E0,1.E0,0.E0));
#3983=AXIS2_PLACEMENT_3D('',#3980,#3981,#3982);
#3984=PLANE('',#3983);
#3985=ORIENTED_EDGE('',*,*,#3448,.F.);
#3986=ORIENTED_EDGE('',*,*,#3511,.F.);
#3988=ORIENTED_EDGE('',*,*,#3987,.T.);
#3989=ORIENTED_EDGE('',*,*,#3925,.T.);
#3990=EDGE_LOOP('',(#3985,#3986,#3988,#3989));
#3991=FACE_OUTER_BOUND('',#3990,.F.);
#3992=ADVANCED_FACE('',(#3991),#3984,.T.);
#3993=FILL_AREA_STYLE_COLOUR('',#9);
#3994=FILL_AREA_STYLE('',(#3993));
#3995=SURFACE_STYLE_FILL_AREA(#3994);
#3996=SURFACE_SIDE_STYLE('',(#3995));
#3997=SURFACE_STYLE_USAGE(.POSITIVE.,#3996);
#3998=PRESENTATION_STYLE_ASSIGNMENT((#3997));
#3999=STYLED_ITEM('',(#3998),#3992);
#4000=CARTESIAN_POINT('',(-1.1375E0,-8.067589201026E-1,2.185E-1));
#4001=DIRECTION('',(0.E0,1.E0,0.E0));
#4002=DIRECTION('',(0.E0,0.E0,1.E0));
#4003=AXIS2_PLACEMENT_3D('',#4000,#4001,#4002);
#4004=PLANE('',#4003);
#4005=ORIENTED_EDGE('',*,*,#3509,.F.);
#4007=ORIENTED_EDGE('',*,*,#4006,.T.);
#4008=ORIENTED_EDGE('',*,*,#3927,.T.);
#4009=ORIENTED_EDGE('',*,*,#3987,.F.);
#4010=EDGE_LOOP('',(#4005,#4007,#4008,#4009));
#4011=FACE_OUTER_BOUND('',#4010,.F.);
#4012=ADVANCED_FACE('',(#4011),#4004,.T.);
#4013=FILL_AREA_STYLE_COLOUR('',#9);
#4014=FILL_AREA_STYLE('',(#4013));
#4015=SURFACE_STYLE_FILL_AREA(#4014);
#4016=SURFACE_SIDE_STYLE('',(#4015));
#4017=SURFACE_STYLE_USAGE(.POSITIVE.,#4016);
#4018=PRESENTATION_STYLE_ASSIGNMENT((#4017));
#4019=STYLED_ITEM('',(#4018),#4012);
#4020=CARTESIAN_POINT('',(-1.1375E0,-1.075258920103E0,2.185E-1));
#4021=DIRECTION('',(1.E0,0.E0,0.E0));
#4022=DIRECTION('',(0.E0,1.E0,0.E0));
#4023=AXIS2_PLACEMENT_3D('',#4020,#4021,#4022);
#4024=CYLINDRICAL_SURFACE('',#4023,2.685E-1);
#4025=ORIENTED_EDGE('',*,*,#3507,.F.);
#4027=ORIENTED_EDGE('',*,*,#4026,.T.);
#4028=ORIENTED_EDGE('',*,*,#3929,.T.);
#4029=ORIENTED_EDGE('',*,*,#4006,.F.);
#4030=EDGE_LOOP('',(#4025,#4027,#4028,#4029));
#4031=FACE_OUTER_BOUND('',#4030,.F.);
#4032=ADVANCED_FACE('',(#4031),#4024,.T.);
#4033=FILL_AREA_STYLE_COLOUR('',#9);
#4034=FILL_AREA_STYLE('',(#4033));
#4035=SURFACE_STYLE_FILL_AREA(#4034);
#4036=SURFACE_SIDE_STYLE('',(#4035));
#4037=SURFACE_STYLE_USAGE(.POSITIVE.,#4036);
#4038=PRESENTATION_STYLE_ASSIGNMENT((#4037));
#4039=STYLED_ITEM('',(#4038),#4032);
#4040=CARTESIAN_POINT('',(-1.1375E0,-1.375E0,-5.E-2));
#4041=DIRECTION('',(0.E0,0.E0,-1.E0));
#4042=DIRECTION('',(0.E0,1.E0,0.E0));
#4043=AXIS2_PLACEMENT_3D('',#4040,#4041,#4042);
#4044=PLANE('',#4043);
#4045=ORIENTED_EDGE('',*,*,#3505,.F.);
#4047=ORIENTED_EDGE('',*,*,#4046,.T.);
#4048=ORIENTED_EDGE('',*,*,#3931,.T.);
#4049=ORIENTED_EDGE('',*,*,#4026,.F.);
#4050=EDGE_LOOP('',(#4045,#4047,#4048,#4049));
#4051=FACE_OUTER_BOUND('',#4050,.F.);
#4052=ADVANCED_FACE('',(#4051),#4044,.T.);
#4053=FILL_AREA_STYLE_COLOUR('',#9);
#4054=FILL_AREA_STYLE('',(#4053));
#4055=SURFACE_STYLE_FILL_AREA(#4054);
#4056=SURFACE_SIDE_STYLE('',(#4055));
#4057=SURFACE_STYLE_USAGE(.POSITIVE.,#4056);
#4058=PRESENTATION_STYLE_ASSIGNMENT((#4057));
#4059=STYLED_ITEM('',(#4058),#4052);
#4060=CARTESIAN_POINT('',(-1.1375E0,-1.375E0,1.3E-1));
#4061=DIRECTION('',(0.E0,-1.E0,0.E0));
#4062=DIRECTION('',(0.E0,0.E0,-1.E0));
#4063=AXIS2_PLACEMENT_3D('',#4060,#4061,#4062);
#4064=PLANE('',#4063);
#4065=ORIENTED_EDGE('',*,*,#3503,.F.);
#4067=ORIENTED_EDGE('',*,*,#4066,.T.);
#4068=ORIENTED_EDGE('',*,*,#3933,.T.);
#4069=ORIENTED_EDGE('',*,*,#4046,.F.);
#4070=EDGE_LOOP('',(#4065,#4067,#4068,#4069));
#4071=FACE_OUTER_BOUND('',#4070,.F.);
#4072=ADVANCED_FACE('',(#4071),#4064,.T.);
#4073=FILL_AREA_STYLE_COLOUR('',#9);
#4074=FILL_AREA_STYLE('',(#4073));
#4075=SURFACE_STYLE_FILL_AREA(#4074);
#4076=SURFACE_SIDE_STYLE('',(#4075));
#4077=SURFACE_STYLE_USAGE(.POSITIVE.,#4076);
#4078=PRESENTATION_STYLE_ASSIGNMENT((#4077));
#4079=STYLED_ITEM('',(#4078),#4072);
#4080=CARTESIAN_POINT('',(-1.1375E0,-1.075258920103E0,1.3E-1));
#4081=DIRECTION('',(0.E0,0.E0,1.E0));
#4082=DIRECTION('',(0.E0,-1.E0,0.E0));
#4083=AXIS2_PLACEMENT_3D('',#4080,#4081,#4082);
#4084=PLANE('',#4083);
#4085=ORIENTED_EDGE('',*,*,#3501,.F.);
#4087=ORIENTED_EDGE('',*,*,#4086,.T.);
#4088=ORIENTED_EDGE('',*,*,#3935,.T.);
#4089=ORIENTED_EDGE('',*,*,#4066,.F.);
#4090=EDGE_LOOP('',(#4085,#4087,#4088,#4089));
#4091=FACE_OUTER_BOUND('',#4090,.F.);
#4092=ADVANCED_FACE('',(#4091),#4084,.T.);
#4093=FILL_AREA_STYLE_COLOUR('',#9);
#4094=FILL_AREA_STYLE('',(#4093));
#4095=SURFACE_STYLE_FILL_AREA(#4094);
#4096=SURFACE_SIDE_STYLE('',(#4095));
#4097=SURFACE_STYLE_USAGE(.POSITIVE.,#4096);
#4098=PRESENTATION_STYLE_ASSIGNMENT((#4097));
#4099=STYLED_ITEM('',(#4098),#4092);
#4100=CARTESIAN_POINT('',(-1.1375E0,-1.075258920103E0,2.185E-1));
#4101=DIRECTION('',(1.E0,0.E0,0.E0));
#4102=DIRECTION('',(0.E0,1.E0,0.E0));
#4103=AXIS2_PLACEMENT_3D('',#4100,#4101,#4102);
#4104=CYLINDRICAL_SURFACE('',#4103,8.85E-2);
#4105=ORIENTED_EDGE('',*,*,#3499,.F.);
#4107=ORIENTED_EDGE('',*,*,#4106,.T.);
#4108=ORIENTED_EDGE('',*,*,#3937,.T.);
#4109=ORIENTED_EDGE('',*,*,#4086,.F.);
#4110=EDGE_LOOP('',(#4105,#4107,#4108,#4109));
#4111=FACE_OUTER_BOUND('',#4110,.F.);
#4112=ADVANCED_FACE('',(#4111),#4104,.F.);
#4113=FILL_AREA_STYLE_COLOUR('',#9);
#4114=FILL_AREA_STYLE('',(#4113));
#4115=SURFACE_STYLE_FILL_AREA(#4114);
#4116=SURFACE_SIDE_STYLE('',(#4115));
#4117=SURFACE_STYLE_USAGE(.POSITIVE.,#4116);
#4118=PRESENTATION_STYLE_ASSIGNMENT((#4117));
#4119=STYLED_ITEM('',(#4118),#4112);
#4120=CARTESIAN_POINT('',(-1.1375E0,-9.867589201026E-1,5.007E-1));
#4121=DIRECTION('',(0.E0,-1.E0,0.E0));
#4122=DIRECTION('',(0.E0,0.E0,-1.E0));
#4123=AXIS2_PLACEMENT_3D('',#4120,#4121,#4122);
#4124=PLANE('',#4123);
#4125=ORIENTED_EDGE('',*,*,#3497,.F.);
#4127=ORIENTED_EDGE('',*,*,#4126,.T.);
#4128=ORIENTED_EDGE('',*,*,#3939,.T.);
#4129=ORIENTED_EDGE('',*,*,#4106,.F.);
#4130=EDGE_LOOP('',(#4125,#4127,#4128,#4129));
#4131=FACE_OUTER_BOUND('',#4130,.F.);
#4132=ADVANCED_FACE('',(#4131),#4124,.T.);
#4133=FILL_AREA_STYLE_COLOUR('',#9);
#4134=FILL_AREA_STYLE('',(#4133));
#4135=SURFACE_STYLE_FILL_AREA(#4134);
#4136=SURFACE_SIDE_STYLE('',(#4135));
#4137=SURFACE_STYLE_USAGE(.POSITIVE.,#4136);
#4138=PRESENTATION_STYLE_ASSIGNMENT((#4137));
#4139=STYLED_ITEM('',(#4138),#4132);
#4140=CARTESIAN_POINT('',(-1.1375E0,-8.374589201026E-1,5.007E-1));
#4141=DIRECTION('',(1.E0,0.E0,0.E0));
#4142=DIRECTION('',(0.E0,1.E0,0.E0));
#4143=AXIS2_PLACEMENT_3D('',#4140,#4141,#4142);
#4144=CYLINDRICAL_SURFACE('',#4143,1.493E-1);
#4145=ORIENTED_EDGE('',*,*,#3495,.F.);
#4146=ORIENTED_EDGE('',*,*,#3569,.T.);
#4147=ORIENTED_EDGE('',*,*,#3941,.T.);
#4148=ORIENTED_EDGE('',*,*,#4126,.F.);
#4149=EDGE_LOOP('',(#4145,#4146,#4147,#4148));
#4150=FACE_OUTER_BOUND('',#4149,.F.);
#4151=ADVANCED_FACE('',(#4150),#4144,.T.);
#4152=FILL_AREA_STYLE_COLOUR('',#9);
#4153=FILL_AREA_STYLE('',(#4152));
#4154=SURFACE_STYLE_FILL_AREA(#4153);
#4155=SURFACE_SIDE_STYLE('',(#4154));
#4156=SURFACE_STYLE_USAGE(.POSITIVE.,#4155);
#4157=PRESENTATION_STYLE_ASSIGNMENT((#4156));
#4158=STYLED_ITEM('',(#4157),#4151);
#4159=CARTESIAN_POINT('',(-1.875E-1,8.374589201026E-1,6.5E-1));
#4160=DIRECTION('',(0.E0,0.E0,1.E0));
#4161=DIRECTION('',(0.E0,-1.E0,0.E0));
#4162=AXIS2_PLACEMENT_3D('',#4159,#4160,#4161);
#4163=PLANE('',#4162);
#4165=ORIENTED_EDGE('',*,*,#4164,.T.);
#4167=ORIENTED_EDGE('',*,*,#4166,.T.);
#4168=ORIENTED_EDGE('',*,*,#3688,.F.);
#4170=ORIENTED_EDGE('',*,*,#4169,.F.);
#4171=EDGE_LOOP('',(#4165,#4167,#4168,#4170));
#4172=FACE_OUTER_BOUND('',#4171,.F.);
#4173=ADVANCED_FACE('',(#4172),#4163,.T.);
#4174=FILL_AREA_STYLE_COLOUR('',#9);
#4175=FILL_AREA_STYLE('',(#4174));
#4176=SURFACE_STYLE_FILL_AREA(#4175);
#4177=SURFACE_SIDE_STYLE('',(#4176));
#4178=SURFACE_STYLE_USAGE(.POSITIVE.,#4177);
#4179=PRESENTATION_STYLE_ASSIGNMENT((#4178));
#4180=STYLED_ITEM('',(#4179),#4173);
#4181=CARTESIAN_POINT('',(-3.39E-1,7.907E-1,9.5E-1));
#4182=DIRECTION('',(0.E0,-1.E0,0.E0));
#4183=DIRECTION('',(1.E0,0.E0,0.E0));
#4184=AXIS2_PLACEMENT_3D('',#4181,#4182,#4183);
#4185=PLANE('',#4184);
#4187=ORIENTED_EDGE('',*,*,#4186,.F.);
#4189=ORIENTED_EDGE('',*,*,#4188,.T.);
#4191=ORIENTED_EDGE('',*,*,#4190,.T.);
#4192=ORIENTED_EDGE('',*,*,#4164,.F.);
#4193=EDGE_LOOP('',(#4187,#4189,#4191,#4192));
#4194=FACE_OUTER_BOUND('',#4193,.F.);
#4195=ADVANCED_FACE('',(#4194),#4185,.F.);
#4196=FILL_AREA_STYLE_COLOUR('',#9);
#4197=FILL_AREA_STYLE('',(#4196));
#4198=SURFACE_STYLE_FILL_AREA(#4197);
#4199=SURFACE_SIDE_STYLE('',(#4198));
#4200=SURFACE_STYLE_USAGE(.POSITIVE.,#4199);
#4201=PRESENTATION_STYLE_ASSIGNMENT((#4200));
#4202=STYLED_ITEM('',(#4201),#4195);
#4203=CARTESIAN_POINT('',(-1.875E-1,0.E0,0.E0));
#4204=DIRECTION('',(1.E0,0.E0,0.E0));
#4205=DIRECTION('',(0.E0,1.E0,0.E0));
#4206=AXIS2_PLACEMENT_3D('',#4203,#4204,#4205);
#4207=PLANE('',#4206);
#4208=ORIENTED_EDGE('',*,*,#3454,.T.);
#4210=ORIENTED_EDGE('',*,*,#4209,.T.);
#4212=ORIENTED_EDGE('',*,*,#4211,.T.);
#4214=ORIENTED_EDGE('',*,*,#4213,.T.);
#4216=ORIENTED_EDGE('',*,*,#4215,.T.);
#4218=ORIENTED_EDGE('',*,*,#4217,.T.);
#4220=ORIENTED_EDGE('',*,*,#4219,.T.);
#4222=ORIENTED_EDGE('',*,*,#4221,.T.);
#4224=ORIENTED_EDGE('',*,*,#4223,.T.);
#4226=ORIENTED_EDGE('',*,*,#4225,.T.);
#4228=ORIENTED_EDGE('',*,*,#4227,.T.);
#4229=EDGE_LOOP('',(#4208,#4210,#4212,#4214,#4216,#4218,#4220,#4222,#4224,#4226,
#4228));
#4230=FACE_OUTER_BOUND('',#4229,.F.);
#4231=ADVANCED_FACE('',(#4230),#4207,.F.);
#4232=FILL_AREA_STYLE_COLOUR('',#9);
#4233=FILL_AREA_STYLE('',(#4232));
#4234=SURFACE_STYLE_FILL_AREA(#4233);
#4235=SURFACE_SIDE_STYLE('',(#4234));
#4236=SURFACE_STYLE_USAGE(.POSITIVE.,#4235);
#4237=PRESENTATION_STYLE_ASSIGNMENT((#4236));
#4238=STYLED_ITEM('',(#4237),#4231);
#4239=CARTESIAN_POINT('',(-1.875E-1,0.E0,0.E0));
#4240=DIRECTION('',(1.E0,0.E0,0.E0));
#4241=DIRECTION('',(0.E0,1.E0,0.E0));
#4242=AXIS2_PLACEMENT_3D('',#4239,#4240,#4241);
#4243=PLANE('',#4242);
#4244=ORIENTED_EDGE('',*,*,#4186,.T.);
#4245=ORIENTED_EDGE('',*,*,#4169,.T.);
#4246=ORIENTED_EDGE('',*,*,#3662,.F.);
#4248=ORIENTED_EDGE('',*,*,#4247,.T.);
#4249=EDGE_LOOP('',(#4244,#4245,#4246,#4248));
#4250=FACE_OUTER_BOUND('',#4249,.F.);
#4251=ADVANCED_FACE('',(#4250),#4243,.F.);
#4252=FILL_AREA_STYLE_COLOUR('',#9);
#4253=FILL_AREA_STYLE('',(#4252));
#4254=SURFACE_STYLE_FILL_AREA(#4253);
#4255=SURFACE_SIDE_STYLE('',(#4254));
#4256=SURFACE_STYLE_USAGE(.POSITIVE.,#4255);
#4257=PRESENTATION_STYLE_ASSIGNMENT((#4256));
#4258=STYLED_ITEM('',(#4257),#4251);
#4259=CARTESIAN_POINT('',(-1.875E-1,-7.5E-1,6.5E-1));
#4260=DIRECTION('',(0.E0,0.E0,1.E0));
#4261=DIRECTION('',(0.E0,-1.E0,0.E0));
#4262=AXIS2_PLACEMENT_3D('',#4259,#4260,#4261);
#4263=PLANE('',#4262);
#4264=ORIENTED_EDGE('',*,*,#3599,.T.);
#4266=ORIENTED_EDGE('',*,*,#4265,.T.);
#4268=ORIENTED_EDGE('',*,*,#4267,.F.);
#4269=ORIENTED_EDGE('',*,*,#4209,.F.);
#4270=EDGE_LOOP('',(#4264,#4266,#4268,#4269));
#4271=FACE_OUTER_BOUND('',#4270,.F.);
#4272=ADVANCED_FACE('',(#4271),#4263,.T.);
#4273=FILL_AREA_STYLE_COLOUR('',#9);
#4274=FILL_AREA_STYLE('',(#4273));
#4275=SURFACE_STYLE_FILL_AREA(#4274);
#4276=SURFACE_SIDE_STYLE('',(#4275));
#4277=SURFACE_STYLE_USAGE(.POSITIVE.,#4276);
#4278=PRESENTATION_STYLE_ASSIGNMENT((#4277));
#4279=STYLED_ITEM('',(#4278),#4272);
#4280=CARTESIAN_POINT('',(1.875E-1,0.E0,0.E0));
#4281=DIRECTION('',(1.E0,0.E0,0.E0));
#4282=DIRECTION('',(0.E0,1.E0,0.E0));
#4283=AXIS2_PLACEMENT_3D('',#4280,#4281,#4282);
#4284=PLANE('',#4283);
#4285=ORIENTED_EDGE('',*,*,#3458,.F.);
#4287=ORIENTED_EDGE('',*,*,#4286,.F.);
#4289=ORIENTED_EDGE('',*,*,#4288,.F.);
#4291=ORIENTED_EDGE('',*,*,#4290,.F.);
#4293=ORIENTED_EDGE('',*,*,#4292,.F.);
#4295=ORIENTED_EDGE('',*,*,#4294,.F.);
#4297=ORIENTED_EDGE('',*,*,#4296,.F.);
#4299=ORIENTED_EDGE('',*,*,#4298,.F.);
#4301=ORIENTED_EDGE('',*,*,#4300,.F.);
#4303=ORIENTED_EDGE('',*,*,#4302,.F.);
#4304=ORIENTED_EDGE('',*,*,#4265,.F.);
#4305=EDGE_LOOP('',(#4285,#4287,#4289,#4291,#4293,#4295,#4297,#4299,#4301,#4303,
#4304));
#4306=FACE_OUTER_BOUND('',#4305,.F.);
#4307=ADVANCED_FACE('',(#4306),#4284,.T.);
#4308=FILL_AREA_STYLE_COLOUR('',#9);
#4309=FILL_AREA_STYLE('',(#4308));
#4310=SURFACE_STYLE_FILL_AREA(#4309);
#4311=SURFACE_SIDE_STYLE('',(#4310));
#4312=SURFACE_STYLE_USAGE(.POSITIVE.,#4311);
#4313=PRESENTATION_STYLE_ASSIGNMENT((#4312));
#4314=STYLED_ITEM('',(#4313),#4307);
#4315=CARTESIAN_POINT('',(1.875E-1,0.E0,0.E0));
#4316=DIRECTION('',(1.E0,0.E0,0.E0));
#4317=DIRECTION('',(0.E0,1.E0,0.E0));
#4318=AXIS2_PLACEMENT_3D('',#4315,#4316,#4317);
#4319=PLANE('',#4318);
#4320=ORIENTED_EDGE('',*,*,#4190,.F.);
#4322=ORIENTED_EDGE('',*,*,#4321,.F.);
#4323=ORIENTED_EDGE('',*,*,#3658,.T.);
#4324=ORIENTED_EDGE('',*,*,#4166,.F.);
#4325=EDGE_LOOP('',(#4320,#4322,#4323,#4324));
#4326=FACE_OUTER_BOUND('',#4325,.F.);
#4327=ADVANCED_FACE('',(#4326),#4319,.T.);
#4328=FILL_AREA_STYLE_COLOUR('',#9);
#4329=FILL_AREA_STYLE('',(#4328));
#4330=SURFACE_STYLE_FILL_AREA(#4329);
#4331=SURFACE_SIDE_STYLE('',(#4330));
#4332=SURFACE_STYLE_USAGE(.POSITIVE.,#4331);
#4333=PRESENTATION_STYLE_ASSIGNMENT((#4332));
#4334=STYLED_ITEM('',(#4333),#4327);
#4335=CARTESIAN_POINT('',(-1.875E-1,-8.067589201026E-1,4.7E-1));
#4336=DIRECTION('',(0.E0,0.E0,-1.E0));
#4337=DIRECTION('',(0.E0,1.E0,0.E0));
#4338=AXIS2_PLACEMENT_3D('',#4335,#4336,#4337);
#4339=PLANE('',#4338);
#4340=ORIENTED_EDGE('',*,*,#3456,.F.);
#4341=ORIENTED_EDGE('',*,*,#4227,.F.);
#4343=ORIENTED_EDGE('',*,*,#4342,.T.);
#4344=ORIENTED_EDGE('',*,*,#4286,.T.);
#4345=EDGE_LOOP('',(#4340,#4341,#4343,#4344));
#4346=FACE_OUTER_BOUND('',#4345,.F.);
#4347=ADVANCED_FACE('',(#4346),#4339,.T.);
#4348=FILL_AREA_STYLE_COLOUR('',#9);
#4349=FILL_AREA_STYLE('',(#4348));
#4350=SURFACE_STYLE_FILL_AREA(#4349);
#4351=SURFACE_SIDE_STYLE('',(#4350));
#4352=SURFACE_STYLE_USAGE(.POSITIVE.,#4351);
#4353=PRESENTATION_STYLE_ASSIGNMENT((#4352));
#4354=STYLED_ITEM('',(#4353),#4347);
#4355=CARTESIAN_POINT('',(-1.875E-1,-8.067589201026E-1,2.185E-1));
#4356=DIRECTION('',(0.E0,1.E0,0.E0));
#4357=DIRECTION('',(0.E0,0.E0,1.E0));
#4358=AXIS2_PLACEMENT_3D('',#4355,#4356,#4357);
#4359=PLANE('',#4358);
#4360=ORIENTED_EDGE('',*,*,#4225,.F.);
#4362=ORIENTED_EDGE('',*,*,#4361,.T.);
#4363=ORIENTED_EDGE('',*,*,#4288,.T.);
#4364=ORIENTED_EDGE('',*,*,#4342,.F.);
#4365=EDGE_LOOP('',(#4360,#4362,#4363,#4364));
#4366=FACE_OUTER_BOUND('',#4365,.F.);
#4367=ADVANCED_FACE('',(#4366),#4359,.T.);
#4368=FILL_AREA_STYLE_COLOUR('',#9);
#4369=FILL_AREA_STYLE('',(#4368));
#4370=SURFACE_STYLE_FILL_AREA(#4369);
#4371=SURFACE_SIDE_STYLE('',(#4370));
#4372=SURFACE_STYLE_USAGE(.POSITIVE.,#4371);
#4373=PRESENTATION_STYLE_ASSIGNMENT((#4372));
#4374=STYLED_ITEM('',(#4373),#4367);
#4375=CARTESIAN_POINT('',(-1.875E-1,-1.075258920103E0,2.185E-1));
#4376=DIRECTION('',(1.E0,0.E0,0.E0));
#4377=DIRECTION('',(0.E0,1.E0,0.E0));
#4378=AXIS2_PLACEMENT_3D('',#4375,#4376,#4377);
#4379=CYLINDRICAL_SURFACE('',#4378,2.685E-1);
#4380=ORIENTED_EDGE('',*,*,#4223,.F.);
#4382=ORIENTED_EDGE('',*,*,#4381,.T.);
#4383=ORIENTED_EDGE('',*,*,#4290,.T.);
#4384=ORIENTED_EDGE('',*,*,#4361,.F.);
#4385=EDGE_LOOP('',(#4380,#4382,#4383,#4384));
#4386=FACE_OUTER_BOUND('',#4385,.F.);
#4387=ADVANCED_FACE('',(#4386),#4379,.T.);
#4388=FILL_AREA_STYLE_COLOUR('',#9);
#4389=FILL_AREA_STYLE('',(#4388));
#4390=SURFACE_STYLE_FILL_AREA(#4389);
#4391=SURFACE_SIDE_STYLE('',(#4390));
#4392=SURFACE_STYLE_USAGE(.POSITIVE.,#4391);
#4393=PRESENTATION_STYLE_ASSIGNMENT((#4392));
#4394=STYLED_ITEM('',(#4393),#4387);
#4395=CARTESIAN_POINT('',(-1.875E-1,-1.375E0,-5.E-2));
#4396=DIRECTION('',(0.E0,0.E0,-1.E0));
#4397=DIRECTION('',(0.E0,1.E0,0.E0));
#4398=AXIS2_PLACEMENT_3D('',#4395,#4396,#4397);
#4399=PLANE('',#4398);
#4400=ORIENTED_EDGE('',*,*,#4221,.F.);
#4402=ORIENTED_EDGE('',*,*,#4401,.T.);
#4403=ORIENTED_EDGE('',*,*,#4292,.T.);
#4404=ORIENTED_EDGE('',*,*,#4381,.F.);
#4405=EDGE_LOOP('',(#4400,#4402,#4403,#4404));
#4406=FACE_OUTER_BOUND('',#4405,.F.);
#4407=ADVANCED_FACE('',(#4406),#4399,.T.);
#4408=FILL_AREA_STYLE_COLOUR('',#9);
#4409=FILL_AREA_STYLE('',(#4408));
#4410=SURFACE_STYLE_FILL_AREA(#4409);
#4411=SURFACE_SIDE_STYLE('',(#4410));
#4412=SURFACE_STYLE_USAGE(.POSITIVE.,#4411);
#4413=PRESENTATION_STYLE_ASSIGNMENT((#4412));
#4414=STYLED_ITEM('',(#4413),#4407);
#4415=CARTESIAN_POINT('',(-1.875E-1,-1.375E0,1.3E-1));
#4416=DIRECTION('',(0.E0,-1.E0,0.E0));
#4417=DIRECTION('',(0.E0,0.E0,-1.E0));
#4418=AXIS2_PLACEMENT_3D('',#4415,#4416,#4417);
#4419=PLANE('',#4418);
#4420=ORIENTED_EDGE('',*,*,#4219,.F.);
#4422=ORIENTED_EDGE('',*,*,#4421,.T.);
#4423=ORIENTED_EDGE('',*,*,#4294,.T.);
#4424=ORIENTED_EDGE('',*,*,#4401,.F.);
#4425=EDGE_LOOP('',(#4420,#4422,#4423,#4424));
#4426=FACE_OUTER_BOUND('',#4425,.F.);
#4427=ADVANCED_FACE('',(#4426),#4419,.T.);
#4428=FILL_AREA_STYLE_COLOUR('',#9);
#4429=FILL_AREA_STYLE('',(#4428));
#4430=SURFACE_STYLE_FILL_AREA(#4429);
#4431=SURFACE_SIDE_STYLE('',(#4430));
#4432=SURFACE_STYLE_USAGE(.POSITIVE.,#4431);
#4433=PRESENTATION_STYLE_ASSIGNMENT((#4432));
#4434=STYLED_ITEM('',(#4433),#4427);
#4435=CARTESIAN_POINT('',(-1.875E-1,-1.075258920103E0,1.3E-1));
#4436=DIRECTION('',(0.E0,0.E0,1.E0));
#4437=DIRECTION('',(0.E0,-1.E0,0.E0));
#4438=AXIS2_PLACEMENT_3D('',#4435,#4436,#4437);
#4439=PLANE('',#4438);
#4440=ORIENTED_EDGE('',*,*,#4217,.F.);
#4442=ORIENTED_EDGE('',*,*,#4441,.T.);
#4443=ORIENTED_EDGE('',*,*,#4296,.T.);
#4444=ORIENTED_EDGE('',*,*,#4421,.F.);
#4445=EDGE_LOOP('',(#4440,#4442,#4443,#4444));
#4446=FACE_OUTER_BOUND('',#4445,.F.);
#4447=ADVANCED_FACE('',(#4446),#4439,.T.);
#4448=FILL_AREA_STYLE_COLOUR('',#9);
#4449=FILL_AREA_STYLE('',(#4448));
#4450=SURFACE_STYLE_FILL_AREA(#4449);
#4451=SURFACE_SIDE_STYLE('',(#4450));
#4452=SURFACE_STYLE_USAGE(.POSITIVE.,#4451);
#4453=PRESENTATION_STYLE_ASSIGNMENT((#4452));
#4454=STYLED_ITEM('',(#4453),#4447);
#4455=CARTESIAN_POINT('',(-1.875E-1,-1.075258920103E0,2.185E-1));
#4456=DIRECTION('',(1.E0,0.E0,0.E0));
#4457=DIRECTION('',(0.E0,1.E0,0.E0));
#4458=AXIS2_PLACEMENT_3D('',#4455,#4456,#4457);
#4459=CYLINDRICAL_SURFACE('',#4458,8.85E-2);
#4460=ORIENTED_EDGE('',*,*,#4215,.F.);
#4462=ORIENTED_EDGE('',*,*,#4461,.T.);
#4463=ORIENTED_EDGE('',*,*,#4298,.T.);
#4464=ORIENTED_EDGE('',*,*,#4441,.F.);
#4465=EDGE_LOOP('',(#4460,#4462,#4463,#4464));
#4466=FACE_OUTER_BOUND('',#4465,.F.);
#4467=ADVANCED_FACE('',(#4466),#4459,.F.);
#4468=FILL_AREA_STYLE_COLOUR('',#9);
#4469=FILL_AREA_STYLE('',(#4468));
#4470=SURFACE_STYLE_FILL_AREA(#4469);
#4471=SURFACE_SIDE_STYLE('',(#4470));
#4472=SURFACE_STYLE_USAGE(.POSITIVE.,#4471);
#4473=PRESENTATION_STYLE_ASSIGNMENT((#4472));
#4474=STYLED_ITEM('',(#4473),#4467);
#4475=CARTESIAN_POINT('',(-1.875E-1,-9.867589201026E-1,5.007E-1));
#4476=DIRECTION('',(0.E0,-1.E0,0.E0));
#4477=DIRECTION('',(0.E0,0.E0,-1.E0));
#4478=AXIS2_PLACEMENT_3D('',#4475,#4476,#4477);
#4479=PLANE('',#4478);
#4480=ORIENTED_EDGE('',*,*,#4213,.F.);
#4482=ORIENTED_EDGE('',*,*,#4481,.T.);
#4483=ORIENTED_EDGE('',*,*,#4300,.T.);
#4484=ORIENTED_EDGE('',*,*,#4461,.F.);
#4485=EDGE_LOOP('',(#4480,#4482,#4483,#4484));
#4486=FACE_OUTER_BOUND('',#4485,.F.);
#4487=ADVANCED_FACE('',(#4486),#4479,.T.);
#4488=FILL_AREA_STYLE_COLOUR('',#9);
#4489=FILL_AREA_STYLE('',(#4488));
#4490=SURFACE_STYLE_FILL_AREA(#4489);
#4491=SURFACE_SIDE_STYLE('',(#4490));
#4492=SURFACE_STYLE_USAGE(.POSITIVE.,#4491);
#4493=PRESENTATION_STYLE_ASSIGNMENT((#4492));
#4494=STYLED_ITEM('',(#4493),#4487);
#4495=CARTESIAN_POINT('',(-1.875E-1,-8.374589201026E-1,5.007E-1));
#4496=DIRECTION('',(1.E0,0.E0,0.E0));
#4497=DIRECTION('',(0.E0,1.E0,0.E0));
#4498=AXIS2_PLACEMENT_3D('',#4495,#4496,#4497);
#4499=CYLINDRICAL_SURFACE('',#4498,1.493E-1);
#4500=ORIENTED_EDGE('',*,*,#4211,.F.);
#4501=ORIENTED_EDGE('',*,*,#4267,.T.);
#4502=ORIENTED_EDGE('',*,*,#4302,.T.);
#4503=ORIENTED_EDGE('',*,*,#4481,.F.);
#4504=EDGE_LOOP('',(#4500,#4501,#4502,#4503));
#4505=FACE_OUTER_BOUND('',#4504,.F.);
#4506=ADVANCED_FACE('',(#4505),#4499,.T.);
#4507=FILL_AREA_STYLE_COLOUR('',#9);
#4508=FILL_AREA_STYLE('',(#4507));
#4509=SURFACE_STYLE_FILL_AREA(#4508);
#4510=SURFACE_SIDE_STYLE('',(#4509));
#4511=SURFACE_STYLE_USAGE(.POSITIVE.,#4510);
#4512=PRESENTATION_STYLE_ASSIGNMENT((#4511));
#4513=STYLED_ITEM('',(#4512),#4506);
#4514=CARTESIAN_POINT('',(-1.875E-1,7.278461538462E-1,4.7E-1));
#4515=DIRECTION('',(0.E0,0.E0,-1.E0));
#4516=DIRECTION('',(0.E0,1.E0,0.E0));
#4517=AXIS2_PLACEMENT_3D('',#4514,#4515,#4516);
#4518=PLANE('',#4517);
#4519=ORIENTED_EDGE('',*,*,#4188,.F.);
#4520=ORIENTED_EDGE('',*,*,#4247,.F.);
#4521=ORIENTED_EDGE('',*,*,#3660,.T.);
#4522=ORIENTED_EDGE('',*,*,#4321,.T.);
#4523=EDGE_LOOP('',(#4519,#4520,#4521,#4522));
#4524=FACE_OUTER_BOUND('',#4523,.F.);
#4525=ADVANCED_FACE('',(#4524),#4518,.T.);
#4526=FILL_AREA_STYLE_COLOUR('',#9);
#4527=FILL_AREA_STYLE('',(#4526));
#4528=SURFACE_STYLE_FILL_AREA(#4527);
#4529=SURFACE_SIDE_STYLE('',(#4528));
#4530=SURFACE_STYLE_USAGE(.POSITIVE.,#4529);
#4531=PRESENTATION_STYLE_ASSIGNMENT((#4530));
#4532=STYLED_ITEM('',(#4531),#4525);
#4533=CARTESIAN_POINT('',(7.625E-1,8.374589201026E-1,6.5E-1));
#4534=DIRECTION('',(0.E0,0.E0,1.E0));
#4535=DIRECTION('',(0.E0,-1.E0,0.E0));
#4536=AXIS2_PLACEMENT_3D('',#4533,#4534,#4535);
#4537=PLANE('',#4536);
#4538=ORIENTED_EDGE('',*,*,#3691,.F.);
#4540=ORIENTED_EDGE('',*,*,#4539,.F.);
#4542=ORIENTED_EDGE('',*,*,#4541,.T.);
#4544=ORIENTED_EDGE('',*,*,#4543,.T.);
#4545=EDGE_LOOP('',(#4538,#4540,#4542,#4544));
#4546=FACE_OUTER_BOUND('',#4545,.F.);
#4547=ADVANCED_FACE('',(#4546),#4537,.T.);
#4548=FILL_AREA_STYLE_COLOUR('',#9);
#4549=FILL_AREA_STYLE('',(#4548));
#4550=SURFACE_STYLE_FILL_AREA(#4549);
#4551=SURFACE_SIDE_STYLE('',(#4550));
#4552=SURFACE_STYLE_USAGE(.POSITIVE.,#4551);
#4553=PRESENTATION_STYLE_ASSIGNMENT((#4552));
#4554=STYLED_ITEM('',(#4553),#4547);
#4555=CARTESIAN_POINT('',(7.625E-1,0.E0,0.E0));
#4556=DIRECTION('',(1.E0,0.E0,0.E0));
#4557=DIRECTION('',(0.E0,1.E0,0.E0));
#4558=AXIS2_PLACEMENT_3D('',#4555,#4556,#4557);
#4559=PLANE('',#4558);
#4560=ORIENTED_EDGE('',*,*,#3462,.T.);
#4562=ORIENTED_EDGE('',*,*,#4561,.T.);
#4564=ORIENTED_EDGE('',*,*,#4563,.T.);
#4566=ORIENTED_EDGE('',*,*,#4565,.T.);
#4568=ORIENTED_EDGE('',*,*,#4567,.T.);
#4570=ORIENTED_EDGE('',*,*,#4569,.T.);
#4572=ORIENTED_EDGE('',*,*,#4571,.T.);
#4574=ORIENTED_EDGE('',*,*,#4573,.T.);
#4576=ORIENTED_EDGE('',*,*,#4575,.T.);
#4578=ORIENTED_EDGE('',*,*,#4577,.T.);
#4580=ORIENTED_EDGE('',*,*,#4579,.T.);
#4581=EDGE_LOOP('',(#4560,#4562,#4564,#4566,#4568,#4570,#4572,#4574,#4576,#4578,
#4580));
#4582=FACE_OUTER_BOUND('',#4581,.F.);
#4583=ADVANCED_FACE('',(#4582),#4559,.F.);
#4584=FILL_AREA_STYLE_COLOUR('',#9);
#4585=FILL_AREA_STYLE('',(#4584));
#4586=SURFACE_STYLE_FILL_AREA(#4585);
#4587=SURFACE_SIDE_STYLE('',(#4586));
#4588=SURFACE_STYLE_USAGE(.POSITIVE.,#4587);
#4589=PRESENTATION_STYLE_ASSIGNMENT((#4588));
#4590=STYLED_ITEM('',(#4589),#4583);
#4591=CARTESIAN_POINT('',(7.625E-1,0.E0,0.E0));
#4592=DIRECTION('',(1.E0,0.E0,0.E0));
#4593=DIRECTION('',(0.E0,1.E0,0.E0));
#4594=AXIS2_PLACEMENT_3D('',#4591,#4592,#4593);
#4595=PLANE('',#4594);
#4596=ORIENTED_EDGE('',*,*,#3654,.F.);
#4598=ORIENTED_EDGE('',*,*,#4597,.T.);
#4600=ORIENTED_EDGE('',*,*,#4599,.T.);
#4602=ORIENTED_EDGE('',*,*,#4601,.T.);
#4604=ORIENTED_EDGE('',*,*,#4603,.T.);
#4606=ORIENTED_EDGE('',*,*,#4605,.T.);
#4608=ORIENTED_EDGE('',*,*,#4607,.T.);
#4610=ORIENTED_EDGE('',*,*,#4609,.T.);
#4612=ORIENTED_EDGE('',*,*,#4611,.T.);
#4614=ORIENTED_EDGE('',*,*,#4613,.T.);
#4615=ORIENTED_EDGE('',*,*,#4539,.T.);
#4616=EDGE_LOOP('',(#4596,#4598,#4600,#4602,#4604,#4606,#4608,#4610,#4612,#4614,
#4615));
#4617=FACE_OUTER_BOUND('',#4616,.F.);
#4618=ADVANCED_FACE('',(#4617),#4595,.F.);
#4619=FILL_AREA_STYLE_COLOUR('',#9);
#4620=FILL_AREA_STYLE('',(#4619));
#4621=SURFACE_STYLE_FILL_AREA(#4620);
#4622=SURFACE_SIDE_STYLE('',(#4621));
#4623=SURFACE_STYLE_USAGE(.POSITIVE.,#4622);
#4624=PRESENTATION_STYLE_ASSIGNMENT((#4623));
#4625=STYLED_ITEM('',(#4624),#4618);
#4626=CARTESIAN_POINT('',(7.625E-1,-7.5E-1,6.5E-1));
#4627=DIRECTION('',(0.E0,0.E0,1.E0));
#4628=DIRECTION('',(0.E0,-1.E0,0.E0));
#4629=AXIS2_PLACEMENT_3D('',#4626,#4627,#4628);
#4630=PLANE('',#4629);
#4631=ORIENTED_EDGE('',*,*,#3596,.T.);
#4633=ORIENTED_EDGE('',*,*,#4632,.T.);
#4635=ORIENTED_EDGE('',*,*,#4634,.F.);
#4636=ORIENTED_EDGE('',*,*,#4561,.F.);
#4637=EDGE_LOOP('',(#4631,#4633,#4635,#4636));
#4638=FACE_OUTER_BOUND('',#4637,.F.);
#4639=ADVANCED_FACE('',(#4638),#4630,.T.);
#4640=FILL_AREA_STYLE_COLOUR('',#9);
#4641=FILL_AREA_STYLE('',(#4640));
#4642=SURFACE_STYLE_FILL_AREA(#4641);
#4643=SURFACE_SIDE_STYLE('',(#4642));
#4644=SURFACE_STYLE_USAGE(.POSITIVE.,#4643);
#4645=PRESENTATION_STYLE_ASSIGNMENT((#4644));
#4646=STYLED_ITEM('',(#4645),#4639);
#4647=CARTESIAN_POINT('',(1.1375E0,0.E0,0.E0));
#4648=DIRECTION('',(1.E0,0.E0,0.E0));
#4649=DIRECTION('',(0.E0,1.E0,0.E0));
#4650=AXIS2_PLACEMENT_3D('',#4647,#4648,#4649);
#4651=PLANE('',#4650);
#4652=ORIENTED_EDGE('',*,*,#3466,.F.);
#4654=ORIENTED_EDGE('',*,*,#4653,.F.);
#4656=ORIENTED_EDGE('',*,*,#4655,.F.);
#4658=ORIENTED_EDGE('',*,*,#4657,.F.);
#4660=ORIENTED_EDGE('',*,*,#4659,.F.);
#4662=ORIENTED_EDGE('',*,*,#4661,.F.);
#4664=ORIENTED_EDGE('',*,*,#4663,.F.);
#4666=ORIENTED_EDGE('',*,*,#4665,.F.);
#4668=ORIENTED_EDGE('',*,*,#4667,.F.);
#4670=ORIENTED_EDGE('',*,*,#4669,.F.);
#4671=ORIENTED_EDGE('',*,*,#4632,.F.);
#4672=EDGE_LOOP('',(#4652,#4654,#4656,#4658,#4660,#4662,#4664,#4666,#4668,#4670,
#4671));
#4673=FACE_OUTER_BOUND('',#4672,.F.);
#4674=ADVANCED_FACE('',(#4673),#4651,.T.);
#4675=FILL_AREA_STYLE_COLOUR('',#9);
#4676=FILL_AREA_STYLE('',(#4675));
#4677=SURFACE_STYLE_FILL_AREA(#4676);
#4678=SURFACE_SIDE_STYLE('',(#4677));
#4679=SURFACE_STYLE_USAGE(.POSITIVE.,#4678);
#4680=PRESENTATION_STYLE_ASSIGNMENT((#4679));
#4681=STYLED_ITEM('',(#4680),#4674);
#4682=CARTESIAN_POINT('',(1.1375E0,0.E0,0.E0));
#4683=DIRECTION('',(1.E0,0.E0,0.E0));
#4684=DIRECTION('',(0.E0,1.E0,0.E0));
#4685=AXIS2_PLACEMENT_3D('',#4682,#4683,#4684);
#4686=PLANE('',#4685);
#4687=ORIENTED_EDGE('',*,*,#3650,.T.);
#4688=ORIENTED_EDGE('',*,*,#4543,.F.);
#4690=ORIENTED_EDGE('',*,*,#4689,.F.);
#4692=ORIENTED_EDGE('',*,*,#4691,.F.);
#4694=ORIENTED_EDGE('',*,*,#4693,.F.);
#4696=ORIENTED_EDGE('',*,*,#4695,.F.);
#4698=ORIENTED_EDGE('',*,*,#4697,.F.);
#4700=ORIENTED_EDGE('',*,*,#4699,.F.);
#4702=ORIENTED_EDGE('',*,*,#4701,.F.);
#4704=ORIENTED_EDGE('',*,*,#4703,.F.);
#4706=ORIENTED_EDGE('',*,*,#4705,.F.);
#4707=EDGE_LOOP('',(#4687,#4688,#4690,#4692,#4694,#4696,#4698,#4700,#4702,#4704,
#4706));
#4708=FACE_OUTER_BOUND('',#4707,.F.);
#4709=ADVANCED_FACE('',(#4708),#4686,.T.);
#4710=FILL_AREA_STYLE_COLOUR('',#9);
#4711=FILL_AREA_STYLE('',(#4710));
#4712=SURFACE_STYLE_FILL_AREA(#4711);
#4713=SURFACE_SIDE_STYLE('',(#4712));
#4714=SURFACE_STYLE_USAGE(.POSITIVE.,#4713);
#4715=PRESENTATION_STYLE_ASSIGNMENT((#4714));
#4716=STYLED_ITEM('',(#4715),#4709);
#4717=CARTESIAN_POINT('',(7.625E-1,-8.067589201026E-1,4.7E-1));
#4718=DIRECTION('',(0.E0,0.E0,-1.E0));
#4719=DIRECTION('',(0.E0,1.E0,0.E0));
#4720=AXIS2_PLACEMENT_3D('',#4717,#4718,#4719);
#4721=PLANE('',#4720);
#4722=ORIENTED_EDGE('',*,*,#3464,.F.);
#4723=ORIENTED_EDGE('',*,*,#4579,.F.);
#4725=ORIENTED_EDGE('',*,*,#4724,.T.);
#4726=ORIENTED_EDGE('',*,*,#4653,.T.);
#4727=EDGE_LOOP('',(#4722,#4723,#4725,#4726));
#4728=FACE_OUTER_BOUND('',#4727,.F.);
#4729=ADVANCED_FACE('',(#4728),#4721,.T.);
#4730=FILL_AREA_STYLE_COLOUR('',#9);
#4731=FILL_AREA_STYLE('',(#4730));
#4732=SURFACE_STYLE_FILL_AREA(#4731);
#4733=SURFACE_SIDE_STYLE('',(#4732));
#4734=SURFACE_STYLE_USAGE(.POSITIVE.,#4733);
#4735=PRESENTATION_STYLE_ASSIGNMENT((#4734));
#4736=STYLED_ITEM('',(#4735),#4729);
#4737=CARTESIAN_POINT('',(7.625E-1,-8.067589201026E-1,2.185E-1));
#4738=DIRECTION('',(0.E0,1.E0,0.E0));
#4739=DIRECTION('',(0.E0,0.E0,1.E0));
#4740=AXIS2_PLACEMENT_3D('',#4737,#4738,#4739);
#4741=PLANE('',#4740);
#4742=ORIENTED_EDGE('',*,*,#4577,.F.);
#4744=ORIENTED_EDGE('',*,*,#4743,.T.);
#4745=ORIENTED_EDGE('',*,*,#4655,.T.);
#4746=ORIENTED_EDGE('',*,*,#4724,.F.);
#4747=EDGE_LOOP('',(#4742,#4744,#4745,#4746));
#4748=FACE_OUTER_BOUND('',#4747,.F.);
#4749=ADVANCED_FACE('',(#4748),#4741,.T.);
#4750=FILL_AREA_STYLE_COLOUR('',#9);
#4751=FILL_AREA_STYLE('',(#4750));
#4752=SURFACE_STYLE_FILL_AREA(#4751);
#4753=SURFACE_SIDE_STYLE('',(#4752));
#4754=SURFACE_STYLE_USAGE(.POSITIVE.,#4753);
#4755=PRESENTATION_STYLE_ASSIGNMENT((#4754));
#4756=STYLED_ITEM('',(#4755),#4749);
#4757=CARTESIAN_POINT('',(7.625E-1,-1.075258920103E0,2.185E-1));
#4758=DIRECTION('',(1.E0,0.E0,0.E0));
#4759=DIRECTION('',(0.E0,1.E0,0.E0));
#4760=AXIS2_PLACEMENT_3D('',#4757,#4758,#4759);
#4761=CYLINDRICAL_SURFACE('',#4760,2.685E-1);
#4762=ORIENTED_EDGE('',*,*,#4575,.F.);
#4764=ORIENTED_EDGE('',*,*,#4763,.T.);
#4765=ORIENTED_EDGE('',*,*,#4657,.T.);
#4766=ORIENTED_EDGE('',*,*,#4743,.F.);
#4767=EDGE_LOOP('',(#4762,#4764,#4765,#4766));
#4768=FACE_OUTER_BOUND('',#4767,.F.);
#4769=ADVANCED_FACE('',(#4768),#4761,.T.);
#4770=FILL_AREA_STYLE_COLOUR('',#9);
#4771=FILL_AREA_STYLE('',(#4770));
#4772=SURFACE_STYLE_FILL_AREA(#4771);
#4773=SURFACE_SIDE_STYLE('',(#4772));
#4774=SURFACE_STYLE_USAGE(.POSITIVE.,#4773);
#4775=PRESENTATION_STYLE_ASSIGNMENT((#4774));
#4776=STYLED_ITEM('',(#4775),#4769);
#4777=CARTESIAN_POINT('',(7.625E-1,-1.375E0,-5.E-2));
#4778=DIRECTION('',(0.E0,0.E0,-1.E0));
#4779=DIRECTION('',(0.E0,1.E0,0.E0));
#4780=AXIS2_PLACEMENT_3D('',#4777,#4778,#4779);
#4781=PLANE('',#4780);
#4782=ORIENTED_EDGE('',*,*,#4573,.F.);
#4784=ORIENTED_EDGE('',*,*,#4783,.T.);
#4785=ORIENTED_EDGE('',*,*,#4659,.T.);
#4786=ORIENTED_EDGE('',*,*,#4763,.F.);
#4787=EDGE_LOOP('',(#4782,#4784,#4785,#4786));
#4788=FACE_OUTER_BOUND('',#4787,.F.);
#4789=ADVANCED_FACE('',(#4788),#4781,.T.);
#4790=FILL_AREA_STYLE_COLOUR('',#9);
#4791=FILL_AREA_STYLE('',(#4790));
#4792=SURFACE_STYLE_FILL_AREA(#4791);
#4793=SURFACE_SIDE_STYLE('',(#4792));
#4794=SURFACE_STYLE_USAGE(.POSITIVE.,#4793);
#4795=PRESENTATION_STYLE_ASSIGNMENT((#4794));
#4796=STYLED_ITEM('',(#4795),#4789);
#4797=CARTESIAN_POINT('',(7.625E-1,-1.375E0,1.3E-1));
#4798=DIRECTION('',(0.E0,-1.E0,0.E0));
#4799=DIRECTION('',(0.E0,0.E0,-1.E0));
#4800=AXIS2_PLACEMENT_3D('',#4797,#4798,#4799);
#4801=PLANE('',#4800);
#4802=ORIENTED_EDGE('',*,*,#4571,.F.);
#4804=ORIENTED_EDGE('',*,*,#4803,.T.);
#4805=ORIENTED_EDGE('',*,*,#4661,.T.);
#4806=ORIENTED_EDGE('',*,*,#4783,.F.);
#4807=EDGE_LOOP('',(#4802,#4804,#4805,#4806));
#4808=FACE_OUTER_BOUND('',#4807,.F.);
#4809=ADVANCED_FACE('',(#4808),#4801,.T.);
#4810=FILL_AREA_STYLE_COLOUR('',#9);
#4811=FILL_AREA_STYLE('',(#4810));
#4812=SURFACE_STYLE_FILL_AREA(#4811);
#4813=SURFACE_SIDE_STYLE('',(#4812));
#4814=SURFACE_STYLE_USAGE(.POSITIVE.,#4813);
#4815=PRESENTATION_STYLE_ASSIGNMENT((#4814));
#4816=STYLED_ITEM('',(#4815),#4809);
#4817=CARTESIAN_POINT('',(7.625E-1,-1.075258920103E0,1.3E-1));
#4818=DIRECTION('',(0.E0,0.E0,1.E0));
#4819=DIRECTION('',(0.E0,-1.E0,0.E0));
#4820=AXIS2_PLACEMENT_3D('',#4817,#4818,#4819);
#4821=PLANE('',#4820);
#4822=ORIENTED_EDGE('',*,*,#4569,.F.);
#4824=ORIENTED_EDGE('',*,*,#4823,.T.);
#4825=ORIENTED_EDGE('',*,*,#4663,.T.);
#4826=ORIENTED_EDGE('',*,*,#4803,.F.);
#4827=EDGE_LOOP('',(#4822,#4824,#4825,#4826));
#4828=FACE_OUTER_BOUND('',#4827,.F.);
#4829=ADVANCED_FACE('',(#4828),#4821,.T.);
#4830=FILL_AREA_STYLE_COLOUR('',#9);
#4831=FILL_AREA_STYLE('',(#4830));
#4832=SURFACE_STYLE_FILL_AREA(#4831);
#4833=SURFACE_SIDE_STYLE('',(#4832));
#4834=SURFACE_STYLE_USAGE(.POSITIVE.,#4833);
#4835=PRESENTATION_STYLE_ASSIGNMENT((#4834));
#4836=STYLED_ITEM('',(#4835),#4829);
#4837=CARTESIAN_POINT('',(7.625E-1,-1.075258920103E0,2.185E-1));
#4838=DIRECTION('',(1.E0,0.E0,0.E0));
#4839=DIRECTION('',(0.E0,1.E0,0.E0));
#4840=AXIS2_PLACEMENT_3D('',#4837,#4838,#4839);
#4841=CYLINDRICAL_SURFACE('',#4840,8.85E-2);
#4842=ORIENTED_EDGE('',*,*,#4567,.F.);
#4844=ORIENTED_EDGE('',*,*,#4843,.T.);
#4845=ORIENTED_EDGE('',*,*,#4665,.T.);
#4846=ORIENTED_EDGE('',*,*,#4823,.F.);
#4847=EDGE_LOOP('',(#4842,#4844,#4845,#4846));
#4848=FACE_OUTER_BOUND('',#4847,.F.);
#4849=ADVANCED_FACE('',(#4848),#4841,.F.);
#4850=FILL_AREA_STYLE_COLOUR('',#9);
#4851=FILL_AREA_STYLE('',(#4850));
#4852=SURFACE_STYLE_FILL_AREA(#4851);
#4853=SURFACE_SIDE_STYLE('',(#4852));
#4854=SURFACE_STYLE_USAGE(.POSITIVE.,#4853);
#4855=PRESENTATION_STYLE_ASSIGNMENT((#4854));
#4856=STYLED_ITEM('',(#4855),#4849);
#4857=CARTESIAN_POINT('',(7.625E-1,-9.867589201026E-1,5.007E-1));
#4858=DIRECTION('',(0.E0,-1.E0,0.E0));
#4859=DIRECTION('',(0.E0,0.E0,-1.E0));
#4860=AXIS2_PLACEMENT_3D('',#4857,#4858,#4859);
#4861=PLANE('',#4860);
#4862=ORIENTED_EDGE('',*,*,#4565,.F.);
#4864=ORIENTED_EDGE('',*,*,#4863,.T.);
#4865=ORIENTED_EDGE('',*,*,#4667,.T.);
#4866=ORIENTED_EDGE('',*,*,#4843,.F.);
#4867=EDGE_LOOP('',(#4862,#4864,#4865,#4866));
#4868=FACE_OUTER_BOUND('',#4867,.F.);
#4869=ADVANCED_FACE('',(#4868),#4861,.T.);
#4870=FILL_AREA_STYLE_COLOUR('',#9);
#4871=FILL_AREA_STYLE('',(#4870));
#4872=SURFACE_STYLE_FILL_AREA(#4871);
#4873=SURFACE_SIDE_STYLE('',(#4872));
#4874=SURFACE_STYLE_USAGE(.POSITIVE.,#4873);
#4875=PRESENTATION_STYLE_ASSIGNMENT((#4874));
#4876=STYLED_ITEM('',(#4875),#4869);
#4877=CARTESIAN_POINT('',(7.625E-1,-8.374589201026E-1,5.007E-1));
#4878=DIRECTION('',(1.E0,0.E0,0.E0));
#4879=DIRECTION('',(0.E0,1.E0,0.E0));
#4880=AXIS2_PLACEMENT_3D('',#4877,#4878,#4879);
#4881=CYLINDRICAL_SURFACE('',#4880,1.493E-1);
#4882=ORIENTED_EDGE('',*,*,#4563,.F.);
#4883=ORIENTED_EDGE('',*,*,#4634,.T.);
#4884=ORIENTED_EDGE('',*,*,#4669,.T.);
#4885=ORIENTED_EDGE('',*,*,#4863,.F.);
#4886=EDGE_LOOP('',(#4882,#4883,#4884,#4885));
#4887=FACE_OUTER_BOUND('',#4886,.F.);
#4888=ADVANCED_FACE('',(#4887),#4881,.T.);
#4889=FILL_AREA_STYLE_COLOUR('',#9);
#4890=FILL_AREA_STYLE('',(#4889));
#4891=SURFACE_STYLE_FILL_AREA(#4890);
#4892=SURFACE_SIDE_STYLE('',(#4891));
#4893=SURFACE_STYLE_USAGE(.POSITIVE.,#4892);
#4894=PRESENTATION_STYLE_ASSIGNMENT((#4893));
#4895=STYLED_ITEM('',(#4894),#4888);
#4896=CARTESIAN_POINT('',(7.625E-1,8.374589201026E-1,5.007E-1));
#4897=DIRECTION('',(1.E0,0.E0,0.E0));
#4898=DIRECTION('',(0.E0,1.E0,0.E0));
#4899=AXIS2_PLACEMENT_3D('',#4896,#4897,#4898);
#4900=CYLINDRICAL_SURFACE('',#4899,1.493E-1);
#4901=ORIENTED_EDGE('',*,*,#4613,.F.);
#4903=ORIENTED_EDGE('',*,*,#4902,.T.);
#4904=ORIENTED_EDGE('',*,*,#4689,.T.);
#4905=ORIENTED_EDGE('',*,*,#4541,.F.);
#4906=EDGE_LOOP('',(#4901,#4903,#4904,#4905));
#4907=FACE_OUTER_BOUND('',#4906,.F.);
#4908=ADVANCED_FACE('',(#4907),#4900,.T.);
#4909=FILL_AREA_STYLE_COLOUR('',#9);
#4910=FILL_AREA_STYLE('',(#4909));
#4911=SURFACE_STYLE_FILL_AREA(#4910);
#4912=SURFACE_SIDE_STYLE('',(#4911));
#4913=SURFACE_STYLE_USAGE(.POSITIVE.,#4912);
#4914=PRESENTATION_STYLE_ASSIGNMENT((#4913));
#4915=STYLED_ITEM('',(#4914),#4908);
#4916=CARTESIAN_POINT('',(7.625E-1,9.867589201026E-1,2.185E-1));
#4917=DIRECTION('',(0.E0,1.E0,0.E0));
#4918=DIRECTION('',(0.E0,0.E0,1.E0));
#4919=AXIS2_PLACEMENT_3D('',#4916,#4917,#4918);
#4920=PLANE('',#4919);
#4921=ORIENTED_EDGE('',*,*,#4611,.F.);
#4923=ORIENTED_EDGE('',*,*,#4922,.T.);
#4924=ORIENTED_EDGE('',*,*,#4691,.T.);
#4925=ORIENTED_EDGE('',*,*,#4902,.F.);
#4926=EDGE_LOOP('',(#4921,#4923,#4924,#4925));
#4927=FACE_OUTER_BOUND('',#4926,.F.);
#4928=ADVANCED_FACE('',(#4927),#4920,.T.);
#4929=FILL_AREA_STYLE_COLOUR('',#9);
#4930=FILL_AREA_STYLE('',(#4929));
#4931=SURFACE_STYLE_FILL_AREA(#4930);
#4932=SURFACE_SIDE_STYLE('',(#4931));
#4933=SURFACE_STYLE_USAGE(.POSITIVE.,#4932);
#4934=PRESENTATION_STYLE_ASSIGNMENT((#4933));
#4935=STYLED_ITEM('',(#4934),#4928);
#4936=CARTESIAN_POINT('',(7.625E-1,1.075258920103E0,2.185E-1));
#4937=DIRECTION('',(1.E0,0.E0,0.E0));
#4938=DIRECTION('',(0.E0,1.E0,0.E0));
#4939=AXIS2_PLACEMENT_3D('',#4936,#4937,#4938);
#4940=CYLINDRICAL_SURFACE('',#4939,8.85E-2);
#4941=ORIENTED_EDGE('',*,*,#4609,.F.);
#4943=ORIENTED_EDGE('',*,*,#4942,.T.);
#4944=ORIENTED_EDGE('',*,*,#4693,.T.);
#4945=ORIENTED_EDGE('',*,*,#4922,.F.);
#4946=EDGE_LOOP('',(#4941,#4943,#4944,#4945));
#4947=FACE_OUTER_BOUND('',#4946,.F.);
#4948=ADVANCED_FACE('',(#4947),#4940,.F.);
#4949=FILL_AREA_STYLE_COLOUR('',#9);
#4950=FILL_AREA_STYLE('',(#4949));
#4951=SURFACE_STYLE_FILL_AREA(#4950);
#4952=SURFACE_SIDE_STYLE('',(#4951));
#4953=SURFACE_STYLE_USAGE(.POSITIVE.,#4952);
#4954=PRESENTATION_STYLE_ASSIGNMENT((#4953));
#4955=STYLED_ITEM('',(#4954),#4948);
#4956=CARTESIAN_POINT('',(7.625E-1,1.375E0,1.3E-1));
#4957=DIRECTION('',(0.E0,0.E0,1.E0));
#4958=DIRECTION('',(0.E0,-1.E0,0.E0));
#4959=AXIS2_PLACEMENT_3D('',#4956,#4957,#4958);
#4960=PLANE('',#4959);
#4961=ORIENTED_EDGE('',*,*,#4607,.F.);
#4963=ORIENTED_EDGE('',*,*,#4962,.T.);
#4964=ORIENTED_EDGE('',*,*,#4695,.T.);
#4965=ORIENTED_EDGE('',*,*,#4942,.F.);
#4966=EDGE_LOOP('',(#4961,#4963,#4964,#4965));
#4967=FACE_OUTER_BOUND('',#4966,.F.);
#4968=ADVANCED_FACE('',(#4967),#4960,.T.);
#4969=FILL_AREA_STYLE_COLOUR('',#9);
#4970=FILL_AREA_STYLE('',(#4969));
#4971=SURFACE_STYLE_FILL_AREA(#4970);
#4972=SURFACE_SIDE_STYLE('',(#4971));
#4973=SURFACE_STYLE_USAGE(.POSITIVE.,#4972);
#4974=PRESENTATION_STYLE_ASSIGNMENT((#4973));
#4975=STYLED_ITEM('',(#4974),#4968);
#4976=CARTESIAN_POINT('',(7.625E-1,1.375E0,-5.E-2));
#4977=DIRECTION('',(0.E0,1.E0,0.E0));
#4978=DIRECTION('',(0.E0,0.E0,1.E0));
#4979=AXIS2_PLACEMENT_3D('',#4976,#4977,#4978);
#4980=PLANE('',#4979);
#4981=ORIENTED_EDGE('',*,*,#4605,.F.);
#4983=ORIENTED_EDGE('',*,*,#4982,.T.);
#4984=ORIENTED_EDGE('',*,*,#4697,.T.);
#4985=ORIENTED_EDGE('',*,*,#4962,.F.);
#4986=EDGE_LOOP('',(#4981,#4983,#4984,#4985));
#4987=FACE_OUTER_BOUND('',#4986,.F.);
#4988=ADVANCED_FACE('',(#4987),#4980,.T.);
#4989=FILL_AREA_STYLE_COLOUR('',#9);
#4990=FILL_AREA_STYLE('',(#4989));
#4991=SURFACE_STYLE_FILL_AREA(#4990);
#4992=SURFACE_SIDE_STYLE('',(#4991));
#4993=SURFACE_STYLE_USAGE(.POSITIVE.,#4992);
#4994=PRESENTATION_STYLE_ASSIGNMENT((#4993));
#4995=STYLED_ITEM('',(#4994),#4988);
#4996=CARTESIAN_POINT('',(7.625E-1,1.075258920103E0,-5.E-2));
#4997=DIRECTION('',(0.E0,0.E0,-1.E0));
#4998=DIRECTION('',(0.E0,1.E0,0.E0));
#4999=AXIS2_PLACEMENT_3D('',#4996,#4997,#4998);
#5000=PLANE('',#4999);
#5001=ORIENTED_EDGE('',*,*,#4603,.F.);
#5003=ORIENTED_EDGE('',*,*,#5002,.T.);
#5004=ORIENTED_EDGE('',*,*,#4699,.T.);
#5005=ORIENTED_EDGE('',*,*,#4982,.F.);
#5006=EDGE_LOOP('',(#5001,#5003,#5004,#5005));
#5007=FACE_OUTER_BOUND('',#5006,.F.);
#5008=ADVANCED_FACE('',(#5007),#5000,.T.);
#5009=FILL_AREA_STYLE_COLOUR('',#9);
#5010=FILL_AREA_STYLE('',(#5009));
#5011=SURFACE_STYLE_FILL_AREA(#5010);
#5012=SURFACE_SIDE_STYLE('',(#5011));
#5013=SURFACE_STYLE_USAGE(.POSITIVE.,#5012);
#5014=PRESENTATION_STYLE_ASSIGNMENT((#5013));
#5015=STYLED_ITEM('',(#5014),#5008);
#5016=CARTESIAN_POINT('',(7.625E-1,1.075258920103E0,2.185E-1));
#5017=DIRECTION('',(1.E0,0.E0,0.E0));
#5018=DIRECTION('',(0.E0,1.E0,0.E0));
#5019=AXIS2_PLACEMENT_3D('',#5016,#5017,#5018);
#5020=CYLINDRICAL_SURFACE('',#5019,2.685E-1);
#5021=ORIENTED_EDGE('',*,*,#4601,.F.);
#5023=ORIENTED_EDGE('',*,*,#5022,.T.);
#5024=ORIENTED_EDGE('',*,*,#4701,.T.);
#5025=ORIENTED_EDGE('',*,*,#5002,.F.);
#5026=EDGE_LOOP('',(#5021,#5023,#5024,#5025));
#5027=FACE_OUTER_BOUND('',#5026,.F.);
#5028=ADVANCED_FACE('',(#5027),#5020,.T.);
#5029=FILL_AREA_STYLE_COLOUR('',#9);
#5030=FILL_AREA_STYLE('',(#5029));
#5031=SURFACE_STYLE_FILL_AREA(#5030);
#5032=SURFACE_SIDE_STYLE('',(#5031));
#5033=SURFACE_STYLE_USAGE(.POSITIVE.,#5032);
#5034=PRESENTATION_STYLE_ASSIGNMENT((#5033));
#5035=STYLED_ITEM('',(#5034),#5028);
#5036=CARTESIAN_POINT('',(7.625E-1,8.067589201026E-1,4.7E-1));
#5037=DIRECTION('',(0.E0,-1.E0,0.E0));
#5038=DIRECTION('',(0.E0,0.E0,-1.E0));
#5039=AXIS2_PLACEMENT_3D('',#5036,#5037,#5038);
#5040=PLANE('',#5039);
#5041=ORIENTED_EDGE('',*,*,#4599,.F.);
#5043=ORIENTED_EDGE('',*,*,#5042,.T.);
#5044=ORIENTED_EDGE('',*,*,#4703,.T.);
#5045=ORIENTED_EDGE('',*,*,#5022,.F.);
#5046=EDGE_LOOP('',(#5041,#5043,#5044,#5045));
#5047=FACE_OUTER_BOUND('',#5046,.F.);
#5048=ADVANCED_FACE('',(#5047),#5040,.T.);
#5049=FILL_AREA_STYLE_COLOUR('',#9);
#5050=FILL_AREA_STYLE('',(#5049));
#5051=SURFACE_STYLE_FILL_AREA(#5050);
#5052=SURFACE_SIDE_STYLE('',(#5051));
#5053=SURFACE_STYLE_USAGE(.POSITIVE.,#5052);
#5054=PRESENTATION_STYLE_ASSIGNMENT((#5053));
#5055=STYLED_ITEM('',(#5054),#5048);
#5056=CARTESIAN_POINT('',(7.625E-1,7.278461538462E-1,4.7E-1));
#5057=DIRECTION('',(0.E0,0.E0,-1.E0));
#5058=DIRECTION('',(0.E0,1.E0,0.E0));
#5059=AXIS2_PLACEMENT_3D('',#5056,#5057,#5058);
#5060=PLANE('',#5059);
#5061=ORIENTED_EDGE('',*,*,#3652,.T.);
#5062=ORIENTED_EDGE('',*,*,#4705,.T.);
#5063=ORIENTED_EDGE('',*,*,#5042,.F.);
#5064=ORIENTED_EDGE('',*,*,#4597,.F.);
#5065=EDGE_LOOP('',(#5061,#5062,#5063,#5064));
#5066=FACE_OUTER_BOUND('',#5065,.F.);
#5067=ADVANCED_FACE('',(#5066),#5060,.T.);
#5068=FILL_AREA_STYLE_COLOUR('',#9);
#5069=FILL_AREA_STYLE('',(#5068));
#5070=SURFACE_STYLE_FILL_AREA(#5069);
#5071=SURFACE_SIDE_STYLE('',(#5070));
#5072=SURFACE_STYLE_USAGE(.POSITIVE.,#5071);
#5073=PRESENTATION_STYLE_ASSIGNMENT((#5072));
#5074=STYLED_ITEM('',(#5073),#5067);
#5075=CARTESIAN_POINT('',(1.5E0,-7.5E-1,0.E0));
#5076=DIRECTION('',(1.E0,0.E0,0.E0));
#5077=DIRECTION('',(0.E0,1.E0,0.E0));
#5078=AXIS2_PLACEMENT_3D('',#5075,#5076,#5077);
#5079=PLANE('',#5078);
#5080=ORIENTED_EDGE('',*,*,#3470,.F.);
#5081=ORIENTED_EDGE('',*,*,#3593,.F.);
#5083=ORIENTED_EDGE('',*,*,#5082,.T.);
#5084=ORIENTED_EDGE('',*,*,#3694,.F.);
#5085=ORIENTED_EDGE('',*,*,#3646,.F.);
#5086=ORIENTED_EDGE('',*,*,#3425,.F.);
#5087=EDGE_LOOP('',(#5080,#5081,#5083,#5084,#5085,#5086));
#5088=FACE_OUTER_BOUND('',#5087,.F.);
#5089=ADVANCED_FACE('',(#5088),#5079,.T.);
#5090=FILL_AREA_STYLE_COLOUR('',#3);
#5091=FILL_AREA_STYLE('',(#5090));
#5092=SURFACE_STYLE_FILL_AREA(#5091);
#5093=SURFACE_SIDE_STYLE('',(#5092));
#5094=SURFACE_STYLE_USAGE(.POSITIVE.,#5093);
#5095=PRESENTATION_STYLE_ASSIGNMENT((#5094));
#5096=STYLED_ITEM('',(#5095),#5089);
#5097=CARTESIAN_POINT('',(0.E0,0.E0,9.5E-1));
#5098=DIRECTION('',(0.E0,0.E0,1.E0));
#5099=DIRECTION('',(1.E0,0.E0,0.E0));
#5100=AXIS2_PLACEMENT_3D('',#5097,#5098,#5099);
#5101=PLANE('',#5100);
#5102=ORIENTED_EDGE('',*,*,#3591,.F.);
#5103=ORIENTED_EDGE('',*,*,#3623,.F.);
#5104=ORIENTED_EDGE('',*,*,#3696,.F.);
#5105=ORIENTED_EDGE('',*,*,#5082,.F.);
#5106=EDGE_LOOP('',(#5102,#5103,#5104,#5105));
#5107=FACE_OUTER_BOUND('',#5106,.F.);
#5109=ORIENTED_EDGE('',*,*,#5108,.T.);
#5111=ORIENTED_EDGE('',*,*,#5110,.T.);
#5112=EDGE_LOOP('',(#5109,#5111));
#5113=FACE_BOUND('',#5112,.F.);
#5115=ORIENTED_EDGE('',*,*,#5114,.T.);
#5117=ORIENTED_EDGE('',*,*,#5116,.T.);
#5119=ORIENTED_EDGE('',*,*,#5118,.T.);
#5121=ORIENTED_EDGE('',*,*,#5120,.T.);
#5123=ORIENTED_EDGE('',*,*,#5122,.T.);
#5125=ORIENTED_EDGE('',*,*,#5124,.T.);
#5126=EDGE_LOOP('',(#5115,#5117,#5119,#5121,#5123,#5125));
#5127=FACE_BOUND('',#5126,.F.);
#5129=ORIENTED_EDGE('',*,*,#5128,.T.);
#5131=ORIENTED_EDGE('',*,*,#5130,.F.);
#5133=ORIENTED_EDGE('',*,*,#5132,.T.);
#5135=ORIENTED_EDGE('',*,*,#5134,.F.);
#5136=EDGE_LOOP('',(#5129,#5131,#5133,#5135));
#5137=FACE_BOUND('',#5136,.F.);
#5139=ORIENTED_EDGE('',*,*,#5138,.T.);
#5141=ORIENTED_EDGE('',*,*,#5140,.T.);
#5143=ORIENTED_EDGE('',*,*,#5142,.T.);
#5145=ORIENTED_EDGE('',*,*,#5144,.T.);
#5147=ORIENTED_EDGE('',*,*,#5146,.T.);
#5149=ORIENTED_EDGE('',*,*,#5148,.T.);
#5151=ORIENTED_EDGE('',*,*,#5150,.T.);
#5153=ORIENTED_EDGE('',*,*,#5152,.T.);
#5155=ORIENTED_EDGE('',*,*,#5154,.T.);
#5157=ORIENTED_EDGE('',*,*,#5156,.T.);
#5159=ORIENTED_EDGE('',*,*,#5158,.T.);
#5161=ORIENTED_EDGE('',*,*,#5160,.T.);
#5162=EDGE_LOOP('',(#5139,#5141,#5143,#5145,#5147,#5149,#5151,#5153,#5155,#5157,
#5159,#5161));
#5163=FACE_BOUND('',#5162,.F.);
#5165=ORIENTED_EDGE('',*,*,#5164,.T.);
#5167=ORIENTED_EDGE('',*,*,#5166,.F.);
#5169=ORIENTED_EDGE('',*,*,#5168,.T.);
#5171=ORIENTED_EDGE('',*,*,#5170,.T.);
#5172=EDGE_LOOP('',(#5165,#5167,#5169,#5171));
#5173=FACE_BOUND('',#5172,.F.);
#5175=ORIENTED_EDGE('',*,*,#5174,.T.);
#5177=ORIENTED_EDGE('',*,*,#5176,.T.);
#5179=ORIENTED_EDGE('',*,*,#5178,.T.);
#5181=ORIENTED_EDGE('',*,*,#5180,.T.);
#5183=ORIENTED_EDGE('',*,*,#5182,.T.);
#5185=ORIENTED_EDGE('',*,*,#5184,.T.);
#5187=ORIENTED_EDGE('',*,*,#5186,.T.);
#5189=ORIENTED_EDGE('',*,*,#5188,.T.);
#5190=EDGE_LOOP('',(#5175,#5177,#5179,#5181,#5183,#5185,#5187,#5189));
#5191=FACE_BOUND('',#5190,.F.);
#5193=ORIENTED_EDGE('',*,*,#5192,.T.);
#5195=ORIENTED_EDGE('',*,*,#5194,.T.);
#5197=ORIENTED_EDGE('',*,*,#5196,.T.);
#5199=ORIENTED_EDGE('',*,*,#5198,.T.);
#5201=ORIENTED_EDGE('',*,*,#5200,.T.);
#5203=ORIENTED_EDGE('',*,*,#5202,.T.);
#5205=ORIENTED_EDGE('',*,*,#5204,.T.);
#5207=ORIENTED_EDGE('',*,*,#5206,.T.);
#5209=ORIENTED_EDGE('',*,*,#5208,.T.);
#5211=ORIENTED_EDGE('',*,*,#5210,.T.);
#5213=ORIENTED_EDGE('',*,*,#5212,.T.);
#5215=ORIENTED_EDGE('',*,*,#5214,.T.);
#5216=EDGE_LOOP('',(#5193,#5195,#5197,#5199,#5201,#5203,#5205,#5207,#5209,#5211,
#5213,#5215));
#5217=FACE_BOUND('',#5216,.F.);
#5219=ORIENTED_EDGE('',*,*,#5218,.T.);
#5221=ORIENTED_EDGE('',*,*,#5220,.T.);
#5223=ORIENTED_EDGE('',*,*,#5222,.T.);
#5225=ORIENTED_EDGE('',*,*,#5224,.F.);
#5227=ORIENTED_EDGE('',*,*,#5226,.T.);
#5229=ORIENTED_EDGE('',*,*,#5228,.F.);
#5231=ORIENTED_EDGE('',*,*,#5230,.T.);
#5233=ORIENTED_EDGE('',*,*,#5232,.F.);
#5234=EDGE_LOOP('',(#5219,#5221,#5223,#5225,#5227,#5229,#5231,#5233));
#5235=FACE_BOUND('',#5234,.F.);
#5237=ORIENTED_EDGE('',*,*,#5236,.T.);
#5239=ORIENTED_EDGE('',*,*,#5238,.F.);
#5241=ORIENTED_EDGE('',*,*,#5240,.T.);
#5243=ORIENTED_EDGE('',*,*,#5242,.F.);
#5244=EDGE_LOOP('',(#5237,#5239,#5241,#5243));
#5245=FACE_BOUND('',#5244,.F.);
#5247=ORIENTED_EDGE('',*,*,#5246,.T.);
#5249=ORIENTED_EDGE('',*,*,#5248,.T.);
#5251=ORIENTED_EDGE('',*,*,#5250,.T.);
#5253=ORIENTED_EDGE('',*,*,#5252,.T.);
#5255=ORIENTED_EDGE('',*,*,#5254,.T.);
#5257=ORIENTED_EDGE('',*,*,#5256,.F.);
#5259=ORIENTED_EDGE('',*,*,#5258,.T.);
#5261=ORIENTED_EDGE('',*,*,#5260,.F.);
#5263=ORIENTED_EDGE('',*,*,#5262,.T.);
#5265=ORIENTED_EDGE('',*,*,#5264,.T.);
#5267=ORIENTED_EDGE('',*,*,#5266,.T.);
#5269=ORIENTED_EDGE('',*,*,#5268,.F.);
#5270=EDGE_LOOP('',(#5247,#5249,#5251,#5253,#5255,#5257,#5259,#5261,#5263,#5265,
#5267,#5269));
#5271=FACE_BOUND('',#5270,.F.);
#5273=ORIENTED_EDGE('',*,*,#5272,.T.);
#5275=ORIENTED_EDGE('',*,*,#5274,.T.);
#5277=ORIENTED_EDGE('',*,*,#5276,.T.);
#5279=ORIENTED_EDGE('',*,*,#5278,.T.);
#5281=ORIENTED_EDGE('',*,*,#5280,.T.);
#5283=ORIENTED_EDGE('',*,*,#5282,.T.);
#5285=ORIENTED_EDGE('',*,*,#5284,.T.);
#5287=ORIENTED_EDGE('',*,*,#5286,.T.);
#5289=ORIENTED_EDGE('',*,*,#5288,.T.);
#5291=ORIENTED_EDGE('',*,*,#5290,.T.);
#5293=ORIENTED_EDGE('',*,*,#5292,.T.);
#5295=ORIENTED_EDGE('',*,*,#5294,.T.);
#5296=EDGE_LOOP('',(#5273,#5275,#5277,#5279,#5281,#5283,#5285,#5287,#5289,#5291,
#5293,#5295));
#5297=FACE_BOUND('',#5296,.F.);
#5299=ORIENTED_EDGE('',*,*,#5298,.T.);
#5301=ORIENTED_EDGE('',*,*,#5300,.F.);
#5303=ORIENTED_EDGE('',*,*,#5302,.T.);
#5305=ORIENTED_EDGE('',*,*,#5304,.T.);
#5306=EDGE_LOOP('',(#5299,#5301,#5303,#5305));
#5307=FACE_BOUND('',#5306,.F.);
#5309=ORIENTED_EDGE('',*,*,#5308,.T.);
#5311=ORIENTED_EDGE('',*,*,#5310,.T.);
#5313=ORIENTED_EDGE('',*,*,#5312,.T.);
#5315=ORIENTED_EDGE('',*,*,#5314,.T.);
#5317=ORIENTED_EDGE('',*,*,#5316,.T.);
#5319=ORIENTED_EDGE('',*,*,#5318,.T.);
#5321=ORIENTED_EDGE('',*,*,#5320,.T.);
#5323=ORIENTED_EDGE('',*,*,#5322,.T.);
#5324=EDGE_LOOP('',(#5309,#5311,#5313,#5315,#5317,#5319,#5321,#5323));
#5325=FACE_BOUND('',#5324,.F.);
#5327=ORIENTED_EDGE('',*,*,#5326,.T.);
#5329=ORIENTED_EDGE('',*,*,#5328,.T.);
#5331=ORIENTED_EDGE('',*,*,#5330,.T.);
#5333=ORIENTED_EDGE('',*,*,#5332,.T.);
#5335=ORIENTED_EDGE('',*,*,#5334,.T.);
#5337=ORIENTED_EDGE('',*,*,#5336,.T.);
#5339=ORIENTED_EDGE('',*,*,#5338,.T.);
#5341=ORIENTED_EDGE('',*,*,#5340,.T.);
#5343=ORIENTED_EDGE('',*,*,#5342,.T.);
#5345=ORIENTED_EDGE('',*,*,#5344,.T.);
#5347=ORIENTED_EDGE('',*,*,#5346,.T.);
#5349=ORIENTED_EDGE('',*,*,#5348,.T.);
#5351=ORIENTED_EDGE('',*,*,#5350,.T.);
#5353=ORIENTED_EDGE('',*,*,#5352,.T.);
#5355=ORIENTED_EDGE('',*,*,#5354,.T.);
#5357=ORIENTED_EDGE('',*,*,#5356,.T.);
#5358=EDGE_LOOP('',(#5327,#5329,#5331,#5333,#5335,#5337,#5339,#5341,#5343,#5345,
#5347,#5349,#5351,#5353,#5355,#5357));
#5359=FACE_BOUND('',#5358,.F.);
#5360=ADVANCED_FACE('',(#5107,#5113,#5127,#5137,#5163,#5173,#5191,#5217,#5235,
#5245,#5271,#5297,#5307,#5325,#5359),#5101,.T.);
#5361=FILL_AREA_STYLE_COLOUR('',#3);
#5362=FILL_AREA_STYLE('',(#5361));
#5363=SURFACE_STYLE_FILL_AREA(#5362);
#5364=SURFACE_SIDE_STYLE('',(#5363));
#5365=SURFACE_STYLE_USAGE(.POSITIVE.,#5364);
#5366=PRESENTATION_STYLE_ASSIGNMENT((#5365));
#5367=STYLED_ITEM('',(#5366),#5360);
#5368=CARTESIAN_POINT('',(0.E0,0.E0,9.5E-1));
#5369=DIRECTION('',(0.E0,0.E0,1.E0));
#5370=DIRECTION('',(1.E0,0.E0,0.E0));
#5371=AXIS2_PLACEMENT_3D('',#5368,#5369,#5370);
#5372=PLANE('',#5371);
#5374=ORIENTED_EDGE('',*,*,#5373,.F.);
#5376=ORIENTED_EDGE('',*,*,#5375,.F.);
#5377=EDGE_LOOP('',(#5374,#5376));
#5378=FACE_OUTER_BOUND('',#5377,.F.);
#5379=ADVANCED_FACE('',(#5378),#5372,.T.);
#5380=FILL_AREA_STYLE_COLOUR('',#3);
#5381=FILL_AREA_STYLE('',(#5380));
#5382=SURFACE_STYLE_FILL_AREA(#5381);
#5383=SURFACE_SIDE_STYLE('',(#5382));
#5384=SURFACE_STYLE_USAGE(.POSITIVE.,#5383);
#5385=PRESENTATION_STYLE_ASSIGNMENT((#5384));
#5386=STYLED_ITEM('',(#5385),#5379);
#5387=CARTESIAN_POINT('',(0.E0,0.E0,9.5E-1));
#5388=DIRECTION('',(0.E0,0.E0,1.E0));
#5389=DIRECTION('',(1.E0,0.E0,0.E0));
#5390=AXIS2_PLACEMENT_3D('',#5387,#5388,#5389);
#5391=PLANE('',#5390);
#5393=ORIENTED_EDGE('',*,*,#5392,.T.);
#5395=ORIENTED_EDGE('',*,*,#5394,.F.);
#5397=ORIENTED_EDGE('',*,*,#5396,.T.);
#5399=ORIENTED_EDGE('',*,*,#5398,.T.);
#5400=EDGE_LOOP('',(#5393,#5395,#5397,#5399));
#5401=FACE_OUTER_BOUND('',#5400,.F.);
#5402=ADVANCED_FACE('',(#5401),#5391,.T.);
#5403=FILL_AREA_STYLE_COLOUR('',#3);
#5404=FILL_AREA_STYLE('',(#5403));
#5405=SURFACE_STYLE_FILL_AREA(#5404);
#5406=SURFACE_SIDE_STYLE('',(#5405));
#5407=SURFACE_STYLE_USAGE(.POSITIVE.,#5406);
#5408=PRESENTATION_STYLE_ASSIGNMENT((#5407));
#5409=STYLED_ITEM('',(#5408),#5402);
#5410=CARTESIAN_POINT('',(0.E0,0.E0,9.5E-1));
#5411=DIRECTION('',(0.E0,0.E0,1.E0));
#5412=DIRECTION('',(1.E0,0.E0,0.E0));
#5413=AXIS2_PLACEMENT_3D('',#5410,#5411,#5412);
#5414=PLANE('',#5413);
#5416=ORIENTED_EDGE('',*,*,#5415,.F.);
#5418=ORIENTED_EDGE('',*,*,#5417,.T.);
#5420=ORIENTED_EDGE('',*,*,#5419,.T.);
#5422=ORIENTED_EDGE('',*,*,#5421,.T.);
#5424=ORIENTED_EDGE('',*,*,#5423,.F.);
#5425=EDGE_LOOP('',(#5416,#5418,#5420,#5422,#5424));
#5426=FACE_OUTER_BOUND('',#5425,.F.);
#5427=ADVANCED_FACE('',(#5426),#5414,.T.);
#5428=FILL_AREA_STYLE_COLOUR('',#3);
#5429=FILL_AREA_STYLE('',(#5428));
#5430=SURFACE_STYLE_FILL_AREA(#5429);
#5431=SURFACE_SIDE_STYLE('',(#5430));
#5432=SURFACE_STYLE_USAGE(.POSITIVE.,#5431);
#5433=PRESENTATION_STYLE_ASSIGNMENT((#5432));
#5434=STYLED_ITEM('',(#5433),#5427);
#5435=CARTESIAN_POINT('',(0.E0,0.E0,9.5E-1));
#5436=DIRECTION('',(0.E0,0.E0,1.E0));
#5437=DIRECTION('',(1.E0,0.E0,0.E0));
#5438=AXIS2_PLACEMENT_3D('',#5435,#5436,#5437);
#5439=PLANE('',#5438);
#5441=ORIENTED_EDGE('',*,*,#5440,.T.);
#5443=ORIENTED_EDGE('',*,*,#5442,.T.);
#5445=ORIENTED_EDGE('',*,*,#5444,.F.);
#5446=EDGE_LOOP('',(#5441,#5443,#5445));
#5447=FACE_OUTER_BOUND('',#5446,.F.);
#5448=ADVANCED_FACE('',(#5447),#5439,.T.);
#5449=FILL_AREA_STYLE_COLOUR('',#3);
#5450=FILL_AREA_STYLE('',(#5449));
#5451=SURFACE_STYLE_FILL_AREA(#5450);
#5452=SURFACE_SIDE_STYLE('',(#5451));
#5453=SURFACE_STYLE_USAGE(.POSITIVE.,#5452);
#5454=PRESENTATION_STYLE_ASSIGNMENT((#5453));
#5455=STYLED_ITEM('',(#5454),#5448);
#5456=CARTESIAN_POINT('',(0.E0,0.E0,9.5E-1));
#5457=DIRECTION('',(0.E0,0.E0,1.E0));
#5458=DIRECTION('',(1.E0,0.E0,0.E0));
#5459=AXIS2_PLACEMENT_3D('',#5456,#5457,#5458);
#5460=PLANE('',#5459);
#5462=ORIENTED_EDGE('',*,*,#5461,.T.);
#5464=ORIENTED_EDGE('',*,*,#5463,.F.);
#5466=ORIENTED_EDGE('',*,*,#5465,.T.);
#5468=ORIENTED_EDGE('',*,*,#5467,.T.);
#5469=EDGE_LOOP('',(#5462,#5464,#5466,#5468));
#5470=FACE_OUTER_BOUND('',#5469,.F.);
#5471=ADVANCED_FACE('',(#5470),#5460,.T.);
#5472=FILL_AREA_STYLE_COLOUR('',#3);
#5473=FILL_AREA_STYLE('',(#5472));
#5474=SURFACE_STYLE_FILL_AREA(#5473);
#5475=SURFACE_SIDE_STYLE('',(#5474));
#5476=SURFACE_STYLE_USAGE(.POSITIVE.,#5475);
#5477=PRESENTATION_STYLE_ASSIGNMENT((#5476));
#5478=STYLED_ITEM('',(#5477),#5471);
#5479=CARTESIAN_POINT('',(0.E0,0.E0,9.5E-1));
#5480=DIRECTION('',(0.E0,0.E0,1.E0));
#5481=DIRECTION('',(1.E0,0.E0,0.E0));
#5482=AXIS2_PLACEMENT_3D('',#5479,#5480,#5481);
#5483=PLANE('',#5482);
#5485=ORIENTED_EDGE('',*,*,#5484,.F.);
#5487=ORIENTED_EDGE('',*,*,#5486,.T.);
#5489=ORIENTED_EDGE('',*,*,#5488,.T.);
#5491=ORIENTED_EDGE('',*,*,#5490,.T.);
#5493=ORIENTED_EDGE('',*,*,#5492,.F.);
#5494=EDGE_LOOP('',(#5485,#5487,#5489,#5491,#5493));
#5495=FACE_OUTER_BOUND('',#5494,.F.);
#5496=ADVANCED_FACE('',(#5495),#5483,.T.);
#5497=FILL_AREA_STYLE_COLOUR('',#3);
#5498=FILL_AREA_STYLE('',(#5497));
#5499=SURFACE_STYLE_FILL_AREA(#5498);
#5500=SURFACE_SIDE_STYLE('',(#5499));
#5501=SURFACE_STYLE_USAGE(.POSITIVE.,#5500);
#5502=PRESENTATION_STYLE_ASSIGNMENT((#5501));
#5503=STYLED_ITEM('',(#5502),#5496);
#5504=CARTESIAN_POINT('',(-1.1606E0,-3.899E-1,9.5E-1));
#5505=DIRECTION('',(0.E0,0.E0,1.E0));
#5506=DIRECTION('',(1.E0,0.E0,0.E0));
#5507=AXIS2_PLACEMENT_3D('',#5504,#5505,#5506);
#5508=CYLINDRICAL_SURFACE('',#5507,1.1595E-1);
#5509=ORIENTED_EDGE('',*,*,#5108,.F.);
#5511=ORIENTED_EDGE('',*,*,#5510,.T.);
#5513=ORIENTED_EDGE('',*,*,#5512,.T.);
#5515=ORIENTED_EDGE('',*,*,#5514,.F.);
#5516=EDGE_LOOP('',(#5509,#5511,#5513,#5515));
#5517=FACE_OUTER_BOUND('',#5516,.F.);
#5518=ADVANCED_FACE('',(#5517),#5508,.T.);
#5519=FILL_AREA_STYLE_COLOUR('',#9);
#5520=FILL_AREA_STYLE('',(#5519));
#5521=SURFACE_STYLE_FILL_AREA(#5520);
#5522=SURFACE_SIDE_STYLE('',(#5521));
#5523=SURFACE_STYLE_USAGE(.POSITIVE.,#5522);
#5524=PRESENTATION_STYLE_ASSIGNMENT((#5523));
#5525=STYLED_ITEM('',(#5524),#5518);
#5526=CARTESIAN_POINT('',(-1.1606E0,-3.899E-1,9.5E-1));
#5527=DIRECTION('',(0.E0,0.E0,1.E0));
#5528=DIRECTION('',(1.E0,0.E0,0.E0));
#5529=AXIS2_PLACEMENT_3D('',#5526,#5527,#5528);
#5530=CYLINDRICAL_SURFACE('',#5529,1.1595E-1);
#5531=ORIENTED_EDGE('',*,*,#5110,.F.);
#5532=ORIENTED_EDGE('',*,*,#5514,.T.);
#5534=ORIENTED_EDGE('',*,*,#5533,.T.);
#5535=ORIENTED_EDGE('',*,*,#5510,.F.);
#5536=EDGE_LOOP('',(#5531,#5532,#5534,#5535));
#5537=FACE_OUTER_BOUND('',#5536,.F.);
#5538=ADVANCED_FACE('',(#5537),#5530,.T.);
#5539=FILL_AREA_STYLE_COLOUR('',#9);
#5540=FILL_AREA_STYLE('',(#5539));
#5541=SURFACE_STYLE_FILL_AREA(#5540);
#5542=SURFACE_SIDE_STYLE('',(#5541));
#5543=SURFACE_STYLE_USAGE(.POSITIVE.,#5542);
#5544=PRESENTATION_STYLE_ASSIGNMENT((#5543));
#5545=STYLED_ITEM('',(#5544),#5538);
#5546=CARTESIAN_POINT('',(0.E0,0.E0,9.51E-1));
#5547=DIRECTION('',(0.E0,0.E0,1.E0));
#5548=DIRECTION('',(1.E0,0.E0,0.E0));
#5549=AXIS2_PLACEMENT_3D('',#5546,#5547,#5548);
#5550=PLANE('',#5549);
#5551=ORIENTED_EDGE('',*,*,#5512,.F.);
#5552=ORIENTED_EDGE('',*,*,#5533,.F.);
#5553=EDGE_LOOP('',(#5551,#5552));
#5554=FACE_OUTER_BOUND('',#5553,.F.);
#5555=ADVANCED_FACE('',(#5554),#5550,.T.);
#5556=FILL_AREA_STYLE_COLOUR('',#9);
#5557=FILL_AREA_STYLE('',(#5556));
#5558=SURFACE_STYLE_FILL_AREA(#5557);
#5559=SURFACE_SIDE_STYLE('',(#5558));
#5560=SURFACE_STYLE_USAGE(.POSITIVE.,#5559);
#5561=PRESENTATION_STYLE_ASSIGNMENT((#5560));
#5562=STYLED_ITEM('',(#5561),#5555);
#5563=CARTESIAN_POINT('',(0.E0,0.E0,9.51E-1));
#5564=DIRECTION('',(0.E0,0.E0,1.E0));
#5565=DIRECTION('',(1.E0,0.E0,0.E0));
#5566=AXIS2_PLACEMENT_3D('',#5563,#5564,#5565);
#5567=PLANE('',#5566);
#5569=ORIENTED_EDGE('',*,*,#5568,.F.);
#5571=ORIENTED_EDGE('',*,*,#5570,.F.);
#5573=ORIENTED_EDGE('',*,*,#5572,.F.);
#5575=ORIENTED_EDGE('',*,*,#5574,.F.);
#5577=ORIENTED_EDGE('',*,*,#5576,.F.);
#5579=ORIENTED_EDGE('',*,*,#5578,.F.);
#5580=EDGE_LOOP('',(#5569,#5571,#5573,#5575,#5577,#5579));
#5581=FACE_OUTER_BOUND('',#5580,.F.);
#5582=ADVANCED_FACE('',(#5581),#5567,.T.);
#5583=FILL_AREA_STYLE_COLOUR('',#9);
#5584=FILL_AREA_STYLE('',(#5583));
#5585=SURFACE_STYLE_FILL_AREA(#5584);
#5586=SURFACE_SIDE_STYLE('',(#5585));
#5587=SURFACE_STYLE_USAGE(.POSITIVE.,#5586);
#5588=PRESENTATION_STYLE_ASSIGNMENT((#5587));
#5589=STYLED_ITEM('',(#5588),#5582);
#5590=CARTESIAN_POINT('',(0.E0,0.E0,9.51E-1));
#5591=DIRECTION('',(0.E0,0.E0,1.E0));
#5592=DIRECTION('',(1.E0,0.E0,0.E0));
#5593=AXIS2_PLACEMENT_3D('',#5590,#5591,#5592);
#5594=PLANE('',#5593);
#5596=ORIENTED_EDGE('',*,*,#5595,.F.);
#5598=ORIENTED_EDGE('',*,*,#5597,.F.);
#5600=ORIENTED_EDGE('',*,*,#5599,.F.);
#5602=ORIENTED_EDGE('',*,*,#5601,.F.);
#5603=EDGE_LOOP('',(#5596,#5598,#5600,#5602));
#5604=FACE_OUTER_BOUND('',#5603,.F.);
#5605=ADVANCED_FACE('',(#5604),#5594,.T.);
#5606=FILL_AREA_STYLE_COLOUR('',#9);
#5607=FILL_AREA_STYLE('',(#5606));
#5608=SURFACE_STYLE_FILL_AREA(#5607);
#5609=SURFACE_SIDE_STYLE('',(#5608));
#5610=SURFACE_STYLE_USAGE(.POSITIVE.,#5609);
#5611=PRESENTATION_STYLE_ASSIGNMENT((#5610));
#5612=STYLED_ITEM('',(#5611),#5605);
#5613=CARTESIAN_POINT('',(0.E0,0.E0,9.51E-1));
#5614=DIRECTION('',(0.E0,0.E0,1.E0));
#5615=DIRECTION('',(1.E0,0.E0,0.E0));
#5616=AXIS2_PLACEMENT_3D('',#5613,#5614,#5615);
#5617=PLANE('',#5616);
#5619=ORIENTED_EDGE('',*,*,#5618,.F.);
#5621=ORIENTED_EDGE('',*,*,#5620,.F.);
#5623=ORIENTED_EDGE('',*,*,#5622,.F.);
#5625=ORIENTED_EDGE('',*,*,#5624,.F.);
#5627=ORIENTED_EDGE('',*,*,#5626,.F.);
#5629=ORIENTED_EDGE('',*,*,#5628,.F.);
#5631=ORIENTED_EDGE('',*,*,#5630,.F.);
#5633=ORIENTED_EDGE('',*,*,#5632,.F.);
#5635=ORIENTED_EDGE('',*,*,#5634,.F.);
#5637=ORIENTED_EDGE('',*,*,#5636,.F.);
#5639=ORIENTED_EDGE('',*,*,#5638,.F.);
#5641=ORIENTED_EDGE('',*,*,#5640,.F.);
#5642=EDGE_LOOP('',(#5619,#5621,#5623,#5625,#5627,#5629,#5631,#5633,#5635,#5637,
#5639,#5641));
#5643=FACE_OUTER_BOUND('',#5642,.F.);
#5644=ADVANCED_FACE('',(#5643),#5617,.T.);
#5645=FILL_AREA_STYLE_COLOUR('',#9);
#5646=FILL_AREA_STYLE('',(#5645));
#5647=SURFACE_STYLE_FILL_AREA(#5646);
#5648=SURFACE_SIDE_STYLE('',(#5647));
#5649=SURFACE_STYLE_USAGE(.POSITIVE.,#5648);
#5650=PRESENTATION_STYLE_ASSIGNMENT((#5649));
#5651=STYLED_ITEM('',(#5650),#5644);
#5652=CARTESIAN_POINT('',(0.E0,0.E0,9.51E-1));
#5653=DIRECTION('',(0.E0,0.E0,1.E0));
#5654=DIRECTION('',(1.E0,0.E0,0.E0));
#5655=AXIS2_PLACEMENT_3D('',#5652,#5653,#5654);
#5656=PLANE('',#5655);
#5658=ORIENTED_EDGE('',*,*,#5657,.F.);
#5660=ORIENTED_EDGE('',*,*,#5659,.F.);
#5662=ORIENTED_EDGE('',*,*,#5661,.F.);
#5664=ORIENTED_EDGE('',*,*,#5663,.F.);
#5665=EDGE_LOOP('',(#5658,#5660,#5662,#5664));
#5666=FACE_OUTER_BOUND('',#5665,.F.);
#5668=ORIENTED_EDGE('',*,*,#5667,.F.);
#5670=ORIENTED_EDGE('',*,*,#5669,.F.);
#5672=ORIENTED_EDGE('',*,*,#5671,.F.);
#5674=ORIENTED_EDGE('',*,*,#5673,.F.);
#5675=EDGE_LOOP('',(#5668,#5670,#5672,#5674));
#5676=FACE_BOUND('',#5675,.F.);
#5677=ADVANCED_FACE('',(#5666,#5676),#5656,.T.);
#5678=FILL_AREA_STYLE_COLOUR('',#9);
#5679=FILL_AREA_STYLE('',(#5678));
#5680=SURFACE_STYLE_FILL_AREA(#5679);
#5681=SURFACE_SIDE_STYLE('',(#5680));
#5682=SURFACE_STYLE_USAGE(.POSITIVE.,#5681);
#5683=PRESENTATION_STYLE_ASSIGNMENT((#5682));
#5684=STYLED_ITEM('',(#5683),#5677);
#5685=CARTESIAN_POINT('',(0.E0,0.E0,9.51E-1));
#5686=DIRECTION('',(0.E0,0.E0,1.E0));
#5687=DIRECTION('',(1.E0,0.E0,0.E0));
#5688=AXIS2_PLACEMENT_3D('',#5685,#5686,#5687);
#5689=PLANE('',#5688);
#5691=ORIENTED_EDGE('',*,*,#5690,.F.);
#5693=ORIENTED_EDGE('',*,*,#5692,.F.);
#5695=ORIENTED_EDGE('',*,*,#5694,.F.);
#5697=ORIENTED_EDGE('',*,*,#5696,.F.);
#5699=ORIENTED_EDGE('',*,*,#5698,.F.);
#5701=ORIENTED_EDGE('',*,*,#5700,.F.);
#5703=ORIENTED_EDGE('',*,*,#5702,.F.);
#5705=ORIENTED_EDGE('',*,*,#5704,.F.);
#5706=EDGE_LOOP('',(#5691,#5693,#5695,#5697,#5699,#5701,#5703,#5705));
#5707=FACE_OUTER_BOUND('',#5706,.F.);
#5709=ORIENTED_EDGE('',*,*,#5708,.F.);
#5711=ORIENTED_EDGE('',*,*,#5710,.F.);
#5713=ORIENTED_EDGE('',*,*,#5712,.F.);
#5715=ORIENTED_EDGE('',*,*,#5714,.F.);
#5717=ORIENTED_EDGE('',*,*,#5716,.F.);
#5718=EDGE_LOOP('',(#5709,#5711,#5713,#5715,#5717));
#5719=FACE_BOUND('',#5718,.F.);
#5720=ADVANCED_FACE('',(#5707,#5719),#5689,.T.);
#5721=FILL_AREA_STYLE_COLOUR('',#9);
#5722=FILL_AREA_STYLE('',(#5721));
#5723=SURFACE_STYLE_FILL_AREA(#5722);
#5724=SURFACE_SIDE_STYLE('',(#5723));
#5725=SURFACE_STYLE_USAGE(.POSITIVE.,#5724);
#5726=PRESENTATION_STYLE_ASSIGNMENT((#5725));
#5727=STYLED_ITEM('',(#5726),#5720);
#5728=CARTESIAN_POINT('',(0.E0,0.E0,9.51E-1));
#5729=DIRECTION('',(0.E0,0.E0,1.E0));
#5730=DIRECTION('',(1.E0,0.E0,0.E0));
#5731=AXIS2_PLACEMENT_3D('',#5728,#5729,#5730);
#5732=PLANE('',#5731);
#5734=ORIENTED_EDGE('',*,*,#5733,.F.);
#5736=ORIENTED_EDGE('',*,*,#5735,.F.);
#5738=ORIENTED_EDGE('',*,*,#5737,.F.);
#5740=ORIENTED_EDGE('',*,*,#5739,.F.);
#5742=ORIENTED_EDGE('',*,*,#5741,.F.);
#5744=ORIENTED_EDGE('',*,*,#5743,.F.);
#5746=ORIENTED_EDGE('',*,*,#5745,.F.);
#5748=ORIENTED_EDGE('',*,*,#5747,.F.);
#5750=ORIENTED_EDGE('',*,*,#5749,.F.);
#5752=ORIENTED_EDGE('',*,*,#5751,.F.);
#5754=ORIENTED_EDGE('',*,*,#5753,.F.);
#5756=ORIENTED_EDGE('',*,*,#5755,.F.);
#5757=EDGE_LOOP('',(#5734,#5736,#5738,#5740,#5742,#5744,#5746,#5748,#5750,#5752,
#5754,#5756));
#5758=FACE_OUTER_BOUND('',#5757,.F.);
#5759=ADVANCED_FACE('',(#5758),#5732,.T.);
#5760=FILL_AREA_STYLE_COLOUR('',#9);
#5761=FILL_AREA_STYLE('',(#5760));
#5762=SURFACE_STYLE_FILL_AREA(#5761);
#5763=SURFACE_SIDE_STYLE('',(#5762));
#5764=SURFACE_STYLE_USAGE(.POSITIVE.,#5763);
#5765=PRESENTATION_STYLE_ASSIGNMENT((#5764));
#5766=STYLED_ITEM('',(#5765),#5759);
#5767=CARTESIAN_POINT('',(0.E0,0.E0,9.51E-1));
#5768=DIRECTION('',(0.E0,0.E0,1.E0));
#5769=DIRECTION('',(1.E0,0.E0,0.E0));
#5770=AXIS2_PLACEMENT_3D('',#5767,#5768,#5769);
#5771=PLANE('',#5770);
#5773=ORIENTED_EDGE('',*,*,#5772,.F.);
#5775=ORIENTED_EDGE('',*,*,#5774,.F.);
#5777=ORIENTED_EDGE('',*,*,#5776,.F.);
#5779=ORIENTED_EDGE('',*,*,#5778,.F.);
#5781=ORIENTED_EDGE('',*,*,#5780,.F.);
#5783=ORIENTED_EDGE('',*,*,#5782,.F.);
#5785=ORIENTED_EDGE('',*,*,#5784,.F.);
#5787=ORIENTED_EDGE('',*,*,#5786,.F.);
#5788=EDGE_LOOP('',(#5773,#5775,#5777,#5779,#5781,#5783,#5785,#5787));
#5789=FACE_OUTER_BOUND('',#5788,.F.);
#5791=ORIENTED_EDGE('',*,*,#5790,.F.);
#5793=ORIENTED_EDGE('',*,*,#5792,.F.);
#5795=ORIENTED_EDGE('',*,*,#5794,.F.);
#5796=EDGE_LOOP('',(#5791,#5793,#5795));
#5797=FACE_BOUND('',#5796,.F.);
#5798=ADVANCED_FACE('',(#5789,#5797),#5771,.T.);
#5799=FILL_AREA_STYLE_COLOUR('',#9);
#5800=FILL_AREA_STYLE('',(#5799));
#5801=SURFACE_STYLE_FILL_AREA(#5800);
#5802=SURFACE_SIDE_STYLE('',(#5801));
#5803=SURFACE_STYLE_USAGE(.POSITIVE.,#5802);
#5804=PRESENTATION_STYLE_ASSIGNMENT((#5803));
#5805=STYLED_ITEM('',(#5804),#5798);
#5806=CARTESIAN_POINT('',(0.E0,0.E0,9.51E-1));
#5807=DIRECTION('',(0.E0,0.E0,1.E0));
#5808=DIRECTION('',(1.E0,0.E0,0.E0));
#5809=AXIS2_PLACEMENT_3D('',#5806,#5807,#5808);
#5810=PLANE('',#5809);
#5812=ORIENTED_EDGE('',*,*,#5811,.F.);
#5814=ORIENTED_EDGE('',*,*,#5813,.F.);
#5816=ORIENTED_EDGE('',*,*,#5815,.F.);
#5818=ORIENTED_EDGE('',*,*,#5817,.F.);
#5819=EDGE_LOOP('',(#5812,#5814,#5816,#5818));
#5820=FACE_OUTER_BOUND('',#5819,.F.);
#5821=ADVANCED_FACE('',(#5820),#5810,.T.);
#5822=FILL_AREA_STYLE_COLOUR('',#9);
#5823=FILL_AREA_STYLE('',(#5822));
#5824=SURFACE_STYLE_FILL_AREA(#5823);
#5825=SURFACE_SIDE_STYLE('',(#5824));
#5826=SURFACE_STYLE_USAGE(.POSITIVE.,#5825);
#5827=PRESENTATION_STYLE_ASSIGNMENT((#5826));
#5828=STYLED_ITEM('',(#5827),#5821);
#5829=CARTESIAN_POINT('',(0.E0,0.E0,9.51E-1));
#5830=DIRECTION('',(0.E0,0.E0,1.E0));
#5831=DIRECTION('',(1.E0,0.E0,0.E0));
#5832=AXIS2_PLACEMENT_3D('',#5829,#5830,#5831);
#5833=PLANE('',#5832);
#5835=ORIENTED_EDGE('',*,*,#5834,.F.);
#5837=ORIENTED_EDGE('',*,*,#5836,.F.);
#5839=ORIENTED_EDGE('',*,*,#5838,.F.);
#5841=ORIENTED_EDGE('',*,*,#5840,.F.);
#5843=ORIENTED_EDGE('',*,*,#5842,.F.);
#5845=ORIENTED_EDGE('',*,*,#5844,.F.);
#5847=ORIENTED_EDGE('',*,*,#5846,.F.);
#5849=ORIENTED_EDGE('',*,*,#5848,.F.);
#5851=ORIENTED_EDGE('',*,*,#5850,.F.);
#5853=ORIENTED_EDGE('',*,*,#5852,.F.);
#5855=ORIENTED_EDGE('',*,*,#5854,.F.);
#5857=ORIENTED_EDGE('',*,*,#5856,.F.);
#5858=EDGE_LOOP('',(#5835,#5837,#5839,#5841,#5843,#5845,#5847,#5849,#5851,#5853,
#5855,#5857));
#5859=FACE_OUTER_BOUND('',#5858,.F.);
#5860=ADVANCED_FACE('',(#5859),#5833,.T.);
#5861=FILL_AREA_STYLE_COLOUR('',#9);
#5862=FILL_AREA_STYLE('',(#5861));
#5863=SURFACE_STYLE_FILL_AREA(#5862);
#5864=SURFACE_SIDE_STYLE('',(#5863));
#5865=SURFACE_STYLE_USAGE(.POSITIVE.,#5864);
#5866=PRESENTATION_STYLE_ASSIGNMENT((#5865));
#5867=STYLED_ITEM('',(#5866),#5860);
#5868=CARTESIAN_POINT('',(0.E0,0.E0,9.51E-1));
#5869=DIRECTION('',(0.E0,0.E0,1.E0));
#5870=DIRECTION('',(1.E0,0.E0,0.E0));
#5871=AXIS2_PLACEMENT_3D('',#5868,#5869,#5870);
#5872=PLANE('',#5871);
#5874=ORIENTED_EDGE('',*,*,#5873,.F.);
#5876=ORIENTED_EDGE('',*,*,#5875,.F.);
#5878=ORIENTED_EDGE('',*,*,#5877,.F.);
#5880=ORIENTED_EDGE('',*,*,#5879,.F.);
#5882=ORIENTED_EDGE('',*,*,#5881,.F.);
#5884=ORIENTED_EDGE('',*,*,#5883,.F.);
#5886=ORIENTED_EDGE('',*,*,#5885,.F.);
#5888=ORIENTED_EDGE('',*,*,#5887,.F.);
#5890=ORIENTED_EDGE('',*,*,#5889,.F.);
#5892=ORIENTED_EDGE('',*,*,#5891,.F.);
#5894=ORIENTED_EDGE('',*,*,#5893,.F.);
#5896=ORIENTED_EDGE('',*,*,#5895,.F.);
#5897=EDGE_LOOP('',(#5874,#5876,#5878,#5880,#5882,#5884,#5886,#5888,#5890,#5892,
#5894,#5896));
#5898=FACE_OUTER_BOUND('',#5897,.F.);
#5899=ADVANCED_FACE('',(#5898),#5872,.T.);
#5900=FILL_AREA_STYLE_COLOUR('',#9);
#5901=FILL_AREA_STYLE('',(#5900));
#5902=SURFACE_STYLE_FILL_AREA(#5901);
#5903=SURFACE_SIDE_STYLE('',(#5902));
#5904=SURFACE_STYLE_USAGE(.POSITIVE.,#5903);
#5905=PRESENTATION_STYLE_ASSIGNMENT((#5904));
#5906=STYLED_ITEM('',(#5905),#5899);
#5907=CARTESIAN_POINT('',(0.E0,0.E0,9.51E-1));
#5908=DIRECTION('',(0.E0,0.E0,1.E0));
#5909=DIRECTION('',(1.E0,0.E0,0.E0));
#5910=AXIS2_PLACEMENT_3D('',#5907,#5908,#5909);
#5911=PLANE('',#5910);
#5913=ORIENTED_EDGE('',*,*,#5912,.F.);
#5915=ORIENTED_EDGE('',*,*,#5914,.F.);
#5917=ORIENTED_EDGE('',*,*,#5916,.F.);
#5919=ORIENTED_EDGE('',*,*,#5918,.F.);
#5920=EDGE_LOOP('',(#5913,#5915,#5917,#5919));
#5921=FACE_OUTER_BOUND('',#5920,.F.);
#5923=ORIENTED_EDGE('',*,*,#5922,.F.);
#5925=ORIENTED_EDGE('',*,*,#5924,.F.);
#5927=ORIENTED_EDGE('',*,*,#5926,.F.);
#5929=ORIENTED_EDGE('',*,*,#5928,.F.);
#5930=EDGE_LOOP('',(#5923,#5925,#5927,#5929));
#5931=FACE_BOUND('',#5930,.F.);
#5932=ADVANCED_FACE('',(#5921,#5931),#5911,.T.);
#5933=FILL_AREA_STYLE_COLOUR('',#9);
#5934=FILL_AREA_STYLE('',(#5933));
#5935=SURFACE_STYLE_FILL_AREA(#5934);
#5936=SURFACE_SIDE_STYLE('',(#5935));
#5937=SURFACE_STYLE_USAGE(.POSITIVE.,#5936);
#5938=PRESENTATION_STYLE_ASSIGNMENT((#5937));
#5939=STYLED_ITEM('',(#5938),#5932);
#5940=CARTESIAN_POINT('',(0.E0,0.E0,9.51E-1));
#5941=DIRECTION('',(0.E0,0.E0,1.E0));
#5942=DIRECTION('',(1.E0,0.E0,0.E0));
#5943=AXIS2_PLACEMENT_3D('',#5940,#5941,#5942);
#5944=PLANE('',#5943);
#5946=ORIENTED_EDGE('',*,*,#5945,.F.);
#5948=ORIENTED_EDGE('',*,*,#5947,.F.);
#5950=ORIENTED_EDGE('',*,*,#5949,.F.);
#5952=ORIENTED_EDGE('',*,*,#5951,.F.);
#5954=ORIENTED_EDGE('',*,*,#5953,.F.);
#5956=ORIENTED_EDGE('',*,*,#5955,.F.);
#5958=ORIENTED_EDGE('',*,*,#5957,.F.);
#5960=ORIENTED_EDGE('',*,*,#5959,.F.);
#5961=EDGE_LOOP('',(#5946,#5948,#5950,#5952,#5954,#5956,#5958,#5960));
#5962=FACE_OUTER_BOUND('',#5961,.F.);
#5964=ORIENTED_EDGE('',*,*,#5963,.F.);
#5966=ORIENTED_EDGE('',*,*,#5965,.F.);
#5968=ORIENTED_EDGE('',*,*,#5967,.F.);
#5970=ORIENTED_EDGE('',*,*,#5969,.F.);
#5972=ORIENTED_EDGE('',*,*,#5971,.F.);
#5973=EDGE_LOOP('',(#5964,#5966,#5968,#5970,#5972));
#5974=FACE_BOUND('',#5973,.F.);
#5975=ADVANCED_FACE('',(#5962,#5974),#5944,.T.);
#5976=FILL_AREA_STYLE_COLOUR('',#9);
#5977=FILL_AREA_STYLE('',(#5976));
#5978=SURFACE_STYLE_FILL_AREA(#5977);
#5979=SURFACE_SIDE_STYLE('',(#5978));
#5980=SURFACE_STYLE_USAGE(.POSITIVE.,#5979);
#5981=PRESENTATION_STYLE_ASSIGNMENT((#5980));
#5982=STYLED_ITEM('',(#5981),#5975);
#5983=CARTESIAN_POINT('',(0.E0,0.E0,9.51E-1));
#5984=DIRECTION('',(0.E0,0.E0,1.E0));
#5985=DIRECTION('',(1.E0,0.E0,0.E0));
#5986=AXIS2_PLACEMENT_3D('',#5983,#5984,#5985);
#5987=PLANE('',#5986);
#5989=ORIENTED_EDGE('',*,*,#5988,.F.);
#5991=ORIENTED_EDGE('',*,*,#5990,.F.);
#5993=ORIENTED_EDGE('',*,*,#5992,.F.);
#5995=ORIENTED_EDGE('',*,*,#5994,.F.);
#5997=ORIENTED_EDGE('',*,*,#5996,.F.);
#5999=ORIENTED_EDGE('',*,*,#5998,.F.);
#6001=ORIENTED_EDGE('',*,*,#6000,.F.);
#6003=ORIENTED_EDGE('',*,*,#6002,.F.);
#6005=ORIENTED_EDGE('',*,*,#6004,.F.);
#6007=ORIENTED_EDGE('',*,*,#6006,.F.);
#6009=ORIENTED_EDGE('',*,*,#6008,.F.);
#6011=ORIENTED_EDGE('',*,*,#6010,.F.);
#6013=ORIENTED_EDGE('',*,*,#6012,.F.);
#6015=ORIENTED_EDGE('',*,*,#6014,.F.);
#6017=ORIENTED_EDGE('',*,*,#6016,.F.);
#6019=ORIENTED_EDGE('',*,*,#6018,.F.);
#6020=EDGE_LOOP('',(#5989,#5991,#5993,#5995,#5997,#5999,#6001,#6003,#6005,#6007,
#6009,#6011,#6013,#6015,#6017,#6019));
#6021=FACE_OUTER_BOUND('',#6020,.F.);
#6023=ORIENTED_EDGE('',*,*,#6022,.F.);
#6025=ORIENTED_EDGE('',*,*,#6024,.F.);
#6026=EDGE_LOOP('',(#6023,#6025));
#6027=FACE_BOUND('',#6026,.F.);
#6028=ADVANCED_FACE('',(#6021,#6027),#5987,.T.);
#6029=FILL_AREA_STYLE_COLOUR('',#9);
#6030=FILL_AREA_STYLE('',(#6029));
#6031=SURFACE_STYLE_FILL_AREA(#6030);
#6032=SURFACE_SIDE_STYLE('',(#6031));
#6033=SURFACE_STYLE_USAGE(.POSITIVE.,#6032);
#6034=PRESENTATION_STYLE_ASSIGNMENT((#6033));
#6035=STYLED_ITEM('',(#6034),#6028);
#6036=CARTESIAN_POINT('',(5.227483829931E-1,3.168354235318E-1,9.5E-1));
#6037=DIRECTION('',(0.E0,0.E0,1.E0));
#6038=DIRECTION('',(1.E0,0.E0,0.E0));
#6039=AXIS2_PLACEMENT_3D('',#6036,#6037,#6038);
#6040=CYLINDRICAL_SURFACE('',#6039,2.448889330694E-2);
#6041=ORIENTED_EDGE('',*,*,#5373,.T.);
#6043=ORIENTED_EDGE('',*,*,#6042,.T.);
#6044=ORIENTED_EDGE('',*,*,#6022,.T.);
#6046=ORIENTED_EDGE('',*,*,#6045,.F.);
#6047=EDGE_LOOP('',(#6041,#6043,#6044,#6046));
#6048=FACE_OUTER_BOUND('',#6047,.F.);
#6049=ADVANCED_FACE('',(#6048),#6040,.F.);
#6050=CARTESIAN_POINT('',(5.227483829931E-1,3.168354235318E-1,9.5E-1));
#6051=DIRECTION('',(0.E0,0.E0,1.E0));
#6052=DIRECTION('',(1.E0,0.E0,0.E0));
#6053=AXIS2_PLACEMENT_3D('',#6050,#6051,#6052);
#6054=CYLINDRICAL_SURFACE('',#6053,2.448889330694E-2);
#6055=ORIENTED_EDGE('',*,*,#5375,.T.);
#6056=ORIENTED_EDGE('',*,*,#6045,.T.);
#6057=ORIENTED_EDGE('',*,*,#6024,.T.);
#6058=ORIENTED_EDGE('',*,*,#6042,.F.);
#6059=EDGE_LOOP('',(#6055,#6056,#6057,#6058));
#6060=FACE_OUTER_BOUND('',#6059,.F.);
#6061=ADVANCED_FACE('',(#6060),#6054,.F.);
#6062=CARTESIAN_POINT('',(9.066338854674E-1,4.365255168222E-1,9.5E-1));
#6063=DIRECTION('',(1.E0,0.E0,0.E0));
#6064=DIRECTION('',(0.E0,1.E0,0.E0));
#6065=AXIS2_PLACEMENT_3D('',#6062,#6063,#6064);
#6066=PLANE('',#6065);
#6067=ORIENTED_EDGE('',*,*,#5114,.F.);
#6069=ORIENTED_EDGE('',*,*,#6068,.T.);
#6070=ORIENTED_EDGE('',*,*,#5568,.T.);
#6072=ORIENTED_EDGE('',*,*,#6071,.F.);
#6073=EDGE_LOOP('',(#6067,#6069,#6070,#6072));
#6074=FACE_OUTER_BOUND('',#6073,.F.);
#6075=ADVANCED_FACE('',(#6074),#6066,.T.);
#6076=CARTESIAN_POINT('',(8.600601023405E-1,4.365255168222E-1,9.5E-1));
#6077=DIRECTION('',(0.E0,-1.E0,0.E0));
#6078=DIRECTION('',(1.E0,0.E0,0.E0));
#6079=AXIS2_PLACEMENT_3D('',#6076,#6077,#6078);
#6080=PLANE('',#6079);
#6081=ORIENTED_EDGE('',*,*,#5124,.F.);
#6083=ORIENTED_EDGE('',*,*,#6082,.T.);
#6084=ORIENTED_EDGE('',*,*,#5570,.T.);
#6085=ORIENTED_EDGE('',*,*,#6068,.F.);
#6086=EDGE_LOOP('',(#6081,#6083,#6084,#6085));
#6087=FACE_OUTER_BOUND('',#6086,.F.);
#6088=ADVANCED_FACE('',(#6087),#6080,.T.);
#6089=CARTESIAN_POINT('',(8.600601023405E-1,5.248418714478E-1,9.5E-1));
#6090=DIRECTION('',(-1.E0,0.E0,0.E0));
#6091=DIRECTION('',(0.E0,-1.E0,0.E0));
#6092=AXIS2_PLACEMENT_3D('',#6089,#6090,#6091);
#6093=PLANE('',#6092);
#6094=ORIENTED_EDGE('',*,*,#5122,.F.);
#6096=ORIENTED_EDGE('',*,*,#6095,.T.);
#6097=ORIENTED_EDGE('',*,*,#5572,.T.);
#6098=ORIENTED_EDGE('',*,*,#6082,.F.);
#6099=EDGE_LOOP('',(#6094,#6096,#6097,#6098));
#6100=FACE_OUTER_BOUND('',#6099,.F.);
#6101=ADVANCED_FACE('',(#6100),#6093,.T.);
#6102=CARTESIAN_POINT('',(8.714608587530E-1,5.248418714478E-1,9.5E-1));
#6103=DIRECTION('',(0.E0,1.E0,0.E0));
#6104=DIRECTION('',(-1.E0,0.E0,0.E0));
#6105=AXIS2_PLACEMENT_3D('',#6102,#6103,#6104);
#6106=PLANE('',#6105);
#6107=ORIENTED_EDGE('',*,*,#5120,.F.);
#6109=ORIENTED_EDGE('',*,*,#6108,.T.);
#6110=ORIENTED_EDGE('',*,*,#5574,.T.);
#6111=ORIENTED_EDGE('',*,*,#6095,.F.);
#6112=EDGE_LOOP('',(#6107,#6109,#6110,#6111));
#6113=FACE_OUTER_BOUND('',#6112,.F.);
#6114=ADVANCED_FACE('',(#6113),#6106,.T.);
#6115=CARTESIAN_POINT('',(8.714608587530E-1,4.465943036740E-1,9.5E-1));
#6116=DIRECTION('',(1.E0,0.E0,0.E0));
#6117=DIRECTION('',(0.E0,1.E0,0.E0));
#6118=AXIS2_PLACEMENT_3D('',#6115,#6116,#6117);
#6119=PLANE('',#6118);
#6120=ORIENTED_EDGE('',*,*,#5118,.F.);
#6122=ORIENTED_EDGE('',*,*,#6121,.T.);
#6123=ORIENTED_EDGE('',*,*,#5576,.T.);
#6124=ORIENTED_EDGE('',*,*,#6108,.F.);
#6125=EDGE_LOOP('',(#6120,#6122,#6123,#6124));
#6126=FACE_OUTER_BOUND('',#6125,.F.);
#6127=ADVANCED_FACE('',(#6126),#6119,.T.);
#6128=CARTESIAN_POINT('',(9.066338854674E-1,4.465943036740E-1,9.5E-1));
#6129=DIRECTION('',(0.E0,1.E0,0.E0));
#6130=DIRECTION('',(-1.E0,0.E0,0.E0));
#6131=AXIS2_PLACEMENT_3D('',#6128,#6129,#6130);
#6132=PLANE('',#6131);
#6133=ORIENTED_EDGE('',*,*,#5116,.F.);
#6134=ORIENTED_EDGE('',*,*,#6071,.T.);
#6135=ORIENTED_EDGE('',*,*,#5578,.T.);
#6136=ORIENTED_EDGE('',*,*,#6121,.F.);
#6137=EDGE_LOOP('',(#6133,#6134,#6135,#6136));
#6138=FACE_OUTER_BOUND('',#6137,.F.);
#6139=ADVANCED_FACE('',(#6138),#6132,.T.);
#6140=CARTESIAN_POINT('',(9.763703935040E-1,4.561386575916E-1,9.5E-1));
#6141=CARTESIAN_POINT('',(9.763703935040E-1,4.544622566372E-1,9.5E-1));
#6142=CARTESIAN_POINT('',(9.763703935040E-1,4.491436338322E-1,9.5E-1));
#6143=CARTESIAN_POINT('',(9.763703935040E-1,4.421486100727E-1,9.5E-1));
#6144=CARTESIAN_POINT('',(9.763703935040E-1,4.368299872678E-1,9.5E-1));
#6145=CARTESIAN_POINT('',(9.763703935040E-1,4.351535863133E-1,9.5E-1));
#6147=DIRECTION('',(0.E0,0.E0,1.E0));
#6148=VECTOR('',#6147,1.E0);
#6149=SURFACE_OF_LINEAR_EXTRUSION('',#6146,#6148);
#6150=ORIENTED_EDGE('',*,*,#5128,.F.);
#6152=ORIENTED_EDGE('',*,*,#6151,.T.);
#6153=ORIENTED_EDGE('',*,*,#5595,.T.);
#6155=ORIENTED_EDGE('',*,*,#6154,.F.);
#6156=EDGE_LOOP('',(#6150,#6152,#6153,#6155));
#6157=FACE_OUTER_BOUND('',#6156,.F.);
#6158=ADVANCED_FACE('',(#6157),#6149,.F.);
#6159=CARTESIAN_POINT('',(9.786021630743E-1,4.414510700564E-1,9.5E-1));
#6160=CARTESIAN_POINT('',(9.778704693038E-1,4.410043592742E-1,9.5E-1));
#6161=CARTESIAN_POINT('',(9.698732015941E-1,4.364626893753E-1,9.5E-1));
#6162=CARTESIAN_POINT('',(9.494835021771E-1,4.325346239321E-1,9.5E-1));
#6163=CARTESIAN_POINT('',(9.171508626928E-1,4.434671230903E-1,9.5E-1));
#6164=CARTESIAN_POINT('',(9.064256719212E-1,4.800540013129E-1,9.5E-1));
#6165=CARTESIAN_POINT('',(9.183608757960E-1,5.16999633E-1,9.5E-1));
#6166=CARTESIAN_POINT('',(9.509274734632E-1,5.284464370645E-1,9.5E-1));
#6167=CARTESIAN_POINT('',(9.707442114139E-1,5.254075054185E-1,9.5E-1));
#6168=CARTESIAN_POINT('',(9.779318286700E-1,5.220119476875E-1,9.5E-1));
#6169=CARTESIAN_POINT('',(9.786968472733E-1,5.216196624397E-1,9.5E-1));
#6171=DIRECTION('',(0.E0,0.E0,1.E0));
#6172=VECTOR('',#6171,1.E0);
#6173=SURFACE_OF_LINEAR_EXTRUSION('',#6170,#6172);
#6174=ORIENTED_EDGE('',*,*,#5134,.T.);
#6176=ORIENTED_EDGE('',*,*,#6175,.T.);
#6177=ORIENTED_EDGE('',*,*,#5597,.T.);
#6178=ORIENTED_EDGE('',*,*,#6151,.F.);
#6179=EDGE_LOOP('',(#6174,#6176,#6177,#6178));
#6180=FACE_OUTER_BOUND('',#6179,.F.);
#6181=ADVANCED_FACE('',(#6180),#6173,.F.);
#6182=CARTESIAN_POINT('',(9.763703935040E-1,5.277489533155E-1,9.5E-1));
#6183=CARTESIAN_POINT('',(9.763703935040E-1,5.260725523611E-1,9.5E-1));
#6184=CARTESIAN_POINT('',(9.763703935040E-1,5.204228184788E-1,9.5E-1));
#6185=CARTESIAN_POINT('',(9.763703935040E-1,5.130966836422E-1,9.5E-1));
#6186=CARTESIAN_POINT('',(9.763703935040E-1,5.074469497599E-1,9.5E-1));
#6187=CARTESIAN_POINT('',(9.763703935040E-1,5.057705488055E-1,9.5E-1));
#6189=DIRECTION('',(0.E0,0.E0,1.E0));
#6190=VECTOR('',#6189,1.E0);
#6191=SURFACE_OF_LINEAR_EXTRUSION('',#6188,#6190);
#6192=ORIENTED_EDGE('',*,*,#5132,.F.);
#6194=ORIENTED_EDGE('',*,*,#6193,.T.);
#6195=ORIENTED_EDGE('',*,*,#5599,.T.);
#6196=ORIENTED_EDGE('',*,*,#6175,.F.);
#6197=EDGE_LOOP('',(#6192,#6194,#6195,#6196));
#6198=FACE_OUTER_BOUND('',#6197,.F.);
#6199=ADVANCED_FACE('',(#6198),#6191,.F.);
#6200=CARTESIAN_POINT('',(9.785741813349E-1,5.094836077825E-1,9.5E-1));
#6201=CARTESIAN_POINT('',(9.778541441332E-1,5.099435461039E-1,9.5E-1));
#6202=CARTESIAN_POINT('',(9.709830775299E-1,5.140478871109E-1,9.5E-1));
#6203=CARTESIAN_POINT('',(9.542008625374E-1,5.186001349089E-1,9.5E-1));
#6204=CARTESIAN_POINT('',(9.275851276376E-1,5.087328352751E-1,9.5E-1));
#6205=CARTESIAN_POINT('',(9.195364088828E-1,4.802449344478E-1,9.5E-1));
#6206=CARTESIAN_POINT('',(9.271281995603E-1,4.520938762019E-1,9.5E-1));
#6207=CARTESIAN_POINT('',(9.533940057675E-1,4.425593449342E-1,9.5E-1));
#6208=CARTESIAN_POINT('',(9.705298751009E-1,4.472666206875E-1,9.5E-1));
#6209=CARTESIAN_POINT('',(9.778157605796E-1,4.520203165849E-1,9.5E-1));
#6210=CARTESIAN_POINT('',(9.785145701476E-1,4.525085201001E-1,9.5E-1));
#6212=DIRECTION('',(0.E0,0.E0,1.E0));
#6213=VECTOR('',#6212,1.E0);
#6214=SURFACE_OF_LINEAR_EXTRUSION('',#6211,#6213);
#6215=ORIENTED_EDGE('',*,*,#5130,.T.);
#6216=ORIENTED_EDGE('',*,*,#6154,.T.);
#6217=ORIENTED_EDGE('',*,*,#5601,.T.);
#6218=ORIENTED_EDGE('',*,*,#6193,.F.);
#6219=EDGE_LOOP('',(#6215,#6216,#6217,#6218));
#6220=FACE_OUTER_BOUND('',#6219,.F.);
#6221=ADVANCED_FACE('',(#6220),#6214,.F.);
#6222=CARTESIAN_POINT('',(1.041546598975E0,4.365255168222E-1,9.5E-1));
#6223=DIRECTION('',(1.E0,0.E0,0.E0));
#6224=DIRECTION('',(0.E0,1.E0,0.E0));
#6225=AXIS2_PLACEMENT_3D('',#6222,#6223,#6224);
#6226=PLANE('',#6225);
#6227=ORIENTED_EDGE('',*,*,#5138,.F.);
#6229=ORIENTED_EDGE('',*,*,#6228,.T.);
#6230=ORIENTED_EDGE('',*,*,#5618,.T.);
#6232=ORIENTED_EDGE('',*,*,#6231,.F.);
#6233=EDGE_LOOP('',(#6227,#6229,#6230,#6232));
#6234=FACE_OUTER_BOUND('',#6233,.F.);
#6235=ADVANCED_FACE('',(#6234),#6226,.T.);
#6236=CARTESIAN_POINT('',(9.940472098823E-1,4.365255168222E-1,9.5E-1));
#6237=DIRECTION('',(0.E0,-1.E0,0.E0));
#6238=DIRECTION('',(1.E0,0.E0,0.E0));
#6239=AXIS2_PLACEMENT_3D('',#6236,#6237,#6238);
#6240=PLANE('',#6239);
#6241=ORIENTED_EDGE('',*,*,#5160,.F.);
#6243=ORIENTED_EDGE('',*,*,#6242,.T.);
#6244=ORIENTED_EDGE('',*,*,#5620,.T.);
#6245=ORIENTED_EDGE('',*,*,#6228,.F.);
#6246=EDGE_LOOP('',(#6241,#6243,#6244,#6245));
#6247=FACE_OUTER_BOUND('',#6246,.F.);
#6248=ADVANCED_FACE('',(#6247),#6240,.T.);
#6249=CARTESIAN_POINT('',(9.940472098823E-1,5.248418714478E-1,9.5E-1));
#6250=DIRECTION('',(-1.E0,0.E0,0.E0));
#6251=DIRECTION('',(0.E0,-1.E0,0.E0));
#6252=AXIS2_PLACEMENT_3D('',#6249,#6250,#6251);
#6253=PLANE('',#6252);
#6254=ORIENTED_EDGE('',*,*,#5158,.F.);
#6256=ORIENTED_EDGE('',*,*,#6255,.T.);
#6257=ORIENTED_EDGE('',*,*,#5622,.T.);
#6258=ORIENTED_EDGE('',*,*,#6242,.F.);
#6259=EDGE_LOOP('',(#6254,#6256,#6257,#6258));
#6260=FACE_OUTER_BOUND('',#6259,.F.);
#6261=ADVANCED_FACE('',(#6260),#6253,.T.);
#6262=CARTESIAN_POINT('',(1.039537356756E0,5.248418714478E-1,9.5E-1));
#6263=DIRECTION('',(0.E0,1.E0,0.E0));
#6264=DIRECTION('',(-1.E0,0.E0,0.E0));
#6265=AXIS2_PLACEMENT_3D('',#6262,#6263,#6264);
#6266=PLANE('',#6265);
#6267=ORIENTED_EDGE('',*,*,#5156,.F.);
#6269=ORIENTED_EDGE('',*,*,#6268,.T.);
#6270=ORIENTED_EDGE('',*,*,#5624,.T.);
#6271=ORIENTED_EDGE('',*,*,#6255,.F.);
#6272=EDGE_LOOP('',(#6267,#6269,#6270,#6271));
#6273=FACE_OUTER_BOUND('',#6272,.F.);
#6274=ADVANCED_FACE('',(#6273),#6266,.T.);
#6275=CARTESIAN_POINT('',(1.039537356756E0,5.146827815755E-1,9.5E-1));
#6276=DIRECTION('',(1.E0,0.E0,0.E0));
#6277=DIRECTION('',(0.E0,1.E0,0.E0));
#6278=AXIS2_PLACEMENT_3D('',#6275,#6276,#6277);
#6279=PLANE('',#6278);
#6280=ORIENTED_EDGE('',*,*,#5154,.F.);
#6282=ORIENTED_EDGE('',*,*,#6281,.T.);
#6283=ORIENTED_EDGE('',*,*,#5626,.T.);
#6284=ORIENTED_EDGE('',*,*,#6268,.F.);
#6285=EDGE_LOOP('',(#6280,#6282,#6283,#6284));
#6286=FACE_OUTER_BOUND('',#6285,.F.);
#6287=ADVANCED_FACE('',(#6286),#6279,.T.);
#6288=CARTESIAN_POINT('',(1.005447966295E0,5.146827815755E-1,9.5E-1));
#6289=DIRECTION('',(0.E0,-1.E0,0.E0));
#6290=DIRECTION('',(1.E0,0.E0,0.E0));
#6291=AXIS2_PLACEMENT_3D('',#6288,#6289,#6290);
#6292=PLANE('',#6291);
#6293=ORIENTED_EDGE('',*,*,#5152,.F.);
#6295=ORIENTED_EDGE('',*,*,#6294,.T.);
#6296=ORIENTED_EDGE('',*,*,#5628,.T.);
#6297=ORIENTED_EDGE('',*,*,#6281,.F.);
#6298=EDGE_LOOP('',(#6293,#6295,#6296,#6297));
#6299=FACE_OUTER_BOUND('',#6298,.F.);
#6300=ADVANCED_FACE('',(#6299),#6292,.T.);
#6301=CARTESIAN_POINT('',(1.005447966295E0,4.864179359741E-1,9.5E-1));
#6302=DIRECTION('',(1.E0,0.E0,0.E0));
#6303=DIRECTION('',(0.E0,1.E0,0.E0));
#6304=AXIS2_PLACEMENT_3D('',#6301,#6302,#6303);
#6305=PLANE('',#6304);
#6306=ORIENTED_EDGE('',*,*,#5150,.F.);
#6308=ORIENTED_EDGE('',*,*,#6307,.T.);
#6309=ORIENTED_EDGE('',*,*,#5630,.T.);
#6310=ORIENTED_EDGE('',*,*,#6294,.F.);
#6311=EDGE_LOOP('',(#6306,#6308,#6309,#6310));
#6312=FACE_OUTER_BOUND('',#6311,.F.);
#6313=ADVANCED_FACE('',(#6312),#6305,.T.);
#6314=CARTESIAN_POINT('',(1.037031447920E0,4.864179359741E-1,9.5E-1));
#6315=DIRECTION('',(0.E0,1.E0,0.E0));
#6316=DIRECTION('',(-1.E0,0.E0,0.E0));
#6317=AXIS2_PLACEMENT_3D('',#6314,#6315,#6316);
#6318=PLANE('',#6317);
#6319=ORIENTED_EDGE('',*,*,#5148,.F.);
#6321=ORIENTED_EDGE('',*,*,#6320,.T.);
#6322=ORIENTED_EDGE('',*,*,#5632,.T.);
#6323=ORIENTED_EDGE('',*,*,#6307,.F.);
#6324=EDGE_LOOP('',(#6319,#6321,#6322,#6323));
#6325=FACE_OUTER_BOUND('',#6324,.F.);
#6326=ADVANCED_FACE('',(#6325),#6318,.T.);
#6327=CARTESIAN_POINT('',(1.037031447920E0,4.763039976120E-1,9.5E-1));
#6328=DIRECTION('',(1.E0,0.E0,0.E0));
#6329=DIRECTION('',(0.E0,1.E0,0.E0));
#6330=AXIS2_PLACEMENT_3D('',#6327,#6328,#6329);
#6331=PLANE('',#6330);
#6332=ORIENTED_EDGE('',*,*,#5146,.F.);
#6334=ORIENTED_EDGE('',*,*,#6333,.T.);
#6335=ORIENTED_EDGE('',*,*,#5634,.T.);
#6336=ORIENTED_EDGE('',*,*,#6320,.F.);
#6337=EDGE_LOOP('',(#6332,#6334,#6335,#6336));
#6338=FACE_OUTER_BOUND('',#6337,.F.);
#6339=ADVANCED_FACE('',(#6338),#6331,.T.);
#6340=CARTESIAN_POINT('',(1.005447966295E0,4.763039976120E-1,9.5E-1));
#6341=DIRECTION('',(0.E0,-1.E0,0.E0));
#6342=DIRECTION('',(1.E0,0.E0,0.E0));
#6343=AXIS2_PLACEMENT_3D('',#6340,#6341,#6342);
#6344=PLANE('',#6343);
#6345=ORIENTED_EDGE('',*,*,#5144,.F.);
#6347=ORIENTED_EDGE('',*,*,#6346,.T.);
#6348=ORIENTED_EDGE('',*,*,#5636,.T.);
#6349=ORIENTED_EDGE('',*,*,#6333,.F.);
#6350=EDGE_LOOP('',(#6345,#6347,#6348,#6349));
#6351=FACE_OUTER_BOUND('',#6350,.F.);
#6352=ADVANCED_FACE('',(#6351),#6344,.T.);
#6353=CARTESIAN_POINT('',(1.005447966295E0,4.465943036740E-1,9.5E-1));
#6354=DIRECTION('',(1.E0,0.E0,0.E0));
#6355=DIRECTION('',(0.E0,1.E0,0.E0));
#6356=AXIS2_PLACEMENT_3D('',#6353,#6354,#6355);
#6357=PLANE('',#6356);
#6358=ORIENTED_EDGE('',*,*,#5142,.F.);
#6360=ORIENTED_EDGE('',*,*,#6359,.T.);
#6361=ORIENTED_EDGE('',*,*,#5638,.T.);
#6362=ORIENTED_EDGE('',*,*,#6346,.F.);
#6363=EDGE_LOOP('',(#6358,#6360,#6361,#6362));
#6364=FACE_OUTER_BOUND('',#6363,.F.);
#6365=ADVANCED_FACE('',(#6364),#6357,.T.);
#6366=CARTESIAN_POINT('',(1.041546598975E0,4.465943036740E-1,9.5E-1));
#6367=DIRECTION('',(0.E0,1.E0,0.E0));
#6368=DIRECTION('',(-1.E0,0.E0,0.E0));
#6369=AXIS2_PLACEMENT_3D('',#6366,#6367,#6368);
#6370=PLANE('',#6369);
#6371=ORIENTED_EDGE('',*,*,#5140,.F.);
#6372=ORIENTED_EDGE('',*,*,#6231,.T.);
#6373=ORIENTED_EDGE('',*,*,#5640,.T.);
#6374=ORIENTED_EDGE('',*,*,#6359,.F.);
#6375=EDGE_LOOP('',(#6371,#6372,#6373,#6374));
#6376=FACE_OUTER_BOUND('',#6375,.F.);
#6377=ADVANCED_FACE('',(#6376),#6370,.T.);
#6378=CARTESIAN_POINT('',(1.088002312763E0,5.146827815755E-1,9.5E-1));
#6379=CARTESIAN_POINT('',(1.086325911808E0,5.146827815755E-1,9.5E-1));
#6380=CARTESIAN_POINT('',(1.080202087065E0,5.146827815755E-1,9.5E-1));
#6381=CARTESIAN_POINT('',(1.072401861368E0,5.146827815755E-1,9.5E-1));
#6382=CARTESIAN_POINT('',(1.066278036625E0,5.146827815755E-1,9.5E-1));
#6383=CARTESIAN_POINT('',(1.064601635671E0,5.146827815755E-1,9.5E-1));
#6385=DIRECTION('',(0.E0,0.E0,1.E0));
#6386=VECTOR('',#6385,1.E0);
#6387=SURFACE_OF_LINEAR_EXTRUSION('',#6384,#6386);
#6388=ORIENTED_EDGE('',*,*,#5392,.F.);
#6390=ORIENTED_EDGE('',*,*,#6389,.T.);
#6391=ORIENTED_EDGE('',*,*,#5667,.T.);
#6393=ORIENTED_EDGE('',*,*,#6392,.F.);
#6394=EDGE_LOOP('',(#6388,#6390,#6391,#6393));
#6395=FACE_OUTER_BOUND('',#6394,.F.);
#6396=ADVANCED_FACE('',(#6395),#6387,.F.);
#6397=CARTESIAN_POINT('',(1.069630838534E0,5.197119844388E-1,9.5E-1));
#6398=CARTESIAN_POINT('',(1.069630838534E0,5.180355834844E-1,9.5E-1));
#6399=CARTESIAN_POINT('',(1.069630838534E0,4.936630232294E-1,9.5E-1));
#6400=CARTESIAN_POINT('',(1.069630838534E0,4.676140620201E-1,9.5E-1));
#6401=CARTESIAN_POINT('',(1.069630838535E0,4.432415017652E-1,9.5E-1));
#6402=CARTESIAN_POINT('',(1.069630838535E0,4.415651008108E-1,9.5E-1));
#6404=DIRECTION('',(0.E0,0.E0,1.E0));
#6405=VECTOR('',#6404,1.E0);
#6406=SURFACE_OF_LINEAR_EXTRUSION('',#6403,#6405);
#6407=ORIENTED_EDGE('',*,*,#5398,.F.);
#6409=ORIENTED_EDGE('',*,*,#6408,.T.);
#6410=ORIENTED_EDGE('',*,*,#5669,.T.);
#6411=ORIENTED_EDGE('',*,*,#6389,.F.);
#6412=EDGE_LOOP('',(#6407,#6409,#6410,#6411));
#6413=FACE_OUTER_BOUND('',#6412,.F.);
#6414=ADVANCED_FACE('',(#6413),#6406,.F.);
#6415=CARTESIAN_POINT('',(1.064601635671E0,4.465943036740E-1,9.5E-1));
#6416=CARTESIAN_POINT('',(1.066278036626E0,4.465943036740E-1,9.5E-1));
#6417=CARTESIAN_POINT('',(1.072228780578E0,4.465943036740E-1,9.5E-1));
#6418=CARTESIAN_POINT('',(1.079855925485E0,4.465943036740E-1,9.5E-1));
#6419=CARTESIAN_POINT('',(1.085806669438E0,4.465943036740E-1,9.5E-1));
#6420=CARTESIAN_POINT('',(1.087483070392E0,4.465943036740E-1,9.5E-1));
#6422=DIRECTION('',(0.E0,0.E0,1.E0));
#6423=VECTOR('',#6422,1.E0);
#6424=SURFACE_OF_LINEAR_EXTRUSION('',#6421,#6423);
#6425=ORIENTED_EDGE('',*,*,#5396,.F.);
#6427=ORIENTED_EDGE('',*,*,#6426,.T.);
#6428=ORIENTED_EDGE('',*,*,#5671,.T.);
#6429=ORIENTED_EDGE('',*,*,#6408,.F.);
#6430=EDGE_LOOP('',(#6425,#6427,#6428,#6429));
#6431=FACE_OUTER_BOUND('',#6430,.F.);
#6432=ADVANCED_FACE('',(#6431),#6424,.F.);
#6433=CARTESIAN_POINT('',(1.079879714735E0,4.466682400445E-1,9.5E-1));
#6434=CARTESIAN_POINT('',(1.080725980305E0,4.466191443262E-1,9.5E-1));
#6435=CARTESIAN_POINT('',(1.090761851180E0,4.463290415222E-1,9.5E-1));
#6436=CARTESIAN_POINT('',(1.112208305495E0,4.522132220760E-1,9.5E-1));
#6437=CARTESIAN_POINT('',(1.121181691479E0,4.812502170948E-1,9.5E-1));
#6438=CARTESIAN_POINT('',(1.111894378608E0,5.099723333993E-1,9.5E-1));
#6439=CARTESIAN_POINT('',(1.090957019648E0,5.149071724473E-1,9.5E-1));
#6440=CARTESIAN_POINT('',(1.081283643039E0,5.146614471658E-1,9.5E-1));
#6441=CARTESIAN_POINT('',(1.080457430607E0,5.146198334115E-1,9.5E-1));
#6443=DIRECTION('',(0.E0,0.E0,1.E0));
#6444=VECTOR('',#6443,1.E0);
#6445=SURFACE_OF_LINEAR_EXTRUSION('',#6442,#6444);
#6446=ORIENTED_EDGE('',*,*,#5394,.T.);
#6447=ORIENTED_EDGE('',*,*,#6392,.T.);
#6448=ORIENTED_EDGE('',*,*,#5673,.T.);
#6449=ORIENTED_EDGE('',*,*,#6426,.F.);
#6450=EDGE_LOOP('',(#6446,#6447,#6448,#6449));
#6451=FACE_OUTER_BOUND('',#6450,.F.);
#6452=ADVANCED_FACE('',(#6451),#6445,.F.);
#6453=CARTESIAN_POINT('',(1.087550797658E0,4.365255168222E-1,9.5E-1));
#6454=CARTESIAN_POINT('',(1.085874396704E0,4.365255168222E-1,9.5E-1));
#6455=CARTESIAN_POINT('',(1.076100824858E0,4.365255168222E-1,9.5E-1));
#6456=CARTESIAN_POINT('',(1.064650852059E0,4.365255168222E-1,9.5E-1));
#6457=CARTESIAN_POINT('',(1.054877280213E0,4.365255168222E-1,9.5E-1));
#6458=CARTESIAN_POINT('',(1.053200879259E0,4.365255168222E-1,9.5E-1));
#6460=DIRECTION('',(0.E0,0.E0,1.E0));
#6461=VECTOR('',#6460,1.E0);
#6462=SURFACE_OF_LINEAR_EXTRUSION('',#6459,#6461);
#6463=ORIENTED_EDGE('',*,*,#5164,.F.);
#6465=ORIENTED_EDGE('',*,*,#6464,.T.);
#6466=ORIENTED_EDGE('',*,*,#5657,.T.);
#6468=ORIENTED_EDGE('',*,*,#6467,.F.);
#6469=EDGE_LOOP('',(#6463,#6465,#6466,#6468));
#6470=FACE_OUTER_BOUND('',#6469,.F.);
#6471=ADVANCED_FACE('',(#6470),#6462,.F.);
#6472=CARTESIAN_POINT('',(1.058230082122E0,4.314963139589E-1,9.5E-1));
#6473=CARTESIAN_POINT('',(1.058230082122E0,4.331727149134E-1,9.5E-1));
#6474=CARTESIAN_POINT('',(1.058230082122E0,4.642879007430E-1,9.5E-1));
#6475=CARTESIAN_POINT('',(1.058230082121E0,4.970794875270E-1,9.5E-1));
#6476=CARTESIAN_POINT('',(1.058230082121E0,5.281946733566E-1,9.5E-1));
#6477=CARTESIAN_POINT('',(1.058230082121E0,5.298710743111E-1,9.5E-1));
#6479=DIRECTION('',(0.E0,0.E0,1.E0));
#6480=VECTOR('',#6479,1.E0);
#6481=SURFACE_OF_LINEAR_EXTRUSION('',#6478,#6480);
#6482=ORIENTED_EDGE('',*,*,#5170,.F.);
#6484=ORIENTED_EDGE('',*,*,#6483,.T.);
#6485=ORIENTED_EDGE('',*,*,#5659,.T.);
#6486=ORIENTED_EDGE('',*,*,#6464,.F.);
#6487=EDGE_LOOP('',(#6482,#6484,#6485,#6486));
#6488=FACE_OUTER_BOUND('',#6487,.F.);
#6489=ADVANCED_FACE('',(#6488),#6481,.F.);
#6490=CARTESIAN_POINT('',(1.053200879258E0,5.248418714478E-1,9.5E-1));
#6491=CARTESIAN_POINT('',(1.054877280212E0,5.248418714478E-1,9.5E-1));
#6492=CARTESIAN_POINT('',(1.064951862128E0,5.248418714478E-1,9.5E-1));
#6493=CARTESIAN_POINT('',(1.076702844999E0,5.248418714478E-1,9.5E-1));
#6494=CARTESIAN_POINT('',(1.086777426914E0,5.248418714478E-1,9.5E-1));
#6495=CARTESIAN_POINT('',(1.088453827869E0,5.248418714478E-1,9.5E-1));
#6497=DIRECTION('',(0.E0,0.E0,1.E0));
#6498=VECTOR('',#6497,1.E0);
#6499=SURFACE_OF_LINEAR_EXTRUSION('',#6496,#6498);
#6500=ORIENTED_EDGE('',*,*,#5168,.F.);
#6502=ORIENTED_EDGE('',*,*,#6501,.T.);
#6503=ORIENTED_EDGE('',*,*,#5661,.T.);
#6504=ORIENTED_EDGE('',*,*,#6483,.F.);
#6505=EDGE_LOOP('',(#6500,#6502,#6503,#6504));
#6506=FACE_OUTER_BOUND('',#6505,.F.);
#6507=ADVANCED_FACE('',(#6506),#6499,.F.);
#6508=CARTESIAN_POINT('',(1.080848327765E0,5.247830372196E-1,9.5E-1));
#6509=CARTESIAN_POINT('',(1.081700237126E0,5.248221671637E-1,9.5E-1));
#6510=CARTESIAN_POINT('',(1.094277100725E0,5.251105180470E-1,9.5E-1));
#6511=CARTESIAN_POINT('',(1.120374327471E0,5.176541151317E-1,9.5E-1));
#6512=CARTESIAN_POINT('',(1.134870785354E0,4.813604637304E-1,9.5E-1));
#6513=CARTESIAN_POINT('',(1.120668959136E0,4.443578318105E-1,9.5E-1));
#6514=CARTESIAN_POINT('',(1.093747670189E0,4.362465461127E-1,9.5E-1));
#6515=CARTESIAN_POINT('',(1.080817810613E0,4.365451312537E-1,9.5E-1));
#6516=CARTESIAN_POINT('',(1.079975271092E0,4.365841973320E-1,9.5E-1));
#6518=DIRECTION('',(0.E0,0.E0,1.E0));
#6519=VECTOR('',#6518,1.E0);
#6520=SURFACE_OF_LINEAR_EXTRUSION('',#6517,#6519);
#6521=ORIENTED_EDGE('',*,*,#5166,.T.);
#6522=ORIENTED_EDGE('',*,*,#6467,.T.);
#6523=ORIENTED_EDGE('',*,*,#5663,.T.);
#6524=ORIENTED_EDGE('',*,*,#6501,.F.);
#6525=EDGE_LOOP('',(#6521,#6522,#6523,#6524));
#6526=FACE_OUTER_BOUND('',#6525,.F.);
#6527=ADVANCED_FACE('',(#6526),#6520,.F.);
#6528=CARTESIAN_POINT('',(1.176995427830E0,5.050407578390E-1,9.5E-1));
#6529=CARTESIAN_POINT('',(1.176627287519E0,5.057990112839E-1,9.5E-1));
#6530=CARTESIAN_POINT('',(1.175503653529E0,5.085433583788E-1,9.5E-1));
#6531=CARTESIAN_POINT('',(1.174699370316E0,5.122861545242E-1,9.5E-1));
#6532=CARTESIAN_POINT('',(1.174257973106E0,5.152046593533E-1,9.5E-1));
#6533=CARTESIAN_POINT('',(1.174138148802E0,5.160249099969E-1,9.5E-1));
#6535=DIRECTION('',(0.E0,0.E0,1.E0));
#6536=VECTOR('',#6535,1.E0);
#6537=SURFACE_OF_LINEAR_EXTRUSION('',#6534,#6536);
#6538=ORIENTED_EDGE('',*,*,#5415,.T.);
#6540=ORIENTED_EDGE('',*,*,#6539,.T.);
#6541=ORIENTED_EDGE('',*,*,#5708,.T.);
#6543=ORIENTED_EDGE('',*,*,#6542,.F.);
#6544=EDGE_LOOP('',(#6538,#6540,#6541,#6543));
#6545=FACE_OUTER_BOUND('',#6544,.F.);
#6546=ADVANCED_FACE('',(#6545),#6537,.F.);
#6547=CARTESIAN_POINT('',(1.174853920620E0,5.160472433194E-1,9.5E-1));
#6548=CARTESIAN_POINT('',(1.174765005142E0,5.152182051700E-1,9.5E-1));
#6549=CARTESIAN_POINT('',(1.174381582680E0,5.122798187144E-1,9.5E-1));
#6550=CARTESIAN_POINT('',(1.173488132874E0,5.085370891913E-1,9.5E-1));
#6551=CARTESIAN_POINT('',(1.172309892166E0,5.058126657996E-1,9.5E-1));
#6552=CARTESIAN_POINT('',(1.171932939250E0,5.050631701149E-1,9.5E-1));
#6554=DIRECTION('',(0.E0,0.E0,1.E0));
#6555=VECTOR('',#6554,1.E0);
#6556=SURFACE_OF_LINEAR_EXTRUSION('',#6553,#6555);
#6557=ORIENTED_EDGE('',*,*,#5423,.T.);
#6559=ORIENTED_EDGE('',*,*,#6558,.T.);
#6560=ORIENTED_EDGE('',*,*,#5710,.T.);
#6561=ORIENTED_EDGE('',*,*,#6539,.F.);
#6562=EDGE_LOOP('',(#6557,#6559,#6560,#6561));
#6563=FACE_OUTER_BOUND('',#6562,.F.);
#6564=ADVANCED_FACE('',(#6563),#6556,.F.);
#6565=CARTESIAN_POINT('',(1.174640056024E0,5.121004843500E-1,9.5E-1));
#6566=CARTESIAN_POINT('',(1.174072535570E0,5.105230685222E-1,9.5E-1));
#6567=CARTESIAN_POINT('',(1.169102742837E0,4.967095933367E-1,9.5E-1));
#6568=CARTESIAN_POINT('',(1.163565429650E0,4.813187023235E-1,9.5E-1));
#6569=CARTESIAN_POINT('',(1.158595636917E0,4.675052271380E-1,9.5E-1));
#6570=CARTESIAN_POINT('',(1.158028116462E0,4.659278113102E-1,9.5E-1));
#6572=DIRECTION('',(0.E0,0.E0,1.E0));
#6573=VECTOR('',#6572,1.E0);
#6574=SURFACE_OF_LINEAR_EXTRUSION('',#6571,#6573);
#6575=ORIENTED_EDGE('',*,*,#5421,.F.);
#6577=ORIENTED_EDGE('',*,*,#6576,.T.);
#6578=ORIENTED_EDGE('',*,*,#5712,.T.);
#6579=ORIENTED_EDGE('',*,*,#6558,.F.);
#6580=EDGE_LOOP('',(#6575,#6577,#6578,#6579));
#6581=FACE_OUTER_BOUND('',#6580,.F.);
#6582=ADVANCED_FACE('',(#6581),#6574,.F.);
#6583=CARTESIAN_POINT('',(1.154701474963E0,4.706600587934E-1,9.5E-1));
#6584=CARTESIAN_POINT('',(1.156377875917E0,4.706600587934E-1,9.5E-1));
#6585=CARTESIAN_POINT('',(1.167934932429E0,4.706600587934E-1,9.5E-1));
#6586=CARTESIAN_POINT('',(1.181168389896E0,4.706600587934E-1,9.5E-1));
#6587=CARTESIAN_POINT('',(1.192725446408E0,4.706600587934E-1,9.5E-1));
#6588=CARTESIAN_POINT('',(1.194401847362E0,4.706600587934E-1,9.5E-1));
#6590=DIRECTION('',(0.E0,0.E0,1.E0));
#6591=VECTOR('',#6590,1.E0);
#6592=SURFACE_OF_LINEAR_EXTRUSION('',#6589,#6591);
#6593=ORIENTED_EDGE('',*,*,#5419,.F.);
#6595=ORIENTED_EDGE('',*,*,#6594,.T.);
#6596=ORIENTED_EDGE('',*,*,#5714,.T.);
#6597=ORIENTED_EDGE('',*,*,#6576,.F.);
#6598=EDGE_LOOP('',(#6593,#6595,#6596,#6597));
#6599=FACE_OUTER_BOUND('',#6598,.F.);
#6600=ADVANCED_FACE('',(#6599),#6592,.F.);
#6601=CARTESIAN_POINT('',(1.191090639462E0,4.659333924475E-1,9.5E-1));
#6602=CARTESIAN_POINT('',(1.190517974474E0,4.675089478961E-1,9.5E-1));
#6603=CARTESIAN_POINT('',(1.185497885698E0,4.813205627026E-1,9.5E-1));
#6604=CARTESIAN_POINT('',(1.179905131934E0,4.967077329576E-1,9.5E-1));
#6605=CARTESIAN_POINT('',(1.174885043157E0,5.105193477640E-1,9.5E-1));
#6606=CARTESIAN_POINT('',(1.174312378170E0,5.120949032127E-1,9.5E-1));
#6608=DIRECTION('',(0.E0,0.E0,1.E0));
#6609=VECTOR('',#6608,1.E0);
#6610=SURFACE_OF_LINEAR_EXTRUSION('',#6607,#6609);
#6611=ORIENTED_EDGE('',*,*,#5417,.F.);
#6612=ORIENTED_EDGE('',*,*,#6542,.T.);
#6613=ORIENTED_EDGE('',*,*,#5716,.T.);
#6614=ORIENTED_EDGE('',*,*,#6594,.F.);
#6615=EDGE_LOOP('',(#6611,#6612,#6613,#6614));
#6616=FACE_OUTER_BOUND('',#6615,.F.);
#6617=ADVANCED_FACE('',(#6616),#6610,.F.);
#6618=CARTESIAN_POINT('',(1.214499460118E0,4.365255168222E-1,9.5E-1));
#6619=DIRECTION('',(9.345104387413E-1,3.559357243710E-1,0.E0));
#6620=DIRECTION('',(-3.559357243710E-1,9.345104387413E-1,0.E0));
#6621=AXIS2_PLACEMENT_3D('',#6618,#6619,#6620);
#6622=PLANE('',#6621);
#6623=ORIENTED_EDGE('',*,*,#5174,.F.);
#6625=ORIENTED_EDGE('',*,*,#6624,.T.);
#6626=ORIENTED_EDGE('',*,*,#5690,.T.);
#6628=ORIENTED_EDGE('',*,*,#6627,.F.);
#6629=EDGE_LOOP('',(#6623,#6625,#6626,#6628));
#6630=FACE_OUTER_BOUND('',#6629,.F.);
#6631=ADVANCED_FACE('',(#6630),#6622,.T.);
#6632=CARTESIAN_POINT('',(1.201902188676E0,4.365255168222E-1,9.5E-1));
#6633=DIRECTION('',(0.E0,-1.E0,0.E0));
#6634=DIRECTION('',(1.E0,0.E0,0.E0));
#6635=AXIS2_PLACEMENT_3D('',#6632,#6633,#6634);
#6636=PLANE('',#6635);
#6637=ORIENTED_EDGE('',*,*,#5188,.F.);
#6639=ORIENTED_EDGE('',*,*,#6638,.T.);
#6640=ORIENTED_EDGE('',*,*,#5692,.T.);
#6641=ORIENTED_EDGE('',*,*,#6624,.F.);
#6642=EDGE_LOOP('',(#6637,#6639,#6640,#6641));
#6643=FACE_OUTER_BOUND('',#6642,.F.);
#6644=ADVANCED_FACE('',(#6643),#6636,.T.);
#6645=CARTESIAN_POINT('',(1.192894462323E0,4.606815749633E-1,9.5E-1));
#6646=DIRECTION('',(-9.369753459537E-1,-3.493954794713E-1,0.E0));
#6647=DIRECTION('',(3.493954794713E-1,-9.369753459537E-1,0.E0));
#6648=AXIS2_PLACEMENT_3D('',#6645,#6646,#6647);
#6649=PLANE('',#6648);
#6650=ORIENTED_EDGE('',*,*,#5186,.F.);
#6652=ORIENTED_EDGE('',*,*,#6651,.T.);
#6653=ORIENTED_EDGE('',*,*,#5694,.T.);
#6654=ORIENTED_EDGE('',*,*,#6638,.F.);
#6655=EDGE_LOOP('',(#6650,#6652,#6653,#6654));
#6656=FACE_OUTER_BOUND('',#6655,.F.);
#6657=ADVANCED_FACE('',(#6656),#6649,.T.);
#6658=CARTESIAN_POINT('',(1.156118556984E0,4.606815749633E-1,9.5E-1));
#6659=DIRECTION('',(0.E0,-1.E0,0.E0));
#6660=DIRECTION('',(1.E0,0.E0,0.E0));
#6661=AXIS2_PLACEMENT_3D('',#6658,#6659,#6660);
#6662=PLANE('',#6661);
#6663=ORIENTED_EDGE('',*,*,#5184,.F.);
#6665=ORIENTED_EDGE('',*,*,#6664,.T.);
#6666=ORIENTED_EDGE('',*,*,#5696,.T.);
#6667=ORIENTED_EDGE('',*,*,#6651,.F.);
#6668=EDGE_LOOP('',(#6663,#6665,#6666,#6667));
#6669=FACE_OUTER_BOUND('',#6668,.F.);
#6670=ADVANCED_FACE('',(#6669),#6662,.T.);
#6671=CARTESIAN_POINT('',(1.147630073E0,4.365255168222E-1,9.5E-1));
#6672=DIRECTION('',(9.434452330623E-1,-3.315284184080E-1,0.E0));
#6673=DIRECTION('',(3.315284184080E-1,9.434452330623E-1,0.E0));
#6674=AXIS2_PLACEMENT_3D('',#6671,#6672,#6673);
#6675=PLANE('',#6674);
#6676=ORIENTED_EDGE('',*,*,#5182,.F.);
#6678=ORIENTED_EDGE('',*,*,#6677,.T.);
#6679=ORIENTED_EDGE('',*,*,#5698,.T.);
#6680=ORIENTED_EDGE('',*,*,#6664,.F.);
#6681=EDGE_LOOP('',(#6676,#6678,#6679,#6680));
#6682=FACE_OUTER_BOUND('',#6681,.F.);
#6683=ADVANCED_FACE('',(#6682),#6675,.T.);
#6684=CARTESIAN_POINT('',(1.135032801559E0,4.365255168222E-1,9.5E-1));
#6685=DIRECTION('',(0.E0,-1.E0,0.E0));
#6686=DIRECTION('',(1.E0,0.E0,0.E0));
#6687=AXIS2_PLACEMENT_3D('',#6684,#6685,#6686);
#6688=PLANE('',#6687);
#6689=ORIENTED_EDGE('',*,*,#5180,.F.);
#6691=ORIENTED_EDGE('',*,*,#6690,.T.);
#6692=ORIENTED_EDGE('',*,*,#5700,.T.);
#6693=ORIENTED_EDGE('',*,*,#6677,.F.);
#6694=EDGE_LOOP('',(#6689,#6691,#6692,#6693));
#6695=FACE_OUTER_BOUND('',#6694,.F.);
#6696=ADVANCED_FACE('',(#6695),#6688,.T.);
#6697=CARTESIAN_POINT('',(1.168670676915E0,5.248418714478E-1,9.5E-1));
#6698=DIRECTION('',(-9.345104387424E-1,3.559357243682E-1,0.E0));
#6699=DIRECTION('',(-3.559357243682E-1,-9.345104387424E-1,0.E0));
#6700=AXIS2_PLACEMENT_3D('',#6697,#6698,#6699);
#6701=PLANE('',#6700);
#6702=ORIENTED_EDGE('',*,*,#5178,.F.);
#6704=ORIENTED_EDGE('',*,*,#6703,.T.);
#6705=ORIENTED_EDGE('',*,*,#5702,.T.);
#6706=ORIENTED_EDGE('',*,*,#6690,.F.);
#6707=EDGE_LOOP('',(#6702,#6704,#6705,#6706));
#6708=FACE_OUTER_BOUND('',#6707,.F.);
#6709=ADVANCED_FACE('',(#6708),#6701,.T.);
#6710=CARTESIAN_POINT('',(1.180861584762E0,5.248418714478E-1,9.5E-1));
#6711=DIRECTION('',(0.E0,1.E0,0.E0));
#6712=DIRECTION('',(-1.E0,0.E0,0.E0));
#6713=AXIS2_PLACEMENT_3D('',#6710,#6711,#6712);
#6714=PLANE('',#6713);
#6715=ORIENTED_EDGE('',*,*,#5176,.F.);
#6716=ORIENTED_EDGE('',*,*,#6627,.T.);
#6717=ORIENTED_EDGE('',*,*,#5704,.T.);
#6718=ORIENTED_EDGE('',*,*,#6703,.F.);
#6719=EDGE_LOOP('',(#6715,#6716,#6717,#6718));
#6720=FACE_OUTER_BOUND('',#6719,.F.);
#6721=ADVANCED_FACE('',(#6720),#6714,.T.);
#6722=CARTESIAN_POINT('',(9.075594914336E-1,2.964203796017E-1,9.5E-1));
#6723=DIRECTION('',(1.E0,0.E0,0.E0));
#6724=DIRECTION('',(0.E0,1.E0,0.E0));
#6725=AXIS2_PLACEMENT_3D('',#6722,#6723,#6724);
#6726=PLANE('',#6725);
#6727=ORIENTED_EDGE('',*,*,#5192,.F.);
#6729=ORIENTED_EDGE('',*,*,#6728,.T.);
#6730=ORIENTED_EDGE('',*,*,#5733,.T.);
#6732=ORIENTED_EDGE('',*,*,#6731,.F.);
#6733=EDGE_LOOP('',(#6727,#6729,#6730,#6732));
#6734=FACE_OUTER_BOUND('',#6733,.F.);
#6735=ADVANCED_FACE('',(#6734),#6726,.T.);
#6736=CARTESIAN_POINT('',(8.600601023405E-1,2.964203796017E-1,9.5E-1));
#6737=DIRECTION('',(0.E0,-1.E0,0.E0));
#6738=DIRECTION('',(1.E0,0.E0,0.E0));
#6739=AXIS2_PLACEMENT_3D('',#6736,#6737,#6738);
#6740=PLANE('',#6739);
#6741=ORIENTED_EDGE('',*,*,#5214,.F.);
#6743=ORIENTED_EDGE('',*,*,#6742,.T.);
#6744=ORIENTED_EDGE('',*,*,#5735,.T.);
#6745=ORIENTED_EDGE('',*,*,#6728,.F.);
#6746=EDGE_LOOP('',(#6741,#6743,#6744,#6745));
#6747=FACE_OUTER_BOUND('',#6746,.F.);
#6748=ADVANCED_FACE('',(#6747),#6740,.T.);
#6749=CARTESIAN_POINT('',(8.600601023405E-1,3.847367342272E-1,9.5E-1));
#6750=DIRECTION('',(-1.E0,0.E0,0.E0));
#6751=DIRECTION('',(0.E0,-1.E0,0.E0));
#6752=AXIS2_PLACEMENT_3D('',#6749,#6750,#6751);
#6753=PLANE('',#6752);
#6754=ORIENTED_EDGE('',*,*,#5212,.F.);
#6756=ORIENTED_EDGE('',*,*,#6755,.T.);
#6757=ORIENTED_EDGE('',*,*,#5737,.T.);
#6758=ORIENTED_EDGE('',*,*,#6742,.F.);
#6759=EDGE_LOOP('',(#6754,#6756,#6757,#6758));
#6760=FACE_OUTER_BOUND('',#6759,.F.);
#6761=ADVANCED_FACE('',(#6760),#6753,.T.);
#6762=CARTESIAN_POINT('',(9.055502492139E-1,3.847367342272E-1,9.5E-1));
#6763=DIRECTION('',(0.E0,1.E0,0.E0));
#6764=DIRECTION('',(-1.E0,0.E0,0.E0));
#6765=AXIS2_PLACEMENT_3D('',#6762,#6763,#6764);
#6766=PLANE('',#6765);
#6767=ORIENTED_EDGE('',*,*,#5210,.F.);
#6769=ORIENTED_EDGE('',*,*,#6768,.T.);
#6770=ORIENTED_EDGE('',*,*,#5739,.T.);
#6771=ORIENTED_EDGE('',*,*,#6755,.F.);
#6772=EDGE_LOOP('',(#6767,#6769,#6770,#6771));
#6773=FACE_OUTER_BOUND('',#6772,.F.);
#6774=ADVANCED_FACE('',(#6773),#6766,.T.);
#6775=CARTESIAN_POINT('',(9.055502492139E-1,3.745776443549E-1,9.5E-1));
#6776=DIRECTION('',(1.E0,0.E0,0.E0));
#6777=DIRECTION('',(0.E0,1.E0,0.E0));
#6778=AXIS2_PLACEMENT_3D('',#6775,#6776,#6777);
#6779=PLANE('',#6778);
#6780=ORIENTED_EDGE('',*,*,#5208,.F.);
#6782=ORIENTED_EDGE('',*,*,#6781,.T.);
#6783=ORIENTED_EDGE('',*,*,#5741,.T.);
#6784=ORIENTED_EDGE('',*,*,#6768,.F.);
#6785=EDGE_LOOP('',(#6780,#6782,#6783,#6784));
#6786=FACE_OUTER_BOUND('',#6785,.F.);
#6787=ADVANCED_FACE('',(#6786),#6779,.T.);
#6788=CARTESIAN_POINT('',(8.714608587530E-1,3.745776443549E-1,9.5E-1));
#6789=DIRECTION('',(0.E0,-1.E0,0.E0));
#6790=DIRECTION('',(1.E0,0.E0,0.E0));
#6791=AXIS2_PLACEMENT_3D('',#6788,#6789,#6790);
#6792=PLANE('',#6791);
#6793=ORIENTED_EDGE('',*,*,#5206,.F.);
#6795=ORIENTED_EDGE('',*,*,#6794,.T.);
#6796=ORIENTED_EDGE('',*,*,#5743,.T.);
#6797=ORIENTED_EDGE('',*,*,#6781,.F.);
#6798=EDGE_LOOP('',(#6793,#6795,#6796,#6797));
#6799=FACE_OUTER_BOUND('',#6798,.F.);
#6800=ADVANCED_FACE('',(#6799),#6792,.T.);
#6801=CARTESIAN_POINT('',(8.714608587530E-1,3.463127987535E-1,9.5E-1));
#6802=DIRECTION('',(1.E0,0.E0,0.E0));
#6803=DIRECTION('',(0.E0,1.E0,0.E0));
#6804=AXIS2_PLACEMENT_3D('',#6801,#6802,#6803);
#6805=PLANE('',#6804);
#6806=ORIENTED_EDGE('',*,*,#5204,.F.);
#6808=ORIENTED_EDGE('',*,*,#6807,.T.);
#6809=ORIENTED_EDGE('',*,*,#5745,.T.);
#6810=ORIENTED_EDGE('',*,*,#6794,.F.);
#6811=EDGE_LOOP('',(#6806,#6808,#6809,#6810));
#6812=FACE_OUTER_BOUND('',#6811,.F.);
#6813=ADVANCED_FACE('',(#6812),#6805,.T.);
#6814=CARTESIAN_POINT('',(9.030443403787E-1,3.463127987535E-1,9.5E-1));
#6815=DIRECTION('',(0.E0,1.E0,0.E0));
#6816=DIRECTION('',(-1.E0,0.E0,0.E0));
#6817=AXIS2_PLACEMENT_3D('',#6814,#6815,#6816);
#6818=PLANE('',#6817);
#6819=ORIENTED_EDGE('',*,*,#5202,.F.);
#6821=ORIENTED_EDGE('',*,*,#6820,.T.);
#6822=ORIENTED_EDGE('',*,*,#5747,.T.);
#6823=ORIENTED_EDGE('',*,*,#6807,.F.);
#6824=EDGE_LOOP('',(#6819,#6821,#6822,#6823));
#6825=FACE_OUTER_BOUND('',#6824,.F.);
#6826=ADVANCED_FACE('',(#6825),#6818,.T.);
#6827=CARTESIAN_POINT('',(9.030443403787E-1,3.361988603915E-1,9.5E-1));
#6828=DIRECTION('',(1.E0,0.E0,0.E0));
#6829=DIRECTION('',(0.E0,1.E0,0.E0));
#6830=AXIS2_PLACEMENT_3D('',#6827,#6828,#6829);
#6831=PLANE('',#6830);
#6832=ORIENTED_EDGE('',*,*,#5200,.F.);
#6834=ORIENTED_EDGE('',*,*,#6833,.T.);
#6835=ORIENTED_EDGE('',*,*,#5749,.T.);
#6836=ORIENTED_EDGE('',*,*,#6820,.F.);
#6837=EDGE_LOOP('',(#6832,#6834,#6835,#6836));
#6838=FACE_OUTER_BOUND('',#6837,.F.);
#6839=ADVANCED_FACE('',(#6838),#6831,.T.);
#6840=CARTESIAN_POINT('',(8.714608587530E-1,3.361988603915E-1,9.5E-1));
#6841=DIRECTION('',(0.E0,-1.E0,0.E0));
#6842=DIRECTION('',(1.E0,0.E0,0.E0));
#6843=AXIS2_PLACEMENT_3D('',#6840,#6841,#6842);
#6844=PLANE('',#6843);
#6845=ORIENTED_EDGE('',*,*,#5198,.F.);
#6847=ORIENTED_EDGE('',*,*,#6846,.T.);
#6848=ORIENTED_EDGE('',*,*,#5751,.T.);
#6849=ORIENTED_EDGE('',*,*,#6833,.F.);
#6850=EDGE_LOOP('',(#6845,#6847,#6848,#6849));
#6851=FACE_OUTER_BOUND('',#6850,.F.);
#6852=ADVANCED_FACE('',(#6851),#6844,.T.);
#6853=CARTESIAN_POINT('',(8.714608587530E-1,3.064891664535E-1,9.5E-1));
#6854=DIRECTION('',(1.E0,0.E0,0.E0));
#6855=DIRECTION('',(0.E0,1.E0,0.E0));
#6856=AXIS2_PLACEMENT_3D('',#6853,#6854,#6855);
#6857=PLANE('',#6856);
#6858=ORIENTED_EDGE('',*,*,#5196,.F.);
#6860=ORIENTED_EDGE('',*,*,#6859,.T.);
#6861=ORIENTED_EDGE('',*,*,#5753,.T.);
#6862=ORIENTED_EDGE('',*,*,#6846,.F.);
#6863=EDGE_LOOP('',(#6858,#6860,#6861,#6862));
#6864=FACE_OUTER_BOUND('',#6863,.F.);
#6865=ADVANCED_FACE('',(#6864),#6857,.T.);
#6866=CARTESIAN_POINT('',(9.075594914336E-1,3.064891664535E-1,9.5E-1));
#6867=DIRECTION('',(0.E0,1.E0,0.E0));
#6868=DIRECTION('',(-1.E0,0.E0,0.E0));
#6869=AXIS2_PLACEMENT_3D('',#6866,#6867,#6868);
#6870=PLANE('',#6869);
#6871=ORIENTED_EDGE('',*,*,#5194,.F.);
#6872=ORIENTED_EDGE('',*,*,#6731,.T.);
#6873=ORIENTED_EDGE('',*,*,#5755,.T.);
#6874=ORIENTED_EDGE('',*,*,#6859,.F.);
#6875=EDGE_LOOP('',(#6871,#6872,#6873,#6874));
#6876=FACE_OUTER_BOUND('',#6875,.F.);
#6877=ADVANCED_FACE('',(#6876),#6870,.T.);
#6878=CARTESIAN_POINT('',(9.627522550247E-1,3.287422566591E-1,9.5E-1));
#6879=CARTESIAN_POINT('',(9.610908270695E-1,3.285187006040E-1,9.5E-1));
#6880=CARTESIAN_POINT('',(9.545078844650E-1,3.276329223941E-1,9.5E-1));
#6881=CARTESIAN_POINT('',(9.462635139054E-1,3.265235881290E-1,9.5E-1));
#6882=CARTESIAN_POINT('',(9.396805713009E-1,3.256378099191E-1,9.5E-1));
#6883=CARTESIAN_POINT('',(9.380191433458E-1,3.254142538640E-1,9.5E-1));
#6885=DIRECTION('',(0.E0,0.E0,1.E0));
#6886=VECTOR('',#6885,1.E0);
#6887=SURFACE_OF_LINEAR_EXTRUSION('',#6884,#6886);
#6888=ORIENTED_EDGE('',*,*,#5440,.F.);
#6890=ORIENTED_EDGE('',*,*,#6889,.T.);
#6891=ORIENTED_EDGE('',*,*,#5790,.T.);
#6893=ORIENTED_EDGE('',*,*,#6892,.F.);
#6894=EDGE_LOOP('',(#6888,#6890,#6891,#6893));
#6895=FACE_OUTER_BOUND('',#6894,.F.);
#6896=ADVANCED_FACE('',(#6895),#6887,.F.);
#6897=CARTESIAN_POINT('',(9.455283100024E-1,3.264438340574E-1,9.5E-1));
#6898=CARTESIAN_POINT('',(9.447346846063E-1,3.263202008201E-1,9.5E-1));
#6899=CARTESIAN_POINT('',(9.402509616600E-1,3.257286599621E-1,9.5E-1));
#6900=CARTESIAN_POINT('',(9.317420521139E-1,3.242996493392E-1,9.5E-1));
#6901=CARTESIAN_POINT('',(9.282550666850E-1,3.143159228556E-1,9.5E-1));
#6902=CARTESIAN_POINT('',(9.318917232067E-1,3.056113047823E-1,9.5E-1));
#6903=CARTESIAN_POINT('',(9.425487362961E-1,3.027416940986E-1,9.5E-1));
#6904=CARTESIAN_POINT('',(9.546780483574E-1,3.078902841443E-1,9.5E-1));
#6905=CARTESIAN_POINT('',(9.580612103978E-1,3.183572824732E-1,9.5E-1));
#6906=CARTESIAN_POINT('',(9.577136260483E-1,3.237045025037E-1,9.5E-1));
#6907=CARTESIAN_POINT('',(9.576048980475E-1,3.245178423481E-1,9.5E-1));
#6909=DIRECTION('',(0.E0,0.E0,1.E0));
#6910=VECTOR('',#6909,1.E0);
#6911=SURFACE_OF_LINEAR_EXTRUSION('',#6908,#6910);
#6912=ORIENTED_EDGE('',*,*,#5444,.T.);
#6914=ORIENTED_EDGE('',*,*,#6913,.T.);
#6915=ORIENTED_EDGE('',*,*,#5792,.T.);
#6916=ORIENTED_EDGE('',*,*,#6889,.F.);
#6917=EDGE_LOOP('',(#6912,#6914,#6915,#6916));
#6918=FACE_OUTER_BOUND('',#6917,.F.);
#6919=ADVANCED_FACE('',(#6918),#6911,.F.);
#6920=CARTESIAN_POINT('',(9.577679711592E-1,3.219002800323E-1,9.5E-1));
#6921=CARTESIAN_POINT('',(9.577679711592E-1,3.219406153817E-1,9.5E-1));
#6922=CARTESIAN_POINT('',(9.577679711592E-1,3.239977182021E-1,9.5E-1));
#6923=CARTESIAN_POINT('',(9.577679711592E-1,3.260951563720E-1,9.5E-1));
#6924=CARTESIAN_POINT('',(9.577679711592E-1,3.281522591925E-1,9.5E-1));
#6925=CARTESIAN_POINT('',(9.577679711592E-1,3.281925945419E-1,9.5E-1));
#6927=DIRECTION('',(0.E0,0.E0,1.E0));
#6928=VECTOR('',#6927,1.E0);
#6929=SURFACE_OF_LINEAR_EXTRUSION('',#6926,#6928);
#6930=ORIENTED_EDGE('',*,*,#5442,.F.);
#6931=ORIENTED_EDGE('',*,*,#6892,.T.);
#6932=ORIENTED_EDGE('',*,*,#5794,.T.);
#6933=ORIENTED_EDGE('',*,*,#6913,.F.);
#6934=EDGE_LOOP('',(#6930,#6931,#6932,#6933));
#6935=FACE_OUTER_BOUND('',#6934,.F.);
#6936=ADVANCED_FACE('',(#6935),#6929,.F.);
#6937=CARTESIAN_POINT('',(9.577679711592E-1,2.913911767384E-1,9.5E-1));
#6938=CARTESIAN_POINT('',(9.577679711592E-1,2.930675776928E-1,9.5E-1));
#6939=CARTESIAN_POINT('',(9.577679711592E-1,2.979948874065E-1,9.5E-1));
#6940=CARTESIAN_POINT('',(9.577679711592E-1,3.045985980746E-1,9.5E-1));
#6941=CARTESIAN_POINT('',(9.577679711592E-1,3.095259077883E-1,9.5E-1));
#6942=CARTESIAN_POINT('',(9.577679711592E-1,3.112023087427E-1,9.5E-1));
#6944=DIRECTION('',(0.E0,0.E0,1.E0));
#6945=VECTOR('',#6944,1.E0);
#6946=SURFACE_OF_LINEAR_EXTRUSION('',#6943,#6945);
#6947=ORIENTED_EDGE('',*,*,#5218,.F.);
#6949=ORIENTED_EDGE('',*,*,#6948,.T.);
#6950=ORIENTED_EDGE('',*,*,#5772,.T.);
#6952=ORIENTED_EDGE('',*,*,#6951,.F.);
#6953=EDGE_LOOP('',(#6947,#6949,#6950,#6952));
#6954=FACE_OUTER_BOUND('',#6953,.F.);
#6955=ADVANCED_FACE('',(#6954),#6946,.F.);
#6956=CARTESIAN_POINT('',(9.589201639872E-1,3.085419740412E-1,9.5E-1));
#6957=CARTESIAN_POINT('',(9.585967914059E-1,3.077250231666E-1,9.5E-1));
#6958=CARTESIAN_POINT('',(9.549045167962E-1,3.001674216553E-1,9.5E-1));
#6959=CARTESIAN_POINT('',(9.406750646706E-1,2.923113119828E-1,9.5E-1));
#6960=CARTESIAN_POINT('',(9.222931814130E-1,2.978244720770E-1,9.5E-1));
#6961=CARTESIAN_POINT('',(9.134952003821E-1,3.187553051586E-1,9.5E-1));
#6962=CARTESIAN_POINT('',(9.303201569683E-1,3.333611349544E-1,9.5E-1));
#6963=CARTESIAN_POINT('',(9.407751920390E-1,3.340725101526E-1,9.5E-1));
#6964=CARTESIAN_POINT('',(9.416065788472E-1,3.340640086030E-1,9.5E-1));
#6966=DIRECTION('',(0.E0,0.E0,1.E0));
#6967=VECTOR('',#6966,1.E0);
#6968=SURFACE_OF_LINEAR_EXTRUSION('',#6965,#6967);
#6969=ORIENTED_EDGE('',*,*,#5232,.T.);
#6971=ORIENTED_EDGE('',*,*,#6970,.T.);
#6972=ORIENTED_EDGE('',*,*,#5774,.T.);
#6973=ORIENTED_EDGE('',*,*,#6948,.F.);
#6974=EDGE_LOOP('',(#6969,#6971,#6972,#6973));
#6975=FACE_OUTER_BOUND('',#6974,.F.);
#6976=ADVANCED_FACE('',(#6975),#6968,.F.);
#6977=CARTESIAN_POINT('',(9.340946823426E-1,3.331983732576E-1,9.5E-1));
#6978=CARTESIAN_POINT('',(9.357548701595E-1,3.334309599565E-1,9.5E-1));
#6979=CARTESIAN_POINT('',(9.436459664316E-1,3.345364758592E-1,9.5E-1));
#6980=CARTESIAN_POINT('',(9.531972505206E-1,3.358745784608E-1,9.5E-1));
#6981=CARTESIAN_POINT('',(9.610883467927E-1,3.369800943634E-1,9.5E-1));
#6982=CARTESIAN_POINT('',(9.627485346097E-1,3.372126810624E-1,9.5E-1));
#6984=DIRECTION('',(0.E0,0.E0,1.E0));
#6985=VECTOR('',#6984,1.E0);
#6986=SURFACE_OF_LINEAR_EXTRUSION('',#6983,#6985);
#6987=ORIENTED_EDGE('',*,*,#5230,.F.);
#6989=ORIENTED_EDGE('',*,*,#6988,.T.);
#6990=ORIENTED_EDGE('',*,*,#5776,.T.);
#6991=ORIENTED_EDGE('',*,*,#6970,.F.);
#6992=EDGE_LOOP('',(#6987,#6989,#6990,#6991));
#6993=FACE_OUTER_BOUND('',#6992,.F.);
#6994=ADVANCED_FACE('',(#6993),#6986,.F.);
#6995=CARTESIAN_POINT('',(9.574265290852E-1,3.338885086875E-1,9.5E-1));
#6996=CARTESIAN_POINT('',(9.576586855104E-1,3.347470551967E-1,9.5E-1));
#6997=CARTESIAN_POINT('',(9.585904081850E-1,3.422503303417E-1,9.5E-1));
#6998=CARTESIAN_POINT('',(9.447719802074E-1,3.581382412712E-1,9.5E-1));
#6999=CARTESIAN_POINT('',(9.291140349591E-1,3.483952182082E-1,9.5E-1));
#7000=CARTESIAN_POINT('',(9.230071310145E-1,3.432482441387E-1,9.5E-1));
#7001=CARTESIAN_POINT('',(9.224006391630E-1,3.427237452402E-1,9.5E-1));
#7003=DIRECTION('',(0.E0,0.E0,1.E0));
#7004=VECTOR('',#7003,1.E0);
#7005=SURFACE_OF_LINEAR_EXTRUSION('',#7002,#7004);
#7006=ORIENTED_EDGE('',*,*,#5228,.T.);
#7008=ORIENTED_EDGE('',*,*,#7007,.T.);
#7009=ORIENTED_EDGE('',*,*,#5778,.T.);
#7010=ORIENTED_EDGE('',*,*,#6988,.F.);
#7011=EDGE_LOOP('',(#7006,#7008,#7009,#7010));
#7012=FACE_OUTER_BOUND('',#7011,.F.);
#7013=ADVANCED_FACE('',(#7012),#7005,.F.);
#7014=CARTESIAN_POINT('',(9.243107018451E-1,3.392969294260E-1,9.5E-1));
#7015=CARTESIAN_POINT('',(9.243107018451E-1,3.409733303804E-1,9.5E-1));
#7016=CARTESIAN_POINT('',(9.243107018451E-1,3.462317511716E-1,9.5E-1));
#7017=CARTESIAN_POINT('',(9.243107018451E-1,3.531665729172E-1,9.5E-1));
#7018=CARTESIAN_POINT('',(9.243107018451E-1,3.584249937083E-1,9.5E-1));
#7019=CARTESIAN_POINT('',(9.243107018451E-1,3.601013946627E-1,9.5E-1));
#7021=DIRECTION('',(0.E0,0.E0,1.E0));
#7022=VECTOR('',#7021,1.E0);
#7023=SURFACE_OF_LINEAR_EXTRUSION('',#7020,#7022);
#7024=ORIENTED_EDGE('',*,*,#5226,.F.);
#7026=ORIENTED_EDGE('',*,*,#7025,.T.);
#7027=ORIENTED_EDGE('',*,*,#5780,.T.);
#7028=ORIENTED_EDGE('',*,*,#7007,.F.);
#7029=EDGE_LOOP('',(#7024,#7026,#7027,#7028));
#7030=FACE_OUTER_BOUND('',#7029,.F.);
#7031=ADVANCED_FACE('',(#7030),#7023,.F.);
#7032=CARTESIAN_POINT('',(9.221022825341E-1,3.536169891452E-1,9.5E-1));
#7033=CARTESIAN_POINT('',(9.228185956920E-1,3.541107695869E-1,9.5E-1));
#7034=CARTESIAN_POINT('',(9.297505812654E-1,3.586922850516E-1,9.5E-1));
#7035=CARTESIAN_POINT('',(9.495586197064E-1,3.667177369299E-1,9.5E-1));
#7036=CARTESIAN_POINT('',(9.697483771396E-1,3.471391041652E-1,9.5E-1));
#7037=CARTESIAN_POINT('',(9.687565536377E-1,3.352475660304E-1,9.5E-1));
#7038=CARTESIAN_POINT('',(9.686035214882E-1,3.343713770865E-1,9.5E-1));
#7040=DIRECTION('',(0.E0,0.E0,1.E0));
#7041=VECTOR('',#7040,1.E0);
#7042=SURFACE_OF_LINEAR_EXTRUSION('',#7039,#7041);
#7043=ORIENTED_EDGE('',*,*,#5224,.T.);
#7045=ORIENTED_EDGE('',*,*,#7044,.T.);
#7046=ORIENTED_EDGE('',*,*,#5782,.T.);
#7047=ORIENTED_EDGE('',*,*,#7025,.F.);
#7048=EDGE_LOOP('',(#7043,#7045,#7046,#7047));
#7049=FACE_OUTER_BOUND('',#7048,.F.);
#7050=ADVANCED_FACE('',(#7049),#7042,.F.);
#7051=CARTESIAN_POINT('',(9.688300912425E-1,3.420407904444E-1,9.5E-1));
#7052=CARTESIAN_POINT('',(9.688300912425E-1,3.403643894900E-1,9.5E-1));
#7053=CARTESIAN_POINT('',(9.688300912426E-1,3.251575858757E-1,9.5E-1));
#7054=CARTESIAN_POINT('',(9.688300912427E-1,3.082743813071E-1,9.5E-1));
#7055=CARTESIAN_POINT('',(9.688300912428E-1,2.930675776928E-1,9.5E-1));
#7056=CARTESIAN_POINT('',(9.688300912428E-1,2.913911767384E-1,9.5E-1));
#7058=DIRECTION('',(0.E0,0.E0,1.E0));
#7059=VECTOR('',#7058,1.E0);
#7060=SURFACE_OF_LINEAR_EXTRUSION('',#7057,#7059);
#7061=ORIENTED_EDGE('',*,*,#5222,.F.);
#7063=ORIENTED_EDGE('',*,*,#7062,.T.);
#7064=ORIENTED_EDGE('',*,*,#5784,.T.);
#7065=ORIENTED_EDGE('',*,*,#7044,.F.);
#7066=EDGE_LOOP('',(#7061,#7063,#7064,#7065));
#7067=FACE_OUTER_BOUND('',#7066,.F.);
#7068=ADVANCED_FACE('',(#7067),#7060,.F.);
#7069=CARTESIAN_POINT('',(9.738592941061E-1,2.964203796017E-1,9.5E-1));
#7070=CARTESIAN_POINT('',(9.721828931516E-1,2.964203796017E-1,9.5E-1));
#7071=CARTESIAN_POINT('',(9.668191188360E-1,2.964203796017E-1,9.5E-1));
#7072=CARTESIAN_POINT('',(9.597789435660E-1,2.964203796017E-1,9.5E-1));
#7073=CARTESIAN_POINT('',(9.544151692503E-1,2.964203796017E-1,9.5E-1));
#7074=CARTESIAN_POINT('',(9.527387682959E-1,2.964203796017E-1,9.5E-1));
#7076=DIRECTION('',(0.E0,0.E0,1.E0));
#7077=VECTOR('',#7076,1.E0);
#7078=SURFACE_OF_LINEAR_EXTRUSION('',#7075,#7077);
#7079=ORIENTED_EDGE('',*,*,#5220,.F.);
#7080=ORIENTED_EDGE('',*,*,#6951,.T.);
#7081=ORIENTED_EDGE('',*,*,#5786,.T.);
#7082=ORIENTED_EDGE('',*,*,#7062,.F.);
#7083=EDGE_LOOP('',(#7079,#7080,#7081,#7082));
#7084=FACE_OUTER_BOUND('',#7083,.F.);
#7085=ADVANCED_FACE('',(#7084),#7078,.F.);
#7086=CARTESIAN_POINT('',(9.838203927437E-1,2.936036007550E-1,9.5E-1));
#7087=CARTESIAN_POINT('',(9.838203927437E-1,2.952800017094E-1,9.5E-1));
#7088=CARTESIAN_POINT('',(9.838203927437E-1,3.007641800531E-1,9.5E-1));
#7089=CARTESIAN_POINT('',(9.838203927437E-1,3.079247593513E-1,9.5E-1));
#7090=CARTESIAN_POINT('',(9.838203927437E-1,3.134089376950E-1,9.5E-1));
#7091=CARTESIAN_POINT('',(9.838203927437E-1,3.150853386494E-1,9.5E-1));
#7093=DIRECTION('',(0.E0,0.E0,1.E0));
#7094=VECTOR('',#7093,1.E0);
#7095=SURFACE_OF_LINEAR_EXTRUSION('',#7092,#7094);
#7096=ORIENTED_EDGE('',*,*,#5236,.F.);
#7098=ORIENTED_EDGE('',*,*,#7097,.T.);
#7099=ORIENTED_EDGE('',*,*,#5811,.T.);
#7101=ORIENTED_EDGE('',*,*,#7100,.F.);
#7102=EDGE_LOOP('',(#7096,#7098,#7099,#7101));
#7103=FACE_OUTER_BOUND('',#7102,.F.);
#7104=ADVANCED_FACE('',(#7103),#7095,.F.);
#7105=CARTESIAN_POINT('',(9.817489146215E-1,3.115897182049E-1,9.5E-1));
#7106=CARTESIAN_POINT('',(9.824327222409E-1,3.110726408185E-1,9.5E-1));
#7107=CARTESIAN_POINT('',(9.882492331040E-1,3.067381243411E-1,9.5E-1));
#7108=CARTESIAN_POINT('',(9.992840011351E-1,3.006641627547E-1,9.5E-1));
#7109=CARTESIAN_POINT('',(1.018051982302E0,3.091167120204E-1,9.5E-1));
#7110=CARTESIAN_POINT('',(1.011347075043E0,3.212686702816E-1,9.5E-1));
#7111=CARTESIAN_POINT('',(9.995856141771E-1,3.239660448418E-1,9.5E-1));
#7112=CARTESIAN_POINT('',(9.867689448136E-1,3.297693197824E-1,9.5E-1));
#7113=CARTESIAN_POINT('',(9.820561022542E-1,3.441722410615E-1,9.5E-1));
#7114=CARTESIAN_POINT('',(9.904103382556E-1,3.587723473916E-1,9.5E-1));
#7115=CARTESIAN_POINT('',(1.007611567497E0,3.619527641746E-1,9.5E-1));
#7116=CARTESIAN_POINT('',(1.019568542670E0,3.599266351309E-1,9.5E-1));
#7117=CARTESIAN_POINT('',(1.024978808462E0,3.574552125088E-1,9.5E-1));
#7118=CARTESIAN_POINT('',(1.025753333374E0,3.570638971209E-1,9.5E-1));
#7120=DIRECTION('',(0.E0,0.E0,1.E0));
#7121=VECTOR('',#7120,1.E0);
#7122=SURFACE_OF_LINEAR_EXTRUSION('',#7119,#7121);
#7123=ORIENTED_EDGE('',*,*,#5242,.T.);
#7125=ORIENTED_EDGE('',*,*,#7124,.T.);
#7126=ORIENTED_EDGE('',*,*,#5813,.T.);
#7127=ORIENTED_EDGE('',*,*,#7097,.F.);
#7128=EDGE_LOOP('',(#7123,#7125,#7126,#7127));
#7129=FACE_OUTER_BOUND('',#7128,.F.);
#7130=ADVANCED_FACE('',(#7129),#7122,.F.);
#7131=CARTESIAN_POINT('',(1.023395691737E0,3.631716973792E-1,9.5E-1));
#7132=CARTESIAN_POINT('',(1.023395691737E0,3.614952964248E-1,9.5E-1));
#7133=CARTESIAN_POINT('',(1.023395691737E0,3.562368756339E-1,9.5E-1));
#7134=CARTESIAN_POINT('',(1.023395691737E0,3.493020538885E-1,9.5E-1));
#7135=CARTESIAN_POINT('',(1.023395691737E0,3.440436330975E-1,9.5E-1));
#7136=CARTESIAN_POINT('',(1.023395691737E0,3.423672321431E-1,9.5E-1));
#7138=DIRECTION('',(0.E0,0.E0,1.E0));
#7139=VECTOR('',#7138,1.E0);
#7140=SURFACE_OF_LINEAR_EXTRUSION('',#7137,#7139);
#7141=ORIENTED_EDGE('',*,*,#5240,.F.);
#7143=ORIENTED_EDGE('',*,*,#7142,.T.);
#7144=ORIENTED_EDGE('',*,*,#5815,.T.);
#7145=ORIENTED_EDGE('',*,*,#7124,.F.);
#7146=EDGE_LOOP('',(#7141,#7143,#7144,#7145));
#7147=FACE_OUTER_BOUND('',#7146,.F.);
#7148=ADVANCED_FACE('',(#7147),#7140,.F.);
#7149=CARTESIAN_POINT('',(1.025483765424E0,3.459133677093E-1,9.5E-1));
#7150=CARTESIAN_POINT('',(1.024811015866E0,3.464413181258E-1,9.5E-1));
#7151=CARTESIAN_POINT('',(1.019577722988E0,3.501547085200E-1,9.5E-1));
#7152=CARTESIAN_POINT('',(1.010106039673E0,3.528024986006E-1,9.5E-1));
#7153=CARTESIAN_POINT('',(9.986080735864E-1,3.511435029604E-1,9.5E-1));
#7154=CARTESIAN_POINT('',(9.940682184284E-1,3.437040433461E-1,9.5E-1));
#7155=CARTESIAN_POINT('',(9.982725234080E-1,3.351377201737E-1,9.5E-1));
#7156=CARTESIAN_POINT('',(1.009982557628E0,3.319890051103E-1,9.5E-1));
#7157=CARTESIAN_POINT('',(1.022892470906E0,3.268026193748E-1,9.5E-1));
#7158=CARTESIAN_POINT('',(1.028476614806E0,3.120578184544E-1,9.5E-1));
#7159=CARTESIAN_POINT('',(1.019720872786E0,2.967909233407E-1,9.5E-1));
#7160=CARTESIAN_POINT('',(1.001277116119E0,2.938775378744E-1,9.5E-1));
#7161=CARTESIAN_POINT('',(9.881802840685E-1,2.961735970844E-1,9.5E-1));
#7162=CARTESIAN_POINT('',(9.823020612869E-1,2.994329526135E-1,9.5E-1));
#7163=CARTESIAN_POINT('',(9.815650793994E-1,2.998861121535E-1,9.5E-1));
#7165=DIRECTION('',(0.E0,0.E0,1.E0));
#7166=VECTOR('',#7165,1.E0);
#7167=SURFACE_OF_LINEAR_EXTRUSION('',#7164,#7166);
#7168=ORIENTED_EDGE('',*,*,#5238,.T.);
#7169=ORIENTED_EDGE('',*,*,#7100,.T.);
#7170=ORIENTED_EDGE('',*,*,#5817,.T.);
#7171=ORIENTED_EDGE('',*,*,#7142,.F.);
#7172=EDGE_LOOP('',(#7168,#7169,#7170,#7171));
#7173=FACE_OUTER_BOUND('',#7172,.F.);
#7174=ADVANCED_FACE('',(#7173),#7167,.F.);
#7175=CARTESIAN_POINT('',(1.060999559012E0,3.121918022349E-1,9.5E-1));
#7176=CARTESIAN_POINT('',(1.061009531266E0,3.121571860768E-1,9.5E-1));
#7177=CARTESIAN_POINT('',(1.061518116248E0,3.103917620145E-1,9.5E-1));
#7178=CARTESIAN_POINT('',(1.062036673484E0,3.085917217941E-1,9.5E-1));
#7179=CARTESIAN_POINT('',(1.062545258466E0,3.068262977318E-1,9.5E-1));
#7180=CARTESIAN_POINT('',(1.062555230721E0,3.067916815737E-1,9.5E-1));
#7182=DIRECTION('',(0.E0,0.E0,1.E0));
#7183=VECTOR('',#7182,1.E0);
#7184=SURFACE_OF_LINEAR_EXTRUSION('',#7181,#7183);
#7185=ORIENTED_EDGE('',*,*,#5246,.F.);
#7187=ORIENTED_EDGE('',*,*,#7186,.T.);
#7188=ORIENTED_EDGE('',*,*,#5834,.T.);
#7190=ORIENTED_EDGE('',*,*,#7189,.F.);
#7191=EDGE_LOOP('',(#7185,#7187,#7188,#7190));
#7192=FACE_OUTER_BOUND('',#7191,.F.);
#7193=ADVANCED_FACE('',(#7192),#7184,.F.);
#7194=CARTESIAN_POINT('',(1.062310890524E0,3.043722813960E-1,9.5E-1));
#7195=CARTESIAN_POINT('',(1.062280327717E0,3.052377628068E-1,9.5E-1));
#7196=CARTESIAN_POINT('',(1.062552665243E0,3.078524949304E-1,9.5E-1));
#7197=CARTESIAN_POINT('',(1.063820920836E0,3.110874943651E-1,9.5E-1));
#7198=CARTESIAN_POINT('',(1.064492041353E0,3.136042882762E-1,9.5E-1));
#7199=CARTESIAN_POINT('',(1.064629994737E0,3.144290408436E-1,9.5E-1));
#7201=DIRECTION('',(0.E0,0.E0,1.E0));
#7202=VECTOR('',#7201,1.E0);
#7203=SURFACE_OF_LINEAR_EXTRUSION('',#7200,#7202);
#7204=ORIENTED_EDGE('',*,*,#5268,.T.);
#7206=ORIENTED_EDGE('',*,*,#7205,.T.);
#7207=ORIENTED_EDGE('',*,*,#5836,.T.);
#7208=ORIENTED_EDGE('',*,*,#7186,.F.);
#7209=EDGE_LOOP('',(#7204,#7206,#7207,#7208));
#7210=FACE_OUTER_BOUND('',#7209,.F.);
#7211=ADVANCED_FACE('',(#7210),#7203,.F.);
#7212=CARTESIAN_POINT('',(1.062317506470E0,3.072697317770E-1,9.5E-1));
#7213=CARTESIAN_POINT('',(1.062889021389E0,3.088457047645E-1,9.5E-1));
#7214=CARTESIAN_POINT('',(1.069202303399E0,3.262548074497E-1,9.5E-1));
#7215=CARTESIAN_POINT('',(1.076087100328E0,3.452398831225E-1,9.5E-1));
#7216=CARTESIAN_POINT('',(1.082400382338E0,3.626489858077E-1,9.5E-1));
#7217=CARTESIAN_POINT('',(1.082971897257E0,3.642249587952E-1,9.5E-1));
#7219=DIRECTION('',(0.E0,0.E0,1.E0));
#7220=VECTOR('',#7219,1.E0);
#7221=SURFACE_OF_LINEAR_EXTRUSION('',#7218,#7220);
#7222=ORIENTED_EDGE('',*,*,#5266,.F.);
#7224=ORIENTED_EDGE('',*,*,#7223,.T.);
#7225=ORIENTED_EDGE('',*,*,#5838,.T.);
#7226=ORIENTED_EDGE('',*,*,#7205,.F.);
#7227=EDGE_LOOP('',(#7222,#7224,#7225,#7226));
#7228=FACE_OUTER_BOUND('',#7227,.F.);
#7229=ADVANCED_FACE('',(#7228),#7221,.F.);
#7230=CARTESIAN_POINT('',(1.076228149637E0,3.594970398327E-1,9.5E-1));
#7231=CARTESIAN_POINT('',(1.077904550591E0,3.594970398327E-1,9.5E-1));
#7232=CARTESIAN_POINT('',(1.083403779438E0,3.594970398327E-1,9.5E-1));
#7233=CARTESIAN_POINT('',(1.090579409240E0,3.594970398327E-1,9.5E-1));
#7234=CARTESIAN_POINT('',(1.096078638087E0,3.594970398327E-1,9.5E-1));
#7235=CARTESIAN_POINT('',(1.097755039041E0,3.594970398327E-1,9.5E-1));
#7237=DIRECTION('',(0.E0,0.E0,1.E0));
#7238=VECTOR('',#7237,1.E0);
#7239=SURFACE_OF_LINEAR_EXTRUSION('',#7236,#7238);
#7240=ORIENTED_EDGE('',*,*,#5264,.F.);
#7242=ORIENTED_EDGE('',*,*,#7241,.T.);
#7243=ORIENTED_EDGE('',*,*,#5840,.T.);
#7244=ORIENTED_EDGE('',*,*,#7223,.F.);
#7245=EDGE_LOOP('',(#7240,#7242,#7243,#7244));
#7246=FACE_OUTER_BOUND('',#7245,.F.);
#7247=ADVANCED_FACE('',(#7246),#7239,.F.);
#7248=CARTESIAN_POINT('',(1.094570536115E0,3.641757109668E-1,9.5E-1));
#7249=CARTESIAN_POINT('',(1.093955636136E0,3.626161539221E-1,9.5E-1));
#7250=CARTESIAN_POINT('',(1.083798716929E0,3.368553872255E-1,9.5E-1));
#7251=CARTESIAN_POINT('',(1.073026897742E0,3.095350634841E-1,9.5E-1));
#7252=CARTESIAN_POINT('',(1.062869978535E0,2.837742967875E-1,9.5E-1));
#7253=CARTESIAN_POINT('',(1.062255078556E0,2.822147397427E-1,9.5E-1));
#7255=DIRECTION('',(0.E0,0.E0,1.E0));
#7256=VECTOR('',#7255,1.E0);
#7257=SURFACE_OF_LINEAR_EXTRUSION('',#7254,#7256);
#7258=ORIENTED_EDGE('',*,*,#5262,.F.);
#7260=ORIENTED_EDGE('',*,*,#7259,.T.);
#7261=ORIENTED_EDGE('',*,*,#5842,.T.);
#7262=ORIENTED_EDGE('',*,*,#7241,.F.);
#7263=EDGE_LOOP('',(#7258,#7260,#7261,#7262));
#7264=FACE_OUTER_BOUND('',#7263,.F.);
#7265=ADVANCED_FACE('',(#7264),#7257,.F.);
#7266=CARTESIAN_POINT('',(1.064963558869E0,2.893573092021E-1,9.5E-1));
#7267=CARTESIAN_POINT('',(1.064717142506E0,2.885468148560E-1,9.5E-1));
#7268=CARTESIAN_POINT('',(1.061167038543E0,2.784221753932E-1,9.5E-1));
#7269=CARTESIAN_POINT('',(1.049524647759E0,2.649691596625E-1,9.5E-1));
#7270=CARTESIAN_POINT('',(1.035869790259E0,2.670630267181E-1,9.5E-1));
#7271=CARTESIAN_POINT('',(1.032822401722E0,2.681488622883E-1,9.5E-1));
#7272=CARTESIAN_POINT('',(1.032046015023E0,2.684662997528E-1,9.5E-1));
#7274=DIRECTION('',(0.E0,0.E0,1.E0));
#7275=VECTOR('',#7274,1.E0);
#7276=SURFACE_OF_LINEAR_EXTRUSION('',#7273,#7275);
#7277=ORIENTED_EDGE('',*,*,#5260,.T.);
#7279=ORIENTED_EDGE('',*,*,#7278,.T.);
#7280=ORIENTED_EDGE('',*,*,#5844,.T.);
#7281=ORIENTED_EDGE('',*,*,#7259,.F.);
#7282=EDGE_LOOP('',(#7277,#7279,#7280,#7281));
#7283=FACE_OUTER_BOUND('',#7282,.F.);
#7284=ADVANCED_FACE('',(#7283),#7276,.F.);
#7285=CARTESIAN_POINT('',(1.034457811820E0,2.625845130105E-1,9.5E-1));
#7286=CARTESIAN_POINT('',(1.034457811820E0,2.642609139649E-1,9.5E-1));
#7287=CARTESIAN_POINT('',(1.034457811820E0,2.692183246858E-1,9.5E-1));
#7288=CARTESIAN_POINT('',(1.034457811820E0,2.758521363612E-1,9.5E-1));
#7289=CARTESIAN_POINT('',(1.034457811820E0,2.808095470821E-1,9.5E-1));
#7290=CARTESIAN_POINT('',(1.034457811820E0,2.824859480365E-1,9.5E-1));
#7292=DIRECTION('',(0.E0,0.E0,1.E0));
#7293=VECTOR('',#7292,1.E0);
#7294=SURFACE_OF_LINEAR_EXTRUSION('',#7291,#7293);
#7295=ORIENTED_EDGE('',*,*,#5258,.F.);
#7297=ORIENTED_EDGE('',*,*,#7296,.T.);
#7298=ORIENTED_EDGE('',*,*,#5846,.T.);
#7299=ORIENTED_EDGE('',*,*,#7278,.F.);
#7300=EDGE_LOOP('',(#7295,#7297,#7298,#7299));
#7301=FACE_OUTER_BOUND('',#7300,.F.);
#7302=ADVANCED_FACE('',(#7301),#7294,.F.);
#7303=CARTESIAN_POINT('',(1.032093411924E0,2.784778736601E-1,9.5E-1));
#7304=CARTESIAN_POINT('',(1.032842051833E0,2.781368986198E-1,9.5E-1));
#7305=CARTESIAN_POINT('',(1.035546863362E0,2.769278051032E-1,9.5E-1));
#7306=CARTESIAN_POINT('',(1.043458302150E0,2.746610230652E-1,9.5E-1));
#7307=CARTESIAN_POINT('',(1.051024595465E0,2.813886883023E-1,9.5E-1));
#7308=CARTESIAN_POINT('',(1.052633178695E0,2.866480069915E-1,9.5E-1));
#7309=CARTESIAN_POINT('',(1.052772304730E0,2.874217162208E-1,9.5E-1));
#7311=DIRECTION('',(0.E0,0.E0,1.E0));
#7312=VECTOR('',#7311,1.E0);
#7313=SURFACE_OF_LINEAR_EXTRUSION('',#7310,#7312);
#7314=ORIENTED_EDGE('',*,*,#5256,.T.);
#7316=ORIENTED_EDGE('',*,*,#7315,.T.);
#7317=ORIENTED_EDGE('',*,*,#5848,.T.);
#7318=ORIENTED_EDGE('',*,*,#7296,.F.);
#7319=EDGE_LOOP('',(#7314,#7316,#7317,#7318));
#7320=FACE_OUTER_BOUND('',#7319,.F.);
#7321=ADVANCED_FACE('',(#7320),#7313,.F.);
#7322=CARTESIAN_POINT('',(1.050106727550E0,2.804558710206E-1,9.5E-1));
#7323=CARTESIAN_POINT('',(1.050760118677E0,2.819996974987E-1,9.5E-1));
#7324=CARTESIAN_POINT('',(1.053031438933E0,2.873663518697E-1,9.5E-1));
#7325=CARTESIAN_POINT('',(1.055956150316E0,2.942768327187E-1,9.5E-1));
#7326=CARTESIAN_POINT('',(1.058227470571E0,2.996434870897E-1,9.5E-1));
#7327=CARTESIAN_POINT('',(1.058880861699E0,3.011873135678E-1,9.5E-1));
#7329=DIRECTION('',(0.E0,0.E0,1.E0));
#7330=VECTOR('',#7329,1.E0);
#7331=SURFACE_OF_LINEAR_EXTRUSION('',#7328,#7330);
#7332=ORIENTED_EDGE('',*,*,#5254,.F.);
#7334=ORIENTED_EDGE('',*,*,#7333,.T.);
#7335=ORIENTED_EDGE('',*,*,#5850,.T.);
#7336=ORIENTED_EDGE('',*,*,#7315,.F.);
#7337=EDGE_LOOP('',(#7332,#7334,#7335,#7336));
#7338=FACE_OUTER_BOUND('',#7337,.F.);
#7339=ADVANCED_FACE('',(#7338),#7331,.F.);
#7340=CARTESIAN_POINT('',(1.058760667052E0,2.918753042822E-1,9.5E-1));
#7341=CARTESIAN_POINT('',(1.058147340807E0,2.934354808993E-1,9.5E-1));
#7342=CARTESIAN_POINT('',(1.049286338635E0,3.159760594161E-1,9.5E-1));
#7343=CARTESIAN_POINT('',(1.039812010218E0,3.400768145501E-1,9.5E-1));
#7344=CARTESIAN_POINT('',(1.030951008047E0,3.626173930669E-1,9.5E-1));
#7345=CARTESIAN_POINT('',(1.030337681801E0,3.641775696840E-1,9.5E-1));
#7347=DIRECTION('',(0.E0,0.E0,1.E0));
#7348=VECTOR('',#7347,1.E0);
#7349=SURFACE_OF_LINEAR_EXTRUSION('',#7346,#7348);
#7350=ORIENTED_EDGE('',*,*,#5252,.F.);
#7352=ORIENTED_EDGE('',*,*,#7351,.T.);
#7353=ORIENTED_EDGE('',*,*,#5852,.T.);
#7354=ORIENTED_EDGE('',*,*,#7333,.F.);
#7355=EDGE_LOOP('',(#7350,#7352,#7353,#7354));
#7356=FACE_OUTER_BOUND('',#7355,.F.);
#7357=ADVANCED_FACE('',(#7356),#7349,.F.);
#7358=CARTESIAN_POINT('',(1.027148457674E0,3.594970398327E-1,9.5E-1));
#7359=CARTESIAN_POINT('',(1.028824858629E0,3.594970398327E-1,9.5E-1));
#7360=CARTESIAN_POINT('',(1.034625097546E0,3.594970398327E-1,9.5E-1));
#7361=CARTESIAN_POINT('',(1.042101737418E0,3.594970398327E-1,9.5E-1));
#7362=CARTESIAN_POINT('',(1.047901976336E0,3.594970398327E-1,9.5E-1));
#7363=CARTESIAN_POINT('',(1.049578377290E0,3.594970398327E-1,9.5E-1));
#7365=DIRECTION('',(0.E0,0.E0,1.E0));
#7366=VECTOR('',#7365,1.E0);
#7367=SURFACE_OF_LINEAR_EXTRUSION('',#7364,#7366);
#7368=ORIENTED_EDGE('',*,*,#5250,.F.);
#7370=ORIENTED_EDGE('',*,*,#7369,.T.);
#7371=ORIENTED_EDGE('',*,*,#5854,.T.);
#7372=ORIENTED_EDGE('',*,*,#7351,.F.);
#7373=EDGE_LOOP('',(#7368,#7370,#7371,#7372));
#7374=FACE_OUTER_BOUND('',#7373,.F.);
#7375=ADVANCED_FACE('',(#7374),#7367,.F.);
#7376=CARTESIAN_POINT('',(1.042897854955E0,3.642474109172E-1,9.5E-1));
#7377=CARTESIAN_POINT('',(1.043448294779E0,3.626639538890E-1,9.5E-1));
#7378=CARTESIAN_POINT('',(1.049492168386E0,3.452774681702E-1,9.5E-1));
#7379=CARTESIAN_POINT('',(1.056086481817E0,3.263075254231E-1,9.5E-1));
#7380=CARTESIAN_POINT('',(1.062130355424E0,3.089210397043E-1,9.5E-1));
#7381=CARTESIAN_POINT('',(1.062680795248E0,3.073375826761E-1,9.5E-1));
#7383=DIRECTION('',(0.E0,0.E0,1.E0));
#7384=VECTOR('',#7383,1.E0);
#7385=SURFACE_OF_LINEAR_EXTRUSION('',#7382,#7384);
#7386=ORIENTED_EDGE('',*,*,#5248,.F.);
#7387=ORIENTED_EDGE('',*,*,#7189,.T.);
#7388=ORIENTED_EDGE('',*,*,#5856,.T.);
#7389=ORIENTED_EDGE('',*,*,#7369,.F.);
#7390=EDGE_LOOP('',(#7386,#7387,#7388,#7389));
#7391=FACE_OUTER_BOUND('',#7390,.F.);
#7392=ADVANCED_FACE('',(#7391),#7385,.F.);
#7393=CARTESIAN_POINT('',(1.152145224055E0,2.964203796017E-1,9.5E-1));
#7394=DIRECTION('',(1.E0,0.E0,0.E0));
#7395=DIRECTION('',(0.E0,1.E0,0.E0));
#7396=AXIS2_PLACEMENT_3D('',#7393,#7394,#7395);
#7397=PLANE('',#7396);
#7398=ORIENTED_EDGE('',*,*,#5272,.F.);
#7400=ORIENTED_EDGE('',*,*,#7399,.T.);
#7401=ORIENTED_EDGE('',*,*,#5873,.T.);
#7403=ORIENTED_EDGE('',*,*,#7402,.F.);
#7404=EDGE_LOOP('',(#7398,#7400,#7401,#7403));
#7405=FACE_OUTER_BOUND('',#7404,.F.);
#7406=ADVANCED_FACE('',(#7405),#7397,.T.);
#7407=CARTESIAN_POINT('',(1.104645834962E0,2.964203796017E-1,9.5E-1));
#7408=DIRECTION('',(0.E0,-1.E0,0.E0));
#7409=DIRECTION('',(1.E0,0.E0,0.E0));
#7410=AXIS2_PLACEMENT_3D('',#7407,#7408,#7409);
#7411=PLANE('',#7410);
#7412=ORIENTED_EDGE('',*,*,#5294,.F.);
#7414=ORIENTED_EDGE('',*,*,#7413,.T.);
#7415=ORIENTED_EDGE('',*,*,#5875,.T.);
#7416=ORIENTED_EDGE('',*,*,#7399,.F.);
#7417=EDGE_LOOP('',(#7412,#7414,#7415,#7416));
#7418=FACE_OUTER_BOUND('',#7417,.F.);
#7419=ADVANCED_FACE('',(#7418),#7411,.T.);
#7420=CARTESIAN_POINT('',(1.104645834962E0,3.847367342272E-1,9.5E-1));
#7421=DIRECTION('',(-1.E0,0.E0,0.E0));
#7422=DIRECTION('',(0.E0,-1.E0,0.E0));
#7423=AXIS2_PLACEMENT_3D('',#7420,#7421,#7422);
#7424=PLANE('',#7423);
#7425=ORIENTED_EDGE('',*,*,#5292,.F.);
#7427=ORIENTED_EDGE('',*,*,#7426,.T.);
#7428=ORIENTED_EDGE('',*,*,#5877,.T.);
#7429=ORIENTED_EDGE('',*,*,#7413,.F.);
#7430=EDGE_LOOP('',(#7425,#7427,#7428,#7429));
#7431=FACE_OUTER_BOUND('',#7430,.F.);
#7432=ADVANCED_FACE('',(#7431),#7424,.T.);
#7433=CARTESIAN_POINT('',(1.150135981836E0,3.847367342272E-1,9.5E-1));
#7434=DIRECTION('',(0.E0,1.E0,0.E0));
#7435=DIRECTION('',(-1.E0,0.E0,0.E0));
#7436=AXIS2_PLACEMENT_3D('',#7433,#7434,#7435);
#7437=PLANE('',#7436);
#7438=ORIENTED_EDGE('',*,*,#5290,.F.);
#7440=ORIENTED_EDGE('',*,*,#7439,.T.);
#7441=ORIENTED_EDGE('',*,*,#5879,.T.);
#7442=ORIENTED_EDGE('',*,*,#7426,.F.);
#7443=EDGE_LOOP('',(#7438,#7440,#7441,#7442));
#7444=FACE_OUTER_BOUND('',#7443,.F.);
#7445=ADVANCED_FACE('',(#7444),#7437,.T.);
#7446=CARTESIAN_POINT('',(1.150135981836E0,3.745776443549E-1,9.5E-1));
#7447=DIRECTION('',(1.E0,0.E0,0.E0));
#7448=DIRECTION('',(0.E0,1.E0,0.E0));
#7449=AXIS2_PLACEMENT_3D('',#7446,#7447,#7448);
#7450=PLANE('',#7449);
#7451=ORIENTED_EDGE('',*,*,#5288,.F.);
#7453=ORIENTED_EDGE('',*,*,#7452,.T.);
#7454=ORIENTED_EDGE('',*,*,#5881,.T.);
#7455=ORIENTED_EDGE('',*,*,#7439,.F.);
#7456=EDGE_LOOP('',(#7451,#7453,#7454,#7455));
#7457=FACE_OUTER_BOUND('',#7456,.F.);
#7458=ADVANCED_FACE('',(#7457),#7450,.T.);
#7459=CARTESIAN_POINT('',(1.116046591375E0,3.745776443549E-1,9.5E-1));
#7460=DIRECTION('',(0.E0,-1.E0,0.E0));
#7461=DIRECTION('',(1.E0,0.E0,0.E0));
#7462=AXIS2_PLACEMENT_3D('',#7459,#7460,#7461);
#7463=PLANE('',#7462);
#7464=ORIENTED_EDGE('',*,*,#5286,.F.);
#7466=ORIENTED_EDGE('',*,*,#7465,.T.);
#7467=ORIENTED_EDGE('',*,*,#5883,.T.);
#7468=ORIENTED_EDGE('',*,*,#7452,.F.);
#7469=EDGE_LOOP('',(#7464,#7466,#7467,#7468));
#7470=FACE_OUTER_BOUND('',#7469,.F.);
#7471=ADVANCED_FACE('',(#7470),#7463,.T.);
#7472=CARTESIAN_POINT('',(1.116046591375E0,3.463127987535E-1,9.5E-1));
#7473=DIRECTION('',(1.E0,0.E0,0.E0));
#7474=DIRECTION('',(0.E0,1.E0,0.E0));
#7475=AXIS2_PLACEMENT_3D('',#7472,#7473,#7474);
#7476=PLANE('',#7475);
#7477=ORIENTED_EDGE('',*,*,#5284,.F.);
#7479=ORIENTED_EDGE('',*,*,#7478,.T.);
#7480=ORIENTED_EDGE('',*,*,#5885,.T.);
#7481=ORIENTED_EDGE('',*,*,#7465,.F.);
#7482=EDGE_LOOP('',(#7477,#7479,#7480,#7481));
#7483=FACE_OUTER_BOUND('',#7482,.F.);
#7484=ADVANCED_FACE('',(#7483),#7476,.T.);
#7485=CARTESIAN_POINT('',(1.147630073E0,3.463127987535E-1,9.5E-1));
#7486=DIRECTION('',(0.E0,1.E0,0.E0));
#7487=DIRECTION('',(-1.E0,0.E0,0.E0));
#7488=AXIS2_PLACEMENT_3D('',#7485,#7486,#7487);
#7489=PLANE('',#7488);
#7490=ORIENTED_EDGE('',*,*,#5282,.F.);
#7492=ORIENTED_EDGE('',*,*,#7491,.T.);
#7493=ORIENTED_EDGE('',*,*,#5887,.T.);
#7494=ORIENTED_EDGE('',*,*,#7478,.F.);
#7495=EDGE_LOOP('',(#7490,#7492,#7493,#7494));
#7496=FACE_OUTER_BOUND('',#7495,.F.);
#7497=ADVANCED_FACE('',(#7496),#7489,.T.);
#7498=CARTESIAN_POINT('',(1.147630073E0,3.361988603915E-1,9.5E-1));
#7499=DIRECTION('',(1.E0,0.E0,0.E0));
#7500=DIRECTION('',(0.E0,1.E0,0.E0));
#7501=AXIS2_PLACEMENT_3D('',#7498,#7499,#7500);
#7502=PLANE('',#7501);
#7503=ORIENTED_EDGE('',*,*,#5280,.F.);
#7505=ORIENTED_EDGE('',*,*,#7504,.T.);
#7506=ORIENTED_EDGE('',*,*,#5889,.T.);
#7507=ORIENTED_EDGE('',*,*,#7491,.F.);
#7508=EDGE_LOOP('',(#7503,#7505,#7506,#7507));
#7509=FACE_OUTER_BOUND('',#7508,.F.);
#7510=ADVANCED_FACE('',(#7509),#7502,.T.);
#7511=CARTESIAN_POINT('',(1.116046591375E0,3.361988603915E-1,9.5E-1));
#7512=DIRECTION('',(0.E0,-1.E0,0.E0));
#7513=DIRECTION('',(1.E0,0.E0,0.E0));
#7514=AXIS2_PLACEMENT_3D('',#7511,#7512,#7513);
#7515=PLANE('',#7514);
#7516=ORIENTED_EDGE('',*,*,#5278,.F.);
#7518=ORIENTED_EDGE('',*,*,#7517,.T.);
#7519=ORIENTED_EDGE('',*,*,#5891,.T.);
#7520=ORIENTED_EDGE('',*,*,#7504,.F.);
#7521=EDGE_LOOP('',(#7516,#7518,#7519,#7520));
#7522=FACE_OUTER_BOUND('',#7521,.F.);
#7523=ADVANCED_FACE('',(#7522),#7515,.T.);
#7524=CARTESIAN_POINT('',(1.116046591375E0,3.064891664535E-1,9.5E-1));
#7525=DIRECTION('',(1.E0,0.E0,0.E0));
#7526=DIRECTION('',(0.E0,1.E0,0.E0));
#7527=AXIS2_PLACEMENT_3D('',#7524,#7525,#7526);
#7528=PLANE('',#7527);
#7529=ORIENTED_EDGE('',*,*,#5276,.F.);
#7531=ORIENTED_EDGE('',*,*,#7530,.T.);
#7532=ORIENTED_EDGE('',*,*,#5893,.T.);
#7533=ORIENTED_EDGE('',*,*,#7517,.F.);
#7534=EDGE_LOOP('',(#7529,#7531,#7532,#7533));
#7535=FACE_OUTER_BOUND('',#7534,.F.);
#7536=ADVANCED_FACE('',(#7535),#7528,.T.);
#7537=CARTESIAN_POINT('',(1.152145224055E0,3.064891664535E-1,9.5E-1));
#7538=DIRECTION('',(0.E0,1.E0,0.E0));
#7539=DIRECTION('',(-1.E0,0.E0,0.E0));
#7540=AXIS2_PLACEMENT_3D('',#7537,#7538,#7539);
#7541=PLANE('',#7540);
#7542=ORIENTED_EDGE('',*,*,#5274,.F.);
#7543=ORIENTED_EDGE('',*,*,#7402,.T.);
#7544=ORIENTED_EDGE('',*,*,#5895,.T.);
#7545=ORIENTED_EDGE('',*,*,#7530,.F.);
#7546=EDGE_LOOP('',(#7542,#7543,#7544,#7545));
#7547=FACE_OUTER_BOUND('',#7546,.F.);
#7548=ADVANCED_FACE('',(#7547),#7541,.T.);
#7549=CARTESIAN_POINT('',(1.198600937843E0,3.745776443549E-1,9.5E-1));
#7550=CARTESIAN_POINT('',(1.196924536888E0,3.745776443549E-1,9.5E-1));
#7551=CARTESIAN_POINT('',(1.190800712145E0,3.745776443549E-1,9.5E-1));
#7552=CARTESIAN_POINT('',(1.183000486448E0,3.745776443549E-1,9.5E-1));
#7553=CARTESIAN_POINT('',(1.176876661705E0,3.745776443549E-1,9.5E-1));
#7554=CARTESIAN_POINT('',(1.175200260750E0,3.745776443549E-1,9.5E-1));
#7556=DIRECTION('',(0.E0,0.E0,1.E0));
#7557=VECTOR('',#7556,1.E0);
#7558=SURFACE_OF_LINEAR_EXTRUSION('',#7555,#7557);
#7559=ORIENTED_EDGE('',*,*,#5461,.F.);
#7561=ORIENTED_EDGE('',*,*,#7560,.T.);
#7562=ORIENTED_EDGE('',*,*,#5922,.T.);
#7564=ORIENTED_EDGE('',*,*,#7563,.F.);
#7565=EDGE_LOOP('',(#7559,#7561,#7562,#7564));
#7566=FACE_OUTER_BOUND('',#7565,.F.);
#7567=ADVANCED_FACE('',(#7566),#7558,.F.);
#7568=CARTESIAN_POINT('',(1.180229463614E0,3.796068472182E-1,9.5E-1));
#7569=CARTESIAN_POINT('',(1.180229463614E0,3.779304462638E-1,9.5E-1));
#7570=CARTESIAN_POINT('',(1.180229463614E0,3.535578860089E-1,9.5E-1));
#7571=CARTESIAN_POINT('',(1.180229463614E0,3.275089247995E-1,9.5E-1));
#7572=CARTESIAN_POINT('',(1.180229463614E0,3.031363645446E-1,9.5E-1));
#7573=CARTESIAN_POINT('',(1.180229463614E0,3.014599635902E-1,9.5E-1));
#7575=DIRECTION('',(0.E0,0.E0,1.E0));
#7576=VECTOR('',#7575,1.E0);
#7577=SURFACE_OF_LINEAR_EXTRUSION('',#7574,#7576);
#7578=ORIENTED_EDGE('',*,*,#5467,.F.);
#7580=ORIENTED_EDGE('',*,*,#7579,.T.);
#7581=ORIENTED_EDGE('',*,*,#5924,.T.);
#7582=ORIENTED_EDGE('',*,*,#7560,.F.);
#7583=EDGE_LOOP('',(#7578,#7580,#7581,#7582));
#7584=FACE_OUTER_BOUND('',#7583,.F.);
#7585=ADVANCED_FACE('',(#7584),#7577,.F.);
#7586=CARTESIAN_POINT('',(1.175200260751E0,3.064891664535E-1,9.5E-1));
#7587=CARTESIAN_POINT('',(1.176876661705E0,3.064891664535E-1,9.5E-1));
#7588=CARTESIAN_POINT('',(1.182827405658E0,3.064891664535E-1,9.5E-1));
#7589=CARTESIAN_POINT('',(1.190454550565E0,3.064891664535E-1,9.5E-1));
#7590=CARTESIAN_POINT('',(1.196405294517E0,3.064891664535E-1,9.5E-1));
#7591=CARTESIAN_POINT('',(1.198081695472E0,3.064891664535E-1,9.5E-1));
#7593=DIRECTION('',(0.E0,0.E0,1.E0));
#7594=VECTOR('',#7593,1.E0);
#7595=SURFACE_OF_LINEAR_EXTRUSION('',#7592,#7594);
#7596=ORIENTED_EDGE('',*,*,#5465,.F.);
#7598=ORIENTED_EDGE('',*,*,#7597,.T.);
#7599=ORIENTED_EDGE('',*,*,#5926,.T.);
#7600=ORIENTED_EDGE('',*,*,#7579,.F.);
#7601=EDGE_LOOP('',(#7596,#7598,#7599,#7600));
#7602=FACE_OUTER_BOUND('',#7601,.F.);
#7603=ADVANCED_FACE('',(#7602),#7595,.F.);
#7604=CARTESIAN_POINT('',(1.190478339814E0,3.065631028240E-1,9.5E-1));
#7605=CARTESIAN_POINT('',(1.191324605384E0,3.065140071056E-1,9.5E-1));
#7606=CARTESIAN_POINT('',(1.201360476260E0,3.062239043016E-1,9.5E-1));
#7607=CARTESIAN_POINT('',(1.222806930575E0,3.121080848552E-1,9.5E-1));
#7608=CARTESIAN_POINT('',(1.231780316557E0,3.411450798744E-1,9.5E-1));
#7609=CARTESIAN_POINT('',(1.222493003687E0,3.698671961785E-1,9.5E-1));
#7610=CARTESIAN_POINT('',(1.201555644728E0,3.748020352267E-1,9.5E-1));
#7611=CARTESIAN_POINT('',(1.191882268119E0,3.745563099453E-1,9.5E-1));
#7612=CARTESIAN_POINT('',(1.191056055687E0,3.745146961909E-1,9.5E-1));
#7614=DIRECTION('',(0.E0,0.E0,1.E0));
#7615=VECTOR('',#7614,1.E0);
#7616=SURFACE_OF_LINEAR_EXTRUSION('',#7613,#7615);
#7617=ORIENTED_EDGE('',*,*,#5463,.T.);
#7618=ORIENTED_EDGE('',*,*,#7563,.T.);
#7619=ORIENTED_EDGE('',*,*,#5928,.T.);
#7620=ORIENTED_EDGE('',*,*,#7597,.F.);
#7621=EDGE_LOOP('',(#7617,#7618,#7619,#7620));
#7622=FACE_OUTER_BOUND('',#7621,.F.);
#7623=ADVANCED_FACE('',(#7622),#7616,.F.);
#7624=CARTESIAN_POINT('',(1.198149422738E0,2.964203796017E-1,9.5E-1));
#7625=CARTESIAN_POINT('',(1.196473021784E0,2.964203796017E-1,9.5E-1));
#7626=CARTESIAN_POINT('',(1.186699449938E0,2.964203796017E-1,9.5E-1));
#7627=CARTESIAN_POINT('',(1.175249477138E0,2.964203796017E-1,9.5E-1));
#7628=CARTESIAN_POINT('',(1.165475905293E0,2.964203796017E-1,9.5E-1));
#7629=CARTESIAN_POINT('',(1.163799504338E0,2.964203796017E-1,9.5E-1));
#7631=DIRECTION('',(0.E0,0.E0,1.E0));
#7632=VECTOR('',#7631,1.E0);
#7633=SURFACE_OF_LINEAR_EXTRUSION('',#7630,#7632);
#7634=ORIENTED_EDGE('',*,*,#5298,.F.);
#7636=ORIENTED_EDGE('',*,*,#7635,.T.);
#7637=ORIENTED_EDGE('',*,*,#5912,.T.);
#7639=ORIENTED_EDGE('',*,*,#7638,.F.);
#7640=EDGE_LOOP('',(#7634,#7636,#7637,#7639));
#7641=FACE_OUTER_BOUND('',#7640,.F.);
#7642=ADVANCED_FACE('',(#7641),#7633,.F.);
#7643=CARTESIAN_POINT('',(1.168828707202E0,2.913911767384E-1,9.5E-1));
#7644=CARTESIAN_POINT('',(1.168828707202E0,2.930675776928E-1,9.5E-1));
#7645=CARTESIAN_POINT('',(1.168828707202E0,3.241827635224E-1,9.5E-1));
#7646=CARTESIAN_POINT('',(1.168828707201E0,3.569743503065E-1,9.5E-1));
#7647=CARTESIAN_POINT('',(1.168828707201E0,3.880895361361E-1,9.5E-1));
#7648=CARTESIAN_POINT('',(1.168828707201E0,3.897659370905E-1,9.5E-1));
#7650=DIRECTION('',(0.E0,0.E0,1.E0));
#7651=VECTOR('',#7650,1.E0);
#7652=SURFACE_OF_LINEAR_EXTRUSION('',#7649,#7651);
#7653=ORIENTED_EDGE('',*,*,#5304,.F.);
#7655=ORIENTED_EDGE('',*,*,#7654,.T.);
#7656=ORIENTED_EDGE('',*,*,#5914,.T.);
#7657=ORIENTED_EDGE('',*,*,#7635,.F.);
#7658=EDGE_LOOP('',(#7653,#7655,#7656,#7657));
#7659=FACE_OUTER_BOUND('',#7658,.F.);
#7660=ADVANCED_FACE('',(#7659),#7652,.F.);
#7661=CARTESIAN_POINT('',(1.163799504338E0,3.847367342272E-1,9.5E-1));
#7662=CARTESIAN_POINT('',(1.165475905293E0,3.847367342272E-1,9.5E-1));
#7663=CARTESIAN_POINT('',(1.175550487208E0,3.847367342272E-1,9.5E-1));
#7664=CARTESIAN_POINT('',(1.187301470078E0,3.847367342272E-1,9.5E-1));
#7665=CARTESIAN_POINT('',(1.197376051994E0,3.847367342272E-1,9.5E-1));
#7666=CARTESIAN_POINT('',(1.199052452948E0,3.847367342272E-1,9.5E-1));
#7668=DIRECTION('',(0.E0,0.E0,1.E0));
#7669=VECTOR('',#7668,1.E0);
#7670=SURFACE_OF_LINEAR_EXTRUSION('',#7667,#7669);
#7671=ORIENTED_EDGE('',*,*,#5302,.F.);
#7673=ORIENTED_EDGE('',*,*,#7672,.T.);
#7674=ORIENTED_EDGE('',*,*,#5916,.T.);
#7675=ORIENTED_EDGE('',*,*,#7654,.F.);
#7676=EDGE_LOOP('',(#7671,#7673,#7674,#7675));
#7677=FACE_OUTER_BOUND('',#7676,.F.);
#7678=ADVANCED_FACE('',(#7677),#7670,.F.);
#7679=CARTESIAN_POINT('',(1.191446952844E0,3.846778999991E-1,9.5E-1));
#7680=CARTESIAN_POINT('',(1.192298862206E0,3.847170299431E-1,9.5E-1));
#7681=CARTESIAN_POINT('',(1.204875725805E0,3.850053808264E-1,9.5E-1));
#7682=CARTESIAN_POINT('',(1.230972952551E0,3.775489779117E-1,9.5E-1));
#7683=CARTESIAN_POINT('',(1.245469410435E0,3.412553265098E-1,9.5E-1));
#7684=CARTESIAN_POINT('',(1.231267584215E0,3.042526945909E-1,9.5E-1));
#7685=CARTESIAN_POINT('',(1.204346295269E0,2.961414088921E-1,9.5E-1));
#7686=CARTESIAN_POINT('',(1.191416435693E0,2.964399940331E-1,9.5E-1));
#7687=CARTESIAN_POINT('',(1.190573896172E0,2.964790601114E-1,9.5E-1));
#7689=DIRECTION('',(0.E0,0.E0,1.E0));
#7690=VECTOR('',#7689,1.E0);
#7691=SURFACE_OF_LINEAR_EXTRUSION('',#7688,#7690);
#7692=ORIENTED_EDGE('',*,*,#5300,.T.);
#7693=ORIENTED_EDGE('',*,*,#7638,.T.);
#7694=ORIENTED_EDGE('',*,*,#5918,.T.);
#7695=ORIENTED_EDGE('',*,*,#7672,.F.);
#7696=EDGE_LOOP('',(#7692,#7693,#7694,#7695));
#7697=FACE_OUTER_BOUND('',#7696,.F.);
#7698=ADVANCED_FACE('',(#7697),#7691,.F.);
#7699=CARTESIAN_POINT('',(1.286671572217E0,3.671430614701E-1,9.5E-1));
#7700=CARTESIAN_POINT('',(1.286657280161E0,3.671830385556E-1,9.5E-1));
#7701=CARTESIAN_POINT('',(1.285933542379E0,3.692236991664E-1,9.5E-1));
#7702=CARTESIAN_POINT('',(1.285460615803E0,3.713976829529E-1,9.5E-1));
#7703=CARTESIAN_POINT('',(1.285101386103E0,3.735325768762E-1,9.5E-1));
#7704=CARTESIAN_POINT('',(1.285094381405E0,3.735744379033E-1,9.5E-1));
#7706=DIRECTION('',(0.E0,0.E0,1.E0));
#7707=VECTOR('',#7706,1.E0);
#7708=SURFACE_OF_LINEAR_EXTRUSION('',#7705,#7707);
#7709=ORIENTED_EDGE('',*,*,#5484,.T.);
#7711=ORIENTED_EDGE('',*,*,#7710,.T.);
#7712=ORIENTED_EDGE('',*,*,#5963,.T.);
#7714=ORIENTED_EDGE('',*,*,#7713,.F.);
#7715=EDGE_LOOP('',(#7709,#7711,#7712,#7714));
#7716=FACE_OUTER_BOUND('',#7715,.F.);
#7717=ADVANCED_FACE('',(#7716),#7708,.F.);
#7718=CARTESIAN_POINT('',(1.285450086419E0,3.759415428587E-1,9.5E-1));
#7719=CARTESIAN_POINT('',(1.285358886580E0,3.751130147159E-1,9.5E-1));
#7720=CARTESIAN_POINT('',(1.284972649573E0,3.721757438049E-1,9.5E-1));
#7721=CARTESIAN_POINT('',(1.284088638461E0,3.684309025469E-1,9.5E-1));
#7722=CARTESIAN_POINT('',(1.282907622475E0,3.657075715648E-1,9.5E-1));
#7723=CARTESIAN_POINT('',(1.282528331113E0,3.649585876612E-1,9.5E-1));
#7725=DIRECTION('',(0.E0,0.E0,1.E0));
#7726=VECTOR('',#7725,1.E0);
#7727=SURFACE_OF_LINEAR_EXTRUSION('',#7724,#7726);
#7728=ORIENTED_EDGE('',*,*,#5492,.T.);
#7730=ORIENTED_EDGE('',*,*,#7729,.T.);
#7731=ORIENTED_EDGE('',*,*,#5965,.T.);
#7732=ORIENTED_EDGE('',*,*,#7710,.F.);
#7733=EDGE_LOOP('',(#7728,#7730,#7731,#7732));
#7734=FACE_OUTER_BOUND('',#7733,.F.);
#7735=ADVANCED_FACE('',(#7734),#7727,.F.);
#7736=CARTESIAN_POINT('',(1.285238681103E0,3.719953471300E-1,9.5E-1));
#7737=CARTESIAN_POINT('',(1.284671160649E0,3.704179313023E-1,9.5E-1));
#7738=CARTESIAN_POINT('',(1.279701367917E0,3.566044561168E-1,9.5E-1));
#7739=CARTESIAN_POINT('',(1.274164054730E0,3.412135651035E-1,9.5E-1));
#7740=CARTESIAN_POINT('',(1.269194261997E0,3.274000899180E-1,9.5E-1));
#7741=CARTESIAN_POINT('',(1.268626741543E0,3.258226740902E-1,9.5E-1));
#7743=DIRECTION('',(0.E0,0.E0,1.E0));
#7744=VECTOR('',#7743,1.E0);
#7745=SURFACE_OF_LINEAR_EXTRUSION('',#7742,#7744);
#7746=ORIENTED_EDGE('',*,*,#5490,.F.);
#7748=ORIENTED_EDGE('',*,*,#7747,.T.);
#7749=ORIENTED_EDGE('',*,*,#5967,.T.);
#7750=ORIENTED_EDGE('',*,*,#7729,.F.);
#7751=EDGE_LOOP('',(#7746,#7748,#7749,#7750));
#7752=FACE_OUTER_BOUND('',#7751,.F.);
#7753=ADVANCED_FACE('',(#7752),#7745,.F.);
#7754=CARTESIAN_POINT('',(1.265300100043E0,3.305549215735E-1,9.5E-1));
#7755=CARTESIAN_POINT('',(1.266976500998E0,3.305549215735E-1,9.5E-1));
#7756=CARTESIAN_POINT('',(1.278533557509E0,3.305549215735E-1,9.5E-1));
#7757=CARTESIAN_POINT('',(1.291767014976E0,3.305549215735E-1,9.5E-1));
#7758=CARTESIAN_POINT('',(1.303324071488E0,3.305549215735E-1,9.5E-1));
#7759=CARTESIAN_POINT('',(1.305000472442E0,3.305549215735E-1,9.5E-1));
#7761=DIRECTION('',(0.E0,0.E0,1.E0));
#7762=VECTOR('',#7761,1.E0);
#7763=SURFACE_OF_LINEAR_EXTRUSION('',#7760,#7762);
#7764=ORIENTED_EDGE('',*,*,#5488,.F.);
#7766=ORIENTED_EDGE('',*,*,#7765,.T.);
#7767=ORIENTED_EDGE('',*,*,#5969,.T.);
#7768=ORIENTED_EDGE('',*,*,#7747,.F.);
#7769=EDGE_LOOP('',(#7764,#7766,#7767,#7768));
#7770=FACE_OUTER_BOUND('',#7769,.F.);
#7771=ADVANCED_FACE('',(#7770),#7763,.F.);
#7772=CARTESIAN_POINT('',(1.301689264542E0,3.258282552276E-1,9.5E-1));
#7773=CARTESIAN_POINT('',(1.301116599555E0,3.274038106762E-1,9.5E-1));
#7774=CARTESIAN_POINT('',(1.296096510778E0,3.412154254826E-1,9.5E-1));
#7775=CARTESIAN_POINT('',(1.290503757013E0,3.566025957377E-1,9.5E-1));
#7776=CARTESIAN_POINT('',(1.285483668237E0,3.704142105441E-1,9.5E-1));
#7777=CARTESIAN_POINT('',(1.284911003249E0,3.719897659927E-1,9.5E-1));
#7779=DIRECTION('',(0.E0,0.E0,1.E0));
#7780=VECTOR('',#7779,1.E0);
#7781=SURFACE_OF_LINEAR_EXTRUSION('',#7778,#7780);
#7782=ORIENTED_EDGE('',*,*,#5486,.F.);
#7783=ORIENTED_EDGE('',*,*,#7713,.T.);
#7784=ORIENTED_EDGE('',*,*,#5971,.T.);
#7785=ORIENTED_EDGE('',*,*,#7765,.F.);
#7786=EDGE_LOOP('',(#7782,#7783,#7784,#7785));
#7787=FACE_OUTER_BOUND('',#7786,.F.);
#7788=ADVANCED_FACE('',(#7787),#7781,.F.);
#7789=CARTESIAN_POINT('',(1.325098085198E0,2.964203796017E-1,9.5E-1));
#7790=DIRECTION('',(9.345104387413E-1,3.559357243710E-1,0.E0));
#7791=DIRECTION('',(-3.559357243710E-1,9.345104387413E-1,0.E0));
#7792=AXIS2_PLACEMENT_3D('',#7789,#7790,#7791);
#7793=PLANE('',#7792);
#7794=ORIENTED_EDGE('',*,*,#5308,.F.);
#7796=ORIENTED_EDGE('',*,*,#7795,.T.);
#7797=ORIENTED_EDGE('',*,*,#5945,.T.);
#7799=ORIENTED_EDGE('',*,*,#7798,.F.);
#7800=EDGE_LOOP('',(#7794,#7796,#7797,#7799));
#7801=FACE_OUTER_BOUND('',#7800,.F.);
#7802=ADVANCED_FACE('',(#7801),#7793,.T.);
#7803=CARTESIAN_POINT('',(1.312500813756E0,2.964203796017E-1,9.5E-1));
#7804=DIRECTION('',(0.E0,-1.E0,0.E0));
#7805=DIRECTION('',(1.E0,0.E0,0.E0));
#7806=AXIS2_PLACEMENT_3D('',#7803,#7804,#7805);
#7807=PLANE('',#7806);
#7808=ORIENTED_EDGE('',*,*,#5322,.F.);
#7810=ORIENTED_EDGE('',*,*,#7809,.T.);
#7811=ORIENTED_EDGE('',*,*,#5947,.T.);
#7812=ORIENTED_EDGE('',*,*,#7795,.F.);
#7813=EDGE_LOOP('',(#7808,#7810,#7811,#7812));
#7814=FACE_OUTER_BOUND('',#7813,.F.);
#7815=ADVANCED_FACE('',(#7814),#7807,.T.);
#7816=CARTESIAN_POINT('',(1.303493087403E0,3.205764377427E-1,9.5E-1));
#7817=DIRECTION('',(-9.369753459537E-1,-3.493954794714E-1,0.E0));
#7818=DIRECTION('',(3.493954794714E-1,-9.369753459537E-1,0.E0));
#7819=AXIS2_PLACEMENT_3D('',#7816,#7817,#7818);
#7820=PLANE('',#7819);
#7821=ORIENTED_EDGE('',*,*,#5320,.F.);
#7823=ORIENTED_EDGE('',*,*,#7822,.T.);
#7824=ORIENTED_EDGE('',*,*,#5949,.T.);
#7825=ORIENTED_EDGE('',*,*,#7809,.F.);
#7826=EDGE_LOOP('',(#7821,#7823,#7824,#7825));
#7827=FACE_OUTER_BOUND('',#7826,.F.);
#7828=ADVANCED_FACE('',(#7827),#7820,.T.);
#7829=CARTESIAN_POINT('',(1.266717182064E0,3.205764377427E-1,9.5E-1));
#7830=DIRECTION('',(0.E0,-1.E0,0.E0));
#7831=DIRECTION('',(1.E0,0.E0,0.E0));
#7832=AXIS2_PLACEMENT_3D('',#7829,#7830,#7831);
#7833=PLANE('',#7832);
#7834=ORIENTED_EDGE('',*,*,#5318,.F.);
#7836=ORIENTED_EDGE('',*,*,#7835,.T.);
#7837=ORIENTED_EDGE('',*,*,#5951,.T.);
#7838=ORIENTED_EDGE('',*,*,#7822,.F.);
#7839=EDGE_LOOP('',(#7834,#7836,#7837,#7838));
#7840=FACE_OUTER_BOUND('',#7839,.F.);
#7841=ADVANCED_FACE('',(#7840),#7833,.T.);
#7842=CARTESIAN_POINT('',(1.258228698080E0,2.964203796017E-1,9.5E-1));
#7843=DIRECTION('',(9.434452330623E-1,-3.315284184080E-1,0.E0));
#7844=DIRECTION('',(3.315284184080E-1,9.434452330623E-1,0.E0));
#7845=AXIS2_PLACEMENT_3D('',#7842,#7843,#7844);
#7846=PLANE('',#7845);
#7847=ORIENTED_EDGE('',*,*,#5316,.F.);
#7849=ORIENTED_EDGE('',*,*,#7848,.T.);
#7850=ORIENTED_EDGE('',*,*,#5953,.T.);
#7851=ORIENTED_EDGE('',*,*,#7835,.F.);
#7852=EDGE_LOOP('',(#7847,#7849,#7850,#7851));
#7853=FACE_OUTER_BOUND('',#7852,.F.);
#7854=ADVANCED_FACE('',(#7853),#7846,.T.);
#7855=CARTESIAN_POINT('',(1.245631426639E0,2.964203796017E-1,9.5E-1));
#7856=DIRECTION('',(0.E0,-1.E0,0.E0));
#7857=DIRECTION('',(1.E0,0.E0,0.E0));
#7858=AXIS2_PLACEMENT_3D('',#7855,#7856,#7857);
#7859=PLANE('',#7858);
#7860=ORIENTED_EDGE('',*,*,#5314,.F.);
#7862=ORIENTED_EDGE('',*,*,#7861,.T.);
#7863=ORIENTED_EDGE('',*,*,#5955,.T.);
#7864=ORIENTED_EDGE('',*,*,#7848,.F.);
#7865=EDGE_LOOP('',(#7860,#7862,#7863,#7864));
#7866=FACE_OUTER_BOUND('',#7865,.F.);
#7867=ADVANCED_FACE('',(#7866),#7859,.T.);
#7868=CARTESIAN_POINT('',(1.279269301994E0,3.847367342272E-1,9.5E-1));
#7869=DIRECTION('',(-9.345104387424E-1,3.559357243682E-1,0.E0));
#7870=DIRECTION('',(-3.559357243682E-1,-9.345104387424E-1,0.E0));
#7871=AXIS2_PLACEMENT_3D('',#7868,#7869,#7870);
#7872=PLANE('',#7871);
#7873=ORIENTED_EDGE('',*,*,#5312,.F.);
#7875=ORIENTED_EDGE('',*,*,#7874,.T.);
#7876=ORIENTED_EDGE('',*,*,#5957,.T.);
#7877=ORIENTED_EDGE('',*,*,#7861,.F.);
#7878=EDGE_LOOP('',(#7873,#7875,#7876,#7877));
#7879=FACE_OUTER_BOUND('',#7878,.F.);
#7880=ADVANCED_FACE('',(#7879),#7872,.T.);
#7881=CARTESIAN_POINT('',(1.291460209841E0,3.847367342272E-1,9.5E-1));
#7882=DIRECTION('',(0.E0,1.E0,0.E0));
#7883=DIRECTION('',(-1.E0,0.E0,0.E0));
#7884=AXIS2_PLACEMENT_3D('',#7881,#7882,#7883);
#7885=PLANE('',#7884);
#7886=ORIENTED_EDGE('',*,*,#5310,.F.);
#7887=ORIENTED_EDGE('',*,*,#7798,.T.);
#7888=ORIENTED_EDGE('',*,*,#5959,.T.);
#7889=ORIENTED_EDGE('',*,*,#7874,.F.);
#7890=EDGE_LOOP('',(#7886,#7887,#7888,#7889));
#7891=FACE_OUTER_BOUND('',#7890,.F.);
#7892=ADVANCED_FACE('',(#7891),#7885,.T.);
#7893=CARTESIAN_POINT('',(7.264792860458E-1,4.636983193730E-1,9.5E-1));
#7894=CARTESIAN_POINT('',(7.261853418033E-1,4.645620880445E-1,9.5E-1));
#7895=CARTESIAN_POINT('',(7.192092590549E-1,4.842977617647E-1,9.5E-1));
#7896=CARTESIAN_POINT('',(6.889406468743E-1,5.286262064945E-1,9.5E-1));
#7897=CARTESIAN_POINT('',(6.104364147811E-1,5.587793600058E-1,9.5E-1));
#7898=CARTESIAN_POINT('',(5.389743820550E-1,5.355092671354E-1,9.5E-1));
#7899=CARTESIAN_POINT('',(5.105516103797E-1,5.061014173160E-1,9.5E-1));
#7900=CARTESIAN_POINT('',(5.021805094763E-1,4.949667848952E-1,9.5E-1));
#7901=CARTESIAN_POINT('',(5.016385990081E-1,4.942338795254E-1,9.5E-1));
#7903=DIRECTION('',(0.E0,0.E0,1.E0));
#7904=VECTOR('',#7903,1.E0);
#7905=SURFACE_OF_LINEAR_EXTRUSION('',#7902,#7904);
#7906=ORIENTED_EDGE('',*,*,#5326,.F.);
#7908=ORIENTED_EDGE('',*,*,#7907,.T.);
#7909=ORIENTED_EDGE('',*,*,#5988,.T.);
#7911=ORIENTED_EDGE('',*,*,#7910,.F.);
#7912=EDGE_LOOP('',(#7906,#7908,#7909,#7911));
#7913=FACE_OUTER_BOUND('',#7912,.F.);
#7914=ADVANCED_FACE('',(#7913),#7905,.T.);
#7915=CARTESIAN_POINT('',(7.047502024123E-1,2.959346202638E-1,9.5E-1));
#7916=CARTESIAN_POINT('',(7.056192352570E-1,2.959797344056E-1,9.5E-1));
#7917=CARTESIAN_POINT('',(7.276685126321E-1,2.974993497384E-1,9.5E-1));
#7918=CARTESIAN_POINT('',(7.705022641621E-1,3.189027603824E-1,9.5E-1));
#7919=CARTESIAN_POINT('',(8.034115562407E-1,3.968160748157E-1,9.5E-1));
#7920=CARTESIAN_POINT('',(7.576366546613E-1,4.568531838274E-1,9.5E-1));
#7921=CARTESIAN_POINT('',(7.239061664780E-1,4.667871053495E-1,9.5E-1));
#7922=CARTESIAN_POINT('',(7.230715156113E-1,4.670149452910E-1,9.5E-1));
#7924=DIRECTION('',(0.E0,0.E0,1.E0));
#7925=VECTOR('',#7924,1.E0);
#7926=SURFACE_OF_LINEAR_EXTRUSION('',#7923,#7925);
#7927=ORIENTED_EDGE('',*,*,#5356,.F.);
#7929=ORIENTED_EDGE('',*,*,#7928,.T.);
#7930=ORIENTED_EDGE('',*,*,#5990,.T.);
#7931=ORIENTED_EDGE('',*,*,#7907,.F.);
#7932=EDGE_LOOP('',(#7927,#7929,#7930,#7931));
#7933=FACE_OUTER_BOUND('',#7932,.F.);
#7934=ADVANCED_FACE('',(#7933),#7926,.T.);
#7935=CARTESIAN_POINT('',(7.054355027519E-1,2.961140840558E-1,9.5E-1));
#7936=CARTESIAN_POINT('',(7.054480611250E-1,2.961140840558E-1,9.5E-1));
#7937=CARTESIAN_POINT('',(7.060885381503E-1,2.961140840558E-1,9.5E-1));
#7938=CARTESIAN_POINT('',(7.067415735486E-1,2.961140840558E-1,9.5E-1));
#7939=CARTESIAN_POINT('',(7.073820505740E-1,2.961140840558E-1,9.5E-1));
#7940=CARTESIAN_POINT('',(7.073946089470E-1,2.961140840558E-1,9.5E-1));
#7942=DIRECTION('',(0.E0,0.E0,1.E0));
#7943=VECTOR('',#7942,1.E0);
#7944=SURFACE_OF_LINEAR_EXTRUSION('',#7941,#7943);
#7945=ORIENTED_EDGE('',*,*,#5354,.F.);
#7947=ORIENTED_EDGE('',*,*,#7946,.T.);
#7948=ORIENTED_EDGE('',*,*,#5992,.T.);
#7949=ORIENTED_EDGE('',*,*,#7928,.F.);
#7950=EDGE_LOOP('',(#7945,#7947,#7948,#7949));
#7951=FACE_OUTER_BOUND('',#7950,.F.);
#7952=ADVANCED_FACE('',(#7951),#7944,.T.);
#7953=CARTESIAN_POINT('',(7.035517467954E-1,2.961140840558E-1,9.5E-1));
#7954=CARTESIAN_POINT('',(7.035643051685E-1,2.961140840558E-1,9.5E-1));
#7955=CARTESIAN_POINT('',(7.042047821937E-1,2.961140840558E-1,9.5E-1));
#7956=CARTESIAN_POINT('',(7.048578175919E-1,2.961140840558E-1,9.5E-1));
#7957=CARTESIAN_POINT('',(7.054982946171E-1,2.961140840558E-1,9.5E-1));
#7958=CARTESIAN_POINT('',(7.055108529902E-1,2.961140840558E-1,9.5E-1));
#7960=DIRECTION('',(0.E0,0.E0,1.E0));
#7961=VECTOR('',#7960,1.E0);
#7962=SURFACE_OF_LINEAR_EXTRUSION('',#7959,#7961);
#7963=ORIENTED_EDGE('',*,*,#5352,.F.);
#7965=ORIENTED_EDGE('',*,*,#7964,.T.);
#7966=ORIENTED_EDGE('',*,*,#5994,.T.);
#7967=ORIENTED_EDGE('',*,*,#7946,.F.);
#7968=EDGE_LOOP('',(#7963,#7965,#7966,#7967));
#7969=FACE_OUTER_BOUND('',#7968,.F.);
#7970=ADVANCED_FACE('',(#7969),#7962,.T.);
#7971=CARTESIAN_POINT('',(6.652804506407E-1,2.961140840558E-1,9.5E-1));
#7972=CARTESIAN_POINT('',(6.669568515951E-1,2.961140840558E-1,9.5E-1));
#7973=CARTESIAN_POINT('',(6.797265086864E-1,2.961140840558E-1,9.5E-1));
#7974=CARTESIAN_POINT('',(6.941725667321E-1,2.961140840558E-1,9.5E-1));
#7975=CARTESIAN_POINT('',(7.069422238234E-1,2.961140840558E-1,9.5E-1));
#7976=CARTESIAN_POINT('',(7.086186247778E-1,2.961140840558E-1,9.5E-1));
#7978=DIRECTION('',(0.E0,0.E0,1.E0));
#7979=VECTOR('',#7978,1.E0);
#7980=SURFACE_OF_LINEAR_EXTRUSION('',#7977,#7979);
#7981=ORIENTED_EDGE('',*,*,#5350,.F.);
#7983=ORIENTED_EDGE('',*,*,#7982,.T.);
#7984=ORIENTED_EDGE('',*,*,#5996,.T.);
#7985=ORIENTED_EDGE('',*,*,#7964,.F.);
#7986=EDGE_LOOP('',(#7981,#7983,#7984,#7985));
#7987=FACE_OUTER_BOUND('',#7986,.F.);
#7988=ADVANCED_FACE('',(#7987),#7980,.T.);
#7989=CARTESIAN_POINT('',(6.781004280641E-1,3.352919343871E-1,9.5E-1));
#7990=CARTESIAN_POINT('',(6.771450463035E-1,3.346311962040E-1,9.5E-1));
#7991=CARTESIAN_POINT('',(6.749299845423E-1,3.341133813243E-1,9.5E-1));
#7992=CARTESIAN_POINT('',(6.639196930069E-1,3.379577878341E-1,9.5E-1));
#7993=CARTESIAN_POINT('',(6.422445776398E-1,3.152352390210E-1,9.5E-1));
#7994=CARTESIAN_POINT('',(6.624026302698E-1,2.957391182946E-1,9.5E-1));
#7995=CARTESIAN_POINT('',(6.721079342133E-1,2.960901120926E-1,9.5E-1));
#7996=CARTESIAN_POINT('',(6.729874729190E-1,2.962196684291E-1,9.5E-1));
#7998=DIRECTION('',(0.E0,0.E0,1.E0));
#7999=VECTOR('',#7998,1.E0);
#8000=SURFACE_OF_LINEAR_EXTRUSION('',#7997,#7999);
#8001=ORIENTED_EDGE('',*,*,#5348,.F.);
#8003=ORIENTED_EDGE('',*,*,#8002,.T.);
#8004=ORIENTED_EDGE('',*,*,#5998,.T.);
#8005=ORIENTED_EDGE('',*,*,#7982,.F.);
#8006=EDGE_LOOP('',(#8001,#8003,#8004,#8005));
#8007=FACE_OUTER_BOUND('',#8006,.F.);
#8008=ADVANCED_FACE('',(#8007),#8000,.T.);
#8009=CARTESIAN_POINT('',(7.086186008248E-1,3.344172096690E-1,9.5E-1));
#8010=CARTESIAN_POINT('',(7.069421998704E-1,3.344172096690E-1,9.5E-1));
#8011=CARTESIAN_POINT('',(6.958469951797E-1,3.344172096690E-1,9.5E-1));
#8012=CARTESIAN_POINT('',(6.830753895347E-1,3.344172096690E-1,9.5E-1));
#8013=CARTESIAN_POINT('',(6.719801848440E-1,3.344172096690E-1,9.5E-1));
#8014=CARTESIAN_POINT('',(6.703037838896E-1,3.344172096690E-1,9.5E-1));
#8016=DIRECTION('',(0.E0,0.E0,1.E0));
#8017=VECTOR('',#8016,1.E0);
#8018=SURFACE_OF_LINEAR_EXTRUSION('',#8015,#8017);
#8019=ORIENTED_EDGE('',*,*,#5346,.F.);
#8021=ORIENTED_EDGE('',*,*,#8020,.T.);
#8022=ORIENTED_EDGE('',*,*,#6000,.T.);
#8023=ORIENTED_EDGE('',*,*,#8002,.F.);
#8024=EDGE_LOOP('',(#8019,#8021,#8022,#8023));
#8025=FACE_OUTER_BOUND('',#8024,.F.);
#8026=ADVANCED_FACE('',(#8025),#8018,.T.);
#8027=CARTESIAN_POINT('',(6.920733544272E-1,4.324544154527E-1,9.5E-1));
#8028=CARTESIAN_POINT('',(6.929855943063E-1,4.323904243429E-1,9.5E-1));
#8029=CARTESIAN_POINT('',(6.955708569589E-1,4.323400936003E-1,9.5E-1));
#8030=CARTESIAN_POINT('',(7.211422938080E-1,4.332660189791E-1,9.5E-1));
#8031=CARTESIAN_POINT('',(7.731916751418E-1,3.848355271131E-1,9.5E-1));
#8032=CARTESIAN_POINT('',(7.248027787017E-1,3.350661440421E-1,9.5E-1));
#8033=CARTESIAN_POINT('',(7.017902815927E-1,3.343222733041E-1,9.5E-1));
#8034=CARTESIAN_POINT('',(7.008951160824E-1,3.343315954647E-1,9.5E-1));
#8036=DIRECTION('',(0.E0,0.E0,1.E0));
#8037=VECTOR('',#8036,1.E0);
#8038=SURFACE_OF_LINEAR_EXTRUSION('',#8035,#8037);
#8039=ORIENTED_EDGE('',*,*,#5344,.F.);
#8041=ORIENTED_EDGE('',*,*,#8040,.T.);
#8042=ORIENTED_EDGE('',*,*,#6002,.T.);
#8043=ORIENTED_EDGE('',*,*,#8020,.F.);
#8044=EDGE_LOOP('',(#8039,#8041,#8042,#8043));
#8045=FACE_OUTER_BOUND('',#8044,.F.);
#8046=ADVANCED_FACE('',(#8045),#8038,.T.);
#8047=CARTESIAN_POINT('',(5.219328446641E-1,4.480161831318E-1,9.5E-1));
#8048=CARTESIAN_POINT('',(5.221871055681E-1,4.488742574657E-1,9.5E-1));
#8049=CARTESIAN_POINT('',(5.328819319452E-1,4.825149755871E-1,9.5E-1));
#8050=CARTESIAN_POINT('',(6.118341443326E-1,5.439084784665E-1,9.5E-1));
#8051=CARTESIAN_POINT('',(6.912909399640E-1,4.705219700926E-1,9.5E-1));
#8052=CARTESIAN_POINT('',(6.949825122263E-1,4.305928723356E-1,9.5E-1));
#8053=CARTESIAN_POINT('',(6.950449497487E-1,4.297030384650E-1,9.5E-1));
#8055=DIRECTION('',(0.E0,0.E0,1.E0));
#8056=VECTOR('',#8055,1.E0);
#8057=SURFACE_OF_LINEAR_EXTRUSION('',#8054,#8056);
#8058=ORIENTED_EDGE('',*,*,#5342,.F.);
#8060=ORIENTED_EDGE('',*,*,#8059,.T.);
#8061=ORIENTED_EDGE('',*,*,#6004,.T.);
#8062=ORIENTED_EDGE('',*,*,#8040,.F.);
#8063=EDGE_LOOP('',(#8058,#8060,#8061,#8062));
#8064=FACE_OUTER_BOUND('',#8063,.F.);
#8065=ADVANCED_FACE('',(#8064),#8057,.T.);
#8066=CARTESIAN_POINT('',(4.668050915355E-1,3.383928756379E-1,9.5E-1));
#8067=CARTESIAN_POINT('',(4.659828736998E-1,3.387194029309E-1,9.5E-1));
#8068=CARTESIAN_POINT('',(4.441266475397E-1,3.480578933899E-1,9.5E-1));
#8069=CARTESIAN_POINT('',(4.032527929025E-1,4.043458290388E-1,9.5E-1));
#8070=CARTESIAN_POINT('',(4.714642797437E-1,4.706844308456E-1,9.5E-1));
#8071=CARTESIAN_POINT('',(5.137547316161E-1,4.562086408291E-1,9.5E-1));
#8072=CARTESIAN_POINT('',(5.242586841937E-1,4.496586224443E-1,9.5E-1));
#8073=CARTESIAN_POINT('',(5.249978902716E-1,4.491804481625E-1,9.5E-1));
#8075=DIRECTION('',(0.E0,0.E0,1.E0));
#8076=VECTOR('',#8075,1.E0);
#8077=SURFACE_OF_LINEAR_EXTRUSION('',#8074,#8076);
#8078=ORIENTED_EDGE('',*,*,#5340,.F.);
#8080=ORIENTED_EDGE('',*,*,#8079,.T.);
#8081=ORIENTED_EDGE('',*,*,#6006,.T.);
#8082=ORIENTED_EDGE('',*,*,#8059,.F.);
#8083=EDGE_LOOP('',(#8078,#8080,#8081,#8082));
#8084=FACE_OUTER_BOUND('',#8083,.F.);
#8085=ADVANCED_FACE('',(#8084),#8077,.T.);
#8086=CARTESIAN_POINT('',(5.721343626250E-1,3.574976360928E-1,9.5E-1));
#8087=CARTESIAN_POINT('',(5.715974842520E-1,3.581874794581E-1,9.5E-1));
#8088=CARTESIAN_POINT('',(5.601634009774E-1,3.721774424754E-1,9.5E-1));
#8089=CARTESIAN_POINT('',(5.165354907039E-1,3.934156044737E-1,9.5E-1));
#8090=CARTESIAN_POINT('',(4.717335426360E-1,3.613332478825E-1,9.5E-1));
#8091=CARTESIAN_POINT('',(4.637702426788E-1,3.377945280450E-1,9.5E-1));
#8092=CARTESIAN_POINT('',(4.635144959237E-1,3.369636955069E-1,9.5E-1));
#8094=DIRECTION('',(0.E0,0.E0,1.E0));
#8095=VECTOR('',#8094,1.E0);
#8096=SURFACE_OF_LINEAR_EXTRUSION('',#8093,#8095);
#8097=ORIENTED_EDGE('',*,*,#5338,.F.);
#8099=ORIENTED_EDGE('',*,*,#8098,.T.);
#8100=ORIENTED_EDGE('',*,*,#6008,.T.);
#8101=ORIENTED_EDGE('',*,*,#8079,.F.);
#8102=EDGE_LOOP('',(#8097,#8099,#8100,#8101));
#8103=FACE_OUTER_BOUND('',#8102,.F.);
#8104=ADVANCED_FACE('',(#8103),#8096,.T.);
#8105=CARTESIAN_POINT('',(6.590692754148E-1,4.058170728008E-1,9.5E-1));
#8106=CARTESIAN_POINT('',(6.575833993688E-1,4.050408688741E-1,9.5E-1));
#8107=CARTESIAN_POINT('',(6.280504196624E-1,3.896131924690E-1,9.5E-1));
#8108=CARTESIAN_POINT('',(5.970315639099E-1,3.734093121371E-1,9.5E-1));
#8109=CARTESIAN_POINT('',(5.674985842035E-1,3.579816357320E-1,9.5E-1));
#8110=CARTESIAN_POINT('',(5.660127081575E-1,3.572054318053E-1,9.5E-1));
#8112=DIRECTION('',(0.E0,0.E0,1.E0));
#8113=VECTOR('',#8112,1.E0);
#8114=SURFACE_OF_LINEAR_EXTRUSION('',#8111,#8113);
#8115=ORIENTED_EDGE('',*,*,#5336,.F.);
#8117=ORIENTED_EDGE('',*,*,#8116,.T.);
#8118=ORIENTED_EDGE('',*,*,#6010,.T.);
#8119=ORIENTED_EDGE('',*,*,#8098,.F.);
#8120=EDGE_LOOP('',(#8115,#8117,#8118,#8119));
#8121=FACE_OUTER_BOUND('',#8120,.F.);
#8122=ADVANCED_FACE('',(#8121),#8114,.T.);
#8123=CARTESIAN_POINT('',(6.766163246912E-1,3.658675342847E-1,9.5E-1));
#8124=CARTESIAN_POINT('',(6.757699382665E-1,3.673145830676E-1,9.5E-1));
#8125=CARTESIAN_POINT('',(6.684350457951E-1,3.798548919796E-1,9.5E-1));
#8126=CARTESIAN_POINT('',(6.602537668989E-1,3.938422496745E-1,9.5E-1));
#8127=CARTESIAN_POINT('',(6.529188744275E-1,4.063825585865E-1,9.5E-1));
#8128=CARTESIAN_POINT('',(6.520724880028E-1,4.078296073694E-1,9.5E-1));
#8130=DIRECTION('',(0.E0,0.E0,1.E0));
#8131=VECTOR('',#8130,1.E0);
#8132=SURFACE_OF_LINEAR_EXTRUSION('',#8129,#8131);
#8133=ORIENTED_EDGE('',*,*,#5334,.F.);
#8135=ORIENTED_EDGE('',*,*,#8134,.T.);
#8136=ORIENTED_EDGE('',*,*,#6012,.T.);
#8137=ORIENTED_EDGE('',*,*,#8116,.F.);
#8138=EDGE_LOOP('',(#8133,#8135,#8136,#8137));
#8139=FACE_OUTER_BOUND('',#8138,.F.);
#8140=ADVANCED_FACE('',(#8139),#8132,.T.);
#8141=CARTESIAN_POINT('',(5.817220376908E-1,3.213924013520E-1,9.5E-1));
#8142=CARTESIAN_POINT('',(5.832041353092E-1,3.221757957670E-1,9.5E-1));
#8143=CARTESIAN_POINT('',(6.139891778847E-1,3.384478888609E-1,9.5E-1));
#8144=CARTESIAN_POINT('',(6.462563180786E-1,3.555033763698E-1,9.5E-1));
#8145=CARTESIAN_POINT('',(6.770413606541E-1,3.717754694636E-1,9.5E-1));
#8146=CARTESIAN_POINT('',(6.785234582725E-1,3.725588638787E-1,9.5E-1));
#8148=DIRECTION('',(0.E0,0.E0,1.E0));
#8149=VECTOR('',#8148,1.E0);
#8150=SURFACE_OF_LINEAR_EXTRUSION('',#8147,#8149);
#8151=ORIENTED_EDGE('',*,*,#5332,.F.);
#8153=ORIENTED_EDGE('',*,*,#8152,.T.);
#8154=ORIENTED_EDGE('',*,*,#6014,.T.);
#8155=ORIENTED_EDGE('',*,*,#8134,.F.);
#8156=EDGE_LOOP('',(#8151,#8153,#8154,#8155));
#8157=FACE_OUTER_BOUND('',#8156,.F.);
#8158=ADVANCED_FACE('',(#8157),#8150,.T.);
#8159=CARTESIAN_POINT('',(4.629640471559E-1,2.999579001729E-1,9.5E-1));
#8160=CARTESIAN_POINT('',(4.631911217504E-1,2.990918309190E-1,9.5E-1));
#8161=CARTESIAN_POINT('',(4.703109034807E-1,2.748641942904E-1,9.5E-1));
#8162=CARTESIAN_POINT('',(5.294003926576E-1,2.292284382663E-1,9.5E-1));
#8163=CARTESIAN_POINT('',(5.872840852647E-1,2.900460426102E-1,9.5E-1));
#8164=CARTESIAN_POINT('',(5.861366397597E-1,3.225471507268E-1,9.5E-1));
#8165=CARTESIAN_POINT('',(5.861819601873E-1,3.255440663802E-1,9.5E-1));
#8166=CARTESIAN_POINT('',(5.862268050661E-1,3.264478761615E-1,9.5E-1));
#8168=DIRECTION('',(0.E0,0.E0,1.E0));
#8169=VECTOR('',#8168,1.E0);
#8170=SURFACE_OF_LINEAR_EXTRUSION('',#8167,#8169);
#8171=ORIENTED_EDGE('',*,*,#5330,.F.);
#8173=ORIENTED_EDGE('',*,*,#8172,.T.);
#8174=ORIENTED_EDGE('',*,*,#6016,.T.);
#8175=ORIENTED_EDGE('',*,*,#8152,.F.);
#8176=EDGE_LOOP('',(#8171,#8173,#8174,#8175));
#8177=FACE_OUTER_BOUND('',#8176,.F.);
#8178=ADVANCED_FACE('',(#8177),#8170,.T.);
#8179=CARTESIAN_POINT('',(5.063448476840E-1,4.960329490935E-1,9.5E-1));
#8180=CARTESIAN_POINT('',(5.053245642600E-1,4.961625979866E-1,9.5E-1));
#8181=CARTESIAN_POINT('',(4.995115333521E-1,4.969052441035E-1,9.5E-1));
#8182=CARTESIAN_POINT('',(4.677376837719E-1,5.004671683076E-1,9.5E-1));
#8183=CARTESIAN_POINT('',(4.087373087787E-1,4.751627363968E-1,9.5E-1));
#8184=CARTESIAN_POINT('',(3.769483666428E-1,3.974082173998E-1,9.5E-1));
#8185=CARTESIAN_POINT('',(4.044153436894E-1,3.259627842128E-1,9.5E-1));
#8186=CARTESIAN_POINT('',(4.457600188466E-1,3.016952844473E-1,9.5E-1));
#8187=CARTESIAN_POINT('',(4.657164957181E-1,2.968720431223E-1,9.5E-1));
#8188=CARTESIAN_POINT('',(4.667163059666E-1,2.966467797361E-1,9.5E-1));
#8190=DIRECTION('',(0.E0,0.E0,1.E0));
#8191=VECTOR('',#8190,1.E0);
#8192=SURFACE_OF_LINEAR_EXTRUSION('',#8189,#8191);
#8193=ORIENTED_EDGE('',*,*,#5328,.F.);
#8194=ORIENTED_EDGE('',*,*,#7910,.T.);
#8195=ORIENTED_EDGE('',*,*,#6018,.T.);
#8196=ORIENTED_EDGE('',*,*,#8172,.F.);
#8197=EDGE_LOOP('',(#8193,#8194,#8195,#8196));
#8198=FACE_OUTER_BOUND('',#8197,.F.);
#8199=ADVANCED_FACE('',(#8198),#8192,.T.);
#8203=DIMENSIONAL_EXPONENTS(0.E0,0.E0,0.E0,0.E0,0.E0,0.E0,0.E0);
#8205=PLANE_ANGLE_MEASURE_WITH_UNIT(PLANE_ANGLE_MEASURE(1.745329251994E-2),
#8204);
#8206=(CONVERSION_BASED_UNIT('DEGREE',#8205)NAMED_UNIT(*)PLANE_ANGLE_UNIT());
#8208=UNCERTAINTY_MEASURE_WITH_UNIT(LENGTH_MEASURE(4.190834745969E-4),#8202,
'closure',
'Maximum model space distance between geometric entities at asserted connectivities');
#8209=(GEOMETRIC_REPRESENTATION_CONTEXT(3)GLOBAL_UNCERTAINTY_ASSIGNED_CONTEXT((
#8208))GLOBAL_UNIT_ASSIGNED_CONTEXT((#8202,#8206,#8207))REPRESENTATION_CONTEXT(
'ID1','3'));
#8211=MECHANICAL_DESIGN_GEOMETRIC_PRESENTATION_REPRESENTATION('',(#3440,#3486,
#3522,#3559,#3581,#3611,#3635,#3679,#3709,#3730,#3751,#3772,#3793,#3814,#3835,
#3856,#3877,#3898,#3918,#3953,#3979,#3999,#4019,#4039,#4059,#4079,#4099,#4119,
#4139,#4158,#4180,#4202,#4238,#4258,#4279,#4314,#4334,#4354,#4374,#4394,#4414,
#4434,#4454,#4474,#4494,#4513,#4532,#4554,#4590,#4625,#4646,#4681,#4716,#4736,
#4756,#4776,#4796,#4816,#4836,#4856,#4876,#4895,#4915,#4935,#4955,#4975,#4995,
#5015,#5035,#5055,#5074,#5096,#5367,#5386,#5409,#5434,#5455,#5478,#5503,#5525,
#5545,#5562,#5589,#5612,#5651,#5684,#5727,#5766,#5805,#5828,#5867,#5906,#5939,
#5982,#6035),#8209);
#8212=APPLICATION_CONTEXT(
'CONFIGURATION CONTROLLED 3D DESIGNS OF MECHANICAL PARTS AND ASSEMBLIES');
#8213=APPLICATION_PROTOCOL_DEFINITION('international standard',
'ccd_cla_gvp_ast_asd',1995,#8212);
#8214=DESIGN_CONTEXT('',#8212,'design');
#8215=MECHANICAL_CONTEXT('',#8212,'mechanical');
#8216=PRODUCT('SOT-23','SOT-23','NOT SPECIFIED',(#8215));
#8217=PRODUCT_DEFINITION_FORMATION_WITH_SPECIFIED_SOURCE('2','LAST_VERSION',
#8216,.MADE.);
#8225=DERIVED_UNIT_ELEMENT(#8224,2.E0);
#8226=DERIVED_UNIT((#8225));
#8227=MEASURE_REPRESENTATION_ITEM('surface area measure',AREA_MEASURE(
2.241546365582E1),#8226);
#8232=DERIVED_UNIT_ELEMENT(#8231,3.E0);
#8233=DERIVED_UNIT((#8232));
#8234=MEASURE_REPRESENTATION_ITEM('volume measure',VOLUME_MEASURE(
4.405955090435E0),#8233);
#8238=CARTESIAN_POINT('centre point',(4.534595057888E-7,-1.544937417252E-2,
4.587294527160E-1));
#8243=DERIVED_UNIT_ELEMENT(#8242,2.E0);
#8244=DERIVED_UNIT((#8243));
#8245=MEASURE_REPRESENTATION_ITEM('surface area measure',AREA_MEASURE(
2.241546365582E1),#8244);
#8250=DERIVED_UNIT_ELEMENT(#8249,3.E0);
#8251=DERIVED_UNIT((#8250));
#8252=MEASURE_REPRESENTATION_ITEM('volume measure',VOLUME_MEASURE(
4.405955090435E0),#8251);
#8256=CARTESIAN_POINT('centre point',(4.534595057888E-7,-1.544937417252E-2,
4.587294527160E-1));
#8261=PRODUCT_CATEGORY('part','');
#8262=PRODUCT_RELATED_PRODUCT_CATEGORY('detail','',(#8216));
#8263=PRODUCT_CATEGORY_RELATIONSHIP('','',#8261,#8262);
#8264=SECURITY_CLASSIFICATION_LEVEL('unclassified');
#8265=SECURITY_CLASSIFICATION('','',#8264);
#8266=CC_DESIGN_SECURITY_CLASSIFICATION(#8265,(#8217));
#8267=APPROVAL_STATUS('approved');
#8268=APPROVAL(#8267,'');
#8269=CC_DESIGN_APPROVAL(#8268,(#8265,#8217,#8218));
#8270=CALENDAR_DATE(122,7,7);
#8271=COORDINATED_UNIVERSAL_TIME_OFFSET(8,0,.AHEAD.);
#8272=LOCAL_TIME(11,34,5.4E1,#8271);
#8273=DATE_AND_TIME(#8270,#8272);
#8274=APPROVAL_DATE_TIME(#8273,#8268);
#8275=DATE_TIME_ROLE('creation_date');
#8276=CC_DESIGN_DATE_AND_TIME_ASSIGNMENT(#8273,#8275,(#8218));
#8277=DATE_TIME_ROLE('classification_date');
#8278=CC_DESIGN_DATE_AND_TIME_ASSIGNMENT(#8273,#8277,(#8265));
#8279=PERSON('UNSPECIFIED','UNSPECIFIED',$,$,$,$);
#8280=ORGANIZATION('UNSPECIFIED','UNSPECIFIED','UNSPECIFIED');
#8281=PERSON_AND_ORGANIZATION(#8279,#8280);
#8282=APPROVAL_ROLE('approver');
#8283=APPROVAL_PERSON_ORGANIZATION(#8281,#8268,#8282);
#8284=PERSON_AND_ORGANIZATION_ROLE('creator');
#8285=CC_DESIGN_PERSON_AND_ORGANIZATION_ASSIGNMENT(#8281,#8284,(#8217,#8218));
#8286=PERSON_AND_ORGANIZATION_ROLE('design_supplier');
#8287=CC_DESIGN_PERSON_AND_ORGANIZATION_ASSIGNMENT(#8281,#8286,(#8217));
#8288=PERSON_AND_ORGANIZATION_ROLE('classification_officer');
#8289=CC_DESIGN_PERSON_AND_ORGANIZATION_ASSIGNMENT(#8281,#8288,(#8265));
#8290=PERSON_AND_ORGANIZATION_ROLE('design_owner');
#8291=CC_DESIGN_PERSON_AND_ORGANIZATION_ASSIGNMENT(#8281,#8290,(#8216));
#1=DRAUGHTING_PRE_DEFINED_COLOUR('green');
#2=COLOUR_RGB('',1.1E-2,1.2E-2,1.E0);
#3=COLOUR_RGB('',2.57282E-1,2.57282E-1,2.57282E-1);
#4=COLOUR_RGB('',4.1E-1,2.61589E-1,1.12848E-1);
#5=COLOUR_RGB('',5.04854E-1,1.5455E-2,1.5455E-2);
#6=COLOUR_RGB('',6.35294E-1,6.86275E-1,7.4902E-1);
#7=COLOUR_RGB('',6.40777E-1,6.40777E-1,6.40777E-1);
#8=COLOUR_RGB('',6.69062E-1,6.69903E-1,6.55217E-1);
#9=COLOUR_RGB('',8.15534E-1,8.15534E-1,8.15534E-1);
#10=COLOUR_RGB('',9.21569E-1,7.05882E-1,4.70588E-1);
#11=DRAUGHTING_PRE_DEFINED_COLOUR('red');
#12=DRAUGHTING_PRE_DEFINED_COLOUR('yellow');
#13=COLOUR_RGB('',1.E0,1.E0,5.3E-1);
#14=COLOUR_RGB('',1.E0,1.E0,9.49E-1);
#15=DRAUGHTING_PRE_DEFINED_COLOUR('white');
#92=CIRCLE('',#91,1.493E-1);
#101=CIRCLE('',#100,8.85E-2);
#118=CIRCLE('',#117,2.685E-1);
#139=CIRCLE('',#138,2.685E-1);
#156=CIRCLE('',#155,8.85E-2);
#165=CIRCLE('',#164,1.493E-1);
#310=CIRCLE('',#309,2.685E-1);
#327=CIRCLE('',#326,8.85E-2);
#336=CIRCLE('',#335,1.493E-1);
#349=CIRCLE('',#348,1.493E-1);
#358=CIRCLE('',#357,8.85E-2);
#375=CIRCLE('',#374,2.685E-1);
#432=CIRCLE('',#431,1.493E-1);
#441=CIRCLE('',#440,8.85E-2);
#458=CIRCLE('',#457,2.685E-1);
#491=CIRCLE('',#490,2.685E-1);
#508=CIRCLE('',#507,8.85E-2);
#517=CIRCLE('',#516,1.493E-1);
#586=CIRCLE('',#585,1.493E-1);
#595=CIRCLE('',#594,8.85E-2);
#612=CIRCLE('',#611,2.685E-1);
#633=CIRCLE('',#632,2.685E-1);
#650=CIRCLE('',#649,8.85E-2);
#659=CIRCLE('',#658,1.493E-1);
#676=CIRCLE('',#675,2.685E-1);
#693=CIRCLE('',#692,8.85E-2);
#702=CIRCLE('',#701,1.493E-1);
#715=CIRCLE('',#714,1.493E-1);
#724=CIRCLE('',#723,8.85E-2);
#741=CIRCLE('',#740,2.685E-1);
#854=CIRCLE('',#853,1.1595E-1);
#859=CIRCLE('',#858,1.1595E-1);
#864=CIRCLE('',#863,2.448889330694E-2);
#869=CIRCLE('',#868,2.448889330694E-2);
#898=B_SPLINE_CURVE_WITH_KNOTS('',3,(#894,#895,#896,#897),.UNSPECIFIED.,.F.,.F.,
(4,4),(0.E0,1.E0),.UNSPECIFIED.);
#908=B_SPLINE_CURVE_WITH_KNOTS('',3,(#899,#900,#901,#902,#903,#904,#905,#906,
#907),.UNSPECIFIED.,.F.,.F.,(4,1,1,1,1,1,4),(0.E0,1.428123809713E-1,
3.157002335176E-1,5.028266890791E-1,6.801090736562E-1,8.432647676470E-1,1.E0),
.UNSPECIFIED.);
#913=B_SPLINE_CURVE_WITH_KNOTS('',3,(#909,#910,#911,#912),.UNSPECIFIED.,.F.,.F.,
(4,4),(0.E0,1.E0),.UNSPECIFIED.);
#923=B_SPLINE_CURVE_WITH_KNOTS('',3,(#914,#915,#916,#917,#918,#919,#920,#921,
#922),.UNSPECIFIED.,.F.,.F.,(4,1,1,1,1,1,4),(0.E0,1.355656425280E-1,
3.127119931457E-1,4.965056153384E-1,6.951384388364E-1,8.847719214979E-1,1.E0),
.UNSPECIFIED.);
#976=B_SPLINE_CURVE_WITH_KNOTS('',3,(#972,#973,#974,#975),.UNSPECIFIED.,.F.,.F.,
(4,4),(0.E0,1.E0),.UNSPECIFIED.);
#984=B_SPLINE_CURVE_WITH_KNOTS('',3,(#977,#978,#979,#980,#981,#982,#983),
.UNSPECIFIED.,.F.,.F.,(4,1,1,1,4),(0.E0,2.559769024855E-1,5.077686946022E-1,
7.533752025714E-1,1.E0),.UNSPECIFIED.);
#989=B_SPLINE_CURVE_WITH_KNOTS('',3,(#985,#986,#987,#988),.UNSPECIFIED.,.F.,.F.,
(4,4),(0.E0,1.E0),.UNSPECIFIED.);
#994=B_SPLINE_CURVE_WITH_KNOTS('',3,(#990,#991,#992,#993),.UNSPECIFIED.,.F.,.F.,
(4,4),(0.E0,1.E0),.UNSPECIFIED.);
#999=B_SPLINE_CURVE_WITH_KNOTS('',3,(#995,#996,#997,#998),.UNSPECIFIED.,.F.,.F.,
(4,4),(0.E0,1.E0),.UNSPECIFIED.);
#1007=B_SPLINE_CURVE_WITH_KNOTS('',3,(#1000,#1001,#1002,#1003,#1004,#1005,
#1006),.UNSPECIFIED.,.F.,.F.,(4,1,1,1,4),(0.E0,2.502152773835E-1,
4.910267303209E-1,7.421623589777E-1,1.E0),.UNSPECIFIED.);
#1012=B_SPLINE_CURVE_WITH_KNOTS('',3,(#1008,#1009,#1010,#1011),.UNSPECIFIED.,
.F.,.F.,(4,4),(0.E0,1.E0),.UNSPECIFIED.);
#1017=B_SPLINE_CURVE_WITH_KNOTS('',3,(#1013,#1014,#1015,#1016),.UNSPECIFIED.,
.F.,.F.,(4,4),(0.E0,1.E0),.UNSPECIFIED.);
#1022=B_SPLINE_CURVE_WITH_KNOTS('',3,(#1018,#1019,#1020,#1021),.UNSPECIFIED.,
.F.,.F.,(4,4),(0.E0,1.E0),.UNSPECIFIED.);
#1027=B_SPLINE_CURVE_WITH_KNOTS('',3,(#1023,#1024,#1025,#1026),.UNSPECIFIED.,
.F.,.F.,(4,4),(0.E0,1.E0),.UNSPECIFIED.);
#1032=B_SPLINE_CURVE_WITH_KNOTS('',3,(#1028,#1029,#1030,#1031),.UNSPECIFIED.,
.F.,.F.,(4,4),(0.E0,1.E0),.UNSPECIFIED.);
#1037=B_SPLINE_CURVE_WITH_KNOTS('',3,(#1033,#1034,#1035,#1036),.UNSPECIFIED.,
.F.,.F.,(4,4),(0.E0,1.E0),.UNSPECIFIED.);
#1042=B_SPLINE_CURVE_WITH_KNOTS('',3,(#1038,#1039,#1040,#1041),.UNSPECIFIED.,
.F.,.F.,(4,4),(0.E0,1.E0),.UNSPECIFIED.);
#1127=B_SPLINE_CURVE_WITH_KNOTS('',3,(#1123,#1124,#1125,#1126),.UNSPECIFIED.,
.F.,.F.,(4,4),(0.E0,1.E0),.UNSPECIFIED.);
#1132=B_SPLINE_CURVE_WITH_KNOTS('',3,(#1128,#1129,#1130,#1131),.UNSPECIFIED.,
.F.,.F.,(4,4),(0.E0,1.E0),.UNSPECIFIED.);
#1142=B_SPLINE_CURVE_WITH_KNOTS('',3,(#1133,#1134,#1135,#1136,#1137,#1138,#1139,
#1140,#1141),.UNSPECIFIED.,.F.,.F.,(4,1,1,1,1,1,4),(0.E0,1.789457703317E-1,
3.127767465800E-1,4.389666650841E-1,5.790218632447E-1,7.844263875846E-1,1.E0),
.UNSPECIFIED.);
#1147=B_SPLINE_CURVE_WITH_KNOTS('',3,(#1143,#1144,#1145,#1146),.UNSPECIFIED.,
.F.,.F.,(4,4),(0.E0,1.E0),.UNSPECIFIED.);
#1152=B_SPLINE_CURVE_WITH_KNOTS('',3,(#1148,#1149,#1150,#1151),.UNSPECIFIED.,
.F.,.F.,(4,4),(0.E0,1.E0),.UNSPECIFIED.);
#1157=B_SPLINE_CURVE_WITH_KNOTS('',3,(#1153,#1154,#1155,#1156),.UNSPECIFIED.,
.F.,.F.,(4,4),(0.E0,1.E0),.UNSPECIFIED.);
#1163=B_SPLINE_CURVE_WITH_KNOTS('',3,(#1158,#1159,#1160,#1161,#1162),
.UNSPECIFIED.,.F.,.F.,(4,1,4),(0.E0,4.049801273211E-1,1.E0),.UNSPECIFIED.);
#1168=B_SPLINE_CURVE_WITH_KNOTS('',3,(#1164,#1165,#1166,#1167),.UNSPECIFIED.,
.F.,.F.,(4,4),(0.E0,1.E0),.UNSPECIFIED.);
#1174=B_SPLINE_CURVE_WITH_KNOTS('',3,(#1169,#1170,#1171,#1172,#1173),
.UNSPECIFIED.,.F.,.F.,(4,1,4),(0.E0,4.762475716500E-1,1.E0),.UNSPECIFIED.);
#1179=B_SPLINE_CURVE_WITH_KNOTS('',3,(#1175,#1176,#1177,#1178),.UNSPECIFIED.,
.F.,.F.,(4,4),(0.E0,1.E0),.UNSPECIFIED.);
#1187=B_SPLINE_CURVE_WITH_KNOTS('',3,(#1180,#1181,#1182,#1183,#1184,#1185,
#1186),.UNSPECIFIED.,.F.,.F.,(4,1,1,1,4),(0.E0,2.762921365359E-1,
4.645455754548E-1,6.412734532372E-1,1.E0),.UNSPECIFIED.);
#1192=B_SPLINE_CURVE_WITH_KNOTS('',3,(#1188,#1189,#1190,#1191),.UNSPECIFIED.,
.F.,.F.,(4,4),(0.E0,1.E0),.UNSPECIFIED.);
#1206=B_SPLINE_CURVE_WITH_KNOTS('',3,(#1193,#1194,#1195,#1196,#1197,#1198,#1199,
#1200,#1201,#1202,#1203,#1204,#1205),.UNSPECIFIED.,.F.,.F.,(4,1,1,1,1,1,1,1,1,1,
4),(0.E0,1.276819283975E-1,1.968290535356E-1,2.504732951503E-1,
2.991047906893E-1,3.913116296472E-1,5.172908831455E-1,6.020882689472E-1,
7.199160264533E-1,8.658555187811E-1,1.E0),.UNSPECIFIED.);
#1211=B_SPLINE_CURVE_WITH_KNOTS('',3,(#1207,#1208,#1209,#1210),.UNSPECIFIED.,
.F.,.F.,(4,4),(0.E0,1.E0),.UNSPECIFIED.);
#1224=B_SPLINE_CURVE_WITH_KNOTS('',3,(#1212,#1213,#1214,#1215,#1216,#1217,#1218,
#1219,#1220,#1221,#1222,#1223),.UNSPECIFIED.,.F.,.F.,(4,1,1,1,1,1,1,1,1,4),
(0.E0,1.483757450376E-1,2.689286802329E-1,3.203061056882E-1,4.199203346453E-1,
5.434124167720E-1,6.242910899825E-1,7.418812970803E-1,8.824346707196E-1,1.E0),
.UNSPECIFIED.);
#1229=B_SPLINE_CURVE_WITH_KNOTS('',3,(#1225,#1226,#1227,#1228),.UNSPECIFIED.,
.F.,.F.,(4,4),(0.E0,1.E0),.UNSPECIFIED.);
#1234=B_SPLINE_CURVE_WITH_KNOTS('',3,(#1230,#1231,#1232,#1233),.UNSPECIFIED.,
.F.,.F.,(4,4),(0.E0,1.E0),.UNSPECIFIED.);
#1239=B_SPLINE_CURVE_WITH_KNOTS('',3,(#1235,#1236,#1237,#1238),.UNSPECIFIED.,
.F.,.F.,(4,4),(0.E0,1.E0),.UNSPECIFIED.);
#1244=B_SPLINE_CURVE_WITH_KNOTS('',3,(#1240,#1241,#1242,#1243),.UNSPECIFIED.,
.F.,.F.,(4,4),(0.E0,1.E0),.UNSPECIFIED.);
#1249=B_SPLINE_CURVE_WITH_KNOTS('',3,(#1245,#1246,#1247,#1248),.UNSPECIFIED.,
.F.,.F.,(4,4),(0.E0,1.E0),.UNSPECIFIED.);
#1255=B_SPLINE_CURVE_WITH_KNOTS('',3,(#1250,#1251,#1252,#1253,#1254),
.UNSPECIFIED.,.F.,.F.,(4,1,4),(0.E0,3.076625543478E-1,1.E0),.UNSPECIFIED.);
#1260=B_SPLINE_CURVE_WITH_KNOTS('',3,(#1256,#1257,#1258,#1259),.UNSPECIFIED.,
.F.,.F.,(4,4),(0.E0,1.E0),.UNSPECIFIED.);
#1266=B_SPLINE_CURVE_WITH_KNOTS('',3,(#1261,#1262,#1263,#1264,#1265),
.UNSPECIFIED.,.F.,.F.,(4,1,4),(0.E0,8.078466422658E-1,1.E0),.UNSPECIFIED.);
#1271=B_SPLINE_CURVE_WITH_KNOTS('',3,(#1267,#1268,#1269,#1270),.UNSPECIFIED.,
.F.,.F.,(4,4),(0.E0,1.E0),.UNSPECIFIED.);
#1276=B_SPLINE_CURVE_WITH_KNOTS('',3,(#1272,#1273,#1274,#1275),.UNSPECIFIED.,
.F.,.F.,(4,4),(0.E0,1.E0),.UNSPECIFIED.);
#1281=B_SPLINE_CURVE_WITH_KNOTS('',3,(#1277,#1278,#1279,#1280),.UNSPECIFIED.,
.F.,.F.,(4,4),(0.E0,1.E0),.UNSPECIFIED.);
#1286=B_SPLINE_CURVE_WITH_KNOTS('',3,(#1282,#1283,#1284,#1285),.UNSPECIFIED.,
.F.,.F.,(4,4),(0.E0,1.E0),.UNSPECIFIED.);
#1339=B_SPLINE_CURVE_WITH_KNOTS('',3,(#1335,#1336,#1337,#1338),.UNSPECIFIED.,
.F.,.F.,(4,4),(0.E0,1.E0),.UNSPECIFIED.);
#1347=B_SPLINE_CURVE_WITH_KNOTS('',3,(#1340,#1341,#1342,#1343,#1344,#1345,
#1346),.UNSPECIFIED.,.F.,.F.,(4,1,1,1,4),(0.E0,2.559769024879E-1,
5.077686946101E-1,7.533752025744E-1,1.E0),.UNSPECIFIED.);
#1352=B_SPLINE_CURVE_WITH_KNOTS('',3,(#1348,#1349,#1350,#1351),.UNSPECIFIED.,
.F.,.F.,(4,4),(0.E0,1.E0),.UNSPECIFIED.);
#1357=B_SPLINE_CURVE_WITH_KNOTS('',3,(#1353,#1354,#1355,#1356),.UNSPECIFIED.,
.F.,.F.,(4,4),(0.E0,1.E0),.UNSPECIFIED.);
#1362=B_SPLINE_CURVE_WITH_KNOTS('',3,(#1358,#1359,#1360,#1361),.UNSPECIFIED.,
.F.,.F.,(4,4),(0.E0,1.E0),.UNSPECIFIED.);
#1370=B_SPLINE_CURVE_WITH_KNOTS('',3,(#1363,#1364,#1365,#1366,#1367,#1368,
#1369),.UNSPECIFIED.,.F.,.F.,(4,1,1,1,4),(0.E0,2.502152773823E-1,
4.910267303254E-1,7.421623589801E-1,1.E0),.UNSPECIFIED.);
#1375=B_SPLINE_CURVE_WITH_KNOTS('',3,(#1371,#1372,#1373,#1374),.UNSPECIFIED.,
.F.,.F.,(4,4),(0.E0,1.E0),.UNSPECIFIED.);
#1380=B_SPLINE_CURVE_WITH_KNOTS('',3,(#1376,#1377,#1378,#1379),.UNSPECIFIED.,
.F.,.F.,(4,4),(0.E0,1.E0),.UNSPECIFIED.);
#1385=B_SPLINE_CURVE_WITH_KNOTS('',3,(#1381,#1382,#1383,#1384),.UNSPECIFIED.,
.F.,.F.,(4,4),(0.E0,1.E0),.UNSPECIFIED.);
#1390=B_SPLINE_CURVE_WITH_KNOTS('',3,(#1386,#1387,#1388,#1389),.UNSPECIFIED.,
.F.,.F.,(4,4),(0.E0,1.E0),.UNSPECIFIED.);
#1395=B_SPLINE_CURVE_WITH_KNOTS('',3,(#1391,#1392,#1393,#1394),.UNSPECIFIED.,
.F.,.F.,(4,4),(0.E0,1.E0),.UNSPECIFIED.);
#1400=B_SPLINE_CURVE_WITH_KNOTS('',3,(#1396,#1397,#1398,#1399),.UNSPECIFIED.,
.F.,.F.,(4,4),(0.E0,1.E0),.UNSPECIFIED.);
#1405=B_SPLINE_CURVE_WITH_KNOTS('',3,(#1401,#1402,#1403,#1404),.UNSPECIFIED.,
.F.,.F.,(4,4),(0.E0,1.E0),.UNSPECIFIED.);
#1445=B_SPLINE_CURVE_WITH_KNOTS('',3,(#1438,#1439,#1440,#1441,#1442,#1443,
#1444),.UNSPECIFIED.,.F.,.F.,(4,1,1,1,4),(0.E0,2.226963329829E-1,
5.615438495888E-1,8.551881585072E-1,1.E0),.UNSPECIFIED.);
#1454=B_SPLINE_CURVE_WITH_KNOTS('',3,(#1446,#1447,#1448,#1449,#1450,#1451,#1452,
#1453),.UNSPECIFIED.,.F.,.F.,(4,1,1,1,1,4),(0.E0,4.798572530125E-2,
3.069980039736E-1,5.632939930434E-1,8.060865076554E-1,1.E0),.UNSPECIFIED.);
#1461=B_SPLINE_CURVE_WITH_KNOTS('',3,(#1455,#1456,#1457,#1458,#1459,#1460),
.UNSPECIFIED.,.F.,.F.,(4,1,1,4),(0.E0,4.355221245185E-1,9.627213829328E-1,1.E0),
.UNSPECIFIED.);
#1466=B_SPLINE_CURVE_WITH_KNOTS('',3,(#1462,#1463,#1464,#1465),.UNSPECIFIED.,
.F.,.F.,(4,4),(0.E0,1.E0),.UNSPECIFIED.);
#1471=B_SPLINE_CURVE_WITH_KNOTS('',3,(#1467,#1468,#1469,#1470),.UNSPECIFIED.,
.F.,.F.,(4,4),(0.E0,1.E0),.UNSPECIFIED.);
#1476=B_SPLINE_CURVE_WITH_KNOTS('',3,(#1472,#1473,#1474,#1475),.UNSPECIFIED.,
.F.,.F.,(4,4),(0.E0,1.E0),.UNSPECIFIED.);
#1482=B_SPLINE_CURVE_WITH_KNOTS('',3,(#1477,#1478,#1479,#1480,#1481),
.UNSPECIFIED.,.F.,.F.,(4,1,4),(0.E0,4.175733561965E-1,1.E0),.UNSPECIFIED.);
#1489=B_SPLINE_CURVE_WITH_KNOTS('',3,(#1483,#1484,#1485,#1486,#1487,#1488),
.UNSPECIFIED.,.F.,.F.,(4,1,1,4),(0.E0,3.585443611440E-1,8.201936862644E-1,1.E0),
.UNSPECIFIED.);
#1495=B_SPLINE_CURVE_WITH_KNOTS('',3,(#1490,#1491,#1492,#1493,#1494),
.UNSPECIFIED.,.F.,.F.,(4,1,4),(0.E0,4.675992636402E-1,1.E0),.UNSPECIFIED.);
#1502=B_SPLINE_CURVE_WITH_KNOTS('',3,(#1496,#1497,#1498,#1499,#1500,#1501),
.UNSPECIFIED.,.F.,.F.,(4,1,1,4),(0.E0,3.564114353987E-2,5.270824027251E-1,1.E0),
.UNSPECIFIED.);
#1507=B_SPLINE_CURVE_WITH_KNOTS('',3,(#1503,#1504,#1505,#1506),.UNSPECIFIED.,
.F.,.F.,(4,4),(0.E0,1.E0),.UNSPECIFIED.);
#1514=B_SPLINE_CURVE_WITH_KNOTS('',3,(#1508,#1509,#1510,#1511,#1512,#1513),
.UNSPECIFIED.,.F.,.F.,(4,1,1,4),(0.E0,6.584959150851E-2,5.404520185202E-1,1.E0),
.UNSPECIFIED.);
#1519=B_SPLINE_CURVE_WITH_KNOTS('',3,(#1515,#1516,#1517,#1518),.UNSPECIFIED.,
.F.,.F.,(4,4),(0.E0,1.E0),.UNSPECIFIED.);
#1524=B_SPLINE_CURVE_WITH_KNOTS('',3,(#1520,#1521,#1522,#1523),.UNSPECIFIED.,
.F.,.F.,(4,4),(0.E0,1.E0),.UNSPECIFIED.);
#1529=B_SPLINE_CURVE_WITH_KNOTS('',3,(#1525,#1526,#1527,#1528),.UNSPECIFIED.,
.F.,.F.,(4,4),(0.E0,1.E0),.UNSPECIFIED.);
#1536=B_SPLINE_CURVE_WITH_KNOTS('',3,(#1530,#1531,#1532,#1533,#1534,#1535),
.UNSPECIFIED.,.F.,.F.,(4,1,1,4),(0.E0,2.761126116402E-1,5.534015859397E-1,1.E0),
.UNSPECIFIED.);
#1549=CIRCLE('',#1548,1.1595E-1);
#1554=CIRCLE('',#1553,1.1595E-1);
#1559=CIRCLE('',#1558,2.448889330694E-2);
#1564=CIRCLE('',#1563,2.448889330694E-2);
#1593=B_SPLINE_CURVE_WITH_KNOTS('',3,(#1589,#1590,#1591,#1592),.UNSPECIFIED.,
.F.,.F.,(4,4),(0.E0,1.E0),.UNSPECIFIED.);
#1603=B_SPLINE_CURVE_WITH_KNOTS('',3,(#1594,#1595,#1596,#1597,#1598,#1599,#1600,
#1601,#1602),.UNSPECIFIED.,.F.,.F.,(4,1,1,1,1,1,4),(0.E0,1.152280785021E-1,
3.048615611636E-1,5.034943846616E-1,6.872880068543E-1,8.644343574720E-1,1.E0),
.UNSPECIFIED.);
#1608=B_SPLINE_CURVE_WITH_KNOTS('',3,(#1604,#1605,#1606,#1607),.UNSPECIFIED.,
.F.,.F.,(4,4),(0.E0,1.E0),.UNSPECIFIED.);
#1618=B_SPLINE_CURVE_WITH_KNOTS('',3,(#1609,#1610,#1611,#1612,#1613,#1614,#1615,
#1616,#1617),.UNSPECIFIED.,.F.,.F.,(4,1,1,1,1,1,4),(0.E0,1.567352323530E-1,
3.198909263438E-1,4.971733109209E-1,6.842997664824E-1,8.571876190287E-1,1.E0),
.UNSPECIFIED.);
#1671=B_SPLINE_CURVE_WITH_KNOTS('',3,(#1667,#1668,#1669,#1670),.UNSPECIFIED.,
.F.,.F.,(4,4),(0.E0,1.E0),.UNSPECIFIED.);
#1676=B_SPLINE_CURVE_WITH_KNOTS('',3,(#1672,#1673,#1674,#1675),.UNSPECIFIED.,
.F.,.F.,(4,4),(0.E0,1.E0),.UNSPECIFIED.);
#1681=B_SPLINE_CURVE_WITH_KNOTS('',3,(#1677,#1678,#1679,#1680),.UNSPECIFIED.,
.F.,.F.,(4,4),(0.E0,1.E0),.UNSPECIFIED.);
#1689=B_SPLINE_CURVE_WITH_KNOTS('',3,(#1682,#1683,#1684,#1685,#1686,#1687,
#1688),.UNSPECIFIED.,.F.,.F.,(4,1,1,1,4),(0.E0,2.466247974286E-1,
4.922313053978E-1,7.440230975145E-1,1.E0),.UNSPECIFIED.);
#1694=B_SPLINE_CURVE_WITH_KNOTS('',3,(#1690,#1691,#1692,#1693),.UNSPECIFIED.,
.F.,.F.,(4,4),(0.E0,1.E0),.UNSPECIFIED.);
#1699=B_SPLINE_CURVE_WITH_KNOTS('',3,(#1695,#1696,#1697,#1698),.UNSPECIFIED.,
.F.,.F.,(4,4),(0.E0,1.E0),.UNSPECIFIED.);
#1704=B_SPLINE_CURVE_WITH_KNOTS('',3,(#1700,#1701,#1702,#1703),.UNSPECIFIED.,
.F.,.F.,(4,4),(0.E0,1.E0),.UNSPECIFIED.);
#1712=B_SPLINE_CURVE_WITH_KNOTS('',3,(#1705,#1706,#1707,#1708,#1709,#1710,
#1711),.UNSPECIFIED.,.F.,.F.,(4,1,1,1,4),(0.E0,2.578376410223E-1,
5.089732696791E-1,7.497847226165E-1,1.E0),.UNSPECIFIED.);
#1717=B_SPLINE_CURVE_WITH_KNOTS('',3,(#1713,#1714,#1715,#1716),.UNSPECIFIED.,
.F.,.F.,(4,4),(0.E0,1.E0),.UNSPECIFIED.);
#1722=B_SPLINE_CURVE_WITH_KNOTS('',3,(#1718,#1719,#1720,#1721),.UNSPECIFIED.,
.F.,.F.,(4,4),(0.E0,1.E0),.UNSPECIFIED.);
#1727=B_SPLINE_CURVE_WITH_KNOTS('',3,(#1723,#1724,#1725,#1726),.UNSPECIFIED.,
.F.,.F.,(4,4),(0.E0,1.E0),.UNSPECIFIED.);
#1732=B_SPLINE_CURVE_WITH_KNOTS('',3,(#1728,#1729,#1730,#1731),.UNSPECIFIED.,
.F.,.F.,(4,4),(0.E0,1.E0),.UNSPECIFIED.);
#1737=B_SPLINE_CURVE_WITH_KNOTS('',3,(#1733,#1734,#1735,#1736),.UNSPECIFIED.,
.F.,.F.,(4,4),(0.E0,1.E0),.UNSPECIFIED.);
#1822=B_SPLINE_CURVE_WITH_KNOTS('',3,(#1818,#1819,#1820,#1821),.UNSPECIFIED.,
.F.,.F.,(4,4),(0.E0,1.E0),.UNSPECIFIED.);
#1832=B_SPLINE_CURVE_WITH_KNOTS('',3,(#1823,#1824,#1825,#1826,#1827,#1828,#1829,
#1830,#1831),.UNSPECIFIED.,.F.,.F.,(4,1,1,1,1,1,4),(0.E0,2.155736124154E-1,
4.209781367553E-1,5.610333349159E-1,6.872232534200E-1,8.210542296683E-1,1.E0),
.UNSPECIFIED.);
#1837=B_SPLINE_CURVE_WITH_KNOTS('',3,(#1833,#1834,#1835,#1836),.UNSPECIFIED.,
.F.,.F.,(4,4),(0.E0,1.E0),.UNSPECIFIED.);
#1842=B_SPLINE_CURVE_WITH_KNOTS('',3,(#1838,#1839,#1840,#1841),.UNSPECIFIED.,
.F.,.F.,(4,4),(0.E0,1.E0),.UNSPECIFIED.);
#1850=B_SPLINE_CURVE_WITH_KNOTS('',3,(#1843,#1844,#1845,#1846,#1847,#1848,
#1849),.UNSPECIFIED.,.F.,.F.,(4,1,1,1,4),(0.E0,3.587265467628E-1,
5.354544245452E-1,7.237078634641E-1,1.E0),.UNSPECIFIED.);
#1855=B_SPLINE_CURVE_WITH_KNOTS('',3,(#1851,#1852,#1853,#1854),.UNSPECIFIED.,
.F.,.F.,(4,4),(0.E0,1.E0),.UNSPECIFIED.);
#1861=B_SPLINE_CURVE_WITH_KNOTS('',3,(#1856,#1857,#1858,#1859,#1860),
.UNSPECIFIED.,.F.,.F.,(4,1,4),(0.E0,5.237524283500E-1,1.E0),.UNSPECIFIED.);
#1866=B_SPLINE_CURVE_WITH_KNOTS('',3,(#1862,#1863,#1864,#1865),.UNSPECIFIED.,
.F.,.F.,(4,4),(0.E0,1.E0),.UNSPECIFIED.);
#1872=B_SPLINE_CURVE_WITH_KNOTS('',3,(#1867,#1868,#1869,#1870,#1871),
.UNSPECIFIED.,.F.,.F.,(4,1,4),(0.E0,5.950198726789E-1,1.E0),.UNSPECIFIED.);
#1877=B_SPLINE_CURVE_WITH_KNOTS('',3,(#1873,#1874,#1875,#1876),.UNSPECIFIED.,
.F.,.F.,(4,4),(0.E0,1.E0),.UNSPECIFIED.);
#1882=B_SPLINE_CURVE_WITH_KNOTS('',3,(#1878,#1879,#1880,#1881),.UNSPECIFIED.,
.F.,.F.,(4,4),(0.E0,1.E0),.UNSPECIFIED.);
#1887=B_SPLINE_CURVE_WITH_KNOTS('',3,(#1883,#1884,#1885,#1886),.UNSPECIFIED.,
.F.,.F.,(4,4),(0.E0,1.E0),.UNSPECIFIED.);
#1900=B_SPLINE_CURVE_WITH_KNOTS('',3,(#1888,#1889,#1890,#1891,#1892,#1893,#1894,
#1895,#1896,#1897,#1898,#1899),.UNSPECIFIED.,.F.,.F.,(4,1,1,1,1,1,1,1,1,4),
(0.E0,1.175653292804E-1,2.581187029197E-1,3.757089100175E-1,4.565875832280E-1,
5.800796653547E-1,6.796938943118E-1,7.310713197671E-1,8.516242549624E-1,1.E0),
.UNSPECIFIED.);
#1905=B_SPLINE_CURVE_WITH_KNOTS('',3,(#1901,#1902,#1903,#1904),.UNSPECIFIED.,
.F.,.F.,(4,4),(0.E0,1.E0),.UNSPECIFIED.);
#1919=B_SPLINE_CURVE_WITH_KNOTS('',3,(#1906,#1907,#1908,#1909,#1910,#1911,#1912,
#1913,#1914,#1915,#1916,#1917,#1918),.UNSPECIFIED.,.F.,.F.,(4,1,1,1,1,1,1,1,1,1,
4),(0.E0,1.341444812189E-1,2.800839735467E-1,3.979117310528E-1,
4.827091168545E-1,6.086883703528E-1,7.008952093107E-1,7.495267048497E-1,
8.031709464644E-1,8.723180716025E-1,1.E0),.UNSPECIFIED.);
#1924=B_SPLINE_CURVE_WITH_KNOTS('',3,(#1920,#1921,#1922,#1923),.UNSPECIFIED.,
.F.,.F.,(4,4),(0.E0,1.E0),.UNSPECIFIED.);
#1929=B_SPLINE_CURVE_WITH_KNOTS('',3,(#1925,#1926,#1927,#1928),.UNSPECIFIED.,
.F.,.F.,(4,4),(0.E0,1.E0),.UNSPECIFIED.);
#1934=B_SPLINE_CURVE_WITH_KNOTS('',3,(#1930,#1931,#1932,#1933),.UNSPECIFIED.,
.F.,.F.,(4,4),(0.E0,1.E0),.UNSPECIFIED.);
#1939=B_SPLINE_CURVE_WITH_KNOTS('',3,(#1935,#1936,#1937,#1938),.UNSPECIFIED.,
.F.,.F.,(4,4),(0.E0,1.E0),.UNSPECIFIED.);
#1944=B_SPLINE_CURVE_WITH_KNOTS('',3,(#1940,#1941,#1942,#1943),.UNSPECIFIED.,
.F.,.F.,(4,4),(0.E0,1.E0),.UNSPECIFIED.);
#1950=B_SPLINE_CURVE_WITH_KNOTS('',3,(#1945,#1946,#1947,#1948,#1949),
.UNSPECIFIED.,.F.,.F.,(4,1,4),(0.E0,1.921533577342E-1,1.E0),.UNSPECIFIED.);
#1955=B_SPLINE_CURVE_WITH_KNOTS('',3,(#1951,#1952,#1953,#1954),.UNSPECIFIED.,
.F.,.F.,(4,4),(0.E0,1.E0),.UNSPECIFIED.);
#1961=B_SPLINE_CURVE_WITH_KNOTS('',3,(#1956,#1957,#1958,#1959,#1960),
.UNSPECIFIED.,.F.,.F.,(4,1,4),(0.E0,6.923374456522E-1,1.E0),.UNSPECIFIED.);
#1966=B_SPLINE_CURVE_WITH_KNOTS('',3,(#1962,#1963,#1964,#1965),.UNSPECIFIED.,
.F.,.F.,(4,4),(0.E0,1.E0),.UNSPECIFIED.);
#1971=B_SPLINE_CURVE_WITH_KNOTS('',3,(#1967,#1968,#1969,#1970),.UNSPECIFIED.,
.F.,.F.,(4,4),(0.E0,1.E0),.UNSPECIFIED.);
#1976=B_SPLINE_CURVE_WITH_KNOTS('',3,(#1972,#1973,#1974,#1975),.UNSPECIFIED.,
.F.,.F.,(4,4),(0.E0,1.E0),.UNSPECIFIED.);
#1981=B_SPLINE_CURVE_WITH_KNOTS('',3,(#1977,#1978,#1979,#1980),.UNSPECIFIED.,
.F.,.F.,(4,4),(0.E0,1.E0),.UNSPECIFIED.);
#2034=B_SPLINE_CURVE_WITH_KNOTS('',3,(#2030,#2031,#2032,#2033),.UNSPECIFIED.,
.F.,.F.,(4,4),(0.E0,1.E0),.UNSPECIFIED.);
#2039=B_SPLINE_CURVE_WITH_KNOTS('',3,(#2035,#2036,#2037,#2038),.UNSPECIFIED.,
.F.,.F.,(4,4),(0.E0,1.E0),.UNSPECIFIED.);
#2044=B_SPLINE_CURVE_WITH_KNOTS('',3,(#2040,#2041,#2042,#2043),.UNSPECIFIED.,
.F.,.F.,(4,4),(0.E0,1.E0),.UNSPECIFIED.);
#2052=B_SPLINE_CURVE_WITH_KNOTS('',3,(#2045,#2046,#2047,#2048,#2049,#2050,
#2051),.UNSPECIFIED.,.F.,.F.,(4,1,1,1,4),(0.E0,2.466247974256E-1,
4.922313053899E-1,7.440230975121E-1,1.E0),.UNSPECIFIED.);
#2057=B_SPLINE_CURVE_WITH_KNOTS('',3,(#2053,#2054,#2055,#2056),.UNSPECIFIED.,
.F.,.F.,(4,4),(0.E0,1.E0),.UNSPECIFIED.);
#2062=B_SPLINE_CURVE_WITH_KNOTS('',3,(#2058,#2059,#2060,#2061),.UNSPECIFIED.,
.F.,.F.,(4,4),(0.E0,1.E0),.UNSPECIFIED.);
#2067=B_SPLINE_CURVE_WITH_KNOTS('',3,(#2063,#2064,#2065,#2066),.UNSPECIFIED.,
.F.,.F.,(4,4),(0.E0,1.E0),.UNSPECIFIED.);
#2075=B_SPLINE_CURVE_WITH_KNOTS('',3,(#2068,#2069,#2070,#2071,#2072,#2073,
#2074),.UNSPECIFIED.,.F.,.F.,(4,1,1,1,4),(0.E0,2.578376410199E-1,
5.089732696746E-1,7.497847226177E-1,1.E0),.UNSPECIFIED.);
#2080=B_SPLINE_CURVE_WITH_KNOTS('',3,(#2076,#2077,#2078,#2079),.UNSPECIFIED.,
.F.,.F.,(4,4),(0.E0,1.E0),.UNSPECIFIED.);
#2085=B_SPLINE_CURVE_WITH_KNOTS('',3,(#2081,#2082,#2083,#2084),.UNSPECIFIED.,
.F.,.F.,(4,4),(0.E0,1.E0),.UNSPECIFIED.);
#2090=B_SPLINE_CURVE_WITH_KNOTS('',3,(#2086,#2087,#2088,#2089),.UNSPECIFIED.,
.F.,.F.,(4,4),(0.E0,1.E0),.UNSPECIFIED.);
#2095=B_SPLINE_CURVE_WITH_KNOTS('',3,(#2091,#2092,#2093,#2094),.UNSPECIFIED.,
.F.,.F.,(4,4),(0.E0,1.E0),.UNSPECIFIED.);
#2100=B_SPLINE_CURVE_WITH_KNOTS('',3,(#2096,#2097,#2098,#2099),.UNSPECIFIED.,
.F.,.F.,(4,4),(0.E0,1.E0),.UNSPECIFIED.);
#2140=B_SPLINE_CURVE_WITH_KNOTS('',3,(#2133,#2134,#2135,#2136,#2137,#2138,
#2139),.UNSPECIFIED.,.F.,.F.,(4,1,1,1,4),(0.E0,2.226963329829E-1,
5.615438495888E-1,8.551881585072E-1,1.E0),.UNSPECIFIED.);
#2147=B_SPLINE_CURVE_WITH_KNOTS('',3,(#2141,#2142,#2143,#2144,#2145,#2146),
.UNSPECIFIED.,.F.,.F.,(4,1,1,4),(0.E0,2.761126116402E-1,5.534015859397E-1,1.E0),
.UNSPECIFIED.);
#2152=B_SPLINE_CURVE_WITH_KNOTS('',3,(#2148,#2149,#2150,#2151),.UNSPECIFIED.,
.F.,.F.,(4,4),(0.E0,1.E0),.UNSPECIFIED.);
#2157=B_SPLINE_CURVE_WITH_KNOTS('',3,(#2153,#2154,#2155,#2156),.UNSPECIFIED.,
.F.,.F.,(4,4),(0.E0,1.E0),.UNSPECIFIED.);
#2162=B_SPLINE_CURVE_WITH_KNOTS('',3,(#2158,#2159,#2160,#2161),.UNSPECIFIED.,
.F.,.F.,(4,4),(0.E0,1.E0),.UNSPECIFIED.);
#2169=B_SPLINE_CURVE_WITH_KNOTS('',3,(#2163,#2164,#2165,#2166,#2167,#2168),
.UNSPECIFIED.,.F.,.F.,(4,1,1,4),(0.E0,6.584959150851E-2,5.404520185202E-1,1.E0),
.UNSPECIFIED.);
#2174=B_SPLINE_CURVE_WITH_KNOTS('',3,(#2170,#2171,#2172,#2173),.UNSPECIFIED.,
.F.,.F.,(4,4),(0.E0,1.E0),.UNSPECIFIED.);
#2181=B_SPLINE_CURVE_WITH_KNOTS('',3,(#2175,#2176,#2177,#2178,#2179,#2180),
.UNSPECIFIED.,.F.,.F.,(4,1,1,4),(0.E0,3.564114353987E-2,5.270824027251E-1,1.E0),
.UNSPECIFIED.);
#2187=B_SPLINE_CURVE_WITH_KNOTS('',3,(#2182,#2183,#2184,#2185,#2186),
.UNSPECIFIED.,.F.,.F.,(4,1,4),(0.E0,4.675992636402E-1,1.E0),.UNSPECIFIED.);
#2194=B_SPLINE_CURVE_WITH_KNOTS('',3,(#2188,#2189,#2190,#2191,#2192,#2193),
.UNSPECIFIED.,.F.,.F.,(4,1,1,4),(0.E0,3.585443611440E-1,8.201936862644E-1,1.E0),
.UNSPECIFIED.);
#2200=B_SPLINE_CURVE_WITH_KNOTS('',3,(#2195,#2196,#2197,#2198,#2199),
.UNSPECIFIED.,.F.,.F.,(4,1,4),(0.E0,4.175733561965E-1,1.E0),.UNSPECIFIED.);
#2205=B_SPLINE_CURVE_WITH_KNOTS('',3,(#2201,#2202,#2203,#2204),.UNSPECIFIED.,
.F.,.F.,(4,4),(0.E0,1.E0),.UNSPECIFIED.);
#2210=B_SPLINE_CURVE_WITH_KNOTS('',3,(#2206,#2207,#2208,#2209),.UNSPECIFIED.,
.F.,.F.,(4,4),(0.E0,1.E0),.UNSPECIFIED.);
#2215=B_SPLINE_CURVE_WITH_KNOTS('',3,(#2211,#2212,#2213,#2214),.UNSPECIFIED.,
.F.,.F.,(4,4),(0.E0,1.E0),.UNSPECIFIED.);
#2222=B_SPLINE_CURVE_WITH_KNOTS('',3,(#2216,#2217,#2218,#2219,#2220,#2221),
.UNSPECIFIED.,.F.,.F.,(4,1,1,4),(0.E0,4.355221245185E-1,9.627213829328E-1,1.E0),
.UNSPECIFIED.);
#2231=B_SPLINE_CURVE_WITH_KNOTS('',3,(#2223,#2224,#2225,#2226,#2227,#2228,#2229,
#2230),.UNSPECIFIED.,.F.,.F.,(4,1,1,1,1,4),(0.E0,4.798572530125E-2,
3.069980039736E-1,5.632939930434E-1,8.060865076554E-1,1.E0),.UNSPECIFIED.);
#3423=EDGE_CURVE('',#2767,#2769,#19,.T.);
#3425=EDGE_CURVE('',#2767,#2781,#23,.T.);
#3427=EDGE_CURVE('',#2779,#2781,#27,.T.);
#3429=EDGE_CURVE('',#2779,#2769,#31,.T.);
#3446=EDGE_CURVE('',#3009,#3002,#35,.T.);
#3448=EDGE_CURVE('',#3009,#3011,#39,.T.);
#3450=EDGE_CURVE('',#3011,#3003,#43,.T.);
#3452=EDGE_CURVE('',#2914,#3003,#47,.T.);
#3454=EDGE_CURVE('',#2921,#2914,#51,.T.);
#3456=EDGE_CURVE('',#2921,#2923,#55,.T.);
#3458=EDGE_CURVE('',#2923,#2915,#59,.T.);
#3460=EDGE_CURVE('',#2862,#2915,#63,.T.);
#3462=EDGE_CURVE('',#2869,#2862,#67,.T.);
#3464=EDGE_CURVE('',#2869,#2871,#71,.T.);
#3466=EDGE_CURVE('',#2871,#2863,#75,.T.);
#3468=EDGE_CURVE('',#2766,#2863,#79,.T.);
#3470=EDGE_CURVE('',#2766,#2767,#821,.T.);
#3473=EDGE_CURVE('',#2769,#2771,#185,.T.);
#3475=EDGE_CURVE('',#3002,#2771,#83,.T.);
#3493=EDGE_CURVE('',#3002,#2930,#87,.T.);
#3495=EDGE_CURVE('',#2930,#2931,#92,.T.);
#3497=EDGE_CURVE('',#2931,#2933,#96,.T.);
#3499=EDGE_CURVE('',#2933,#2935,#101,.T.);
#3501=EDGE_CURVE('',#2935,#2937,#105,.T.);
#3503=EDGE_CURVE('',#2937,#2939,#109,.T.);
#3505=EDGE_CURVE('',#2939,#2941,#113,.T.);
#3507=EDGE_CURVE('',#2941,#2943,#118,.T.);
#3509=EDGE_CURVE('',#2943,#2945,#122,.T.);
#3511=EDGE_CURVE('',#2945,#3009,#126,.T.);
#3528=EDGE_CURVE('',#3013,#3006,#201,.T.);
#3530=EDGE_CURVE('',#3013,#2948,#130,.T.);
#3532=EDGE_CURVE('',#2948,#2949,#134,.T.);
#3534=EDGE_CURVE('',#2949,#2951,#139,.T.);
#3536=EDGE_CURVE('',#2951,#2953,#143,.T.);
#3538=EDGE_CURVE('',#2953,#2955,#147,.T.);
#3540=EDGE_CURVE('',#2955,#2957,#151,.T.);
#3542=EDGE_CURVE('',#2957,#2959,#156,.T.);
#3544=EDGE_CURVE('',#2959,#2961,#160,.T.);
#3546=EDGE_CURVE('',#2961,#2963,#165,.T.);
#3548=EDGE_CURVE('',#2963,#3006,#169,.T.);
#3565=EDGE_CURVE('',#3002,#3003,#173,.T.);
#3567=EDGE_CURVE('',#3003,#2966,#340,.T.);
#3569=EDGE_CURVE('',#2930,#2966,#419,.T.);
#3589=EDGE_CURVE('',#2771,#2773,#197,.T.);
#3591=EDGE_CURVE('',#2773,#2775,#837,.T.);
#3593=EDGE_CURVE('',#2775,#2766,#825,.T.);
#3596=EDGE_CURVE('',#2862,#2863,#177,.T.);
#3599=EDGE_CURVE('',#2914,#2915,#181,.T.);
#3619=EDGE_CURVE('',#2778,#2779,#189,.T.);
#3621=EDGE_CURVE('',#2787,#2778,#193,.T.);
#3623=EDGE_CURVE('',#2787,#2773,#841,.T.);
#3642=EDGE_CURVE('',#2778,#3006,#205,.T.);
#3646=EDGE_CURVE('',#2781,#2783,#833,.T.);
#3648=EDGE_CURVE('',#2867,#2783,#209,.T.);
#3650=EDGE_CURVE('',#2875,#2867,#213,.T.);
#3652=EDGE_CURVE('',#2873,#2875,#217,.T.);
#3654=EDGE_CURVE('',#2873,#2866,#221,.T.);
#3656=EDGE_CURVE('',#2919,#2866,#225,.T.);
#3658=EDGE_CURVE('',#2927,#2919,#229,.T.);
#3660=EDGE_CURVE('',#2925,#2927,#233,.T.);
#3662=EDGE_CURVE('',#2925,#2918,#237,.T.);
#3664=EDGE_CURVE('',#3007,#2918,#241,.T.);
#3666=EDGE_CURVE('',#3015,#3007,#245,.T.);
#3668=EDGE_CURVE('',#3013,#3015,#249,.T.);
#3685=EDGE_CURVE('',#3006,#3007,#253,.T.);
#3688=EDGE_CURVE('',#2918,#2919,#257,.T.);
#3691=EDGE_CURVE('',#2866,#2867,#261,.T.);
#3694=EDGE_CURVE('',#2783,#2785,#829,.T.);
#3696=EDGE_CURVE('',#2785,#2787,#845,.T.);
#3717=EDGE_CURVE('',#2963,#2999,#265,.T.);
#3719=EDGE_CURVE('',#2999,#3007,#344,.T.);
#3737=EDGE_CURVE('',#2961,#2997,#269,.T.);
#3739=EDGE_CURVE('',#2997,#2999,#349,.T.);
#3758=EDGE_CURVE('',#2959,#2995,#273,.T.);
#3760=EDGE_CURVE('',#2995,#2997,#353,.T.);
#3779=EDGE_CURVE('',#2957,#2993,#277,.T.);
#3781=EDGE_CURVE('',#2993,#2995,#358,.T.);
#3800=EDGE_CURVE('',#2955,#2991,#281,.T.);
#3802=EDGE_CURVE('',#2991,#2993,#362,.T.);
#3821=EDGE_CURVE('',#2953,#2989,#285,.T.);
#3823=EDGE_CURVE('',#2989,#2991,#366,.T.);
#3842=EDGE_CURVE('',#2951,#2987,#289,.T.);
#3844=EDGE_CURVE('',#2987,#2989,#370,.T.);
#3863=EDGE_CURVE('',#2949,#2985,#293,.T.);
#3865=EDGE_CURVE('',#2985,#2987,#375,.T.);
#3884=EDGE_CURVE('',#2948,#2984,#297,.T.);
#3886=EDGE_CURVE('',#2984,#2985,#379,.T.);
#3905=EDGE_CURVE('',#3015,#2984,#383,.T.);
#3925=EDGE_CURVE('',#2981,#3011,#301,.T.);
#3927=EDGE_CURVE('',#2979,#2981,#305,.T.);
#3929=EDGE_CURVE('',#2977,#2979,#310,.T.);
#3931=EDGE_CURVE('',#2975,#2977,#314,.T.);
#3933=EDGE_CURVE('',#2973,#2975,#318,.T.);
#3935=EDGE_CURVE('',#2971,#2973,#322,.T.);
#3937=EDGE_CURVE('',#2969,#2971,#327,.T.);
#3939=EDGE_CURVE('',#2967,#2969,#331,.T.);
#3941=EDGE_CURVE('',#2966,#2967,#336,.T.);
#3987=EDGE_CURVE('',#2945,#2981,#387,.T.);
#4006=EDGE_CURVE('',#2943,#2979,#391,.T.);
#4026=EDGE_CURVE('',#2941,#2977,#395,.T.);
#4046=EDGE_CURVE('',#2939,#2975,#399,.T.);
#4066=EDGE_CURVE('',#2937,#2973,#403,.T.);
#4086=EDGE_CURVE('',#2935,#2971,#407,.T.);
#4106=EDGE_CURVE('',#2933,#2969,#411,.T.);
#4126=EDGE_CURVE('',#2931,#2967,#415,.T.);
#4164=EDGE_CURVE('',#3027,#3031,#423,.T.);
#4166=EDGE_CURVE('',#3031,#2919,#533,.T.);
#4169=EDGE_CURVE('',#3027,#2918,#474,.T.);
#4186=EDGE_CURVE('',#3026,#3027,#470,.T.);
#4188=EDGE_CURVE('',#3026,#3030,#573,.T.);
#4190=EDGE_CURVE('',#3030,#3031,#525,.T.);
#4209=EDGE_CURVE('',#2914,#2878,#427,.T.);
#4211=EDGE_CURVE('',#2878,#2879,#432,.T.);
#4213=EDGE_CURVE('',#2879,#2881,#436,.T.);
#4215=EDGE_CURVE('',#2881,#2883,#441,.T.);
#4217=EDGE_CURVE('',#2883,#2885,#445,.T.);
#4219=EDGE_CURVE('',#2885,#2887,#449,.T.);
#4221=EDGE_CURVE('',#2887,#2889,#453,.T.);
#4223=EDGE_CURVE('',#2889,#2891,#458,.T.);
#4225=EDGE_CURVE('',#2891,#2893,#462,.T.);
#4227=EDGE_CURVE('',#2893,#2921,#466,.T.);
#4247=EDGE_CURVE('',#2925,#3026,#478,.T.);
#4265=EDGE_CURVE('',#2915,#2896,#521,.T.);
#4267=EDGE_CURVE('',#2878,#2896,#569,.T.);
#4286=EDGE_CURVE('',#2911,#2923,#482,.T.);
#4288=EDGE_CURVE('',#2909,#2911,#486,.T.);
#4290=EDGE_CURVE('',#2907,#2909,#491,.T.);
#4292=EDGE_CURVE('',#2905,#2907,#495,.T.);
#4294=EDGE_CURVE('',#2903,#2905,#499,.T.);
#4296=EDGE_CURVE('',#2901,#2903,#503,.T.);
#4298=EDGE_CURVE('',#2899,#2901,#508,.T.);
#4300=EDGE_CURVE('',#2897,#2899,#512,.T.);
#4302=EDGE_CURVE('',#2896,#2897,#517,.T.);
#4321=EDGE_CURVE('',#2927,#3030,#529,.T.);
#4342=EDGE_CURVE('',#2893,#2911,#537,.T.);
#4361=EDGE_CURVE('',#2891,#2909,#541,.T.);
#4381=EDGE_CURVE('',#2889,#2907,#545,.T.);
#4401=EDGE_CURVE('',#2887,#2905,#549,.T.);
#4421=EDGE_CURVE('',#2885,#2903,#553,.T.);
#4441=EDGE_CURVE('',#2883,#2901,#557,.T.);
#4461=EDGE_CURVE('',#2881,#2899,#561,.T.);
#4481=EDGE_CURVE('',#2879,#2897,#565,.T.);
#4539=EDGE_CURVE('',#2823,#2866,#663,.T.);
#4541=EDGE_CURVE('',#2823,#2859,#577,.T.);
#4543=EDGE_CURVE('',#2859,#2867,#710,.T.);
#4561=EDGE_CURVE('',#2862,#2790,#581,.T.);
#4563=EDGE_CURVE('',#2790,#2791,#586,.T.);
#4565=EDGE_CURVE('',#2791,#2793,#590,.T.);
#4567=EDGE_CURVE('',#2793,#2795,#595,.T.);
#4569=EDGE_CURVE('',#2795,#2797,#599,.T.);
#4571=EDGE_CURVE('',#2797,#2799,#603,.T.);
#4573=EDGE_CURVE('',#2799,#2801,#607,.T.);
#4575=EDGE_CURVE('',#2801,#2803,#612,.T.);
#4577=EDGE_CURVE('',#2803,#2805,#616,.T.);
#4579=EDGE_CURVE('',#2805,#2869,#620,.T.);
#4597=EDGE_CURVE('',#2873,#2808,#624,.T.);
#4599=EDGE_CURVE('',#2808,#2809,#628,.T.);
#4601=EDGE_CURVE('',#2809,#2811,#633,.T.);
#4603=EDGE_CURVE('',#2811,#2813,#637,.T.);
#4605=EDGE_CURVE('',#2813,#2815,#641,.T.);
#4607=EDGE_CURVE('',#2815,#2817,#645,.T.);
#4609=EDGE_CURVE('',#2817,#2819,#650,.T.);
#4611=EDGE_CURVE('',#2819,#2821,#654,.T.);
#4613=EDGE_CURVE('',#2821,#2823,#659,.T.);
#4632=EDGE_CURVE('',#2863,#2826,#706,.T.);
#4634=EDGE_CURVE('',#2790,#2826,#785,.T.);
#4653=EDGE_CURVE('',#2841,#2871,#667,.T.);
#4655=EDGE_CURVE('',#2839,#2841,#671,.T.);
#4657=EDGE_CURVE('',#2837,#2839,#676,.T.);
#4659=EDGE_CURVE('',#2835,#2837,#680,.T.);
#4661=EDGE_CURVE('',#2833,#2835,#684,.T.);
#4663=EDGE_CURVE('',#2831,#2833,#688,.T.);
#4665=EDGE_CURVE('',#2829,#2831,#693,.T.);
#4667=EDGE_CURVE('',#2827,#2829,#697,.T.);
#4669=EDGE_CURVE('',#2826,#2827,#702,.T.);
#4689=EDGE_CURVE('',#2857,#2859,#715,.T.);
#4691=EDGE_CURVE('',#2855,#2857,#719,.T.);
#4693=EDGE_CURVE('',#2853,#2855,#724,.T.);
#4695=EDGE_CURVE('',#2851,#2853,#728,.T.);
#4697=EDGE_CURVE('',#2849,#2851,#732,.T.);
#4699=EDGE_CURVE('',#2847,#2849,#736,.T.);
#4701=EDGE_CURVE('',#2845,#2847,#741,.T.);
#4703=EDGE_CURVE('',#2844,#2845,#745,.T.);
#4705=EDGE_CURVE('',#2875,#2844,#749,.T.);
#4724=EDGE_CURVE('',#2805,#2841,#753,.T.);
#4743=EDGE_CURVE('',#2803,#2839,#757,.T.);
#4763=EDGE_CURVE('',#2801,#2837,#761,.T.);
#4783=EDGE_CURVE('',#2799,#2835,#765,.T.);
#4803=EDGE_CURVE('',#2797,#2833,#769,.T.);
#4823=EDGE_CURVE('',#2795,#2831,#773,.T.);
#4843=EDGE_CURVE('',#2793,#2829,#777,.T.);
#4863=EDGE_CURVE('',#2791,#2827,#781,.T.);
#4902=EDGE_CURVE('',#2821,#2857,#789,.T.);
#4922=EDGE_CURVE('',#2819,#2855,#793,.T.);
#4942=EDGE_CURVE('',#2817,#2853,#797,.T.);
#4962=EDGE_CURVE('',#2815,#2851,#801,.T.);
#4982=EDGE_CURVE('',#2813,#2849,#805,.T.);
#5002=EDGE_CURVE('',#2811,#2847,#809,.T.);
#5022=EDGE_CURVE('',#2809,#2845,#813,.T.);
#5042=EDGE_CURVE('',#2808,#2844,#817,.T.);
#5082=EDGE_CURVE('',#2775,#2785,#849,.T.);
#5108=EDGE_CURVE('',#3022,#3023,#854,.T.);
#5110=EDGE_CURVE('',#3023,#3022,#859,.T.);
#5114=EDGE_CURVE('',#3231,#3232,#873,.T.);
#5116=EDGE_CURVE('',#3232,#3234,#877,.T.);
#5118=EDGE_CURVE('',#3234,#3236,#881,.T.);
#5120=EDGE_CURVE('',#3236,#3238,#885,.T.);
#5122=EDGE_CURVE('',#3238,#3240,#889,.T.);
#5124=EDGE_CURVE('',#3240,#3231,#893,.T.);
#5128=EDGE_CURVE('',#3241,#3242,#898,.T.);
#5130=EDGE_CURVE('',#3243,#3242,#908,.T.);
#5132=EDGE_CURVE('',#3243,#3244,#913,.T.);
#5134=EDGE_CURVE('',#3241,#3244,#923,.T.);
#5138=EDGE_CURVE('',#3247,#3248,#927,.T.);
#5140=EDGE_CURVE('',#3248,#3250,#931,.T.);
#5142=EDGE_CURVE('',#3250,#3252,#935,.T.);
#5144=EDGE_CURVE('',#3252,#3254,#939,.T.);
#5146=EDGE_CURVE('',#3254,#3256,#943,.T.);
#5148=EDGE_CURVE('',#3256,#3258,#947,.T.);
#5150=EDGE_CURVE('',#3258,#3260,#951,.T.);
#5152=EDGE_CURVE('',#3260,#3262,#955,.T.);
#5154=EDGE_CURVE('',#3262,#3264,#959,.T.);
#5156=EDGE_CURVE('',#3264,#3266,#963,.T.);
#5158=EDGE_CURVE('',#3266,#3268,#967,.T.);
#5160=EDGE_CURVE('',#3268,#3247,#971,.T.);
#5164=EDGE_CURVE('',#3273,#3274,#999,.T.);
#5166=EDGE_CURVE('',#3275,#3274,#1007,.T.);
#5168=EDGE_CURVE('',#3275,#3276,#1012,.T.);
#5170=EDGE_CURVE('',#3276,#3273,#1017,.T.);
#5174=EDGE_CURVE('',#3284,#3285,#1046,.T.);
#5176=EDGE_CURVE('',#3285,#3287,#1050,.T.);
#5178=EDGE_CURVE('',#3287,#3289,#1054,.T.);
#5180=EDGE_CURVE('',#3289,#3291,#1058,.T.);
#5182=EDGE_CURVE('',#3291,#3293,#1062,.T.);
#5184=EDGE_CURVE('',#3293,#3295,#1066,.T.);
#5186=EDGE_CURVE('',#3295,#3297,#1070,.T.);
#5188=EDGE_CURVE('',#3297,#3284,#1074,.T.);
#5192=EDGE_CURVE('',#3300,#3301,#1078,.T.);
#5194=EDGE_CURVE('',#3301,#3303,#1082,.T.);
#5196=EDGE_CURVE('',#3303,#3305,#1086,.T.);
#5198=EDGE_CURVE('',#3305,#3307,#1090,.T.);
#5200=EDGE_CURVE('',#3307,#3309,#1094,.T.);
#5202=EDGE_CURVE('',#3309,#3311,#1098,.T.);
#5204=EDGE_CURVE('',#3311,#3313,#1102,.T.);
#5206=EDGE_CURVE('',#3313,#3315,#1106,.T.);
#5208=EDGE_CURVE('',#3315,#3317,#1110,.T.);
#5210=EDGE_CURVE('',#3317,#3319,#1114,.T.);
#5212=EDGE_CURVE('',#3319,#3321,#1118,.T.);
#5214=EDGE_CURVE('',#3321,#3300,#1122,.T.);
#5218=EDGE_CURVE('',#3325,#3326,#1147,.T.);
#5220=EDGE_CURVE('',#3326,#3327,#1152,.T.);
#5222=EDGE_CURVE('',#3327,#3328,#1157,.T.);
#5224=EDGE_CURVE('',#3329,#3328,#1163,.T.);
#5226=EDGE_CURVE('',#3329,#3330,#1168,.T.);
#5228=EDGE_CURVE('',#3331,#3330,#1174,.T.);
#5230=EDGE_CURVE('',#3331,#3332,#1179,.T.);
#5232=EDGE_CURVE('',#3325,#3332,#1187,.T.);
#5236=EDGE_CURVE('',#3333,#3334,#1192,.T.);
#5238=EDGE_CURVE('',#3335,#3334,#1206,.T.);
#5240=EDGE_CURVE('',#3335,#3336,#1211,.T.);
#5242=EDGE_CURVE('',#3333,#3336,#1224,.T.);
#5246=EDGE_CURVE('',#3337,#3338,#1229,.T.);
#5248=EDGE_CURVE('',#3338,#3339,#1234,.T.);
#5250=EDGE_CURVE('',#3339,#3340,#1239,.T.);
#5252=EDGE_CURVE('',#3340,#3341,#1244,.T.);
#5254=EDGE_CURVE('',#3341,#3342,#1249,.T.);
#5256=EDGE_CURVE('',#3343,#3342,#1255,.T.);
#5258=EDGE_CURVE('',#3343,#3344,#1260,.T.);
#5260=EDGE_CURVE('',#3345,#3344,#1266,.T.);
#5262=EDGE_CURVE('',#3345,#3346,#1271,.T.);
#5264=EDGE_CURVE('',#3346,#3347,#1276,.T.);
#5266=EDGE_CURVE('',#3347,#3348,#1281,.T.);
#5268=EDGE_CURVE('',#3337,#3348,#1286,.T.);
#5272=EDGE_CURVE('',#3351,#3352,#1290,.T.);
#5274=EDGE_CURVE('',#3352,#3354,#1294,.T.);
#5276=EDGE_CURVE('',#3354,#3356,#1298,.T.);
#5278=EDGE_CURVE('',#3356,#3358,#1302,.T.);
#5280=EDGE_CURVE('',#3358,#3360,#1306,.T.);
#5282=EDGE_CURVE('',#3360,#3362,#1310,.T.);
#5284=EDGE_CURVE('',#3362,#3364,#1314,.T.);
#5286=EDGE_CURVE('',#3364,#3366,#1318,.T.);
#5288=EDGE_CURVE('',#3366,#3368,#1322,.T.);
#5290=EDGE_CURVE('',#3368,#3370,#1326,.T.);
#5292=EDGE_CURVE('',#3370,#3372,#1330,.T.);
#5294=EDGE_CURVE('',#3372,#3351,#1334,.T.);
#5298=EDGE_CURVE('',#3377,#3378,#1362,.T.);
#5300=EDGE_CURVE('',#3379,#3378,#1370,.T.);
#5302=EDGE_CURVE('',#3379,#3380,#1375,.T.);
#5304=EDGE_CURVE('',#3380,#3377,#1380,.T.);
#5308=EDGE_CURVE('',#3388,#3389,#1409,.T.);
#5310=EDGE_CURVE('',#3389,#3391,#1413,.T.);
#5312=EDGE_CURVE('',#3391,#3393,#1417,.T.);
#5314=EDGE_CURVE('',#3393,#3395,#1421,.T.);
#5316=EDGE_CURVE('',#3395,#3397,#1425,.T.);
#5318=EDGE_CURVE('',#3397,#3399,#1429,.T.);
#5320=EDGE_CURVE('',#3399,#3401,#1433,.T.);
#5322=EDGE_CURVE('',#3401,#3388,#1437,.T.);
#5326=EDGE_CURVE('',#3402,#3403,#1445,.T.);
#5328=EDGE_CURVE('',#3403,#3404,#1454,.T.);
#5330=EDGE_CURVE('',#3404,#3405,#1461,.T.);
#5332=EDGE_CURVE('',#3405,#3406,#1466,.T.);
#5334=EDGE_CURVE('',#3406,#3407,#1471,.T.);
#5336=EDGE_CURVE('',#3407,#3408,#1476,.T.);
#5338=EDGE_CURVE('',#3408,#3409,#1482,.T.);
#5340=EDGE_CURVE('',#3409,#3410,#1489,.T.);
#5342=EDGE_CURVE('',#3410,#3411,#1495,.T.);
#5344=EDGE_CURVE('',#3411,#3412,#1502,.T.);
#5346=EDGE_CURVE('',#3412,#3413,#1507,.T.);
#5348=EDGE_CURVE('',#3413,#3414,#1514,.T.);
#5350=EDGE_CURVE('',#3414,#3415,#1519,.T.);
#5352=EDGE_CURVE('',#3415,#3416,#1524,.T.);
#5354=EDGE_CURVE('',#3416,#3417,#1529,.T.);
#5356=EDGE_CURVE('',#3417,#3402,#1536,.T.);
#5373=EDGE_CURVE('',#3227,#3228,#864,.T.);
#5375=EDGE_CURVE('',#3228,#3227,#869,.T.);
#5392=EDGE_CURVE('',#3269,#3270,#976,.T.);
#5394=EDGE_CURVE('',#3271,#3270,#984,.T.);
#5396=EDGE_CURVE('',#3271,#3272,#989,.T.);
#5398=EDGE_CURVE('',#3272,#3269,#994,.T.);
#5415=EDGE_CURVE('',#3277,#3278,#1022,.T.);
#5417=EDGE_CURVE('',#3277,#3279,#1027,.T.);
#5419=EDGE_CURVE('',#3279,#3280,#1032,.T.);
#5421=EDGE_CURVE('',#3280,#3281,#1037,.T.);
#5423=EDGE_CURVE('',#3278,#3281,#1042,.T.);
#5440=EDGE_CURVE('',#3322,#3323,#1127,.T.);
#5442=EDGE_CURVE('',#3323,#3324,#1132,.T.);
#5444=EDGE_CURVE('',#3322,#3324,#1142,.T.);
#5461=EDGE_CURVE('',#3373,#3374,#1339,.T.);
#5463=EDGE_CURVE('',#3375,#3374,#1347,.T.);
#5465=EDGE_CURVE('',#3375,#3376,#1352,.T.);
#5467=EDGE_CURVE('',#3376,#3373,#1357,.T.);
#5484=EDGE_CURVE('',#3381,#3382,#1385,.T.);
#5486=EDGE_CURVE('',#3381,#3383,#1390,.T.);
#5488=EDGE_CURVE('',#3383,#3384,#1395,.T.);
#5490=EDGE_CURVE('',#3384,#3385,#1400,.T.);
#5492=EDGE_CURVE('',#3382,#3385,#1405,.T.);
#5510=EDGE_CURVE('',#3022,#3018,#1540,.T.);
#5512=EDGE_CURVE('',#3018,#3019,#1549,.T.);
#5514=EDGE_CURVE('',#3023,#3019,#1544,.T.);
#5533=EDGE_CURVE('',#3019,#3018,#1554,.T.);
#5568=EDGE_CURVE('',#3038,#3039,#1568,.T.);
#5570=EDGE_CURVE('',#3047,#3038,#1572,.T.);
#5572=EDGE_CURVE('',#3045,#3047,#1576,.T.);
#5574=EDGE_CURVE('',#3043,#3045,#1580,.T.);
#5576=EDGE_CURVE('',#3041,#3043,#1584,.T.);
#5578=EDGE_CURVE('',#3039,#3041,#1588,.T.);
#5595=EDGE_CURVE('',#3048,#3049,#1593,.T.);
#5597=EDGE_CURVE('',#3051,#3048,#1603,.T.);
#5599=EDGE_CURVE('',#3050,#3051,#1608,.T.);
#5601=EDGE_CURVE('',#3049,#3050,#1618,.T.);
#5618=EDGE_CURVE('',#3054,#3055,#1622,.T.);
#5620=EDGE_CURVE('',#3075,#3054,#1626,.T.);
#5622=EDGE_CURVE('',#3073,#3075,#1630,.T.);
#5624=EDGE_CURVE('',#3071,#3073,#1634,.T.);
#5626=EDGE_CURVE('',#3069,#3071,#1638,.T.);
#5628=EDGE_CURVE('',#3067,#3069,#1642,.T.);
#5630=EDGE_CURVE('',#3065,#3067,#1646,.T.);
#5632=EDGE_CURVE('',#3063,#3065,#1650,.T.);
#5634=EDGE_CURVE('',#3061,#3063,#1654,.T.);
#5636=EDGE_CURVE('',#3059,#3061,#1658,.T.);
#5638=EDGE_CURVE('',#3057,#3059,#1662,.T.);
#5640=EDGE_CURVE('',#3055,#3057,#1666,.T.);
#5657=EDGE_CURVE('',#3080,#3081,#1694,.T.);
#5659=EDGE_CURVE('',#3083,#3080,#1699,.T.);
#5661=EDGE_CURVE('',#3082,#3083,#1704,.T.);
#5663=EDGE_CURVE('',#3081,#3082,#1712,.T.);
#5667=EDGE_CURVE('',#3076,#3077,#1671,.T.);
#5669=EDGE_CURVE('',#3079,#3076,#1676,.T.);
#5671=EDGE_CURVE('',#3078,#3079,#1681,.T.);
#5673=EDGE_CURVE('',#3077,#3078,#1689,.T.);
#5690=EDGE_CURVE('',#3091,#3092,#1741,.T.);
#5692=EDGE_CURVE('',#3104,#3091,#1745,.T.);
#5694=EDGE_CURVE('',#3102,#3104,#1749,.T.);
#5696=EDGE_CURVE('',#3100,#3102,#1753,.T.);
#5698=EDGE_CURVE('',#3098,#3100,#1757,.T.);
#5700=EDGE_CURVE('',#3096,#3098,#1761,.T.);
#5702=EDGE_CURVE('',#3094,#3096,#1765,.T.);
#5704=EDGE_CURVE('',#3092,#3094,#1769,.T.);
#5708=EDGE_CURVE('',#3084,#3085,#1717,.T.);
#5710=EDGE_CURVE('',#3088,#3084,#1722,.T.);
#5712=EDGE_CURVE('',#3087,#3088,#1727,.T.);
#5714=EDGE_CURVE('',#3086,#3087,#1732,.T.);
#5716=EDGE_CURVE('',#3085,#3086,#1737,.T.);
#5733=EDGE_CURVE('',#3107,#3108,#1773,.T.);
#5735=EDGE_CURVE('',#3128,#3107,#1777,.T.);
#5737=EDGE_CURVE('',#3126,#3128,#1781,.T.);
#5739=EDGE_CURVE('',#3124,#3126,#1785,.T.);
#5741=EDGE_CURVE('',#3122,#3124,#1789,.T.);
#5743=EDGE_CURVE('',#3120,#3122,#1793,.T.);
#5745=EDGE_CURVE('',#3118,#3120,#1797,.T.);
#5747=EDGE_CURVE('',#3116,#3118,#1801,.T.);
#5749=EDGE_CURVE('',#3114,#3116,#1805,.T.);
#5751=EDGE_CURVE('',#3112,#3114,#1809,.T.);
#5753=EDGE_CURVE('',#3110,#3112,#1813,.T.);
#5755=EDGE_CURVE('',#3108,#3110,#1817,.T.);
#5772=EDGE_CURVE('',#3132,#3133,#1842,.T.);
#5774=EDGE_CURVE('',#3139,#3132,#1850,.T.);
#5776=EDGE_CURVE('',#3138,#3139,#1855,.T.);
#5778=EDGE_CURVE('',#3137,#3138,#1861,.T.);
#5780=EDGE_CURVE('',#3136,#3137,#1866,.T.);
#5782=EDGE_CURVE('',#3135,#3136,#1872,.T.);
#5784=EDGE_CURVE('',#3134,#3135,#1877,.T.);
#5786=EDGE_CURVE('',#3133,#3134,#1882,.T.);
#5790=EDGE_CURVE('',#3129,#3130,#1822,.T.);
#5792=EDGE_CURVE('',#3131,#3129,#1832,.T.);
#5794=EDGE_CURVE('',#3130,#3131,#1837,.T.);
#5811=EDGE_CURVE('',#3140,#3141,#1887,.T.);
#5813=EDGE_CURVE('',#3143,#3140,#1900,.T.);
#5815=EDGE_CURVE('',#3142,#3143,#1905,.T.);
#5817=EDGE_CURVE('',#3141,#3142,#1919,.T.);
#5834=EDGE_CURVE('',#3144,#3145,#1924,.T.);
#5836=EDGE_CURVE('',#3155,#3144,#1929,.T.);
#5838=EDGE_CURVE('',#3154,#3155,#1934,.T.);
#5840=EDGE_CURVE('',#3153,#3154,#1939,.T.);
#5842=EDGE_CURVE('',#3152,#3153,#1944,.T.);
#5844=EDGE_CURVE('',#3151,#3152,#1950,.T.);
#5846=EDGE_CURVE('',#3150,#3151,#1955,.T.);
#5848=EDGE_CURVE('',#3149,#3150,#1961,.T.);
#5850=EDGE_CURVE('',#3148,#3149,#1966,.T.);
#5852=EDGE_CURVE('',#3147,#3148,#1971,.T.);
#5854=EDGE_CURVE('',#3146,#3147,#1976,.T.);
#5856=EDGE_CURVE('',#3145,#3146,#1981,.T.);
#5873=EDGE_CURVE('',#3158,#3159,#1985,.T.);
#5875=EDGE_CURVE('',#3179,#3158,#1989,.T.);
#5877=EDGE_CURVE('',#3177,#3179,#1993,.T.);
#5879=EDGE_CURVE('',#3175,#3177,#1997,.T.);
#5881=EDGE_CURVE('',#3173,#3175,#2001,.T.);
#5883=EDGE_CURVE('',#3171,#3173,#2005,.T.);
#5885=EDGE_CURVE('',#3169,#3171,#2009,.T.);
#5887=EDGE_CURVE('',#3167,#3169,#2013,.T.);
#5889=EDGE_CURVE('',#3165,#3167,#2017,.T.);
#5891=EDGE_CURVE('',#3163,#3165,#2021,.T.);
#5893=EDGE_CURVE('',#3161,#3163,#2025,.T.);
#5895=EDGE_CURVE('',#3159,#3161,#2029,.T.);
#5912=EDGE_CURVE('',#3184,#3185,#2057,.T.);
#5914=EDGE_CURVE('',#3187,#3184,#2062,.T.);
#5916=EDGE_CURVE('',#3186,#3187,#2067,.T.);
#5918=EDGE_CURVE('',#3185,#3186,#2075,.T.);
#5922=EDGE_CURVE('',#3180,#3181,#2034,.T.);
#5924=EDGE_CURVE('',#3183,#3180,#2039,.T.);
#5926=EDGE_CURVE('',#3182,#3183,#2044,.T.);
#5928=EDGE_CURVE('',#3181,#3182,#2052,.T.);
#5945=EDGE_CURVE('',#3195,#3196,#2104,.T.);
#5947=EDGE_CURVE('',#3208,#3195,#2108,.T.);
#5949=EDGE_CURVE('',#3206,#3208,#2112,.T.);
#5951=EDGE_CURVE('',#3204,#3206,#2116,.T.);
#5953=EDGE_CURVE('',#3202,#3204,#2120,.T.);
#5955=EDGE_CURVE('',#3200,#3202,#2124,.T.);
#5957=EDGE_CURVE('',#3198,#3200,#2128,.T.);
#5959=EDGE_CURVE('',#3196,#3198,#2132,.T.);
#5963=EDGE_CURVE('',#3188,#3189,#2080,.T.);
#5965=EDGE_CURVE('',#3192,#3188,#2085,.T.);
#5967=EDGE_CURVE('',#3191,#3192,#2090,.T.);
#5969=EDGE_CURVE('',#3190,#3191,#2095,.T.);
#5971=EDGE_CURVE('',#3189,#3190,#2100,.T.);
#5988=EDGE_CURVE('',#3209,#3210,#2140,.T.);
#5990=EDGE_CURVE('',#3224,#3209,#2147,.T.);
#5992=EDGE_CURVE('',#3223,#3224,#2152,.T.);
#5994=EDGE_CURVE('',#3222,#3223,#2157,.T.);
#5996=EDGE_CURVE('',#3221,#3222,#2162,.T.);
#5998=EDGE_CURVE('',#3220,#3221,#2169,.T.);
#6000=EDGE_CURVE('',#3219,#3220,#2174,.T.);
#6002=EDGE_CURVE('',#3218,#3219,#2181,.T.);
#6004=EDGE_CURVE('',#3217,#3218,#2187,.T.);
#6006=EDGE_CURVE('',#3216,#3217,#2194,.T.);
#6008=EDGE_CURVE('',#3215,#3216,#2200,.T.);
#6010=EDGE_CURVE('',#3214,#3215,#2205,.T.);
#6012=EDGE_CURVE('',#3213,#3214,#2210,.T.);
#6014=EDGE_CURVE('',#3212,#3213,#2215,.T.);
#6016=EDGE_CURVE('',#3211,#3212,#2222,.T.);
#6018=EDGE_CURVE('',#3210,#3211,#2231,.T.);
#6022=EDGE_CURVE('',#3034,#3035,#1559,.T.);
#6024=EDGE_CURVE('',#3035,#3034,#1564,.T.);
#6042=EDGE_CURVE('',#3228,#3034,#2235,.T.);
#6045=EDGE_CURVE('',#3227,#3035,#2239,.T.);
#6068=EDGE_CURVE('',#3231,#3038,#2243,.T.);
#6071=EDGE_CURVE('',#3232,#3039,#2263,.T.);
#6082=EDGE_CURVE('',#3240,#3047,#2247,.T.);
#6095=EDGE_CURVE('',#3238,#3045,#2251,.T.);
#6108=EDGE_CURVE('',#3236,#3043,#2255,.T.);
#6121=EDGE_CURVE('',#3234,#3041,#2259,.T.);
#6146=B_SPLINE_CURVE_WITH_KNOTS('',3,(#6140,#6141,#6142,#6143,#6144,#6145),
.UNSPECIFIED.,.F.,.F.,(4,1,1,4),(0.E0,2.396562202049E-1,7.603437797951E-1,1.E0),
.UNSPECIFIED.);
#6151=EDGE_CURVE('',#3241,#3048,#2267,.T.);
#6154=EDGE_CURVE('',#3242,#3049,#2279,.T.);
#6170=B_SPLINE_CURVE_WITH_KNOTS('',3,(#6159,#6160,#6161,#6162,#6163,#6164,#6165,
#6166,#6167,#6168,#6169),.UNSPECIFIED.,.F.,.F.,(4,1,1,1,1,1,1,1,4),(0.E0,
1.353399105075E-2,1.454260026217E-1,3.177719458101E-1,4.965850292202E-1,
6.898351932488E-1,8.743298854365E-1,9.864354512694E-1,1.E0),.UNSPECIFIED.);
#6175=EDGE_CURVE('',#3244,#3051,#2271,.T.);
#6188=B_SPLINE_CURVE_WITH_KNOTS('',3,(#6182,#6183,#6184,#6185,#6186,#6187),
.UNSPECIFIED.,.F.,.F.,(4,1,1,4),(0.E0,2.288247475368E-1,7.711752524632E-1,1.E0),
.UNSPECIFIED.);
#6193=EDGE_CURVE('',#3243,#3050,#2275,.T.);
#6211=B_SPLINE_CURVE_WITH_KNOTS('',3,(#6200,#6201,#6202,#6203,#6204,#6205,#6206,
#6207,#6208,#6209,#6210),.UNSPECIFIED.,.F.,.F.,(4,1,1,1,1,1,1,1,4),(0.E0,
1.654260910851E-2,1.546365818720E-1,3.218123563971E-1,5.027563017461E-1,
6.741814164365E-1,8.319465752339E-1,9.835033993721E-1,1.E0),.UNSPECIFIED.);
#6228=EDGE_CURVE('',#3247,#3054,#2283,.T.);
#6231=EDGE_CURVE('',#3248,#3055,#2327,.T.);
#6242=EDGE_CURVE('',#3268,#3075,#2287,.T.);
#6255=EDGE_CURVE('',#3266,#3073,#2291,.T.);
#6268=EDGE_CURVE('',#3264,#3071,#2295,.T.);
#6281=EDGE_CURVE('',#3262,#3069,#2299,.T.);
#6294=EDGE_CURVE('',#3260,#3067,#2303,.T.);
#6307=EDGE_CURVE('',#3258,#3065,#2307,.T.);
#6320=EDGE_CURVE('',#3256,#3063,#2311,.T.);
#6333=EDGE_CURVE('',#3254,#3061,#2315,.T.);
#6346=EDGE_CURVE('',#3252,#3059,#2319,.T.);
#6359=EDGE_CURVE('',#3250,#3057,#2323,.T.);
#6384=B_SPLINE_CURVE_WITH_KNOTS('',3,(#6378,#6379,#6380,#6381,#6382,#6383),
.UNSPECIFIED.,.F.,.F.,(4,1,1,4),(0.E0,2.149169805448E-1,7.850830194552E-1,1.E0),
.UNSPECIFIED.);
#6389=EDGE_CURVE('',#3269,#3076,#2331,.T.);
#6392=EDGE_CURVE('',#3270,#3077,#2343,.T.);
#6403=B_SPLINE_CURVE_WITH_KNOTS('',3,(#6397,#6398,#6399,#6400,#6401,#6402),
.UNSPECIFIED.,.F.,.F.,(4,1,1,4),(0.E0,6.435576992700E-2,9.356442300730E-1,1.E0),
.UNSPECIFIED.);
#6408=EDGE_CURVE('',#3272,#3079,#2335,.T.);
#6421=B_SPLINE_CURVE_WITH_KNOTS('',3,(#6415,#6416,#6417,#6418,#6419,#6420),
.UNSPECIFIED.,.F.,.F.,(4,1,1,4),(0.E0,2.197940349710E-1,7.802059650290E-1,1.E0),
.UNSPECIFIED.);
#6426=EDGE_CURVE('',#3271,#3078,#2339,.T.);
#6442=B_SPLINE_CURVE_WITH_KNOTS('',3,(#6433,#6434,#6435,#6436,#6437,#6438,#6439,
#6440,#6441),.UNSPECIFIED.,.F.,.F.,(4,1,1,1,1,1,4),(0.E0,2.288589184174E-2,
2.672740371942E-1,5.076665432870E-1,7.421537895435E-1,9.776132245795E-1,1.E0),
.UNSPECIFIED.);
#6459=B_SPLINE_CURVE_WITH_KNOTS('',3,(#6453,#6454,#6455,#6456,#6457,#6458),
.UNSPECIFIED.,.F.,.F.,(4,1,1,4),(0.E0,1.464109115118E-1,8.535890884882E-1,1.E0),
.UNSPECIFIED.);
#6464=EDGE_CURVE('',#3273,#3080,#2347,.T.);
#6467=EDGE_CURVE('',#3274,#3081,#2359,.T.);
#6478=B_SPLINE_CURVE_WITH_KNOTS('',3,(#6472,#6473,#6474,#6475,#6476,#6477),
.UNSPECIFIED.,.F.,.F.,(4,1,1,4),(0.E0,5.112289824419E-2,9.488771017558E-1,1.E0),
.UNSPECIFIED.);
#6483=EDGE_CURVE('',#3276,#3083,#2351,.T.);
#6496=B_SPLINE_CURVE_WITH_KNOTS('',3,(#6490,#6491,#6492,#6493,#6494,#6495),
.UNSPECIFIED.,.F.,.F.,(4,1,1,4),(0.E0,1.426604883123E-1,8.573395116877E-1,1.E0),
.UNSPECIFIED.);
#6501=EDGE_CURVE('',#3275,#3082,#2355,.T.);
#6517=B_SPLINE_CURVE_WITH_KNOTS('',3,(#6508,#6509,#6510,#6511,#6512,#6513,#6514,
#6515,#6516),.UNSPECIFIED.,.F.,.F.,(4,1,1,1,1,1,4),(0.E0,1.770646238683E-2,
2.591149233101E-1,4.914505457956E-1,7.337469644277E-1,9.825095049814E-1,1.E0),
.UNSPECIFIED.);
#6534=B_SPLINE_CURVE_WITH_KNOTS('',3,(#6528,#6529,#6530,#6531,#6532,#6533),
.UNSPECIFIED.,.F.,.F.,(4,1,1,4),(0.E0,2.209228646530E-1,7.796549067093E-1,1.E0),
.UNSPECIFIED.);
#6539=EDGE_CURVE('',#3278,#3084,#2363,.T.);
#6542=EDGE_CURVE('',#3277,#3085,#2379,.T.);
#6553=B_SPLINE_CURVE_WITH_KNOTS('',3,(#6547,#6548,#6549,#6550,#6551,#6552),
.UNSPECIFIED.,.F.,.F.,(4,1,1,4),(0.E0,2.210383131668E-1,7.797993150195E-1,1.E0),
.UNSPECIFIED.);
#6558=EDGE_CURVE('',#3281,#3088,#2367,.T.);
#6571=B_SPLINE_CURVE_WITH_KNOTS('',3,(#6565,#6566,#6567,#6568,#6569,#6570),
.UNSPECIFIED.,.F.,.F.,(4,1,1,4),(0.E0,1.024902214159E-1,8.975097785841E-1,1.E0),
.UNSPECIFIED.);
#6576=EDGE_CURVE('',#3280,#3087,#2371,.T.);
#6589=B_SPLINE_CURVE_WITH_KNOTS('',3,(#6583,#6584,#6585,#6586,#6587,#6588),
.UNSPECIFIED.,.F.,.F.,(4,1,1,4),(0.E0,1.266789845875E-1,8.733210154125E-1,1.E0),
.UNSPECIFIED.);
#6594=EDGE_CURVE('',#3279,#3086,#2375,.T.);
#6607=B_SPLINE_CURVE_WITH_KNOTS('',3,(#6601,#6602,#6603,#6604,#6605,#6606),
.UNSPECIFIED.,.F.,.F.,(4,1,1,4),(0.E0,1.023940999243E-1,8.976059000757E-1,1.E0),
.UNSPECIFIED.);
#6624=EDGE_CURVE('',#3284,#3091,#2383,.T.);
#6627=EDGE_CURVE('',#3285,#3092,#2411,.T.);
#6638=EDGE_CURVE('',#3297,#3104,#2387,.T.);
#6651=EDGE_CURVE('',#3295,#3102,#2391,.T.);
#6664=EDGE_CURVE('',#3293,#3100,#2395,.T.);
#6677=EDGE_CURVE('',#3291,#3098,#2399,.T.);
#6690=EDGE_CURVE('',#3289,#3096,#2403,.T.);
#6703=EDGE_CURVE('',#3287,#3094,#2407,.T.);
#6728=EDGE_CURVE('',#3300,#3107,#2415,.T.);
#6731=EDGE_CURVE('',#3301,#3108,#2459,.T.);
#6742=EDGE_CURVE('',#3321,#3128,#2419,.T.);
#6755=EDGE_CURVE('',#3319,#3126,#2423,.T.);
#6768=EDGE_CURVE('',#3317,#3124,#2427,.T.);
#6781=EDGE_CURVE('',#3315,#3122,#2431,.T.);
#6794=EDGE_CURVE('',#3313,#3120,#2435,.T.);
#6807=EDGE_CURVE('',#3311,#3118,#2439,.T.);
#6820=EDGE_CURVE('',#3309,#3116,#2443,.T.);
#6833=EDGE_CURVE('',#3307,#3114,#2447,.T.);
#6846=EDGE_CURVE('',#3305,#3112,#2451,.T.);
#6859=EDGE_CURVE('',#3303,#3110,#2455,.T.);
#6884=B_SPLINE_CURVE_WITH_KNOTS('',3,(#6878,#6879,#6880,#6881,#6882,#6883),
.UNSPECIFIED.,.F.,.F.,(4,1,1,4),(0.E0,2.015227170038E-1,7.984772829962E-1,1.E0),
.UNSPECIFIED.);
#6889=EDGE_CURVE('',#3322,#3129,#2463,.T.);
#6892=EDGE_CURVE('',#3323,#3130,#2471,.T.);
#6908=B_SPLINE_CURVE_WITH_KNOTS('',3,(#6897,#6898,#6899,#6900,#6901,#6902,#6903,
#6904,#6905,#6906,#6907),.UNSPECIFIED.,.F.,.F.,(4,1,1,1,1,1,1,1,4),(0.E0,
3.874512277197E-2,2.041494524048E-1,3.278529792858E-1,4.444936734912E-1,
5.739504140467E-1,7.638112729484E-1,9.630716901240E-1,1.E0),.UNSPECIFIED.);
#6913=EDGE_CURVE('',#3324,#3131,#2467,.T.);
#6926=B_SPLINE_CURVE_WITH_KNOTS('',3,(#6920,#6921,#6922,#6923,#6924,#6925),
.UNSPECIFIED.,.F.,.F.,(4,1,1,4),(0.E0,1.923076923077E-2,9.807692307692E-1,1.E0),
.UNSPECIFIED.);
#6943=B_SPLINE_CURVE_WITH_KNOTS('',3,(#6937,#6938,#6939,#6940,#6941,#6942),
.UNSPECIFIED.,.F.,.F.,(4,1,1,4),(0.E0,2.538574202719E-1,7.461425797281E-1,1.E0),
.UNSPECIFIED.);
#6948=EDGE_CURVE('',#3325,#3132,#2475,.T.);
#6951=EDGE_CURVE('',#3326,#3133,#2503,.T.);
#6965=B_SPLINE_CURVE_WITH_KNOTS('',3,(#6956,#6957,#6958,#6959,#6960,#6961,#6962,
#6963,#6964),.UNSPECIFIED.,.F.,.F.,(4,1,1,1,1,1,4),(0.E0,3.034218571266E-2,
2.900457907490E-1,4.669965261578E-1,6.331136931026E-1,9.703023608098E-1,1.E0),
.UNSPECIFIED.);
#6970=EDGE_CURVE('',#3332,#3139,#2479,.T.);
#6983=B_SPLINE_CURVE_WITH_KNOTS('',3,(#6977,#6978,#6979,#6980,#6981,#6982),
.UNSPECIFIED.,.F.,.F.,(4,1,1,4),(0.E0,1.738182846884E-1,8.261817153116E-1,1.E0),
.UNSPECIFIED.);
#6988=EDGE_CURVE('',#3331,#3138,#2483,.T.);
#7002=B_SPLINE_CURVE_WITH_KNOTS('',3,(#6995,#6996,#6997,#6998,#6999,#7000,
#7001),.UNSPECIFIED.,.F.,.F.,(4,1,1,1,4),(0.E0,5.628306820489E-2,
4.798453555793E-1,9.456572353149E-1,1.E0),.UNSPECIFIED.);
#7007=EDGE_CURVE('',#3330,#3137,#2487,.T.);
#7020=B_SPLINE_CURVE_WITH_KNOTS('',3,(#7014,#7015,#7016,#7017,#7018,#7019),
.UNSPECIFIED.,.F.,.F.,(4,1,1,4),(0.E0,2.417367044072E-1,7.582632955928E-1,1.E0),
.UNSPECIFIED.);
#7025=EDGE_CURVE('',#3329,#3136,#2491,.T.);
#7039=B_SPLINE_CURVE_WITH_KNOTS('',3,(#7032,#7033,#7034,#7035,#7036,#7037,
#7038),.UNSPECIFIED.,.F.,.F.,(4,1,1,1,4),(0.E0,4.395565056315E-2,
4.135246449988E-1,9.565164640538E-1,1.E0),.UNSPECIFIED.);
#7044=EDGE_CURVE('',#3328,#3135,#2495,.T.);
#7057=B_SPLINE_CURVE_WITH_KNOTS('',3,(#7051,#7052,#7053,#7054,#7055,#7056),
.UNSPECIFIED.,.F.,.F.,(4,1,1,4),(0.E0,9.929400236825E-2,9.007059976317E-1,1.E0),
.UNSPECIFIED.);
#7062=EDGE_CURVE('',#3327,#3134,#2499,.T.);
#7075=B_SPLINE_CURVE_WITH_KNOTS('',3,(#7069,#7070,#7071,#7072,#7073,#7074),
.UNSPECIFIED.,.F.,.F.,(4,1,1,4),(0.E0,2.381192072812E-1,7.618807927188E-1,1.E0),
.UNSPECIFIED.);
#7092=B_SPLINE_CURVE_WITH_KNOTS('',3,(#7086,#7087,#7088,#7089,#7090,#7091),
.UNSPECIFIED.,.F.,.F.,(4,1,1,4),(0.E0,2.341152698159E-1,7.658847301841E-1,1.E0),
.UNSPECIFIED.);
#7097=EDGE_CURVE('',#3333,#3140,#2507,.T.);
#7100=EDGE_CURVE('',#3334,#3141,#2519,.T.);
#7119=B_SPLINE_CURVE_WITH_KNOTS('',3,(#7105,#7106,#7107,#7108,#7109,#7110,#7111,
#7112,#7113,#7114,#7115,#7116,#7117,#7118),.UNSPECIFIED.,.F.,.F.,(4,1,1,1,1,1,1,
1,1,1,1,4),(0.E0,1.918848280245E-2,1.618650147744E-1,2.777874299127E-1,
3.271914135877E-1,4.229793924050E-1,5.417280598463E-1,6.195001283286E-1,
7.325736157663E-1,8.677282389343E-1,9.807778041284E-1,1.E0),.UNSPECIFIED.);
#7124=EDGE_CURVE('',#3336,#3143,#2511,.T.);
#7137=B_SPLINE_CURVE_WITH_KNOTS('',3,(#7131,#7132,#7133,#7134,#7135,#7136),
.UNSPECIFIED.,.F.,.F.,(4,1,1,4),(0.E0,2.417367044142E-1,7.582632955858E-1,1.E0),
.UNSPECIFIED.);
#7142=EDGE_CURVE('',#3335,#3142,#2515,.T.);
#7164=B_SPLINE_CURVE_WITH_KNOTS('',3,(#7149,#7150,#7151,#7152,#7153,#7154,#7155,
#7156,#7157,#7158,#7159,#7160,#7161,#7162,#7163),.UNSPECIFIED.,.F.,.F.,(4,1,1,1,
1,1,1,1,1,1,1,1,4),(0.E0,1.887362830147E-2,1.417271747346E-1,2.082594526809E-1,
2.598750995528E-1,3.066675608689E-1,3.953875333312E-1,5.166027927145E-1,
5.981935057054E-1,7.115655236531E-1,8.519862113897E-1,9.810579246620E-1,1.E0),
.UNSPECIFIED.);
#7181=B_SPLINE_CURVE_WITH_KNOTS('',3,(#7175,#7176,#7177,#7178,#7179,#7180),
.UNSPECIFIED.,.F.,.F.,(4,1,1,4),(0.E0,1.923076923077E-2,9.807692307692E-1,1.E0),
.UNSPECIFIED.);
#7186=EDGE_CURVE('',#3337,#3144,#2523,.T.);
#7189=EDGE_CURVE('',#3338,#3145,#2567,.T.);
#7200=B_SPLINE_CURVE_WITH_KNOTS('',3,(#7194,#7195,#7196,#7197,#7198,#7199),
.UNSPECIFIED.,.F.,.F.,(4,1,1,4),(0.E0,2.424866817312E-1,7.571901632114E-1,1.E0),
.UNSPECIFIED.);
#7205=EDGE_CURVE('',#3348,#3155,#2527,.T.);
#7218=B_SPLINE_CURVE_WITH_KNOTS('',3,(#7212,#7213,#7214,#7215,#7216,#7217),
.UNSPECIFIED.,.F.,.F.,(4,1,1,4),(0.E0,8.301115121622E-2,9.169888487838E-1,1.E0),
.UNSPECIFIED.);
#7223=EDGE_CURVE('',#3347,#3154,#2531,.T.);
#7236=B_SPLINE_CURVE_WITH_KNOTS('',3,(#7230,#7231,#7232,#7233,#7234,#7235),
.UNSPECIFIED.,.F.,.F.,(4,1,1,4),(0.E0,2.336242254419E-1,7.663757745581E-1,1.E0),
.UNSPECIFIED.);
#7241=EDGE_CURVE('',#3346,#3153,#2535,.T.);
#7254=B_SPLINE_CURVE_WITH_KNOTS('',3,(#7248,#7249,#7250,#7251,#7252,#7253),
.UNSPECIFIED.,.F.,.F.,(4,1,1,4),(0.E0,5.708413485451E-2,9.429158651455E-1,1.E0),
.UNSPECIFIED.);
#7259=EDGE_CURVE('',#3345,#3152,#2539,.T.);
#7273=B_SPLINE_CURVE_WITH_KNOTS('',3,(#7266,#7267,#7268,#7269,#7270,#7271,
#7272),.UNSPECIFIED.,.F.,.F.,(4,1,1,1,4),(0.E0,6.271050935207E-2,
7.708432865665E-1,9.392788332957E-1,1.E0),.UNSPECIFIED.);
#7278=EDGE_CURVE('',#3344,#3151,#2543,.T.);
#7291=B_SPLINE_CURVE_WITH_KNOTS('',3,(#7285,#7286,#7287,#7288,#7289,#7290),
.UNSPECIFIED.,.F.,.F.,(4,1,1,4),(0.E0,2.527055389078E-1,7.472944610922E-1,1.E0),
.UNSPECIFIED.);
#7296=EDGE_CURVE('',#3343,#3150,#2547,.T.);
#7310=B_SPLINE_CURVE_WITH_KNOTS('',3,(#7303,#7304,#7305,#7306,#7307,#7308,
#7309),.UNSPECIFIED.,.F.,.F.,(4,1,1,1,4),(0.E0,1.021552961421E-1,
3.484881761222E-1,9.028145785247E-1,1.E0),.UNSPECIFIED.);
#7315=EDGE_CURVE('',#3342,#3149,#2551,.T.);
#7328=B_SPLINE_CURVE_WITH_KNOTS('',3,(#7322,#7323,#7324,#7325,#7326,#7327),
.UNSPECIFIED.,.F.,.F.,(4,1,1,4),(0.E0,2.234036258551E-1,7.765963741449E-1,1.E0),
.UNSPECIFIED.);
#7333=EDGE_CURVE('',#3341,#3148,#2555,.T.);
#7346=B_SPLINE_CURVE_WITH_KNOTS('',3,(#7340,#7341,#7342,#7343,#7344,#7345),
.UNSPECIFIED.,.F.,.F.,(4,1,1,4),(0.E0,6.473559058432E-2,9.352644094157E-1,1.E0),
.UNSPECIFIED.);
#7351=EDGE_CURVE('',#3340,#3147,#2559,.T.);
#7364=B_SPLINE_CURVE_WITH_KNOTS('',3,(#7358,#7359,#7360,#7361,#7362,#7363),
.UNSPECIFIED.,.F.,.F.,(4,1,1,4),(0.E0,2.242184969646E-1,7.757815030354E-1,1.E0),
.UNSPECIFIED.);
#7369=EDGE_CURVE('',#3339,#3146,#2563,.T.);
#7382=B_SPLINE_CURVE_WITH_KNOTS('',3,(#7376,#7377,#7378,#7379,#7380,#7381),
.UNSPECIFIED.,.F.,.F.,(4,1,1,4),(0.E0,8.347189284073E-2,9.165281071593E-1,1.E0),
.UNSPECIFIED.);
#7399=EDGE_CURVE('',#3351,#3158,#2571,.T.);
#7402=EDGE_CURVE('',#3352,#3159,#2615,.T.);
#7413=EDGE_CURVE('',#3372,#3179,#2575,.T.);
#7426=EDGE_CURVE('',#3370,#3177,#2579,.T.);
#7439=EDGE_CURVE('',#3368,#3175,#2583,.T.);
#7452=EDGE_CURVE('',#3366,#3173,#2587,.T.);
#7465=EDGE_CURVE('',#3364,#3171,#2591,.T.);
#7478=EDGE_CURVE('',#3362,#3169,#2595,.T.);
#7491=EDGE_CURVE('',#3360,#3167,#2599,.T.);
#7504=EDGE_CURVE('',#3358,#3165,#2603,.T.);
#7517=EDGE_CURVE('',#3356,#3163,#2607,.T.);
#7530=EDGE_CURVE('',#3354,#3161,#2611,.T.);
#7555=B_SPLINE_CURVE_WITH_KNOTS('',3,(#7549,#7550,#7551,#7552,#7553,#7554),
.UNSPECIFIED.,.F.,.F.,(4,1,1,4),(0.E0,2.149169805392E-1,7.850830194608E-1,1.E0),
.UNSPECIFIED.);
#7560=EDGE_CURVE('',#3373,#3180,#2619,.T.);
#7563=EDGE_CURVE('',#3374,#3181,#2631,.T.);
#7574=B_SPLINE_CURVE_WITH_KNOTS('',3,(#7568,#7569,#7570,#7571,#7572,#7573),
.UNSPECIFIED.,.F.,.F.,(4,1,1,4),(0.E0,6.435576992700E-2,9.356442300730E-1,1.E0),
.UNSPECIFIED.);
#7579=EDGE_CURVE('',#3376,#3183,#2623,.T.);
#7592=B_SPLINE_CURVE_WITH_KNOTS('',3,(#7586,#7587,#7588,#7589,#7590,#7591),
.UNSPECIFIED.,.F.,.F.,(4,1,1,4),(0.E0,2.197940349710E-1,7.802059650290E-1,1.E0),
.UNSPECIFIED.);
#7597=EDGE_CURVE('',#3375,#3182,#2627,.T.);
#7613=B_SPLINE_CURVE_WITH_KNOTS('',3,(#7604,#7605,#7606,#7607,#7608,#7609,#7610,
#7611,#7612),.UNSPECIFIED.,.F.,.F.,(4,1,1,1,1,1,4),(0.E0,2.288589184197E-2,
2.672740371966E-1,5.076665432946E-1,7.421537895463E-1,9.776132245793E-1,1.E0),
.UNSPECIFIED.);
#7630=B_SPLINE_CURVE_WITH_KNOTS('',3,(#7624,#7625,#7626,#7627,#7628,#7629),
.UNSPECIFIED.,.F.,.F.,(4,1,1,4),(0.E0,1.464109115118E-1,8.535890884882E-1,1.E0),
.UNSPECIFIED.);
#7635=EDGE_CURVE('',#3377,#3184,#2635,.T.);
#7638=EDGE_CURVE('',#3378,#3185,#2647,.T.);
#7649=B_SPLINE_CURVE_WITH_KNOTS('',3,(#7643,#7644,#7645,#7646,#7647,#7648),
.UNSPECIFIED.,.F.,.F.,(4,1,1,4),(0.E0,5.112289824419E-2,9.488771017558E-1,1.E0),
.UNSPECIFIED.);
#7654=EDGE_CURVE('',#3380,#3187,#2639,.T.);
#7667=B_SPLINE_CURVE_WITH_KNOTS('',3,(#7661,#7662,#7663,#7664,#7665,#7666),
.UNSPECIFIED.,.F.,.F.,(4,1,1,4),(0.E0,1.426604883147E-1,8.573395116853E-1,1.E0),
.UNSPECIFIED.);
#7672=EDGE_CURVE('',#3379,#3186,#2643,.T.);
#7688=B_SPLINE_CURVE_WITH_KNOTS('',3,(#7679,#7680,#7681,#7682,#7683,#7684,#7685,
#7686,#7687),.UNSPECIFIED.,.F.,.F.,(4,1,1,1,1,1,4),(0.E0,1.770646238684E-2,
2.591149233089E-1,4.914505458E-1,7.337469644299E-1,9.825095049813E-1,1.E0),
.UNSPECIFIED.);
#7705=B_SPLINE_CURVE_WITH_KNOTS('',3,(#7699,#7700,#7701,#7702,#7703,#7704),
.UNSPECIFIED.,.F.,.F.,(4,1,1,4),(0.E0,1.923076923077E-2,9.807692307692E-1,1.E0),
.UNSPECIFIED.);
#7710=EDGE_CURVE('',#3382,#3188,#2651,.T.);
#7713=EDGE_CURVE('',#3381,#3189,#2667,.T.);
#7724=B_SPLINE_CURVE_WITH_KNOTS('',3,(#7718,#7719,#7720,#7721,#7722,#7723),
.UNSPECIFIED.,.F.,.F.,(4,1,1,4),(0.E0,2.210758649773E-1,7.797584628685E-1,1.E0),
.UNSPECIFIED.);
#7729=EDGE_CURVE('',#3385,#3192,#2655,.T.);
#7742=B_SPLINE_CURVE_WITH_KNOTS('',3,(#7736,#7737,#7738,#7739,#7740,#7741),
.UNSPECIFIED.,.F.,.F.,(4,1,1,4),(0.E0,1.024902214166E-1,8.975097785834E-1,1.E0),
.UNSPECIFIED.);
#7747=EDGE_CURVE('',#3384,#3191,#2659,.T.);
#7760=B_SPLINE_CURVE_WITH_KNOTS('',3,(#7754,#7755,#7756,#7757,#7758,#7759),
.UNSPECIFIED.,.F.,.F.,(4,1,1,4),(0.E0,1.266789845875E-1,8.733210154125E-1,1.E0),
.UNSPECIFIED.);
#7765=EDGE_CURVE('',#3383,#3190,#2663,.T.);
#7778=B_SPLINE_CURVE_WITH_KNOTS('',3,(#7772,#7773,#7774,#7775,#7776,#7777),
.UNSPECIFIED.,.F.,.F.,(4,1,1,4),(0.E0,1.023940999236E-1,8.976059000764E-1,1.E0),
.UNSPECIFIED.);
#7795=EDGE_CURVE('',#3388,#3195,#2671,.T.);
#7798=EDGE_CURVE('',#3389,#3196,#2699,.T.);
#7809=EDGE_CURVE('',#3401,#3208,#2675,.T.);
#7822=EDGE_CURVE('',#3399,#3206,#2679,.T.);
#7835=EDGE_CURVE('',#3397,#3204,#2683,.T.);
#7848=EDGE_CURVE('',#3395,#3202,#2687,.T.);
#7861=EDGE_CURVE('',#3393,#3200,#2691,.T.);
#7874=EDGE_CURVE('',#3391,#3198,#2695,.T.);
#7902=B_SPLINE_CURVE_WITH_KNOTS('',3,(#7893,#7894,#7895,#7896,#7897,#7898,#7899,
#7900,#7901),.UNSPECIFIED.,.F.,.F.,(4,1,1,1,1,1,4),(0.E0,9.953872168542E-3,
2.282191177643E-1,5.603244355343E-1,8.481259738237E-1,9.900564300877E-1,1.E0),
.UNSPECIFIED.);
#7907=EDGE_CURVE('',#3402,#3209,#2703,.T.);
#7910=EDGE_CURVE('',#3403,#3210,#2763,.T.);
#7923=B_SPLINE_CURVE_WITH_KNOTS('',3,(#7915,#7916,#7917,#7918,#7919,#7920,#7921,
#7922),.UNSPECIFIED.,.F.,.F.,(4,1,1,1,1,4),(0.E0,1.107850614725E-2,
2.810833284244E-1,5.522384914587E-1,9.889578600572E-1,1.E0),.UNSPECIFIED.);
#7928=EDGE_CURVE('',#3417,#3224,#2707,.T.);
#7941=B_SPLINE_CURVE_WITH_KNOTS('',3,(#7935,#7936,#7937,#7938,#7939,#7940),
.UNSPECIFIED.,.F.,.F.,(4,1,1,4),(0.E0,1.923076923077E-2,9.807692307692E-1,1.E0),
.UNSPECIFIED.);
#7946=EDGE_CURVE('',#3416,#3223,#2711,.T.);
#7959=B_SPLINE_CURVE_WITH_KNOTS('',3,(#7953,#7954,#7955,#7956,#7957,#7958),
.UNSPECIFIED.,.F.,.F.,(4,1,1,4),(0.E0,1.923076923077E-2,9.807692307692E-1,1.E0),
.UNSPECIFIED.);
#7964=EDGE_CURVE('',#3415,#3222,#2715,.T.);
#7977=B_SPLINE_CURVE_WITH_KNOTS('',3,(#7971,#7972,#7973,#7974,#7975,#7976),
.UNSPECIFIED.,.F.,.F.,(4,1,1,4),(0.E0,1.160455640646E-1,8.839544359354E-1,1.E0),
.UNSPECIFIED.);
#7982=EDGE_CURVE('',#3414,#3221,#2719,.T.);
#7997=B_SPLINE_CURVE_WITH_KNOTS('',3,(#7989,#7990,#7991,#7992,#7993,#7994,#7995,
#7996),.UNSPECIFIED.,.F.,.F.,(4,1,1,1,1,4),(0.E0,4.242679637433E-2,
1.026663965667E-1,5.368355356391E-1,9.572327778906E-1,1.E0),.UNSPECIFIED.);
#8002=EDGE_CURVE('',#3413,#3220,#2723,.T.);
#8015=B_SPLINE_CURVE_WITH_KNOTS('',3,(#8009,#8010,#8011,#8012,#8013,#8014),
.UNSPECIFIED.,.F.,.F.,(4,1,1,4),(0.E0,1.312599998008E-1,8.687400001992E-1,1.E0),
.UNSPECIFIED.);
#8020=EDGE_CURVE('',#3412,#3219,#2727,.T.);
#8035=B_SPLINE_CURVE_WITH_KNOTS('',3,(#8027,#8028,#8029,#8030,#8031,#8032,#8033,
#8034),.UNSPECIFIED.,.F.,.F.,(4,1,1,1,1,4),(0.E0,1.856027399196E-2,
5.288034422988E-2,5.261058599652E-1,9.814943111541E-1,1.E0),.UNSPECIFIED.);
#8040=EDGE_CURVE('',#3411,#3218,#2731,.T.);
#8054=B_SPLINE_CURVE_WITH_KNOTS('',3,(#8047,#8048,#8049,#8050,#8051,#8052,
#8053),.UNSPECIFIED.,.F.,.F.,(4,1,1,1,4),(0.E0,1.191276097872E-2,
4.684006636683E-1,9.881501894467E-1,1.E0),.UNSPECIFIED.);
#8059=EDGE_CURVE('',#3410,#3217,#2735,.T.);
#8074=B_SPLINE_CURVE_WITH_KNOTS('',3,(#8066,#8067,#8068,#8069,#8070,#8071,#8072,
#8073),.UNSPECIFIED.,.F.,.F.,(4,1,1,1,1,4),(0.E0,1.356503443196E-2,
3.624221088287E-1,8.115984184070E-1,9.865466573578E-1,1.E0),.UNSPECIFIED.);
#8079=EDGE_CURVE('',#3409,#3216,#2739,.T.);
#8093=B_SPLINE_CURVE_WITH_KNOTS('',3,(#8086,#8087,#8088,#8089,#8090,#8091,
#8092),.UNSPECIFIED.,.F.,.F.,(4,1,1,1,4),(0.E0,2.043304786035E-2,
4.209913957345E-1,9.796856963594E-1,1.E0),.UNSPECIFIED.);
#8098=EDGE_CURVE('',#3408,#3215,#2743,.T.);
#8111=B_SPLINE_CURVE_WITH_KNOTS('',3,(#8105,#8106,#8107,#8108,#8109,#8110),
.UNSPECIFIED.,.F.,.F.,(4,1,1,4),(0.E0,4.790234874806E-2,9.520976512519E-1,1.E0),
.UNSPECIFIED.);
#8116=EDGE_CURVE('',#3407,#3214,#2747,.T.);
#8129=B_SPLINE_CURVE_WITH_KNOTS('',3,(#8123,#8124,#8125,#8126,#8127,#8128),
.UNSPECIFIED.,.F.,.F.,(4,1,1,4),(0.E0,1.034540486129E-1,8.965459513871E-1,1.E0),
.UNSPECIFIED.);
#8134=EDGE_CURVE('',#3406,#3213,#2751,.T.);
#8147=B_SPLINE_CURVE_WITH_KNOTS('',3,(#8141,#8142,#8143,#8144,#8145,#8146),
.UNSPECIFIED.,.F.,.F.,(4,1,1,4),(0.E0,4.593210335634E-2,9.540678966437E-1,1.E0),
.UNSPECIFIED.);
#8152=EDGE_CURVE('',#3405,#3212,#2755,.T.);
#8167=B_SPLINE_CURVE_WITH_KNOTS('',3,(#8159,#8160,#8161,#8162,#8163,#8164,#8165,
#8166),.UNSPECIFIED.,.F.,.F.,(4,1,1,1,1,4),(0.E0,1.558522242345E-2,
4.375542639818E-1,9.483475239782E-1,9.844660617721E-1,1.E0),.UNSPECIFIED.);
#8172=EDGE_CURVE('',#3404,#3211,#2759,.T.);
#8189=B_SPLINE_CURVE_WITH_KNOTS('',3,(#8179,#8180,#8181,#8182,#8183,#8184,#8185,
#8186,#8187,#8188),.UNSPECIFIED.,.F.,.F.,(4,1,1,1,1,1,1,4),(0.E0,
1.001440441029E-2,5.703972966838E-2,3.108680624474E-1,5.620344702216E-1,
7.999676659413E-1,9.900001181382E-1,1.E0),.UNSPECIFIED.);
#8200=CLOSED_SHELL('',(#3433,#3479,#3515,#3552,#3574,#3604,#3628,#3672,#3702,
#3723,#3744,#3765,#3786,#3807,#3828,#3849,#3870,#3891,#3911,#3946,#3972,#3992,
#4012,#4032,#4052,#4072,#4092,#4112,#4132,#4151,#4173,#4195,#4231,#4251,#4272,
#4307,#4327,#4347,#4367,#4387,#4407,#4427,#4447,#4467,#4487,#4506,#4525,#4547,
#4583,#4618,#4639,#4674,#4709,#4729,#4749,#4769,#4789,#4809,#4829,#4849,#4869,
#4888,#4908,#4928,#4948,#4968,#4988,#5008,#5028,#5048,#5067,#5089,#5360,#5379,
#5402,#5427,#5448,#5471,#5496,#5518,#5538,#5555,#5582,#5605,#5644,#5677,#5720,
#5759,#5798,#5821,#5860,#5899,#5932,#5975,#6028,#6049,#6061,#6075,#6088,#6101,
#6114,#6127,#6139,#6158,#6181,#6199,#6221,#6235,#6248,#6261,#6274,#6287,#6300,
#6313,#6326,#6339,#6352,#6365,#6377,#6396,#6414,#6432,#6452,#6471,#6489,#6507,
#6527,#6546,#6564,#6582,#6600,#6617,#6631,#6644,#6657,#6670,#6683,#6696,#6709,
#6721,#6735,#6748,#6761,#6774,#6787,#6800,#6813,#6826,#6839,#6852,#6865,#6877,
#6896,#6919,#6936,#6955,#6976,#6994,#7013,#7031,#7050,#7068,#7085,#7104,#7130,
#7148,#7174,#7193,#7211,#7229,#7247,#7265,#7284,#7302,#7321,#7339,#7357,#7375,
#7392,#7406,#7419,#7432,#7445,#7458,#7471,#7484,#7497,#7510,#7523,#7536,#7548,
#7567,#7585,#7603,#7623,#7642,#7660,#7678,#7698,#7717,#7735,#7753,#7771,#7788,
#7802,#7815,#7828,#7841,#7854,#7867,#7880,#7892,#7914,#7934,#7952,#7970,#7988,
#8008,#8026,#8046,#8065,#8085,#8104,#8122,#8140,#8158,#8178,#8199));
#8201=MANIFOLD_SOLID_BREP('',#8200);
#8202=(LENGTH_UNIT()NAMED_UNIT(*)SI_UNIT(.MILLI.,.METRE.));
#8204=(NAMED_UNIT(*)PLANE_ANGLE_UNIT()SI_UNIT($,.RADIAN.));
#8207=(NAMED_UNIT(*)SI_UNIT($,.STERADIAN.)SOLID_ANGLE_UNIT());
#8210=ADVANCED_BREP_SHAPE_REPRESENTATION('',(#8201),#8209);
#8218=PRODUCT_DEFINITION('design','',#8217,#8214);
#8219=PRODUCT_DEFINITION_SHAPE('','SHAPE FOR SOT-23.',#8218);
#8220=SHAPE_ASPECT('','solid data associated with SOT-23',#8219,.F.);
#8221=PROPERTY_DEFINITION('',
'shape for solid data with which properties are associated',#8220);
#8222=SHAPE_REPRESENTATION('',(#8201),#8209);
#8223=SHAPE_DEFINITION_REPRESENTATION(#8221,#8222);
#8224=(LENGTH_UNIT()NAMED_UNIT(*)SI_UNIT(.MILLI.,.METRE.));
#8228=PROPERTY_DEFINITION('geometric validation property','area of SOT-23',
#8220);
#8229=REPRESENTATION('surface area',(#8227),#8209);
#8230=PROPERTY_DEFINITION_REPRESENTATION(#8228,#8229);
#8231=(LENGTH_UNIT()NAMED_UNIT(*)SI_UNIT(.MILLI.,.METRE.));
#8235=PROPERTY_DEFINITION('geometric validation property','volume of SOT-23',
#8220);
#8236=REPRESENTATION('volume',(#8234),#8209);
#8237=PROPERTY_DEFINITION_REPRESENTATION(#8235,#8236);
#8239=PROPERTY_DEFINITION('geometric validation property','centroid of SOT-23',
#8220);
#8240=REPRESENTATION('centroid',(#8238),#8209);
#8241=PROPERTY_DEFINITION_REPRESENTATION(#8239,#8240);
#8242=(LENGTH_UNIT()NAMED_UNIT(*)SI_UNIT(.MILLI.,.METRE.));
#8246=PROPERTY_DEFINITION('geometric validation property','area of SOT-23',
#8219);
#8247=REPRESENTATION('surface area',(#8245),#8209);
#8248=PROPERTY_DEFINITION_REPRESENTATION(#8246,#8247);
#8249=(LENGTH_UNIT()NAMED_UNIT(*)SI_UNIT(.MILLI.,.METRE.));
#8253=PROPERTY_DEFINITION('geometric validation property','volume of SOT-23',
#8219);
#8254=REPRESENTATION('volume',(#8252),#8209);
#8255=PROPERTY_DEFINITION_REPRESENTATION(#8253,#8254);
#8257=PROPERTY_DEFINITION('geometric validation property','centroid of SOT-23',
#8219);
#8258=REPRESENTATION('centroid',(#8256),#8209);
#8259=PROPERTY_DEFINITION_REPRESENTATION(#8257,#8258);
#8260=SHAPE_DEFINITION_REPRESENTATION(#8219,#8210);
ENDSEC;
END-ISO-10303-21;
