#VRML V2.0 utf8
# 3D model generated by easyeda2kicad.py (https://github.com/uPesy/easyeda2kicad.py)

Shape{
    appearance Appearance {
        material  Material 	{
            diffuseColor 0.7529411764705882 0.7529411764705882 0.7529411764705882
            specularColor 0.3764705882352941 0.3764705882352941 0.3764705882352941
            ambientIntensity 0.7529
            transparency 0.0
            shininess 0.5
        }
    }
    geometry IndexedFaceSet {
        ccw TRUE
        solid FALSE
        coord DEF co Coordinate {
            point [
                2.5886 -1.4627 2.6575, 2.5886 -1.817 2.6575, 2.5886 -1.817 1.7136, 2.5886 -0.4674 1.35, 2.5886 -0.4254 1.35, 2.5886 -0.4254 1.3878, 2.5886 -0.5529 1.1905, 2.5886 -0.5498 1.194, 2.5886 -0.5498 1.2159, 2.5886 -4.2744 1.3357, 2.5886 -4.2632 1.3363, 2.5886 -4.2632 1.3878, 2.5886 -2.0998 1.1831, 2.5886 -2.115 1.1633, 2.5886 -1.817 1.1633, 2.5886 -0.0787 1.8307, 2.5886 -0.1072 1.8307, 2.5886 -0.1072 1.7136, 2.5886 -0.3211 1.4279, 2.5886 -0.3346 1.4643, 2.5886 -0.3834 1.4643, 2.5886 -0.267 1.2591, 2.5886 -0.2691 1.255, 2.5886 -0.2691 1.2159, 2.5886 -1.0843 1.4217, 2.5886 -1.0854 1.4268, 2.5886 -1.4627 1.4268, 2.5886 -1.444 1.2221, 2.5886 -1.4627 1.2311, 2.5886 -1.4627 1.2159, 2.5886 -1.0052 1.4572, 2.5886 -0.9796 1.4355, 2.5886 -0.89 1.562, 2.5886 -0.89 1.4268, 2.5886 -1.1287 1.5745, 2.5886 -1.1104 1.562, 2.5886 -1.089 1.5474, 2.5886 -1.0576 1.511, 2.5886 -1.038 1.4727, 2.5886 -1.0333 1.4712, 2.5886 -1.3272 1.562, 2.5886 -1.3068 1.5745, 2.5886 -1.4627 1.7136, 2.5886 -1.1759 1.5918, 2.5886 -0.89 1.7136, 2.5886 -1.2175 1.5965, 2.5886 -1.2632 1.591, 2.5886 -1.3531 1.5406, 2.5886 -1.3309 1.5597, 2.5886 -1.4627 1.562, 2.5886 -1.4627 1.5033, 2.5886 -1.4315 1.5154, 2.5886 -1.3943 1.52, 2.5886 -1.3834 1.5194, 2.5886 -1.3725 1.5181, 2.5886 -1.817 1.4268, 2.5886 -1.5339 1.4268, 2.5886 -1.817 1.562, 2.5886 -1.5257 1.4455, 2.5886 -1.5029 1.4746, 2.5886 -1.4966 1.4806, 2.5886 -1.4665 1.5018, 2.5886 -1.4782 1.2387, 2.5886 -1.5077 1.2638, 2.5886 -1.817 1.2159, 2.5886 -1.5292 1.2946, 2.5886 -1.5428 1.3298, 2.5886 -1.5474 1.3669, 2.5886 -1.817 1.3878, 2.5886 -1.5471 1.3759, 2.5886 -1.545 1.3878, 2.5886 -1.5407 1.4114, 2.5886 -1.4321 1.2185, 2.5886 -1.39 1.1669, 2.5886 -1.4085 1.1808, 2.5886 -1.4627 1.1633, 2.5886 -1.4226 1.1982, 2.5886 -1.4309 1.2159, 2.5886 -1.3423 1.1542, 2.5886 -1.4627 1.0689, 2.5886 -1.3194 1.157, 2.5886 -0.89 1.0689, 2.5886 -1.3032 1.1633, 2.5886 -1.3459 1.1543, 2.5886 -1.3682 1.1578, 2.5886 -1.3814 1.1633, 2.5886 -1.2537 1.2159, 2.5886 -1.2538 1.2155, 2.5886 -0.89 1.1633, 2.5886 -1.265 1.1944, 2.5886 -1.2795 1.1782, 2.5886 -1.2983 1.1651, 2.5886 -0.9487 1.3798, 2.5886 -0.9444 1.3489, 2.5886 -0.89 1.3878, 2.5886 -1.2879 1.3271, 2.5886 -1.2714 1.312, 2.5886 -1.1448 1.3782, 2.5886 -1.1331 1.2717, 2.5886 -1.1266 1.2742, 2.5886 -1.1155 1.3281, 2.5886 -1.1389 1.2676, 2.5886 -1.3857 1.3334, 2.5886 -1.3649 1.3414, 2.5886 -1.4627 1.3878, 2.5886 -1.0035 1.3563, 2.5886 -1.0079 1.3745, 2.5886 -1.0152 1.3878, 2.5886 -0.9487 1.3152, 2.5886 -0.89 1.2159, 2.5886 -0.9606 1.2853, 2.5886 -0.9794 1.2591, 2.5886 -1.4311 1.2818, 2.5886 -1.4207 1.3021, 2.5886 -1.4517 1.2945, 2.5886 -1.4627 1.3057, 2.5886 -1.4051 1.32, 2.5886 -1.1192 1.2752, 2.5886 -1.1183 1.2751, 2.5886 -1.1155 1.2745, 2.5886 -1.3423 1.3442, 2.5886 -1.3308 1.3435, 2.5886 -1.308 1.3378, 2.5886 -1.0051 1.2374, 2.5886 -1.0339 1.2232, 2.5886 -1.0654 1.2166, 2.5886 -1.1485 1.2459, 2.5886 -1.1483 1.2496, 2.5886 -1.2478 1.2582, 2.5886 -1.1464 1.2568, 2.5886 -1.1428 1.2633, 2.5886 -1.0222 1.298, 2.5886 -1.0118 1.3127, 2.5886 -1.0053 1.3295, 2.5886 -1.003 1.348, 2.5886 -1.1211 1.2166, 2.5886 -1.1265 1.2175, 2.5886 -1.1327 1.2199, 2.5886 -1.1388 1.2243, 2.5886 -1.141 1.2265, 2.5886 -1.1452 1.2324, 2.5886 -1.1476 1.2389, 2.5886 -1.2483 1.2388, 2.5886 -1.2478 1.2487, 2.5886 -1.1136 1.2742, 2.5886 -1.071 1.2742, 2.5886 -1.054 1.2775, 2.5886 -1.0374 1.2852, 2.5886 -1.0234 1.2967, 2.5886 -1.4878 1.3687, 2.5886 -1.4867 1.3541, 2.5886 -1.4799 1.331, 2.5886 -1.4687 1.3119, 2.5886 -1.4671 1.4268, 2.5886 -1.4769 1.4127, 2.5886 -1.485 1.3916, 2.5886 -1.4855 1.3878, 2.5886 -1.4627 1.4326, 2.5886 -1.4638 1.4315, 2.5886 -1.1047 1.4785, 2.5886 -1.126 1.504, 2.5886 -1.3432 1.4491, 2.5886 -1.1283 1.5061, 2.5886 -1.1549 1.5245, 2.5886 -1.3288 1.479, 2.5886 -1.3499 1.4527, 2.5886 -1.0901 1.4481, 2.5886 -1.3711 1.4605, 2.5886 -1.3933 1.4633, 2.5886 -1.4032 1.4627, 2.5886 -1.3076 1.5043, 2.5886 -1.1845 1.5359, 2.5886 -1.2823 1.5228, 2.5886 -1.2166 1.5398, 2.5886 -1.2514 1.5353, 2.5886 -1.4265 1.4572, 2.5886 -1.4476 1.446, 2.5886 -1.0767 1.4217, 2.5886 -1.0167 1.3907, 2.5886 -1.0276 1.4029, 2.5886 -1.0422 1.4131, 2.5886 -1.0587 1.4195, 2.5886 -0.9733 1.4268, 2.5886 -0.9603 1.4086, 2.5886 -0.952 1.3878, 2.5886 -0.274 1.2456, 2.5886 -0.2827 1.2357, 2.5886 -0.2967 1.2257, 2.5886 -0.3126 1.3477, 2.5886 -0.2966 1.3419, 2.5886 -0.2691 1.3878, 2.5886 -0.2827 1.3324, 2.5886 -0.2779 1.3277, 2.5886 -0.3118 1.2198, 2.5886 -0.3343 1.2171, 2.5886 -0.3834 1.2159, 2.5886 -0.3708 1.2171, 2.5886 -0.3834 1.3878, 2.5886 -0.3708 1.35, 2.5886 -0.3329 1.35, 2.5886 -0.2633 1.2743, 2.5886 -0.2589 1.2159, 2.5886 -0.2697 1.3161, 2.5886 -0.2691 1.3146, 2.5886 -0.2589 1.3878, 2.5886 -0.2648 1.3034, 2.5886 -0.2626 1.2852, 2.5886 -0.7648 1.2159, 2.5886 -0.8355 1.2171, 2.5886 -0.7648 1.2171, 2.5886 -0.8355 1.35, 2.5886 -0.7648 1.2322, 2.5886 -0.7648 1.3878, 2.5886 -0.7671 1.3347, 2.5886 -0.7671 1.35, 2.5886 -0.8184 1.2769, 2.5886 -0.8184 1.2322, 2.5886 -0.7709 1.2769, 2.5886 -0.7709 1.2921, 2.5886 -0.8184 1.2921, 2.5886 -0.8184 1.3347, 2.5886 -0.7641 1.2171, 2.5886 -0.762 1.2159, 2.5886 -0.7641 1.2322, 2.5886 -0.3527 1.5608, 2.5886 -0.3021 1.4279, 2.5886 -0.2691 1.4268, 2.5886 -0.3834 1.4268, 2.5886 -0.39 1.4643, 2.5886 -0.4027 1.4279, 2.5886 -0.4254 1.4268, 2.5886 -0.4217 1.4279, 2.5886 -0.4254 1.562, 2.5886 -0.3834 1.5285, 2.5886 -0.3834 1.562, 2.5886 -0.6662 1.5421, 2.5886 -0.6948 1.441, 2.5886 -0.6865 1.4414, 2.5886 -0.729 1.5318, 2.5886 -0.7354 1.5225, 2.5886 -0.7419 1.4878, 2.5886 -0.7397 1.4746, 2.5886 -0.6718 1.4446, 2.5886 -0.6662 1.4472, 2.5886 -0.662 1.5405, 2.5886 -0.6605 1.4499, 2.5886 -0.6605 1.5397, 2.5886 -0.6549 1.4268, 2.5886 -0.6549 1.562, 2.5886 -0.6918 1.5476, 2.5886 -0.6973 1.5474, 2.5886 -0.728 1.5328, 2.5886 -0.7088 1.5451, 2.5886 -0.7193 1.5401, 2.5886 -0.7399 1.511, 2.5886 -0.742 1.4929, 2.5886 -0.7354 1.4639, 2.5886 -0.729 1.455, 2.5886 -0.7257 1.4518, 2.5886 -0.6755 1.5456, 2.5886 -0.7168 1.4458, 2.5886 -0.7072 1.4423, 2.5886 -0.6777 1.562, 2.5886 -0.6746 1.5617, 2.5886 -0.6662 1.562, 2.5886 -0.6662 1.5593, 2.5886 -0.6605 1.5577, 2.5886 -0.7013 1.562, 2.5886 -0.692 1.5631, 2.5886 -0.6662 1.7136, 2.5886 -0.762 1.7136, 2.5886 -0.762 1.562, 2.5886 -0.7111 1.5608, 2.5886 -0.762 1.4268, 2.5886 -0.7211 1.4295, 2.5886 -0.7335 1.4357, 2.5886 -0.7568 1.5162, 2.5886 -0.7505 1.5309, 2.5886 -0.7408 1.5435, 2.5886 -0.743 1.4438, 2.5886 -0.7441 1.4451, 2.5886 -0.752 1.4565, 2.5886 -0.7574 1.4704, 2.5886 -0.76 1.4919, 2.5886 -0.7598 1.4988, 2.5886 -0.7379 1.5463, 2.5886 -0.725 1.5554, 2.5886 -0.7094 1.4268, 2.5886 -0.762 1.3878, 2.5886 -0.707 1.4262, 2.5886 -0.6973 1.4257, 2.5886 -0.6662 1.3878, 2.5886 -0.6856 1.4268, 2.5886 -0.6605 1.4334, 2.5886 -0.6628 1.4323, 2.5886 -0.6662 1.4268, 2.5886 -0.6662 1.4312, 2.5886 -0.677 1.4276, 2.5886 -0.7648 1.7136, 2.5886 -0.7648 1.8307, 2.5886 -0.89 1.8307, 2.5886 -1.3779 1.8307, 2.5886 -1.3779 2.1654, 2.5886 -0.762 1.8307, 2.5886 -0.6662 1.8307, 2.5886 -0.6549 1.8307, 2.5886 -0.6549 1.7136, 2.5886 -0.5498 1.8307, 2.5886 -0.5498 1.7136, 2.5886 -0.4764 1.8307, 2.5886 -0.4764 1.7136, 2.5886 -0.4254 1.8307, 2.5886 -0.4254 1.7136, 2.5886 -0.3834 1.8307, 2.5886 -0.3834 1.7136, 2.5886 -0.2691 1.8307, 2.5886 -0.2691 1.7136, 2.5886 -0.2589 1.8307, 2.5886 -0.2589 1.7136, 2.5886 -1.817 1.0689, 2.5886 -2.1154 1.1627, 2.5886 -2.1358 1.147, 2.5886 -4.2691 1.1339, 2.5886 -4.2948 1.1372, 2.5886 -4.9213 1.0689, 2.5886 -4.3402 1.1633, 2.5886 -4.9213 1.1633, 2.5886 -4.3396 1.1625, 2.5886 -4.3188 1.147, 2.5886 -2.1596 1.1372, 2.5886 -2.185 1.1339, 2.5886 -2.0866 1.3878, 2.5886 -2.0866 1.2323, 2.5886 -2.0888 1.2159, 2.5886 -2.09 1.2068, 2.5886 -2.0866 1.4268, 2.5886 -2.0866 1.562, 2.5886 -2.1154 2.0893, 2.5886 -2.1358 2.1049, 2.5886 -2.1596 2.1148, 2.5886 -4.2999 1.9209, 2.5886 -4.2632 1.7136, 2.5886 -4.2744 1.9162, 2.5886 -4.2632 1.9157, 2.5886 -2.0998 2.0689, 2.5886 -2.09 2.0452, 2.5886 -2.0866 2.0197, 2.5886 -2.0866 1.7136, 2.5886 -4.3556 2.0691, 2.5886 -4.3396 2.0895, 2.5886 -4.9213 2.6575, 2.5886 -4.3188 2.105, 2.5886 -4.3233 1.9319, 2.5886 -4.9213 1.7136, 2.5886 -4.3432 1.9485, 2.5886 -4.3583 1.9697, 2.5886 -4.3674 1.994, 2.5886 -4.37 2.0198, 2.5886 -4.366 2.0454, 2.5886 -4.2948 2.1148, 2.5886 -4.2691 2.1181, 2.5886 -2.185 2.1181, 2.5886 -4.9213 1.562, 2.5886 -4.2632 1.562, 2.5886 -4.9213 1.4268, 2.5886 -4.2632 1.4268, 2.5886 -4.9213 1.3878, 2.5886 -4.3583 1.2823, 2.5886 -4.3432 1.3034, 2.5886 -4.3233 1.32, 2.5886 -4.2999 1.3311, 2.5886 -4.9213 1.2159, 2.5886 -4.37 1.2322, 2.5886 -4.3674 1.258, 2.5886 -4.3556 1.1828, 2.5886 -4.366 1.2066, 2.5886 -4.3675 1.2159, 2.5886 -0.2691 0.2165, 2.5886 -0.2691 1.0689, 2.5886 -0.2756 0.7283, 2.5886 -0.2756 1.0039, 2.5886 -0.3126 0.278, 2.5886 -0.3248 0.2874, 2.5886 -0.339 0.2933, 2.5886 -0.3032 0.2657, 2.5886 -0.2973 0.2515, 2.5886 -0.2953 0.2362, 2.5886 -0.2953 0.2165, 2.5886 -0.8779 0.2657, 2.5886 -0.8685 0.278, 2.5886 -0.7874 0.7283, 2.5886 -0.8563 0.2874, 2.5886 -0.8838 0.2515, 2.5886 -0.8858 0.2362, 2.5886 -0.89 0.2165, 2.5886 -0.8858 0.2165, 2.5886 -0.3834 1.0039, 2.5886 -0.3834 1.0689, 2.5886 -0.4254 1.0039, 2.5886 -0.4254 1.0689, 2.5886 -0.4764 1.0039, 2.5886 -0.4764 1.0689, 2.5886 -0.5498 1.0039, 2.5886 -0.5498 1.0689, 2.5886 -0.6549 1.0039, 2.5886 -0.6549 1.0689, 2.5886 -0.6662 1.0039, 2.5886 -0.6662 1.0689, 2.5886 -0.762 1.0039, 2.5886 -0.762 1.0689, 2.5886 -0.7648 1.0039, 2.5886 -0.7648 1.0689, 2.5886 -0.7874 1.0039, 2.5886 -0.8421 0.2933, 2.5886 -0.8268 0.2953, 2.5886 -0.7648 0.7283, 2.5886 -0.7648 0.2953, 2.5886 -0.762 0.7283, 2.5886 -0.762 0.2953, 2.5886 -0.6662 0.7283, 2.5886 -0.6662 0.2953, 2.5886 -0.6549 0.7283, 2.5886 -0.6549 0.2953, 2.5886 -0.5498 0.7283, 2.5886 -0.5498 0.2953, 2.5886 -0.4764 0.7283, 2.5886 -0.4764 0.2953, 2.5886 -0.4254 0.7283, 2.5886 -0.4254 0.2953, 2.5886 -0.3834 0.7283, 2.5886 -0.3834 0.2953, 2.5886 -0.3543 0.2953, 2.5886 -0.4764 1.562, 2.5886 -0.4764 1.5576, 2.5886 -0.463 1.5527, 2.5886 -0.4334 1.4699, 2.5886 -0.4405 1.4565, 2.5886 -0.4491 1.5432, 2.5886 -0.4444 1.5386, 2.5886 -0.4362 1.527, 2.5886 -0.4764 1.4314, 2.5886 -0.4764 1.4268, 2.5886 -0.4631 1.4365, 2.5886 -0.4491 1.4465, 2.5886 -0.4313 1.5143, 2.5886 -0.4291 1.4961, 2.5886 -0.4298 1.4851, 2.5886 -0.4783 1.4306, 2.5886 -0.5007 1.4279, 2.5886 -0.5498 1.4268, 2.5886 -0.5373 1.4279, 2.5886 -0.5373 1.5608, 2.5886 -0.5498 1.562, 2.5886 -0.4994 1.5608, 2.5886 -0.4791 1.5586, 2.5886 -0.7344 1.2184, 2.5886 -0.728 1.216, 2.5886 -0.7277 1.2159, 2.5886 -0.7453 1.2293, 2.5886 -0.7473 1.2349, 2.5886 -0.7388 1.3053, 2.5886 -0.7388 1.2892, 2.5886 -0.6718 1.2781, 2.5886 -0.6718 1.2171, 2.5886 -0.6662 1.2159, 2.5886 -0.6885 1.2171, 2.5886 -0.74 1.2223, 2.5886 -0.7418 1.2242, 2.5886 -0.7481 1.2425, 2.5886 -0.747 1.2515, 2.5886 -0.7448 1.2574, 2.5886 -0.7415 1.2622, 2.5886 -0.6893 1.3112, 2.5886 -0.6838 1.3081, 2.5886 -0.6964 1.3133, 2.5886 -0.6793 1.3039, 2.5886 -0.6759 1.2986, 2.5886 -0.6732 1.2911, 2.5886 -0.6885 1.2317, 2.5886 -0.6889 1.2317, 2.5886 -0.6916 1.2277, 2.5886 -0.6968 1.2221, 2.5886 -0.7364 1.2667, 2.5886 -0.7294 1.2703, 2.5886 -0.7284 1.2959, 2.5886 -0.7166 1.2735, 2.5886 -0.7021 1.3001, 2.5886 -0.7077 1.3006, 2.5886 -0.718 1.2995, 2.5886 -0.7353 1.3074, 2.5886 -0.7229 1.3121, 2.5886 -0.7062 1.3142, 2.5886 -0.6885 1.2774, 2.5886 -0.6891 1.2848, 2.5886 -0.6908 1.2907, 2.5886 -0.6927 1.2941, 2.5886 -0.6953 1.2968, 2.5886 -0.6982 1.2987, 2.5886 -0.718 1.2148, 2.5886 -0.762 1.1633, 2.5886 -0.7094 1.2158, 2.5886 -0.6662 1.1633, 2.5886 -0.709 1.2159, 2.5886 -0.6493 1.2204, 2.5886 -0.6549 1.2159, 2.5886 -0.6384 1.2165, 2.5886 -0.6336 1.2159, 2.5886 -0.6549 1.3878, 2.5886 -0.5765 1.312, 2.5886 -0.5498 1.3878, 2.5886 -0.5579 1.312, 2.5886 -0.5498 1.2889, 2.5886 -0.5876 1.254, 2.5886 -0.5859 1.2491, 2.5886 -0.5852 1.2429, 2.5886 -0.586 1.2362, 2.5886 -0.588 1.2309, 2.5886 -0.6465 1.2977, 2.5886 -0.6434 1.3022, 2.5886 -0.5897 1.2938, 2.5886 -0.5498 1.2442, 2.5886 -0.5897 1.31, 2.5886 -0.6013 1.3133, 2.5886 -0.6122 1.3142, 2.5886 -0.6246 1.3128, 2.5886 -0.5911 1.2265, 2.5886 -0.5959 1.2224, 2.5886 -0.601 1.2193, 2.5886 -0.6445 1.2714, 2.5886 -0.6466 1.2748, 2.5886 -0.6493 1.2376, 2.5886 -0.6485 1.2799, 2.5886 -0.6492 1.2864, 2.5886 -0.6485 1.2923, 2.5886 -0.6385 1.3066, 2.5886 -0.6337 1.3095, 2.5886 -0.6328 1.2297, 2.5886 -0.624 1.2588, 2.5886 -0.6432 1.2338, 2.5886 -0.6339 1.2633, 2.5886 -0.6417 1.2685, 2.5886 -0.6138 1.3006, 2.5886 -0.6188 1.3003, 2.5886 -0.632 1.2879, 2.5886 -0.6232 1.2991, 2.5886 -0.627 1.2971, 2.5886 -0.6319 1.2857, 2.5886 -0.6312 1.2831, 2.5886 -0.63 1.2808, 2.5886 -0.6284 1.279, 2.5886 -0.6225 1.2754, 2.5886 -0.6025 1.2993, 2.5886 -0.6122 1.2709, 2.5886 -0.593 1.2957, 2.5886 -0.6058 1.2683, 2.5886 -0.5947 1.2621, 2.5886 -0.5907 1.2586, 2.5886 -0.6219 1.2284, 2.5886 -0.6212 1.2284, 2.5886 -0.613 1.2542, 2.5886 -0.6126 1.2294, 2.5886 -0.6023 1.2412, 2.5886 -0.6024 1.2433, 2.5886 -0.6295 1.2949, 2.5886 -0.6309 1.2928, 2.5886 -0.6317 1.2905, 2.5886 -0.6083 1.2309, 2.5886 -0.6068 1.2319, 2.5886 -0.6049 1.2336, 2.5886 -0.6034 1.2357, 2.5886 -0.6026 1.2381, 2.5886 -0.6032 1.2459, 2.5886 -0.6045 1.2481, 2.5886 -0.6065 1.2503, 2.5886 -0.6126 1.2159, 2.5886 -0.6235 1.2148, 2.5886 -0.6549 1.1633, 2.5886 -0.5498 1.1753, 2.5886 -0.5556 1.1731, 2.5886 -0.5498 1.1633, 2.5886 -0.5623 1.1723, 2.5886 -0.5731 1.1885, 2.5886 -0.5697 1.1874, 2.5886 -0.5636 1.1866, 2.5886 -0.566 1.1725, 2.5886 -0.5731 1.1737, 2.5886 -0.6102 1.2162, 2.5886 -0.5596 1.1871, 2.5886 -0.556 1.1884, 2.5886 -0.5026 1.312, 2.5886 -0.4854 1.312, 2.5886 -0.4764 1.3878, 2.5886 -0.4764 1.2159, 2.5886 -0.5331 1.2406, 2.5886 -0.531 1.2328, 2.5886 -0.5306 1.2328, 2.5886 -0.5286 1.2405, 2.5886 -0.5298 1.2361, 2.5886 -0.5398 1.2159, 2.5886 -0.5393 1.2173, 2.5886 -0.5498 1.194, 2.5886 -0.5466 1.2, 2.5886 -0.5285 1.2027, 2.5886 -0.536 1.188, 2.5886 -0.4764 1.1633, 2.5886 -0.5232 1.2159, 2.5886 -0.5421 1.1807, 2.5886 -0.5432 1.1797, 2.5886 -0.549 1.1756, 2.5886 -0.4503 1.2769, 2.5886 -0.4503 1.2322, 2.5886 -0.4254 1.2769, 2.5886 -0.4254 1.2322, 2.5886 -0.4027 1.2769, 2.5886 -0.399 1.35, 2.5886 -0.399 1.3347, 2.5886 -0.3959 1.2322, 2.5886 -0.3959 1.2171, 2.5886 -0.4254 1.2159, 2.5886 -0.4503 1.3347, 2.5886 -0.4503 1.2921, 2.5886 -0.4254 1.3347, 2.5886 -0.4254 1.2921, 2.5886 -0.4027 1.2921, 2.5886 -0.4254 1.2171, 2.5886 -0.4674 1.2171, 2.5886 -1.475 0.7031, 2.5886 -1.4627 0.7139, 2.5886 -1.4547 0.7208, 2.5886 -1.4307 0.7332, 2.5886 -1.2923 0.6799, 2.5886 -1.3075 0.7021, 2.5886 -1.3276 0.7201, 2.5886 -1.4045 0.7394, 2.5886 -1.3776 0.7393, 2.5886 -1.3515 0.7327, 2.5886 -1.2795 0.2165, 2.5886 -1.2795 0.628, 2.5886 -1.2828 0.6547, 2.5886 -1.817 0.6811, 2.5886 -1.4905 0.6811, 2.5886 -4.9213 0.6811, 2.5886 0.4331 1.7136, 2.5886 -0.0787 2.1654, 2.5886 0.4331 2.6575, 2.5886 -0.1072 2.1654, 2.5886 -0.1072 2.6575, 2.5886 -0.2589 2.1654, 2.5886 -0.2589 2.6575, 2.5886 -0.2691 2.1654, 2.5886 -0.2691 2.6575, 2.5886 -0.3834 2.1654, 2.5886 -0.3834 2.6575, 2.5886 -0.4254 2.1654, 2.5886 -0.4254 2.6575, 2.5886 -0.4764 2.1654, 2.5886 -0.4764 2.6575, 2.5886 -0.5498 2.1654, 2.5886 -0.5498 2.6575, 2.5886 -0.6549 2.1654, 2.5886 -0.6549 2.6575, 2.5886 -0.6662 2.1654, 2.5886 -0.6662 2.6575, 2.5886 -0.762 2.1654, 2.5886 -0.762 2.6575, 2.5886 -0.7648 2.1654, 2.5886 -0.7648 2.6575, 2.5886 -0.89 2.1654, 2.5886 -0.89 2.6575, 2.5886 -0.7648 1.562, 2.5886 -0.7655 1.4431, 2.5886 -0.7648 1.4268, 2.5886 -0.7655 1.4279, 2.5886 -0.8355 1.4279, 2.5886 -0.8184 1.4431, 2.5886 -0.8184 1.5608, 2.5886 -0.8355 1.5608, 2.5886 -0.7648 1.1633, 2.5886 -0.7027 1.2182, 2.5886 -0.5624 1.4431, 2.5886 -0.5624 1.4279, 2.5886 -0.6339 1.4279, 2.5886 -0.5654 1.5608, 2.5886 -0.5654 1.5456, 2.5886 -0.6167 1.5456, 2.5886 -0.6167 1.503, 2.5886 -0.5692 1.503, 2.5886 -0.5692 1.4878, 2.5886 -0.6167 1.4878, 2.5886 -0.6167 1.4431, 2.5886 -0.6339 1.5608, 2.5886 -0.4254 1.1633, 2.5886 -0.3834 1.1633, 2.5886 -0.2691 1.1633, 2.5886 -0.2691 1.562, 2.5886 -0.2589 1.562, 2.5886 -0.3711 1.5608, 2.5886 -0.2589 1.4268, 2.5886 -0.2589 1.1633, 2.5886 -0.2589 1.0689, 2.5886 -0.2589 0.2165, 2.5886 -0.2363 1.2171, 2.5886 -0.2552 1.2171, 2.5886 -0.1546 1.2171, 2.5886 -0.1682 1.2534, 2.5886 -0.2235 1.2534, 2.5886 -0.1072 1.2159, 2.5886 -0.1072 1.3878, 2.5886 -0.1863 1.35, 2.5886 -0.1356 1.2171, 2.5886 -0.2046 1.35, 2.5886 -0.1072 1.562, 2.5886 -0.1072 1.4268, 2.5886 -0.1072 1.1633, 2.5886 -0.1072 1.0689, 2.5886 -0.1072 0.2165, 2.5886 0.4331 1.562, 2.5886 0.4331 1.4268, 2.5886 0.4331 1.3878, 2.5886 0.4331 1.2159, 2.5886 0.4331 1.1633, 2.5886 0.4331 1.0689, 2.5886 0.4331 0.2165
            ]
        }
        coordIndex [
            0,1,2,-1,3,4,5,-1,6,7,8,-1,9,10,11,-1,12,13,14,-1,15,16,17,-1,18,19,20,-1,21,22,23,-1,24,25,26,-1,27,28,29,-1,30,31,32,-1,32,31,33,-1,34,35,32,-1,32,35,36,-1,32,36,37,-1,37,38,32,-1,32,38,39,-1,32,39,30,-1,40,41,42,-1,43,44,45,-1,45,44,42,-1,45,42,46,-1,46,42,41,-1,47,48,49,-1,50,51,49,-1,49,51,52,-1,49,52,47,-1,47,52,53,-1,47,53,54,-1,55,56,57,-1,57,56,58,-1,58,59,57,-1,57,59,60,-1,57,60,49,-1,49,60,61,-1,49,61,50,-1,62,63,64,-1,64,63,65,-1,66,67,68,-1,67,69,68,-1,68,69,70,-1,68,70,55,-1,55,70,71,-1,55,71,56,-1,27,29,72,-1,73,74,75,-1,75,74,76,-1,75,76,29,-1,29,76,77,-1,29,77,72,-1,78,79,80,-1,80,79,81,-1,80,81,82,-1,78,83,79,-1,79,83,84,-1,79,84,75,-1,75,84,85,-1,75,85,73,-1,86,87,88,-1,87,89,88,-1,88,89,90,-1,88,90,91,-1,92,93,94,-1,95,96,97,-1,98,99,100,-1,98,100,101,-1,102,103,104,-1,105,106,97,-1,97,106,107,-1,97,107,104,-1,93,108,109,-1,109,108,110,-1,109,110,111,-1,112,113,114,-1,114,113,115,-1,115,113,104,-1,104,113,116,-1,104,116,102,-1,99,117,100,-1,100,117,118,-1,100,118,119,-1,103,120,104,-1,104,120,121,-1,104,121,97,-1,97,121,122,-1,97,122,95,-1,111,123,109,-1,109,123,124,-1,109,124,125,-1,126,127,128,-1,128,127,129,-1,128,129,100,-1,100,129,130,-1,100,130,101,-1,131,132,100,-1,100,132,133,-1,100,133,97,-1,97,133,134,-1,97,134,105,-1,135,136,86,-1,136,137,86,-1,86,137,138,-1,86,138,139,-1,139,140,86,-1,86,140,141,-1,86,141,142,-1,142,141,126,-1,142,126,143,-1,143,126,128,-1,119,144,100,-1,100,144,145,-1,100,145,146,-1,146,147,100,-1,100,147,148,-1,100,148,131,-1,104,149,150,-1,150,151,104,-1,104,151,152,-1,104,152,115,-1,153,154,104,-1,154,155,104,-1,104,155,156,-1,104,156,149,-1,26,157,158,-1,159,160,161,-1,160,162,161,-1,161,162,163,-1,161,163,164,-1,26,161,165,-1,26,25,161,-1,161,25,166,-1,161,166,159,-1,165,167,26,-1,26,167,168,-1,26,168,169,-1,164,163,170,-1,170,163,171,-1,170,171,172,-1,172,171,173,-1,172,173,174,-1,169,175,26,-1,26,175,176,-1,26,176,157,-1,158,153,26,-1,26,153,104,-1,26,104,24,-1,24,104,107,-1,24,107,177,-1,177,107,178,-1,178,179,177,-1,177,179,180,-1,177,180,181,-1,31,182,33,-1,33,182,183,-1,33,183,94,-1,94,183,184,-1,94,184,92,-1,22,185,23,-1,23,185,186,-1,23,186,187,-1,188,189,190,-1,190,189,191,-1,190,191,192,-1,187,193,23,-1,23,193,194,-1,23,194,195,-1,195,194,196,-1,195,196,197,-1,197,196,198,-1,197,198,190,-1,190,198,199,-1,190,199,188,-1,200,21,201,-1,192,202,190,-1,190,202,203,-1,190,203,204,-1,204,203,205,-1,204,205,206,-1,200,201,206,-1,109,207,208,-1,208,207,209,-1,93,109,94,-1,94,109,208,-1,94,208,210,-1,211,212,213,-1,213,212,214,-1,215,216,217,-1,217,216,211,-1,217,211,218,-1,218,211,213,-1,218,213,219,-1,219,213,220,-1,209,207,221,-1,221,207,222,-1,221,222,223,-1,224,225,226,-1,226,225,18,-1,226,18,227,-1,227,18,20,-1,20,228,227,-1,227,228,229,-1,227,229,230,-1,230,229,231,-1,230,231,232,-1,232,231,233,-1,232,233,234,-1,235,236,237,-1,235,238,239,-1,235,240,241,-1,237,242,235,-1,235,242,243,-1,235,243,244,-1,244,243,245,-1,244,245,246,-1,246,245,247,-1,246,247,248,-1,249,250,251,-1,251,250,252,-1,251,252,253,-1,239,254,235,-1,235,254,255,-1,235,255,240,-1,241,256,235,-1,235,256,257,-1,235,257,258,-1,238,235,251,-1,251,235,259,-1,251,259,249,-1,258,260,235,-1,235,260,261,-1,235,261,236,-1,262,263,264,-1,264,263,265,-1,264,265,248,-1,248,265,266,-1,248,266,246,-1,267,268,269,-1,269,270,267,-1,267,270,271,-1,267,271,272,-1,273,274,275,-1,276,277,271,-1,271,277,278,-1,275,279,273,-1,273,279,280,-1,273,280,281,-1,281,282,273,-1,273,282,283,-1,273,283,271,-1,271,283,284,-1,271,284,276,-1,278,285,271,-1,271,285,286,-1,271,286,272,-1,274,273,287,-1,287,273,288,-1,287,288,289,-1,289,288,290,-1,290,288,291,-1,290,291,292,-1,245,293,247,-1,247,293,294,-1,247,294,295,-1,295,294,296,-1,295,296,297,-1,298,299,44,-1,44,299,300,-1,44,300,42,-1,42,300,301,-1,42,301,302,-1,303,270,304,-1,304,270,269,-1,304,269,305,-1,305,269,306,-1,305,306,307,-1,307,306,308,-1,307,308,309,-1,309,308,310,-1,309,310,311,-1,311,310,312,-1,311,312,313,-1,313,312,314,-1,313,314,315,-1,315,314,316,-1,315,316,317,-1,317,316,318,-1,317,318,16,-1,14,13,319,-1,319,13,320,-1,319,320,321,-1,322,323,324,-1,325,326,327,-1,327,326,324,-1,327,324,328,-1,328,324,323,-1,321,329,319,-1,319,329,330,-1,319,330,322,-1,331,332,64,-1,64,332,333,-1,64,333,14,-1,14,333,334,-1,14,334,12,-1,65,66,64,-1,64,66,68,-1,64,68,331,-1,331,68,55,-1,331,55,335,-1,335,55,57,-1,335,57,336,-1,337,1,338,-1,338,1,339,-1,340,341,342,-1,342,341,343,-1,337,344,1,-1,1,344,345,-1,1,345,2,-1,2,345,346,-1,2,346,347,-1,348,349,350,-1,350,349,351,-1,340,352,353,-1,353,352,354,-1,353,354,355,-1,355,356,353,-1,353,356,357,-1,353,357,350,-1,350,357,358,-1,350,358,348,-1,351,359,350,-1,350,359,360,-1,350,360,1,-1,1,360,361,-1,1,361,339,-1,340,353,341,-1,341,353,362,-1,341,362,363,-1,363,362,364,-1,363,364,365,-1,365,364,366,-1,365,366,11,-1,367,368,366,-1,366,368,369,-1,366,369,11,-1,11,369,370,-1,11,370,9,-1,371,372,366,-1,366,372,373,-1,366,373,367,-1,325,374,326,-1,326,374,375,-1,326,375,371,-1,371,375,376,-1,371,376,372,-1,377,378,379,-1,379,378,380,-1,381,379,382,-1,382,379,383,-1,381,384,379,-1,379,384,385,-1,379,385,377,-1,377,385,386,-1,377,386,387,-1,388,389,390,-1,390,389,391,-1,392,81,393,-1,393,81,394,-1,393,394,395,-1,380,378,396,-1,396,378,397,-1,396,397,398,-1,398,397,399,-1,398,399,400,-1,400,399,401,-1,400,401,402,-1,402,401,403,-1,402,403,404,-1,404,403,405,-1,404,405,406,-1,406,405,407,-1,406,407,408,-1,408,407,409,-1,408,409,410,-1,410,409,411,-1,410,411,412,-1,412,411,81,-1,412,81,390,-1,390,81,392,-1,390,392,388,-1,391,413,390,-1,390,413,414,-1,390,414,415,-1,415,414,416,-1,415,416,417,-1,417,416,418,-1,417,418,419,-1,419,418,420,-1,419,420,421,-1,421,420,422,-1,421,422,423,-1,423,422,424,-1,423,424,425,-1,425,424,426,-1,425,426,427,-1,427,426,428,-1,427,428,429,-1,429,428,430,-1,429,430,379,-1,379,430,431,-1,379,431,383,-1,432,433,232,-1,232,433,434,-1,230,435,436,-1,434,437,232,-1,232,437,438,-1,232,438,439,-1,440,441,442,-1,442,441,230,-1,442,230,443,-1,443,230,436,-1,439,444,232,-1,232,444,445,-1,232,445,230,-1,230,445,446,-1,230,446,435,-1,440,447,441,-1,441,447,448,-1,441,448,449,-1,450,451,452,-1,452,451,453,-1,452,453,432,-1,432,453,454,-1,432,454,433,-1,455,222,456,-1,456,222,457,-1,222,458,459,-1,211,223,288,-1,288,223,222,-1,288,222,460,-1,460,222,461,-1,462,463,464,-1,464,463,465,-1,455,466,222,-1,222,466,467,-1,222,467,458,-1,459,468,222,-1,222,468,469,-1,222,469,461,-1,461,469,470,-1,461,470,471,-1,472,473,291,-1,472,291,474,-1,473,475,291,-1,291,475,476,-1,291,476,477,-1,478,479,465,-1,465,479,480,-1,465,480,481,-1,471,482,461,-1,461,482,483,-1,461,483,484,-1,484,483,485,-1,486,487,485,-1,485,487,488,-1,485,488,484,-1,460,489,288,-1,288,489,490,-1,288,490,291,-1,291,490,491,-1,291,491,474,-1,492,493,485,-1,485,493,494,-1,485,494,495,-1,495,496,485,-1,485,496,497,-1,485,497,486,-1,498,499,500,-1,500,499,501,-1,500,501,502,-1,503,504,505,-1,505,504,506,-1,507,508,509,-1,509,508,510,-1,509,510,511,-1,512,513,8,-1,513,514,8,-1,8,514,515,-1,8,515,516,-1,507,517,518,-1,519,520,521,-1,521,520,508,-1,521,508,522,-1,522,508,507,-1,522,507,523,-1,523,507,524,-1,516,525,8,-1,8,525,526,-1,8,526,527,-1,528,529,530,-1,529,531,530,-1,530,531,532,-1,530,532,507,-1,507,532,533,-1,507,533,517,-1,518,534,507,-1,507,534,535,-1,507,535,524,-1,536,537,538,-1,538,537,539,-1,538,539,530,-1,530,539,540,-1,530,540,528,-1,541,542,543,-1,543,542,544,-1,543,544,545,-1,543,546,541,-1,541,546,547,-1,541,547,548,-1,548,549,541,-1,541,549,550,-1,541,550,551,-1,551,550,552,-1,551,552,553,-1,553,552,554,-1,553,554,519,-1,519,554,555,-1,519,555,556,-1,536,557,537,-1,537,557,558,-1,537,558,559,-1,559,558,560,-1,559,561,562,-1,563,564,545,-1,545,564,565,-1,545,565,543,-1,560,566,559,-1,559,566,567,-1,559,567,568,-1,568,569,559,-1,559,569,570,-1,559,570,561,-1,562,571,559,-1,559,571,572,-1,559,572,573,-1,574,575,576,-1,577,578,579,-1,579,578,580,-1,581,582,8,-1,8,582,583,-1,580,584,579,-1,579,584,585,-1,579,585,576,-1,576,585,581,-1,576,581,574,-1,574,581,8,-1,574,8,586,-1,586,8,527,-1,583,587,8,-1,8,587,588,-1,8,588,6,-1,589,590,591,-1,591,590,592,-1,593,594,595,-1,591,509,589,-1,589,509,511,-1,589,511,596,-1,596,511,593,-1,596,593,597,-1,597,593,595,-1,556,512,519,-1,519,512,8,-1,519,8,520,-1,520,8,598,-1,520,598,599,-1,7,600,8,-1,8,600,601,-1,8,601,598,-1,602,603,604,-1,602,604,605,-1,603,606,604,-1,604,606,607,-1,604,607,579,-1,579,607,608,-1,579,608,577,-1,609,610,611,-1,611,610,612,-1,611,612,613,-1,5,4,197,-1,197,4,614,-1,197,614,615,-1,197,616,195,-1,195,616,617,-1,195,617,618,-1,619,620,621,-1,621,620,622,-1,621,622,615,-1,615,622,623,-1,615,623,197,-1,197,623,613,-1,197,613,616,-1,616,613,612,-1,617,624,618,-1,618,624,625,-1,618,625,592,-1,592,625,3,-1,592,3,591,-1,591,3,5,-1,626,627,79,-1,79,627,628,-1,79,628,629,-1,630,81,631,-1,631,81,632,-1,629,633,79,-1,79,633,634,-1,79,634,81,-1,81,634,635,-1,81,635,632,-1,636,394,637,-1,637,394,81,-1,637,81,638,-1,638,81,630,-1,639,640,319,-1,319,640,626,-1,322,324,319,-1,319,324,641,-1,319,641,639,-1,15,642,643,-1,643,642,644,-1,643,644,645,-1,645,644,646,-1,645,646,647,-1,647,646,648,-1,647,648,649,-1,649,648,650,-1,649,650,651,-1,651,650,652,-1,651,652,653,-1,653,652,654,-1,653,654,655,-1,655,654,656,-1,655,656,657,-1,657,656,658,-1,657,658,659,-1,659,658,660,-1,659,660,661,-1,661,660,662,-1,661,662,663,-1,663,662,664,-1,663,664,665,-1,665,664,666,-1,665,666,667,-1,667,666,668,-1,667,668,302,-1,302,668,0,-1,302,0,42,-1,42,0,2,-1,347,336,2,-1,2,336,57,-1,2,57,42,-1,42,57,49,-1,42,49,40,-1,40,49,48,-1,626,79,319,-1,319,79,75,-1,319,75,14,-1,14,75,29,-1,14,29,64,-1,64,29,28,-1,64,28,62,-1,43,34,44,-1,44,34,32,-1,44,32,298,-1,298,32,669,-1,669,670,671,-1,671,670,672,-1,671,672,673,-1,674,670,675,-1,675,670,669,-1,675,669,676,-1,676,669,32,-1,676,32,673,-1,673,32,33,-1,673,33,671,-1,671,33,94,-1,671,94,212,-1,212,94,210,-1,212,210,214,-1,211,288,212,-1,212,288,273,-1,212,273,671,-1,671,273,271,-1,671,271,669,-1,669,271,270,-1,669,270,298,-1,298,270,303,-1,298,303,299,-1,498,457,499,-1,499,457,222,-1,499,222,677,-1,677,222,207,-1,677,207,88,-1,88,207,109,-1,88,109,86,-1,86,109,125,-1,86,125,135,-1,477,462,291,-1,291,462,464,-1,291,464,507,-1,507,464,504,-1,507,504,530,-1,530,504,503,-1,481,678,465,-1,465,678,502,-1,465,502,464,-1,464,502,501,-1,464,501,504,-1,504,501,576,-1,504,576,506,-1,506,576,575,-1,679,680,449,-1,449,680,681,-1,452,682,683,-1,684,685,683,-1,683,685,686,-1,683,686,452,-1,452,686,687,-1,688,689,687,-1,687,689,679,-1,687,679,452,-1,452,679,449,-1,452,449,450,-1,450,449,448,-1,682,452,690,-1,690,452,248,-1,690,248,681,-1,681,248,247,-1,681,247,449,-1,590,605,592,-1,592,605,604,-1,592,604,618,-1,618,604,691,-1,618,691,195,-1,195,691,692,-1,195,692,23,-1,23,692,693,-1,91,82,88,-1,88,82,81,-1,88,81,677,-1,677,81,411,-1,677,411,499,-1,499,411,409,-1,499,409,501,-1,501,409,407,-1,501,407,576,-1,576,407,405,-1,576,405,579,-1,579,405,403,-1,579,403,604,-1,604,403,401,-1,604,401,691,-1,691,401,399,-1,691,399,692,-1,692,399,397,-1,692,397,693,-1,693,397,378,-1,268,262,269,-1,269,262,264,-1,269,264,306,-1,306,264,248,-1,306,248,308,-1,308,248,452,-1,308,452,310,-1,310,452,432,-1,310,432,312,-1,312,432,232,-1,312,232,314,-1,314,232,234,-1,314,234,316,-1,316,234,694,-1,316,694,318,-1,318,694,695,-1,233,696,234,-1,234,696,224,-1,234,224,694,-1,694,224,226,-1,694,226,695,-1,695,226,697,-1,297,292,295,-1,295,292,291,-1,295,291,247,-1,247,291,507,-1,247,507,449,-1,449,507,509,-1,449,509,441,-1,441,509,591,-1,441,591,230,-1,230,591,5,-1,230,5,227,-1,227,5,197,-1,227,197,226,-1,226,197,190,-1,226,190,697,-1,697,190,204,-1,21,23,201,-1,201,23,693,-1,201,693,698,-1,698,693,378,-1,698,378,699,-1,699,378,377,-1,699,377,700,-1,701,702,201,-1,703,704,705,-1,706,707,708,-1,708,709,706,-1,706,709,703,-1,706,703,701,-1,701,703,705,-1,206,201,204,-1,204,201,702,-1,204,702,710,-1,16,318,17,-1,17,318,695,-1,17,695,711,-1,711,695,697,-1,711,697,712,-1,712,697,204,-1,712,204,707,-1,707,204,710,-1,707,710,708,-1,701,201,706,-1,706,201,698,-1,706,698,713,-1,713,698,699,-1,713,699,714,-1,714,699,700,-1,714,700,715,-1,15,17,642,-1,642,17,711,-1,642,711,716,-1,716,711,712,-1,716,712,717,-1,717,712,707,-1,717,707,718,-1,718,707,706,-1,718,706,719,-1,719,706,713,-1,719,713,720,-1,720,713,714,-1,720,714,721,-1,721,714,715,-1,721,715,722,-1,
        ]
    }
}
Shape{
    appearance Appearance {
        material  Material 	{
            diffuseColor 1.0 0.996078431372549 0.9686274509803922
            specularColor 0.5019607843137255 0.4980392156862745 0.48627450980392156
            ambientIntensity 0.9941
            transparency 0.0
            shininess 0.5
        }
    }
    geometry IndexedFaceSet {
        ccw TRUE
        solid FALSE
        coord DEF co Coordinate {
            point [
                -1.9488 -4.7244 2.2756, -1.9488 -4.7244 1.8032, 1.9488 -4.7244 2.2756, 1.9488 -4.7244 1.8032, 2.1457 -4.5276 1.7441, -2.1457 -4.5276 1.7441, 2.1457 -4.5276 2.2756, 1.9926 -4.5276 2.4675, 1.9488 -4.5276 2.4724, 2.0342 -4.5276 2.4529, 2.0716 -4.5276 2.4295, 2.1027 -4.5276 2.3983, 2.1262 -4.5276 2.361, 2.1407 -4.5276 2.3194, 1.9488 -1.5748 2.4724, 1.9926 -1.5748 2.4675, 2.0342 -1.5748 2.4529, 2.0716 -1.5748 2.4295, 2.1027 -1.5748 2.3983, 2.1262 -1.5748 2.361, 2.1407 -1.5748 2.3194, 2.1457 -1.5748 2.2756, -1.9488 -1.5748 2.4724, -1.9488 -4.5276 2.4724, -2.1407 -4.5276 2.3194, -2.1457 -4.5276 2.2756, -2.1262 -4.5276 2.361, -2.1027 -4.5276 2.3983, -2.0716 -4.5276 2.4295, -2.0342 -4.5276 2.4529, -1.9926 -4.5276 2.4675, -2.1457 -1.5748 2.2756, -2.1407 -1.5748 2.3194, -2.1262 -1.5748 2.361, -2.1027 -1.5748 2.3983, -2.0716 -1.5748 2.4295, -2.0342 -1.5748 2.4529, -1.9926 -1.5748 2.4675, -2.1457 -1.5748 1.7441, -1.6142 -1.5748 1.7441, -1.6142 -4.2126 1.7441, -1.1417 -4.2126 1.7441, -0.1575 -4.2126 1.7441, -0.1575 -1.5748 1.7441, 0.1575 -1.5748 1.7441, 0.1575 -4.2126 1.7441, 0.6299 -4.2126 1.7441, -0.6299 -4.2126 1.7441, -0.6299 -1.5748 1.7441, -1.1417 -1.5748 1.7441, 1.6142 -1.5748 1.7441, 2.1457 -1.5748 1.7441, 1.6142 -4.2126 1.7441, 1.1417 -4.2126 1.7441, 1.1417 -1.5748 1.7441, 0.6299 -1.5748 1.7441, 1.1417 -1.5748 1.4291, 0.6299 -1.5748 1.4291, -0.1575 -1.5748 1.4291, 1.6142 -1.5748 1.4291, 2.4606 -1.5748 0.6641, 2.4647 -1.5748 0.6672, 0.1575 -1.5748 1.4291, -2.4705 -1.5748 0.6811, -2.4698 -1.5748 0.676, 2.4678 -1.5748 0.6713, 2.4698 -1.5748 0.676, 2.4705 -1.5748 0.6811, -1.1417 -1.5748 1.4291, -2.4559 -1.5748 0.6621, -2.4508 -1.5748 0.6614, 2.4508 -1.5748 0.6614, 2.4559 -1.5748 0.6621, -1.6142 -1.5748 1.4291, -2.4678 -1.5748 0.6713, -2.4647 -1.5748 0.6672, -2.4606 -1.5748 0.6641, -0.6299 -1.5748 1.4291, 2.4508 -1.5748 2.6772, 2.4705 -1.5748 2.6575, -2.4508 -1.5748 2.6772, -2.4705 -1.5748 2.6575, 2.4678 -1.5748 2.6673, 2.4647 -1.5748 2.6714, 2.4698 -1.5748 2.6626, 2.4559 -1.5748 2.6765, 2.4606 -1.5748 2.6745, -2.4606 -1.5748 2.6745, -2.4647 -1.5748 2.6714, -2.4559 -1.5748 2.6765, -2.4678 -1.5748 2.6673, -2.4698 -1.5748 2.6626, -1.6142 -4.2126 1.9685, -1.6142 -0.2362 1.4291, -1.6142 -0.2362 1.9685, 1.1417 -0.2362 1.4291, 1.252 -0.2362 1.4291, 1.252 -0.2362 1.378, 1.8504 -0.2362 1.378, 1.5039 -0.2362 1.378, 1.6142 -0.2362 1.4291, 1.5039 -0.2362 1.4291, 1.1417 -0.2362 1.9685, -1.8504 -0.2362 2.6772, 1.8504 -0.2362 2.6772, 1.6142 -0.2362 1.9685, 0.1575 -0.2362 1.4291, 0.2677 -0.2362 1.4291, 0.2677 -0.2362 1.378, 0.5197 -0.2362 1.378, 0.5197 -0.2362 1.4291, 0.6299 -0.2362 1.4291, -0.6299 -0.2362 1.4291, -0.5197 -0.2362 1.4291, -0.5197 -0.2362 1.378, -0.2677 -0.2362 1.378, -0.2677 -0.2362 1.4291, -0.1575 -0.2362 1.4291, 0.1575 -0.2362 1.9685, -0.1575 -0.2362 1.9685, -0.6299 -0.2362 1.9685, 0.6299 -0.2362 1.9685, -1.252 -0.2362 1.378, -1.252 -0.2362 1.4291, -1.1417 -0.2362 1.4291, -1.5039 -0.2362 1.4291, -1.5039 -0.2362 1.378, -1.8504 -0.2362 1.378, -1.1417 -0.2362 1.9685
            ]
        }
        coordIndex [
            0,1,2,-1,2,1,3,-1,4,3,5,-1,5,3,1,-1,6,2,4,-1,4,2,3,-1,7,8,2,-1,7,2,9,-1,10,9,2,-1,11,10,2,-1,12,11,2,-1,13,12,2,-1,6,13,2,-1,14,8,7,-1,14,7,15,-1,15,7,9,-1,15,9,16,-1,16,9,10,-1,16,10,17,-1,17,10,11,-1,17,11,18,-1,18,11,12,-1,18,12,19,-1,19,12,13,-1,19,13,20,-1,20,13,6,-1,20,6,21,-1,22,23,14,-1,14,23,8,-1,23,0,8,-1,8,0,2,-1,24,25,0,-1,24,0,26,-1,27,26,0,-1,28,27,0,-1,29,28,0,-1,30,29,0,-1,23,30,0,-1,31,25,24,-1,31,24,32,-1,32,24,26,-1,32,26,33,-1,33,26,27,-1,33,27,34,-1,34,27,28,-1,34,28,35,-1,35,28,29,-1,35,29,36,-1,36,29,30,-1,36,30,37,-1,37,30,23,-1,37,23,22,-1,38,5,31,-1,31,5,25,-1,0,25,1,-1,1,25,5,-1,5,38,39,-1,39,40,5,-1,5,40,41,-1,5,41,4,-1,42,43,44,-1,45,46,4,-1,44,45,42,-1,42,45,4,-1,42,4,47,-1,47,4,41,-1,47,41,48,-1,48,41,49,-1,50,51,52,-1,52,51,4,-1,52,4,53,-1,53,4,46,-1,53,46,54,-1,54,46,55,-1,21,6,51,-1,51,6,4,-1,54,55,56,-1,56,55,57,-1,44,43,58,-1,59,60,61,-1,62,63,57,-1,57,63,64,-1,61,65,59,-1,59,65,66,-1,59,66,67,-1,48,49,68,-1,64,69,57,-1,57,69,70,-1,57,70,56,-1,56,70,71,-1,56,71,59,-1,59,71,72,-1,59,72,60,-1,68,73,63,-1,74,75,64,-1,64,75,76,-1,64,76,69,-1,48,68,77,-1,77,68,63,-1,77,63,58,-1,58,63,62,-1,58,62,44,-1,15,16,78,-1,20,21,79,-1,79,21,51,-1,79,51,67,-1,67,51,50,-1,67,50,59,-1,35,36,80,-1,32,33,81,-1,82,83,19,-1,35,80,34,-1,20,79,19,-1,19,79,84,-1,19,84,82,-1,16,17,78,-1,78,17,18,-1,78,18,85,-1,85,18,19,-1,85,19,86,-1,86,19,83,-1,73,39,63,-1,63,39,38,-1,63,38,81,-1,81,38,31,-1,81,31,32,-1,36,37,80,-1,80,37,22,-1,80,22,78,-1,78,22,14,-1,78,14,15,-1,87,88,33,-1,34,80,33,-1,33,80,89,-1,33,89,87,-1,88,90,33,-1,33,90,91,-1,33,91,81,-1,92,40,39,-1,73,93,39,-1,39,93,94,-1,39,94,92,-1,95,96,97,-1,98,99,100,-1,100,99,101,-1,102,103,104,-1,98,100,104,-1,104,100,105,-1,104,105,102,-1,106,107,108,-1,109,110,111,-1,112,113,114,-1,115,116,117,-1,108,115,106,-1,106,115,117,-1,106,117,118,-1,119,120,103,-1,117,119,118,-1,118,119,103,-1,118,103,121,-1,121,103,102,-1,121,102,111,-1,111,102,95,-1,111,95,109,-1,109,95,97,-1,122,123,124,-1,125,126,93,-1,93,126,127,-1,93,127,94,-1,94,127,103,-1,94,103,128,-1,128,103,120,-1,128,120,124,-1,124,120,112,-1,124,112,122,-1,122,112,114,-1,
        ]
    }
}
Shape{
    appearance Appearance {
        material  Material 	{
            diffuseColor 0.7529411764705882 0.7529411764705882 0.7529411764705882
            specularColor 0.3764705882352941 0.3764705882352941 0.3764705882352941
            ambientIntensity 0.7529
            transparency 0.0
            shininess 0.5
        }
    }
    geometry IndexedFaceSet {
        ccw TRUE
        solid FALSE
        coord DEF co Coordinate {
            point [
                -1.5039 -0.2362 1.8622, -1.5748 -0.2362 1.8622, -1.5039 -0.2362 1.9606, -1.5748 -0.2362 1.9606, -1.252 -0.2362 1.9606, -1.1811 -0.2362 1.9606, -1.252 -0.2362 1.8622, -1.1811 -0.2362 1.8622, -0.5197 -0.2362 1.8622, -0.5906 -0.2362 1.8622, -0.5197 -0.2362 1.9606, -0.5906 -0.2362 1.9606, -0.2677 -0.2362 1.9606, -0.1969 -0.2362 1.9606, -0.2677 -0.2362 1.8622, -0.1969 -0.2362 1.8622, 1.5039 -0.2362 1.9606, 1.5748 -0.2362 1.9606, 1.5039 -0.2362 1.8622, 1.5748 -0.2362 1.8622, 1.252 -0.2362 1.8622, 1.1811 -0.2362 1.8622, 1.252 -0.2362 1.9606, 1.1811 -0.2362 1.9606, 0.5197 -0.2362 1.9606, 0.5906 -0.2362 1.9606, 0.5197 -0.2362 1.8622, 0.5906 -0.2362 1.8622, 0.2677 -0.2362 1.8622, 0.1969 -0.2362 1.8622, 0.2677 -0.2362 1.9606, 0.1969 -0.2362 1.9606
            ]
        }
        coordIndex [
            0,1,2,-1,2,1,3,-1,4,5,6,-1,6,5,7,-1,8,9,10,-1,10,9,11,-1,12,13,14,-1,14,13,15,-1,16,17,18,-1,18,17,19,-1,20,21,22,-1,22,21,23,-1,24,25,26,-1,26,25,27,-1,28,29,30,-1,30,29,31,-1,
        ]
    }
}
Shape{
    appearance Appearance {
        material  Material 	{
            diffuseColor 1.0 0.996078431372549 0.9686274509803922
            specularColor 0.5019607843137255 0.4980392156862745 0.48627450980392156
            ambientIntensity 0.9941
            transparency 0.0
            shininess 0.5
        }
    }
    geometry IndexedFaceSet {
        ccw TRUE
        solid FALSE
        coord DEF co Coordinate {
            point [
                -1.1417 -1.5748 1.4291, -1.1417 -0.2362 1.4291, -1.6142 -1.5748 1.4291, -1.252 -0.2362 1.4291, -1.6142 -0.2362 1.4291, -1.5039 -0.2362 1.4291, -1.5039 0.0394 1.4291, -1.252 0.0394 1.4291, -1.5039 -0.2362 1.378, -1.5039 0.0394 1.378
            ]
        }
        coordIndex [
            0,1,2,-1,2,1,3,-1,4,2,5,-1,5,2,3,-1,5,3,6,-1,6,3,7,-1,5,6,8,-1,8,6,9,-1,
        ]
    }
}
Shape{
    appearance Appearance {
        material  Material 	{
            diffuseColor 0.7529411764705882 0.7529411764705882 0.7529411764705882
            specularColor 0.3764705882352941 0.3764705882352941 0.3764705882352941
            ambientIntensity 0.7529
            transparency 0.0
            shininess 0.5
        }
    }
    geometry IndexedFaceSet {
        ccw TRUE
        solid FALSE
        coord DEF co Coordinate {
            point [
                -1.5039 -0.2362 1.8622, -1.5039 -0.2362 1.9606, -1.5039 -0.0472 1.8622, -1.5039 -0.0472 1.9606, -1.5039 -0.0218 1.8589, -1.5039 0.0037 1.9539, -1.5039 0.002 1.849, -1.5039 0.0512 1.9343, -1.5039 0.0224 1.8334, -1.5039 0.092 1.903, -1.5039 0.038 1.813, -1.5039 0.1232 1.8622, -1.5039 0.0478 1.7893, -1.5039 0.1429 1.8147, -1.5039 0.0512 1.7638, -1.5039 0.1496 1.7638, -1.5039 0.0512 0.1575, -1.5039 0.1496 0.1575, -1.5039 0.0566 0.1167, -1.5039 0.1516 0.1422, -1.5039 0.0723 0.0787, -1.5039 0.1575 0.128, -1.5039 0.0973 0.0461, -1.5039 0.1669 0.1157, -1.5039 0.1299 0.0211, -1.5039 0.1791 0.1063, -1.5039 0.1679 0.0054, -1.5039 0.1934 0.1004, -1.5039 0.2087 0.0, -1.5039 0.2087 0.0984, -1.5039 0.7135 0.0, -1.5039 0.7135 0.0984
            ]
        }
        coordIndex [
            0,1,2,-1,2,1,3,-1,2,3,4,-1,4,3,5,-1,4,5,6,-1,6,5,7,-1,6,7,8,-1,8,7,9,-1,8,9,10,-1,10,9,11,-1,10,11,12,-1,12,11,13,-1,12,13,14,-1,14,13,15,-1,14,15,16,-1,16,15,17,-1,16,17,18,-1,18,17,19,-1,18,19,20,-1,20,19,21,-1,20,21,22,-1,22,21,23,-1,22,23,24,-1,24,23,25,-1,24,25,26,-1,26,25,27,-1,26,27,28,-1,28,27,29,-1,28,29,30,-1,30,29,31,-1,
        ]
    }
}
Shape{
    appearance Appearance {
        material  Material 	{
            diffuseColor 1.0 0.996078431372549 0.9686274509803922
            specularColor 0.5019607843137255 0.4980392156862745 0.48627450980392156
            ambientIntensity 0.9941
            transparency 0.0
            shininess 0.5
        }
    }
    geometry IndexedFaceSet {
        ccw TRUE
        solid FALSE
        coord DEF co Coordinate {
            point [
                -1.5059 0.0394 0.1969, -1.5059 0.0394 1.378, -1.25 0.0394 0.1969, -1.5039 0.0394 1.378, -1.25 0.0394 1.378, -1.252 0.0394 1.378, -1.252 0.0394 1.4291, -1.5039 0.0394 1.4291, -1.252 -0.2362 1.378, -0.5197 -0.2362 1.378, -0.5217 0.0394 1.378, -0.5197 0.0394 1.378, -1.1319 0.374 1.378, -1.25 0.2559 1.378, -0.6398 0.374 1.378, -0.5217 0.2559 1.378, -1.1319 0.374 0.1969, -1.25 0.2559 0.1969, -1.624 0.374 0.1969, -1.5059 0.2559 0.1969, -1.6535 0.374 0.1969, -1.6535 -2.6772 0.1969, -0.7797 -0.8661 0.1969, -0.8172 -0.8172 0.1969, -0.5217 0.0394 0.1969, -0.8661 -0.7797 0.1969, -0.9231 -0.7561 0.1969, 0.2657 0.0394 0.1969, 0.5217 0.0394 0.1969, 0.9843 -0.748 0.1969, -0.7561 -1.0454 0.1969, -0.748 -0.9842 0.1969, -0.7561 -0.9231 0.1969, 0.1476 0.374 0.1969, 0.2657 0.2559 0.1969, -0.1476 0.374 0.1969, -0.2657 0.2559 0.1969, 1.1024 -0.7797 0.1969, 1.25 0.0394 0.1969, 1.1513 -0.8172 0.1969, 1.1888 -0.8661 0.1969, 1.1319 0.374 0.1969, 1.25 0.2559 0.1969, 1.5059 0.2559 0.1969, 1.624 0.374 0.1969, 1.5059 0.0394 0.1969, 1.6535 0.374 0.1969, 0.5217 0.2559 0.1969, 0.6398 0.374 0.1969, 1.0454 -0.7561 0.1969, -0.5217 0.2559 0.1969, -0.6398 0.374 0.1969, -0.9843 -0.748 0.1969, -1.0454 -0.7561 0.1969, -0.2657 0.0394 0.1969, 0.9231 -0.7561 0.1969, 0.9843 -1.2205 0.1969, 1.0454 -1.2124 0.1969, 1.6535 -2.6772 0.1969, 1.1024 -1.1888 0.1969, 1.1513 -1.1513 0.1969, -1.1024 -0.7797 0.1969, -1.1513 -0.8172 0.1969, -1.1888 -0.8661 0.1969, -1.1024 -1.1888 0.1969, -1.1513 -1.1513 0.1969, -1.1888 -1.1024 0.1969, -1.0454 -1.2124 0.1969, -0.9843 -1.2205 0.1969, -0.9231 -1.2124 0.1969, 1.1888 -1.1024 0.1969, 1.2124 -1.0454 0.1969, 1.2205 -0.9842 0.1969, -1.2124 -0.9231 0.1969, -1.2205 -0.9842 0.1969, -1.2124 -1.0454 0.1969, 0.8661 -0.7797 0.1969, 0.8172 -0.8172 0.1969, 0.7797 -0.8661 0.1969, -0.8661 -1.1888 0.1969, 0.8661 -1.1888 0.1969, 0.9231 -1.2124 0.1969, 1.2124 -0.9231 0.1969, -0.8172 -1.1513 0.1969, -0.7797 -1.1024 0.1969, 0.8172 -1.1513 0.1969, 0.7797 -1.1024 0.1969, 0.7561 -0.9231 0.1969, 0.748 -0.9842 0.1969, 0.7561 -1.0454 0.1969, 2.4705 -1.2795 0.1969, 2.4705 -1.5039 0.1969, 2.0079 -1.5039 0.1969, 1.9685 0.374 0.1969, 2.4705 0.374 0.1969, 2.4705 -0.2953 0.1969, 2.0079 -2.6772 0.1969, 1.9685 -2.6772 0.1969, 2.4705 -0.8858 0.1969, -1.9685 0.374 0.1969, -1.9685 -2.6772 0.1969, -2.0079 -1.5039 0.1969, -2.0079 -2.6772 0.1969, -2.4705 -1.5039 0.1969, -2.4705 -1.2795 0.1969, -2.4705 -0.8858 0.1969, -2.4705 -0.2953 0.1969, -2.4705 0.374 0.1969, -1.624 0.374 1.378, -1.5059 0.2559 1.378, -1.5039 -0.2362 1.378, -1.8504 -0.2362 1.378, -1.8504 0.374 1.378, -1.8504 -0.2362 2.6772, -1.8504 0.374 2.6772, 0.1476 0.374 1.378, -0.1476 0.374 1.378, 1.1319 0.374 1.378, 0.6398 0.374 1.378, 1.9685 0.374 0.0394, 1.6535 0.374 0.0394, 2.3327 0.374 0.689, 2.4705 0.374 0.689, 2.3327 0.374 1.2795, 1.8504 0.374 1.378, 1.624 0.374 1.378, 2.4705 0.374 2.2047, 2.3327 0.374 2.2047, 2.4705 0.374 2.6575, 1.8504 0.374 2.6772, 2.3327 0.374 1.811, 2.4705 0.374 1.811, 2.4705 0.374 1.2795, 2.4508 0.374 2.6772, 2.4559 0.374 2.6765, 2.4606 0.374 2.6745, 2.4647 0.374 2.6714, 2.4678 0.374 2.6673, 2.4698 0.374 2.6626, -1.6535 0.374 0.0394, -1.9685 0.374 0.0394, -2.3327 0.374 1.2795, -2.4705 0.374 1.2795, -2.4705 0.374 1.811, -2.4705 0.374 0.689, -2.3327 0.374 0.689, -2.3327 0.374 1.811, -2.3327 0.374 2.2047, -2.4705 0.374 2.2047, -2.4705 0.374 2.6575, -2.4508 0.374 2.6772, -2.4559 0.374 2.6765, -2.4698 0.374 2.6626, -2.4678 0.374 2.6673, -2.4647 0.374 2.6714, -2.4606 0.374 2.6745, -0.2657 0.0394 1.378, -0.2677 0.0394 1.378, -0.2677 0.0394 1.4291, -0.5197 0.0394 1.4291, -0.2677 -0.2362 1.378, 0.2677 -0.2362 1.378, 0.2657 0.0394 1.378, 0.2677 0.0394 1.378, -0.2657 0.2559 1.378, 0.2657 0.2559 1.378, 0.5217 0.0394 1.378, 0.5197 0.0394 1.378, 0.5197 0.0394 1.4291, 0.2677 0.0394 1.4291, 0.5197 -0.2362 1.378, 1.252 -0.2362 1.378, 1.25 0.0394 1.378, 1.252 0.0394 1.378, 0.5217 0.2559 1.378, 1.25 0.2559 1.378, 1.5059 0.0394 1.378, 1.5039 0.0394 1.378, 1.5039 0.0394 1.4291, 1.252 0.0394 1.4291, 1.5059 0.2559 1.378, 1.8504 -0.2362 1.378, 1.5039 -0.2362 1.378, 1.8504 -0.2362 2.6772
            ]
        }
        coordIndex [
            0,1,2,-1,2,1,3,-1,4,2,5,-1,5,2,3,-1,5,3,6,-1,6,3,7,-1,5,8,4,-1,4,8,9,-1,4,9,10,-1,10,9,11,-1,12,13,14,-1,14,13,4,-1,14,4,15,-1,15,4,10,-1,12,16,13,-1,13,16,17,-1,2,17,16,-1,18,19,20,-1,20,19,0,-1,20,0,21,-1,22,23,24,-1,24,23,25,-1,24,25,26,-1,27,28,29,-1,30,31,24,-1,24,31,32,-1,24,32,22,-1,33,34,35,-1,35,34,27,-1,35,27,36,-1,37,38,39,-1,39,38,40,-1,41,42,38,-1,43,44,45,-1,45,44,46,-1,47,48,28,-1,28,48,41,-1,28,41,29,-1,29,41,38,-1,29,38,49,-1,49,38,37,-1,50,24,51,-1,51,24,26,-1,51,26,16,-1,16,26,52,-1,16,52,2,-1,2,52,53,-1,2,53,0,-1,36,27,54,-1,54,27,29,-1,54,29,55,-1,56,57,58,-1,58,57,59,-1,58,59,60,-1,53,61,0,-1,0,61,62,-1,0,62,63,-1,64,21,65,-1,65,21,66,-1,64,67,21,-1,21,67,68,-1,21,68,69,-1,60,70,58,-1,58,70,71,-1,58,71,72,-1,63,73,0,-1,0,73,74,-1,0,74,21,-1,21,74,75,-1,21,75,66,-1,55,76,54,-1,54,76,77,-1,54,77,24,-1,24,77,78,-1,24,78,30,-1,69,79,21,-1,21,79,80,-1,21,80,58,-1,58,80,81,-1,58,81,56,-1,46,58,45,-1,45,58,72,-1,45,72,38,-1,38,72,82,-1,38,82,40,-1,79,83,80,-1,80,83,84,-1,80,84,85,-1,85,84,86,-1,78,87,30,-1,30,87,88,-1,30,88,84,-1,84,88,89,-1,84,89,86,-1,90,91,92,-1,93,94,95,-1,96,97,92,-1,92,97,93,-1,93,95,92,-1,92,95,98,-1,92,98,90,-1,99,100,101,-1,101,100,102,-1,103,104,101,-1,101,104,105,-1,101,105,99,-1,99,105,106,-1,99,106,107,-1,18,108,19,-1,19,108,109,-1,110,3,111,-1,111,3,1,-1,1,109,111,-1,111,109,108,-1,111,108,112,-1,0,19,1,-1,1,19,109,-1,111,112,113,-1,113,112,114,-1,51,16,14,-1,14,16,12,-1,33,35,115,-1,115,35,116,-1,41,48,117,-1,117,48,118,-1,93,119,120,-1,121,122,94,-1,94,93,121,-1,121,93,120,-1,121,120,123,-1,123,120,46,-1,123,46,124,-1,124,46,44,-1,124,44,125,-1,126,127,128,-1,128,127,129,-1,129,127,124,-1,124,127,130,-1,124,130,123,-1,123,130,131,-1,123,131,132,-1,129,133,128,-1,128,133,134,-1,128,134,135,-1,135,136,128,-1,128,136,137,-1,128,137,138,-1,139,140,99,-1,141,142,143,-1,107,144,99,-1,99,144,145,-1,99,145,139,-1,139,145,20,-1,146,147,114,-1,143,146,141,-1,141,146,114,-1,141,114,145,-1,145,114,112,-1,145,112,20,-1,20,112,108,-1,20,108,18,-1,147,148,114,-1,114,148,149,-1,114,149,150,-1,150,149,151,-1,152,153,154,-1,152,154,149,-1,149,154,155,-1,149,155,151,-1,51,14,50,-1,50,14,15,-1,24,50,10,-1,10,50,15,-1,24,10,54,-1,54,10,11,-1,156,54,157,-1,157,54,11,-1,157,11,158,-1,158,11,159,-1,157,160,156,-1,156,160,161,-1,156,161,162,-1,162,161,163,-1,116,164,115,-1,115,164,156,-1,115,156,165,-1,165,156,162,-1,116,35,164,-1,164,35,36,-1,156,164,54,-1,54,164,36,-1,33,115,34,-1,34,115,165,-1,27,34,162,-1,162,34,165,-1,27,162,28,-1,28,162,163,-1,166,28,167,-1,167,28,163,-1,167,163,168,-1,168,163,169,-1,167,170,166,-1,166,170,171,-1,166,171,172,-1,172,171,173,-1,118,174,117,-1,117,174,166,-1,117,166,175,-1,175,166,172,-1,118,48,174,-1,174,48,47,-1,166,174,28,-1,28,174,47,-1,41,117,42,-1,42,117,175,-1,38,42,172,-1,172,42,175,-1,38,172,45,-1,45,172,173,-1,176,45,177,-1,177,45,173,-1,177,173,178,-1,178,173,179,-1,125,180,176,-1,124,125,181,-1,181,125,176,-1,181,176,182,-1,182,176,177,-1,125,44,180,-1,180,44,43,-1,176,180,45,-1,45,180,43,-1,183,129,181,-1,181,129,124,-1,
        ]
    }
}
Shape{
    appearance Appearance {
        material  Material 	{
            diffuseColor 0.7529411764705882 0.7529411764705882 0.7529411764705882
            specularColor 0.3764705882352941 0.3764705882352941 0.3764705882352941
            ambientIntensity 0.7529
            transparency 0.0
            shininess 0.5
        }
    }
    geometry IndexedFaceSet {
        ccw TRUE
        solid FALSE
        coord DEF co Coordinate {
            point [
                -2.4508 0.4331 2.6772, 2.4508 0.4331 2.6772, 1.8504 0.374 2.6772, 2.4508 0.374 2.6772, -2.4508 0.374 2.6772, -1.8504 0.374 2.6772, -1.8504 -0.2362 2.6772, 1.8504 -0.2362 2.6772, 2.4559 0.374 2.6765, 2.4559 0.4331 2.6765, 2.4606 0.374 2.6745, 2.4606 0.4331 2.6745, 2.4647 0.374 2.6714, 2.4647 0.4331 2.6714, 2.4678 0.374 2.6673, 2.4678 0.4331 2.6673, 2.4698 0.374 2.6626, 2.4698 0.4331 2.6626, 2.4705 0.374 2.6575, 2.4705 0.4331 2.6575, 2.4705 0.374 1.811, 2.4705 -0.3543 1.811, 2.4705 -0.3543 2.2047, 2.4705 0.374 2.2047, 2.4705 0.4331 0.1969, 2.4705 0.374 0.1969, 2.4705 0.374 0.689, 2.4705 -0.3543 0.689, 2.4705 -0.3543 1.2795, 2.4705 0.374 1.2795, 2.6673 -0.8858 0.0, 2.6673 -1.2795 0.0, 2.6164 -1.2795 0.0067, 2.6164 -0.8858 0.0067, 2.5689 -1.2795 0.0264, 2.5689 -0.8858 0.0264, 2.5281 -1.2795 0.0577, 2.5281 -0.8858 0.0577, 2.4968 -1.2795 0.0984, 2.4968 -0.8858 0.0984, 2.4772 -1.2795 0.1459, 2.4772 -0.8858 0.1459, 2.4705 -1.2795 0.1969, 2.4705 -0.8858 0.1969, 2.4772 0.4331 0.1459, 2.6673 0.4331 0.0, 2.6673 -0.2953 0.0, 2.6164 -0.2953 0.0067, 2.6164 0.4331 0.0067, 2.5689 -0.2953 0.0264, 2.5689 0.4331 0.0264, 2.5281 -0.2953 0.0577, 2.5281 0.4331 0.0577, 2.4968 -0.2953 0.0984, 2.4968 0.4331 0.0984, 2.4772 -0.2953 0.1459, 2.4705 -0.2953 0.1969, 2.7264 -0.8858 0.1181, 2.7264 -0.8858 0.0, 2.687 -0.8858 0.1181, 2.6615 -0.8858 0.1215, 2.6378 -0.8858 0.1313, 2.6174 -0.8858 0.1469, 2.6018 -0.8858 0.1673, 2.5919 -0.8858 0.1911, 2.5886 -0.8858 0.2165, 2.5886 -0.8858 0.2362, 2.4705 -0.8858 0.2362, 2.4705 -0.8268 0.2953, 2.5886 -0.8268 0.2953, 2.4705 -0.8421 0.2933, 2.5886 -0.8421 0.2933, 2.4705 -0.8563 0.2874, 2.5886 -0.8563 0.2874, 2.4705 -0.8685 0.278, 2.5886 -0.8685 0.278, 2.4705 -0.8779 0.2657, 2.5886 -0.8779 0.2657, 2.4705 -0.8838 0.2515, 2.5886 -0.8838 0.2515, 2.5886 -0.3543 0.2953, 2.4705 -0.3543 0.2953, -2.4705 -0.3543 0.2953, -2.4705 -0.8268 0.2953, -2.5886 -0.3543 0.2953, -2.5886 -0.8268 0.2953, 2.5098 -0.9842 1.8307, 2.5098 -0.9842 2.1654, 2.5886 -1.3779 1.8307, 2.5886 -1.3779 2.1654, 2.5886 -0.0787 2.1654, 2.5098 -0.4724 2.1654, 2.5098 -0.4724 1.8307, 2.5886 -0.0787 1.8307, 2.5886 -0.89 1.8307, 2.5886 -0.7648 1.8307, 2.5886 -0.762 1.8307, 2.5886 -0.6662 1.8307, 2.5886 -0.6549 1.8307, 2.5886 -0.5498 1.8307, 2.5886 -0.4764 1.8307, 2.5886 -0.4254 1.8307, 2.5886 -0.3834 1.8307, 2.5886 -0.2691 1.8307, 2.5886 -0.2589 1.8307, 2.5886 -0.1072 1.8307, 2.5098 -0.7874 0.7283, 2.5098 -0.6693 0.7283, 2.5098 -0.7874 1.0039, 2.5098 -0.6693 1.0039, 2.5886 -0.2756 1.0039, 2.5886 -0.2756 0.7283, 2.5886 -0.7874 0.7283, 2.5886 -0.7874 1.0039, 2.5886 -4.2691 1.1339, 2.5886 -2.185 1.1339, 2.4705 -4.2691 1.1339, 2.4705 -2.185 1.1339, 2.5886 -2.0866 1.2323, 2.4705 -2.0866 1.2323, 2.5886 -2.09 1.2068, 2.4705 -2.09 1.2068, 2.5886 -2.0998 1.1831, 2.4705 -2.0998 1.1831, 2.5886 -2.1154 1.1627, 2.4705 -2.1154 1.1627, 2.5886 -2.1358 1.147, 2.4705 -2.1358 1.147, 2.5886 -2.1596 1.1372, 2.4705 -2.1596 1.1372, 2.5886 -2.0866 2.0197, 2.4705 -2.0866 2.0197, 2.5886 -2.185 2.1181, 2.4705 -2.185 2.1181, 2.5886 -2.1596 2.1148, 2.4705 -2.1596 2.1148, 2.5886 -2.1358 2.1049, 2.4705 -2.1358 2.1049, 2.5886 -2.1154 2.0893, 2.4705 -2.1154 2.0893, 2.5886 -2.0998 2.0689, 2.4705 -2.0998 2.0689, 2.5886 -2.09 2.0452, 2.4705 -2.09 2.0452, 2.4705 -4.2691 2.1181, 2.5886 -4.2691 2.1181, 2.4705 -1.5748 0.6811, 2.4705 -1.5748 2.6575, 2.4705 -4.3188 1.147, 2.4705 -4.2948 1.1372, 2.4705 -4.9213 0.6811, 2.4705 -4.9213 2.6575, 2.4705 -4.2948 2.1148, 2.4705 -4.37 1.2322, 2.4705 -4.366 1.2066, 2.4705 -4.3583 1.9697, 2.4705 -4.3432 1.9485, 2.4705 -4.3233 1.9319, 2.4705 -4.2999 1.9209, 2.4705 -4.3556 1.1828, 2.4705 -4.3396 1.1625, 2.4705 -4.3188 2.105, 2.4705 -4.3396 2.0895, 2.4705 -4.3556 2.0691, 2.4705 -4.366 2.0454, 2.4705 -4.37 2.0198, 2.4705 -4.3674 1.994, 2.4705 -4.3233 1.32, 2.4705 -4.3432 1.3034, 2.4705 -4.3583 1.2823, 2.4705 -4.3674 1.258, 2.4705 -4.2632 1.9157, 2.4705 -4.2632 1.3363, 2.4705 -4.2744 1.9162, 2.4705 -4.2744 1.3357, 2.4705 -4.2999 1.3311, 2.5886 -4.2744 1.3357, 2.5886 -4.2999 1.3311, 2.5886 -4.3233 1.32, 2.5886 -4.3432 1.3034, 2.5886 -4.3583 1.2823, 2.5886 -4.3674 1.258, 2.5886 -4.37 1.2322, 2.5886 -4.366 1.2066, 2.5886 -4.3556 1.1828, 2.5886 -4.3396 1.1625, 2.5886 -4.3188 1.147, 2.5886 -4.2948 1.1372, 2.431 -2.5594 1.4256, 2.4754 -2.6037 1.4233, 2.3784 -2.7082 1.4178, 2.3918 -2.5202 1.4277, 2.2919 -2.6278 1.422, 2.2681 -2.66 1.4203, 2.369 -2.7211 1.4171, 2.2653 -2.6636 1.4201, 2.3659 -2.7254 1.4169, 2.2478 -2.7044 1.418, 2.3607 -2.7388 1.4162, 2.2478 -2.7044 1.418, 2.3594 -2.742 1.416, 2.2398 -2.7471 1.4158, 2.3575 -2.758 1.4152, 2.24 -2.7525 1.4155, 2.3572 -2.7601 1.4151, 2.2417 -2.7924 1.4134, 2.3583 -2.774 1.4144, 2.4671 -4.2202 1.3386, 2.5838 -4.2018 1.3395, 2.4696 -4.2416 1.3374, 2.5874 -4.2324 1.3379, 2.5886 -4.2632 1.3363, 2.5838 -4.2018 1.9124, 2.5874 -4.2324 1.3379, 2.5874 -4.2324 1.914, 2.5886 -4.2632 1.9157, 2.431 -2.5594 1.8264, 2.3918 -2.5202 1.8243, 2.2919 -2.6278 1.83, 2.4754 -2.6037 1.8287, 2.3784 -2.7082 1.8342, 2.3697 -2.7191 1.8347, 2.2682 -2.66 1.8316, 2.3688 -2.721 1.8348, 2.265 -2.6643 1.8319, 2.3615 -2.7354 1.8356, 2.2478 -2.7044 1.834, 2.3607 -2.7388 1.8358, 2.2478 -2.7044 1.834, 2.3576 -2.7528 1.8365, 2.2397 -2.7479 1.8362, 2.3578 -2.758 1.8368, 2.2399 -2.7525 1.8365, 2.3583 -2.774 1.8376, 2.2417 -2.7924 1.8386, 2.4671 -4.2202 1.9134, 2.5874 -4.2324 1.914, 2.4696 -4.2416 1.9145, 2.5886 -4.2744 1.9162, 2.5886 -4.2948 2.1148, 2.5886 -4.3188 2.105, 2.5886 -4.3396 2.0895, 2.5886 -4.3556 2.0691, 2.5886 -4.366 2.0454, 2.5886 -4.37 2.0198, 2.5886 -4.3674 1.994, 2.5886 -4.3583 1.9697, 2.5886 -4.3432 1.9485, 2.5886 -4.3233 1.9319, 2.5886 -4.2999 1.9209, 2.4696 -4.2416 1.9145, 2.4696 -4.2416 1.3374, 2.3982 -2.5133 1.4282, 2.4723 -2.4335 1.7795, 2.4834 -2.4215 1.7628, 2.5215 -2.3805 1.626, 2.4929 -2.4113 1.7485, 2.4256 -2.4838 1.8155, 2.4223 -2.4873 1.8174, 2.4476 -2.4601 1.803, 2.4567 -2.4502 1.7943, 2.5039 -2.3995 1.7224, 2.5086 -2.3943 1.7112, 2.5169 -2.3854 1.6759, 2.5217 -2.3803 1.6303, 2.5184 -2.3838 1.6693, 2.5195 -2.3826 1.5906, 2.5167 -2.3857 1.5761, 2.5118 -2.3909 1.5513, 2.5038 -2.3996 1.5296, 2.4973 -2.4065 1.5122, 2.4835 -2.4214 1.489, 2.4779 -2.4274 1.4797, 2.457 -2.4499 1.457, 2.4553 -2.4518 1.4551, 2.427 -2.4823 1.4366, 2.4257 -2.4837 1.4362, 2.5495 -2.441 1.5279, 2.4667 -2.5237 1.818, 2.4997 -2.4907 1.7971, 2.5279 -2.4625 1.7651, 2.5495 -2.441 1.7241, 2.563 -2.4275 1.6767, 2.563 -2.4275 1.5753, 2.5676 -2.4228 1.626, 2.4667 -2.5237 1.434, 2.5279 -2.4625 1.4868, 2.4997 -2.4907 1.4549, 2.51 -2.5664 1.4323, 2.5063 -2.5704 1.4302, 2.5324 -2.5423 1.445, 2.5786 -2.4926 1.5004, 2.5691 -2.5028 1.4862, 2.5575 -2.5152 1.4689, 2.5419 -2.5321 1.4539, 2.5901 -2.4802 1.5274, 2.5947 -2.4752 1.5384, 2.608 -2.4609 1.626, 2.6083 -2.4606 1.6209, 2.6048 -2.4643 1.581, 2.6034 -2.4659 1.575, 2.6061 -2.4629 1.6615, 2.5839 -2.4868 1.741, 2.5899 -2.4804 1.7245, 2.5984 -2.4712 1.7013, 2.6031 -2.4661 1.6769, 2.5692 -2.5026 1.766, 2.5645 -2.5078 1.7741, 2.5101 -2.5663 1.8199, 2.5119 -2.5644 1.8193, 2.5405 -2.5336 1.8005, 2.5422 -2.5318 1.7987, 2.4829 -2.5957 1.828, 2.4508 -4.9213 2.6772, 2.4508 -1.5748 2.6772, 2.4559 -4.9213 2.6765, 2.4559 -1.5748 2.6765, 2.4606 -4.9213 2.6745, 2.4606 -1.5748 2.6745, 2.4647 -4.9213 2.6714, 2.4647 -1.5748 2.6714, 2.4678 -4.9213 2.6673, 2.4678 -1.5748 2.6673, 2.4698 -4.9213 2.6626, 2.4698 -1.5748 2.6626, 1.7883 -2.0081 2.6772, 1.7633 -2.0097 2.6772, 1.6852 -2.0965 2.6772, 1.6661 -2.3142 2.6772, 0.6961 -2.3142 2.6772, 1.7396 -2.0176 2.6772, 0.6717 -2.0721 2.6772, 1.7187 -2.0313 2.6772, 1.7019 -2.0499 2.6772, 1.6905 -2.0721 2.6772, 0.677 -2.0965 2.6772, -0.5739 -2.0081 2.6772, -2.4508 -1.5748 2.6772, -0.5989 -2.0097 2.6772, -0.6226 -2.0176 2.6772, -0.6435 -2.0313 2.6772, -0.6603 -2.0499 2.6772, -0.6717 -2.0721 2.6772, -0.6961 -2.3142 2.6772, -1.6661 -2.3142 2.6772, -0.677 -2.0965 2.6772, -1.6852 -2.0965 2.6772, -1.6905 -2.0721 2.6772, -1.7019 -2.0499 2.6772, -1.7187 -2.0313 2.6772, 0.6435 -2.0313 2.6772, 0.6226 -2.0176 2.6772, 0.6603 -2.0499 2.6772, -1.8128 -2.0129 2.6772, -1.8353 -2.0238 2.6772, -1.8542 -2.0402 2.6772, -1.8684 -2.0608 2.6772, -1.7396 -2.0176 2.6772, -1.7633 -2.0097 2.6772, -1.7883 -2.0081 2.6772, -0.508 -2.0402 2.6772, -0.5269 -2.0238 2.6772, -0.5494 -2.0129 2.6772, 1.8684 -2.0608 2.6772, 1.8542 -2.0402 2.6772, 0.5989 -2.0097 2.6772, 0.5739 -2.0081 2.6772, 0.5494 -2.0129 2.6772, -0.4938 -2.0608 2.6772, 0.5269 -2.0238 2.6772, 0.508 -2.0402 2.6772, -0.4832 -2.1092 2.6772, 0.4938 -2.0608 2.6772, -0.5856 -4.454 2.6772, 1.8768 -2.0843 2.6772, -0.4854 -2.0843 2.6772, 1.8353 -2.0238 2.6772, 1.8128 -2.0129 2.6772, 0.4832 -2.1092 2.6772, 0.5856 -4.454 2.6772, -0.5907 -4.4835 2.6772, -0.6739 -4.5631 2.6772, -0.6461 -4.5519 2.6772, 0.4854 -2.0843 2.6772, -0.6219 -4.5341 2.6772, -0.6031 -4.5108 2.6772, -1.8768 -2.0843 2.6772, -1.879 -2.1092 2.6772, -2.4508 -4.9213 2.6772, -1.7766 -4.454 2.6772, -1.7715 -4.4835 2.6772, -1.7591 -4.5108 2.6772, -1.7403 -4.5341 2.6772, -1.7161 -4.5519 2.6772, 1.7403 -4.5341 2.6772, 1.7591 -4.5108 2.6772, -1.6883 -4.5631 2.6772, -1.6586 -4.5669 2.6772, -0.7036 -4.5669 2.6772, 1.7715 -4.4835 2.6772, 1.7766 -4.454 2.6772, 1.879 -2.1092 2.6772, 0.5907 -4.4835 2.6772, 0.6031 -4.5108 2.6772, 0.6219 -4.5341 2.6772, 1.6586 -4.5669 2.6772, 1.6883 -4.5631 2.6772, 1.7161 -4.5519 2.6772, 0.6461 -4.5519 2.6772, 0.6739 -4.5631 2.6772, 0.7036 -4.5669 2.6772, 1.879 -2.1092 2.7953, 1.7766 -4.454 2.7953, 1.7715 -4.4835 2.7953, 1.7591 -4.5108 2.7953, 1.7403 -4.5341 2.7953, 1.7161 -4.5519 2.7953, 1.6883 -4.5631 2.7953, 1.6586 -4.5669 2.7953, -1.6905 -2.0721 2.7953, 2.4508 0.4331 2.7953, -1.7019 -2.0499 2.7953, -1.7187 -2.0313 2.7953, -1.8684 -2.0608 2.7953, -1.8542 -2.0402 2.7953, -2.4508 0.4331 2.7953, -1.8353 -2.0238 2.7953, -1.8128 -2.0129 2.7953, -1.7883 -2.0081 2.7953, -1.7633 -2.0097 2.7953, -1.7396 -2.0176 2.7953, 1.8353 -2.0238 2.7953, 1.8542 -2.0402 2.7953, 1.8684 -2.0608 2.7953, 1.7187 -2.0313 2.7953, 1.7396 -2.0176 2.7953, 0.6717 -2.0721 2.7953, -1.7591 -4.5108 2.7953, -1.7715 -4.4835 2.7953, -2.4508 -4.9213 2.7953, -1.6661 -2.3142 2.7953, -0.6961 -2.3142 2.7953, -1.6852 -2.0965 2.7953, -0.677 -2.0965 2.7953, -0.6717 -2.0721 2.7953, -0.6603 -2.0499 2.7953, 0.5739 -2.0081 2.7953, 0.5989 -2.0097 2.7953, 0.6226 -2.0176 2.7953, 1.7019 -2.0499 2.7953, -0.5739 -2.0081 2.7953, -0.5494 -2.0129 2.7953, -0.5269 -2.0238 2.7953, -0.508 -2.0402 2.7953, 0.6961 -2.3142 2.7953, 1.6661 -2.3142 2.7953, 0.677 -2.0965 2.7953, 1.6852 -2.0965 2.7953, 1.6905 -2.0721 2.7953, -0.6435 -2.0313 2.7953, -0.6226 -2.0176 2.7953, -0.5989 -2.0097 2.7953, -0.4938 -2.0608 2.7953, 0.4938 -2.0608 2.7953, -0.4854 -2.0843 2.7953, 0.508 -2.0402 2.7953, 0.5269 -2.0238 2.7953, 0.5494 -2.0129 2.7953, 0.6435 -2.0313 2.7953, 0.6603 -2.0499 2.7953, -1.6883 -4.5631 2.7953, -1.7161 -4.5519 2.7953, -1.7403 -4.5341 2.7953, -1.7766 -4.454 2.7953, -1.879 -2.1092 2.7953, -1.8768 -2.0843 2.7953, 1.7633 -2.0097 2.7953, 1.7883 -2.0081 2.7953, 1.8128 -2.0129 2.7953, 1.8768 -2.0843 2.7953, 2.4508 -4.9213 2.7953, -0.5907 -4.4835 2.7953, -0.6031 -4.5108 2.7953, -0.6219 -4.5341 2.7953, -0.6461 -4.5519 2.7953, -0.6739 -4.5631 2.7953, -0.7036 -4.5669 2.7953, -1.6586 -4.5669 2.7953, 0.7036 -4.5669 2.7953, 0.6739 -4.5631 2.7953, 0.6461 -4.5519 2.7953, 0.6219 -4.5341 2.7953, 0.6031 -4.5108 2.7953, 0.5907 -4.4835 2.7953, -0.5856 -4.454 2.7953, 0.5856 -4.454 2.7953, -0.4832 -2.1092 2.7953, 0.4832 -2.1092 2.7953, 0.4854 -2.0843 2.7953, 0.8352 -3.9047 2.4964, 0.8504 -4.0778 2.6003, 0.8451 -4.017 2.7016, 0.8283 -3.8253 2.5894, 0.8327 -3.8756 2.4827, 0.8289 -3.8322 2.5925, 0.8299 -3.8439 2.5977, 0.8048 -3.5565 2.6226, 0.8062 -3.5728 2.6199, 0.8088 -3.6026 2.7339, 0.8094 -3.6095 2.7326, 0.8065 -3.5757 2.6194, 0.8129 -3.6496 2.7153, 0.8079 -3.5917 2.6126, 0.813 -3.651 2.7147, 0.8079 -3.5917 2.6125, 0.8162 -3.6875 2.6878, 0.8092 -3.6065 2.6017, 0.8165 -3.69 2.6848, 0.8093 -3.6078 2.6003, 0.8188 -3.7168 2.6532, 0.8102 -3.6185 2.5876, 0.8206 -3.7379 2.6215, 0.812 -3.6396 2.556, 0.8211 -3.7431 2.6145, 0.8139 -3.6603 2.5315, 0.8214 -3.746 2.6117, 0.8146 -3.6689 2.5214, 0.8223 -3.7565 2.6016, 0.817 -3.696 2.5013, 0.8226 -3.7603 2.5995, 0.8177 -3.7041 2.4953, 0.8236 -3.7716 2.593, 0.8206 -3.7377 2.48, 0.8241 -3.7772 2.5913, 0.8209 -3.7406 2.4787, 0.8251 -3.7892 2.5877, 0.8246 -3.7835 2.4695, 0.8257 -3.7954 2.5873, 0.8248 -3.7848 2.4692, 0.8268 -3.8081 2.5864, 0.8286 -3.8292 2.47, 0.8273 -3.8142 2.5875, 0.8287 -3.8304 2.4703, 0.832 -3.8679 2.4791, 0.6968 -2.3228 2.7952, 0.6966 -2.3202 2.6771, 0.6976 -2.3315 2.7949, 0.6972 -2.3263 2.6769, 0.8052 -3.5617 2.7406, 0.8055 -3.5651 2.7404, 1.0416 -4.1732 2.7953, 1.0102 -4.1706 2.7937, 1.0469 -4.234 2.694, 1.0156 -4.2309 2.6921, 1.0018 -4.2295 2.6913, 1.0019 -4.1699 2.7933, 0.9713 -4.2202 2.6857, 0.9657 -4.1601 2.7874, 0.9606 -4.2169 2.6838, 0.9647 -4.1598 2.7872, 0.9293 -4.1431 2.7772, 0.931 -4.2012 2.6743, 0.9257 -4.1405 2.7756, 0.9261 -4.1985 2.6727, 0.8953 -4.1175 2.7619, 0.8972 -4.1743 2.6582, 0.892 -4.1136 2.7595, 0.8938 -4.1714 2.6565, 0.8714 -4.0895 2.745, 0.8717 -4.1425 2.6391, 0.8668 -4.0806 2.7397, 0.8713 -4.1416 2.6386, 0.8573 -4.1114 2.6205, 0.8536 -4.0552 2.7245, 0.8558 -4.1044 2.6163, 0.851 -4.0436 2.7175, 1.527 -3.9047 2.4964, 1.4901 -4.1413 2.6384, 1.4855 -4.1502 2.6437, 1.4649 -4.1743 2.6582, 1.4312 -4.2012 2.6743, 1.4615 -4.1783 2.6606, 1.5118 -4.0778 2.6003, 1.5059 -4.1043 2.6162, 1.5033 -4.116 2.6232, 1.4276 -4.2039 2.6759, 1.3922 -4.2206 2.686, 1.3912 -4.2209 2.6861, 1.355 -4.2306 2.692, 1.3467 -4.2313 2.6924, 1.3153 -4.234 2.694, 1.3206 -4.1732 2.7953, 1.352 -4.1701 2.7934, 1.3658 -4.1688 2.7926, 1.3962 -4.1595 2.787, 1.407 -4.1562 2.785, 1.4365 -4.1404 2.7756, 1.4414 -4.1378 2.774, 1.4703 -4.1135 2.7595, 1.4738 -4.1107 2.7577, 1.4958 -4.0818 2.7404, 1.4962 -4.0809 2.7399, 1.5103 -4.0507 2.7218, 1.5117 -4.0437 2.7175, 1.5171 -4.017 2.7016, 1.5323 -3.8439 2.5977, 1.5416 -3.7379 2.6215, 1.5408 -3.7462 2.6118, 1.5404 -3.7511 2.6061, 1.5396 -3.7604 2.5996, 1.5392 -3.7653 2.5961, 1.5381 -3.7772 2.5914, 1.5376 -3.7829 2.5892, 1.5365 -3.7955 2.5872, 1.536 -3.8012 2.5863, 1.5349 -3.8142 2.5874, 1.533 -3.8363 2.5936, 1.5333 -3.8323 2.5923, 1.5345 -3.8186 2.5877, 1.5558 -3.5747 2.6197, 1.5494 -3.6484 2.7161, 1.5544 -3.5917 2.6126, 1.5493 -3.6496 2.7153, 1.5543 -3.5917 2.6125, 1.5462 -3.6853 2.6899, 1.5531 -3.6058 2.6024, 1.5529 -3.6077 2.6002, 1.5458 -3.6898 2.6847, 1.552 -3.6185 2.5876, 1.6656 -2.3202 2.6771, 1.6654 -2.3228 2.7952, 1.6651 -2.3263 2.6769, 1.6646 -2.3315 2.7949, 1.5574 -3.5565 2.6226, 1.557 -3.5617 2.7406, 1.556 -3.5729 2.62, 1.5534 -3.6027 2.7341, 1.5531 -3.6065 2.7335, 1.5436 -3.7149 2.656, 1.5434 -3.7168 2.6532, 1.5502 -3.6396 2.556, 1.5453 -3.6956 2.5007, 1.5479 -3.6654 2.5246, 1.5484 -3.66 2.5312, 1.5295 -3.8755 2.4831, 1.5306 -3.8634 2.4777, 1.5335 -3.8303 2.4711, 1.5343 -3.8204 2.4691, 1.5376 -3.7834 2.4697, 1.5379 -3.7802 2.4698, 1.5416 -3.7376 2.4798, 1.5417 -3.7362 2.4802, 1.5452 -3.6966 2.4998, -0.8129 -3.6496 2.7153, -0.8079 -3.5917 2.6126, -0.8128 -3.6484 2.7161, -0.8064 -3.5747 2.6197, -0.8102 -3.6185 2.5876, -0.8093 -3.6077 2.6002, -0.8164 -3.6898 2.6847, -0.816 -3.6853 2.6899, -0.8091 -3.6058 2.6024, -0.8079 -3.5917 2.6125, -0.6966 -2.3202 2.6771, -0.6968 -2.3228 2.7952, -0.6972 -2.3263 2.6769, -0.6976 -2.3315 2.7949, -0.8048 -3.5565 2.6226, -0.8052 -3.5617 2.7406, -0.8062 -3.5729 2.62, -0.8088 -3.6027 2.7341, -0.8092 -3.6065 2.7335, -0.8186 -3.7149 2.656, -0.8188 -3.7168 2.6532, -0.812 -3.6396 2.556, -0.8218 -3.7511 2.6061, -0.8138 -3.66 2.5312, -0.8214 -3.7462 2.6118, -0.8206 -3.7379 2.6215, -0.8451 -4.017 2.7016, -0.8504 -4.0778 2.6003, -0.8299 -3.8439 2.5977, -0.8352 -3.9047 2.4964, -0.8293 -3.8363 2.5936, -0.8327 -3.8755 2.4831, -0.8289 -3.8323 2.5923, -0.8316 -3.8634 2.4777, -0.8277 -3.8186 2.5877, -0.8287 -3.8303 2.4711, -0.8273 -3.8142 2.5874, -0.8279 -3.8204 2.4691, -0.8262 -3.8012 2.5863, -0.8246 -3.7834 2.4697, -0.8257 -3.7955 2.5872, -0.8243 -3.7802 2.4698, -0.8246 -3.7829 2.5892, -0.8206 -3.7376 2.4798, -0.8241 -3.7772 2.5914, -0.8205 -3.7362 2.4802, -0.8231 -3.7653 2.5961, -0.817 -3.6966 2.4998, -0.8226 -3.7604 2.5996, -0.8169 -3.6956 2.5007, -0.8143 -3.6654 2.5246, -1.0416 -4.1732 2.7953, -1.0469 -4.234 2.694, -1.0155 -4.2313 2.6924, -1.0102 -4.1701 2.7934, -1.0072 -4.2306 2.692, -0.9965 -4.1688 2.7926, -0.971 -4.2209 2.6861, -0.966 -4.1595 2.787, -0.97 -4.2206 2.686, -0.9553 -4.1562 2.785, -0.9346 -4.2039 2.6759, -0.9257 -4.1404 2.7756, -0.9311 -4.2012 2.6743, -0.9208 -4.1378 2.774, -0.9007 -4.1783 2.6606, -0.8919 -4.1135 2.7595, -0.8973 -4.1743 2.6582, -0.8884 -4.1107 2.7577, -0.8767 -4.1502 2.6437, -0.8664 -4.0818 2.7404, -0.866 -4.0809 2.7399, -0.8721 -4.1413 2.6384, -0.8519 -4.0507 2.7218, -0.8589 -4.116 2.6232, -0.8505 -4.0437 2.7175, -0.8563 -4.1043 2.6162, -1.5323 -3.8439 2.5977, -1.4955 -4.0806 2.7397, -1.4908 -4.0895 2.745, -1.4702 -4.1136 2.7595, -1.4365 -4.1405 2.7756, -1.4669 -4.1175 2.7619, -1.5171 -4.017 2.7016, -1.5112 -4.0436 2.7175, -1.5086 -4.0552 2.7245, -1.3965 -4.1601 2.7874, -1.3603 -4.1699 2.7933, -1.352 -4.1706 2.7937, -1.3206 -4.1732 2.7953, -1.4329 -4.1431 2.7772, -1.3975 -4.1598 2.7872, -1.3153 -4.234 2.694, -1.3466 -4.2309 2.6921, -1.3604 -4.2295 2.6913, -1.3909 -4.2202 2.6857, -1.4016 -4.2169 2.6838, -1.4312 -4.2012 2.6743, -1.4361 -4.1985 2.6727, -1.465 -4.1743 2.6582, -1.4685 -4.1714 2.6565, -1.4905 -4.1425 2.6391, -1.4909 -4.1416 2.6386, -1.505 -4.1114 2.6205, -1.5064 -4.1044 2.6163, -1.5118 -4.0778 2.6003, -1.527 -3.9047 2.4964, -1.5295 -3.8756 2.4827, -1.5302 -3.8679 2.4791, -1.5335 -3.8304 2.4703, -1.5336 -3.8292 2.47, -1.5375 -3.7848 2.4692, -1.5376 -3.7835 2.4695, -1.5413 -3.7406 2.4787, -1.5416 -3.7377 2.48, -1.5445 -3.7041 2.4953, -1.5452 -3.696 2.5013, -1.5476 -3.6689 2.5214, -1.5483 -3.6603 2.5315, -1.5502 -3.6396 2.556, -1.552 -3.6185 2.5876, -1.5529 -3.6078 2.6003, -1.5543 -3.5917 2.6125, -1.5544 -3.5917 2.6126, -1.5557 -3.5757 2.6194, -1.553 -3.6065 2.6017, -1.556 -3.5728 2.6199, -1.5574 -3.5565 2.6226, -1.6651 -2.3263 2.6769, -1.6656 -2.3202 2.6771, -1.5333 -3.8322 2.5925, -1.5354 -3.8081 2.5864, -1.5349 -3.8142 2.5875, -1.5339 -3.8253 2.5894, -1.5493 -3.6496 2.7153, -1.5492 -3.651 2.7147, -1.546 -3.6875 2.6878, -1.5457 -3.69 2.6848, -1.5434 -3.7168 2.6532, -1.5416 -3.7379 2.6215, -1.5411 -3.7431 2.6145, -1.5408 -3.746 2.6117, -1.5399 -3.7565 2.6016, -1.5396 -3.7603 2.5995, -1.5386 -3.7716 2.593, -1.5381 -3.7772 2.5913, -1.5371 -3.7892 2.5877, -1.5365 -3.7954 2.5873, -1.6654 -2.3228 2.7952, -1.6646 -2.3315 2.7949, -1.557 -3.5617 2.7406, -1.5567 -3.5651 2.7404, -1.5534 -3.6026 2.7339, -1.5528 -3.6095 2.7326, -2.4865 0.4331 2.7906, -2.4865 -4.9213 2.7906, -2.5197 0.4331 2.7768, -2.5197 -4.9213 2.7768, -2.5482 0.4331 2.7549, -2.5482 -4.9213 2.7549, -2.5701 0.4331 2.7264, -2.5701 -4.9213 2.7264, -2.5839 0.4331 2.6931, -2.5839 -4.9213 2.6931, -2.5886 0.4331 2.6575, -2.5886 -4.9213 2.6575, -2.5886 -0.2756 1.0039, -2.5886 -1.3779 1.8307, -2.5886 -0.0787 1.8307, -2.5886 -1.3515 0.7327, -2.5886 -2.1596 1.1372, -2.5886 -2.1358 1.147, -2.5886 -2.1596 2.1148, -2.5886 -2.185 2.1181, -2.5886 -1.3779 2.1654, -2.5886 -0.0787 2.1654, -2.5886 0.4331 0.2165, -2.5886 -0.2756 0.7283, -2.5886 -4.2948 2.1148, -2.5886 -4.3188 2.105, -2.5886 -4.3396 2.0895, -2.5886 -4.3556 2.0691, -2.5886 -1.3776 0.7393, -2.5886 -1.4045 0.7394, -2.5886 -1.4307 0.7332, -2.5886 -1.4547 0.7208, -2.5886 -1.475 0.7031, -2.5886 -2.185 1.1339, -2.5886 -1.4905 0.6811, -2.5886 -4.2691 1.1339, -2.5886 -4.9213 0.6811, -2.5886 -4.2948 1.1372, -2.5886 -2.09 1.2068, -2.5886 -1.3276 0.7201, -2.5886 -2.0998 1.1831, -2.5886 -2.1154 1.1627, -2.5886 -2.0866 2.0197, -2.5886 -2.09 2.0452, -2.5886 -0.7874 1.0039, -2.5886 -2.0998 2.0689, -2.5886 -2.1154 2.0893, -2.5886 -1.2795 0.2165, -2.5886 -0.8685 0.278, -2.5886 -0.8779 0.2657, -2.5886 -0.8838 0.2515, -2.5886 -0.8858 0.2362, -2.5886 -0.8858 0.2165, -2.5886 -2.1358 2.1049, -2.5886 -4.3583 1.9697, -2.5886 -4.3432 1.9485, -2.5886 -4.3233 1.9319, -2.5886 -4.2999 1.9209, -2.5886 -4.37 1.2322, -2.5886 -4.366 1.2066, -2.5886 -4.3556 1.1828, -2.5886 -4.2691 2.1181, -2.5886 -4.366 2.0454, -2.5886 -4.37 2.0198, -2.5886 -4.3674 1.994, -2.5886 -4.3233 1.32, -2.5886 -4.3432 1.3034, -2.5886 -4.3583 1.2823, -2.5886 -4.3674 1.258, -2.5886 -4.3396 1.1625, -2.5886 -4.3188 1.147, -2.5886 -0.7874 0.7283, -2.5886 -1.2795 0.628, -2.5886 -1.2828 0.6547, -2.5886 -1.2923 0.6799, -2.5886 -1.3075 0.7021, -2.5886 -2.0866 1.2323, -2.5886 -0.2953 0.2165, -2.5886 -0.2953 0.2362, -2.5886 -0.8563 0.2874, -2.5886 -0.8421 0.2933, -2.5886 -0.2973 0.2515, -2.5886 -0.3032 0.2657, -2.5886 -0.3126 0.278, -2.5886 -0.3248 0.2874, -2.5886 -0.339 0.2933, -2.5886 -4.2632 1.9157, -2.5886 -4.2632 1.3363, -2.5886 -4.2744 1.9162, -2.5886 -4.2744 1.3357, -2.5886 -4.2999 1.3311, -2.5098 -0.9842 2.1654, -2.5098 -0.9842 1.8307, -2.5098 -0.4724 1.8307, -2.5098 -0.4724 2.1654, -2.5098 -0.7874 1.0039, -2.5098 -0.6693 1.0039, -2.5098 -0.7874 0.7283, -2.5098 -0.6693 0.7283, -2.4705 -2.0866 1.2323, -2.4705 -2.0866 2.0197, -2.4705 -2.185 2.1181, -2.4705 -2.1596 2.1148, -2.4705 -2.1358 2.1049, -2.4705 -2.1154 2.0893, -2.4705 -2.0998 2.0689, -2.4705 -2.09 2.0452, -2.4705 -2.09 1.2068, -2.4705 -2.0998 1.1831, -2.4705 -1.5748 0.6811, -2.4705 -2.1154 1.1627, -2.4705 -2.1358 1.147, -2.4705 -1.5748 2.6575, -2.4705 -2.1596 1.1372, -2.4705 -2.185 1.1339, -2.4705 -4.9213 0.6811, -2.4705 -4.2691 1.1339, -2.4705 -4.2948 1.1372, -2.4705 -4.3188 1.147, -2.4705 -4.3396 1.1625, -2.4705 -4.2999 1.9209, -2.4705 -4.3233 1.9319, -2.4705 -4.3432 1.9485, -2.4705 -4.366 2.0454, -2.4705 -4.3556 2.0691, -2.4705 -4.9213 2.6575, -2.4705 -4.3396 2.0895, -2.4705 -4.3188 2.105, -2.4705 -4.3556 1.1828, -2.4705 -4.366 1.2066, -2.4705 -4.37 1.2322, -2.4705 -4.3583 1.9697, -2.4705 -4.3674 1.994, -2.4705 -4.37 2.0198, -2.4705 -4.2948 2.1148, -2.4705 -4.2691 2.1181, -2.4705 -4.3674 1.258, -2.4705 -4.3583 1.2823, -2.4705 -4.3432 1.3034, -2.4705 -4.3233 1.32, -2.4705 -4.2744 1.3357, -2.4705 -4.2632 1.3363, -2.4705 -4.2632 1.9157, -2.4705 -4.2999 1.3311, -2.4705 -4.2744 1.9162, -2.431 -2.5594 1.4256, -2.3918 -2.5202 1.4277, -2.2919 -2.6278 1.422, -2.3576 -2.7528 1.4155, -2.2399 -2.7525 1.4155, -2.3578 -2.758 1.4152, -2.2417 -2.7924 1.4134, -2.4696 -4.2416 1.3374, -2.5874 -4.2324 1.3379, -2.4671 -4.2202 1.3386, -2.5838 -4.2018 1.3395, -2.3583 -2.774 1.4144, -2.4754 -2.6037 1.4233, -2.3784 -2.7082 1.4178, -2.3697 -2.7191 1.4172, -2.2682 -2.66 1.4203, -2.3688 -2.721 1.4171, -2.265 -2.6643 1.4201, -2.3615 -2.7354 1.4164, -2.2478 -2.7044 1.418, -2.3607 -2.7388 1.4162, -2.2478 -2.7044 1.418, -2.2397 -2.7479 1.4157, -2.5874 -4.2324 1.914, -2.5838 -4.2018 1.9124, -2.5874 -4.2324 1.3379, -2.3583 -2.774 1.8376, -2.3572 -2.7601 1.8369, -2.3575 -2.758 1.8368, -2.3594 -2.742 1.8359, -2.3607 -2.7388 1.8358, -2.3659 -2.7254 1.8351, -2.369 -2.7211 1.8348, -2.3784 -2.7082 1.8342, -2.4754 -2.6037 1.8287, -2.483 -2.5956 1.424, -2.5101 -2.5663 1.4321, -2.608 -2.4609 1.626, -2.6062 -2.4629 1.5906, -2.5575 -2.5153 1.7832, -2.5691 -2.5028 1.7658, -2.5786 -2.4926 1.7516, -2.5901 -2.4802 1.7246, -2.5947 -2.4752 1.7137, -2.6034 -2.4659 1.677, -2.5063 -2.5704 1.8217, -2.51 -2.5664 1.8197, -2.6048 -2.4644 1.6711, -2.6083 -2.4606 1.6312, -2.6031 -2.4662 1.575, -2.5985 -2.4712 1.5508, -2.5899 -2.4804 1.5274, -2.584 -2.4868 1.5111, -2.5693 -2.5026 1.4859, -2.5646 -2.5077 1.4779, -2.5419 -2.5321 1.798, -2.5324 -2.5424 1.807, -2.5406 -2.5335 1.4515, -2.512 -2.5643 1.4327, -2.431 -2.5594 1.8264, -2.4667 -2.5237 1.818, -2.4997 -2.4907 1.7971, -2.5279 -2.4625 1.7651, -2.5495 -2.441 1.7241, -2.563 -2.4275 1.6767, -2.5676 -2.4228 1.626, -2.563 -2.4275 1.5753, -2.5495 -2.441 1.5279, -2.5279 -2.4625 1.4868, -2.4997 -2.4907 1.4549, -2.4667 -2.5237 1.434, -2.4256 -2.4838 1.4365, -2.4223 -2.4873 1.4346, -2.4476 -2.4601 1.4489, -2.4567 -2.4502 1.4577, -2.4722 -2.4336 1.4724, -2.4834 -2.4215 1.4892, -2.5184 -2.3838 1.5825, -2.5169 -2.3854 1.5761, -2.5086 -2.3944 1.5406, -2.5039 -2.3995 1.5295, -2.4928 -2.4114 1.5034, -2.5217 -2.3803 1.6216, -2.5215 -2.3805 1.626, -2.5196 -2.3826 1.6613, -2.5167 -2.3857 1.6758, -2.4835 -2.4214 1.7629, -2.4974 -2.4065 1.7396, -2.5038 -2.3996 1.7224, -2.5118 -2.3909 1.7005, -2.4257 -2.4837 1.8158, -2.427 -2.4823 1.8154, -2.4553 -2.4518 1.7969, -2.457 -2.4499 1.795, -2.478 -2.4274 1.7722, -2.3982 -2.5133 1.8237, -2.3918 -2.5202 1.8243, -2.2919 -2.6278 1.83, -2.2681 -2.66 1.8316, -2.2653 -2.6636 1.8318, -2.2478 -2.7044 1.834, -2.2478 -2.7044 1.834, -2.2398 -2.7471 1.8362, -2.24 -2.7525 1.8365, -2.2417 -2.7924 1.8386, -2.4671 -4.2202 1.9134, -2.4696 -4.2416 1.3374, -2.4696 -4.2416 1.9145, -2.4696 -4.2416 1.9145, -2.5874 -4.2324 1.914, -2.4508 -4.9213 0.6614, -2.4508 -1.5748 0.6614, -2.4559 -4.9213 0.6621, -2.4559 -1.5748 0.6621, -2.4606 -4.9213 0.6641, -2.4606 -1.5748 0.6641, -2.4647 -4.9213 0.6672, -2.4647 -1.5748 0.6672, -2.4678 -4.9213 0.6713, -2.4678 -1.5748 0.6713, -2.4698 -4.9213 0.676, -2.4698 -1.5748 0.676, 1.6883 -4.5631 0.6614, 1.6586 -4.5669 0.6614, 2.4508 -4.9213 0.6614, -0.6219 -4.5341 0.6614, -0.6461 -4.5519 0.6614, -0.0118 -4.9213 0.6614, 0.1874 -2.832 0.6614, 0.1761 -2.8467 0.6614, 0.5907 -4.4835 0.6614, 0.1614 -2.8579 0.6614, 0.1443 -2.865 0.6614, -0.0862 -4.4448 0.6614, -0.1195 -4.4537 0.6614, -0.0118 -4.5018 0.6614, 0.185 -2.7965 0.6614, 0.185 -2.6772 0.6614, -0.4854 -2.0843 0.6614, -0.0728 -4.4428 0.6614, -0.6717 -2.0721 0.6614, -1.7187 -2.0313 0.6614, -1.7019 -2.0499 0.6614, -1.6852 -2.0965 0.6614, -1.6661 -2.3142 0.6614, -0.6961 -2.3142 0.6614, 0.6226 -2.0176 0.6614, 0.6435 -2.0313 0.6614, 2.4508 -1.5748 0.6614, 0.6603 -2.0499 0.6614, 0.6717 -2.0721 0.6614, 0.6961 -2.3142 0.6614, 1.6661 -2.3142 0.6614, 0.677 -2.0965 0.6614, 1.6852 -2.0965 0.6614, 1.6905 -2.0721 0.6614, 1.7019 -2.0499 0.6614, 1.7187 -2.0313 0.6614, 0.6739 -4.5631 0.6614, 0.6461 -4.5519 0.6614, 0.0 -4.9213 0.6614, -0.2014 -4.1141 0.6614, -0.1926 -4.1005 0.6614, -0.1355 -3.6828 0.6614, -0.5907 -4.4835 0.6614, -0.6031 -4.5108 0.6614, -1.6905 -2.0721 0.6614, -0.677 -2.0965 0.6614, 1.8128 -2.0129 0.6614, 1.8353 -2.0238 0.6614, 1.8542 -2.0402 0.6614, 1.8684 -2.0608 0.6614, 0.126 -2.8674 0.6614, 0.1076 -2.865 0.6614, -0.1225 -3.669 0.6614, -1.8768 -2.0843 0.6614, -1.8684 -2.0608 0.6614, -0.6603 -2.0499 0.6614, -0.6435 -2.0313 0.6614, -0.6226 -2.0176 0.6614, -0.0349 -4.4549 0.6614, -0.0465 -4.448 0.6614, -0.0252 -4.4643 0.6614, -0.0593 -4.4439 0.6614, -0.0179 -4.4757 0.6614, -0.1195 -3.6804 0.6614, -0.1516 -4.0759 0.6614, -0.1355 -4.0746 0.6614, -0.1195 -4.077 0.6614, 0.1107 -3.6187 0.6614, 0.1107 -4.1387 0.6614, 0.126 -3.6167 0.6614, 0.1413 -3.6187 0.6614, -1.8542 -2.0402 0.6614, -1.8353 -2.0238 0.6614, -1.8128 -2.0129 0.6614, -1.7883 -2.0081 0.6614, -1.7633 -2.0097 0.6614, -1.7396 -2.0176 0.6614, -0.5989 -2.0097 0.6614, -0.5739 -2.0081 0.6614, -0.5494 -2.0129 0.6614, -0.5269 -2.0238 0.6614, 0.4938 -2.0608 0.6614, 0.508 -2.0402 0.6614, 0.5269 -2.0238 0.6614, 1.7396 -2.0176 0.6614, 1.7633 -2.0097 0.6614, 1.7883 -2.0081 0.6614, 0.7036 -4.5669 0.6614, -0.0134 -4.4884 0.6614, -0.1809 -4.0892 0.6614, -0.167 -4.0809 0.6614, -0.1355 -4.4561 0.6614, -0.1516 -4.4547 0.6614, -0.167 -4.4498 0.6614, 0.1375 -4.1395 0.6614, 0.185 -4.0816 0.6614, 0.1241 -4.1407 0.6614, 0.4854 -2.0843 0.6614, -0.508 -2.0402 0.6614, 0.4832 -2.1092 0.6614, 0.5494 -2.0129 0.6614, 0.5739 -2.0081 0.6614, 0.5989 -2.0097 0.6614, -0.5856 -4.454 0.6614, -0.1926 -3.6569 0.6614, -0.2014 -3.6433 0.6614, -0.1516 -2.7909 0.6614, -0.1355 -2.7895 0.6614, -0.1195 -2.7919 0.6614, 0.1107 -2.8536 0.6614, 0.126 -2.8556 0.6614, 0.1716 -4.1191 0.6614, 0.1619 -4.1285 0.6614, 0.1504 -4.1354 0.6614, 1.7715 -4.4835 0.6614, 1.7591 -4.5108 0.6614, 0.1076 -4.1501 0.6614, -0.1225 -4.0884 0.6614, -0.0732 -4.431 0.6614, -0.1834 -3.6494 0.6614, -0.1969 -3.612 0.6614, -0.1908 -3.6381 0.6614, -0.1953 -3.6254 0.6614, -0.1737 -3.6588 0.6614, -0.1622 -3.6658 0.6614, -0.1493 -3.6699 0.6614, -0.1225 -2.8033 0.6614, -0.1359 -3.671 0.6614, -0.1622 -2.8066 0.6614, -0.1493 -2.8025 0.6614, -0.1359 -2.8013 0.6614, -0.1737 -2.8135 0.6614, -0.1834 -2.8229 0.6614, -0.1908 -2.8343 0.6614, -0.1953 -2.847 0.6614, -0.1969 -2.8604 0.6614, -0.1809 -4.4415 0.6614, -0.1926 -4.4302 0.6614, -0.2014 -4.4166 0.6614, -0.2068 -4.1294 0.6614, -0.1516 -3.6815 0.6614, -0.167 -3.6765 0.6614, 0.185 -3.6758 0.6614, 0.183 -3.6605 0.6614, 0.1771 -3.6463 0.6614, 0.1789 -4.1077 0.6614, 0.1835 -4.095 0.6614, 0.1944 -2.8149 0.6614, 0.5856 -4.454 0.6614, 0.1969 -2.7965 0.6614, 0.1969 -2.6772 0.6614, -0.4938 -2.0608 0.6614, 1.8768 -2.0843 0.6614, 1.879 -2.1092 0.6614, 1.7766 -4.454 0.6614, 1.7403 -4.5341 0.6614, 1.7161 -4.5519 0.6614, 0.1076 -3.6073 0.6614, 0.1237 -3.605 0.6614, 0.1398 -3.6063 0.6614, 0.6219 -4.5341 0.6614, 0.6031 -4.5108 0.6614, 0.1552 -4.1462 0.6614, -0.1622 -4.0917 0.6614, -0.0892 -4.4333 0.6614, -0.1493 -4.0875 0.6614, -0.1359 -4.0864 0.6614, -0.0019 -4.4857 0.6614, 0.1237 -4.1525 0.6614, -0.0073 -4.4705 0.6614, -0.0161 -4.4568 0.6614, -0.2068 -3.6281 0.6614, -0.2087 -3.612 0.6614, -0.4832 -2.1092 0.6614, 0.1555 -2.8477 0.6614, 0.1677 -2.8383 0.6614, 0.1771 -2.8261 0.6614, 0.1677 -3.634 0.6614, 0.1555 -3.6246 0.6614, -1.6883 -4.5631 0.6614, -1.7161 -4.5519 0.6614, -1.7403 -4.5341 0.6614, -1.7591 -4.5108 0.6614, -1.7715 -4.4835 0.6614, -1.7766 -4.454 0.6614, -1.879 -2.1092 0.6614, 0.1969 -4.0816 0.6614, 0.195 -4.0977 0.6614, 0.0 -4.5018 0.6614, 0.1398 -4.1511 0.6614, -0.1737 -4.0986 0.6614, -0.1834 -4.108 0.6614, -0.1225 -4.4423 0.6614, -0.1908 -4.1193 0.6614, -0.1953 -4.132 0.6614, -0.2068 -4.4013 0.6614, -0.2087 -4.3852 0.6614, -0.2087 -4.1455 0.6614, -0.2087 -2.8604 0.6614, -0.2068 -2.8443 0.6614, -0.2014 -2.829 0.6614, 0.1413 -2.8536 0.6614, 0.183 -2.8118 0.6614, -0.6739 -4.5631 0.6614, -0.7036 -4.5669 0.6614, -1.6586 -4.5669 0.6614, 0.1552 -3.6112 0.6614, 0.1691 -3.6196 0.6614, 0.1808 -3.6308 0.6614, -0.1622 -4.439 0.6614, -0.1493 -4.4431 0.6614, -0.1969 -4.3852 0.6614, -0.057 -4.4323 0.6614, -0.0416 -4.4372 0.6614, -0.0277 -4.4456 0.6614, -0.1926 -2.8154 0.6614, -0.1809 -2.8042 0.6614, -0.167 -2.7958 0.6614, 0.1895 -3.6444 0.6614, 0.195 -3.6597 0.6614, 0.1969 -3.6758 0.6614, -0.1969 -4.1455 0.6614, -0.1359 -4.4443 0.6614, -0.1809 -3.6682 0.6614, 0.1895 -4.113 0.6614, 0.1808 -4.1266 0.6614, 0.1691 -4.1378 0.6614, -0.1953 -4.3986 0.6614, -0.1908 -4.4113 0.6614, -0.1834 -4.4227 0.6614, -0.1737 -4.4321 0.6614, 1.6586 -4.5669 0.5433, 0.7036 -4.5669 0.5433, 0.6739 -4.5631 0.5433, 0.6461 -4.5519 0.5433, 0.6219 -4.5341 0.5433, 0.6031 -4.5108 0.5433, 0.5907 -4.4835 0.5433, 0.5856 -4.454 0.5433, 0.4909 -2.2835 0.5433, 0.4832 -2.1092 0.5433, 0.4854 -2.0843 0.5433, 0.4938 -2.0608 0.5433, 0.508 -2.0402 0.5433, 0.5269 -2.0238 0.5433, 0.5494 -2.0129 0.5433, 0.5739 -2.0081 0.5433, 0.5989 -2.0097 0.5433, 0.6226 -2.0176 0.5433, 0.6435 -2.0313 0.5433, 0.6603 -2.0499 0.5433, 0.6717 -2.0721 0.5433, 0.677 -2.0965 0.5433, 0.816 -3.6853 0.6487, 0.8091 -3.6058 0.7362, 0.8079 -3.5917 0.726, 0.8129 -3.6496 0.6233, 0.8079 -3.5917 0.726, 0.8128 -3.6484 0.6225, 0.8064 -3.5747 0.7189, 0.8092 -3.6065 0.6051, 0.8093 -3.6077 0.7384, 0.8164 -3.6898 0.6539, 0.8102 -3.6185 0.7509, 0.8088 -3.6027 0.6045, 0.8062 -3.5729 0.7186, 0.8052 -3.5617 0.598, 0.8048 -3.5565 0.716, 0.6976 -2.3315 0.5437, 0.6972 -2.3263 0.6617, 0.6968 -2.3228 0.5434, 0.6966 -2.3202 0.6615, 0.6961 -2.3142 0.5433, 0.6934 -2.2835 0.5433, 0.8186 -3.7149 0.6826, 0.8188 -3.7168 0.6854, 0.812 -3.6396 0.7826, 0.8218 -3.7511 0.7325, 0.8138 -3.66 0.8074, 0.8214 -3.7462 0.7268, 0.8206 -3.7379 0.7171, 0.8451 -4.017 0.637, 0.8504 -4.0778 0.7383, 0.8299 -3.8439 0.7409, 0.8352 -3.9047 0.8422, 0.8293 -3.8363 0.745, 0.8327 -3.8755 0.8554, 0.8289 -3.8323 0.7463, 0.8316 -3.8634 0.8609, 0.8277 -3.8186 0.7509, 0.8287 -3.8303 0.8675, 0.8273 -3.8142 0.7512, 0.8279 -3.8204 0.8695, 0.8262 -3.8012 0.7522, 0.8246 -3.7834 0.8689, 0.8257 -3.7955 0.7513, 0.8243 -3.7802 0.8688, 0.8246 -3.7829 0.7494, 0.8206 -3.7376 0.8587, 0.8241 -3.7772 0.7472, 0.8205 -3.7362 0.8584, 0.8231 -3.7653 0.7425, 0.817 -3.6966 0.8388, 0.8226 -3.7604 0.739, 0.8169 -3.6956 0.8379, 0.8143 -3.6654 0.814, 0.8505 -4.0437 0.621, 0.8563 -4.1043 0.7224, 0.8589 -4.116 0.7154, 0.8519 -4.0507 0.6168, 0.8721 -4.1413 0.7002, 0.866 -4.0809 0.5987, 0.8767 -4.1502 0.6948, 0.8664 -4.0818 0.5982, 0.8884 -4.1107 0.5808, 0.8973 -4.1743 0.6804, 0.8919 -4.1135 0.5791, 0.9007 -4.1783 0.678, 0.9208 -4.1378 0.5646, 0.9311 -4.2012 0.6642, 0.9257 -4.1404 0.563, 0.9346 -4.2039 0.6626, 0.9553 -4.1562 0.5535, 0.97 -4.2206 0.6526, 0.966 -4.1595 0.5516, 0.971 -4.2209 0.6524, 0.9965 -4.1688 0.546, 1.0072 -4.2306 0.6466, 1.0102 -4.1701 0.5452, 1.0155 -4.2313 0.6462, 1.0416 -4.1732 0.5433, 1.0469 -4.234 0.6446, 1.4909 -4.1416 0.7, 1.505 -4.1114 0.7181, 1.5064 -4.1044 0.7223, 1.5118 -4.0778 0.7383, 1.527 -3.9047 0.8422, 1.3604 -4.2295 0.6473, 1.3909 -4.2202 0.6528, 1.4016 -4.2169 0.6548, 1.4312 -4.2012 0.6643, 1.4361 -4.1985 0.6659, 1.465 -4.1743 0.6804, 1.4685 -4.1714 0.6821, 1.4905 -4.1425 0.6995, 1.3153 -4.234 0.6446, 1.3466 -4.2309 0.6464, 1.5171 -4.017 0.637, 1.5112 -4.0436 0.6211, 1.5086 -4.0552 0.6141, 1.4955 -4.0806 0.5989, 1.4908 -4.0895 0.5936, 1.4702 -4.1136 0.5791, 1.4669 -4.1175 0.5767, 1.4365 -4.1405 0.563, 1.4329 -4.1431 0.5614, 1.3975 -4.1598 0.5513, 1.3965 -4.1601 0.5512, 1.3603 -4.1699 0.5453, 1.352 -4.1706 0.5449, 1.3206 -4.1732 0.5433, 1.5323 -3.8439 0.7409, 1.5295 -3.8756 0.8559, 1.5333 -3.8322 0.7461, 1.5302 -3.8679 0.8595, 1.5339 -3.8253 0.7492, 1.5335 -3.8304 0.8682, 1.5349 -3.8142 0.7511, 1.5336 -3.8292 0.8685, 1.5354 -3.8081 0.7521, 1.5375 -3.7848 0.8694, 1.5365 -3.7954 0.7513, 1.5376 -3.7835 0.8691, 1.5371 -3.7892 0.7508, 1.5413 -3.7406 0.8599, 1.5381 -3.7772 0.7472, 1.5416 -3.7377 0.8586, 1.5386 -3.7716 0.7456, 1.5445 -3.7041 0.8433, 1.5396 -3.7603 0.7391, 1.5452 -3.696 0.8373, 1.5399 -3.7565 0.7369, 1.5476 -3.6689 0.8172, 1.5408 -3.746 0.7269, 1.5483 -3.6603 0.8071, 1.5411 -3.7431 0.7241, 1.5502 -3.6396 0.7826, 1.5416 -3.7379 0.7171, 1.552 -3.6185 0.7509, 1.5434 -3.7168 0.6854, 1.5529 -3.6078 0.7383, 1.5457 -3.69 0.6537, 1.553 -3.6065 0.7368, 1.546 -3.6875 0.6508, 1.5543 -3.5917 0.726, 1.5492 -3.651 0.6239, 1.5544 -3.5917 0.726, 1.5493 -3.6496 0.6233, 1.5557 -3.5757 0.7192, 1.5528 -3.6095 0.6059, 1.556 -3.5728 0.7187, 1.5534 -3.6026 0.6047, 1.5574 -3.5565 0.716, 1.6852 -2.0965 0.5433, 1.6688 -2.2835 0.5433, 1.5567 -3.5651 0.5981, 1.557 -3.5617 0.598, 1.6651 -2.3263 0.6617, 1.6646 -2.3315 0.5437, 1.6656 -2.3202 0.6615, 1.6654 -2.3228 0.5434, 1.6661 -2.3142 0.5433, 1.6905 -2.0721 0.5433, 1.7019 -2.0499 0.5433, 1.7187 -2.0313 0.5433, 1.7396 -2.0176 0.5433, 1.7633 -2.0097 0.5433, 1.7883 -2.0081 0.5433, 1.8128 -2.0129 0.5433, 1.8353 -2.0238 0.5433, 1.8542 -2.0402 0.5433, 1.8684 -2.0608 0.5433, 1.8768 -2.0843 0.5433, 1.879 -2.1092 0.5433, 1.7766 -4.454 0.5433, 1.8714 -2.2835 0.5433, 1.7715 -4.4835 0.5433, 1.7591 -4.5108 0.5433, 1.7403 -4.5341 0.5433, 1.7161 -4.5519 0.5433, 1.6883 -4.5631 0.5433, -2.4508 -1.5039 0.5433, -2.0079 -1.5039 0.5433, -2.0079 -2.2835 0.5433, 2.0079 -1.5039 0.5433, 2.4508 -1.5039 0.5433, 2.0079 -2.2835 0.5433, 2.4508 -4.9213 0.5433, 0.1969 -2.6772 0.5433, -0.4909 -2.2835 0.5433, 0.185 -2.6772 0.5433, 0.1443 -2.865 0.5433, 0.1614 -2.8579 0.5433, 0.1761 -2.8467 0.5433, -1.7766 -4.454 0.5433, -1.7715 -4.4835 0.5433, -2.4508 -4.9213 0.5433, 0.1874 -2.832 0.5433, 0.1944 -2.8149 0.5433, 0.1969 -2.7965 0.5433, -1.8714 -2.2835 0.5433, -0.1516 -4.4547 0.5433, -0.1355 -4.4561 0.5433, -0.0118 -4.5018 0.5433, 0.1241 -4.1407 0.5433, 0.1107 -4.1387 0.5433, 0.185 -4.0816 0.5433, -1.7591 -4.5108 0.5433, -1.7403 -4.5341 0.5433, -1.7161 -4.5519 0.5433, -0.1926 -3.6569 0.5433, -0.1355 -4.0746 0.5433, -0.2014 -3.6433 0.5433, -0.2068 -3.6281 0.5433, -0.1195 -4.077 0.5433, -0.1195 -3.6804 0.5433, 0.126 -2.8674 0.5433, 0.1895 -3.6444 0.5433, 0.1808 -3.6308 0.5433, 0.1398 -3.6063 0.5433, 0.1076 -2.865 0.5433, 0.1237 -3.605 0.5433, -0.1225 -2.8033 0.5433, 0.1076 -3.6073 0.5433, -0.1225 -3.669 0.5433, 0.0 -4.9213 0.5433, -0.0118 -4.9213 0.5433, -0.6739 -4.5631 0.5433, -0.6461 -4.5519 0.5433, -0.1516 -3.6815 0.5433, -0.1355 -3.6828 0.5433, 0.1107 -2.8536 0.5433, -0.1195 -2.7919 0.5433, 0.185 -2.7965 0.5433, 0.1691 -3.6196 0.5433, 0.1552 -3.6112 0.5433, -0.1809 -3.6682 0.5433, -0.167 -3.6765 0.5433, 0.1107 -3.6187 0.5433, 0.126 -3.6167 0.5433, 0.1413 -3.6187 0.5433, -0.1809 -4.0892 0.5433, -0.167 -4.0809 0.5433, -0.1516 -4.0759 0.5433, -0.1195 -4.4537 0.5433, -0.0862 -4.4448 0.5433, -0.0728 -4.4428 0.5433, 0.1835 -4.095 0.5433, 0.1789 -4.1077 0.5433, 0.1716 -4.1191 0.5433, -0.1953 -2.847 0.5433, -0.1969 -2.8604 0.5433, -0.1969 -3.612 0.5433, -0.1908 -2.8343 0.5433, -0.1834 -2.8229 0.5433, -0.1737 -2.8135 0.5433, -0.1622 -2.8066 0.5433, -0.1493 -2.8025 0.5433, -0.1359 -2.8013 0.5433, -0.1359 -3.671 0.5433, -0.1493 -3.6699 0.5433, -0.1622 -3.6658 0.5433, -0.1737 -3.6588 0.5433, -0.1834 -3.6494 0.5433, -0.1908 -3.6381 0.5433, -0.1953 -3.6254 0.5433, -1.6883 -4.5631 0.5433, -1.6586 -4.5669 0.5433, -0.7036 -4.5669 0.5433, -0.1355 -2.7895 0.5433, -0.1516 -2.7909 0.5433, -0.167 -4.4498 0.5433, -0.5907 -4.4835 0.5433, -0.6031 -4.5108 0.5433, -0.6219 -4.5341 0.5433, -0.0593 -4.4439 0.5433, -0.0465 -4.448 0.5433, -0.0349 -4.4549 0.5433, 0.1619 -4.1285 0.5433, 0.1504 -4.1354 0.5433, 0.1375 -4.1395 0.5433, 0.0 -4.5018 0.5433, -0.0019 -4.4857 0.5433, 0.1237 -4.1525 0.5433, 0.1895 -4.113 0.5433, 0.195 -4.0977 0.5433, 0.1969 -4.0816 0.5433, 0.1969 -3.6758 0.5433, -0.2014 -4.4166 0.5433, -0.1926 -4.4302 0.5433, -0.1809 -4.4415 0.5433, -0.0252 -4.4643 0.5433, -0.0179 -4.4757 0.5433, -0.0134 -4.4884 0.5433, 0.1555 -3.6246 0.5433, 0.1677 -3.634 0.5433, 0.1771 -3.6463 0.5433, 0.183 -3.6605 0.5433, 0.185 -3.6758 0.5433, 0.1076 -4.1501 0.5433, -0.0277 -4.4456 0.5433, -0.1493 -4.0875 0.5433, -0.0732 -4.431 0.5433, -0.1622 -4.0917 0.5433, -0.0892 -4.4333 0.5433, -0.1737 -4.0986 0.5433, 0.195 -3.6597 0.5433, 0.1555 -2.8477 0.5433, 0.1413 -2.8536 0.5433, 0.126 -2.8556 0.5433, -0.167 -2.7958 0.5433, -0.1809 -2.8042 0.5433, -0.1926 -2.8154 0.5433, -0.2014 -2.829 0.5433, -0.2068 -2.8443 0.5433, -0.2087 -2.8604 0.5433, -0.2068 -4.1294 0.5433, -0.5856 -4.454 0.5433, -0.2014 -4.1141 0.5433, -0.1926 -4.1005 0.5433, -0.0073 -4.4705 0.5433, -0.0161 -4.4568 0.5433, -0.1359 -4.0864 0.5433, -0.1225 -4.0884 0.5433, -0.057 -4.4323 0.5433, -0.0416 -4.4372 0.5433, -0.1225 -4.4423 0.5433, -0.1969 -4.3852 0.5433, -0.1969 -4.1455 0.5433, 0.1398 -4.1511 0.5433, 0.1552 -4.1462 0.5433, 0.1691 -4.1378 0.5433, 0.1808 -4.1266 0.5433, 0.183 -2.8118 0.5433, 0.1771 -2.8261 0.5433, 0.1677 -2.8383 0.5433, -0.2087 -3.612 0.5433, -0.2087 -4.1455 0.5433, -0.2087 -4.3852 0.5433, -0.2068 -4.4013 0.5433, -0.1359 -4.4443 0.5433, -0.1493 -4.4431 0.5433, -0.1953 -4.3986 0.5433, -0.1953 -4.132 0.5433, -0.1908 -4.1193 0.5433, -0.1834 -4.108 0.5433, -0.1622 -4.439 0.5433, -0.1737 -4.4321 0.5433, -0.1834 -4.4227 0.5433, -0.1908 -4.4113 0.5433, -2.4705 -1.5039 0.5447, -2.4865 -1.5039 0.548, -2.4865 -4.9213 0.548, -2.5197 -4.9213 0.5618, -2.5197 -1.5039 0.5618, -2.5482 -4.9213 0.5837, -2.5482 -1.5039 0.5837, -2.5701 -4.9213 0.6122, -2.5819 -1.5034 0.6386, -2.5779 -1.5039 0.628, -2.5701 -1.5039 0.6122, -2.5835 -1.5021 0.6455, -2.5839 -4.9213 0.6454, -2.587 -1.4992 0.6602, -2.4705 -1.5039 0.628
            ]
        }
        coordIndex [
            0,1,2,-1,2,1,3,-1,4,0,5,-1,5,0,2,-1,5,2,6,-1,6,2,7,-1,3,1,8,-1,8,1,9,-1,8,9,10,-1,10,9,11,-1,10,11,12,-1,12,11,13,-1,12,13,14,-1,14,13,15,-1,14,15,16,-1,16,15,17,-1,16,17,18,-1,18,17,19,-1,20,21,22,-1,18,19,23,-1,23,19,24,-1,24,25,26,-1,27,28,26,-1,26,28,29,-1,26,29,24,-1,24,29,20,-1,24,20,23,-1,23,20,22,-1,30,31,32,-1,30,32,33,-1,33,32,34,-1,33,34,35,-1,35,34,36,-1,35,36,37,-1,37,36,38,-1,37,38,39,-1,39,38,40,-1,39,40,41,-1,41,40,42,-1,41,42,43,-1,25,24,44,-1,45,46,47,-1,45,47,48,-1,48,47,49,-1,48,49,50,-1,50,49,51,-1,50,51,52,-1,52,51,53,-1,52,53,54,-1,54,53,55,-1,54,55,44,-1,44,55,56,-1,44,56,25,-1,57,58,59,-1,59,58,30,-1,59,30,60,-1,60,30,33,-1,60,33,61,-1,61,33,35,-1,61,35,62,-1,62,35,37,-1,62,37,63,-1,63,37,39,-1,63,39,64,-1,64,39,41,-1,64,41,65,-1,65,41,43,-1,65,43,66,-1,66,43,67,-1,68,69,70,-1,70,69,71,-1,70,71,72,-1,72,71,73,-1,72,73,74,-1,74,73,75,-1,74,75,76,-1,76,75,77,-1,76,77,78,-1,78,77,79,-1,78,79,67,-1,67,79,66,-1,80,69,81,-1,81,69,68,-1,82,83,84,-1,84,83,85,-1,86,87,88,-1,88,87,89,-1,90,89,91,-1,91,89,87,-1,91,92,90,-1,90,92,93,-1,86,88,94,-1,94,95,86,-1,86,95,96,-1,86,96,92,-1,92,96,97,-1,97,98,92,-1,92,98,99,-1,92,99,100,-1,100,101,92,-1,92,101,102,-1,92,102,103,-1,103,104,92,-1,92,104,105,-1,92,105,93,-1,91,87,92,-1,92,87,86,-1,106,107,108,-1,108,107,109,-1,109,107,110,-1,110,107,111,-1,106,112,107,-1,107,112,111,-1,108,113,106,-1,106,113,112,-1,110,113,109,-1,109,113,108,-1,114,115,116,-1,116,115,117,-1,118,119,120,-1,120,119,121,-1,120,121,122,-1,122,121,123,-1,122,123,124,-1,124,123,125,-1,124,125,126,-1,126,125,127,-1,126,127,128,-1,128,127,129,-1,128,129,115,-1,115,129,117,-1,118,130,119,-1,119,130,131,-1,132,133,134,-1,134,133,135,-1,134,135,136,-1,136,135,137,-1,136,137,138,-1,138,137,139,-1,138,139,140,-1,140,139,141,-1,140,141,142,-1,142,141,143,-1,142,143,130,-1,130,143,131,-1,144,133,145,-1,145,133,132,-1,129,127,146,-1,146,127,125,-1,146,125,123,-1,143,141,147,-1,147,141,139,-1,147,139,137,-1,148,149,150,-1,150,149,116,-1,150,116,146,-1,146,116,117,-1,146,117,129,-1,137,135,147,-1,147,135,133,-1,147,133,151,-1,151,133,144,-1,151,144,152,-1,150,153,154,-1,123,121,146,-1,146,121,119,-1,146,119,147,-1,147,119,131,-1,147,131,143,-1,155,156,150,-1,150,156,157,-1,150,157,158,-1,154,159,150,-1,150,159,160,-1,150,160,148,-1,152,161,151,-1,151,161,162,-1,151,162,163,-1,163,164,151,-1,151,164,165,-1,151,165,150,-1,150,165,166,-1,150,166,155,-1,167,168,158,-1,158,168,169,-1,158,169,150,-1,150,169,170,-1,150,170,153,-1,171,172,173,-1,173,172,174,-1,173,174,158,-1,158,174,175,-1,158,175,167,-1,174,176,175,-1,175,176,177,-1,175,177,167,-1,167,177,178,-1,167,178,168,-1,168,178,179,-1,168,179,169,-1,169,179,180,-1,169,180,170,-1,170,180,181,-1,170,181,153,-1,153,181,182,-1,153,182,154,-1,154,182,183,-1,154,183,159,-1,159,183,184,-1,159,184,160,-1,160,184,185,-1,160,185,148,-1,148,185,186,-1,148,186,149,-1,149,186,187,-1,149,187,116,-1,116,187,114,-1,188,189,190,-1,191,188,192,-1,192,188,190,-1,192,190,193,-1,193,190,194,-1,193,194,195,-1,195,194,196,-1,195,196,197,-1,197,196,198,-1,197,198,199,-1,199,198,200,-1,199,200,201,-1,201,200,202,-1,201,202,203,-1,203,202,204,-1,203,204,205,-1,205,204,206,-1,205,206,207,-1,207,206,208,-1,207,208,209,-1,209,208,210,-1,209,210,172,-1,172,210,211,-1,172,211,174,-1,174,211,176,-1,208,212,213,-1,213,212,214,-1,213,214,211,-1,211,214,215,-1,216,217,218,-1,219,216,220,-1,220,216,218,-1,220,218,221,-1,221,218,222,-1,221,222,223,-1,223,222,224,-1,223,224,225,-1,225,224,226,-1,225,226,227,-1,227,226,228,-1,227,228,229,-1,229,228,230,-1,229,230,231,-1,231,230,232,-1,231,232,233,-1,233,232,234,-1,233,234,212,-1,212,234,235,-1,212,235,236,-1,236,235,237,-1,236,237,215,-1,215,237,171,-1,215,171,238,-1,238,171,173,-1,144,145,152,-1,152,145,239,-1,152,239,161,-1,161,239,240,-1,161,240,162,-1,162,240,241,-1,162,241,163,-1,163,241,242,-1,163,242,164,-1,164,242,243,-1,164,243,165,-1,165,243,244,-1,165,244,166,-1,166,244,245,-1,166,245,155,-1,155,245,246,-1,155,246,156,-1,156,246,247,-1,156,247,157,-1,157,247,248,-1,157,248,158,-1,158,248,249,-1,158,249,173,-1,173,249,238,-1,172,171,250,-1,235,207,250,-1,250,207,251,-1,250,251,172,-1,235,234,207,-1,207,234,205,-1,192,193,218,-1,218,193,222,-1,222,193,224,-1,224,193,195,-1,224,195,226,-1,226,195,197,-1,226,197,228,-1,228,197,199,-1,228,199,230,-1,199,201,230,-1,230,201,203,-1,230,203,232,-1,232,203,205,-1,232,205,234,-1,192,218,191,-1,191,218,217,-1,191,217,252,-1,253,254,255,-1,255,254,256,-1,257,255,258,-1,258,255,217,-1,257,259,255,-1,255,259,260,-1,255,260,253,-1,261,262,263,-1,256,261,255,-1,255,261,263,-1,255,263,264,-1,264,263,265,-1,255,266,217,-1,217,266,267,-1,217,267,268,-1,268,269,217,-1,217,269,270,-1,217,270,271,-1,271,272,217,-1,217,272,273,-1,217,273,274,-1,274,275,217,-1,217,275,276,-1,217,276,252,-1,270,269,277,-1,217,216,258,-1,258,216,278,-1,253,260,279,-1,279,260,259,-1,279,259,278,-1,278,259,257,-1,278,257,258,-1,261,256,280,-1,280,256,254,-1,280,254,253,-1,262,281,263,-1,263,281,282,-1,263,282,265,-1,265,282,264,-1,283,266,284,-1,284,266,255,-1,284,255,264,-1,269,268,283,-1,283,268,267,-1,283,267,266,-1,270,277,271,-1,252,276,285,-1,285,276,275,-1,272,286,273,-1,273,286,287,-1,273,287,274,-1,274,287,275,-1,188,191,252,-1,285,288,289,-1,252,285,188,-1,188,285,289,-1,188,289,189,-1,275,287,285,-1,285,287,290,-1,285,290,288,-1,291,292,286,-1,286,292,293,-1,286,293,287,-1,287,293,294,-1,287,294,290,-1,295,291,277,-1,277,291,286,-1,277,286,271,-1,271,286,272,-1,269,283,277,-1,277,283,296,-1,277,296,295,-1,297,298,284,-1,284,298,299,-1,284,299,283,-1,283,299,300,-1,283,300,296,-1,264,282,284,-1,284,282,301,-1,284,301,297,-1,302,303,281,-1,281,303,304,-1,281,304,282,-1,282,304,305,-1,282,305,301,-1,306,302,280,-1,280,302,281,-1,280,281,261,-1,261,281,262,-1,253,279,280,-1,280,279,307,-1,280,307,306,-1,308,309,278,-1,278,309,310,-1,278,310,279,-1,279,310,311,-1,279,311,307,-1,308,278,312,-1,312,278,216,-1,312,216,219,-1,307,311,190,-1,289,288,306,-1,307,190,306,-1,306,190,189,-1,306,189,289,-1,294,297,301,-1,311,310,190,-1,190,310,309,-1,190,309,308,-1,308,312,190,-1,190,312,219,-1,190,219,220,-1,294,293,297,-1,297,293,292,-1,297,292,291,-1,295,296,300,-1,291,295,297,-1,297,295,300,-1,297,300,298,-1,298,300,299,-1,301,305,294,-1,294,305,304,-1,294,304,303,-1,288,290,306,-1,306,290,294,-1,306,294,302,-1,302,294,303,-1,233,206,204,-1,233,204,231,-1,231,204,202,-1,231,202,229,-1,229,202,200,-1,229,200,227,-1,227,200,198,-1,227,198,196,-1,194,190,220,-1,220,221,194,-1,194,221,223,-1,194,223,196,-1,196,223,225,-1,196,225,227,-1,233,212,206,-1,206,212,208,-1,313,314,315,-1,315,314,316,-1,315,316,317,-1,317,316,318,-1,317,318,319,-1,319,318,320,-1,319,320,321,-1,321,320,322,-1,321,322,323,-1,323,322,324,-1,323,324,151,-1,151,324,147,-1,314,325,326,-1,327,328,329,-1,326,330,331,-1,331,330,332,-1,331,332,333,-1,333,334,331,-1,331,334,327,-1,331,327,335,-1,335,327,329,-1,314,336,337,-1,337,336,338,-1,337,338,339,-1,339,340,337,-1,337,340,341,-1,337,341,342,-1,343,344,345,-1,345,344,346,-1,345,346,342,-1,346,347,342,-1,342,347,348,-1,342,348,349,-1,350,351,314,-1,326,331,314,-1,314,331,352,-1,314,352,350,-1,353,354,337,-1,337,354,355,-1,337,355,356,-1,349,357,342,-1,342,357,358,-1,342,358,337,-1,337,358,359,-1,337,359,353,-1,360,361,314,-1,314,361,362,-1,314,362,336,-1,363,364,314,-1,351,365,314,-1,314,365,366,-1,314,366,360,-1,360,366,367,-1,360,367,368,-1,369,370,371,-1,371,370,372,-1,371,372,373,-1,363,314,374,-1,369,371,367,-1,367,371,375,-1,367,375,368,-1,364,376,314,-1,314,376,377,-1,314,377,325,-1,378,379,380,-1,381,382,379,-1,373,372,380,-1,380,372,383,-1,380,383,378,-1,382,384,379,-1,379,384,385,-1,379,385,380,-1,356,386,337,-1,337,386,387,-1,337,387,388,-1,388,387,389,-1,388,389,390,-1,390,391,388,-1,388,391,392,-1,388,392,393,-1,313,394,395,-1,393,396,388,-1,388,396,397,-1,388,397,398,-1,395,399,313,-1,313,399,400,-1,313,400,314,-1,314,400,401,-1,314,401,374,-1,381,379,398,-1,398,379,402,-1,398,402,388,-1,388,402,403,-1,388,403,404,-1,405,406,313,-1,313,406,407,-1,313,407,394,-1,404,408,388,-1,388,408,409,-1,388,409,313,-1,313,409,410,-1,313,410,405,-1,401,400,411,-1,411,400,412,-1,412,400,413,-1,413,400,399,-1,413,399,414,-1,414,399,395,-1,414,395,415,-1,415,395,394,-1,415,394,416,-1,416,394,407,-1,416,407,417,-1,417,407,406,-1,417,406,418,-1,418,406,405,-1,419,420,421,-1,421,420,422,-1,423,424,425,-1,425,424,426,-1,425,426,427,-1,427,428,425,-1,425,428,429,-1,425,429,420,-1,420,429,430,-1,420,430,422,-1,431,432,420,-1,420,432,433,-1,434,435,436,-1,437,438,439,-1,440,441,442,-1,442,441,443,-1,442,443,419,-1,419,443,444,-1,419,444,445,-1,446,447,420,-1,420,447,448,-1,434,436,449,-1,450,451,420,-1,420,451,452,-1,420,452,453,-1,454,455,456,-1,456,455,457,-1,456,457,436,-1,436,457,458,-1,436,458,449,-1,445,459,419,-1,419,459,460,-1,419,460,420,-1,420,460,461,-1,420,461,450,-1,453,462,463,-1,463,462,464,-1,463,465,453,-1,453,465,466,-1,453,466,420,-1,420,466,467,-1,420,467,446,-1,448,468,420,-1,420,468,469,-1,420,469,436,-1,470,471,439,-1,439,471,472,-1,439,472,437,-1,438,473,439,-1,439,473,474,-1,439,474,425,-1,425,474,475,-1,425,475,423,-1,435,476,436,-1,436,476,477,-1,436,477,420,-1,420,477,478,-1,420,478,431,-1,433,479,420,-1,420,479,411,-1,420,411,480,-1,480,411,412,-1,480,412,413,-1,418,480,417,-1,417,480,416,-1,413,414,480,-1,480,414,415,-1,480,415,416,-1,481,482,480,-1,480,482,483,-1,480,483,484,-1,484,485,480,-1,480,485,486,-1,480,486,439,-1,439,486,487,-1,439,487,470,-1,418,488,480,-1,480,488,489,-1,480,489,481,-1,481,489,490,-1,481,490,491,-1,491,492,481,-1,481,492,493,-1,481,493,494,-1,494,493,495,-1,494,495,496,-1,496,495,497,-1,496,497,464,-1,464,497,498,-1,464,498,463,-1,405,410,418,-1,418,410,488,-1,488,410,489,-1,489,410,409,-1,489,409,490,-1,490,409,408,-1,490,408,491,-1,491,408,404,-1,491,404,492,-1,492,404,403,-1,492,403,493,-1,493,403,402,-1,493,402,495,-1,495,402,379,-1,497,495,378,-1,378,495,379,-1,497,378,498,-1,498,378,383,-1,498,383,463,-1,463,383,372,-1,463,372,465,-1,465,372,370,-1,465,370,466,-1,466,370,369,-1,466,369,467,-1,467,369,367,-1,467,367,446,-1,446,367,366,-1,446,366,447,-1,447,366,365,-1,447,365,448,-1,448,365,351,-1,448,351,468,-1,468,351,350,-1,468,350,469,-1,469,350,352,-1,469,352,436,-1,436,352,331,-1,436,331,456,-1,456,331,335,-1,499,500,501,-1,502,503,504,-1,504,503,499,-1,504,499,505,-1,505,499,501,-1,506,507,508,-1,508,507,509,-1,509,507,510,-1,509,510,511,-1,511,510,512,-1,511,512,513,-1,513,512,514,-1,513,514,515,-1,515,514,516,-1,515,516,517,-1,517,516,518,-1,517,518,519,-1,519,518,520,-1,519,520,521,-1,521,520,522,-1,521,522,523,-1,523,522,524,-1,523,524,525,-1,525,524,526,-1,525,526,527,-1,527,526,528,-1,527,528,529,-1,529,528,530,-1,529,530,531,-1,531,530,532,-1,531,532,533,-1,533,532,534,-1,533,534,535,-1,535,534,536,-1,535,536,537,-1,537,536,538,-1,537,538,539,-1,539,538,540,-1,539,540,541,-1,541,540,542,-1,541,542,502,-1,502,542,543,-1,502,543,503,-1,456,335,454,-1,454,335,329,-1,454,329,544,-1,544,329,545,-1,544,545,546,-1,546,545,547,-1,546,547,548,-1,548,547,506,-1,548,506,549,-1,549,506,508,-1,550,551,552,-1,552,551,553,-1,553,551,554,-1,554,551,555,-1,554,555,556,-1,556,555,557,-1,556,557,558,-1,557,559,558,-1,558,559,560,-1,558,560,561,-1,561,560,562,-1,561,562,563,-1,563,562,564,-1,563,564,565,-1,565,564,566,-1,565,566,567,-1,567,566,568,-1,567,568,569,-1,569,568,570,-1,569,570,571,-1,571,570,572,-1,572,570,573,-1,572,573,574,-1,573,575,574,-1,574,575,501,-1,574,501,500,-1,500,499,576,-1,577,578,579,-1,580,576,581,-1,581,576,579,-1,576,582,579,-1,579,582,583,-1,579,583,577,-1,577,583,584,-1,580,585,576,-1,576,585,586,-1,576,586,587,-1,587,588,576,-1,576,588,589,-1,576,589,590,-1,554,556,576,-1,576,556,558,-1,558,561,576,-1,576,561,563,-1,576,563,565,-1,571,572,576,-1,576,572,574,-1,576,574,500,-1,590,552,576,-1,576,552,553,-1,576,553,554,-1,565,567,576,-1,576,567,569,-1,576,569,571,-1,591,590,589,-1,591,589,592,-1,592,589,588,-1,592,588,593,-1,593,588,587,-1,593,587,594,-1,594,587,586,-1,594,586,595,-1,595,586,585,-1,595,585,596,-1,596,585,580,-1,596,580,597,-1,597,580,581,-1,597,581,598,-1,598,581,579,-1,598,579,599,-1,599,579,578,-1,599,578,600,-1,600,578,601,-1,601,578,577,-1,601,577,602,-1,602,577,584,-1,602,584,603,-1,584,583,603,-1,603,583,582,-1,603,582,604,-1,605,505,501,-1,603,562,602,-1,602,562,601,-1,603,604,562,-1,562,604,605,-1,562,605,564,-1,501,575,605,-1,605,575,573,-1,605,573,570,-1,570,568,605,-1,605,568,566,-1,605,566,564,-1,598,562,597,-1,597,562,596,-1,595,596,594,-1,594,596,592,-1,594,592,593,-1,598,599,562,-1,562,599,600,-1,562,600,601,-1,560,559,562,-1,562,559,557,-1,562,557,555,-1,555,551,562,-1,562,551,550,-1,562,550,596,-1,596,550,591,-1,596,591,592,-1,552,590,550,-1,550,590,591,-1,606,521,523,-1,606,523,607,-1,523,525,607,-1,607,525,527,-1,607,527,608,-1,608,527,529,-1,608,529,609,-1,609,529,531,-1,609,531,610,-1,610,531,533,-1,610,533,611,-1,611,533,535,-1,611,535,612,-1,612,535,537,-1,612,537,613,-1,613,537,539,-1,613,539,614,-1,614,539,615,-1,615,539,541,-1,615,541,502,-1,504,505,605,-1,605,616,504,-1,504,616,617,-1,504,617,502,-1,502,617,618,-1,502,618,615,-1,619,620,621,-1,621,620,622,-1,621,622,623,-1,623,622,624,-1,623,624,625,-1,625,624,626,-1,626,624,627,-1,626,627,628,-1,327,457,328,-1,328,457,455,-1,328,455,629,-1,629,455,630,-1,629,630,631,-1,631,630,632,-1,631,632,633,-1,633,632,634,-1,633,634,635,-1,635,634,636,-1,635,636,619,-1,619,636,637,-1,619,637,620,-1,627,638,628,-1,628,638,639,-1,628,639,640,-1,610,641,609,-1,609,641,642,-1,609,642,608,-1,608,642,643,-1,608,643,607,-1,607,643,640,-1,607,640,606,-1,606,640,639,-1,604,582,605,-1,605,582,576,-1,605,576,616,-1,616,576,644,-1,616,644,617,-1,617,644,645,-1,617,645,618,-1,618,645,646,-1,618,646,615,-1,615,646,647,-1,615,647,614,-1,614,647,648,-1,614,648,613,-1,613,648,649,-1,613,649,612,-1,612,649,650,-1,612,650,611,-1,611,650,651,-1,611,651,610,-1,610,651,652,-1,610,652,641,-1,606,639,521,-1,521,639,519,-1,624,622,511,-1,634,548,636,-1,636,548,549,-1,549,508,636,-1,636,508,509,-1,636,509,637,-1,511,622,509,-1,509,622,620,-1,509,620,637,-1,517,519,639,-1,511,513,624,-1,624,513,515,-1,624,515,627,-1,627,515,517,-1,627,517,638,-1,638,517,639,-1,634,632,548,-1,548,632,546,-1,546,632,544,-1,544,632,630,-1,544,630,454,-1,454,630,455,-1,457,327,458,-1,458,327,334,-1,458,334,449,-1,449,334,333,-1,449,333,434,-1,434,333,332,-1,434,332,435,-1,435,332,330,-1,435,330,476,-1,476,330,326,-1,476,326,477,-1,477,326,325,-1,477,325,478,-1,478,325,377,-1,478,377,431,-1,431,377,376,-1,431,376,432,-1,432,376,364,-1,432,364,433,-1,433,364,363,-1,433,363,479,-1,479,363,374,-1,479,374,411,-1,411,374,401,-1,329,328,629,-1,631,547,629,-1,629,547,545,-1,629,545,329,-1,506,547,633,-1,633,547,631,-1,628,520,518,-1,619,514,635,-1,635,514,512,-1,635,512,510,-1,619,621,514,-1,514,621,623,-1,514,623,516,-1,516,623,625,-1,516,625,518,-1,518,625,626,-1,518,626,628,-1,510,507,635,-1,635,507,506,-1,635,506,633,-1,522,520,640,-1,640,520,628,-1,645,644,503,-1,503,644,576,-1,503,576,499,-1,503,543,645,-1,645,543,542,-1,645,542,646,-1,646,542,647,-1,542,540,647,-1,647,540,538,-1,647,538,648,-1,648,538,536,-1,648,536,649,-1,649,536,534,-1,649,534,650,-1,650,534,532,-1,650,532,651,-1,651,532,530,-1,651,530,652,-1,652,530,528,-1,652,528,641,-1,641,528,526,-1,641,526,642,-1,642,526,524,-1,642,524,643,-1,643,524,522,-1,643,522,640,-1,474,473,387,-1,387,473,389,-1,487,397,470,-1,470,397,396,-1,470,396,471,-1,471,396,393,-1,471,393,472,-1,472,393,392,-1,472,392,437,-1,437,392,391,-1,437,391,438,-1,438,391,390,-1,438,390,473,-1,473,390,389,-1,487,486,397,-1,397,486,398,-1,494,373,481,-1,481,373,380,-1,481,380,482,-1,482,380,385,-1,482,385,483,-1,483,385,384,-1,483,384,484,-1,484,384,382,-1,484,382,485,-1,485,382,381,-1,485,381,486,-1,486,381,398,-1,371,373,496,-1,496,373,494,-1,371,496,375,-1,375,496,464,-1,375,464,368,-1,368,464,462,-1,368,462,360,-1,360,462,453,-1,360,453,361,-1,361,453,452,-1,361,452,362,-1,362,452,451,-1,362,451,336,-1,336,451,450,-1,336,450,338,-1,338,450,461,-1,338,461,339,-1,339,461,460,-1,339,460,340,-1,340,460,459,-1,340,459,341,-1,341,459,445,-1,341,445,342,-1,342,445,444,-1,342,444,345,-1,345,444,443,-1,653,654,655,-1,655,654,656,-1,657,658,659,-1,659,658,660,-1,660,658,661,-1,660,661,653,-1,653,661,662,-1,653,662,654,-1,345,443,343,-1,343,443,441,-1,343,441,663,-1,663,441,664,-1,663,664,665,-1,665,664,666,-1,665,666,667,-1,667,666,668,-1,667,668,669,-1,669,668,670,-1,669,670,656,-1,656,670,671,-1,656,671,655,-1,659,672,657,-1,657,672,673,-1,657,673,674,-1,675,676,677,-1,677,676,674,-1,677,674,678,-1,678,674,673,-1,679,680,681,-1,681,680,682,-1,681,682,683,-1,683,682,684,-1,683,684,685,-1,685,684,686,-1,685,686,687,-1,687,686,688,-1,687,688,689,-1,689,688,690,-1,689,690,691,-1,691,690,692,-1,691,692,693,-1,693,692,694,-1,693,694,695,-1,695,694,696,-1,695,696,697,-1,697,696,698,-1,697,698,699,-1,699,698,700,-1,699,700,701,-1,701,700,702,-1,701,702,675,-1,675,702,703,-1,675,703,676,-1,704,705,706,-1,704,706,707,-1,707,706,708,-1,707,708,709,-1,709,708,710,-1,709,710,711,-1,711,710,712,-1,711,712,713,-1,713,712,714,-1,713,714,715,-1,715,714,716,-1,715,716,717,-1,717,716,718,-1,717,718,719,-1,719,718,720,-1,719,720,721,-1,721,720,722,-1,721,722,723,-1,723,722,724,-1,724,722,725,-1,724,725,726,-1,726,725,727,-1,726,727,728,-1,727,729,728,-1,728,729,680,-1,728,680,679,-1,679,681,730,-1,731,732,733,-1,709,711,730,-1,730,711,713,-1,713,715,730,-1,730,715,717,-1,730,717,719,-1,734,730,735,-1,735,730,733,-1,724,726,730,-1,730,726,728,-1,730,728,679,-1,730,736,733,-1,733,736,737,-1,733,737,731,-1,731,737,738,-1,739,740,730,-1,730,740,741,-1,730,741,742,-1,742,704,730,-1,730,704,707,-1,730,707,709,-1,719,721,730,-1,730,721,723,-1,730,723,724,-1,734,743,730,-1,730,743,744,-1,730,744,739,-1,742,741,745,-1,745,741,746,-1,746,741,747,-1,747,741,740,-1,747,740,748,-1,748,740,739,-1,748,739,749,-1,739,744,749,-1,749,744,743,-1,749,743,750,-1,750,743,734,-1,750,734,751,-1,751,734,735,-1,751,735,752,-1,752,735,733,-1,752,733,753,-1,753,733,732,-1,753,732,754,-1,754,732,731,-1,754,731,755,-1,755,731,756,-1,756,731,738,-1,756,738,757,-1,738,737,757,-1,757,737,736,-1,757,736,758,-1,751,752,682,-1,682,755,756,-1,756,757,682,-1,682,757,758,-1,682,758,759,-1,729,727,725,-1,747,748,682,-1,752,753,682,-1,682,753,754,-1,682,754,755,-1,722,720,682,-1,682,720,718,-1,682,718,716,-1,710,708,682,-1,682,708,706,-1,682,706,705,-1,748,749,682,-1,682,749,750,-1,682,750,751,-1,722,682,725,-1,725,682,680,-1,725,680,729,-1,716,714,682,-1,682,714,712,-1,682,712,710,-1,705,745,682,-1,682,745,746,-1,682,746,747,-1,704,742,705,-1,705,742,745,-1,686,684,760,-1,760,684,682,-1,760,682,759,-1,760,761,686,-1,686,761,762,-1,686,762,688,-1,688,762,690,-1,762,763,690,-1,690,763,764,-1,690,764,692,-1,692,764,765,-1,692,765,694,-1,694,765,766,-1,694,766,696,-1,696,766,767,-1,696,767,698,-1,698,767,768,-1,698,768,700,-1,700,768,769,-1,700,769,702,-1,702,769,770,-1,702,770,703,-1,703,770,771,-1,703,771,676,-1,676,771,772,-1,676,772,674,-1,772,773,674,-1,674,773,657,-1,657,773,774,-1,656,775,669,-1,669,775,776,-1,669,776,777,-1,656,654,775,-1,775,654,662,-1,775,662,778,-1,778,662,661,-1,778,661,774,-1,774,661,658,-1,774,658,657,-1,777,779,669,-1,669,779,780,-1,669,780,667,-1,780,781,667,-1,667,781,665,-1,665,781,663,-1,663,781,782,-1,663,782,343,-1,343,782,344,-1,758,736,759,-1,759,736,730,-1,759,730,760,-1,760,730,783,-1,760,783,761,-1,784,762,785,-1,785,762,761,-1,785,761,786,-1,786,761,783,-1,777,776,787,-1,787,776,788,-1,788,776,775,-1,788,775,789,-1,789,775,778,-1,789,778,790,-1,790,778,774,-1,790,774,791,-1,791,774,773,-1,791,773,792,-1,792,773,772,-1,792,772,793,-1,793,772,771,-1,793,771,794,-1,794,771,770,-1,794,770,795,-1,795,770,769,-1,795,769,796,-1,796,769,768,-1,796,768,797,-1,797,768,767,-1,797,767,798,-1,798,767,766,-1,798,766,799,-1,799,766,765,-1,799,765,800,-1,800,765,764,-1,800,764,784,-1,784,764,763,-1,784,763,762,-1,442,346,440,-1,440,346,344,-1,440,344,801,-1,801,344,782,-1,801,782,802,-1,802,782,781,-1,802,781,803,-1,803,781,780,-1,803,780,804,-1,804,780,779,-1,804,779,805,-1,805,779,777,-1,805,777,806,-1,806,777,787,-1,346,442,347,-1,347,442,419,-1,347,419,348,-1,348,419,421,-1,348,421,349,-1,349,421,422,-1,349,422,357,-1,357,422,430,-1,357,430,358,-1,358,430,429,-1,358,429,359,-1,359,429,428,-1,359,428,353,-1,353,428,427,-1,353,427,354,-1,354,427,426,-1,354,426,355,-1,355,426,424,-1,355,424,356,-1,356,424,423,-1,356,423,386,-1,386,423,475,-1,386,475,387,-1,387,475,474,-1,441,440,801,-1,802,666,801,-1,801,666,664,-1,801,664,441,-1,668,666,803,-1,803,666,802,-1,660,653,787,-1,668,803,670,-1,670,803,804,-1,804,805,670,-1,670,805,806,-1,670,806,671,-1,787,653,806,-1,806,653,655,-1,806,655,671,-1,790,791,673,-1,787,788,660,-1,660,788,789,-1,660,789,659,-1,659,789,790,-1,659,790,672,-1,672,790,673,-1,678,673,792,-1,792,673,791,-1,678,792,793,-1,678,793,677,-1,793,794,677,-1,677,794,795,-1,677,795,675,-1,675,795,796,-1,675,796,701,-1,701,796,797,-1,701,797,699,-1,699,797,798,-1,699,798,697,-1,697,798,799,-1,697,799,695,-1,695,799,800,-1,695,800,693,-1,693,800,784,-1,693,784,691,-1,691,784,689,-1,689,784,785,-1,689,785,786,-1,783,730,681,-1,681,683,783,-1,783,683,685,-1,783,685,786,-1,786,685,687,-1,786,687,689,-1,439,425,807,-1,439,807,808,-1,808,807,809,-1,808,809,810,-1,810,809,811,-1,810,811,812,-1,812,811,813,-1,812,813,814,-1,814,813,815,-1,814,815,816,-1,816,815,817,-1,816,817,818,-1,819,820,821,-1,822,823,824,-1,825,826,827,-1,828,817,821,-1,821,817,829,-1,821,829,819,-1,819,829,830,-1,831,832,818,-1,818,832,833,-1,818,833,834,-1,822,835,823,-1,823,835,836,-1,823,836,837,-1,837,838,823,-1,823,838,839,-1,823,839,840,-1,840,839,841,-1,840,841,842,-1,842,841,843,-1,842,843,844,-1,845,846,847,-1,847,846,822,-1,847,822,848,-1,848,822,824,-1,849,850,851,-1,851,850,852,-1,851,852,853,-1,854,855,856,-1,856,857,854,-1,854,857,858,-1,854,858,859,-1,819,851,820,-1,820,851,853,-1,820,853,827,-1,827,853,860,-1,827,860,825,-1,861,862,843,-1,843,862,863,-1,843,863,864,-1,865,866,843,-1,843,866,867,-1,828,827,817,-1,817,827,826,-1,817,826,818,-1,818,826,868,-1,818,868,831,-1,834,869,818,-1,818,869,870,-1,818,870,843,-1,843,870,871,-1,843,871,861,-1,872,873,864,-1,864,873,874,-1,864,874,843,-1,843,874,875,-1,843,875,865,-1,867,876,843,-1,843,876,877,-1,843,877,844,-1,878,854,879,-1,879,880,878,-1,878,880,881,-1,878,881,882,-1,882,846,878,-1,878,846,845,-1,878,845,851,-1,851,845,883,-1,851,883,849,-1,829,884,885,-1,855,854,886,-1,886,854,878,-1,886,878,887,-1,885,888,829,-1,829,888,889,-1,829,889,830,-1,830,889,890,-1,830,890,891,-1,891,892,830,-1,830,892,84,-1,830,84,878,-1,878,84,85,-1,878,85,887,-1,893,894,895,-1,895,894,896,-1,895,896,864,-1,864,896,897,-1,864,897,872,-1,898,899,827,-1,827,899,820,-1,821,820,900,-1,900,820,899,-1,900,901,821,-1,821,901,828,-1,898,827,901,-1,901,827,828,-1,900,899,901,-1,901,899,898,-1,902,903,904,-1,904,903,905,-1,905,903,830,-1,830,903,819,-1,902,851,903,-1,903,851,819,-1,878,851,904,-1,904,851,902,-1,830,878,905,-1,905,878,904,-1,906,907,883,-1,883,907,849,-1,908,826,909,-1,909,826,825,-1,909,825,910,-1,910,825,860,-1,910,860,911,-1,911,860,853,-1,911,853,912,-1,912,853,852,-1,912,852,913,-1,913,852,850,-1,913,850,907,-1,907,850,849,-1,914,915,916,-1,916,915,917,-1,916,917,918,-1,909,910,919,-1,919,910,911,-1,919,911,912,-1,918,920,916,-1,916,920,921,-1,916,921,922,-1,922,921,923,-1,912,913,919,-1,919,913,907,-1,919,907,916,-1,916,907,906,-1,916,906,914,-1,923,924,922,-1,922,924,925,-1,922,925,926,-1,927,928,922,-1,922,928,929,-1,930,931,932,-1,932,931,933,-1,932,933,934,-1,926,935,922,-1,922,935,936,-1,922,936,937,-1,929,938,922,-1,922,938,939,-1,922,939,932,-1,932,939,940,-1,932,940,930,-1,934,941,932,-1,932,941,942,-1,932,942,919,-1,919,942,908,-1,919,908,909,-1,937,943,922,-1,922,943,944,-1,922,944,927,-1,927,944,945,-1,927,945,946,-1,947,948,949,-1,946,950,927,-1,927,950,947,-1,927,947,951,-1,951,947,949,-1,923,921,842,-1,842,921,840,-1,906,883,914,-1,914,883,845,-1,914,845,915,-1,915,845,847,-1,915,847,917,-1,917,847,848,-1,917,848,918,-1,918,848,824,-1,918,824,920,-1,920,824,823,-1,920,823,921,-1,921,823,840,-1,896,947,897,-1,897,947,950,-1,897,950,872,-1,872,950,946,-1,872,946,873,-1,873,946,945,-1,873,945,874,-1,874,945,944,-1,874,944,875,-1,875,944,943,-1,875,943,865,-1,865,943,937,-1,865,937,866,-1,866,937,936,-1,866,936,867,-1,867,936,935,-1,867,935,876,-1,876,935,926,-1,876,926,877,-1,877,926,925,-1,877,925,844,-1,844,925,924,-1,844,924,842,-1,842,924,923,-1,952,953,954,-1,955,956,957,-1,957,956,958,-1,947,896,948,-1,948,896,894,-1,948,894,959,-1,959,894,960,-1,959,960,961,-1,961,960,962,-1,961,962,958,-1,958,962,963,-1,958,963,957,-1,964,952,965,-1,965,952,954,-1,965,954,966,-1,966,954,967,-1,966,967,968,-1,968,967,969,-1,968,969,970,-1,970,969,971,-1,970,971,972,-1,972,971,973,-1,972,973,955,-1,955,973,974,-1,955,974,956,-1,894,893,975,-1,976,962,975,-1,975,962,977,-1,975,977,894,-1,963,962,978,-1,978,962,976,-1,963,978,979,-1,963,979,957,-1,957,979,980,-1,957,980,955,-1,955,980,981,-1,955,981,972,-1,972,981,982,-1,972,982,983,-1,984,985,965,-1,965,966,984,-1,984,966,968,-1,984,968,983,-1,983,968,970,-1,983,970,972,-1,965,985,964,-1,964,985,986,-1,964,986,987,-1,987,986,988,-1,986,989,990,-1,991,992,986,-1,986,992,993,-1,993,994,986,-1,986,994,995,-1,986,995,996,-1,986,997,998,-1,996,999,986,-1,986,999,1000,-1,986,1000,989,-1,990,1001,986,-1,986,1001,1002,-1,986,1002,1003,-1,1003,1004,986,-1,986,1004,1005,-1,986,1005,1006,-1,991,986,1007,-1,1007,986,998,-1,1007,998,1008,-1,1006,1009,986,-1,986,1009,1010,-1,986,1010,988,-1,986,1011,997,-1,997,1011,1012,-1,997,1012,998,-1,998,1012,1008,-1,1007,1013,991,-1,991,1013,1014,-1,991,1014,992,-1,1015,994,993,-1,994,1015,995,-1,995,1015,1016,-1,995,1016,996,-1,996,1016,999,-1,999,1016,1017,-1,999,1017,1000,-1,1002,1001,1018,-1,1018,1001,990,-1,1018,990,1017,-1,1017,990,989,-1,1017,989,1000,-1,1003,1019,1004,-1,1004,1019,1020,-1,1021,1006,1020,-1,1020,1006,1005,-1,1020,1005,1004,-1,987,988,1022,-1,1022,988,1010,-1,1022,1010,1021,-1,1021,1010,1009,-1,1021,1009,1006,-1,952,964,987,-1,1022,1023,1024,-1,987,1022,952,-1,952,1022,1024,-1,952,1024,953,-1,1023,1022,1025,-1,1025,1022,1021,-1,1025,1021,1026,-1,1026,1021,1027,-1,1027,1021,1020,-1,1027,1020,1028,-1,1029,1030,1018,-1,1018,1030,1019,-1,1018,1019,1002,-1,1002,1019,1003,-1,1030,1031,1019,-1,1019,1031,1032,-1,1019,1032,1020,-1,1020,1032,1033,-1,1020,1033,1028,-1,1029,1018,1034,-1,1034,1018,1017,-1,1034,1017,1035,-1,1035,1017,1036,-1,1036,1017,1016,-1,1036,1016,1037,-1,1038,1015,1014,-1,1014,1015,993,-1,1014,993,992,-1,1038,1039,1015,-1,1015,1039,1040,-1,1015,1040,1016,-1,1016,1040,1041,-1,1016,1041,1037,-1,1042,1043,1012,-1,1012,1043,1013,-1,1012,1013,1008,-1,1008,1013,1007,-1,1043,1044,1013,-1,1013,1044,1045,-1,1013,1045,1014,-1,1014,1045,1046,-1,1014,1046,1038,-1,1042,1012,1047,-1,1047,1012,1011,-1,1047,1011,1048,-1,1049,954,1048,-1,1048,954,953,-1,1048,953,1047,-1,1027,1028,1037,-1,1037,1028,1033,-1,1037,1033,1032,-1,1041,1040,953,-1,953,1040,1039,-1,953,1039,1038,-1,1038,1046,953,-1,953,1046,1045,-1,953,1045,1044,-1,1041,953,1037,-1,1037,953,1024,-1,1037,1024,1023,-1,1023,1025,1037,-1,1037,1025,1026,-1,1037,1026,1027,-1,1044,1043,953,-1,953,1043,1042,-1,953,1042,1047,-1,1035,1030,1034,-1,1034,1030,1029,-1,1032,1031,1037,-1,1037,1031,1030,-1,1037,1030,1036,-1,1036,1030,1035,-1,1049,1050,954,-1,954,1050,967,-1,967,1050,969,-1,969,1050,1051,-1,969,1051,971,-1,971,1051,1052,-1,971,1052,973,-1,973,1052,1053,-1,973,1053,974,-1,1053,1054,974,-1,974,1054,1055,-1,974,1055,956,-1,956,1055,1056,-1,956,1056,958,-1,961,958,1057,-1,1057,958,1056,-1,961,1057,1058,-1,1058,1057,1059,-1,1058,1059,948,-1,948,1059,949,-1,1011,986,985,-1,1048,1011,1049,-1,1049,1011,985,-1,1049,985,1050,-1,1050,985,984,-1,1050,984,1051,-1,1051,984,983,-1,1051,983,1052,-1,1052,983,982,-1,1052,982,1053,-1,1053,982,981,-1,1053,981,1054,-1,1054,981,980,-1,1054,980,1055,-1,1055,980,979,-1,1055,979,1056,-1,1056,979,978,-1,1056,978,1057,-1,1057,978,976,-1,1057,976,1060,-1,1060,976,1061,-1,1060,1061,949,-1,949,1061,893,-1,949,893,951,-1,951,893,895,-1,868,942,831,-1,831,942,941,-1,831,941,832,-1,832,941,934,-1,832,934,833,-1,833,934,933,-1,833,933,834,-1,834,933,931,-1,834,931,869,-1,869,931,930,-1,869,930,870,-1,870,930,940,-1,870,940,871,-1,871,940,939,-1,871,939,861,-1,861,939,938,-1,861,938,862,-1,862,938,929,-1,862,929,863,-1,863,929,928,-1,863,928,864,-1,864,928,927,-1,864,927,895,-1,895,927,951,-1,868,826,942,-1,942,826,908,-1,1062,1063,1064,-1,1064,1063,1065,-1,1064,1065,1066,-1,1066,1065,1067,-1,1066,1067,1068,-1,1068,1067,1069,-1,1068,1069,1070,-1,1070,1069,1071,-1,1070,1071,1072,-1,1072,1071,1073,-1,1072,1073,922,-1,922,1073,916,-1,1074,1075,1076,-1,1077,1078,1079,-1,1080,1081,1082,-1,1082,1081,1083,-1,1082,1083,1084,-1,1085,1086,1087,-1,1088,1089,1090,-1,1085,1087,1091,-1,1092,1093,1094,-1,1095,1096,1097,-1,1098,1099,1100,-1,1100,1099,1101,-1,1100,1101,1102,-1,1103,1104,1105,-1,1105,1104,1106,-1,1105,1106,1102,-1,1106,1107,1102,-1,1102,1107,1108,-1,1102,1108,1109,-1,1110,1111,1112,-1,1113,1114,1115,-1,1087,1116,1079,-1,1079,1116,1117,-1,1079,1117,1077,-1,1094,1118,1092,-1,1092,1118,1095,-1,1092,1095,1119,-1,1119,1095,1097,-1,1120,1121,1100,-1,1100,1121,1122,-1,1100,1122,1123,-1,1124,1125,1126,-1,1127,1128,1063,-1,1092,1129,1063,-1,1063,1129,1130,-1,1063,1130,1131,-1,1132,1133,1134,-1,1134,1133,1135,-1,1134,1135,1136,-1,1137,1115,1138,-1,1138,1139,1137,-1,1137,1139,1140,-1,1137,1140,1141,-1,1141,1140,1142,-1,1141,1142,1143,-1,1143,1142,1144,-1,1128,1145,1063,-1,1063,1145,1146,-1,1063,1146,1147,-1,1147,1148,1063,-1,1063,1148,1149,-1,1063,1149,1092,-1,1092,1149,1150,-1,1092,1150,1093,-1,1131,1151,1063,-1,1063,1151,1152,-1,1063,1152,1100,-1,1100,1152,1153,-1,1100,1153,1154,-1,1155,1156,1154,-1,1154,1156,1157,-1,1109,1158,1102,-1,1102,1158,1159,-1,1102,1159,1100,-1,1100,1159,1160,-1,1100,1160,1120,-1,1076,1075,1112,-1,1112,1075,1161,-1,1112,1161,1110,-1,1091,1087,1135,-1,1135,1087,1162,-1,1135,1162,1136,-1,1114,1163,1115,-1,1115,1163,1164,-1,1115,1164,1138,-1,1086,1165,1087,-1,1087,1165,1166,-1,1087,1166,1116,-1,1116,1166,1167,-1,1168,1169,1170,-1,1170,1169,1142,-1,1155,1154,1171,-1,1171,1154,1172,-1,1171,1172,1173,-1,1157,1174,1154,-1,1154,1174,1175,-1,1154,1175,1100,-1,1100,1175,1176,-1,1100,1176,1098,-1,1177,1178,1179,-1,1180,1181,1090,-1,1090,1181,1182,-1,1090,1182,1088,-1,1088,1182,1183,-1,1088,1183,1184,-1,1185,1168,1186,-1,1186,1168,1187,-1,1076,1188,1189,-1,1190,1191,1192,-1,1193,1194,1195,-1,1195,1194,1196,-1,1193,1197,1194,-1,1194,1197,1198,-1,1194,1198,1199,-1,1125,1200,1126,-1,1126,1200,1194,-1,1126,1194,1201,-1,1201,1194,1199,-1,1202,1200,1203,-1,1203,1200,1204,-1,1202,1205,1200,-1,1200,1205,1206,-1,1200,1206,1207,-1,1207,1208,1200,-1,1200,1208,1209,-1,1200,1209,1194,-1,1167,1210,1116,-1,1116,1210,1211,-1,1116,1211,1212,-1,1113,1115,1213,-1,1213,1115,1214,-1,1213,1214,1215,-1,1169,1216,1142,-1,1142,1216,1217,-1,1142,1217,1218,-1,1185,1219,1168,-1,1168,1219,1220,-1,1168,1220,1169,-1,1080,1082,1221,-1,1221,1082,1222,-1,1221,1222,1223,-1,1223,1222,1173,-1,1223,1173,1224,-1,1224,1173,1172,-1,1224,1172,1089,-1,1089,1172,1225,-1,1089,1225,1090,-1,1123,1226,1100,-1,1100,1226,1227,-1,1100,1227,1076,-1,1076,1227,1228,-1,1076,1228,1188,-1,1189,1229,1076,-1,1076,1229,1230,-1,1076,1230,1074,-1,1126,1231,1124,-1,1124,1231,1232,-1,1124,1232,1084,-1,1084,1232,1233,-1,1111,1234,1112,-1,1112,1234,1235,-1,1112,1235,1236,-1,1237,1238,1239,-1,1239,1238,1192,-1,1239,1192,1240,-1,1240,1192,1191,-1,1241,1242,1243,-1,1243,1242,1244,-1,1179,1245,1177,-1,1177,1245,1246,-1,1177,1246,1247,-1,1248,1249,1250,-1,1218,1251,1142,-1,1142,1251,1252,-1,1142,1252,1144,-1,1253,1254,1062,-1,1062,1254,1255,-1,1062,1255,1256,-1,1256,1257,1062,-1,1062,1257,1258,-1,1062,1258,1063,-1,1063,1258,1259,-1,1063,1259,1127,-1,1260,1261,1082,-1,1241,1262,1242,-1,1242,1262,1112,-1,1242,1112,1263,-1,1263,1112,1236,-1,1237,1264,1238,-1,1238,1264,1265,-1,1238,1265,1266,-1,1266,1265,1267,-1,1266,1267,1268,-1,1212,1269,1116,-1,1116,1269,1270,-1,1116,1270,1271,-1,1246,1272,1247,-1,1247,1272,1273,-1,1247,1273,1274,-1,1184,1275,1088,-1,1088,1275,1248,-1,1088,1248,1276,-1,1276,1248,1250,-1,1078,1277,1079,-1,1079,1277,1278,-1,1079,1278,1062,-1,1062,1278,1279,-1,1062,1279,1253,-1,1233,1280,1084,-1,1084,1280,1281,-1,1084,1281,1282,-1,1283,1284,1285,-1,1192,1286,1190,-1,1190,1286,1287,-1,1190,1287,1242,-1,1242,1287,1288,-1,1242,1288,1244,-1,1274,1289,1247,-1,1247,1289,1290,-1,1247,1290,1090,-1,1090,1290,1291,-1,1090,1291,1180,-1,1282,1292,1084,-1,1084,1292,1293,-1,1084,1293,1082,-1,1082,1293,1294,-1,1082,1294,1260,-1,1268,1295,1266,-1,1266,1295,1285,-1,1266,1285,1296,-1,1296,1285,1284,-1,1271,1213,1116,-1,1116,1213,1215,-1,1116,1215,1177,-1,1177,1215,1297,-1,1177,1297,1178,-1,1261,1298,1082,-1,1082,1298,1299,-1,1082,1299,1235,-1,1235,1299,1300,-1,1235,1300,1236,-1,1285,1301,1302,-1,1302,1303,1285,-1,1285,1303,1304,-1,1285,1304,1283,-1,1305,1306,1075,-1,1075,1306,1161,-1,1161,1306,1110,-1,1110,1306,1307,-1,1110,1307,1111,-1,1111,1307,1308,-1,1111,1308,1234,-1,1234,1308,1309,-1,1234,1309,1235,-1,1235,1309,1310,-1,1235,1310,1082,-1,1082,1310,1311,-1,1082,1311,1222,-1,1222,1311,1312,-1,1222,1312,1173,-1,1173,1312,1313,-1,1173,1313,1314,-1,1173,1314,1171,-1,1171,1314,1315,-1,1171,1315,1155,-1,1155,1315,1316,-1,1155,1316,1156,-1,1156,1316,1317,-1,1156,1317,1157,-1,1157,1317,1318,-1,1157,1318,1174,-1,1174,1318,1319,-1,1174,1319,1175,-1,1175,1319,1320,-1,1175,1320,1176,-1,1176,1320,1321,-1,1176,1321,1098,-1,1098,1321,1322,-1,1098,1322,1099,-1,1099,1322,1323,-1,1099,1323,1101,-1,1101,1323,1324,-1,1101,1324,1102,-1,1102,1324,1325,-1,1102,1325,1105,-1,1105,1325,1326,-1,1327,1328,1329,-1,1327,1329,1330,-1,1330,1329,1331,-1,1330,1331,1332,-1,1332,1331,1333,-1,1332,1333,1334,-1,1328,1327,1335,-1,1335,1327,1336,-1,1335,1336,1337,-1,1334,1333,1338,-1,1338,1333,1339,-1,1338,1339,1340,-1,1340,1339,1341,-1,1340,1341,1342,-1,1342,1341,1343,-1,1342,1343,1344,-1,1344,1343,1345,-1,1344,1345,1346,-1,1346,1345,1103,-1,1346,1103,1347,-1,1347,1103,1105,-1,1347,1105,1326,-1,1336,1348,1337,-1,1337,1348,1349,-1,1337,1349,1350,-1,1351,1352,1353,-1,1353,1352,1350,-1,1353,1350,1354,-1,1354,1350,1349,-1,1355,1356,1357,-1,1357,1356,1358,-1,1357,1358,1359,-1,1359,1358,1360,-1,1359,1360,1361,-1,1361,1360,1362,-1,1361,1362,1363,-1,1363,1362,1364,-1,1363,1364,1365,-1,1365,1364,1366,-1,1365,1366,1367,-1,1367,1366,1368,-1,1367,1368,1369,-1,1369,1368,1370,-1,1369,1370,1371,-1,1371,1370,1372,-1,1371,1372,1373,-1,1373,1372,1374,-1,1373,1374,1375,-1,1375,1374,1376,-1,1375,1376,1377,-1,1377,1376,1378,-1,1377,1378,1351,-1,1351,1378,1379,-1,1351,1379,1352,-1,1355,1380,1356,-1,1356,1380,1381,-1,1381,1380,1382,-1,1382,1380,1383,-1,1382,1383,1384,-1,1384,1383,1385,-1,1384,1385,1386,-1,1385,1387,1386,-1,1386,1387,1388,-1,1386,1388,1389,-1,1389,1388,1390,-1,1389,1390,1391,-1,1391,1390,1392,-1,1391,1392,1393,-1,1393,1392,1394,-1,1393,1394,1395,-1,1395,1394,1396,-1,1395,1396,1397,-1,1397,1396,1398,-1,1397,1398,1399,-1,1399,1398,1400,-1,1399,1400,1401,-1,1401,1400,1402,-1,1401,1402,1403,-1,1403,1402,1404,-1,1403,1404,1405,-1,1381,1382,1384,-1,1386,1389,1358,-1,1358,1389,1391,-1,1358,1391,1393,-1,1393,1395,1358,-1,1358,1395,1397,-1,1358,1397,1399,-1,1358,1406,1407,-1,1407,1408,1358,-1,1358,1408,1409,-1,1358,1409,1410,-1,1386,1358,1384,-1,1384,1358,1356,-1,1384,1356,1381,-1,1399,1401,1358,-1,1358,1401,1403,-1,1358,1403,1405,-1,1411,1412,1358,-1,1358,1412,1413,-1,1413,1414,1358,-1,1358,1414,1415,-1,1358,1415,1416,-1,1416,1417,1358,-1,1358,1417,1418,-1,1358,1418,1406,-1,1405,1419,1358,-1,1358,1419,1420,-1,1358,1420,1411,-1,1409,1408,1421,-1,1421,1408,1422,-1,1422,1408,1423,-1,1423,1408,1407,-1,1423,1407,1424,-1,1407,1406,1424,-1,1424,1406,1418,-1,1424,1418,1425,-1,1425,1418,1417,-1,1425,1417,1426,-1,1426,1417,1416,-1,1426,1416,1427,-1,1427,1416,1415,-1,1427,1415,1428,-1,1428,1415,1414,-1,1428,1414,1429,-1,1429,1414,1413,-1,1429,1413,1430,-1,1430,1413,1431,-1,1431,1413,1412,-1,1431,1412,1432,-1,1432,1412,1411,-1,1432,1411,1433,-1,1411,1420,1433,-1,1433,1420,1419,-1,1433,1419,1434,-1,1425,1426,1357,-1,1357,1426,1427,-1,1357,1427,1428,-1,1422,1357,1421,-1,1421,1357,1435,-1,1422,1423,1357,-1,1357,1423,1424,-1,1357,1424,1425,-1,1357,1431,1432,-1,1428,1429,1357,-1,1357,1429,1430,-1,1357,1430,1431,-1,1432,1433,1357,-1,1357,1433,1434,-1,1357,1434,1404,-1,1404,1402,1357,-1,1357,1402,1400,-1,1357,1400,1398,-1,1380,1355,1394,-1,1394,1355,1357,-1,1394,1357,1396,-1,1396,1357,1398,-1,1394,1392,1390,-1,1388,1387,1390,-1,1390,1387,1385,-1,1390,1385,1394,-1,1394,1385,1383,-1,1394,1383,1380,-1,1409,1421,1410,-1,1410,1421,1435,-1,1410,1435,1436,-1,1436,1435,1437,-1,1436,1437,1438,-1,1438,1437,1439,-1,1438,1439,1440,-1,1440,1439,1441,-1,1440,1441,1442,-1,1442,1441,1443,-1,1442,1443,1444,-1,1444,1443,1445,-1,1444,1445,1446,-1,1446,1445,1447,-1,1446,1447,1448,-1,1448,1447,1449,-1,1448,1449,1450,-1,1450,1449,1451,-1,1450,1451,1452,-1,1452,1451,1453,-1,1452,1453,1454,-1,1454,1453,1455,-1,1454,1455,1456,-1,1456,1455,1457,-1,1456,1457,1458,-1,1458,1457,1459,-1,1458,1459,1460,-1,1460,1459,1461,-1,1460,1461,1462,-1,1462,1461,1463,-1,1462,1463,1464,-1,1464,1463,1465,-1,1464,1465,1466,-1,1466,1465,1467,-1,1466,1467,1468,-1,1468,1467,1469,-1,1468,1469,1470,-1,1470,1469,1471,-1,1470,1471,1472,-1,1472,1471,1473,-1,1472,1473,1474,-1,1474,1473,1475,-1,1474,1475,1476,-1,1477,1106,1478,-1,1478,1106,1104,-1,1475,1479,1476,-1,1476,1479,1480,-1,1476,1480,1481,-1,1481,1480,1482,-1,1481,1482,1483,-1,1483,1482,1484,-1,1483,1484,1104,-1,1104,1484,1485,-1,1104,1485,1478,-1,1362,1360,1436,-1,1436,1360,1358,-1,1436,1358,1410,-1,1436,1438,1362,-1,1362,1438,1440,-1,1362,1440,1364,-1,1364,1440,1366,-1,1440,1442,1366,-1,1366,1442,1444,-1,1366,1444,1368,-1,1368,1444,1446,-1,1368,1446,1370,-1,1370,1446,1448,-1,1370,1448,1372,-1,1372,1448,1450,-1,1372,1450,1374,-1,1374,1450,1452,-1,1374,1452,1376,-1,1376,1452,1454,-1,1376,1454,1378,-1,1378,1454,1456,-1,1378,1456,1379,-1,1379,1456,1458,-1,1379,1458,1352,-1,1352,1458,1460,-1,1352,1460,1350,-1,1460,1462,1350,-1,1350,1462,1337,-1,1337,1462,1464,-1,1333,1468,1339,-1,1339,1468,1470,-1,1339,1470,1472,-1,1333,1331,1468,-1,1468,1331,1329,-1,1468,1329,1466,-1,1466,1329,1328,-1,1466,1328,1464,-1,1464,1328,1335,-1,1464,1335,1337,-1,1472,1474,1339,-1,1339,1474,1476,-1,1339,1476,1341,-1,1341,1476,1343,-1,1343,1476,1481,-1,1343,1481,1345,-1,1345,1481,1483,-1,1345,1483,1103,-1,1103,1483,1104,-1,1106,1477,1107,-1,1107,1477,1486,-1,1107,1486,1108,-1,1108,1486,1487,-1,1108,1487,1109,-1,1109,1487,1488,-1,1109,1488,1158,-1,1158,1488,1489,-1,1158,1489,1159,-1,1159,1489,1490,-1,1159,1490,1160,-1,1160,1490,1491,-1,1160,1491,1120,-1,1120,1491,1492,-1,1120,1492,1121,-1,1121,1492,1493,-1,1121,1493,1122,-1,1122,1493,1494,-1,1122,1494,1123,-1,1123,1494,1495,-1,1123,1495,1226,-1,1226,1495,1496,-1,1226,1496,1227,-1,1227,1496,1497,-1,1498,1228,1499,-1,1499,1228,1227,-1,1499,1227,1497,-1,1228,1498,1188,-1,1188,1498,1500,-1,1188,1500,1189,-1,1189,1500,1501,-1,1189,1501,1229,-1,1229,1501,1502,-1,1229,1502,1230,-1,1230,1502,1503,-1,1230,1503,1074,-1,1074,1503,1504,-1,1074,1504,1075,-1,1075,1504,1305,-1,1505,1506,1507,-1,1508,1509,1510,-1,1510,1509,1511,-1,1313,1512,1513,-1,1513,1512,1514,-1,1515,1516,1312,-1,1312,1516,1517,-1,1518,1519,1520,-1,1517,1521,1312,-1,1312,1521,1522,-1,1312,1522,1313,-1,1313,1522,1523,-1,1313,1523,1512,-1,1505,1507,1520,-1,1520,1507,1524,-1,1520,1524,1518,-1,1525,1526,1527,-1,1528,1529,1530,-1,1499,1510,1498,-1,1498,1510,1511,-1,1498,1511,1500,-1,1500,1511,1501,-1,1519,1531,1520,-1,1520,1531,1532,-1,1520,1532,1533,-1,1534,1535,1536,-1,1536,1535,1537,-1,1529,1538,1539,-1,1540,1541,1542,-1,1540,1543,1544,-1,1544,1543,1545,-1,1544,1545,1546,-1,1546,1545,1547,-1,1546,1547,1548,-1,1310,1309,1549,-1,1549,1309,1308,-1,1550,1551,1552,-1,1535,1553,1538,-1,1538,1553,1554,-1,1538,1554,1539,-1,1555,1556,1557,-1,1542,1558,1540,-1,1540,1558,1559,-1,1540,1559,1543,-1,1534,1560,1535,-1,1535,1560,1561,-1,1535,1561,1553,-1,1539,1562,1529,-1,1529,1562,1563,-1,1529,1563,1564,-1,1504,1503,1511,-1,1511,1503,1502,-1,1511,1502,1501,-1,1557,1556,1514,-1,1565,1513,1566,-1,1566,1513,1567,-1,1526,1568,1527,-1,1527,1568,1569,-1,1527,1569,1570,-1,1571,1572,1573,-1,1574,1546,1575,-1,1575,1546,1548,-1,1575,1548,1576,-1,1574,1577,1546,-1,1546,1577,1578,-1,1546,1578,1579,-1,1579,1580,1546,-1,1546,1580,1581,-1,1546,1581,1582,-1,1548,1583,1584,-1,1584,1585,1548,-1,1548,1585,1586,-1,1548,1586,1587,-1,1587,1588,1548,-1,1548,1588,1589,-1,1548,1589,1576,-1,1533,1590,1520,-1,1520,1590,1591,-1,1520,1591,1550,-1,1550,1591,1592,-1,1550,1592,1551,-1,1514,1556,1513,-1,1513,1556,1593,-1,1513,1593,1594,-1,1595,1525,1596,-1,1596,1525,1527,-1,1596,1527,1597,-1,1597,1527,1550,-1,1597,1550,1598,-1,1598,1550,1552,-1,1570,1599,1527,-1,1527,1599,1600,-1,1527,1600,1601,-1,1573,1602,1571,-1,1571,1602,1603,-1,1571,1603,1530,-1,1530,1603,1604,-1,1530,1604,1528,-1,1605,1606,1607,-1,1608,1609,1311,-1,1311,1609,1610,-1,1311,1610,1611,-1,1612,1613,1596,-1,1596,1613,1614,-1,1596,1614,1595,-1,1601,1615,1527,-1,1527,1615,1616,-1,1527,1616,1617,-1,1564,1618,1529,-1,1529,1618,1619,-1,1529,1619,1620,-1,1620,1621,1529,-1,1529,1621,1622,-1,1529,1622,1530,-1,1623,1607,1624,-1,1625,1626,1627,-1,1627,1626,1628,-1,1627,1628,1629,-1,1312,1311,1515,-1,1515,1311,1611,-1,1515,1611,1540,-1,1540,1611,1630,-1,1540,1630,1541,-1,1308,1307,1549,-1,1549,1307,1306,-1,1549,1306,1511,-1,1511,1306,1305,-1,1511,1305,1504,-1,1631,1632,1557,-1,1557,1632,1633,-1,1557,1633,1555,-1,1594,1634,1513,-1,1513,1634,1635,-1,1513,1635,1636,-1,1636,1637,1513,-1,1513,1637,1638,-1,1513,1638,1639,-1,1640,1641,1642,-1,1642,1641,1513,-1,1642,1513,1643,-1,1643,1513,1565,-1,1606,1644,1607,-1,1607,1644,1645,-1,1607,1645,1624,-1,1625,1646,1626,-1,1626,1646,1647,-1,1626,1647,1648,-1,1648,1647,1623,-1,1648,1623,1649,-1,1649,1623,1624,-1,1650,1651,1652,-1,1605,1607,1549,-1,1549,1607,1653,-1,1549,1653,1310,-1,1653,1654,1310,-1,1310,1654,1655,-1,1310,1655,1311,-1,1311,1655,1656,-1,1311,1656,1608,-1,1657,1658,1557,-1,1557,1658,1659,-1,1557,1659,1631,-1,1639,1660,1513,-1,1513,1660,1537,-1,1513,1537,1567,-1,1567,1537,1535,-1,1640,1661,1641,-1,1641,1661,1662,-1,1641,1662,1596,-1,1596,1662,1663,-1,1596,1663,1612,-1,1650,1664,1651,-1,1651,1664,1665,-1,1651,1665,1666,-1,1652,1667,1650,-1,1650,1667,1668,-1,1650,1668,1628,-1,1628,1668,1669,-1,1628,1669,1629,-1,1665,1670,1671,-1,1671,1672,1665,-1,1665,1672,1673,-1,1665,1673,1666,-1,1674,1505,1520,-1,1674,1520,1675,-1,1520,1676,1675,-1,1675,1676,1677,-1,1675,1677,1678,-1,1678,1677,1679,-1,1678,1679,1680,-1,1680,1679,1681,-1,1682,1683,1681,-1,1681,1683,1684,-1,1681,1684,1680,-1,1682,1681,1685,-1,1685,1681,1686,-1,1685,1686,1687,-1,1687,1686,843,-1,1687,843,841,-1,1684,1683,1688,-1,1688,1674,1675,-1,1675,1678,1688,-1,1688,1678,1680,-1,1688,1680,1684,-1,
        ]
    }
}
Shape{
    appearance Appearance {
        material  Material 	{
            diffuseColor 1.0 0.996078431372549 0.9686274509803922
            specularColor 0.5019607843137255 0.4980392156862745 0.48627450980392156
            ambientIntensity 0.9941
            transparency 0.0
            shininess 0.5
        }
    }
    geometry IndexedFaceSet {
        ccw TRUE
        solid FALSE
        coord DEF co Coordinate {
            point [
                -2.4705 -1.2795 0.628, -2.4705 -1.2795 0.1969, -2.4705 -1.5039 0.1969, -2.4705 -1.5039 0.5447, -2.4705 -1.5039 0.628, -2.4705 -1.5001 0.657, -2.4705 -1.4478 0.7251, -2.4705 -1.4208 0.7363, -2.4705 -1.3917 0.7402, -2.4705 -1.3627 0.7363, -2.4705 -1.4889 0.6841, -2.4705 -1.4711 0.7073, -2.4705 -1.3356 0.7251, -2.4705 -1.3124 0.7073, -2.4705 -1.2833 0.657, -2.4705 -1.2946 0.6841, -2.0079 -1.5039 0.1969, -2.0079 -1.5039 0.5433, -2.4508 -1.5039 0.5433, -2.0079 -2.6772 0.1969, -2.0079 -2.6772 0.3465, -2.0079 -2.2835 0.5433, -0.6934 -2.2835 0.5433, -1.6688 -2.2835 0.5433, -1.8714 -2.2835 0.5433, 2.0079 -2.2835 0.5433, 1.8714 -2.2835 0.5433, 2.0079 -2.6772 0.3465, 1.6688 -2.2835 0.5433, 0.6934 -2.2835 0.5433, 0.4909 -2.2835 0.5433, -0.4909 -2.2835 0.5433
            ]
        }
        coordIndex [
            0,1,2,-1,2,3,0,-1,0,3,4,-1,0,4,5,-1,6,7,0,-1,0,7,8,-1,0,8,9,-1,5,10,0,-1,0,10,11,-1,0,11,6,-1,9,12,0,-1,0,12,13,-1,0,13,14,-1,14,13,15,-1,16,17,2,-1,2,17,18,-1,2,18,3,-1,19,20,16,-1,16,20,21,-1,16,21,17,-1,22,23,20,-1,20,23,24,-1,20,24,21,-1,25,26,27,-1,27,26,28,-1,28,29,27,-1,27,29,30,-1,27,30,20,-1,20,30,31,-1,20,31,22,-1,
        ]
    }
}
Shape{
    appearance Appearance {
        material  Material 	{
            diffuseColor 0.7529411764705882 0.7529411764705882 0.7529411764705882
            specularColor 0.3764705882352941 0.3764705882352941 0.3764705882352941
            ambientIntensity 0.7529
            transparency 0.0
            shininess 0.5
        }
    }
    geometry IndexedFaceSet {
        ccw TRUE
        solid FALSE
        coord DEF co Coordinate {
            point [
                0.4909 -2.2835 0.5433, 0.6934 -2.2835 0.5433, 0.4832 -2.1092 0.5433, 0.677 -2.0965 0.5433, 0.4854 -2.0843 0.5433, 0.4938 -2.0608 0.5433, 0.6717 -2.0721 0.5433, 0.5269 -2.0238 0.5433, 0.508 -2.0402 0.5433, 0.6603 -2.0499 0.5433, 0.6435 -2.0313 0.5433, 0.6226 -2.0176 0.5433, 0.5989 -2.0097 0.5433, 0.5739 -2.0081 0.5433, 0.5494 -2.0129 0.5433, 1.6852 -2.0965 0.5433, 1.6688 -2.2835 0.5433, 1.8714 -2.2835 0.5433, 1.7187 -2.0313 0.5433, 1.7019 -2.0499 0.5433, 1.8768 -2.0843 0.5433, 1.879 -2.1092 0.5433, 1.6905 -2.0721 0.5433, 1.7633 -2.0097 0.5433, 1.8684 -2.0608 0.5433, 1.8542 -2.0402 0.5433, 1.8353 -2.0238 0.5433, 1.8128 -2.0129 0.5433, 1.7883 -2.0081 0.5433, 1.7396 -2.0176 0.5433, -0.677 -2.0965 0.5433, -0.6934 -2.2835 0.5433, -0.4909 -2.2835 0.5433, -0.5989 -2.0097 0.5433, -0.6226 -2.0176 0.5433, -0.4854 -2.0843 0.5433, -0.6435 -2.0313 0.5433, -0.6603 -2.0499 0.5433, -0.4832 -2.1092 0.5433, -0.6717 -2.0721 0.5433, -0.508 -2.0402 0.5433, -0.5269 -2.0238 0.5433, -0.4938 -2.0608 0.5433, -0.5494 -2.0129 0.5433, -0.5739 -2.0081 0.5433, -1.8714 -2.2835 0.5433, -1.6688 -2.2835 0.5433, -1.879 -2.1092 0.5433, -1.6852 -2.0965 0.5433, -1.8768 -2.0843 0.5433, -1.6905 -2.0721 0.5433, -1.7019 -2.0499 0.5433, -1.7883 -2.0081 0.5433, -1.8128 -2.0129 0.5433, -1.8353 -2.0238 0.5433, -1.7187 -2.0313 0.5433, -1.7396 -2.0176 0.5433, -1.7633 -2.0097 0.5433, -1.8542 -2.0402 0.5433, -1.8684 -2.0608 0.5433, -0.4832 -2.1092 0.6614, -0.4854 -2.0843 0.6614, -0.4938 -2.0608 0.6614, -0.508 -2.0402 0.6614, -0.5269 -2.0238 0.6614, -0.5494 -2.0129 0.6614, -0.5739 -2.0081 0.6614, -0.5989 -2.0097 0.6614, -0.6226 -2.0176 0.6614, -0.6435 -2.0313 0.6614, -0.6603 -2.0499 0.6614, -0.6717 -2.0721 0.6614, -0.677 -2.0965 0.6614, -0.5856 -4.454 0.5433, -0.5856 -4.454 0.6614, -0.5907 -4.4835 0.6614, -0.5907 -4.4835 0.5433, -0.6031 -4.5108 0.6614, -0.6031 -4.5108 0.5433, -0.6219 -4.5341 0.6614, -0.6219 -4.5341 0.5433, -0.6461 -4.5519 0.6614, -0.6461 -4.5519 0.5433, -0.6739 -4.5631 0.6614, -0.6739 -4.5631 0.5433, -0.7036 -4.5669 0.6614, -0.7036 -4.5669 0.5433, -1.6586 -4.5669 0.6614, -1.6586 -4.5669 0.5433, -1.6883 -4.5631 0.6614, -1.6883 -4.5631 0.5433, -1.7161 -4.5519 0.6614, -1.7161 -4.5519 0.5433, -1.7403 -4.5341 0.6614, -1.7403 -4.5341 0.5433, -1.7591 -4.5108 0.6614, -1.7591 -4.5108 0.5433, -1.7715 -4.4835 0.6614, -1.7715 -4.4835 0.5433, -1.7766 -4.454 0.6614, -1.7766 -4.454 0.5433, -1.879 -2.1092 0.6614, -1.6852 -2.0965 0.6614, -1.6905 -2.0721 0.6614, -1.7019 -2.0499 0.6614, -1.7187 -2.0313 0.6614, -1.7396 -2.0176 0.6614, -1.7633 -2.0097 0.6614, -1.7883 -2.0081 0.6614, -1.8128 -2.0129 0.6614, -1.8353 -2.0238 0.6614, -1.8542 -2.0402 0.6614, -1.8684 -2.0608 0.6614, -1.8768 -2.0843 0.6614, -1.5462 -3.6853 0.6487, -1.5531 -3.6058 0.7362, -1.5543 -3.5917 0.726, -1.5493 -3.6496 0.6233, -1.5544 -3.5917 0.726, -1.5494 -3.6484 0.6225, -1.5558 -3.5747 0.7189, -1.5531 -3.6065 0.6051, -1.5529 -3.6077 0.7384, -1.5458 -3.6898 0.6539, -1.552 -3.6185 0.7509, -1.5534 -3.6027 0.6045, -1.556 -3.5729 0.7186, -1.557 -3.5617 0.598, -1.5574 -3.5565 0.716, -1.6646 -2.3315 0.5437, -1.6651 -2.3263 0.6617, -1.6654 -2.3228 0.5434, -1.6656 -2.3202 0.6615, -1.6661 -2.3142 0.5433, -1.6661 -2.3142 0.6614, -1.5171 -4.017 0.637, -1.5118 -4.0778 0.7383, -1.5323 -3.8439 0.7409, -1.527 -3.9047 0.8422, -1.533 -3.8363 0.745, -1.5295 -3.8755 0.8554, -1.5333 -3.8323 0.7463, -1.5306 -3.8634 0.8609, -1.5345 -3.8186 0.7509, -1.5335 -3.8303 0.8675, -1.5349 -3.8142 0.7512, -1.5343 -3.8204 0.8695, -1.536 -3.8012 0.7522, -1.5376 -3.7834 0.8689, -1.5365 -3.7955 0.7513, -1.5379 -3.7802 0.8688, -1.5376 -3.7829 0.7494, -1.5416 -3.7376 0.8587, -1.5381 -3.7772 0.7472, -1.5417 -3.7362 0.8584, -1.5392 -3.7653 0.7425, -1.5452 -3.6966 0.8388, -1.5396 -3.7604 0.739, -1.5453 -3.6956 0.8379, -1.5404 -3.7511 0.7325, -1.5479 -3.6654 0.814, -1.5408 -3.7462 0.7268, -1.5484 -3.66 0.8074, -1.5416 -3.7379 0.7171, -1.5502 -3.6396 0.7826, -1.5434 -3.7168 0.6854, -1.5436 -3.7149 0.6826, -1.3206 -4.1732 0.5433, -1.3153 -4.234 0.6446, -1.3467 -4.2313 0.6462, -1.352 -4.1701 0.5452, -1.355 -4.2306 0.6466, -1.3658 -4.1688 0.546, -1.3912 -4.2209 0.6524, -1.3962 -4.1595 0.5516, -1.3922 -4.2206 0.6526, -1.407 -4.1562 0.5535, -1.4276 -4.2039 0.6626, -1.4365 -4.1404 0.563, -1.4312 -4.2012 0.6642, -1.4414 -4.1378 0.5646, -1.4615 -4.1783 0.678, -1.4703 -4.1135 0.5791, -1.4649 -4.1743 0.6804, -1.4738 -4.1107 0.5808, -1.4855 -4.1502 0.6948, -1.4958 -4.0818 0.5982, -1.4962 -4.0809 0.5987, -1.4901 -4.1413 0.7002, -1.5103 -4.0507 0.6168, -1.5033 -4.116 0.7154, -1.5117 -4.0437 0.621, -1.5059 -4.1043 0.7224, -0.851 -4.0436 0.6211, -0.9657 -4.1601 0.5512, -0.8451 -4.017 0.637, -0.8299 -3.8439 0.7409, -0.8536 -4.0552 0.6141, -0.8668 -4.0806 0.5989, -0.8714 -4.0895 0.5936, -0.892 -4.1136 0.5791, -0.8953 -4.1175 0.5767, -0.9257 -4.1405 0.563, -0.9647 -4.1598 0.5513, -0.9293 -4.1431 0.5614, -1.0019 -4.1699 0.5453, -1.0102 -4.1706 0.5449, -1.0416 -4.1732 0.5433, -1.0469 -4.234 0.6446, -0.8713 -4.1416 0.7, -0.8573 -4.1114 0.7181, -0.8558 -4.1044 0.7223, -0.8504 -4.0778 0.7383, -0.8352 -3.9047 0.8422, -1.0018 -4.2295 0.6473, -0.9713 -4.2202 0.6528, -0.9606 -4.2169 0.6548, -0.931 -4.2012 0.6643, -0.9261 -4.1985 0.6659, -0.8972 -4.1743 0.6804, -0.8938 -4.1714 0.6821, -0.8717 -4.1425 0.6995, -1.0156 -4.2309 0.6464, -0.8327 -3.8756 0.8559, -0.832 -3.8679 0.8595, -0.8287 -3.8304 0.8682, -0.8286 -3.8292 0.8685, -0.8248 -3.7848 0.8694, -0.8246 -3.7835 0.8691, -0.8209 -3.7406 0.8599, -0.8206 -3.7377 0.8586, -0.8177 -3.7041 0.8433, -0.817 -3.696 0.8373, -0.8146 -3.6689 0.8172, -0.8139 -3.6603 0.8071, -0.812 -3.6396 0.7826, -0.8102 -3.6185 0.7509, -0.8093 -3.6078 0.7383, -0.8079 -3.5917 0.726, -0.8079 -3.5917 0.726, -0.8065 -3.5757 0.7192, -0.8092 -3.6065 0.7368, -0.8062 -3.5728 0.7187, -0.8048 -3.5565 0.716, -0.6972 -2.3263 0.6617, -0.6961 -2.3142 0.6614, -0.6966 -2.3202 0.6615, -0.8268 -3.8081 0.7521, -0.8273 -3.8142 0.7511, -0.8283 -3.8253 0.7492, -0.8289 -3.8322 0.7461, -0.8129 -3.6496 0.6233, -0.813 -3.651 0.6239, -0.8162 -3.6875 0.6508, -0.8165 -3.69 0.6537, -0.8188 -3.7168 0.6854, -0.8206 -3.7379 0.7171, -0.8211 -3.7431 0.7241, -0.8214 -3.746 0.7269, -0.8223 -3.7565 0.7369, -0.8226 -3.7603 0.7391, -0.8236 -3.7716 0.7456, -0.8241 -3.7772 0.7472, -0.8251 -3.7892 0.7508, -0.8257 -3.7954 0.7513, -0.8094 -3.6095 0.6059, -0.8088 -3.6026 0.6047, -0.8055 -3.5651 0.5981, -0.8052 -3.5617 0.598, -0.6976 -2.3315 0.5437, -0.6968 -2.3228 0.5434, -0.6961 -2.3142 0.5433, 1.6661 -2.3142 0.5433, 0.6961 -2.3142 0.5433, 1.6654 -2.3228 0.5434, 1.6646 -2.3315 0.5437, 0.6976 -2.3315 0.5437, 0.6968 -2.3228 0.5434, 0.8052 -3.5617 0.598, 1.557 -3.5617 0.598, 0.816 -3.6853 0.6487, 0.8129 -3.6496 0.6233, 1.5493 -3.6496 0.6233, 0.8088 -3.6027 0.6045, 1.5567 -3.5651 0.5981, 1.5534 -3.6026 0.6047, 1.5528 -3.6095 0.6059, 0.8092 -3.6065 0.6051, 0.8128 -3.6484 0.6225, 1.5457 -3.69 0.6537, 1.5434 -3.7168 0.6854, 0.8188 -3.7168 0.6854, 1.5492 -3.651 0.6239, 1.546 -3.6875 0.6508, 0.8164 -3.6898 0.6539, 0.8186 -3.7149 0.6826, 0.8206 -3.7379 0.7171, 1.5416 -3.7379 0.7171, 1.5411 -3.7431 0.7241, 0.8214 -3.7462 0.7268, 1.5408 -3.746 0.7269, 1.5399 -3.7565 0.7369, 0.8218 -3.7511 0.7325, 1.5396 -3.7603 0.7391, 0.8226 -3.7604 0.739, 1.5386 -3.7716 0.7456, 0.8231 -3.7653 0.7425, 1.5381 -3.7772 0.7472, 0.8241 -3.7772 0.7472, 1.5371 -3.7892 0.7508, 0.8246 -3.7829 0.7494, 1.5365 -3.7954 0.7513, 0.8257 -3.7955 0.7513, 1.5354 -3.8081 0.7521, 0.8262 -3.8012 0.7522, 0.8273 -3.8142 0.7512, 1.5349 -3.8142 0.7511, 1.5339 -3.8253 0.7492, 1.5333 -3.8322 0.7461, 1.5323 -3.8439 0.7409, 0.8299 -3.8439 0.7409, 0.8293 -3.8363 0.745, 0.8289 -3.8323 0.7463, 0.8277 -3.8186 0.7509
            ]
        }
        coordIndex [
            0,1,2,-1,2,1,3,-1,2,3,4,-1,4,3,5,-1,6,7,3,-1,3,7,8,-1,3,8,5,-1,6,9,7,-1,7,9,10,-1,7,10,11,-1,11,12,7,-1,7,12,13,-1,7,13,14,-1,15,16,17,-1,18,19,20,-1,17,21,15,-1,15,21,20,-1,15,20,22,-1,22,20,19,-1,23,24,25,-1,25,26,23,-1,23,26,27,-1,23,27,28,-1,24,23,20,-1,20,23,29,-1,20,29,18,-1,30,31,32,-1,33,34,35,-1,35,34,36,-1,35,36,37,-1,32,38,30,-1,30,38,35,-1,30,35,39,-1,39,35,37,-1,40,41,42,-1,42,41,43,-1,42,43,35,-1,35,43,44,-1,35,44,33,-1,45,46,47,-1,47,46,48,-1,47,48,49,-1,50,51,52,-1,50,52,48,-1,48,52,53,-1,48,53,54,-1,51,55,52,-1,52,55,56,-1,52,56,57,-1,54,58,48,-1,48,58,59,-1,48,59,49,-1,38,60,35,-1,35,60,61,-1,35,61,42,-1,42,61,62,-1,42,62,40,-1,40,62,63,-1,40,63,41,-1,41,63,64,-1,41,64,43,-1,43,64,65,-1,43,65,44,-1,44,65,66,-1,44,66,33,-1,33,66,67,-1,33,67,34,-1,34,67,68,-1,34,68,36,-1,36,68,69,-1,36,69,37,-1,37,69,70,-1,37,70,39,-1,39,70,71,-1,39,71,30,-1,30,71,72,-1,73,74,32,-1,32,74,60,-1,32,60,38,-1,74,73,75,-1,75,73,76,-1,75,76,77,-1,77,76,78,-1,77,78,79,-1,79,78,80,-1,79,80,81,-1,81,80,82,-1,81,82,83,-1,83,82,84,-1,83,84,85,-1,85,84,86,-1,87,85,88,-1,88,85,86,-1,87,88,89,-1,89,88,90,-1,89,90,91,-1,91,90,92,-1,91,92,93,-1,93,92,94,-1,93,94,95,-1,95,94,96,-1,95,96,97,-1,97,96,98,-1,97,98,99,-1,99,98,100,-1,99,100,101,-1,101,100,45,-1,101,45,47,-1,48,102,50,-1,50,102,103,-1,50,103,51,-1,51,103,104,-1,51,104,55,-1,55,104,105,-1,55,105,56,-1,56,105,106,-1,56,106,57,-1,57,106,107,-1,57,107,52,-1,52,107,108,-1,52,108,53,-1,53,108,109,-1,53,109,54,-1,54,109,110,-1,54,110,58,-1,58,110,111,-1,58,111,59,-1,59,111,112,-1,59,112,49,-1,49,112,113,-1,49,113,47,-1,47,113,101,-1,114,115,116,-1,114,116,117,-1,117,116,118,-1,117,118,119,-1,119,118,120,-1,119,120,121,-1,115,114,122,-1,122,114,123,-1,122,123,124,-1,121,120,125,-1,125,120,126,-1,125,126,127,-1,127,126,128,-1,127,128,129,-1,129,128,130,-1,129,130,131,-1,131,130,132,-1,131,132,133,-1,133,132,134,-1,133,134,46,-1,46,134,102,-1,46,102,48,-1,135,136,137,-1,137,136,138,-1,137,138,139,-1,139,138,140,-1,139,140,141,-1,141,140,142,-1,141,142,143,-1,143,142,144,-1,143,144,145,-1,145,144,146,-1,145,146,147,-1,147,146,148,-1,147,148,149,-1,149,148,150,-1,149,150,151,-1,151,150,152,-1,151,152,153,-1,153,152,154,-1,153,154,155,-1,155,154,156,-1,155,156,157,-1,157,156,158,-1,157,158,159,-1,159,158,160,-1,159,160,161,-1,161,160,162,-1,161,162,163,-1,163,162,164,-1,163,164,165,-1,165,164,124,-1,165,124,166,-1,166,124,123,-1,167,168,169,-1,167,169,170,-1,170,169,171,-1,170,171,172,-1,172,171,173,-1,172,173,174,-1,174,173,175,-1,174,175,176,-1,176,175,177,-1,176,177,178,-1,178,177,179,-1,178,179,180,-1,180,179,181,-1,180,181,182,-1,182,181,183,-1,182,183,184,-1,184,183,185,-1,184,185,186,-1,186,185,187,-1,187,185,188,-1,187,188,189,-1,189,188,190,-1,189,190,191,-1,190,192,191,-1,191,192,136,-1,191,136,135,-1,193,194,195,-1,195,194,196,-1,193,197,194,-1,194,197,198,-1,194,198,199,-1,200,201,202,-1,199,200,194,-1,194,200,202,-1,194,202,203,-1,203,202,204,-1,194,205,196,-1,196,205,206,-1,196,206,207,-1,184,186,196,-1,196,186,187,-1,196,187,189,-1,189,191,196,-1,196,191,135,-1,196,135,137,-1,207,167,196,-1,196,167,170,-1,196,170,172,-1,172,174,196,-1,196,174,176,-1,196,176,178,-1,178,180,196,-1,196,180,182,-1,196,182,184,-1,208,168,207,-1,207,168,167,-1,192,190,188,-1,185,183,138,-1,138,183,181,-1,138,181,179,-1,179,177,138,-1,138,177,175,-1,138,175,173,-1,138,209,210,-1,210,211,138,-1,138,211,212,-1,138,212,213,-1,214,215,138,-1,138,215,216,-1,216,217,138,-1,138,217,218,-1,138,218,219,-1,185,138,188,-1,188,138,136,-1,188,136,192,-1,219,220,138,-1,138,220,221,-1,138,221,209,-1,173,171,138,-1,138,171,169,-1,138,169,168,-1,168,208,138,-1,138,208,222,-1,138,222,214,-1,142,140,223,-1,223,140,138,-1,223,138,213,-1,223,224,142,-1,142,224,225,-1,142,225,144,-1,144,225,146,-1,225,226,146,-1,146,226,227,-1,146,227,148,-1,148,227,228,-1,148,228,150,-1,150,228,229,-1,150,229,152,-1,152,229,230,-1,152,230,154,-1,154,230,231,-1,154,231,156,-1,156,231,232,-1,156,232,158,-1,158,232,233,-1,158,233,160,-1,160,233,234,-1,160,234,162,-1,162,234,235,-1,162,235,164,-1,235,236,164,-1,164,236,124,-1,124,236,237,-1,120,238,126,-1,126,238,239,-1,126,239,240,-1,120,118,238,-1,238,118,116,-1,238,116,241,-1,241,116,115,-1,241,115,237,-1,237,115,122,-1,237,122,124,-1,240,242,126,-1,126,242,243,-1,126,243,128,-1,243,244,128,-1,128,244,130,-1,245,134,132,-1,130,244,132,-1,132,244,246,-1,132,246,245,-1,213,212,195,-1,247,225,248,-1,248,225,224,-1,248,224,249,-1,249,224,223,-1,249,223,250,-1,250,223,213,-1,250,213,196,-1,196,213,195,-1,240,239,251,-1,251,239,252,-1,252,239,238,-1,252,238,253,-1,253,238,241,-1,253,241,254,-1,254,241,237,-1,254,237,255,-1,255,237,236,-1,255,236,256,-1,256,236,235,-1,256,235,257,-1,257,235,234,-1,257,234,258,-1,258,234,233,-1,258,233,259,-1,259,233,232,-1,259,232,260,-1,260,232,231,-1,260,231,261,-1,261,231,230,-1,261,230,262,-1,262,230,229,-1,262,229,263,-1,263,229,228,-1,263,228,264,-1,264,228,227,-1,264,227,247,-1,247,227,226,-1,247,226,225,-1,30,72,31,-1,31,72,245,-1,251,265,240,-1,240,265,266,-1,240,266,242,-1,242,266,267,-1,242,267,243,-1,243,267,268,-1,243,268,244,-1,244,268,269,-1,244,269,246,-1,246,269,270,-1,246,270,245,-1,245,270,271,-1,245,271,31,-1,207,206,208,-1,208,206,222,-1,222,206,214,-1,214,206,205,-1,214,205,215,-1,215,205,194,-1,215,194,216,-1,194,203,216,-1,216,203,204,-1,216,204,217,-1,217,204,202,-1,217,202,218,-1,218,202,201,-1,218,201,219,-1,219,201,200,-1,219,200,220,-1,220,200,199,-1,220,199,221,-1,221,199,198,-1,221,198,209,-1,209,198,210,-1,210,198,197,-1,210,197,211,-1,197,193,211,-1,211,193,195,-1,211,195,212,-1,31,271,46,-1,46,271,133,-1,269,129,270,-1,270,129,131,-1,270,131,271,-1,271,131,133,-1,268,127,269,-1,269,127,129,-1,114,117,251,-1,127,268,125,-1,125,268,267,-1,267,266,125,-1,125,266,265,-1,125,265,121,-1,251,117,265,-1,265,117,119,-1,265,119,121,-1,254,255,165,-1,251,252,114,-1,114,252,253,-1,114,253,123,-1,123,253,254,-1,123,254,166,-1,166,254,165,-1,163,165,256,-1,256,165,255,-1,163,256,257,-1,163,257,161,-1,257,258,161,-1,161,258,259,-1,161,259,159,-1,159,259,260,-1,159,260,157,-1,157,260,261,-1,157,261,155,-1,155,261,262,-1,155,262,153,-1,153,262,263,-1,153,263,151,-1,151,263,264,-1,151,264,149,-1,149,264,247,-1,149,247,147,-1,147,247,145,-1,145,247,248,-1,145,248,249,-1,250,196,137,-1,137,139,250,-1,250,139,141,-1,250,141,249,-1,249,141,143,-1,249,143,145,-1,16,272,1,-1,1,272,273,-1,273,272,274,-1,275,276,274,-1,274,276,277,-1,274,277,273,-1,276,275,278,-1,278,275,279,-1,280,281,282,-1,278,279,283,-1,283,279,284,-1,284,285,283,-1,283,285,286,-1,283,286,287,-1,282,281,286,-1,286,281,288,-1,286,288,287,-1,289,290,291,-1,282,292,280,-1,280,292,293,-1,280,293,294,-1,294,293,289,-1,294,289,295,-1,295,289,291,-1,291,290,296,-1,296,290,297,-1,296,297,298,-1,296,298,299,-1,298,300,299,-1,299,300,301,-1,299,301,302,-1,302,301,303,-1,302,303,304,-1,304,303,305,-1,304,305,306,-1,306,305,307,-1,306,307,308,-1,308,307,309,-1,308,309,310,-1,310,309,311,-1,310,311,312,-1,312,311,313,-1,312,313,314,-1,314,313,315,-1,315,313,316,-1,315,316,317,-1,318,319,320,-1,320,321,318,-1,318,321,322,-1,318,322,317,-1,317,322,323,-1,317,323,315,-1,
        ]
    }
}
Shape{
    appearance Appearance {
        material  Material 	{
            diffuseColor 1.0 0.996078431372549 0.9686274509803922
            specularColor 0.5019607843137255 0.4980392156862745 0.48627450980392156
            ambientIntensity 0.9941
            transparency 0.0
            shininess 0.5
        }
    }
    geometry IndexedFaceSet {
        ccw TRUE
        solid FALSE
        coord DEF co Coordinate {
            point [
                2.0079 -2.6772 0.3465, 2.0079 -2.6772 0.1969, 2.0079 -2.2835 0.5433, 2.0079 -1.5039 0.1969, 2.0079 -1.5039 0.5433, 2.4508 -1.5039 0.5433, 2.4705 -1.5039 0.1969, 2.4705 -1.5039 0.5447
            ]
        }
        coordIndex [
            0,1,2,-1,2,1,3,-1,2,3,4,-1,4,3,5,-1,5,3,6,-1,5,6,7,-1,
        ]
    }
}
Shape{
    appearance Appearance {
        material  Material 	{
            diffuseColor 0.7529411764705882 0.7529411764705882 0.7529411764705882
            specularColor 0.3764705882352941 0.3764705882352941 0.3764705882352941
            ambientIntensity 0.7529
            transparency 0.0
            shininess 0.5
        }
    }
    geometry IndexedFaceSet {
        ccw TRUE
        solid FALSE
        coord DEF co Coordinate {
            point [
                2.5882 -1.4955 0.6707, 2.5886 -1.4905 0.6811, 2.5886 -1.817 0.6811, 2.5886 -4.9213 0.6811, 2.5839 -4.9213 0.6454, 2.5701 -1.5039 0.6122, 2.5779 -1.5039 0.628, 2.5836 -1.5022 0.6455, 2.5849 -1.5019 0.6494, 2.5701 -4.9213 0.6122, 2.5482 -4.9213 0.5837, 2.5482 -1.5039 0.5837, 2.5197 -4.9213 0.5618, 2.5197 -1.5039 0.5618, 2.4865 -4.9213 0.548, 2.4865 -1.5039 0.548, 2.4705 -1.5039 0.5447, 2.4508 -4.9213 0.5433, 2.4508 -1.5039 0.5433, 2.4705 -1.5039 0.628, 2.4705 -1.5001 0.657, 2.5849 -1.5019 0.6494, 2.586 -1.4996 0.6569, 2.5882 -1.4955 0.6707, 2.4705 -1.4889 0.6841, 2.4705 -1.2795 0.628, 2.5886 -1.2795 0.628, 2.4705 -1.2833 0.657, 2.5886 -1.2833 0.657, 2.4705 -1.2946 0.6841, 2.5886 -1.2946 0.6841, 2.4705 -1.3124 0.7073, 2.5886 -1.3124 0.7073, 2.4705 -1.3356 0.7251, 2.5886 -1.3356 0.7251, 2.4705 -1.3627 0.7363, 2.5886 -1.3627 0.7363, 2.4705 -1.3917 0.7402, 2.5886 -1.3917 0.7402, 2.4705 -1.4208 0.7363, 2.5886 -1.4208 0.7363, 2.4705 -1.4478 0.7251, 2.5886 -1.4478 0.7251, 2.4705 -1.4711 0.7073, 2.5886 -1.4711 0.7073, 2.5886 -1.4889 0.6841, 2.5886 -1.2795 0.2165, 2.4705 -1.2795 0.1969, 2.5919 -1.2795 0.1911, 2.4772 -1.2795 0.1459, 2.6018 -1.2795 0.1673, 2.4968 -1.2795 0.0984, 2.6174 -1.2795 0.1469, 2.5281 -1.2795 0.0577, 2.6378 -1.2795 0.1313, 2.5689 -1.2795 0.0264, 2.6615 -1.2795 0.1215, 2.6164 -1.2795 0.0067, 2.687 -1.2795 0.1181, 2.6673 -1.2795 0.0, 3.1594 -1.2795 0.1181, 3.1594 -1.2795 0.0, -3.1594 -1.2795 0.1181, -3.1594 -1.2795 0.0, -2.687 -1.2795 0.1181, -2.6673 -1.2795 0.0, -2.6615 -1.2795 0.1215, -2.6164 -1.2795 0.0067, -2.6378 -1.2795 0.1313, -2.5689 -1.2795 0.0264, -2.6174 -1.2795 0.1469, -2.5281 -1.2795 0.0577, -2.6018 -1.2795 0.1673, -2.4968 -1.2795 0.0984, -2.5919 -1.2795 0.1911, -2.4772 -1.2795 0.1459, -2.5886 -1.2795 0.2165, -2.4705 -1.2795 0.1969, -2.5886 -1.2795 0.628, -2.4705 -1.2795 0.628, 2.5886 -0.8858 0.2165, 2.5919 -0.8858 0.1911, 2.6018 -0.8858 0.1673, 2.6174 -0.8858 0.1469, 2.6378 -0.8858 0.1313, 2.6615 -0.8858 0.1215, 2.687 -0.8858 0.1181, 2.5886 0.4331 0.2165, 2.5886 -0.2953 0.2165, 2.5919 0.4331 0.1911, 2.5919 -0.2953 0.1911, 2.6018 0.4331 0.1673, 2.6018 -0.2953 0.1673, 2.6174 0.4331 0.1469, 2.6174 -0.2953 0.1469, 2.6378 0.4331 0.1313, 2.6378 -0.2953 0.1313, 2.6615 0.4331 0.1215, 2.6615 -0.2953 0.1215, 2.687 0.4331 0.1181, 2.687 -0.2953 0.1181, 3.2185 0.374 0.1181, 2.7681 -0.3126 0.1181, 2.7775 -0.3248 0.1181, 3.2106 0.4035 0.1181, 3.2012 0.4158 0.1181, 2.7559 -0.3032 0.1181, 2.7834 -0.339 0.1181, 2.7854 -0.3543 0.1181, 3.2185 -1.2205 0.1181, 2.7854 -0.8268 0.1181, 3.2165 0.3893 0.1181, 3.189 0.4252 0.1181, 3.1747 0.4311 0.1181, 2.7417 -0.2973 0.1181, 3.1594 0.4331 0.1181, 2.7264 -0.2953 0.1181, 3.189 -1.2716 0.1181, 3.2012 -1.2622 0.1181, 2.7681 -0.8685 0.1181, 2.7264 -0.8858 0.1181, 2.7417 -0.8838 0.1181, 2.7559 -0.8779 0.1181, 3.1747 -1.2775 0.1181, 2.7834 -0.8421 0.1181, 2.7775 -0.8563 0.1181, 3.2165 -1.2358 0.1181, 3.2106 -1.25 0.1181, 3.2185 0.374 0.0, 3.2165 0.3893 0.0, 3.2106 0.4035 0.0, 3.2012 0.4158 0.0, 3.189 0.4252 0.0, 3.1747 0.4311 0.0, 3.1594 0.4331 0.0, 2.7264 -0.2953 0.0, 2.6673 -0.2953 0.0, 2.6673 0.4331 0.0, 3.2106 -1.25 0.0, 3.2012 -1.2622 0.0, 2.7681 -0.8685 0.0, 2.7775 -0.8563 0.0, 2.7834 -0.8421 0.0, 3.2185 -1.2205 0.0, 2.7854 -0.8268 0.0, 2.7854 -0.3543 0.0, 2.7834 -0.339 0.0, 3.2165 -1.2358 0.0, 2.6673 -0.8858 0.0, 2.7264 -0.8858 0.0, 2.7417 -0.8838 0.0, 2.7559 -0.8779 0.0, 3.1747 -1.2775 0.0, 3.189 -1.2716 0.0, 2.7559 -0.3032 0.0, 2.7417 -0.2973 0.0, 2.7775 -0.3248 0.0, 2.7681 -0.3126 0.0, 2.6164 0.4331 0.0067, 2.5689 0.4331 0.0264, 2.5281 0.4331 0.0577, 2.4968 0.4331 0.0984, 2.4772 0.4331 0.1459, 2.4705 0.4331 0.1969, 2.5886 0.4331 2.6575, 2.4705 0.4331 2.6575, 2.5839 0.4331 2.6931, 2.4698 0.4331 2.6626, 2.5701 0.4331 2.7264, 2.4678 0.4331 2.6673, 2.5482 0.4331 2.7549, 2.4647 0.4331 2.6714, 2.5197 0.4331 2.7768, 2.4606 0.4331 2.6745, 2.4865 0.4331 2.7906, 2.4559 0.4331 2.6765, 2.4508 0.4331 2.7953, 2.4508 0.4331 2.6772, -2.4508 0.4331 2.7953, -2.4508 0.4331 2.6772, -2.4865 0.4331 2.7906, -2.4559 0.4331 2.6765, -2.5197 0.4331 2.7768, -2.4606 0.4331 2.6745, -2.5482 0.4331 2.7549, -2.4647 0.4331 2.6714, -2.5701 0.4331 2.7264, -2.4678 0.4331 2.6673, -2.5839 0.4331 2.6931, -2.4698 0.4331 2.6626, -2.5886 0.4331 2.6575, -2.4705 0.4331 2.6575, -2.5886 0.4331 0.2165, -2.4705 0.4331 0.1969, -2.5919 0.4331 0.1911, -2.4772 0.4331 0.1459, -2.6018 0.4331 0.1673, -2.4968 0.4331 0.0984, -2.6174 0.4331 0.1469, -2.5281 0.4331 0.0577, -2.6378 0.4331 0.1313, -2.5689 0.4331 0.0264, -2.6615 0.4331 0.1215, -2.6164 0.4331 0.0067, -2.687 0.4331 0.1181, -2.6673 0.4331 0.0, -3.1594 0.4331 0.1181, -3.1594 0.4331 0.0, 2.5839 -4.9213 2.6931, 2.5886 -4.9213 2.6575, 2.5886 -1.817 2.6575, 2.5886 -0.89 2.6575, 2.5886 -1.4627 2.6575, 2.5886 -0.7648 2.6575, 2.5886 -0.762 2.6575, 2.5886 -0.6662 2.6575, 2.5886 -0.6549 2.6575, 2.5886 -0.5498 2.6575, 2.5886 -0.4764 2.6575, 2.5886 -0.4254 2.6575, 2.5886 -0.3834 2.6575, 2.5886 -0.2691 2.6575, 2.5886 -0.2589 2.6575, 2.5886 -0.1072 2.6575, 2.5701 -4.9213 2.7264, 2.5482 -4.9213 2.7549, 2.5197 -4.9213 2.7768, 2.4865 -4.9213 2.7906, 2.4508 -4.9213 2.7953, -2.5886 -0.2953 0.2165, -2.5919 -0.2953 0.1911, -2.6018 -0.2953 0.1673, -2.6174 -0.2953 0.1469, -2.6378 -0.2953 0.1313, -2.6615 -0.2953 0.1215, -2.687 -0.2953 0.1181, -2.5886 -0.8858 0.2165, -2.5919 -0.8858 0.1911, -2.6018 -0.8858 0.1673, -2.6174 -0.8858 0.1469, -2.6378 -0.8858 0.1313, -2.6615 -0.8858 0.1215, -2.687 -0.8858 0.1181, -2.7264 -0.2953 0.1181, -2.7264 -0.2953 0.0, -2.6673 -0.2953 0.0, -2.6164 -0.2953 0.0067, -2.5689 -0.2953 0.0264, -2.5281 -0.2953 0.0577, -2.4968 -0.2953 0.0984, -2.4772 -0.2953 0.1459, -2.4705 -0.2953 0.1969, -2.5886 -0.2953 0.2362, -2.4705 -0.2953 0.2362, -2.4705 -0.3543 0.2953, -2.5886 -0.3543 0.2953, -2.4705 -0.339 0.2933, -2.5886 -0.339 0.2933, -2.4705 -0.3248 0.2874, -2.5886 -0.3248 0.2874, -2.4705 -0.3126 0.278, -2.5886 -0.3126 0.278, -2.4705 -0.3032 0.2657, -2.5886 -0.3032 0.2657, -2.4705 -0.2973 0.2515, -2.5886 -0.2973 0.2515
            ]
        }
        coordIndex [
            0,1,2,-1,2,3,4,-1,5,6,4,-1,4,6,7,-1,4,7,2,-1,2,7,8,-1,2,8,0,-1,4,9,5,-1,5,9,10,-1,5,10,11,-1,11,10,12,-1,11,12,13,-1,13,12,14,-1,13,14,15,-1,15,14,16,-1,16,14,17,-1,16,17,18,-1,6,19,7,-1,7,19,20,-1,7,20,21,-1,21,20,22,-1,22,20,23,-1,23,20,24,-1,23,24,1,-1,25,26,27,-1,27,26,28,-1,27,28,29,-1,29,28,30,-1,29,30,31,-1,31,30,32,-1,31,32,33,-1,33,32,34,-1,33,34,35,-1,35,34,36,-1,35,36,37,-1,37,36,38,-1,37,38,39,-1,39,38,40,-1,39,40,41,-1,41,40,42,-1,41,42,43,-1,43,42,44,-1,43,44,24,-1,24,44,45,-1,24,45,1,-1,26,25,46,-1,46,25,47,-1,46,47,48,-1,48,47,49,-1,48,49,50,-1,50,49,51,-1,50,51,52,-1,52,51,53,-1,52,53,54,-1,54,53,55,-1,54,55,56,-1,56,55,57,-1,56,57,58,-1,58,57,59,-1,58,59,60,-1,60,59,61,-1,62,63,64,-1,64,63,65,-1,64,65,66,-1,66,65,67,-1,66,67,68,-1,68,67,69,-1,68,69,70,-1,70,69,71,-1,70,71,72,-1,72,71,73,-1,72,73,74,-1,74,73,75,-1,74,75,76,-1,76,75,77,-1,76,77,78,-1,78,77,79,-1,80,46,81,-1,81,46,48,-1,81,48,82,-1,82,48,50,-1,82,50,83,-1,83,50,52,-1,83,52,84,-1,84,52,54,-1,84,54,85,-1,85,54,56,-1,85,56,86,-1,86,56,58,-1,87,88,89,-1,89,88,90,-1,89,90,91,-1,91,90,92,-1,91,92,93,-1,93,92,94,-1,93,94,95,-1,95,94,96,-1,95,96,97,-1,97,96,98,-1,97,98,99,-1,99,98,100,-1,101,102,103,-1,104,105,106,-1,103,107,101,-1,101,107,108,-1,101,108,109,-1,109,108,110,-1,102,101,106,-1,106,101,111,-1,106,111,104,-1,105,112,106,-1,106,112,113,-1,106,113,114,-1,114,113,115,-1,114,115,116,-1,116,115,99,-1,116,99,100,-1,117,118,119,-1,86,58,120,-1,120,58,121,-1,121,58,122,-1,122,58,60,-1,122,60,119,-1,119,60,123,-1,119,123,117,-1,110,124,109,-1,109,124,125,-1,109,125,126,-1,126,125,119,-1,126,119,127,-1,127,119,118,-1,101,128,129,-1,101,129,111,-1,111,129,130,-1,111,130,104,-1,104,130,131,-1,104,131,105,-1,105,131,132,-1,105,132,112,-1,112,132,133,-1,112,133,113,-1,113,133,134,-1,113,134,115,-1,135,136,137,-1,138,139,140,-1,141,142,143,-1,143,142,144,-1,143,144,128,-1,128,144,145,-1,128,145,146,-1,141,143,140,-1,140,143,147,-1,140,147,138,-1,148,149,59,-1,59,149,150,-1,59,150,61,-1,61,150,151,-1,61,151,152,-1,152,151,140,-1,152,140,153,-1,153,140,139,-1,132,131,154,-1,135,137,155,-1,155,137,134,-1,155,134,154,-1,154,134,133,-1,154,133,132,-1,146,156,128,-1,128,156,157,-1,128,157,129,-1,129,157,154,-1,129,154,130,-1,130,154,131,-1,115,134,99,-1,99,134,137,-1,99,137,97,-1,97,137,158,-1,97,158,95,-1,95,158,159,-1,95,159,93,-1,93,159,160,-1,93,160,91,-1,91,160,161,-1,91,161,89,-1,89,161,162,-1,89,162,87,-1,87,162,163,-1,87,163,164,-1,164,163,165,-1,164,165,166,-1,166,165,167,-1,166,167,168,-1,168,167,169,-1,168,169,170,-1,170,169,171,-1,170,171,172,-1,172,171,173,-1,172,173,174,-1,174,173,175,-1,174,175,176,-1,176,175,177,-1,176,177,178,-1,178,177,179,-1,178,179,180,-1,180,179,181,-1,180,181,182,-1,182,181,183,-1,182,183,184,-1,184,183,185,-1,184,185,186,-1,186,185,187,-1,186,187,188,-1,188,187,189,-1,188,189,190,-1,190,189,191,-1,190,191,192,-1,192,191,193,-1,192,193,194,-1,194,193,195,-1,194,195,196,-1,196,195,197,-1,196,197,198,-1,198,197,199,-1,198,199,200,-1,200,199,201,-1,200,201,202,-1,202,201,203,-1,202,203,204,-1,204,203,205,-1,204,205,206,-1,206,205,207,-1,208,209,210,-1,211,166,212,-1,212,166,210,-1,211,213,166,-1,166,213,214,-1,166,214,215,-1,215,216,166,-1,166,216,217,-1,166,217,218,-1,218,219,166,-1,166,219,220,-1,166,220,221,-1,221,222,166,-1,166,222,223,-1,166,223,164,-1,210,166,208,-1,208,166,168,-1,208,168,224,-1,224,168,170,-1,224,170,225,-1,225,170,172,-1,225,172,226,-1,226,172,174,-1,226,174,227,-1,227,174,176,-1,227,176,228,-1,229,192,230,-1,230,192,194,-1,230,194,231,-1,231,194,196,-1,231,196,232,-1,232,196,198,-1,232,198,233,-1,233,198,200,-1,233,200,234,-1,234,200,202,-1,234,202,235,-1,235,202,204,-1,76,236,74,-1,74,236,237,-1,74,237,72,-1,72,237,238,-1,72,238,70,-1,70,238,239,-1,70,239,68,-1,68,239,240,-1,68,240,66,-1,66,240,241,-1,66,241,64,-1,64,241,242,-1,243,244,235,-1,235,244,245,-1,235,245,234,-1,234,245,246,-1,234,246,233,-1,233,246,247,-1,233,247,232,-1,232,247,248,-1,232,248,231,-1,231,248,249,-1,231,249,230,-1,230,249,250,-1,230,250,229,-1,229,250,251,-1,229,251,252,-1,252,251,253,-1,254,255,256,-1,256,255,257,-1,256,257,258,-1,258,257,259,-1,258,259,260,-1,260,259,261,-1,260,261,262,-1,262,261,263,-1,262,263,264,-1,264,263,265,-1,264,265,253,-1,253,265,252,-1,
        ]
    }
}
Shape{
    appearance Appearance {
        material  Material 	{
            diffuseColor 1.0 0.996078431372549 0.9686274509803922
            specularColor 0.5019607843137255 0.4980392156862745 0.48627450980392156
            ambientIntensity 0.9941
            transparency 0.0
            shininess 0.5
        }
    }
    geometry IndexedFaceSet {
        ccw TRUE
        solid FALSE
        coord DEF co Coordinate {
            point [
                -2.4705 -0.8268 0.2953, -2.4705 -0.8858 0.1969, -2.4705 -0.8858 0.2362, -2.4705 -0.3032 0.2657, -2.4705 -0.2973 0.2515, -2.4705 -0.3126 0.278, -2.4705 -0.2953 0.2362, -2.4705 -0.3248 0.2874, -2.4705 -0.2953 0.1969, -2.4705 -0.3543 0.2953, -2.4705 -0.339 0.2933, -2.4705 -0.8838 0.2515, -2.4705 -0.8779 0.2657, -2.4705 -0.8421 0.2933, -2.4705 -0.8685 0.278, -2.4705 -0.8563 0.2874
            ]
        }
        coordIndex [
            0,1,2,-1,3,4,5,-1,5,4,6,-1,5,6,7,-1,1,0,8,-1,8,0,9,-1,8,9,6,-1,6,9,10,-1,6,10,7,-1,2,11,0,-1,0,11,12,-1,0,12,13,-1,13,12,14,-1,13,14,15,-1,
        ]
    }
}
Shape{
    appearance Appearance {
        material  Material 	{
            diffuseColor 0.7529411764705882 0.7529411764705882 0.7529411764705882
            specularColor 0.3764705882352941 0.3764705882352941 0.3764705882352941
            ambientIntensity 0.7529
            transparency 0.0
            shininess 0.5
        }
    }
    geometry IndexedFaceSet {
        ccw TRUE
        solid FALSE
        coord DEF co Coordinate {
            point [
                -2.5886 -0.8268 0.2953, -2.4705 -0.8268 0.2953, -2.5886 -0.8421 0.2933, -2.4705 -0.8421 0.2933, -2.5886 -0.8563 0.2874, -2.4705 -0.8563 0.2874, -2.5886 -0.8685 0.278, -2.4705 -0.8685 0.278, -2.5886 -0.8779 0.2657, -2.4705 -0.8779 0.2657, -2.5886 -0.8838 0.2515, -2.4705 -0.8838 0.2515, -2.5886 -0.8858 0.2362, -2.4705 -0.8858 0.2362, -2.5886 -0.8858 0.2165, -2.4705 -0.8858 0.1969, -2.5919 -0.8858 0.1911, -2.4772 -0.8858 0.1459, -2.6018 -0.8858 0.1673, -2.4968 -0.8858 0.0984, -2.6174 -0.8858 0.1469, -2.5281 -0.8858 0.0577, -2.6378 -0.8858 0.1313, -2.5689 -0.8858 0.0264, -2.6615 -0.8858 0.1215, -2.6164 -0.8858 0.0067, -2.687 -0.8858 0.1181, -2.6673 -0.8858 0.0, -2.7264 -0.8858 0.1181, -2.7264 -0.8858 0.0, -2.7264 -0.2953 0.1181, -2.687 -0.2953 0.1181, -2.687 0.4331 0.1181, -3.2106 -1.25 0.1181, -3.2012 -1.2622 0.1181, -2.7681 -0.8685 0.1181, -2.7775 -0.8563 0.1181, -2.7834 -0.8421 0.1181, -3.2185 -1.2205 0.1181, -2.7854 -0.8268 0.1181, -3.2185 0.374 0.1181, -2.7854 -0.3543 0.1181, -2.7834 -0.339 0.1181, -3.2165 -1.2358 0.1181, -2.687 -1.2795 0.1181, -2.7417 -0.8838 0.1181, -3.1594 -1.2795 0.1181, -2.7559 -0.8779 0.1181, -3.1747 -1.2775 0.1181, -3.189 -1.2716 0.1181, -3.189 0.4252 0.1181, -3.2012 0.4158 0.1181, -2.7559 -0.3032 0.1181, -2.7417 -0.2973 0.1181, -3.1594 0.4331 0.1181, -3.1747 0.4311 0.1181, -2.7775 -0.3248 0.1181, -2.7681 -0.3126 0.1181, -3.2165 0.3893 0.1181, -3.2106 0.4035 0.1181, -3.2185 0.374 0.0, -3.2165 0.3893 0.0, -3.2106 0.4035 0.0, -3.2012 0.4158 0.0, -3.189 0.4252 0.0, -3.1747 0.4311 0.0, -3.1594 0.4331 0.0, -3.2185 -1.2205 0.0, -3.2165 -1.2358 0.0, -3.2106 -1.25 0.0, -3.2012 -1.2622 0.0, -3.189 -1.2716 0.0, -3.1747 -1.2775 0.0, -3.1594 -1.2795 0.0, -2.7681 -0.3126 0.0, -2.7775 -0.3248 0.0, -2.7834 -0.339 0.0, -2.7854 -0.3543 0.0, -2.7854 -0.8268 0.0, -2.7559 -0.3032 0.0, -2.7681 -0.8685 0.0, -2.6673 -1.2795 0.0, -2.7417 -0.8838 0.0, -2.7417 -0.2973 0.0, -2.7264 -0.2953 0.0, -2.6673 0.4331 0.0, -2.6673 -0.2953 0.0, -2.7559 -0.8779 0.0, -2.7834 -0.8421 0.0, -2.7775 -0.8563 0.0, -2.4705 0.374 0.1969, -2.4705 -0.2953 0.1969, -2.4772 -0.2953 0.1459, -2.4772 0.4331 0.1459, -2.4705 0.4331 0.1969, -2.4968 -0.2953 0.0984, -2.4968 0.4331 0.0984, -2.5281 -0.2953 0.0577, -2.5281 0.4331 0.0577, -2.5689 -0.2953 0.0264, -2.5689 0.4331 0.0264, -2.6164 -0.2953 0.0067, -2.6164 0.4331 0.0067, -2.4705 -1.2795 0.1969, -2.4772 -1.2795 0.1459, -2.4968 -1.2795 0.0984, -2.5281 -1.2795 0.0577, -2.5689 -1.2795 0.0264, -2.6164 -1.2795 0.0067, -2.4705 0.374 0.689, -2.4705 0.4331 2.6575, -2.4705 0.374 2.2047, -2.4705 0.374 2.6575, -2.4705 0.374 1.2795, -2.4705 -0.3543 1.2795, -2.4705 -0.3543 0.689, -2.4705 0.374 1.811, -2.4705 -0.3543 1.811, -2.4705 -0.3543 2.2047, -2.3327 -0.3543 0.689, -2.3327 0.374 0.689
            ]
        }
        coordIndex [
            0,1,2,-1,2,1,3,-1,2,3,4,-1,4,3,5,-1,4,5,6,-1,6,5,7,-1,6,7,8,-1,8,7,9,-1,8,9,10,-1,10,9,11,-1,10,11,12,-1,12,11,13,-1,12,13,14,-1,14,13,15,-1,14,15,16,-1,16,15,17,-1,16,17,18,-1,18,17,19,-1,18,19,20,-1,20,19,21,-1,20,21,22,-1,22,21,23,-1,22,23,24,-1,24,23,25,-1,24,25,26,-1,26,25,27,-1,26,27,28,-1,28,27,29,-1,30,31,32,-1,33,34,35,-1,36,37,38,-1,38,37,39,-1,38,39,40,-1,40,39,41,-1,40,41,42,-1,36,38,35,-1,35,38,43,-1,35,43,33,-1,26,28,44,-1,44,28,45,-1,44,45,46,-1,46,45,47,-1,46,47,48,-1,48,47,35,-1,48,35,49,-1,49,35,34,-1,50,51,52,-1,30,32,53,-1,53,32,54,-1,53,54,52,-1,52,54,55,-1,52,55,50,-1,42,56,40,-1,40,56,57,-1,40,57,58,-1,58,57,52,-1,58,52,59,-1,59,52,51,-1,60,40,58,-1,60,58,61,-1,61,58,59,-1,61,59,62,-1,62,59,51,-1,62,51,63,-1,63,51,50,-1,63,50,64,-1,64,50,55,-1,64,55,65,-1,65,55,54,-1,65,54,66,-1,38,40,67,-1,67,40,60,-1,38,67,68,-1,38,68,43,-1,43,68,69,-1,43,69,33,-1,33,69,70,-1,33,70,34,-1,34,70,71,-1,34,71,49,-1,49,71,72,-1,49,72,48,-1,48,72,73,-1,48,73,46,-1,60,74,75,-1,75,76,60,-1,60,76,77,-1,60,77,67,-1,67,77,78,-1,62,63,79,-1,71,70,80,-1,27,81,29,-1,29,81,82,-1,74,60,79,-1,79,60,61,-1,79,61,62,-1,63,64,79,-1,79,64,65,-1,79,65,83,-1,83,65,66,-1,83,66,84,-1,84,66,85,-1,84,85,86,-1,82,81,87,-1,87,81,73,-1,87,73,80,-1,80,73,72,-1,80,72,71,-1,78,88,67,-1,67,88,89,-1,67,89,68,-1,68,89,80,-1,68,80,69,-1,69,80,70,-1,90,91,92,-1,93,94,90,-1,90,92,93,-1,93,92,95,-1,93,95,96,-1,96,95,97,-1,96,97,98,-1,98,97,99,-1,98,99,100,-1,100,99,101,-1,100,101,102,-1,102,101,86,-1,102,86,85,-1,15,103,104,-1,15,104,17,-1,17,104,105,-1,17,105,19,-1,19,105,106,-1,19,106,21,-1,21,106,107,-1,21,107,23,-1,23,107,108,-1,23,108,25,-1,25,108,81,-1,25,81,27,-1,109,90,94,-1,94,110,111,-1,111,110,112,-1,113,114,115,-1,115,109,113,-1,113,109,94,-1,113,94,116,-1,116,94,111,-1,116,111,117,-1,117,111,118,-1,119,120,115,-1,115,120,109,-1,
        ]
    }
}
Shape{
    appearance Appearance {
        material  Material 	{
            diffuseColor 1.0 0.996078431372549 0.9686274509803922
            specularColor 0.5019607843137255 0.4980392156862745 0.48627450980392156
            ambientIntensity 0.9941
            transparency 0.0
            shininess 0.5
        }
    }
    geometry IndexedFaceSet {
        ccw TRUE
        solid FALSE
        coord DEF co Coordinate {
            point [
                -2.3327 -0.3543 1.2795, -2.3327 0.374 1.2795, -2.3327 -0.3543 0.689, -2.3327 0.374 0.689
            ]
        }
        coordIndex [
            0,1,2,-1,2,1,3,-1,
        ]
    }
}
Shape{
    appearance Appearance {
        material  Material 	{
            diffuseColor 0.7529411764705882 0.7529411764705882 0.7529411764705882
            specularColor 0.3764705882352941 0.3764705882352941 0.3764705882352941
            ambientIntensity 0.7529
            transparency 0.0
            shininess 0.5
        }
    }
    geometry IndexedFaceSet {
        ccw TRUE
        solid FALSE
        coord DEF co Coordinate {
            point [
                -2.4705 -0.3543 1.2795, -2.4705 0.374 1.2795, -2.3327 -0.3543 1.2795, -2.3327 0.374 1.2795
            ]
        }
        coordIndex [
            0,1,2,-1,2,1,3,-1,
        ]
    }
}
Shape{
    appearance Appearance {
        material  Material 	{
            diffuseColor 1.0 0.996078431372549 0.9686274509803922
            specularColor 0.5019607843137255 0.4980392156862745 0.48627450980392156
            ambientIntensity 0.9941
            transparency 0.0
            shininess 0.5
        }
    }
    geometry IndexedFaceSet {
        ccw TRUE
        solid FALSE
        coord DEF co Coordinate {
            point [
                2.3327 -0.3543 2.2047, 2.4705 -0.3543 2.2047, 2.3327 -0.3543 1.811, 2.4705 -0.3543 1.811, 2.3327 -0.3543 1.2795, 2.4705 -0.3543 1.2795, 2.3327 -0.3543 0.689, 2.4705 -0.3543 0.689, -2.4705 -0.3543 1.811, -2.4705 -0.3543 2.2047, -2.3327 -0.3543 1.811, -2.3327 -0.3543 2.2047, -2.4705 -0.3543 0.689, -2.4705 -0.3543 1.2795, -2.3327 -0.3543 0.689, -2.3327 -0.3543 1.2795, 2.3327 0.374 2.2047, 2.4705 0.374 2.2047, 2.3327 0.374 1.811, 2.4705 0.374 1.811, 2.3327 0.374 1.2795, 2.4705 0.374 1.2795, 2.3327 0.374 0.689, 2.4705 0.374 0.689
            ]
        }
        coordIndex [
            0,1,2,-1,2,1,3,-1,4,5,6,-1,6,5,7,-1,8,9,10,-1,10,9,11,-1,12,13,14,-1,14,13,15,-1,0,16,1,-1,1,16,17,-1,2,18,0,-1,0,18,16,-1,3,19,2,-1,2,19,18,-1,4,20,5,-1,5,20,21,-1,6,22,4,-1,4,22,20,-1,7,23,6,-1,6,23,22,-1,
        ]
    }
}
Shape{
    appearance Appearance {
        material  Material 	{
            diffuseColor 0.7529411764705882 0.7529411764705882 0.7529411764705882
            specularColor 0.3764705882352941 0.3764705882352941 0.3764705882352941
            ambientIntensity 0.7529
            transparency 0.0
            shininess 0.5
        }
    }
    geometry IndexedFaceSet {
        ccw TRUE
        solid FALSE
        coord DEF co Coordinate {
            point [
                -2.4705 -0.3543 2.2047, -2.4705 0.374 2.2047, -2.3327 -0.3543 2.2047, -2.3327 0.374 2.2047
            ]
        }
        coordIndex [
            0,1,2,-1,2,1,3,-1,
        ]
    }
}
Shape{
    appearance Appearance {
        material  Material 	{
            diffuseColor 1.0 0.996078431372549 0.9686274509803922
            specularColor 0.5019607843137255 0.4980392156862745 0.48627450980392156
            ambientIntensity 0.9941
            transparency 0.0
            shininess 0.5
        }
    }
    geometry IndexedFaceSet {
        ccw TRUE
        solid FALSE
        coord DEF co Coordinate {
            point [
                -2.3327 -0.3543 2.2047, -2.3327 0.374 2.2047, -2.3327 -0.3543 1.811, -2.3327 0.374 1.811
            ]
        }
        coordIndex [
            0,1,2,-1,2,1,3,-1,
        ]
    }
}
Shape{
    appearance Appearance {
        material  Material 	{
            diffuseColor 0.7529411764705882 0.7529411764705882 0.7529411764705882
            specularColor 0.3764705882352941 0.3764705882352941 0.3764705882352941
            ambientIntensity 0.7529
            transparency 0.0
            shininess 0.5
        }
    }
    geometry IndexedFaceSet {
        ccw TRUE
        solid FALSE
        coord DEF co Coordinate {
            point [
                -2.3327 -0.3543 1.811, -2.3327 0.374 1.811, -2.4705 -0.3543 1.811, -2.4705 0.374 1.811, -2.4705 0.374 2.6575, -2.4705 0.4331 2.6575, -2.4698 0.374 2.6626, -2.4698 0.4331 2.6626, -2.4678 0.374 2.6673, -2.4678 0.4331 2.6673, -2.4647 0.374 2.6714, -2.4647 0.4331 2.6714, -2.4606 0.374 2.6745, -2.4606 0.4331 2.6745, -2.4559 0.374 2.6765, -2.4559 0.4331 2.6765, -2.4508 0.374 2.6772, -2.4508 0.4331 2.6772, -2.7854 -0.8268 0.0, -2.7854 -0.8268 0.1181, -2.7834 -0.8421 0.0, -2.7834 -0.8421 0.1181, -2.7775 -0.8563 0.0, -2.7775 -0.8563 0.1181, -2.7681 -0.8685 0.0, -2.7681 -0.8685 0.1181, -2.7559 -0.8779 0.0, -2.7559 -0.8779 0.1181, -2.7417 -0.8838 0.0, -2.7417 -0.8838 0.1181, -2.7264 -0.8858 0.0, -2.7264 -0.8858 0.1181, -2.7854 -0.3543 0.1181, -2.7854 -0.3543 0.0, -2.7264 -0.2953 0.0, -2.7264 -0.2953 0.1181, -2.7417 -0.2973 0.0, -2.7417 -0.2973 0.1181, -2.7559 -0.3032 0.0, -2.7559 -0.3032 0.1181, -2.7681 -0.3126 0.0, -2.7681 -0.3126 0.1181, -2.7775 -0.3248 0.0, -2.7775 -0.3248 0.1181, -2.7834 -0.339 0.0, -2.7834 -0.339 0.1181, 2.5886 -0.2953 0.2362, 2.4705 -0.2953 0.2362, 2.5886 -0.2953 0.2165, 2.4705 -0.2953 0.1969, 2.5919 -0.2953 0.1911, 2.4772 -0.2953 0.1459, 2.6018 -0.2953 0.1673, 2.4968 -0.2953 0.0984, 2.6174 -0.2953 0.1469, 2.5281 -0.2953 0.0577, 2.6378 -0.2953 0.1313, 2.5689 -0.2953 0.0264, 2.6615 -0.2953 0.1215, 2.6164 -0.2953 0.0067, 2.687 -0.2953 0.1181, 2.6673 -0.2953 0.0, 2.7264 -0.2953 0.1181, 2.7264 -0.2953 0.0, 2.5886 -0.3543 0.2953, 2.4705 -0.3543 0.2953, 2.5886 -0.339 0.2933, 2.4705 -0.339 0.2933, 2.5886 -0.3248 0.2874, 2.4705 -0.3248 0.2874, 2.5886 -0.3126 0.278, 2.4705 -0.3126 0.278, 2.5886 -0.3032 0.2657, 2.4705 -0.3032 0.2657, 2.5886 -0.2973 0.2515, 2.4705 -0.2973 0.2515
            ]
        }
        coordIndex [
            0,1,2,-1,2,1,3,-1,4,5,6,-1,6,5,7,-1,6,7,8,-1,8,7,9,-1,8,9,10,-1,10,9,11,-1,10,11,12,-1,12,11,13,-1,12,13,14,-1,14,13,15,-1,14,15,16,-1,16,15,17,-1,18,19,20,-1,20,19,21,-1,20,21,22,-1,22,21,23,-1,22,23,24,-1,24,23,25,-1,24,25,26,-1,26,25,27,-1,26,27,28,-1,28,27,29,-1,28,29,30,-1,30,29,31,-1,32,19,33,-1,33,19,18,-1,34,35,36,-1,36,35,37,-1,36,37,38,-1,38,37,39,-1,38,39,40,-1,40,39,41,-1,40,41,42,-1,42,41,43,-1,42,43,44,-1,44,43,45,-1,44,45,33,-1,33,45,32,-1,46,47,48,-1,48,47,49,-1,48,49,50,-1,50,49,51,-1,50,51,52,-1,52,51,53,-1,52,53,54,-1,54,53,55,-1,54,55,56,-1,56,55,57,-1,56,57,58,-1,58,57,59,-1,58,59,60,-1,60,59,61,-1,60,61,62,-1,62,61,63,-1,64,65,66,-1,66,65,67,-1,66,67,68,-1,68,67,69,-1,68,69,70,-1,70,69,71,-1,70,71,72,-1,72,71,73,-1,72,73,74,-1,74,73,75,-1,74,75,46,-1,46,75,47,-1,
        ]
    }
}
Shape{
    appearance Appearance {
        material  Material 	{
            diffuseColor 1.0 0.996078431372549 0.9686274509803922
            specularColor 0.5019607843137255 0.4980392156862745 0.48627450980392156
            ambientIntensity 0.9941
            transparency 0.0
            shininess 0.5
        }
    }
    geometry IndexedFaceSet {
        ccw TRUE
        solid FALSE
        coord DEF co Coordinate {
            point [
                2.4705 -0.8838 0.2515, 2.4705 -0.8858 0.2362, 2.4705 -0.8268 0.2953, 2.4705 -0.8858 0.1969, 2.4705 -0.3543 0.2953, 2.4705 -0.3248 0.2874, 2.4705 -0.2953 0.2362, 2.4705 -0.3126 0.278, 2.4705 -0.2973 0.2515, 2.4705 -0.3032 0.2657, 2.4705 -0.8421 0.2933, 2.4705 -0.8563 0.2874, 2.4705 -0.8685 0.278, 2.4705 -0.2953 0.1969, 2.4705 -0.339 0.2933, 2.4705 -0.8779 0.2657
            ]
        }
        coordIndex [
            0,1,2,-1,2,1,3,-1,2,3,4,-1,5,6,7,-1,7,6,8,-1,7,8,9,-1,10,11,12,-1,3,13,4,-1,4,13,6,-1,4,6,14,-1,14,6,5,-1,10,12,2,-1,2,12,15,-1,2,15,0,-1,
        ]
    }
}
Shape{
    appearance Appearance {
        material  Material 	{
            diffuseColor 0.7529411764705882 0.7529411764705882 0.7529411764705882
            specularColor 0.3764705882352941 0.3764705882352941 0.3764705882352941
            ambientIntensity 0.7529
            transparency 0.0
            shininess 0.5
        }
    }
    geometry IndexedFaceSet {
        ccw TRUE
        solid FALSE
        coord DEF co Coordinate {
            point [
                2.7854 -0.3543 0.0, 2.7854 -0.3543 0.1181, 2.7834 -0.339 0.0, 2.7834 -0.339 0.1181, 2.7775 -0.3248 0.0, 2.7775 -0.3248 0.1181, 2.7681 -0.3126 0.0, 2.7681 -0.3126 0.1181, 2.7559 -0.3032 0.0, 2.7559 -0.3032 0.1181, 2.7417 -0.2973 0.0, 2.7417 -0.2973 0.1181, 2.7264 -0.2953 0.0, 2.7264 -0.2953 0.1181, 2.7854 -0.8268 0.0, 2.7854 -0.8268 0.1181, 2.7264 -0.8858 0.0, 2.7264 -0.8858 0.1181, 2.7417 -0.8838 0.0, 2.7417 -0.8838 0.1181, 2.7559 -0.8779 0.0, 2.7559 -0.8779 0.1181, 2.7681 -0.8685 0.0, 2.7681 -0.8685 0.1181, 2.7775 -0.8563 0.0, 2.7775 -0.8563 0.1181, 2.7834 -0.8421 0.0, 2.7834 -0.8421 0.1181, 3.2185 -1.2205 0.0, 3.2185 -1.2205 0.1181, 3.2165 -1.2358 0.1181, 3.2165 -1.2358 0.0, 3.2106 -1.25 0.1181, 3.2106 -1.25 0.0, 3.2012 -1.2622 0.1181, 3.2012 -1.2622 0.0, 3.189 -1.2716 0.1181, 3.189 -1.2716 0.0, 3.1747 -1.2775 0.1181, 3.1747 -1.2775 0.0, 3.1594 -1.2795 0.1181, 3.1594 -1.2795 0.0, 3.2185 0.374 0.0, 3.2185 0.374 0.1181
            ]
        }
        coordIndex [
            0,1,2,-1,2,1,3,-1,2,3,4,-1,4,3,5,-1,4,5,6,-1,6,5,7,-1,6,7,8,-1,8,7,9,-1,8,9,10,-1,10,9,11,-1,10,11,12,-1,12,11,13,-1,0,14,1,-1,1,14,15,-1,16,17,18,-1,18,17,19,-1,18,19,20,-1,20,19,21,-1,20,21,22,-1,22,21,23,-1,22,23,24,-1,24,23,25,-1,24,25,26,-1,26,25,27,-1,26,27,14,-1,14,27,15,-1,28,29,30,-1,28,30,31,-1,31,30,32,-1,31,32,33,-1,33,32,34,-1,33,34,35,-1,35,34,36,-1,35,36,37,-1,37,36,38,-1,37,38,39,-1,39,38,40,-1,39,40,41,-1,28,42,29,-1,29,42,43,-1,
        ]
    }
}
Shape{
    appearance Appearance {
        material  Material 	{
            diffuseColor 1.0 0.996078431372549 0.9686274509803922
            specularColor 0.5019607843137255 0.4980392156862745 0.48627450980392156
            ambientIntensity 0.9941
            transparency 0.0
            shininess 0.5
        }
    }
    geometry IndexedFaceSet {
        ccw TRUE
        solid FALSE
        coord DEF co Coordinate {
            point [
                2.4705 -1.5039 0.1969, 2.4705 -1.2795 0.1969, 2.4705 -1.5039 0.5447, 2.4705 -1.2795 0.628, 2.4705 -1.5039 0.628, 2.4705 -1.3917 0.7402, 2.4705 -1.3627 0.7363, 2.4705 -1.3356 0.7251, 2.4705 -1.4208 0.7363, 2.4705 -1.4478 0.7251, 2.4705 -1.4711 0.7073, 2.4705 -1.3124 0.7073, 2.4705 -1.2833 0.657, 2.4705 -1.2946 0.6841, 2.4705 -1.4889 0.6841, 2.4705 -1.5001 0.657
            ]
        }
        coordIndex [
            0,1,2,-1,2,1,3,-1,2,3,4,-1,5,3,6,-1,6,3,7,-1,5,8,3,-1,3,8,9,-1,3,9,10,-1,7,3,11,-1,11,3,12,-1,11,12,13,-1,10,14,3,-1,3,14,15,-1,3,15,4,-1,
        ]
    }
}
Shape{
    appearance Appearance {
        material  Material 	{
            diffuseColor 0.7529411764705882 0.7529411764705882 0.7529411764705882
            specularColor 0.3764705882352941 0.3764705882352941 0.3764705882352941
            ambientIntensity 0.7529
            transparency 0.0
            shininess 0.5
        }
    }
    geometry IndexedFaceSet {
        ccw TRUE
        solid FALSE
        coord DEF co Coordinate {
            point [
                2.4865 -1.5039 0.548, 2.4705 -1.5039 0.5447, 2.4705 -1.5039 0.628, 2.5779 -1.5039 0.628, 2.5701 -1.5039 0.6122, 2.5482 -1.5039 0.5837, 2.5197 -1.5039 0.5618, -2.5835 -1.5021 0.6455, -2.5862 -1.4998 0.6569, -2.4705 -1.5001 0.657, -2.587 -1.4992 0.6602, -2.4705 -1.4889 0.6841, -2.5819 -1.5034 0.6386, -2.4705 -1.5039 0.628, -2.5779 -1.5039 0.628, -2.5886 -1.2795 0.628, -2.4705 -1.2795 0.628, -2.5886 -1.2833 0.657, -2.4705 -1.2833 0.657, -2.5886 -1.2946 0.6841, -2.4705 -1.2946 0.6841, -2.5886 -1.3124 0.7073, -2.4705 -1.3124 0.7073, -2.5886 -1.3356 0.7251, -2.4705 -1.3356 0.7251, -2.5886 -1.3627 0.7363, -2.4705 -1.3627 0.7363, -2.5886 -1.3917 0.7402, -2.4705 -1.3917 0.7402, -2.5886 -1.4208 0.7363, -2.4705 -1.4208 0.7363, -2.5886 -1.4478 0.7251, -2.4705 -1.4478 0.7251, -2.5886 -1.4711 0.7073, -2.4705 -1.4711 0.7073, -2.5886 -1.4889 0.6841, -2.5886 -1.4905 0.6811
            ]
        }
        coordIndex [
            0,1,2,-1,2,3,4,-1,4,5,2,-1,2,5,6,-1,2,6,0,-1,7,8,9,-1,9,8,10,-1,9,10,11,-1,7,9,12,-1,12,9,13,-1,12,13,14,-1,15,16,17,-1,17,16,18,-1,17,18,19,-1,19,18,20,-1,19,20,21,-1,21,20,22,-1,21,22,23,-1,23,22,24,-1,23,24,25,-1,25,24,26,-1,25,26,27,-1,27,26,28,-1,27,28,29,-1,29,28,30,-1,29,30,31,-1,31,30,32,-1,31,32,33,-1,33,32,34,-1,33,34,35,-1,35,34,11,-1,35,11,36,-1,36,11,10,-1,
        ]
    }
}
Shape{
    appearance Appearance {
        material  Material 	{
            diffuseColor 1.0 0.996078431372549 0.9686274509803922
            specularColor 0.5019607843137255 0.4980392156862745 0.48627450980392156
            ambientIntensity 0.9941
            transparency 0.0
            shininess 0.5
        }
    }
    geometry IndexedFaceSet {
        ccw TRUE
        solid FALSE
        coord DEF co Coordinate {
            point [
                1.6535 -2.6772 0.1969, 1.6535 -2.6772 0.0394, 1.9685 -2.6772 0.0394, 2.0079 -2.6772 0.1969, 2.0079 -2.6772 0.3465, 1.9685 -2.6772 0.1969, -2.0079 -2.6772 0.3465, -2.0079 -2.6772 0.1969, -1.9685 -2.6772 0.1969, -1.9685 -2.6772 0.0394, -1.6535 -2.6772 0.0394, -1.6535 -2.6772 0.1969
            ]
        }
        coordIndex [
            0,1,2,-1,3,4,5,-1,5,4,6,-1,6,7,8,-1,9,10,8,-1,8,10,11,-1,8,11,6,-1,6,11,0,-1,6,0,5,-1,5,0,2,-1,
        ]
    }
}
Shape{
    appearance Appearance {
        material  Material 	{
            diffuseColor 0.7529411764705882 0.7529411764705882 0.7529411764705882
            specularColor 0.3764705882352941 0.3764705882352941 0.3764705882352941
            ambientIntensity 0.7529
            transparency 0.0
            shininess 0.5
        }
    }
    geometry IndexedFaceSet {
        ccw TRUE
        solid FALSE
        coord DEF co Coordinate {
            point [
                -1.6535 -2.6772 0.0394, -1.6535 0.374 0.0394, -1.6535 -2.6772 0.1969, -1.6535 0.374 0.1969
            ]
        }
        coordIndex [
            0,1,2,-1,2,1,3,-1,
        ]
    }
}
Shape{
    appearance Appearance {
        material  Material 	{
            diffuseColor 1.0 0.996078431372549 0.9686274509803922
            specularColor 0.5019607843137255 0.4980392156862745 0.48627450980392156
            ambientIntensity 0.9941
            transparency 0.0
            shininess 0.5
        }
    }
    geometry IndexedFaceSet {
        ccw TRUE
        solid FALSE
        coord DEF co Coordinate {
            point [
                1.6535 -2.6772 0.0394, 1.6535 0.374 0.0394, 1.9685 -2.6772 0.0394, 1.9685 0.374 0.0394, -1.9685 -2.6772 0.0394, -1.9685 0.374 0.0394, -1.6535 -2.6772 0.0394, -1.6535 0.374 0.0394, 1.6535 -2.6772 0.1969, 1.6535 0.374 0.1969, 1.9685 0.374 0.1969, 1.9685 -2.6772 0.1969, -1.9685 -2.6772 0.1969, -1.9685 0.374 0.1969
            ]
        }
        coordIndex [
            0,1,2,-1,2,1,3,-1,4,5,6,-1,6,5,7,-1,8,9,0,-1,0,9,1,-1,3,10,2,-1,2,10,11,-1,4,12,5,-1,5,12,13,-1,
        ]
    }
}
Shape{
    appearance Appearance {
        material  Material 	{
            diffuseColor 0.7529411764705882 0.7529411764705882 0.7529411764705882
            specularColor 0.3764705882352941 0.3764705882352941 0.3764705882352941
            ambientIntensity 0.7529
            transparency 0.0
            shininess 0.5
        }
    }
    geometry IndexedFaceSet {
        ccw TRUE
        solid FALSE
        coord DEF co Coordinate {
            point [
                -0.0118 -4.9213 0.5433, -0.0118 -4.5018 0.5433, -0.0118 -4.9213 0.6614, -0.0118 -4.5018 0.6614, -0.0134 -4.4884 0.5433, -0.0134 -4.4884 0.6614, -0.0179 -4.4757 0.5433, -0.0179 -4.4757 0.6614, -0.0252 -4.4643 0.5433, -0.0252 -4.4643 0.6614, -0.0349 -4.4549 0.5433, -0.0349 -4.4549 0.6614, -0.0465 -4.448 0.5433, -0.0465 -4.448 0.6614, -0.0593 -4.4439 0.5433, -0.0593 -4.4439 0.6614, -0.0728 -4.4428 0.5433, -0.0728 -4.4428 0.6614, -0.0862 -4.4448 0.5433, -0.0862 -4.4448 0.6614, -0.1195 -4.4537 0.5433, -0.1195 -4.4537 0.6614, -0.2087 -4.3852 0.5433, -0.2087 -4.3852 0.6614, -0.2068 -4.4013 0.5433, -0.2068 -4.4013 0.6614, -0.2014 -4.4166 0.5433, -0.2014 -4.4166 0.6614, -0.1926 -4.4302 0.5433, -0.1926 -4.4302 0.6614, -0.1809 -4.4415 0.5433, -0.1809 -4.4415 0.6614, -0.167 -4.4498 0.5433, -0.167 -4.4498 0.6614, -0.1516 -4.4547 0.5433, -0.1516 -4.4547 0.6614, -0.1355 -4.4561 0.5433, -0.1355 -4.4561 0.6614, -0.2087 -4.1455 0.6614, -0.2087 -4.1455 0.5433, -0.1195 -4.077 0.5433, -0.1195 -4.077 0.6614, -0.1355 -4.0746 0.5433, -0.1355 -4.0746 0.6614, -0.1516 -4.0759 0.5433, -0.1516 -4.0759 0.6614, -0.167 -4.0809 0.5433, -0.167 -4.0809 0.6614, -0.1809 -4.0892 0.5433, -0.1809 -4.0892 0.6614, -0.1926 -4.1005 0.5433, -0.1926 -4.1005 0.6614, -0.2014 -4.1141 0.5433, -0.2014 -4.1141 0.6614, -0.2068 -4.1294 0.5433, -0.2068 -4.1294 0.6614, 0.1107 -4.1387 0.6614, 0.1107 -4.1387 0.5433, 0.1241 -4.1407 0.5433, 0.1241 -4.1407 0.6614, 0.1375 -4.1395 0.5433, 0.1375 -4.1395 0.6614, 0.1504 -4.1354 0.5433, 0.1504 -4.1354 0.6614, 0.1619 -4.1285 0.5433, 0.1619 -4.1285 0.6614, 0.1716 -4.1191 0.5433, 0.1716 -4.1191 0.6614, 0.1789 -4.1077 0.5433, 0.1789 -4.1077 0.6614, 0.1835 -4.095 0.5433, 0.1835 -4.095 0.6614, 0.185 -4.0816 0.5433, 0.185 -4.0816 0.6614, 0.185 -3.6758 0.6614, 0.185 -3.6758 0.5433, 0.183 -3.6605 0.5433, 0.183 -3.6605 0.6614, 0.1771 -3.6463 0.5433, 0.1771 -3.6463 0.6614, 0.1677 -3.634 0.5433, 0.1677 -3.634 0.6614, 0.1555 -3.6246 0.5433, 0.1555 -3.6246 0.6614, 0.1413 -3.6187 0.5433, 0.1413 -3.6187 0.6614, 0.126 -3.6167 0.5433, 0.126 -3.6167 0.6614, 0.1107 -3.6187 0.5433, 0.1107 -3.6187 0.6614, -0.1195 -3.6804 0.5433, -0.1195 -3.6804 0.6614, -0.2087 -3.612 0.5433, -0.2087 -3.612 0.6614, -0.2068 -3.6281 0.5433, -0.2068 -3.6281 0.6614, -0.2014 -3.6433 0.5433, -0.2014 -3.6433 0.6614, -0.1926 -3.6569 0.5433, -0.1926 -3.6569 0.6614, -0.1809 -3.6682 0.5433, -0.1809 -3.6682 0.6614, -0.167 -3.6765 0.5433, -0.167 -3.6765 0.6614, -0.1516 -3.6815 0.5433, -0.1516 -3.6815 0.6614, -0.1355 -3.6828 0.5433, -0.1355 -3.6828 0.6614, -0.2087 -2.8604 0.6614, -0.2087 -2.8604 0.5433, -0.1195 -2.7919 0.5433, -0.1195 -2.7919 0.6614, -0.1355 -2.7895 0.5433, -0.1355 -2.7895 0.6614, -0.1516 -2.7909 0.5433, -0.1516 -2.7909 0.6614, -0.167 -2.7958 0.5433, -0.167 -2.7958 0.6614, -0.1809 -2.8042 0.5433, -0.1809 -2.8042 0.6614, -0.1926 -2.8154 0.5433, -0.1926 -2.8154 0.6614, -0.2014 -2.829 0.5433, -0.2014 -2.829 0.6614, -0.2068 -2.8443 0.5433, -0.2068 -2.8443 0.6614, 0.1107 -2.8536 0.6614, 0.1107 -2.8536 0.5433, 0.126 -2.8556 0.5433, 0.126 -2.8556 0.6614, 0.1413 -2.8536 0.5433, 0.1413 -2.8536 0.6614, 0.1555 -2.8477 0.5433, 0.1555 -2.8477 0.6614, 0.1677 -2.8383 0.5433, 0.1677 -2.8383 0.6614, 0.1771 -2.8261 0.5433, 0.1771 -2.8261 0.6614, 0.183 -2.8118 0.5433, 0.183 -2.8118 0.6614, 0.185 -2.7965 0.5433, 0.185 -2.7965 0.6614, 0.185 -2.6772 0.6614, 0.185 -2.6772 0.5433, 0.1969 -2.6772 0.6614, 0.1969 -2.6772 0.5433, 0.1969 -2.7965 0.5433, 0.1969 -2.7965 0.6614, 0.1076 -2.865 0.5433, 0.1076 -2.865 0.6614, 0.126 -2.8674 0.5433, 0.126 -2.8674 0.6614, 0.1443 -2.865 0.5433, 0.1443 -2.865 0.6614, 0.1614 -2.8579 0.5433, 0.1614 -2.8579 0.6614, 0.1761 -2.8467 0.5433, 0.1761 -2.8467 0.6614, 0.1874 -2.832 0.5433, 0.1874 -2.832 0.6614, 0.1944 -2.8149 0.5433, 0.1944 -2.8149 0.6614, -0.1225 -2.8033 0.6614, -0.1225 -2.8033 0.5433, -0.1359 -2.8013 0.5433, -0.1359 -2.8013 0.6614, -0.1493 -2.8025 0.5433, -0.1493 -2.8025 0.6614, -0.1622 -2.8066 0.5433, -0.1622 -2.8066 0.6614, -0.1737 -2.8135 0.5433, -0.1737 -2.8135 0.6614, -0.1834 -2.8229 0.5433, -0.1834 -2.8229 0.6614, -0.1908 -2.8343 0.5433, -0.1908 -2.8343 0.6614, -0.1953 -2.847 0.5433, -0.1953 -2.847 0.6614, -0.1969 -2.8604 0.5433, -0.1969 -2.8604 0.6614, -0.1969 -3.612 0.5433, -0.1969 -3.612 0.6614, -0.1953 -3.6254 0.5433, -0.1953 -3.6254 0.6614, -0.1908 -3.6381 0.5433, -0.1908 -3.6381 0.6614, -0.1834 -3.6494 0.5433, -0.1834 -3.6494 0.6614, -0.1737 -3.6588 0.5433, -0.1737 -3.6588 0.6614, -0.1622 -3.6658 0.5433, -0.1622 -3.6658 0.6614, -0.1493 -3.6699 0.5433, -0.1493 -3.6699 0.6614, -0.1359 -3.671 0.5433, -0.1359 -3.671 0.6614, -0.1225 -3.669 0.5433, -0.1225 -3.669 0.6614, 0.1076 -3.6073 0.5433, 0.1076 -3.6073 0.6614, 0.1969 -3.6758 0.5433, 0.1969 -3.6758 0.6614, 0.195 -3.6597 0.5433, 0.195 -3.6597 0.6614, 0.1895 -3.6444 0.5433, 0.1895 -3.6444 0.6614, 0.1808 -3.6308 0.5433, 0.1808 -3.6308 0.6614, 0.1691 -3.6196 0.5433, 0.1691 -3.6196 0.6614, 0.1552 -3.6112 0.5433, 0.1552 -3.6112 0.6614, 0.1398 -3.6063 0.5433, 0.1398 -3.6063 0.6614, 0.1237 -3.605 0.5433, 0.1237 -3.605 0.6614, 0.1969 -4.0816 0.5433, 0.1969 -4.0816 0.6614, 0.1076 -4.1501 0.5433, 0.1076 -4.1501 0.6614, 0.1237 -4.1525 0.5433, 0.1237 -4.1525 0.6614, 0.1398 -4.1511 0.5433, 0.1398 -4.1511 0.6614, 0.1552 -4.1462 0.5433, 0.1552 -4.1462 0.6614, 0.1691 -4.1378 0.5433, 0.1691 -4.1378 0.6614, 0.1808 -4.1266 0.5433, 0.1808 -4.1266 0.6614, 0.1895 -4.113 0.5433, 0.1895 -4.113 0.6614, 0.195 -4.0977 0.5433, 0.195 -4.0977 0.6614, -0.1225 -4.0884 0.6614, -0.1225 -4.0884 0.5433, -0.1359 -4.0864 0.5433, -0.1359 -4.0864 0.6614, -0.1493 -4.0875 0.5433, -0.1493 -4.0875 0.6614, -0.1622 -4.0917 0.5433, -0.1622 -4.0917 0.6614, -0.1737 -4.0986 0.5433, -0.1737 -4.0986 0.6614, -0.1834 -4.108 0.5433, -0.1834 -4.108 0.6614, -0.1908 -4.1193 0.5433, -0.1908 -4.1193 0.6614, -0.1953 -4.132 0.5433, -0.1953 -4.132 0.6614, -0.1969 -4.1455 0.5433, -0.1969 -4.1455 0.6614, -0.1969 -4.3852 0.5433, -0.1969 -4.3852 0.6614, -0.1953 -4.3986 0.5433, -0.1953 -4.3986 0.6614, -0.1908 -4.4113 0.5433, -0.1908 -4.4113 0.6614, -0.1834 -4.4227 0.5433, -0.1834 -4.4227 0.6614, -0.1737 -4.4321 0.5433, -0.1737 -4.4321 0.6614, -0.1622 -4.439 0.5433, -0.1622 -4.439 0.6614, -0.1493 -4.4431 0.5433, -0.1493 -4.4431 0.6614, -0.1359 -4.4443 0.5433, -0.1359 -4.4443 0.6614, -0.1225 -4.4423 0.5433, -0.1225 -4.4423 0.6614, -0.0892 -4.4333 0.5433, -0.0892 -4.4333 0.6614, 0.0 -4.5018 0.5433, 0.0 -4.5018 0.6614, -0.0019 -4.4857 0.5433, -0.0019 -4.4857 0.6614, -0.0073 -4.4705 0.5433, -0.0073 -4.4705 0.6614, -0.0161 -4.4568 0.5433, -0.0161 -4.4568 0.6614, -0.0277 -4.4456 0.5433, -0.0277 -4.4456 0.6614, -0.0416 -4.4372 0.5433, -0.0416 -4.4372 0.6614, -0.057 -4.4323 0.5433, -0.057 -4.4323 0.6614, -0.0732 -4.431 0.5433, -0.0732 -4.431 0.6614, 0.0 -4.9213 0.6614, 0.0 -4.9213 0.5433, 1.0416 -4.1732 0.5433, 1.3206 -4.1732 0.5433, 1.0469 -4.234 0.6446, 1.3153 -4.234 0.6446, 2.4705 -4.9213 0.6811, 2.4705 -1.5748 0.6811, 2.4698 -4.9213 0.676, 2.4698 -1.5748 0.676, 2.4678 -4.9213 0.6713, 2.4678 -1.5748 0.6713, 2.4647 -4.9213 0.6672, 2.4647 -1.5748 0.6672, 2.4606 -4.9213 0.6641, 2.4606 -1.5748 0.6641, 2.4559 -4.9213 0.6621, 2.4559 -1.5748 0.6621, 2.4508 -4.9213 0.6614, 2.4508 -1.5748 0.6614, -2.4705 -4.9213 2.6575, -2.4705 -1.5748 2.6575, -2.4698 -4.9213 2.6626, -2.4698 -1.5748 2.6626, -2.4678 -4.9213 2.6673, -2.4678 -1.5748 2.6673, -2.4647 -4.9213 2.6714, -2.4647 -1.5748 2.6714, -2.4606 -4.9213 2.6745, -2.4606 -1.5748 2.6745, -2.4559 -4.9213 2.6765, -2.4559 -1.5748 2.6765, -2.4508 -4.9213 2.6772, -2.4508 -1.5748 2.6772
            ]
        }
        coordIndex [
            0,1,2,-1,2,1,3,-1,3,1,4,-1,3,4,5,-1,5,4,6,-1,5,6,7,-1,7,6,8,-1,7,8,9,-1,9,8,10,-1,9,10,11,-1,11,10,12,-1,11,12,13,-1,13,12,14,-1,13,14,15,-1,15,14,16,-1,15,16,17,-1,17,16,18,-1,17,18,19,-1,18,20,19,-1,19,20,21,-1,22,23,24,-1,24,23,25,-1,24,25,26,-1,26,25,27,-1,26,27,28,-1,28,27,29,-1,28,29,30,-1,30,29,31,-1,30,31,32,-1,32,31,33,-1,32,33,34,-1,34,33,35,-1,34,35,36,-1,36,35,37,-1,36,37,20,-1,20,37,21,-1,38,23,39,-1,39,23,22,-1,40,41,42,-1,42,41,43,-1,42,43,44,-1,44,43,45,-1,44,45,46,-1,46,45,47,-1,46,47,48,-1,48,47,49,-1,48,49,50,-1,50,49,51,-1,50,51,52,-1,52,51,53,-1,52,53,54,-1,54,53,55,-1,54,55,39,-1,39,55,38,-1,56,41,57,-1,57,41,40,-1,56,57,58,-1,56,58,59,-1,59,58,60,-1,59,60,61,-1,61,60,62,-1,61,62,63,-1,63,62,64,-1,63,64,65,-1,65,64,66,-1,65,66,67,-1,67,66,68,-1,67,68,69,-1,69,68,70,-1,69,70,71,-1,71,70,72,-1,71,72,73,-1,74,73,75,-1,75,73,72,-1,74,75,76,-1,74,76,77,-1,77,76,78,-1,77,78,79,-1,79,78,80,-1,79,80,81,-1,81,80,82,-1,81,82,83,-1,83,82,84,-1,83,84,85,-1,85,84,86,-1,85,86,87,-1,87,86,88,-1,87,88,89,-1,88,90,89,-1,89,90,91,-1,92,93,94,-1,94,93,95,-1,94,95,96,-1,96,95,97,-1,96,97,98,-1,98,97,99,-1,98,99,100,-1,100,99,101,-1,100,101,102,-1,102,101,103,-1,102,103,104,-1,104,103,105,-1,104,105,106,-1,106,105,107,-1,106,107,90,-1,90,107,91,-1,108,93,109,-1,109,93,92,-1,110,111,112,-1,112,111,113,-1,112,113,114,-1,114,113,115,-1,114,115,116,-1,116,115,117,-1,116,117,118,-1,118,117,119,-1,118,119,120,-1,120,119,121,-1,120,121,122,-1,122,121,123,-1,122,123,124,-1,124,123,125,-1,124,125,109,-1,109,125,108,-1,126,111,127,-1,127,111,110,-1,126,127,128,-1,126,128,129,-1,129,128,130,-1,129,130,131,-1,131,130,132,-1,131,132,133,-1,133,132,134,-1,133,134,135,-1,135,134,136,-1,135,136,137,-1,137,136,138,-1,137,138,139,-1,139,138,140,-1,139,140,141,-1,142,141,143,-1,143,141,140,-1,142,143,144,-1,144,143,145,-1,145,146,144,-1,144,146,147,-1,148,149,150,-1,150,149,151,-1,150,151,152,-1,152,151,153,-1,152,153,154,-1,154,153,155,-1,154,155,156,-1,156,155,157,-1,156,157,158,-1,158,157,159,-1,158,159,160,-1,160,159,161,-1,160,161,146,-1,146,161,147,-1,162,149,163,-1,163,149,148,-1,162,163,164,-1,162,164,165,-1,165,164,166,-1,165,166,167,-1,167,166,168,-1,167,168,169,-1,169,168,170,-1,169,170,171,-1,171,170,172,-1,171,172,173,-1,173,172,174,-1,173,174,175,-1,175,174,176,-1,175,176,177,-1,177,176,178,-1,177,178,179,-1,178,180,179,-1,179,180,181,-1,181,180,182,-1,181,182,183,-1,183,182,184,-1,183,184,185,-1,185,184,186,-1,185,186,187,-1,187,186,188,-1,187,188,189,-1,189,188,190,-1,189,190,191,-1,191,190,192,-1,191,192,193,-1,193,192,194,-1,193,194,195,-1,195,194,196,-1,195,196,197,-1,196,198,197,-1,197,198,199,-1,200,201,202,-1,202,201,203,-1,202,203,204,-1,204,203,205,-1,204,205,206,-1,206,205,207,-1,206,207,208,-1,208,207,209,-1,208,209,210,-1,210,209,211,-1,210,211,212,-1,212,211,213,-1,212,213,214,-1,214,213,215,-1,214,215,198,-1,198,215,199,-1,200,216,201,-1,201,216,217,-1,218,219,220,-1,220,219,221,-1,220,221,222,-1,222,221,223,-1,222,223,224,-1,224,223,225,-1,224,225,226,-1,226,225,227,-1,226,227,228,-1,228,227,229,-1,228,229,230,-1,230,229,231,-1,230,231,232,-1,232,231,233,-1,232,233,216,-1,216,233,217,-1,234,219,235,-1,235,219,218,-1,234,235,236,-1,234,236,237,-1,237,236,238,-1,237,238,239,-1,239,238,240,-1,239,240,241,-1,241,240,242,-1,241,242,243,-1,243,242,244,-1,243,244,245,-1,245,244,246,-1,245,246,247,-1,247,246,248,-1,247,248,249,-1,249,248,250,-1,249,250,251,-1,250,252,251,-1,251,252,253,-1,253,252,254,-1,253,254,255,-1,255,254,256,-1,255,256,257,-1,257,256,258,-1,257,258,259,-1,259,258,260,-1,259,260,261,-1,261,260,262,-1,261,262,263,-1,263,262,264,-1,263,264,265,-1,265,264,266,-1,265,266,267,-1,267,266,268,-1,267,268,269,-1,268,270,269,-1,269,270,271,-1,272,273,274,-1,274,273,275,-1,274,275,276,-1,276,275,277,-1,276,277,278,-1,278,277,279,-1,278,279,280,-1,280,279,281,-1,280,281,282,-1,282,281,283,-1,282,283,284,-1,284,283,285,-1,284,285,286,-1,286,285,287,-1,286,287,270,-1,270,287,271,-1,288,273,289,-1,289,273,272,-1,290,291,292,-1,292,291,293,-1,294,295,296,-1,296,295,297,-1,296,297,298,-1,298,297,299,-1,298,299,300,-1,300,299,301,-1,300,301,302,-1,302,301,303,-1,302,303,304,-1,304,303,305,-1,304,305,306,-1,306,305,307,-1,308,309,310,-1,310,309,311,-1,310,311,312,-1,312,311,313,-1,312,313,314,-1,314,313,315,-1,314,315,316,-1,316,315,317,-1,316,317,318,-1,318,317,319,-1,318,319,320,-1,320,319,321,-1,
        ]
    }
}
Shape{
    appearance Appearance {
        material  Material 	{
            diffuseColor 1.0 0.996078431372549 0.9686274509803922
            specularColor 0.5019607843137255 0.4980392156862745 0.48627450980392156
            ambientIntensity 0.9941
            transparency 0.0
            shininess 0.5
        }
    }
    geometry IndexedFaceSet {
        ccw TRUE
        solid FALSE
        coord DEF co Coordinate {
            point [
                1.5039 -0.2362 1.378, 1.5039 0.0394 1.378, 1.5039 -0.2362 1.4291, 1.5039 0.0394 1.4291
            ]
        }
        coordIndex [
            0,1,2,-1,2,1,3,-1,
        ]
    }
}
Shape{
    appearance Appearance {
        material  Material 	{
            diffuseColor 0.7529411764705882 0.7529411764705882 0.7529411764705882
            specularColor 0.3764705882352941 0.3764705882352941 0.3764705882352941
            ambientIntensity 0.7529
            transparency 0.0
            shininess 0.5
        }
    }
    geometry IndexedFaceSet {
        ccw TRUE
        solid FALSE
        coord DEF co Coordinate {
            point [
                1.5039 0.7135 0.0, 1.5039 0.7135 0.0984, 1.5039 0.2087 0.0, 1.5039 0.2087 0.0984, 1.5039 0.1679 0.0054, 1.5039 0.1934 0.1004, 1.5039 0.1299 0.0211, 1.5039 0.1791 0.1063, 1.5039 0.0973 0.0461, 1.5039 0.1669 0.1157, 1.5039 0.0723 0.0787, 1.5039 0.1575 0.128, 1.5039 0.0566 0.1167, 1.5039 0.1516 0.1422, 1.5039 0.0512 0.1575, 1.5039 0.1496 0.1575, 1.5039 0.0512 1.7638, 1.5039 0.1496 1.7638, 1.5039 0.0478 1.7893, 1.5039 0.1429 1.8147, 1.5039 0.038 1.813, 1.5039 0.1232 1.8622, 1.5039 0.0224 1.8334, 1.5039 0.092 1.903, 1.5039 0.002 1.849, 1.5039 0.0512 1.9343, 1.5039 -0.0218 1.8589, 1.5039 0.0037 1.9539, 1.5039 -0.0472 1.8622, 1.5039 -0.0472 1.9606, 1.5039 -0.2362 1.8622, 1.5039 -0.2362 1.9606
            ]
        }
        coordIndex [
            0,1,2,-1,2,1,3,-1,2,3,4,-1,4,3,5,-1,4,5,6,-1,6,5,7,-1,6,7,8,-1,8,7,9,-1,8,9,10,-1,10,9,11,-1,10,11,12,-1,12,11,13,-1,12,13,14,-1,14,13,15,-1,14,15,16,-1,16,15,17,-1,16,17,18,-1,18,17,19,-1,18,19,20,-1,20,19,21,-1,20,21,22,-1,22,21,23,-1,22,23,24,-1,24,23,25,-1,24,25,26,-1,26,25,27,-1,26,27,28,-1,28,27,29,-1,28,29,30,-1,30,29,31,-1,
        ]
    }
}
Shape{
    appearance Appearance {
        material  Material 	{
            diffuseColor 1.0 0.996078431372549 0.9686274509803922
            specularColor 0.5019607843137255 0.4980392156862745 0.48627450980392156
            ambientIntensity 0.9941
            transparency 0.0
            shininess 0.5
        }
    }
    geometry IndexedFaceSet {
        ccw TRUE
        solid FALSE
        coord DEF co Coordinate {
            point [
                1.6142 -1.5748 1.4291, 1.6142 -0.2362 1.4291, 1.1417 -1.5748 1.4291, 1.5039 -0.2362 1.4291, 1.1417 -0.2362 1.4291, 1.252 -0.2362 1.4291, 1.252 0.0394 1.4291, 1.5039 0.0394 1.4291, 1.252 -0.2362 1.378, 1.252 0.0394 1.378
            ]
        }
        coordIndex [
            0,1,2,-1,2,1,3,-1,4,2,5,-1,5,2,3,-1,5,3,6,-1,6,3,7,-1,5,6,8,-1,8,6,9,-1,
        ]
    }
}
Shape{
    appearance Appearance {
        material  Material 	{
            diffuseColor 0.7529411764705882 0.7529411764705882 0.7529411764705882
            specularColor 0.3764705882352941 0.3764705882352941 0.3764705882352941
            ambientIntensity 0.7529
            transparency 0.0
            shininess 0.5
        }
    }
    geometry IndexedFaceSet {
        ccw TRUE
        solid FALSE
        coord DEF co Coordinate {
            point [
                1.252 -0.2362 1.8622, 1.252 -0.2362 1.9606, 1.252 -0.0472 1.8622, 1.252 -0.0472 1.9606, 1.252 -0.0218 1.8589, 1.252 0.0037 1.9539, 1.252 0.002 1.849, 1.252 0.0512 1.9343, 1.252 0.0224 1.8334, 1.252 0.092 1.903, 1.252 0.038 1.813, 1.252 0.1232 1.8622, 1.252 0.0478 1.7893, 1.252 0.1429 1.8147, 1.252 0.0512 1.7638, 1.252 0.1496 1.7638, 1.252 0.0512 0.1575, 1.252 0.1496 0.1575, 1.252 0.0566 0.1167, 1.252 0.1516 0.1422, 1.252 0.0723 0.0787, 1.252 0.1575 0.128, 1.252 0.0973 0.0461, 1.252 0.1669 0.1157, 1.252 0.1299 0.0211, 1.252 0.1791 0.1063, 1.252 0.1679 0.0054, 1.252 0.1934 0.1004, 1.252 0.2087 0.0, 1.252 0.2087 0.0984, 1.252 0.7135 0.0, 1.252 0.7135 0.0984, 1.5039 0.1496 1.7638, 1.5039 0.1429 1.8147, 1.5039 0.1232 1.8622, 1.5039 0.092 1.903, 1.5039 0.0512 1.9343, 1.5039 0.0037 1.9539, 1.5039 -0.0472 1.9606, 1.5039 0.1496 0.1575, 1.5039 0.1516 0.1422, 1.5039 0.1575 0.128, 1.5039 0.1669 0.1157, 1.5039 0.1791 0.1063, 1.5039 0.1934 0.1004, 1.5039 0.2087 0.0984, 1.5039 0.7135 0.0984, 1.3061 0.9055 0.0984, 1.4498 0.9055 0.0984, 1.3061 0.9055 0.0, 1.4498 0.9055 0.0, 1.5039 0.7135 0.0, 1.5039 0.2087 0.0, 1.5039 0.0512 0.1575, 1.5039 0.0566 0.1167, 1.5039 0.0723 0.0787, 1.5039 0.0973 0.0461, 1.5039 0.1299 0.0211, 1.5039 0.1679 0.0054, 1.5039 0.0512 1.7638, 1.5039 -0.0472 1.8622, 1.5039 -0.0218 1.8589, 1.5039 0.002 1.849, 1.5039 0.0224 1.8334, 1.5039 0.038 1.813, 1.5039 0.0478 1.7893, 1.5039 -0.2362 1.8622, 1.5748 -0.2362 1.8622, 1.5748 -2.1522 1.8622, 1.1811 -2.1522 1.8622, 1.1811 -0.2362 1.8622, 1.1811 -4.2126 1.8622, 1.1811 -4.2126 1.9606, 1.1811 -4.1624 1.8622, 1.1811 -4.1624 1.9606, 1.1811 -4.144 1.8605, 1.1811 -4.1256 1.9572, 1.1811 -4.1262 1.8553, 1.1811 -4.09 1.9469, 1.1811 -4.1097 1.8469, 1.1811 -4.0571 1.9301, 1.1811 -3.6165 1.5346, 1.1811 -3.5639 1.6177, 1.1811 -3.58 1.5164, 1.1811 -3.5456 1.6087, 1.1811 -3.5406 1.5062, 1.1811 -3.5259 1.6035, 1.1811 -3.4999 1.5043, 1.1811 -3.5055 1.6026, 1.1811 -3.4596 1.5109, 1.1811 -3.4854 1.6059, 1.1811 -2.178 1.8588, 1.1811 -2.2038 1.9538, 1.1811 -2.1652 1.8613, 1.1811 -2.1782 1.9589, 1.1811 -2.1522 1.9606, 1.1811 -0.2362 1.9606, 1.5748 -2.1522 1.9606, 1.5748 -0.2362 1.9606, 1.5039 -0.2362 1.9606, 1.5748 -2.1652 1.8613, 1.5748 -2.1782 1.9589, 1.5748 -2.178 1.8588, 1.5748 -2.2038 1.9538, 1.5748 -3.4596 1.5109, 1.5748 -3.4854 1.6059, 1.5748 -3.4999 1.5043, 1.5748 -3.5055 1.6026, 1.5748 -3.5406 1.5062, 1.5748 -3.5259 1.6035, 1.5748 -3.58 1.5164, 1.5748 -3.5456 1.6087, 1.5748 -3.6165 1.5346, 1.5748 -3.5639 1.6177, 1.5748 -4.1097 1.8469, 1.5748 -4.0571 1.9301, 1.5748 -4.1262 1.8553, 1.5748 -4.09 1.9469, 1.5748 -4.144 1.8605, 1.5748 -4.1256 1.9572, 1.5748 -4.1624 1.8622, 1.5748 -4.1624 1.9606, 1.5748 -4.2126 1.8622, 1.5748 -4.2126 1.9606
            ]
        }
        coordIndex [
            0,1,2,-1,2,1,3,-1,2,3,4,-1,4,3,5,-1,4,5,6,-1,6,5,7,-1,6,7,8,-1,8,7,9,-1,8,9,10,-1,10,9,11,-1,10,11,12,-1,12,11,13,-1,12,13,14,-1,14,13,15,-1,14,15,16,-1,16,15,17,-1,16,17,18,-1,18,17,19,-1,18,19,20,-1,20,19,21,-1,20,21,22,-1,22,21,23,-1,22,23,24,-1,24,23,25,-1,24,25,26,-1,26,25,27,-1,26,27,28,-1,28,27,29,-1,28,29,30,-1,30,29,31,-1,32,15,13,-1,32,13,33,-1,33,13,11,-1,33,11,34,-1,34,11,9,-1,34,9,35,-1,35,9,7,-1,35,7,36,-1,36,7,5,-1,36,5,37,-1,37,5,3,-1,37,3,38,-1,17,15,39,-1,39,15,32,-1,17,39,19,-1,19,39,40,-1,19,40,21,-1,21,40,41,-1,21,41,23,-1,23,41,42,-1,23,42,25,-1,25,42,43,-1,25,43,27,-1,27,43,44,-1,27,44,29,-1,29,44,45,-1,29,45,31,-1,31,45,46,-1,31,46,47,-1,47,46,48,-1,49,50,30,-1,30,50,51,-1,30,51,28,-1,28,51,52,-1,53,16,18,-1,53,18,54,-1,54,18,20,-1,54,20,55,-1,55,20,22,-1,55,22,56,-1,56,22,24,-1,56,24,57,-1,57,24,26,-1,57,26,58,-1,58,26,28,-1,58,28,52,-1,14,16,59,-1,59,16,53,-1,60,2,61,-1,61,2,4,-1,61,4,62,-1,62,4,6,-1,62,6,63,-1,63,6,8,-1,63,8,64,-1,64,8,10,-1,64,10,65,-1,65,10,12,-1,65,12,59,-1,59,12,14,-1,66,67,68,-1,69,70,0,-1,2,60,0,-1,0,60,66,-1,0,66,69,-1,69,66,68,-1,71,72,73,-1,73,72,74,-1,73,74,75,-1,75,74,76,-1,75,76,77,-1,77,76,78,-1,77,78,79,-1,79,78,80,-1,79,80,81,-1,81,80,82,-1,81,82,83,-1,83,82,84,-1,83,84,85,-1,85,84,86,-1,85,86,87,-1,87,86,88,-1,87,88,89,-1,89,88,90,-1,89,90,91,-1,91,90,92,-1,91,92,93,-1,93,92,94,-1,93,94,69,-1,69,94,95,-1,69,95,70,-1,70,95,96,-1,1,96,95,-1,97,98,99,-1,38,3,99,-1,99,3,1,-1,99,1,97,-1,97,1,95,-1,67,98,68,-1,68,98,97,-1,68,97,100,-1,100,97,101,-1,100,101,102,-1,102,101,103,-1,102,103,104,-1,104,103,105,-1,104,105,106,-1,106,105,107,-1,106,107,108,-1,108,107,109,-1,108,109,110,-1,110,109,111,-1,110,111,112,-1,112,111,113,-1,112,113,114,-1,114,113,115,-1,114,115,116,-1,116,115,117,-1,116,117,118,-1,118,117,119,-1,118,119,120,-1,120,119,121,-1,120,121,122,-1,122,121,123,-1,69,68,93,-1,93,68,100,-1,93,100,91,-1,91,100,102,-1,102,104,91,-1,91,104,89,-1,112,81,83,-1,112,83,110,-1,110,83,85,-1,110,85,108,-1,108,85,87,-1,108,87,106,-1,106,87,89,-1,106,89,104,-1,79,81,114,-1,114,81,112,-1,79,114,77,-1,77,114,116,-1,77,116,75,-1,75,116,118,-1,75,118,73,-1,73,118,120,-1,71,73,122,-1,122,73,120,-1,
        ]
    }
}
Shape{
    appearance Appearance {
        material  Material 	{
            diffuseColor 1.0 0.996078431372549 0.9686274509803922
            specularColor 0.5019607843137255 0.4980392156862745 0.48627450980392156
            ambientIntensity 0.9941
            transparency 0.0
            shininess 0.5
        }
    }
    geometry IndexedFaceSet {
        ccw TRUE
        solid FALSE
        coord DEF co Coordinate {
            point [
                -1.5748 -4.2126 1.8622, -1.6142 -4.2126 1.7441, -1.5748 -4.2126 1.9606, -1.6142 -4.2126 1.9685, -1.1811 -4.2126 1.9606, -1.1417 -4.2126 1.9685, -1.1811 -4.2126 1.8622, -1.1417 -4.2126 1.7441, -0.5906 -4.2126 1.8622, -0.6299 -4.2126 1.7441, -0.5906 -4.2126 1.9606, -0.6299 -4.2126 1.9685, -0.1969 -4.2126 1.9606, -0.1575 -4.2126 1.9685, -0.1969 -4.2126 1.8622, -0.1575 -4.2126 1.7441, 0.5906 -4.2126 1.9606, 0.6299 -4.2126 1.9685, 0.5906 -4.2126 1.8622, 0.6299 -4.2126 1.7441, 0.1969 -4.2126 1.8622, 0.1575 -4.2126 1.7441, 0.1969 -4.2126 1.9606, 0.1575 -4.2126 1.9685, 1.5748 -4.2126 1.9606, 1.6142 -4.2126 1.9685, 1.5748 -4.2126 1.8622, 1.6142 -4.2126 1.7441, 1.1811 -4.2126 1.8622, 1.1417 -4.2126 1.7441, 1.1811 -4.2126 1.9606, 1.1417 -4.2126 1.9685, -1.1417 -1.5748 1.7441, -1.1417 -0.2362 1.9685, -1.1417 -1.5748 1.4291, -1.1417 -0.2362 1.4291, -1.6142 -0.2362 1.9685, -0.1575 -1.5748 1.7441, -0.1575 -0.2362 1.9685, -0.1575 -1.5748 1.4291, -0.1575 -0.2362 1.4291, -0.6299 -0.2362 1.9685, -0.6299 -1.5748 1.7441, -0.6299 -1.5748 1.4291, -0.6299 -0.2362 1.4291, -0.2677 -0.2362 1.4291, -0.5197 -0.2362 1.4291, -0.5197 0.0394 1.4291, -0.2677 0.0394 1.4291, -0.5197 -0.2362 1.378, -0.5197 0.0394 1.378
            ]
        }
        coordIndex [
            0,1,2,-1,2,1,3,-1,2,3,4,-1,4,3,5,-1,4,5,6,-1,6,5,7,-1,6,7,0,-1,0,7,1,-1,8,9,10,-1,10,9,11,-1,10,11,12,-1,12,11,13,-1,12,13,14,-1,14,13,15,-1,14,15,8,-1,8,15,9,-1,16,17,18,-1,18,17,19,-1,18,19,20,-1,20,19,21,-1,20,21,22,-1,22,21,23,-1,22,23,16,-1,16,23,17,-1,24,25,26,-1,26,25,27,-1,26,27,28,-1,28,27,29,-1,28,29,30,-1,30,29,31,-1,30,31,24,-1,24,31,25,-1,7,5,32,-1,32,5,33,-1,32,33,34,-1,34,33,35,-1,3,36,5,-1,5,36,33,-1,15,13,37,-1,37,13,38,-1,37,38,39,-1,39,38,40,-1,11,41,13,-1,13,41,38,-1,11,9,42,-1,43,44,42,-1,42,44,41,-1,42,41,11,-1,39,40,43,-1,43,40,45,-1,44,43,46,-1,46,43,45,-1,46,45,47,-1,47,45,48,-1,46,47,49,-1,49,47,50,-1,
        ]
    }
}
Shape{
    appearance Appearance {
        material  Material 	{
            diffuseColor 0.7529411764705882 0.7529411764705882 0.7529411764705882
            specularColor 0.3764705882352941 0.3764705882352941 0.3764705882352941
            ambientIntensity 0.7529
            transparency 0.0
            shininess 0.5
        }
    }
    geometry IndexedFaceSet {
        ccw TRUE
        solid FALSE
        coord DEF co Coordinate {
            point [
                -0.5197 -0.2362 1.8622, -0.5197 -0.2362 1.9606, -0.5197 -0.0472 1.8622, -0.5197 -0.0472 1.9606, -0.5197 -0.0218 1.8589, -0.5197 0.0037 1.9539, -0.5197 0.002 1.849, -0.5197 0.0512 1.9343, -0.5197 0.0224 1.8334, -0.5197 0.092 1.903, -0.5197 0.038 1.813, -0.5197 0.1232 1.8622, -0.5197 0.0478 1.7893, -0.5197 0.1429 1.8147, -0.5197 0.0512 1.7638, -0.5197 0.1496 1.7638, -0.5197 0.0512 0.1575, -0.5197 0.1496 0.1575, -0.5197 0.0566 0.1167, -0.5197 0.1516 0.1422, -0.5197 0.0723 0.0787, -0.5197 0.1575 0.128, -0.5197 0.0973 0.0461, -0.5197 0.1669 0.1157, -0.5197 0.1299 0.0211, -0.5197 0.1791 0.1063, -0.5197 0.1679 0.0054, -0.5197 0.1934 0.1004, -0.5197 0.2087 0.0, -0.5197 0.2087 0.0984, -0.5197 0.7135 0.0, -0.5197 0.7135 0.0984, -0.2677 0.1496 1.7638, -0.2677 0.1429 1.8147, -0.2677 0.1232 1.8622, -0.2677 0.092 1.903, -0.2677 0.0512 1.9343, -0.2677 0.0037 1.9539, -0.2677 -0.0472 1.9606, -0.2677 0.1496 0.1575, -0.2677 0.1516 0.1422, -0.2677 0.1575 0.128, -0.2677 0.1669 0.1157, -0.2677 0.1791 0.1063, -0.2677 0.1934 0.1004, -0.2677 0.2087 0.0984, -0.3219 0.9055 0.0984, -0.4655 0.9055 0.0984, -0.2677 0.7135 0.0984, -0.2677 0.2087 0.0, -0.2677 0.7135 0.0, -0.3219 0.9055 0.0, -0.4655 0.9055 0.0, -0.2677 0.0512 0.1575, -0.2677 0.0566 0.1167, -0.2677 0.0723 0.0787, -0.2677 0.0973 0.0461, -0.2677 0.1299 0.0211, -0.2677 0.1679 0.0054, -0.2677 0.0512 1.7638, -0.2677 -0.0472 1.8622, -0.2677 -0.0218 1.8589, -0.2677 0.002 1.849, -0.2677 0.0224 1.8334, -0.2677 0.038 1.813, -0.2677 0.0478 1.7893, -0.2677 -0.2362 1.8622, -0.1969 -0.2362 1.8622, -0.1969 -2.1522 1.8622, -0.5906 -2.1522 1.8622, -0.5906 -0.2362 1.8622, -0.5906 -4.2126 1.8622, -0.5906 -4.2126 1.9606, -0.5906 -4.1624 1.8622, -0.5906 -4.1624 1.9606, -0.5906 -4.144 1.8605, -0.5906 -4.1256 1.9572, -0.5906 -4.1262 1.8553, -0.5906 -4.09 1.9469, -0.5906 -4.1097 1.8469, -0.5906 -4.0571 1.9301, -0.5906 -3.6165 1.5346, -0.5906 -3.5639 1.6177, -0.5906 -3.58 1.5164, -0.5906 -3.5456 1.6087, -0.5906 -3.5406 1.5062, -0.5906 -3.5259 1.6035, -0.5906 -3.4999 1.5043, -0.5906 -3.5055 1.6026, -0.5906 -3.4596 1.5109, -0.5906 -3.4854 1.6059, -0.5906 -2.178 1.8588, -0.5906 -2.2038 1.9538, -0.5906 -2.1652 1.8613, -0.5906 -2.1782 1.9589, -0.5906 -2.1522 1.9606, -0.5906 -0.2362 1.9606, -0.1969 -2.1522 1.9606, -0.1969 -0.2362 1.9606, -0.2677 -0.2362 1.9606
            ]
        }
        coordIndex [
            0,1,2,-1,2,1,3,-1,2,3,4,-1,4,3,5,-1,4,5,6,-1,6,5,7,-1,6,7,8,-1,8,7,9,-1,8,9,10,-1,10,9,11,-1,10,11,12,-1,12,11,13,-1,12,13,14,-1,14,13,15,-1,14,15,16,-1,16,15,17,-1,16,17,18,-1,18,17,19,-1,18,19,20,-1,20,19,21,-1,20,21,22,-1,22,21,23,-1,22,23,24,-1,24,23,25,-1,24,25,26,-1,26,25,27,-1,26,27,28,-1,28,27,29,-1,28,29,30,-1,30,29,31,-1,32,15,13,-1,32,13,33,-1,33,13,11,-1,33,11,34,-1,34,11,9,-1,34,9,35,-1,35,9,7,-1,35,7,36,-1,36,7,5,-1,36,5,37,-1,37,5,3,-1,37,3,38,-1,17,15,39,-1,39,15,32,-1,17,39,19,-1,19,39,40,-1,19,40,21,-1,21,40,41,-1,21,41,23,-1,23,41,42,-1,23,42,25,-1,25,42,43,-1,25,43,27,-1,27,43,44,-1,27,44,29,-1,29,44,45,-1,46,47,48,-1,48,47,31,-1,48,31,45,-1,45,31,29,-1,49,28,50,-1,50,28,30,-1,50,30,51,-1,51,30,52,-1,53,16,18,-1,53,18,54,-1,54,18,20,-1,54,20,55,-1,55,20,22,-1,55,22,56,-1,56,22,24,-1,56,24,57,-1,57,24,26,-1,57,26,58,-1,58,26,28,-1,58,28,49,-1,14,16,59,-1,59,16,53,-1,60,2,61,-1,61,2,4,-1,61,4,62,-1,62,4,6,-1,62,6,63,-1,63,6,8,-1,63,8,64,-1,64,8,10,-1,64,10,65,-1,65,10,12,-1,65,12,59,-1,59,12,14,-1,66,67,68,-1,69,70,0,-1,2,60,0,-1,0,60,66,-1,0,66,69,-1,69,66,68,-1,71,72,73,-1,73,72,74,-1,73,74,75,-1,75,74,76,-1,75,76,77,-1,77,76,78,-1,77,78,79,-1,79,78,80,-1,79,80,81,-1,81,80,82,-1,81,82,83,-1,83,82,84,-1,83,84,85,-1,85,84,86,-1,85,86,87,-1,87,86,88,-1,87,88,89,-1,89,88,90,-1,89,90,91,-1,91,90,92,-1,91,92,93,-1,93,92,94,-1,93,94,69,-1,69,94,95,-1,69,95,70,-1,70,95,96,-1,1,96,95,-1,97,98,99,-1,38,3,99,-1,99,3,1,-1,99,1,97,-1,97,1,95,-1,
        ]
    }
}
Shape{
    appearance Appearance {
        material  Material 	{
            diffuseColor 1.0 0.996078431372549 0.9686274509803922
            specularColor 0.5019607843137255 0.4980392156862745 0.48627450980392156
            ambientIntensity 0.9941
            transparency 0.0
            shininess 0.5
        }
    }
    geometry IndexedFaceSet {
        ccw TRUE
        solid FALSE
        coord DEF co Coordinate {
            point [
                -0.2677 -0.2362 1.378, -0.2677 0.0394 1.378, -0.2677 -0.2362 1.4291, -0.2677 0.0394 1.4291
            ]
        }
        coordIndex [
            0,1,2,-1,2,1,3,-1,
        ]
    }
}
Shape{
    appearance Appearance {
        material  Material 	{
            diffuseColor 0.7529411764705882 0.7529411764705882 0.7529411764705882
            specularColor 0.3764705882352941 0.3764705882352941 0.3764705882352941
            ambientIntensity 0.7529
            transparency 0.0
            shininess 0.5
        }
    }
    geometry IndexedFaceSet {
        ccw TRUE
        solid FALSE
        coord DEF co Coordinate {
            point [
                -0.2677 0.7135 0.0, -0.2677 0.7135 0.0984, -0.2677 0.2087 0.0, -0.2677 0.2087 0.0984, -0.2677 0.1679 0.0054, -0.2677 0.1934 0.1004, -0.2677 0.1299 0.0211, -0.2677 0.1791 0.1063, -0.2677 0.0973 0.0461, -0.2677 0.1669 0.1157, -0.2677 0.0723 0.0787, -0.2677 0.1575 0.128, -0.2677 0.0566 0.1167, -0.2677 0.1516 0.1422, -0.2677 0.0512 0.1575, -0.2677 0.1496 0.1575, -0.2677 0.0512 1.7638, -0.2677 0.1496 1.7638, -0.2677 0.0478 1.7893, -0.2677 0.1429 1.8147, -0.2677 0.038 1.813, -0.2677 0.1232 1.8622, -0.2677 0.0224 1.8334, -0.2677 0.092 1.903, -0.2677 0.002 1.849, -0.2677 0.0512 1.9343, -0.2677 -0.0218 1.8589, -0.2677 0.0037 1.9539, -0.2677 -0.0472 1.8622, -0.2677 -0.0472 1.9606, -0.2677 -0.2362 1.8622, -0.2677 -0.2362 1.9606, -0.1969 -0.2362 1.8622, -0.1969 -0.2362 1.9606, -0.1969 -2.1522 1.8622, -0.1969 -2.1522 1.9606, -0.1969 -2.1652 1.8613, -0.1969 -2.1782 1.9589, -0.1969 -2.178 1.8588, -0.1969 -2.2038 1.9538, -0.1969 -3.4596 1.5109, -0.1969 -3.4854 1.6059, -0.1969 -3.4999 1.5043, -0.1969 -3.5055 1.6026, -0.1969 -3.5406 1.5062, -0.1969 -3.5259 1.6035, -0.1969 -3.58 1.5164, -0.1969 -3.5456 1.6087, -0.1969 -3.6165 1.5346, -0.1969 -3.5639 1.6177, -0.1969 -4.1097 1.8469, -0.1969 -4.0571 1.9301, -0.1969 -4.1262 1.8553, -0.1969 -4.09 1.9469, -0.1969 -4.144 1.8605, -0.1969 -4.1256 1.9572, -0.1969 -4.1624 1.8622, -0.1969 -4.1624 1.9606, -0.1969 -4.2126 1.8622, -0.1969 -4.2126 1.9606, -0.5906 -2.1522 1.8622, -0.5906 -2.1652 1.8613, -0.5906 -2.178 1.8588, -0.5906 -3.4596 1.5109, -0.5906 -3.6165 1.5346, -0.5906 -3.58 1.5164, -0.5906 -3.5406 1.5062, -0.5906 -3.4999 1.5043, -0.5906 -4.1097 1.8469, -0.5906 -4.1262 1.8553, -0.5906 -4.144 1.8605, -0.5906 -4.1624 1.8622, -0.5906 -4.2126 1.8622, -0.5906 -4.2126 1.9606, -0.5906 -4.1624 1.9606, -0.5906 -4.0571 1.9301, -0.5906 -4.09 1.9469, -0.5906 -4.1256 1.9572, -0.5906 -3.5639 1.6177, -0.5906 -3.5456 1.6087, -0.5906 -3.5259 1.6035, -0.5906 -3.5055 1.6026, -0.5906 -3.4854 1.6059, -0.5906 -2.2038 1.9538, -0.5906 -2.1522 1.9606, -0.5906 -2.1782 1.9589
            ]
        }
        coordIndex [
            0,1,2,-1,2,1,3,-1,2,3,4,-1,4,3,5,-1,4,5,6,-1,6,5,7,-1,6,7,8,-1,8,7,9,-1,8,9,10,-1,10,9,11,-1,10,11,12,-1,12,11,13,-1,12,13,14,-1,14,13,15,-1,14,15,16,-1,16,15,17,-1,16,17,18,-1,18,17,19,-1,18,19,20,-1,20,19,21,-1,20,21,22,-1,22,21,23,-1,22,23,24,-1,24,23,25,-1,24,25,26,-1,26,25,27,-1,26,27,28,-1,28,27,29,-1,28,29,30,-1,30,29,31,-1,32,33,34,-1,34,33,35,-1,34,35,36,-1,36,35,37,-1,36,37,38,-1,38,37,39,-1,38,39,40,-1,40,39,41,-1,40,41,42,-1,42,41,43,-1,42,43,44,-1,44,43,45,-1,44,45,46,-1,46,45,47,-1,46,47,48,-1,48,47,49,-1,48,49,50,-1,50,49,51,-1,50,51,52,-1,52,51,53,-1,52,53,54,-1,54,53,55,-1,54,55,56,-1,56,55,57,-1,56,57,58,-1,58,57,59,-1,60,34,61,-1,61,34,36,-1,61,36,62,-1,62,36,38,-1,38,40,62,-1,62,40,63,-1,48,64,65,-1,48,65,46,-1,46,65,66,-1,46,66,44,-1,44,66,67,-1,44,67,42,-1,42,67,63,-1,42,63,40,-1,68,64,50,-1,50,64,48,-1,68,50,69,-1,69,50,52,-1,69,52,70,-1,70,52,54,-1,70,54,71,-1,71,54,56,-1,72,71,58,-1,58,71,56,-1,59,57,73,-1,73,57,74,-1,51,75,76,-1,51,76,53,-1,53,76,77,-1,53,77,55,-1,55,77,74,-1,55,74,57,-1,78,75,49,-1,49,75,51,-1,78,49,79,-1,79,49,47,-1,79,47,80,-1,80,47,45,-1,80,45,81,-1,81,45,43,-1,81,43,82,-1,82,43,41,-1,41,39,82,-1,82,39,83,-1,35,84,85,-1,35,85,37,-1,37,85,83,-1,37,83,39,-1,
        ]
    }
}
Shape{
    appearance Appearance {
        material  Material 	{
            diffuseColor 1.0 0.996078431372549 0.9686274509803922
            specularColor 0.5019607843137255 0.4980392156862745 0.48627450980392156
            ambientIntensity 0.9941
            transparency 0.0
            shininess 0.5
        }
    }
    geometry IndexedFaceSet {
        ccw TRUE
        solid FALSE
        coord DEF co Coordinate {
            point [
                0.6299 -4.2126 1.7441, 0.6299 -4.2126 1.9685, 0.6299 -1.5748 1.7441, 0.6299 -0.2362 1.9685, 0.6299 -1.5748 1.4291, 0.6299 -0.2362 1.4291, 0.1575 -4.2126 1.9685, 0.1575 -0.2362 1.9685, 0.1575 -4.2126 1.7441, 0.1575 -1.5748 1.7441, 0.1575 -1.5748 1.4291, 0.1575 -0.2362 1.4291, 0.5197 -0.2362 1.4291, 0.2677 -0.2362 1.4291, 0.2677 0.0394 1.4291, 0.5197 0.0394 1.4291, 0.2677 -0.2362 1.378, 0.2677 0.0394 1.378
            ]
        }
        coordIndex [
            0,1,2,-1,2,1,3,-1,2,3,4,-1,4,3,5,-1,6,7,1,-1,1,7,3,-1,6,8,9,-1,10,11,9,-1,9,11,7,-1,9,7,6,-1,4,5,10,-1,10,5,12,-1,11,10,13,-1,13,10,12,-1,13,12,14,-1,14,12,15,-1,13,14,16,-1,16,14,17,-1,
        ]
    }
}
Shape{
    appearance Appearance {
        material  Material 	{
            diffuseColor 0.7529411764705882 0.7529411764705882 0.7529411764705882
            specularColor 0.3764705882352941 0.3764705882352941 0.3764705882352941
            ambientIntensity 0.7529
            transparency 0.0
            shininess 0.5
        }
    }
    geometry IndexedFaceSet {
        ccw TRUE
        solid FALSE
        coord DEF co Coordinate {
            point [
                0.2677 -0.2362 1.8622, 0.2677 -0.2362 1.9606, 0.2677 -0.0472 1.8622, 0.2677 -0.0472 1.9606, 0.2677 -0.0218 1.8589, 0.2677 0.0037 1.9539, 0.2677 0.002 1.849, 0.2677 0.0512 1.9343, 0.2677 0.0224 1.8334, 0.2677 0.092 1.903, 0.2677 0.038 1.813, 0.2677 0.1232 1.8622, 0.2677 0.0478 1.7893, 0.2677 0.1429 1.8147, 0.2677 0.0512 1.7638, 0.2677 0.1496 1.7638, 0.2677 0.0512 0.1575, 0.2677 0.1496 0.1575, 0.2677 0.0566 0.1167, 0.2677 0.1516 0.1422, 0.2677 0.0723 0.0787, 0.2677 0.1575 0.128, 0.2677 0.0973 0.0461, 0.2677 0.1669 0.1157, 0.2677 0.1299 0.0211, 0.2677 0.1791 0.1063, 0.2677 0.1679 0.0054, 0.2677 0.1934 0.1004, 0.2677 0.2087 0.0, 0.2677 0.2087 0.0984, 0.2677 0.7135 0.0, 0.2677 0.7135 0.0984, 0.5197 0.1496 1.7638, 0.5197 0.1429 1.8147, 0.5197 0.1232 1.8622, 0.5197 0.092 1.903, 0.5197 0.0512 1.9343, 0.5197 0.0037 1.9539, 0.5197 -0.0472 1.9606, 0.5197 0.1496 0.1575, 0.5197 0.1516 0.1422, 0.5197 0.1575 0.128, 0.5197 0.1669 0.1157, 0.5197 0.1791 0.1063, 0.5197 0.1934 0.1004, 0.5197 0.2087 0.0984, 0.5197 0.7135 0.0984, 0.3219 0.9055 0.0984, 0.4655 0.9055 0.0984, 0.3219 0.9055 0.0, 0.4655 0.9055 0.0, 0.5197 0.7135 0.0, 0.5197 0.2087 0.0, 0.5197 0.0512 0.1575, 0.5197 0.0566 0.1167, 0.5197 0.0723 0.0787, 0.5197 0.0973 0.0461, 0.5197 0.1299 0.0211, 0.5197 0.1679 0.0054, 0.5197 0.0512 1.7638, 0.5197 -0.0472 1.8622, 0.5197 -0.0218 1.8589, 0.5197 0.002 1.849, 0.5197 0.0224 1.8334, 0.5197 0.038 1.813, 0.5197 0.0478 1.7893, 0.5197 -0.2362 1.8622, 0.5906 -0.2362 1.8622, 0.5906 -2.1522 1.8622, 0.1969 -2.1522 1.8622, 0.1969 -0.2362 1.8622, 0.1969 -4.2126 1.8622, 0.1969 -4.2126 1.9606, 0.1969 -4.1624 1.8622, 0.1969 -4.1624 1.9606, 0.1969 -4.144 1.8605, 0.1969 -4.1256 1.9572, 0.1969 -4.1262 1.8553, 0.1969 -4.09 1.9469, 0.1969 -4.1097 1.8469, 0.1969 -4.0571 1.9301, 0.1969 -3.6165 1.5346, 0.1969 -3.5639 1.6177, 0.1969 -3.58 1.5164, 0.1969 -3.5456 1.6087, 0.1969 -3.5406 1.5062, 0.1969 -3.5259 1.6035, 0.1969 -3.4999 1.5043, 0.1969 -3.5055 1.6026, 0.1969 -3.4596 1.5109, 0.1969 -3.4854 1.6059, 0.1969 -2.178 1.8588, 0.1969 -2.2038 1.9538, 0.1969 -2.1652 1.8613, 0.1969 -2.1782 1.9589, 0.1969 -2.1522 1.9606, 0.1969 -0.2362 1.9606, 0.5906 -2.1522 1.9606, 0.5906 -0.2362 1.9606, 0.5197 -0.2362 1.9606
            ]
        }
        coordIndex [
            0,1,2,-1,2,1,3,-1,2,3,4,-1,4,3,5,-1,4,5,6,-1,6,5,7,-1,6,7,8,-1,8,7,9,-1,8,9,10,-1,10,9,11,-1,10,11,12,-1,12,11,13,-1,12,13,14,-1,14,13,15,-1,14,15,16,-1,16,15,17,-1,16,17,18,-1,18,17,19,-1,18,19,20,-1,20,19,21,-1,20,21,22,-1,22,21,23,-1,22,23,24,-1,24,23,25,-1,24,25,26,-1,26,25,27,-1,26,27,28,-1,28,27,29,-1,28,29,30,-1,30,29,31,-1,32,15,13,-1,32,13,33,-1,33,13,11,-1,33,11,34,-1,34,11,9,-1,34,9,35,-1,35,9,7,-1,35,7,36,-1,36,7,5,-1,36,5,37,-1,37,5,3,-1,37,3,38,-1,17,15,39,-1,39,15,32,-1,17,39,19,-1,19,39,40,-1,19,40,21,-1,21,40,41,-1,21,41,23,-1,23,41,42,-1,23,42,25,-1,25,42,43,-1,25,43,27,-1,27,43,44,-1,27,44,29,-1,29,44,45,-1,29,45,31,-1,31,45,46,-1,31,46,47,-1,47,46,48,-1,49,50,30,-1,30,50,51,-1,30,51,28,-1,28,51,52,-1,53,16,18,-1,53,18,54,-1,54,18,20,-1,54,20,55,-1,55,20,22,-1,55,22,56,-1,56,22,24,-1,56,24,57,-1,57,24,26,-1,57,26,58,-1,58,26,28,-1,58,28,52,-1,14,16,59,-1,59,16,53,-1,60,2,61,-1,61,2,4,-1,61,4,62,-1,62,4,6,-1,62,6,63,-1,63,6,8,-1,63,8,64,-1,64,8,10,-1,64,10,65,-1,65,10,12,-1,65,12,59,-1,59,12,14,-1,66,67,68,-1,69,70,0,-1,2,60,0,-1,0,60,66,-1,0,66,69,-1,69,66,68,-1,71,72,73,-1,73,72,74,-1,73,74,75,-1,75,74,76,-1,75,76,77,-1,77,76,78,-1,77,78,79,-1,79,78,80,-1,79,80,81,-1,81,80,82,-1,81,82,83,-1,83,82,84,-1,83,84,85,-1,85,84,86,-1,85,86,87,-1,87,86,88,-1,87,88,89,-1,89,88,90,-1,89,90,91,-1,91,90,92,-1,91,92,93,-1,93,92,94,-1,93,94,69,-1,69,94,95,-1,69,95,70,-1,70,95,96,-1,1,96,95,-1,97,98,99,-1,38,3,99,-1,99,3,1,-1,99,1,97,-1,97,1,95,-1,
        ]
    }
}
Shape{
    appearance Appearance {
        material  Material 	{
            diffuseColor 1.0 0.996078431372549 0.9686274509803922
            specularColor 0.5019607843137255 0.4980392156862745 0.48627450980392156
            ambientIntensity 0.9941
            transparency 0.0
            shininess 0.5
        }
    }
    geometry IndexedFaceSet {
        ccw TRUE
        solid FALSE
        coord DEF co Coordinate {
            point [
                0.5197 -0.2362 1.378, 0.5197 0.0394 1.378, 0.5197 -0.2362 1.4291, 0.5197 0.0394 1.4291
            ]
        }
        coordIndex [
            0,1,2,-1,2,1,3,-1,
        ]
    }
}
Shape{
    appearance Appearance {
        material  Material 	{
            diffuseColor 0.7529411764705882 0.7529411764705882 0.7529411764705882
            specularColor 0.3764705882352941 0.3764705882352941 0.3764705882352941
            ambientIntensity 0.7529
            transparency 0.0
            shininess 0.5
        }
    }
    geometry IndexedFaceSet {
        ccw TRUE
        solid FALSE
        coord DEF co Coordinate {
            point [
                0.5197 0.7135 0.0, 0.5197 0.7135 0.0984, 0.5197 0.2087 0.0, 0.5197 0.2087 0.0984, 0.5197 0.1679 0.0054, 0.5197 0.1934 0.1004, 0.5197 0.1299 0.0211, 0.5197 0.1791 0.1063, 0.5197 0.0973 0.0461, 0.5197 0.1669 0.1157, 0.5197 0.0723 0.0787, 0.5197 0.1575 0.128, 0.5197 0.0566 0.1167, 0.5197 0.1516 0.1422, 0.5197 0.0512 0.1575, 0.5197 0.1496 0.1575, 0.5197 0.0512 1.7638, 0.5197 0.1496 1.7638, 0.5197 0.0478 1.7893, 0.5197 0.1429 1.8147, 0.5197 0.038 1.813, 0.5197 0.1232 1.8622, 0.5197 0.0224 1.8334, 0.5197 0.092 1.903, 0.5197 0.002 1.849, 0.5197 0.0512 1.9343, 0.5197 -0.0218 1.8589, 0.5197 0.0037 1.9539, 0.5197 -0.0472 1.8622, 0.5197 -0.0472 1.9606, 0.5197 -0.2362 1.8622, 0.5197 -0.2362 1.9606, 0.5906 -0.2362 1.8622, 0.5906 -0.2362 1.9606, 0.5906 -2.1522 1.8622, 0.5906 -2.1522 1.9606, 0.5906 -2.1652 1.8613, 0.5906 -2.1782 1.9589, 0.5906 -2.178 1.8588, 0.5906 -2.2038 1.9538, 0.5906 -3.4596 1.5109, 0.5906 -3.4854 1.6059, 0.5906 -3.4999 1.5043, 0.5906 -3.5055 1.6026, 0.5906 -3.5406 1.5062, 0.5906 -3.5259 1.6035, 0.5906 -3.58 1.5164, 0.5906 -3.5456 1.6087, 0.5906 -3.6165 1.5346, 0.5906 -3.5639 1.6177, 0.5906 -4.1097 1.8469, 0.5906 -4.0571 1.9301, 0.5906 -4.1262 1.8553, 0.5906 -4.09 1.9469, 0.5906 -4.144 1.8605, 0.5906 -4.1256 1.9572, 0.5906 -4.1624 1.8622, 0.5906 -4.1624 1.9606, 0.5906 -4.2126 1.8622, 0.5906 -4.2126 1.9606, 0.1969 -2.1522 1.8622, 0.1969 -2.1652 1.8613, 0.1969 -2.178 1.8588, 0.1969 -3.4596 1.5109, 0.1969 -3.6165 1.5346, 0.1969 -3.58 1.5164, 0.1969 -3.5406 1.5062, 0.1969 -3.4999 1.5043, 0.1969 -4.1097 1.8469, 0.1969 -4.1262 1.8553, 0.1969 -4.144 1.8605, 0.1969 -4.1624 1.8622, 0.1969 -4.2126 1.8622, 0.1969 -4.2126 1.9606, 0.1969 -4.1624 1.9606, 0.1969 -4.0571 1.9301, 0.1969 -4.09 1.9469, 0.1969 -4.1256 1.9572, 0.1969 -3.5639 1.6177, 0.1969 -3.5456 1.6087, 0.1969 -3.5259 1.6035, 0.1969 -3.5055 1.6026, 0.1969 -3.4854 1.6059, 0.1969 -2.2038 1.9538, 0.1969 -2.1522 1.9606, 0.1969 -2.1782 1.9589
            ]
        }
        coordIndex [
            0,1,2,-1,2,1,3,-1,2,3,4,-1,4,3,5,-1,4,5,6,-1,6,5,7,-1,6,7,8,-1,8,7,9,-1,8,9,10,-1,10,9,11,-1,10,11,12,-1,12,11,13,-1,12,13,14,-1,14,13,15,-1,14,15,16,-1,16,15,17,-1,16,17,18,-1,18,17,19,-1,18,19,20,-1,20,19,21,-1,20,21,22,-1,22,21,23,-1,22,23,24,-1,24,23,25,-1,24,25,26,-1,26,25,27,-1,26,27,28,-1,28,27,29,-1,28,29,30,-1,30,29,31,-1,32,33,34,-1,34,33,35,-1,34,35,36,-1,36,35,37,-1,36,37,38,-1,38,37,39,-1,38,39,40,-1,40,39,41,-1,40,41,42,-1,42,41,43,-1,42,43,44,-1,44,43,45,-1,44,45,46,-1,46,45,47,-1,46,47,48,-1,48,47,49,-1,48,49,50,-1,50,49,51,-1,50,51,52,-1,52,51,53,-1,52,53,54,-1,54,53,55,-1,54,55,56,-1,56,55,57,-1,56,57,58,-1,58,57,59,-1,60,34,61,-1,61,34,36,-1,61,36,62,-1,62,36,38,-1,38,40,62,-1,62,40,63,-1,48,64,65,-1,48,65,46,-1,46,65,66,-1,46,66,44,-1,44,66,67,-1,44,67,42,-1,42,67,63,-1,42,63,40,-1,68,64,50,-1,50,64,48,-1,68,50,69,-1,69,50,52,-1,69,52,70,-1,70,52,54,-1,70,54,71,-1,71,54,56,-1,72,71,58,-1,58,71,56,-1,59,57,73,-1,73,57,74,-1,51,75,76,-1,51,76,53,-1,53,76,77,-1,53,77,55,-1,55,77,74,-1,55,74,57,-1,78,75,49,-1,49,75,51,-1,78,49,79,-1,79,49,47,-1,79,47,80,-1,80,47,45,-1,80,45,81,-1,81,45,43,-1,81,43,82,-1,82,43,41,-1,41,39,82,-1,82,39,83,-1,35,84,85,-1,35,85,37,-1,37,85,83,-1,37,83,39,-1,
        ]
    }
}
Shape{
    appearance Appearance {
        material  Material 	{
            diffuseColor 1.0 0.996078431372549 0.9686274509803922
            specularColor 0.5019607843137255 0.4980392156862745 0.48627450980392156
            ambientIntensity 0.9941
            transparency 0.0
            shininess 0.5
        }
    }
    geometry IndexedFaceSet {
        ccw TRUE
        solid FALSE
        coord DEF co Coordinate {
            point [
                1.6142 -4.2126 1.7441, 1.6142 -4.2126 1.9685, 1.6142 -1.5748 1.7441, 1.6142 -0.2362 1.9685, 1.6142 -1.5748 1.4291, 1.6142 -0.2362 1.4291, 1.1417 -4.2126 1.9685, 1.1417 -0.2362 1.9685, 1.1417 -4.2126 1.7441, 1.1417 -1.5748 1.7441, 1.1417 -1.5748 1.4291, 1.1417 -0.2362 1.4291
            ]
        }
        coordIndex [
            0,1,2,-1,2,1,3,-1,2,3,4,-1,4,3,5,-1,6,7,1,-1,1,7,3,-1,6,8,9,-1,10,11,9,-1,9,11,7,-1,9,7,6,-1,
        ]
    }
}
Shape{
    appearance Appearance {
        material  Material 	{
            diffuseColor 0.7529411764705882 0.7529411764705882 0.7529411764705882
            specularColor 0.3764705882352941 0.3764705882352941 0.3764705882352941
            ambientIntensity 0.7529
            transparency 0.0
            shininess 0.5
        }
    }
    geometry IndexedFaceSet {
        ccw TRUE
        solid FALSE
        coord DEF co Coordinate {
            point [
                -1.5748 -4.2126 1.8622, -1.5748 -4.2126 1.9606, -1.5748 -4.1624 1.8622, -1.5748 -4.1624 1.9606, -1.5748 -4.144 1.8605, -1.5748 -4.1256 1.9572, -1.5748 -4.1262 1.8553, -1.5748 -4.09 1.9469, -1.5748 -4.1097 1.8469, -1.5748 -4.0571 1.9301, -1.5748 -3.6165 1.5346, -1.5748 -3.5639 1.6177, -1.5748 -3.58 1.5164, -1.5748 -3.5456 1.6087, -1.5748 -3.5406 1.5062, -1.5748 -3.5259 1.6035, -1.5748 -3.4999 1.5043, -1.5748 -3.5055 1.6026, -1.5748 -3.4596 1.5109, -1.5748 -3.4854 1.6059, -1.5748 -2.178 1.8588, -1.5748 -2.2038 1.9538, -1.5748 -2.1652 1.8613, -1.5748 -2.1782 1.9589, -1.5748 -2.1522 1.8622, -1.5748 -2.1522 1.9606, -1.5748 -0.2362 1.8622, -1.5748 -0.2362 1.9606, -1.5039 -0.2362 1.9606, -1.1811 -2.1522 1.9606, -1.1811 -0.2362 1.9606, -1.252 -0.2362 1.9606, -1.252 -0.0472 1.9606, -1.5039 -0.0472 1.9606, -1.252 0.1496 1.7638, -1.5039 0.1496 1.7638, -1.5039 0.1429 1.8147, -1.252 0.1429 1.8147, -1.5039 0.1232 1.8622, -1.252 0.1232 1.8622, -1.5039 0.092 1.903, -1.252 0.092 1.903, -1.5039 0.0512 1.9343, -1.252 0.0512 1.9343, -1.5039 0.0037 1.9539, -1.252 0.0037 1.9539, -1.5039 0.1496 0.1575, -1.252 0.1496 0.1575, -1.5039 0.1516 0.1422, -1.252 0.1516 0.1422, -1.5039 0.1575 0.128, -1.252 0.1575 0.128, -1.5039 0.1669 0.1157, -1.252 0.1669 0.1157, -1.5039 0.1791 0.1063, -1.252 0.1791 0.1063, -1.5039 0.1934 0.1004, -1.252 0.1934 0.1004, -1.5039 0.2087 0.0984, -1.252 0.2087 0.0984, -1.3061 0.9055 0.0984, -1.4498 0.9055 0.0984, -1.252 0.7135 0.0984, -1.5039 0.7135 0.0984, -1.252 0.2087 0.0, -1.5039 0.2087 0.0, -1.252 0.7135 0.0, -1.5039 0.7135 0.0, -1.3061 0.9055 0.0, -1.4498 0.9055 0.0, -1.252 0.0512 0.1575, -1.5039 0.0512 0.1575, -1.5039 0.0566 0.1167, -1.252 0.0566 0.1167, -1.5039 0.0723 0.0787, -1.252 0.0723 0.0787, -1.5039 0.0973 0.0461, -1.252 0.0973 0.0461, -1.5039 0.1299 0.0211, -1.252 0.1299 0.0211, -1.5039 0.1679 0.0054, -1.252 0.1679 0.0054, -1.5039 0.0512 1.7638, -1.252 0.0512 1.7638, -1.252 -0.0472 1.8622, -1.5039 -0.0472 1.8622, -1.252 -0.0218 1.8589, -1.5039 -0.0218 1.8589, -1.252 0.002 1.849, -1.5039 0.002 1.849, -1.252 0.0224 1.8334, -1.5039 0.0224 1.8334, -1.252 0.038 1.813, -1.5039 0.038 1.813, -1.252 0.0478 1.7893, -1.5039 0.0478 1.7893, -1.252 -0.2362 1.8622, -1.1811 -0.2362 1.8622, -1.1811 -2.1522 1.8622, -1.5039 -0.2362 1.8622, -1.1811 -2.1652 1.8613, -1.1811 -2.178 1.8588, -1.1811 -3.4596 1.5109, -1.1811 -3.6165 1.5346, -1.1811 -3.58 1.5164, -1.1811 -3.5406 1.5062, -1.1811 -3.4999 1.5043, -1.1811 -4.1097 1.8469, -1.1811 -4.1262 1.8553, -1.1811 -4.144 1.8605, -1.1811 -4.1624 1.8622, -1.1811 -4.2126 1.8622, -1.1811 -2.1782 1.9589, -1.1811 -2.2038 1.9538, -1.1811 -3.4854 1.6059, -1.1811 -3.5055 1.6026, -1.1811 -3.5259 1.6035, -1.1811 -3.5456 1.6087, -1.1811 -3.5639 1.6177, -1.1811 -4.0571 1.9301, -1.1811 -4.09 1.9469, -1.1811 -4.1256 1.9572, -1.1811 -4.1624 1.9606, -1.1811 -4.2126 1.9606
            ]
        }
        coordIndex [
            0,1,2,-1,2,1,3,-1,2,3,4,-1,4,3,5,-1,4,5,6,-1,6,5,7,-1,6,7,8,-1,8,7,9,-1,8,9,10,-1,10,9,11,-1,10,11,12,-1,12,11,13,-1,12,13,14,-1,14,13,15,-1,14,15,16,-1,16,15,17,-1,16,17,18,-1,18,17,19,-1,18,19,20,-1,20,19,21,-1,20,21,22,-1,22,21,23,-1,22,23,24,-1,24,23,25,-1,24,25,26,-1,26,25,27,-1,28,27,25,-1,29,30,31,-1,32,33,31,-1,31,33,28,-1,31,28,29,-1,29,28,25,-1,34,35,36,-1,34,36,37,-1,37,36,38,-1,37,38,39,-1,39,38,40,-1,39,40,41,-1,41,40,42,-1,41,42,43,-1,43,42,44,-1,43,44,45,-1,45,44,33,-1,45,33,32,-1,46,35,47,-1,47,35,34,-1,46,47,48,-1,48,47,49,-1,48,49,50,-1,50,49,51,-1,50,51,52,-1,52,51,53,-1,52,53,54,-1,54,53,55,-1,54,55,56,-1,56,55,57,-1,56,57,58,-1,58,57,59,-1,60,61,62,-1,62,61,63,-1,62,63,59,-1,59,63,58,-1,64,65,66,-1,66,65,67,-1,66,67,68,-1,68,67,69,-1,70,71,72,-1,70,72,73,-1,73,72,74,-1,73,74,75,-1,75,74,76,-1,75,76,77,-1,77,76,78,-1,77,78,79,-1,79,78,80,-1,79,80,81,-1,81,80,65,-1,81,65,64,-1,82,71,83,-1,83,71,70,-1,84,85,86,-1,86,85,87,-1,86,87,88,-1,88,87,89,-1,88,89,90,-1,90,89,91,-1,90,91,92,-1,92,91,93,-1,92,93,94,-1,94,93,95,-1,94,95,83,-1,83,95,82,-1,96,97,98,-1,24,26,99,-1,85,84,99,-1,99,84,96,-1,99,96,24,-1,24,96,98,-1,24,98,22,-1,22,98,100,-1,22,100,20,-1,20,100,101,-1,101,102,20,-1,20,102,18,-1,103,10,12,-1,103,12,104,-1,104,12,14,-1,104,14,105,-1,105,14,16,-1,105,16,106,-1,106,16,18,-1,106,18,102,-1,8,10,107,-1,107,10,103,-1,8,107,6,-1,6,107,108,-1,6,108,4,-1,4,108,109,-1,4,109,2,-1,2,109,110,-1,0,2,111,-1,111,2,110,-1,97,30,98,-1,98,30,29,-1,98,29,100,-1,100,29,112,-1,100,112,101,-1,101,112,113,-1,101,113,102,-1,102,113,114,-1,102,114,106,-1,106,114,115,-1,106,115,105,-1,105,115,116,-1,105,116,104,-1,104,116,117,-1,104,117,103,-1,103,117,118,-1,103,118,107,-1,107,118,119,-1,107,119,108,-1,108,119,120,-1,108,120,109,-1,109,120,121,-1,109,121,110,-1,110,121,122,-1,110,122,111,-1,111,122,123,-1,123,122,1,-1,1,122,3,-1,119,9,7,-1,119,7,120,-1,120,7,5,-1,120,5,121,-1,121,5,3,-1,121,3,122,-1,11,9,118,-1,118,9,119,-1,11,118,13,-1,13,118,117,-1,13,117,15,-1,15,117,116,-1,15,116,17,-1,17,116,115,-1,17,115,19,-1,19,115,114,-1,114,113,19,-1,19,113,21,-1,29,25,23,-1,29,23,112,-1,112,23,21,-1,112,21,113,-1,
        ]
    }
}
Shape{
    appearance Appearance {
        material  Material 	{
            diffuseColor 1.0 0.996078431372549 0.9686274509803922
            specularColor 0.5019607843137255 0.4980392156862745 0.48627450980392156
            ambientIntensity 0.9941
            transparency 0.0
            shininess 0.5
        }
    }
    geometry IndexedFaceSet {
        ccw TRUE
        solid FALSE
        coord DEF co Coordinate {
            point [
                -1.252 -0.2362 1.378, -1.252 0.0394 1.378, -1.252 -0.2362 1.4291, -1.252 0.0394 1.4291
            ]
        }
        coordIndex [
            0,1,2,-1,2,1,3,-1,
        ]
    }
}
Shape{
    appearance Appearance {
        material  Material 	{
            diffuseColor 0.7529411764705882 0.7529411764705882 0.7529411764705882
            specularColor 0.3764705882352941 0.3764705882352941 0.3764705882352941
            ambientIntensity 0.7529
            transparency 0.0
            shininess 0.5
        }
    }
    geometry IndexedFaceSet {
        ccw TRUE
        solid FALSE
        coord DEF co Coordinate {
            point [
                -1.252 0.7135 0.0, -1.252 0.7135 0.0984, -1.252 0.2087 0.0, -1.252 0.2087 0.0984, -1.252 0.1679 0.0054, -1.252 0.1934 0.1004, -1.252 0.1299 0.0211, -1.252 0.1791 0.1063, -1.252 0.0973 0.0461, -1.252 0.1669 0.1157, -1.252 0.0723 0.0787, -1.252 0.1575 0.128, -1.252 0.0566 0.1167, -1.252 0.1516 0.1422, -1.252 0.0512 0.1575, -1.252 0.1496 0.1575, -1.252 0.0512 1.7638, -1.252 0.1496 1.7638, -1.252 0.0478 1.7893, -1.252 0.1429 1.8147, -1.252 0.038 1.813, -1.252 0.1232 1.8622, -1.252 0.0224 1.8334, -1.252 0.092 1.903, -1.252 0.002 1.849, -1.252 0.0512 1.9343, -1.252 -0.0218 1.8589, -1.252 0.0037 1.9539, -1.252 -0.0472 1.8622, -1.252 -0.0472 1.9606, -1.252 -0.2362 1.8622, -1.252 -0.2362 1.9606, 1.5748 -4.2126 1.9606, 1.5748 -4.1624 1.9606, 1.1811 -4.2126 1.9606, 1.1811 -4.1624 1.9606, 1.5748 -4.0571 1.9301, 1.1811 -4.0571 1.9301, 1.1811 -4.09 1.9469, 1.5748 -4.09 1.9469, 1.1811 -4.1256 1.9572, 1.5748 -4.1256 1.9572, 1.1811 -3.5639 1.6177, 1.5748 -3.5639 1.6177, 1.1811 -3.5456 1.6087, 1.5748 -3.5456 1.6087, 1.1811 -3.5259 1.6035, 1.5748 -3.5259 1.6035, 1.1811 -3.5055 1.6026, 1.5748 -3.5055 1.6026, 1.1811 -3.4854 1.6059, 1.5748 -3.4854 1.6059, 1.5748 -2.2038 1.9538, 1.1811 -2.2038 1.9538, 1.5748 -2.1522 1.9606, 1.1811 -2.1522 1.9606, 1.1811 -2.1782 1.9589, 1.5748 -2.1782 1.9589
            ]
        }
        coordIndex [
            0,1,2,-1,2,1,3,-1,2,3,4,-1,4,3,5,-1,4,5,6,-1,6,5,7,-1,6,7,8,-1,8,7,9,-1,8,9,10,-1,10,9,11,-1,10,11,12,-1,12,11,13,-1,12,13,14,-1,14,13,15,-1,14,15,16,-1,16,15,17,-1,16,17,18,-1,18,17,19,-1,18,19,20,-1,20,19,21,-1,20,21,22,-1,22,21,23,-1,22,23,24,-1,24,23,25,-1,24,25,26,-1,26,25,27,-1,26,27,28,-1,28,27,29,-1,28,29,30,-1,30,29,31,-1,32,33,34,-1,34,33,35,-1,36,37,38,-1,36,38,39,-1,39,38,40,-1,39,40,41,-1,41,40,35,-1,41,35,33,-1,42,37,43,-1,43,37,36,-1,42,43,44,-1,44,43,45,-1,44,45,46,-1,46,45,47,-1,46,47,48,-1,48,47,49,-1,48,49,50,-1,50,49,51,-1,51,52,50,-1,50,52,53,-1,54,55,56,-1,54,56,57,-1,57,56,53,-1,57,53,52,-1,
        ]
    }
}
Shape{
    appearance Appearance {
        material  Material 	{
            diffuseColor 1.0 0.996078431372549 0.9686274509803922
            specularColor 0.5019607843137255 0.4980392156862745 0.48627450980392156
            ambientIntensity 0.9941
            transparency 0.0
            shininess 0.5
        }
    }
    geometry IndexedFaceSet {
        ccw TRUE
        solid FALSE
        coord DEF co Coordinate {
            point [
                -1.25 0.0394 1.378, -1.25 0.2559 1.378, -1.25 0.0394 0.1969, -1.25 0.2559 0.1969
            ]
        }
        coordIndex [
            0,1,2,-1,2,1,3,-1,
        ]
    }
}
Shape{
    appearance Appearance {
        material  Material 	{
            diffuseColor 0.0 0.0 0.0
            specularColor 0.0 0.0 0.0
            ambientIntensity 0.0
            transparency 0.0
            shininess 0.5
        }
    }
    geometry IndexedFaceSet {
        ccw TRUE
        solid FALSE
        coord DEF co Coordinate {
            point [
                2.5925 -0.7655 1.4431, 2.5925 -0.7655 1.4279, 2.5886 -0.7655 1.4431, 2.5886 -0.7655 1.4279, 2.5925 -0.8184 1.4431, 2.5886 -0.8184 1.4431, 2.5925 -0.8184 1.5608, 2.5886 -0.8184 1.5608, 2.5925 -0.8355 1.5608, 2.5886 -0.8355 1.5608, 2.5925 -0.8355 1.4279, 2.5886 -0.8355 1.4279, 2.5925 -0.677 1.4276, 2.5925 -0.6973 1.4257, 2.5886 -0.6973 1.4257, 2.5886 -0.6856 1.4268, 2.5886 -0.677 1.4276, 2.5925 -0.6628 1.4323, 2.5886 -0.6662 1.4312, 2.5886 -0.6628 1.4323, 2.5886 -0.6605 1.4334, 2.5925 -0.6605 1.4334, 2.5925 -0.6605 1.4499, 2.5886 -0.6605 1.4499, 2.5886 -0.6662 1.4472, 2.5925 -0.6719 1.4445, 2.5886 -0.6719 1.4445, 2.5886 -0.6866 1.4414, 2.5925 -0.6866 1.4414, 2.5886 -0.6948 1.441, 2.5925 -0.6948 1.441, 2.5886 -0.7073 1.4424, 2.5925 -0.7073 1.4424, 2.5886 -0.7169 1.4458, 2.5925 -0.7169 1.4458, 2.5886 -0.7257 1.4518, 2.5925 -0.7257 1.4518, 2.5886 -0.729 1.455, 2.5925 -0.729 1.455, 2.5886 -0.7354 1.4639, 2.5925 -0.7354 1.4639, 2.5886 -0.7397 1.4746, 2.5925 -0.7397 1.4746, 2.5886 -0.7419 1.4879, 2.5925 -0.7419 1.4879, 2.5886 -0.742 1.4929, 2.5925 -0.742 1.4929, 2.5886 -0.7399 1.511, 2.5925 -0.7399 1.511, 2.5886 -0.7354 1.5225, 2.5925 -0.7354 1.5225, 2.5886 -0.729 1.5318, 2.5925 -0.729 1.5318, 2.5886 -0.728 1.5328, 2.5925 -0.728 1.5328, 2.5886 -0.7192 1.5402, 2.5925 -0.7192 1.5402, 2.5886 -0.7088 1.5451, 2.5925 -0.7088 1.5451, 2.5886 -0.6972 1.5474, 2.5925 -0.6972 1.5474, 2.5886 -0.6918 1.5476, 2.5925 -0.6918 1.5476, 2.5886 -0.6755 1.5456, 2.5886 -0.6662 1.5421, 2.5925 -0.662 1.5405, 2.5925 -0.6755 1.5456, 2.5886 -0.662 1.5405, 2.5886 -0.6605 1.5397, 2.5925 -0.6605 1.5397, 2.5925 -0.6605 1.5577, 2.5886 -0.6605 1.5577, 2.5886 -0.6662 1.5593, 2.5925 -0.6746 1.5617, 2.5886 -0.692 1.5631, 2.5925 -0.692 1.5631, 2.5886 -0.6777 1.562, 2.5886 -0.6746 1.5617, 2.5886 -0.7013 1.562, 2.5925 -0.7111 1.5608, 2.5886 -0.7111 1.5608, 2.5886 -0.725 1.5554, 2.5925 -0.725 1.5554, 2.5886 -0.7379 1.5463, 2.5925 -0.7379 1.5463, 2.5886 -0.7408 1.5435, 2.5925 -0.7408 1.5435, 2.5886 -0.7492 1.533, 2.5925 -0.7492 1.533, 2.5886 -0.756 1.5186, 2.5925 -0.756 1.5186, 2.5886 -0.7595 1.5018, 2.5925 -0.7595 1.5018, 2.5886 -0.76 1.4919, 2.5925 -0.76 1.4919, 2.5886 -0.7574 1.4704, 2.5925 -0.7574 1.4704, 2.5886 -0.752 1.4565, 2.5925 -0.752 1.4565, 2.5886 -0.7441 1.4451, 2.5925 -0.7441 1.4451, 2.5886 -0.743 1.4438, 2.5925 -0.743 1.4438, 2.5886 -0.721 1.4295, 2.5925 -0.7334 1.4357, 2.5886 -0.7334 1.4357, 2.5886 -0.7094 1.4268, 2.5925 -0.7069 1.4262, 2.5925 -0.721 1.4295, 2.5886 -0.7069 1.4262, 2.5925 -0.5624 1.4431, 2.5925 -0.5624 1.4279, 2.5886 -0.5624 1.4431, 2.5886 -0.5624 1.4279, 2.5925 -0.6167 1.4431, 2.5886 -0.6167 1.4431, 2.5925 -0.6167 1.4878, 2.5886 -0.6167 1.4878, 2.5925 -0.5692 1.4878, 2.5886 -0.5692 1.4878, 2.5925 -0.5692 1.503, 2.5886 -0.5692 1.503, 2.5925 -0.6167 1.503, 2.5886 -0.6167 1.503, 2.5925 -0.6167 1.5456, 2.5886 -0.6167 1.5456, 2.5925 -0.5654 1.5456, 2.5886 -0.5654 1.5456, 2.5925 -0.5654 1.5608, 2.5886 -0.5654 1.5608, 2.5925 -0.6339 1.5608, 2.5886 -0.6339 1.5608, 2.5925 -0.6339 1.4279, 2.5886 -0.6339 1.4279, 2.5925 -0.4546 1.4653, 2.5925 -0.4613 1.4569, 2.5925 -0.4491 1.4465, 2.5925 -0.463 1.4554, 2.5925 -0.4631 1.4365, 2.5925 -0.4716 1.4495, 2.5925 -0.4783 1.4306, 2.5925 -0.4826 1.4452, 2.5925 -0.5007 1.4279, 2.5925 -0.5008 1.4431, 2.5925 -0.5373 1.4279, 2.5925 -0.5201 1.4431, 2.5925 -0.5373 1.5608, 2.5925 -0.5201 1.5456, 2.5925 -0.4994 1.5608, 2.5925 -0.5 1.5456, 2.5925 -0.4791 1.5586, 2.5925 -0.4826 1.5436, 2.5925 -0.463 1.5527, 2.5925 -0.4711 1.5393, 2.5925 -0.4491 1.5432, 2.5925 -0.4617 1.5331, 2.5925 -0.4444 1.5386, 2.5925 -0.4568 1.528, 2.5925 -0.4361 1.527, 2.5925 -0.452 1.5202, 2.5925 -0.4313 1.5143, 2.5925 -0.4485 1.5098, 2.5925 -0.4291 1.4961, 2.5925 -0.4471 1.4956, 2.5925 -0.4297 1.4852, 2.5925 -0.4475 1.4875, 2.5925 -0.4334 1.47, 2.5925 -0.4501 1.4752, 2.5925 -0.4404 1.4565, 2.5886 -0.5007 1.4279, 2.5886 -0.5373 1.4279, 2.5886 -0.4491 1.4465, 2.5886 -0.4783 1.4306, 2.5886 -0.4764 1.4314, 2.5886 -0.4631 1.4365, 2.5886 -0.4404 1.4565, 2.5886 -0.4334 1.47, 2.5886 -0.4297 1.4852, 2.5886 -0.4291 1.4961, 2.5886 -0.4313 1.5143, 2.5886 -0.4361 1.527, 2.5886 -0.4444 1.5386, 2.5886 -0.4491 1.5432, 2.5886 -0.463 1.5527, 2.5886 -0.4764 1.5576, 2.5886 -0.4791 1.5586, 2.5886 -0.4994 1.5608, 2.5886 -0.5373 1.5608, 2.5886 -0.5 1.5456, 2.5886 -0.5201 1.5456, 2.5886 -0.5201 1.4431, 2.5886 -0.5008 1.4431, 2.5886 -0.4613 1.4569, 2.5886 -0.463 1.4554, 2.5886 -0.4716 1.4495, 2.5886 -0.4826 1.4452, 2.5886 -0.4471 1.4956, 2.5886 -0.4475 1.4875, 2.5886 -0.4501 1.4752, 2.5886 -0.4546 1.4653, 2.5886 -0.4617 1.5331, 2.5886 -0.4568 1.528, 2.5886 -0.452 1.5202, 2.5886 -0.4485 1.5098, 2.5886 -0.4826 1.5436, 2.5886 -0.4711 1.5393
            ]
        }
        coordIndex [
            0,1,2,-1,2,1,3,-1,4,0,5,-1,5,0,2,-1,6,4,7,-1,7,4,5,-1,8,6,9,-1,9,6,7,-1,10,8,11,-1,11,8,9,-1,1,10,3,-1,3,10,11,-1,6,8,4,-1,4,8,10,-1,4,10,0,-1,0,10,1,-1,12,13,14,-1,14,15,12,-1,12,15,16,-1,12,16,17,-1,17,16,18,-1,18,19,17,-1,17,19,20,-1,17,20,21,-1,22,21,23,-1,23,21,20,-1,22,23,24,-1,22,24,25,-1,24,26,25,-1,25,26,27,-1,25,27,28,-1,28,27,29,-1,28,29,30,-1,30,29,31,-1,30,31,32,-1,32,31,33,-1,32,33,34,-1,34,33,35,-1,34,35,36,-1,36,35,37,-1,36,37,38,-1,38,37,39,-1,38,39,40,-1,40,39,41,-1,40,41,42,-1,42,41,43,-1,42,43,44,-1,44,43,45,-1,44,45,46,-1,46,45,47,-1,46,47,48,-1,48,47,49,-1,48,49,50,-1,50,49,51,-1,50,51,52,-1,52,51,53,-1,52,53,54,-1,54,53,55,-1,54,55,56,-1,56,55,57,-1,56,57,58,-1,58,57,59,-1,58,59,60,-1,60,59,61,-1,60,61,62,-1,62,61,63,-1,64,65,63,-1,63,65,66,-1,63,66,62,-1,64,67,65,-1,65,67,68,-1,65,68,69,-1,70,69,71,-1,71,69,68,-1,70,71,72,-1,70,72,73,-1,74,75,76,-1,76,75,73,-1,76,73,77,-1,77,73,72,-1,75,74,78,-1,75,78,79,-1,78,80,79,-1,79,80,81,-1,79,81,82,-1,82,81,83,-1,82,83,84,-1,84,83,85,-1,84,85,86,-1,86,85,87,-1,86,87,88,-1,88,87,89,-1,88,89,90,-1,90,89,91,-1,90,91,92,-1,92,91,93,-1,92,93,94,-1,94,93,95,-1,94,95,96,-1,96,95,97,-1,96,97,98,-1,98,97,99,-1,98,99,100,-1,100,99,101,-1,100,101,102,-1,103,104,105,-1,105,104,102,-1,105,102,101,-1,106,107,103,-1,103,107,108,-1,103,108,104,-1,106,109,107,-1,107,109,14,-1,107,14,13,-1,48,50,88,-1,56,58,79,-1,88,50,86,-1,79,58,75,-1,79,82,56,-1,56,82,84,-1,56,84,54,-1,54,84,86,-1,54,86,52,-1,52,86,50,-1,58,60,75,-1,75,60,62,-1,75,62,73,-1,73,62,66,-1,73,66,70,-1,70,66,65,-1,70,65,69,-1,94,46,92,-1,92,46,48,-1,92,48,90,-1,90,48,88,-1,21,22,17,-1,17,22,25,-1,17,25,12,-1,12,25,28,-1,12,28,13,-1,13,28,30,-1,13,30,107,-1,107,30,32,-1,107,32,108,-1,108,32,34,-1,108,34,104,-1,104,34,36,-1,104,36,102,-1,102,36,38,-1,102,38,100,-1,100,38,40,-1,100,40,98,-1,98,40,96,-1,96,40,42,-1,96,42,94,-1,94,42,44,-1,94,44,46,-1,110,111,112,-1,112,111,113,-1,114,110,115,-1,115,110,112,-1,116,114,117,-1,117,114,115,-1,118,116,119,-1,119,116,117,-1,120,118,121,-1,121,118,119,-1,122,120,123,-1,123,120,121,-1,124,122,125,-1,125,122,123,-1,126,124,127,-1,127,124,125,-1,128,126,129,-1,129,126,127,-1,130,128,131,-1,131,128,129,-1,132,130,133,-1,133,130,131,-1,111,132,113,-1,113,132,133,-1,132,111,110,-1,110,114,132,-1,132,114,116,-1,132,116,130,-1,126,128,124,-1,124,128,130,-1,124,130,122,-1,122,130,116,-1,122,116,120,-1,120,116,118,-1,134,135,136,-1,136,135,137,-1,136,137,138,-1,138,137,139,-1,138,139,140,-1,140,139,141,-1,140,141,142,-1,142,141,143,-1,142,143,144,-1,144,143,145,-1,144,145,146,-1,146,145,147,-1,146,147,148,-1,148,147,149,-1,148,149,150,-1,150,149,151,-1,150,151,152,-1,152,151,153,-1,152,153,154,-1,154,153,155,-1,154,155,156,-1,156,155,157,-1,156,157,158,-1,158,157,159,-1,158,159,160,-1,160,159,161,-1,160,161,162,-1,162,161,163,-1,162,163,164,-1,164,163,165,-1,164,165,166,-1,166,165,167,-1,166,167,168,-1,168,167,134,-1,168,134,136,-1,142,144,169,-1,169,144,170,-1,171,136,138,-1,142,169,172,-1,142,172,140,-1,140,172,173,-1,140,173,138,-1,138,173,174,-1,138,174,171,-1,136,171,175,-1,136,175,168,-1,168,175,176,-1,168,176,166,-1,166,176,177,-1,166,177,164,-1,164,177,178,-1,164,178,162,-1,162,178,179,-1,162,179,160,-1,160,179,180,-1,160,180,158,-1,158,180,181,-1,158,181,156,-1,156,181,182,-1,156,182,154,-1,154,182,183,-1,184,150,183,-1,183,150,152,-1,183,152,154,-1,184,185,150,-1,150,185,186,-1,150,186,148,-1,146,148,187,-1,187,148,186,-1,144,146,170,-1,170,146,187,-1,149,147,188,-1,188,147,189,-1,147,145,189,-1,189,145,190,-1,145,143,190,-1,190,143,191,-1,135,192,193,-1,135,193,137,-1,137,193,194,-1,137,194,139,-1,139,194,195,-1,139,195,141,-1,141,195,191,-1,141,191,143,-1,163,196,197,-1,163,197,165,-1,165,197,198,-1,165,198,167,-1,167,198,199,-1,167,199,134,-1,134,199,192,-1,134,192,135,-1,155,200,201,-1,155,201,157,-1,157,201,202,-1,157,202,159,-1,159,202,203,-1,159,203,161,-1,161,203,196,-1,161,196,163,-1,149,188,204,-1,149,204,151,-1,151,204,205,-1,151,205,153,-1,153,205,200,-1,153,200,155,-1,
        ]
    }
}
Shape{
    appearance Appearance {
        material  Material 	{
            diffuseColor 0.7529411764705882 0.7529411764705882 0.7529411764705882
            specularColor 0.3764705882352941 0.3764705882352941 0.3764705882352941
            ambientIntensity 0.7529
            transparency 0.0
            shininess 0.5
        }
    }
    geometry IndexedFaceSet {
        ccw TRUE
        solid FALSE
        coord DEF co Coordinate {
            point [
                2.5886 -0.5201 1.5456, 2.5886 -0.5201 1.4431, 2.5886 -0.5 1.5456, 2.5886 -0.5008 1.4431, 2.5886 -0.4826 1.4452, 2.5886 -0.4716 1.4495, 2.5886 -0.463 1.4554, 2.5886 -0.4471 1.4956, 2.5886 -0.4617 1.5331, 2.5886 -0.4711 1.5393, 2.5886 -0.4613 1.4569, 2.5886 -0.4546 1.4653, 2.5886 -0.4501 1.4752, 2.5886 -0.4568 1.528, 2.5886 -0.4485 1.5098, 2.5886 -0.452 1.5202, 2.5886 -0.4475 1.4875, 2.5886 -0.4826 1.5436
            ]
        }
        coordIndex [
            0,1,2,-1,2,1,3,-1,3,4,2,-1,2,4,5,-1,2,5,6,-1,7,8,9,-1,6,10,2,-1,2,10,11,-1,2,11,12,-1,8,7,13,-1,13,7,14,-1,13,14,15,-1,12,16,2,-1,2,16,7,-1,2,7,17,-1,17,7,9,-1,
        ]
    }
}
Shape{
    appearance Appearance {
        material  Material 	{
            diffuseColor 0.0 0.0 0.0
            specularColor 0.0 0.0 0.0
            ambientIntensity 0.0
            transparency 0.0
            shininess 0.5
        }
    }
    geometry IndexedFaceSet {
        ccw TRUE
        solid FALSE
        coord DEF co Coordinate {
            point [
                2.5925 -0.3845 1.4793, 2.5925 -0.39 1.4643, 2.5925 -0.3399 1.4793, 2.5925 -0.3346 1.4643, 2.5925 -0.3646 1.5345, 2.5925 -0.3711 1.5608, 2.5925 -0.4217 1.4279, 2.5925 -0.4027 1.4279, 2.5925 -0.3635 1.5385, 2.5925 -0.3625 1.5439, 2.5925 -0.3527 1.5608, 2.5925 -0.3621 1.5439, 2.5925 -0.361 1.5382, 2.5925 -0.36 1.5345, 2.5925 -0.3021 1.4279, 2.5925 -0.3211 1.4279, 2.5886 -0.3527 1.5608, 2.5886 -0.3021 1.4279, 2.5886 -0.3711 1.5608, 2.5886 -0.4217 1.4279, 2.5886 -0.3834 1.5285, 2.5886 -0.4027 1.4279, 2.5886 -0.39 1.4643, 2.5886 -0.3346 1.4643, 2.5886 -0.3834 1.4643, 2.5886 -0.3211 1.4279, 2.5886 -0.3845 1.4793, 2.5886 -0.3399 1.4793, 2.5886 -0.36 1.5345, 2.5886 -0.3621 1.5439, 2.5886 -0.361 1.5382, 2.5886 -0.3625 1.5439, 2.5886 -0.3646 1.5345, 2.5886 -0.3635 1.5385
            ]
        }
        coordIndex [
            0,1,2,-1,2,1,3,-1,4,5,0,-1,0,5,6,-1,0,6,1,-1,1,6,7,-1,4,8,5,-1,5,8,9,-1,5,9,10,-1,10,9,11,-1,10,11,12,-1,12,13,10,-1,10,13,2,-1,10,2,14,-1,14,2,3,-1,14,3,15,-1,10,14,16,-1,16,14,17,-1,5,10,18,-1,18,10,16,-1,19,6,20,-1,20,6,5,-1,20,5,18,-1,7,6,21,-1,21,6,19,-1,1,7,22,-1,22,7,21,-1,23,3,24,-1,24,3,1,-1,24,1,22,-1,15,3,25,-1,25,3,23,-1,14,15,17,-1,17,15,25,-1,0,2,26,-1,26,2,27,-1,2,13,27,-1,27,13,28,-1,11,29,30,-1,11,30,12,-1,12,30,28,-1,12,28,13,-1,11,9,29,-1,29,9,31,-1,4,32,33,-1,4,33,8,-1,8,33,31,-1,8,31,9,-1,4,0,32,-1,32,0,26,-1,
        ]
    }
}
Shape{
    appearance Appearance {
        material  Material 	{
            diffuseColor 0.7529411764705882 0.7529411764705882 0.7529411764705882
            specularColor 0.3764705882352941 0.3764705882352941 0.3764705882352941
            ambientIntensity 0.7529
            transparency 0.0
            shininess 0.5
        }
    }
    geometry IndexedFaceSet {
        ccw TRUE
        solid FALSE
        coord DEF co Coordinate {
            point [
                2.5886 -0.3621 1.5439, 2.5886 -0.3625 1.5439, 2.5886 -0.361 1.5382, 2.5886 -0.3635 1.5385, 2.5886 -0.36 1.5345, 2.5886 -0.3646 1.5345, 2.5886 -0.3399 1.4793, 2.5886 -0.3845 1.4793
            ]
        }
        coordIndex [
            0,1,2,-1,2,1,3,-1,2,3,4,-1,4,3,5,-1,4,5,6,-1,6,5,7,-1,
        ]
    }
}
Shape{
    appearance Appearance {
        material  Material 	{
            diffuseColor 0.0 0.0 0.0
            specularColor 0.0 0.0 0.0
            ambientIntensity 0.0
            transparency 0.0
            shininess 0.5
        }
    }
    geometry IndexedFaceSet {
        ccw TRUE
        solid FALSE
        coord DEF co Coordinate {
            point [
                2.5925 -0.7641 1.2322, 2.5925 -0.7641 1.2171, 2.5886 -0.7641 1.2322, 2.5886 -0.7641 1.2171, 2.5886 -0.8184 1.2322, 2.5925 -0.8184 1.2322, 2.5886 -0.7648 1.2322, 2.5925 -0.8184 1.2769, 2.5886 -0.8184 1.2769, 2.5925 -0.7709 1.2769, 2.5886 -0.7709 1.2769, 2.5925 -0.7709 1.2921, 2.5886 -0.7709 1.2921, 2.5925 -0.8184 1.2921, 2.5886 -0.8184 1.2921, 2.5925 -0.8184 1.3347, 2.5886 -0.8184 1.3347, 2.5925 -0.7671 1.3347, 2.5886 -0.7671 1.3347, 2.5925 -0.7671 1.35, 2.5886 -0.7671 1.35, 2.5925 -0.8355 1.35, 2.5886 -0.8355 1.35, 2.5925 -0.8355 1.2171, 2.5886 -0.8355 1.2171, 2.5886 -0.7648 1.2171, 2.5925 -0.6889 1.2317, 2.5925 -0.6885 1.2317, 2.5925 -0.6896 1.2471, 2.5925 -0.6885 1.2545, 2.5925 -0.6718 1.2781, 2.5925 -0.6885 1.2556, 2.5925 -0.6885 1.2647, 2.5925 -0.6885 1.2171, 2.5925 -0.6718 1.2171, 2.5925 -0.7247 1.2575, 2.5925 -0.7207 1.2594, 2.5925 -0.7294 1.2703, 2.5925 -0.692 1.2411, 2.5925 -0.6956 1.2362, 2.5925 -0.6916 1.2277, 2.5925 -0.6977 1.2342, 2.5925 -0.6968 1.2221, 2.5925 -0.7024 1.231, 2.5925 -0.7027 1.2182, 2.5925 -0.7075 1.2292, 2.5925 -0.7094 1.2158, 2.5925 -0.7137 1.2285, 2.5925 -0.718 1.2148, 2.5925 -0.7193 1.2291, 2.5925 -0.728 1.216, 2.5925 -0.7231 1.2305, 2.5925 -0.7344 1.2184, 2.5925 -0.7264 1.2328, 2.5925 -0.74 1.2223, 2.5925 -0.7278 1.2342, 2.5925 -0.7166 1.2735, 2.5925 -0.7107 1.2617, 2.5925 -0.6885 1.2774, 2.5925 -0.7268 1.2559, 2.5925 -0.7365 1.2666, 2.5925 -0.7288 1.2534, 2.5925 -0.7415 1.2622, 2.5925 -0.7303 1.2503, 2.5925 -0.7448 1.2574, 2.5925 -0.7311 1.2465, 2.5925 -0.7471 1.2515, 2.5925 -0.7312 1.2438, 2.5925 -0.7481 1.2425, 2.5925 -0.7308 1.24, 2.5925 -0.7473 1.2349, 2.5925 -0.7297 1.237, 2.5925 -0.7453 1.2293, 2.5925 -0.7418 1.2242, 2.5925 -0.7388 1.3053, 2.5925 -0.7388 1.2892, 2.5925 -0.7353 1.3074, 2.5925 -0.7283 1.2959, 2.5925 -0.7229 1.3121, 2.5925 -0.7179 1.2996, 2.5925 -0.7062 1.3142, 2.5925 -0.7077 1.3006, 2.5925 -0.6965 1.3133, 2.5925 -0.7021 1.3001, 2.5925 -0.6894 1.3112, 2.5925 -0.6982 1.2987, 2.5925 -0.6838 1.3081, 2.5925 -0.6953 1.2968, 2.5925 -0.6793 1.3039, 2.5925 -0.6927 1.2941, 2.5925 -0.6759 1.2986, 2.5925 -0.6908 1.2907, 2.5925 -0.6732 1.2912, 2.5925 -0.6891 1.2848, 2.5886 -0.7062 1.3142, 2.5886 -0.7229 1.3121, 2.5886 -0.7353 1.3074, 2.5886 -0.7388 1.3053, 2.5886 -0.7388 1.2892, 2.5886 -0.7283 1.2959, 2.5886 -0.7179 1.2996, 2.5886 -0.7077 1.3006, 2.5886 -0.7021 1.3001, 2.5886 -0.6982 1.2987, 2.5886 -0.6953 1.2968, 2.5886 -0.6927 1.2941, 2.5886 -0.6908 1.2907, 2.5886 -0.6891 1.2848, 2.5886 -0.6885 1.2774, 2.5886 -0.7166 1.2735, 2.5886 -0.7294 1.2703, 2.5886 -0.7365 1.2666, 2.5886 -0.7415 1.2622, 2.5886 -0.7448 1.2574, 2.5886 -0.7471 1.2515, 2.5886 -0.7481 1.2425, 2.5886 -0.7473 1.2349, 2.5886 -0.7453 1.2293, 2.5886 -0.7418 1.2242, 2.5886 -0.74 1.2223, 2.5886 -0.718 1.2148, 2.5886 -0.7277 1.2159, 2.5886 -0.728 1.216, 2.5886 -0.7344 1.2184, 2.5886 -0.7094 1.2158, 2.5886 -0.709 1.2159, 2.5886 -0.7027 1.2182, 2.5886 -0.6968 1.2221, 2.5886 -0.6916 1.2277, 2.5886 -0.6889 1.2317, 2.5886 -0.6885 1.2317, 2.5886 -0.6885 1.2171, 2.5886 -0.6718 1.2171, 2.5886 -0.6718 1.2781, 2.5886 -0.6732 1.2912, 2.5886 -0.6759 1.2986, 2.5886 -0.6793 1.3039, 2.5886 -0.6838 1.3081, 2.5886 -0.6894 1.3112, 2.5886 -0.6965 1.3133, 2.5886 -0.7268 1.2559, 2.5886 -0.7247 1.2575, 2.5886 -0.7207 1.2594, 2.5886 -0.7107 1.2617, 2.5886 -0.7312 1.2438, 2.5886 -0.7311 1.2465, 2.5886 -0.7303 1.2503, 2.5886 -0.7288 1.2534, 2.5886 -0.7264 1.2328, 2.5886 -0.7278 1.2342, 2.5886 -0.7297 1.237, 2.5886 -0.7308 1.24, 2.5886 -0.7137 1.2285, 2.5886 -0.7193 1.2291, 2.5886 -0.7231 1.2305, 2.5886 -0.6956 1.2362, 2.5886 -0.6977 1.2342, 2.5886 -0.7024 1.231, 2.5886 -0.7075 1.2292, 2.5886 -0.6885 1.2556, 2.5886 -0.6885 1.2545, 2.5886 -0.6896 1.2471, 2.5886 -0.692 1.2411, 2.5886 -0.6885 1.2647
            ]
        }
        coordIndex [
            0,1,2,-1,2,1,3,-1,4,5,6,-1,6,5,0,-1,6,0,2,-1,7,5,8,-1,8,5,4,-1,9,7,10,-1,10,7,8,-1,11,9,12,-1,12,9,10,-1,13,11,14,-1,14,11,12,-1,15,13,16,-1,16,13,14,-1,17,15,18,-1,18,15,16,-1,19,17,20,-1,20,17,18,-1,21,19,22,-1,22,19,20,-1,23,21,24,-1,24,21,22,-1,3,1,25,-1,25,1,23,-1,25,23,24,-1,23,1,0,-1,0,5,23,-1,23,5,7,-1,23,7,21,-1,17,19,15,-1,15,19,21,-1,15,21,13,-1,13,21,7,-1,13,7,11,-1,11,7,9,-1,26,27,28,-1,29,30,31,-1,31,30,32,-1,33,34,27,-1,27,34,30,-1,27,30,28,-1,28,30,29,-1,35,36,37,-1,28,38,26,-1,26,38,39,-1,26,39,40,-1,40,39,41,-1,40,41,42,-1,42,41,43,-1,42,43,44,-1,44,43,45,-1,44,45,46,-1,46,45,47,-1,46,47,48,-1,48,47,49,-1,48,49,50,-1,50,49,51,-1,50,51,52,-1,52,51,53,-1,52,53,54,-1,54,53,55,-1,37,36,56,-1,56,36,57,-1,56,57,58,-1,35,37,59,-1,59,37,60,-1,59,60,61,-1,61,60,62,-1,61,62,63,-1,63,62,64,-1,63,64,65,-1,65,64,66,-1,65,66,67,-1,67,66,68,-1,67,68,69,-1,69,68,70,-1,69,70,71,-1,71,70,72,-1,71,72,55,-1,55,72,73,-1,55,73,54,-1,74,75,76,-1,76,75,77,-1,76,77,78,-1,78,77,79,-1,78,79,80,-1,80,79,81,-1,80,81,82,-1,82,81,83,-1,82,83,84,-1,84,83,85,-1,84,85,86,-1,86,85,87,-1,86,87,88,-1,88,87,89,-1,88,89,90,-1,90,89,91,-1,90,91,92,-1,92,91,93,-1,92,93,30,-1,30,93,58,-1,30,58,32,-1,32,58,57,-1,80,94,95,-1,80,95,78,-1,78,95,96,-1,78,96,76,-1,76,96,97,-1,76,97,74,-1,75,74,98,-1,98,74,97,-1,75,98,99,-1,75,99,77,-1,77,99,100,-1,77,100,79,-1,79,100,101,-1,79,101,81,-1,81,101,102,-1,81,102,83,-1,83,102,103,-1,83,103,85,-1,85,103,104,-1,85,104,87,-1,87,104,105,-1,87,105,89,-1,89,105,106,-1,89,106,91,-1,91,106,107,-1,91,107,93,-1,93,107,108,-1,93,108,58,-1,56,58,109,-1,109,58,108,-1,56,109,110,-1,56,110,37,-1,37,110,111,-1,37,111,60,-1,60,111,112,-1,60,112,62,-1,62,112,113,-1,62,113,64,-1,64,113,114,-1,64,114,66,-1,66,114,115,-1,66,115,68,-1,68,115,116,-1,68,116,70,-1,70,116,117,-1,70,117,72,-1,72,117,118,-1,72,118,73,-1,73,118,119,-1,73,119,54,-1,120,48,121,-1,121,48,50,-1,121,50,122,-1,122,50,52,-1,122,52,123,-1,123,52,54,-1,123,54,119,-1,48,120,124,-1,48,124,46,-1,46,124,125,-1,46,125,44,-1,125,126,44,-1,44,126,127,-1,44,127,42,-1,42,127,128,-1,42,128,40,-1,40,128,129,-1,40,129,26,-1,27,26,130,-1,130,26,129,-1,33,27,131,-1,131,27,130,-1,34,33,132,-1,132,33,131,-1,30,34,133,-1,133,34,132,-1,30,133,134,-1,30,134,92,-1,92,134,135,-1,92,135,90,-1,90,135,136,-1,90,136,88,-1,88,136,137,-1,88,137,86,-1,86,137,138,-1,86,138,84,-1,84,138,139,-1,84,139,82,-1,82,139,94,-1,82,94,80,-1,59,140,141,-1,59,141,35,-1,35,141,142,-1,35,142,36,-1,36,142,143,-1,36,143,57,-1,67,144,145,-1,67,145,65,-1,65,145,146,-1,65,146,63,-1,63,146,147,-1,63,147,61,-1,61,147,140,-1,61,140,59,-1,53,148,149,-1,53,149,55,-1,55,149,150,-1,55,150,71,-1,71,150,151,-1,71,151,69,-1,69,151,144,-1,69,144,67,-1,47,152,153,-1,47,153,49,-1,49,153,154,-1,49,154,51,-1,51,154,148,-1,51,148,53,-1,39,155,156,-1,39,156,41,-1,41,156,157,-1,41,157,43,-1,43,157,158,-1,43,158,45,-1,45,158,152,-1,45,152,47,-1,31,159,160,-1,31,160,29,-1,29,160,161,-1,29,161,28,-1,28,161,162,-1,28,162,38,-1,38,162,155,-1,38,155,39,-1,31,32,159,-1,159,32,163,-1,32,57,163,-1,163,57,143,-1,
        ]
    }
}
Shape{
    appearance Appearance {
        material  Material 	{
            diffuseColor 0.7529411764705882 0.7529411764705882 0.7529411764705882
            specularColor 0.3764705882352941 0.3764705882352941 0.3764705882352941
            ambientIntensity 0.7529
            transparency 0.0
            shininess 0.5
        }
    }
    geometry IndexedFaceSet {
        ccw TRUE
        solid FALSE
        coord DEF co Coordinate {
            point [
                2.5886 -0.6885 1.2545, 2.5886 -0.6885 1.2556, 2.5886 -0.7268 1.2559, 2.5886 -0.6885 1.2647, 2.5886 -0.7107 1.2617, 2.5886 -0.7207 1.2594, 2.5886 -0.7247 1.2575, 2.5886 -0.6896 1.2471, 2.5886 -0.7288 1.2534, 2.5886 -0.692 1.2411, 2.5886 -0.7278 1.2342, 2.5886 -0.7264 1.2328, 2.5886 -0.6977 1.2342, 2.5886 -0.7297 1.237, 2.5886 -0.7024 1.231, 2.5886 -0.7075 1.2292, 2.5886 -0.7137 1.2285, 2.5886 -0.7303 1.2503, 2.5886 -0.7311 1.2465, 2.5886 -0.6956 1.2362, 2.5886 -0.7312 1.2438, 2.5886 -0.7308 1.24, 2.5886 -0.7231 1.2305, 2.5886 -0.7193 1.2291
            ]
        }
        coordIndex [
            0,1,2,-1,1,3,4,-1,4,5,1,-1,1,5,6,-1,1,6,2,-1,0,2,7,-1,7,2,8,-1,7,8,9,-1,10,11,12,-1,10,12,13,-1,14,12,15,-1,15,12,16,-1,8,17,9,-1,9,17,18,-1,9,18,19,-1,19,18,20,-1,19,20,12,-1,12,20,21,-1,12,21,13,-1,11,22,12,-1,12,22,23,-1,12,23,16,-1,
        ]
    }
}
Shape{
    appearance Appearance {
        material  Material 	{
            diffuseColor 0.0 0.0 0.0
            specularColor 0.0 0.0 0.0
            ambientIntensity 0.0
            transparency 0.0
            shininess 0.5
        }
    }
    geometry IndexedFaceSet {
        ccw TRUE
        solid FALSE
        coord DEF co Coordinate {
            point [
                2.5925 -0.6219 1.2284, 2.5886 -0.6219 1.2284, 2.5886 -0.6329 1.2298, 2.5925 -0.6329 1.2298, 2.5886 -0.6433 1.2338, 2.5925 -0.6433 1.2338, 2.5886 -0.6493 1.2376, 2.5925 -0.6493 1.2376, 2.5925 -0.6493 1.2204, 2.5886 -0.6493 1.2204, 2.5886 -0.6235 1.2148, 2.5925 -0.6235 1.2148, 2.5886 -0.6337 1.2159, 2.5925 -0.6383 1.2164, 2.5886 -0.6383 1.2164, 2.5925 -0.6101 1.2162, 2.5886 -0.6127 1.2159, 2.5886 -0.6101 1.2162, 2.5886 -0.6009 1.2194, 2.5925 -0.6009 1.2194, 2.5886 -0.5959 1.2224, 2.5925 -0.5959 1.2224, 2.5886 -0.5911 1.2265, 2.5925 -0.5911 1.2265, 2.5886 -0.588 1.2309, 2.5925 -0.588 1.2309, 2.5886 -0.586 1.2362, 2.5925 -0.586 1.2362, 2.5886 -0.5852 1.2429, 2.5925 -0.5852 1.2429, 2.5886 -0.5859 1.2491, 2.5925 -0.5859 1.2491, 2.5886 -0.5876 1.254, 2.5925 -0.5876 1.254, 2.5886 -0.5907 1.2586, 2.5925 -0.5907 1.2586, 2.5886 -0.5947 1.2621, 2.5925 -0.5947 1.2621, 2.5886 -0.6058 1.2683, 2.5925 -0.6058 1.2683, 2.5886 -0.6122 1.2709, 2.5925 -0.6122 1.2709, 2.5886 -0.6225 1.2754, 2.5925 -0.6225 1.2754, 2.5886 -0.6284 1.279, 2.5925 -0.6284 1.279, 2.5886 -0.63 1.2808, 2.5925 -0.63 1.2808, 2.5886 -0.6312 1.2831, 2.5925 -0.6312 1.2831, 2.5886 -0.6319 1.2857, 2.5925 -0.6319 1.2857, 2.5886 -0.632 1.2879, 2.5925 -0.632 1.2879, 2.5886 -0.6317 1.2905, 2.5925 -0.6317 1.2905, 2.5886 -0.6309 1.2928, 2.5925 -0.6309 1.2928, 2.5886 -0.6295 1.2949, 2.5925 -0.6295 1.2949, 2.5886 -0.627 1.2971, 2.5925 -0.627 1.2971, 2.5886 -0.6232 1.2991, 2.5925 -0.6232 1.2991, 2.5886 -0.6188 1.3003, 2.5925 -0.6188 1.3003, 2.5886 -0.6138 1.3006, 2.5925 -0.6138 1.3006, 2.5886 -0.6024 1.2993, 2.5925 -0.6024 1.2993, 2.5886 -0.593 1.2957, 2.5925 -0.593 1.2957, 2.5886 -0.5897 1.2938, 2.5925 -0.5897 1.2938, 2.5925 -0.5897 1.31, 2.5886 -0.5897 1.31, 2.5886 -0.6013 1.3133, 2.5925 -0.6013 1.3133, 2.5886 -0.6122 1.3142, 2.5925 -0.6122 1.3142, 2.5886 -0.6247 1.3128, 2.5925 -0.6247 1.3128, 2.5886 -0.6338 1.3095, 2.5925 -0.6338 1.3095, 2.5886 -0.6385 1.3066, 2.5925 -0.6385 1.3066, 2.5886 -0.6434 1.3022, 2.5925 -0.6434 1.3022, 2.5886 -0.6465 1.2977, 2.5925 -0.6465 1.2977, 2.5886 -0.6485 1.2923, 2.5925 -0.6485 1.2923, 2.5886 -0.6492 1.2864, 2.5925 -0.6492 1.2864, 2.5886 -0.6485 1.2799, 2.5925 -0.6485 1.2799, 2.5886 -0.6466 1.2748, 2.5925 -0.6466 1.2748, 2.5886 -0.6445 1.2714, 2.5925 -0.6445 1.2714, 2.5886 -0.6417 1.2685, 2.5925 -0.6417 1.2685, 2.5886 -0.6339 1.2633, 2.5925 -0.6339 1.2633, 2.5886 -0.624 1.2588, 2.5925 -0.624 1.2588, 2.5886 -0.613 1.2542, 2.5925 -0.613 1.2542, 2.5886 -0.6065 1.2503, 2.5925 -0.6065 1.2503, 2.5886 -0.6045 1.2481, 2.5925 -0.6045 1.2481, 2.5886 -0.6032 1.2459, 2.5925 -0.6032 1.2459, 2.5886 -0.6024 1.2433, 2.5925 -0.6024 1.2433, 2.5886 -0.6023 1.2412, 2.5925 -0.6023 1.2412, 2.5886 -0.6026 1.2381, 2.5925 -0.6026 1.2381, 2.5886 -0.6034 1.2357, 2.5925 -0.6034 1.2357, 2.5886 -0.6049 1.2336, 2.5925 -0.6049 1.2336, 2.5886 -0.6068 1.2319, 2.5925 -0.6068 1.2319, 2.5886 -0.6083 1.2309, 2.5925 -0.6083 1.2309, 2.5886 -0.6126 1.2294, 2.5925 -0.6126 1.2294, 2.5886 -0.6212 1.2284, 2.5925 -0.6212 1.2284, 2.5925 -0.5026 1.312, 2.5925 -0.4854 1.312, 2.5886 -0.5026 1.312, 2.5886 -0.4854 1.312, 2.5925 -0.5286 1.2405, 2.5886 -0.5286 1.2405, 2.5886 -0.5298 1.2361, 2.5925 -0.5298 1.2361, 2.5886 -0.5306 1.2328, 2.5925 -0.5306 1.2328, 2.5925 -0.531 1.2328, 2.5886 -0.531 1.2328, 2.5925 -0.5331 1.2406, 2.5886 -0.5331 1.2406, 2.5886 -0.5579 1.312, 2.5925 -0.5579 1.312, 2.5886 -0.5498 1.2889, 2.5925 -0.5765 1.312, 2.5886 -0.5765 1.312, 2.5886 -0.5393 1.2173, 2.5925 -0.5393 1.2173, 2.5886 -0.5498 1.2442, 2.5886 -0.5466 1.2, 2.5925 -0.5466 1.2, 2.5886 -0.5398 1.2159, 2.5886 -0.5498 1.194, 2.5925 -0.5498 1.194, 2.5886 -0.5498 1.194, 2.5925 -0.5529 1.1905, 2.5886 -0.5529 1.1905, 2.5886 -0.556 1.1884, 2.5925 -0.556 1.1884, 2.5886 -0.5596 1.1871, 2.5925 -0.5596 1.1871, 2.5886 -0.5636 1.1866, 2.5925 -0.5636 1.1866, 2.5886 -0.5697 1.1874, 2.5925 -0.5697 1.1874, 2.5886 -0.5731 1.1885, 2.5925 -0.5731 1.1885, 2.5925 -0.5731 1.1737, 2.5886 -0.5731 1.1737, 2.5886 -0.566 1.1725, 2.5925 -0.566 1.1725, 2.5886 -0.5623 1.1723, 2.5925 -0.5623 1.1723, 2.5886 -0.5556 1.1731, 2.5925 -0.5556 1.1731, 2.5886 -0.5498 1.1753, 2.5925 -0.549 1.1756, 2.5886 -0.549 1.1756, 2.5886 -0.5432 1.1797, 2.5925 -0.5432 1.1797, 2.5886 -0.5421 1.1807, 2.5925 -0.5421 1.1807, 2.5886 -0.536 1.188, 2.5925 -0.536 1.188, 2.5886 -0.5285 1.2027, 2.5925 -0.5285 1.2027, 2.5886 -0.5232 1.2159, 2.5925 -0.3959 1.2322, 2.5925 -0.3959 1.2171, 2.5886 -0.3959 1.2322, 2.5886 -0.3959 1.2171, 2.5886 -0.4503 1.2322, 2.5925 -0.4503 1.2322, 2.5886 -0.4254 1.2322, 2.5925 -0.4503 1.2769, 2.5886 -0.4503 1.2769, 2.5886 -0.4027 1.2769, 2.5925 -0.4027 1.2769, 2.5886 -0.4254 1.2769, 2.5925 -0.4027 1.2921, 2.5886 -0.4027 1.2921, 2.5886 -0.4503 1.2921, 2.5925 -0.4503 1.2921, 2.5886 -0.4254 1.2921, 2.5925 -0.4503 1.3347, 2.5886 -0.4503 1.3347, 2.5886 -0.399 1.3347, 2.5925 -0.399 1.3347, 2.5886 -0.4254 1.3347, 2.5925 -0.399 1.35, 2.5886 -0.399 1.35, 2.5886 -0.4674 1.35, 2.5925 -0.4674 1.35, 2.5886 -0.4254 1.35, 2.5925 -0.4674 1.2171, 2.5886 -0.4674 1.2171, 2.5886 -0.4254 1.2171, 2.5925 -0.2881 1.2545, 2.5925 -0.2949 1.2461, 2.5925 -0.2827 1.2357, 2.5925 -0.2965 1.2445, 2.5925 -0.2967 1.2257, 2.5925 -0.3051 1.2386, 2.5925 -0.3118 1.2198, 2.5925 -0.3161 1.2344, 2.5925 -0.3343 1.2171, 2.5925 -0.3344 1.2322, 2.5925 -0.3708 1.2171, 2.5925 -0.3537 1.2322, 2.5925 -0.3708 1.35, 2.5925 -0.3537 1.3347, 2.5925 -0.3329 1.35, 2.5925 -0.3336 1.3347, 2.5925 -0.3126 1.3477, 2.5925 -0.3161 1.3327, 2.5925 -0.2966 1.3419, 2.5925 -0.3046 1.3285, 2.5925 -0.2827 1.3324, 2.5925 -0.2952 1.3222, 2.5925 -0.2779 1.3277, 2.5925 -0.2904 1.3172, 2.5925 -0.2697 1.3161, 2.5925 -0.2855 1.3093, 2.5925 -0.2648 1.3034, 2.5925 -0.2821 1.299, 2.5925 -0.2626 1.2852, 2.5925 -0.2807 1.2847, 2.5925 -0.2633 1.2744, 2.5925 -0.2811 1.2766, 2.5925 -0.2669 1.2592, 2.5925 -0.2836 1.2644, 2.5925 -0.274 1.2457, 2.5886 -0.3343 1.2171, 2.5886 -0.3708 1.2171, 2.5886 -0.3118 1.2198, 2.5886 -0.2967 1.2257, 2.5886 -0.2827 1.2357, 2.5886 -0.274 1.2457, 2.5886 -0.2691 1.255, 2.5886 -0.2669 1.2592, 2.5886 -0.2633 1.2744, 2.5886 -0.2626 1.2852, 2.5886 -0.2648 1.3034, 2.5886 -0.2691 1.3146, 2.5886 -0.2697 1.3161, 2.5886 -0.2779 1.3277, 2.5886 -0.2827 1.3324, 2.5886 -0.2966 1.3419, 2.5886 -0.3126 1.3477, 2.5886 -0.3329 1.35, 2.5886 -0.3708 1.35, 2.5886 -0.3336 1.3347, 2.5886 -0.3537 1.3347, 2.5886 -0.3537 1.2322, 2.5886 -0.3344 1.2322, 2.5886 -0.2949 1.2461, 2.5886 -0.2965 1.2445, 2.5886 -0.3051 1.2386, 2.5886 -0.3161 1.2344, 2.5886 -0.2807 1.2847, 2.5886 -0.2811 1.2766, 2.5886 -0.2836 1.2644, 2.5886 -0.2881 1.2545, 2.5886 -0.2952 1.3222, 2.5886 -0.2904 1.3172, 2.5886 -0.2855 1.3093, 2.5886 -0.2821 1.299, 2.5886 -0.3161 1.3327, 2.5886 -0.3046 1.3285
            ]
        }
        coordIndex [
            0,1,2,-1,0,2,3,-1,3,2,4,-1,3,4,5,-1,5,4,6,-1,5,6,7,-1,8,7,9,-1,9,7,6,-1,10,11,12,-1,12,11,13,-1,12,13,14,-1,14,13,8,-1,14,8,9,-1,11,10,15,-1,15,10,16,-1,16,17,15,-1,15,17,18,-1,15,18,19,-1,19,18,20,-1,19,20,21,-1,21,20,22,-1,21,22,23,-1,23,22,24,-1,23,24,25,-1,25,24,26,-1,25,26,27,-1,27,26,28,-1,27,28,29,-1,29,28,30,-1,29,30,31,-1,31,30,32,-1,31,32,33,-1,33,32,34,-1,33,34,35,-1,35,34,36,-1,35,36,37,-1,37,36,38,-1,37,38,39,-1,39,38,40,-1,39,40,41,-1,41,40,42,-1,41,42,43,-1,43,42,44,-1,43,44,45,-1,45,44,46,-1,45,46,47,-1,47,46,48,-1,47,48,49,-1,49,48,50,-1,49,50,51,-1,51,50,52,-1,51,52,53,-1,53,52,54,-1,53,54,55,-1,55,54,56,-1,55,56,57,-1,57,56,58,-1,57,58,59,-1,59,58,60,-1,59,60,61,-1,61,60,62,-1,61,62,63,-1,63,62,64,-1,63,64,65,-1,65,64,66,-1,65,66,67,-1,67,66,68,-1,67,68,69,-1,69,68,70,-1,69,70,71,-1,71,70,72,-1,71,72,73,-1,74,73,75,-1,75,73,72,-1,74,75,76,-1,74,76,77,-1,77,76,78,-1,77,78,79,-1,79,78,80,-1,79,80,81,-1,81,80,82,-1,81,82,83,-1,83,82,84,-1,83,84,85,-1,85,84,86,-1,85,86,87,-1,87,86,88,-1,87,88,89,-1,89,88,90,-1,89,90,91,-1,91,90,92,-1,91,92,93,-1,93,92,94,-1,93,94,95,-1,95,94,96,-1,95,96,97,-1,97,96,98,-1,97,98,99,-1,99,98,100,-1,99,100,101,-1,101,100,102,-1,101,102,103,-1,103,102,104,-1,103,104,105,-1,105,104,106,-1,105,106,107,-1,107,106,108,-1,107,108,109,-1,109,108,110,-1,109,110,111,-1,111,110,112,-1,111,112,113,-1,113,112,114,-1,113,114,115,-1,115,114,116,-1,115,116,117,-1,117,116,118,-1,117,118,119,-1,119,118,120,-1,119,120,121,-1,121,120,122,-1,121,122,123,-1,123,122,124,-1,123,124,125,-1,125,124,126,-1,125,126,127,-1,127,126,128,-1,127,128,129,-1,129,128,130,-1,129,130,131,-1,131,130,1,-1,131,1,0,-1,59,61,83,-1,83,61,81,-1,107,41,105,-1,105,41,43,-1,19,21,123,-1,123,21,23,-1,123,23,121,-1,121,23,25,-1,121,25,119,-1,119,25,27,-1,119,27,117,-1,117,27,29,-1,117,29,115,-1,115,29,31,-1,115,31,113,-1,113,31,33,-1,113,33,111,-1,111,33,35,-1,111,35,109,-1,109,35,37,-1,109,37,107,-1,107,37,39,-1,107,39,41,-1,11,0,13,-1,13,0,3,-1,13,3,8,-1,8,3,5,-1,8,5,7,-1,61,63,81,-1,81,63,65,-1,81,65,79,-1,79,65,67,-1,79,67,77,-1,77,67,69,-1,77,69,74,-1,74,69,71,-1,74,71,73,-1,123,125,19,-1,19,125,127,-1,19,127,15,-1,15,127,129,-1,15,129,11,-1,11,129,131,-1,11,131,0,-1,83,85,59,-1,59,85,87,-1,59,87,57,-1,57,87,89,-1,57,89,55,-1,55,89,91,-1,55,91,53,-1,53,91,93,-1,53,93,51,-1,51,93,95,-1,51,95,49,-1,49,95,97,-1,49,97,47,-1,47,97,99,-1,47,99,45,-1,45,99,101,-1,45,101,43,-1,43,101,103,-1,43,103,105,-1,132,133,134,-1,134,133,135,-1,136,132,137,-1,137,132,134,-1,136,137,138,-1,136,138,139,-1,139,138,140,-1,139,140,141,-1,142,141,143,-1,143,141,140,-1,144,142,145,-1,145,142,143,-1,146,147,148,-1,148,147,144,-1,148,144,145,-1,149,147,150,-1,150,147,146,-1,151,152,153,-1,153,152,149,-1,153,149,150,-1,154,155,156,-1,156,155,152,-1,156,152,151,-1,155,154,157,-1,155,157,158,-1,158,157,159,-1,158,159,160,-1,159,161,160,-1,160,161,162,-1,160,162,163,-1,163,162,164,-1,163,164,165,-1,165,164,166,-1,165,166,167,-1,167,166,168,-1,167,168,169,-1,169,168,170,-1,169,170,171,-1,172,171,173,-1,173,171,170,-1,172,173,174,-1,172,174,175,-1,175,174,176,-1,175,176,177,-1,177,176,178,-1,177,178,179,-1,179,178,180,-1,179,180,181,-1,180,182,181,-1,181,182,183,-1,181,183,184,-1,184,183,185,-1,184,185,186,-1,186,185,187,-1,186,187,188,-1,188,187,189,-1,188,189,190,-1,135,133,191,-1,191,133,190,-1,191,190,189,-1,139,141,190,-1,133,132,190,-1,190,132,136,-1,190,136,139,-1,147,149,144,-1,144,149,152,-1,144,152,142,-1,188,158,186,-1,186,158,160,-1,171,172,169,-1,169,172,175,-1,169,175,167,-1,167,175,177,-1,167,177,165,-1,165,177,179,-1,165,179,163,-1,163,179,181,-1,163,181,160,-1,160,181,184,-1,160,184,186,-1,141,142,190,-1,190,142,152,-1,190,152,188,-1,188,152,155,-1,188,155,158,-1,192,193,194,-1,194,193,195,-1,196,197,198,-1,198,197,192,-1,198,192,194,-1,199,197,200,-1,200,197,196,-1,201,202,203,-1,203,202,199,-1,203,199,200,-1,204,202,205,-1,205,202,201,-1,206,207,208,-1,208,207,204,-1,208,204,205,-1,209,207,210,-1,210,207,206,-1,211,212,213,-1,213,212,209,-1,213,209,210,-1,214,212,215,-1,215,212,211,-1,216,217,218,-1,218,217,214,-1,218,214,215,-1,219,217,220,-1,220,217,216,-1,195,193,221,-1,221,193,219,-1,221,219,220,-1,219,193,192,-1,192,197,219,-1,219,197,199,-1,219,199,217,-1,212,214,209,-1,209,214,217,-1,209,217,207,-1,207,217,199,-1,207,199,204,-1,204,199,202,-1,222,223,224,-1,224,223,225,-1,224,225,226,-1,226,225,227,-1,226,227,228,-1,228,227,229,-1,228,229,230,-1,230,229,231,-1,230,231,232,-1,232,231,233,-1,232,233,234,-1,234,233,235,-1,234,235,236,-1,236,235,237,-1,236,237,238,-1,238,237,239,-1,238,239,240,-1,240,239,241,-1,240,241,242,-1,242,241,243,-1,242,243,244,-1,244,243,245,-1,244,245,246,-1,246,245,247,-1,246,247,248,-1,248,247,249,-1,248,249,250,-1,250,249,251,-1,250,251,252,-1,252,251,253,-1,252,253,254,-1,254,253,255,-1,254,255,256,-1,256,255,222,-1,256,222,224,-1,230,232,257,-1,257,232,258,-1,230,257,259,-1,230,259,228,-1,228,259,260,-1,228,260,226,-1,226,260,261,-1,226,261,224,-1,224,261,262,-1,263,254,262,-1,262,254,256,-1,262,256,224,-1,263,264,254,-1,254,264,265,-1,254,265,252,-1,252,265,266,-1,252,266,250,-1,250,266,267,-1,250,267,248,-1,248,267,268,-1,248,268,246,-1,268,269,246,-1,246,269,270,-1,246,270,244,-1,244,270,271,-1,244,271,242,-1,242,271,272,-1,242,272,240,-1,240,272,273,-1,240,273,238,-1,238,273,274,-1,238,274,236,-1,234,236,275,-1,275,236,274,-1,232,234,258,-1,258,234,275,-1,237,235,276,-1,276,235,277,-1,235,233,277,-1,277,233,278,-1,233,231,278,-1,278,231,279,-1,223,280,281,-1,223,281,225,-1,225,281,282,-1,225,282,227,-1,227,282,283,-1,227,283,229,-1,229,283,279,-1,229,279,231,-1,251,284,285,-1,251,285,253,-1,253,285,286,-1,253,286,255,-1,255,286,287,-1,255,287,222,-1,222,287,280,-1,222,280,223,-1,243,288,289,-1,243,289,245,-1,245,289,290,-1,245,290,247,-1,247,290,291,-1,247,291,249,-1,249,291,284,-1,249,284,251,-1,237,276,292,-1,237,292,239,-1,239,292,293,-1,239,293,241,-1,241,293,288,-1,241,288,243,-1,
        ]
    }
}
Shape{
    appearance Appearance {
        material  Material 	{
            diffuseColor 0.7529411764705882 0.7529411764705882 0.7529411764705882
            specularColor 0.3764705882352941 0.3764705882352941 0.3764705882352941
            ambientIntensity 0.7529
            transparency 0.0
            shininess 0.5
        }
    }
    geometry IndexedFaceSet {
        ccw TRUE
        solid FALSE
        coord DEF co Coordinate {
            point [
                2.5886 -0.3537 1.3347, 2.5886 -0.3537 1.2322, 2.5886 -0.3336 1.3347, 2.5886 -0.3344 1.2322, 2.5886 -0.3161 1.2344, 2.5886 -0.3051 1.2386, 2.5886 -0.2965 1.2445, 2.5886 -0.2807 1.2847, 2.5886 -0.2952 1.3222, 2.5886 -0.3046 1.3285, 2.5886 -0.2949 1.2461, 2.5886 -0.2881 1.2545, 2.5886 -0.2836 1.2644, 2.5886 -0.2904 1.3172, 2.5886 -0.2821 1.299, 2.5886 -0.2855 1.3093, 2.5886 -0.2811 1.2766, 2.5886 -0.3161 1.3327
            ]
        }
        coordIndex [
            0,1,2,-1,2,1,3,-1,3,4,2,-1,2,4,5,-1,2,5,6,-1,7,8,9,-1,6,10,2,-1,2,10,11,-1,2,11,12,-1,8,7,13,-1,13,7,14,-1,13,14,15,-1,12,16,2,-1,2,16,7,-1,2,7,17,-1,17,7,9,-1,
        ]
    }
}
Shape{
    appearance Appearance {
        material  Material 	{
            diffuseColor 0.0 0.0 0.0
            specularColor 0.0 0.0 0.0
            ambientIntensity 0.0
            transparency 0.0
            shininess 0.5
        }
    }
    geometry IndexedFaceSet {
        ccw TRUE
        solid FALSE
        coord DEF co Coordinate {
            point [
                2.5925 -0.2181 1.2684, 2.5925 -0.2235 1.2534, 2.5925 -0.1735 1.2684, 2.5925 -0.1682 1.2534, 2.5925 -0.1982 1.3237, 2.5925 -0.2046 1.35, 2.5925 -0.2552 1.2171, 2.5925 -0.2363 1.2171, 2.5925 -0.197 1.3276, 2.5925 -0.196 1.333, 2.5925 -0.1863 1.35, 2.5925 -0.1956 1.333, 2.5925 -0.1945 1.3274, 2.5925 -0.1935 1.3237, 2.5925 -0.1356 1.2171, 2.5925 -0.1546 1.2171, 2.5886 -0.1863 1.35, 2.5886 -0.1356 1.2171, 2.5886 -0.2046 1.35, 2.5886 -0.2552 1.2171, 2.5886 -0.2363 1.2171, 2.5886 -0.2235 1.2534, 2.5886 -0.1682 1.2534, 2.5886 -0.1546 1.2171, 2.5886 -0.2181 1.2684, 2.5886 -0.1735 1.2684, 2.5886 -0.1935 1.3237, 2.5886 -0.1956 1.333, 2.5886 -0.1945 1.3274, 2.5886 -0.196 1.333, 2.5886 -0.1982 1.3237, 2.5886 -0.197 1.3276
            ]
        }
        coordIndex [
            0,1,2,-1,2,1,3,-1,4,5,0,-1,0,5,6,-1,0,6,1,-1,1,6,7,-1,4,8,5,-1,5,8,9,-1,5,9,10,-1,10,9,11,-1,10,11,12,-1,12,13,10,-1,10,13,2,-1,10,2,14,-1,14,2,3,-1,14,3,15,-1,10,14,16,-1,16,14,17,-1,5,10,18,-1,18,10,16,-1,6,5,19,-1,19,5,18,-1,7,6,20,-1,20,6,19,-1,1,7,21,-1,21,7,20,-1,3,1,22,-1,22,1,21,-1,15,3,23,-1,23,3,22,-1,14,15,17,-1,17,15,23,-1,0,2,24,-1,24,2,25,-1,2,13,25,-1,25,13,26,-1,11,27,28,-1,11,28,12,-1,12,28,26,-1,12,26,13,-1,11,9,27,-1,27,9,29,-1,4,30,31,-1,4,31,8,-1,8,31,29,-1,8,29,9,-1,4,0,30,-1,30,0,24,-1,
        ]
    }
}
Shape{
    appearance Appearance {
        material  Material 	{
            diffuseColor 0.7529411764705882 0.7529411764705882 0.7529411764705882
            specularColor 0.3764705882352941 0.3764705882352941 0.3764705882352941
            ambientIntensity 0.7529
            transparency 0.0
            shininess 0.5
        }
    }
    geometry IndexedFaceSet {
        ccw TRUE
        solid FALSE
        coord DEF co Coordinate {
            point [
                2.5886 -0.1956 1.333, 2.5886 -0.196 1.333, 2.5886 -0.1945 1.3274, 2.5886 -0.197 1.3276, 2.5886 -0.1935 1.3237, 2.5886 -0.1982 1.3237, 2.5886 -0.1735 1.2684, 2.5886 -0.2181 1.2684
            ]
        }
        coordIndex [
            0,1,2,-1,2,1,3,-1,2,3,4,-1,4,3,5,-1,4,5,6,-1,6,5,7,-1,
        ]
    }
}
Shape{
    appearance Appearance {
        material  Material 	{
            diffuseColor 0.0 0.0 0.0
            specularColor 0.0 0.0 0.0
            ambientIntensity 0.0
            transparency 0.0
            shininess 0.5
        }
    }
    geometry IndexedFaceSet {
        ccw TRUE
        solid FALSE
        coord DEF co Coordinate {
            point [
                2.5925 -1.4476 1.446, 2.5925 -1.4265 1.4572, 2.5925 -1.4315 1.5154, 2.5925 -1.265 1.1944, 2.5925 -1.2538 1.2155, 2.5925 -1.2483 1.2388, 2.5925 -1.3725 1.5181, 2.5925 -1.3432 1.4491, 2.5925 -1.3288 1.479, 2.5925 -1.3782 1.2362, 2.5925 -1.38 1.2451, 2.5925 -1.4311 1.2818, 2.5925 -1.4321 1.2185, 2.5925 -1.444 1.2221, 2.5925 -1.4517 1.2945, 2.5925 -1.3943 1.52, 2.5925 -1.1155 1.3281, 2.5925 -1.1448 1.3782, 2.5925 -1.2478 1.2582, 2.5925 -1.2714 1.312, 2.5925 -1.2478 1.2487, 2.5925 -1.2983 1.1651, 2.5925 -1.2795 1.1783, 2.5925 -1.3745 1.2283, 2.5925 -1.4085 1.1808, 2.5925 -1.4226 1.1982, 2.5925 -1.0843 1.4217, 2.5925 -1.0767 1.4217, 2.5925 -1.038 1.4727, 2.5925 -1.0587 1.4194, 2.5925 -1.0334 1.4712, 2.5925 -1.0422 1.4131, 2.5925 -1.0052 1.4572, 2.5925 -0.9796 1.4355, 2.5925 -1.3531 1.5406, 2.5925 -1.3076 1.5043, 2.5925 -1.3309 1.5597, 2.5925 -1.2823 1.5228, 2.5925 -1.3071 1.5743, 2.5925 -1.4032 1.4627, 2.5925 -1.3933 1.4633, 2.5925 -1.3834 1.5194, 2.5925 -1.3711 1.4605, 2.5925 -1.3499 1.4527, 2.5925 -1.3133 1.2264, 2.5925 -1.3184 1.2206, 2.5925 -1.3256 1.2154, 2.5925 -1.3194 1.157, 2.5925 -1.3338 1.2121, 2.5925 -1.3423 1.1542, 2.5925 -1.3432 1.2109, 2.5925 -1.3459 1.1543, 2.5925 -1.3448 1.211, 2.5925 -1.3682 1.1578, 2.5925 -1.3533 1.2123, 2.5925 -1.39 1.1669, 2.5925 -1.3619 1.216, 2.5925 -1.3691 1.2216, 2.5925 -1.3088 1.261, 2.5925 -1.3066 1.2522, 2.5925 -1.3066 1.2435, 2.5925 -1.3089 1.2345, 2.5925 -0.9794 1.2591, 2.5925 -1.0234 1.2967, 2.5925 -1.0051 1.2374, 2.5925 -1.0374 1.2852, 2.5925 -1.0339 1.2232, 2.5925 -1.054 1.2775, 2.5925 -1.0654 1.2166, 2.5925 -1.071 1.2742, 2.5925 -1.1211 1.2166, 2.5925 -1.1136 1.2742, 2.5925 -1.1265 1.2175, 2.5925 -1.3795 1.2543, 2.5925 -1.3767 1.2632, 2.5925 -1.4207 1.3021, 2.5925 -1.3718 1.271, 2.5925 -1.4051 1.32, 2.5925 -1.3681 1.2749, 2.5925 -1.3857 1.3334, 2.5925 -1.3607 1.2802, 2.5925 -1.3649 1.3414, 2.5925 -1.3525 1.2835, 2.5925 -1.3423 1.3442, 2.5925 -1.3432 1.2846, 2.5925 -1.3308 1.3435, 2.5925 -1.3354 1.2838, 2.5925 -1.308 1.3378, 2.5925 -1.3266 1.2806, 2.5925 -1.2879 1.3271, 2.5925 -1.319 1.2755, 2.5925 -1.3129 1.2687, 2.5925 -1.0276 1.4029, 2.5925 -1.0167 1.3908, 2.5925 -0.9603 1.4086, 2.5925 -1.0079 1.3745, 2.5925 -0.9487 1.3798, 2.5925 -1.0035 1.3563, 2.5925 -0.9444 1.3489, 2.5925 -1.003 1.348, 2.5925 -0.9487 1.3152, 2.5925 -1.0053 1.3295, 2.5925 -0.9606 1.2853, 2.5925 -1.0118 1.3127, 2.5925 -1.0222 1.298, 2.5925 -1.089 1.5474, 2.5925 -1.126 1.504, 2.5925 -1.0576 1.511, 2.5925 -1.1047 1.4785, 2.5925 -1.0901 1.4481, 2.5925 -1.485 1.3916, 2.5925 -1.5471 1.3759, 2.5925 -1.4878 1.3687, 2.5925 -1.5474 1.3669, 2.5925 -1.4867 1.3541, 2.5925 -1.5428 1.3298, 2.5925 -1.4799 1.331, 2.5925 -1.5292 1.2946, 2.5925 -1.4687 1.3119, 2.5925 -1.5077 1.2638, 2.5925 -1.4782 1.2387, 2.5925 -1.2635 1.591, 2.5925 -1.2514 1.5353, 2.5925 -1.2175 1.5965, 2.5925 -1.2166 1.5398, 2.5925 -1.1762 1.5919, 2.5925 -1.1845 1.5359, 2.5925 -1.129 1.5746, 2.5925 -1.1549 1.5245, 2.5925 -1.1283 1.5061, 2.5925 -1.4665 1.5018, 2.5925 -1.4966 1.4806, 2.5925 -1.4638 1.4315, 2.5925 -1.5029 1.4746, 2.5925 -1.4769 1.4127, 2.5925 -1.5257 1.4455, 2.5925 -1.5407 1.4114, 2.5925 -1.1183 1.2751, 2.5925 -1.141 1.2265, 2.5925 -1.1388 1.2243, 2.5925 -1.1155 1.2745, 2.5925 -1.1327 1.2199, 2.5925 -1.1485 1.2459, 2.5925 -1.1476 1.2389, 2.5925 -1.1452 1.2324, 2.5925 -1.1266 1.2742, 2.5925 -1.1331 1.2717, 2.5925 -1.1483 1.2496, 2.5925 -1.1389 1.2676, 2.5925 -1.1428 1.2633, 2.5925 -1.1464 1.2568, 2.5925 -1.1192 1.2752, 2.5886 -0.9733 1.4268, 2.5886 -0.9603 1.4086, 2.5886 -0.952 1.3878, 2.5886 -0.9487 1.3798, 2.5886 -0.9444 1.3489, 2.5886 -0.9796 1.4355, 2.5886 -1.0052 1.4572, 2.5886 -1.0334 1.4712, 2.5886 -1.038 1.4727, 2.5886 -1.0576 1.511, 2.5886 -1.089 1.5474, 2.5886 -1.1104 1.562, 2.5886 -1.129 1.5746, 2.5886 -1.1762 1.5919, 2.5886 -1.2175 1.5965, 2.5886 -1.2635 1.591, 2.5886 -1.3071 1.5743, 2.5886 -1.3272 1.562, 2.5886 -1.3309 1.5597, 2.5886 -1.3531 1.5406, 2.5886 -1.3725 1.5181, 2.5886 -1.3834 1.5194, 2.5886 -1.3943 1.52, 2.5886 -1.4315 1.5154, 2.5886 -1.4627 1.5033, 2.5886 -1.4665 1.5018, 2.5886 -1.4966 1.4806, 2.5886 -1.5029 1.4746, 2.5886 -1.545 1.3878, 2.5886 -1.5407 1.4114, 2.5886 -1.5339 1.4268, 2.5886 -1.5257 1.4455, 2.5886 -1.5471 1.3759, 2.5886 -1.5474 1.3669, 2.5886 -1.5428 1.3298, 2.5886 -1.5292 1.2946, 2.5886 -1.5077 1.2638, 2.5886 -1.4321 1.2185, 2.5886 -1.4782 1.2387, 2.5886 -1.4627 1.2311, 2.5886 -1.444 1.2221, 2.5886 -1.4309 1.2159, 2.5886 -1.4226 1.1982, 2.5886 -1.4085 1.1808, 2.5886 -1.39 1.1669, 2.5886 -1.3814 1.1633, 2.5886 -1.3682 1.1578, 2.5886 -1.3459 1.1543, 2.5886 -1.3423 1.1542, 2.5886 -1.2478 1.2487, 2.5886 -1.3194 1.157, 2.5886 -1.3032 1.1633, 2.5886 -1.2983 1.1651, 2.5886 -1.2795 1.1783, 2.5886 -1.265 1.1944, 2.5886 -1.2538 1.2155, 2.5886 -1.2537 1.2159, 2.5886 -1.2483 1.2388, 2.5886 -1.2478 1.2582, 2.5886 -1.1155 1.3281, 2.5886 -1.1448 1.3782, 2.5886 -1.2714 1.312, 2.5886 -1.2879 1.3271, 2.5886 -1.308 1.3378, 2.5886 -1.3308 1.3435, 2.5886 -1.3423 1.3442, 2.5886 -1.3649 1.3414, 2.5886 -1.3857 1.3334, 2.5886 -1.4051 1.32, 2.5886 -1.4207 1.3021, 2.5886 -1.4311 1.2818, 2.5886 -1.4517 1.2945, 2.5886 -1.4627 1.3057, 2.5886 -1.4687 1.3119, 2.5886 -1.4799 1.331, 2.5886 -1.4867 1.3541, 2.5886 -1.4878 1.3687, 2.5886 -1.4855 1.3878, 2.5886 -1.485 1.3916, 2.5886 -1.4769 1.4127, 2.5886 -1.4671 1.4268, 2.5886 -1.4638 1.4315, 2.5886 -1.4627 1.4326, 2.5886 -1.4476 1.446, 2.5886 -1.4265 1.4572, 2.5886 -1.4032 1.4627, 2.5886 -1.3933 1.4633, 2.5886 -1.3711 1.4605, 2.5886 -1.3499 1.4527, 2.5886 -1.3432 1.4491, 2.5886 -1.3288 1.479, 2.5886 -1.3076 1.5043, 2.5886 -1.2823 1.5228, 2.5886 -1.2514 1.5353, 2.5886 -1.2166 1.5398, 2.5886 -1.1845 1.5359, 2.5886 -1.1549 1.5245, 2.5886 -1.1283 1.5061, 2.5886 -1.126 1.504, 2.5886 -1.1047 1.4785, 2.5886 -1.0901 1.4481, 2.5886 -1.0854 1.4268, 2.5886 -1.0843 1.4217, 2.5886 -1.0767 1.4217, 2.5886 -1.0587 1.4194, 2.5886 -1.0422 1.4131, 2.5886 -1.0276 1.4029, 2.5886 -1.0167 1.3908, 2.5886 -1.0152 1.3878, 2.5886 -1.0079 1.3745, 2.5886 -1.0035 1.3563, 2.5886 -1.003 1.348, 2.5886 -1.0053 1.3295, 2.5886 -1.0118 1.3127, 2.5886 -1.0222 1.298, 2.5886 -1.0234 1.2967, 2.5886 -1.0374 1.2852, 2.5886 -1.054 1.2775, 2.5886 -1.071 1.2742, 2.5886 -1.1136 1.2742, 2.5886 -1.1155 1.2745, 2.5886 -1.1183 1.2751, 2.5886 -1.1192 1.2752, 2.5886 -1.1266 1.2742, 2.5886 -1.1331 1.2717, 2.5886 -1.1389 1.2676, 2.5886 -1.1428 1.2633, 2.5886 -1.1464 1.2568, 2.5886 -1.1483 1.2496, 2.5886 -1.1485 1.2459, 2.5886 -1.1476 1.2389, 2.5886 -1.1452 1.2324, 2.5886 -1.141 1.2265, 2.5886 -1.1388 1.2243, 2.5886 -1.1327 1.2199, 2.5886 -1.1265 1.2175, 2.5886 -1.1211 1.2166, 2.5886 -1.0654 1.2166, 2.5886 -1.0339 1.2232, 2.5886 -1.0051 1.2374, 2.5886 -0.9794 1.2591, 2.5886 -0.9606 1.2853, 2.5886 -0.9487 1.3152, 2.5886 -1.3432 1.2846, 2.5886 -1.3354 1.2838, 2.5886 -1.3266 1.2806, 2.5886 -1.319 1.2755, 2.5886 -1.3129 1.2687, 2.5886 -1.3088 1.261, 2.5886 -1.3066 1.2522, 2.5886 -1.3066 1.2435, 2.5886 -1.3089 1.2345, 2.5886 -1.3133 1.2264, 2.5886 -1.3184 1.2206, 2.5886 -1.3256 1.2154, 2.5886 -1.3338 1.2121, 2.5886 -1.3432 1.2109, 2.5886 -1.3448 1.211, 2.5886 -1.3533 1.2123, 2.5886 -1.3619 1.216, 2.5886 -1.3691 1.2216, 2.5886 -1.3745 1.2283, 2.5886 -1.3782 1.2362, 2.5886 -1.38 1.2451, 2.5886 -1.3795 1.2543, 2.5886 -1.3767 1.2632, 2.5886 -1.3718 1.271, 2.5886 -1.3681 1.2749, 2.5886 -1.3607 1.2802, 2.5886 -1.3525 1.2835
            ]
        }
        coordIndex [
            0,1,2,-1,3,4,5,-1,6,7,8,-1,9,10,11,-1,12,11,13,-1,13,11,14,-1,2,1,15,-1,16,17,18,-1,18,17,19,-1,18,19,20,-1,20,19,21,-1,20,21,5,-1,5,21,22,-1,5,22,3,-1,23,9,24,-1,24,9,11,-1,24,11,25,-1,25,11,12,-1,26,27,28,-1,28,27,29,-1,28,29,30,-1,30,29,31,-1,30,31,32,-1,32,31,33,-1,6,8,34,-1,34,8,35,-1,34,35,36,-1,36,35,37,-1,36,37,38,-1,1,39,15,-1,15,39,40,-1,15,40,41,-1,41,40,42,-1,41,42,6,-1,6,42,43,-1,6,43,7,-1,44,45,21,-1,21,45,46,-1,21,46,47,-1,47,46,48,-1,47,48,49,-1,49,48,50,-1,49,50,51,-1,51,50,52,-1,51,52,53,-1,53,52,54,-1,53,54,55,-1,55,54,56,-1,55,56,24,-1,24,56,57,-1,24,57,23,-1,58,59,19,-1,19,59,60,-1,19,60,21,-1,21,60,61,-1,21,61,44,-1,62,63,64,-1,64,63,65,-1,64,65,66,-1,66,65,67,-1,66,67,68,-1,68,67,69,-1,68,69,70,-1,70,69,71,-1,70,71,72,-1,10,73,11,-1,11,73,74,-1,11,74,75,-1,75,74,76,-1,75,76,77,-1,77,76,78,-1,77,78,79,-1,79,78,80,-1,79,80,81,-1,81,80,82,-1,81,82,83,-1,83,82,84,-1,83,84,85,-1,85,84,86,-1,85,86,87,-1,87,86,88,-1,87,88,89,-1,89,88,90,-1,89,90,19,-1,19,90,91,-1,19,91,58,-1,31,92,33,-1,33,92,93,-1,33,93,94,-1,94,93,95,-1,94,95,96,-1,96,95,97,-1,96,97,98,-1,98,97,99,-1,98,99,100,-1,100,99,101,-1,100,101,102,-1,102,101,103,-1,102,103,62,-1,62,103,104,-1,62,104,63,-1,105,106,107,-1,107,106,108,-1,107,108,28,-1,28,108,109,-1,28,109,26,-1,110,111,112,-1,112,111,113,-1,112,113,114,-1,114,113,115,-1,114,115,116,-1,116,115,117,-1,116,117,118,-1,118,117,119,-1,118,119,14,-1,14,119,120,-1,14,120,13,-1,38,37,121,-1,121,37,122,-1,121,122,123,-1,123,122,124,-1,123,124,125,-1,125,124,126,-1,125,126,127,-1,127,126,128,-1,127,128,105,-1,105,128,129,-1,105,129,106,-1,2,130,0,-1,0,130,131,-1,0,131,132,-1,132,131,133,-1,132,133,134,-1,134,133,135,-1,134,135,110,-1,110,135,136,-1,110,136,111,-1,137,138,139,-1,71,140,72,-1,72,140,137,-1,72,137,141,-1,141,137,139,-1,142,143,137,-1,137,143,144,-1,137,144,138,-1,145,146,147,-1,146,148,147,-1,147,148,149,-1,147,149,150,-1,142,137,147,-1,147,137,151,-1,147,151,145,-1,152,33,153,-1,153,33,94,-1,153,94,154,-1,154,94,96,-1,154,96,155,-1,155,96,98,-1,155,98,156,-1,152,157,33,-1,33,157,158,-1,33,158,32,-1,32,158,159,-1,32,159,30,-1,30,159,160,-1,30,160,28,-1,28,160,161,-1,28,161,107,-1,107,161,162,-1,107,162,105,-1,127,105,163,-1,163,105,162,-1,163,164,127,-1,127,164,165,-1,127,165,125,-1,125,165,166,-1,125,166,123,-1,123,166,167,-1,123,167,121,-1,121,167,168,-1,121,168,38,-1,38,168,36,-1,36,168,169,-1,36,169,170,-1,36,170,171,-1,36,171,34,-1,34,171,172,-1,34,172,6,-1,6,172,173,-1,6,173,41,-1,41,173,174,-1,41,174,15,-1,15,174,175,-1,176,130,175,-1,175,130,2,-1,175,2,15,-1,176,177,130,-1,130,177,178,-1,130,178,131,-1,131,178,179,-1,131,179,133,-1,180,111,181,-1,181,111,136,-1,181,136,182,-1,182,136,135,-1,182,135,183,-1,183,135,133,-1,183,133,179,-1,180,184,111,-1,111,184,185,-1,111,185,113,-1,113,185,186,-1,113,186,115,-1,115,186,187,-1,115,187,117,-1,117,187,188,-1,117,188,119,-1,189,12,13,-1,119,188,190,-1,119,190,120,-1,120,190,191,-1,120,191,13,-1,13,191,192,-1,13,192,189,-1,12,189,193,-1,12,193,25,-1,193,194,25,-1,25,194,195,-1,25,195,24,-1,24,195,196,-1,24,196,55,-1,55,196,197,-1,55,197,53,-1,197,198,53,-1,53,198,199,-1,53,199,51,-1,51,199,200,-1,51,200,49,-1,201,20,5,-1,49,200,202,-1,203,21,202,-1,202,21,47,-1,202,47,49,-1,203,204,21,-1,21,204,205,-1,21,205,22,-1,22,205,206,-1,22,206,3,-1,3,206,207,-1,3,207,4,-1,4,207,208,-1,4,208,5,-1,5,208,209,-1,5,209,201,-1,18,20,210,-1,210,20,201,-1,16,18,211,-1,211,18,210,-1,17,16,212,-1,212,16,211,-1,19,17,213,-1,213,17,212,-1,19,213,214,-1,19,214,89,-1,89,214,215,-1,89,215,87,-1,87,215,216,-1,87,216,85,-1,85,216,217,-1,85,217,83,-1,83,217,218,-1,83,218,81,-1,81,218,219,-1,81,219,79,-1,79,219,220,-1,79,220,77,-1,77,220,221,-1,77,221,75,-1,75,221,222,-1,75,222,11,-1,11,222,223,-1,224,118,223,-1,223,118,14,-1,223,14,11,-1,224,225,118,-1,118,225,226,-1,118,226,116,-1,116,226,227,-1,116,227,114,-1,114,227,228,-1,114,228,112,-1,110,112,228,-1,228,229,110,-1,110,229,230,-1,110,230,231,-1,232,132,231,-1,231,132,134,-1,231,134,110,-1,232,233,132,-1,132,233,234,-1,132,234,0,-1,234,235,0,-1,0,235,236,-1,0,236,1,-1,1,236,237,-1,1,237,39,-1,39,237,238,-1,39,238,40,-1,40,238,239,-1,40,239,42,-1,42,239,240,-1,42,240,43,-1,43,240,241,-1,43,241,7,-1,7,241,242,-1,7,242,8,-1,8,242,243,-1,8,243,35,-1,35,243,244,-1,35,244,37,-1,37,244,245,-1,37,245,122,-1,122,245,246,-1,122,246,124,-1,124,246,247,-1,124,247,126,-1,126,247,248,-1,126,248,128,-1,128,248,249,-1,128,249,129,-1,129,249,250,-1,129,250,106,-1,106,250,251,-1,106,251,108,-1,108,251,252,-1,108,252,109,-1,109,252,26,-1,26,252,253,-1,26,253,254,-1,27,26,255,-1,255,26,254,-1,27,255,256,-1,27,256,29,-1,29,256,257,-1,29,257,31,-1,31,257,258,-1,31,258,92,-1,92,258,259,-1,92,259,93,-1,93,259,260,-1,93,260,95,-1,260,261,95,-1,95,261,262,-1,95,262,97,-1,97,262,263,-1,97,263,99,-1,99,263,264,-1,99,264,101,-1,101,264,265,-1,101,265,103,-1,103,265,266,-1,103,266,104,-1,104,266,267,-1,104,267,63,-1,63,267,268,-1,63,268,65,-1,65,268,269,-1,65,269,67,-1,67,269,270,-1,67,270,69,-1,71,69,271,-1,271,69,270,-1,71,271,272,-1,71,272,140,-1,140,272,273,-1,140,273,137,-1,137,273,274,-1,137,274,151,-1,151,274,275,-1,151,275,145,-1,145,275,276,-1,145,276,146,-1,146,276,277,-1,146,277,148,-1,148,277,278,-1,148,278,149,-1,149,278,279,-1,149,279,150,-1,150,279,280,-1,150,280,147,-1,147,280,281,-1,147,281,142,-1,142,281,282,-1,142,282,143,-1,143,282,283,-1,143,283,144,-1,144,283,284,-1,144,284,138,-1,138,284,285,-1,138,285,139,-1,139,285,286,-1,139,286,141,-1,141,286,287,-1,141,287,72,-1,72,287,288,-1,72,288,70,-1,68,70,289,-1,289,70,288,-1,68,289,290,-1,68,290,66,-1,66,290,291,-1,66,291,64,-1,64,291,292,-1,64,292,62,-1,62,292,293,-1,62,293,102,-1,102,293,294,-1,102,294,100,-1,100,294,156,-1,100,156,98,-1,84,295,296,-1,84,296,86,-1,86,296,297,-1,86,297,88,-1,88,297,298,-1,88,298,90,-1,90,298,299,-1,90,299,91,-1,91,299,300,-1,91,300,58,-1,58,300,301,-1,58,301,59,-1,59,301,302,-1,59,302,60,-1,60,302,303,-1,60,303,61,-1,61,303,304,-1,61,304,44,-1,44,304,305,-1,44,305,45,-1,45,305,306,-1,45,306,46,-1,46,306,307,-1,46,307,48,-1,48,307,308,-1,48,308,50,-1,50,308,309,-1,50,309,52,-1,52,309,310,-1,52,310,54,-1,54,310,311,-1,54,311,56,-1,56,311,312,-1,56,312,57,-1,57,312,313,-1,57,313,23,-1,23,313,314,-1,23,314,9,-1,9,314,315,-1,9,315,10,-1,10,315,316,-1,10,316,73,-1,73,316,317,-1,73,317,74,-1,74,317,318,-1,74,318,76,-1,76,318,319,-1,76,319,78,-1,78,319,320,-1,78,320,80,-1,80,320,321,-1,80,321,82,-1,82,321,295,-1,82,295,84,-1,
        ]
    }
}
Shape{
    appearance Appearance {
        material  Material 	{
            diffuseColor 0.7529411764705882 0.7529411764705882 0.7529411764705882
            specularColor 0.3764705882352941 0.3764705882352941 0.3764705882352941
            ambientIntensity 0.7529
            transparency 0.0
            shininess 0.5
        }
    }
    geometry IndexedFaceSet {
        ccw TRUE
        solid FALSE
        coord DEF co Coordinate {
            point [
                2.5886 -1.3448 1.211, 2.5886 -1.3681 1.2749, 2.5886 -1.3718 1.271, 2.5886 -1.3338 1.2121, 2.5886 -1.3256 1.2154, 2.5886 -1.3354 1.2838, 2.5886 -1.3432 1.2846, 2.5886 -1.3525 1.2835, 2.5886 -1.3607 1.2802, 2.5886 -1.3782 1.2362, 2.5886 -1.3745 1.2283, 2.5886 -1.3691 1.2216, 2.5886 -1.3432 1.2109, 2.5886 -1.3767 1.2632, 2.5886 -1.3795 1.2543, 2.5886 -1.38 1.2451, 2.5886 -1.3619 1.216, 2.5886 -1.3533 1.2123, 2.5886 -1.3184 1.2206, 2.5886 -1.3133 1.2264, 2.5886 -1.3089 1.2345, 2.5886 -1.3066 1.2435, 2.5886 -1.3066 1.2522, 2.5886 -1.3088 1.261, 2.5886 -1.3129 1.2687, 2.5886 -1.319 1.2755, 2.5886 -1.3266 1.2806, 0.0 -4.9213 0.6614, 0.0 -4.9213 0.5433, 2.4508 -4.9213 0.6614, 2.4508 -4.9213 0.5433, 2.4559 -4.9213 0.6621, 2.4865 -4.9213 0.548, 2.4606 -4.9213 0.6641, 2.5197 -4.9213 0.5618, 2.4647 -4.9213 0.6672, 2.5482 -4.9213 0.5837, 2.4678 -4.9213 0.6713, 2.5701 -4.9213 0.6122, 2.4698 -4.9213 0.676, 2.5839 -4.9213 0.6454, 2.4705 -4.9213 0.6811, 2.5886 -4.9213 0.6811, 2.5886 -4.9213 1.0689, 2.5886 -4.9213 1.1633, 2.5886 -4.9213 1.2159, 2.5886 -4.9213 1.3878, 2.5886 -4.9213 1.4268, 2.5886 -4.9213 1.562, 2.5886 -4.9213 1.7136, 2.4705 -4.9213 2.6575, 2.5886 -4.9213 2.6575, 2.4698 -4.9213 2.6626, 2.5839 -4.9213 2.6931, 2.4678 -4.9213 2.6673, 2.5701 -4.9213 2.7264, 2.4647 -4.9213 2.6714, 2.5482 -4.9213 2.7549, 2.4606 -4.9213 2.6745, 2.5197 -4.9213 2.7768, 2.4559 -4.9213 2.6765, 2.4865 -4.9213 2.7906, 2.4508 -4.9213 2.6772, 2.4508 -4.9213 2.7953, -2.4508 -4.9213 2.6772, -2.4508 -4.9213 2.7953, -2.4559 -4.9213 2.6765, -2.4865 -4.9213 2.7906, -2.4606 -4.9213 2.6745, -2.5197 -4.9213 2.7768, -2.4647 -4.9213 2.6714, -2.5482 -4.9213 2.7549, -2.4678 -4.9213 2.6673, -2.5701 -4.9213 2.7264, -2.4698 -4.9213 2.6626, -2.5839 -4.9213 2.6931, -2.4705 -4.9213 2.6575, -2.5886 -4.9213 2.6575, -2.4705 -4.9213 0.6811, -2.5886 -4.9213 0.6811, -2.4698 -4.9213 0.676, -2.5839 -4.9213 0.6454, -2.4678 -4.9213 0.6713, -2.5701 -4.9213 0.6122, -2.4647 -4.9213 0.6672, -2.5482 -4.9213 0.5837, -2.4606 -4.9213 0.6641, -2.5197 -4.9213 0.5618, -2.4559 -4.9213 0.6621, -2.4865 -4.9213 0.548, -2.4508 -4.9213 0.6614, -2.4508 -4.9213 0.5433, -0.0118 -4.9213 0.6614, -0.0118 -4.9213 0.5433
            ]
        }
        coordIndex [
            0,1,2,-1,3,4,5,-1,6,7,0,-1,0,7,8,-1,0,8,1,-1,9,10,2,-1,2,10,11,-1,6,0,5,-1,5,0,12,-1,5,12,3,-1,13,14,2,-1,2,14,15,-1,2,15,9,-1,11,16,2,-1,2,16,17,-1,2,17,0,-1,4,18,5,-1,5,18,19,-1,5,19,20,-1,20,21,5,-1,5,21,22,-1,5,22,23,-1,23,24,5,-1,5,24,25,-1,5,25,26,-1,27,28,29,-1,29,28,30,-1,29,30,31,-1,31,30,32,-1,31,32,33,-1,33,32,34,-1,33,34,35,-1,35,34,36,-1,35,36,37,-1,37,36,38,-1,37,38,39,-1,39,38,40,-1,39,40,41,-1,40,42,41,-1,41,42,43,-1,41,43,44,-1,44,45,41,-1,41,45,46,-1,41,46,47,-1,47,48,41,-1,41,48,49,-1,41,49,50,-1,50,49,51,-1,50,51,52,-1,52,51,53,-1,52,53,54,-1,54,53,55,-1,54,55,56,-1,56,55,57,-1,56,57,58,-1,58,57,59,-1,58,59,60,-1,60,59,61,-1,60,61,62,-1,62,61,63,-1,62,63,64,-1,64,63,65,-1,64,65,66,-1,66,65,67,-1,66,67,68,-1,68,67,69,-1,68,69,70,-1,70,69,71,-1,70,71,72,-1,72,71,73,-1,72,73,74,-1,74,73,75,-1,74,75,76,-1,76,75,77,-1,76,77,78,-1,78,77,79,-1,78,79,80,-1,80,79,81,-1,80,81,82,-1,82,81,83,-1,82,83,84,-1,84,83,85,-1,84,85,86,-1,86,85,87,-1,86,87,88,-1,88,87,89,-1,88,89,90,-1,90,89,91,-1,90,91,92,-1,92,91,93,-1,
        ]
    }
}
Shape{
    appearance Appearance {
        material  Material 	{
            diffuseColor 1.0 0.996078431372549 0.9686274509803922
            specularColor 0.5019607843137255 0.4980392156862745 0.48627450980392156
            ambientIntensity 0.9941
            transparency 0.0
            shininess 0.5
        }
    }
    geometry IndexedFaceSet {
        ccw TRUE
        solid FALSE
        coord DEF co Coordinate {
            point [
                0.9843 -0.748 -0.1968, 1.0454 -0.7561 0.1969, 1.0454 -0.7561 -0.1968, 1.1024 -0.7797 0.1969, 1.1024 -0.7797 -0.1968, 1.1513 -0.8172 0.1969, 1.1513 -0.8172 -0.1968, 1.1888 -0.8661 0.1969, 1.1888 -0.8661 -0.1968, 1.2124 -0.9231 0.1969, 1.2124 -0.9231 -0.1968, 1.2205 -0.9842 0.1969, 1.2205 -0.9842 -0.1968, 1.2124 -1.0454 0.1969, 1.2124 -1.0454 -0.1968, 1.1888 -1.1024 0.1969, 1.1888 -1.1024 -0.1968, 1.1513 -1.1513 0.1969, 1.1513 -1.1513 -0.1968, 1.1024 -1.1888 0.1969, 1.1024 -1.1888 -0.1968, 1.0454 -1.2124 0.1969, 1.0454 -1.2124 -0.1968, 0.9843 -1.2205 0.1969, 0.9843 -1.2205 -0.1968, 0.9231 -1.2124 0.1969, 0.9231 -1.2124 -0.1968, 0.8661 -1.1888 0.1969, 0.8661 -1.1888 -0.1968, 0.8172 -1.1513 0.1969, 0.8172 -1.1513 -0.1968, 0.7797 -1.1024 0.1969, 0.7797 -1.1024 -0.1968, 0.7561 -1.0454 0.1969, 0.7561 -1.0454 -0.1968, 0.748 -0.9842 0.1969, 0.748 -0.9842 -0.1968, 0.7561 -0.9231 0.1969, 0.7561 -0.9231 -0.1968, 0.7797 -0.8661 0.1969, 0.7797 -0.8661 -0.1968, 0.8172 -0.8172 0.1969, 0.8172 -0.8172 -0.1968, 0.8661 -0.7797 0.1969, 0.8661 -0.7797 -0.1968, 0.9231 -0.7561 0.1969, 0.9231 -0.7561 -0.1968, 0.9843 -0.748 0.1969, 0.9055 -0.8479 -0.2756, 0.9435 -0.8321 -0.2756, 0.9843 -0.9842 -0.2756, 0.9843 -0.8268 -0.2756, 1.025 -0.8321 -0.2756, 0.8321 -0.9435 -0.2756, 0.8479 -0.9055 -0.2756, 0.8729 -0.8729 -0.2756, 0.8479 -1.063 -0.2756, 0.8321 -1.025 -0.2756, 0.8268 -0.9842 -0.2756, 0.9435 -1.1364 -0.2756, 0.9055 -1.1206 -0.2756, 0.8729 -1.0956 -0.2756, 1.063 -1.1206 -0.2756, 1.025 -1.1364 -0.2756, 0.9843 -1.1417 -0.2756, 1.1364 -1.025 -0.2756, 1.1206 -1.063 -0.2756, 1.0956 -1.0956 -0.2756, 1.1206 -0.9055 -0.2756, 1.1364 -0.9435 -0.2756, 1.1417 -0.9842 -0.2756, 1.063 -0.8479 -0.2756, 1.0956 -0.8729 -0.2756, -0.9843 -0.748 -0.1968, -0.9231 -0.7561 0.1969, -0.9231 -0.7561 -0.1968, -0.8661 -0.7797 0.1969, -0.8661 -0.7797 -0.1968, -0.8172 -0.8172 0.1969, -0.8172 -0.8172 -0.1968, -0.7797 -0.8661 0.1969, -0.7797 -0.8661 -0.1968, -0.7561 -0.9231 0.1969, -0.7561 -0.9231 -0.1968, -0.748 -0.9842 0.1969, -0.748 -0.9842 -0.1968, -0.7561 -1.0454 0.1969, -0.7561 -1.0454 -0.1968, -0.7797 -1.1024 0.1969, -0.7797 -1.1024 -0.1968, -0.8172 -1.1513 0.1969, -0.8172 -1.1513 -0.1968, -0.8661 -1.1888 0.1969, -0.8661 -1.1888 -0.1968, -0.9231 -1.2124 0.1969, -0.9231 -1.2124 -0.1968, -0.9843 -1.2205 0.1969, -0.9843 -1.2205 -0.1968, -1.0454 -1.2124 0.1969, -1.0454 -1.2124 -0.1968, -1.1024 -1.1888 0.1969, -1.1024 -1.1888 -0.1968, -1.1513 -1.1513 0.1969, -1.1513 -1.1513 -0.1968, -1.1888 -1.1024 0.1969, -1.1888 -1.1024 -0.1968, -1.2124 -1.0454 0.1969, -1.2124 -1.0454 -0.1968, -1.2205 -0.9842 0.1969, -1.2205 -0.9842 -0.1968, -1.2124 -0.9231 0.1969, -1.2124 -0.9231 -0.1968, -1.1888 -0.8661 0.1969, -1.1888 -0.8661 -0.1968, -1.1513 -0.8172 0.1969, -1.1513 -0.8172 -0.1968, -1.1024 -0.7797 0.1969, -1.1024 -0.7797 -0.1968, -1.0454 -0.7561 0.1969, -1.0454 -0.7561 -0.1968, -0.9843 -0.748 0.1969, -1.063 -0.8479 -0.2756, -1.025 -0.8321 -0.2756, -0.9843 -0.9842 -0.2756, -0.9843 -0.8268 -0.2756, -0.9435 -0.8321 -0.2756, -1.1364 -0.9435 -0.2756, -1.1206 -0.9055 -0.2756, -1.0956 -0.8729 -0.2756, -1.1206 -1.063 -0.2756, -1.1364 -1.025 -0.2756, -1.1417 -0.9842 -0.2756, -1.025 -1.1364 -0.2756, -1.063 -1.1206 -0.2756, -1.0956 -1.0956 -0.2756, -0.9055 -1.1206 -0.2756, -0.9435 -1.1364 -0.2756, -0.9843 -1.1417 -0.2756, -0.8321 -1.025 -0.2756, -0.8479 -1.063 -0.2756, -0.8729 -1.0956 -0.2756, -0.8479 -0.9055 -0.2756, -0.8321 -0.9435 -0.2756, -0.8268 -0.9842 -0.2756, -0.9055 -0.8479 -0.2756, -0.8729 -0.8729 -0.2756, -0.9382 -0.8124 -0.2729, -0.8953 -0.8302 -0.2729, -0.8585 -0.8585 -0.2729, -0.8302 -0.8953 -0.2729, -0.8125 -0.9382 -0.2729, -0.8064 -0.9842 -0.2729, -0.8125 -1.0303 -0.2729, -0.8302 -1.0732 -0.2729, -0.8585 -1.11 -0.2729, -0.8953 -1.1383 -0.2729, -0.9382 -1.156 -0.2729, -0.9843 -1.1621 -0.2729, -1.0303 -1.156 -0.2729, -1.0732 -1.1383 -0.2729, -1.11 -1.11 -0.2729, -1.1383 -1.0732 -0.2729, -1.1561 -1.0303 -0.2729, -1.1621 -0.9842 -0.2729, -1.1561 -0.9382 -0.2729, -1.1383 -0.8953 -0.2729, -1.11 -0.8585 -0.2729, -1.0732 -0.8302 -0.2729, -1.0303 -0.8124 -0.2729, -0.9843 -0.8064 -0.2729, -0.9333 -0.7941 -0.265, -0.8858 -0.8138 -0.265, -0.8451 -0.8451 -0.265, -0.8138 -0.8858 -0.265, -0.7941 -0.9333 -0.265, -0.7874 -0.9842 -0.265, -0.7941 -1.0352 -0.265, -0.8138 -1.0827 -0.265, -0.8451 -1.1234 -0.265, -0.8858 -1.1547 -0.265, -0.9333 -1.1744 -0.265, -0.9843 -1.1811 -0.265, -1.0352 -1.1744 -0.265, -1.0827 -1.1547 -0.265, -1.1234 -1.1234 -0.265, -1.1547 -1.0827 -0.265, -1.1744 -1.0352 -0.265, -1.1811 -0.9842 -0.265, -1.1744 -0.9333 -0.265, -1.1547 -0.8858 -0.265, -1.1234 -0.8451 -0.265, -1.0827 -0.8138 -0.265, -1.0352 -0.7941 -0.265, -0.9843 -0.7874 -0.265, -0.9291 -0.7784 -0.2525, -0.8777 -0.7996 -0.2525, -0.8335 -0.8335 -0.2525, -0.7997 -0.8777 -0.2525, -0.7784 -0.9291 -0.2525, -0.7711 -0.9842 -0.2525, -0.7784 -1.0394 -0.2525, -0.7997 -1.0908 -0.2525, -0.8335 -1.135 -0.2525, -0.8777 -1.1688 -0.2525, -0.9291 -1.1901 -0.2525, -0.9843 -1.1974 -0.2525, -1.0394 -1.1901 -0.2525, -1.0908 -1.1688 -0.2525, -1.135 -1.135 -0.2525, -1.1689 -1.0908 -0.2525, -1.1901 -1.0394 -0.2525, -1.1974 -0.9842 -0.2525, -1.1901 -0.9291 -0.2525, -1.1689 -0.8777 -0.2525, -1.135 -0.8335 -0.2525, -1.0908 -0.7996 -0.2525, -1.0394 -0.7784 -0.2525, -0.9843 -0.7711 -0.2525, -0.9258 -0.7663 -0.2362, -0.8714 -0.7888 -0.2362, -0.8247 -0.8247 -0.2362, -0.7888 -0.8714 -0.2362, -0.7663 -0.9258 -0.2362, -0.7586 -0.9842 -0.2362, -0.7663 -1.0427 -0.2362, -0.7888 -1.0971 -0.2362, -0.8247 -1.1438 -0.2362, -0.8714 -1.1797 -0.2362, -0.9258 -1.2022 -0.2362, -0.9843 -1.2099 -0.2362, -1.0427 -1.2022 -0.2362, -1.0971 -1.1797 -0.2362, -1.1438 -1.1438 -0.2362, -1.1797 -1.0971 -0.2362, -1.2022 -1.0427 -0.2362, -1.2099 -0.9842 -0.2362, -1.2022 -0.9258 -0.2362, -1.1797 -0.8714 -0.2362, -1.1438 -0.8247 -0.2362, -1.0971 -0.7888 -0.2362, -1.0427 -0.7663 -0.2362, -0.9843 -0.7586 -0.2362, -0.9238 -0.7587 -0.2172, -0.8675 -0.782 -0.2172, -0.8191 -0.8191 -0.2172, -0.782 -0.8675 -0.2172, -0.7587 -0.9238 -0.2172, -0.7507 -0.9842 -0.2172, -0.7587 -1.0447 -0.2172, -0.782 -1.101 -0.2172, -0.8191 -1.1494 -0.2172, -0.8675 -1.1865 -0.2172, -0.9238 -1.2098 -0.2172, -0.9843 -1.2178 -0.2172, -1.0447 -1.2098 -0.2172, -1.101 -1.1865 -0.2172, -1.1494 -1.1494 -0.2172, -1.1865 -1.101 -0.2172, -1.2098 -1.0447 -0.2172, -1.2178 -0.9842 -0.2172, -1.2098 -0.9238 -0.2172, -1.1865 -0.8675 -0.2172, -1.1494 -0.8191 -0.2172, -1.101 -0.782 -0.2172, -1.0447 -0.7587 -0.2172, -0.9843 -0.7507 -0.2172, 1.0303 -0.8124 -0.2729, 1.0732 -0.8302 -0.2729, 1.11 -0.8585 -0.2729, 1.1383 -0.8953 -0.2729, 1.1561 -0.9382 -0.2729, 1.1621 -0.9842 -0.2729, 1.1561 -1.0303 -0.2729, 1.1383 -1.0732 -0.2729, 1.11 -1.11 -0.2729, 1.0732 -1.1383 -0.2729, 1.0303 -1.156 -0.2729, 0.9843 -1.1621 -0.2729, 0.9382 -1.156 -0.2729, 0.8953 -1.1383 -0.2729, 0.8585 -1.11 -0.2729, 0.8302 -1.0732 -0.2729, 0.8125 -1.0303 -0.2729, 0.8064 -0.9842 -0.2729, 0.8125 -0.9382 -0.2729, 0.8302 -0.8953 -0.2729, 0.8585 -0.8585 -0.2729, 0.8953 -0.8302 -0.2729, 0.9382 -0.8124 -0.2729, 0.9843 -0.8064 -0.2729, 1.0352 -0.7941 -0.265, 1.0827 -0.8138 -0.265, 1.1234 -0.8451 -0.265, 1.1547 -0.8858 -0.265, 1.1744 -0.9333 -0.265, 1.1811 -0.9842 -0.265, 1.1744 -1.0352 -0.265, 1.1547 -1.0827 -0.265, 1.1234 -1.1234 -0.265, 1.0827 -1.1547 -0.265, 1.0352 -1.1744 -0.265, 0.9843 -1.1811 -0.265, 0.9333 -1.1744 -0.265, 0.8858 -1.1547 -0.265, 0.8451 -1.1234 -0.265, 0.8138 -1.0827 -0.265, 0.7941 -1.0352 -0.265, 0.7874 -0.9842 -0.265, 0.7941 -0.9333 -0.265, 0.8138 -0.8858 -0.265, 0.8451 -0.8451 -0.265, 0.8858 -0.8138 -0.265, 0.9333 -0.7941 -0.265, 0.9843 -0.7874 -0.265, 1.0394 -0.7784 -0.2525, 1.0908 -0.7996 -0.2525, 1.135 -0.8335 -0.2525, 1.1689 -0.8777 -0.2525, 1.1901 -0.9291 -0.2525, 1.1974 -0.9842 -0.2525, 1.1901 -1.0394 -0.2525, 1.1689 -1.0908 -0.2525, 1.135 -1.135 -0.2525, 1.0908 -1.1688 -0.2525, 1.0394 -1.1901 -0.2525, 0.9843 -1.1974 -0.2525, 0.9291 -1.1901 -0.2525, 0.8777 -1.1688 -0.2525, 0.8335 -1.135 -0.2525, 0.7997 -1.0908 -0.2525, 0.7784 -1.0394 -0.2525, 0.7711 -0.9842 -0.2525, 0.7784 -0.9291 -0.2525, 0.7997 -0.8777 -0.2525, 0.8335 -0.8335 -0.2525, 0.8777 -0.7996 -0.2525, 0.9291 -0.7784 -0.2525, 0.9843 -0.7711 -0.2525, 1.0427 -0.7663 -0.2362, 1.0971 -0.7888 -0.2362, 1.1438 -0.8247 -0.2362, 1.1797 -0.8714 -0.2362, 1.2022 -0.9258 -0.2362, 1.2099 -0.9842 -0.2362, 1.2022 -1.0427 -0.2362, 1.1797 -1.0971 -0.2362, 1.1438 -1.1438 -0.2362, 1.0971 -1.1797 -0.2362, 1.0427 -1.2022 -0.2362, 0.9843 -1.2099 -0.2362, 0.9258 -1.2022 -0.2362, 0.8714 -1.1797 -0.2362, 0.8247 -1.1438 -0.2362, 0.7888 -1.0971 -0.2362, 0.7663 -1.0427 -0.2362, 0.7586 -0.9842 -0.2362, 0.7663 -0.9258 -0.2362, 0.7888 -0.8714 -0.2362, 0.8247 -0.8247 -0.2362, 0.8714 -0.7888 -0.2362, 0.9258 -0.7663 -0.2362, 0.9843 -0.7586 -0.2362, 1.0447 -0.7587 -0.2172, 1.101 -0.782 -0.2172, 1.1494 -0.8191 -0.2172, 1.1865 -0.8675 -0.2172, 1.2098 -0.9238 -0.2172, 1.2178 -0.9842 -0.2172, 1.2098 -1.0447 -0.2172, 1.1865 -1.101 -0.2172, 1.1494 -1.1494 -0.2172, 1.101 -1.1865 -0.2172, 1.0447 -1.2098 -0.2172, 0.9843 -1.2178 -0.2172, 0.9238 -1.2098 -0.2172, 0.8675 -1.1865 -0.2172, 0.8191 -1.1494 -0.2172, 0.782 -1.101 -0.2172, 0.7587 -1.0447 -0.2172, 0.7507 -0.9842 -0.2172, 0.7587 -0.9238 -0.2172, 0.782 -0.8675 -0.2172, 0.8191 -0.8191 -0.2172, 0.8675 -0.782 -0.2172, 0.9238 -0.7587 -0.2172, 0.9843 -0.7507 -0.2172
            ]
        }
        coordIndex [
            0,1,2,-1,2,1,3,-1,2,3,4,-1,4,3,5,-1,4,5,6,-1,6,5,7,-1,6,7,8,-1,8,7,9,-1,8,9,10,-1,10,9,11,-1,10,11,12,-1,12,11,13,-1,12,13,14,-1,14,13,15,-1,14,15,16,-1,16,15,17,-1,16,17,18,-1,18,17,19,-1,18,19,20,-1,20,19,21,-1,20,21,22,-1,22,21,23,-1,22,23,24,-1,24,23,25,-1,24,25,26,-1,26,25,27,-1,26,27,28,-1,28,27,29,-1,28,29,30,-1,30,29,31,-1,30,31,32,-1,32,31,33,-1,32,33,34,-1,34,33,35,-1,34,35,36,-1,36,35,37,-1,36,37,38,-1,38,37,39,-1,38,39,40,-1,40,39,41,-1,40,41,42,-1,42,41,43,-1,42,43,44,-1,44,43,45,-1,44,45,46,-1,46,45,47,-1,46,47,0,-1,0,47,1,-1,48,49,50,-1,50,49,51,-1,50,51,52,-1,53,54,50,-1,50,54,55,-1,50,55,48,-1,56,57,50,-1,50,57,58,-1,50,58,53,-1,59,60,50,-1,50,60,61,-1,50,61,56,-1,62,63,50,-1,50,63,64,-1,50,64,59,-1,65,66,50,-1,50,66,67,-1,50,67,62,-1,68,69,50,-1,50,69,70,-1,50,70,65,-1,52,71,50,-1,50,71,72,-1,50,72,68,-1,73,74,75,-1,75,74,76,-1,75,76,77,-1,77,76,78,-1,77,78,79,-1,79,78,80,-1,79,80,81,-1,81,80,82,-1,81,82,83,-1,83,82,84,-1,83,84,85,-1,85,84,86,-1,85,86,87,-1,87,86,88,-1,87,88,89,-1,89,88,90,-1,89,90,91,-1,91,90,92,-1,91,92,93,-1,93,92,94,-1,93,94,95,-1,95,94,96,-1,95,96,97,-1,97,96,98,-1,97,98,99,-1,99,98,100,-1,99,100,101,-1,101,100,102,-1,101,102,103,-1,103,102,104,-1,103,104,105,-1,105,104,106,-1,105,106,107,-1,107,106,108,-1,107,108,109,-1,109,108,110,-1,109,110,111,-1,111,110,112,-1,111,112,113,-1,113,112,114,-1,113,114,115,-1,115,114,116,-1,115,116,117,-1,117,116,118,-1,117,118,119,-1,119,118,120,-1,119,120,73,-1,73,120,74,-1,121,122,123,-1,123,122,124,-1,123,124,125,-1,126,127,123,-1,123,127,128,-1,123,128,121,-1,129,130,123,-1,123,130,131,-1,123,131,126,-1,132,133,123,-1,123,133,134,-1,123,134,129,-1,135,136,123,-1,123,136,137,-1,123,137,132,-1,138,139,123,-1,123,139,140,-1,123,140,135,-1,141,142,123,-1,123,142,143,-1,123,143,138,-1,125,144,123,-1,123,144,145,-1,123,145,141,-1,124,146,125,-1,125,146,147,-1,125,147,144,-1,144,147,148,-1,144,148,145,-1,145,148,149,-1,145,149,141,-1,141,149,150,-1,141,150,142,-1,142,150,151,-1,142,151,143,-1,143,151,152,-1,143,152,138,-1,138,152,153,-1,138,153,139,-1,139,153,154,-1,139,154,140,-1,140,154,155,-1,140,155,135,-1,135,155,156,-1,135,156,136,-1,136,156,157,-1,136,157,137,-1,137,157,158,-1,137,158,132,-1,132,158,159,-1,132,159,133,-1,133,159,160,-1,133,160,134,-1,134,160,161,-1,134,161,129,-1,129,161,162,-1,129,162,130,-1,130,162,163,-1,130,163,131,-1,131,163,164,-1,131,164,126,-1,126,164,165,-1,126,165,127,-1,127,165,166,-1,127,166,128,-1,128,166,167,-1,128,167,121,-1,121,167,168,-1,121,168,122,-1,122,168,169,-1,122,169,124,-1,124,169,146,-1,169,170,146,-1,146,170,171,-1,146,171,147,-1,147,171,172,-1,147,172,148,-1,148,172,173,-1,148,173,149,-1,149,173,174,-1,149,174,150,-1,150,174,175,-1,150,175,151,-1,151,175,176,-1,151,176,152,-1,152,176,177,-1,152,177,153,-1,153,177,178,-1,153,178,154,-1,154,178,179,-1,154,179,155,-1,155,179,180,-1,155,180,156,-1,156,180,181,-1,156,181,157,-1,157,181,182,-1,157,182,158,-1,158,182,183,-1,158,183,159,-1,159,183,184,-1,159,184,160,-1,160,184,185,-1,160,185,161,-1,161,185,186,-1,161,186,162,-1,162,186,187,-1,162,187,163,-1,163,187,188,-1,163,188,164,-1,164,188,189,-1,164,189,165,-1,165,189,190,-1,165,190,166,-1,166,190,191,-1,166,191,167,-1,167,191,192,-1,167,192,168,-1,168,192,193,-1,168,193,169,-1,169,193,170,-1,193,194,170,-1,170,194,195,-1,170,195,171,-1,171,195,196,-1,171,196,172,-1,172,196,197,-1,172,197,173,-1,173,197,198,-1,173,198,174,-1,174,198,199,-1,174,199,175,-1,175,199,200,-1,175,200,176,-1,176,200,201,-1,176,201,177,-1,177,201,202,-1,177,202,178,-1,178,202,203,-1,178,203,179,-1,179,203,204,-1,179,204,180,-1,180,204,205,-1,180,205,181,-1,181,205,206,-1,181,206,182,-1,182,206,207,-1,182,207,183,-1,183,207,208,-1,183,208,184,-1,184,208,209,-1,184,209,185,-1,185,209,210,-1,185,210,186,-1,186,210,211,-1,186,211,187,-1,187,211,212,-1,187,212,188,-1,188,212,213,-1,188,213,189,-1,189,213,214,-1,189,214,190,-1,190,214,215,-1,190,215,191,-1,191,215,216,-1,191,216,192,-1,192,216,217,-1,192,217,193,-1,193,217,194,-1,217,218,194,-1,194,218,219,-1,194,219,195,-1,195,219,220,-1,195,220,196,-1,196,220,221,-1,196,221,197,-1,197,221,222,-1,197,222,198,-1,198,222,223,-1,198,223,199,-1,199,223,224,-1,199,224,200,-1,200,224,225,-1,200,225,201,-1,201,225,226,-1,201,226,202,-1,202,226,227,-1,202,227,203,-1,203,227,228,-1,203,228,204,-1,204,228,229,-1,204,229,205,-1,205,229,230,-1,205,230,206,-1,206,230,231,-1,206,231,207,-1,207,231,232,-1,207,232,208,-1,208,232,233,-1,208,233,209,-1,209,233,234,-1,209,234,210,-1,210,234,235,-1,210,235,211,-1,211,235,236,-1,211,236,212,-1,212,236,237,-1,212,237,213,-1,213,237,238,-1,213,238,214,-1,214,238,239,-1,214,239,215,-1,215,239,240,-1,215,240,216,-1,216,240,241,-1,216,241,217,-1,217,241,218,-1,241,242,218,-1,218,242,243,-1,218,243,219,-1,219,243,244,-1,219,244,220,-1,220,244,245,-1,220,245,221,-1,221,245,246,-1,221,246,222,-1,222,246,247,-1,222,247,223,-1,223,247,248,-1,223,248,224,-1,224,248,249,-1,224,249,225,-1,225,249,250,-1,225,250,226,-1,226,250,251,-1,226,251,227,-1,227,251,252,-1,227,252,228,-1,228,252,253,-1,228,253,229,-1,229,253,254,-1,229,254,230,-1,230,254,255,-1,230,255,231,-1,231,255,256,-1,231,256,232,-1,232,256,257,-1,232,257,233,-1,233,257,258,-1,233,258,234,-1,234,258,259,-1,234,259,235,-1,235,259,260,-1,235,260,236,-1,236,260,261,-1,236,261,237,-1,237,261,262,-1,237,262,238,-1,238,262,263,-1,238,263,239,-1,239,263,264,-1,239,264,240,-1,240,264,265,-1,240,265,241,-1,241,265,242,-1,265,75,242,-1,242,75,77,-1,242,77,243,-1,243,77,79,-1,243,79,244,-1,244,79,81,-1,244,81,245,-1,245,81,83,-1,245,83,246,-1,246,83,85,-1,246,85,247,-1,247,85,87,-1,247,87,248,-1,248,87,89,-1,248,89,249,-1,249,89,91,-1,249,91,250,-1,250,91,93,-1,250,93,251,-1,251,93,95,-1,251,95,252,-1,252,95,97,-1,252,97,253,-1,253,97,99,-1,253,99,254,-1,254,99,101,-1,254,101,255,-1,255,101,103,-1,255,103,256,-1,256,103,105,-1,256,105,257,-1,257,105,107,-1,257,107,258,-1,258,107,109,-1,258,109,259,-1,259,109,111,-1,259,111,260,-1,260,111,113,-1,260,113,261,-1,261,113,115,-1,261,115,262,-1,262,115,117,-1,262,117,263,-1,263,117,119,-1,263,119,264,-1,264,119,73,-1,264,73,265,-1,265,73,75,-1,51,266,52,-1,52,266,267,-1,52,267,71,-1,71,267,268,-1,71,268,72,-1,72,268,269,-1,72,269,68,-1,68,269,270,-1,68,270,69,-1,69,270,271,-1,69,271,70,-1,70,271,272,-1,70,272,65,-1,65,272,273,-1,65,273,66,-1,66,273,274,-1,66,274,67,-1,67,274,275,-1,67,275,62,-1,62,275,276,-1,62,276,63,-1,63,276,277,-1,63,277,64,-1,64,277,278,-1,64,278,59,-1,59,278,279,-1,59,279,60,-1,60,279,280,-1,60,280,61,-1,61,280,281,-1,61,281,56,-1,56,281,282,-1,56,282,57,-1,57,282,283,-1,57,283,58,-1,58,283,284,-1,58,284,53,-1,53,284,285,-1,53,285,54,-1,54,285,286,-1,54,286,55,-1,55,286,287,-1,55,287,48,-1,48,287,288,-1,48,288,49,-1,49,288,289,-1,49,289,51,-1,51,289,266,-1,289,290,266,-1,266,290,291,-1,266,291,267,-1,267,291,292,-1,267,292,268,-1,268,292,293,-1,268,293,269,-1,269,293,294,-1,269,294,270,-1,270,294,295,-1,270,295,271,-1,271,295,296,-1,271,296,272,-1,272,296,297,-1,272,297,273,-1,273,297,298,-1,273,298,274,-1,274,298,299,-1,274,299,275,-1,275,299,300,-1,275,300,276,-1,276,300,301,-1,276,301,277,-1,277,301,302,-1,277,302,278,-1,278,302,303,-1,278,303,279,-1,279,303,304,-1,279,304,280,-1,280,304,305,-1,280,305,281,-1,281,305,306,-1,281,306,282,-1,282,306,307,-1,282,307,283,-1,283,307,308,-1,283,308,284,-1,284,308,309,-1,284,309,285,-1,285,309,310,-1,285,310,286,-1,286,310,311,-1,286,311,287,-1,287,311,312,-1,287,312,288,-1,288,312,313,-1,288,313,289,-1,289,313,290,-1,313,314,290,-1,290,314,315,-1,290,315,291,-1,291,315,316,-1,291,316,292,-1,292,316,317,-1,292,317,293,-1,293,317,318,-1,293,318,294,-1,294,318,319,-1,294,319,295,-1,295,319,320,-1,295,320,296,-1,296,320,321,-1,296,321,297,-1,297,321,322,-1,297,322,298,-1,298,322,323,-1,298,323,299,-1,299,323,324,-1,299,324,300,-1,300,324,325,-1,300,325,301,-1,301,325,326,-1,301,326,302,-1,302,326,327,-1,302,327,303,-1,303,327,328,-1,303,328,304,-1,304,328,329,-1,304,329,305,-1,305,329,330,-1,305,330,306,-1,306,330,331,-1,306,331,307,-1,307,331,332,-1,307,332,308,-1,308,332,333,-1,308,333,309,-1,309,333,334,-1,309,334,310,-1,310,334,335,-1,310,335,311,-1,311,335,336,-1,311,336,312,-1,312,336,337,-1,312,337,313,-1,313,337,314,-1,337,338,314,-1,314,338,339,-1,314,339,315,-1,315,339,340,-1,315,340,316,-1,316,340,341,-1,316,341,317,-1,317,341,342,-1,317,342,318,-1,318,342,343,-1,318,343,319,-1,319,343,344,-1,319,344,320,-1,320,344,345,-1,320,345,321,-1,321,345,346,-1,321,346,322,-1,322,346,347,-1,322,347,323,-1,323,347,348,-1,323,348,324,-1,324,348,349,-1,324,349,325,-1,325,349,350,-1,325,350,326,-1,326,350,351,-1,326,351,327,-1,327,351,352,-1,327,352,328,-1,328,352,353,-1,328,353,329,-1,329,353,354,-1,329,354,330,-1,330,354,355,-1,330,355,331,-1,331,355,356,-1,331,356,332,-1,332,356,357,-1,332,357,333,-1,333,357,358,-1,333,358,334,-1,334,358,359,-1,334,359,335,-1,335,359,360,-1,335,360,336,-1,336,360,361,-1,336,361,337,-1,337,361,338,-1,361,362,338,-1,338,362,363,-1,338,363,339,-1,339,363,364,-1,339,364,340,-1,340,364,365,-1,340,365,341,-1,341,365,366,-1,341,366,342,-1,342,366,367,-1,342,367,343,-1,343,367,368,-1,343,368,344,-1,344,368,369,-1,344,369,345,-1,345,369,370,-1,345,370,346,-1,346,370,371,-1,346,371,347,-1,347,371,372,-1,347,372,348,-1,348,372,373,-1,348,373,349,-1,349,373,374,-1,349,374,350,-1,350,374,375,-1,350,375,351,-1,351,375,376,-1,351,376,352,-1,352,376,377,-1,352,377,353,-1,353,377,378,-1,353,378,354,-1,354,378,379,-1,354,379,355,-1,355,379,380,-1,355,380,356,-1,356,380,381,-1,356,381,357,-1,357,381,382,-1,357,382,358,-1,358,382,383,-1,358,383,359,-1,359,383,384,-1,359,384,360,-1,360,384,385,-1,360,385,361,-1,361,385,362,-1,385,2,362,-1,362,2,4,-1,362,4,363,-1,363,4,6,-1,363,6,364,-1,364,6,8,-1,364,8,365,-1,365,8,10,-1,365,10,366,-1,366,10,12,-1,366,12,367,-1,367,12,14,-1,367,14,368,-1,368,14,16,-1,368,16,369,-1,369,16,18,-1,369,18,370,-1,370,18,20,-1,370,20,371,-1,371,20,22,-1,371,22,372,-1,372,22,24,-1,372,24,373,-1,373,24,26,-1,373,26,374,-1,374,26,28,-1,374,28,375,-1,375,28,30,-1,375,30,376,-1,376,30,32,-1,376,32,377,-1,377,32,34,-1,377,34,378,-1,378,34,36,-1,378,36,379,-1,379,36,38,-1,379,38,380,-1,380,38,40,-1,380,40,381,-1,381,40,42,-1,381,42,382,-1,382,42,44,-1,382,44,383,-1,383,44,46,-1,383,46,384,-1,384,46,0,-1,384,0,385,-1,385,0,2,-1,
        ]
    }
}
Shape{
    appearance Appearance {
        material  Material 	{
            diffuseColor 0.7529411764705882 0.7529411764705882 0.7529411764705882
            specularColor 0.3764705882352941 0.3764705882352941 0.3764705882352941
            ambientIntensity 0.7529
            transparency 0.0
            shininess 0.5
        }
    }
    geometry IndexedFaceSet {
        ccw TRUE
        solid FALSE
        coord DEF co Coordinate {
            point [
                1.3061 0.9055 0.0984, 1.4498 0.9055 0.0984, 1.3061 0.9055 0.0, 1.4498 0.9055 0.0, -1.4498 0.9055 0.0984, -1.3061 0.9055 0.0984, -1.4498 0.9055 0.0, -1.3061 0.9055 0.0, 0.3219 0.9055 0.0984, 0.4655 0.9055 0.0984, 0.3219 0.9055 0.0, 0.4655 0.9055 0.0, -0.4655 0.9055 0.0984, -0.3219 0.9055 0.0984, -0.4655 0.9055 0.0, -0.3219 0.9055 0.0, -0.2677 0.7135 0.0, -0.2677 0.7135 0.0984, -0.5197 0.7135 0.0, -0.5197 0.7135 0.0984, 0.5197 0.7135 0.0, 0.5197 0.7135 0.0984, 0.2677 0.7135 0.0, 0.2677 0.7135 0.0984, -1.252 0.7135 0.0, -1.252 0.7135 0.0984, -1.5039 0.7135 0.0, -1.5039 0.7135 0.0984, 1.5039 0.7135 0.0, 1.5039 0.7135 0.0984, 1.252 0.7135 0.0, 1.252 0.7135 0.0984
            ]
        }
        coordIndex [
            0,1,2,-1,2,1,3,-1,4,5,6,-1,6,5,7,-1,8,9,10,-1,10,9,11,-1,12,13,14,-1,14,13,15,-1,16,15,17,-1,17,15,13,-1,14,18,12,-1,12,18,19,-1,11,9,20,-1,20,9,21,-1,22,23,10,-1,10,23,8,-1,24,7,25,-1,25,7,5,-1,6,26,4,-1,4,26,27,-1,3,1,28,-1,28,1,29,-1,30,31,2,-1,2,31,0,-1,
        ]
    }
}